ticker,name,sector,industry,exchange,close,avg_volume_50d,market_cap,atr14,sma50,sma200,atr_extension,rs_3m,rs_6m,rs_12m,rs_score,rs_percentile,trend_strength,stage,52w_high,52w_low,pct_from_52w_high,rts_composite,rts_grade,rts_grade_rank,colour_band,run_date
KYOCF,Kyocera Corporation,Industrials,Conglomerates,PNK,24.1,2793,31018059776,0.3512,23.22,17.31,2.5072,27.53,28.9,78.05,48.22,0.0,77.5,2,25.56,12.05,-5.71,0.0,,8,,20260812
AMADF,"Amadeus IT Group, S.A.",Technology,Information Technology Services,PNK,65.25,5487,27404132352,2.5992,59.23,63.17,2.3169,4.51,-6.67,-42.26,-18.11,0.0,90.0,3,86.02,53.99,-24.15,0.0,,8,,20260812
WNGRF,George Weston Limited,Consumer Defensive,Grocery Stores,PNK,71.73,17629,26848540672,0.4428,72.55,69.83,-1.8502,-0.13,-14.73,-9.5,-8.99,0.0,62.0,3,192.53,60.17,-62.74,0.0,,8,,20260812
RYAOF,Ryanair Holdings plc,Industrials,Airlines,PNK,29.57,3,31404605440,0.0453,27.69,31.06,41.4725,10.22,-34.71,-25.9,-19.95,0.0,62.0,3,38.0,25.3,-22.18,0.0,,8,,20260812
ES,Eversource Energy,Utilities,Utilities - Regulated Electric,NYSE,71.55,2595111,26908526592,1.5088,72.2,69.34,-0.4303,0.42,-6.63,-8.91,-5.78,0.0,73.25,3,76.57,61.53,-6.56,0.0,,8,,20260812
BRDCY,Bridgestone Corporation,Consumer Cyclical,Auto Parts,PNK,13.27,260127,32891535360,0.3141,11.35,11.14,6.102,23.54,-3.08,-1.25,4.31,0.0,87.5,2,13.64,9.15,-2.71,0.0,,8,,20260812
MDB,"MongoDB, Inc.",Technology,Software - Infrastructure,NASDAQ,437.83,1987829,35215511552,20.4793,346.01,336.4,4.4834,36.9,3.85,95.0,48.57,0.0,91.25,2,444.72,202.05,-1.55,0.0,,8,,20260812
XYL,Xylem Inc.,Industrials,Specialty Industrial Machinery,NYSE,121.93,1947732,28469047296,3.1863,116.86,126.73,1.5923,4.83,-16.93,-36.37,-19.27,0.0,72.0,3,154.27,105.29,-20.96,0.0,,8,,20260812
VEEV,Veeva Systems Inc.,Healthcare,Health Information Services,NYSE,241.51,2293864,39231680512,8.4427,187.36,201.29,6.4141,46.58,16.95,-35.62,3.33,0.0,92.5,3,310.5,148.05,-22.22,0.0,,8,,20260812
SMCAY,SMC Corporation,Industrials,Specialty Industrial Machinery,PNK,24.62,205835,30956589056,0.825,21.95,20.71,3.2407,-11.47,2.15,23.19,7.16,0.0,61.25,2,27.77,14.31,-11.34,0.0,,8,,20260812
AMADY,"Amadeus IT Group, S.A.",Technology,Information Technology Services,PNK,66.04,103798,27735920640,1.5829,59.48,63.17,4.1419,4.29,-5.23,-40.61,-17.0,0.0,88.75,3,85.23,54.6,-22.52,0.0,,8,,20260812
ALMMF,Aluminum Corporation of China Limited,Basic Materials,Aluminum,PNK,1.15,4503,19728216064,0.0618,1.1,1.43,0.8509,-24.64,-43.58,17.97,-14.22,0.0,30.0,3,2.18,0.81,-47.25,0.0,,8,,20260812
MGDDF,Compagnie Générale des Établissements Michelin Société en commandite par actions,Unknown,Unknown,PNK,41.63,1058,7429206730,0.7198,38.87,35.6,3.8315,3.66,-0.03,0.16,0.97,0.0,76.25,2,42.53,29.6,-2.12,0.0,,8,,20260812
CINF,Cincinnati Financial Corporation,Financial Services,Insurance - Property & Casualty,NASDAQ,172.47,820343,26470359040,4.291,176.03,164.94,-0.8305,0.96,-5.25,-5.17,-3.67,0.0,75.75,3,194.81,149.6,-11.47,0.0,,8,,20260812
SNMRF,Snam S.p.A.,Utilities,Utilities - Regulated Gas,PNK,6.58,1098,22463178752,0.0883,7.24,7.02,-7.4551,-24.0,-17.11,-14.86,-17.93,0.0,12.0,4,8.12,5.94,-18.93,0.0,,8,,20260812
DOW,Dow Inc.,Basic Materials,Chemicals,NYSE,30.57,11416308,22081955840,1.1864,30.65,30.43,-0.0696,-26.6,-19.21,31.32,-0.85,0.0,48.25,3,42.74,20.65,-28.47,0.0,,8,,20260812
RYLPF,Koninklijke Philips N.V.,Healthcare,Medical Devices,PNK,26.93,1477,26961358848,0.2651,26.58,27.82,1.3334,-5.07,-18.17,-23.28,-16.94,0.0,63.25,3,33.0,24.85,-18.4,0.0,,8,,20260812
FTAI,FTAI Aviation Ltd.,Industrials,Aerospace & Defense,NASDAQ,226.66,1310651,23279589376,15.1711,233.73,230.81,-0.4663,-23.78,-29.32,45.3,1.91,0.0,31.5,4,323.51,138.06,-29.94,0.0,,8,,20260812
FTAIM,FTAI Aviation Ltd.,Industrials,Aerospace & Defense,NASDAQ,27.6,5685,0,0.1548,27.2,26.26,2.5586,-0.15,-4.65,-12.63,-6.72,0.0,83.75,2,27.81,26.3,-0.76,0.0,,8,,20260812
PHG,Koninklijke Philips N.V.,Healthcare,Medical Devices,NYSE,26.8,1197317,26195054592,0.6022,26.63,27.06,0.2777,-1.83,-27.6,-18.46,-17.5,0.0,75.75,3,33.44,23.85,-19.86,0.0,,8,,20260812
AVB,"AvalonBay Communities, Inc.",Real Estate,REIT - Residential,NYSE,179.79,998766,25673646080,3.5329,187.36,177.14,-2.1434,-7.89,-8.79,-21.82,-13.78,0.0,70.75,3,198.63,160.1,-9.48,0.0,,8,,20260812
AONNY,"Aeon Co., Ltd.",Consumer Cyclical,Department Stores,PNK,8.71,181940,24097302528,0.2291,8.46,12.2,1.0948,-12.94,-51.64,-53.1,-42.55,0.0,37.5,3,18.63,7.81,-53.25,0.0,,8,,20260812
BKRKY,PT Bank Rakyat Indonesia (Persero) Tbk,Financial Services,Banks - Regional,PNK,8.67,169277,26109691904,0.2208,8.05,9.52,2.7921,-10.68,-29.36,-42.7,-30.03,0.0,49.5,3,13.78,7.04,-37.08,0.0,,8,,20260812
KHNGF,Kuehne + Nagel International AG,Industrials,Integrated Freight & Logistics,PNK,247.62,98,29407369216,3.2242,246.21,225.52,0.4369,4.84,-9.24,0.91,-1.66,0.0,78.75,2,259.0,182.22,-4.39,0.0,,8,,20260812
SMECF,SMC Corporation,Industrials,Specialty Industrial Machinery,PNK,481.87,393,30294577152,38.5803,437.24,412.58,1.1569,-10.94,-8.58,21.52,2.87,0.0,71.25,2,556.98,281.0,-13.49,0.0,,8,,20260812
EXPE,"Expedia Group, Inc.",Consumer Cyclical,Travel Services,NASDAQ,325.57,1616130,39074697216,12.9918,265.29,250.86,4.6402,42.39,23.16,47.52,37.71,0.0,90.0,2,331.31,185.34,-1.73,0.0,,8,,20260812
STZ,"Constellation Brands, Inc.",Consumer Defensive,Beverages - Brewers,NYSE,133.96,2219817,22880952320,3.2603,135.32,143.0,-0.4169,-10.19,-30.15,-41.1,-29.54,0.0,40.25,4,171.18,126.45,-21.74,0.0,,8,,20260812
ROL,"Rollins, Inc.",Consumer Cyclical,Personal Services,NYSE,36.52,5239275,17571430400,1.1758,42.6,53.63,-5.1689,-35.65,-55.36,-59.39,-52.04,0.0,8.75,4,66.14,36.3,-44.78,0.0,,8,,20260812
AIVAF,Aviva plc,Financial Services,Insurance - Diversified,OQX,8.76,274,26201569280,0.0109,8.48,8.6,25.8631,-1.56,-11.4,-16.2,-10.86,0.0,75.0,3,9.32,8.0,-6.01,0.0,,8,,20260812
FOXA,Fox Corporation,Communication Services,Entertainment,NASDAQ,63.05,6141761,26458941440,1.9892,57.84,62.95,2.6181,-11.65,-11.1,-4.75,-8.7,0.0,67.5,3,76.39,48.34,-17.46,0.0,,8,,20260812
FOX,Fox Corporation,Communication Services,Entertainment,NASDAQ,55.97,1744862,23487819776,1.6979,51.93,56.56,2.3801,-13.27,-12.75,-7.61,-10.82,0.0,57.0,3,68.17,44.08,-17.9,0.0,,8,,20260812
ALPMY,Astellas Pharma Inc.,Healthcare,Drug Manufacturers - General,PNK,14.79,196156,26518673408,0.3201,13.54,14.05,3.91,-4.44,-21.91,12.12,-3.93,0.0,62.5,3,17.35,10.03,-14.76,0.0,,8,,20260812
HRNNF,Hydro One Limited,Utilities,Utilities - Regulated Electric,PNK,39.31,57174,24171866112,0.3997,41.06,40.3,-4.3778,-13.1,-12.63,-7.78,-10.81,0.0,27.75,4,44.02,36.18,-10.7,0.0,,8,,20260812
BESIY,BE Semiconductor Industries N.V.,Technology,Semiconductor Equipment & Materials,PNK,267.91,9819,21209972736,12.3989,294.17,232.2,-2.1176,-15.14,21.37,69.72,31.58,0.0,38.75,3,374.33,122.81,-28.43,0.0,,8,,20260812
EJPRY,East Japan Railway Company,Industrials,Railroads,PNK,10.81,165256,24410462208,0.4005,10.78,11.76,0.0644,-12.76,-26.07,-32.06,-25.14,0.0,49.5,3,13.59,10.08,-20.46,0.0,,8,,20260812
MTSFF,"Mitsui Fudosan Co., Ltd.",Real Estate,Real Estate - Diversified,PNK,9.21,15059,24786741248,0.098,9.32,10.79,-1.0973,-20.26,-36.66,-20.89,-26.25,0.0,13.25,4,13.16,8.7,-30.02,0.0,,8,,20260812
MTSFY,"Mitsui Fudosan Co., Ltd.",Real Estate,Real Estate - Diversified,PNK,27.37,147383,24553498624,0.8638,28.32,32.6,-1.099,-19.23,-41.75,-36.75,-34.12,0.0,24.5,4,42.25,26.58,-35.21,0.0,,8,,20260812
YZCHF,Yankuang Energy Group Company Limited,Energy,Thermal Coal,OQX,1.48,98,14051592192,0.0145,1.75,1.58,-18.6871,-23.92,-7.17,4.64,-6.63,0.0,12.0,4,2.04,1.14,-27.7,0.0,,8,,20260812
CAJPY,Canon Inc.,Technology,Computer Hardware,PNK,28.79,81825,24297412608,0.5939,27.33,28.37,2.4649,4.97,-22.1,-26.82,-17.22,0.0,88.75,3,32.34,25.07,-10.98,0.0,,8,,20260812
PMRTY,Pop Mart International Group Limited,Consumer Cyclical,Leisure,PNK,19.29,45473,25298440192,0.443,20.7,23.71,-3.1788,-18.22,-55.17,-66.23,-50.36,0.0,32.5,4,44.68,17.9,-56.83,0.0,,8,,20260812
KSHTY,Kuaishou Technology,Communication Services,Internet Content & Information,PNK,1.05,26432,22715070464,0.0594,1.12,1.48,-1.0956,-23.86,-63.2,-73.08,-57.32,0.0,10.0,4,2.59,1.01,-59.52,0.0,,8,,20260812
NTOIF,Neste Oyj,Energy,Oil & Gas Refining & Marketing,PNK,32.49,1162,26655567872,0.6158,33.48,27.54,-1.6168,-3.55,20.14,70.48,34.35,0.0,62.0,3,37.83,16.36,-14.12,0.0,,8,,20260812
NTOIY,Neste Oyj,Energy,Oil & Gas Refining & Marketing,PNK,17.03,59298,26167709696,0.6339,16.72,13.99,0.4821,-3.33,25.66,78.06,39.37,0.0,83.75,2,19.31,8.27,-11.81,0.0,,8,,20260812
POPMF,Pop Mart International Group Li,Unknown,Unknown,PNK,19.03,8510,0,0.954,20.12,28.48,-1.1388,-51.73,-50.38,-66.53,-57.18,0.0,6.25,4,44.99,16.7,-57.7,0.0,,8,,20260812
KUASF,Kuaishou Technology,Communication Services,Internet Content & Information,PNK,5.48,548,23699390464,0.0622,5.61,6.77,-2.2075,-11.36,-52.36,-59.38,-44.92,0.0,12.0,4,12.63,5.2,-56.63,0.0,,8,,20260812
EXXRF,Exor N.V.,Industrials,Farm & Heavy Construction Machinery,PNK,81.59,6051,26905509888,1.3768,78.18,81.81,2.4769,-3.15,-13.82,-40.37,-21.77,0.0,74.5,3,104.0,73.0,-21.55,0.0,,8,,20260812
FN,Fabrinet,Technology,Electronic Components,NYSE,571.88,956590,20490311680,41.0265,537.81,535.09,0.8304,-14.78,10.44,49.22,19.65,0.0,61.25,2,748.89,272.49,-23.64,0.0,,8,,20260812
QBEIF,QBE Insurance Group Limited,Financial Services,Insurance - Property & Casualty,PNK,15.69,195,23441242112,0.2727,16.78,14.93,-3.9839,-1.81,3.99,-13.31,-4.38,0.0,50.0,3,18.63,12.44,-15.78,0.0,,8,,20260812
AVVIY,Aviva plc,Financial Services,Insurance - Diversified,OQX,18.97,66806,28370075648,0.2689,17.72,17.15,4.6416,7.73,1.91,-10.16,-1.46,0.0,86.25,2,19.4,15.62,-2.22,0.0,,8,,20260812
MGDDY,Compagnie Générale des Établissements Michelin Société en commandite par actions,Unknown,Unknown,PNK,19.94,108061,17792283176,0.3323,19.42,17.52,1.5749,6.85,-4.82,-8.11,-3.22,0.0,92.5,2,20.48,14.82,-2.64,0.0,,8,,20260812
QBIEY,QBE Insurance Group Limited,Financial Services,Insurance - Property & Casualty,PNK,16.77,83243,25054791680,0.4078,17.18,14.89,-1.0088,-1.4,12.48,4.42,5.78,0.0,74.5,3,18.11,12.46,-7.4,0.0,,8,,20260812
WRB,W. R. Berkley Corporation,Financial Services,Insurance - Property & Casualty,NYSE,69.73,2141751,25885696000,1.5721,70.44,68.98,-0.4515,0.79,-11.45,-20.39,-11.97,0.0,75.75,3,78.96,62.87,-11.69,0.0,,8,,20260812
FSNUY,Fresenius SE & Co. KGaA,Healthcare,Medical Care Facilities,PNK,13.64,226256,30730225664,0.2968,11.94,13.09,5.7266,14.14,-18.14,-12.8,-7.93,0.0,85.0,3,33.93,10.33,-59.8,0.0,,8,,20260812
NWWCF,New China Life Insurance Company Ltd.,Financial Services,Insurance - Life,PNK,6.24,4574,19481569280,0.4647,4.96,4.34,2.7612,37.09,23.32,84.78,51.34,0.0,87.5,2,8.65,5.1,-27.83,0.0,,8,,20260812
HUBB,Hubbell Incorporated,Industrials,Electrical Equipment & Parts,NYSE,512.9,641198,27102547968,17.1613,493.45,482.21,1.1335,0.94,-9.67,1.5,-2.55,0.0,88.75,2,565.5,403.82,-9.3,0.0,,8,,20260812
AXIA,AXIA Energia SA,Utilities,Utilities - Renewable,NYSE,9.53,2440015,23290886144,0.3588,10.44,10.17,-2.5337,-35.13,-11.37,61.02,11.65,0.0,23.25,4,13.54,7.55,-29.62,0.0,,8,,20260812
TW,Tradeweb Markets Inc.,Financial Services,Capital Markets,NASDAQ,103.92,1796125,22657263616,3.2851,100.07,108.73,1.1712,-10.1,-21.83,-45.5,-28.37,0.0,54.5,3,132.13,91.42,-21.35,0.0,,8,,20260812
CTSH,Cognizant Technology Solutions Corporation,Technology,Information Technology Services,NASDAQ,58.2,11259661,27528599552,2.5171,48.15,63.13,3.9941,17.88,-33.21,-36.88,-21.9,0.0,82.0,3,87.03,37.08,-33.13,0.0,,8,,20260812
LNVGY,Lenovo Group Limited,Technology,Computer Hardware,PNK,73.77,126062,45967405056,3.0808,60.62,35.15,4.267,120.76,199.79,143.28,157.43,0.0,90.0,2,74.59,21.0,-1.1,0.0,,8,,20260812
CAJFF,Canon Inc.,Technology,Computer Hardware,PNK,29.0,1630,24474640384,1.1866,26.9,27.87,1.7726,6.6,-15.88,-25.96,-14.29,0.0,77.5,3,33.5,23.65,-13.43,0.0,,8,,20260812
HXGBY,Hexagon AB (publ),Technology,Scientific & Technical Instruments,PNK,9.94,797254,26472980480,0.2588,8.78,9.01,4.4961,13.2,2.78,-15.26,-1.83,0.0,92.5,3,12.85,8.0,-22.65,0.0,,8,,20260812
SNMRY,Snam S.p.A.,Utilities,Utilities - Regulated Gas,PNK,13.21,56020,22165002240,0.2205,14.01,13.82,-3.6121,-15.36,-16.21,-7.54,-12.53,0.0,20.75,4,16.01,11.64,-17.49,0.0,,8,,20260812
CLPHY,CLP Holdings Limited,Utilities,Utilities - Regulated Electric,PNK,9.98,95479,25213976576,0.2557,9.69,9.29,1.1412,-1.59,-6.94,-3.31,-4.15,0.0,85.0,2,10.35,7.99,-3.57,0.0,,8,,20260812
LNVGF,Lenovo Group Limited,Technology,Computer Hardware,PNK,3.77,88135,46765563904,0.2579,3.02,1.75,2.9172,132.24,211.38,146.07,165.47,0.0,88.75,2,3.95,0.98,-4.56,0.0,,8,,20260812
EQR,Equity Residential,Real Estate,REIT - Residential,NYSE,64.42,3009206,24903776256,1.287,67.27,62.32,-2.2129,-6.13,-11.74,-14.75,-11.54,0.0,69.5,3,71.5,57.57,-9.9,0.0,,8,,20260812
AIBGY,AIB Group plc,Financial Services,Banks - Regional,PNK,25.01,64033,26186721280,0.5659,23.91,21.37,1.9484,6.05,2.67,39.67,18.31,0.0,91.25,2,26.11,16.14,-4.21,0.0,,8,,20260812
SFHOY,S F HLDG CO LTD,Industrials,Integrated Freight & Logistics,PNK,16.77,35583,22074804224,0.7475,16.09,17.34,0.9152,-10.12,-21.55,-39.2,-25.75,0.0,43.25,3,21.7,14.48,-22.72,0.0,,8,,20260812
TEFOF,"Telefónica, S.A.",Communication Services,Telecom Services,PNK,4.03,2943,22681866240,0.0652,4.21,4.34,-2.6946,-18.57,-18.56,-47.09,-29.97,0.0,24.0,4,5.87,3.66,-31.35,0.0,,8,,20260812
YZCAY,Yankuang Energy Group Company Limited,Energy,Thermal Coal,OQX,16.0,1777,16360068096,0.4837,15.46,15.74,1.1082,-17.28,-10.43,18.85,-0.43,0.0,55.0,3,21.63,10.64,-26.03,0.0,,8,,20260812
SUTNY,"Sumitomo Mitsui Trust Group, Inc.",Financial Services,Banks - Regional,OID,5.26,358437,28965281792,0.2008,,,,-29.62,-39.16,-28.48,-32.5,0.0,23.25,3,5.73,3.18,-8.2,0.0,,8,,20260812
AKRBF,Aker BP ASA,Energy,Oil & Gas E&P,OQX,35.14,4762,23090032640,0.6161,33.44,30.62,2.758,-6.08,16.64,27.56,15.33,0.0,58.75,2,39.7,23.7,-11.49,0.0,,8,,20260812
AIBRF,AIB Group plc,Financial Services,Banks - Regional,PNK,12.36,3325,25568960512,0.2275,11.77,10.8,2.6299,2.26,-0.93,35.54,14.46,0.0,78.75,2,12.49,7.82,-1.04,0.0,,8,,20260812
AWK,"American Water Works Company, Inc.",Utilities,Utilities - Regulated Water,NYSE,134.92,2249290,26812514304,3.3886,130.18,129.11,1.3993,1.48,-2.8,-27.05,-11.43,0.0,86.25,2,147.87,120.57,-8.76,0.0,,8,,20260812
OMVJF,OMV Aktiengesellschaft,Energy,Oil & Gas Integrated,OQX,73.03,69,23818338304,0.2794,67.59,59.72,19.4893,6.07,19.83,22.15,17.32,0.0,75.0,2,75.5,50.2,-3.27,0.0,,8,,20260812
FMXUF,"Fomento Económico Mexicano, S.A.B. de C.V.",Consumer Defensive,Beverages - Brewers,PNK,13.04,40,48350294016,0.0161,12.53,10.97,31.481,9.98,10.86,10.12,10.35,0.0,75.0,2,13.04,0.01,-0.0,0.0,,8,,20260812
FMX,"Fomento Económico Mexicano, S.A.B. de C.V.",Consumer Defensive,Beverages - Brewers,NYSE,117.5,540525,40030072832,3.5822,125.28,109.91,-2.1718,-9.51,-5.33,17.53,2.77,0.0,55.0,3,141.47,83.08,-16.94,0.0,,8,,20260812
JBHT,"J.B. Hunt Transport Services, Inc.",Industrials,Integrated Freight & Logistics,NASDAQ,275.96,1021182,25912643584,8.4383,279.33,228.0,-0.3998,11.82,8.7,79.11,37.64,0.0,72.0,3,299.76,130.12,-7.94,0.0,,8,,20260812
ALFVF,Alfa Laval AB (publ),Industrials,Specialty Industrial Machinery,PNK,59.5,14,24592914432,0.0422,58.95,55.31,13.0451,-3.53,-9.92,29.76,7.55,0.0,75.0,2,59.5,38.8,0.0,0.0,,8,,20260812
CLPHF,CLP Holdings Limited,Utilities,Utilities - Regulated Electric,PNK,10.14,140,25618210816,0.0502,9.61,9.22,10.6511,0.15,-2.96,8.41,2.36,0.0,75.0,2,10.23,7.9,-0.88,0.0,,8,,20260812
WRTBY,Wärtsilä Oyj Abp,Industrials,Specialty Industrial Machinery,PNK,6.81,59869,20074049536,0.1998,7.24,7.47,-2.1692,-21.61,-28.2,4.36,-13.53,0.0,22.0,4,9.49,5.44,-28.24,0.0,,8,,20260812
WTW,Willis Towers Watson Public Limited Company,Financial Services,Insurance Brokers,NASDAQ,340.29,660312,31603392512,8.4294,288.64,297.11,6.1269,30.91,6.05,-18.15,2.58,0.0,92.5,3,352.79,240.61,-3.54,0.0,,8,,20260812
ALFVY,Alfa Laval AB (publ),Industrials,Specialty Industrial Machinery,PNK,58.95,13330,24365586432,0.9535,58.09,54.66,0.9042,-2.5,-7.3,16.19,3.29,0.0,85.0,2,62.95,43.75,-6.35,0.0,,8,,20260812
CMTDF,"Sumitomo Mitsui Trust Group, Inc.",Financial Services,Banks - Regional,OID,10.3,720,7089886208,2.0874,36.18,32.22,-12.4003,-75.99,-77.9,-83.86,-79.81,0.0,25.0,3,40.0,10.3,-74.25,0.0,,8,,20260812
OEZVY,VERBUND AG,Utilities,Utilities - Renewable,PNK,14.1,385,24492806144,0.1951,13.57,14.12,2.715,-8.25,-13.16,-26.36,-17.21,0.0,37.0,3,17.13,11.88,-17.69,0.0,,8,,20260812
PUBGY,Publicis Groupe S.A.,Communication Services,Advertising Agencies,OQX,28.48,217422,28448223232,0.6056,25.39,23.33,5.0999,25.78,12.47,9.91,14.77,0.0,85.0,2,28.93,19.72,-1.56,0.0,,8,,20260812
PGPEF,Publicis Groupe S.A.,Communication Services,Advertising Agencies,OQX,113.9,3532,28443230208,1.2583,101.61,92.31,9.7666,28.68,13.66,-14.12,6.3,0.0,76.25,2,113.9,82.05,0.0,0.0,,8,,20260812
THNBY,TECHNOPROBE SPA,Unknown,Unknown,PNK,71.68,3681,0,3.8233,71.68,71.68,0.0,210.47,210.47,210.47,210.47,0.0,72.0,3,89.0,22.0,-19.46,0.0,,8,,20260812
SYF,Synchrony Financial,Financial Services,Credit Services,NYSE,79.41,3726317,25837701120,2.0176,74.3,73.97,2.5315,8.72,-3.62,-6.3,-1.61,0.0,92.5,2,88.77,63.08,-10.54,0.0,,8,,20260812
UTHR,United Therapeutics Corporation,Healthcare,Drug Manufacturers - Specialty & Generic,NASDAQ,511.72,508329,21948024832,14.7789,537.82,518.13,-1.7659,-16.95,-4.06,47.51,13.34,0.0,37.75,4,609.35,301.3,-16.02,0.0,,8,,20260812
EJPRF,East Japan Railway Company,Unknown,Unknown,PNK,20.16,198,25686308864,0.4362,21.85,23.76,-3.8777,-17.19,-33.34,-36.82,-30.69,0.0,25.0,4,27.59,18.81,-26.93,0.0,,8,,20260812
FUJIY,FUJIFILM Holdings Corporation,Industrials,Conglomerates,PNK,10.03,240214,23991504896,0.3701,10.93,10.35,-2.4345,-8.38,-9.65,-37.89,-20.63,0.0,45.75,4,12.99,8.93,-22.79,0.0,,8,,20260812
FUJIF,FUJIFILM Holdings Corporation,Industrials,Conglomerates,PNK,20.6,203,24637339648,0.5562,21.7,20.58,-1.9693,4.15,2.43,-34.43,-11.88,0.0,51.25,3,26.42,17.0,-22.03,0.0,,8,,20260812
AKRBY,Aker BP ASA,Energy,Oil & Gas E&P,OQX,17.48,1652,21643352064,0.4139,16.78,15.13,1.6941,-6.37,20.69,31.39,18.2,0.0,62.5,2,23.06,11.38,-24.2,0.0,,8,,20260812
PPG,"PPG Industries, Inc.",Basic Materials,Specialty Chemicals,NYSE,114.6,1957290,25475579904,3.4616,116.46,108.68,-0.5376,3.48,-21.81,-12.42,-11.73,0.0,74.5,3,133.43,93.39,-14.11,0.0,,8,,20260812
CCOZF,China Coal Energy Company Limited,Energy,Thermal Coal,PNK,1.36,62,18031781888,0.0143,1.39,1.44,-1.9401,-29.36,-7.01,-13.47,-15.18,0.0,24.0,4,1.81,1.18,-24.86,0.0,,8,,20260812
XPO,"XPO, Inc.",Industrials,Trucking,NYSE,208.94,1387245,24464046080,7.1544,208.81,183.69,0.0176,1.67,-7.79,52.68,18.77,0.0,58.75,2,232.05,121.48,-9.96,0.0,,8,,20260812
BDORY,Banco do Brasil S.A.,Financial Services,Banks - Regional,OID,4.03,423050,23006760960,0.1362,3.99,4.29,0.3153,-14.14,-27.11,-7.93,-16.2,0.0,49.5,3,5.47,3.51,-26.33,0.0,,8,,20260812
OMVKY,OMV Aktiengesellschaft,Energy,Oil & Gas Integrated,OQX,18.69,37562,24382568448,0.3075,17.25,15.31,4.6991,6.72,14.62,27.14,17.65,0.0,91.25,2,19.0,12.52,-1.63,0.0,,8,,20260812
ICAGY,International Consolidated Airlines Group S.A.,Industrials,Airlines,PNK,11.92,68298,26177568768,0.2535,11.93,10.92,-0.0404,6.04,-11.22,-1.03,-2.83,0.0,74.5,3,13.07,9.1,-8.8,0.0,,8,,20260812
IONQ,"IonQ, Inc.",Technology,Computer Hardware,NYSE,45.2,25162398,18312132608,3.1173,47.07,45.41,-0.5997,-24.02,16.24,-22.24,-9.22,0.0,35.25,4,84.64,25.89,-46.6,0.0,,8,,20260812
RF,Regions Financial Corporation,Financial Services,Banks - Regional,NYSE,31.6,10496704,26920974336,0.57,30.24,27.61,2.3807,12.58,-7.7,10.61,4.7,0.0,86.25,2,32.47,22.7,-2.68,0.0,,8,,20260812
FUWAY,"Furukawa Electric Co., Ltd.",Industrials,Electrical Equipment & Parts,PNK,13.65,149419,19205451776,0.9695,12.84,8.97,0.8325,-9.34,120.63,375.41,190.05,0.0,63.75,2,19.07,2.74,-28.41,0.0,,8,,20260812
NHYKF,Norsk Hydro ASA,Basic Materials,Aluminum,OQX,9.66,20204,19001221120,0.2693,9.88,9.32,-0.8282,-19.83,-9.23,28.38,3.16,0.0,54.5,3,13.0,6.29,-25.69,0.0,,8,,20260812
HLMAF,Halma plc,Industrials,Conglomerates,PNK,48.35,11569,18438252544,2.3481,52.17,51.84,-1.6253,-26.42,-11.0,-15.33,-16.59,0.0,30.75,4,66.22,42.47,-26.98,0.0,,8,,20260812
VACNY,VAT Group AG,Industrials,Specialty Industrial Machinery,PNK,78.96,11003,23661883392,2.531,81.13,65.17,-0.8571,-2.99,10.92,102.82,44.2,0.0,73.25,3,88.91,31.99,-11.19,0.0,,8,,20260812
NHYDY,Norsk Hydro ASA,Basic Materials,Aluminum,OQX,9.73,338758,19138910208,0.2572,9.8,9.17,-0.2698,-20.01,-6.05,37.43,7.85,0.0,52.0,3,13.02,6.2,-25.27,0.0,,8,,20260812
TERRF,Terna S.p.A.,Utilities,Utilities - Regulated Electric,PNK,10.95,38,22349029376,0.032,11.48,10.88,-16.6282,-8.38,-9.32,-9.72,-9.25,0.0,37.0,3,12.6,9.95,-13.1,0.0,,8,,20260812
BNCZF,Banco BPM S.p.A.,Financial Services,Banks - Regional,PNK,17.1,204,25736617984,0.0267,16.75,14.96,13.1771,10.77,-7.12,32.45,13.18,0.0,75.0,2,17.42,11.75,-1.82,0.0,,8,,20260812
LNDMY,Lundin Mining Corporation,Basic Materials,Copper,PNK,24.75,17,21069615104,0.1022,24.66,24.75,0.8977,-9.48,-28.6,-28.6,-23.82,0.0,50.0,3,29.5,22.0,-16.1,0.0,,8,,20260812
SNHIY,SNHIY,Industrials,Farm & Heavy Construction Machinery,PNK,9.55,382,87812300800,0.0337,10.59,9.55,-30.9594,-18.33,-18.33,-18.33,-18.33,0.0,37.0,3,11.25,9.55,-15.11,0.0,,8,,20260812
EXE,Expand Energy Corporation,Energy,Oil & Gas E&P,NASDAQ,96.28,3659711,23032952832,2.6536,90.14,101.49,2.3147,-4.59,-17.57,-22.35,-16.24,0.0,49.5,3,126.62,84.98,-23.96,0.0,,8,,20260812
BG,Bunge Global SA,Consumer Defensive,Farm Products,NYSE,111.75,1631970,21469310976,3.6095,115.69,111.76,-1.0908,-15.84,-16.68,16.92,-3.03,0.0,32.75,4,134.87,76.01,-17.14,0.0,,8,,20260812
BESVF,BE Semiconductor Industries N.V.,Technology,Semiconductor Equipment & Materials,PNK,255.5,151,20227493888,5.222,299.88,226.76,-8.4995,-22.36,25.91,56.74,26.17,0.0,26.25,3,377.05,128.66,-32.24,0.0,,8,,20260812
KEY,KeyCorp,Financial Services,Banks - Regional,NYSE,22.89,11296350,24538880000,0.4301,22.76,20.77,0.2925,3.71,-10.44,14.53,3.09,0.0,88.75,2,24.07,16.47,-4.9,0.0,,8,,20260812
NRSCF,"Nomura Holdings, Inc.",Financial Services,Capital Markets,PNK,9.45,2317,27622070272,0.0455,9.14,8.38,6.7578,9.36,-3.51,20.48,9.3,0.0,75.0,2,9.85,6.58,-4.06,0.0,,8,,20260812
LUNMF,Lundin Mining Corporation,Basic Materials,Copper,PNK,26.31,186448,22397638656,1.3241,25.75,24.37,0.4261,-16.24,-8.3,113.51,38.44,0.0,61.25,2,33.29,10.78,-20.97,0.0,,8,,20260812
DRI,"Darden Restaurants, Inc.",Consumer Cyclical,Restaurants,NYSE,227.68,1324700,25851187200,5.9208,204.2,195.18,3.9665,10.35,-2.19,-6.27,-0.69,0.0,92.5,2,228.73,169.0,-0.46,0.0,,8,,20260812
BNTX,BioNTech SE,Healthcare,Biotechnology,NASDAQ,92.74,960480,23296692224,2.634,91.3,97.76,0.5456,-5.4,-27.86,-39.52,-26.91,0.0,54.5,3,124.0,79.52,-25.21,0.0,,8,,20260812
JXAMY,JXAMY,Technology,Semiconductor Equipment & Materials,PNK,46.39,1647,0,1.9931,46.39,46.39,0.0,-12.64,-12.64,-12.64,-12.64,0.0,72.0,3,53.15,40.76,-12.72,0.0,,8,,20260812
NMR,"Nomura Holdings, Inc.",Financial Services,Capital Markets,NYSE,9.91,1220504,28966635520,0.2145,9.28,8.44,2.9598,20.53,-6.33,18.35,10.25,0.0,85.0,2,10.06,6.71,-1.49,0.0,,8,,20260812
DG,Dollar General Corporation,Consumer Defensive,Discount Stores,NYSE,119.6,3139590,26382161920,3.8372,117.85,123.07,0.4573,11.81,-29.62,-16.29,-13.93,0.0,69.5,3,158.23,95.11,-24.41,0.0,,8,,20260812
MKL,Markel Group Inc.,Financial Services,Insurance - Property & Casualty,NYSE,1842.46,73270,22828001280,39.4382,1902.84,1973.14,-1.531,-4.41,-24.6,-26.09,-20.15,0.0,64.0,3,2207.59,1719.41,-16.54,0.0,,8,,20260812
TEZNY,Terna S.p.A.,Utilities,Utilities - Regulated Electric,PNK,33.93,20958,22719449088,0.4567,34.61,32.98,-1.4932,-6.22,-8.92,-4.04,-6.29,0.0,73.25,3,36.42,29.0,-6.84,0.0,,8,,20260812
HALMY,Halma plc,Industrials,Conglomerates,PNK,101.73,53633,19210606592,2.8207,105.12,104.35,-1.2027,-23.97,-10.06,-8.2,-12.79,0.0,40.25,4,134.0,86.18,-24.08,0.0,,8,,20260812
AER,AerCap Holdings N.V.,Industrials,Rental & Leasing Services,NYSE,150.25,1184577,23616905216,3.8132,146.94,141.78,0.8679,-0.69,-8.02,14.38,2.77,0.0,85.0,2,158.81,112.05,-5.39,0.0,,8,,20260812
HPQ,HP Inc.,Technology,Computer Hardware,NYSE,29.28,18394009,26777225216,1.2471,25.22,22.1,3.254,35.67,39.83,-2.15,22.0,0.0,90.0,2,30.87,17.56,-5.15,0.0,,8,,20260812
AIPUY,Airports of Thailand Public Company Limited,Industrials,Airports & Air Services,PNK,20.0,383,28571400192,0.2867,17.5,15.5,8.7142,21.03,11.47,51.94,30.05,0.0,75.0,2,20.0,10.11,0.0,0.0,,8,,20260812
HPGLY,Hapag-Lloyd Aktiengesellschaft,Industrials,Marine Shipping,PNK,71.0,498,24957960192,0.6874,68.55,68.42,3.5648,2.45,-7.32,-25.09,-11.99,0.0,77.5,2,90.58,63.3,-21.62,0.0,,8,,20260812
TELNF,Telenor ASA,Communication Services,Telecom Services,OQX,14.1,72,18951030784,0.1066,15.13,14.1,-9.6644,-18.03,-34.63,-16.97,-23.42,0.0,25.0,3,19.1,11.73,-26.18,0.0,,8,,20260812
OLCLF,"Oriental Land Co., Ltd.",Consumer Cyclical,Leisure,PNK,19.65,684,32220430336,0.199,16.09,12.58,17.8648,44.13,98.24,115.13,91.47,0.0,75.0,2,26.36,13.2,-25.46,0.0,,8,,20260812
INSM,Insmed Incorporated,Healthcare,Biotechnology,NASDAQ,132.28,3790408,28887504896,6.1344,106.87,145.86,4.1425,9.12,-23.16,-5.65,-8.08,0.0,45.75,3,212.75,90.39,-37.82,0.0,,8,,20260812
HLAGF,Hapag-Lloyd Aktiengesellschaft,Industrials,Marine Shipping,PNK,138.9,26,24413280256,1.7454,137.01,137.76,1.0863,-4.6,-15.27,-30.5,-18.69,0.0,76.25,3,180.0,125.0,-22.83,0.0,,8,,20260812
CMS,CMS Energy Corporation,Utilities,Utilities - Regulated Electric,NYSE,70.02,3497530,21630550016,1.4673,73.18,72.72,-2.1514,-8.63,-15.03,-23.8,-16.94,0.0,34.0,4,80.36,68.64,-12.87,0.0,,8,,20260812
BCEFF,BCE Inc.,Communication Services,Telecom Services,PNK,15.4,64,0,0.308,,,,-2.47,-6.19,0.13,-2.73,0.0,12.0,3,15.45,13.6,-0.32,0.0,,8,,20260812
NI,NiSource Inc.,Utilities,Utilities - Regulated Gas,NYSE,41.99,4721314,20136728576,0.9485,45.79,44.63,-4.0103,-15.34,-17.11,-20.53,-18.04,0.0,22.0,4,49.21,38.45,-14.67,0.0,,8,,20260812
BCE,BCE Inc.,Communication Services,Telecom Services,NYSE,23.13,4064595,21569320960,0.5129,22.49,23.44,1.2569,-9.17,-20.36,-22.79,-18.54,0.0,48.25,3,26.52,20.87,-12.78,0.0,,8,,20260812
CTOWY,China Tower Corporation Limited,Communication Services,Telecom Services,PNK,14.93,24,26099431424,0.0085,14.93,15.03,0.0,-3.95,-12.88,14.02,0.11,0.0,37.0,3,16.25,11.4,-8.12,0.0,,8,,20260812
RL,Ralph Lauren Corporation,Consumer Cyclical,Apparel Manufacturing,NYSE,396.35,719811,23615420416,14.0866,388.51,361.67,0.5569,12.93,-0.35,16.01,9.52,0.0,86.25,2,421.6,283.5,-5.99,0.0,,8,,20260812
LPLA,LPL Financial Holdings Inc.,Financial Services,Capital Markets,NASDAQ,376.67,962435,29660250112,9.8369,315.21,330.52,6.2483,23.13,-7.53,-20.82,-5.18,0.0,91.25,3,400.16,260.15,-5.87,0.0,,8,,20260812
CNGKY,CK Asset Holdings Limited,Real Estate,Real Estate - Development,PNK,11.5,5404,20123725824,0.5785,11.94,11.35,-0.7566,-13.83,-11.01,5.68,-5.04,0.0,50.75,3,15.33,8.85,-24.99,0.0,,8,,20260812
BOUYF,Bouygues SA,Industrials,Engineering & Construction,PNK,59.34,0,18786660352,0.005,59.34,51.19,0.0,-4.5,10.5,17.77,9.66,0.0,75.0,3,59.34,41.05,0.0,0.0,,8,,20260812
TELNY,Telenor ASA,Communication Services,Telecom Services,OQX,13.92,78788,18942867456,0.2593,14.64,15.46,-2.7696,-20.77,-33.51,-29.8,-28.84,0.0,34.0,4,18.92,12.97,-26.43,0.0,,8,,20260812
CHD,"Church & Dwight Co., Inc.",Consumer Defensive,Household & Personal Products,NYSE,101.24,1962253,24014522368,2.4144,98.07,93.31,1.3118,3.7,-9.26,-10.92,-6.69,0.0,92.5,2,106.04,81.33,-4.53,0.0,,8,,20260812
CGMBF,"China Minsheng Banking Corp., Ltd.",Financial Services,Banks - Regional,PNK,0.46,0,21763033088,0.0004,0.44,0.43,48.5569,1.62,-5.81,-0.59,-1.87,0.0,75.0,2,0.58,0.46,-21.11,0.0,,8,,20260812
PAAS,Pan American Silver Corp.,Basic Materials,Gold,NYSE,52.38,4525283,22070315008,1.9911,46.31,50.86,3.049,-22.52,-23.34,44.18,3.87,0.0,63.75,3,69.99,30.59,-25.16,0.0,,8,,20260812
ICHGF,InterContinental Hotels Group PLC,Consumer Cyclical,Lodging,PNK,155.58,167,22901293056,1.2767,162.47,140.98,-5.393,2.6,2.9,2.05,2.48,0.0,62.0,3,174.3,114.25,-10.74,0.0,,8,,20260812
CPAY,"Corpay, Inc.",Technology,Software - Infrastructure,NYSE,409.68,629451,26899425280,11.6564,363.4,325.31,3.9703,16.17,2.75,12.04,9.82,0.0,92.5,2,412.24,252.84,-0.62,0.0,,8,,20260812
FCNCA,"First Citizens BancShares, Inc.",Financial Services,Banks - Regional,NASDAQ,2271.31,79029,25650178048,50.3401,2121.32,2008.62,2.9795,13.58,-6.64,0.54,1.29,0.0,88.75,2,2289.99,1623.76,-0.82,0.0,,8,,20260812
FCNCO,"First Citizens BancShares, Inc.",Financial Services,Banks - Regional,NASDAQ,20.65,14540,0,0.1591,20.6,21.14,0.3505,-7.43,-14.7,-28.35,-18.34,0.0,47.0,3,23.91,20.05,-13.62,0.0,,8,,20260812
FCNCP,"First Citizens BancShares, Inc.",Financial Services,Banks - Regional,NASDAQ,20.05,13711,0,0.1639,20.18,20.56,-0.8006,-8.79,-12.83,-24.24,-16.38,0.0,32.75,4,22.93,19.67,-12.55,0.0,,8,,20260812
FCNCN,"First Citizens BancShares, Inc. Depositary Shares, each representing a 1/40th interest in a share of 6.625% Non-Cumulative Perpetual Preferred Stock, Series E",Unknown,Unknown,NASDAQ,25.08,39964,0,0.1734,25.09,25.08,-0.0831,-3.17,-8.9,-8.97,-7.49,0.0,67.0,3,25.64,23.74,-2.18,0.0,,8,,20260812
FCNCB,"First Citizens BancShares, Inc.",Financial Services,Banks - Regional,PNK,1878.93,132,21218981888,37.8584,1846.81,1707.97,0.8484,10.51,-5.84,-6.61,-2.06,0.0,82.5,2,2070.0,1439.75,-9.23,0.0,,8,,20260812
WSM,"Williams-Sonoma, Inc.",Consumer Cyclical,Specialty Retail,NYSE,245.15,1152433,28865581056,6.9861,226.88,199.58,2.6146,35.32,1.71,1.48,10.02,0.0,92.5,2,254.89,165.51,-3.82,0.0,,8,,20260812
IHG,InterContinental Hotels Group PLC,Consumer Cyclical,Lodging,NYSE,161.82,255900,23875063808,3.4226,163.28,143.97,-0.4272,2.69,-1.78,16.92,6.82,0.0,72.0,3,175.89,117.29,-8.0,0.0,,8,,20260812
CLNXF,"Cellnex Telecom, S.A.",Real Estate,Real Estate Services,PNK,32.6,4220,21311457280,0.548,30.93,31.69,3.0596,-6.18,-13.0,-29.32,-17.82,0.0,53.75,3,39.03,27.5,-16.46,0.0,,8,,20260812
FIS,"Fidelity National Information Services, Inc.",Technology,Information Technology Services,NYSE,41.92,6664385,21667571712,1.6714,41.15,50.8,0.4594,-6.34,-27.61,-60.88,-35.6,0.0,63.75,3,72.91,37.42,-42.5,0.0,,8,,20260812
LYB,LyondellBasell Industries N.V.,Basic Materials,Specialty Chemicals,NYSE,62.8,5099258,20286783488,2.3264,59.89,57.97,1.2503,-19.52,-0.82,17.13,1.69,0.0,63.75,2,83.94,41.58,-25.18,0.0,,8,,20260812
STRL,"Sterling Infrastructure, Inc.",Industrials,Engineering & Construction,NASDAQ,548.95,809391,16791567360,51.3895,724.87,511.39,-3.4233,-40.44,20.01,66.56,23.52,0.0,37.5,3,1005.68,263.45,-45.42,0.0,,8,,20260812
SGSOF,SGS SA,Industrials,Consulting Services,PNK,119.01,217,22379393024,0.6516,114.19,114.42,7.3982,-0.1,-13.35,-8.75,-8.2,0.0,75.0,3,127.9,96.32,-6.95,0.0,,8,,20260812
CHWRF,China Tower Corporation Limited,Communication Services,Telecom Services,PNK,1.23,73,21501876224,0.0071,1.13,1.05,13.8219,10.81,11.03,76.03,36.97,0.0,75.0,2,1.8,0.98,-31.67,0.0,,8,,20260812
CLLNY,"Cellnex Telecom, S.A.",Real Estate,Real Estate Services,PNK,15.77,408993,20915234816,0.364,15.23,15.74,1.4749,-8.3,-15.74,-31.03,-19.99,0.0,66.25,3,19.23,13.67,-17.99,0.0,,8,,20260812
TSN,"Tyson Foods, Inc.",Consumer Defensive,Farm Products,NYSE,55.81,3347550,19634042880,1.5249,57.83,59.52,-1.3275,-21.49,-24.87,-20.93,-22.45,0.0,32.75,4,69.48,50.56,-19.67,0.0,,8,,20260812
ULTA,"Ulta Beauty, Inc.",Consumer Cyclical,Specialty Retail,NASDAQ,531.89,740608,22865586176,15.214,484.65,555.26,3.1051,0.37,-33.9,-16.17,-18.24,0.0,74.5,3,714.97,443.6,-25.61,0.0,,8,,20260812
PFG,"Principal Financial Group, Inc.",Financial Services,Asset Management,NASDAQ,113.77,1413143,24358684672,2.3953,110.6,95.33,1.3222,8.8,11.36,31.4,18.74,0.0,91.25,2,116.61,77.01,-2.44,0.0,,8,,20260812
KUBTF,Kubota Corporation,Industrials,Farm & Heavy Construction Machinery,PNK,15.15,543,17064847360,0.218,17.34,16.02,-10.047,-16.9,-25.8,10.23,-9.16,0.0,12.0,4,21.0,11.25,-27.86,0.0,,8,,20260812
VRSK,"Verisk Analytics, Inc.",Industrials,Consulting Services,NASDAQ,180.38,2323548,23633719296,7.5823,187.57,196.46,-0.9485,3.83,-5.21,-54.76,-22.77,0.0,62.75,4,276.19,155.94,-34.69,0.0,,8,,20260812
L,Loews Corporation,Financial Services,Insurance - Property & Casualty,NYSE,113.13,864338,23126906880,2.1594,112.79,107.97,0.1593,3.52,-9.2,-1.77,-3.05,0.0,90.0,2,121.01,94.31,-6.51,0.0,,8,,20260812
CAOVF,China Overseas Land & Investment Limited,Real Estate,Real Estate - Development,PNK,1.65,224,18059057152,0.0062,1.87,1.72,-34.9248,-8.57,-11.02,-22.27,-14.91,0.0,12.0,4,2.12,1.31,-22.17,0.0,,8,,20260812
FQVLF,First Quantum Minerals Ltd.,Basic Materials,Copper,PNK,32.0,307145,26694596608,1.4585,28.66,26.32,2.2899,16.89,-0.0,67.54,31.24,0.0,88.75,2,33.33,15.6,-3.99,0.0,,8,,20260812
WST,"West Pharmaceutical Services, Inc.",Healthcare,Medical Instruments & Supplies,NYSE,352.29,764929,24792676352,8.9458,343.58,287.53,0.974,8.04,32.64,24.22,23.12,0.0,92.5,2,386.0,223.83,-8.73,0.0,,8,,20260812
SURDF,"Sumitomo Realty & Development Co., Ltd.",Real Estate,Real Estate Services,PNK,22.98,195,21220085760,0.1787,22.95,31.48,0.13,-29.74,-36.58,-63.81,-45.76,0.0,25.0,3,51.13,21.25,-55.06,0.0,,8,,20260812
SZKMF,Suzuki Motor Corporation,Consumer Cyclical,Auto Manufacturers,PNK,12.14,4982,23421384704,0.2353,12.12,13.16,0.0689,-0.11,-31.31,-25.47,-21.18,0.0,65.75,3,17.02,10.4,-28.67,0.0,,8,,20260812
HLDVF,Henderson Land Development Company Limited,Real Estate,Real Estate - Diversified,PNK,3.25,295,15734507520,0.082,3.5,3.71,-3.0503,-33.01,-26.25,-29.02,-29.05,0.0,0.0,4,4.71,3.11,-31.0,0.0,,8,,20260812
BABWF,International Consolidated Airlines Group S.A.,Industrials,Airlines,PNK,5.7,1966,25035593728,0.0718,5.77,5.46,-1.0139,2.05,-16.63,-8.5,-8.71,0.0,62.0,3,6.65,4.57,-14.29,0.0,,8,,20260812
NNGPF,NN Group N.V.,Financial Services,Insurance - Diversified,PNK,94.72,1877,23675193344,0.5427,89.16,79.15,10.2556,5.75,9.13,21.14,13.09,0.0,75.0,2,94.72,68.03,-0.0,0.0,,8,,20260812
MTD,Mettler-Toledo International Inc.,Healthcare,Diagnostics & Research,NYSE,1438.53,206569,28823193600,37.386,1280.46,1321.4,4.2282,29.22,-9.48,-8.33,0.65,0.0,90.0,3,1525.17,1023.05,-5.68,0.0,,8,,20260812
VIV,Telefônica Brasil S.A.,Communication Services,Telecom Services,NYSE,11.58,1157912,18502559744,0.3181,13.1,13.42,-4.7645,-22.85,-33.72,-22.88,-26.67,0.0,10.0,4,17.26,11.48,-32.91,0.0,,8,,20260812
TRUMY,Terumo Corporation,Healthcare,Medical Instruments & Supplies,PNK,16.33,150111,24088406016,0.4122,14.13,14.05,5.3427,29.49,7.96,-34.79,-3.76,0.0,88.75,2,19.6,12.08,-16.68,0.0,,8,,20260812
FFIV,"F5, Inc.",Technology,Software - Infrastructure,NASDAQ,422.95,685650,23950469120,15.0431,404.67,315.11,1.2151,14.23,37.58,10.14,20.76,0.0,88.75,2,435.0,223.76,-2.77,0.0,,8,,20260812
NNGRY,NN Group N.V.,Financial Services,Insurance - Diversified,PNK,45.88,71246,23861123072,0.7545,44.01,39.52,2.4838,1.21,3.55,7.52,4.55,0.0,91.25,2,48.08,33.16,-4.58,0.0,,8,,20260812
PHM,"PulteGroup, Inc.",Consumer Cyclical,Residential Construction,NYSE,129.16,1803274,24603217920,4.2261,127.29,124.12,0.443,8.08,-17.75,-14.51,-10.0,0.0,87.5,2,144.5,108.49,-10.62,0.0,,8,,20260812
FUWAF,"Furukawa Electric Co., Ltd.",Industrials,Electrical Equipment & Parts,PNK,20.08,2738,14126209024,2.7606,133.26,121.49,-40.9991,-97.22,-71.27,-81.91,-82.01,0.0,0.0,4,324.38,19.78,-93.81,0.0,,8,,20260812
TROW,"T. Rowe Price Group, Inc.",Financial Services,Asset Management,NASDAQ,111.42,2134183,23767652352,2.7862,112.76,101.06,-0.4812,4.73,6.21,-11.44,-1.22,0.0,73.25,3,122.0,85.22,-8.67,0.0,,8,,20260812
SGSOY,SGS SA,Industrials,Consulting Services,PNK,11.56,65977,22863966208,0.1798,11.55,11.16,0.079,2.02,-16.19,-3.44,-6.54,0.0,83.75,2,12.76,9.88,-9.4,0.0,,8,,20260812
ATI,ATI Inc.,Industrials,Metal Fabrication,NYSE,230.43,1709317,31377739776,10.4261,194.92,148.64,3.4061,38.2,55.94,193.18,106.4,0.0,90.0,2,243.57,70.42,-5.39,0.0,,8,,20260812
STMZF,Scottish Mortgage Investment Trust Plc,Unknown,Unknown,PNK,18.84,13333,27319131224,0.5341,18.89,17.32,-0.0907,-9.17,-1.07,9.99,1.33,0.0,50.75,3,21.29,13.62,-11.51,0.0,,8,,20260812
WIT,Wipro Limited,Technology,Information Technology Services,NYSE,1.95,11854461,19290355712,0.0768,2.02,2.31,-0.8484,1.11,-33.32,-48.4,-30.74,0.0,23.25,4,3.09,1.75,-36.89,0.0,,8,,20260812
JXHLY,"ENEOS Holdings, Inc.",Energy,Oil & Gas Refining & Marketing,PNK,15.96,1693,21244684288,0.5973,15.97,16.18,-0.0141,-9.67,-25.45,24.01,-1.72,0.0,27.75,4,20.58,11.25,-22.45,0.0,,8,,20260812
OLCLY,"Oriental Land Co., Ltd.",Consumer Cyclical,Leisure,PNK,18.72,80835,31036555264,0.8709,15.9,17.17,3.2324,26.0,-6.71,-38.02,-11.06,0.0,86.25,3,26.98,12.94,-30.62,0.0,,8,,20260812
SZKMY,Suzuki Motor Corporation,Consumer Cyclical,Auto Manufacturers,PNK,50.7,68758,24453545984,1.7307,49.18,53.0,0.8783,6.28,-25.67,-19.15,-15.08,0.0,72.0,3,64.94,41.1,-21.93,0.0,,8,,20260812
CMAKY,"China Minsheng Banking Corp., Ltd.",Financial Services,Banks - Regional,PNK,4.3,1888,22564624384,0.2377,4.26,4.68,0.1556,-6.97,-21.02,-54.66,-30.96,0.0,68.25,3,6.32,3.91,-31.96,0.0,,8,,20260812
BOUYY,Bouygues SA,Industrials,Engineering & Construction,PNK,10.94,116301,21122926592,0.1953,11.1,10.73,-0.8225,-12.9,-13.09,7.64,-4.75,0.0,47.0,3,12.5,8.19,-12.48,0.0,,8,,20260812
WRTBF,Wärtsilä Oyj Abp,Industrials,Specialty Industrial Machinery,PNK,35.49,1112,20922996736,0.2445,36.69,36.86,-4.9001,-23.39,-23.23,40.02,2.03,0.0,24.0,4,47.79,27.7,-25.74,0.0,,8,,20260812
MTNOY,MTN Group Limited,Communication Services,Telecom Services,PNK,11.85,16664,21720723456,0.3884,13.51,11.68,-4.2646,-14.25,-11.8,7.31,-4.77,0.0,63.75,3,14.67,7.75,-19.22,0.0,,8,,20260812
FWONA,Formula One Group,Communication Services,Entertainment,NASDAQ,94.65,162085,23729557504,2.6436,87.51,84.28,2.7023,6.5,11.04,-12.1,0.65,0.0,87.5,2,99.52,73.7,-4.89,0.0,,8,,20260812
FWONK,Formula One Group,Communication Services,Entertainment,NASDAQ,103.61,2055474,25975906304,2.9404,95.12,91.92,2.8857,6.94,10.84,-14.65,-0.33,0.0,86.25,2,109.36,80.15,-5.26,0.0,,8,,20260812
SURYY,"Sumitomo Realty & Development Co., Ltd.",Real Estate,Real Estate Services,PNK,11.56,1076,21354010624,0.5425,11.34,12.9,0.4046,-33.59,-29.01,-18.95,-26.13,0.0,26.25,3,16.24,10.1,-28.83,0.0,,8,,20260812
CAOVY,China Overseas Land & Investment Limited,Real Estate,Real Estate - Development,PNK,8.54,12379,18277955584,0.4275,8.76,8.53,-0.5256,-21.45,-19.04,-23.02,-21.24,0.0,45.75,3,11.4,7.03,-25.09,0.0,,8,,20260812
ILMN,"Illumina, Inc.",Healthcare,Diagnostics & Research,NASDAQ,192.91,1986051,29129410560,7.6443,182.38,143.63,1.3781,27.48,49.47,80.71,56.47,0.0,90.0,2,207.0,88.0,-6.81,0.0,,8,,20260812
AFRM,"Affirm Holdings, Inc.",Financial Services,Credit Services,NASDAQ,73.4,4174748,24581554176,3.5138,75.08,66.27,-0.4779,7.26,10.85,-22.23,-3.28,0.0,69.5,3,100.0,42.09,-26.6,0.0,,8,,20260812
LEN,Lennar Corporation,Consumer Cyclical,Residential Construction,NYSE,85.2,2652066,20524265472,2.829,87.04,100.45,-0.6502,-5.09,-40.04,-50.71,-35.57,0.0,23.25,4,144.24,79.83,-40.93,0.0,,8,,20260812
SBAC,SBA Communications Corporation,Real Estate,REIT - Specialty,NASDAQ,183.08,1043574,19422611456,6.3175,186.78,192.28,-0.5854,-18.69,-14.13,-37.3,-24.54,0.0,32.75,4,225.33,162.41,-18.75,0.0,,8,,20260812
PKX,POSCO Holdings Inc.,Basic Materials,Steel,NYSE,57.09,396640,17268760576,1.8327,55.61,60.3,0.8093,-35.96,-22.62,-18.03,-24.12,0.0,45.75,3,92.4,44.99,-38.21,0.0,,8,,20260812
EMBVF,"Arca Continental, S.A.B. de C.V.",Consumer Defensive,Beverages - Non-Alcoholic,PNK,11.38,4535,19282968576,0.1628,11.81,11.38,-2.6321,-16.54,-16.41,-18.54,-17.3,0.0,44.5,3,13.1,9.51,-13.13,0.0,,8,,20260812
TNABF,Tenaga Nasional Berhad,Utilities,Utilities - Regulated Electric,PNK,3.6,5796,22320134144,0.1752,3.46,3.26,0.807,-12.19,-3.59,-0.04,-4.32,0.0,56.25,2,3.92,2.7,-8.28,0.0,,8,,20260812
SQM,Sociedad Química y Minera de Chile S.A.,Basic Materials,Specialty Chemicals,NYSE,71.25,1083108,20351694848,2.4375,73.3,73.14,-0.8419,-29.62,-9.67,34.17,2.88,0.0,31.5,4,98.0,40.58,-27.3,0.0,,8,,20260812
TEAM,Atlassian Corporation,Technology,Software - Application,NASDAQ,155.24,5102598,39394922496,8.9176,96.59,107.84,6.5772,77.72,54.86,-25.36,28.49,0.0,93.75,3,184.0,56.01,-15.63,0.0,,8,,20260812
MKSI,MKS Inc.,Technology,Scientific & Technical Instruments,NASDAQ,306.83,1385585,20747094016,23.6161,343.85,251.11,-1.5677,-6.41,9.51,191.4,78.29,0.0,33.75,3,447.62,97.3,-31.45,0.0,,8,,20260812
LSRCY,Lasertec Corporation,Technology,Semiconductor Equipment & Materials,PNK,49.74,94088,22291148800,3.4631,55.02,46.39,-1.5239,-16.96,10.27,129.4,51.11,0.0,35.0,3,72.89,19.75,-31.76,0.0,,8,,20260812
FOJCY,Fortum Oyj,Utilities,Utilities - Renewable,PNK,4.6,8816,20637081600,0.1506,4.58,4.52,0.105,-10.46,-10.91,7.79,-3.32,0.0,62.5,2,5.27,3.27,-12.71,0.0,,8,,20260812
DGX,Quest Diagnostics Incorporated,Healthcare,Diagnostics & Research,NYSE,237.77,938648,26243473408,5.4926,213.29,194.71,4.4566,20.61,4.56,12.83,11.88,0.0,92.5,2,240.13,171.18,-0.98,0.0,,8,,20260812
ARLUF,Aristocrat Leisure Limited,Consumer Cyclical,Gambling,PNK,46.2,848,27694788608,0.5342,41.28,37.57,9.2012,42.4,12.43,-21.29,6.44,0.0,76.25,2,47.56,30.3,-2.86,0.0,,8,,20260812
CRS,Carpenter Technology Corporation,Industrials,Metal Fabrication,NYSE,528.64,743156,26265802752,27.562,562.92,417.29,-1.2439,19.57,34.71,90.61,53.29,0.0,61.25,3,625.99,228.0,-15.55,0.0,,8,,20260812
ROIV,Roivant Sciences Ltd.,Healthcare,Biotechnology,NASDAQ,36.16,6020914,26119200768,1.2735,33.24,27.05,2.2944,20.1,18.77,192.13,88.45,0.0,88.75,2,37.0,11.54,-2.27,0.0,,8,,20260812
IPOAF,"Industrias Peñoles, S.A.B. de C.V.",Basic Materials,Other Industrial Metals & Mining,PNK,51.9,395,20628992000,0.8316,47.68,50.49,5.0745,-20.91,-31.72,39.97,-0.34,0.0,52.5,3,71.0,27.85,-26.9,0.0,,8,,20260812
ELCPF,"EDP, S.A.",Utilities,Utilities - Diversified,PNK,4.95,12538,20462911488,0.1548,4.99,4.85,-0.2751,-11.1,-6.09,-10.03,-8.92,0.0,51.5,3,5.6,4.09,-11.61,0.0,,8,,20260812
PPERY,PT Bank Mandiri (Persero) Tbk,Financial Services,Banks - Regional,PNK,9.21,183512,21489999872,0.2224,9.24,10.12,-0.1295,-5.97,-29.47,-35.49,-26.0,0.0,30.25,4,13.11,8.2,-29.75,0.0,,8,,20260812
JXHGF,"ENEOS Holdings, Inc.",Energy,Oil & Gas Refining & Marketing,PNK,8.56,169,22602426368,0.0646,7.88,7.81,10.5124,1.2,-16.23,43.42,11.99,0.0,50.0,2,9.12,5.27,-6.24,0.0,,8,,20260812
AKAM,"Akamai Technologies, Inc.",Technology,Software - Infrastructure,NASDAQ,122.78,4458085,17645524992,6.6573,124.07,106.9,-0.1938,-22.82,17.86,51.06,20.97,0.0,50.75,3,165.45,70.82,-25.79,0.0,,8,,20260812
SMCI,"Super Micro Computer, Inc.",Technology,Computer Hardware,NASDAQ,37.61,53923498,24328894464,2.5321,31.18,31.92,2.5378,9.78,0.64,-39.61,-13.18,0.0,60.0,3,58.78,19.48,-36.02,0.0,,8,,20260812
OMC,Omnicom Group Inc.,Communication Services,Advertising Agencies,NYSE,85.51,3869480,24370880512,2.9242,78.55,75.87,2.3786,8.74,7.27,-0.88,4.38,0.0,88.75,2,87.41,66.33,-2.17,0.0,,8,,20260812
CJPRY,Central Japan Railway Company,Industrials,Railroads,PNK,11.96,181611,22749552640,0.2285,11.22,12.81,3.2322,0.27,-33.68,-30.11,-23.76,0.0,72.0,3,15.68,10.03,-23.72,0.0,,8,,20260812
FOJCF,Fortum Oyj,Utilities,Utilities - Renewable,PNK,22.52,217,20206395392,0.1415,22.81,22.37,-2.0854,-9.91,-13.49,3.83,-5.67,0.0,38.25,3,25.75,17.06,-12.54,0.0,,8,,20260812
EDPFY,"EDP, S.A.",Utilities,Utilities - Diversified,PNK,52.66,24817,21814927360,0.7714,51.52,48.67,1.4744,-3.59,-5.98,5.21,-0.9,0.0,82.5,2,56.45,42.9,-6.71,0.0,,8,,20260812
VLTO,Veralto Corporation,Industrials,Pollution & Treatment Controls,NYSE,96.67,2218453,23567501312,2.4685,90.13,93.38,2.6485,7.07,-7.3,-32.34,-13.72,0.0,90.0,3,110.11,80.03,-12.21,0.0,,8,,20260812
LH,Labcorp Holdings Inc.,Healthcare,Diagnostics & Research,NYSE,323.48,668906,26234228736,8.0213,283.44,268.68,4.9922,21.12,2.09,-0.7,5.74,0.0,93.75,2,323.97,244.52,-0.15,0.0,,8,,20260812
STE,STERIS plc,Healthcare,Medical Devices,NYSE,236.6,826593,23068526592,6.5633,216.52,233.53,3.0598,7.63,-14.97,-24.1,-12.97,0.0,93.75,3,269.44,195.14,-12.19,0.0,,8,,20260812
BDRXF,Bombardier Inc.,Industrials,Aerospace & Defense,PNK,18.32,75,43441480717,0.0692,17.47,17.49,12.2394,-3.55,-2.99,-11.14,-6.39,0.0,76.25,3,18.75,14.59,-2.29,0.0,,8,,20260812
TNABY,Tenaga Nasional Berhad,Utilities,Utilities - Regulated Electric,PNK,15.09,683,21990438912,0.1846,14.51,13.94,3.1481,-8.34,-0.06,2.58,-1.07,0.0,51.25,2,15.7,11.6,-3.89,0.0,,8,,20260812
BDRBF,Bombardier Inc.,Industrials,Aerospace & Defense,PNK,246.78,27559,24345597952,12.4861,236.05,193.06,0.8594,19.96,21.22,82.83,45.55,0.0,91.25,2,269.94,103.87,-8.58,0.0,,8,,20260812
BDRAF,Bombardier Inc.,Industrials,Aerospace & Defense,PNK,245.05,283,24174927872,9.0716,236.4,193.35,0.9541,17.91,24.16,81.57,45.56,0.0,87.5,2,277.21,109.8,-11.6,0.0,,8,,20260812
GNENY,"Ganfeng Lithium Group Co., Ltd.",Basic Materials,Chemicals,PNK,5.01,2210,10504439808,0.3014,6.1,7.57,-3.6056,-61.01,-42.35,18.02,-22.87,0.0,7.5,4,11.88,3.7,-57.83,0.0,,8,,20260812
GWLLF,Great Wall Motor Company Limited,Consumer Cyclical,Auto Manufacturers,PNK,1.1,2033,9400625152,0.0118,1.18,1.6,-7.1737,-33.07,-44.15,-60.48,-47.91,0.0,1.25,4,2.51,1.02,-56.18,0.0,,8,,20260812
JMHLY,Jardine Matheson Holdings Limited,Industrials,Conglomerates,PNK,62.74,15475,18433187840,2.2324,63.15,68.22,-0.1849,-17.51,-27.97,-7.81,-17.29,0.0,32.75,4,83.54,55.3,-24.9,0.0,,8,,20260812
CHKGF,CK Asset Holdings Limited,Real Estate,Real Estate - Development,PNK,6.14,229,20701188096,0.0289,5.95,5.45,6.6496,-12.1,-1.73,18.55,3.79,0.0,50.0,2,6.8,4.25,-9.77,0.0,,8,,20260812
CCHGY,Coca-Cola HBC AG,Consumer Defensive,Beverages - Non-Alcoholic,PNK,62.09,7283,22629603328,1.4938,63.83,56.21,-1.1664,6.91,-3.24,2.41,1.56,0.0,77.0,3,68.71,44.37,-9.63,0.0,,8,,20260812
WWD,"Woodward, Inc.",Industrials,Aerospace & Defense,NASDAQ,362.7,762167,21415919616,14.4963,394.61,352.3,-2.2011,-6.12,-19.41,23.59,1.11,0.0,61.25,3,450.92,233.31,-19.56,0.0,,8,,20260812
GNENF,"Ganfeng Lithium Group Co., Ltd.",Basic Materials,Chemicals,PNK,5.1,4185,10462504960,0.2812,6.07,7.54,-3.4512,-57.43,-44.45,34.76,-16.01,0.0,11.25,4,11.4,3.66,-55.26,0.0,,8,,20260812
VONOY,Vonovia SE,Real Estate,Real Estate Services,PNK,12.01,282862,20379412480,0.2441,11.97,13.07,0.1587,-8.01,-25.72,-45.43,-29.18,0.0,53.25,3,17.05,11.26,-29.56,0.0,,8,,20260812
TLSNF,Telia Company AB (publ),Communication Services,Telecom Services,PNK,4.65,101,18284308480,0.0107,4.93,4.66,-26.6382,-15.93,-9.41,2.78,-6.16,0.0,12.0,4,5.42,3.68,-14.21,0.0,,8,,20260812
FYGGY,"Fuyao Glass Industry Group Co., Ltd.",Consumer Cyclical,Auto Parts,PNK,1.8,35065,18581374976,0.1203,1.71,1.96,0.7147,-22.6,-24.27,-22.33,-23.08,0.0,44.5,3,2.69,1.5,-33.09,0.0,,8,,20260812
BNDSF,"Banco de Sabadell, S.A.",Financial Services,Banks - Diversified,PNK,3.83,1650,18236018688,0.0314,3.59,3.35,7.795,6.43,1.02,-3.08,0.73,0.0,75.0,2,4.15,3.29,-7.71,0.0,,8,,20260812
ULS,UL Solutions Inc.,Industrials,Specialty Business Services,NYSE,76.68,1029320,15455859712,3.535,90.9,85.52,-4.0218,-26.18,-5.37,-6.74,-11.12,0.0,11.25,4,107.54,61.64,-28.7,0.0,,8,,20260812
AGPPF,Valterra Platinum Limited,Basic Materials,Other Precious Metals & Mining,PNK,87.32,132,23049299968,2.5816,72.67,80.4,5.6765,-7.76,-14.78,66.11,19.33,0.0,57.5,3,122.71,0.01,-28.84,0.0,,8,,20260812
EXPD,"Expeditors International of Washington, Inc.",Industrials,Integrated Freight & Logistics,NYSE,184.47,1269537,23979370496,4.7088,169.58,153.2,3.1623,15.15,2.46,36.53,19.26,0.0,86.25,2,187.74,112.95,-1.74,0.0,,8,,20260812
LSRCF,Lasertec Corporation,Technology,Semiconductor Equipment & Materials,PNK,246.45,79,22089476096,9.844,204.9,102.99,4.2209,117.69,145.35,2105.45,922.48,0.0,76.25,2,334.16,97.12,-26.25,0.0,,8,,20260812
DKS,"DICK'S Sporting Goods, Inc.",Consumer Cyclical,Specialty Retail,NYSE,202.66,1277941,18138585088,7.1921,216.77,210.64,-1.9617,-12.04,-9.54,-24.95,-16.33,0.0,23.25,4,244.38,186.67,-17.07,0.0,,8,,20260812
TLSNY,Telia Company AB (publ),Communication Services,Telecom Services,PNK,8.94,88374,17576527872,0.1511,9.58,9.24,-4.2521,-19.37,-17.59,5.37,-8.85,0.0,22.0,4,10.98,7.15,-18.58,0.0,,8,,20260812
ENTG,"Entegris, Inc.",Technology,Semiconductor Equipment & Materials,NASDAQ,161.08,3224100,24532484096,10.814,144.77,121.2,1.5086,6.03,8.69,101.58,45.18,0.0,61.25,2,186.94,67.97,-13.83,0.0,,8,,20260812
JARLF,Jardine Matheson Holdings Limited,Industrials,Conglomerates,PNK,62.57,993,18383239168,0.3433,62.57,68.42,0.0064,-11.39,-30.37,-11.71,-18.16,0.0,37.0,3,82.35,56.33,-24.02,0.0,,8,,20260812
GBERF,Geberit AG,Industrials,Building Products & Equipment,PNK,684.01,25,26378981376,4.7613,647.38,717.65,7.6936,-8.75,-27.03,-34.79,-25.56,0.0,37.0,3,819.04,604.77,-16.49,0.0,,8,,20260812
CLEGF,Coles Group Limited,Consumer Defensive,Grocery Stores,PNK,16.85,26,23680366592,0.0974,16.16,15.78,7.0615,0.58,-9.36,10.47,1.06,0.0,75.0,2,17.14,13.2,-1.69,0.0,,8,,20260812
KKPNF,Koninklijke KPN N.V.,Communication Services,Telecom Services,PNK,4.6,57429,17639745536,0.3297,4.87,4.94,-0.8061,-19.73,-24.89,-18.7,-21.13,0.0,29.5,4,5.81,4.25,-20.83,0.0,,8,,20260812
CHRW,"C.H. Robinson Worldwide, Inc.",Industrials,Integrated Freight & Logistics,NASDAQ,146.7,1911395,17142078464,7.067,181.29,171.92,-4.8946,-16.88,-37.08,5.38,-15.05,0.0,10.0,4,210.33,118.21,-30.25,0.0,,8,,20260812
EMSHF,EMS-CHEMIE HOLDING AG,Basic Materials,Specialty Chemicals,PNK,979.75,3,18163218432,8.4961,886.06,807.26,11.0271,4.3,13.64,8.15,9.11,0.0,75.0,2,1025.0,702.84,-4.41,0.0,,8,,20260812
CKISF,CK Infrastructure Holdings Limited,Utilities,Utilities - Regulated Electric,PNK,7.3,27,18267179008,0.0144,7.9,7.47,-41.4808,-17.58,-12.69,-11.84,-13.57,0.0,12.0,4,8.64,6.25,-15.51,0.0,,8,,20260812
CAPMF,Capgemini SE,Technology,Information Technology Services,PNK,127.49,1495,21163620352,6.9341,111.32,133.16,2.3317,0.07,-18.13,-35.12,-20.38,0.0,45.75,3,183.1,97.21,-30.37,0.0,,8,,20260812
KKPNY,Koninklijke KPN N.V.,Communication Services,Telecom Services,PNK,4.56,501629,17486356480,0.1595,4.83,4.85,-1.6871,-17.72,-24.37,-19.33,-20.69,0.0,27.0,4,5.72,4.36,-20.28,0.0,,8,,20260812
SHWDY,Resonac Holdings Corporation,Basic Materials,Chemicals,PNK,98.61,156,18707007488,3.7805,102.63,72.29,-1.0644,3.14,45.82,292.14,133.68,0.0,40.75,3,126.17,24.02,-21.84,0.0,,8,,20260812
ANGPY,Valterra Platinum Limited,Basic Materials,Other Precious Metals & Mining,PNK,15.19,161569,24067266560,0.5693,12.06,13.24,5.4903,-3.29,-9.33,70.75,24.21,0.0,67.5,3,19.71,7.48,-22.93,0.0,,8,,20260812
JIAXF,Jiangxi Copper Company Limited,Basic Materials,Copper,PNK,4.93,1090,20949659648,0.0642,4.27,4.73,10.3298,0.17,-24.99,127.98,42.49,0.0,52.5,3,6.32,1.97,-21.99,0.0,,8,,20260812
AS,"Amer Sports, Inc.",Consumer Cyclical,Leisure,NYSE,33.03,4379880,19217580032,1.3407,35.0,35.5,-1.472,-6.5,-30.04,-32.75,-25.24,0.0,50.75,3,42.76,28.92,-22.75,0.0,,8,,20260812
BURL,"Burlington Stores, Inc.",Consumer Cyclical,Apparel Retail,NYSE,353.63,806770,22218670080,11.136,339.32,309.4,1.2847,16.26,-0.88,7.79,6.87,0.0,87.5,2,378.33,240.49,-6.53,0.0,,8,,20260812
HKHHY,Heineken Holding N.V.,Consumer Defensive,Beverages - Brewers,OQX,40.36,29301,22185363456,0.8264,38.67,36.46,2.0409,11.14,-6.86,-5.01,-1.62,0.0,92.5,2,43.51,33.58,-7.24,0.0,,8,,20260812
GBERY,Geberit AG,Industrials,Building Products & Equipment,PNK,67.24,17604,22171533312,1.1508,65.19,70.92,1.7787,-2.9,-27.57,-36.23,-24.87,0.0,75.75,3,84.91,61.41,-20.81,0.0,,8,,20260812
MZTFF,Mizrahi Tefahot Bank Ltd.,Financial Services,Banks - Regional,PNK,77.0,80,20052045824,0.447,71.69,70.5,11.882,1.09,-9.69,145.78,55.19,0.0,50.0,2,80.2,34.68,-3.99,0.0,,8,,20260812
CGEMY,Capgemini SE,Technology,Information Technology Services,PNK,24.37,380527,20227368960,0.7379,22.06,25.69,3.1331,3.19,-18.26,-34.47,-19.38,0.0,75.75,3,35.9,19.42,-32.12,0.0,,8,,20260812
IREN,IREN Limited,Financial Services,Capital Markets,NASDAQ,43.67,45370662,15606726656,4.0545,45.76,47.29,-0.5151,-27.71,-10.48,120.19,37.48,0.0,35.25,4,76.87,17.22,-43.19,0.0,,8,,20260812
ALB,Albemarle Corporation,Basic Materials,Specialty Chemicals,NYSE,128.34,2335850,15144768512,5.4981,135.99,153.17,-1.3914,-42.31,-35.68,38.24,-7.77,0.0,8.75,4,221.0,71.25,-41.93,0.0,,8,,20260812
VNNVF,Vonovia SE,Real Estate,Real Estate Services,PNK,22.1,1390,18750416896,0.2703,24.37,26.49,-8.4172,-16.17,-33.32,-47.35,-34.64,0.0,0.0,4,33.7,21.8,-34.42,0.0,,8,,20260812
BSBR,Banco Santander (Brasil) S.A.,Financial Services,Banks - Regional,NYSE,5.75,2184711,43053281280,0.1577,5.28,5.76,2.9595,-1.19,-26.25,-1.65,-10.15,0.0,73.25,3,7.32,4.75,-21.45,0.0,,8,,20260812
CCHBF,Coca-Cola HBC AG,Consumer Defensive,Beverages - Non-Alcoholic,PNK,62.52,841,22786324480,1.0182,64.14,54.05,-1.588,8.76,12.62,3.83,8.14,0.0,63.25,3,69.69,45.9,-10.29,0.0,,8,,20260812
CHTR,"Charter Communications, Inc.",Communication Services,Telecom Services,NASDAQ,150.22,3363948,20246274048,7.3737,137.41,188.25,1.7373,-3.36,-51.68,-64.77,-44.84,0.0,41.25,3,285.82,111.55,-47.44,0.0,,8,,20260812
YPF,YPF Sociedad Anónima,Energy,Oil & Gas Integrated,NYSE,48.9,1692558,19172470784,1.8883,50.12,41.96,-0.6446,3.87,12.86,19.74,13.37,0.0,74.5,3,57.49,22.82,-14.94,0.0,,8,,20260812
NXGPY,NEXT plc,Consumer Cyclical,Apparel Retail,PNK,107.52,375,24547256320,0.9418,97.87,90.81,10.2426,15.6,9.45,12.09,12.04,0.0,77.5,2,107.52,78.67,-0.0,0.0,,8,,20260812
DSMFF,DSM-Firmenich AG,Basic Materials,Specialty Chemicals,OQX,108.0,1167,26619592704,1.3517,91.09,78.64,12.5078,49.0,32.3,-4.24,21.86,0.0,75.0,2,108.0,67.0,0.0,0.0,,8,,20260812
HLDCY,Henderson Land Development Company Limited,Real Estate,Real Estate - Diversified,PNK,3.54,71614,17138509824,0.0867,3.4,3.7,1.5743,-20.56,-24.59,-20.69,-22.02,0.0,48.25,3,4.49,3.08,-21.16,0.0,,8,,20260812
GPN,Global Payments Inc.,Industrials,Specialty Business Services,NYSE,88.53,3728898,23426664448,3.1245,75.87,74.13,4.0503,24.61,9.47,-11.86,4.72,0.0,90.0,2,90.85,61.16,-2.55,0.0,,8,,20260812
SOFI,"SoFi Technologies, Inc.",Financial Services,Credit Services,NASDAQ,17.94,78447032,23170770944,0.827,17.44,20.93,0.6007,7.91,-27.5,-42.8,-24.77,0.0,58.75,3,32.73,14.88,-45.19,0.0,,8,,20260812
LGGNY,Legal & General Group Plc,Financial Services,Asset Management,PNK,20.61,83841,22499915776,0.3676,19.71,17.21,2.459,17.76,8.08,6.21,9.75,0.0,93.75,2,21.6,15.25,-4.58,0.0,,8,,20260812
LUV,Southwest Airlines Co.,Industrials,Airlines,NYSE,44.98,6169729,22004584448,1.6618,46.98,42.05,-1.2011,9.51,-28.29,34.87,6.42,0.0,74.5,3,55.11,29.26,-18.38,0.0,,8,,20260812
ASCCY,ASICS Corporation,Consumer Cyclical,Footwear & Accessories,PNK,30.18,28141,21394962432,0.7986,28.85,27.19,1.6689,-5.86,7.19,5.19,3.13,0.0,88.75,2,31.99,22.2,-5.66,0.0,,8,,20260812
SBS,Companhia de Saneamento Básico do Estado de São Paulo - SABESP,Utilities,Utilities - Regulated Water,NYSE,5.1,6291229,17935198208,0.1575,5.56,5.57,-2.9508,-20.48,-23.91,3.42,-12.12,0.0,19.5,4,7.16,4.18,-28.75,0.0,,8,,20260812
SW,Smurfit Westrock Plc,Consumer Cyclical,Packaging & Containers,NYSE,49.25,5481458,25832753152,1.9104,45.11,41.05,2.169,17.83,-2.36,-5.93,1.26,0.0,86.25,2,52.65,32.73,-6.46,0.0,,8,,20260812
DSFIY,DSM Firmenich AG,Basic Materials,Specialty Chemicals,OQX,10.7,261214,26373115904,0.2568,9.35,7.97,5.2417,35.9,26.3,-7.07,15.35,0.0,88.75,2,10.97,6.4,-2.46,0.0,,8,,20260812
HKHHF,Heineken Holding N.V.,Consumer Defensive,Beverages - Brewers,OQX,85.68,1211,23548588032,0.4795,76.47,72.66,19.2037,14.65,-3.66,4.11,4.03,0.0,76.25,2,86.08,66.15,-0.46,0.0,,8,,20260812
BNDSY,"Banco de Sabadell, S.A.",Financial Services,Banks - Diversified,PNK,8.02,7804,19190671360,0.3619,7.31,6.69,1.975,9.98,11.39,2.39,7.44,0.0,88.75,2,8.65,6.15,-7.28,0.0,,8,,20260812
RCI,Rogers Communications Inc.,Communication Services,Telecom Services,NYSE,35.84,1293122,19361673216,0.8423,34.95,36.33,1.0533,-5.24,-15.17,-13.98,-12.21,0.0,53.25,3,41.14,31.38,-12.88,0.0,,8,,20260812
DD,"DuPont de Nemours, Inc.",Basic Materials,Specialty Chemicals,NYSE,144.37,1479654,19492751360,4.2797,139.81,133.87,1.0643,-9.32,-14.07,44.77,10.65,0.0,62.5,2,157.98,90.45,-8.62,0.0,,8,,20260812
TTMI,"TTM Technologies, Inc.",Technology,Electronic Components,NASDAQ,138.1,2923512,14548678656,12.6762,159.03,115.41,-1.6514,-20.38,35.07,186.75,81.88,0.0,36.25,3,223.83,39.2,-38.3,0.0,,8,,20260812
LGGNF,Legal & General Group Plc,Financial Services,Asset Management,PNK,4.17,2164,22761922560,0.0891,3.79,3.55,4.303,16.72,-3.6,-0.32,2.79,0.0,75.0,2,4.21,3.06,-0.95,0.0,,8,,20260812
MDIBF,Mediobanca Banca di Credito Finanziario S.p.A.,Financial Services,Banks - Regional,PNK,28.96,70,23360458752,0.0157,28.33,24.34,40.3539,18.02,13.95,8.62,12.84,0.0,75.0,2,31.75,23.05,-8.77,0.0,,8,,20260812
MDIBY,Mediobanca Banca di Credito Finanziario S.p.A.,Financial Services,Banks - Regional,PNK,33.32,5796,27067396096,0.4293,30.07,22.77,7.5603,36.97,42.13,17.29,30.9,0.0,86.25,2,33.34,17.66,-0.06,0.0,,8,,20260812
RCIAF,Rogers Communications Inc.,Communication Services,Telecom Services,PNK,34.95,33,18880874496,0.1064,36.5,36.76,-14.5607,-10.06,-17.17,-23.41,-17.89,0.0,24.0,4,40.83,33.31,-14.4,0.0,,8,,20260812
LSCC,Lattice Semiconductor Corporation,Technology,Semiconductors,NASDAQ,129.27,2062488,18323920896,8.6164,136.38,103.63,-0.8252,-1.86,29.93,90.57,46.24,0.0,36.25,3,157.01,59.37,-17.67,0.0,,8,,20260812
NXT,Nextpower Inc.,Technology,Solar,NASDAQ,103.67,3210530,15927687168,6.9169,112.85,109.36,-1.3267,-22.65,-26.84,61.85,9.68,0.0,23.25,4,163.13,52.61,-36.45,0.0,,8,,20260812
NNDNF,Nidec Corporation,Industrials,Specialty Industrial Machinery,PNK,15.6,8,19198672896,0.099,17.53,14.8,-19.5134,-1.76,-1.1,-46.39,-19.38,0.0,50.0,3,22.11,12.1,-29.44,0.0,,8,,20260812
BRO,"Brown & Brown, Inc.",Financial Services,Insurance Brokers,NYSE,71.06,2953633,23777411072,2.2538,65.65,69.96,2.3984,22.5,-6.79,-47.03,-15.57,0.0,91.25,3,98.3,53.81,-27.71,0.0,,8,,20260812
NJDCY,Nidec Corporation,Industrials,Specialty Industrial Machinery,PNK,4.28,12080,17872109568,0.2349,4.04,3.64,1.026,-6.11,1.9,-34.93,-14.83,0.0,62.5,3,5.7,1.84,-24.91,0.0,,8,,20260812
EFX,Equifax Inc.,Industrials,Consulting Services,NYSE,180.46,1725791,21201326080,7.0352,169.79,189.09,1.5167,3.67,-22.63,-46.72,-25.69,0.0,78.25,3,271.84,150.75,-33.62,0.0,,8,,20260812
RBA,"RB Global, Inc.",Industrials,Specialty Business Services,NYSE,86.46,1245524,16107497472,3.96,108.23,104.56,-5.4982,-21.05,-39.42,-48.91,-38.63,0.0,33.75,3,119.58,86.07,-27.7,0.0,,8,,20260812
TU,TELUS Corporation,Communication Services,Telecom Services,NYSE,9.52,7193087,14994000896,0.3335,10.76,12.25,-3.714,-27.28,-42.44,-60.51,-45.88,0.0,12.5,4,16.72,9.2,-43.06,0.0,,8,,20260812
NXGPF,NEXT plc,Consumer Cyclical,Apparel Retail,PNK,206.7,27,23595227136,0.5656,193.57,185.54,23.215,12.08,-0.19,3.17,4.22,0.0,75.0,2,206.7,165.06,-0.0,0.0,,8,,20260812
GWLLY,Great Wall Motor Company Limited,Consumer Cyclical,Auto Manufacturers,PNK,11.03,683,9457088512,0.2829,11.8,15.53,-2.7132,-33.84,-44.57,-57.19,-46.94,0.0,0.0,4,26.12,9.8,-57.77,0.0,,8,,20260812
INCY,Incyte Corporation,Healthcare,Biotechnology,NASDAQ,120.77,1887001,24479805440,3.8594,112.84,102.56,2.0552,16.91,8.5,29.68,19.08,0.0,87.5,2,132.6,81.09,-8.92,0.0,,8,,20260812
VTRS,Viatris Inc.,Healthcare,Drug Manufacturers - Specialty & Generic,NASDAQ,16.1,10230795,18492313600,0.5493,16.56,14.08,-0.8291,-10.46,-9.65,46.9,12.77,0.0,72.0,3,18.39,9.43,-12.45,0.0,,8,,20260812
STOSF,Santos Limited,Energy,Oil & Gas E&P,PNK,5.09,6603,16531165184,0.1669,5.33,4.97,-1.4293,-15.35,-9.83,-20.68,-15.55,0.0,39.5,3,6.25,3.65,-18.56,0.0,,8,,20260812
EVRG,"Evergy, Inc.",Utilities,Utilities - Regulated Electric,NASDAQ,83.32,2059354,19210856448,1.5851,84.53,79.37,-0.7607,-4.06,-4.62,-3.65,-4.09,0.0,72.0,3,88.62,70.42,-5.98,0.0,,8,,20260812
KUBTY,Kubota Corporation,Industrials,Farm & Heavy Construction Machinery,PNK,85.81,22687,19331147776,2.4326,86.17,81.42,-0.1468,-10.78,-15.44,17.39,-1.14,0.0,48.25,3,107.97,56.88,-20.52,0.0,,8,,20260812
SRTOY,Sartorius Stedim Biotech S.A.,Healthcare,Medical Instruments & Supplies,PNK,20.91,30538,20048609280,0.9467,20.08,21.45,0.8778,3.04,-17.81,-16.57,-12.1,0.0,79.5,3,26.54,17.25,-21.22,0.0,,8,,20260812
DNGFF,Dongfang Electric Corporation Limited,Industrials,Specialty Industrial Machinery,PNK,2.94,290,10160662528,0.0213,2.92,3.09,1.0163,-31.62,-14.35,205.79,69.39,0.0,37.0,3,5.75,1.1,-48.9,0.0,,8,,20260812
PKG,Packaging Corporation of America,Consumer Cyclical,Packaging & Containers,NYSE,256.31,678198,22836783104,6.6723,236.25,217.42,3.007,12.38,-4.87,10.75,5.69,0.0,88.75,2,258.98,191.5,-1.03,0.0,,8,,20260812
SITM,SiTime Corporation,Technology,Semiconductors,NASDAQ,680.52,591770,20463941632,54.7749,637.34,470.45,0.7883,-29.27,51.14,218.41,97.95,0.0,58.75,2,901.81,204.6,-24.54,0.0,,8,,20260812
IFF,International Flavors & Fragrances Inc.,Basic Materials,Specialty Chemicals,NYSE,83.85,2010966,21407195136,2.6006,78.06,72.27,2.2257,2.5,-1.74,12.51,5.02,0.0,91.25,2,89.32,59.14,-6.12,0.0,,8,,20260812
DWAHF,"Daiwa House Industry Co., Ltd.",Real Estate,Real Estate - Development,PNK,30.54,433,18914838528,0.3786,25.71,72.92,12.7478,-10.91,-84.02,-145.32,-90.26,0.0,25.0,3,38.55,23.99,-20.78,0.0,,8,,20260812
TRATF,Traton SE,Industrials,Farm & Heavy Construction Machinery,PNK,44.88,53,23356475392,0.4085,39.84,36.34,12.3407,18.77,-2.6,5.71,6.07,0.0,75.0,2,46.07,30.34,-2.59,0.0,,8,,20260812
NESRF,Northern Star Resources Limited,Basic Materials,Gold,PNK,16.2,23080,23081844736,0.8717,14.32,16.35,2.1546,1.96,-29.44,15.18,-3.74,0.0,50.75,3,22.99,11.3,-29.53,0.0,,8,,20260812
BKRIY,Bank of Ireland Group plc,Financial Services,Banks - Regional,PNK,21.8,31767,20557400064,0.4618,20.48,18.91,2.8559,5.9,-2.78,28.42,11.87,0.0,93.75,2,22.19,14.65,-1.76,0.0,,8,,20260812
LNT,Alliant Energy Corporation,Utilities,Utilities - Regulated Electric,NASDAQ,70.24,2505645,18212157440,1.4729,73.08,69.31,-1.9252,-7.42,-7.36,-11.95,-9.21,0.0,47.0,3,78.81,63.28,-10.87,0.0,,8,,20260812
SNX,TD SYNNEX Corporation,Technology,Electronics & Computer Distribution,NYSE,255.21,837708,20406274048,8.8611,260.71,195.34,-0.6202,5.83,36.64,54.26,35.99,0.0,69.5,3,296.47,142.22,-13.92,0.0,,8,,20260812
SSLZY,Santos Limited,Energy,Oil & Gas E&P,PNK,5.7,140861,18512304128,0.1893,5.38,5.01,1.7052,-2.21,2.95,-14.04,-5.14,0.0,62.5,2,5.98,3.91,-4.68,0.0,,8,,20260812
CX,"CEMEX, S.A.B. de C.V.",Basic Materials,Building Materials,NYSE,11.24,5627074,16218784768,0.3316,12.26,11.79,-3.0697,-19.37,-24.95,7.71,-10.49,0.0,17.0,4,13.67,8.44,-17.78,0.0,,8,,20260812
WSPOF,WSP Global Inc.,Industrials,Engineering & Construction,PNK,139.99,44651,19012675584,6.182,126.72,160.55,2.1459,-14.55,-39.89,-53.69,-39.07,0.0,33.75,3,210.29,111.08,-33.43,0.0,,8,,20260812
SNA,Snap-on Incorporated,Industrials,Tools & Accessories,NYSE,408.44,358659,21127426048,8.4296,400.03,369.11,0.9978,6.46,-2.55,7.86,3.86,0.0,86.25,2,423.02,319.2,-3.45,0.0,,8,,20260812
BKRIF,Bank of Ireland Group plc,Financial Services,Banks - Regional,PNK,22.25,1019,20981749760,0.5412,20.34,19.07,3.5353,8.44,-0.83,32.56,14.84,0.0,82.5,2,22.25,14.45,0.0,0.0,,8,,20260812
YAHOF,LY Corporation,Consumer Cyclical,Internet Retail,PNK,2.9,2132,20920473600,0.0512,2.69,2.67,4.1797,-0.57,-0.99,-45.89,-18.85,0.0,75.0,2,3.73,2.29,-22.27,0.0,,8,,20260812
BEKE,KE Holdings Inc.,Real Estate,Real Estate Services,NYSE,17.42,4286972,19226021888,0.4359,16.13,16.57,2.9536,-13.98,-16.98,-21.54,-18.05,0.0,67.5,3,20.98,13.81,-16.97,0.0,,8,,20260812
SDMHF,Sartorius Stedim Biotech S.A.,Healthcare,Medical Instruments & Supplies,PNK,207.5,243,20185776128,2.6546,202.02,213.42,2.0649,4.29,-13.87,-16.28,-10.3,0.0,63.25,3,264.3,178.3,-21.49,0.0,,8,,20260812
NISTF,Nippon Steel Corporation,Basic Materials,Steel,PNK,4.32,11874,22577590272,0.2168,3.67,3.89,2.9855,15.08,-12.89,-101.62,-41.39,0.0,82.5,3,26.21,3.2,-83.52,0.0,,8,,20260812
BCH,Banco de Chile,Financial Services,Banks - Regional,NYSE,39.9,328883,20152907776,1.1373,39.98,37.93,-0.0659,7.48,-17.89,24.51,5.41,0.0,73.25,3,46.77,28.26,-14.69,0.0,,8,,20260812
PRNDY,Pernod Ricard SA,Consumer Defensive,Beverages - Wineries & Distilleries,PNK,15.7,599366,19767285760,0.371,14.55,15.98,3.0888,8.02,-30.26,-50.17,-28.65,0.0,75.75,3,24.13,13.4,-34.94,0.0,,8,,20260812
CABGY,Carlsberg A/S,Consumer Defensive,Beverages - Brewers,PNK,28.27,42998,18682521600,0.5551,27.61,26.37,1.1944,1.44,-17.99,-7.64,-8.99,0.0,88.75,2,32.16,23.1,-12.1,0.0,,8,,20260812
GXYEF,Galaxy Entertainment Group Limited,Consumer Cyclical,Resorts & Casinos,PNK,4.45,28546,19487621120,0.2527,4.15,4.68,1.1937,6.6,-26.91,-31.85,-20.51,0.0,69.5,3,5.8,3.68,-23.28,0.0,,8,,20260812
SAUHF,Straumann Holding AG,Healthcare,Medical Instruments & Supplies,PNK,128.25,366,20566001664,2.2284,125.84,116.78,1.0821,9.3,-8.18,-16.72,-7.23,0.0,76.25,2,135.0,93.18,-5.0,0.0,,8,,20260812
AA,Alcoa Corporation,Basic Materials,Aluminum,NYSE,51.22,5664577,13517442048,2.3223,54.05,56.36,-1.2183,-28.9,-28.84,53.79,4.2,0.0,24.5,4,84.38,28.92,-39.3,0.0,,8,,20260812
TRMLF,Tourmaline Oil Corp.,Energy,Oil & Gas E&P,PNK,42.69,206317,16589406208,0.994,43.81,44.83,-1.1275,-16.29,-15.69,-19.05,-17.19,0.0,34.0,4,51.2,40.01,-16.62,0.0,,8,,20260812
MTUAF,MTU Aero Engines AG,Industrials,Aerospace & Defense,PNK,434.33,692,23380719616,17.7877,394.99,400.62,2.2112,15.66,-11.87,-25.17,-10.31,0.0,83.75,3,478.94,314.57,-9.31,0.0,,8,,20260812
SPXCY,Singapore Exchange Limited,Financial Services,Financial Data & Stock Exchanges,OQX,39.17,22293,20928882688,0.7208,36.66,30.77,3.4862,12.98,28.57,39.05,28.86,0.0,88.75,2,39.54,24.36,-0.94,0.0,,8,,20260812
IHICY,IHI Corporation,Industrials,Specialty Industrial Machinery,PNK,18.23,117888,19326750720,0.7038,16.98,19.97,1.78,-5.52,-46.71,-59.19,-41.41,0.0,48.25,3,32.65,14.63,-44.17,0.0,,8,,20260812
RS,"Reliance, Inc.",Basic Materials,Steel,NYSE,427.11,358574,21805246464,10.7345,397.99,334.85,2.7129,14.03,9.6,30.48,19.06,0.0,90.0,2,433.02,260.31,-1.36,0.0,,8,,20260812
CF,"CF Industries Holdings, Inc.",Basic Materials,Agricultural Inputs,NYSE,120.01,2643474,18162089984,4.7949,114.85,103.95,1.0767,-12.5,13.58,25.53,11.84,0.0,87.5,2,141.96,75.42,-15.46,0.0,,8,,20260812
RGLD,"Royal Gold, Inc.",Basic Materials,Gold,NASDAQ,232.87,723969,19730575360,6.9452,205.56,229.5,3.9315,-9.78,-29.64,14.86,-6.88,0.0,62.5,3,306.25,166.52,-23.96,0.0,,8,,20260812
KNRRY,Knorr-Bremse AG,Consumer Cyclical,Auto Parts,PNK,29.1,19022,18763679744,0.6544,29.41,28.3,-0.4791,-8.21,-18.15,-12.38,-13.35,0.0,79.5,3,33.96,22.62,-14.31,0.0,,8,,20260812
KGHPF,KGHM Polska Miedz S.A.,Basic Materials,Copper,PNK,76.22,42,15244000256,0.441,85.79,78.29,-21.6906,-15.81,-25.24,104.38,28.96,0.0,12.0,4,107.55,33.99,-29.13,0.0,,8,,20260812
MRNA,"Moderna, Inc.",Healthcare,Biotechnology,NASDAQ,63.67,6964688,25419350016,3.9626,60.16,46.11,0.8858,14.61,39.41,127.16,68.31,0.0,88.75,2,85.6,22.28,-25.62,0.0,,8,,20260812
NPSCY,Nippon Steel Corporation,Basic Materials,Steel,PNK,4.37,364772,22838902784,0.1332,3.71,3.88,4.9907,16.47,-14.88,-57.99,-24.28,0.0,90.0,3,7.99,3.32,-45.31,0.0,,8,,20260812
BWXT,"BWX Technologies, Inc.",Industrials,Aerospace & Defense,NYSE,172.56,963353,15810289664,6.8475,183.56,195.82,-1.6065,-21.37,-25.62,-25.28,-24.42,0.0,10.0,4,241.82,157.1,-28.64,0.0,,8,,20260812
SHWDF,Resonac Holdings Corporation,Basic Materials,Chemicals,PNK,98.69,2145,18722183168,2.6226,96.13,66.52,0.9759,15.12,177.74,302.69,187.06,0.0,52.5,2,113.93,23.15,-13.38,0.0,,8,,20260812
ROKU,"Roku, Inc.",Communication Services,Entertainment,NASDAQ,151.79,4342914,22528516096,2.204,139.29,113.33,5.6707,14.01,54.76,62.31,47.59,0.0,91.25,2,153.54,78.53,-1.14,0.0,,8,,20260812
MTUAY,MTU Aero Engines AG,Industrials,Aerospace & Defense,PNK,217.4,27306,23406182400,4.33,198.59,199.57,4.3443,22.2,-15.17,-22.83,-8.89,0.0,90.0,3,238.57,157.93,-8.87,0.0,,8,,20260812
DLTR,"Dollar Tree, Inc.",Consumer Defensive,Discount Stores,NASDAQ,128.61,3403654,24715575296,3.7843,120.98,114.75,2.0163,39.51,-6.72,-10.29,3.41,0.0,86.25,2,142.4,84.71,-9.68,0.0,,8,,20260812
PEXNY,PTT Exploration and Production Public Company Limited,Energy,Oil & Gas E&P,PNK,7.95,120,18527633408,0.0465,8.18,7.39,-4.9919,-11.73,27.75,-13.93,1.21,0.0,37.0,3,11.68,4.74,-31.93,0.0,,8,,20260812
WLMIF,Wilmar International Limited,Consumer Defensive,Packaged Foods,PNK,3.03,13782,18915983360,0.073,2.9,2.67,1.7921,-1.44,2.18,12.23,5.29,0.0,80.0,2,3.27,2.07,-7.34,0.0,,8,,20260812
SPXCF,Singapore Exchange Limited,Financial Services,Financial Data & Stock Exchanges,OQX,19.65,1458,20998342656,0.4134,18.34,15.51,3.1616,17.78,22.13,44.96,30.18,0.0,77.5,2,20.09,11.9,-2.19,0.0,,8,,20260812
BIP,Brookfield Infrastructure Partners L.P.,Utilities,Utilities - Diversified,NYSE,39.45,880772,31116201984,1.1806,38.64,36.41,0.6874,-0.09,-8.7,12.86,2.08,0.0,86.25,2,44.04,29.63,-10.42,0.0,,8,,20260812
BDRFY,Beiersdorf Aktiengesellschaft,Consumer Defensive,Household & Personal Products,PNK,18.23,311680,19918438400,0.3726,17.44,19.45,2.1227,3.92,-38.45,-42.43,-29.45,0.0,77.0,3,25.98,15.55,-29.83,0.0,,8,,20260812
HGKGF,Power Assets Holdings Limited,Utilities,Utilities - Independent Power Producers,PNK,6.83,3,15450512384,0.0087,7.25,7.19,-48.2118,-22.21,-15.93,-19.14,-18.78,0.0,12.0,4,8.57,5.84,-20.3,0.0,,8,,20260812
CDE,"Coeur Mining, Inc.",Basic Materials,Gold,NYSE,18.8,34449654,19325175808,1.0466,16.4,18.52,2.2964,-11.61,-29.8,39.29,2.38,0.0,62.5,3,27.77,11.23,-32.3,0.0,,8,,20260812
PDRDF,Pernod Ricard SA,Consumer Defensive,Beverages - Wineries & Distilleries,PNK,78.54,2508,19777357824,2.9645,71.97,79.42,2.2172,7.84,-24.79,-48.55,-26.14,0.0,70.75,3,123.65,67.8,-36.48,0.0,,8,,20260812
SAUHY,Straumann Holding AG,Healthcare,Medical Instruments & Supplies,PNK,12.61,56540,20441874432,0.3364,12.47,11.68,0.4156,13.31,-12.84,-19.92,-9.13,0.0,85.0,2,13.61,9.44,-7.37,0.0,,8,,20260812
APG,APi Group Corporation,Industrials,Engineering & Construction,NYSE,43.55,2856516,18820579328,1.3065,41.3,41.45,1.7253,-6.05,-14.72,3.8,-5.15,0.0,57.5,3,49.99,33.4,-12.88,0.0,,8,,20260812
CXMSF,"CEMEX, S.A.B. de C.V.",Basic Materials,Building Materials,PNK,1.18,26066,17026838528,0.0079,1.23,1.18,-6.0839,-10.1,-15.69,17.12,-1.17,0.0,37.0,3,1.35,0.85,-12.59,0.0,,8,,20260812
IOT,Samsara Inc.,Technology,Software - Infrastructure,NYSE,39.34,6171759,22923814912,2.2212,35.33,33.59,1.807,30.57,32.56,-5.98,16.65,0.0,90.0,2,47.47,23.38,-17.13,0.0,,8,,20260812
ETTYF,Essity AB (publ),Consumer Defensive,Household & Personal Products,PNK,28.8,121,19497676800,0.0448,27.82,23.11,21.8042,3.96,27.71,45.36,28.83,0.0,75.0,2,29.99,24.8,-3.97,0.0,,8,,20260812
SWPFF,Swire Properties Limited,Real Estate,Real Estate Services,PNK,2.75,369,16108852224,0.0051,2.74,2.95,1.7442,-18.59,-22.66,-21.39,-21.13,0.0,37.0,3,3.35,2.6,-17.91,0.0,,8,,20260812
WES,"Western Midstream Partners, LP",Energy,Oil & Gas Midstream,NYSE,48.17,1042725,19902619648,0.972,44.48,40.42,3.7931,5.42,8.19,17.38,11.17,0.0,88.75,2,48.82,36.9,-1.33,0.0,,8,,20260812
WMG,Warner Music Group Corp.,Communication Services,Entertainment,NASDAQ,24.79,2331609,12967890944,1.1921,27.92,28.78,-2.6273,-29.09,-27.15,-42.49,-33.77,0.0,11.25,4,35.42,23.34,-30.01,0.0,,8,,20260812
CABJF,Carlsberg A/S,Consumer Defensive,Beverages - Brewers,PNK,144.65,50,19118690304,1.3618,134.95,128.59,7.1231,0.48,-9.48,-6.55,-5.82,0.0,75.0,2,161.75,113.17,-10.57,0.0,,8,,20260812
ASBFF,Associated British Foods plc,Consumer Defensive,Packaged Foods,PNK,27.8,317,20306964480,0.0891,25.91,26.55,21.1748,4.6,-12.6,-27.68,-14.33,0.0,76.25,3,30.77,23.18,-9.65,0.0,,8,,20260812
FTV,Fortive Corporation,Technology,Scientific & Technical Instruments,NYSE,61.54,3018524,18761148416,1.5923,61.11,57.19,0.2715,-2.62,-10.31,8.66,-0.8,0.0,90.0,2,64.56,46.54,-4.68,0.0,,8,,20260812
DWAHY,"Daiwa House Industry Co., Ltd.",Real Estate,Real Estate - Development,PNK,28.95,120312,17930078208,0.6334,27.83,31.57,1.767,-9.69,-32.45,-42.32,-30.71,0.0,75.75,3,38.72,25.91,-25.23,0.0,,8,,20260812
BDRFF,Beiersdorf Aktiengesellschaft,Consumer Defensive,Household & Personal Products,PNK,92.26,712,20161003520,0.4617,86.77,96.99,11.8945,7.14,-30.86,-39.53,-24.82,0.0,62.0,3,122.38,79.77,-24.61,0.0,,8,,20260812
MGA,Magna International Inc.,Consumer Cyclical,Auto Parts,NYSE,69.71,1249758,18648807424,2.0908,66.56,58.1,1.5068,7.88,13.74,46.52,25.39,0.0,86.25,2,71.96,43.11,-3.13,0.0,,8,,20260812
NATKY,National Atomic Company Kazatomprom JSC,Energy,Uranium,PNK,70.25,475,19180793856,1.1099,66.72,70.25,3.1799,-13.73,-21.75,23.81,-1.52,0.0,53.75,3,92.96,50.58,-24.43,0.0,,8,,20260812
UFGSY,Unipol Assicurazioni S.p.A.,Financial Services,Insurance - Property & Casualty,PNK,17.12,904,24557135872,0.2038,15.08,12.18,10.0228,39.32,37.06,54.98,44.79,0.0,75.0,2,18.27,10.36,-6.29,0.0,,8,,20260812
GIS,"General Mills, Inc.",Consumer Defensive,Packaged Foods,NYSE,38.18,10315135,20376985600,1.1484,35.42,39.32,2.4067,8.89,-31.04,-40.64,-24.9,0.0,74.5,3,51.33,31.75,-25.62,0.0,,8,,20260812
IVBXF,"Innovent Biologics, Inc.",Healthcare,Biotechnology,PNK,12.37,4308,21542154240,0.8169,10.92,10.89,1.7747,12.73,-3.3,-16.15,-4.43,0.0,85.0,2,15.12,9.1,-18.16,0.0,,8,,20260812
RIVN,"Rivian Automotive, Inc.",Consumer Cyclical,Auto Manufacturers,NASDAQ,15.93,33826690,23064420352,0.8989,16.58,16.19,-0.722,9.28,-5.72,10.71,4.6,0.0,59.0,3,22.69,11.79,-29.79,0.0,,8,,20260812
MMSMY,"Mitsui Kinzoku Company, Limited",Industrials,Conglomerates,PNK,37.83,12243,10822645760,3.1061,47.28,38.56,-3.0428,-47.45,10.84,300.1,111.97,0.0,24.5,4,69.83,10.0,-45.83,0.0,,8,,20260812
EDRVF,"EDP Renewables, S.A.",Utilities,Utilities - Renewable,PNK,16.12,303,17082347520,0.0178,16.57,15.3,-25.5675,-9.51,-3.37,15.98,2.84,0.0,37.0,3,17.18,11.12,-6.17,0.0,,8,,20260812
ESS,"Essex Property Trust, Inc.",Real Estate,REIT - Residential,NYSE,281.27,487743,19386869760,5.5087,287.03,260.66,-1.046,0.71,-2.95,-6.79,-3.57,0.0,74.5,3,303.35,238.46,-7.28,0.0,,8,,20260812
GXYYY,Galaxy Entertainment Group Limited,Consumer Cyclical,Resorts & Casinos,PNK,21.69,88809,18997145600,0.4531,20.13,22.79,3.4348,3.84,-33.04,-37.36,-25.55,0.0,77.0,3,28.7,18.63,-24.43,0.0,,8,,20260812
SOMLF,"SECOM CO., LTD.",Industrials,Security & Protection Services,PNK,40.05,33,16037595136,0.0072,40.05,35.4,0.0,15.02,7.56,-11.33,1.87,0.0,75.0,3,40.05,33.35,-0.0,0.0,,8,,20260812
AMCCF,Amcor plc,Consumer Cyclical,Packaging & Containers,PNK,43.75,12,20227624960,0.0968,40.29,40.66,35.7123,4.15,-16.95,-23.38,-14.25,0.0,75.0,3,54.59,37.35,-19.86,0.0,,8,,20260812
AMCR,Amcor plc,Consumer Cyclical,Packaging & Containers,NYSE,46.56,3644238,21526816768,1.2698,43.03,41.55,2.7807,15.77,-13.39,-23.33,-10.07,0.0,90.0,2,50.94,36.25,-8.6,0.0,,8,,20260812
SOMLY,"SECOM CO., LTD.",Industrials,Security & Protection Services,PNK,10.19,95230,16342308864,0.2682,10.19,9.42,-0.0067,7.93,-10.2,-20.2,-9.67,0.0,73.25,3,11.02,8.06,-7.53,0.0,,8,,20260812
USFD,US Foods Holding Corp.,Consumer Defensive,Food Distribution,NYSE,110.94,2769964,23999729664,3.2503,96.86,87.26,4.3323,27.93,11.19,15.99,17.3,0.0,91.25,2,111.39,69.88,-0.4,0.0,,8,,20260812
VDMCY,Vodacom Group Limited,Communication Services,Telecom Services,PNK,9.54,35838,18429016064,0.2136,9.31,8.79,1.0806,-0.91,-14.27,3.59,-3.79,0.0,86.25,2,10.91,7.44,-12.56,0.0,,8,,20260812
RBC,RBC Bearings Incorporated,Industrials,Tools & Accessories,NYSE,555.65,270035,17591459840,18.1739,593.98,536.57,-2.1089,-14.29,-10.72,17.2,-0.44,0.0,32.5,3,667.69,364.5,-16.78,0.0,,8,,20260812
WCC,"WESCO International, Inc.",Industrials,Industrial Distribution,NYSE,364.6,641769,17767999488,14.3742,344.56,300.97,1.3943,-4.12,15.8,57.57,27.53,0.0,61.25,2,385.37,203.4,-5.39,0.0,,8,,20260812
RAIFY,Raiffeisen Bank International AG,Financial Services,Banks - Regional,PNK,17.65,7577,23142547456,0.7266,15.77,12.36,2.5904,25.19,34.34,101.94,59.09,0.0,83.75,2,19.69,8.09,-10.36,0.0,,8,,20260812
EVMNY,Evolution Mining Limited,Basic Materials,Gold,PNK,98.07,13005,20450877440,3.5278,83.48,89.15,4.1364,-2.15,-19.07,89.6,28.63,0.0,68.75,3,135.52,49.98,-27.63,0.0,,8,,20260812
CAHPF,Evolution Mining Limited,Basic Materials,Gold,PNK,9.9,7390,20577007616,0.3282,8.3,8.66,4.8887,-0.29,-17.12,79.04,25.55,0.0,55.0,3,12.7,0.01,-22.05,0.0,,8,,20260812
GPOVF,"Grupo Carso, S.A.B. de C.V.",Industrials,Conglomerates,PNK,8.47,47,19082196992,0.0631,7.47,6.63,15.9113,12.06,14.19,29.15,19.64,0.0,75.0,2,8.47,6.5,0.0,0.0,,8,,20260812
TYNPF,Nippon Sanso Holdings Corporation,Basic Materials,Chemicals,PNK,40.27,2524,16990357504,1.6827,37.37,19.26,1.724,1.37,1092.87,5089.93,2418.82,0.0,57.5,2,41.86,27.91,-3.8,0.0,,8,,20260812
HGKGY,Power Assets Holdings Limited,Utilities,Utilities - Independent Power Producers,PNK,7.26,2338,15471823872,0.3029,7.4,7.32,-0.4734,-13.8,-16.32,-10.29,-13.28,0.0,39.0,4,8.61,6.09,-15.68,0.0,,8,,20260812
WLMIY,Wilmar International Limited,Consumer Defensive,Packaged Foods,PNK,31.33,44070,19559002112,0.5133,29.04,27.06,4.4658,3.15,4.89,17.15,9.36,0.0,85.0,2,31.45,21.92,-0.38,0.0,,8,,20260812
EUXTF,Euronext N.V.,Financial Services,Financial Data & Stock Exchanges,PNK,183.1,248,18023036928,1.5298,168.74,157.37,9.3843,1.57,21.32,-11.97,3.07,0.0,76.25,2,186.4,136.8,-1.77,0.0,,8,,20260812
HALFF,HAL Trust,Financial Services,Asset Management,PNK,192.21,250,17354217472,0.494,190.4,182.01,3.6562,-8.05,-5.03,10.74,0.52,0.0,50.0,2,205.0,146.5,-6.24,0.0,,8,,20260812
ITT,ITT Inc.,Industrials,Specialty Industrial Machinery,NYSE,216.53,942151,19453016064,6.9116,195.56,192.24,3.034,0.55,-3.75,8.92,2.39,0.0,90.0,2,230.32,164.0,-5.99,0.0,,8,,20260812
BR,"Broadridge Financial Solutions, Inc.",Technology,Information Technology Services,NYSE,169.27,1452206,19577481216,6.1322,149.52,179.28,3.2215,9.05,-12.88,-57.25,-25.15,0.0,78.25,3,265.37,133.83,-36.21,0.0,,8,,20260812
RAIFF,Raiffeisen Bank International AG,Financial Services,Banks - Regional,PNK,69.5,30,22819463168,0.3548,61.19,46.78,23.4161,27.31,61.88,102.84,69.62,0.0,75.0,2,69.5,32.0,0.0,0.0,,8,,20260812
INVH,Invitation Homes Inc.,Real Estate,REIT - Residential,NYSE,29.78,5202630,17690570752,0.5667,29.66,27.3,0.2141,-0.73,3.26,-18.75,-6.54,0.0,86.25,2,31.38,24.25,-5.09,0.0,,8,,20260812
BOIVF,Bolloré SE,Communication Services,Entertainment,PNK,4.35,51300,12222559232,0.1562,4.99,5.47,-4.0731,-34.53,-36.29,-47.3,-40.25,0.0,5.0,4,6.54,4.19,-33.49,0.0,,8,,20260812
HOKCY,The Hong Kong and China Gas Company Limited,Utilities,Utilities - Regulated Gas,PNK,0.84,19341,15674291200,0.0616,0.83,0.86,0.119,-10.32,-20.42,-21.52,-18.34,0.0,44.5,3,1.01,0.77,-16.83,0.0,,8,,20260812
VODAF,Vodacom Group Limited,Communication Services,Telecom Services,PNK,8.98,1,17347227648,0.0,8.98,8.11,0.0,-5.07,1.43,32.55,12.25,0.0,62.0,3,8.98,5.75,-0.0,0.0,,8,,20260812
YAHOY,LY Corporation,Consumer Cyclical,Internet Retail,PNK,6.23,150974,21366321152,0.1279,5.38,5.25,6.6572,15.59,2.53,-28.43,-6.59,0.0,88.75,2,6.91,4.58,-9.84,0.0,,8,,20260812
WXIBF,WuXi Biologics (Cayman) Inc.,Healthcare,Biotechnology,PNK,4.65,589,19094056960,0.0178,4.44,4.46,11.9701,9.38,-3.49,-2.45,0.15,0.0,75.0,3,6.0,3.85,-22.5,0.0,,8,,20260812
WXXWY,WuXi Biologics (Cayman) Inc.,Healthcare,Biotechnology,PNK,11.6,89635,23816243200,0.4525,9.17,9.02,5.366,34.0,6.22,32.09,23.51,0.0,88.75,2,11.86,7.3,-2.19,0.0,,8,,20260812
HKHGF,Hongkong Land Holdings Limited,Real Estate,Real Estate - Development,PNK,7.87,37,16773773312,0.0681,7.75,7.47,1.7675,-9.68,-10.98,8.0,-3.06,0.0,51.25,2,8.78,5.7,-10.36,0.0,,8,,20260812
ASBFY,Associated British Foods plc,Consumer Defensive,Packaged Foods,PNK,27.58,136408,19286022144,0.4594,26.62,26.25,2.0931,9.21,-7.89,-30.09,-12.49,0.0,90.0,2,31.96,23.36,-13.7,0.0,,8,,20260812
HNGKY,Hongkong Land Holdings Limited,Real Estate,Real Estate - Development,PNK,41.4,29062,17647630336,1.7775,37.52,37.67,2.1805,-6.63,-13.55,9.85,-2.46,0.0,60.0,3,45.81,28.88,-9.63,0.0,,8,,20260812
ZTO,ZTO Express (Cayman) Inc.,Industrials,Integrated Freight & Logistics,NYSE,23.14,1713659,17598355456,0.5761,23.18,22.61,-0.067,-12.24,-14.48,-8.34,-11.46,0.0,70.75,3,26.2,17.74,-11.68,0.0,,8,,20260812
MONRF,Moncler S.p.A.,Consumer Cyclical,Apparel Manufacturing,PNK,58.9,1388,16020195328,0.6605,61.35,61.11,-3.7104,-8.85,-6.18,-13.48,-9.77,0.0,24.0,4,70.09,52.88,-15.97,0.0,,8,,20260812
TRUMF,Terumo Corporation,Healthcare,Medical Instruments & Supplies,PNK,15.06,988,22215028736,0.4758,13.74,13.71,2.7804,24.91,-1.76,-31.6,-7.03,0.0,75.0,2,20.46,11.49,-26.39,0.0,,8,,20260812
CIB,Grupo Cibest S.A.,Financial Services,Banks - Regional,NYSE,95.79,378101,22622291968,3.3378,82.12,70.69,4.0953,46.44,11.97,83.41,49.16,0.0,85.0,2,100.74,48.06,-4.91,0.0,,8,,20260812
PTC,PTC Inc.,Technology,Software - Application,NASDAQ,147.99,1806880,16057842688,5.5213,127.25,151.8,3.7571,-2.3,-21.26,-50.02,-28.03,0.0,54.5,3,217.64,108.5,-32.0,0.0,,8,,20260812
PR,Permian Resources Corporation,Energy,Oil & Gas E&P,NYSE,21.45,10032377,17965598720,0.6932,19.65,17.5,2.5908,2.6,15.36,45.62,24.28,0.0,90.0,2,22.68,11.92,-5.4,0.0,,8,,20260812
DQJCY,Pan Pacific International Holdings Corporation,Consumer Defensive,Discount Stores,PNK,11.66,288056,17428658176,0.6616,10.68,11.71,1.4826,-3.19,-18.93,-42.9,-24.58,0.0,79.5,3,15.98,9.38,-27.03,0.0,,8,,20260812
DQJCF,Pan Pacific International Holdings Corporation,Consumer Defensive,Discount Stores,PNK,6.2,2074,18534764544,0.3239,3.06,0.56,9.6811,-2230.33,-1956.96,-3272.75,-2551.62,0.0,76.25,2,7.27,4.55,-14.69,0.0,,8,,20260812
KAOCF,Kao Corporation,Consumer Defensive,Household & Personal Products,PNK,20.85,319,18864205824,0.3843,31.17,37.53,-26.8491,-50.91,-63.18,-76.19,-65.32,0.0,2.5,4,47.84,20.2,-56.42,0.0,,8,,20260812
DAIUF,"Daifuku Co., Ltd.",Industrials,Specialty Industrial Machinery,PNK,39.18,1857,14583343104,0.7235,28.62,8.91,14.5939,722.47,875.27,-3605.64,-955.3,0.0,75.0,2,48.61,28.44,-19.4,0.0,,8,,20260812
WY,Weyerhaeuser Company,Real Estate,REIT - Specialty,NYSE,24.76,5601454,17845424128,0.6858,24.34,23.9,0.6077,1.57,-18.71,-21.41,-14.72,0.0,85.0,2,27.75,21.16,-10.77,0.0,,8,,20260812
KAOOY,Kao Corporation,Consumer Defensive,Household & Personal Products,PNK,7.69,226578,20872976384,0.2534,6.66,6.63,4.0508,16.18,-3.26,-23.92,-6.66,0.0,87.5,2,8.07,5.95,-4.77,0.0,,8,,20260812
PAA,"Plains All American Pipeline, L.P.",Energy,Oil & Gas Midstream,NASDAQ,23.24,2442654,16397364224,0.4754,22.74,20.0,1.0618,2.82,11.45,19.24,12.41,0.0,86.25,2,25.03,15.69,-7.15,0.0,,8,,20260812
DFKCY,"Daifuku Co., Ltd.",Industrials,Specialty Industrial Machinery,PNK,19.48,52967,14501454848,0.8878,20.56,18.9,-1.2147,-23.93,-10.66,4.82,-7.78,0.0,40.0,3,25.32,11.22,-23.06,0.0,,8,,20260812
GLPEF,"Galp Energia, SGPS, S.A.",Energy,Oil & Gas Integrated,PNK,22.64,187,18250205184,0.2765,21.79,21.05,3.0774,-0.74,2.02,-2.66,-0.54,0.0,50.0,2,25.45,16.07,-11.04,0.0,,8,,20260812
KSPI,Joint Stock Company Kaspi.kz,Technology,Software - Infrastructure,NASDAQ,99.55,451351,18917214208,3.1135,86.79,78.07,4.0997,13.8,24.29,-13.06,6.73,0.0,86.25,2,99.6,68.59,-0.05,0.0,,8,,20260812
BKZHY,Erste Bank Polska S.A.,Unknown,Unknown,PNK,39.03,226,19942244352,0.5935,34.49,27.71,7.656,44.0,54.36,43.3,47.34,0.0,75.0,2,41.35,25.87,-5.61,0.0,,8,,20260812
BNCDY,Banca Mediolanum S.p.A.,Financial Services,Banks - Regional,PNK,53.0,3526,19591852032,0.5423,50.47,43.95,4.6701,12.24,5.33,23.85,14.47,0.0,77.5,2,54.67,36.55,-3.05,0.0,,8,,20260812
FLUT,Flutter Entertainment plc,Consumer Cyclical,Gambling,NYSE,98.08,3009785,17020716032,5.2445,104.08,142.34,-1.1433,-2.71,-47.52,-88.36,-52.65,0.0,37.5,4,309.41,89.71,-68.3,0.0,,8,,20260812
TLN,Talen Energy Corporation,Utilities,Utilities - Independent Power Producers,NASDAQ,365.07,837030,17492060160,20.2217,371.99,364.28,-0.3422,-9.55,-8.68,-25.14,-15.48,0.0,48.25,3,451.28,301.45,-19.1,0.0,,8,,20260812
EWBC,"East West Bancorp, Inc.",Financial Services,Banks - Regional,NASDAQ,135.05,880454,18503450624,2.3755,129.71,116.1,2.2474,7.46,1.24,17.29,9.22,0.0,86.25,2,136.24,92.67,-0.87,0.0,,8,,20260812
LII,Lennox International Inc.,Industrials,Building Products & Equipment,NYSE,420.91,474709,14546933760,19.3605,515.34,503.69,-4.8775,-21.95,-35.07,-49.79,-37.68,0.0,12.5,4,616.5,411.41,-31.73,0.0,,8,,20260812
HOKCF,The Hong Kong and China Gas Company Limited,Utilities,Utilities - Regulated Gas,PNK,0.87,983,16210762752,0.0042,0.85,0.73,4.0167,26.86,11.82,36.74,25.55,0.0,75.0,2,0.97,0.83,-10.44,0.0,,8,,20260812
NPXYY,Nippon Sanso Holdings Corp.,Basic Materials,Chemicals,PNK,19.28,57525,16690824192,0.5275,18.15,17.3,2.1353,0.96,-4.24,-17.05,-8.07,0.0,58.75,2,21.65,14.07,-10.95,0.0,,8,,20260812
VNOM,"Viper Energy, Inc.",Energy,Oil & Gas Midstream,NASDAQ,42.23,1768250,15203893248,1.1636,43.47,42.07,-1.0691,-14.6,-12.4,-4.56,-9.81,0.0,48.25,3,51.13,35.1,-17.41,0.0,,8,,20260812
CVCCF,CVC Capital Partners plc,Financial Services,Asset Management,PNK,16.43,152,17945759744,0.0855,14.9,14.65,17.8443,25.89,-6.69,-30.83,-8.2,0.0,75.0,2,19.71,12.5,-16.64,0.0,,8,,20260812
SSSGY,Sartorius Aktiengesellschaft,Healthcare,Medical Instruments & Supplies,PNK,43.93,37,15168197632,0.0095,43.96,43.24,-3.1768,-3.03,-17.51,-19.46,-14.67,0.0,62.0,3,50.95,37.87,-13.77,0.0,,8,,20260812
SOAGY,Sartorius Aktiengesellschaft,Healthcare,Medical Instruments & Supplies,PNK,53.94,7822,18623401984,1.4956,53.08,54.0,0.5777,1.56,-14.89,5.39,-2.66,0.0,70.75,3,62.15,43.72,-13.21,0.0,,8,,20260812
SUVPF,Sartorius Aktiengesellschaft,Healthcare,Medical Instruments & Supplies,PNK,270.29,29,18664073216,1.8629,259.58,268.71,5.7469,2.99,-16.39,5.7,-2.71,0.0,75.0,3,312.93,221.24,-13.63,0.0,,8,,20260812
KEP,Korea Electric Power Corporation,Utilities,Utilities - Regulated Electric,NYSE,11.88,1196835,15253066752,0.3579,12.23,15.77,-0.9712,-19.94,-55.36,-37.48,-39.35,0.0,19.5,4,23.41,11.25,-49.25,0.0,,8,,20260812
NRILY,"Nomura Research Institute, Ltd.",Technology,Information Technology Services,PNK,31.21,44704,17468155904,1.048,29.89,32.0,1.2591,11.93,-1.14,-47.6,-16.46,0.0,73.25,3,42.93,22.73,-27.3,0.0,,8,,20260812
BMBLF,Brambles Limited,Industrials,Specialty Business Services,PNK,14.31,3154,19113861120,0.3955,13.47,15.32,2.1262,-14.44,-26.91,-10.04,-17.04,0.0,43.25,3,18.27,10.83,-21.67,0.0,,8,,20260812
KONMY,Konami Group Corporation,Communication Services,Electronic Gaming & Multimedia,PNK,62.86,159,17042160640,0.9845,58.91,65.49,4.0096,-7.76,-5.91,-40.32,-20.14,0.0,38.25,3,88.81,53.89,-29.22,0.0,,8,,20260812
KAJMY,Kajima Corporation,Industrials,Engineering & Construction,PNK,30.02,3700,13837766656,1.7678,34.99,38.22,-2.8092,-29.48,-49.52,12.47,-19.71,0.0,11.25,4,52.13,27.3,-42.41,0.0,,8,,20260812
JDEPY,JDE Peet's NV,Consumer Defensive,Packaged Foods,PNK,16.01,5841,15756772352,0.548,16.76,17.92,-1.3638,-13.17,-26.73,-17.55,-19.67,0.0,22.0,4,19.84,14.25,-19.3,0.0,,8,,20260812
JDHIY,JD Health International Inc.,Healthcare,Pharmaceutical Retailers,PNK,4.95,179,15788178432,0.0274,4.88,7.42,2.3781,-32.47,-57.65,-26.17,-38.76,0.0,25.0,3,9.08,4.26,-45.48,0.0,,8,,20260812
AGESY,ageas SA/NV,Financial Services,Insurance - Diversified,PNK,83.85,5075,17543737344,1.0334,80.26,72.52,3.477,4.73,5.61,-0.68,2.87,0.0,88.75,2,86.29,65.45,-2.83,0.0,,8,,20260812
NURAF,"Nomura Research Institute, Ltd.",Technology,Information Technology Services,PNK,29.3,397,16399133696,0.3091,29.65,1.35,-1.1338,10.39,-237.01,-977.39,-471.31,0.0,63.25,3,44.35,23.36,-33.93,0.0,,8,,20260812
WPC,W. P. Carey Inc.,Real Estate,REIT - Diversified,NYSE,70.69,1516753,16103695360,1.3614,72.96,69.13,-1.6681,-9.1,-12.19,-9.05,-10.16,0.0,69.5,3,77.22,63.08,-8.46,0.0,,8,,20260812
TSCO,Tractor Supply Company,Consumer Cyclical,Specialty Retail,NASDAQ,36.43,12418930,18981492736,1.2044,31.08,43.14,4.444,15.14,-43.95,-60.35,-35.74,0.0,66.25,3,62.89,28.36,-42.07,0.0,,8,,20260812
IP,International Paper Company,Consumer Cyclical,Packaging & Containers,NYSE,41.14,5794169,21786505216,1.5518,38.07,37.8,1.9797,22.11,-24.35,-31.41,-15.56,0.0,87.5,2,50.25,29.26,-18.13,0.0,,8,,20260812
INPAP,International Paper Company PFD $4,Unknown,Unknown,PNK,82.81,27,0,0.0476,81.82,79.73,20.811,-1.57,-8.91,-10.47,-7.7,0.0,76.25,2,100.0,73.5,-17.19,0.0,,8,,20260812
IHICF,IHI Corporation,Industrials,Specialty Industrial Machinery,PNK,17.38,137,18425612288,0.2535,18.77,21.15,-5.5003,-23.4,-38.4,-107.25,-62.19,0.0,0.0,4,106.5,15.35,-83.68,0.0,,8,,20260812
BPCGY,"Banco Comercial Português, S.A.",Financial Services,Banks - Regional,PNK,13.1,452,19245840384,0.2461,12.19,10.31,3.7066,21.39,19.38,59.21,35.82,0.0,75.0,2,14.89,7.38,-11.99,0.0,,8,,20260812
ZBH,"Zimmer Biomet Holdings, Inc.",Healthcare,Medical Devices,NYSE,97.89,2397640,18671312896,3.1147,90.76,90.55,2.2893,12.81,-4.53,-23.92,-7.95,0.0,90.0,2,108.29,79.12,-9.6,0.0,,8,,20260812
DOCN,"DigitalOcean Holdings, Inc.",Technology,Software - Infrastructure,NYSE,133.37,3477019,15592032256,12.3286,142.45,90.9,-0.7366,-19.27,95.93,328.36,160.1,0.0,38.75,3,187.5,29.62,-28.87,0.0,,8,,20260812
SNLAF,Sino Land Company Limited,Real Estate,Real Estate - Development,PNK,1.36,127,13037152256,0.0015,1.34,1.25,13.6221,-27.55,4.07,132.5,47.54,0.0,50.0,2,1.82,1.03,-25.27,0.0,,8,,20260812
OVV,Ovintiv Inc.,Energy,Oil & Gas E&P,NYSE,63.2,3296596,17481119744,2.0178,57.32,50.02,2.9124,4.45,24.79,43.69,27.27,0.0,95.0,2,64.61,35.47,-2.18,0.0,,8,,20260812
JBAXY,Julius Bär Gruppe AG,Financial Services,Asset Management,PNK,18.45,150248,18981732352,0.3232,17.3,15.69,3.5441,3.23,0.65,12.48,6.03,0.0,88.75,2,18.68,13.07,-1.23,0.0,,8,,20260812
STMNF,"Sumitomo Metal Mining Co., Ltd.",Basic Materials,Other Industrial Metals & Mining,PNK,43.75,216,11746471936,0.2748,48.52,49.83,-17.3533,-36.01,-35.21,72.54,7.69,0.0,0.0,4,82.07,23.0,-46.69,0.0,,8,,20260812
BXBLY,Brambles Limited,Industrials,Specialty Business Services,PNK,28.12,141850,18779936768,0.955,26.63,29.95,1.559,-15.7,-24.82,-28.96,-24.2,0.0,48.25,3,36.0,22.7,-21.89,0.0,,8,,20260812
SMMYY,"Sumitomo Metal Mining Co., Ltd.",Basic Materials,Other Industrial Metals & Mining,PNK,15.36,193093,16495884288,0.5936,12.46,12.86,4.8879,-10.06,-12.56,125.56,43.32,0.0,58.75,3,20.51,6.01,-25.11,0.0,,8,,20260812
AAFRF,Airtel Africa Plc,Communication Services,Telecom Services,PNK,4.4,2204,15981385728,0.0583,4.64,4.56,-4.0639,-13.27,-17.73,26.74,1.17,0.0,12.0,4,5.85,2.9,-24.84,0.0,,8,,20260812
WTKWY,Wolters Kluwer N.V.,Industrials,Specialty Business Services,PNK,79.85,94488,17790578688,2.62,71.94,83.82,3.0177,10.04,-6.85,-61.62,-24.53,0.0,75.75,3,138.76,63.22,-42.45,0.0,,8,,20260812
H,Hyatt Hotels Corporation,Consumer Cyclical,Lodging,NYSE,178.37,891908,16809006080,6.0725,188.88,166.79,-1.7301,2.32,-6.51,9.79,2.22,0.0,63.75,3,206.86,134.18,-13.77,0.0,,8,,20260812
BPCGF,"Banco Comercial Português, S.A.",Financial Services,Banks - Regional,PNK,1.28,119,18797920256,0.0084,1.1,0.99,20.9063,22.93,20.81,34.4,26.78,0.0,75.0,2,1.28,0.84,-0.0,0.0,,8,,20260812
SGIOY,"Shionogi & Co., Ltd.",Healthcare,Drug Manufacturers - Specialty & Generic,PNK,8.84,176995,15045245952,0.2765,8.79,9.51,0.1883,-17.84,-33.61,-23.81,-25.75,0.0,45.75,3,12.0,7.65,-26.33,0.0,,8,,20260812
URMCY,Unibail-Rodamco-Westfield SE,Real Estate,REIT - Retail,PNK,11.85,12062,17120005120,0.9699,12.38,11.85,-0.5419,-7.96,-4.08,-4.08,-5.05,0.0,47.0,3,17.87,10.45,-33.69,0.0,,8,,20260812
UNBLF,Unibail-Rodamco-Westfield SE,Real Estate,REIT - Retail,PNK,121.29,112,17275312128,0.8633,116.11,112.72,6.0018,-4.53,-4.55,-1.11,-3.17,0.0,75.0,2,127.17,98.51,-4.62,0.0,,8,,20260812
CG,The Carlyle Group Inc.,Financial Services,Asset Management,NASDAQ,48.27,3576756,17200185344,1.7007,44.96,50.99,1.9487,-6.45,-29.26,-42.97,-29.04,0.0,49.5,3,69.85,39.6,-30.89,0.0,,8,,20260812
GLPEY,"Galp Energia, SGPS, S.A.",Energy,Oil & Gas Integrated,PNK,11.8,162675,19024066560,0.2496,11.05,10.47,3.0111,1.65,3.27,5.21,3.64,0.0,92.5,2,12.87,8.1,-8.31,0.0,,8,,20260812
AMKR,"Amkor Technology, Inc.",Technology,Semiconductor Equipment & Materials,NASDAQ,55.59,5772074,13779232768,5.0272,68.64,54.56,-2.5959,-29.15,-7.9,119.38,37.7,0.0,33.75,3,96.68,22.74,-42.5,0.0,,8,,20260812
NVR,"NVR, Inc.",Consumer Cyclical,Residential Construction,NYSE,6293.95,32019,16772496384,195.1486,6424.97,6886.84,-0.6714,3.68,-34.45,-42.06,-27.96,0.0,59.0,4,8618.28,5501.01,-26.97,0.0,,8,,20260812
AICAF,Air China Limited,Industrials,Airlines,PNK,0.52,4262,10656131072,0.0011,0.54,0.72,-20.0314,-21.96,-56.31,-41.02,-41.61,0.0,12.0,4,0.94,0.52,-44.68,0.0,,8,,20260812
AARTY,Airtel Africa Plc,Communication Services,Telecom Services,PNK,45.32,1238,17096450048,1.2063,47.47,32.25,-1.7823,-17.35,114.65,107.27,78.7,0.0,63.25,3,52.2,20.15,-13.18,0.0,,8,,20260812
PHYS,Sprott Physical Gold Trust,Unknown,Unknown,NYSE,33.51,3628872,15973629952,0.5975,31.39,34.01,3.5434,-11.1,-24.28,7.47,-8.29,0.0,53.25,3,42.07,25.42,-20.35,0.0,,8,,20260812
KIM,Kimco Realty Corporation,Real Estate,REIT - Retail,NYSE,24.18,4877212,16219686912,0.4748,25.16,22.44,-2.0603,-1.12,-0.81,-1.11,-1.01,0.0,69.5,3,26.65,19.76,-9.27,0.0,,8,,20260812
JBARF,Julius Bär Gruppe AG,Financial Services,Asset Management,PNK,91.49,2837,19555813376,1.1444,87.16,79.22,3.7843,-0.15,-4.51,13.07,3.61,0.0,77.5,2,95.04,64.68,-3.74,0.0,,8,,20260812
BDNNY,Boliden AB (publ),Basic Materials,Other Industrial Metals & Mining,PNK,113.2,18248,16072274944,3.3743,109.35,113.17,1.1398,-5.98,-32.46,51.7,7.82,0.0,60.0,3,160.93,64.71,-29.66,0.0,,8,,20260812
SWOBY,Swedish Orphan Biovitrum AB (publ),Healthcare,Drug Manufacturers - Specialty & Generic,PNK,24.31,231,16919391232,0.2202,23.99,20.67,1.4627,-4.9,20.1,52.93,26.98,0.0,75.0,2,29.32,13.57,-17.09,0.0,,8,,20260812
SINGY,Singapore Airlines Limited,Industrials,Airlines,PNK,11.0,70711,17344702464,0.2263,11.55,10.51,-2.4521,6.76,-9.4,-13.59,-7.04,0.0,70.75,3,12.17,9.28,-9.61,0.0,,8,,20260812
MONRY,Moncler S.p.A.,Consumer Cyclical,Apparel Manufacturing,PNK,57.22,39585,15563252736,1.5585,58.92,60.64,-1.0929,-8.75,-12.35,-15.27,-12.62,0.0,35.25,4,71.41,53.1,-19.87,0.0,,8,,20260812
TLK,Perusahaan Perseroan (Persero) PT Telekomunikasi Indonesia Tbk,Communication Services,Telecom Services,NYSE,14.64,993654,14432249856,0.3382,14.4,17.29,0.6997,-11.17,-35.58,-36.19,-29.72,0.0,37.5,3,23.52,13.23,-37.76,0.0,,8,,20260812
OKTA,"Okta, Inc.",Technology,Software - Infrastructure,NASDAQ,147.3,3650524,25828532224,6.8647,134.65,96.03,1.8424,75.56,55.14,38.32,53.51,0.0,83.75,2,157.0,62.66,-6.18,0.0,,8,,20260812
CSDXF,"COSCO SHIPPING Energy Transportation Co., Ltd.",Energy,Oil & Gas Midstream,PNK,1.75,1667,9564136448,0.0018,1.77,1.78,-10.0578,-32.46,47.88,97.9,47.8,0.0,24.0,4,2.83,0.84,-38.16,0.0,,8,,20260812
KWHIF,"Kawasaki Heavy Industries, Ltd.",Industrials,Conglomerates,PNK,17.99,31614,15708820480,0.4728,17.52,53.82,0.9868,-18.01,-91.19,-96.66,-75.08,0.0,30.0,3,121.25,15.55,-85.16,0.0,,8,,20260812
NDSN,Nordson Corporation,Industrials,Specialty Industrial Machinery,NASDAQ,311.26,395409,17342769152,5.9792,294.14,270.56,2.8628,6.1,-6.36,26.91,10.06,0.0,90.0,2,315.68,211.5,-1.4,0.0,,8,,20260812
SSNC,"SS&C Technologies Holdings, Inc.",Technology,Software - Application,NASDAQ,80.14,2206762,18805250048,2.1741,70.1,75.13,4.6183,15.7,-4.94,-27.82,-8.93,0.0,93.75,3,91.07,61.4,-12.0,0.0,,8,,20260812
SIELF,"Shanghai Electric Group Co., Ltd.",Industrials,Specialty Industrial Machinery,PNK,0.57,11,19182405632,0.0004,0.57,0.52,10.9237,17.53,-12.7,36.03,14.35,0.0,75.0,2,0.66,0.37,-13.45,0.0,,8,,20260812
BEN,"Franklin Resources, Inc.",Financial Services,Asset Management,NYSE,33.59,4522045,17066303488,0.9031,32.94,27.08,0.7159,2.18,10.04,17.07,10.89,0.0,87.5,2,36.28,21.11,-7.41,0.0,,8,,20260812
LI,Li Auto Inc.,Consumer Cyclical,Auto Manufacturers,NASDAQ,12.47,4497041,12239760384,0.4089,12.95,16.65,-1.1782,-38.38,-46.19,-71.01,-54.17,0.0,23.25,4,27.1,11.65,-53.99,0.0,,8,,20260812
AGI,Alamos Gold Inc.,Basic Materials,Gold,NYSE,33.53,4559782,14035807232,1.3683,31.82,38.69,1.2495,-29.43,-37.84,5.81,-18.28,0.0,37.5,3,55.41,25.36,-39.49,0.0,,8,,20260812
EMA,Emera Incorporated,Utilities,Utilities - Regulated Electric,NYSE,50.97,494450,15655436288,0.9397,52.43,50.23,-1.5493,-6.51,-5.82,-14.1,-9.3,0.0,72.0,3,55.49,45.77,-8.15,0.0,,8,,20260812
BOLSY,"B3 S.A. - Brasil, Bolsa, Balcão",Financial Services,Financial Data & Stock Exchanges,PNK,8.35,287159,13891421184,0.3444,8.84,9.04,-1.4188,-25.13,-28.22,-5.78,-18.47,0.0,22.0,4,12.11,6.62,-31.05,0.0,,8,,20260812
HUNGF,"Huaneng Power International, Inc.",Utilities,Utilities - Independent Power Producers,PNK,0.72,1348,14586976256,0.0122,0.7,0.48,1.1983,59.84,75.84,73.32,70.83,0.0,75.0,2,0.95,0.69,-24.51,0.0,,8,,20260812
ASUUY,ASUSTeK Computer Inc.,Technology,Computer Hardware,PNK,115.0,1,17154724864,0.3229,99.47,87.97,48.1087,47.61,40.17,0.27,26.07,0.0,75.0,2,115.0,78.5,0.0,0.0,,8,,20260812
NVMI,Nova Ltd.,Technology,Semiconductor Equipment & Materials,NASDAQ,405.9,531970,12910119936,26.5793,473.81,433.65,-2.5551,-22.62,-24.12,26.24,-3.6,0.0,19.5,4,615.99,232.73,-34.11,0.0,,8,,20260812
TPG,TPG Inc.,Financial Services,Asset Management,NASDAQ,50.88,2343648,19553812480,1.7485,43.07,48.63,4.4653,11.97,-16.88,-36.47,-17.51,0.0,92.5,3,70.38,36.95,-27.71,0.0,,8,,20260812
TXT,Textron Inc.,Industrials,Aerospace & Defense,NYSE,88.89,1572387,15456991232,2.5966,90.47,89.8,-0.607,-7.02,-19.45,-8.14,-11.82,0.0,37.75,4,101.57,78.12,-12.48,0.0,,8,,20260812
BNMDF,Banca Mediolanum S.p.A.,Financial Services,Banks - Regional,PNK,21.65,0,16006172672,0.0004,21.65,20.82,0.0,-6.55,-11.0,76.75,25.21,0.0,50.0,3,24.75,10.45,-12.53,0.0,,8,,20260812
GMAB,Genmab A/S,Healthcare,Biotechnology,NASDAQ,31.42,1983672,19591393280,0.8414,27.59,29.0,4.5492,11.07,-9.53,26.23,9.92,0.0,88.75,3,35.43,22.18,-11.32,0.0,,8,,20260812
GNRC,Generac Holdings Inc.,Industrials,Specialty Industrial Machinery,NYSE,221.9,1018717,13093351424,11.8382,241.03,205.48,-1.6159,-22.61,9.52,-9.91,-6.28,0.0,33.75,3,296.44,134.8,-25.15,0.0,,8,,20260812
LOGI,Logitech International S.A.,Technology,Computer Hardware,NASDAQ,103.28,1139251,14788491264,3.557,104.95,102.3,-0.4695,-5.19,-0.43,-14.18,-7.12,0.0,50.75,3,129.66,83.32,-20.35,0.0,,8,,20260812
SINGF,Singapore Airlines Limited,Industrials,Airlines,PNK,5.9,15322,18606135296,0.072,5.43,5.0,6.5913,24.41,8.69,1.19,9.62,0.0,76.25,2,6.09,4.55,-3.12,0.0,,8,,20260812
ASRRF,ASR NEDERLAND NV,Financial Services,Insurance - Diversified,PNK,76.23,65,15593499648,0.0746,74.52,69.83,22.9839,2.12,-7.8,22.39,6.75,0.0,75.0,2,76.62,48.45,-0.51,0.0,,8,,20260812
ACXIF,"Acciona, S.A.",Industrials,Engineering & Construction,PNK,251.03,277,13355919360,14.6823,291.3,256.65,-2.7431,-25.02,3.0,3.07,-3.98,0.0,23.25,4,331.01,191.73,-24.16,0.0,,8,,20260812
SN,"SharkNinja, Inc.",Consumer Cyclical,"Furnishings, Fixtures & Appliances",NYSE,186.13,2089348,26220423168,6.5092,147.91,119.86,5.8713,68.4,43.78,37.79,47.54,0.0,90.0,2,191.22,83.12,-2.66,0.0,,8,,20260812
CTTAF,Continental Aktiengesellschaft,Consumer Cyclical,Auto Parts,PNK,81.69,647,16337688576,3.7508,82.43,77.39,-0.198,-4.64,-8.78,-25.44,-14.41,0.0,72.0,3,91.66,61.56,-10.89,0.0,,8,,20260812
LDOS,"Leidos Holdings, Inc.",Technology,Information Technology Services,NYSE,140.38,1646741,17657763840,4.8046,114.92,156.9,5.2999,4.81,-39.68,-42.74,-29.78,0.0,43.75,3,205.77,98.86,-31.78,0.0,,8,,20260812
ARNNY,ASR Nederland N.V.,Financial Services,Insurance - Diversified,PNK,40.7,9719,16651067392,0.6349,38.81,35.58,2.9838,2.74,0.79,-1.43,0.39,0.0,92.5,2,41.6,31.92,-2.15,0.0,,8,,20260812
CHEAF,China Eastern Airlines Corporation Limited,Industrials,Airlines,PNK,0.4,656,8795336704,0.0012,0.43,0.57,-27.2707,-36.26,-62.39,-6.83,-33.63,0.0,0.0,4,0.8,0.34,-50.22,0.0,,8,,20260812
DIDIY,DiDi Global Inc.,Technology,Software - Application,PNK,3.55,5924201,16001683456,0.1078,3.54,4.36,0.1115,-8.29,-35.07,-58.5,-37.75,0.0,40.0,3,6.99,3.3,-49.21,0.0,,8,,20260812
SARTF,Sartorius Aktiengesellschaft,Healthcare,Medical Instruments & Supplies,PNK,212.8,35,14694327296,0.3669,213.12,217.58,-0.8655,-4.52,-17.84,-7.37,-10.32,0.0,49.0,3,227.0,181.58,-6.26,0.0,,8,,20260812
GH,"Guardant Health, Inc.",Healthcare,Diagnostics & Research,NASDAQ,165.11,2661162,22157129728,8.2145,147.67,110.68,2.1236,65.97,44.83,181.88,104.94,0.0,86.25,2,176.58,53.4,-6.5,0.0,,8,,20260812
NBIX,"Neurocrine Biosciences, Inc.",Healthcare,Drug Manufacturers - Specialty & Generic,NASDAQ,156.49,1243166,15907081216,5.7747,168.28,146.81,-2.0415,-4.47,1.48,3.4,0.76,0.0,62.5,3,186.12,122.14,-15.92,0.0,,8,,20260812
SUI,"Sun Communities, Inc.",Real Estate,REIT - Residential,NYSE,118.34,1375156,15131047936,2.596,121.04,123.95,-1.0417,-9.29,-18.25,-24.99,-18.7,0.0,36.5,4,137.85,115.9,-14.15,0.0,,8,,20260812
NLY,"Annaly Capital Management, Inc.",Real Estate,REIT - Mortgage,NYSE,23.11,7853533,17418340352,0.4085,22.21,21.27,2.2089,2.18,-3.07,6.3,1.99,0.0,83.75,2,24.52,20.0,-5.75,0.0,,8,,20260812
WOLTF,Wolters Kluwer N.V.,Industrials,Specialty Business Services,PNK,80.85,897,18013825024,2.7081,71.41,84.84,3.4853,5.23,-10.95,-66.57,-29.15,0.0,63.25,3,140.49,61.45,-42.45,0.0,,8,,20260812
OWL,Blue Owl Capital Inc.,Financial Services,Asset Management,NYSE,12.22,21601570,29845397504,0.4419,9.78,11.43,5.5171,20.16,-13.86,-56.54,-22.43,0.0,90.0,3,20.48,7.95,-40.35,0.0,,8,,20260812
KWHIY,"Kawasaki Heavy Industries, Ltd.",Industrials,Conglomerates,PNK,6.99,257603,15259123712,0.2321,7.06,7.17,-0.2964,-24.01,-38.73,-5.7,-21.84,0.0,37.75,4,9.73,4.67,-28.18,0.0,,8,,20260812
EBCOY,Ebara Corporation,Industrials,Specialty Industrial Machinery,PNK,18.12,145800,16530279424,0.7753,17.97,15.79,0.1968,-6.6,-8.19,60.39,19.64,0.0,60.0,2,21.77,9.83,-16.77,0.0,,8,,20260812
RTO,Rentokil Initial plc,Industrials,Specialty Business Services,NYSE,24.38,1127720,12269185024,0.7893,28.49,30.02,-5.2071,-30.43,-36.13,-23.53,-29.66,0.0,10.0,4,34.67,23.26,-29.68,0.0,,8,,20260812
SCHYY,Sands China Ltd.,Consumer Cyclical,Resorts & Casinos,PNK,18.53,73704,15109888000,0.3691,17.88,21.53,1.7706,-12.11,-30.49,-47.18,-32.57,0.0,37.5,3,29.04,16.39,-36.19,0.0,,8,,20260812
CTTAY,Continental Aktiengesellschaft,Consumer Cyclical,Auto Parts,PNK,7.88,61841,15760471040,0.171,8.19,7.67,-1.7846,-8.82,-16.45,-25.71,-18.24,0.0,49.5,3,9.05,6.21,-12.93,0.0,,8,,20260812
ERBKY,Eurobank S.A.,Financial Services,Banks - Regional,PNK,11.9,1878,42698526720,1.2424,11.9,11.9,0.0,-29.29,-29.29,-29.29,-29.29,0.0,63.25,3,17.66,8.93,-32.62,0.0,,8,,20260812
YUMC,"Yum China Holdings, Inc.",Consumer Cyclical,Restaurants,NYSE,47.9,1717367,16387833856,1.055,43.79,47.3,3.8957,-3.12,-27.59,-13.77,-15.95,0.0,86.25,3,58.39,40.15,-17.97,0.0,,8,,20260812
SGIOF,"Shionogi & Co., Ltd.",Healthcare,Drug Manufacturers - Specialty & Generic,PNK,17.9,119,15232459776,0.1366,17.69,18.58,1.569,-11.35,-27.97,-14.63,-18.48,0.0,37.0,3,26.0,14.25,-31.15,0.0,,8,,20260812
LAMR,Lamar Advertising Company,Real Estate,REIT - Specialty,NASDAQ,154.07,651843,15645759488,3.7556,156.04,136.28,-0.5256,0.6,4.09,17.92,8.75,0.0,74.5,3,166.33,114.45,-7.37,0.0,,8,,20260812
WSE,Wise Group plc,Technology,Information Technology Services,NASDAQ,12.35,1403564,12195187712,0.3704,11.91,12.35,1.1999,-24.56,-24.56,-24.56,-24.56,0.0,77.0,3,17.47,10.36,-29.31,0.0,,8,,20260812
UPMKF,UPM-Kymmene Oyj,Basic Materials,Paper & Paper Products,PNK,26.1,450,13763156992,0.1299,27.53,28.48,-10.9967,-23.64,-20.41,-27.66,-24.12,0.0,12.0,4,33.0,24.4,-20.91,0.0,,8,,20260812
RMBS,Rambus Inc.,Technology,Semiconductors,NASDAQ,101.01,2951520,10922915840,7.793,117.22,109.13,-2.0805,-27.38,-17.79,15.99,-6.68,0.0,23.25,4,174.1,67.15,-41.98,0.0,,8,,20260812
IEX,IDEX Corporation,Industrials,Specialty Industrial Machinery,NYSE,240.52,703512,17731108864,5.5402,224.43,199.27,2.9038,8.32,0.65,32.13,15.16,0.0,86.25,2,243.8,158.19,-1.35,0.0,,8,,20260812
KGSPY,Kingspan Group plc,Industrials,Building Products & Equipment,PNK,119.4,16559,21487974400,4.0668,93.36,88.5,6.4032,26.05,10.21,21.38,18.64,0.0,92.5,2,119.57,71.63,-0.14,0.0,,8,,20260812
SONVF,Sonova Holding AG,Healthcare,Medical Devices,PNK,292.23,64,17359806464,3.978,259.8,251.89,8.1513,25.57,1.2,-15.0,0.81,0.0,75.0,2,311.62,208.55,-6.22,0.0,,8,,20260812
UPMMY,UPM-Kymmene Oyj,Basic Materials,Paper & Paper Products,PNK,26.68,115685,14069005312,0.4655,27.18,28.27,-1.0768,-14.92,-22.1,-26.85,-22.2,0.0,35.25,4,33.04,25.11,-19.25,0.0,,8,,20260812
DTM,"DT Midstream, Inc.",Energy,Oil & Gas Midstream,NYSE,136.12,748159,13886321664,3.4273,141.99,130.82,-1.7119,-10.49,-6.56,11.15,-0.46,0.0,47.0,3,152.88,100.48,-10.96,0.0,,8,,20260812
GNMSF,Genmab A/S,Healthcare,Biotechnology,PNK,311.51,146,19423662080,4.0577,271.4,289.54,9.8861,15.5,-17.41,21.74,6.48,0.0,77.5,3,352.0,216.31,-11.5,0.0,,8,,20260812
PSLV,Sprott Physical Silver Trust,Unknown,Unknown,NYSE,21.41,8846277,13612099584,0.6964,19.89,22.96,2.186,-28.75,-31.63,44.71,-0.37,0.0,50.75,3,38.13,12.61,-43.85,0.0,,8,,20260812
ASND,Ascendis Pharma A/S,Healthcare,Biotechnology,NASDAQ,255.46,662067,16756344832,8.0072,246.14,227.75,1.1637,2.28,3.15,10.83,6.0,0.0,86.25,2,282.15,186.05,-9.46,0.0,,8,,20260812
EURBF,EUROBANK S A,Financial Services,Banks - Regional,PNK,5.17,443,18550538240,0.0542,4.79,4.3,7.0522,6.71,-5.79,19.74,7.55,0.0,75.0,2,6.0,3.64,-13.83,0.0,,8,,20260812
CLPXY,China Longyuan Power Group Corporation Limited,Utilities,Utilities - Renewable,PNK,7.25,5656,11745613824,0.3306,7.13,8.44,0.375,-19.78,-27.98,-42.18,-31.61,0.0,30.0,3,11.35,5.9,-36.12,0.0,,8,,20260812
IPSEY,Ipsen S.A.,Healthcare,Drug Manufacturers - Specialty & Generic,PNK,45.96,670,14965888000,0.9087,45.76,42.54,0.2193,-10.0,2.91,25.84,8.85,0.0,51.25,2,51.1,31.62,-10.06,0.0,,8,,20260812
PL,Planet Labs PBC,Industrials,Aerospace & Defense,NYSE,24.5,11876401,8731862016,1.787,27.3,26.23,-1.5687,-44.69,-4.7,258.8,90.7,0.0,27.0,4,51.76,6.1,-52.67,0.0,,8,,20260812
KAEPF,"The Kansai Electric Power Company, Incorporated",Utilities,Utilities - Renewable,PNK,15.15,595,16877958144,0.0853,14.44,15.7,8.2861,-10.82,-23.25,-1.13,-11.3,0.0,37.0,3,17.84,12.55,-15.08,0.0,,8,,20260812
NPPHY,"Nippon Paint Holdings Co., Ltd.",Basic Materials,Specialty Chemicals,PNK,4.35,4316,20179306496,0.3214,3.54,3.32,2.5298,49.06,6.97,-25.72,4.42,0.0,92.5,2,4.35,2.71,-0.0,0.0,,8,,20260812
KGSPF,Kingspan Group plc,Industrials,Building Products & Equipment,PNK,108.04,398,19444097024,2.0248,92.73,88.24,7.5632,15.32,1.48,10.4,8.5,0.0,77.5,2,110.86,71.49,-2.54,0.0,,8,,20260812
HST,"Host Hotels & Resorts, Inc.",Real Estate,REIT - Hotel & Motel,NASDAQ,22.8,9766362,15839762432,0.6315,23.83,19.66,-1.6307,3.88,7.85,38.36,19.06,0.0,74.5,3,25.71,15.61,-11.32,0.0,,8,,20260812
BNT,Brookfield Wealth Solutions Ltd.,Financial Services,Insurance - Diversified,NYSE,44.84,23122,12302930944,0.8913,43.86,44.84,1.1012,-7.51,-15.97,-18.18,-14.74,0.0,49.5,3,49.86,40.06,-10.07,0.0,,8,,20260812
SONVY,Sonova Holding AG,Healthcare,Medical Devices,PNK,59.17,22385,17574850560,0.9643,51.74,50.56,7.7029,24.53,-1.4,-15.4,-0.52,0.0,88.75,2,61.1,42.26,-3.16,0.0,,8,,20260812
WSO,"Watsco, Inc.",Industrials,Industrial Distribution,NYSE,309.41,417472,12763840512,13.7791,368.7,373.05,-4.3026,-30.1,-38.29,-45.88,-39.28,0.0,8.75,4,459.0,300.66,-32.59,0.0,,8,,20260812
XPEV,XPeng Inc.,Consumer Cyclical,Auto Manufacturers,NYSE,11.75,7301883,11239974912,0.4583,13.44,17.55,-3.6909,-32.21,-46.27,-67.86,-51.39,0.0,13.75,4,28.23,11.54,-58.38,0.0,,8,,20260812
MAA,"Mid-America Apartment Communities, Inc.",Real Estate,REIT - Residential,NYSE,132.33,1044098,15790494720,2.5644,134.54,129.45,-0.8615,-1.33,-12.9,-22.73,-13.94,0.0,77.0,3,146.41,120.3,-9.62,0.0,,8,,20260812
LULU,lululemon athletica inc.,Consumer Cyclical,Apparel Retail,NASDAQ,120.87,3416432,13725262848,4.1984,118.02,157.19,0.6794,-8.32,-45.29,-57.99,-41.13,0.0,41.25,3,225.98,104.44,-46.51,0.0,,8,,20260812
EVGGF,Evolution AB (publ),Consumer Cyclical,Gambling,PNK,79.42,656,14962449408,1.1602,73.61,68.2,5.0021,8.84,12.49,-37.17,-8.29,0.0,78.75,2,92.6,56.15,-14.24,0.0,,8,,20260812
PZAKY,Powszechny Zaklad Ubezpieczen SA,Financial Services,Insurance - Property & Casualty,PNK,21.25,306,19637684224,0.317,19.13,18.72,6.6763,15.87,-6.34,52.25,22.65,0.0,75.0,2,22.05,13.0,-3.63,0.0,,8,,20260812
WF,Woori Financial Group Inc.,Financial Services,Banks - Regional,NYSE,70.38,178361,17079717888,1.9639,63.33,63.6,3.5914,4.81,-17.03,7.68,-1.69,0.0,86.25,3,84.71,48.83,-16.92,0.0,,8,,20260812
CLH,"Clean Harbors, Inc.",Industrials,Waste Management,NYSE,316.65,488867,16715081728,7.9326,299.67,273.98,2.1407,1.92,5.95,10.21,6.64,0.0,85.0,2,335.94,201.34,-5.74,0.0,,8,,20260812
KAEPY,"The Kansai Electric Power Company, Incorporated",Utilities,Utilities - Renewable,PNK,7.25,3759,16153822208,0.3438,7.41,7.82,-0.4741,-9.02,-26.1,-17.75,-18.49,0.0,64.0,3,9.11,6.53,-20.42,0.0,,8,,20260812
DECK,Deckers Outdoor Corporation,Consumer Cyclical,Footwear & Accessories,NYSE,91.2,2285382,12419784704,3.5937,104.06,102.05,-3.5784,-8.81,-33.25,-32.05,-26.66,0.0,8.75,4,125.45,78.91,-27.3,0.0,,8,,20260812
SNLAY,Sino Land Company Limited,Real Estate,Real Estate - Development,PNK,7.09,5841,13593148416,0.5681,7.04,7.28,0.0877,-18.03,-21.81,-3.5,-13.54,0.0,48.25,3,8.89,5.55,-20.25,0.0,,8,,20260812
JAZZ,Jazz Pharmaceuticals plc,Healthcare,Biotechnology,NASDAQ,248.95,871964,16160159744,7.3917,242.34,196.13,0.8936,4.35,38.1,101.96,55.2,0.0,85.0,2,265.05,112.49,-6.08,0.0,,8,,20260812
WHGLY,WH Group Limited,Consumer Defensive,Packaged Foods,PNK,20.07,43359,12923123712,0.7834,21.54,22.43,-1.8712,-21.6,-26.54,-21.76,-23.39,0.0,8.75,4,28.31,18.36,-29.11,0.0,,8,,20260812
BALL,Ball Corporation,Consumer Cyclical,Packaging & Containers,NYSE,62.14,2619488,16544558080,1.5796,60.7,57.58,0.9137,3.42,-19.89,-5.33,-8.24,0.0,86.25,2,68.29,44.83,-9.01,0.0,,8,,20260812
NBGRY,National Bank of Greece S.A.,Financial Services,Banks - Regional,PNK,18.6,26154,17205790720,0.6244,18.6,18.6,0.0,1.06,1.06,1.06,1.06,0.0,70.75,3,19.24,16.45,-3.33,0.0,,8,,20260812
ASBRF,"Asahi Group Holdings, Ltd.",Consumer Defensive,Beverages - Brewers,PNK,10.29,574,15052900352,0.0575,9.77,10.37,9.0682,1.59,-22.15,-41.57,-23.98,0.0,62.0,3,13.78,8.83,-25.33,0.0,,8,,20260812
NCBDY,BANDAI NAMCO Holdings Inc.,Consumer Cyclical,Leisure,PNK,16.78,105616,21524242432,0.4538,12.64,13.03,9.1259,40.6,12.66,-30.08,2.55,0.0,86.25,3,19.67,10.94,-14.69,0.0,,8,,20260812
THC,Tenet Healthcare Corporation,Healthcare,Medical Care Facilities,NYSE,266.79,1379312,21481664512,10.1237,204.98,202.69,6.1053,31.28,26.0,37.29,31.84,0.0,88.75,2,269.31,157.58,-0.94,0.0,,8,,20260812
GEN,Gen Digital Inc.,Technology,Software - Infrastructure,NASDAQ,28.64,6471675,17143531520,0.9617,26.13,24.19,2.6095,25.72,2.8,-27.93,-3.76,0.0,90.0,2,32.22,17.78,-11.11,0.0,,8,,20260812
AHKSF,Asahi Kasei Corporation,Industrials,Conglomerates,PNK,9.81,101,13206589440,0.0953,11.22,9.94,-14.8269,-2.4,-24.94,19.37,-1.58,0.0,37.0,3,11.84,7.46,-17.15,0.0,,8,,20260812
KPELY,Keppel Ltd.,Industrials,Conglomerates,PNK,16.98,3391,15282182144,0.6701,17.34,17.0,-0.5308,-0.29,-23.17,5.19,-6.11,0.0,59.0,3,21.11,12.27,-19.56,0.0,,8,,20260812
OUKPF,Metso Oyj,Industrials,Farm & Heavy Construction Machinery,PNK,17.64,357,14607921152,0.0053,17.74,14.14,-19.7019,3.82,56.73,48.77,40.32,0.0,62.0,3,18.01,10.56,-2.06,0.0,,8,,20260812
LUGDF,Lundin Gold Inc.,Basic Materials,Gold,OQX,65.9,55170,15936777216,2.9927,57.0,67.88,2.9737,-4.38,-22.62,5.35,-6.87,0.0,52.0,3,90.49,51.68,-27.18,0.0,,8,,20260812
FNBKY,FinecoBank Banca Fineco S.p.A.,Financial Services,Banks - Regional,PNK,57.3,176,17528619008,0.3235,51.97,49.19,16.4816,11.1,4.03,14.88,10.14,0.0,76.25,2,57.3,42.58,-0.0,0.0,,8,,20260812
OUKPY,Metso Oyj,Industrials,Farm & Heavy Construction Machinery,PNK,9.54,58829,15800404992,0.244,8.93,8.85,2.4833,4.27,-15.1,26.56,6.41,0.0,88.75,2,10.93,6.11,-12.72,0.0,,8,,20260812
EVVTY,Evolution AB (publ),Consumer Cyclical,Gambling,PNK,76.95,28914,14498022400,1.4848,73.26,67.92,2.4823,10.4,9.37,-38.54,-9.54,0.0,88.75,2,90.64,56.88,-15.1,0.0,,8,,20260812
NWSA,News Corporation,Communication Services,Entertainment,NASDAQ,28.67,4920306,15496601600,0.8777,27.0,25.81,1.9042,1.39,14.69,-21.29,-3.03,0.0,88.75,2,31.61,22.2,-9.3,0.0,,8,,20260812
NWS,News Corporation,Communication Services,Entertainment,NASDAQ,32.68,1532040,17664071680,1.019,30.68,29.43,1.9673,0.09,12.95,-22.73,-4.54,0.0,88.75,2,35.31,25.49,-7.45,0.0,,8,,20260812
MPFRF,"Mapfre, S.A.",Financial Services,Insurance - Diversified,PNK,5.4,787,16574331904,0.0271,4.92,4.49,17.5039,6.45,15.02,31.82,19.6,0.0,75.0,2,5.4,3.6,0.0,0.0,,8,,20260812
XPNGF,XPeng Inc.,Consumer Cyclical,Auto Manufacturers,PNK,6.36,287,12177435648,0.0598,6.96,8.89,-9.8722,-23.76,-32.61,-53.09,-38.59,0.0,0.0,4,13.0,6.37,-51.04,0.0,,8,,20260812
NCBDF,BANDAI NAMCO Holdings Inc.,Consumer Cyclical,Leisure,PNK,27.11,38,17387431936,0.1742,23.4,25.54,21.2727,13.48,-4.76,-45.59,-16.53,0.0,75.0,3,37.64,22.44,-27.98,0.0,,8,,20260812
GPFOF,"Grupo Financiero Inbursa, S.A.B. de C.V.",Financial Services,Banks - Regional,PNK,2.47,891,14815148032,0.0161,2.41,1.71,3.6412,77.5,59.92,49.2,60.03,0.0,75.0,2,2.77,1.99,-10.99,0.0,,8,,20260812
AHKSY,Asahi Kasei Corporation,Industrials,Conglomerates,PNK,21.84,31230,14700912640,0.6685,22.18,20.03,-0.5131,-0.27,-15.61,21.24,2.97,0.0,73.25,3,24.12,14.76,-9.45,0.0,,8,,20260812
MLI,"Mueller Industries, Inc.",Industrials,Metal Fabrication,NYSE,68.28,1438309,15102265344,1.8938,64.22,60.71,2.145,-6.12,2.95,30.58,11.73,0.0,63.75,2,71.12,44.98,-3.99,0.0,,8,,20260812
WCPRF,Whitecap Resources Inc.,Energy,Oil & Gas E&P,OQX,12.09,462125,14700231680,0.3927,11.27,9.86,2.0775,-1.1,18.66,47.81,25.38,0.0,63.75,2,12.59,7.03,-3.97,0.0,,8,,20260812
MPFRY,"Mapfre, S.A.",Financial Services,Insurance - Diversified,PNK,9.51,470,14594620416,0.035,9.56,9.26,-1.3617,-9.01,-13.54,-4.71,-8.88,0.0,37.0,3,10.42,7.96,-8.73,0.0,,8,,20260812
KPELF,Keppel Ltd.,Industrials,Conglomerates,PNK,8.8,714,15840189440,0.0208,8.44,8.1,17.2005,2.7,6.29,29.48,14.67,0.0,75.0,2,10.13,6.25,-13.13,0.0,,8,,20260812
PFGC,Performance Food Group Company,Consumer Defensive,Food Distribution,NYSE,107.41,1588732,16873022464,3.2251,108.6,96.53,-0.3687,9.42,5.08,-11.78,-0.58,0.0,77.0,3,117.47,80.82,-8.57,0.0,,8,,20260812
BKIMF,"Bankinter, S.A.",Financial Services,Banks - Regional,PNK,16.7,170,13480443904,0.0007,16.7,16.32,0.0,-3.33,-10.79,28.75,6.89,0.0,75.0,3,16.7,14.55,0.0,0.0,,8,,20260812
PNFP,"Pinnacle Financial Partners, Inc.",Financial Services,Banks - Regional,NYSE,106.83,1261208,16143364096,2.5757,99.78,94.35,2.7374,6.33,-3.84,-1.07,-0.19,0.0,91.25,2,110.33,81.08,-3.17,0.0,,8,,20260812
NBGIF,National Bank of Greece S.A.,Financial Services,Banks - Regional,PNK,18.59,1588,17342998528,0.3977,17.58,16.42,2.5641,8.31,-14.61,-2.09,-3.87,0.0,77.5,2,19.0,12.95,-2.13,0.0,,8,,20260812
BSAC,Banco Santander-Chile,Financial Services,Banks - Regional,NYSE,34.01,375932,16022631424,0.9079,33.16,31.47,0.9314,7.7,-14.85,26.12,7.17,0.0,87.5,2,37.72,23.31,-9.84,0.0,,8,,20260812
BKNIY,"Bankinter, S.A.",Financial Services,Banks - Regional,PNK,19.04,65254,17138001920,0.4487,17.42,16.35,3.6118,15.51,1.82,7.54,7.53,0.0,86.25,2,19.42,14.53,-1.96,0.0,,8,,20260812
FELTY,"Fuji Electric Co., Ltd.",Industrials,Electrical Equipment & Parts,PNK,23.03,41896,13448705024,0.8615,21.32,19.6,1.982,-9.0,16.61,22.26,12.47,0.0,60.0,2,27.96,15.56,-17.63,0.0,,8,,20260812
AHCHY,Anhui Conch Cement Company Limited,Basic Materials,Building Materials,PNK,11.21,53129,11831169024,0.1809,11.25,13.2,-0.2291,-15.44,-39.73,-49.62,-37.62,0.0,27.0,4,17.11,10.52,-34.48,0.0,,8,,20260812
SMTC,Semtech Corporation,Technology,Semiconductors,NASDAQ,140.0,3484653,13041163264,11.1511,142.28,101.89,-0.2041,1.08,45.83,165.48,82.5,0.0,47.0,3,177.35,46.02,-21.06,0.0,,8,,20260812
CMSQF,Computershare Limited,Financial Services,Capital Markets,PNK,28.57,6091,16524518400,1.528,27.11,23.55,0.9525,19.13,18.77,-12.39,6.4,0.0,83.75,2,31.83,17.87,-10.24,0.0,,8,,20260812
FPS,"Forgent Power Solutions, Inc.",Industrials,Electrical Equipment & Parts,NYSE,38.27,8434119,11650494464,3.0959,47.43,38.27,-2.9587,-15.94,11.45,17.36,6.97,0.0,33.75,3,66.0,25.95,-42.02,0.0,,8,,20260812
AAOI,"Applied Optoelectronics, Inc.",Technology,Communication Equipment,NASDAQ,138.08,12047159,11677321216,15.9139,136.06,93.94,0.1267,-31.58,172.55,539.11,268.14,0.0,61.25,2,233.67,18.5,-40.91,0.0,,8,,20260812
CPT,Camden Property Trust,Real Estate,REIT - Residential,NYSE,108.38,1110316,10896454656,2.1446,112.35,105.23,-1.8521,-0.98,-12.06,-14.42,-10.23,0.0,73.25,3,119.81,96.53,-9.54,0.0,,8,,20260812
YRAIF,Yara International ASA,Basic Materials,Agricultural Inputs,OID,46.85,93,11933895680,0.2472,48.05,46.56,-4.86,-25.51,6.79,2.75,-2.9,0.0,37.0,3,59.85,35.62,-21.72,0.0,,8,,20260812
YARIY,Yara International ASA,Basic Materials,Agricultural Inputs,OID,22.36,38914,11391330304,0.5255,23.36,23.07,-1.9112,-27.36,-17.52,5.03,-10.96,0.0,30.25,4,31.28,17.48,-28.52,0.0,,8,,20260812
REGCP,Regency Centers Corporation,Real Estate,REIT - Retail,NASDAQ,23.11,4132,0,0.1829,22.93,22.67,0.9845,-4.1,-10.3,-18.57,-12.06,0.0,87.5,2,24.75,22.35,-6.63,0.0,,8,,20260812
REGCO,Regency Centers Corporation,Real Estate,REIT - Retail,NASDAQ,21.84,3501,0,0.1624,21.83,21.75,0.0744,-4.62,-11.99,-19.48,-13.14,0.0,60.0,3,24.24,21.35,-9.9,0.0,,8,,20260812
REG,Regency Centers Corporation,Real Estate,REIT - Retail,NASDAQ,75.74,1469361,14160253952,1.4255,79.42,74.41,-2.5802,-6.41,-12.04,-12.62,-10.86,0.0,72.0,3,83.66,66.86,-9.47,0.0,,8,,20260812
LECO,"Lincoln Electric Holdings, Inc.",Industrials,Tools & Accessories,NASDAQ,286.97,367870,15641517056,8.4466,262.3,256.23,2.9206,3.24,-14.01,-0.81,-4.42,0.0,92.5,2,310.0,216.22,-7.43,0.0,,8,,20260812
CRRFY,Carrefour SA,Consumer Defensive,Grocery Stores,PNK,3.64,317187,12878561280,0.0849,3.65,3.37,-0.0834,-6.98,-2.78,8.63,0.73,0.0,47.0,3,4.13,2.85,-11.86,0.0,,8,,20260812
BMBOY,"Grupo Bimbo, S.A.B. de C.V.",Consumer Defensive,Packaged Foods,OQX,14.34,1105,15402178560,0.1446,13.4,13.39,6.4723,0.2,-18.36,5.35,-4.24,0.0,82.5,2,15.82,11.65,-9.36,0.0,,8,,20260812
COVTY,Covestro AG,Basic Materials,Specialty Chemicals,PNK,34.17,2398,14860247040,0.9055,33.8,34.42,0.4139,-6.51,-16.48,-26.45,-17.98,0.0,43.25,3,36.6,31.62,-6.64,0.0,,8,,20260812
SUN,Sunoco LP,Energy,Oil & Gas Refining & Marketing,NYSE,75.55,466796,14234667008,2.1529,68.75,60.72,3.1596,10.42,21.66,31.6,22.83,0.0,86.25,2,78.11,47.98,-3.28,0.0,,8,,20260812
TKGSF,"Tokyo Gas Co.,Ltd.",Utilities,Utilities - Regulated Gas,PNK,38.58,50,12748278784,0.0466,39.49,39.61,-19.631,-9.26,-14.72,-19.21,-15.15,0.0,24.0,4,43.16,37.5,-10.62,0.0,,8,,20260812
GRAB,Grab Holdings Limited,Technology,Software - Application,NASDAQ,3.61,49280270,14725189632,0.1498,3.58,4.23,0.207,-5.74,-28.45,-47.93,-30.56,0.0,36.25,3,6.62,3.18,-45.47,0.0,,8,,20260812
TIGO,Millicom International Cellular S.A.,Communication Services,Telecom Services,NASDAQ,96.47,1797477,16178983936,4.3124,92.07,70.79,1.0192,19.13,34.12,128.4,68.09,0.0,85.0,2,107.13,43.38,-9.95,0.0,,8,,20260812
LTM,LATAM Airlines Group S.A.,Industrials,Airlines,NYSE,52.44,791777,15351491584,2.1122,53.82,52.61,-0.6526,0.8,-30.84,-2.19,-11.47,0.0,62.75,3,70.42,41.41,-25.53,0.0,,8,,20260812
SHTLF,South32 Limited,Basic Materials,Other Industrial Metals & Mining,PNK,3.0,12151,13794521088,0.0242,3.0,2.79,0.1101,-8.3,-17.13,21.74,0.63,0.0,50.0,2,3.6,1.7,-16.67,0.0,,8,,20260812
CRERF,Carrefour SA,Consumer Defensive,Grocery Stores,PNK,18.18,562,12864408576,0.1037,18.43,16.74,-2.4237,-7.28,4.0,10.66,3.84,0.0,37.0,3,20.72,13.85,-12.26,0.0,,8,,20260812
AMIGY,Admiral Group plc,Financial Services,Insurance - Property & Casualty,PNK,51.79,23950,15480135680,1.4716,48.17,43.29,2.4593,13.87,29.37,-3.48,12.35,0.0,83.75,2,53.66,36.05,-3.48,0.0,,8,,20260812
SKM,"SK Telecom Co., Ltd.",Communication Services,Telecom Services,NYSE,35.05,2778293,13455279104,1.6343,34.53,29.55,0.32,-15.21,8.7,33.16,12.51,0.0,58.75,2,47.18,19.66,-25.71,0.0,,8,,20260812
RPGRY,REA Group Limited,Communication Services,Internet Content & Information,PNK,31.69,108339,16587789312,0.9075,26.78,29.77,5.4074,-3.61,-9.1,-47.97,-23.28,0.0,63.75,3,55.54,22.41,-42.94,0.0,,8,,20260812
LFCBY,Lifco AB (publ),Industrials,Conglomerates,PNK,16.76,806,14871042048,0.1255,16.48,16.83,2.244,-0.84,-15.2,-33.43,-18.9,0.0,63.25,3,19.55,14.51,-14.27,0.0,,8,,20260812
KPCPY,Kasikornbank Public Company Limited,Financial Services,Banks - Regional,PNK,30.04,21193,17793650688,0.9427,27.43,24.18,2.7688,17.65,13.59,26.0,19.57,0.0,77.5,2,32.0,19.51,-6.12,0.0,,8,,20260812
ARXS,"Arxis, Inc.",Industrials,Aerospace & Defense,NASDAQ,58.1,1040045,24255260672,3.3241,45.24,58.1,3.8685,45.92,39.56,39.56,41.15,0.0,87.5,3,61.5,33.15,-5.53,0.0,,8,,20260812
PS,Pershing Square Inc.,Financial Services,Asset Management,NYSE,38.8,242479,15520000000,2.072,34.37,38.8,2.1392,-30.01,52.05,52.05,31.54,0.0,60.0,3,54.94,22.01,-29.38,0.0,,8,,20260812
OHI,"Omega Healthcare Investors, Inc.",Real Estate,REIT - Healthcare Facilities,NYSE,45.87,2211183,14467180544,1.0668,47.31,44.76,-1.3483,-7.34,-8.4,-1.77,-5.48,0.0,70.75,3,52.39,39.26,-12.45,0.0,,8,,20260812
CJEWY,Chow Tai Fook Jewellery Group Limited,Consumer Cyclical,Luxury Goods,PNK,16.0,96,15786129408,0.2231,14.45,15.82,6.9681,19.78,-23.35,-24.59,-13.06,0.0,75.0,3,21.0,12.6,-23.81,0.0,,8,,20260812
GIB,CGI Inc.,Technology,Information Technology Services,NYSE,73.96,505490,15315297280,2.2559,67.86,76.72,2.702,12.36,-20.49,-44.71,-21.96,0.0,78.25,3,97.55,59.63,-24.18,0.0,,8,,20260812
CLPBF,Coloplast A/S,Healthcare,Medical Instruments & Supplies,PNK,65.29,840,15612399616,0.4255,60.63,73.79,10.9497,-4.82,-30.92,-53.11,-33.27,0.0,50.0,3,98.58,56.81,-33.77,0.0,,8,,20260812
CDW,CDW Corporation,Technology,Information Technology Services,NASDAQ,136.67,2084035,17086131200,7.3188,136.21,131.5,0.0625,29.32,-15.58,-37.07,-12.95,0.0,88.75,2,171.55,97.12,-20.33,0.0,,8,,20260812
CJEWF,Chow Tai Fook Jewellery Group Limited,Consumer Cyclical,Luxury Goods,PNK,1.4,141,13812862976,0.0044,1.37,1.61,6.4574,-4.28,-35.72,-37.77,-28.68,0.0,25.0,3,2.17,1.4,-35.48,0.0,,8,,20260812
GRBMF,"Grupo Bimbo, S.A.B. de C.V.",Consumer Defensive,Packaged Foods,OQX,3.55,609,15251808256,0.0452,3.27,3.38,6.1601,-0.51,-17.54,-3.29,-7.58,0.0,75.0,3,4.0,2.9,-11.25,0.0,,8,,20260812
JBS,JBS N.V.,Consumer Defensive,Packaged Foods,NYSE,13.12,7355340,43156451328,0.4792,12.5,13.68,1.2918,-12.11,-24.46,-22.6,-20.63,0.0,47.0,3,18.65,11.49,-29.65,0.0,,8,,20260812
SNMYF,Suncorp Group Limited,Financial Services,Insurance - Property & Casualty,PNK,13.03,264,13812469760,0.0027,13.03,12.27,0.0,-3.47,-1.16,-3.31,-2.6,0.0,75.0,3,16.1,10.83,-19.07,0.0,,8,,20260812
OSGSY,"Osaka Gas Co., Ltd.",Utilities,Utilities - Regulated Gas,PNK,70.51,678,13379415040,0.7072,69.86,73.82,0.9214,-9.85,-29.58,6.02,-10.41,0.0,38.25,3,91.5,51.71,-22.94,0.0,,8,,20260812
CLPBY,Coloplast A/S,Healthcare,Medical Instruments & Supplies,PNK,6.71,391233,15122111488,0.157,6.17,7.34,3.4117,2.53,-23.37,-50.72,-27.83,0.0,78.25,3,10.03,5.64,-33.1,0.0,,8,,20260812
SGI,Somnigroup International Inc.,Consumer Cyclical,"Furnishings, Fixtures & Appliances",NYSE,64.25,2861225,13515982848,2.8164,71.64,80.32,-2.6245,-6.65,-46.34,-37.89,-33.03,0.0,35.0,4,98.56,60.39,-34.81,0.0,,8,,20260812
RGA,"Reinsurance Group of America, Incorporated",Financial Services,Insurance - Reinsurance,NYSE,246.08,365790,16069433344,5.147,224.39,207.62,4.2138,12.67,1.9,11.78,8.55,0.0,85.0,2,248.13,178.21,-0.83,0.0,,8,,20260812
CPAMF,CapitaLand Integrated Commercial Trust,Real Estate,REIT - Retail,PNK,1.96,21040,15444306944,0.0097,1.88,1.84,8.0789,6.87,-16.48,-9.63,-7.9,0.0,75.0,2,2.1,1.6,-6.67,0.0,,8,,20260812
EDVMF,Endeavour Mining plc,Basic Materials,Gold,OQX,56.39,30019,13592483840,1.8767,50.98,53.92,2.8804,-20.58,-19.31,51.47,8.68,0.0,62.5,3,72.18,32.03,-21.88,0.0,,8,,20260812
GJNSY,Gjensidige Forsikring ASA,Financial Services,Insurance - Property & Casualty,PNK,29.37,1217,14836935680,1.3099,27.82,27.06,1.1855,4.56,-6.61,-11.48,-5.77,0.0,80.0,2,31.74,23.73,-7.47,0.0,,8,,20260812
NPCPF,"Nippon Paint Holdings Co., Ltd.",Basic Materials,Specialty Chemicals,PNK,6.69,473,15527628800,0.0758,3.7,0.52,39.4724,-907.95,-824.6,2329.94,416.38,0.0,75.0,2,8.12,6.0,-17.56,0.0,,8,,20260812
MMLTF,MMG Limited,Basic Materials,Copper,PNK,1.15,36042,14773386240,0.0358,1.02,1.09,3.7208,-4.73,-20.9,138.22,46.79,0.0,50.0,3,1.43,0.44,-19.58,0.0,,8,,20260812
EG,"Everest Group, Ltd.",Financial Services,Insurance - Reinsurance,NYSE,363.67,408095,13944102912,8.1017,359.74,335.94,0.4847,-0.89,-0.81,-11.4,-5.07,0.0,88.75,2,401.07,302.44,-9.33,0.0,,8,,20260812
OBYCF,Obayashi Corporation,Industrials,Engineering & Construction,PNK,18.8,1838,12923524096,0.6771,19.94,-1.92,-1.6858,-26.43,-179.53,-45.87,-87.79,0.0,27.5,3,29.57,15.37,-36.41,0.0,,8,,20260812
CMSQY,Computershare Limited,Financial Services,Capital Markets,PNK,28.54,48453,16507167744,0.5602,27.08,23.29,2.6071,28.2,12.63,-12.8,6.35,0.0,90.0,2,31.25,18.82,-8.67,0.0,,8,,20260812
DOC,"Healthpeak Properties, Inc.",Real Estate,REIT - Healthcare Facilities,NYSE,20.66,7653080,14646850560,0.5061,21.16,17.93,-0.9783,1.09,13.39,9.01,8.56,0.0,72.0,3,22.95,15.7,-9.98,0.0,,8,,20260812
CHKP,Check Point Software Technologies Ltd.,Technology,Software - Infrastructure,NASDAQ,129.29,1362919,13200589824,4.9747,130.25,156.36,-0.1939,6.21,-40.6,-51.28,-33.17,0.0,53.25,4,210.66,112.23,-38.63,0.0,,8,,20260812
SOUHY,South32 Limited,Basic Materials,Other Industrial Metals & Mining,PNK,17.38,98053,15702665216,0.5623,15.35,14.18,3.6129,7.76,-3.11,56.76,23.56,0.0,87.5,2,18.17,8.07,-4.35,0.0,,8,,20260812
AUR,"Aurora Innovation, Inc.",Consumer Cyclical,Auto Parts,NASDAQ,6.87,28629616,13473465344,0.4072,6.43,5.23,1.0702,-9.77,41.83,-12.73,7.11,0.0,65.0,2,8.56,3.6,-19.79,0.0,,8,,20260812
CSGP,"CoStar Group, Inc.",Real Estate,Real Estate Services,NASDAQ,30.5,7862593,12358526976,1.4762,30.26,46.98,0.1599,-12.63,-52.22,-89.85,-57.38,0.0,38.75,3,91.89,25.89,-66.81,0.0,,8,,20260812
IFJPY,Informa plc,Communication Services,Publishing,PNK,24.52,34125,15316447232,0.6858,23.61,22.93,1.3292,9.6,-7.32,-15.07,-6.19,0.0,90.0,2,26.82,19.45,-8.58,0.0,,8,,20260812
BVVBY,Bureau Veritas SA,Industrials,Consulting Services,PNK,65.66,25893,14379693056,1.1459,61.36,61.45,3.749,6.47,-9.55,-15.09,-7.76,0.0,85.0,3,69.93,57.35,-6.11,0.0,,8,,20260812
KNBWY,"Kirin Holdings Company, Limited",Consumer Defensive,Beverages - Brewers,PNK,19.26,26337,15348124672,0.4855,17.69,16.28,3.2362,16.6,7.05,12.91,11.78,0.0,85.0,2,19.95,14.01,-3.46,0.0,,8,,20260812
HTHT,H World Group Limited,Consumer Cyclical,Lodging,NASDAQ,41.25,1981683,12685357056,1.0831,42.54,46.38,-1.1918,-19.94,-30.69,11.94,-10.95,0.0,22.0,4,56.64,32.31,-27.17,0.0,,8,,20260812
KRYAY,Kerry Group plc,Consumer Defensive,Packaged Foods,OID,96.88,17533,15397196800,1.7083,92.04,86.89,2.8308,9.87,-5.82,-16.57,-6.2,0.0,85.0,2,98.58,74.48,-1.72,0.0,,8,,20260812
STGPF,Scentre Group,Real Estate,REIT - Retail,PNK,3.1,266,17226891264,0.0459,2.64,2.61,9.9254,10.39,9.38,4.21,7.56,0.0,50.0,2,3.1,2.0,-0.0,0.0,,8,,20260812
AKESF,"Akeso, Inc.",Healthcare,Biotechnology,PNK,13.2,1344,12159089664,0.3881,12.14,14.37,2.7374,-28.21,-9.12,-58.52,-33.65,0.0,42.0,3,23.15,10.5,-42.98,0.0,,8,,20260812
XJNGF,"Goldwind Science&Technology Co., Ltd.",Industrials,Specialty Industrial Machinery,PNK,1.16,390,4899594752,0.0164,1.34,1.72,-11.2235,-53.52,-48.08,6.72,-27.52,0.0,1.25,4,2.33,0.94,-50.21,0.0,,8,,20260812
FELTF,"Fuji Electric Co., Ltd.",Industrials,Electrical Equipment & Parts,PNK,84.58,81,12347931648,0.2275,80.33,15.55,18.6961,12.28,-342.51,640.58,139.43,0.0,76.25,2,86.17,52.66,-1.85,0.0,,8,,20260812
MOD,Modine Manufacturing Company,Consumer Cyclical,Auto Parts,NYSE,199.53,1601179,10597578752,15.5084,244.46,206.91,-2.8973,-32.69,-21.41,26.01,-5.26,0.0,25.75,4,323.25,111.18,-38.27,0.0,,8,,20260812
PTAIF,PT Astra International Tbk,Industrials,Conglomerates,PNK,0.23,1769,9205566464,0.0008,0.25,0.33,-26.1653,-30.61,-50.75,-46.75,-44.12,0.0,0.0,4,0.41,0.23,-43.76,0.0,,8,,20260812
IFPJF,Informa plc,Communication Services,Publishing,PNK,11.85,477,14804234240,0.0353,11.41,11.46,12.37,6.2,-3.67,-17.63,-6.78,0.0,75.0,3,12.85,10.78,-7.75,0.0,,8,,20260812
APA,APA Corporation,Energy,Oil & Gas E&P,NASDAQ,39.97,5628377,14003550208,1.4708,35.33,31.55,3.1566,3.61,35.41,84.83,47.23,0.0,67.5,2,45.66,19.96,-12.46,0.0,,8,,20260812
TISCY,Taisei Corporation,Industrials,Engineering & Construction,PNK,20.61,867,12369131520,1.3846,20.9,23.19,-0.2067,-30.23,-21.73,8.75,-11.67,0.0,17.0,4,33.0,15.57,-37.55,0.0,,8,,20260812
RBRK,"Rubrik, Inc.",Technology,Software - Infrastructure,NYSE,96.73,3629398,19909797888,4.6003,78.31,66.94,4.0037,55.05,61.05,-9.95,31.15,0.0,88.75,2,99.95,42.25,-3.22,0.0,,8,,20260812
MTRAF,Metro Inc.,Consumer Defensive,Grocery Stores,PNK,64.86,26043,13681114112,0.8497,66.06,68.05,-1.4172,-6.42,-19.34,-39.03,-23.99,0.0,51.5,4,83.02,60.71,-21.87,0.0,,8,,20260812
TKGSY,"Tokyo Gas Co.,Ltd.",Utilities,Utilities - Regulated Gas,PNK,18.43,7816,12181505024,1.48,19.11,20.63,-0.462,-16.73,-36.22,-20.0,-24.86,0.0,30.75,4,25.42,16.8,-27.5,0.0,,8,,20260812
JRONY,"Jerónimo Martins, SGPS, S.A.",Consumer Defensive,Food Distribution,PNK,39.61,35130,12446140416,0.6751,39.37,44.81,0.3502,-11.65,-27.4,-37.57,-27.53,0.0,31.25,3,52.97,36.67,-25.22,0.0,,8,,20260812
PILBF,PLS Group Limited,Basic Materials,Other Industrial Metals & Mining,PNK,3.35,27037,10605715456,0.1777,3.56,3.31,-1.1867,-30.54,-0.11,172.84,61.46,0.0,42.5,3,4.8,1.25,-30.21,0.0,,8,,20260812
KRYAF,Kerry Group plc,Consumer Defensive,Packaged Foods,OID,94.25,112,14979210240,0.2062,89.86,86.43,21.2902,8.25,-2.28,-30.31,-10.86,0.0,75.0,2,103.12,75.59,-8.6,0.0,,8,,20260812
NPNYY,Nippon Yusen Kabushiki Kaisha,Industrials,Marine Shipping,PNK,7.77,110917,15678155776,0.1921,6.99,6.86,4.0356,10.88,6.06,-14.45,-0.94,0.0,85.0,2,8.01,6.05,-3.0,0.0,,8,,20260812
TRU,TransUnion,Financial Services,Financial Data & Stock Exchanges,NYSE,79.44,2400112,15220704256,3.157,74.28,76.28,1.6347,8.94,-5.55,-33.99,-13.3,0.0,83.75,3,95.5,63.37,-16.82,0.0,,8,,20260812
EFGSY,Eiffage SA,Industrials,Engineering & Construction,PNK,27.95,3070,13759200256,0.7791,28.72,28.92,-0.984,-14.53,-21.87,-19.7,-19.17,0.0,37.75,4,35.58,23.65,-21.44,0.0,,8,,20260812
NIOIF,NIO Inc.,Consumer Cyclical,Auto Manufacturers,PNK,5.2,139,13029468160,0.0054,5.24,5.58,-7.9673,-17.49,11.35,-0.0,-0.4,0.0,24.0,4,7.8,4.21,-33.33,0.0,,8,,20260812
LYSCF,Lynas Rare Earths Limited,Basic Materials,Other Industrial Metals & Mining,OQX,11.79,25641,11866665984,0.5291,11.74,11.64,0.0892,-21.83,-1.81,16.54,0.52,0.0,66.25,3,16.2,7.8,-27.22,0.0,,8,,20260812
WHGRF,WH Group Limited,Consumer Defensive,Packaged Foods,PNK,1.01,26748,13368733696,0.0223,1.04,0.85,-1.5363,20.73,20.39,141.98,69.11,0.0,62.0,3,1.35,0.91,-25.19,0.0,,8,,20260812
OGFGF,Origin Energy Limited,Utilities,Utilities - Diversified,PNK,7.28,9,12939109376,0.0069,7.56,7.79,-40.5322,-15.5,-6.32,-25.22,-16.17,0.0,24.0,4,9.07,6.7,-19.74,0.0,,8,,20260812
MAS,Masco Corporation,Industrials,Building Products & Equipment,NYSE,74.64,2607487,14718068736,2.5623,76.03,68.44,-0.5441,2.53,-15.42,-12.96,-9.95,0.0,77.0,3,83.64,58.16,-10.76,0.0,,8,,20260812
BAWAY,BAWAG Group AG,Unknown,Unknown,PNK,51.85,10676,16109632512,1.6329,49.13,39.39,1.6648,14.96,24.72,71.29,40.9,0.0,86.25,2,53.76,27.87,-3.56,0.0,,8,,20260812
UUGRY,United Utilities Group PLC,Utilities,Utilities - Regulated Water,PNK,38.67,33941,14363275264,0.5563,35.71,33.93,5.3269,1.11,0.56,9.92,4.44,0.0,86.25,2,40.43,29.2,-4.35,0.0,,8,,20260812
LYSDY,Lynas Rare Earths Limited,Basic Materials,Other Industrial Metals & Mining,OQX,11.88,270253,11957251072,0.4137,11.73,11.64,0.3674,-21.14,-2.21,16.94,0.72,0.0,58.75,3,16.18,8.08,-26.58,0.0,,8,,20260812
SNMCY,Suncorp Group Limited,Financial Services,Insurance - Property & Casualty,PNK,13.63,117562,14448500736,0.3415,13.23,12.17,1.1583,6.44,9.81,-20.31,-3.08,0.0,88.75,2,15.25,9.43,-10.62,0.0,,8,,20260812
J,Jacobs Solutions Inc.,Industrials,Engineering & Construction,NYSE,145.37,1171951,17165416448,4.0472,129.97,132.87,3.8059,22.84,-15.48,-23.48,-9.1,0.0,92.5,3,168.44,105.68,-13.7,0.0,,8,,20260812
BBIO,"BridgeBio Pharma, Inc.",Healthcare,Biotechnology,NASDAQ,83.84,3332122,16389668864,2.8164,76.19,72.35,2.7167,24.86,4.07,57.41,30.6,0.0,91.25,2,93.42,46.81,-10.25,0.0,,8,,20260812
JLL,Jones Lang LaSalle Incorporated,Real Estate,Real Estate Services,NYSE,362.74,388550,16688834560,10.2383,323.78,320.78,3.8055,9.95,-7.44,8.71,3.37,0.0,88.75,2,373.29,259.83,-2.83,0.0,,8,,20260812
GLPI,"Gaming and Leisure Properties, Inc.",Real Estate,REIT - Specialty,NASDAQ,43.1,2372648,12908470272,0.9085,44.92,44.53,-1.9996,-13.46,-14.68,-22.08,-17.33,0.0,39.0,4,49.95,41.17,-13.71,0.0,,8,,20260812
TLTZY,Tele2 AB (publ),Communication Services,Telecom Services,PNK,8.45,130793,11721550848,0.2383,8.8,8.98,-1.4585,-18.15,-27.66,-16.88,-20.97,0.0,32.75,4,11.61,7.39,-27.22,0.0,,8,,20260812
CSL,Carlisle Companies Incorporated,Industrials,Building Products & Equipment,NYSE,382.61,466435,15195023360,13.7027,354.42,347.23,2.0572,4.44,-19.77,-17.08,-12.64,0.0,88.75,2,432.91,293.43,-11.62,0.0,,8,,20260812
UNM,Unum Group,Financial Services,Insurance - Life,NYSE,91.79,1447738,14665861120,2.2546,88.59,78.86,1.4203,8.84,17.26,12.66,13.31,0.0,90.0,2,93.22,68.28,-1.53,0.0,,8,,20260812
BWA,BorgWarner Inc.,Consumer Cyclical,Auto Parts,NYSE,68.85,3001553,14022427648,2.4212,67.58,55.6,0.5262,3.36,16.02,58.44,29.82,0.0,87.5,2,78.82,40.07,-12.65,0.0,,8,,20260812
ARMK,Aramark,Industrials,Specialty Business Services,NYSE,60.35,2767829,15869247488,1.3624,55.92,44.7,3.2491,20.04,35.93,32.82,30.71,0.0,83.75,2,61.52,35.07,-1.9,0.0,,8,,20260812
GPC,Genuine Parts Company,Consumer Cyclical,Auto Parts,NYSE,134.01,1797008,18474586112,4.064,118.23,117.48,3.8823,29.56,-19.0,-18.76,-6.77,0.0,91.25,2,151.57,90.78,-11.59,0.0,,8,,20260812
SKHSY,"Sekisui House, Ltd.",Consumer Cyclical,Residential Construction,OID,21.5,106817,13937121280,0.3839,21.14,22.03,0.9341,-7.06,-22.92,-27.35,-20.73,0.0,73.25,3,25.61,19.71,-16.05,0.0,,8,,20260812
TOST,"Toast, Inc.",Technology,Software - Infrastructure,NYSE,34.06,12201151,19686680576,1.3865,28.9,30.26,3.72,41.51,3.37,-44.09,-6.08,0.0,88.75,3,45.64,22.26,-25.37,0.0,,8,,20260812
EVR,Evercore Inc.,Financial Services,Capital Markets,NYSE,299.95,446337,11535410176,12.7363,339.01,329.94,-3.0668,-16.72,-28.96,-20.34,-22.45,0.0,22.0,4,388.71,265.87,-22.83,0.0,,8,,20260812
RRX,Regal Rexnord Corporation,Industrials,Specialty Industrial Machinery,NYSE,172.9,1119979,11513733120,11.1289,209.44,184.86,-3.2833,-22.37,-34.3,3.58,-16.17,0.0,22.0,4,247.8,127.96,-30.23,0.0,,8,,20260812
OGFGY,Origin Energy Limited,Utilities,Utilities - Diversified,PNK,7.75,17106,13471887360,0.2238,7.55,7.85,0.8786,-18.12,-12.81,-25.87,-19.36,0.0,47.0,3,9.7,7.07,-20.1,0.0,,8,,20260812
BVRDF,Bureau Veritas SA,Industrials,Consulting Services,PNK,31.25,29,13877868544,0.0597,30.3,30.61,15.8936,3.16,-13.85,-20.82,-12.39,0.0,75.0,3,33.49,29.43,-6.69,0.0,,8,,20260812
ARCC,Ares Capital Corporation,Financial Services,Asset Management,NASDAQ,19.87,4997370,14267114496,0.3363,18.74,18.61,3.3514,3.65,-7.33,-25.28,-11.76,0.0,88.75,2,22.76,17.4,-12.7,0.0,,8,,20260812
SOLV,Solventum Corporation,Healthcare,Medical Instruments & Supplies,NYSE,85.29,1629072,14518381568,2.9696,79.71,75.74,1.8783,10.31,-2.66,-6.36,-0.9,0.0,90.0,2,90.0,62.38,-5.23,0.0,,8,,20260812
BBSEY,BB Seguridade Participações S.A.,Financial Services,Insurance - Diversified,PNK,7.73,184593,15005850624,0.2339,7.75,6.82,-0.0898,4.58,2.36,6.64,4.62,0.0,72.0,3,8.58,5.8,-9.91,0.0,,8,,20260812
SWRAY,Swire Pacific Limited,Industrials,Conglomerates,PNK,13.14,30253,47670874112,0.3571,11.32,10.04,5.0945,9.44,21.05,33.36,23.07,0.0,88.75,2,13.62,7.77,-3.52,0.0,,8,,20260812
LKREF,Link Real Estate Investment Trust,Real Estate,REIT - Retail,PNK,4.95,980,12931597312,0.0882,4.9,4.84,0.558,-12.57,-2.69,-37.92,-19.25,0.0,51.25,3,5.75,4.2,-13.91,0.0,,8,,20260812
DSECF,Daiwa Securities Group Inc.,Financial Services,Capital Markets,PNK,12.88,16,9011810304,0.1992,9.89,8.48,15.0173,40.71,52.32,52.68,49.56,0.0,75.0,2,12.88,6.49,0.0,0.0,,8,,20260812
TMTNF,Toromont Industries Ltd.,Industrials,Industrial Distribution,PNK,157.07,11966,12806466560,3.4043,159.42,141.28,-0.6903,-7.32,5.67,30.2,12.23,0.0,38.25,3,169.25,102.13,-7.2,0.0,,8,,20260812
AMIGF,Admiral Group plc,Financial Services,Insurance - Property & Casualty,PNK,50.0,116,14945100800,0.2104,47.64,42.65,11.2255,10.42,18.84,-9.22,5.51,0.0,75.0,2,50.2,37.75,-0.4,0.0,,8,,20260812
TYL,"Tyler Technologies, Inc.",Technology,Software - Application,NYSE,317.64,845411,13008079872,13.8484,305.15,367.85,0.902,-2.34,-24.1,-68.45,-36.4,0.0,41.25,3,580.48,270.71,-45.28,0.0,,8,,20260812
SANM,Sanmina Corporation,Technology,Electronic Components,NASDAQ,208.9,1086616,11196487680,14.607,223.58,179.79,-1.0047,-16.34,27.35,52.49,26.48,0.0,37.5,3,288.68,108.37,-27.64,0.0,,8,,20260812
CHUEF,"Chubu Electric Power Company, Incorporated",Utilities,Utilities - Diversified,PNK,16.85,74,12728381440,0.028,17.34,-1.4,-17.554,-1.04,-216.11,-49.94,-95.87,0.0,62.0,3,17.45,12.74,-3.44,0.0,,8,,20260812
BDWBF,Budweiser Brewing Company APAC Limited,Consumer Defensive,Beverages - Brewers,PNK,0.83,5488,10941019136,0.008,0.84,0.96,-1.1931,-18.02,-33.01,-43.33,-33.39,0.0,13.25,4,1.22,0.78,-32.21,0.0,,8,,20260812
ONON,On Holding AG,Consumer Cyclical,Footwear & Accessories,NYSE,31.01,5763922,10363997184,1.879,37.03,40.36,-3.2037,-13.25,-43.75,-55.0,-40.62,0.0,11.25,4,51.08,30.11,-39.29,0.0,,8,,20260812
TMTNY,Toromont Industries Ltd.,Industrials,Industrial Distribution,PNK,31.43,57039,12812989440,1.7805,31.85,31.43,-0.2369,-6.58,-7.01,-7.01,-6.9,0.0,52.0,3,48.0,24.0,-34.53,0.0,,8,,20260812
IESC,"IES Holdings, Inc.",Industrials,Engineering & Construction,NASDAQ,766.33,250074,15268632576,53.1692,687.27,535.12,1.4869,6.88,41.13,104.12,57.76,0.0,86.25,2,816.51,309.51,-6.15,0.0,,8,,20260812
IAUGY,Insurance Australia Group Limited,Financial Services,Insurance - Property & Casualty,PNK,26.98,748,12615593984,0.3491,28.59,26.32,-4.6233,-2.45,-12.5,-26.34,-15.53,0.0,52.5,3,30.71,21.58,-12.15,0.0,,8,,20260812
TRMB,Trimble Inc.,Technology,Scientific & Technical Instruments,NASDAQ,56.35,2924814,13135834112,2.2457,53.49,66.52,1.2718,-5.2,-30.4,-54.59,-33.78,0.0,37.5,3,84.55,47.92,-33.35,0.0,,8,,20260812
TME,Tencent Music Entertainment Group,Communication Services,Internet Content & Information,NYSE,8.46,9776798,13851336704,0.4022,8.99,13.01,-1.3144,-11.64,-60.74,-84.55,-57.99,0.0,37.5,4,26.7,7.94,-68.31,0.0,,8,,20260812
APLD,Applied Digital Corporation,Technology,Information Technology Services,NASDAQ,31.15,20475782,8967574528,2.7661,34.73,32.46,-1.2928,-34.01,-29.07,99.2,21.0,0.0,23.25,4,50.73,13.16,-38.59,0.0,,8,,20260812
FNF,"Fidelity National Financial, Inc.",Financial Services,Insurance - Specialty,NYSE,47.67,1569033,12784751616,1.4584,48.96,50.59,-0.8843,-3.68,-26.64,-34.88,-24.19,0.0,62.75,4,59.21,42.78,-19.49,0.0,,8,,20260812
RXLSF,Rexel S.A.,Technology,Electronics & Computer Distribution,PNK,41.11,348,12088235008,0.2809,42.48,40.51,-4.8822,-2.93,-16.99,9.46,-2.89,0.0,37.0,3,46.33,29.5,-11.27,0.0,,8,,20260812
OLYMY,Olympus Corporation,Healthcare,Medical Devices,PNK,13.08,66670,13902112768,0.3311,11.04,11.23,6.1761,17.44,-9.54,-11.22,-3.46,0.0,83.75,3,13.73,8.08,-4.73,0.0,,8,,20260812
SWGAY,The Swatch Group AG,Consumer Cyclical,Luxury Goods,PNK,11.84,80845,12508349440,0.2862,12.17,11.37,-1.1538,-12.92,-17.99,19.78,-1.61,0.0,49.5,3,13.97,8.25,-15.25,0.0,,8,,20260812
ERFSF,Eurofins Scientific SE,Healthcare,Diagnostics & Research,PNK,82.06,3329,14163418112,3.7257,76.92,74.96,1.3807,13.27,-11.14,-15.7,-6.86,0.0,83.75,2,86.2,64.95,-4.8,0.0,,8,,20260812
ONTO,Onto Innovation Inc.,Technology,Semiconductor Equipment & Materials,NYSE,337.35,1344062,20619991040,26.4106,298.06,227.61,1.4877,16.46,42.75,199.51,98.88,0.0,87.5,2,386.46,101.0,-12.71,0.0,,8,,20260812
SWGAF,The Swatch Group AG,Consumer Cyclical,Luxury Goods,PNK,207.3,37,10778775552,2.1693,245.05,225.11,-17.4017,-28.08,-13.66,-14.07,-17.43,0.0,14.5,4,285.61,168.75,-27.42,0.0,,8,,20260812
IAUGF,Insurance Australia Group Limited,Financial Services,Insurance - Property & Casualty,PNK,6.03,883,14097857536,0.0406,5.77,5.45,6.4038,9.8,-0.71,-8.23,-1.09,0.0,75.0,2,6.39,5.08,-5.63,0.0,,8,,20260812
SNN,Smith & Nephew plc,Healthcare,Medical Devices,NYSE,29.84,1485812,12503566336,0.7592,30.45,32.22,-0.8072,-5.65,-26.58,-37.88,-25.87,0.0,62.75,4,38.79,28.56,-23.07,0.0,,8,,20260812
NEXOF,"NEXON Co., Ltd.",Communication Services,Electronic Gaming & Multimedia,PNK,13.93,11,10845869056,0.0167,14.59,19.99,-39.7855,-23.99,-57.92,-47.94,-45.45,0.0,12.0,4,27.04,13.3,-48.5,0.0,,8,,20260812
SYIEY,Symrise AG,Basic Materials,Specialty Chemicals,PNK,25.8,57306,14156993536,0.4815,24.82,21.88,2.0429,13.87,3.0,-7.82,1.39,0.0,86.25,2,26.91,19.31,-4.12,0.0,,8,,20260812
BBY,"Best Buy Co., Inc.",Consumer Cyclical,Specialty Retail,NYSE,83.0,4182662,17493671936,2.6803,80.09,69.53,1.0864,42.12,13.29,4.94,17.15,0.0,88.75,2,91.27,55.1,-9.06,0.0,,8,,20260812
SOLS,"Solstice Advanced Materials, Inc.",Basic Materials,Specialty Chemicals,NASDAQ,62.21,2999670,9881894912,3.2861,71.39,66.71,-2.7947,-31.87,-15.52,12.74,-8.3,0.0,20.75,4,90.8,40.43,-31.49,0.0,,8,,20260812
ALLY,Ally Financial Inc.,Financial Services,Credit Services,NYSE,44.25,3178296,13460836352,1.0802,44.28,41.94,-0.0305,-0.51,-5.2,-1.1,-2.39,0.0,75.75,3,47.29,35.92,-6.43,0.0,,8,,20260812
AEG,Aegon Ltd.,Financial Services,Insurance - Diversified,NYSE,9.4,4923798,13898989568,0.136,8.79,7.81,4.506,10.82,11.69,8.65,10.25,0.0,83.75,2,9.61,6.75,-2.19,0.0,,8,,20260812
OSCUF,"Japan Exchange Group, Inc.",Financial Services,Financial Data & Stock Exchanges,PNK,14.33,701,14619972608,0.3262,13.97,12.53,1.1166,17.46,11.69,13.93,14.03,0.0,75.0,2,15.25,9.4,-6.03,0.0,,8,,20260812
IGIFF,IGM Financial Inc.,Financial Services,Asset Management,PNK,64.19,16283,14820746240,0.7686,58.54,49.69,7.3552,9.65,20.01,67.85,36.56,0.0,81.25,2,65.05,34.66,-1.32,0.0,,8,,20260812
PEN,"Penumbra, Inc.",Healthcare,Medical Devices,NYSE,326.58,395035,12863797248,2.2157,319.15,318.19,3.3525,-3.24,-15.59,13.22,-0.98,0.0,67.5,2,362.41,221.26,-9.89,0.0,,8,,20260812
ARXCY,Arc Resources Ltd.,Energy,Oil & Gas E&P,PNK,23.5,174,13298038784,0.384,21.82,23.5,4.3812,-0.13,28.06,1.84,10.52,0.0,51.25,3,24.45,12.58,-3.89,0.0,,8,,20260812
SMMT,Summit Therapeutics Inc.,Healthcare,Biotechnology,NASDAQ,15.1,4984354,12046019584,0.8093,14.3,16.81,0.9848,-23.84,-11.04,-69.89,-37.78,0.0,35.0,3,30.05,12.25,-49.75,0.0,,8,,20260812
AETUF,ARC Resources Ltd.,Energy,Oil & Gas E&P,PNK,23.63,108696,13371601920,0.5027,22.4,19.91,2.4434,0.48,25.63,-2.25,8.19,0.0,92.5,2,23.93,15.5,-1.25,0.0,,8,,20260812
LFABF,Lifco AB (publ),Industrials,Conglomerates,PNK,32.67,58,14839244800,0.0362,31.52,32.03,31.7461,-1.61,-9.15,-24.97,-13.59,0.0,75.0,3,37.7,28.36,-13.34,0.0,,8,,20260812
RPM,RPM International Inc.,Basic Materials,Specialty Chemicals,NYSE,115.07,908670,14687880192,3.3823,107.94,105.65,2.1076,11.66,-14.62,-24.46,-11.99,0.0,88.75,2,129.12,92.92,-10.88,0.0,,8,,20260812
MSLOY,"Mitsui O.S.K. Lines, Ltd.",Industrials,Marine Shipping,PNK,19.71,59746,13545505792,0.4586,17.45,17.09,4.9213,2.27,9.59,-3.39,2.57,0.0,83.75,2,22.59,13.71,-12.75,0.0,,8,,20260812
ENLT,Enlight Renewable Energy Ltd,Utilities,Utilities - Renewable,NASDAQ,85.01,244593,11885135872,4.8786,88.68,68.63,-0.7521,-14.1,29.59,234.31,100.55,0.0,47.0,3,108.65,25.1,-21.76,0.0,,8,,20260812
MKC,"McCormick & Company, Incorporated",Consumer Defensive,Packaged Foods,NYSE,52.97,4077043,14241067008,1.5514,50.25,57.11,1.7502,9.22,-34.01,-44.34,-27.33,0.0,78.25,3,72.58,44.82,-27.02,0.0,,8,,20260812
SKHSF,"Sekisui House, Ltd.",Consumer Cyclical,Residential Construction,OID,22.46,1674,13301848064,1.0505,20.5,21.46,1.8643,5.18,-13.18,-16.81,-10.04,0.0,76.25,3,25.27,18.78,-11.12,0.0,,8,,20260812
GFL,GFL Environmental Inc.,Industrials,Waste Management,NYSE,40.87,2818162,14749587456,1.1852,38.24,41.17,2.2211,6.8,-16.98,-41.58,-20.88,0.0,72.0,3,51.4,33.33,-20.49,0.0,,8,,20260812
PAYP,PayPay Corporation,Technology,Software - Infrastructure,NASDAQ,14.92,1066483,10102975488,0.8553,15.13,14.92,-0.249,-27.09,-34.44,-34.44,-32.6,0.0,49.5,3,24.89,12.07,-40.06,0.0,,8,,20260812
VARRY,Vår Energi ASA,Energy,Oil & Gas E&P,PNK,9.75,11395,12169218048,0.5567,9.54,8.07,0.3689,-9.7,28.98,39.7,23.6,0.0,52.5,2,11.09,6.03,-12.08,0.0,,8,,20260812
RGC,Regencell Bioscience Holdings Limited,Healthcare,Drug Manufacturers - Specialty & Generic,NCM,5.06,296564,2502113792,0.7932,9.58,20.66,-5.7017,-85.71,-93.24,-85.4,-88.22,0.0,11.25,4,69.0,4.51,-92.67,0.0,,8,,20260812
SYIEF,Symrise AG,Basic Materials,Specialty Chemicals,PNK,101.5,132,13923787776,0.7876,98.02,87.62,4.4221,10.71,6.72,-10.63,0.78,0.0,75.0,2,104.59,76.31,-2.95,0.0,,8,,20260812
NDEKF,Nitto Denko Corporation,Basic Materials,Specialty Chemicals,PNK,22.5,8,14884286464,0.4209,17.9,21.35,10.9356,13.91,-16.99,-19.75,-10.37,0.0,50.0,3,25.7,17.72,-12.45,0.0,,8,,20260812
DVA,DaVita Inc.,Healthcare,Medical Care Facilities,NYSE,181.5,889258,11649577984,8.7294,216.71,159.35,-4.034,-14.41,18.11,17.82,9.86,0.0,63.75,3,247.49,101.0,-26.66,0.0,,8,,20260812
JPXGY,"Japan Exchange Group, Inc.",Financial Services,Financial Data & Stock Exchanges,PNK,14.22,251040,14507746304,0.3463,13.37,12.01,2.4608,16.16,15.62,12.72,14.6,0.0,88.75,2,14.79,10.16,-3.85,0.0,,8,,20260812
TOL,"Toll Brothers, Inc.",Consumer Cyclical,Residential Construction,NYSE,148.53,1065185,13883247616,4.7792,150.45,143.07,-0.4022,5.77,-19.77,-2.32,-6.41,0.0,75.75,3,168.36,123.15,-11.78,0.0,,8,,20260812
SEGXF,SEGRO Plc,Real Estate,REIT - Industrial,PNK,12.55,6816,16979837952,0.381,11.5,10.19,2.7655,28.74,10.23,24.83,20.7,0.0,81.25,2,13.21,8.18,-5.0,0.0,,8,,20260812
TIAJF,Telecom Italia S.p.A.,Communication Services,Telecom Services,PNK,0.96,0,20455303168,0.0001,0.96,0.82,0.0,-4.76,31.77,94.79,47.84,0.0,62.0,3,0.96,0.44,0.0,0.0,,8,,20260812
TIIAY,Telecom Italia S.p.A.,Communication Services,Telecom Services,PNK,8.6,49345,18506029056,0.2446,9.07,7.42,-1.9015,-1.21,8.86,51.89,23.55,0.0,57.5,3,11.2,4.74,-23.21,0.0,,8,,20260812
MXUBY,MIXUE GROUP,Unknown,Unknown,PNK,7.25,1396,0,0.3861,8.05,7.25,-2.063,-34.01,-60.8,-93.67,-67.25,0.0,27.5,3,17.23,6.25,-57.92,0.0,,8,,20260812
NIO,NIO Inc.,Consumer Cyclical,Auto Manufacturers,NYSE,4.54,32285977,11375728640,0.1694,4.96,5.43,-2.4508,-30.25,-20.67,-30.36,-26.94,0.0,8.75,4,8.02,4.37,-43.39,0.0,,8,,20260812
SNNUF,Smith & Nephew plc,Healthcare,Medical Devices,PNK,15.48,1332,12972868608,0.2871,14.29,15.6,4.135,-0.95,-21.82,-33.38,-21.23,0.0,40.75,3,18.5,13.1,-16.32,0.0,,8,,20260812
DSEEY,Daiwa Securities Group Inc.,Financial Services,Capital Markets,PNK,11.51,41570,15982426112,0.3601,10.71,9.64,2.223,18.32,-7.47,23.43,11.34,0.0,82.5,2,12.01,7.36,-4.16,0.0,,8,,20260812
CRBG,"Corebridge Financial, Inc.",Financial Services,Asset Management,NYSE,33.78,5056508,15058194432,1.0047,30.04,28.39,3.7179,24.59,-1.51,-17.62,-1.43,0.0,92.5,2,35.22,22.19,-4.07,0.0,,8,,20260812
CHKIF,China Southern Airlines Company Limited,Industrials,Airlines,PNK,0.41,1529,7429597696,0.0036,0.45,0.59,-11.815,-25.65,-59.73,-24.65,-37.18,0.0,0.0,4,0.82,0.39,-50.0,0.0,,8,,20260812
DPMAY,Diploma PLC,Industrials,Industrial Distribution,PNK,25.49,82425,13672309760,1.4158,23.98,20.55,1.0691,7.44,23.99,18.02,17.46,0.0,86.25,2,27.62,16.0,-7.71,0.0,,8,,20260812
STRNY,Severn Trent PLC,Utilities,Utilities - Regulated Water,PNK,42.48,26054,12830736384,0.6633,40.46,39.6,3.0417,-3.1,-8.2,2.25,-2.74,0.0,82.5,2,45.46,33.73,-6.56,0.0,,8,,20260812
AEOXF,Aeroports de Paris SA,Industrials,Airports & Air Services,PNK,132.38,83,13097580544,3.0448,129.56,129.03,0.9256,4.4,-14.49,-24.04,-13.59,0.0,76.25,2,159.48,112.58,-16.99,0.0,,8,,20260812
HII,"Huntington Ingalls Industries, Inc.",Industrials,Aerospace & Defense,NYSE,326.8,513132,12877422592,10.7824,293.78,346.96,3.0621,-6.52,-29.77,1.81,-11.33,0.0,49.5,3,460.0,262.66,-28.96,0.0,,8,,20260812
SCRNY,"SCREEN Holdings Co., Ltd.",Technology,Semiconductor Equipment & Materials,PNK,16.53,137,15628109824,0.4026,16.93,16.53,-0.9956,22.42,12.82,12.82,15.22,0.0,62.0,3,23.22,11.38,-28.81,0.0,,8,,20260812
AIZ,"Assurant, Inc.",Financial Services,Insurance - Property & Casualty,NYSE,281.12,407900,13865896960,6.7734,271.75,239.2,1.3828,10.96,7.57,15.91,11.76,0.0,88.75,2,303.94,205.01,-7.51,0.0,,8,,20260812
DINRF,"SCREEN Holdings Co., Ltd.",Technology,Semiconductor Equipment & Materials,PNK,82.25,70,15552473088,1.9145,74.8,26.6,3.8933,22.37,-696.18,1622.18,410.8,0.0,77.5,2,112.0,38.12,-26.56,0.0,,8,,20260812
EXEL,"Exelixis, Inc.",Healthcare,Biotechnology,NASDAQ,50.38,2661790,12483241984,1.8888,54.1,46.42,-1.9701,-3.06,5.01,11.85,5.73,0.0,62.5,3,57.57,33.76,-12.49,0.0,,8,,20260812
DINO,HF Sinclair Corporation,Energy,Oil & Gas Refining & Marketing,NYSE,87.93,2576733,15632534528,3.5618,77.97,61.01,2.7951,19.1,43.86,89.44,55.91,0.0,87.5,2,94.22,43.97,-6.68,0.0,,8,,20260812
AEGOF,Aegon Ltd.,Financial Services,Insurance - Diversified,PNK,9.05,25,13381474304,0.0361,8.46,7.74,16.4666,2.86,5.9,2.38,3.73,0.0,75.0,2,9.5,6.8,-4.74,0.0,,8,,20260812
RNR,RenaissanceRe Holdings Ltd.,Financial Services,Insurance - Reinsurance,NYSE,317.45,365811,13190648832,7.8222,311.97,291.73,0.7005,2.35,-4.48,9.79,2.94,0.0,90.0,2,335.97,231.17,-5.51,0.0,,8,,20260812
FUTU,Futu Holdings Limited,Financial Services,Capital Markets,NASDAQ,105.16,3498962,14742853632,4.2783,99.4,141.59,1.3463,-28.18,-44.73,-55.83,-45.03,0.0,41.25,3,202.53,80.5,-48.08,0.0,,8,,20260812
GGG,Graco Inc.,Industrials,Specialty Industrial Machinery,NYSE,82.49,1431480,13359570944,1.6362,76.52,81.91,3.649,2.55,-24.01,-22.22,-16.65,0.0,90.0,3,95.69,72.51,-13.79,0.0,,8,,20260812
RXEEY,Rexel S.A.,Technology,Electronics & Computer Distribution,PNK,43.2,13746,12702790656,1.3952,43.01,40.03,0.138,-6.64,-12.84,21.0,2.25,0.0,78.25,2,47.13,30.78,-8.34,0.0,,8,,20260812
CNH,CNH Industrial N.V.,Industrials,Farm & Heavy Construction Machinery,NYSE,10.73,12097058,17255542784,0.4746,10.65,10.55,0.1664,-6.0,-24.33,-35.42,-24.19,0.0,86.25,2,13.31,9.0,-19.38,0.0,,8,,20260812
NDEKY,Nitto Denko Corporation,Basic Materials,Specialty Chemicals,PNK,22.54,107125,14910747648,0.5259,20.12,21.68,4.6091,10.44,-16.74,-21.84,-11.98,0.0,85.0,3,26.48,17.75,-14.88,0.0,,8,,20260812
NTNX,"Nutanix, Inc.",Technology,Software - Infrastructure,NASDAQ,64.65,3801554,17476220928,2.1825,54.08,49.03,4.8417,38.4,43.54,-32.29,11.92,0.0,91.25,2,82.42,34.01,-21.56,0.0,,8,,20260812
IONS,"Ionis Pharmaceuticals, Inc.",Healthcare,Biotechnology,NASDAQ,56.53,2868388,9394399232,2.3405,66.16,74.49,-4.1151,-30.37,-45.14,15.6,-17.15,0.0,13.75,4,86.74,41.54,-34.83,0.0,,8,,20260812
PNW,Pinnacle West Capital Corporation,Utilities,Utilities - Regulated Electric,NYSE,100.4,1246482,12168202240,2.0808,103.49,96.02,-1.487,-3.43,-4.84,-10.05,-6.57,0.0,70.75,3,111.16,85.32,-9.68,0.0,,8,,20260812
HAS,"Hasbro, Inc.",Consumer Cyclical,Leisure,NASDAQ,94.89,2232448,13383708672,2.6446,85.66,87.31,3.4909,-3.68,-19.58,3.62,-6.33,0.0,63.75,3,106.98,69.5,-11.3,0.0,,8,,20260812
DKNG,DraftKings Inc.,Consumer Cyclical,Gambling,NASDAQ,25.51,12960053,12664543232,1.2113,25.3,27.21,0.1736,-1.26,-18.14,-63.12,-31.91,0.0,49.5,3,48.78,20.46,-47.7,0.0,,8,,20260812
TDHOY,"T&D Holdings, Inc.",Financial Services,Insurance - Life,PNK,15.17,1743,14455232512,0.3934,14.73,12.64,1.1276,14.95,5.71,-11.42,1.17,0.0,80.0,2,15.96,9.86,-4.95,0.0,,8,,20260812
SBHGF,"SBI Holdings, Inc.",Financial Services,Financial Conglomerates,PNK,18.8,10495,12152163328,1.6421,17.61,22.66,0.7262,-9.04,-29.78,-79.85,-44.62,0.0,45.0,3,51.44,15.01,-63.45,0.0,,8,,20260812
RYKKY,"Ryohin Keikaku Co., Ltd.",Consumer Cyclical,Department Stores,PNK,13.89,2453,14987704320,0.974,12.39,11.08,1.5445,14.23,20.45,-95.73,-27.58,0.0,88.75,2,51.23,8.76,-72.89,0.0,,8,,20260812
SWKS,"Skyworks Solutions, Inc.",Technology,Semiconductors,NASDAQ,69.68,5546624,10480287744,3.1344,66.83,63.47,0.9095,1.08,1.95,-19.87,-7.0,0.0,67.5,3,90.9,51.93,-23.34,0.0,,8,,20260812
SBMFF,Sino Biopharmaceutical Limited,Healthcare,Biotechnology,PNK,0.61,206,10842126336,0.0025,0.62,0.77,-5.9469,-16.35,-33.22,-56.61,-38.36,0.0,12.0,4,1.24,0.59,-50.81,0.0,,8,,20260812
MEDP,"Medpace Holdings, Inc.",Healthcare,Diagnostics & Research,NASDAQ,596.98,326532,16662700032,20.3488,525.79,520.01,3.4984,38.3,0.65,14.86,15.75,0.0,85.0,2,677.9,373.0,-11.94,0.0,,8,,20260812
AEIS,"Advanced Energy Industries, Inc.",Industrials,Electrical Equipment & Parts,NASDAQ,337.32,950274,13509814272,21.8031,320.52,291.96,0.7707,-5.51,8.75,100.06,41.71,0.0,60.0,2,397.44,143.38,-15.13,0.0,,8,,20260812
UDR,"UDR, Inc.",Real Estate,REIT - Residential,NYSE,37.23,4286124,13794297856,0.7483,39.0,36.38,-2.3717,-4.93,-16.14,-19.52,-14.69,0.0,72.0,3,42.0,32.94,-11.36,0.0,,8,,20260812
DY,"Dycom Industries, Inc.",Industrials,Engineering & Construction,NYSE,410.17,562319,12312729600,21.5707,440.25,388.89,-1.3945,-9.4,-12.26,26.42,3.93,0.0,33.75,3,566.47,233.0,-27.59,0.0,,8,,20260812
BLMOY,Belimo Holding AG,Industrials,Building Products & Equipment,PNK,11.2,474,13775965184,0.2225,10.85,11.2,1.5867,12.72,8.63,8.63,9.65,0.0,75.0,3,12.75,7.68,-12.16,0.0,,8,,20260812
ELS,"Equity LifeStyle Properties, Inc.",Real Estate,REIT - Residential,NYSE,63.97,1577341,12818555904,1.3578,64.11,62.74,-0.1028,-3.2,-13.93,-12.22,-10.56,0.0,70.75,3,69.0,58.72,-7.29,0.0,,8,,20260812
OCPNF,Olympus Corporation,Healthcare,Medical Devices,PNK,13.2,583,14029655040,0.2744,10.88,11.08,8.4412,31.59,-4.31,-13.18,1.11,0.0,75.0,3,14.0,8.0,-5.71,0.0,,8,,20260812
RICFY,Recordati Industria Chimica e Farmaceutica S.p.A.,Healthcare,Drug Manufacturers - General,PNK,15.39,1544,12608294912,0.7307,14.32,13.71,1.4643,19.26,3.42,-15.04,-0.01,0.0,77.5,2,17.16,9.29,-10.31,0.0,,8,,20260812
ACCYY,Accor SA,Consumer Cyclical,Lodging,PNK,10.75,23429,12392762368,0.2283,10.95,10.46,-0.8672,2.91,-17.64,-15.31,-11.57,0.0,79.5,3,12.05,8.71,-10.79,0.0,,8,,20260812
PTAIY,PT Astra International Tbk,Industrials,Conglomerates,PNK,5.42,312996,10818336768,0.2085,5.47,6.88,-0.2283,-27.44,-41.17,-30.45,-33.45,0.0,17.0,4,8.79,5.02,-38.34,0.0,,8,,20260812
ATGFF,AltaGas Ltd.,Energy,Oil & Gas Midstream,OQX,38.21,75440,11921732608,0.5578,38.72,34.18,-0.9109,-0.93,13.16,6.28,6.89,0.0,69.5,3,40.62,28.13,-5.93,0.0,,8,,20260812
VICR,Vicor Corporation,Technology,Electronic Components,NASDAQ,226.12,859432,10425654272,21.3783,269.68,192.74,-2.0374,-27.62,31.43,365.77,150.4,0.0,33.75,3,382.65,45.44,-40.91,0.0,,8,,20260812
CCRDF,"Yokohama Financial Group, Inc.",Financial Services,Banks - Regional,PNK,11.21,147,12462441472,0.0539,10.95,-0.47,4.9322,9.68,-220.6,-10.92,-79.16,0.0,75.0,2,11.7,6.75,-4.17,0.0,,8,,20260812
AVY,Avery Dennison Corporation,Consumer Cyclical,Packaging & Containers,NYSE,181.03,767948,13847054336,5.3173,163.19,171.45,3.3557,8.87,-16.18,-15.08,-9.48,0.0,90.0,3,199.54,152.42,-9.28,0.0,,8,,20260812
SAPIF,Saputo Inc.,Consumer Defensive,Packaged Foods,PNK,29.88,62435,11860613120,0.6322,29.37,29.25,0.8102,-2.55,-15.84,7.35,-3.24,0.0,53.75,2,32.49,23.67,-8.03,0.0,,8,,20260812
PRBKY,Piraeus Bank S.A.,Financial Services,Banks - Regional,OID,11.54,52636,14217315328,0.5177,10.61,11.54,1.7908,12.83,22.28,22.28,19.91,0.0,90.0,3,12.82,7.83,-9.98,0.0,,8,,20260812
COO,"The Cooper Companies, Inc.",Healthcare,Medical Instruments & Supplies,NASDAQ,76.73,2815698,14964700160,1.788,70.23,73.18,3.6373,23.07,-18.14,-14.57,-6.41,0.0,92.5,3,89.83,58.89,-14.58,0.0,,8,,20260812
OROVY,Orient Overseas (International) Limited,Industrials,Marine Shipping,PNK,96.56,103,12753128448,1.0232,86.17,85.05,10.1524,5.59,5.48,-13.77,-2.19,0.0,75.0,2,99.05,76.25,-2.51,0.0,,8,,20260812
ACRFF,Accor SA,Consumer Cyclical,Lodging,PNK,54.55,404,12577212416,0.339,54.29,52.95,0.7812,4.71,-12.43,-14.12,-8.82,0.0,75.0,2,59.55,45.05,-8.4,0.0,,8,,20260812
CPYYY,Centrica plc,Utilities,Utilities - Independent Power Producers,PNK,8.45,89033,9758585856,0.1817,9.25,9.93,-4.4093,-29.87,-32.65,-23.68,-28.37,0.0,8.75,4,12.15,8.19,-30.45,0.0,,8,,20260812
HKTTY,HKT Trust and HKT Limited,Communication Services,Telecom Services,PNK,15.81,283,11985092608,0.3126,15.46,14.58,1.1155,-9.51,11.15,-23.58,-7.91,0.0,76.25,2,17.9,12.61,-11.68,0.0,,8,,20260812
ZBRA,Zebra Technologies Corporation,Technology,Communication Equipment,NASDAQ,378.37,974662,18023047168,14.3322,272.65,248.99,7.3764,51.57,35.27,-1.72,24.55,0.0,91.25,2,386.22,199.05,-2.03,0.0,,8,,20260812
TFII,TFI International Inc.,Industrials,Trucking,NYSE,145.94,386891,11995251712,4.9952,147.69,121.05,-0.3495,3.41,6.41,51.38,23.65,0.0,72.0,3,167.69,80.63,-12.97,0.0,,8,,20260812
SAIA,"Saia, Inc.",Industrials,Trucking,NASDAQ,364.66,437711,9727177728,16.3196,422.07,378.52,-3.5177,-21.08,-16.65,6.72,-8.41,0.0,23.25,4,494.71,249.32,-26.29,0.0,,8,,20260812
IMPUF,Impala Platinum Holdings Limited,Basic Materials,Other Precious Metals & Mining,OQX,10.24,267,9201633280,0.1305,11.32,14.17,-8.2239,-31.35,-52.57,-12.38,-31.19,0.0,2.5,4,23.71,8.18,-56.79,0.0,,8,,20260812
PAC,"Grupo Aeroportuario del Pacífico, S.A.B. de C.V.",Industrials,Airports & Air Services,NYSE,214.96,124108,12790511616,6.0678,231.9,245.36,-2.7923,-17.4,-38.2,-32.93,-30.89,0.0,8.75,4,300.41,206.91,-28.44,0.0,,8,,20260812
BLHWF,BELIMO Holding AG,Industrials,Building Products & Equipment,PNK,1200.0,0,14759962624,0.9034,1167.91,1030.15,35.5261,18.37,-1.96,2.89,5.06,0.0,75.0,2,1200.0,600.0,0.0,0.0,,8,,20260812
DLVHF,Delivery Hero SE,Consumer Cyclical,Internet Retail,PNK,40.92,7209,12429414400,0.3404,42.08,29.07,-3.4225,67.73,32.37,16.35,34.8,0.0,65.75,3,46.49,17.48,-11.98,0.0,,8,,20260812
AXSM,"Axsome Therapeutics, Inc.",Healthcare,Biotechnology,NASDAQ,214.66,865333,11244065792,9.3372,235.76,188.19,-2.2597,-5.59,5.25,82.25,33.34,0.0,36.25,3,260.19,104.15,-17.5,0.0,,8,,20260812
APTV,Aptiv PLC,Consumer Cyclical,Auto Parts,NYSE,48.48,3679798,10259362816,2.4107,59.98,69.38,-4.7725,-16.69,-55.27,-50.23,-43.61,0.0,10.0,4,88.93,46.16,-45.49,0.0,,8,,20260812
FIVE,"Five Below, Inc.",Consumer Cyclical,Specialty Retail,NASDAQ,238.15,1259459,13168312320,8.178,200.7,200.14,4.5789,9.65,1.8,55.78,25.36,0.0,66.25,2,251.63,131.52,-5.36,0.0,,8,,20260812
GL,Globe Life Inc.,Financial Services,Insurance - Life,NYSE,177.91,657391,13813779456,4.1355,175.05,149.94,0.6914,10.14,13.65,6.16,9.78,0.0,90.0,2,191.55,127.85,-7.12,0.0,,8,,20260812
NYT,The New York Times Company,Communication Services,Publishing,NYSE,63.95,1906027,10314085376,2.6696,72.51,72.58,-3.2074,-22.65,-21.25,-10.51,-17.3,0.0,13.75,4,87.1,54.1,-26.58,0.0,,8,,20260812
VIAV,Viavi Solutions Inc.,Technology,Communication Equipment,NASDAQ,43.11,6939785,10634618880,3.4529,43.85,32.96,-0.2132,-24.19,45.53,274.14,119.55,0.0,49.5,3,60.43,10.3,-28.66,0.0,,8,,20260812
YSHLF,Yangzijiang Shipbuilding (Holdings) Ltd.,Industrials,Aerospace & Defense,PNK,3.62,1575,14266386432,0.0786,2.79,2.86,10.5728,7.23,27.6,39.33,27.2,0.0,52.5,3,3.64,2.07,-0.55,0.0,,8,,20260812
RCDTF,Recordati Industria Chimica e Farmaceutica S.p.A.,Healthcare,Drug Manufacturers - General,PNK,58.0,7,11879159808,0.0178,58.56,60.28,-31.3899,0.39,-22.4,-32.58,-20.77,0.0,49.0,4,65.44,55.88,-11.37,0.0,,8,,20260812
NRDXF,Nordex SE,Industrials,Specialty Industrial Machinery,PNK,45.74,51,10834530304,0.2282,48.29,43.83,-11.1711,-21.63,-0.04,72.78,23.69,0.0,25.0,3,56.8,23.5,-19.47,0.0,,8,,20260812
GPAEF,"Grupo Aeroportuario del Pacífico, S.A.B. de C.V.",Industrials,Airports & Air Services,PNK,21.34,340,12696497152,0.202,22.96,24.48,-8.0044,-18.99,-34.91,10.56,-12.74,0.0,1.25,4,29.55,21.14,-27.79,0.0,,8,,20260812
IMPUY,Impala Platinum Holdings Limited,Basic Materials,Other Precious Metals & Mining,OQX,13.14,206395,11801802752,0.5329,11.52,14.19,3.0427,-24.7,-36.36,18.53,-11.49,0.0,52.0,3,23.5,8.5,-44.09,0.0,,8,,20260812
PNR,Pentair plc,Industrials,Specialty Industrial Machinery,NYSE,65.77,2804825,10628795392,2.2749,70.45,88.87,-2.0551,-17.15,-45.02,-58.11,-43.29,0.0,13.75,4,113.95,57.6,-42.28,0.0,,8,,20260812
QXO,"QXO, Inc.",Industrials,Industrial Distribution,NYSE,15.03,22278579,15598214144,0.8773,15.51,19.45,-0.5421,-20.19,-47.45,-44.83,-39.59,0.0,24.5,4,27.61,13.18,-45.56,0.0,,8,,20260812
FSPKF,Fisher & Paykel Healthcare Corporation Limited,Healthcare,Medical Instruments & Supplies,PNK,22.96,298,14241759232,0.018,22.55,22.17,22.8884,-4.76,-13.93,-7.53,-9.08,0.0,75.0,2,25.69,19.01,-10.63,0.0,,8,,20260812
JHX,James Hardie Industries plc,Basic Materials,Building Materials,NYSE,30.86,7953001,17914925056,1.017,25.75,22.27,5.0225,47.93,14.37,-12.69,11.94,0.0,86.25,2,31.22,16.46,-1.15,0.0,,8,,20260812
JHIUF,James Hardie Industries plc,Basic Materials,Building Materials,PNK,30.0,1387,17415675904,0.302,24.82,22.23,17.1574,50.7,20.47,-12.62,14.79,0.0,75.0,2,30.0,17.58,0.0,0.0,,8,,20260812
SITIF,SITC International Holdings Company Limited,Industrials,Marine Shipping,PNK,5.01,340,13480044544,0.0369,4.44,3.33,15.3593,6.9,55.97,242.11,118.16,0.0,75.0,2,5.08,3.29,-1.38,0.0,,8,,20260812
DT,"Dynatrace, Inc.",Technology,Software - Application,NYSE,49.56,5831746,14322945024,2.0622,43.88,41.28,2.7519,21.48,22.47,-15.18,7.16,0.0,85.0,2,53.28,31.64,-6.99,0.0,,8,,20260812
CPYYF,Centrica plc,Utilities,Utilities - Independent Power Producers,PNK,2.13,1830,9839426560,0.0094,2.3,2.43,-18.2103,-26.47,-30.02,-22.59,-26.16,0.0,0.0,4,2.9,2.0,-26.55,0.0,,8,,20260812
FIG,"Figma, Inc.",Technology,Software - Application,NYSE,23.75,23544600,12658983936,2.006,21.83,27.58,0.9559,17.95,-13.66,-94.03,-37.91,0.0,66.25,3,91.0,16.6,-73.9,0.0,,8,,20260812
IVZ,Invesco Ltd.,Financial Services,Asset Management,NYSE,31.54,5153027,13924910080,0.9338,28.85,26.25,2.8831,7.09,5.21,36.81,18.32,0.0,85.0,2,32.55,20.48,-3.1,0.0,,8,,20260812
EQH,"Equitable Holdings, Inc.",Financial Services,Asset Management,NYSE,51.87,3856279,14148361216,1.5488,45.99,43.62,3.7994,23.52,3.16,-20.11,-1.06,0.0,91.25,2,55.24,35.2,-6.1,0.0,,8,,20260812
DRS,"Leonardo DRS, Inc.",Industrials,Aerospace & Defense,NASDAQ,45.17,999785,12055489536,1.7591,45.46,41.51,-0.1654,0.67,2.67,-13.23,-4.19,0.0,75.75,3,50.59,32.43,-10.71,0.0,,8,,20260812
GDDY,GoDaddy Inc.,Technology,Software - Infrastructure,NYSE,91.82,2537324,11628791808,5.0681,87.21,99.18,0.9104,-0.51,-18.28,-53.72,-28.02,0.0,79.5,3,150.47,71.59,-38.98,0.0,,8,,20260812
PRDSY,Prada S.p.A.,Consumer Cyclical,Luxury Goods,PNK,10.71,23520,13774979072,0.3713,10.11,10.2,1.6279,12.42,-5.12,-14.96,-4.67,0.0,90.0,3,12.96,8.9,-17.36,0.0,,8,,20260812
CRDIY,"Yokohama Financial Group, Inc.",Financial Services,Banks - Regional,PNK,35.14,6048,13019105280,1.1896,33.97,28.68,0.986,12.67,-2.97,36.29,16.65,0.0,81.25,2,39.91,19.93,-11.95,0.0,,8,,20260812
IVPAF,Ivanhoe Mines Ltd.,Basic Materials,Other Industrial Metals & Mining,OQX,8.5,394075,12124171264,0.3692,7.86,9.47,1.7257,-8.28,-47.93,-22.32,-27.77,0.0,30.0,3,15.0,6.75,-43.33,0.0,,8,,20260812
DPLMF,Diploma PLC,Industrials,Industrial Distribution,PNK,98.8,99,13248570368,0.2855,94.5,82.03,15.0468,-1.6,20.47,11.37,11.31,0.0,75.0,2,98.8,72.05,0.0,0.0,,8,,20260812
SVTMF,SM Investments Corporation,Consumer Cyclical,Department Stores,PNK,10.15,22,12336640000,0.0032,10.06,11.08,28.0898,-3.08,-19.98,-58.27,-31.07,0.0,49.0,3,15.54,9.78,-34.65,0.0,,8,,20260812
HAGHY,Hensoldt AG,Industrials,Aerospace & Defense,PNK,10.57,269220,12035100672,0.3457,8.89,9.16,4.8718,20.27,-1.71,-12.39,-0.49,0.0,86.25,3,13.74,7.18,-23.03,0.0,,8,,20260812
BDWBY,Budweiser Brewing Company APAC Limited,Consumer Defensive,Beverages - Brewers,PNK,3.27,982,10815335424,0.0412,3.4,3.62,-3.2058,-11.52,-28.1,-42.56,-29.74,0.0,24.0,4,4.5,3.03,-27.33,0.0,,8,,20260812
SVTRF,Severn Trent PLC,Utilities,Utilities - Regulated Water,PNK,40.03,22,12090733568,0.0913,38.79,39.42,13.595,-8.29,-8.41,-9.42,-8.78,0.0,50.0,3,43.55,34.52,-8.08,0.0,,8,,20260812
MDGL,"Madrigal Pharmaceuticals, Inc.",Healthcare,Biotechnology,NASDAQ,536.2,365224,12388432896,23.3024,516.75,510.49,0.8347,0.17,-0.22,30.6,12.2,0.0,88.75,2,615.0,351.32,-12.81,0.0,,8,,20260812
HUT,Hut 8 Corp.,Financial Services,Capital Markets,NASDAQ,90.77,4404209,11188261888,10.6163,108.08,71.9,-1.6306,-20.33,53.13,318.45,140.89,0.0,35.0,3,140.8,20.69,-35.53,0.0,,8,,20260812
CNA,CNA Financial Corporation,Financial Services,Insurance - Property & Casualty,NYSE,50.67,533285,13711348736,1.1853,49.38,45.88,1.0868,13.32,-1.74,-6.64,0.07,0.0,88.75,2,55.71,41.53,-9.05,0.0,,8,,20260812
HKTTF,HKT Trust and HKT Limited,Communication Services,Telecom Services,PNK,1.66,4,12596854784,0.0008,1.66,1.49,0.0,15.55,8.1,-9.57,2.89,0.0,75.0,3,2.0,1.13,-16.91,0.0,,8,,20260812
SWK,"Stanley Black & Decker, Inc.",Industrials,Tools & Accessories,NYSE,102.9,1766191,15539612672,3.3128,89.77,78.28,3.9626,26.93,2.39,33.47,20.96,0.0,91.25,2,104.68,61.9,-1.7,0.0,,8,,20260812
SITIY,SITC International Holdings Company Limited,Industrials,Marine Shipping,PNK,51.55,785,13870186496,1.1002,44.87,40.45,6.0737,18.23,21.73,30.58,24.39,0.0,80.0,2,51.55,32.19,-0.0,0.0,,8,,20260812
GWRE,"Guidewire Software, Inc.",Technology,Software - Application,NYSE,173.08,1681677,14410012672,8.2662,138.82,160.49,4.1451,26.82,17.7,-39.97,-3.09,0.0,93.75,3,272.6,102.3,-36.51,0.0,,8,,20260812
PRDSF,Prada S.p.A.,Consumer Cyclical,Luxury Goods,PNK,5.21,1991,13627130880,0.1046,4.94,5.05,2.6224,6.97,-11.65,-22.93,-11.51,0.0,78.75,3,6.48,4.35,-19.6,0.0,,8,,20260812
MIUFY,Mitsubishi HC Capital Inc.,Financial Services,Credit Services,PNK,17.4,169,12474056704,0.0552,16.54,16.85,15.6031,-7.69,-10.29,-2.45,-6.51,0.0,50.0,3,19.85,13.8,-12.34,0.0,,8,,20260812
NRXXY,Nordex SE,Industrials,Specialty Industrial Machinery,PNK,22.22,264,10526596096,0.2084,24.32,21.52,-10.0941,-29.03,4.01,45.75,12.45,0.0,25.0,3,29.54,11.15,-24.78,0.0,,8,,20260812
DELHY,Delivery Hero SE,Consumer Cyclical,Internet Retail,PNK,4.21,146209,12787838976,0.078,4.24,2.9,-0.4052,50.02,49.39,19.55,37.61,0.0,70.75,3,4.68,1.68,-10.04,0.0,,8,,20260812
TDHOF,"T&D Holdings, Inc.",Financial Services,Insurance - Life,PNK,29.91,55,14251553792,0.0347,29.1,-13.39,23.4465,34.48,-176.48,-79.59,-84.98,0.0,75.0,2,30.25,21.49,-1.12,0.0,,8,,20260812
HNSDF,Hensoldt AG,Industrials,Aerospace & Defense,PNK,102.74,406,11866469376,1.3622,86.06,90.95,12.2468,9.29,1.36,-26.59,-7.84,0.0,50.0,3,131.65,77.5,-21.96,0.0,,8,,20260812
WSOUF,WHSP Holdings Limited,Financial Services,Capital Markets,PNK,30.95,8,11758514176,0.0062,30.92,26.38,4.1874,12.06,13.81,22.3,16.77,0.0,75.0,2,31.0,21.89,-0.16,0.0,,8,,20260812
AGRPY,Absa Group Limited,Financial Services,Banks - Regional,PNK,27.29,488,12178908160,0.3638,27.73,27.54,-1.2041,-5.4,-23.77,16.05,-3.25,0.0,25.25,4,33.99,20.44,-19.71,0.0,,8,,20260812
AGNCZ,AGNC Investment Corp.,Real Estate,REIT - Mortgage,NASDAQ,25.39,42850,0,0.1101,25.12,24.57,2.4518,-2.67,-9.69,-11.66,-8.72,0.0,86.25,2,26.37,24.58,-3.72,0.0,,8,,20260812
AGNCP,AGNC Investment Corp.,Real Estate,REIT - Mortgage,NASDAQ,25.23,51812,0,0.0791,24.88,24.03,4.4778,-1.49,-6.63,-13.34,-8.03,0.0,87.5,2,25.57,23.62,-1.33,0.0,,8,,20260812
AGNCN,AGNC Investment Corp.,Real Estate,REIT - Mortgage,NASDAQ,25.92,25445,12383016717,0.1034,25.46,24.66,4.431,-1.9,-6.13,-12.3,-7.54,0.0,92.5,2,26.11,24.65,-0.75,0.0,,8,,20260812
AGNCL,AGNC Investment Corp.,Real Estate,REIT - Mortgage,NASDAQ,25.24,11359,0,0.173,24.78,24.09,2.6366,-1.56,-6.89,-14.18,-8.47,0.0,93.75,2,25.41,23.61,-0.65,0.0,,8,,20260812
AGNCM,AGNC Investment Corp.,Real Estate,REIT - Mortgage,NASDAQ,25.16,15795,12022253047,0.117,24.8,23.97,3.0466,-1.84,-6.95,-13.34,-8.23,0.0,90.0,2,25.34,23.63,-0.71,0.0,,8,,20260812
AGNCO,AGNC Investment Corp.,Real Estate,REIT - Mortgage,NASDAQ,25.64,26556,0,0.0976,25.22,24.45,4.316,-2.16,-6.65,-12.31,-7.79,0.0,92.5,2,25.75,24.39,-0.43,0.0,,8,,20260812
AGNC,AGNC Investment Corp.,Real Estate,REIT - Mortgage,NASDAQ,10.88,17176370,12898038784,0.2108,10.57,10.15,1.4647,-0.17,-8.48,10.87,1.34,0.0,81.25,2,12.19,9.46,-10.75,0.0,,8,,20260812
ALGN,"Align Technology, Inc.",Healthcare,Medical Instruments & Supplies,NASDAQ,174.01,1024617,12362000384,6.8354,174.8,168.33,-0.1146,0.04,-23.54,6.25,-5.73,0.0,75.75,3,200.44,122.0,-13.18,0.0,,8,,20260812
PSKY,Paramount Skydance Corporation,Communication Services,Entertainment,NASDAQ,9.5,9856061,10632144896,0.4089,9.43,11.35,0.1736,-15.62,-23.69,-27.39,-23.15,0.0,38.75,3,20.86,7.62,-54.46,0.0,,8,,20260812
ASEKF,Aisin Corporation,Consumer Cyclical,Auto Parts,PNK,13.01,1197,9126729728,0.0968,13.89,-6.09,-9.1055,-20.47,-176.68,-90.58,-103.19,0.0,25.0,3,21.26,10.08,-38.81,0.0,,8,,20260812
HRL,Hormel Foods Corporation,Consumer Defensive,Packaged Foods,NYSE,24.39,4880051,13421431808,0.5668,24.67,22.86,-0.4905,17.39,-9.19,-33.0,-12.07,0.0,73.25,3,29.35,19.7,-16.9,0.0,,8,,20260812
GRPTF,Getlink SE,Industrials,Railroads,PNK,21.6,25,11718500352,0.0003,21.6,19.73,0.0,-4.61,9.09,-11.59,-2.6,0.0,75.0,3,21.6,17.76,0.0,0.0,,8,,20260812
COKE,"Coca-Cola Consolidated, Inc.",Consumer Defensive,Beverages - Non-Alcoholic,NASDAQ,188.77,558625,12565342208,8.1673,183.56,174.65,0.6384,4.69,8.76,42.96,21.42,0.0,90.0,2,219.65,110.6,-14.06,0.0,,8,,20260812
TXRH,"Texas Roadhouse, Inc.",Consumer Cyclical,Restaurants,NASDAQ,214.28,1072738,14065538048,5.5412,189.22,175.95,4.5222,12.31,6.11,1.77,5.93,0.0,90.0,2,215.03,153.83,-0.35,0.0,,8,,20260812
ATZAF,Aritzia Inc.,Consumer Cyclical,Apparel Retail,PNK,100.51,67372,11516470272,3.9799,107.41,92.02,-1.7331,-10.38,8.4,66.46,26.93,0.0,37.5,3,124.48,53.27,-19.26,0.0,,8,,20260812
LFUS,"Littelfuse, Inc.",Technology,Electronic Components,NASDAQ,459.01,370333,11658279936,19.7907,442.02,355.55,0.8586,-4.14,19.81,66.1,32.34,0.0,58.75,2,500.57,233.36,-8.3,0.0,,8,,20260812
AMH,American Homes 4 Rent,Real Estate,REIT - Residential,NYSE,33.83,2562146,13868677120,0.6283,33.31,31.09,0.8349,1.85,-0.65,-20.27,-7.88,0.0,85.0,2,35.85,27.22,-5.63,0.0,,8,,20260812
WBS,Webster Financial Corporation,Financial Services,Banks - Regional,NYSE,79.07,3984200,12811983872,0.784,75.55,68.35,4.4909,5.49,-2.75,23.79,9.92,0.0,88.75,2,79.74,52.69,-0.84,0.0,,8,,20260812
SKFRY,AB SKF (publ),Industrials,Tools & Accessories,PNK,27.22,18830,12394655744,0.5099,26.45,25.93,1.5118,3.79,-15.16,-8.49,-7.75,0.0,90.0,2,29.41,22.26,-7.45,0.0,,8,,20260812
YASKY,YASKAWA Electric Corporation,Industrials,Electrical Equipment & Parts,PNK,69.35,12666,8993584128,2.8677,76.04,66.7,-2.3333,-24.11,-10.64,41.18,6.72,0.0,36.25,3,96.17,38.37,-27.89,0.0,,8,,20260812
DLAKF,Deutsche Lufthansa AG,Industrials,Airlines,OQX,9.08,2195,10914586624,0.2797,10.01,9.29,-3.3257,-2.8,-27.55,-20.8,-18.66,0.0,38.25,3,12.25,7.83,-25.88,0.0,,8,,20260812
ROHCY,"ROHM Co., Ltd.",Technology,Semiconductors,PNK,30.6,4319,11812673536,1.4049,30.95,21.65,-0.2456,24.85,70.92,110.05,75.06,0.0,74.5,3,36.52,12.62,-16.21,0.0,,8,,20260812
ZHAOF,Zhaojin Mining Industry Company Limited,Basic Materials,Gold,PNK,2.06,85,7297329664,0.0055,2.19,3.36,-23.8264,-56.01,-59.74,-40.11,-50.95,0.0,0.0,4,4.4,2.06,-53.18,0.0,,8,,20260812
GMED,"Globus Medical, Inc.",Healthcare,Medical Devices,NYSE,85.67,1811501,11502218240,3.1442,79.58,84.73,1.9354,6.97,-14.1,23.49,6.2,0.0,65.0,3,101.4,54.15,-15.51,0.0,,8,,20260812
CLX,The Clorox Company,Consumer Defensive,Household & Personal Products,NYSE,105.76,2567370,12789663744,3.1746,97.2,102.51,2.6975,13.77,-24.03,-32.29,-17.88,0.0,87.5,3,128.9,84.7,-17.95,0.0,,8,,20260812
FMS,Fresenius Medical Care AG,Healthcare,Medical Care Facilities,NYSE,23.72,759909,12624242688,0.5637,23.65,22.63,0.1196,6.04,-9.47,-20.47,-10.0,0.0,86.25,2,27.64,20.02,-14.18,0.0,,8,,20260812
FHN,First Horizon Corporation,Financial Services,Banks - Regional,NYSE,25.88,5061846,12261352448,0.5081,25.29,23.74,1.1599,4.11,-9.79,1.82,-1.67,0.0,87.5,2,26.56,19.8,-2.56,0.0,,8,,20260812
POAHF,Porsche Automobil Holding SE,Consumer Cyclical,Auto Manufacturers,PNK,32.68,1262,10103407616,1.5734,33.1,38.97,-0.2669,-14.35,-33.75,-45.7,-33.68,0.0,22.0,4,49.05,29.91,-33.37,0.0,,8,,20260812
POAHY,Porsche Automobil Holding SE,Consumer Cyclical,Auto Manufacturers,PNK,3.2,501650,10000712704,0.0668,3.2,3.67,0.0335,-14.0,-31.87,-41.52,-31.26,0.0,36.25,3,4.79,3.01,-33.19,0.0,,8,,20260812
MP,MP Materials Corp.,Basic Materials,Other Industrial Metals & Mining,NYSE,54.11,6182080,9637076992,3.2206,52.36,57.98,0.5437,-22.42,-25.41,-48.38,-33.85,0.0,50.75,3,100.25,37.81,-46.03,0.0,,8,,20260812
OKLO,Oklo Inc.,Utilities,Utilities - Independent Power Producers,NYSE,45.13,11467414,8394976768,3.6712,49.97,71.4,-1.3194,-43.62,-47.24,-60.02,-51.45,0.0,12.5,4,193.84,36.61,-76.72,0.0,,8,,20260812
XE,"X-Energy, Inc.",Industrials,Specialty Industrial Machinery,NASDAQ,20.35,5051241,5849784832,1.7614,18.64,20.35,0.9699,-40.8,-38.79,-38.79,-39.29,0.0,63.75,3,37.1,13.29,-45.15,0.0,,8,,20260812
MHGVY,Mowi ASA,Consumer Defensive,Farm Products,PNK,20.89,30501,11255121920,0.3326,20.21,21.79,2.0526,-4.77,-22.71,-14.44,-14.92,0.0,49.5,3,24.86,18.06,-15.97,0.0,,8,,20260812
ORKLF,Orkla ASA,Consumer Defensive,Packaged Foods,PNK,10.7,48,10482868224,0.0036,10.67,11.36,7.758,-17.37,-9.64,-22.3,-16.63,0.0,37.0,3,13.55,10.12,-21.03,0.0,,8,,20260812
LPGCY,LAOPU GOLD CO LTD,Consumer Cyclical,Luxury Goods,PNK,4.9,3629,8660481024,0.1999,5.08,7.5,-0.8805,-37.6,-61.34,-71.31,-59.39,0.0,13.25,4,12.73,3.77,-61.52,0.0,,8,,20260812
KNX,Knight-Swift Transportation Holdings Inc.,Industrials,Trucking,NYSE,71.31,4365927,11606129664,2.6093,74.89,60.96,-1.3713,14.43,7.24,53.55,27.56,0.0,73.25,3,82.86,38.63,-13.94,0.0,,8,,20260812
HL,Hecla Mining Company,Basic Materials,Other Precious Metals & Mining,NYSE,18.1,30866430,12139894784,0.9009,15.58,18.41,2.794,-16.9,-33.41,117.21,30.97,0.0,50.75,3,34.17,7.4,-47.03,0.0,,8,,20260812
AR,Antero Resources Corporation,Energy,Oil & Gas E&P,NYSE,37.48,4760170,11522813952,1.185,34.87,35.81,2.2004,-2.33,-2.45,-8.35,-4.78,0.0,60.0,3,45.75,29.1,-18.08,0.0,,8,,20260812
KLPEF,Klépierre SA,Real Estate,REIT - Retail,PNK,45.01,130,12910002176,0.1553,41.51,39.06,22.5442,9.21,8.53,-8.85,1.75,0.0,75.0,2,45.02,35.55,-0.0,0.0,,8,,20260812
AFG,"American Financial Group, Inc.",Financial Services,Insurance - Property & Casualty,NYSE,144.77,471191,12004540416,2.8179,138.62,131.92,2.1815,4.2,2.45,-4.05,0.29,0.0,91.25,2,150.02,123.09,-3.5,0.0,,8,,20260812
WLK,Westlake Corporation,Basic Materials,Specialty Chemicals,NYSE,79.17,1139809,10117652480,3.0033,78.3,86.7,0.2904,-22.42,-31.45,-17.13,-23.46,0.0,44.5,3,124.23,56.33,-36.27,0.0,,8,,20260812
AIT,"Applied Industrial Technologies, Inc.",Industrials,Industrial Distribution,NYSE,352.29,262369,13020476416,7.8869,334.18,288.98,2.2962,7.57,12.39,12.32,11.15,0.0,87.5,2,363.59,238.34,-3.11,0.0,,8,,20260812
ORKLY,Orkla ASA,Consumer Defensive,Packaged Foods,PNK,10.91,91375,10492485632,0.174,10.77,11.17,0.7806,-14.15,-22.33,-17.79,-18.47,0.0,44.5,3,13.9,9.91,-21.51,0.0,,8,,20260812
BTSG,"BrightSpring Health Services, Inc.",Healthcare,Health Information Services,NASDAQ,59.68,3854646,11808537600,3.3723,66.2,47.84,-1.9327,2.61,39.5,166.05,80.9,0.0,65.0,3,73.75,21.58,-19.08,0.0,,8,,20260812
BTSGU,"BrightSpring Health Services, Inc.",Healthcare,Health Information Services,NASDAQ,198.07,25856,0,7.0624,218.16,157.7,-2.844,3.74,38.3,155.59,76.58,0.0,62.5,3,255.51,76.32,-22.48,0.0,,8,,20260812
RDY,Dr. Reddy's Laboratories Limited,Healthcare,Drug Manufacturers - Specialty & Generic,NYSE,12.39,2617032,10320871424,0.3139,13.01,13.51,-1.983,-4.77,-23.33,-32.53,-22.37,0.0,35.25,4,15.67,11.36,-20.93,0.0,,8,,20260812
PTRRY,Prio S.A.,Energy,Oil & Gas E&P,PNK,11.35,40998,9051495424,0.458,11.32,10.45,0.0713,-19.29,2.39,25.33,6.15,0.0,62.5,2,14.37,6.52,-21.02,0.0,,8,,20260812
GBLBY,Groupe Bruxelles Lambert SA,Financial Services,Asset Management,PNK,8.6,1035,10267570176,0.3048,9.36,8.96,-2.4891,-15.48,-17.86,-20.47,-18.31,0.0,13.25,4,44.51,8.21,-80.68,0.0,,8,,20260812
WULF,TeraWulf Inc.,Financial Services,Capital Markets,NCM,17.19,31747766,8577271808,1.7711,22.04,17.69,-2.7368,-29.52,-8.84,195.51,67.73,0.0,22.0,4,29.84,5.26,-42.39,0.0,,8,,20260812
IKTSY,Intertek Group plc,Industrials,Specialty Business Services,PNK,78.75,7053,12108449792,0.6175,76.87,64.8,3.0525,12.67,16.59,5.21,11.06,0.0,82.5,2,79.56,47.35,-1.01,0.0,,8,,20260812
CSPCY,CSPC Pharmaceutical Group Limited,Healthcare,Drug Manufacturers - General,PNK,4.4,1867,12545996800,0.087,3.89,4.21,5.8655,3.21,-22.0,-30.08,-18.93,0.0,76.25,3,5.83,3.26,-24.53,0.0,,8,,20260812
OBICY,Obic Co. Ltd.,Technology,Software - Application,PNK,14.4,212279,12399959040,0.6382,12.82,14.4,2.4695,6.97,-0.68,-26.89,-9.25,0.0,86.25,3,16.79,11.01,-14.23,0.0,,8,,20260812
FRVO,Fervo Energy Company,Utilities,Utilities - Renewable,NASDAQ,20.16,3792804,5940042240,2.752,28.47,20.16,-3.0207,-49.16,-49.16,-49.16,-49.16,0.0,49.5,3,42.65,16.89,-52.73,0.0,,8,,20260812
IAFNF,iA Financial Corporation Inc.,Financial Services,Insurance - Diversified,PNK,148.07,4695,13087152128,0.3896,137.99,123.88,25.8721,18.72,6.6,23.8,16.51,0.0,75.0,2,148.07,104.81,0.0,0.0,,8,,20260812
ALLE,Allegion plc,Industrials,Security & Protection Services,NYSE,166.11,1206501,14125460480,4.436,142.32,150.84,5.3627,21.27,-17.82,-20.32,-9.05,0.0,90.0,3,183.11,125.0,-9.28,0.0,,8,,20260812
MNHVF,Mowi ASA,Consumer Defensive,Farm Products,PNK,21.2,343,11207266304,0.2418,19.41,21.58,7.3966,-2.33,-21.55,-14.09,-13.76,0.0,37.0,3,24.2,17.55,-12.4,0.0,,8,,20260812
GLXY,Galaxy Digital,Financial Services,Capital Markets,NASDAQ,21.08,6862780,12422387712,2.0423,25.84,25.84,-2.3296,-37.74,-12.72,-48.81,-33.41,0.0,11.25,4,45.92,16.43,-54.09,0.0,,8,,20260812
U,Unity Software Inc.,Technology,Software - Application,NYSE,44.53,9357533,19597160448,2.1678,30.99,31.56,6.2479,60.99,41.03,11.34,34.15,0.0,88.75,3,52.15,16.78,-14.61,0.0,,8,,20260812
FMCQF,Fresenius Medical Care AG,Healthcare,Medical Care Facilities,PNK,51.44,25,13688681472,0.2576,46.27,46.44,20.0717,14.34,1.78,-22.88,-4.94,0.0,75.0,3,56.24,42.0,-8.53,0.0,,8,,20260812
CCDBF,CCL Industries Inc.,Consumer Cyclical,Packaging & Containers,PNK,65.61,26075,11275429888,1.3294,63.62,62.21,1.4934,2.63,-8.53,-6.9,-5.09,0.0,90.0,2,75.17,50.95,-12.72,0.0,,8,,20260812
HRZRF,HORIZON ROBOTICS,Unknown,Unknown,PNK,0.7,11080,0,0.0369,0.75,0.7,-1.1999,-48.5,-62.86,-58.27,-57.43,0.0,35.0,3,1.6,0.51,-56.16,0.0,,8,,20260812
SF,Stifel Financial Corp.,Financial Services,Capital Markets,NYSE,84.94,1316327,12826087424,1.8439,76.33,78.02,4.6698,8.89,-9.74,-6.18,-3.66,0.0,88.75,3,89.83,67.81,-5.44,0.0,,8,,20260812
ARW,"Arrow Electronics, Inc.",Technology,Electronics & Computer Distribution,NYSE,210.3,643075,10705411072,9.0004,215.14,161.25,-0.5383,-0.53,22.59,52.5,28.77,0.0,74.5,3,237.33,101.79,-11.39,0.0,,8,,20260812
OBIIF,"OBIC Co.,Ltd.",Technology,Software - Application,PNK,28.88,1946,12434403328,0.3567,23.93,3.37,13.8839,-3.46,-306.84,2995.25,1089.84,0.0,50.0,3,37.83,21.11,-23.66,0.0,,8,,20260812
FUJHF,Subaru Corporation,Consumer Cyclical,Auto Manufacturers,PNK,16.9,1393,11909156864,0.4366,15.75,18.09,2.6288,0.47,-32.32,-36.67,-25.86,0.0,69.5,3,24.4,13.9,-30.74,0.0,,8,,20260812
CACI,CACI International Inc,Technology,Information Technology Services,NYSE,680.08,293522,15029455872,26.3767,505.9,555.18,6.6035,31.32,-3.53,19.26,14.3,0.0,91.25,3,683.5,434.7,-0.5,0.0,,8,,20260812
BJ,"BJ's Wholesale Club Holdings, Inc.",Consumer Defensive,Discount Stores,NYSE,92.71,2092201,11838365696,2.641,91.02,93.26,0.6407,-3.0,-19.46,-36.83,-22.29,0.0,74.5,3,107.62,83.21,-13.85,0.0,,8,,20260812
NEXOY,"NEXON Co., Ltd.",Communication Services,Electronic Gaming & Multimedia,PNK,15.79,48033,12298475520,0.4613,14.24,19.27,3.3567,-11.44,-46.49,-45.69,-37.4,0.0,38.75,3,28.82,13.01,-45.21,0.0,,8,,20260812
MRPRF,"MERLIN Properties SOCIMI, S.A.",Real Estate,REIT - Office,PNK,17.52,50,10851179520,0.0485,17.76,16.31,-4.7931,-9.96,10.51,5.24,3.28,0.0,37.0,3,18.43,13.6,-4.88,0.0,,8,,20260812
TKGBY,Turkiye Garanti Bankasi A.S.,Financial Services,Banks - Regional,OQX,2.73,5570,12350897152,0.1169,2.88,3.15,-1.2676,-8.71,-39.02,-48.49,-35.23,0.0,3.75,4,3.76,2.58,-27.39,0.0,,8,,20260812
EGP,"EastGroup Properties, Inc.",Real Estate,REIT - Industrial,NYSE,203.45,418291,10940180480,4.5017,206.46,190.35,-0.6691,-4.43,-4.62,9.15,0.93,0.0,69.5,3,226.71,160.79,-10.26,0.0,,8,,20260812
AAON,"AAON, Inc.",Industrials,Building Products & Equipment,NASDAQ,85.23,1084580,7027524096,6.4512,113.93,100.13,-4.4493,-41.11,-25.97,-4.08,-21.0,0.0,7.5,4,150.46,73.19,-43.35,0.0,,8,,20260812
SJM,The J. M. Smucker Company,Consumer Defensive,Packaged Foods,NYSE,118.79,1626309,12696356864,3.3377,113.98,103.84,1.4414,14.8,-1.3,-11.26,-1.26,0.0,88.75,2,127.65,88.25,-6.94,0.0,,8,,20260812
DLAKY,Deutsche Lufthansa AG,Industrials,Airlines,OQX,9.51,134279,11431467008,0.2871,10.27,9.45,-2.6407,-4.32,-19.69,-16.27,-14.48,0.0,63.75,3,11.53,7.91,-17.52,0.0,,8,,20260812
GAILF,GAIL (India) Limited,Utilities,Utilities - Regulated Gas,PNK,6.46,22,7079169536,0.2478,10.28,10.8,-15.409,-44.98,-52.43,-63.81,-55.12,0.0,0.0,4,14.01,6.46,-53.89,0.0,,8,,20260812
CGNX,Cognex Corporation,Technology,Scientific & Technical Instruments,NASDAQ,60.67,2227858,10206140416,3.4029,64.8,51.73,-1.213,-12.42,27.4,28.12,17.74,0.0,36.25,3,72.88,34.6,-16.75,0.0,,8,,20260812
IKTSF,Intertek Group plc,Industrials,Specialty Business Services,PNK,77.52,3464,11899025408,0.2329,76.42,65.12,4.7428,11.45,12.99,-0.85,7.07,0.0,75.0,2,78.26,45.86,-0.95,0.0,,8,,20260812
ASEKY,Aisin Corporation,Consumer Cyclical,Auto Parts,PNK,14.27,227,10014147584,0.0954,14.0,15.91,2.8093,-10.47,-26.04,-28.68,-23.2,0.0,25.0,3,19.5,12.85,-26.8,0.0,,8,,20260812
FUJHY,Subaru Corporation,Consumer Cyclical,Auto Manufacturers,PNK,8.1,360408,11415878656,0.2257,7.84,9.09,1.1625,6.65,-32.72,-44.26,-27.49,0.0,57.5,3,11.7,7.1,-30.77,0.0,,8,,20260812
HGMCF,Harmony Gold Mining Company Limited,Basic Materials,Gold,PNK,17.45,3,10903371776,0.004,17.45,18.47,0.501,10.68,-41.05,-8.48,-15.09,0.0,62.0,3,25.65,12.76,-31.97,0.0,,8,,20260812
SKUFF,AB SKF (publ),Industrials,Tools & Accessories,PNK,27.46,32,12157874176,0.2049,24.23,25.28,15.7572,8.26,-9.66,-11.29,-5.83,0.0,50.0,3,27.46,23.84,-0.0,0.0,,8,,20260812
SEIC,SEI Investments Company,Financial Services,Asset Management,NASDAQ,105.54,691625,12666824704,2.2133,95.29,85.86,4.632,10.11,16.78,-0.67,8.13,0.0,92.5,2,107.0,75.08,-1.36,0.0,,8,,20260812
SKBSY,Skanska AB (publ),Industrials,Engineering & Construction,PNK,28.0,16585,11594251264,0.4352,26.81,26.75,2.7337,-0.44,-13.5,-2.38,-5.79,0.0,88.75,2,31.5,24.33,-11.11,0.0,,8,,20260812
QBTS,D-Wave Quantum Inc.,Technology,Computer Hardware,NASDAQ,20.74,29418467,7724404224,1.5684,21.43,22.51,-0.4422,-12.12,-10.74,-3.42,-8.16,0.0,35.25,4,46.75,12.75,-55.64,0.0,,8,,20260812
BEP,Brookfield Renewable Partners L.P.,Utilities,Utilities - Renewable,NYSE,34.41,914311,16774643712,1.0709,33.88,31.24,0.4977,-3.53,1.75,19.52,7.54,0.0,61.25,2,38.12,24.13,-9.73,0.0,,8,,20260812
ELAN,Elanco Animal Health Incorporated,Healthcare,Drug Manufacturers - Specialty & Generic,NYSE,22.13,6459924,11056630784,1.2059,24.6,23.56,-2.0484,-2.87,-22.78,10.17,-4.62,0.0,44.5,3,27.98,17.11,-20.91,0.0,,8,,20260812
YASKF,YASKAWA Electric Corporation,Industrials,Electrical Equipment & Parts,PNK,33.68,61,8735512576,0.2461,40.97,33.27,-29.6295,-26.59,-10.34,39.11,5.38,0.0,26.25,3,48.08,19.71,-29.95,0.0,,8,,20260812
UNICY,Unicharm Corporation,Consumer Defensive,Household & Personal Products,PNK,3.12,389224,10737793024,0.0902,2.94,3.0,2.02,-1.26,-11.88,-29.69,-16.35,0.0,83.75,3,3.67,2.61,-14.99,0.0,,8,,20260812
TMXXF,TMX Group Limited,Financial Services,Financial Data & Stock Exchanges,PNK,38.16,85387,10586091520,0.4631,35.26,36.23,6.2562,-10.62,3.11,-31.15,-14.03,0.0,57.5,3,41.94,31.66,-9.01,0.0,,8,,20260812
GBLBF,Groupe Bruxelles Lambert SA,Financial Services,Asset Management,PNK,89.9,88,10733192192,0.1165,90.68,86.87,-6.6878,-4.61,-9.9,-9.56,-8.44,0.0,37.0,3,100.0,83.98,-10.1,0.0,,8,,20260812
PAG,"Penske Automotive Group, Inc.",Consumer Cyclical,Auto & Truck Dealerships,NYSE,218.0,377777,14314506240,4.7683,194.13,167.37,5.0069,25.18,22.72,5.16,16.31,0.0,88.75,2,227.0,140.12,-3.96,0.0,,8,,20260812
RVTY,"Revvity, Inc.",Healthcare,Diagnostics & Research,NYSE,117.88,1495054,13150665728,3.8241,108.65,99.62,2.4148,13.87,0.49,14.95,9.62,0.0,87.5,2,118.3,81.22,-0.36,0.0,,8,,20260812
CCK,"Crown Holdings, Inc.",Consumer Cyclical,Packaging & Containers,NYSE,120.71,1120106,13128481792,3.1207,109.97,103.82,3.4402,16.47,-2.95,-1.56,2.46,0.0,88.75,2,122.91,89.21,-1.79,0.0,,8,,20260812
PINS,"Pinterest, Inc.",Communication Services,Internet Content & Information,NYSE,22.9,16164730,12827601920,1.0319,22.21,22.58,0.6708,5.55,1.79,-57.39,-20.94,0.0,88.75,3,38.57,13.84,-40.63,0.0,,8,,20260812
ISMAY,"Indra Sistemas, S.A.",Technology,Information Technology Services,PNK,37.96,7727,13287317504,1.1012,30.86,30.29,6.4488,21.74,15.9,64.0,36.6,0.0,91.25,2,38.3,19.06,-0.89,0.0,,8,,20260812
QBCRF,Quebecor Inc.,Communication Services,Telecom Services,PNK,46.95,37967,10493019136,0.638,47.86,41.16,-1.4304,7.37,13.77,50.1,26.7,0.0,64.5,3,49.05,28.67,-4.28,0.0,,8,,20260812
GIL,Gildan Activewear Inc.,Consumer Cyclical,Apparel Manufacturing,NYSE,57.26,1622043,10604084224,1.9123,54.36,59.11,1.519,-4.23,-31.95,-8.95,-15.82,0.0,50.75,3,73.7,46.55,-22.31,0.0,,8,,20260812
BMNR,"Bitmine Immersion Technologies, Inc.",Financial Services,Capital Markets,NYSE,17.89,36452209,10791718912,1.1011,16.24,24.0,1.5,-22.36,-22.53,-92.48,-50.47,0.0,38.75,3,71.74,12.8,-75.06,0.0,,8,,20260812
BKWAF,BKW AG,Utilities,Utilities - Renewable,PNK,165.96,0,8757784576,0.9906,192.58,195.6,-26.8681,-21.2,-30.63,-29.23,-27.71,0.0,1.25,4,207.5,165.96,-20.02,0.0,,8,,20260812
JOBY,"Joby Aviation, Inc.",Industrials,Airports & Air Services,NYSE,7.96,40701937,7873428992,0.5518,8.53,11.06,-1.0329,-29.04,-34.39,-76.19,-49.77,0.0,15.0,4,19.98,6.63,-60.16,0.0,,8,,20260812
MDBPF,Medibank Private Limited,Financial Services,Insurance - Specialty,PNK,3.9,5,10740613120,0.0008,3.9,3.27,0.0,2.7,32.44,7.8,15.15,0.0,75.0,3,3.9,2.78,0.0,0.0,,8,,20260812
UNCHF,Unicharm Corporation,Consumer Defensive,Household & Personal Products,PNK,6.11,1108,10520972288,0.1023,5.61,5.93,4.8949,-3.58,-13.6,-32.31,-18.58,0.0,51.25,3,7.67,5.28,-20.29,0.0,,8,,20260812
PODD,Insulet Corporation,Healthcare,Medical Devices,NASDAQ,145.06,1605606,10060520448,8.0149,154.9,225.19,-1.2282,-13.31,-54.74,-75.24,-52.58,0.0,45.0,4,354.88,126.4,-59.12,0.0,,8,,20260812
IT,"Gartner, Inc.",Technology,Information Technology Services,NYSE,179.46,1594975,11332715520,9.8469,148.72,181.58,3.1215,12.41,0.03,-43.41,-14.25,0.0,75.75,3,265.85,124.25,-32.5,0.0,,8,,20260812
SHMUY,Shimizu Corporation,Industrials,Engineering & Construction,PNK,62.05,20,10536110080,0.1303,67.06,64.0,-38.4581,-23.52,31.95,22.77,14.41,0.0,12.0,4,93.0,43.65,-33.28,0.0,,8,,20260812
TIMB,TIM S.A.,Communication Services,Telecom Services,NYSE,18.19,404572,8689978368,0.5001,20.96,22.91,-5.539,-25.83,-39.1,-34.94,-34.12,0.0,7.5,4,28.22,17.91,-35.54,0.0,,8,,20260812
SCI,Service Corporation International,Consumer Cyclical,Personal Services,NYSE,84.4,1454962,11503009792,2.2026,77.88,79.13,2.9607,4.24,-10.08,-15.89,-8.82,0.0,88.75,3,90.99,68.41,-7.24,0.0,,8,,20260812
GSAT,"Globalstar, Inc.",Communication Services,Telecom Services,NASDAQ,83.22,1290803,10782265344,1.0421,80.89,69.65,2.2387,-4.25,29.37,171.55,77.84,0.0,61.25,2,84.85,24.37,-1.92,0.0,,8,,20260812
GOFPY,Allwyn AG,Consumer Cyclical,Gambling,PNK,7.72,140664,12309598208,0.222,7.7,8.61,0.0784,3.97,-34.96,-51.83,-31.98,0.0,56.25,3,12.12,6.75,-36.3,0.0,,8,,20260812
RKUNY,"Rakuten Group, Inc.",Consumer Cyclical,Internet Retail,PNK,4.79,97156,10451710976,0.2172,4.86,5.43,-0.3363,-7.72,-34.9,-33.56,-27.57,0.0,48.25,4,7.04,4.24,-31.96,0.0,,8,,20260812
SGPYY,The Sage Group plc,Technology,Software - Application,PNK,55.09,43787,12361382912,1.3841,47.08,49.82,5.7884,10.22,8.32,-31.62,-7.18,0.0,88.75,3,63.09,41.8,-12.68,0.0,,8,,20260812
JEF,Jefferies Financial Group Inc.,Financial Services,Capital Markets,NYSE,54.82,2128250,11149948928,1.9775,55.77,53.15,-0.4822,0.31,-19.58,-26.99,-17.57,0.0,73.25,3,71.04,35.53,-22.83,0.0,,8,,20260812
ISMAF,"Indra Sistemas, S.A.",Technology,Information Technology Services,PNK,68.34,14,11960685568,0.2268,63.77,60.83,20.1644,11.27,5.88,39.48,20.67,0.0,75.0,2,74.6,40.23,-8.39,0.0,,8,,20260812
WTRG,"Essential Utilities, Inc.",Utilities,Utilities - Regulated Water,NYSE,39.86,1968211,11311415296,0.9547,38.26,38.15,1.6787,0.99,-4.41,-15.96,-7.68,0.0,86.25,2,42.37,36.11,-5.92,0.0,,8,,20260812
JPNPY,"Japan Post Insurance Co., Ltd.",Financial Services,Insurance - Life,PNK,10.13,47,10977604608,0.0381,9.67,10.13,12.0256,-5.91,-30.09,-30.09,-24.04,0.0,75.0,3,11.55,9.25,-12.29,0.0,,8,,20260812
SKSBF,Skanska AB (publ),Industrials,Engineering & Construction,PNK,28.0,270,11594251264,0.1325,26.02,27.04,14.9171,-4.35,-19.19,-6.95,-10.59,0.0,76.25,3,30.75,24.43,-8.94,0.0,,8,,20260812
ROHCF,"ROHM Co., Ltd.",Technology,Semiconductors,PNK,31.24,232,12059736064,0.0417,31.56,21.49,-7.6084,54.72,83.21,103.41,84.17,0.0,62.0,3,34.81,13.03,-10.26,0.0,,8,,20260812
HLI,"Houlihan Lokey, Inc.",Financial Services,Capital Markets,NYSE,123.42,846046,8625391616,5.3577,136.73,157.79,-2.4839,-21.43,-39.88,-56.25,-41.81,0.0,12.5,4,211.78,112.83,-41.72,0.0,,8,,20260812
ARWR,"Arrowhead Pharmaceuticals, Inc.",Healthcare,Biotechnology,NASDAQ,87.25,2151079,12289775616,3.8554,80.44,67.18,1.7659,5.47,26.46,384.15,164.29,0.0,86.25,2,95.49,18.09,-8.63,0.0,,8,,20260812
WRFRF,Wharf Real Estate Investment Company Limited,Real Estate,Real Estate Services,PNK,4.15,331,12600343552,0.0936,2.84,2.74,14.0023,16.88,40.28,88.86,53.86,0.0,50.0,2,4.15,2.54,0.0,0.0,,8,,20260812
AKAAF,Aker ASA,Industrials,Conglomerates,PNK,140.09,102,10368859136,1.1185,126.86,87.27,11.8268,12.0,116.92,289.48,159.72,0.0,50.0,2,143.5,69.0,-2.38,0.0,,8,,20260812
TSGTF,Tsingtao Brewery Company Limited,Consumer Defensive,Beverages - Brewers,PNK,5.71,1700,9399155712,0.1645,5.77,6.3,-0.3782,-20.4,-26.28,-31.49,-26.9,0.0,26.5,4,7.14,5.21,-20.03,0.0,,8,,20260812
KTOS,"Kratos Defense & Security Solutions, Inc.",Industrials,Aerospace & Defense,NASDAQ,63.82,4848220,11967524864,3.6942,52.61,73.93,3.0338,6.4,-43.93,-25.25,-23.88,0.0,38.75,3,134.0,43.09,-52.37,0.0,,8,,20260812
AM,Antero Midstream Corporation,Energy,Oil & Gas Midstream,NYSE,22.24,2334909,10556748800,0.5316,21.85,20.13,0.7289,0.7,3.12,3.61,2.71,0.0,86.25,2,23.84,16.96,-6.69,0.0,,8,,20260812
DPZ,"Domino's Pizza, Inc.",Consumer Cyclical,Restaurants,NASDAQ,353.72,911909,11701671936,12.2258,321.52,366.96,2.6339,9.83,-20.42,-40.98,-21.08,0.0,75.75,3,469.0,282.0,-24.58,0.0,,8,,20260812
TTD,"The Trade Desk, Inc.",Communication Services,Advertising Agencies,NASDAQ,13.49,22329564,6338683904,1.1872,18.41,27.84,-4.1454,-41.1,-64.25,-97.45,-71.74,0.0,11.25,4,56.39,12.83,-76.08,0.0,,8,,20260812
CRHKY,China Resources Beer (Holdings) Company Limited,Consumer Defensive,Beverages - Brewers,PNK,5.78,181437,9375160320,0.1796,5.86,6.49,-0.4633,-20.9,-28.19,-35.72,-29.38,0.0,22.0,4,7.69,5.25,-24.84,0.0,,8,,20260812
SFFLY,Schaeffler AG,Consumer Cyclical,Auto Parts,PNK,8.55,5805,8078764032,0.3207,9.93,9.65,-4.3016,-24.45,-42.52,38.04,-5.78,0.0,10.0,4,14.44,5.5,-40.79,0.0,,8,,20260812
AES,The AES Corporation,Utilities,Utilities - Diversified,NYSE,14.71,8413072,10490549248,0.053,14.57,14.2,2.6374,-1.68,-19.47,-2.18,-8.11,0.0,82.5,2,17.65,12.33,-16.66,0.0,,8,,20260812
HMY,Harmony Gold Mining Company Limited,Basic Materials,Gold,NYSE,19.86,3793903,12539309056,0.8217,16.14,17.74,4.5333,5.91,-17.08,8.03,-1.29,0.0,63.75,3,26.06,12.58,-23.79,0.0,,8,,20260812
BMRN,BioMarin Pharmaceutical Inc.,Healthcare,Biotechnology,NASDAQ,70.24,2174535,13596620800,2.0852,59.0,56.73,5.3927,27.91,5.53,0.84,9.25,0.0,88.75,2,70.98,49.26,-1.04,0.0,,8,,20260812
TSGTY,Tsingtao Brewery Company Limited,Consumer Defensive,Beverages - Brewers,PNK,29.0,148,9397424128,0.3448,28.98,30.45,0.0533,-10.89,-16.32,-23.89,-17.99,0.0,37.0,3,36.69,25.8,-20.96,0.0,,8,,20260812
ERIE,Erie Indemnity Company,Financial Services,Insurance Brokers,NASDAQ,258.17,246122,13499675648,10.4195,233.64,254.84,2.3542,13.91,-18.48,-49.76,-22.89,0.0,92.5,3,371.45,204.63,-30.5,0.0,,8,,20260812
SCAFF,SCHAEFFLER AG,Unknown,Unknown,PNK,8.35,4396,0,0.4253,10.16,8.35,-4.2781,-23.37,42.55,24.04,18.67,0.0,28.75,3,14.96,5.52,-44.21,0.0,,8,,20260812
RKUNF,"Rakuten Group, Inc.",Consumer Cyclical,Internet Retail,PNK,5.75,1266,12044560384,0.1385,4.81,5.35,6.755,15.98,-16.85,-5.79,-4.22,0.0,77.5,3,7.32,4.0,-21.45,0.0,,8,,20260812
EHC,Encompass Health Corporation,Healthcare,Medical Care Facilities,NYSE,124.83,985069,12314902528,3.7358,108.23,106.58,4.4421,10.8,2.76,-15.77,-2.64,0.0,90.0,2,127.99,92.77,-2.47,0.0,,8,,20260812
FRT,Federal Realty Investment Trust,Real Estate,REIT - Retail,NYSE,117.21,945656,10187705344,1.9937,122.25,107.79,-2.5284,-2.54,-1.14,10.9,3.32,0.0,70.75,3,128.21,90.03,-8.58,0.0,,8,,20260812
SPXC,"SPX Technologies, Inc.",Industrials,Building Products & Equipment,NYSE,218.18,733866,10927732736,9.7647,223.66,215.18,-0.5609,4.73,-17.84,-14.01,-10.67,0.0,72.0,3,251.08,179.62,-13.1,0.0,,8,,20260812
EMBJ,Embraer S.A.,Industrials,Aerospace & Defense,NYSE,73.96,1312966,13161791488,2.6068,64.14,64.85,3.7671,18.88,-9.5,5.67,3.66,0.0,88.75,3,80.75,53.56,-8.41,0.0,,8,,20260812
CR,Crane Company,Industrials,Specialty Industrial Machinery,NYSE,222.93,492003,12885433344,7.0019,212.89,193.24,1.4342,17.52,-0.14,-7.05,1.51,0.0,86.25,2,230.5,159.58,-3.28,0.0,,8,,20260812
SUZ,Suzano S.A.,Basic Materials,Paper & Paper Products,NYSE,8.02,3035367,9877116928,0.192,8.16,9.15,-0.7364,-13.0,-30.48,-43.24,-31.21,0.0,25.75,4,11.54,7.55,-30.47,0.0,,8,,20260812
CLILF,CapitaLand Investment Limited,Real Estate,Real Estate Services,PNK,2.0,254,9987062784,0.0151,1.93,1.96,4.5845,-16.82,-17.23,-22.2,-19.12,0.0,50.0,3,2.71,1.54,-26.31,0.0,,8,,20260812
SFD,"Smithfield Foods, Inc.",Consumer Defensive,Packaged Foods,NASDAQ,22.74,1283595,8947672064,0.7317,25.48,24.23,-3.7484,-14.69,-16.53,-28.34,-20.79,0.0,23.25,4,29.8,21.08,-23.7,0.0,,8,,20260812
KHOLY,Koç Holding A.S.,Industrials,Conglomerates,PNK,20.84,1679,10565911552,0.3707,20.53,20.68,0.8491,-11.17,-19.87,-23.99,-19.34,0.0,51.25,3,25.44,18.09,-18.08,0.0,,8,,20260812
HUBS,"HubSpot, Inc.",Technology,Software - Application,NYSE,210.12,1986759,10477885440,18.5004,207.87,278.27,0.1214,5.06,-20.98,-75.86,-36.42,0.0,66.25,3,525.51,169.63,-60.02,0.0,,8,,20260812
PNXGF,Standard Life plc,Financial Services,Insurance - Life,PNK,11.6,84,11625081856,0.0253,10.83,9.72,30.2759,11.15,10.68,9.26,10.23,0.0,75.0,2,11.6,8.65,0.0,0.0,,8,,20260812
BZLFY,Bunzl plc,Consumer Defensive,Food Distribution,PNK,18.68,36267,11996479488,0.2683,17.89,15.4,2.9536,14.46,15.89,5.27,11.29,0.0,88.75,2,19.5,13.32,-4.21,0.0,,8,,20260812
BMXMF,bioMérieux S.A.,Healthcare,Diagnostics & Research,PNK,78.99,203,9317194752,0.2911,80.11,103.93,-3.8437,-10.23,-41.4,-68.09,-44.28,0.0,12.0,4,152.0,77.0,-48.03,0.0,,8,,20260812
JSNSF,J Sainsbury plc,Consumer Defensive,Grocery Stores,OQX,4.65,2200,10127939584,0.118,4.63,4.47,0.1657,9.38,-9.19,-3.7,-2.35,0.0,75.0,2,5.26,3.88,-11.6,0.0,,8,,20260812
AKZOY,Akzo Nobel N.V.,Basic Materials,Specialty Chemicals,OQX,24.17,82588,12429457408,0.4715,22.68,21.43,3.1689,20.64,-7.85,-6.95,-0.37,0.0,82.5,2,25.99,18.04,-7.0,0.0,,8,,20260812
MKEWF,Makita Corporation,Industrials,Tools & Accessories,PNK,37.9,0,7992483840,0.001,37.9,35.81,0.0,-8.24,9.66,-4.17,-0.35,0.0,50.0,3,39.15,29.11,-3.17,0.0,,8,,20260812
LOTBY,Lotus Bakeries NV,Consumer Defensive,Packaged Foods,PNK,127.39,10,10354336768,0.3975,122.47,109.29,12.3754,7.54,12.99,6.37,8.98,0.0,75.0,2,136.36,88.0,-6.58,0.0,,8,,20260812
SIETY,D'Ieteren Group SA,Consumer Cyclical,Auto & Truck Dealerships,PNK,110.86,67,11659518976,0.9529,98.6,96.16,12.8686,1.72,-12.49,-14.77,-9.85,0.0,75.0,2,116.27,83.93,-4.65,0.0,,8,,20260812
IDKOY,"Idemitsu Kosan Co.,Ltd.",Energy,Oil & Gas Refining & Marketing,PNK,16.33,2396,9786670080,0.5351,15.91,16.59,0.7923,-12.24,-24.3,-8.38,-14.92,0.0,43.25,3,21.05,12.36,-22.42,0.0,,8,,20260812
CHBAY,"The Chiba Bank, Ltd.",Financial Services,Banks - Regional,PNK,82.32,250,11380982784,0.5587,76.36,62.47,10.6598,10.76,38.04,50.49,36.2,0.0,75.0,2,85.8,47.0,-4.06,0.0,,8,,20260812
SNTMF,SenseTime Group Inc.,Technology,Software - Application,PNK,0.19,495,7704380416,0.0004,0.2,0.29,-26.2489,-42.02,-56.11,61.77,-5.43,0.0,0.0,4,0.51,0.18,-63.75,0.0,,8,,20260812
GEAGF,GEA Group Aktiengesellschaft,Industrials,Specialty Industrial Machinery,PNK,70.46,69,10907711488,0.2296,65.49,70.04,21.6277,-10.11,-10.32,-28.87,-17.69,0.0,50.0,3,78.65,63.21,-10.41,0.0,,8,,20260812
SOTGY,Sunny Optical Technology (Group) Company Limited,Technology,Electronic Components,PNK,74.59,648,7862959104,4.1336,83.49,81.33,-2.1539,-17.35,-12.6,-45.48,-26.94,0.0,22.0,4,119.79,65.09,-37.73,0.0,,8,,20260812
WMS,"Advanced Drainage Systems, Inc.",Industrials,Building Products & Equipment,NYSE,140.53,878566,10596712448,5.4197,143.45,147.48,-0.5381,-6.9,-30.33,-15.11,-18.39,0.0,59.0,3,179.31,128.03,-21.63,0.0,,8,,20260812
MGPUF,M&G plc,Financial Services,Asset Management,PNK,4.9,651,11809167360,0.0324,4.44,4.05,14.2926,14.44,1.69,7.75,7.3,0.0,75.0,2,4.9,3.28,0.0,0.0,,8,,20260812
POWL,"Powell Industries, Inc.",Industrials,Electrical Equipment & Parts,NASDAQ,207.98,763766,7577054208,15.4035,252.2,194.49,-2.8709,-37.38,-2.7,113.42,35.08,0.0,35.0,3,328.0,78.5,-36.59,0.0,,8,,20260812
PLCQF,Polar Capital Technology Trust Plc,Unknown,Unknown,PNK,8.29,3253,0,0.5361,8.29,8.29,0.0,101.78,101.78,101.78,101.78,0.0,62.0,3,9.63,4.17,-13.91,0.0,,8,,20260812
MINBY,MINEBEA MITSUMI Inc.,Technology,Electronic Components,PNK,23.75,6911,9321031680,1.5426,26.82,21.87,-1.9937,-2.44,-6.24,12.84,2.34,0.0,36.25,3,33.39,15.27,-28.89,0.0,,8,,20260812
VSAT,"Viasat, Inc.",Technology,Communication Equipment,NASDAQ,87.23,2779901,12016439296,6.0177,73.02,54.11,2.3608,17.96,81.64,218.59,120.5,0.0,92.5,2,93.03,25.5,-6.23,0.0,,8,,20260812
WTFC,Wintrust Financial Corporation,Financial Services,Banks - Regional,NASDAQ,162.6,568341,10969966592,3.0427,158.53,145.6,1.3382,5.63,-7.27,11.8,3.58,0.0,88.75,2,167.22,119.61,-2.76,0.0,,8,,20260812
WTFCN,Wintrust Financial Corporation,Financial Services,Banks - Regional,NASDAQ,26.19,43279,0,0.17,25.96,25.48,1.3792,-4.26,-9.23,-13.91,-9.86,0.0,82.5,2,27.31,25.5,-4.1,0.0,,8,,20260812
SGGEF,The Sage Group plc,Technology,Software - Application,PNK,14.07,904,12628401152,0.2993,11.78,12.58,7.6421,4.15,10.19,-38.47,-10.79,0.0,76.25,3,16.4,10.55,-14.21,0.0,,8,,20260812
WTS,"Watts Water Technologies, Inc.",Industrials,Specialty Industrial Machinery,NYSE,386.37,365338,12898208768,10.6243,348.77,307.11,3.5393,24.16,10.89,22.96,19.04,0.0,86.25,2,394.54,260.0,-2.07,0.0,,8,,20260812
SMGZY,Smiths Group plc,Industrials,Specialty Industrial Machinery,PNK,35.92,23959,10494848000,0.6046,34.62,34.03,2.1424,0.48,-12.22,-7.59,-7.19,0.0,83.75,2,37.93,28.29,-5.3,0.0,,8,,20260812
WYNN,"Wynn Resorts, Limited",Consumer Cyclical,Resorts & Casinos,NASDAQ,102.97,1488437,10603220992,3.0993,100.57,109.01,0.7735,1.24,-23.67,-27.16,-18.84,0.0,48.25,3,134.72,92.52,-23.57,0.0,,8,,20260812
AIAGY,Aurubis AG,Industrials,Metal Fabrication,PNK,102.5,146,8933511168,0.5243,107.26,91.72,-9.0722,-13.55,-10.79,61.4,17.39,0.0,37.0,3,128.53,55.4,-20.25,0.0,,8,,20260812
SLLDY,Sanlam Limited,Financial Services,Insurance - Life,PNK,10.72,52654,11201081344,0.2363,10.74,10.95,-0.1058,-3.4,-25.72,-8.36,-13.2,0.0,62.75,3,13.68,9.38,-21.64,0.0,,8,,20260812
BSY,"Bentley Systems, Incorporated",Technology,Software - Application,NASDAQ,35.73,3102414,10793779200,1.5175,32.33,36.43,2.2426,4.93,-7.78,-55.33,-23.62,0.0,77.0,3,57.25,28.08,-37.59,0.0,,8,,20260812
TRYIY,"Toray Industries, Inc.",Consumer Cyclical,Textile Manufacturing,PNK,17.16,37508,12498160640,0.4203,14.52,14.18,6.2774,13.59,-5.82,9.18,5.03,0.0,85.0,2,17.51,11.7,-2.0,0.0,,8,,20260812
FORM,"FormFactor, Inc.",Technology,Semiconductor Equipment & Materials,NASDAQ,128.77,1737393,10038236160,10.2718,122.0,96.88,0.6586,-7.38,25.81,333.32,140.52,0.0,62.5,2,160.27,27.0,-19.65,0.0,,8,,20260812
BMXXY,bioMérieux S.A.,Healthcare,Diagnostics & Research,PNK,8.82,3035,10403552256,0.3001,8.19,11.32,2.1105,7.79,-50.69,-62.04,-40.61,0.0,53.75,3,14.62,7.12,-39.67,0.0,,8,,20260812
ENSG,"The Ensign Group, Inc.",Healthcare,Medical Care Facilities,NASDAQ,181.62,794537,10585254912,4.7948,167.79,182.63,2.8841,-1.71,-23.08,-10.34,-12.64,0.0,75.75,3,218.0,141.58,-16.69,0.0,,8,,20260812
AAVXF,ABIVAX Société Anonyme,Healthcare,Biotechnology,PNK,139.0,32,12115333120,1.1736,114.52,115.87,20.8574,15.12,2.49,72.15,33.51,0.0,75.0,3,139.0,68.5,0.0,0.0,,8,,20260812
BZLYF,Beazley plc,Financial Services,Insurance - Specialty,PNK,17.47,71,10395323392,0.0597,17.07,15.1,6.6644,-4.73,-8.21,19.81,3.87,0.0,50.0,2,17.96,9.96,-2.76,0.0,,8,,20260812
MUSA,Murphy USA Inc.,Consumer Cyclical,Specialty Retail,NYSE,546.93,314396,10052763648,23.769,576.0,476.33,-1.2229,-10.02,36.73,23.0,19.55,0.0,60.0,3,636.05,349.83,-14.01,0.0,,8,,20260812
OGE,OGE Energy Corp.,Utilities,Utilities - Regulated Electric,NYSE,46.9,1399167,9678955520,0.9258,47.89,45.72,-1.0683,-5.62,-6.25,-15.14,-9.65,0.0,74.5,3,50.59,41.7,-7.29,0.0,,8,,20260812
PUGBY,PUIG BRANDS S A,Consumer Defensive,Household & Personal Products,PNK,9.31,2253,14150750208,0.1545,9.37,9.2,-0.416,-16.87,-15.16,-20.46,-17.71,0.0,37.0,3,11.95,7.49,-22.09,0.0,,8,,20260812
BZLFF,Bunzl plc,Consumer Defensive,Food Distribution,PNK,35.5,143,8862495744,0.1216,33.25,29.56,18.5285,10.39,12.85,-4.22,5.41,0.0,76.25,2,35.87,26.09,-1.03,0.0,,8,,20260812
FCFS,"FirstCash Holdings, Inc.",Financial Services,Credit Services,NASDAQ,213.96,449817,9280047104,8.109,214.84,190.94,-0.1082,-11.94,6.07,35.64,13.39,0.0,48.25,3,235.97,135.64,-9.33,0.0,,8,,20260812
UMBFO,UMB Financial Corporation,Financial Services,Banks - Regional,NASDAQ,26.7,13088,0,0.3038,26.28,25.91,1.3865,-3.78,-8.58,-11.65,-8.61,0.0,85.0,2,28.05,25.51,-4.81,0.0,,8,,20260812
UMBF,UMB Financial Corporation,Financial Services,Banks - Regional,NASDAQ,149.45,678874,11350731776,3.322,140.9,124.17,2.5742,11.33,1.07,15.22,9.3,0.0,90.0,2,150.0,103.38,-0.37,0.0,,8,,20260812
VMI,"Valmont Industries, Inc.",Industrials,Conglomerates,NYSE,492.91,229735,9569183744,16.3194,529.01,461.0,-2.2123,-8.89,-7.92,12.11,-0.15,0.0,32.5,3,585.71,360.41,-15.84,0.0,,8,,20260812
JKHY,"Jack Henry & Associates, Inc.",Technology,Information Technology Services,NASDAQ,152.31,1514003,10821744640,4.6344,142.78,158.5,2.0557,0.79,-22.21,-25.28,-17.69,0.0,77.0,3,193.39,121.04,-21.24,0.0,,8,,20260812
SUBCY,Subsea 7 S.A.,Energy,Oil & Gas Equipment & Services,PNK,35.09,18761,10412760064,0.8189,34.39,27.29,0.8565,-0.99,26.53,73.68,38.51,0.0,63.75,2,37.66,17.79,-6.82,0.0,,8,,20260812
BDOUY,"BDO Unibank, Inc.",Financial Services,Banks - Regional,PNK,20.49,69579,10932161536,0.6689,20.42,21.08,0.0973,3.77,-25.77,-39.87,-24.03,0.0,68.25,3,27.19,18.39,-24.64,0.0,,8,,20260812
ESI,Element Solutions Inc,Basic Materials,Specialty Chemicals,NYSE,38.46,4622259,9372166144,1.7163,40.94,34.19,-1.4459,-19.24,13.04,40.02,15.76,0.0,36.25,3,49.25,22.86,-21.91,0.0,,8,,20260812
EVKIF,Evonik Industries AG,Basic Materials,Specialty Chemicals,PNK,20.62,87,9611249664,0.1979,18.87,17.04,8.8905,-2.59,30.59,-18.65,2.6,0.0,50.0,2,21.3,14.49,-3.17,0.0,,8,,20260812
BAX,Baxter International Inc.,Healthcare,Medical Instruments & Supplies,NYSE,26.95,7022614,13933042688,1.1423,22.61,19.75,3.797,45.8,10.75,-6.96,12.43,0.0,90.0,2,30.0,15.73,-10.17,0.0,,8,,20260812
AKZOF,Akzo Nobel N.V.,Basic Materials,Specialty Chemicals,OQX,67.5,66,11569500160,0.1055,67.97,64.38,-4.4749,9.25,-10.13,-22.9,-10.39,0.0,62.0,3,77.0,56.51,-12.34,0.0,,8,,20260812
CDUAF,Canadian Utilities Limited,Utilities,Utilities - Diversified,OQX,36.88,36879,10043552768,0.421,37.31,33.58,-1.0132,0.11,4.96,13.39,7.12,0.0,69.5,3,41.7,26.43,-11.56,0.0,,8,,20260812
SMGKF,Smiths Group plc,Industrials,Specialty Industrial Machinery,PNK,35.55,64,10386744320,0.0897,34.33,33.4,13.6171,-0.21,-10.98,-9.86,-7.84,0.0,75.0,2,36.52,28.35,-2.66,0.0,,8,,20260812
ASMVY,ASMPT Limited,Technology,Semiconductor Equipment & Materials,PNK,64.68,12353,9042028544,3.191,69.4,48.76,-1.4792,-7.04,54.87,124.74,67.34,0.0,35.0,3,93.58,25.17,-30.88,0.0,,8,,20260812
MGYOY,MOL Magyar Olaj- és Gázipari Nyilvánosan Muködo Részvénytársaság,Energy,Oil & Gas Refining & Marketing,PNK,7.71,46627,12191635456,0.2657,6.66,5.84,3.9426,9.47,10.96,49.28,25.91,0.0,92.5,2,7.71,3.85,0.0,0.0,,8,,20260812
GME,GameStop Corp.,Consumer Cyclical,Specialty Retail,NYSE,18.54,5626090,8318736384,0.6123,21.39,22.49,-4.6621,-22.04,-37.51,-40.09,-34.67,0.0,10.0,4,28.1,18.43,-34.02,0.0,,8,,20260812
BKKLY,Bangkok Bank Public Company Limited,Financial Services,Banks - Regional,PNK,29.41,6740,11227813888,0.7902,28.52,26.21,1.1258,10.12,6.45,-0.85,4.45,0.0,83.75,2,31.86,23.06,-7.69,0.0,,8,,20260812
MNBEF,MINEBEA MITSUMI Inc.,Technology,Electronic Components,PNK,24.25,267,9738691584,0.3009,25.4,7.44,-3.8169,44.5,-564.76,688.63,88.91,0.0,62.0,3,32.38,14.05,-25.11,0.0,,8,,20260812
MICC,The Magnum Ice Cream Company N.V.,Consumer Defensive,Packaged Foods,NYSE,19.67,1301651,12054506496,0.4311,17.97,19.67,3.9333,27.52,-7.67,17.9,11.36,0.0,85.0,3,19.93,12.94,-1.3,0.0,,8,,20260812
MGM,MGM Resorts International,Consumer Cyclical,Resorts & Casinos,NYSE,43.98,4016575,11065049088,1.0803,46.57,38.69,-2.3933,14.27,5.51,5.1,7.54,0.0,60.0,3,51.59,29.19,-14.75,0.0,,8,,20260812
APAJF,APA Group,Utilities,Utilities - Regulated Gas,PNK,7.33,3082,9703097344,0.175,7.31,6.64,0.12,-7.15,-0.74,18.42,5.32,0.0,52.5,2,7.98,5.21,-8.15,0.0,,8,,20260812
KAIKY,"Kawasaki Kisen Kaisha, Ltd.",Industrials,Marine Shipping,PNK,17.31,143,10368754688,0.1597,16.28,15.44,6.4675,1.72,6.56,-2.15,1.87,0.0,75.0,2,18.18,12.2,-4.76,0.0,,8,,20260812
NGKIF,NGK Corporation,Industrials,Specialty Industrial Machinery,PNK,34.02,117,9576060928,0.7127,40.79,28.5,-9.4985,-6.2,31.78,157.06,72.4,0.0,26.25,3,48.45,13.8,-29.79,0.0,,8,,20260812
ABVX,ABIVAX Société Anonyme,Healthcare,Biotechnology,NASDAQ,125.52,2079048,10940406784,5.7462,118.64,118.02,1.1971,-1.98,-7.12,56.4,19.57,0.0,87.5,2,148.83,67.15,-15.66,0.0,,8,,20260812
SNCAF,AtkinsRéalis Group Inc.,Industrials,Engineering & Construction,PNK,61.86,57377,9899708416,2.1207,61.77,65.42,0.0405,-9.9,-32.85,-34.41,-27.74,0.0,75.75,3,78.58,56.68,-21.28,0.0,,8,,20260812
ADDHY,Addtech AB (publ.),Industrials,Industrial Distribution,PNK,18.01,7134,9852483584,0.4084,17.75,17.42,0.626,-1.68,-12.95,-18.72,-12.44,0.0,85.0,2,23.0,15.17,-21.7,0.0,,8,,20260812
JCYGY,Jardine Cycle & Carriage Limited,Industrials,Conglomerates,PNK,43.94,74,8683340800,0.2987,42.74,47.82,4.012,-11.62,-24.9,-9.81,-15.54,0.0,37.0,3,53.5,39.22,-17.87,0.0,,8,,20260812
CPCAY,Cathay Pacific Airways Limited,Industrials,Airlines,PNK,9.5,5087,11554144256,0.2686,8.49,7.78,3.7418,11.5,5.8,29.39,16.66,0.0,85.0,2,9.87,6.59,-3.75,0.0,,8,,20260812
MALRY,Mineral Resources Limited,Basic Materials,Other Industrial Metals & Mining,PNK,46.83,2950,9297500160,1.2476,43.84,40.08,2.3943,-11.71,14.42,88.7,37.6,0.0,65.0,2,53.21,22.41,-11.99,0.0,,8,,20260812
MKTAY,Makita Corporation,Industrials,Tools & Accessories,PNK,34.34,18866,8847900672,0.8515,34.82,33.69,-0.5656,-13.86,-23.77,-22.46,-20.77,0.0,47.0,3,41.2,26.76,-16.65,0.0,,8,,20260812
AHR,"American Healthcare REIT, Inc.",Real Estate,REIT - Healthcare Facilities,NYSE,52.59,3328724,10135266304,1.6703,52.21,49.51,0.2249,0.13,-4.32,10.05,2.54,0.0,87.5,2,58.7,39.68,-10.41,0.0,,8,,20260812
SRGHY,Shoprite Holdings Ltd,Consumer Cyclical,Department Stores,PNK,18.92,4538,10457081856,0.4183,17.54,16.8,3.2969,4.13,1.41,5.15,3.59,0.0,62.5,2,19.28,14.96,-1.87,0.0,,8,,20260812
KEYUF,Keyera Corp.,Energy,Oil & Gas Midstream,PNK,41.8,133991,12265848832,0.8651,41.3,36.29,0.5822,2.67,7.79,13.93,8.97,0.0,85.0,2,43.22,10.05,-3.29,0.0,,8,,20260812
IAG,IAMGOLD Corporation,Basic Materials,Gold,NYSE,18.07,5599209,10317969408,0.845,15.82,17.17,2.6587,-10.01,-28.47,116.52,34.14,0.0,62.5,3,24.87,7.89,-27.34,0.0,,8,,20260812
SIRI,Sirius XM Holdings Inc.,Communication Services,Entertainment,NASDAQ,28.44,4972390,9586182144,0.9254,29.15,23.97,-0.7697,4.79,25.37,19.07,17.71,0.0,73.25,3,32.66,19.77,-12.92,0.0,,8,,20260812
CTRE,"CareTrust REIT, Inc.",Real Estate,REIT - Healthcare Facilities,NYSE,39.16,2734387,9253241856,1.0301,39.98,38.07,-0.798,-10.97,-9.04,1.09,-5.47,0.0,74.5,3,43.62,32.25,-10.22,0.0,,8,,20260812
BPOP,"Popular, Inc.",Financial Services,Banks - Regional,NASDAQ,176.18,516122,11236495360,3.4256,166.96,140.07,2.6926,16.81,9.2,34.48,21.22,0.0,87.5,2,179.0,108.74,-1.58,0.0,,8,,20260812
BPOPO,"Popular, Inc.",Financial Services,Banks - Regional,PNK,25.25,640,2533913250,0.0432,25.21,24.68,1.0274,-3.31,-7.67,-16.95,-10.29,0.0,77.5,2,25.7,24.7,-1.75,0.0,,8,,20260812
LUMN,"Lumen Technologies, Inc.",Communication Services,Telecom Services,NYSE,6.29,14143391,6480656384,0.4032,7.3,8.04,-2.4978,-32.37,-31.36,45.36,-0.92,0.0,12.5,4,11.95,3.94,-47.36,0.0,,8,,20260812
SAPMY,Saipem SpA,Energy,Oil & Gas Equipment & Services,PNK,1.0,25500,9701413888,0.0465,0.97,0.79,0.5545,-11.9,27.26,105.0,48.56,0.0,58.75,2,1.25,0.42,-20.0,0.0,,8,,20260812
PTCAY,PT Chandra Asri Pacific Tbk,Basic Materials,Specialty Chemicals,PNK,8.0,46,6917159936,0.0521,8.29,40.93,-5.5417,-81.64,-98.21,-109.3,-98.5,0.0,12.0,4,56.0,8.0,-85.71,0.0,,8,,20260812
DCI,"Donaldson Company, Inc.",Industrials,Specialty Industrial Machinery,NYSE,96.27,781803,11158757376,2.1986,89.85,90.38,2.9202,8.96,-23.78,12.03,-1.27,0.0,91.25,3,112.84,72.95,-14.68,0.0,,8,,20260812
CART,Maplebear Inc.,Consumer Cyclical,Internet Retail,NASDAQ,48.45,4223624,11216178176,1.9655,45.15,41.24,1.6812,15.14,25.93,-27.97,1.67,0.0,88.75,2,51.06,32.73,-5.11,0.0,,8,,20260812
HBM,Hudbay Minerals Inc.,Basic Materials,Copper,NYSE,27.87,5509645,12378314752,1.303,24.57,22.47,2.5298,-2.12,-2.37,169.18,66.31,0.0,66.25,2,32.15,10.72,-13.31,0.0,,8,,20260812
SPIWF,SPIE SA,Industrials,Engineering & Construction,PNK,54.4,1205,9188675584,0.2211,56.53,45.89,-9.6446,-10.13,66.78,57.48,43.83,0.0,37.0,3,62.46,30.81,-12.91,0.0,,8,,20260812
RRC,Range Resources Corporation,Energy,Oil & Gas E&P,NYSE,40.18,3047730,9389243392,1.1397,38.02,38.79,1.8975,-6.42,0.56,-4.05,-3.03,0.0,63.75,3,48.31,32.6,-16.83,0.0,,8,,20260812
SAPMF,Saipem SpA,Energy,Oil & Gas Equipment & Services,PNK,5.08,2564,9856635904,0.092,4.97,4.04,1.1929,-6.99,23.84,65.88,32.95,0.0,51.25,2,5.7,2.5,-10.88,0.0,,8,,20260812
BNTGY,Brenntag SE,Basic Materials,Specialty Chemicals,PNK,14.55,37900,10439784448,0.2702,13.18,12.24,5.0845,-0.23,2.06,-7.08,-2.17,0.0,87.5,2,14.97,10.19,-2.81,0.0,,8,,20260812
SSAAY,SSAB AB (publ),Basic Materials,Steel,PNK,5.36,429,10687727616,0.1049,5.12,4.27,2.2785,4.36,21.42,62.86,33.73,0.0,77.5,2,5.62,2.83,-4.59,0.0,,8,,20260812
PSHZF,"Pershing Square Holdings, Ltd.",Unknown,Unknown,PNK,52.34,14890,0,1.0532,51.33,57.6,0.9591,-11.65,-27.04,-26.76,-23.08,0.0,45.75,3,68.25,48.12,-23.31,0.0,,8,,20260812
HKTGF,"Hikari Tsushin, Inc.",Industrials,Conglomerates,PNK,225.0,19,9844076544,2.5007,137.22,38.72,35.1025,1155.06,11215.77,153041.81,65431.01,0.0,75.0,2,287.59,210.0,-21.76,0.0,,8,,20260812
DOCU,"DocuSign, Inc.",Technology,Software - Application,NASDAQ,58.1,3787561,11093881856,2.5239,49.79,54.22,3.2913,23.68,9.8,-36.29,-5.16,0.0,90.0,3,86.65,40.16,-32.95,0.0,,8,,20260812
BXP,"BXP, Inc.",Real Estate,REIT - Office,NYSE,67.95,1451091,12290620416,1.8853,67.0,62.65,0.5047,11.45,-6.9,-8.55,-2.97,0.0,85.0,2,79.33,49.72,-14.35,0.0,,8,,20260812
BNTGF,Brenntag SE,Basic Materials,Specialty Chemicals,PNK,69.64,17,10054996992,0.27,66.18,60.54,12.8134,-5.01,2.04,-12.99,-5.73,0.0,50.0,2,75.18,51.8,-7.37,0.0,,8,,20260812
AG,First Majestic Silver Corp.,Basic Materials,Silver,NYSE,19.16,11560635,9444085760,0.9682,17.15,18.98,2.0802,-25.71,-31.57,96.65,21.18,0.0,62.5,3,32.04,8.34,-40.2,0.0,,8,,20260812
MOH,"Molina Healthcare, Inc.",Healthcare,Healthcare Plans,NYSE,206.06,1153222,10756331520,8.7344,209.1,172.92,-0.348,2.64,52.08,11.13,23.34,0.0,74.5,3,244.89,121.06,-15.86,0.0,,8,,20260812
PRAX,"Praxis Precision Medicines, Inc.",Healthcare,Biotechnology,NASDAQ,386.33,495108,10770406400,21.1703,307.04,291.46,3.7455,11.67,8.99,718.37,293.41,0.0,65.0,2,386.66,37.19,-0.09,0.0,,8,,20260812
ISUZY,Isuzu Motors Limited,Consumer Cyclical,Auto Manufacturers,PNK,14.32,92022,9841234944,0.3233,14.08,14.93,0.7386,1.08,-31.76,-13.34,-16.18,0.0,73.25,3,18.94,12.05,-24.39,0.0,,8,,20260812
CYTK,"Cytokinetics, Incorporated",Healthcare,Biotechnology,NASDAQ,75.64,2081700,10515731456,2.9898,78.73,68.69,-1.0319,-3.81,4.43,104.8,42.52,0.0,72.0,3,88.31,34.6,-14.35,0.0,,8,,20260812
PMCUF,Pro Medicus Limited,Healthcare,Health Information Services,PNK,122.0,375,13346718720,2.8605,121.99,120.72,0.0018,25.38,3.02,-64.16,-18.26,0.0,80.0,2,210.25,74.52,-41.97,0.0,,8,,20260812
EQX,Equinox Gold Corp.,Basic Materials,Gold,NYSE,11.53,14098485,13460811776,0.5892,10.04,13.15,2.5246,-26.92,-39.3,50.93,-0.11,0.0,41.25,3,18.96,6.78,-39.19,0.0,,8,,20260812
SIEVF,D'Ieteren Group SA,Consumer Cyclical,Auto & Truck Dealerships,PNK,200.0,25,10517336064,3.3534,197.51,199.93,0.742,-12.64,-25.57,-23.62,-21.56,0.0,75.0,3,235.0,172.0,-14.89,0.0,,8,,20260812
ORI,Old Republic International Corporation,Financial Services,Insurance - Property & Casualty,NYSE,42.47,1449864,10253657088,0.902,40.95,40.44,1.6893,4.41,-10.2,0.65,-2.21,0.0,91.25,2,46.76,36.65,-9.17,0.0,,8,,20260812
UHS,"Universal Health Services, Inc.",Healthcare,Medical Care Facilities,NYSE,172.45,1038930,10163602432,6.2632,153.81,189.99,2.9756,-3.11,-30.97,-21.93,-20.39,0.0,77.0,3,246.33,140.08,-29.99,0.0,,8,,20260812
PMDIY,PRO MEDICUS UNSPON ADS EACH REP,Healthcare,Health Information Services,PNK,29.51,374,15414543360,0.1228,27.07,25.71,19.8668,50.74,17.58,-50.07,-1.19,0.0,75.0,2,43.95,14.2,-32.86,0.0,,8,,20260812
WTCHF,WiseTech Global Limited,Technology,Software - Application,PNK,28.07,938,9440016384,0.4485,24.93,33.91,7.0103,-19.16,-30.78,-84.59,-49.4,0.0,25.0,3,77.59,18.95,-63.82,0.0,,8,,20260812
VLPNY,Voestalpine AG,Basic Materials,Steel,PNK,10.45,6466,8958294016,0.1849,10.02,9.35,2.3084,-6.79,-5.23,64.39,22.23,0.0,53.75,2,11.78,6.13,-11.29,0.0,,8,,20260812
SPIIY,Spie SA,Industrials,Engineering & Construction,PNK,13.69,119655,9250332672,0.5913,14.16,13.85,-0.7928,-18.4,-10.84,-18.5,-15.79,0.0,37.75,4,17.21,10.79,-20.48,0.0,,8,,20260812
FINGF,Finning International Inc.,Industrials,Industrial Distribution,PNK,67.88,28609,8832330752,2.1873,70.82,64.08,-1.3427,-8.39,-9.51,41.5,11.18,0.0,44.5,3,78.16,40.46,-13.15,0.0,,8,,20260812
BAH,Booz Allen Hamilton Holding Corporation,Industrials,Consulting Services,NYSE,78.4,2315129,9430342656,2.9268,69.44,78.96,3.0599,-0.2,-23.72,-49.08,-27.98,0.0,52.0,3,112.22,59.5,-30.14,0.0,,8,,20260812
KKOYY,Kesko Oyj,Consumer Defensive,Grocery Stores,PNK,12.34,43209,9727518720,0.1613,11.57,11.33,4.7506,-2.0,-10.1,-10.75,-8.34,0.0,75.75,2,13.07,10.11,-5.62,0.0,,8,,20260812
SCTBY,Securitas AB (publ),Industrials,Security & Protection Services,PNK,15.5,899,8872000512,0.4678,17.04,16.48,-3.2931,-18.39,-18.13,-11.93,-15.72,0.0,13.25,4,20.14,14.04,-23.05,0.0,,8,,20260812
SNAP,Snap Inc.,Communication Services,Internet Content & Information,NYSE,5.2,41778570,8794227712,0.2635,4.94,6.07,0.9965,-11.22,-12.78,-50.5,-27.48,0.0,41.25,3,9.28,3.81,-43.97,0.0,,8,,20260812
TRYIF,"Toray Industries, Inc.",Consumer Cyclical,Textile Manufacturing,PNK,8.25,103,12017462272,0.1186,7.11,6.89,9.6348,14.38,-6.4,4.55,3.18,0.0,50.0,2,8.25,6.1,0.0,0.0,,8,,20260812
BRX,Brixmor Property Group Inc.,Real Estate,REIT - Retail,NYSE,29.73,2441548,9123313664,0.6106,31.29,28.44,-2.5559,-4.13,-4.06,-1.13,-2.91,0.0,72.0,3,32.86,24.66,-9.53,0.0,,8,,20260812
OC,Owens Corning,Industrials,Building Products & Equipment,NYSE,155.91,1148993,12324480000,5.6369,137.55,121.01,3.257,25.91,2.25,-10.22,3.17,0.0,87.5,2,159.91,97.53,-2.5,0.0,,8,,20260812
ACLLY,Accelleron Industries AG,Industrials,Specialty Industrial Machinery,PNK,93.06,890,8751449088,1.9055,96.24,91.05,-1.6669,-23.36,-11.5,-21.1,-18.31,0.0,48.25,3,116.79,76.17,-20.32,0.0,,8,,20260812
DWHHF,Deutsche Wohnen SE,Real Estate,Real Estate Services,PNK,23.82,0,9677274112,0.0011,23.82,24.89,0.0,-4.5,-17.87,-24.18,-17.05,0.0,37.0,3,25.4,23.82,-6.24,0.0,,8,,20260812
NPTLF,Northam Platinum Holdings Limited,Basic Materials,Other Precious Metals & Mining,PNK,13.88,69,5464897024,0.3485,21.77,17.8,-22.6475,-38.64,-31.64,128.43,30.64,0.0,0.0,4,28.95,10.0,-52.06,0.0,,8,,20260812
MAKSY,Marks and Spencer Group plc,Consumer Cyclical,Department Stores,OQX,10.45,223895,10808786944,0.2238,10.17,9.65,1.26,21.1,-13.29,-7.41,-2.34,0.0,87.5,2,11.32,8.19,-7.69,0.0,,8,,20260812
R,"Ryder System, Inc.",Industrials,Rental & Leasing Services,NYSE,262.96,379382,10083692544,6.7028,266.32,218.19,-0.5009,10.99,12.74,31.22,19.7,0.0,72.0,3,284.25,157.67,-7.49,0.0,,8,,20260812
BLSFY,BlueScope Steel Limited,Basic Materials,Steel,PNK,106.89,54,9365219328,0.285,113.16,96.48,-22.0092,-4.23,-6.05,29.11,8.47,0.0,37.0,3,121.37,65.39,-11.93,0.0,,8,,20260812
ASRMF,"Grupo Aeroportuario del Sureste, S. A. B. de C. V.",Industrials,Airports & Air Services,PNK,28.81,1282,8643000320,1.1519,29.34,32.36,-0.4598,-17.26,-34.29,-26.79,-27.03,0.0,14.5,4,39.95,25.98,-27.88,0.0,,8,,20260812
BZZUY,Buzzi S.p.A.,Basic Materials,Building Materials,PNK,23.99,2188,8469028864,0.5473,25.36,27.53,-2.5089,-20.85,-31.43,-26.24,-26.71,0.0,8.75,4,32.22,23.19,-25.54,0.0,,8,,20260812
SCTBF,Securitas AB (publ),Industrials,Security & Protection Services,PNK,17.97,301,10286792704,0.0907,16.81,16.43,12.8043,0.88,-0.22,-5.01,-1.86,0.0,75.0,2,18.55,14.5,-3.13,0.0,,8,,20260812
XROLF,Xero Limited,Technology,Software - Application,PNK,53.25,837,9229625344,0.8489,50.64,62.63,3.0771,-19.18,-15.71,-75.2,-40.38,0.0,26.25,3,116.45,43.0,-54.27,0.0,,8,,20260812
WARFY,The Wharf (Holdings) Limited,Real Estate,Real Estate - Development,PNK,5.38,1979,8220713984,0.1714,4.85,5.69,3.0973,-32.76,-29.63,-23.93,-28.13,0.0,39.5,3,7.53,4.24,-28.55,0.0,,8,,20260812
CTIHY,China Taiping Insurance Holdings Company Limited,Financial Services,Insurance - Life,PNK,68.96,2,9913740288,0.0665,66.84,49.35,31.8214,0.96,168.96,157.9,122.54,0.0,75.0,2,78.31,26.01,-11.94,0.0,,8,,20260812
HPIFF,Huadian Power International Corporation Limited,Utilities,Utilities - Regulated Electric,PNK,0.61,808,7129629696,0.0001,0.61,0.56,0.0,0.23,4.51,-18.88,-5.91,0.0,75.0,3,0.61,0.49,0.0,0.0,,8,,20260812
RNLSY,Renault SA,Consumer Cyclical,Auto Manufacturers,PNK,6.5,181808,9404636160,0.165,6.14,6.77,2.1996,-4.76,-17.07,-29.38,-18.92,0.0,49.5,3,8.79,5.6,-26.05,0.0,,8,,20260812
QRVO,"Qorvo, Inc.",Technology,Semiconductors,NASDAQ,98.24,1290838,8666536960,3.1806,92.98,87.19,1.6553,0.41,6.22,-11.06,-2.14,0.0,68.75,2,109.49,74.92,-10.27,0.0,,8,,20260812
CAVA,"CAVA Group, Inc.",Consumer Cyclical,Restaurants,NYSE,69.47,3389200,8091439104,3.8853,72.56,70.72,-0.795,-14.91,-11.42,-38.41,-23.09,0.0,35.25,4,98.79,43.41,-29.68,0.0,,8,,20260812
CPCAF,Cathay Pacific Airways Limited,Industrials,Airlines,PNK,1.87,48,11371709440,0.012,1.66,1.47,17.7674,16.15,41.65,1.57,19.24,0.0,75.0,2,1.87,1.22,0.0,0.0,,8,,20260812
