ticker,name,sector,industry,exchange,close,avg_volume_50d,market_cap,atr14,sma50,sma200,atr_extension,rs_3m,rs_6m,rs_12m,rs_score,rs_percentile,trend_strength,stage,52w_high,52w_low,pct_from_52w_high,rts_composite,rts_grade,rts_grade_rank,colour_band,run_date
KYOCF,Kyocera Corporation,Industrials,Conglomerates,PNK,23.48,392,30001446912,0.1992,23.55,19.01,-0.3445,7.09,21.07,77.96,40.33,0.0,62.0,3,25.56,12.05,-8.12,0.0,,8,,20260926
AMADF,"Amadeus IT Group, S.A.",Technology,Information Technology Services,PNK,59.74,4519,25090004992,2.6368,63.23,61.78,-1.3223,-1.31,-10.41,-40.36,-20.12,0.0,48.25,4,81.64,53.99,-26.83,0.0,,8,,20260926
WNGRF,George Weston Limited,Consumer Defensive,Grocery Stores,PNK,71.07,7869,26594641920,0.3062,72.13,70.7,-3.4536,-4.54,-14.76,0.91,-5.94,0.0,67.0,3,75.92,60.17,-6.39,0.0,,8,,20260926
RYAOF,Ryanair Holdings plc,Industrials,Airlines,PNK,29.57,3,31357536256,0.0042,29.57,31.16,0.0,12.14,-39.58,-19.21,-18.5,0.0,62.0,3,38.0,25.3,-22.18,0.0,,8,,20260926
ES,Eversource Energy,Utilities,Utilities - Regulated Electric,NYSE,,2246220,23982880768,1.2463,,,,,,,,0.0,22.0,3,76.57,63.15,,0.0,,8,,20260926
BRDCY,Bridgestone Corporation,Consumer Cyclical,Auto Parts,PNK,12.15,195879,29997555712,0.3811,12.4,11.31,-0.657,,,,,0.0,70.75,3,13.64,9.15,-10.92,0.0,,8,,20260926
MDB,"MongoDB, Inc.",Technology,Software - Infrastructure,NASDAQ,,1654207,33012480000,19.007,,,,,,,,0.0,24.5,3,473.1,215.68,,0.0,,8,,20260926
XYL,Xylem Inc.,Industrials,Specialty Industrial Machinery,NYSE,,2122393,23962750976,2.6815,,,,,,,,0.0,19.5,3,154.27,102.25,,0.0,,8,,20260926
VEEV,Veeva Systems Inc.,Healthcare,Health Information Services,NYSE,,1886293,45444575232,6.9554,,,,,,,,0.0,24.5,3,310.5,148.05,,0.0,,8,,20260926
SMCAY,SMC Corporation,Industrials,Specialty Industrial Machinery,PNK,22.2,291344,27740141568,0.8637,22.24,21.46,-0.0407,,,,,0.0,52.0,3,27.77,14.65,-20.06,0.0,,8,,20260926
AMADY,"Amadeus IT Group, S.A.",Technology,Information Technology Services,PNK,61.14,86300,25677985792,1.3316,63.58,61.85,-1.8293,,,,,0.0,59.0,4,80.55,54.6,-24.1,0.0,,8,,20260926
ALMMF,Aluminum Corporation of China Limited,Basic Materials,Aluminum,PNK,0.95,5331,17046374400,0.0461,1.05,1.39,-2.1056,-9.74,-47.02,-15.86,-25.24,0.0,27.5,4,2.18,0.9,-56.42,0.0,,8,,20260926
MGDDF,Compagnie Générale des Établissements Michelin Société en commandite par actions,Unknown,Unknown,PNK,38.23,734,6822449258,0.7585,39.75,36.93,-2.0057,-2.05,7.03,-9.97,-2.04,0.0,62.0,3,42.85,29.6,-10.78,0.0,,8,,20260926
CINF,Cincinnati Financial Corporation,Financial Services,Insurance - Property & Casualty,NASDAQ,,715250,24946321408,2.6819,,,,,,,,0.0,18.25,3,194.81,150.0,,0.0,,8,,20260926
SNMRF,Snam S.p.A.,Utilities,Utilities - Regulated Gas,PNK,6.22,985,21220536320,0.0168,6.65,7.07,-25.6866,-18.52,-33.07,-12.28,-21.12,0.0,0.0,4,8.12,5.94,-23.41,0.0,,8,,20260926
DOW,Dow Inc.,Basic Materials,Chemicals,NYSE,,9574482,20239988736,0.8588,,,,,,,,0.0,18.25,3,42.74,20.65,,0.0,,8,,20260926
RYLPF,Koninklijke Philips N.V.,Healthcare,Medical Devices,PNK,24.23,738,23679158272,0.1951,26.48,27.64,-11.5703,-12.24,-25.83,-31.67,-24.77,0.0,0.0,4,33.0,24.2,-26.59,0.0,,8,,20260926
FTAI,FTAI Aviation Ltd.,Industrials,Aerospace & Defense,NASDAQ,,1463423,17979901952,7.514,,,,,,,,0.0,17.0,3,323.51,149.5,,0.0,,8,,20260926
FTAIM,FTAI Aviation Ltd.,Industrials,Aerospace & Defense,NASDAQ,27.04,2500,0,0.1553,27.0,26.07,0.2418,,,,,0.0,87.5,2,27.81,26.3,-2.77,0.0,,8,,20260926
PHG,Koninklijke Philips N.V.,Healthcare,Medical Devices,NYSE,,969209,24396589056,0.2992,,,,,,,,0.0,17.0,3,33.44,23.85,,0.0,,8,,20260926
AONNY,"Aeon Co., Ltd.",Consumer Cyclical,Department Stores,PNK,8.25,137622,22824654848,0.2567,8.55,11.0,-1.1774,,,,,0.0,52.0,4,18.63,7.81,-55.72,0.0,,8,,20260926
BKRKY,PT Bank Rakyat Indonesia (Persero) Tbk,Financial Services,Banks - Regional,PNK,8.85,110523,26671101952,0.3015,8.81,9.26,0.1207,,,,,0.0,72.0,3,12.55,7.04,-29.48,0.0,,8,,20260926
KHNGF,Kuehne + Nagel International AG,Industrials,Integrated Freight & Logistics,PNK,275.0,147,32659019776,4.0768,258.71,236.74,3.9955,10.7,9.32,24.1,15.58,0.0,76.25,2,284.75,182.22,-3.42,0.0,,8,,20260926
SMECF,SMC Corporation,Industrials,Specialty Industrial Machinery,PNK,432.74,360,27036637184,38.8091,445.12,425.4,-0.3191,-4.28,-10.58,31.64,7.88,0.0,62.0,3,556.98,293.52,-22.31,0.0,,8,,20260926
EXPE,"Expedia Group, Inc.",Consumer Cyclical,Travel Services,NASDAQ,,1777512,31706234880,13.1646,,,,,,,,0.0,23.25,3,342.0,185.34,,0.0,,8,,20260926
STZ,"Constellation Brands, Inc.",Consumer Defensive,Beverages - Brewers,NYSE,,2186709,19408498688,3.5277,,,,,,,,0.0,18.25,3,168.6,113.33,,0.0,,8,,20260926
ROL,"Rollins, Inc.",Consumer Cyclical,Personal Services,NYSE,,5749096,14448796672,0.8069,,,,,,,,0.0,18.25,3,66.14,29.74,,0.0,,8,,20260926
AIVAF,Aviva plc,Financial Services,Insurance - Diversified,OQX,9.45,200,28265390080,0.0562,9.07,8.58,6.6904,9.23,-4.23,-10.16,-3.23,0.0,76.25,2,10.23,8.0,-7.62,0.0,,8,,20260926
FOXA,Fox Corporation,Communication Services,Entertainment,NASDAQ,,5517095,26594955264,1.5292,,,,,,,,0.0,22.0,3,76.39,48.34,,0.0,,8,,20260926
FOX,Fox Corporation,Communication Services,Entertainment,NASDAQ,,1351609,23841427456,1.3452,,,,,,,,0.0,20.75,3,68.17,44.08,,0.0,,8,,20260926
ALPMY,Astellas Pharma Inc.,Healthcare,Drug Manufacturers - General,PNK,15.19,141219,27235878912,0.4176,14.52,14.53,1.6088,,,,,0.0,87.5,3,17.35,10.03,-12.45,0.0,,8,,20260926
HRNNF,Hydro One Limited,Utilities,Utilities - Regulated Electric,PNK,36.04,130909,21627465728,0.424,39.28,40.19,-7.639,-14.85,-29.09,-15.66,-20.16,0.0,11.25,4,44.02,36.02,-18.13,0.0,,8,,20260926
BESIY,BE Semiconductor Industries N.V.,Technology,Semiconductor Equipment & Materials,PNK,214.97,12338,17010328576,8.0938,236.55,243.25,-2.6657,,,,,0.0,12.5,4,374.33,140.07,-42.57,0.0,,8,,20260926
EJPRY,East Japan Railway Company,Industrials,Railroads,PNK,10.96,96512,24749182976,0.3412,11.14,11.57,-0.5141,,,,,0.0,60.25,4,13.59,10.08,-19.35,0.0,,8,,20260926
MTSFF,"Mitsui Fudosan Co., Ltd.",Real Estate,Real Estate - Diversified,PNK,9.97,14188,26841073664,0.0677,9.45,10.5,7.7245,3.64,-24.49,-12.48,-12.65,0.0,64.5,3,13.16,8.7,-24.25,0.0,,8,,20260926
MTSFY,"Mitsui Fudosan Co., Ltd.",Real Estate,Real Estate - Diversified,PNK,28.83,94193,25871886336,0.7168,28.5,31.87,0.4542,,,,,0.0,69.5,3,42.25,26.58,-31.76,0.0,,8,,20260926
YZCHF,Yankuang Energy Group Company Limited,Energy,Thermal Coal,OQX,1.48,41,14051592192,0.0023,1.52,1.6,-18.7925,-20.8,-41.02,15.06,-13.53,0.0,24.0,4,2.04,1.14,-27.7,0.0,,8,,20260926
CAJPY,Canon Inc.,Technology,Computer Hardware,PNK,29.32,56811,24473688064,0.6152,28.64,28.36,1.1075,,,,,0.0,85.0,2,32.34,25.07,-9.34,0.0,,8,,20260926
PMRTY,Pop Mart International Group Limited,Consumer Cyclical,Leisure,PNK,19.18,39918,25358540800,0.3572,19.88,22.53,-1.9481,-7.97,-26.07,-59.33,-34.85,0.0,20.75,4,37.0,17.75,-48.16,0.0,,8,,20260926
KSHTY,Kuaishou Technology,Communication Services,Internet Content & Information,PNK,0.73,46914,15656147968,0.0567,0.95,1.33,-3.8769,-38.02,-65.08,-77.96,-63.47,0.0,10.0,4,2.59,0.69,-71.93,0.0,,8,,20260926
NTOIF,Neste Oyj,Energy,Oil & Gas Refining & Marketing,PNK,39.97,198,30708260864,0.2759,36.59,30.43,12.2653,24.85,5.1,98.22,47.28,0.0,76.25,2,39.97,17.5,0.0,0.0,,8,,20260926
NTOIY,Neste Oyj,Energy,Oil & Gas Refining & Marketing,PNK,19.37,48317,29763272704,0.6278,18.3,15.37,1.6971,,,,,0.0,87.5,2,20.29,9.0,-4.53,0.0,,8,,20260926
POPMF,Pop Mart International Group Limited,Unknown,Unknown,PNK,20.0,1067,0,0.957,20.12,28.18,-0.1211,-36.76,-46.03,-65.85,-51.64,0.0,17.0,4,39.65,16.7,-49.56,0.0,,8,,20260926
KUASF,Kuaishou Technology,Communication Services,Internet Content & Information,PNK,4.65,287,19997550592,0.0276,5.11,6.26,-16.8285,-19.26,-46.01,-64.26,-46.62,0.0,0.0,4,12.63,4.5,-63.18,0.0,,8,,20260926
EXXRF,Exor N.V.,Financial Services,Asset Management,PNK,80.5,6631,26499002368,1.5927,81.28,81.12,-0.488,,,,,0.0,56.5,4,102.15,73.0,-21.19,0.0,,8,,20260926
FN,Fabrinet,Technology,Electronic Components,NYSE,,965820,14957114368,15.3092,,,,,,,,0.0,22.0,3,748.89,354.79,,0.0,,8,,20260926
QBEIF,QBE Insurance Group Limited,Financial Services,Insurance - Property & Casualty,PNK,16.57,1395,24755984384,1.1709,16.15,15.13,0.3609,-0.78,-8.48,6.21,-0.68,0.0,60.0,2,18.63,12.44,-11.06,0.0,,8,,20260926
AVVIY,Aviva plc,Financial Services,Insurance - Diversified,OQX,18.57,45936,0,0.2874,18.88,17.24,-1.0791,,,,,0.0,73.25,3,20.03,15.62,-7.29,0.0,,8,,20260926
MGDDY,Compagnie Générale des Établissements Michelin Société en commandite par actions,Unknown,Unknown,PNK,19.31,193352,17230138887,0.3138,19.75,18.17,-1.4123,,,,,0.0,72.0,3,20.57,14.82,-6.13,0.0,,8,,20260926
QBIEY,QBE Insurance Group Limited,Financial Services,Insurance - Property & Casualty,PNK,16.16,73023,24143435776,0.2772,16.45,15.24,-1.0556,,,,,0.0,49.5,3,18.11,12.46,-10.77,0.0,,8,,20260926
WRB,W. R. Berkley Corporation,Financial Services,Insurance - Property & Casualty,NYSE,,2426626,24805423104,1.4024,,,,,,,,0.0,22.0,3,78.96,62.87,,0.0,,8,,20260926
FSNUY,Fresenius SE & Co. KGaA,Healthcare,Medical Care Facilities,PNK,13.27,189952,29896634368,0.3145,13.14,12.85,0.4044,,,,,0.0,82.5,2,33.93,10.33,-60.89,0.0,,8,,20260926
NWWCF,New China Life Insurance Company Ltd.,Financial Services,Insurance - Life,PNK,6.33,5196,19746729984,0.562,6.19,4.79,0.2425,47.95,34.39,93.91,61.59,0.0,85.0,2,8.65,5.1,-26.85,0.0,,8,,20260926
HUBB,Hubbell Incorporated,Industrials,Electrical Equipment & Parts,NYSE,,532361,24652734464,10.7628,,,,,,,,0.0,27.0,3,565.5,403.82,,0.0,,8,,20260926
TW,Tradeweb Markets Inc.,Financial Services,Capital Markets,NASDAQ,,1499407,21859899392,2.3781,,,,,,,,0.0,24.5,3,127.69,91.42,,0.0,,8,,20260926
CTSH,Cognizant Technology Solutions Corporation,Technology,Information Technology Services,NASDAQ,,8233274,25823967232,2.0792,,,,,,,,0.0,22.0,3,87.03,37.08,,0.0,,8,,20260926
LNVGY,Lenovo Group Limited,Technology,Computer Hardware,PNK,95.23,193171,59339517952,3.7008,75.47,43.87,5.3396,,,,,0.0,96.25,2,98.5,21.0,-3.32,0.0,,8,,20260926
CAJFF,Canon Inc.,Technology,Computer Hardware,PNK,29.0,584,24206581760,0.6452,28.52,28.03,0.7399,4.76,-8.59,-12.09,-6.65,0.0,76.25,2,33.5,23.65,-13.43,0.0,,8,,20260926
HXGBY,Hexagon AB (publ),Technology,Scientific & Technical Instruments,PNK,9.92,505363,26629027840,0.1927,9.76,9.05,0.8212,,,,,0.0,82.5,2,12.85,8.0,-22.8,0.0,,8,,20260926
SNMRY,Snam S.p.A.,Utilities,Utilities - Regulated Gas,PNK,12.7,69411,21309274112,0.1698,13.31,13.9,-3.5744,,,,,0.0,32.75,4,16.01,11.71,-20.67,0.0,,8,,20260926
CLPHY,CLP Holdings Limited,Utilities,Utilities - Regulated Electric,PNK,9.8,66557,24759218176,0.2735,9.93,9.45,-0.4848,,,,,0.0,69.5,3,10.44,8.0,-6.13,0.0,,8,,20260926
LNVGF,Lenovo Group Limited,Technology,Computer Hardware,PNK,4.6,59684,57061429248,0.2982,3.72,2.16,2.9356,58.73,284.24,185.6,188.41,0.0,85.0,2,5.07,0.98,-9.27,0.0,,8,,20260926
AIBGY,AIB Group plc,Financial Services,Banks - Regional,PNK,26.88,71930,28144703488,0.561,25.24,22.25,2.9154,,,,,0.0,87.5,2,28.18,17.14,-4.61,0.0,,8,,20260926
SFHOY,"S.F. Holding Co., Ltd.",Industrials,Integrated Freight & Logistics,PNK,14.4,35335,18378532864,0.6658,15.89,16.67,-2.2434,,,,,0.0,10.0,4,20.33,14.09,-29.17,0.0,,8,,20260926
TEFOF,"Telefónica, S.A.",Communication Services,Telecom Services,PNK,3.85,5900,21668777984,0.1067,4.14,4.26,-2.732,-13.07,-25.51,-42.3,-29.12,0.0,39.5,4,5.56,3.66,-30.76,0.0,,8,,20260926
YZCAY,Yankuang Energy Group Company Limited,Energy,Thermal Coal,OQX,14.91,1707,14964945920,0.3836,15.6,15.9,-1.7898,-0.31,-40.0,0.77,-13.77,0.0,57.75,3,21.63,12.05,-31.07,0.0,,8,,20260926
SUTNY,"Sumitomo Mitsui Trust Group, Inc.",Financial Services,Banks - Regional,OID,5.75,276140,31670321152,0.1765,5.42,4.57,1.8797,,,,,0.0,87.5,2,5.96,3.18,-3.52,0.0,,8,,20260926
AKRBF,Aker BP ASA,Energy,Oil & Gas E&P,OQX,37.64,3346,23740719104,0.6544,36.58,32.67,1.6223,19.08,-9.24,32.76,14.64,0.0,82.5,2,39.7,23.7,-5.19,0.0,,8,,20260926
AIBRF,AIB Group plc,Financial Services,Banks - Regional,PNK,12.62,3730,26423353344,0.2688,12.31,11.13,1.1606,3.27,9.72,25.93,14.59,0.0,78.75,2,13.7,8.25,-7.9,0.0,,8,,20260926
AWK,"American Water Works Company, Inc.",Utilities,Utilities - Regulated Water,NYSE,,2181898,26015612928,2.2638,,,,,,,,0.0,20.75,3,145.64,120.57,,0.0,,8,,20260926
OMVJF,OMV Aktiengesellschaft,Energy,Oil & Gas Integrated,OQX,81.95,196,26727546880,0.5283,76.42,64.39,10.4747,,,,,0.0,76.25,2,83.88,50.2,-2.3,0.0,,8,,20260926
FMXUF,"Fomento Económico Mexicano, S.A.B. de C.V.",Consumer Defensive,Beverages - Brewers,PNK,11.4,142,42269425664,0.0578,12.57,11.43,-20.2699,-13.99,-13.45,18.17,-0.94,0.0,12.0,4,13.04,0.01,-12.58,0.0,,8,,20260926
FMX,"Fomento Económico Mexicano, S.A.B. de C.V.",Consumer Defensive,Beverages - Brewers,NYSE,,463263,40752320512,2.7677,,,,,,,,0.0,17.0,3,141.47,90.87,,0.0,,8,,20260926
JBHT,"J.B. Hunt Transport Services, Inc.",Industrials,Integrated Freight & Logistics,NASDAQ,,1025436,21174063104,6.8254,,,,,,,,0.0,23.25,3,299.76,130.12,,0.0,,8,,20260926
ALFVF,Alfa Laval AB (publ),Industrials,Specialty Industrial Machinery,PNK,59.5,1,24592914432,0.0039,59.5,57.19,0.0,-2.59,-12.84,11.05,-0.72,0.0,75.0,3,59.5,46.5,0.0,0.0,,8,,20260926
CLPHF,CLP Holdings Limited,Utilities,Utilities - Regulated Electric,PNK,9.81,100,0,0.0491,9.92,9.39,-2.3253,4.77,-11.97,2.22,-2.11,0.0,62.0,3,10.65,8.23,-7.89,0.0,,8,,20260926
WRTBY,Wärtsilä Oyj Abp,Industrials,Specialty Industrial Machinery,PNK,6.64,78426,19572934656,0.2023,6.67,7.46,-0.1609,,,,,0.0,23.25,4,9.49,5.77,-30.03,0.0,,8,,20260926
WTW,Willis Towers Watson Public Limited Company,Financial Services,Insurance Brokers,NASDAQ,,552017,27303419904,7.4669,,,,,,,,0.0,19.5,3,352.79,240.61,,0.0,,8,,20260926
ALFVY,Alfa Laval AB (publ),Industrials,Specialty Industrial Machinery,PNK,57.02,21149,23567865856,0.9627,58.22,56.39,-1.2414,,,,,0.0,45.75,3,62.95,44.75,-9.42,0.0,,8,,20260926
CMTDF,"Sumitomo Mitsui Trust Group, Inc.",Financial Services,Banks - Regional,OID,10.83,57,29825181696,0.2267,20.51,29.65,-42.7096,-76.34,-81.73,-75.26,-77.79,0.0,0.0,4,40.0,10.3,-72.93,0.0,,8,,20260926
OEZVY,VERBUND AG,Utilities,Utilities - Renewable,PNK,14.14,200,24562288640,0.2446,14.01,14.02,0.5167,-1.68,-19.94,-13.0,-12.6,0.0,77.5,3,17.13,11.88,-17.45,0.0,,8,,20260926
PUBGY,Publicis Groupe S.A.,Communication Services,Advertising Agencies,OQX,27.95,229876,27918817280,0.5513,28.09,24.15,-0.2481,,,,,0.0,70.75,3,30.57,19.72,-8.57,0.0,,8,,20260926
PGPEF,Publicis Groupe S.A.,Communication Services,Advertising Agencies,OQX,108.7,4065,27144679424,0.5267,111.77,95.56,-5.8341,5.45,20.93,4.4,10.45,0.0,62.0,3,116.6,82.05,-6.78,0.0,,8,,20260926
THNBY,Technoprobe S.p.A.,Unknown,Unknown,PNK,69.1,3935,0,2.8317,69.66,69.1,-0.1996,,,,,0.0,55.25,3,89.0,22.0,-22.36,0.0,,8,,20260926
SYF,Synchrony Financial,Financial Services,Credit Services,NYSE,,3467865,23732549632,1.8985,,,,,,,,0.0,22.0,3,88.77,63.08,,0.0,,8,,20260926
UTHR,United Therapeutics Corporation,Healthcare,Drug Manufacturers - Specialty & Generic,NASDAQ,,559966,20392380416,11.7054,,,,,,,,0.0,18.25,3,609.35,409.07,,0.0,,8,,20260926
EJPRF,East Japan Railway Company,Industrials,Railroads,PNK,19.48,225,0,0.688,22.29,23.26,-4.0851,-16.55,-35.22,-39.22,-32.15,0.0,25.0,4,27.59,18.81,-29.39,0.0,,8,,20260926
FUJIY,FUJIFILM Holdings Corporation,Industrials,Conglomerates,PNK,10.93,189403,26144364544,0.2465,10.7,10.28,0.9394,,,,,0.0,58.75,3,12.99,8.93,-15.86,0.0,,8,,20260926
FUJIF,FUJIFILM Holdings Corporation,Industrials,Conglomerates,PNK,22.05,317,26371602432,0.2615,21.32,20.18,2.7888,1.07,-3.98,-26.87,-11.87,0.0,51.25,3,25.0,17.0,-11.8,0.0,,8,,20260926
AKRBY,Aker BP ASA,Energy,Oil & Gas E&P,OQX,18.0,1377,22706321408,0.2565,18.1,16.13,-0.4044,11.3,-12.85,36.93,13.1,0.0,64.5,3,23.06,11.88,-21.94,0.0,,8,,20260926
PPG,"PPG Industries, Inc.",Basic Materials,Specialty Chemicals,NYSE,,1731466,23901696000,2.1131,,,,,,,,0.0,19.5,3,133.43,93.39,,0.0,,8,,20260926
CCOZF,China Coal Energy Company Limited,Energy,Thermal Coal,PNK,1.28,123,16971087872,0.0174,1.3,1.4,-0.9308,-13.27,-35.64,-12.28,-20.7,0.0,24.0,4,1.81,1.18,-29.28,0.0,,8,,20260926
XPO,"XPO, Inc.",Industrials,Trucking,NYSE,,1025550,20275863552,5.9523,,,,,,,,0.0,18.25,3,232.05,121.48,,0.0,,8,,20260926
BDORY,Banco do Brasil S.A.,Financial Services,Banks - Regional,OID,4.21,592900,24034357248,0.1938,4.1,4.27,0.5566,,,,,0.0,77.0,3,5.47,3.47,-23.03,0.0,,8,,20260926
OMVKY,OMV Aktiengesellschaft,Energy,Oil & Gas Integrated,OQX,20.39,24696,26600351744,0.3215,19.44,16.44,2.9623,,,,,0.0,91.25,2,21.05,12.52,-3.14,0.0,,8,,20260926
ICAGY,International Consolidated Airlines Group S.A.,Industrials,Airlines,PNK,11.7,62993,25536536576,0.2715,11.62,11.12,0.2984,,,,,0.0,60.0,2,13.07,9.1,-10.48,0.0,,8,,20260926
IONQ,"IonQ, Inc.",Technology,Computer Hardware,NYSE,,21246925,18425569280,2.5928,,,,,,,,0.0,24.5,3,84.64,25.89,,0.0,,8,,20260926
RF,Regions Financial Corporation,Financial Services,Banks - Regional,NYSE,,8689661,23530295296,0.6038,,,,,,,,0.0,15.75,3,32.47,22.7,,0.0,,8,,20260926
FUWAY,"Furukawa Electric Co., Ltd.",Industrials,Electrical Equipment & Parts,PNK,12.18,188401,17137173504,0.69,11.85,10.44,0.4849,,,,,0.0,61.25,2,19.07,2.9,-36.12,0.0,,8,,20260926
NHYKF,Norsk Hydro ASA,Basic Materials,Aluminum,OQX,8.83,25638,17353408512,0.2572,9.48,9.73,-2.5081,-8.23,-24.09,10.48,-6.3,0.0,53.25,3,13.0,6.52,-32.08,0.0,,8,,20260926
HLMAF,Halma plc,Industrials,Conglomerates,PNK,45.37,9434,17136019456,2.1493,48.39,52.16,-1.4029,-14.81,-28.78,-16.09,-20.21,0.0,17.5,4,66.22,42.85,-31.48,0.0,,8,,20260926
VACNY,VAT Group AG,Industrials,Specialty Industrial Machinery,PNK,79.42,12830,23799730176,2.1564,76.52,70.47,1.3464,,,,,0.0,58.75,2,88.91,38.62,-10.67,0.0,,8,,20260926
NHYDY,Norsk Hydro ASA,Basic Materials,Aluminum,OQX,8.72,377503,17137227776,0.2438,9.46,9.59,-3.0392,,,,,0.0,39.5,3,13.02,6.49,-33.03,0.0,,8,,20260926
TERRF,Terna S.p.A.,Utilities,Utilities - Regulated Electric,PNK,10.95,38,21969625088,0.003,11.08,11.08,-45.2125,-11.15,-16.67,-3.71,-10.11,0.0,24.0,4,12.6,10.03,-13.1,0.0,,8,,20260926
BNCZF,Banco BPM S.p.A.,Financial Services,Banks - Regional,PNK,20.44,62,30770458624,0.0331,19.04,15.99,42.2668,18.4,40.16,69.15,46.32,0.0,75.0,2,20.44,13.45,0.0,0.0,,8,,20260926
LNDMY,Lundin Mining Corporation,Basic Materials,Copper,PNK,25.07,20,21343029248,0.0785,24.85,25.07,2.8328,4.97,-24.34,-27.16,-18.14,0.0,75.0,3,34.65,22.0,-27.65,0.0,,8,,20260926
SNHIY,"Sany Heavy Industry Co.,Ltd",Industrials,Farm & Heavy Construction Machinery,PNK,9.44,27,86823837696,0.0412,9.67,9.44,-5.4565,-20.8,-19.09,-19.09,-19.52,0.0,37.0,3,11.25,8.98,-16.07,0.0,,8,,20260926
EXE,Expand Energy Corporation,Energy,Oil & Gas E&P,NASDAQ,,3464088,20103788544,2.5748,,,,,,,,0.0,18.25,3,126.62,84.98,,0.0,,8,,20260926
BG,Bunge Global SA,Consumer Defensive,Farm Products,NYSE,,1589952,20940984320,4.3485,,,,,,,,0.0,20.75,3,134.87,79.11,,0.0,,8,,20260926
BESVF,BE Semiconductor Industries N.V.,Technology,Semiconductor Equipment & Materials,PNK,206.92,192,16373341184,4.2502,238.18,240.07,-7.3542,-42.49,-17.57,37.59,-1.74,0.0,1.25,4,377.05,134.61,-45.12,0.0,,8,,20260926
KEY,KeyCorp,Financial Services,Banks - Regional,NYSE,,11426449,21993521152,0.4415,,,,,,,,0.0,18.25,3,24.07,16.47,,0.0,,8,,20260926
NRSCF,"Nomura Holdings, Inc.",Financial Services,Capital Markets,PNK,9.63,60,28144558080,0.0165,9.59,8.74,2.2288,4.69,5.91,12.34,8.18,0.0,75.0,2,9.85,6.58,-2.23,0.0,,8,,20260926
LUNMF,Lundin Mining Corporation,Basic Materials,Copper,PNK,24.75,193741,21070600192,1.0689,25.66,25.62,-0.85,,,,,0.0,60.25,3,33.29,13.12,-25.65,0.0,,8,,20260926
DRI,"Darden Restaurants, Inc.",Consumer Cyclical,Restaurants,NYSE,,1263938,22679965696,4.5308,,,,,,,,0.0,22.0,3,229.76,169.0,,0.0,,8,,20260926
BNTX,BioNTech SE,Healthcare,Biotechnology,NASDAQ,,1157522,24748652544,2.7989,,,,,,,,0.0,20.75,3,124.0,79.52,,0.0,,8,,20260926
JXAMY,JX Advanced Metals Corporation,Technology,Semiconductor Equipment & Materials,PNK,48.0,1082,42892550144,1.2431,47.21,48.0,0.6363,-9.03,-9.03,-9.03,-9.03,0.0,63.25,3,53.15,40.76,-9.69,0.0,,8,,20260926
NMR,"Nomura Holdings, Inc.",Financial Services,Capital Markets,NYSE,,857333,29401274368,0.1785,,,,,,,,0.0,19.5,3,10.94,6.71,,0.0,,8,,20260926
DG,Dollar General Corporation,Consumer Defensive,Discount Stores,NYSE,,2439487,27541798912,3.6285,,,,,,,,0.0,19.5,3,158.23,95.11,,0.0,,8,,20260926
MKL,Markel Group Inc.,Financial Services,Insurance - Property & Casualty,NYSE,,68393,21406502912,24.7585,,,,,,,,0.0,17.0,3,2207.59,1716.0,,0.0,,8,,20260926
TEZNY,Terna S.p.A.,Utilities,Utilities - Regulated Electric,PNK,31.47,28331,21046700032,0.4437,33.64,33.37,-4.9005,,,,,0.0,23.25,4,36.42,29.75,-13.59,0.0,,8,,20260926
HALMY,Halma plc,Industrials,Conglomerates,PNK,93.43,68676,17643241472,2.4098,97.33,104.95,-1.6176,,,,,0.0,19.5,4,134.0,86.59,-30.28,0.0,,8,,20260926
AER,AerCap Holdings N.V.,Industrials,Rental & Leasing Services,NYSE,,1081180,23453435904,2.4992,,,,,,,,0.0,19.5,3,158.81,118.96,,0.0,,8,,20260926
HPQ,HP Inc.,Technology,Computer Hardware,NYSE,,15540914,28226056192,1.7235,,,,,,,,0.0,24.5,3,36.23,17.56,,0.0,,8,,20260926
AIPUY,Airports of Thailand Public Company Limited,Industrials,Airports & Air Services,PNK,17.8,274,25428545536,0.2571,18.13,16.4,-1.2954,-6.83,25.01,50.84,27.38,0.0,62.0,3,19.92,11.0,-10.64,0.0,,8,,20260926
HPGLY,Hapag-Lloyd Aktiengesellschaft,Industrials,Marine Shipping,PNK,78.09,798,27450241024,0.8857,75.88,70.37,2.5004,,,,,0.0,76.25,2,90.58,63.3,-13.79,0.0,,8,,20260926
TELNF,Telenor ASA,Communication Services,Telecom Services,OQX,13.97,974,18963970048,0.1615,14.34,15.88,-2.2649,-18.03,-36.22,-17.3,-24.1,0.0,13.25,4,19.1,11.73,-26.86,0.0,,8,,20260926
OLCLF,"Oriental Land Co., Ltd.",Consumer Cyclical,Leisure,PNK,18.12,123,29705926656,0.0551,18.45,13.81,-5.9917,11.02,82.09,72.28,60.4,0.0,62.0,3,25.25,13.2,-28.25,0.0,,8,,20260926
INSM,Insmed Incorporated,Healthcare,Biotechnology,NASDAQ,,2547488,25731893248,5.2631,,,,,,,,0.0,23.25,3,212.75,90.39,,0.0,,8,,20260926
HLAGF,Hapag-Lloyd Aktiengesellschaft,Industrials,Marine Shipping,PNK,153.25,26,26934734848,2.2707,150.37,141.22,1.2652,17.05,-25.69,-6.62,-7.38,0.0,75.0,2,180.0,125.0,-14.86,0.0,,8,,20260926
CMS,CMS Energy Corporation,Utilities,Utilities - Regulated Electric,NYSE,,3493588,19739682816,1.0054,,,,,,,,0.0,18.25,3,80.36,62.38,,0.0,,8,,20260926
BCEFF,BCE Inc.,Communication Services,Telecom Services,PNK,15.4,0,0,0.0024,15.32,14.62,32.815,-2.91,-11.62,4.6,-2.95,0.0,75.0,2,15.45,13.67,-0.32,0.0,,8,,20260926
NI,NiSource Inc.,Utilities,Utilities - Regulated Gas,NYSE,,5533595,18904258560,0.6031,,,,,,,,0.0,19.5,3,49.21,38.95,,0.0,,8,,20260926
BCE,BCE Inc.,Communication Services,Telecom Services,NYSE,,3844688,19555065856,0.4713,,,,,,,,0.0,17.0,3,26.52,20.87,,0.0,,8,,20260926
CTOWY,China Tower Corporation Limited,Communication Services,Telecom Services,PNK,14.93,0,26099431424,0.009,14.72,14.75,23.0438,-2.81,-16.2,20.67,1.9,0.0,75.0,3,16.25,11.4,-8.12,0.0,,8,,20260926
RL,Ralph Lauren Corporation,Consumer Cyclical,Apparel Manufacturing,NYSE,,647082,21276817408,9.6369,,,,,,,,0.0,20.75,3,421.6,304.46,,0.0,,8,,20260926
LPLA,LPL Financial Holdings Inc.,Financial Services,Capital Markets,NASDAQ,,768774,24753424384,11.87,,,,,,,,0.0,19.5,3,400.16,260.15,,0.0,,8,,20260926
CNGKY,CK Asset Holdings Limited,Real Estate,Real Estate - Development,PNK,11.45,5911,20036231168,0.5333,11.97,11.55,-0.9804,-2.53,-14.87,10.62,-1.59,0.0,60.25,3,15.33,9.18,-25.31,0.0,,8,,20260926
BOUYF,Bouygues SA,Industrials,Engineering & Construction,PNK,59.34,0,22683138048,0.0005,59.34,53.6,0.0,-4.74,4.74,27.03,11.29,0.0,62.0,3,59.34,42.27,0.0,0.0,,8,,20260926
TELNY,Telenor ASA,Communication Services,Telecom Services,OQX,13.63,81900,18502426624,0.2602,14.16,15.48,-2.0249,,,,,0.0,27.0,4,18.92,12.97,-27.96,0.0,,8,,20260926
CHD,"Church & Dwight Co., Inc.",Consumer Defensive,Household & Personal Products,NYSE,,1810584,22861711360,1.4485,,,,,,,,0.0,18.25,3,106.04,81.33,,0.0,,8,,20260926
CGMBF,"China Minsheng Banking Corp., Ltd.",Financial Services,Banks - Regional,PNK,0.41,6,19497390080,0.0048,0.32,0.29,18.3869,29.84,25.73,29.39,28.22,0.0,75.0,2,0.5,0.41,-17.43,0.0,,8,,20260926
PAAS,Pan American Silver Corp.,Basic Materials,Gold,NYSE,,4278246,19918247936,1.5885,,,,,,,,0.0,19.5,3,69.99,33.08,,0.0,,8,,20260926
ICHGF,InterContinental Hotels Group PLC,Consumer Cyclical,Lodging,PNK,151.0,98,22067599360,0.9707,156.66,146.51,-5.8327,-17.71,-0.12,14.34,1.27,0.0,38.25,3,174.3,116.15,-13.37,0.0,,8,,20260926
CPAY,"Corpay, Inc.",Technology,Software - Infrastructure,NYSE,,531893,26139742208,7.0708,,,,,,,,0.0,23.25,3,427.46,252.84,,0.0,,8,,20260926
FCNCA,"First Citizens BancShares, Inc.",Financial Services,Banks - Regional,NASDAQ,,70471,23606687744,54.3738,,,,,,,,0.0,23.25,3,2296.3,1623.76,,0.0,,8,,20260926
FCNCO,"First Citizens BancShares, Inc.",Financial Services,Banks - Regional,NASDAQ,,17204,0,0.3451,,,,,,,,0.0,23.25,3,23.43,19.52,,0.0,,8,,20260926
FCNCP,"First Citizens BancShares, Inc.",Financial Services,Banks - Regional,NASDAQ,,15147,0,0.3206,,,,,,,,0.0,24.5,3,22.84,18.84,,0.0,,8,,20260926
FCNCN,"First Citizens BancShares, Inc. Depositary Shares, each representing a 1/40th interest in a share of 6.625% Non-Cumulative Perpetual Preferred Stock, Series E",Unknown,Unknown,NASDAQ,23.19,37787,0,0.4211,24.4,23.19,-2.8643,,,,,0.0,48.25,3,25.64,22.94,-9.54,0.0,,8,,20260926
FCNCB,"First Citizens BancShares, Inc.",Financial Services,Banks - Regional,PNK,1722.0,112,19446753280,29.6004,1808.44,1732.58,-2.9203,,,,,0.0,34.0,4,2070.0,1439.75,-16.81,0.0,,8,,20260926
WSM,"Williams-Sonoma, Inc.",Consumer Cyclical,Specialty Retail,NYSE,,1078030,27312990208,5.9923,,,,,,,,0.0,20.75,3,254.89,165.51,,0.0,,8,,20260926
IHG,InterContinental Hotels Group PLC,Consumer Cyclical,Lodging,NYSE,,224987,23113984000,2.23,,,,,,,,0.0,19.5,3,175.89,118.47,,0.0,,8,,20260926
CLNXF,"Cellnex Telecom, S.A.",Real Estate,Real Estate Services,PNK,28.44,1158,18777573376,0.3749,30.67,31.77,-5.9375,-13.71,-21.67,-31.61,-23.66,0.0,0.0,4,39.03,27.5,-27.13,0.0,,8,,20260926
FIS,"Fidelity National Information Services, Inc.",Technology,Information Technology Services,NYSE,,6026722,18261145600,1.1708,,,,,,,,0.0,18.25,3,69.14,34.22,,0.0,,8,,20260926
LYB,LyondellBasell Industries N.V.,Basic Materials,Specialty Chemicals,NYSE,,4352744,18781425664,1.8023,,,,,,,,0.0,20.75,3,83.94,41.58,,0.0,,8,,20260926
STRL,"Sterling Infrastructure, Inc.",Industrials,Engineering & Construction,NASDAQ,,751271,15670191104,21.6223,,,,,,,,0.0,25.75,3,1005.68,281.58,,0.0,,8,,20260926
SGSOF,SGS SA,Industrials,Consulting Services,PNK,120.38,279,23787051008,1.3454,115.93,114.74,3.3114,0.1,-4.57,4.3,0.15,0.0,76.25,2,127.9,100.4,-5.88,0.0,,8,,20260926
CHWRF,China Tower Corporation Limited,Communication Services,Telecom Services,PNK,1.1,38,19229319168,0.0077,0.96,0.86,17.563,20.39,21.49,40.63,28.87,0.0,75.0,2,1.8,0.98,-38.89,0.0,,8,,20260926
CLLNY,"Cellnex Telecom, S.A.",Real Estate,Real Estate Services,PNK,13.69,253376,18077706240,0.2867,14.96,15.72,-4.4164,,,,,0.0,3.75,4,19.23,13.66,-28.81,0.0,,8,,20260926
TSN,"Tyson Foods, Inc.",Consumer Defensive,Farm Products,NYSE,,3306641,17913731072,1.1546,,,,,,,,0.0,22.0,3,69.48,50.56,,0.0,,8,,20260926
ULTA,"Ulta Beauty, Inc.",Consumer Cyclical,Specialty Retail,NASDAQ,,624744,23311374336,14.3269,,,,,,,,0.0,23.25,3,714.97,443.6,,0.0,,8,,20260926
PFG,"Principal Financial Group, Inc.",Financial Services,Asset Management,NASDAQ,,1414300,24572788736,2.4854,,,,,,,,0.0,23.25,3,121.18,77.9,,0.0,,8,,20260926
KUBTF,Kubota Corporation,Industrials,Farm & Heavy Construction Machinery,PNK,17.7,217,19937146880,0.2445,17.07,16.53,2.5684,2.97,-3.22,27.13,10.47,0.0,75.0,2,21.0,12.55,-15.71,0.0,,8,,20260926
VRSK,"Verisk Analytics, Inc.",Industrials,Consulting Services,NASDAQ,,1568520,22023700480,5.5444,,,,,,,,0.0,22.0,3,253.35,155.94,,0.0,,8,,20260926
L,Loews Corporation,Financial Services,Insurance - Property & Casualty,NYSE,,824314,21428113408,1.5908,,,,,,,,0.0,17.0,3,121.01,97.38,,0.0,,8,,20260926
CAOVF,China Overseas Land & Investment Limited,Real Estate,Real Estate - Development,PNK,1.6,103,17511815168,0.0116,1.66,1.69,-5.571,-25.37,-22.24,-28.01,-25.33,0.0,24.0,4,2.1,1.31,-23.81,0.0,,8,,20260926
FQVLF,First Quantum Minerals Ltd.,Basic Materials,Copper,PNK,32.13,151996,26803044352,1.4468,31.0,28.01,0.7828,,,,,0.0,86.25,2,35.48,19.17,-9.44,0.0,,8,,20260926
WST,"West Pharmaceutical Services, Inc.",Healthcare,Medical Instruments & Supplies,NYSE,,668374,26069997568,9.0546,,,,,,,,0.0,25.75,3,386.0,223.83,,0.0,,8,,20260926
SURDF,"Sumitomo Realty & Development Co., Ltd.",Real Estate,Real Estate Services,PNK,20.62,300,19049586688,0.1201,21.96,27.97,-11.1188,-9.27,-48.9,-68.69,-46.91,0.0,0.0,4,51.13,19.97,-59.66,0.0,,8,,20260926
SZKMF,Suzuki Motor Corporation,Consumer Cyclical,Auto Manufacturers,PNK,12.63,2631,24366729216,0.1183,12.84,12.9,-1.8056,5.18,-10.07,-27.87,-13.38,0.0,49.0,4,17.02,10.4,-25.79,0.0,,8,,20260926
HLDVF,Henderson Land Development Company Limited,Real Estate,Real Estate - Diversified,PNK,3.23,3807,15637680128,0.0212,3.34,3.61,-5.0768,-2.72,-29.47,-21.03,-19.41,0.0,12.0,4,4.71,3.11,-31.42,0.0,,8,,20260926
BABWF,International Consolidated Airlines Group S.A.,Industrials,Airlines,PNK,5.65,1685,24663492608,0.0077,5.68,5.52,-3.8611,-8.16,2.82,-5.04,-3.07,0.0,37.0,3,6.65,4.57,-15.04,0.0,,8,,20260926
NNGPF,NN Group N.V.,Financial Services,Insurance - Diversified,PNK,91.11,1023,23692097536,0.5481,91.41,82.97,-0.5534,-0.01,6.19,17.33,9.09,0.0,62.0,3,94.72,68.58,-3.82,0.0,,8,,20260926
MTD,Mettler-Toledo International Inc.,Healthcare,Diagnostics & Research,NYSE,,191763,30288066560,41.4731,,,,,,,,0.0,25.75,3,1541.02,1023.05,,0.0,,8,,20260926
VIV,Telefônica Brasil S.A.,Communication Services,Telecom Services,NYSE,,1471504,18534516736,0.2431,,,,,,,,0.0,28.25,3,17.26,11.18,,0.0,,8,,20260926
TRUMY,Terumo Corporation,Healthcare,Medical Devices,PNK,14.5,94725,21388969984,0.395,15.02,13.98,-1.3094,,,,,0.0,72.0,3,17.81,12.08,-18.59,0.0,,8,,20260926
FFIV,"F5, Inc.",Technology,Software - Infrastructure,NASDAQ,,603007,25089239040,14.3585,,,,,,,,0.0,24.5,3,462.0,223.76,,0.0,,8,,20260926
NNGRY,NN Group N.V.,Financial Services,Insurance - Diversified,PNK,45.6,49804,23715500032,0.725,45.3,40.69,0.4192,,,,,0.0,86.25,2,48.79,33.83,-6.54,0.0,,8,,20260926
PHM,"PulteGroup, Inc.",Consumer Cyclical,Residential Construction,NYSE,,1619228,22829789184,2.842,,,,,,,,0.0,22.0,3,144.5,108.49,,0.0,,8,,20260926
FUWAF,"Furukawa Electric Co., Ltd.",Industrials,Electrical Equipment & Parts,PNK,23.91,2719,16820599808,0.4268,22.38,117.22,3.5846,-95.42,-103.95,-68.51,-87.64,0.0,25.0,3,324.38,19.78,-92.63,0.0,,8,,20260926
TROW,"T. Rowe Price Group, Inc.",Financial Services,Asset Management,NASDAQ,,1807763,22506956800,2.0474,,,,,,,,0.0,19.5,3,122.0,85.22,,0.0,,8,,20260926
SGSOY,SGS SA,Industrials,Consulting Services,PNK,11.4,62861,22526363648,0.1437,11.55,11.25,-1.0713,,,,,0.0,45.75,3,12.76,10.05,-10.66,0.0,,8,,20260926
ATI,ATI Inc.,Industrials,Metal Fabrication,NYSE,,1721155,25256882176,7.9008,,,,,,,,0.0,19.5,3,243.57,76.78,,0.0,,8,,20260926
STMZF,Scottish Mortgage Investment Trust PLC,Unknown,Unknown,PNK,20.47,4099,29682727859,0.3555,19.07,18.0,3.9325,3.72,9.06,16.1,10.54,0.0,82.5,2,21.29,13.62,-3.85,0.0,,8,,20260926
WIT,Wipro Limited,Technology,Information Technology Services,NYSE,,9130382,16324011008,0.0462,,,,,,,,0.0,14.5,3,3.09,1.62,,0.0,,8,,20260926
JXHLY,"ENEOS Holdings, Inc.",Energy,Oil & Gas Refining & Marketing,PNK,20.0,777,26564329472,0.4143,16.88,16.77,7.534,30.67,-10.44,45.68,22.28,0.0,77.5,2,20.58,11.81,-2.82,0.0,,8,,20260926
OLCLY,"Oriental Land Co., Ltd.",Consumer Cyclical,Leisure,PNK,19.05,26101,31236599808,0.9183,18.91,17.04,0.1561,,,,,0.0,83.75,2,24.63,12.94,-22.66,0.0,,8,,20260926
SZKMY,Suzuki Motor Corporation,Consumer Cyclical,Auto Manufacturers,PNK,50.56,43179,24386021376,2.6986,51.75,51.85,-0.4397,,,,,0.0,60.25,4,64.94,41.1,-22.14,0.0,,8,,20260926
CMAKY,"China Minsheng Banking Corp., Ltd.",Financial Services,Banks - Regional,PNK,4.21,1650,22092341248,0.1012,4.35,4.39,-1.4152,,,,,0.0,49.0,4,5.86,3.91,-28.16,0.0,,8,,20260926
BOUYY,Bouygues SA,Industrials,Engineering & Construction,PNK,9.84,98307,18807050240,0.1528,10.57,10.92,-4.7894,,,,,0.0,19.5,4,12.5,8.57,-21.28,0.0,,8,,20260926
WRTBF,Wärtsilä Oyj Abp,Industrials,Specialty Industrial Machinery,PNK,33.7,387,19867709440,0.2516,33.78,37.15,-0.3265,-18.73,-25.81,-2.57,-14.74,0.0,25.25,4,47.79,30.3,-29.48,0.0,,8,,20260926
MTNOY,MTN Group Limited,Communication Services,Telecom Services,PNK,12.13,23696,22234925056,0.3294,12.54,12.09,-1.2372,,,,,0.0,47.0,3,14.67,7.91,-17.31,0.0,,8,,20260926
FWONA,Formula One Group,Communication Services,Entertainment,NASDAQ,,167439,21676255232,2.0923,,,,,,,,0.0,19.5,3,99.52,73.7,,0.0,,8,,20260926
FWONK,Formula One Group,Communication Services,Entertainment,NASDAQ,,2088458,23719528448,2.4035,,,,,,,,0.0,19.5,3,109.36,80.15,,0.0,,8,,20260926
SURYY,"Sumitomo Realty & Development Co., Ltd.",Real Estate,Real Estate Services,PNK,10.03,516,18527741952,0.3887,10.98,12.88,-2.445,-14.58,-52.77,-27.01,-32.92,0.0,2.5,4,16.24,9.3,-38.25,0.0,,8,,20260926
CAOVY,China Overseas Land & Investment Limited,Real Estate,Real Estate - Development,PNK,8.42,12125,18431182848,0.4633,8.34,8.35,0.1817,5.56,1.4,-15.36,-4.27,0.0,83.75,3,11.4,7.03,-26.14,0.0,,8,,20260926
ILMN,"Illumina, Inc.",Healthcare,Diagnostics & Research,NASDAQ,,2521841,40769998848,12.0223,,,,,,,,0.0,25.75,3,277.95,88.0,,0.0,,8,,20260926
AFRM,"Affirm Holdings, Inc.",Financial Services,Credit Services,NASDAQ,,4379353,24132366336,3.2112,,,,,,,,0.0,19.5,3,90.44,42.09,,0.0,,8,,20260926
LEN,Lennar Corporation,Consumer Cyclical,Residential Construction,NYSE,,3055895,19789535232,2.5815,,,,,,,,0.0,22.0,3,133.76,75.7,,0.0,,8,,20260926
SBAC,SBA Communications Corporation,Real Estate,REIT - Specialty,NASDAQ,,997950,17626540032,5.1462,,,,,,,,0.0,19.5,3,224.46,162.41,,0.0,,8,,20260926
PKX,POSCO Holdings Inc.,Basic Materials,Steel,NYSE,,297336,17226412032,0.8869,,,,,,,,0.0,22.0,3,92.4,44.99,,0.0,,8,,20260926
EMBVF,"Arca Continental, S.A.B. de C.V.",Consumer Defensive,Beverages - Non-Alcoholic,PNK,11.19,4960,19002767360,0.1402,11.39,11.61,-1.4521,-10.98,-12.52,-8.94,-10.7,0.0,27.75,4,13.1,9.51,-14.58,0.0,,8,,20260926
TNABF,Tenaga Nasional Berhad,Utilities,Utilities - Regulated Electric,PNK,3.44,6077,21328128000,0.1181,3.39,3.33,0.4042,-2.36,-14.35,6.7,-2.93,0.0,52.5,2,3.92,2.7,-12.36,0.0,,8,,20260926
SQM,Sociedad Química y Minera de Chile S.A.,Basic Materials,Specialty Chemicals,NYSE,,975307,19106314240,2.0469,,,,,,,,0.0,20.75,3,98.0,40.58,,0.0,,8,,20260926
TEAM,Atlassian Corporation,Technology,Software - Application,NASDAQ,,4261465,47524282368,8.0775,,,,,,,,0.0,27.0,3,200.0,56.01,,0.0,,8,,20260926
MKSI,MKS Inc.,Technology,Scientific & Technical Instruments,NASDAQ,,1438726,17636012032,9.0331,,,,,,,,0.0,24.5,3,447.62,120.12,,0.0,,8,,20260926
LSRCY,Lasertec Corporation,Technology,Semiconductor Equipment & Materials,PNK,52.19,120568,23408941056,2.0266,47.8,48.0,2.1653,,,,,0.0,61.25,3,72.89,24.9,-28.4,0.0,,8,,20260926
FOJCY,Fortum Oyj,Utilities,Utilities - Renewable,PNK,5.28,5928,23687782400,0.2094,4.82,4.65,2.2126,15.26,0.66,35.72,18.33,0.0,92.5,2,5.86,3.57,-9.9,0.0,,8,,20260926
DGX,Quest Diagnostics Incorporated,Healthcare,Diagnostics & Research,NYSE,,1009590,26083432448,5.7231,,,,,,,,0.0,24.5,3,248.84,171.18,,0.0,,8,,20260926
ARLUF,Aristocrat Leisure Limited,Consumer Cyclical,Gambling,PNK,40.03,296,23787634688,1.0313,44.54,38.34,-4.3741,-5.16,0.69,-23.85,-10.59,0.0,52.5,3,46.98,30.3,-14.79,0.0,,8,,20260926
CRS,Carpenter Technology Corporation,Industrials,Metal Fabrication,NYSE,,762441,19666821120,14.3715,,,,,,,,0.0,18.25,3,625.99,233.78,,0.0,,8,,20260926
ROIV,Roivant Sciences Ltd.,Healthcare,Biotechnology,NASDAQ,,7130995,25859162112,1.4922,,,,,,,,0.0,18.25,3,42.5,14.86,,0.0,,8,,20260926
IPOAF,"Industrias Peñoles, S.A.B. de C.V.",Basic Materials,Other Industrial Metals & Mining,PNK,50.55,385,20092397568,1.0194,50.79,52.4,-0.2364,9.99,-4.79,4.36,2.57,0.0,52.75,3,71.0,37.48,-28.8,0.0,,8,,20260926
ELCPF,"EDP, S.A.",Utilities,Utilities - Diversified,PNK,5.15,3620,21289697280,0.1617,5.13,4.95,0.1336,1.23,-17.39,8.99,-2.18,0.0,81.25,2,5.6,4.13,-8.04,0.0,,8,,20260926
PPERY,PT Bank Mandiri (Persero) Tbk,Financial Services,Banks - Regional,PNK,9.03,94322,20988729344,0.2239,9.38,9.83,-1.554,,,,,0.0,57.75,4,13.11,8.2,-31.12,0.0,,8,,20260926
JXHGF,"ENEOS Holdings, Inc.",Energy,Oil & Gas Refining & Marketing,PNK,8.35,69,22181216256,0.0142,8.28,8.11,4.6894,0.16,-23.51,28.76,3.32,0.0,75.0,2,9.12,5.9,-8.48,0.0,,8,,20260926
AKAM,"Akamai Technologies, Inc.",Technology,Software - Infrastructure,NASDAQ,,3573088,16375070720,5.8438,,,,,,,,0.0,24.5,3,165.45,70.82,,0.0,,8,,20260926
SMCI,"Super Micro Computer, Inc.",Technology,Computer Hardware,NASDAQ,,46661009,28420321280,2.0054,,,,,,,,0.0,25.75,3,58.78,19.48,,0.0,,8,,20260926
OMC,Omnicom Group Inc.,Communication Services,Advertising Agencies,NYSE,,3242071,20891445248,1.8977,,,,,,,,0.0,18.25,3,89.57,66.33,,0.0,,8,,20260926
CJPRY,Central Japan Railway Company,Industrials,Railroads,PNK,12.03,100877,22842085376,0.2236,12.19,12.65,-0.6942,,,,,0.0,56.5,4,15.68,10.03,-23.28,0.0,,8,,20260926
FOJCF,Fortum Oyj,Utilities,Utilities - Renewable,PNK,28.47,74,25545117696,0.2195,23.82,23.05,21.1777,24.67,-1.1,48.76,25.29,0.0,75.0,2,28.47,18.48,-0.0,0.0,,8,,20260926
EDPFY,"EDP, S.A.",Utilities,Utilities - Diversified,PNK,55.3,26298,22908571648,0.8299,53.37,50.26,2.3313,,,,,0.0,83.75,2,56.45,43.06,-2.04,0.0,,8,,20260926
VLTO,Veralto Corporation,Industrials,Pollution & Treatment Controls,NYSE,,1757047,23682084864,1.4537,,,,,,,,0.0,23.25,3,107.9,80.03,,0.0,,8,,20260926
LH,Labcorp Holdings Inc.,Healthcare,Diagnostics & Research,NYSE,,740607,25111805952,8.5962,,,,,,,,0.0,22.0,3,341.8,244.52,,0.0,,8,,20260926
STE,STERIS plc,Healthcare,Medical Devices,NYSE,,716892,20370698240,4.1523,,,,,,,,0.0,20.75,3,269.44,195.14,,0.0,,8,,20260926
BDRXF,Bombardier Inc.,Industrials,Aerospace & Defense,PNK,17.99,69,42658965130,0.3268,18.45,17.76,-1.4143,-3.41,-15.74,-7.8,-9.48,0.0,62.0,3,19.5,14.59,-7.74,0.0,,8,,20260926
TNABY,Tenaga Nasional Berhad,Utilities,Utilities - Regulated Electric,PNK,12.61,207,18376370176,0.2899,14.27,14.25,-5.7291,-15.24,-26.2,-24.75,-22.88,0.0,3.75,4,15.7,11.7,-19.68,0.0,,8,,20260926
BDRBF,Bombardier Inc.,Industrials,Aerospace & Defense,PNK,228.0,23144,42297131008,8.2812,236.73,205.07,-1.0537,,,,,0.0,53.25,3,269.94,125.0,-15.54,0.0,,8,,20260926
BDRAF,Bombardier Inc.,Industrials,Aerospace & Defense,PNK,226.24,266,41970626560,6.1947,237.21,205.64,-1.7716,,,,,0.0,48.25,3,277.21,136.28,-18.39,0.0,,8,,20260926
GNENY,"Ganfeng Lithium Group Co., Ltd.",Basic Materials,Chemicals,PNK,3.96,2546,8302909952,0.2283,4.82,7.29,-3.7519,-48.17,-68.05,-28.7,-47.34,0.0,3.75,4,11.88,3.72,-66.67,0.0,,8,,20260926
GWLLF,Great Wall Motor Company Limited,Consumer Cyclical,Auto Manufacturers,PNK,0.93,1995,7953899008,0.0103,1.04,1.44,-11.0607,-28.51,-56.61,-73.87,-56.49,0.0,1.25,4,2.18,0.93,-57.34,0.0,,8,,20260926
JMHLY,Jardine Matheson Holdings Limited,Industrials,Conglomerates,PNK,56.0,15239,16404643840,1.4952,60.68,67.07,-3.1334,,,,,0.0,7.5,4,83.54,55.38,-32.97,0.0,,8,,20260926
CHKGF,CK Asset Holdings Limited,Real Estate,Real Estate - Development,PNK,6.0,412,20998670336,0.0341,6.02,5.67,-0.4757,-2.09,-6.94,11.37,1.6,0.0,62.0,3,6.8,4.39,-11.83,0.0,,8,,20260926
CCHGY,Coca-Cola HBC AG,Consumer Defensive,Beverages - Non-Alcoholic,PNK,57.63,7915,21153521664,1.2532,62.91,58.48,-4.2164,-12.94,-15.02,4.93,-6.52,0.0,22.0,4,68.71,44.37,-16.13,0.0,,8,,20260926
WWD,"Woodward, Inc.",Industrials,Aerospace & Defense,NASDAQ,,703377,19503425536,8.9431,,,,,,,,0.0,19.5,3,450.92,244.39,,0.0,,8,,20260926
GNENF,"Ganfeng Lithium Group Co., Ltd.",Basic Materials,Chemicals,PNK,4.0,3669,8386777600,0.1752,4.77,7.23,-4.3722,,,,,0.0,6.25,4,11.4,3.75,-64.91,0.0,,8,,20260926
VONOY,Vonovia SE,Real Estate,Real Estate Services,PNK,9.8,302292,16629339136,0.2312,11.3,12.55,-6.5028,,,,,0.0,7.5,4,17.05,9.63,-42.52,0.0,,8,,20260926
TLSNF,Telia Company AB (publ),Communication Services,Telecom Services,PNK,4.54,436,17851777024,0.0083,4.55,4.71,-1.5381,-18.89,-23.64,4.32,-11.27,0.0,24.0,4,5.42,3.79,-16.24,0.0,,8,,20260926
FYGGY,"Fuyao Glass Industry Group Co., Ltd.",Consumer Cyclical,Auto Parts,PNK,1.76,24864,18424788992,0.14,1.78,1.86,-0.0778,6.7,-20.45,-35.62,-19.73,0.0,59.0,4,2.69,1.5,-34.39,0.0,,8,,20260926
BNDSF,"Banco de Sabadell, S.A.",Financial Services,Banks - Diversified,PNK,4.32,2324,20358254592,0.0135,4.02,3.51,21.8753,13.94,25.02,14.76,18.15,0.0,75.0,2,4.32,3.29,0.0,0.0,,8,,20260926
ULS,UL Solutions Inc.,Industrials,Specialty Business Services,NYSE,,983180,13335374848,1.8604,,,,,,,,0.0,18.25,3,107.54,63.17,,0.0,,8,,20260926
AGPPF,Valterra Platinum Limited,Basic Materials,Other Precious Metals & Mining,PNK,83.42,203,22020229120,1.7856,82.09,84.18,0.7464,21.29,-10.4,11.59,6.32,0.0,63.25,3,122.71,0.01,-32.02,0.0,,8,,20260926
EXPD,"Expeditors International of Washington, Inc.",Industrials,Integrated Freight & Logistics,NYSE,,1085833,24368044032,3.9285,,,,,,,,0.0,23.25,3,194.59,112.95,,0.0,,8,,20260926
LSRCF,Lasertec Corporation,Technology,Semiconductor Equipment & Materials,PNK,234.06,322,20996730880,2.4486,239.89,136.16,-2.3815,87.28,172.26,1503.05,683.33,0.0,38.25,3,334.16,126.81,-29.96,0.0,,8,,20260926
DKS,"DICK'S Sporting Goods, Inc.",Consumer Cyclical,Specialty Retail,NYSE,,2920182,13441978368,5.0106,,,,,,,,0.0,23.25,3,244.38,120.15,,0.0,,8,,20260926
TLSNY,Telia Company AB (publ),Communication Services,Telecom Services,PNK,9.17,94136,18028722176,0.1504,9.22,9.48,-0.3187,,,,,0.0,34.0,4,10.98,7.36,-16.48,0.0,,8,,20260926
ENTG,"Entegris, Inc.",Technology,Semiconductor Equipment & Materials,NASDAQ,,2633334,23208792064,4.8662,,,,,,,,0.0,25.75,3,186.94,67.97,,0.0,,8,,20260926
JARLF,Jardine Matheson Holdings Limited,Industrials,Conglomerates,PNK,58.0,1084,16990523392,0.4483,60.47,67.32,-5.5181,-6.5,-36.5,-17.39,-21.36,0.0,13.25,4,82.35,56.59,-29.57,0.0,,8,,20260926
GBERF,Geberit AG,Industrials,Building Products & Equipment,PNK,639.6,23,20696432640,7.4663,669.35,704.64,-3.9845,-8.04,-19.54,-31.33,-21.38,0.0,50.25,4,819.04,604.77,-21.91,0.0,,8,,20260926
CLEGF,Coles Group Limited,Consumer Defensive,Grocery Stores,PNK,16.6,34,22311268352,0.0244,16.28,15.82,13.0069,4.48,-3.9,-0.9,-0.61,0.0,75.0,2,17.14,14.25,-3.15,0.0,,8,,20260926
KKPNF,Koninklijke KPN N.V.,Communication Services,Telecom Services,PNK,4.64,26211,17502644224,0.4552,4.75,4.99,-0.2386,,,,,0.0,37.75,4,5.81,4.25,-20.14,0.0,,8,,20260926
CHRW,"C.H. Robinson Worldwide, Inc.",Industrials,Integrated Freight & Logistics,NASDAQ,,1782461,17188820992,3.9962,,,,,,,,0.0,19.5,3,210.33,123.64,,0.0,,8,,20260926
EMSHF,EMS-CHEMIE HOLDING AG,Basic Materials,Specialty Chemicals,PNK,1004.61,3,18163218432,2.5689,951.73,841.78,20.5838,9.69,9.05,14.43,11.37,0.0,75.0,2,1025.0,702.84,-1.99,0.0,,8,,20260926
CKISF,CK Infrastructure Holdings Limited,Utilities,Utilities - Regulated Electric,PNK,7.3,23,18267179008,0.0045,7.23,7.44,16.3411,-18.72,-17.14,-4.02,-12.29,0.0,37.0,3,8.64,6.74,-15.51,0.0,,8,,20260926
CAPMF,Capgemini SE,Technology,Information Technology Services,PNK,119.85,984,19895363584,6.1283,121.37,128.88,-0.2485,12.76,-12.48,-35.92,-15.55,0.0,60.25,4,183.1,97.21,-34.54,0.0,,8,,20260926
KKPNY,Koninklijke KPN N.V.,Communication Services,Telecom Services,PNK,4.66,688715,17578086400,0.1105,4.73,4.91,-0.6096,,,,,0.0,37.75,4,5.72,4.36,-18.53,0.0,,8,,20260926
SHWDY,Resonac Holdings Corporation,Basic Materials,Chemicals,PNK,98.95,107,18771507200,0.8797,96.36,81.64,2.9469,-16.37,25.09,183.49,78.09,0.0,50.0,2,126.17,33.29,-21.57,0.0,,8,,20260926
ANGPY,Valterra Platinum Limited,Basic Materials,Other Precious Metals & Mining,PNK,13.46,131868,21326604288,0.5486,13.5,13.45,-0.072,,,,,0.0,70.75,3,19.71,9.31,-31.71,0.0,,8,,20260926
JIAXF,Jiangxi Copper Company Limited,Basic Materials,Copper,PNK,4.3,677,18272524288,0.0387,4.55,4.81,-6.5277,-2.36,-24.12,5.58,-6.8,0.0,25.0,3,6.32,3.43,-31.96,0.0,,8,,20260926
AS,"Amer Sports, Inc.",Consumer Cyclical,Leisure,NYSE,,6073328,16157197312,0.8854,,,,,,,,0.0,19.5,3,42.76,26.1,,0.0,,8,,20260926
BURL,"Burlington Stores, Inc.",Consumer Cyclical,Apparel Retail,NYSE,,1136130,15998402560,8.8169,,,,,,,,0.0,23.25,3,378.33,226.85,,0.0,,8,,20260926
HKHHY,Heineken Holding N.V.,Consumer Defensive,Beverages - Brewers,OQX,38.1,22890,20866918400,0.6144,39.95,37.29,-3.0091,,,,,0.0,70.75,3,43.51,33.58,-12.44,0.0,,8,,20260926
GBERY,Geberit AG,Industrials,Building Products & Equipment,PNK,66.13,17149,21398609920,1.094,67.5,69.83,-1.2564,,,,,0.0,57.75,4,84.91,61.41,-22.12,0.0,,8,,20260926
MZTFF,Mizrahi Tefahot Bank Ltd.,Financial Services,Banks - Regional,PNK,77.0,1,20056248320,0.0786,73.68,70.63,42.2703,12.13,-7.66,139.53,56.16,0.0,75.0,2,80.2,34.68,-3.99,0.0,,8,,20260926
CGEMY,Capgemini SE,Technology,Information Technology Services,PNK,23.8,251544,19754260480,0.6666,24.08,24.93,-0.4167,,,,,0.0,59.0,4,35.9,19.42,-33.7,0.0,,8,,20260926
IREN,IREN Limited,Financial Services,Capital Markets,NASDAQ,,43486031,17387837440,2.561,,,,,,,,0.0,25.75,3,76.87,28.93,,0.0,,8,,20260926
ALB,Albemarle Corporation,Basic Materials,Specialty Chemicals,NYSE,,2384228,12948695040,4.2357,,,,,,,,0.0,18.25,3,221.0,79.3,,0.0,,8,,20260926
VNNVF,Vonovia SE,Real Estate,Real Estate Services,PNK,19.85,547,16841448448,0.5029,22.92,25.48,-6.096,-25.34,-33.38,-45.37,-36.17,0.0,1.25,4,33.17,18.5,-40.17,0.0,,8,,20260926
BSBR,Banco Santander (Brasil) S.A.,Financial Services,Banks - Regional,NYSE,,3447295,43128160256,0.0992,,,,,,,,0.0,24.5,3,7.32,4.94,,0.0,,8,,20260926
CCHBF,Coca-Cola HBC AG,Consumer Defensive,Beverages - Non-Alcoholic,PNK,61.0,322,22232336384,0.5378,64.02,56.52,-5.6247,-7.9,3.83,10.71,3.65,0.0,38.25,3,69.69,45.9,-12.47,0.0,,8,,20260926
CHTR,"Charter Communications, Inc.",Communication Services,Telecom Services,NASDAQ,,3091896,14673513472,6.6046,,,,,,,,0.0,22.0,3,285.82,111.55,,0.0,,8,,20260926
YPF,YPF Sociedad Anónima,Energy,Oil & Gas Integrated,NYSE,,1243761,20427110400,1.9346,,,,,,,,0.0,28.25,3,57.87,23.02,,0.0,,8,,20260926
NXGPY,NEXT plc,Consumer Cyclical,Apparel Retail,PNK,96.0,277,21917192192,1.2502,103.76,93.19,-6.2085,-7.66,0.34,5.85,0.54,0.0,51.25,3,111.55,81.57,-13.94,0.0,,8,,20260926
DSMFF,DSM-Firmenich AG,Basic Materials,Specialty Chemicals,OQX,100.4,103,24584767488,0.6954,101.75,82.49,-1.9348,9.11,37.79,2.32,16.43,0.0,62.0,3,110.5,67.0,-9.14,0.0,,8,,20260926
HLDCY,Henderson Land Development Company Limited,Real Estate,Real Estate - Diversified,PNK,3.42,131761,16557544448,0.0987,3.49,3.62,-0.6987,,,,,0.0,59.0,4,4.49,3.08,-23.83,0.0,,8,,20260926
GPN,Global Payments Inc.,Industrials,Specialty Business Services,NYSE,,2989569,22886844416,2.299,,,,,,,,0.0,20.75,3,95.88,61.16,,0.0,,8,,20260926
SOFI,"SoFi Technologies, Inc.",Financial Services,Credit Services,NASDAQ,,62057200,21414236160,0.6173,,,,,,,,0.0,22.0,3,32.73,14.88,,0.0,,8,,20260926
LGGNY,Legal & General Group Plc,Financial Services,Asset Management,PNK,20.01,79669,21570480128,0.3062,20.02,17.65,-0.0305,,,,,0.0,73.25,3,21.6,15.25,-7.36,0.0,,8,,20260926
LUV,Southwest Airlines Co.,Industrials,Airlines,NYSE,,5429800,20879405056,1.11,,,,,,,,0.0,23.25,3,55.11,29.26,,0.0,,8,,20260926
ASCCY,ASICS Corporation,Consumer Cyclical,Footwear & Accessories,PNK,26.5,36358,18786140160,0.8701,28.76,27.74,-2.595,,,,,0.0,23.25,4,34.46,22.2,-23.1,0.0,,8,,20260926
SBS,Companhia de Saneamento Básico do Estado de São Paulo - SABESP,Utilities,Utilities - Regulated Water,NYSE,,8151285,18215952384,0.1331,,,,,,,,0.0,23.25,3,7.16,4.43,,0.0,,8,,20260926
SW,Smurfit Westrock Plc,Consumer Cyclical,Packaging & Containers,NYSE,,4930326,24343107584,1.302,,,,,,,,0.0,20.75,3,52.65,32.73,,0.0,,8,,20260926
DSFIY,DSM-Firmenich AG,Basic Materials,Specialty Chemicals,OQX,11.22,283188,27474208768,0.2447,10.47,8.39,3.0495,,,,,0.0,83.75,2,11.24,6.4,-0.18,0.0,,8,,20260926
HKHHF,Heineken Holding N.V.,Consumer Defensive,Beverages - Brewers,OQX,75.8,942,20757383168,0.7614,79.57,74.19,-4.9484,-2.1,-6.0,-2.88,-3.78,0.0,64.5,3,86.08,66.15,-11.94,0.0,,8,,20260926
BNDSY,"Banco de Sabadell, S.A.",Financial Services,Banks - Diversified,PNK,8.75,2539,20617443328,0.2728,8.27,7.07,1.7504,13.51,24.99,17.02,18.93,0.0,85.0,2,8.99,6.15,-2.67,0.0,,8,,20260926
RCI,Rogers Communications Inc.,Communication Services,Telecom Services,NYSE,,1269017,17238589440,0.9515,,,,,,,,0.0,19.5,3,41.14,31.38,,0.0,,8,,20260926
DD,"DuPont de Nemours, Inc.",Basic Materials,Specialty Chemicals,NYSE,,1420880,17786511360,2.5369,,,,,,,,0.0,19.5,3,157.98,92.49,,0.0,,8,,20260926
TTMI,"TTM Technologies, Inc.",Technology,Electronic Components,NASDAQ,,2782900,13607912448,6.51,,,,,,,,0.0,24.5,3,223.83,53.36,,0.0,,8,,20260926
LGGNF,Legal & General Group Plc,Financial Services,Asset Management,PNK,3.92,3114,21128507392,0.0575,3.9,3.59,0.4304,,,,,0.0,75.0,2,4.21,3.06,-6.89,0.0,,8,,20260926
MDIBF,Mediobanca Banca di Credito Finanziario S.p.A.,Financial Services,Banks - Regional,PNK,28.96,0,23360458752,0.0015,28.96,25.37,0.0,-4.74,8.73,12.43,6.84,0.0,62.0,3,31.75,23.59,-8.77,0.0,,8,,20260926
MDIBY,Mediobanca Banca di Credito Finanziario S.p.A.,Financial Services,Banks - Regional,PNK,32.61,4742,26783076352,0.4572,32.33,24.9,0.6022,5.23,56.2,29.95,32.96,0.0,80.0,2,33.49,17.66,-2.64,0.0,,8,,20260926
RCIAF,Rogers Communications Inc.,Communication Services,Telecom Services,PNK,33.45,46,18070536192,0.3884,35.16,36.22,-4.3991,-17.83,-32.56,-20.38,-24.01,0.0,50.25,3,40.83,32.47,-18.07,0.0,,8,,20260926
LSCC,Lattice Semiconductor Corporation,Technology,Semiconductors,NASDAQ,,1791142,18186977280,4.74,,,,,,,,0.0,22.0,3,157.01,60.5,,0.0,,8,,20260926
NXT,Nextpower Inc.,Technology,Solar,NASDAQ,,2961665,12421660672,3.8692,,,,,,,,0.0,22.0,3,163.13,70.92,,0.0,,8,,20260926
NNDNF,Nidec Corporation,Industrials,Specialty Industrial Machinery,PNK,16.9,7,19198672896,0.0503,16.34,15.24,11.0457,-10.85,7.79,-39.4,-15.75,0.0,50.0,2,21.8,12.1,-22.48,0.0,,8,,20260926
BRO,"Brown & Brown, Inc.",Financial Services,Insurance Brokers,NYSE,,2353966,20351002624,1.7969,,,,,,,,0.0,17.0,3,96.55,53.81,,0.0,,8,,20260926
NJDCY,Nidec Corporation,Industrials,Specialty Industrial Machinery,PNK,4.37,19317,17872109568,0.2357,4.09,3.79,1.176,5.9,10.38,-21.72,-3.58,0.0,91.25,2,5.0,1.84,-12.6,0.0,,8,,20260926
EFX,Equifax Inc.,Industrials,Consulting Services,NYSE,,1496785,17400688640,5.7169,,,,,,,,0.0,17.0,3,258.4,146.8,,0.0,,8,,20260926
RBA,"RB Global, Inc.",Industrials,Specialty Business Services,NYSE,,1653923,15277147136,1.8454,,,,,,,,0.0,18.25,3,119.33,79.75,,0.0,,8,,20260926
TU,TELUS Corporation,Communication Services,Telecom Services,NYSE,,7247638,13356000256,0.195,,,,,,,,0.0,17.0,3,15.85,8.4,,0.0,,8,,20260926
NXGPF,NEXT plc,Consumer Cyclical,Apparel Retail,PNK,194.13,14,22160336896,1.1707,204.09,189.16,-8.5058,-5.28,-12.73,2.13,-4.92,0.0,63.25,3,210.3,165.06,-7.69,0.0,,8,,20260926
GWLLY,Great Wall Motor Company Limited,Consumer Cyclical,Auto Manufacturers,PNK,9.34,773,7990675456,0.2534,10.72,14.17,-5.4314,-22.84,-57.74,-69.23,-53.61,0.0,6.25,4,23.4,9.22,-60.07,0.0,,8,,20260926
INCY,Incyte Corporation,Healthcare,Biotechnology,NASDAQ,,1647768,25112223744,3.2838,,,,,,,,0.0,24.5,3,132.6,81.78,,0.0,,8,,20260926
VTRS,Viatris Inc.,Healthcare,Drug Manufacturers - Specialty & Generic,NASDAQ,,9315060,20479375360,0.3715,,,,,,,,0.0,27.0,3,18.39,9.47,,0.0,,8,,20260926
STOSF,Santos Limited,Energy,Oil & Gas E&P,PNK,6.53,7052,21207957504,0.1846,5.74,5.23,4.3016,44.69,4.21,29.16,24.31,0.0,77.5,2,6.69,3.65,-2.39,0.0,,8,,20260926
EVRG,"Evergy, Inc.",Utilities,Utilities - Regulated Electric,NASDAQ,,2072546,17993461760,1.0923,,,,,,,,0.0,20.75,3,88.62,71.41,,0.0,,8,,20260926
KUBTY,Kubota Corporation,Industrials,Farm & Heavy Construction Machinery,PNK,88.79,20871,20002478080,2.4399,87.61,84.59,0.4856,,,,,0.0,85.0,2,107.97,60.53,-17.76,0.0,,8,,20260926
SRTOY,Sartorius Stedim Biotech S.A.,Healthcare,Medical Instruments & Supplies,PNK,24.21,28406,23554512896,0.698,21.36,21.22,4.0799,,,,,0.0,85.0,2,26.54,17.25,-8.78,0.0,,8,,20260926
DNGFF,Dongfang Electric Corporation Limited,Industrials,Specialty Industrial Machinery,PNK,2.3,76,7954228736,0.0184,2.71,3.15,-22.3076,-24.74,-60.73,11.86,-22.69,0.0,0.0,4,5.75,2.0,-60.0,0.0,,8,,20260926
PKG,Packaging Corporation of America,Consumer Cyclical,Packaging & Containers,NYSE,,620192,21132333056,4.8488,,,,,,,,0.0,23.25,3,259.98,191.5,,0.0,,8,,20260926
SITM,SiTime Corporation,Technology,Semiconductors,NASDAQ,,511138,19838642176,35.9547,,,,,,,,0.0,25.75,3,901.81,243.68,,0.0,,8,,20260926
IFF,International Flavors & Fragrances Inc.,Basic Materials,Specialty Chemicals,NYSE,,1745723,21863800832,1.3921,,,,,,,,0.0,23.25,3,89.32,59.14,,0.0,,8,,20260926
DWAHF,"Daiwa House Industry Co., Ltd.",Real Estate,Real Estate - Development,PNK,26.16,406,16207173632,0.312,28.75,60.37,-8.2911,-2.63,-95.22,-135.85,-88.32,0.0,25.0,4,38.55,23.99,-32.14,0.0,,8,,20260926
TRATF,Traton SE,Industrials,Farm & Heavy Construction Machinery,PNK,39.7,72,20661997568,0.2908,42.17,38.22,-8.4896,-3.23,-0.48,-6.88,-3.73,0.0,50.0,3,46.07,30.34,-13.83,0.0,,8,,20260926
NESRF,Northern Star Resources Limited,Basic Materials,Gold,PNK,15.18,11980,21628542976,0.7048,15.65,16.3,-0.6639,4.67,-2.39,-15.99,-6.07,0.0,59.0,4,22.99,11.3,-33.97,0.0,,8,,20260926
BKRIY,Bank of Ireland Group plc,Financial Services,Banks - Regional,PNK,23.14,28011,21821020160,0.5035,22.01,19.81,2.2427,,,,,0.0,83.75,2,23.82,15.02,-2.85,0.0,,8,,20260926
LNT,Alliant Energy Corporation,Utilities,Utilities - Regulated Electric,NASDAQ,,2380022,16490507264,1.0046,,,,,,,,0.0,18.25,3,78.81,62.7,,0.0,,8,,20260926
SNX,TD SYNNEX Corporation,Technology,Electronics & Computer Distribution,NYSE,,825523,20794888192,9.0354,,,,,,,,0.0,25.75,3,298.77,142.22,,0.0,,8,,20260926
SSLZY,Santos Limited,Energy,Oil & Gas E&P,PNK,6.3,209720,20460969984,0.5401,5.93,5.24,0.6822,,,,,0.0,92.5,2,9.35,3.91,-32.62,0.0,,8,,20260926
CX,"CEMEX, S.A.B. de C.V.",Basic Materials,Building Materials,NYSE,,6558006,14011068416,0.2544,,,,,,,,0.0,17.0,3,13.67,8.73,,0.0,,8,,20260926
WSPOF,WSP Global Inc.,Industrials,Engineering & Construction,PNK,126.6,48661,17194119168,4.6384,131.39,153.01,-1.0319,,,,,0.0,44.5,4,206.6,111.08,-38.72,0.0,,8,,20260926
SNA,Snap-on Incorporated,Industrials,Tools & Accessories,NYSE,,325271,19097655296,6.6038,,,,,,,,0.0,17.0,3,423.02,320.8,,0.0,,8,,20260926
BKRIF,Bank of Ireland Group plc,Financial Services,Banks - Regional,PNK,22.35,785,21076049920,0.3611,21.8,19.92,1.5189,9.77,5.34,24.59,14.15,0.0,77.5,2,23.52,14.99,-4.97,0.0,,8,,20260926
YAHOF,LY Corporation,Consumer Cyclical,Internet Retail,PNK,3.54,323,24407881728,0.0214,3.11,2.75,20.3247,28.5,9.27,-14.0,4.77,0.0,75.0,2,3.54,2.29,-0.0,0.0,,8,,20260926
BEKE,KE Holdings Inc.,Real Estate,Real Estate Services,NYSE,,4084968,17970208768,0.3154,,,,,,,,0.0,20.75,3,20.65,13.81,,0.0,,8,,20260926
SDMHF,Sartorius Stedim Biotech S.A.,Healthcare,Medical Instruments & Supplies,PNK,243.05,1128,23646941184,3.767,213.33,211.93,7.8899,17.01,10.0,-7.88,4.6,0.0,78.75,2,264.3,178.3,-8.04,0.0,,8,,20260926
NISTF,Nippon Steel Corporation,Basic Materials,Steel,PNK,4.57,10442,23884163072,0.214,4.23,3.92,1.5829,,,,,0.0,83.75,2,22.29,3.2,-79.5,0.0,,8,,20260926
BCH,Banco de Chile,Financial Services,Banks - Regional,NYSE,,292095,21233790976,0.8454,,,,,,,,0.0,22.0,3,46.77,29.71,,0.0,,8,,20260926
PRNDY,Pernod Ricard SA,Consumer Defensive,Beverages - Wineries & Distilleries,PNK,13.52,670506,17022597120,0.2682,14.89,15.44,-5.1115,,,,,0.0,6.25,4,20.96,13.4,-35.5,0.0,,8,,20260926
CABGY,Carlsberg A/S,Consumer Defensive,Beverages - Brewers,PNK,26.2,29234,17314541568,0.481,27.72,26.91,-3.1606,,,,,0.0,18.25,4,32.16,23.1,-18.53,0.0,,8,,20260926
GXYEF,Galaxy Entertainment Group Limited,Consumer Cyclical,Resorts & Casinos,PNK,4.24,20573,18567981056,0.2708,4.35,4.48,-0.3966,9.63,-21.29,-33.73,-18.54,0.0,56.5,4,5.8,3.68,-26.9,0.0,,8,,20260926
SAUHF,Straumann Holding AG,Healthcare,Medical Instruments & Supplies,PNK,112.6,304,18056388608,2.5914,120.55,116.96,-3.0671,-19.43,-3.57,-21.17,-14.57,0.0,15.75,4,135.0,93.18,-16.59,0.0,,8,,20260926
AA,Alcoa Corporation,Basic Materials,Aluminum,NYSE,,5191558,11308519424,1.5763,,,,,,,,0.0,17.0,3,84.38,31.45,,0.0,,8,,20260926
TRMLF,Tourmaline Oil Corp.,Energy,Oil & Gas E&P,PNK,43.33,185742,16838112256,1.1755,44.05,44.61,-0.6125,,,,,0.0,54.0,3,51.2,41.25,-15.37,0.0,,8,,20260926
MTUAF,MTU Aero Engines AG,Industrials,Aerospace & Defense,PNK,410.64,2301,22121322496,16.1317,410.63,400.01,0.0008,-4.2,-6.96,-20.83,-11.82,0.0,63.75,3,478.94,314.57,-14.26,0.0,,8,,20260926
SPXCY,Singapore Exchange Limited,Financial Services,Financial Data & Stock Exchanges,OQX,34.99,24841,18760601600,0.7831,37.83,32.75,-3.6273,,,,,0.0,32.5,3,40.47,24.36,-13.54,0.0,,8,,20260926
IHICY,IHI Corporation,Industrials,Specialty Industrial Machinery,PNK,17.85,89207,18923890688,0.5838,17.44,19.66,0.6961,,,,,0.0,70.75,3,32.52,14.63,-45.11,0.0,,8,,20260926
RS,"Reliance, Inc.",Basic Materials,Steel,NYSE,,342869,19772407808,9.7408,,,,,,,,0.0,23.25,3,433.02,260.31,,0.0,,8,,20260926
CF,"CF Industries Holdings, Inc.",Basic Materials,Agricultural Inputs,NYSE,,2526111,17353943040,4.8654,,,,,,,,0.0,22.0,3,141.96,75.42,,0.0,,8,,20260926
RGLD,"Royal Gold, Inc.",Basic Materials,Gold,NASDAQ,,706636,21392936960,6.3485,,,,,,,,0.0,20.75,3,306.25,168.88,,0.0,,8,,20260926
KNRRY,Knorr-Bremse AG,Consumer Cyclical,Auto Parts,PNK,30.83,18819,19879184384,0.5342,29.86,29.26,1.8251,,,,,0.0,87.5,2,33.96,22.62,-9.22,0.0,,8,,20260926
KGHPF,KGHM Polska Miedz S.A.,Basic Materials,Copper,PNK,91.94,42,18388000768,0.8914,81.02,83.2,12.2476,-0.85,15.73,123.15,54.55,0.0,50.0,3,107.55,41.19,-14.51,0.0,,8,,20260926
MRNA,"Moderna, Inc.",Healthcare,Biotechnology,NASDAQ,,16929880,79400042496,11.1696,,,,,,,,0.0,27.0,3,202.67,22.28,,0.0,,8,,20260926
NPSCY,Nippon Steel Corporation,Basic Materials,Steel,PNK,4.43,243592,23152480256,0.169,4.27,3.93,0.9681,,,,,0.0,87.5,2,7.72,3.32,-42.62,0.0,,8,,20260926
BWXT,"BWX Technologies, Inc.",Industrials,Aerospace & Defense,NYSE,,1027579,12686896128,4.1162,,,,,,,,0.0,19.5,3,241.82,136.55,,0.0,,8,,20260926
SHWDF,Resonac Holdings Corporation,Basic Materials,Chemicals,PNK,100.7,1253,19103494144,0.4425,95.72,77.2,11.2499,-14.58,16.04,194.47,79.75,0.0,50.0,2,113.93,34.0,-11.61,0.0,,8,,20260926
ROKU,"Roku, Inc.",Communication Services,Entertainment,NASDAQ,,2684825,22674604032,1.8098,,,,,,,,0.0,18.25,3,159.89,78.53,,0.0,,8,,20260926
MTUAY,MTU Aero Engines AG,Industrials,Aerospace & Defense,PNK,212.12,33449,22854070272,4.5749,205.25,199.24,1.5021,,,,,0.0,62.5,3,238.57,157.93,-11.09,0.0,,8,,20260926
DLTR,"Dollar Tree, Inc.",Consumer Defensive,Discount Stores,NASDAQ,,2848131,21402988544,4.0385,,,,,,,,0.0,22.0,3,142.4,84.71,,0.0,,8,,20260926
PEXNY,PTT Exploration and Production Public Company Limited,Energy,Oil & Gas E&P,PNK,8.8,126,20508577792,0.13,8.38,7.39,3.2138,12.62,26.02,-1.07,11.84,0.0,76.25,2,9.98,4.74,-11.82,0.0,,8,,20260926
WLMIF,Wilmar International Limited,Consumer Defensive,Packaged Foods,PNK,2.94,5341,18357909504,0.0151,2.94,2.75,-0.2779,1.02,-1.45,11.36,4.29,0.0,62.0,3,3.27,2.07,-10.09,0.0,,8,,20260926
SPXCF,Singapore Exchange Limited,Financial Services,Financial Data & Stock Exchanges,OQX,17.65,6196,18926813184,0.8594,18.61,16.43,-1.122,,,,,0.0,33.75,3,20.99,12.35,-15.91,0.0,,8,,20260926
BIP,Brookfield Infrastructure Partners L.P.,Utilities,Utilities - Diversified,NYSE,,889361,27523833856,0.8038,,,,,,,,0.0,24.5,3,44.04,31.87,,0.0,,8,,20260926
BDRFY,Beiersdorf Aktiengesellschaft,Consumer Defensive,Household & Personal Products,PNK,17.94,218869,19561113600,0.334,18.02,18.96,-0.2419,,,,,0.0,56.5,4,25.98,15.55,-30.95,0.0,,8,,20260926
HGKGF,Power Assets Holdings Limited,Utilities,Utilities - Independent Power Producers,PNK,7.54,3,15450512384,0.0264,6.93,7.2,23.2616,7.28,-16.88,1.73,-3.4,0.0,75.0,3,8.57,5.84,-12.02,0.0,,8,,20260926
CDE,"Coeur Mining, Inc.",Basic Materials,Gold,NYSE,,36164603,19756908544,0.84,,,,,,,,0.0,20.75,3,27.77,13.55,,0.0,,8,,20260926
PDRDF,Pernod Ricard SA,Consumer Defensive,Beverages - Wineries & Distilleries,PNK,68.0,3746,17123322880,1.9546,74.05,76.62,-3.0936,,,,,0.0,7.5,4,108.0,66.6,-37.04,0.0,,8,,20260926
SAUHY,Straumann Holding AG,Healthcare,Medical Instruments & Supplies,PNK,11.77,49733,19080163328,0.2469,11.96,11.68,-0.7772,,,,,0.0,45.75,3,13.61,9.44,-13.54,0.0,,8,,20260926
APG,APi Group Corporation,Industrials,Engineering & Construction,NYSE,,3095852,16620883968,1.2635,,,,,,,,0.0,24.5,3,49.99,33.52,,0.0,,8,,20260926
CXMSF,"CEMEX, S.A.B. de C.V.",Basic Materials,Building Materials,PNK,1.0,56677,14429524992,0.0111,1.14,1.19,-12.5968,-24.74,-22.16,-11.47,-18.53,0.0,0.0,4,1.35,0.9,-25.93,0.0,,8,,20260926
IOT,Samsara Inc.,Technology,Software - Infrastructure,NYSE,,6139044,22229571584,1.975,,,,,,,,0.0,20.75,3,47.47,23.38,,0.0,,8,,20260926
ETTYF,Essity AB (publ),Consumer Defensive,Household & Personal Products,PNK,26.81,73,18100572160,0.0897,28.31,24.56,-16.772,-8.05,21.02,32.63,18.39,0.0,50.0,3,29.99,25.26,-10.6,0.0,,8,,20260926
SWPFF,Swire Properties Limited,Real Estate,Real Estate Services,PNK,3.15,341,18451957760,0.0166,2.98,2.99,9.9849,16.42,-17.71,0.18,-2.02,0.0,77.5,3,3.35,2.6,-5.97,0.0,,8,,20260926
WES,"Western Midstream Partners, LP",Energy,Oil & Gas Midstream,NYSE,,795266,18840760320,1.0469,,,,,,,,0.0,23.25,3,50.07,36.9,,0.0,,8,,20260926
WMG,Warner Music Group Corp.,Communication Services,Entertainment,NASDAQ,,2094049,14197198848,0.7999,,,,,,,,0.0,24.5,3,35.42,23.34,,0.0,,8,,20260926
CABJF,Carlsberg A/S,Consumer Defensive,Beverages - Brewers,PNK,126.98,31,16783210496,0.7801,134.93,131.59,-10.1963,-4.86,-12.74,-2.54,-6.69,0.0,12.0,4,161.75,113.17,-21.5,0.0,,8,,20260926
ASBFF,Associated British Foods plc,Consumer Defensive,Packaged Foods,PNK,27.8,306,20279248896,0.009,27.41,26.4,42.9946,5.84,3.85,-11.23,-1.69,0.0,75.0,2,30.77,23.18,-9.65,0.0,,8,,20260926
FTV,Fortive Corporation,Technology,Scientific & Technical Instruments,NYSE,,2487785,16940136448,1.0144,,,,,,,,0.0,17.0,3,64.56,47.71,,0.0,,8,,20260926
DWAHY,"Daiwa House Industry Co., Ltd.",Real Estate,Real Estate - Development,PNK,30.13,68539,18666747904,1.366,29.2,30.84,0.6832,,,,,0.0,77.0,3,37.92,25.91,-20.54,0.0,,8,,20260926
BDRFF,Beiersdorf Aktiengesellschaft,Consumer Defensive,Household & Personal Products,PNK,87.52,352,19085713408,0.6019,91.41,94.81,-6.4566,2.36,-15.04,-38.81,-20.2,0.0,49.0,4,122.38,79.77,-28.49,0.0,,8,,20260926
MGA,Magna International Inc.,Consumer Cyclical,Auto Parts,NYSE,,1258538,17388789760,1.4192,,,,,,,,0.0,19.5,3,73.22,43.11,,0.0,,8,,20260926
NATKY,National Atomic Company Kazatomprom JSC,Energy,Uranium,PNK,71.12,136,18688135168,0.1516,69.53,70.35,10.5195,3.4,-24.52,26.18,2.74,0.0,75.0,3,92.96,50.58,-23.49,0.0,,8,,20260926
UFGSY,Unipol Assicurazioni S.p.A.,Financial Services,Insurance - Property & Casualty,PNK,16.73,450,23997712384,0.5414,17.12,13.3,-0.7229,14.76,43.75,51.32,39.53,0.0,63.25,3,18.45,10.36,-9.32,0.0,,8,,20260926
GIS,"General Mills, Inc.",Consumer Defensive,Packaged Foods,NYSE,,9792288,17986875392,1.0762,,,,,,,,0.0,18.25,3,51.26,31.75,,0.0,,8,,20260926
IVBXF,"Innovent Biologics, Inc.",Healthcare,Biotechnology,PNK,12.45,1670,21718091776,0.9358,12.42,11.08,0.0339,26.22,10.34,-14.0,4.57,0.0,80.0,2,15.01,9.1,-17.02,0.0,,8,,20260926
RIVN,"Rivian Automotive, Inc.",Consumer Cyclical,Auto Manufacturers,NASDAQ,,28786917,22398404608,0.6525,,,,,,,,0.0,20.75,3,22.69,12.39,,0.0,,8,,20260926
MMSMY,"Mitsui Kinzoku Company, Limited",Industrials,Conglomerates,PNK,29.26,19947,8370885120,1.4107,35.17,40.37,-4.1887,,,,,0.0,15.0,4,69.83,15.0,-58.1,0.0,,8,,20260926
EDRVF,"EDP Renewables, S.A.",Utilities,Utilities - Renewable,PNK,14.38,385,15238470656,0.0838,15.76,15.49,-16.427,-19.95,-18.63,6.93,-8.73,0.0,12.0,4,17.18,11.61,-16.3,0.0,,8,,20260926
ESS,"Essex Property Trust, Inc.",Real Estate,REIT - Residential,NYSE,,494457,18722861056,4.3723,,,,,,,,0.0,24.5,3,303.35,238.46,,0.0,,8,,20260926
GXYYY,Galaxy Entertainment Group Limited,Consumer Cyclical,Resorts & Casinos,PNK,20.25,61201,17735923712,0.5226,20.98,21.73,-1.3876,,,,,0.0,57.75,4,28.7,18.63,-29.44,0.0,,8,,20260926
SOMLF,"SECOM CO., LTD.",Industrials,Security & Protection Services,PNK,42.0,76,16755027968,0.1594,40.92,36.46,6.7873,0.13,9.73,1.32,3.97,0.0,75.0,2,43.0,33.35,-2.33,0.0,,8,,20260926
AMCCF,Amcor plc,Consumer Cyclical,Packaging & Containers,PNK,44.18,48,20426432512,0.1027,43.4,40.72,7.5586,16.06,-8.71,-0.48,0.78,0.0,75.0,2,54.59,37.35,-19.07,0.0,,8,,20260926
AMCR,Amcor plc,Consumer Cyclical,Packaging & Containers,NYSE,,3594392,19654313984,0.8292,,,,,,,,0.0,18.25,3,50.94,36.25,,0.0,,8,,20260926
SOMLY,"SECOM CO., LTD.",Industrials,Security & Protection Services,PNK,10.18,93531,16244399104,0.4491,10.25,9.67,-0.147,,,,,0.0,73.25,3,11.02,8.06,-7.62,0.0,,8,,20260926
USFD,US Foods Holding Corp.,Consumer Defensive,Food Distribution,NYSE,,2472003,20190146560,2.876,,,,,,,,0.0,19.5,3,111.42,69.88,,0.0,,8,,20260926
VDMCY,Vodacom Group Limited,Communication Services,Telecom Services,PNK,9.29,30887,17946075136,0.1817,9.45,9.04,-0.8873,,,,,0.0,69.5,3,10.91,7.44,-14.85,0.0,,8,,20260926
RBC,RBC Bearings Incorporated,Industrials,Tools & Accessories,NYSE,,269284,16022744064,11.7777,,,,,,,,0.0,22.0,3,667.69,364.5,,0.0,,8,,20260926
WCC,"WESCO International, Inc.",Industrials,Industrial Distribution,NYSE,,630053,17906401280,10.3975,,,,,,,,0.0,25.75,3,385.37,207.39,,0.0,,8,,20260926
RAIFY,Raiffeisen Bank International AG,Financial Services,Banks - Regional,PNK,18.28,24592,24008046592,0.7102,17.77,13.87,0.7239,,,,,0.0,77.5,2,19.88,8.25,-8.05,0.0,,8,,20260926
EVMNY,Evolution Mining Limited,Basic Materials,Gold,PNK,96.5,9678,19729891328,4.6377,93.94,92.22,0.5519,14.37,-10.91,48.14,19.03,0.0,85.0,2,135.52,59.98,-28.79,0.0,,8,,20260926
CAHPF,Evolution Mining Limited,Basic Materials,Gold,PNK,9.8,7371,20036575232,0.345,9.36,8.99,1.2831,7.89,-6.27,34.84,13.71,0.0,81.25,2,12.7,0.01,-22.83,0.0,,8,,20260926
GPOVF,"Grupo Carso, S.A.B. de C.V.",Industrials,Conglomerates,PNK,7.18,47,16187199488,0.0795,8.19,7.03,-12.6392,2.02,-4.12,12.33,4.0,0.0,50.0,3,8.47,6.5,-15.17,0.0,,8,,20260926
TYNPF,Nippon Sanso Holdings Corporation,Basic Materials,Chemicals,PNK,33.85,2446,14652950528,2.8762,37.08,24.28,-1.1208,-13.25,865.83,3851.02,1840.14,0.0,41.25,3,41.86,27.91,-19.13,0.0,,8,,20260926
HGKGY,Power Assets Holdings Limited,Utilities,Utilities - Independent Power Producers,PNK,7.59,1768,16175088640,0.2351,7.52,7.44,0.2769,-5.8,-18.12,7.21,-4.91,0.0,88.75,2,8.61,6.09,-11.85,0.0,,8,,20260926
WLMIY,Wilmar International Limited,Consumer Defensive,Packaged Foods,PNK,28.69,42812,17914572800,0.69,29.46,27.54,-1.1157,,,,,0.0,74.5,3,32.34,21.92,-11.29,0.0,,8,,20260926
EUXTF,Euronext N.V.,Financial Services,Financial Data & Stock Exchanges,PNK,182.0,196,18152699904,0.5329,179.86,163.04,4.021,5.7,-2.13,-4.18,-0.99,0.0,75.0,2,186.4,136.8,-2.36,0.0,,8,,20260926
ERNXY,Euronext N.V.,Financial Services,Financial Data & Stock Exchanges,PNK,36.75,4669,18327244800,1.4126,36.75,36.75,0.0,1.47,1.47,1.47,1.47,0.0,67.0,3,40.69,34.65,-9.68,0.0,,8,,20260926
HALFF,HAL Trust,Financial Services,Asset Management,PNK,188.0,236,16979052544,1.2895,188.67,187.21,-0.5177,-2.78,-18.78,-0.45,-7.45,0.0,63.25,3,205.0,155.75,-8.29,0.0,,8,,20260926
ITT,ITT Inc.,Industrials,Specialty Industrial Machinery,NYSE,,883234,0,5.0954,,,,,,,,0.0,24.5,3,230.32,166.96,,0.0,,8,,20260926
BR,"Broadridge Financial Solutions, Inc.",Technology,Information Technology Services,NYSE,,1219782,18673350656,3.78,,,,,,,,0.0,19.5,3,238.73,133.83,,0.0,,8,,20260926
RAIFF,Raiffeisen Bank International AG,Financial Services,Banks - Regional,PNK,76.75,14,25199910912,0.2086,70.53,52.97,29.8094,18.06,60.45,133.16,78.94,0.0,75.0,2,76.75,32.0,0.0,0.0,,8,,20260926
INVH,Invitation Homes Inc.,Real Estate,REIT - Residential,NYSE,,4441619,15722390528,0.4142,,,,,,,,0.0,15.75,3,30.89,24.25,,0.0,,8,,20260926
BOIVF,Bolloré SE,Communication Services,Entertainment,PNK,4.05,60109,11379624960,0.1356,4.35,5.3,-2.2017,-17.45,-45.59,-43.95,-37.9,0.0,3.75,4,6.54,4.02,-38.07,0.0,,8,,20260926
HOKCY,The Hong Kong and China Gas Company Limited,Utilities,Utilities - Regulated Gas,PNK,0.87,17538,16234087424,0.0929,0.86,0.85,0.1609,2.96,-13.88,-8.48,-7.51,0.0,82.5,2,1.01,0.77,-13.86,0.0,,8,,20260926
VODAF,Vodacom Group Limited,Communication Services,Telecom Services,PNK,8.98,0,17347227648,0.0,8.98,8.62,0.0,-4.74,-17.39,39.25,8.43,0.0,62.0,3,8.98,5.75,-0.0,0.0,,8,,20260926
YAHOY,LY Corporation,Consumer Cyclical,Internet Retail,PNK,6.46,61625,22245332992,0.2036,6.33,5.44,0.618,,,,,0.0,90.0,2,7.29,4.58,-11.39,0.0,,8,,20260926
WXIBF,WuXi Biologics (Cayman) Inc.,Healthcare,Biotechnology,PNK,6.01,1902,24739147776,0.0325,5.56,4.74,13.9006,45.51,13.26,5.73,18.31,0.0,76.25,2,6.45,3.9,-6.82,0.0,,8,,20260926
WXXWY,WuXi Biologics (Cayman) Inc.,Healthcare,Biotechnology,PNK,13.6,64768,27991048192,0.5144,11.76,9.66,3.5826,,,,,0.0,88.75,2,13.78,7.3,-1.31,0.0,,8,,20260926
HKHGF,Hongkong Land Holdings Limited,Real Estate,Real Estate - Development,PNK,8.51,63,18135459840,0.0151,8.22,7.87,19.3475,2.04,-5.57,21.02,6.97,0.0,75.0,2,8.78,5.7,-3.08,0.0,,8,,20260926
ASBFY,Associated British Foods plc,Consumer Defensive,Packaged Foods,PNK,24.7,86515,17248534528,0.5036,27.07,26.01,-4.7013,,,,,0.0,20.75,4,31.11,23.36,-20.6,0.0,,8,,20260926
HNGKY,Hongkong Land Holdings Limited,Real Estate,Real Estate - Development,PNK,43.37,14228,18484955136,1.6454,40.92,39.08,1.4911,,,,,0.0,87.5,2,46.78,28.88,-7.29,0.0,,8,,20260926
ZTO,ZTO Express (Cayman) Inc.,Industrials,Integrated Freight & Logistics,NYSE,,2100238,14646744064,0.3797,,,,,,,,0.0,22.0,3,26.2,18.11,,0.0,,8,,20260926
MONRF,Moncler S.p.A.,Consumer Cyclical,Apparel Manufacturing,PNK,48.85,1165,13286697984,0.8622,55.92,59.92,-8.194,-24.66,-35.11,-35.27,-32.56,0.0,0.0,4,70.09,48.85,-30.3,0.0,,8,,20260926
TRUMF,Terumo Corporation,Healthcare,Medical Devices,PNK,13.83,296,20400652288,0.2865,14.55,13.62,-2.5125,3.9,-4.46,-32.24,-13.48,0.0,62.0,3,18.6,11.49,-25.65,0.0,,8,,20260926
CIB,Grupo Cibest S.A.,Financial Services,Banks - Regional,NYSE,,306758,22471147520,3.0954,,,,,,,,0.0,22.0,3,105.6,50.72,,0.0,,8,,20260926
PTC,PTC Inc.,Technology,Software - Application,NASDAQ,,1577833,14986885120,4.5492,,,,,,,,0.0,22.0,3,206.82,108.5,,0.0,,8,,20260926
PR,Permian Resources Corporation,Energy,Oil & Gas E&P,NYSE,,9789668,17890220032,0.6766,,,,,,,,0.0,19.5,3,24.64,11.92,,0.0,,8,,20260926
DQJCY,Pan Pacific International Holdings Corporation,Consumer Defensive,Discount Stores,PNK,9.17,431417,13713014784,0.5538,10.37,11.35,-2.1667,,,,,0.0,15.0,4,14.76,8.67,-37.87,0.0,,8,,20260926
DQJCF,Pan Pacific International Holdings Corporation,Consumer Defensive,Discount Stores,PNK,4.9,9254,14655130624,0.2629,5.17,0.65,-1.0281,-490.56,-466.96,-726.11,-576.52,0.0,55.0,3,7.27,4.17,-32.58,0.0,,8,,20260926
KAOCF,Kao Corporation,Consumer Defensive,Household & Personal Products,PNK,22.68,239,20519911424,0.071,21.65,34.47,14.4825,-50.5,-60.12,-66.91,-60.43,0.0,25.0,3,45.91,20.2,-50.6,0.0,,8,,20260926
DAIUF,"Daifuku Co., Ltd.",Industrials,Specialty Industrial Machinery,PNK,35.5,121,13200290816,0.191,39.14,14.93,-19.0483,658.7,781.54,-2680.93,-634.16,0.0,51.25,3,48.61,29.46,-26.97,0.0,,8,,20260926
WY,Weyerhaeuser Company,Real Estate,REIT - Specialty,NYSE,,5640793,14421927936,0.5008,,,,,,,,0.0,18.25,3,27.75,19.91,,0.0,,8,,20260926
KAOOY,Kao Corporation,Consumer Defensive,Household & Personal Products,PNK,7.4,103514,20085829632,0.1785,7.25,6.71,0.8571,,,,,0.0,85.0,2,7.8,5.95,-5.13,0.0,,8,,20260926
PAA,"Plains All American Pipeline, L.P.",Energy,Oil & Gas Midstream,NASDAQ,,2413061,17229932544,0.5008,,,,,,,,0.0,22.0,3,26.39,15.69,,0.0,,8,,20260926
GLPEF,"Galp Energia, SGPS, S.A.",Energy,Oil & Gas Integrated,PNK,25.08,76,18132822016,0.1037,23.32,21.42,16.9822,23.27,-8.87,20.59,10.95,0.0,75.0,2,25.45,16.07,-1.45,0.0,,8,,20260926
KSPI,Joint Stock Company Kaspi.kz,Technology,Software - Infrastructure,NASDAQ,,522846,18179907584,2.9537,,,,,,,,0.0,19.5,3,109.94,68.59,,0.0,,8,,20260926
BKZHY,Erste Bank Polska S.A.,Unknown,Unknown,PNK,42.82,96,21878730752,0.1781,38.97,30.43,21.6311,17.61,45.79,65.77,46.74,0.0,75.0,2,42.82,25.87,-0.0,0.0,,8,,20260926
BNCDY,Banca Mediolanum S.p.A.,Financial Services,Banks - Regional,PNK,52.87,249,19585404928,0.4248,52.91,46.09,-0.1014,1.2,21.52,24.97,17.82,0.0,62.0,3,56.59,36.55,-6.57,0.0,,8,,20260926
FLUT,Flutter Entertainment plc,Consumer Cyclical,Gambling,NYSE,,2922914,14443660288,4.0733,,,,,,,,0.0,18.25,3,284.87,78.9,,0.0,,8,,20260926
TLN,Talen Energy Corporation,Utilities,Utilities - Independent Power Producers,NASDAQ,,797506,14586059776,11.3431,,,,,,,,0.0,22.0,3,451.28,279.77,,0.0,,8,,20260926
EWBC,"East West Bancorp, Inc.",Financial Services,Banks - Regional,NASDAQ,,799523,17432018944,2.5431,,,,,,,,0.0,20.75,3,137.47,92.67,,0.0,,8,,20260926
LII,Lennox International Inc.,Industrials,Building Products & Equipment,NYSE,,521653,12917743616,10.5523,,,,,,,,0.0,20.75,3,587.27,350.22,,0.0,,8,,20260926
HOKCF,The Hong Kong and China Gas Company Limited,Utilities,Utilities - Regulated Gas,PNK,0.91,57,16950626304,0.0081,0.79,0.67,14.2361,11.94,41.7,49.71,37.46,0.0,76.25,2,0.97,0.83,-6.35,0.0,,8,,20260926
NPXYY,Nippon Sanso Holdings Corporation,Basic Materials,Chemicals,PNK,17.98,39066,15565405184,0.6635,18.03,17.59,-0.074,,,,,0.0,48.25,3,21.65,14.07,-16.95,0.0,,8,,20260926
VNOM,"Viper Energy, Inc.",Energy,Oil & Gas Midstream,NASDAQ,,1702979,14701846528,1.1436,,,,,,,,0.0,18.25,3,51.13,35.1,,0.0,,8,,20260926
CVCCF,CVC Capital Partners plc,Financial Services,Asset Management,PNK,14.84,205,16163570688,0.1548,16.0,14.47,-7.5186,-1.34,3.44,-26.56,-9.76,0.0,50.0,3,18.22,12.5,-18.55,0.0,,8,,20260926
SSSGY,Sartorius Aktiengesellschaft,Healthcare,Medical Instruments & Supplies,PNK,43.93,0,15168197632,0.0009,43.93,44.05,0.0,-4.74,-12.42,-0.45,-5.71,0.0,49.0,3,50.95,37.87,-13.77,0.0,,8,,20260926
SOAGY,Sartorius Aktiengesellschaft,Healthcare,Medical Instruments & Supplies,PNK,59.17,5776,20429119488,1.287,54.87,54.29,3.3395,,,,,0.0,86.25,2,62.15,45.1,-4.79,0.0,,8,,20260926
SUVPF,Sartorius Aktiengesellschaft,Healthcare,Medical Instruments & Supplies,PNK,275.96,5,19055669248,1.6833,264.33,268.0,6.9069,8.44,-5.97,8.18,3.29,0.0,75.0,3,312.93,221.24,-11.81,0.0,,8,,20260926
KEP,Korea Electric Power Corporation,Utilities,Utilities - Regulated Electric,NYSE,,1068874,14136049664,0.1962,,,,,,,,0.0,17.0,3,23.41,10.78,,0.0,,8,,20260926
NRILY,"Nomura Research Institute, Ltd.",Technology,Information Technology Services,PNK,31.59,27012,17693593600,0.9119,31.68,30.94,-0.0985,16.3,0.79,-37.35,-10.59,0.0,72.0,3,42.93,22.73,-26.42,0.0,,8,,20260926
BMBLF,Brambles Limited,Industrials,Specialty Business Services,PNK,13.4,2790,17811007488,0.3126,13.74,14.73,-1.0998,-1.51,-31.18,-32.84,-24.43,0.0,55.25,4,18.27,10.83,-26.66,0.0,,8,,20260926
KONMY,Konami Group Corporation,Communication Services,Electronic Gaming & Multimedia,PNK,60.1,200,16293888000,1.1004,64.15,63.7,-3.6791,-4.07,-26.28,-37.63,-25.26,0.0,37.0,4,85.78,53.89,-29.93,0.0,,8,,20260926
KAJMY,Kajima Corporation,Industrials,Engineering & Construction,PNK,31.9,3931,14741479424,1.763,32.21,37.49,-0.178,,,,,0.0,19.5,4,52.13,27.31,-38.81,0.0,,8,,20260926
JDEPY,JDE Peet's N.V.,Consumer Defensive,Packaged Foods,PNK,18.0,1521,17715296256,0.4518,16.31,17.64,3.745,2.34,-16.12,-19.61,-12.9,0.0,52.5,3,19.84,14.25,-9.27,0.0,,8,,20260926
JDHIY,JD Health International Inc.,Healthcare,Pharmaceutical Retailers,PNK,5.05,55,16107132928,0.0037,5.0,6.77,14.314,13.81,-43.67,-42.88,-28.98,0.0,50.0,3,9.08,4.26,-44.38,0.0,,8,,20260926
AGESY,ageas SA/NV,Financial Services,Insurance - Diversified,PNK,85.49,4122,17886871552,1.1617,85.19,75.83,0.2598,,,,,0.0,91.25,2,89.3,65.45,-4.27,0.0,,8,,20260926
NURAF,"Nomura Research Institute, Ltd.",Technology,Information Technology Services,PNK,32.11,198,17984847872,0.0793,30.92,10.2,15.0207,20.45,-318.27,-1099.47,-546.07,0.0,76.25,2,41.53,23.36,-22.68,0.0,,8,,20260926
WPC,W. P. Carey Inc.,Real Estate,REIT - Diversified,NYSE,,1404493,15056416768,1.1462,,,,,,,,0.0,18.25,3,77.22,63.08,,0.0,,8,,20260926
TSCO,Tractor Supply Company,Consumer Cyclical,Specialty Retail,NASDAQ,,10557819,16813965312,0.9946,,,,,,,,0.0,19.5,3,58.21,28.36,,0.0,,8,,20260926
IP,International Paper Company,Consumer Cyclical,Packaging & Containers,NYSE,,4911360,18545537024,1.0877,,,,,,,,0.0,15.75,3,50.25,29.26,,0.0,,8,,20260926
INPAP,International Paper Company PFD $4,Unknown,Unknown,PNK,82.81,11,0,0.0134,82.36,78.64,33.9299,-1.42,-3.87,-8.12,-4.96,0.0,75.0,2,100.0,73.5,-17.19,0.0,,8,,20260926
IHICF,IHI Corporation,Industrials,Specialty Industrial Machinery,PNK,17.91,73,18987499520,0.0479,17.63,20.75,5.9331,-15.19,-50.13,-100.06,-61.37,0.0,25.0,3,106.5,15.35,-83.18,0.0,,8,,20260926
BPCGY,"Banco Comercial Português, S.A.",Financial Services,Banks - Regional,PNK,14.1,584,20572379136,0.4623,13.19,11.08,1.9608,14.53,37.7,55.53,39.04,0.0,78.75,2,15.0,8.4,-6.0,0.0,,8,,20260926
ZBH,"Zimmer Biomet Holdings, Inc.",Healthcare,Medical Devices,NYSE,,2230484,17364760576,2.8538,,,,,,,,0.0,22.0,3,106.88,79.12,,0.0,,8,,20260926
DOCN,"DigitalOcean Holdings, Inc.",Technology,Software - Infrastructure,NYSE,,3287942,16431741952,10.1508,,,,,,,,0.0,27.0,3,187.5,33.69,,0.0,,8,,20260926
SNLAF,Sino Land Company Limited,Real Estate,Real Estate - Development,PNK,1.36,4,13037152256,0.0001,1.36,1.33,0.0,-1.71,-14.36,138.8,50.07,0.0,75.0,3,1.82,1.03,-25.27,0.0,,8,,20260926
OVV,Ovintiv Inc.,Energy,Oil & Gas E&P,NYSE,,3305439,16631958528,1.8427,,,,,,,,0.0,18.25,3,67.51,35.47,,0.0,,8,,20260926
JBAXY,Julius Bär Gruppe AG,Financial Services,Asset Management,PNK,17.25,84092,17747146752,0.3153,18.04,16.44,-2.4976,,,,,0.0,72.0,3,18.93,13.07,-8.87,0.0,,8,,20260926
STMNF,"Sumitomo Metal Mining Co., Ltd.",Basic Materials,Other Industrial Metals & Mining,PNK,71.6,90,19223719936,0.38,58.25,55.3,35.1187,41.42,-3.04,204.11,90.93,0.0,75.0,2,82.07,23.0,-12.76,0.0,,8,,20260926
BXBLY,Brambles Limited,Industrials,Specialty Business Services,PNK,26.07,90409,17325858816,0.907,26.96,28.91,-0.9778,,,,,0.0,56.5,4,36.0,22.7,-27.58,0.0,,8,,20260926
SMMYY,"Sumitomo Metal Mining Co., Ltd.",Basic Materials,Other Industrial Metals & Mining,PNK,15.37,172939,16506624000,0.6272,14.83,14.14,0.8632,,,,,0.0,90.0,2,20.51,7.44,-25.06,0.0,,8,,20260926
AAFRF,Airtel Africa Plc,Communication Services,Telecom Services,PNK,4.12,2313,14968949760,0.0646,4.53,4.66,-6.3316,-24.64,-33.33,16.71,-11.14,0.0,0.0,4,5.85,2.95,-29.54,0.0,,8,,20260926
WTKWY,Wolters Kluwer N.V.,Industrials,Specialty Business Services,PNK,78.14,71215,17381234688,2.0683,78.16,78.21,-0.0079,,,,,0.0,62.75,4,137.56,63.22,-43.2,0.0,,8,,20260926
H,Hyatt Hotels Corporation,Consumer Cyclical,Lodging,NYSE,,792171,14934637568,4.5131,,,,,,,,0.0,20.75,3,206.86,134.18,,0.0,,8,,20260926
BPCGF,"Banco Comercial Português, S.A.",Financial Services,Banks - Regional,PNK,1.33,1765,19405152256,0.0064,1.26,1.05,10.5337,21.93,21.15,41.41,29.45,0.0,75.0,2,1.37,0.84,-2.92,0.0,,8,,20260926
SGIOY,"Shionogi & Co., Ltd.",Healthcare,Drug Manufacturers - Specialty & Generic,PNK,9.3,158160,15831887872,0.3531,9.08,9.62,0.6294,,,,,0.0,73.25,3,12.0,7.65,-22.5,0.0,,8,,20260926
URMCY,Unibail-Rodamco-Westfield SE,Real Estate,REIT - Retail,PNK,10.95,14392,15825146880,0.9236,11.75,10.95,-0.8692,,,,,0.0,32.5,3,17.87,10.38,-38.72,0.0,,8,,20260926
UNBLF,Unibail-Rodamco-Westfield SE,Real Estate,REIT - Retail,PNK,112.34,65,16235590656,1.5554,116.37,114.41,-2.588,-9.45,-14.55,-8.85,-11.0,0.0,24.0,4,127.17,100.52,-11.66,0.0,,8,,20260926
CG,The Carlyle Group Inc.,Financial Services,Asset Management,NASDAQ,,3611968,14264001536,1.4062,,,,,,,,0.0,19.5,3,67.3,38.76,,0.0,,8,,20260926
GLPEY,"Galp Energia, SGPS, S.A.",Energy,Oil & Gas Integrated,PNK,12.75,79512,18436481024,0.273,11.9,10.7,3.1078,,,,,0.0,81.25,2,13.09,8.1,-2.6,0.0,,8,,20260926
AMKR,"Amkor Technology, Inc.",Technology,Semiconductor Equipment & Materials,NASDAQ,,4967603,13319537664,2.0823,,,,,,,,0.0,24.5,3,96.68,28.03,,0.0,,8,,20260926
NVR,"NVR, Inc.",Consumer Cyclical,Residential Construction,NYSE,,34774,16865936384,132.5893,,,,,,,,0.0,19.5,3,8200.0,5501.01,,0.0,,8,,20260926
AICAF,Air China Limited,Industrials,Airlines,PNK,0.52,7,10656131072,0.0001,0.52,0.68,0.0,-15.08,-39.78,-36.92,-32.46,0.0,25.0,3,0.94,0.52,-44.68,0.0,,8,,20260926
AARTY,Airtel Africa Plc,Communication Services,Telecom Services,PNK,43.89,1511,15926963200,1.5464,46.77,36.23,-1.8623,-13.58,102.3,105.91,74.77,0.0,55.0,3,52.2,20.15,-15.92,0.0,,8,,20260926
PHYS,Sprott Physical Gold Trust,Unknown,Unknown,NYSE,32.35,4123192,15342827520,0.5792,32.63,34.37,-0.4807,,,,,0.0,59.0,3,42.07,28.81,-23.1,0.0,,8,,20260926
KIM,Kimco Realty Corporation,Real Estate,REIT - Retail,NYSE,,4705103,15052514304,0.3323,,,,,,,,0.0,18.25,3,26.65,19.76,,0.0,,8,,20260926
JBARF,Julius Bär Gruppe AG,Financial Services,Asset Management,PNK,84.83,1492,17454962688,1.2625,91.37,83.3,-5.1807,-5.95,0.01,6.67,1.18,0.0,52.5,3,95.68,64.68,-11.34,0.0,,8,,20260926
BDNNY,Boliden AB (publ),Basic Materials,Other Industrial Metals & Mining,PNK,106.0,18568,15050010624,3.4066,109.24,116.93,-0.952,,,,,0.0,56.5,3,160.93,77.81,-34.13,0.0,,8,,20260926
SWOBY,Swedish Orphan Biovitrum AB (publ),Healthcare,Drug Manufacturers - Specialty & Generic,PNK,21.52,136,14981072896,0.3961,23.83,21.73,-5.8198,-15.27,-14.75,26.58,1.65,0.0,14.5,4,29.32,14.84,-26.59,0.0,,8,,20260926
SINGY,Singapore Airlines Limited,Industrials,Airlines,PNK,10.36,63939,16336003072,0.212,10.85,10.25,-2.3251,,,,,0.0,49.5,3,12.17,9.28,-14.87,0.0,,8,,20260926
MONRY,Moncler S.p.A.,Consumer Cyclical,Apparel Manufacturing,PNK,49.88,52706,13566848000,1.1423,54.4,59.06,-3.9552,,,,,0.0,3.75,4,71.41,48.9,-30.15,0.0,,8,,20260926
TLK,Perusahaan Perseroan (Persero) PT Telekomunikasi Indonesia Tbk,Communication Services,Telecom Services,NYSE,,750417,13150697472,0.2438,,,,,,,,0.0,19.5,3,23.52,13.23,,0.0,,8,,20260926
OKTA,"Okta, Inc.",Technology,Software - Infrastructure,NASDAQ,,3514498,34123296768,9.683,,,,,,,,0.0,27.0,3,212.5,62.66,,0.0,,8,,20260926
CSDXF,"COSCO SHIPPING Energy Transportation Co., Ltd.",Energy,Oil & Gas Midstream,PNK,2.07,6,11285681152,0.004,1.91,1.93,39.7049,13.26,-35.12,129.79,42.94,0.0,75.0,3,2.83,0.84,-27.03,0.0,,8,,20260926
KWHIF,"Kawasaki Heavy Industries, Ltd.",Industrials,Conglomerates,PNK,15.2,27285,13272599552,0.1393,16.57,45.6,-9.867,-20.34,-101.4,-93.05,-77.8,0.0,0.0,4,121.25,15.0,-87.46,0.0,,8,,20260926
NDSN,Nordson Corporation,Industrials,Specialty Industrial Machinery,NASDAQ,,378896,18145181696,4.8841,,,,,,,,0.0,20.75,3,339.12,222.13,,0.0,,8,,20260926
SSNC,"SS&C Technologies Holdings, Inc.",Technology,Software - Application,NASDAQ,,1773907,18446229504,1.6077,,,,,,,,0.0,19.5,3,89.93,61.4,,0.0,,8,,20260926
SIELF,"Shanghai Electric Group Co., Ltd.",Industrials,Specialty Industrial Machinery,PNK,0.37,18,12505581568,0.0033,0.47,0.53,-30.2354,-39.54,-54.44,-13.1,-34.18,0.0,0.0,4,0.66,0.35,-43.58,0.0,,8,,20260926
BEN,Franklin Templeton Inc.,Financial Services,Asset Management,NYSE,,4067290,16776698880,0.7446,,,,,,,,0.0,19.5,3,36.28,21.11,,0.0,,8,,20260926
LI,Li Auto Inc.,Consumer Cyclical,Auto Manufacturers,NASDAQ,,3305728,11238657024,0.2814,,,,,,,,0.0,20.75,3,27.1,11.43,,0.0,,8,,20260926
AGI,Alamos Gold Inc.,Basic Materials,Gold,NYSE,,4308068,14441854976,1.0676,,,,,,,,0.0,22.0,3,55.41,27.05,,0.0,,8,,20260926
EMA,Emera Incorporated,Utilities,Utilities - Regulated Electric,NYSE,,458033,14660270080,0.68,,,,,,,,0.0,22.0,3,55.49,46.78,,0.0,,8,,20260926
BOLSY,"B3 S.A. - Brasil, Bolsa, Balcão",Financial Services,Financial Data & Stock Exchanges,PNK,10.44,242631,17332666368,0.3784,9.4,9.37,2.7546,,,,,0.0,88.75,2,12.11,6.79,-13.79,0.0,,8,,20260926
HUNGF,"Huaneng Power International, Inc.",Utilities,Utilities - Independent Power Producers,PNK,0.72,1133,11431518208,0.0024,0.73,0.53,-4.9735,-28.76,62.43,60.59,38.89,0.0,37.0,3,0.95,0.7,-24.03,0.0,,8,,20260926
ASUUY,ASUSTeK Computer Inc.,Technology,Computer Hardware,PNK,115.0,1,17154724864,0.0301,115.0,89.9,0.0,47.6,34.95,12.73,29.22,0.0,75.0,3,115.0,78.5,0.0,0.0,,8,,20260926
NVMI,Nova Ltd.,Technology,Semiconductor Equipment & Materials,NASDAQ,,572460,11711982592,11.3415,,,,,,,,0.0,22.0,3,615.99,266.43,,0.0,,8,,20260926
TPG,TPG Inc.,Financial Services,Asset Management,NASDAQ,,2629661,17337284608,1.7791,,,,,,,,0.0,19.5,3,70.38,36.95,,0.0,,8,,20260926
TXT,Textron Inc.,Industrials,Aerospace & Defense,NYSE,,1681942,13172476928,1.723,,,,,,,,0.0,19.5,3,101.57,75.86,,0.0,,8,,20260926
BNMDF,Banca Mediolanum S.p.A.,Financial Services,Banks - Regional,PNK,21.65,0,16039703552,0.0,21.65,21.44,0.0,-4.74,-16.23,83.05,26.36,0.0,62.0,3,24.75,10.45,-12.53,0.0,,8,,20260926
GMAB,Genmab A/S,Healthcare,Biotechnology,NASDAQ,,2290209,21718358016,0.7042,,,,,,,,0.0,22.0,3,35.66,23.62,,0.0,,8,,20260926
GNRC,Generac Holdings Inc.,Industrials,Specialty Industrial Machinery,NYSE,,1202230,12293567488,8.5646,,,,,,,,0.0,20.75,3,296.44,134.8,,0.0,,8,,20260926
LOGI,Logitech International S.A.,Technology,Computer Hardware,NASDAQ,,984765,14474908672,2.7513,,,,,,,,0.0,24.5,3,129.66,83.32,,0.0,,8,,20260926
SINGF,Singapore Airlines Limited,Industrials,Airlines,PNK,5.0,8639,15768342528,0.0434,5.44,5.08,-10.0358,-13.35,-18.91,-14.96,-15.94,0.0,13.25,4,6.09,4.55,-17.9,0.0,,8,,20260926
ASRRF,ASR Nederland N.V.,Financial Services,Insurance - Diversified,PNK,84.22,14,16974504960,0.4562,76.21,70.91,17.5562,15.31,16.5,7.0,12.4,0.0,75.0,2,84.22,48.45,0.0,0.0,,8,,20260926
ACXIF,"Acciona, S.A.",Industrials,Engineering & Construction,PNK,251.25,296,13367624704,15.045,255.36,260.97,-0.2732,-24.12,-19.21,10.84,-8.42,0.0,37.75,4,331.01,192.9,-24.1,0.0,,8,,20260926
SN,"SharkNinja, Inc.",Consumer Cyclical,"Furnishings, Fixtures & Appliances",NYSE,,1838330,25153832960,7.1861,,,,,,,,0.0,18.25,3,194.54,83.12,,0.0,,8,,20260926
CTTAF,Continental Aktiengesellschaft,Consumer Cyclical,Auto Parts,PNK,81.01,2594,16202724352,1.7028,81.09,78.69,-0.0478,-6.27,-0.41,1.32,-1.18,0.0,40.75,3,89.91,61.56,-9.9,0.0,,8,,20260926
LDOS,"Leidos Holdings, Inc.",Technology,Information Technology Services,NYSE,,1474087,15512091648,3.5856,,,,,,,,0.0,22.0,3,205.77,98.86,,0.0,,8,,20260926
ARNNY,ASR Nederland N.V.,Financial Services,Insurance - Diversified,PNK,41.64,7012,16785047552,0.9274,40.92,36.46,0.7712,8.92,11.45,12.27,11.15,0.0,96.25,2,43.86,31.92,-5.06,0.0,,8,,20260926
CHEAF,China Eastern Airlines Corporation Limited,Industrials,Airlines,PNK,0.34,304,7478907904,0.0054,0.38,0.55,-8.3772,-32.74,-59.17,-17.95,-36.07,0.0,0.0,4,0.8,0.34,-57.67,0.0,,8,,20260926
DIDIY,DiDi Global Inc.,Technology,Software - Application,PNK,3.6,3394960,16227058688,0.1248,3.63,4.05,-0.2147,,,,,0.0,48.25,4,6.89,3.3,-47.75,0.0,,8,,20260926
SARTF,Sartorius Aktiengesellschaft,Healthcare,Medical Instruments & Supplies,PNK,243.86,0,16839091200,1.9197,215.26,218.89,14.901,9.86,-9.3,4.38,0.96,0.0,75.0,3,243.86,181.58,0.0,0.0,,8,,20260926
GH,"Guardant Health, Inc.",Healthcare,Diagnostics & Research,NASDAQ,,2459890,23786270720,8.0415,,,,,,,,0.0,23.25,3,183.51,59.03,,0.0,,8,,20260926
NBIX,"Neurocrine Biosciences, Inc.",Healthcare,Drug Manufacturers - Specialty & Generic,NASDAQ,,1249431,14068246528,4.0715,,,,,,,,0.0,22.0,3,186.12,122.14,,0.0,,8,,20260926
SUI,"Sun Communities, Inc.",Real Estate,REIT - Residential,NYSE,,1702922,14184353792,2.1577,,,,,,,,0.0,14.5,3,137.85,110.43,,0.0,,8,,20260926
NLY,"Annaly Capital Management, Inc.",Real Estate,REIT - Mortgage,NYSE,,7822739,15534054400,0.4162,,,,,,,,0.0,15.75,3,24.52,20.0,,0.0,,8,,20260926
WOLTF,Wolters Kluwer N.V.,Industrials,Specialty Business Services,PNK,77.03,456,17133217792,1.8613,77.31,78.66,-0.1556,13.42,-5.2,-58.97,-22.05,0.0,50.25,4,139.57,61.45,-44.81,0.0,,8,,20260926
OWL,Blue Owl Capital Inc.,Financial Services,Asset Management,NYSE,,19172249,14605897728,0.3924,,,,,,,,0.0,17.0,3,18.0,7.95,,0.0,,8,,20260926
KWHIY,"Kawasaki Heavy Industries, Ltd.",Industrials,Conglomerates,PNK,6.08,294528,13272599552,0.1729,6.54,7.28,-2.6668,,,,,0.0,3.75,4,9.73,4.86,-37.53,0.0,,8,,20260926
EBCOY,Ebara Corporation,Industrials,Specialty Industrial Machinery,PNK,14.32,170577,13042513920,0.4873,15.69,16.05,-2.8065,,,,,0.0,8.75,4,21.77,10.39,-34.22,0.0,,8,,20260926
RTO,Rentokil Initial plc,Industrials,Specialty Business Services,NYSE,,1454422,10387038208,0.3877,,,,,,,,0.0,18.25,3,34.67,20.39,,0.0,,8,,20260926
SCHYY,Sands China Ltd.,Consumer Cyclical,Resorts & Casinos,PNK,15.2,74861,12394510336,0.4126,16.97,19.44,-4.2934,,,,,0.0,11.25,4,29.04,15.15,-47.66,0.0,,8,,20260926
CTTAY,Continental Aktiengesellschaft,Consumer Cyclical,Auto Parts,PNK,7.95,51111,15900474368,0.1642,8.03,7.79,-0.4897,,,,,0.0,44.5,3,8.97,6.21,-11.37,0.0,,8,,20260926
ERBKY,Eurobank S.A.,Financial Services,Banks - Regional,PNK,13.16,1780,47219548160,0.6421,11.22,13.16,3.0252,,,,,0.0,76.25,3,17.66,8.93,-25.48,0.0,,8,,20260926
YUMC,"Yum China Holdings, Inc.",Consumer Cyclical,Restaurants,NYSE,,1524458,13702725632,0.6355,,,,,,,,0.0,15.75,3,58.39,40.15,,0.0,,8,,20260926
SGIOF,"Shionogi & Co., Ltd.",Healthcare,Drug Manufacturers - Specialty & Generic,PNK,17.65,66,15023269888,0.0495,17.83,18.72,-3.6395,-10.85,-34.25,-21.96,-23.49,0.0,24.0,4,26.0,14.25,-32.12,0.0,,8,,20260926
LAMR,Lamar Advertising Company,Real Estate,REIT - Specialty,NASDAQ,,608161,14621122560,2.16,,,,,,,,0.0,18.25,3,166.33,114.45,,0.0,,8,,20260926
WSE,Wise Group plc,Technology,Information Technology Services,NASDAQ,,1322052,11362074624,0.2646,,,,,,,,0.0,19.5,3,17.47,10.36,,0.0,,8,,20260926
UPMKF,UPM-Kymmene Oyj,Basic Materials,Paper & Paper Products,PNK,26.1,92,13763156992,0.0131,26.14,28.6,-3.2305,-15.75,-25.11,-21.31,-21.25,0.0,24.0,4,33.0,24.4,-20.91,0.0,,8,,20260926
RMBS,Rambus Inc.,Technology,Semiconductors,NASDAQ,,2903928,11405821952,4.6115,,,,,,,,0.0,27.0,3,174.1,77.89,,0.0,,8,,20260926
IEX,IDEX Corporation,Industrials,Specialty Industrial Machinery,NYSE,,642696,16961473536,4.0892,,,,,,,,0.0,20.75,3,243.8,159.27,,0.0,,8,,20260926
KGSPY,Kingspan Group plc,Industrials,Building Products & Equipment,PNK,111.85,17273,20135813120,2.8935,108.05,94.22,1.3121,,,,,0.0,87.5,2,124.91,71.63,-10.46,0.0,,8,,20260926
SONVF,Sonova Holding AG,Healthcare,Medical Devices,PNK,285.13,46,16938034176,2.9085,280.4,256.41,1.6278,12.18,19.33,-19.44,2.03,0.0,75.0,2,304.5,208.55,-6.36,0.0,,8,,20260926
UPMMY,UPM-Kymmene Oyj,Basic Materials,Paper & Paper Products,PNK,29.01,91531,15297670144,0.4951,27.76,28.57,2.5252,,,,,0.0,85.0,3,33.04,25.11,-12.2,0.0,,8,,20260926
DTM,"DT Midstream, Inc.",Energy,Oil & Gas Midstream,NYSE,,896747,12474430464,2.9487,,,,,,,,0.0,22.0,3,152.88,104.99,,0.0,,8,,20260926
GNMSF,Genmab A/S,Healthcare,Biotechnology,PNK,346.76,847,21322360832,3.7151,315.77,294.43,8.3406,27.61,12.38,6.04,13.65,0.0,77.5,2,352.0,232.34,-1.49,0.0,,8,,20260926
PSLV,Sprott Physical Silver Trust,Unknown,Unknown,NYSE,21.01,7020379,13275087872,0.6622,20.74,23.65,0.4081,,,,,0.0,58.75,3,38.13,15.06,-44.9,0.0,,8,,20260926
ASND,Ascendis Pharma A/S,Healthcare,Biotechnology,NASDAQ,,704557,14840728576,10.5852,,,,,,,,0.0,23.25,3,282.15,186.05,,0.0,,8,,20260926
EURBF,Eurobank S.A.,Financial Services,Banks - Regional,PNK,5.39,414,19339921408,0.0158,5.2,4.55,11.7707,5.94,25.05,19.44,18.03,0.0,75.0,2,6.0,3.64,-10.17,0.0,,8,,20260926
CLPXY,China Longyuan Power Group Corporation Limited,Utilities,Utilities - Renewable,PNK,6.13,5536,9931119616,0.2332,6.87,8.04,-3.1623,-9.55,-53.7,-53.04,-42.4,0.0,6.25,4,11.35,5.9,-45.99,0.0,,8,,20260926
IPSEY,Ipsen S.A.,Healthcare,Drug Manufacturers - Specialty & Generic,PNK,41.97,526,13848960000,0.532,46.05,44.26,-7.6733,-14.48,-18.95,7.58,-7.22,0.0,12.0,4,51.1,32.02,-17.87,0.0,,8,,20260926
PL,Planet Labs PBC,Industrials,Aerospace & Defense,NYSE,,9402311,6341870592,0.8942,,,,,,,,0.0,18.25,3,51.76,10.52,,0.0,,8,,20260926
KAEPF,"The Kansai Electric Power Company, Incorporated",Utilities,Utilities - Regulated Electric,PNK,18.9,80,21055670272,0.1612,15.97,15.72,18.1961,24.27,2.27,23.5,16.26,0.0,76.25,2,19.1,13.82,-1.05,0.0,,8,,20260926
NPPHY,"Nippon Paint Holdings Co., Ltd.",Basic Materials,Specialty Chemicals,PNK,3.34,2963,15493996544,0.3582,3.86,3.4,-1.457,9.47,-11.78,-21.82,-10.48,0.0,49.5,3,4.44,2.71,-24.77,0.0,,8,,20260926
KGSPF,Kingspan Group plc,Industrials,Building Products & Equipment,PNK,110.25,327,19847772160,1.6828,106.24,93.56,2.3842,10.44,14.6,14.94,13.7,0.0,76.25,2,121.41,71.49,-9.19,0.0,,8,,20260926
HST,"Host Hotels & Resorts, Inc.",Real Estate,REIT - Hotel & Motel,NASDAQ,,9238028,15575767040,0.3854,,,,,,,,0.0,23.25,3,25.71,15.61,,0.0,,8,,20260926
BNT,Brookfield Wealth Solutions Ltd.,Financial Services,Insurance - Diversified,NYSE,,19136,10102451200,0.7337,,,,,,,,0.0,17.0,3,49.86,36.28,,0.0,,8,,20260926
SONVY,Sonova Holding AG,Healthcare,Medical Devices,PNK,58.23,13011,17295648768,0.8576,56.83,51.53,1.6362,,,,,0.0,85.0,2,61.04,42.26,-4.6,0.0,,8,,20260926
WSO,"Watsco, Inc.",Industrials,Industrial Distribution,NYSE,,479685,13086433280,8.3354,,,,,,,,0.0,24.5,3,459.0,295.75,,0.0,,8,,20260926
XPEV,XPeng Inc.,Consumer Cyclical,Auto Manufacturers,NYSE,,7267679,9694724096,0.2418,,,,,,,,0.0,19.5,3,28.23,10.05,,0.0,,8,,20260926
MAA,"Mid-America Apartment Communities, Inc.",Real Estate,REIT - Residential,NYSE,,1043214,14079364096,2.2123,,,,,,,,0.0,17.0,3,144.41,116.67,,0.0,,8,,20260926
LULU,lululemon athletica inc.,Consumer Cyclical,Apparel Retail,NASDAQ,,4457512,11214925824,3.4692,,,,,,,,0.0,25.75,3,225.98,95.35,,0.0,,8,,20260926
EVGGF,Evolution AB (publ),Consumer Cyclical,Gambling,PNK,83.45,295,15276199936,1.1527,82.45,71.09,0.8689,15.09,20.93,-21.54,2.48,0.0,80.0,2,91.29,56.15,-8.59,0.0,,8,,20260926
PZAKY,Powszechny Zaklad Ubezpieczen SA,Financial Services,Insurance - Property & Casualty,PNK,19.46,116,17983498240,0.3681,19.36,18.03,0.2788,5.19,-2.19,7.3,3.45,0.0,76.25,2,22.05,15.25,-11.75,0.0,,8,,20260926
WF,Woori Financial Group Inc.,Financial Services,Banks - Regional,NYSE,,122276,18936209408,1.2731,,,,,,,,0.0,20.75,3,84.71,48.83,,0.0,,8,,20260926
CLH,"Clean Harbors, Inc.",Industrials,Waste Management,NYSE,,444506,16524520448,6.3292,,,,,,,,0.0,24.5,3,335.94,201.34,,0.0,,8,,20260926
KAEPY,"The Kansai Electric Power Company, Incorporated",Utilities,Utilities - Regulated Electric,PNK,8.8,2769,19607398400,0.4131,8.28,7.96,1.2573,,,,,0.0,91.25,2,9.99,6.67,-11.91,0.0,,8,,20260926
DECK,Deckers Outdoor Corporation,Consumer Cyclical,Footwear & Accessories,NYSE,,2720565,10713425920,2.3862,,,,,,,,0.0,20.75,3,122.29,77.37,,0.0,,8,,20260926
SNLAY,Sino Land Company Limited,Real Estate,Real Estate - Development,PNK,7.0,7195,13420598272,0.6218,6.8,7.3,0.3261,-4.16,-25.05,3.32,-8.48,0.0,65.25,3,8.89,5.94,-21.26,0.0,,8,,20260926
JAZZ,Jazz Pharmaceuticals plc,Healthcare,Biotechnology,NASDAQ,,862104,15446423552,5.0169,,,,,,,,0.0,24.5,3,266.38,125.79,,0.0,,8,,20260926
WHGLY,WH Group Limited,Consumer Defensive,Packaged Foods,PNK,16.54,60085,10650148864,0.6585,19.09,21.6,-3.873,,,,,0.0,11.25,4,28.31,16.01,-41.58,0.0,,8,,20260926
BALL,Ball Corporation,Consumer Cyclical,Packaging & Containers,NYSE,,1943869,15043092480,1.1792,,,,,,,,0.0,18.25,3,68.29,44.83,,0.0,,8,,20260926
NBGRY,National Bank of Greece S.A.,Financial Services,Banks - Regional,PNK,19.99,28353,17913849856,0.7882,19.05,19.99,1.1987,,,,,0.0,68.25,3,20.94,16.45,-4.54,0.0,,8,,20260926
ASBRF,"Asahi Group Holdings, Ltd.",Consumer Defensive,Beverages - Brewers,PNK,11.0,325,16089284608,0.0401,10.31,10.21,17.3203,8.08,-2.93,-24.48,-8.8,0.0,75.0,2,13.32,8.83,-17.42,0.0,,8,,20260926
NCBDY,BANDAI NAMCO Holdings Inc.,Consumer Cyclical,Leisure,PNK,17.83,56087,22871109632,0.5271,16.33,13.47,2.8509,,,,,0.0,82.5,2,18.65,10.94,-4.4,0.0,,8,,20260926
THC,Tenet Healthcare Corporation,Healthcare,Medical Care Facilities,NYSE,,1063684,20911589376,7.77,,,,,,,,0.0,18.25,3,283.05,157.58,,0.0,,8,,20260926
GEN,Gen Digital Inc.,Technology,Software - Infrastructure,NASDAQ,,6054039,12941451264,1.2015,,,,,,,,0.0,22.0,3,31.65,17.78,,0.0,,8,,20260926
AHKSF,Asahi Kasei Corporation,Industrials,Conglomerates,PNK,10.04,176,13385122816,0.0454,10.46,10.24,-9.2696,-15.91,-18.15,18.53,-2.92,0.0,24.0,4,11.84,7.46,-15.23,0.0,,8,,20260926
KPELY,Keppel Ltd.,Industrials,Conglomerates,PNK,17.65,3038,15816177664,0.4729,17.76,17.25,-0.2375,-2.91,-25.09,15.23,-3.42,0.0,72.0,3,21.11,13.37,-16.39,0.0,,8,,20260926
OUKPF,Metso Oyj,Industrials,Farm & Heavy Construction Machinery,PNK,21.92,3,18152247296,0.1261,18.75,15.57,25.1119,19.53,9.68,96.8,46.99,0.0,75.0,2,21.92,10.56,0.0,0.0,,8,,20260926
LUGDF,Lundin Gold Inc.,Basic Materials,Gold,OQX,64.8,49166,15669394432,2.5689,64.44,66.77,0.1412,,,,,0.0,70.75,3,90.49,51.68,-28.39,0.0,,8,,20260926
FNBKY,FinecoBank Banca Fineco S.p.A.,Financial Services,Banks - Regional,PNK,49.96,513,15283243008,1.2325,54.6,50.81,-3.7666,-6.76,-16.55,3.96,-5.9,0.0,39.5,3,62.01,42.84,-19.43,0.0,,8,,20260926
OUKPY,Metso Oyj,Industrials,Farm & Heavy Construction Machinery,PNK,9.74,54223,16131650560,0.3253,9.77,9.18,-0.0776,,,,,0.0,72.0,3,11.24,6.51,-13.35,0.0,,8,,20260926
EVVTY,Evolution AB (publ),Consumer Cyclical,Gambling,PNK,82.45,24726,15093142528,1.6606,82.38,70.93,0.0394,,,,,0.0,85.0,2,92.91,56.88,-11.25,0.0,,8,,20260926
NWSA,News Corporation,Communication Services,Entertainment,NASDAQ,,4208087,15373745152,0.6898,,,,,,,,0.0,19.5,3,31.66,22.2,,0.0,,8,,20260926
NWS,News Corporation,Communication Services,Entertainment,NASDAQ,,1281911,17132903424,0.6498,,,,,,,,0.0,17.0,3,35.76,25.49,,0.0,,8,,20260926
MPFRF,"Mapfre, S.A.",Financial Services,Insurance - Diversified,PNK,5.4,1,16574331904,0.0027,5.26,4.66,51.446,6.37,13.13,17.39,13.15,0.0,75.0,2,5.4,3.79,0.0,0.0,,8,,20260926
XPNGF,XPeng Inc.,Consumer Cyclical,Auto Manufacturers,PNK,5.62,28,10767657984,0.0333,6.07,8.07,-13.6122,-18.28,-58.74,-61.83,-49.86,0.0,1.25,4,13.0,5.18,-56.77,0.0,,8,,20260926
NCBDF,BANDAI NAMCO Holdings Inc.,Consumer Cyclical,Leisure,PNK,35.5,20,22768490496,0.6735,26.61,25.32,13.2075,53.04,22.55,-11.37,16.6,0.0,75.0,2,37.0,22.44,-4.05,0.0,,8,,20260926
GPFOF,"Grupo Financiero Inbursa, S.A.B. de C.V.",Financial Services,Banks - Regional,PNK,2.51,389,14992478208,0.0302,2.46,1.89,1.5012,2.57,56.66,52.63,41.53,0.0,77.5,2,2.77,1.99,-9.73,0.0,,8,,20260926
AHKSY,Asahi Kasei Corporation,Industrials,Conglomerates,PNK,20.94,34157,13962563584,0.5908,21.09,20.69,-0.2471,,,,,0.0,47.0,3,24.12,15.18,-13.18,0.0,,8,,20260926
MLI,"Mueller Industries, Inc.",Industrials,Metal Fabrication,NYSE,,1602634,13385897984,1.3823,,,,,,,,0.0,22.0,3,71.12,48.27,,0.0,,8,,20260926
WCPRF,Whitecap Resources Inc.,Energy,Oil & Gas E&P,OQX,12.82,438173,15587837952,0.485,12.47,10.66,0.7239,,,,,0.0,92.5,2,13.95,7.15,-8.1,0.0,,8,,20260926
MPFRY,"Mapfre, S.A.",Financial Services,Insurance - Diversified,PNK,9.97,119,15300563968,0.0607,9.69,9.36,4.5889,-2.74,6.66,-10.78,-2.66,0.0,75.0,2,10.42,7.96,-4.32,0.0,,8,,20260926
KPELF,Keppel Ltd.,Industrials,Conglomerates,PNK,8.94,309,16022280192,0.0047,8.83,8.44,23.4707,5.62,-18.1,30.66,7.33,0.0,75.0,2,10.13,6.25,-11.75,0.0,,8,,20260926
PFGC,Performance Food Group Company,Consumer Defensive,Food Distribution,NYSE,,1667438,14379984896,2.344,,,,,,,,0.0,15.75,3,117.47,80.82,,0.0,,8,,20260926
BKIMF,"Bankinter, S.A.",Financial Services,Banks - Regional,PNK,19.45,4,13480443904,0.0558,17.69,16.75,31.5459,11.73,1.1,8.97,6.9,0.0,75.0,2,19.45,15.0,0.0,0.0,,8,,20260926
PNFP,"Pinnacle Financial Partners, Inc.",Financial Services,Banks - Regional,NYSE,,1112457,14351167488,2.3515,,,,,,,,0.0,19.5,3,110.33,81.08,,0.0,,8,,20260926
NBGIF,National Bank of Greece S.A.,Financial Services,Banks - Regional,PNK,19.1,1268,17116285952,0.2643,18.94,17.14,0.598,1.37,9.94,16.74,10.52,0.0,78.75,2,20.54,12.95,-7.01,0.0,,8,,20260926
BSAC,Banco Santander-Chile,Financial Services,Banks - Regional,NYSE,,296642,16192233472,0.7331,,,,,,,,0.0,22.0,3,37.72,25.87,,0.0,,8,,20260926
BKNIY,"Bankinter, S.A.",Financial Services,Banks - Regional,PNK,19.09,37006,17183006720,0.4408,19.0,16.97,0.2096,,,,,0.0,88.75,2,20.07,14.65,-4.88,0.0,,8,,20260926
FELTY,"Fuji Electric Co., Ltd.",Industrials,Electrical Equipment & Parts,PNK,21.61,44485,12619475968,0.8171,21.25,20.24,0.4452,,,,,0.0,62.5,2,27.96,16.06,-22.71,0.0,,8,,20260926
AHCHY,Anhui Conch Cement Company Limited,Basic Materials,Building Materials,PNK,10.06,56206,10662197248,0.2794,10.9,12.51,-2.996,-12.54,-41.18,-45.85,-35.89,0.0,6.25,4,17.05,9.91,-41.0,0.0,,8,,20260926
SMTC,Semtech Corporation,Technology,Semiconductors,NASDAQ,,3241141,17013261312,10.4338,,,,,,,,0.0,28.25,3,190.64,60.28,,0.0,,8,,20260926
CMSQF,Computershare Limited,Financial Services,Capital Markets,OID,27.29,798,15784183808,1.1649,28.47,24.33,-1.015,-0.38,15.73,-9.65,1.55,0.0,67.0,3,31.83,17.87,-14.26,0.0,,8,,20260926
FPS,"Forgent Power Solutions, Inc.",Industrials,Electrical Equipment & Parts,NYSE,,9266328,12430837760,2.2177,,,,,,,,0.0,25.75,3,66.0,25.95,,0.0,,8,,20260926
AAOI,"Applied Optoelectronics, Inc.",Technology,Communication Equipment,NASDAQ,,9650085,8609498112,6.1321,,,,,,,,0.0,23.25,3,233.67,18.5,,0.0,,8,,20260926
CPT,Camden Property Trust,Real Estate,REIT - Residential,NYSE,,976603,11355680768,1.86,,,,,,,,0.0,18.25,3,119.81,96.53,,0.0,,8,,20260926
YRAIF,Yara International ASA,Basic Materials,Agricultural Inputs,OID,48.96,26,12468516864,0.2004,46.76,48.19,10.9817,-1.77,-29.97,19.84,-3.0,0.0,62.0,3,59.85,35.62,-18.2,0.0,,8,,20260926
YARIY,Yara International ASA,Basic Materials,Agricultural Inputs,OID,22.85,34098,11638301696,0.6428,23.57,24.05,-1.1126,,,,,0.0,56.5,3,31.28,17.48,-26.95,0.0,,8,,20260926
REGCP,Regency Centers Corporation,Real Estate,REIT - Retail,NASDAQ,21.97,3287,0,0.2428,23.1,22.74,-4.6551,,,,,0.0,60.25,3,24.75,21.49,-11.23,0.0,,8,,20260926
REGCO,Regency Centers Corporation,Real Estate,REIT - Retail,NASDAQ,21.06,3149,0,0.2718,21.87,21.74,-2.9909,,,,,0.0,48.5,1,24.24,20.63,-13.12,0.0,,8,,20260926
REG,Regency Centers Corporation,Real Estate,REIT - Retail,NASDAQ,,1342147,13690988544,1.0137,,,,,,,,0.0,18.25,3,83.66,66.86,,0.0,,8,,20260926
LECO,"Lincoln Electric Holdings, Inc.",Industrials,Tools & Accessories,NASDAQ,,431790,14809214976,7.0962,,,,,,,,0.0,24.5,3,310.0,216.22,,0.0,,8,,20260926
CRRFY,Carrefour SA,Consumer Defensive,Grocery Stores,PNK,3.76,261063,13303129088,0.0687,3.73,3.51,0.4546,,,,,0.0,87.5,2,4.13,2.9,-8.96,0.0,,8,,20260926
BMBOY,"Grupo Bimbo, S.A.B. de C.V.",Consumer Defensive,Packaged Foods,OQX,12.61,853,13546721280,0.1143,13.74,13.46,-9.9019,-5.5,-21.17,-27.78,-19.89,0.0,39.5,3,15.82,12.24,-20.27,0.0,,8,,20260926
COVTY,Covestro AG,Basic Materials,Specialty Chemicals,PNK,33.51,1771,14241865728,0.6042,34.23,34.4,-1.1885,,,,,0.0,56.5,4,36.6,31.99,-8.44,0.0,,8,,20260926
SUN,Sunoco LP,Energy,Oil & Gas Refining & Marketing,NYSE,,501612,14085820416,2.1585,,,,,,,,0.0,24.5,3,80.22,48.6,,0.0,,8,,20260926
TKGSF,"Tokyo Gas Co.,Ltd.",Utilities,Utilities - Regulated Gas,PNK,38.45,11,12560302080,0.0648,37.95,39.51,7.7067,-8.25,-19.9,-14.74,-14.92,0.0,37.0,3,43.16,36.26,-10.91,0.0,,8,,20260926
GRAB,Grab Holdings Limited,Technology,Software - Application,NASDAQ,,51824042,12805775360,0.1362,,,,,,,,0.0,23.25,3,6.6,2.74,,0.0,,8,,20260926
TIGO,Millicom International Cellular S.A.,Communication Services,Telecom Services,NASDAQ,,1264815,15534977024,2.3265,,,,,,,,0.0,22.0,3,107.13,44.88,,0.0,,8,,20260926
LTM,LATAM Airlines Group S.A.,Industrials,Airlines,NYSE,,748688,0,1.2808,,,,,,,,0.0,20.75,3,70.42,41.41,,0.0,,8,,20260926
SHTLF,South32 Limited,Basic Materials,Other Industrial Metals & Mining,PNK,3.15,13444,14116492288,0.0567,3.21,2.96,-1.087,1.38,1.69,70.03,28.95,0.0,62.0,3,3.8,1.7,-17.11,0.0,,8,,20260926
CRERF,Carrefour SA,Consumer Defensive,Grocery Stores,PNK,18.5,238,13090844672,0.1475,18.37,17.41,0.8668,-1.75,-5.24,22.03,6.54,0.0,75.0,2,20.72,14.2,-10.71,0.0,,8,,20260926
AMIGY,Admiral Group plc,Financial Services,Insurance - Property & Casualty,PNK,47.91,20050,0,1.1575,51.02,44.26,-2.6871,,,,,0.0,60.0,3,56.91,36.05,-15.81,0.0,,8,,20260926
SKM,"SK Telecom Co., Ltd.",Communication Services,Telecom Services,NYSE,,2035795,13935208448,0.8385,,,,,,,,0.0,24.5,3,47.18,19.66,,0.0,,8,,20260926
RPGRY,REA Group Limited,Communication Services,Internet Content & Information,PNK,25.98,61939,13598951424,0.9443,29.17,28.99,-3.3778,,,,,0.0,35.0,4,40.03,22.41,-35.1,0.0,,8,,20260926
LFCBY,Lifco AB (publ),Industrials,Conglomerates,PNK,15.84,690,14389572608,0.1941,16.43,16.54,-3.0251,-6.35,-10.84,-25.33,-15.52,0.0,27.75,4,19.55,14.51,-18.98,0.0,,8,,20260926
KPCPY,Kasikornbank Public Company Limited,Financial Services,Banks - Regional,PNK,30.75,27696,18214205440,0.8152,29.94,25.43,0.9978,,,,,0.0,85.0,2,32.12,19.52,-4.27,0.0,,8,,20260926
ARXS,"Arxis, Inc.",Industrials,Aerospace & Defense,NASDAQ,,877398,21593016320,2.5092,,,,,,,,0.0,22.0,3,61.5,33.15,,0.0,,8,,20260926
PS,Pershing Square Inc.,Financial Services,Asset Management,NYSE,,342785,22464000000,3.8723,,,,,,,,0.0,27.0,3,56.94,22.01,,0.0,,8,,20260926
OHI,"Omega Healthcare Investors, Inc.",Real Estate,REIT - Healthcare Facilities,NYSE,,1909382,14777077760,0.9138,,,,,,,,0.0,19.5,3,52.39,39.26,,0.0,,8,,20260926
CJEWY,Chow Tai Fook Jewellery Group Limited,Consumer Cyclical,Luxury Goods,PNK,15.45,225,0,0.295,15.53,15.42,-0.2696,5.81,-7.8,-40.86,-17.62,0.0,63.25,3,21.0,12.6,-26.43,0.0,,8,,20260926
GIB,CGI Inc.,Technology,Information Technology Services,NYSE,,436257,14033500160,1.5631,,,,,,,,0.0,19.5,3,95.2,59.63,,0.0,,8,,20260926
CLPBF,Coloplast A/S,Healthcare,Medical Instruments & Supplies,PNK,62.81,120,14155373568,0.4156,65.65,69.74,-6.8282,4.67,-23.65,-48.85,-26.65,0.0,49.0,4,95.43,56.81,-34.18,0.0,,8,,20260926
CDW,CDW Corporation,Technology,Information Technology Services,NASDAQ,,1835358,16931108864,5.4885,,,,,,,,0.0,18.25,3,167.0,97.12,,0.0,,8,,20260926
CJEWF,Chow Tai Fook Jewellery Group Limited,Consumer Cyclical,Luxury Goods,PNK,1.41,100,13911526400,0.0099,1.46,1.55,-5.5328,-4.06,-40.03,-39.56,-30.85,0.0,49.0,4,2.17,1.4,-35.02,0.0,,8,,20260926
GRBMF,"Grupo Bimbo, S.A.B. de C.V.",Consumer Defensive,Packaged Foods,OQX,2.99,649,12845889536,0.03,3.36,3.38,-12.4359,-5.73,-34.34,-30.76,-25.75,0.0,26.25,1,4.0,2.96,-25.25,0.0,,8,,20260926
JBS,JBS N.V.,Consumer Defensive,Packaged Foods,NYSE,,5688679,12390437888,0.3231,,,,,,,,0.0,15.75,3,18.65,11.21,,0.0,,8,,20260926
SNMYF,Suncorp Group Limited,Financial Services,Insurance - Property & Casualty,PNK,12.9,61,13677843456,0.0035,12.99,12.28,-25.6477,-5.71,-7.11,-26.41,-14.48,0.0,37.0,3,13.35,11.7,-3.31,0.0,,8,,20260926
OSGSY,"Osaka Gas Co., Ltd.",Utilities,Utilities - Regulated Gas,PNK,80.95,554,15278384128,1.8442,73.23,75.29,4.1834,12.19,-28.01,19.85,1.18,0.0,75.0,3,91.5,51.71,-11.53,0.0,,8,,20260926
CLPBY,Coloplast A/S,Healthcare,Medical Instruments & Supplies,PNK,6.45,219073,14536244224,0.1367,6.72,6.97,-1.9871,,,,,0.0,59.0,4,9.7,5.64,-33.51,0.0,,8,,20260926
SGI,Somnigroup International Inc.,Consumer Cyclical,"Furnishings, Fixtures & Appliances",NYSE,,3141415,13452872704,2.0546,,,,,,,,0.0,20.75,3,98.56,60.39,,0.0,,8,,20260926
RGA,"Reinsurance Group of America, Incorporated",Financial Services,Insurance - Reinsurance,NYSE,,345753,16237258752,4.3338,,,,,,,,0.0,23.25,3,257.81,178.21,,0.0,,8,,20260926
CPAMF,CapitaLand Integrated Commercial Trust,Real Estate,REIT - Retail,PNK,1.77,1692,13952681984,0.028,1.89,1.85,-4.1135,-9.58,-18.51,-21.25,-17.37,0.0,14.5,4,2.2,1.6,-19.55,0.0,,8,,20260926
EDVMF,Endeavour Mining plc,Basic Materials,Gold,OQX,59.95,28498,14449492992,1.9845,56.55,56.26,1.7142,,,,,0.0,85.0,2,72.18,36.3,-16.94,0.0,,8,,20260926
GJNSY,Gjensidige Forsikring ASA,Financial Services,Insurance - Property & Casualty,PNK,28.46,1376,14228978688,1.2172,29.5,27.75,-0.8573,1.56,1.9,-9.24,-2.64,0.0,68.25,3,31.75,23.73,-10.36,0.0,,8,,20260926
NPCPF,"Nippon Paint Holdings Co., Ltd.",Basic Materials,Specialty Chemicals,PNK,6.69,347,15527628800,0.0071,6.69,1.56,0.239,-810.91,-861.22,2336.24,430.34,0.0,75.0,2,8.12,6.0,-17.56,0.0,,8,,20260926
MMLTF,MMG Limited,Basic Materials,Copper,PNK,1.2,17786,15415708672,0.0081,1.08,1.12,14.4063,27.38,2.61,40.99,24.15,0.0,75.0,3,1.43,0.8,-16.08,0.0,,8,,20260926
EG,"Everest Group, Ltd.",Financial Services,Insurance - Reinsurance,NYSE,,368117,14203299840,6.7402,,,,,,,,0.0,22.0,3,401.07,302.44,,0.0,,8,,20260926
OBYCF,Obayashi Corporation,Industrials,Engineering & Construction,PNK,18.72,2075,12867155968,0.538,19.56,3.98,-1.5685,-1.72,-194.71,-42.14,-85.44,0.0,38.25,3,29.57,15.75,-36.69,0.0,,8,,20260926
CMSQY,Computershare Limited,Financial Services,Capital Markets,OID,28.71,34469,16605492224,0.804,28.35,23.73,0.4502,,,,,0.0,87.5,2,31.25,18.82,-8.13,0.0,,8,,20260926
DOC,"Healthpeak Properties, Inc.",Real Estate,REIT - Healthcare Facilities,NYSE,,5611407,14398718976,0.3372,,,,,,,,0.0,20.75,3,22.95,15.7,,0.0,,8,,20260926
CHKP,Check Point Software Technologies Ltd.,Technology,Software - Infrastructure,NASDAQ,,1186209,13399687168,4.9669,,,,,,,,0.0,28.25,3,210.66,112.23,,0.0,,8,,20260926
SOUHY,South32 Limited,Basic Materials,Other Industrial Metals & Mining,PNK,17.41,80579,15604325376,0.4059,17.01,15.15,0.9864,,,,,0.0,86.25,2,19.07,8.36,-8.7,0.0,,8,,20260926
AUR,"Aurora Innovation, Inc.",Consumer Cyclical,Auto Parts,NASDAQ,,28502636,12105097216,0.3497,,,,,,,,0.0,20.75,3,8.56,3.6,,0.0,,8,,20260926
CSGP,"CoStar Group, Inc.",Real Estate,Real Estate Services,NASDAQ,,7066436,11382000640,1.0754,,,,,,,,0.0,18.25,3,85.24,25.89,,0.0,,8,,20260926
IFJPY,Informa plc,Communication Services,Publishing,PNK,23.38,19546,14604344320,0.6255,24.33,22.83,-1.5157,,,,,0.0,74.5,3,26.82,19.45,-12.83,0.0,,8,,20260926
BVVBY,Bureau Veritas SA,Industrials,Consulting Services,PNK,61.25,18377,13618964480,0.8092,63.65,61.69,-2.9709,,,,,0.0,62.75,3,69.93,57.35,-12.41,0.0,,8,,20260926
KNBWY,"Kirin Holdings Company, Limited",Consumer Defensive,Beverages - Brewers,PNK,18.37,19846,14556587008,0.416,18.61,16.86,-0.5821,,,,,0.0,74.5,3,19.99,14.01,-8.1,0.0,,8,,20260926
HTHT,H World Group Limited,Consumer Cyclical,Lodging,NASDAQ,,1543500,13247051776,0.9154,,,,,,,,0.0,15.75,3,56.64,36.56,,0.0,,8,,20260926
KRYAY,Kerry Group plc,Consumer Defensive,Packaged Foods,OID,98.06,10217,15584735232,1.5443,96.54,87.98,0.9827,,,,,0.0,85.0,2,100.38,74.48,-2.31,0.0,,8,,20260926
STGPF,Scentre Group,Real Estate,REIT - Retail,PNK,2.52,457,13152001024,0.0247,2.62,2.64,-4.3115,-9.83,-14.11,-9.9,-11.36,0.0,24.0,4,3.1,2.0,-18.87,0.0,,8,,20260926
AKESF,"Akeso, Inc.",Healthcare,Biotechnology,PNK,12.5,1837,11514289152,0.5311,12.12,13.95,0.709,8.9,-36.72,-45.5,-28.83,0.0,52.5,3,19.49,10.5,-35.86,0.0,,8,,20260926
XJNGF,"Goldwind Science&Technology Co., Ltd.",Industrials,Specialty Industrial Machinery,PNK,1.24,171,5235927040,0.0037,1.2,1.65,10.7525,-7.1,-51.08,-30.21,-31.74,0.0,25.0,3,2.33,1.06,-46.78,0.0,,8,,20260926
FELTF,"Fuji Electric Co., Ltd.",Industrials,Electrical Equipment & Parts,PNK,84.62,83,12354501632,0.0218,84.92,34.85,-13.5657,12.34,-347.85,508.36,84.68,0.0,62.0,3,86.17,64.36,-1.79,0.0,,8,,20260926
MOD,Modine Manufacturing Company,Consumer Cyclical,Auto Parts,NYSE,,1518919,10520034304,8.5892,,,,,,,,0.0,24.5,3,323.25,111.18,,0.0,,8,,20260926
PTAIF,PT Astra International Tbk,Industrials,Conglomerates,PNK,0.28,895,11117736960,0.002,0.25,0.32,14.0383,-3.35,-33.76,-22.68,-21.73,0.0,50.0,3,0.41,0.23,-32.07,0.0,,8,,20260926
IFPJF,Informa plc,Communication Services,Publishing,PNK,11.96,538,14940406784,0.0176,11.88,11.38,4.4774,1.75,-6.63,-19.53,-9.7,0.0,75.0,2,12.85,10.78,-6.9,0.0,,8,,20260926
APA,APA Corporation,Energy,Oil & Gas E&P,NASDAQ,,5611239,14974024704,1.4415,,,,,,,,0.0,22.0,3,47.44,21.63,,0.0,,8,,20260926
TISCY,Taisei Corporation,Industrials,Engineering & Construction,PNK,19.95,1165,0,1.0395,19.79,23.29,0.1576,-13.65,-42.81,-1.1,-18.84,0.0,31.25,3,33.0,16.87,-39.55,0.0,,8,,20260926
RBRK,"Rubrik, Inc.",Technology,Software - Infrastructure,NYSE,,3298652,22548518912,5.6421,,,,,,,,0.0,24.5,3,116.12,42.25,,0.0,,8,,20260926
MTRAF,Metro Inc.,Consumer Defensive,Grocery Stores,PNK,63.9,46453,13372162048,0.51,64.77,67.08,-1.6966,,,,,0.0,27.75,4,83.02,60.71,-23.03,0.0,,8,,20260926
TKGSY,"Tokyo Gas Co.,Ltd.",Utilities,Utilities - Regulated Gas,PNK,19.63,4465,12824900608,1.2839,19.44,20.75,0.1446,0.29,-32.93,-3.91,-13.02,0.0,73.25,3,25.42,16.8,-22.78,0.0,,8,,20260926
JRONY,"Jerónimo Martins, SGPS, S.A.",Consumer Defensive,Food Distribution,PNK,40.47,31806,12716366848,0.6294,40.53,43.82,-0.095,,,,,0.0,55.25,4,52.97,36.67,-23.6,0.0,,8,,20260926
PILBF,PLS Group Limited,Basic Materials,Other Industrial Metals & Mining,PNK,2.75,18877,8871354368,0.194,3.25,3.49,-2.571,,,,,0.0,6.25,4,4.8,1.5,-42.71,0.0,,8,,20260926
KRYAF,Kerry Group plc,Consumer Defensive,Packaged Foods,OID,96.4,125,15321705472,0.1302,95.81,87.45,4.5555,13.67,8.54,-21.48,-2.19,0.0,75.0,2,103.12,75.59,-6.51,0.0,,8,,20260926
NPNYY,Nippon Yusen Kabushiki Kaisha,Industrials,Marine Shipping,PNK,9.41,71084,18987317248,0.2341,8.46,7.26,4.0653,,,,,0.0,88.75,2,9.8,6.05,-3.98,0.0,,8,,20260926
TRU,TransUnion,Financial Services,Financial Data & Stock Exchanges,NYSE,,2279919,13252971520,2.1685,,,,,,,,0.0,17.0,3,89.12,63.37,,0.0,,8,,20260926
EFGSY,Eiffage SA,Industrials,Engineering & Construction,PNK,24.19,6509,11751504896,0.9009,26.82,29.04,-2.9193,,,,,0.0,12.5,4,35.58,23.64,-32.01,0.0,,8,,20260926
NIOIF,NIO Inc.,Consumer Cyclical,Auto Manufacturers,PNK,3.73,37,9346138112,0.0406,4.37,5.19,-15.8187,-33.01,-48.7,-63.64,-50.75,0.0,0.0,4,7.8,3.5,-52.18,0.0,,8,,20260926
LYSCF,Lynas Rare Earths Limited,Basic Materials,Other Industrial Metals & Mining,OQX,9.9,25398,9964375040,0.4558,10.82,11.83,-2.0276,,,,,0.0,12.5,4,16.2,7.8,-38.89,0.0,,8,,20260926
WHGRF,WH Group Limited,Consumer Defensive,Packaged Foods,PNK,0.8,24009,10603656192,0.0169,0.79,0.7,0.8066,-10.67,12.75,98.41,41.16,0.0,50.0,2,1.35,0.8,-40.66,0.0,,8,,20260926
OGFGF,Origin Energy Limited,Utilities,Utilities - Diversified,PNK,8.44,14,15000834048,0.0253,7.6,7.61,33.3249,5.85,-20.83,-7.47,-8.82,0.0,75.0,3,9.07,6.7,-6.95,0.0,,8,,20260926
MAS,Masco Corporation,Industrials,Building Products & Equipment,NYSE,,2433100,13576353792,1.6508,,,,,,,,0.0,19.5,3,83.64,58.16,,0.0,,8,,20260926
BAWAY,BAWAG Group AG,Unknown,Unknown,PNK,51.67,10228,15914055680,1.6363,51.05,43.06,0.3812,,,,,0.0,82.5,2,53.82,27.87,-3.99,0.0,,8,,20260926
UUGRY,United Utilities Group PLC,Utilities,Utilities - Regulated Water,PNK,37.22,31465,13824699392,0.5584,37.46,35.02,-0.4344,,,,,0.0,73.25,3,40.43,30.04,-7.94,0.0,,8,,20260926
LYSDY,Lynas Rare Earths Limited,Basic Materials,Other Industrial Metals & Mining,OQX,9.93,250561,9994570752,0.3878,10.79,11.83,-2.2266,,,,,0.0,8.75,4,16.18,8.08,-38.63,0.0,,8,,20260926
SNMCY,Suncorp Group Limited,Financial Services,Insurance - Property & Casualty,PNK,13.05,64092,13833670656,0.5238,13.47,12.03,-0.7977,,,,,0.0,73.25,3,15.66,9.43,-16.67,0.0,,8,,20260926
J,Jacobs Solutions Inc.,Industrials,Engineering & Construction,NYSE,,886709,16194631680,3.3223,,,,,,,,0.0,19.5,3,168.44,105.68,,0.0,,8,,20260926
BBIO,"BridgeBio Pharma, Inc.",Healthcare,Biotechnology,NASDAQ,,3144912,12818475008,2.8881,,,,,,,,0.0,18.25,3,93.42,48.88,,0.0,,8,,20260926
JLL,Jones Lang LaSalle Incorporated,Real Estate,Real Estate Services,NYSE,,358098,14810340352,9.5377,,,,,,,,0.0,19.5,3,393.84,259.83,,0.0,,8,,20260926
GLPI,"Gaming and Leisure Properties, Inc.",Real Estate,REIT - Specialty,NASDAQ,,3303141,11617652736,0.609,,,,,,,,0.0,18.25,3,49.95,38.32,,0.0,,8,,20260926
TLTZY,Tele2 AB (publ),Communication Services,Telecom Services,PNK,8.3,116492,11557633024,0.2331,8.63,9.17,-1.4149,,,,,0.0,62.75,3,11.61,7.39,-28.51,0.0,,8,,20260926
CSL,Carlisle Companies Incorporated,Industrials,Building Products & Equipment,NYSE,,583090,12961501184,9.6331,,,,,,,,0.0,18.25,3,432.91,293.43,,0.0,,8,,20260926
UNM,Unum Group,Financial Services,Insurance - Life,NYSE,,1612641,14578472960,2.3069,,,,,,,,0.0,22.0,3,96.77,69.02,,0.0,,8,,20260926
BWA,BorgWarner Inc.,Consumer Cyclical,Auto Parts,NYSE,,2254820,12488820736,1.8069,,,,,,,,0.0,19.5,3,78.82,40.5,,0.0,,8,,20260926
ARMK,Aramark,Industrials,Specialty Business Services,NYSE,,2554250,14478286848,1.3446,,,,,,,,0.0,19.5,3,62.65,35.07,,0.0,,8,,20260926
GPC,Genuine Parts Company,Consumer Cyclical,Auto Parts,NYSE,,1462261,17868003328,2.9946,,,,,,,,0.0,20.75,3,151.57,90.78,,0.0,,8,,20260926
SKHSY,"Sekisui House, Ltd.",Consumer Cyclical,Residential Construction,OID,21.42,39361,13888800768,0.5152,21.64,22.0,-0.4328,,,,,0.0,59.0,4,25.61,19.71,-16.36,0.0,,8,,20260926
TOST,"Toast, Inc.",Technology,Software - Infrastructure,NYSE,,10701017,17686800384,1.0127,,,,,,,,0.0,19.5,3,39.73,22.26,,0.0,,8,,20260926
EVR,Evercore Inc.,Financial Services,Capital Markets,NYSE,,497384,10110934016,8.4469,,,,,,,,0.0,19.5,3,388.71,254.31,,0.0,,8,,20260926
RRX,Regal Rexnord Corporation,Industrials,Specialty Industrial Machinery,NYSE,,1262877,10396834816,4.8969,,,,,,,,0.0,24.5,3,247.8,127.96,,0.0,,8,,20260926
OGFGY,Origin Energy Limited,Utilities,Utilities - Diversified,PNK,7.8,3311,13437431808,0.2477,7.88,7.8,-0.3171,-0.26,-28.37,-18.99,-17.59,0.0,72.0,3,9.7,7.07,-19.59,0.0,,8,,20260926
BVRDF,Bureau Veritas SA,Industrials,Consulting Services,PNK,32.23,23,14332709888,0.071,31.22,30.6,14.2766,4.78,-17.6,-5.41,-7.13,0.0,75.0,2,33.49,29.43,-3.76,0.0,,8,,20260926
ARCC,Ares Capital Corporation,Financial Services,Asset Management,NASDAQ,,4497123,13786039296,0.2507,,,,,,,,0.0,23.25,3,21.14,17.4,,0.0,,8,,20260926
SOLV,Solventum Corporation,Healthcare,Medical Instruments & Supplies,NYSE,,1096806,15235023872,1.9547,,,,,,,,0.0,24.5,3,94.16,62.38,,0.0,,8,,20260926
BBSEY,BB Seguridade Participações S.A.,Financial Services,Insurance - Diversified,PNK,7.59,141304,14734076928,0.2371,7.72,6.82,-0.5516,,,,,0.0,78.25,3,8.58,5.89,-11.54,0.0,,8,,20260926
SWRAY,Swire Pacific Limited,Industrials,Conglomerates,PNK,13.07,26690,47416918016,0.3298,12.79,10.66,0.8571,,,,,0.0,86.25,2,14.28,7.77,-8.47,0.0,,8,,20260926
LKREF,Link Real Estate Investment Trust,Real Estate,REIT - Retail,PNK,4.95,1249,12815540224,0.0764,4.95,4.8,0.0026,2.87,-12.07,-26.92,-14.28,0.0,77.5,2,5.51,4.2,-10.16,0.0,,8,,20260926
DSECF,Daiwa Securities Group Inc.,Financial Services,Capital Markets,PNK,12.88,3,9011810304,0.02,11.86,9.27,50.9779,28.18,46.56,41.45,39.92,0.0,75.0,2,12.88,6.49,0.0,0.0,,8,,20260926
TMTNF,Toromont Industries Ltd.,Industrials,Industrial Distribution,PNK,158.45,29385,12923619328,1.9699,151.56,146.17,3.4989,-10.84,-4.35,27.61,6.81,0.0,51.25,2,169.25,110.93,-6.38,0.0,,8,,20260926
AMIGF,Admiral Group plc,Financial Services,Insurance - Property & Casualty,PNK,53.0,66,15841806336,0.1402,51.08,43.54,13.7104,11.93,15.2,9.99,12.3,0.0,75.0,2,54.08,37.75,-2.0,0.0,,8,,20260926
TYL,"Tyler Technologies, Inc.",Technology,Software - Application,NYSE,,858901,13332831232,11.2746,,,,,,,,0.0,22.0,3,531.94,270.71,,0.0,,8,,20260926
SANM,Sanmina Corporation,Technology,Electronic Components,NASDAQ,,824895,12047078400,10.0077,,,,,,,,0.0,28.25,3,288.68,111.52,,0.0,,8,,20260926
CHUEF,"Chubu Electric Power Company, Incorporated",Utilities,Utilities - Diversified,PNK,16.85,34,12728293376,0.0026,16.96,3.95,-41.2804,-8.18,-207.26,-48.53,-94.0,0.0,37.0,3,17.45,13.65,-3.44,0.0,,8,,20260926
BDWBF,Budweiser Brewing Company APAC Limited,Consumer Defensive,Beverages - Brewers,PNK,0.81,1182,10663193600,0.012,0.81,0.91,0.0216,-4.98,-29.02,-32.53,-24.41,0.0,26.25,3,1.14,0.73,-29.3,0.0,,8,,20260926
ONON,On Holding AG,Consumer Cyclical,Footwear & Accessories,NYSE,,7975206,10013071360,1.0258,,,,,,,,0.0,20.75,3,51.08,26.36,,0.0,,8,,20260926
TMTNY,Toromont Industries Ltd.,Industrials,Industrial Distribution,PNK,31.98,55131,13041886208,1.1911,30.31,31.98,1.4003,,,,,0.0,63.75,3,48.0,24.0,-33.38,0.0,,8,,20260926
IESC,"IES Holdings, Inc.",Industrials,Engineering & Construction,NASDAQ,,432457,12916163584,15.0223,,,,,,,,0.0,24.5,3,408.25,170.06,,0.0,,8,,20260926
IAUGY,Insurance Australia Group Limited,Financial Services,Insurance - Property & Casualty,PNK,27.33,157,12779250688,0.7027,28.05,26.28,-1.0218,,,,,0.0,37.0,3,30.71,21.58,-11.01,0.0,,8,,20260926
TRMB,Trimble Inc.,Technology,Scientific & Technical Instruments,NASDAQ,,3057003,13489453056,1.4138,,,,,,,,0.0,23.25,3,84.42,47.92,,0.0,,8,,20260926
TME,Tencent Music Entertainment Group,Communication Services,Internet Content & Information,NYSE,,8437011,13673730048,0.1865,,,,,,,,0.0,23.25,3,24.25,7.7,,0.0,,8,,20260926
APLD,Applied Digital Corporation,Technology,Information Technology Services,NASDAQ,,18093219,7462974976,1.4818,,,,,,,,0.0,27.0,3,50.73,19.0,,0.0,,8,,20260926
FNF,"Fidelity National Financial, Inc.",Financial Services,Insurance - Specialty,NYSE,,1912936,11108546560,1.0236,,,,,,,,0.0,15.75,3,58.57,40.81,,0.0,,8,,20260926
RXLSF,Rexel S.A.,Technology,Electronics & Computer Distribution,PNK,40.55,952,11926930432,0.2424,41.64,41.39,-4.4819,-8.46,-12.51,7.08,-3.66,0.0,24.0,4,46.33,32.7,-12.48,0.0,,8,,20260926
OLYMY,Olympus Corporation,Healthcare,Medical Devices,PNK,12.88,49969,13689542656,0.283,12.47,11.25,1.465,,,,,0.0,82.5,2,13.73,8.08,-6.19,0.0,,8,,20260926
SWGAY,The Swatch Group AG,Consumer Cyclical,Luxury Goods,PNK,11.07,78695,11694882816,0.2042,11.25,11.52,-0.8746,,,,,0.0,30.25,4,13.97,9.29,-20.76,0.0,,8,,20260926
ERFSF,Eurofins Scientific SE,Healthcare,Diagnostics & Research,PNK,90.61,2253,15504479232,4.0338,82.97,77.51,1.8949,,,,,0.0,85.0,2,92.97,64.95,-2.54,0.0,,8,,20260926
ONTO,Onto Innovation Inc.,Technology,Semiconductor Equipment & Materials,NYSE,,1137168,17581545472,11.3931,,,,,,,,0.0,23.25,3,386.46,118.97,,0.0,,8,,20260926
SWGAF,The Swatch Group AG,Consumer Cyclical,Luxury Goods,PNK,211.1,17,10976361472,1.5565,219.34,226.43,-5.2916,-22.73,-17.63,-4.64,-13.71,0.0,24.0,4,285.61,185.0,-26.09,0.0,,8,,20260926
IAUGF,Insurance Australia Group Limited,Financial Services,Insurance - Property & Casualty,PNK,5.8,236,13560127488,0.0172,5.85,5.36,-3.1941,3.06,-1.81,-6.44,-2.44,0.0,62.0,3,6.39,5.08,-9.23,0.0,,8,,20260926
SNN,Smith & Nephew plc,Healthcare,Medical Devices,NYSE,,1720241,11262272512,0.47,,,,,,,,0.0,18.25,3,37.51,26.4,,0.0,,8,,20260926
NEXOF,"NEXON Co., Ltd.",Communication Services,Electronic Gaming & Multimedia,PNK,21.0,4,16356427776,0.2252,15.62,19.26,23.8759,43.84,-6.87,-14.22,2.87,0.0,75.0,3,27.04,13.3,-22.34,0.0,,8,,20260926
SYIEY,Symrise AG,Basic Materials,Specialty Chemicals,PNK,26.54,51649,14563048448,0.46,25.89,22.76,1.4065,,,,,0.0,80.0,2,27.31,19.31,-2.82,0.0,,8,,20260926
BBY,"Best Buy Co., Inc.",Consumer Cyclical,Specialty Retail,NYSE,,3740925,18982453248,2.9179,,,,,,,,0.0,23.25,3,96.53,55.1,,0.0,,8,,20260926
SOLS,"Solstice Advanced Materials, Inc.",Basic Materials,Specialty Chemicals,NASDAQ,,3469731,8998704128,1.8368,,,,,,,,0.0,17.0,3,90.8,40.43,,0.0,,8,,20260926
ALLY,Ally Financial Inc.,Financial Services,Credit Services,NYSE,,3211204,11799906304,0.9595,,,,,,,,0.0,22.0,3,47.29,35.92,,0.0,,8,,20260926
AEG,Aegon Ltd.,Financial Services,Insurance - Diversified,NYSE,,4675474,13157116928,0.1169,,,,,,,,0.0,17.0,3,9.61,6.75,,0.0,,8,,20260926
OSCUF,"Japan Exchange Group, Inc.",Financial Services,Financial Data & Stock Exchanges,PNK,14.7,260,15027789824,0.3505,14.48,12.82,0.6328,11.93,7.65,40.78,21.97,0.0,77.5,2,15.25,9.6,-3.61,0.0,,8,,20260926
IGIFF,IGM Financial Inc.,Financial Services,Asset Management,PNK,62.12,26736,14342806528,0.5637,62.5,53.44,-0.6808,10.17,16.3,53.9,29.81,0.0,67.0,3,65.17,36.09,-4.68,0.0,,8,,20260926
PEN,"Penumbra, Inc.",Healthcare,Medical Devices,NYSE,,354846,12560893952,1.7982,,,,,,,,0.0,23.25,3,362.41,221.26,,0.0,,8,,20260926
ARXCY,ARC Resources Ltd.,Energy,Oil & Gas E&P,PNK,26.96,114,15255961600,0.2056,24.24,26.96,13.2093,23.25,6.22,18.85,15.53,0.0,75.0,3,26.96,12.58,-0.0,0.0,,8,,20260926
SMMT,Summit Therapeutics Inc.,Healthcare,Biotechnology,NASDAQ,,5108228,12452871168,0.8983,,,,,,,,0.0,24.5,3,29.23,12.07,,0.0,,8,,20260926
AETUF,ARC Resources Ltd.,Energy,Oil & Gas E&P,PNK,23.0,141984,13886547968,0.4932,22.09,19.3,1.8536,17.51,31.86,1.48,16.12,0.0,93.75,2,24.8,15.5,-7.26,0.0,,8,,20260926
LFABF,Lifco AB (publ),Industrials,Conglomerates,PNK,31.45,17,14286237696,0.0841,32.62,31.92,-13.8922,-5.58,-18.23,-22.33,-16.71,0.0,49.0,4,37.7,28.36,-16.57,0.0,,8,,20260926
RPM,RPM International Inc.,Basic Materials,Specialty Chemicals,NYSE,,1184007,12820463616,2.1623,,,,,,,,0.0,17.0,3,121.94,92.92,,0.0,,8,,20260926
MSLOY,"Mitsui O.S.K. Lines, Ltd.",Industrials,Marine Shipping,PNK,22.76,39139,15641589760,0.6325,20.92,18.37,2.9079,,,,,0.0,86.25,2,24.3,13.71,-6.34,0.0,,8,,20260926
ENLT,Enlight Renewable Energy Ltd,Utilities,Utilities - Renewable,NASDAQ,,202403,9719150592,1.809,,,,,,,,0.0,22.0,3,108.65,28.05,,0.0,,8,,20260926
MKC,"McCormick & Company, Incorporated",Consumer Defensive,Packaged Foods,NYSE,,3204100,12888742912,1.17,,,,,,,,0.0,18.25,3,72.41,44.82,,0.0,,8,,20260926
SKHSF,"Sekisui House, Ltd.",Consumer Cyclical,Residential Construction,OID,19.98,1596,12953803776,0.9061,21.01,21.31,-1.1402,0.3,-29.36,-25.37,-20.35,0.0,51.5,3,25.27,18.78,-20.94,0.0,,8,,20260926
GFL,GFL Environmental Inc.,Industrials,Waste Management,NYSE,,2885965,15254834176,1.1547,,,,,,,,0.0,20.75,3,47.66,33.33,,0.0,,8,,20260926
PAYP,PayPay Corporation,Technology,Software - Infrastructure,NASDAQ,,849860,11179632640,0.7654,,,,,,,,0.0,27.0,3,24.89,12.07,,0.0,,8,,20260926
VARRY,Vår Energi ASA,Energy,Oil & Gas E&P,PNK,10.8,31047,13479749632,0.3971,10.21,8.62,1.4875,-2.92,2.05,65.17,26.06,0.0,81.25,2,12.0,6.03,-10.0,0.0,,8,,20260926
RGC,Regencell Bioscience Holdings Limited,Healthcare,Drug Manufacturers - Specialty & Generic,NCM,,301123,0,0.4346,,,,,,,,0.0,25.75,3,69.0,4.51,,0.0,,8,,20260926
SYIEF,Symrise AG,Basic Materials,Specialty Chemicals,PNK,102.1,134,14006095872,0.7955,102.37,90.84,-0.3374,-3.09,11.63,0.56,3.52,0.0,63.25,3,111.29,76.31,-8.26,0.0,,8,,20260926
NDEKF,Nitto Denko Corporation,Basic Materials,Specialty Chemicals,PNK,21.4,528,14156609536,0.2338,20.64,20.96,3.2425,16.03,-12.56,-23.79,-9.91,0.0,78.75,3,25.7,17.72,-16.73,0.0,,8,,20260926
DVA,DaVita Inc.,Healthcare,Medical Care Facilities,NYSE,,831646,11386386432,5.5485,,,,,,,,0.0,23.25,3,247.49,101.0,,0.0,,8,,20260926
JPXGY,"Japan Exchange Group, Inc.",Financial Services,Financial Data & Stock Exchanges,PNK,15.26,142892,15600277504,0.4227,14.06,12.47,2.8499,,,,,0.0,85.0,2,15.27,10.19,-0.07,0.0,,8,,20260926
TOL,"Toll Brothers, Inc.",Consumer Cyclical,Residential Construction,NYSE,,957879,12655468544,3.5885,,,,,,,,0.0,18.25,3,168.36,123.15,,0.0,,8,,20260926
SEGXF,SEGRO Plc,Real Estate,REIT - Industrial,PNK,12.59,7195,17034248192,0.1848,12.66,10.66,-0.3994,4.74,14.3,29.3,17.91,0.0,65.75,3,13.31,8.2,-5.41,0.0,,8,,20260926
TIAJF,Telecom Italia S.p.A.,Communication Services,Telecom Services,PNK,0.96,0,0,0.0,0.96,0.86,0.0,-4.74,-4.34,47.63,16.35,0.0,62.0,3,0.96,0.58,0.0,0.0,,8,,20260926
TIIAY,Telecom Italia S.p.A.,Communication Services,Telecom Services,PNK,8.23,40580,17556727808,0.1869,8.76,7.92,-2.8226,,,,,0.0,28.75,3,11.2,5.11,-26.52,0.0,,8,,20260926
NIO,NIO Inc.,Consumer Cyclical,Auto Manufacturers,NYSE,,29949271,8970288128,0.0954,,,,,,,,0.0,19.5,3,8.02,3.55,,0.0,,8,,20260926
SNNUF,Smith & Nephew plc,Healthcare,Medical Devices,PNK,13.74,463,11500826624,0.136,15.13,15.49,-10.2098,0.15,-30.48,-32.69,-23.71,0.0,25.0,4,18.5,13.1,-25.73,0.0,,8,,20260926
DSEEY,Daiwa Securities Group Inc.,Financial Services,Capital Markets,PNK,11.35,28295,15760254976,0.3407,11.52,10.16,-0.5131,11.43,-2.63,19.82,9.87,0.0,74.5,3,12.58,7.37,-9.78,0.0,,8,,20260926
CRBG,"Corebridge Financial, Inc.",Financial Services,Asset Management,NYSE,,4212550,15543951360,0.76,,,,,,,,0.0,28.25,3,35.64,22.19,,0.0,,8,,20260926
CHKIF,China Southern Airlines Company Limited,Industrials,Airlines,PNK,0.39,3528,7067177984,0.0067,0.42,0.55,-4.748,-21.76,-34.42,-38.92,-33.05,0.0,0.0,4,0.82,0.35,-52.44,0.0,,8,,20260926
DPMAY,Diploma PLC,Industrials,Industrial Distribution,PNK,25.94,82423,13913680896,0.9814,24.82,21.66,1.1403,,,,,0.0,91.25,2,27.62,16.0,-6.08,0.0,,8,,20260926
STRNY,Severn Trent PLC,Utilities,Utilities - Regulated Water,PNK,41.35,18152,12489428992,0.6559,41.67,40.49,-0.4942,,,,,0.0,75.75,3,45.46,34.46,-9.04,0.0,,8,,20260926
AEOXF,Aeroports de Paris SA,Industrials,Airports & Air Services,PNK,132.12,54,13069728768,0.4058,130.46,128.07,4.1003,-6.09,-4.46,-9.12,-6.73,0.0,75.0,2,159.48,112.58,-17.16,0.0,,8,,20260926
HII,"Huntington Ingalls Industries, Inc.",Industrials,Aerospace & Defense,NYSE,,477588,10403602432,6.9123,,,,,,,,0.0,18.25,3,460.0,261.71,,0.0,,8,,20260926
SCRNY,"SCREEN Holdings Co., Ltd.",Technology,Semiconductor Equipment & Materials,PNK,16.64,101,15727380480,0.2201,17.14,16.64,-2.3055,-6.19,13.88,13.88,8.86,0.0,37.0,3,23.22,11.38,-28.36,0.0,,8,,20260926
AIZ,"Assurant, Inc.",Financial Services,Insurance - Property & Casualty,NYSE,,374292,13070798848,6.0823,,,,,,,,0.0,18.25,3,303.94,206.03,,0.0,,8,,20260926
DINRF,"SCREEN Holdings Co., Ltd.",Technology,Semiconductor Equipment & Materials,PNK,82.75,133,15647016960,1.0543,85.36,41.25,-2.4777,20.41,-711.58,1689.76,431.95,0.0,62.0,3,112.0,38.12,-26.12,0.0,,8,,20260926
EXEL,"Exelixis, Inc.",Healthcare,Biotechnology,NASDAQ,,2465342,14410983424,1.6846,,,,,,,,0.0,25.75,3,59.72,33.76,,0.0,,8,,20260926
DINO,HF Sinclair Corporation,Energy,Oil & Gas Refining & Marketing,NYSE,,2795869,18990870528,5.0762,,,,,,,,0.0,23.25,3,118.39,45.71,,0.0,,8,,20260926
AEGOF,Aegon Ltd.,Financial Services,Insurance - Diversified,PNK,9.21,39,13630713856,0.0204,8.84,7.88,18.1293,8.01,21.72,1.32,10.13,0.0,75.0,2,9.56,6.8,-3.66,0.0,,8,,20260926
RNR,RenaissanceRe Holdings Ltd.,Financial Services,Insurance - Reinsurance,NYSE,,316587,13529295872,5.7659,,,,,,,,0.0,22.0,3,340.24,231.17,,0.0,,8,,20260926
FUTU,Futu Holdings Limited,Financial Services,Capital Markets,NASDAQ,,1301217,15683558400,2.7338,,,,,,,,0.0,18.25,3,202.53,80.5,,0.0,,8,,20260926
GGG,Graco Inc.,Industrials,Specialty Industrial Machinery,NYSE,,1808203,12609724416,1.0869,,,,,,,,0.0,20.75,3,95.69,72.51,,0.0,,8,,20260926
RXEEY,Rexel S.A.,Technology,Electronics & Computer Distribution,PNK,42.49,12587,12497541120,1.2577,42.36,41.23,0.105,,,,,0.0,71.25,2,47.13,32.07,-9.85,0.0,,8,,20260926
CNH,CNH Industrial N.V.,Industrials,Farm & Heavy Construction Machinery,NYSE,,17582433,21050798080,0.5269,,,,,,,,0.0,24.5,3,14.46,9.0,,0.0,,8,,20260926
NDEKY,Nitto Denko Corporation,Basic Materials,Specialty Chemicals,PNK,22.6,66414,14950438912,0.86,21.42,21.2,1.37,,,,,0.0,87.5,2,26.48,17.75,-14.65,0.0,,8,,20260926
NTNX,"Nutanix, Inc.",Technology,Software - Infrastructure,NASDAQ,,2974860,18406889472,1.7798,,,,,,,,0.0,24.5,3,78.45,34.01,,0.0,,8,,20260926
IONS,"Ionis Pharmaceuticals, Inc.",Healthcare,Biotechnology,NASDAQ,,3692358,7395202048,2.5238,,,,,,,,0.0,19.5,3,86.74,43.01,,0.0,,8,,20260926
PNW,Pinnacle West Capital Corporation,Utilities,Utilities - Regulated Electric,NYSE,,1129592,11118633984,1.4223,,,,,,,,0.0,19.5,3,111.16,85.91,,0.0,,8,,20260926
HAS,"Hasbro, Inc.",Consumer Cyclical,Leisure,NASDAQ,,1916968,12424606720,2.0923,,,,,,,,0.0,20.75,3,106.98,69.5,,0.0,,8,,20260926
DKNG,DraftKings Inc.,Consumer Cyclical,Gambling,NASDAQ,,11904934,10931918848,1.0796,,,,,,,,0.0,20.75,3,43.66,20.35,,0.0,,8,,20260926
TDHOY,"T&D Holdings, Inc.",Financial Services,Insurance - Life,PNK,16.98,866,16114239488,0.3957,15.36,13.37,4.092,10.54,20.99,12.59,15.02,0.0,78.75,2,17.04,9.86,-0.35,0.0,,8,,20260926
SBHGF,"SBI Holdings, Inc.",Financial Services,Financial Conglomerates,PNK,20.53,6393,13270421504,1.2649,19.49,19.82,0.8235,17.47,-8.74,-71.12,-27.14,0.0,92.5,3,51.44,15.01,-60.09,0.0,,8,,20260926
RYKKY,"Ryohin Keikaku Co., Ltd.",Consumer Cyclical,Department Stores,PNK,11.8,3234,12556259328,1.1766,13.67,11.63,-1.5885,5.56,-11.42,-2.28,-3.52,0.0,66.25,3,15.39,8.76,-23.33,0.0,,8,,20260926
SWKS,"Skyworks Solutions, Inc.",Technology,Semiconductors,NASDAQ,,6295006,13443237888,5.5938,,,,,,,,0.0,28.25,3,92.8,51.93,,0.0,,8,,20260926
SBMFF,Sino Biopharmaceutical Limited,Healthcare,Biotechnology,PNK,0.69,753,12377917440,0.0041,0.67,0.74,6.3545,12.14,-24.7,-56.27,-28.12,0.0,63.25,3,1.09,0.59,-36.24,0.0,,8,,20260926
MEDP,"Medpace Holdings, Inc.",Healthcare,Diagnostics & Research,NASDAQ,,286107,17273966592,14.3733,,,,,,,,0.0,22.0,3,677.9,373.0,,0.0,,8,,20260926
AEIS,"Advanced Energy Industries, Inc.",Industrials,Electrical Equipment & Parts,NASDAQ,,721922,11201306624,10.9862,,,,,,,,0.0,24.5,3,397.44,163.13,,0.0,,8,,20260926
UDR,"UDR, Inc.",Real Estate,REIT - Residential,NYSE,,3414311,12431605760,0.5674,,,,,,,,0.0,15.75,3,42.0,32.94,,0.0,,8,,20260926
DY,"Dycom Industries, Inc.",Industrials,Engineering & Construction,NYSE,,629311,8189302272,11.3823,,,,,,,,0.0,19.5,3,566.47,270.48,,0.0,,8,,20260926
BLMOY,BELIMO Holding AG,Industrials,Building Products & Equipment,PNK,9.82,316,12078569472,0.1306,10.41,9.82,-4.5411,-20.53,-0.21,-6.15,-7.66,0.0,26.25,3,12.75,7.68,-22.98,0.0,,8,,20260926
ELS,"Equity LifeStyle Properties, Inc.",Real Estate,REIT - Residential,NYSE,,1527285,11876260864,0.9231,,,,,,,,0.0,15.75,3,69.0,58.72,,0.0,,8,,20260926
OCPNF,Olympus Corporation,Healthcare,Medical Devices,PNK,12.13,687,12892402688,0.0875,12.34,10.99,-2.4447,16.44,27.38,-17.26,6.79,0.0,62.0,3,14.0,8.0,-13.36,0.0,,8,,20260926
RICFY,Recordati Industria Chimica e Farmaceutica S.p.A.,Healthcare,Drug Manufacturers - General,PNK,15.22,1403,12469021696,0.3487,14.8,13.81,1.2055,0.08,-1.82,-12.1,-5.46,0.0,76.25,2,17.16,9.29,-11.31,0.0,,8,,20260926
ACCYY,Accor SA,Consumer Cyclical,Lodging,PNK,10.39,29682,11914749952,0.2181,10.72,10.52,-1.5315,-16.24,-4.37,-5.9,-7.95,0.0,32.75,4,12.05,8.71,-13.78,0.0,,8,,20260926
PTAIY,PT Astra International Tbk,Industrials,Conglomerates,PNK,5.24,207068,10459056128,0.1391,5.48,6.56,-1.7094,,,,,0.0,38.25,4,8.79,5.02,-40.39,0.0,,8,,20260926
ATGFF,AltaGas Ltd.,Energy,Oil & Gas Midstream,OQX,36.93,61844,11522365440,0.4347,38.31,35.27,-3.1715,,,,,0.0,68.25,3,40.62,28.13,-9.08,0.0,,8,,20260926
VICR,Vicor Corporation,Technology,Electronic Components,NASDAQ,,922523,13000253440,15.2869,,,,,,,,0.0,25.75,3,382.65,47.56,,0.0,,8,,20260926
CCRDF,"Yokohama Financial Group, Inc.",Financial Services,Banks - Regional,PNK,12.13,341,13464046592,0.0381,11.61,2.79,13.6532,12.46,-225.7,-6.25,-78.38,0.0,75.0,2,12.2,7.33,-0.57,0.0,,8,,20260926
AVY,Avery Dennison Corporation,Consumer Cyclical,Packaging & Containers,NYSE,,913023,12909752320,3.5885,,,,,,,,0.0,22.0,3,199.54,152.42,,0.0,,8,,20260926
SAPIF,Saputo Inc.,Consumer Defensive,Packaged Foods,PNK,28.72,49342,11400160256,0.3678,28.96,29.6,-0.6655,,,,,0.0,35.25,4,32.49,23.69,-11.6,0.0,,8,,20260926
PRBKY,Piraeus Bank S.A.,Financial Services,Banks - Regional,OID,11.92,25336,14685476864,0.8805,11.53,11.92,0.4383,,,,,0.0,83.75,3,13.62,7.83,-12.48,0.0,,8,,20260926
COO,"The Cooper Companies, Inc.",Healthcare,Medical Instruments & Supplies,NASDAQ,,2963103,10530800640,2.1877,,,,,,,,0.0,20.75,3,89.83,51.01,,0.0,,8,,20260926
OROVY,Orient Overseas (International) Limited,Industrials,Marine Shipping,PNK,97.8,87,12916901888,0.687,94.48,85.54,4.8264,23.93,-4.19,9.71,8.4,0.0,75.0,2,110.1,76.25,-11.17,0.0,,8,,20260926
ACRFF,Accor SA,Consumer Cyclical,Lodging,PNK,51.6,296,11834476544,0.4957,53.24,52.25,-3.3106,-14.76,-9.12,-4.36,-8.63,0.0,24.0,4,59.55,45.05,-13.35,0.0,,8,,20260926
CPYYY,Centrica plc,Utilities,Utilities - Independent Power Producers,PNK,8.02,124161,9261995008,0.2193,8.42,9.74,-1.8114,,,,,0.0,23.25,4,12.15,7.79,-33.99,0.0,,8,,20260926
HKTTY,HKT Trust and HKT Limited,Communication Services,Telecom Services,PNK,15.49,288,11741741056,0.1133,15.32,14.49,1.4884,-0.33,-1.45,-16.84,-7.33,0.0,76.25,2,17.9,12.61,-13.46,0.0,,8,,20260926
ZBRA,Zebra Technologies Corporation,Technology,Communication Equipment,NASDAQ,,709550,17506836480,10.1954,,,,,,,,0.0,23.25,3,386.23,199.05,,0.0,,8,,20260926
TFII,TFI International Inc.,Industrials,Trucking,NYSE,,286185,9953575936,3.2308,,,,,,,,0.0,22.0,3,167.69,80.63,,0.0,,8,,20260926
SAIA,"Saia, Inc.",Industrials,Trucking,NASDAQ,,430904,8625907712,11.0131,,,,,,,,0.0,22.0,3,494.71,249.32,,0.0,,8,,20260926
IMPUF,Impala Platinum Holdings Limited,Basic Materials,Other Precious Metals & Mining,OQX,13.02,333,11686342656,0.1663,11.76,13.61,7.5885,24.51,-10.52,9.1,6.08,0.0,62.0,3,23.71,10.2,-45.09,0.0,,8,,20260926
PAC,"Grupo Aeroportuario del Pacífico, S.A.B. de C.V.",Industrials,Airports & Air Services,NYSE,,130888,12848823296,5.3215,,,,,,,,0.0,23.25,3,300.41,196.99,,0.0,,8,,20260926
BLHWF,BELIMO Holding AG,Industrials,Building Products & Equipment,PNK,922.8,0,11350411264,14.805,1172.28,1046.51,-16.8511,-27.84,-7.19,-19.94,-17.45,0.0,0.0,4,1200.0,600.0,-23.1,0.0,,8,,20260926
DLVHF,Delivery Hero SE,Consumer Cyclical,Internet Retail,PNK,40.02,4531,12264147968,0.3111,41.88,32.11,-5.9826,-7.13,111.55,13.86,42.81,0.0,62.0,3,46.49,17.48,-13.92,0.0,,8,,20260926
AXSM,"Axsome Therapeutics, Inc.",Healthcare,Biotechnology,NASDAQ,,803574,10218973184,8.8112,,,,,,,,0.0,22.0,3,260.19,115.72,,0.0,,8,,20260926
APTV,Aptiv PLC,Consumer Cyclical,Auto Parts,NYSE,,4053969,9299897344,1.3531,,,,,,,,0.0,23.25,3,88.93,42.99,,0.0,,8,,20260926
FIVE,"Five Below, Inc.",Consumer Cyclical,Specialty Retail,NASDAQ,,1148325,12255029248,9.6677,,,,,,,,0.0,19.5,3,263.88,137.77,,0.0,,8,,20260926
GL,Globe Life Inc.,Financial Services,Insurance - Life,NYSE,,559236,12836931584,3.5208,,,,,,,,0.0,19.5,3,191.55,127.85,,0.0,,8,,20260926
NYT,The New York Times Company,Communication Services,Publishing,NYSE,,2351558,10294731776,2.4846,,,,,,,,0.0,24.5,3,87.1,54.1,,0.0,,8,,20260926
VIAV,Viavi Solutions Inc.,Technology,Communication Equipment,NASDAQ,,5372807,10037782528,1.9831,,,,,,,,0.0,20.75,3,60.43,12.17,,0.0,,8,,20260926
YSHLF,Yangzijiang Shipbuilding (Holdings) Ltd.,Industrials,Aerospace & Defense,PNK,3.83,1052,15093994496,0.0527,3.47,3.06,6.7723,40.89,2.29,30.38,23.18,0.0,78.75,2,4.29,2.44,-10.72,0.0,,8,,20260926
RCDTF,Recordati Industria Chimica e Farmaceutica S.p.A.,Healthcare,Drug Manufacturers - General,PNK,58.0,0,11879159808,0.0017,58.0,59.3,0.0,-4.74,-14.24,-26.28,-16.68,0.0,37.0,3,65.44,55.88,-11.37,0.0,,8,,20260926
NRDXF,Nordex SE,Industrials,Specialty Industrial Machinery,PNK,45.25,11,10718461952,0.0409,46.35,46.26,-26.7861,-15.31,-30.04,75.63,15.91,0.0,24.0,4,56.8,23.5,-20.33,0.0,,8,,20260926
GPAEF,"Grupo Aeroportuario del Pacífico, S.A.B. de C.V.",Industrials,Airports & Air Services,PNK,20.82,272,12388278272,0.1352,21.05,24.22,-1.7372,-23.09,-30.1,-35.12,-30.35,0.0,12.0,4,29.55,20.13,-29.54,0.0,,8,,20260926
IMPUY,Impala Platinum Holdings Limited,Basic Materials,Other Precious Metals & Mining,OQX,12.6,160752,11309363200,0.6297,13.08,14.63,-0.7648,,,,,0.0,43.25,3,23.5,10.04,-46.38,0.0,,8,,20260926
PNR,Pentair plc,Industrials,Specialty Industrial Machinery,NYSE,,3353839,8564135936,1.3908,,,,,,,,0.0,15.75,3,113.95,52.64,,0.0,,8,,20260926
QXO,"QXO, Inc.",Industrials,Industrial Distribution,NYSE,,22027952,12896009216,0.5231,,,,,,,,0.0,20.75,3,27.61,11.14,,0.0,,8,,20260926
FSPKF,Fisher & Paykel Healthcare Corporation Limited,Healthcare,Medical Instruments & Supplies,PNK,25.6,444,15059016704,0.0827,24.62,22.88,11.8738,8.94,-6.19,11.01,4.47,0.0,75.0,2,26.53,19.01,-3.51,0.0,,8,,20260926
JHX,James Hardie Industries plc,Basic Materials,Building Materials,NYSE,,8848344,15151637504,1.0954,,,,,,,,0.0,19.5,3,31.43,16.46,,0.0,,8,,20260926
JHIUF,James Hardie Industries plc,Basic Materials,Building Materials,PNK,27.89,2061,16190772224,0.2465,28.37,23.41,-1.9644,6.91,24.18,28.71,21.68,0.0,62.0,3,31.0,17.58,-10.03,0.0,,8,,20260926
SITIF,SITC International Holdings Company Limited,Industrials,Marine Shipping,PNK,6.1,398,16412827648,0.0946,4.19,2.82,20.212,93.15,174.05,261.68,188.88,0.0,75.0,2,6.1,3.31,-0.0,0.0,,8,,20260926
DT,"Dynatrace, Inc.",Technology,Software - Application,NYSE,,6348498,16818762752,1.7011,,,,,,,,0.0,27.0,3,59.41,31.64,,0.0,,8,,20260926
CPYYF,Centrica plc,Utilities,Utilities - Independent Power Producers,PNK,2.0,447,9238897664,0.0087,2.13,2.42,-14.7881,-20.7,-41.06,-29.97,-31.53,0.0,1.25,4,2.9,1.94,-31.03,0.0,,8,,20260926
FIG,"Figma, Inc.",Technology,Software - Application,NYSE,,19675217,11113255936,1.1775,,,,,,,,0.0,18.25,3,71.48,16.6,,0.0,,8,,20260926
IVZ,Invesco Ltd.,Financial Services,Asset Management,NYSE,,4486757,13651173376,0.83,,,,,,,,0.0,22.0,3,33.66,20.67,,0.0,,8,,20260926
EQH,"Equitable Holdings, Inc.",Financial Services,Asset Management,NYSE,,2943280,14685710336,1.1945,,,,,,,,0.0,25.75,3,55.06,35.2,,0.0,,8,,20260926
DRS,"Leonardo DRS, Inc.",Industrials,Aerospace & Defense,NASDAQ,,1011225,9917688832,0.9931,,,,,,,,0.0,22.0,3,50.59,32.43,,0.0,,8,,20260926
GDDY,GoDaddy Inc.,Technology,Software - Infrastructure,NYSE,,2184633,12302558208,5.561,,,,,,,,0.0,25.75,3,142.49,71.59,,0.0,,8,,20260926
PRDSY,Prada S.p.A.,Consumer Cyclical,Luxury Goods,PNK,9.92,11255,12758897664,0.212,10.26,9.99,-1.595,,,,,0.0,34.0,4,12.96,8.9,-23.46,0.0,,8,,20260926
CRDIY,"Yokohama Financial Group, Inc.",Financial Services,Banks - Regional,PNK,34.22,1926,12661163008,1.157,35.39,30.56,-1.0107,-3.34,3.86,51.97,21.3,0.0,65.75,3,39.91,19.93,-14.26,0.0,,8,,20260926
IVPAF,Ivanhoe Mines Ltd.,Basic Materials,Other Industrial Metals & Mining,OQX,8.52,421334,12152699904,0.4245,8.33,9.31,0.4551,,,,,0.0,73.25,3,15.0,6.75,-43.2,0.0,,8,,20260926
DPLMF,Diploma PLC,Industrials,Industrial Distribution,PNK,98.18,71,13165431808,0.4609,97.45,86.14,1.593,1.64,8.6,14.69,9.3,0.0,76.25,2,100.0,72.05,-1.82,0.0,,8,,20260926
SVTMF,SM Investments Corporation,Consumer Cyclical,Department Stores,PNK,9.0,15,10898006016,0.0255,9.76,10.59,-29.8891,-16.09,-35.58,-45.74,-34.77,0.0,0.0,4,12.64,9.0,-28.81,0.0,,8,,20260926
HAGHY,Hensoldt AG,Industrials,Aerospace & Defense,PNK,8.63,109023,9967650816,0.2513,9.59,9.18,-3.8006,14.79,-14.75,-41.08,-17.9,0.0,43.25,3,13.74,7.18,-37.19,0.0,,8,,20260926
BDWBY,Budweiser Brewing Company APAC Limited,Consumer Defensive,Beverages - Brewers,PNK,3.2,1355,10583815168,0.1016,3.21,3.51,-0.0707,-8.76,-23.3,-37.13,-25.2,0.0,30.25,4,4.29,2.8,-25.41,0.0,,8,,20260926
SVTRF,Severn Trent PLC,Utilities,Utilities - Regulated Water,PNK,40.7,33,12293102592,0.1588,40.27,39.98,2.7137,1.72,-23.94,0.98,-7.56,0.0,75.0,2,43.55,34.52,-6.54,0.0,,8,,20260926
MDGL,"Madrigal Pharmaceuticals, Inc.",Healthcare,Biotechnology,NASDAQ,,335068,11934667776,16.7985,,,,,,,,0.0,19.5,3,615.0,393.61,,0.0,,8,,20260926
HUT,Hut 8 Corp.,Financial Services,Capital Markets,NASDAQ,,4770985,11933981696,7.1583,,,,,,,,0.0,23.25,3,140.8,31.67,,0.0,,8,,20260926
CNA,CNA Financial Corporation,Financial Services,Insurance - Property & Casualty,NYSE,,493315,12442230784,0.9523,,,,,,,,0.0,19.5,3,55.71,41.53,,0.0,,8,,20260926
HKTTF,HKT Trust and HKT Limited,Communication Services,Telecom Services,PNK,1.66,15,12583144448,0.0047,1.62,1.5,7.6385,-2.12,6.38,-3.25,0.4,0.0,75.0,2,2.0,1.13,-17.0,0.0,,8,,20260926
SWK,"Stanley Black & Decker, Inc.",Industrials,Tools & Accessories,NYSE,,1760012,13802920960,2.2746,,,,,,,,0.0,19.5,3,104.68,61.9,,0.0,,8,,20260926
SITIY,SITC International Holdings Company Limited,Industrials,Marine Shipping,PNK,62.88,401,16919475200,1.4695,53.75,42.81,6.2129,50.53,34.54,68.36,52.07,0.0,77.5,2,64.0,32.19,-1.75,0.0,,8,,20260926
GWRE,"Guidewire Software, Inc.",Technology,Software - Application,NYSE,,1392607,11934853120,6.2815,,,,,,,,0.0,20.75,3,255.89,102.3,,0.0,,8,,20260926
PRDSF,Prada S.p.A.,Consumer Cyclical,Luxury Goods,PNK,4.75,1150,12423967744,0.0833,5.04,4.96,-3.5226,-8.58,-18.83,-37.12,-23.58,0.0,38.25,4,6.4,4.35,-25.78,0.0,,8,,20260926
MIUFY,Mitsubishi HC Capital Inc.,Financial Services,Credit Services,PNK,17.4,28,12474056704,0.0052,17.4,17.26,0.0,3.47,-18.7,-6.99,-8.47,0.0,75.0,3,19.85,13.8,-12.34,0.0,,8,,20260926
NRXXY,Nordex SE,Industrials,Specialty Industrial Machinery,PNK,22.33,207,10578707456,0.2723,22.53,22.93,-0.7503,-28.26,-31.51,76.83,12.64,0.0,24.0,4,29.54,11.53,-24.41,0.0,,8,,20260926
DELHY,Delivery Hero SE,Consumer Cyclical,Internet Retail,PNK,4.09,100300,12533824512,0.0593,4.23,3.22,-2.3105,,,,,0.0,70.75,3,4.68,1.68,-12.61,0.0,,8,,20260926
TDHOF,"T&D Holdings, Inc.",Financial Services,Insurance - Life,PNK,29.91,1,14193675264,0.0032,29.91,-1.04,0.0,-5.85,-181.7,-78.27,-96.37,0.0,50.0,3,30.25,21.49,-1.12,0.0,,8,,20260926
HNSDF,Hensoldt AG,Industrials,Aerospace & Defense,PNK,105.19,14,12149560320,0.1564,97.88,92.28,46.7563,23.22,4.66,-24.65,-2.42,0.0,75.0,2,131.65,77.5,-20.1,0.0,,8,,20260926
WSOUF,Washington H. Soul Pattinson and Company Limited,Financial Services,Capital Markets,PNK,33.79,28,12838435840,0.1515,31.23,27.92,16.8831,4.62,12.48,37.75,20.62,0.0,75.0,2,33.79,21.89,-0.0,0.0,,8,,20260926
AGRPY,Absa Group Limited,Financial Services,Banks - Regional,PNK,26.51,285,10976404480,0.3682,26.5,27.26,0.0137,-12.18,-13.77,18.1,-0.62,0.0,63.25,3,33.99,20.79,-22.01,0.0,,8,,20260926
AGNCZ,AGNC Investment Corp.,Real Estate,REIT - Mortgage,NASDAQ,,41296,0,0.1577,,,,,,,,0.0,18.25,3,26.37,24.58,,0.0,,8,,20260926
AGNCP,AGNC Investment Corp.,Real Estate,REIT - Mortgage,NASDAQ,25.23,51403,0,0.1086,25.28,24.37,-0.5061,,,,,0.0,75.75,3,25.54,23.62,-1.21,0.0,,8,,20260926
AGNCL,AGNC Investment Corp.,Real Estate,REIT - Mortgage,NASDAQ,,12769,0,0.1553,,,,,,,,0.0,27.0,3,25.5,23.61,,0.0,,8,,20260926
AGNCO,AGNC Investment Corp.,Real Estate,REIT - Mortgage,NASDAQ,25.61,28809,0,0.0783,25.59,24.78,0.2239,,,,,0.0,82.5,2,25.74,24.39,-0.51,0.0,,8,,20260926
AGNC,AGNC Investment Corp.,Real Estate,REIT - Mortgage,NASDAQ,,23385095,11404332032,0.2262,,,,,,,,0.0,17.0,3,12.19,9.51,,0.0,,8,,20260926
ALGN,"Align Technology, Inc.",Healthcare,Medical Instruments & Supplies,NASDAQ,,939031,10427230208,4.1308,,,,,,,,0.0,23.25,3,200.44,123.02,,0.0,,8,,20260926
PSKY,Paramount Skydance Corporation,Communication Services,Entertainment,NASDAQ,,14155639,11174579200,0.5547,,,,,,,,0.0,24.5,3,20.09,7.62,,0.0,,8,,20260926
ASEKF,Aisin Corporation,Consumer Cyclical,Auto Parts,PNK,13.01,1007,9074012160,0.009,13.01,-0.78,0.0,-4.04,-168.88,-84.28,-93.83,0.0,50.0,3,21.26,10.08,-38.81,0.0,,8,,20260926
HRL,Hormel Foods Corporation,Consumer Defensive,Packaged Foods,NYSE,,4478012,10847413248,0.41,,,,,,,,0.0,18.25,3,26.6,19.42,,0.0,,8,,20260926
GRPTF,Getlink SE,Industrials,Railroads,PNK,21.9,4,11880126464,0.0136,21.72,20.38,13.2832,-3.35,-10.56,-3.34,-5.87,0.0,75.0,2,22.0,17.76,-0.45,0.0,,8,,20260926
COKE,"Coca-Cola Consolidated, Inc.",Consumer Defensive,Beverages - Non-Alcoholic,NASDAQ,,535666,12666519552,5.2246,,,,,,,,0.0,22.0,3,219.65,113.97,,0.0,,8,,20260926
TXRH,"Texas Roadhouse, Inc.",Consumer Cyclical,Restaurants,NASDAQ,,929968,10486137856,4.92,,,,,,,,0.0,18.25,3,216.3,153.83,,0.0,,8,,20260926
ATZAF,Aritzia Inc.,Consumer Cyclical,Apparel Retail,PNK,83.35,66261,9550271488,3.1811,95.1,95.17,-3.693,,,,,0.0,8.75,4,124.48,56.81,-33.04,0.0,,8,,20260926
LFUS,"Littelfuse, Inc.",Technology,Electronic Components,NASDAQ,,300403,10901650432,12.4208,,,,,,,,0.0,24.5,3,500.57,233.36,,0.0,,8,,20260926
AMH,American Homes 4 Rent,Real Estate,REIT - Residential,NYSE,,2357896,12560928768,0.5185,,,,,,,,0.0,17.0,3,35.07,27.22,,0.0,,8,,20260926
SKFRY,AB SKF (publ),Industrials,Tools & Accessories,PNK,27.63,17060,12581349376,0.6235,27.53,26.29,0.1652,,,,,0.0,85.0,2,29.42,22.26,-6.08,0.0,,8,,20260926
YASKY,YASKAWA Electric Corporation,Industrials,Electrical Equipment & Parts,PNK,57.12,12576,7407548928,1.6301,61.2,67.61,-2.5015,,,,,0.0,8.75,4,96.17,41.35,-40.61,0.0,,8,,20260926
DLAKF,Deutsche Lufthansa AG,Industrials,Airlines,OQX,8.46,895,10169594880,0.1675,9.29,9.41,-4.9589,-24.62,-13.61,-16.23,-17.41,0.0,0.0,4,12.25,7.83,-30.94,0.0,,8,,20260926
ROHCY,"ROHM Co., Ltd.",Technology,Semiconductors,PNK,30.47,3865,11762488320,0.9124,29.56,24.08,0.9936,-12.71,28.47,85.27,40.89,0.0,60.0,2,36.52,12.62,-16.57,0.0,,8,,20260926
ZHAOF,Zhaojin Mining Industry Company Limited,Basic Materials,Gold,PNK,2.55,4,9033102336,0.0121,2.22,3.25,27.6072,19.05,-39.73,-26.36,-19.69,0.0,51.25,3,4.4,2.06,-42.05,0.0,,8,,20260926
GMED,"Globus Medical, Inc.",Healthcare,Medical Devices,NYSE,,1565669,10005197824,1.7031,,,,,,,,0.0,24.5,3,101.4,55.16,,0.0,,8,,20260926
CLX,The Clorox Company,Consumer Defensive,Household & Personal Products,NYSE,,2805887,10134019072,2.3162,,,,,,,,0.0,17.0,3,128.9,81.6,,0.0,,8,,20260926
FMS,Fresenius Medical Care AG,Healthcare,Medical Care Facilities,NYSE,,699485,12076057600,0.2792,,,,,,,,0.0,20.75,3,27.64,20.02,,0.0,,8,,20260926
FHN,First Horizon Corporation,Financial Services,Banks - Regional,NYSE,,5125539,11114811392,0.4594,,,,,,,,0.0,22.0,3,26.56,19.8,,0.0,,8,,20260926
POAHF,Porsche Automobil Holding SE,Consumer Cyclical,Auto Manufacturers,PNK,30.05,868,9290311680,1.2883,32.32,37.52,-1.7599,-11.56,-36.51,-39.79,-31.58,0.0,35.0,4,49.05,28.1,-38.74,0.0,,8,,20260926
POAHY,Porsche Automobil Holding SE,Consumer Cyclical,Auto Manufacturers,PNK,2.9,446757,9063146496,0.0803,3.19,3.56,-3.6429,,,,,0.0,32.5,4,4.79,2.85,-39.46,0.0,,8,,20260926
MP,MP Materials Corp.,Basic Materials,Other Industrial Metals & Mining,NYSE,,5771201,8696700928,2.1953,,,,,,,,0.0,20.75,3,100.25,37.81,,0.0,,8,,20260926
OKLO,Oklo Inc.,Utilities,Utilities - Independent Power Producers,NYSE,,9825360,7076111360,2.2134,,,,,,,,0.0,22.0,3,193.84,34.38,,0.0,,8,,20260926
XE,"X-Energy, Inc.",Industrials,Specialty Industrial Machinery,NASDAQ,,5993560,6128001024,1.1769,,,,,,,,0.0,22.0,3,37.1,13.29,,0.0,,8,,20260926
MHGVY,Mowi ASA,Consumer Defensive,Farm Products,PNK,21.6,26241,11456675840,0.4136,21.25,21.55,0.836,,,,,0.0,85.0,3,24.86,18.06,-13.11,0.0,,8,,20260926
ORKLF,Orkla ASA,Consumer Defensive,Packaged Foods,PNK,10.26,60,9042152448,0.0122,10.56,11.37,-24.6855,-8.45,-41.71,-23.7,-26.19,0.0,24.0,4,13.55,10.12,-24.32,0.0,,8,,20260926
LPGCY,"Laopu Gold Co., Ltd.",Consumer Cyclical,Luxury Goods,PNK,4.22,2102,7458617344,0.131,4.36,6.83,-1.0317,-10.28,-64.39,-68.26,-52.41,0.0,15.75,4,12.73,3.77,-66.86,0.0,,8,,20260926
KNX,Knight-Swift Transportation Holdings Inc.,Industrials,Trucking,NYSE,,3607750,10362674176,2.1846,,,,,,,,0.0,23.25,3,82.86,38.63,,0.0,,8,,20260926
HL,Hecla Mining Company,Basic Materials,Other Precious Metals & Mining,NYSE,,38717057,12219468800,0.79,,,,,,,,0.0,18.25,3,34.17,11.48,,0.0,,8,,20260926
AR,Antero Resources Corporation,Energy,Oil & Gas E&P,NYSE,,4188580,10760365056,1.2346,,,,,,,,0.0,22.0,3,45.75,29.1,,0.0,,8,,20260926
KLPEF,Klépierre SA,Real Estate,REIT - Retail,PNK,42.58,88,12210227200,0.0718,43.81,39.94,-17.1654,2.72,-0.22,-3.99,-1.0,0.0,62.0,3,45.02,35.55,-5.42,0.0,,8,,20260926
AFG,"American Financial Group, Inc.",Financial Services,Insurance - Property & Casualty,NYSE,,400215,11461404672,2.0985,,,,,,,,0.0,19.5,3,150.02,123.09,,0.0,,8,,20260926
WLK,Westlake Corporation,Basic Materials,Specialty Chemicals,NYSE,,955279,8653104128,2.0877,,,,,,,,0.0,19.5,3,124.23,56.33,,0.0,,8,,20260926
AIT,"Applied Industrial Technologies, Inc.",Industrials,Industrial Distribution,NYSE,,289396,12246714368,7.0554,,,,,,,,0.0,23.25,3,374.8,238.34,,0.0,,8,,20260926
ORKLY,Orkla ASA,Consumer Defensive,Packaged Foods,PNK,9.78,106384,8623329280,0.1607,10.49,11.21,-4.3907,-12.91,-34.02,-19.65,-22.99,0.0,2.5,4,13.9,9.51,-29.64,0.0,,8,,20260926
BTSG,"BrightSpring Health Services, Inc.",Healthcare,Health Information Services,NASDAQ,,3418831,11197136896,2.1765,,,,,,,,0.0,23.25,3,73.75,26.35,,0.0,,8,,20260926
BTSGU,"BrightSpring Health Services, Inc.",Healthcare,Health Information Services,NASDAQ,184.31,20739,0,4.0356,204.25,170.94,-4.9415,,,,,0.0,36.25,3,255.51,93.4,-27.87,0.0,,8,,20260926
RDY,Dr. Reddy's Laboratories Limited,Healthcare,Drug Manufacturers - Specialty & Generic,NYSE,,2840971,10204110848,0.2,,,,,,,,0.0,23.25,3,15.67,11.36,,0.0,,8,,20260926
PTRRY,Prio S.A.,Energy,Oil & Gas E&P,PNK,11.5,20869,9171118080,0.36,11.86,11.19,-1.0038,,,,,0.0,77.0,3,14.37,6.52,-19.97,0.0,,8,,20260926
GBLBY,Groupe Bruxelles Lambert SA,Financial Services,Asset Management,PNK,8.26,737,9767182336,0.0946,8.71,9.01,-4.7253,-13.8,-15.09,-19.17,-16.4,0.0,14.5,4,44.51,8.2,-81.44,0.0,,8,,20260926
WULF,TeraWulf Inc.,Financial Services,Capital Markets,NCM,,33386563,7853766656,0.9915,,,,,,,,0.0,24.5,3,29.84,10.47,,0.0,,8,,20260926
IKTSY,Intertek Group plc,Industrials,Specialty Business Services,PNK,77.69,6587,11945477120,0.4909,78.63,67.19,-1.9063,,,,,0.0,72.0,3,80.35,47.35,-3.3,0.0,,8,,20260926
CSPCY,CSPC Pharmaceutical Group Limited,Healthcare,Drug Manufacturers - General,PNK,4.7,1363,13401404416,0.1362,4.49,4.33,1.5422,37.26,-3.91,-16.8,1.22,0.0,82.5,2,5.46,3.26,-13.92,0.0,,8,,20260926
OBICY,"OBIC Co.,Ltd.",Technology,Software - Application,PNK,15.88,353956,13633255424,0.8407,14.84,13.65,1.231,36.25,15.85,-17.41,7.65,0.0,83.75,2,17.09,11.01,-7.11,0.0,,8,,20260926
FRVO,Fervo Energy Company,Utilities,Utilities - Renewable,NASDAQ,,4890668,4474505216,1.2015,,,,,,,,0.0,22.0,3,42.65,14.6,,0.0,,8,,20260926
IAFNF,iA Financial Corporation Inc.,Financial Services,Insurance - Diversified,PNK,151.5,7325,13390311424,0.547,145.42,128.0,11.1136,9.17,20.88,19.72,17.49,0.0,75.0,2,151.79,106.36,-0.19,0.0,,8,,20260926
ALLE,Allegion plc,Industrials,Security & Protection Services,NYSE,,1343593,13135632384,2.775,,,,,,,,0.0,19.5,3,183.11,125.0,,0.0,,8,,20260926
MNHVF,Mowi ASA,Consumer Defensive,Farm Products,PNK,21.91,223,11582603264,0.0662,20.62,21.65,19.4704,3.63,-14.66,-14.45,-10.0,0.0,75.0,3,24.2,17.55,-9.46,0.0,,8,,20260926
GLXY,Galaxy Digital,Financial Services,Capital Markets,NASDAQ,,6330344,14284567552,1.5484,,,,,,,,0.0,24.5,3,45.92,16.43,,0.0,,8,,20260926
U,Unity Software Inc.,Technology,Software - Application,NYSE,,9853553,18285694976,2.0252,,,,,,,,0.0,23.25,3,52.15,16.78,,0.0,,8,,20260926
FMCQF,Fresenius Medical Care AG,Healthcare,Medical Care Facilities,PNK,44.58,65,11863170048,0.3061,48.85,46.38,-13.948,-6.04,-26.8,-27.24,-21.79,0.0,37.0,3,56.24,42.0,-20.73,0.0,,8,,20260926
CCDBF,CCL Industries Inc.,Consumer Cyclical,Packaging & Containers,PNK,66.39,41095,11223820288,1.5882,66.58,63.43,-0.1178,,,,,0.0,70.75,3,75.17,50.95,-11.68,0.0,,8,,20260926
HRZRF,Horizon Robotics,Unknown,Unknown,PNK,0.55,14616,0,0.0329,0.68,0.55,-3.9955,-59.28,-69.96,-74.37,-69.06,0.0,36.25,3,1.44,0.51,-61.81,0.0,,8,,20260926
SF,Stifel Financial Corp.,Financial Services,Capital Markets,NYSE,,1223512,10622970880,2.0762,,,,,,,,0.0,19.5,3,89.83,67.81,,0.0,,8,,20260926
ARW,"Arrow Electronics, Inc.",Technology,Electronics & Computer Distribution,NYSE,,583444,11850782720,6.8931,,,,,,,,0.0,23.25,3,237.33,101.79,,0.0,,8,,20260926
OBIIF,"OBIC Co.,Ltd.",Technology,Software - Application,PNK,31.51,19693,13530200064,2.4479,28.46,10.59,1.2453,35.44,-329.8,3303.39,1214.79,0.0,87.5,2,34.97,21.11,-9.88,0.0,,8,,20260926
FUJHF,Subaru Corporation,Consumer Cyclical,Auto Manufacturers,PNK,16.75,1325,11650739200,0.3472,16.49,17.47,0.7506,6.19,-10.84,-31.84,-14.98,0.0,65.75,3,24.4,13.9,-31.35,0.0,,8,,20260926
CACI,CACI International Inc,Technology,Information Technology Services,NYSE,,280071,13664622592,17.7392,,,,,,,,0.0,22.0,3,683.5,434.7,,0.0,,8,,20260926
BJ,"BJ's Wholesale Club Holdings, Inc.",Consumer Defensive,Discount Stores,NYSE,,1757900,11847054336,2.1654,,,,,,,,0.0,25.75,3,105.78,83.21,,0.0,,8,,20260926
NEXOY,"NEXON Co., Ltd.",Communication Services,Electronic Gaming & Multimedia,PNK,19.74,28469,15375041536,0.4933,18.09,18.82,3.3545,,,,,0.0,90.0,3,28.82,13.01,-31.51,0.0,,8,,20260926
MRPRF,"MERLIN Properties SOCIMI, S.A.",Real Estate,REIT - Office,PNK,14.15,53,8761437184,0.1002,16.44,16.43,-22.822,-25.69,-27.55,-22.64,-25.12,0.0,0.0,4,18.43,13.6,-23.2,0.0,,8,,20260926
TKGBY,Turkiye Garanti Bankasi A.S.,Financial Services,Banks - Regional,OQX,2.63,4230,11898483712,0.1127,2.71,3.08,-0.7097,-15.89,-33.64,-43.87,-33.29,0.0,18.25,4,3.76,2.48,-30.05,0.0,,8,,20260926
EGP,"EastGroup Properties, Inc.",Real Estate,REIT - Industrial,NYSE,,474015,10836399104,3.16,,,,,,,,0.0,20.75,3,226.71,166.08,,0.0,,8,,20260926
AAON,"AAON, Inc.",Industrials,Building Products & Equipment,NASDAQ,,1154406,7346619392,3.24,,,,,,,,0.0,25.75,3,150.46,73.19,,0.0,,8,,20260926
SJM,The J. M. Smucker Company,Consumer Defensive,Packaged Foods,NYSE,,1410084,12925604864,2.4485,,,,,,,,0.0,19.5,3,135.89,88.25,,0.0,,8,,20260926
DLAKY,Deutsche Lufthansa AG,Industrials,Airlines,OQX,8.84,148301,10626384896,0.2195,9.39,9.5,-2.5203,,,,,0.0,23.25,4,11.53,7.91,-23.33,0.0,,8,,20260926
GAILF,GAIL (India) Limited,Utilities,Utilities - Regulated Gas,PNK,6.64,17,7276421632,0.0271,7.62,9.99,-36.177,-42.97,-55.63,-69.53,-58.02,0.0,0.0,4,14.01,6.46,-52.61,0.0,,8,,20260926
CGNX,Cognex Corporation,Technology,Scientific & Technical Instruments,NASDAQ,,2078282,9868010496,1.9446,,,,,,,,0.0,23.25,3,72.88,34.6,,0.0,,8,,20260926
IKTSF,Intertek Group plc,Industrials,Specialty Business Services,PNK,77.55,2839,11903631360,0.059,77.59,67.3,-0.6949,-4.01,42.85,4.21,15.68,0.0,62.0,3,78.45,45.86,-1.15,0.0,,8,,20260926
ASEKY,Aisin Corporation,Consumer Cyclical,Auto Parts,PNK,14.81,309,10329447424,0.0778,14.57,15.44,3.0937,10.16,-12.1,-35.01,-15.7,0.0,63.25,3,19.5,12.85,-24.03,0.0,,8,,20260926
FUJHY,Subaru Corporation,Consumer Cyclical,Auto Manufacturers,PNK,8.41,298868,11699428352,0.273,8.21,8.69,0.7333,,,,,0.0,73.25,3,11.7,7.1,-28.12,0.0,,8,,20260926
HGMCF,Harmony Gold Mining Company Limited,Basic Materials,Gold,PNK,19.45,3,12177884160,0.1026,19.02,18.83,4.172,6.72,-17.18,-8.62,-7.78,0.0,75.0,2,25.65,14.54,-24.17,0.0,,8,,20260926
SKUFF,AB SKF (publ),Industrials,Tools & Accessories,PNK,27.4,33,12476618752,0.1847,27.01,25.79,2.1387,9.67,-14.76,-7.31,-5.67,0.0,75.0,2,30.55,23.95,-10.31,0.0,,8,,20260926
SEIC,SEI Investments Company,Financial Services,Asset Management,NASDAQ,,773585,12680027136,2.2854,,,,,,,,0.0,15.75,3,112.15,75.08,,0.0,,8,,20260926
SKBSY,Skanska AB (publ),Industrials,Engineering & Construction,PNK,28.53,14247,11813714944,0.506,27.97,27.23,1.1043,,,,,0.0,82.5,2,31.5,24.51,-9.43,0.0,,8,,20260926
QBTS,D-Wave Quantum Inc.,Technology,Computer Hardware,NASDAQ,,17612944,6609299456,0.9828,,,,,,,,0.0,22.0,3,46.75,12.75,,0.0,,8,,20260926
BEP,Brookfield Renewable Partners L.P.,Utilities,Utilities - Renewable,NYSE,,957096,13791437824,0.8138,,,,,,,,0.0,19.5,3,38.12,25.5,,0.0,,8,,20260926
ELAN,Elanco Animal Health Incorporated,Healthcare,Drug Manufacturers - Specialty & Generic,NYSE,,6035776,11142719488,0.6738,,,,,,,,0.0,15.75,3,27.98,18.93,,0.0,,8,,20260926
YASKF,YASKAWA Electric Corporation,Industrials,Electrical Equipment & Parts,PNK,27.75,34,7197460480,0.215,31.9,34.56,-19.3228,-46.61,-20.86,25.48,-8.76,0.0,0.0,4,48.08,19.71,-42.28,0.0,,8,,20260926
UNICY,Unicharm Corporation,Consumer Defensive,Household & Personal Products,PNK,3.0,249063,10324801536,0.0929,3.05,3.0,-0.5708,2.02,-13.59,-24.9,-14.21,0.0,60.25,3,3.67,2.61,-18.26,0.0,,8,,20260926
TMXXF,TMX Group Limited,Financial Services,Financial Data & Stock Exchanges,PNK,38.32,98634,10553044992,0.3937,37.76,36.48,1.4326,,,,,0.0,78.75,2,41.94,31.66,-8.63,0.0,,8,,20260926
GBLBF,Groupe Bruxelles Lambert SA,Financial Services,Asset Management,PNK,82.31,68,9732890624,0.431,86.65,87.29,-10.0662,,,,,0.0,12.0,4,100.0,82.31,-17.69,0.0,,8,,20260926
PAG,"Penske Automotive Group, Inc.",Consumer Cyclical,Auto & Truck Dealerships,NYSE,,390779,13764250624,2.9531,,,,,,,,0.0,20.75,3,227.0,140.12,,0.0,,8,,20260926
RVTY,"Revvity, Inc.",Healthcare,Diagnostics & Research,NYSE,,1722801,16861820928,5.1938,,,,,,,,0.0,24.5,3,152.26,81.22,,0.0,,8,,20260926
CCK,"Crown Holdings, Inc.",Consumer Cyclical,Packaging & Containers,NYSE,,992474,11752660992,2.2123,,,,,,,,0.0,19.5,3,122.91,89.21,,0.0,,8,,20260926
PINS,"Pinterest, Inc.",Communication Services,Internet Content & Information,NYSE,,12591755,10703315968,0.8092,,,,,,,,0.0,23.25,3,35.42,13.84,,0.0,,8,,20260926
ISMAY,"Indra Sistemas, S.A.",Technology,Information Technology Services,PNK,35.4,10879,12389479424,0.9553,34.48,31.48,0.96,,,,,0.0,88.75,2,38.3,21.9,-7.58,0.0,,8,,20260926
QBCRF,Quebecor Inc.,Communication Services,Telecom Services,PNK,44.97,73985,10134026240,0.3329,45.93,42.5,-2.8963,-10.98,-13.14,33.42,6.02,0.0,39.5,3,49.05,30.47,-8.32,0.0,,8,,20260926
GIL,Gildan Activewear Inc.,Consumer Cyclical,Apparel Manufacturing,NYSE,,1383279,7589161472,1.79,,,,,,,,0.0,17.0,3,73.7,40.13,,0.0,,8,,20260926
BMNR,"Bitmine Immersion Technologies, Inc.",Financial Services,Capital Markets,NYSE,,39708273,16624918528,1.4524,,,,,,,,0.0,25.75,3,65.6,12.8,,0.0,,8,,20260926
BKWAF,BKW AG,Utilities,Utilities - Renewable,PNK,153.0,12,8073879040,0.773,166.01,190.0,-16.8275,-29.61,-35.14,-38.46,-35.08,0.0,0.0,4,207.5,151.1,-26.27,0.0,,8,,20260926
JOBY,"Joby Aviation, Inc.",Industrials,Airports & Air Services,NYSE,,36150936,6296580096,0.2638,,,,,,,,0.0,20.75,3,19.98,5.93,,0.0,,8,,20260926
MDBPF,Medibank Private Limited,Financial Services,Insurance - Specialty,PNK,3.9,0,10740613120,0.0026,3.83,3.3,28.137,-1.86,26.93,13.54,14.37,0.0,75.0,2,3.9,2.78,0.0,0.0,,8,,20260926
UNCHF,Unicharm Corporation,Consumer Defensive,Household & Personal Products,PNK,6.11,49,10520972288,0.0095,5.98,5.92,14.1936,9.54,-12.43,-23.89,-11.52,0.0,75.0,2,7.67,5.28,-20.29,0.0,,8,,20260926
PODD,Insulet Corporation,Healthcare,Medical Devices,NASDAQ,,1627806,9441187840,4.6931,,,,,,,,0.0,22.0,3,354.88,126.4,,0.0,,8,,20260926
IT,"Gartner, Inc.",Technology,Information Technology Services,NYSE,,1329841,11865692160,7.7977,,,,,,,,0.0,20.75,3,265.85,124.25,,0.0,,8,,20260926
SHMUY,Shimizu Corporation,Industrials,Engineering & Construction,PNK,64.25,176,10902437888,0.3276,62.77,67.17,4.505,-7.06,-46.06,34.25,-4.19,0.0,39.5,3,93.0,43.65,-30.91,0.0,,8,,20260926
TIMB,TIM S.A.,Communication Services,Telecom Services,NYSE,,516807,8626963456,0.3792,,,,,,,,0.0,24.5,3,28.22,17.14,,0.0,,8,,20260926
SCI,Service Corporation International,Consumer Cyclical,Personal Services,NYSE,,1044960,10608935936,1.6261,,,,,,,,0.0,18.25,3,90.99,68.41,,0.0,,8,,20260926
GSAT,"Globalstar, Inc.",Communication Services,Telecom Services,NASDAQ,,920558,10738213888,0.5777,,,,,,,,0.0,22.0,3,84.85,33.9,,0.0,,8,,20260926
GOFPY,Allwyn AG,Consumer Cyclical,Gambling,PNK,6.76,105147,10424541184,0.2044,7.62,8.3,-4.208,,,,,0.0,3.75,4,12.04,6.68,-43.85,0.0,,8,,20260926
RKUNY,"Rakuten Group, Inc.",Consumer Cyclical,Internet Retail,PNK,4.31,73533,9404357632,0.154,4.89,5.19,-3.7504,,,,,0.0,8.75,4,7.04,4.24,-38.78,0.0,,8,,20260926
SGPYY,The Sage Group plc,Technology,Software - Application,PNK,53.11,26144,11931585536,1.2697,54.22,49.64,-0.8772,,,,,0.0,72.0,3,63.09,41.8,-15.82,0.0,,8,,20260926
JEF,Jefferies Financial Group Inc.,Financial Services,Capital Markets,NYSE,,2043811,9697730560,1.8231,,,,,,,,0.0,22.0,3,69.93,35.53,,0.0,,8,,20260926
ISMAF,"Indra Sistemas, S.A.",Technology,Information Technology Services,PNK,71.0,17,12426232832,0.2751,67.72,62.81,11.9269,7.52,4.97,59.87,27.57,0.0,76.25,2,74.6,40.35,-4.83,0.0,,8,,20260926
WTRG,"Essential Utilities, Inc.",Utilities,Utilities - Regulated Water,NYSE,,2257333,11212011520,0.7131,,,,,,,,0.0,23.25,3,42.51,36.11,,0.0,,8,,20260926
JPNPY,"Japan Post Insurance Co., Ltd.",Financial Services,Insurance - Life,PNK,10.13,40,10977604608,0.0036,10.12,10.13,3.0968,0.24,-29.87,-29.87,-22.34,0.0,75.0,3,11.55,9.25,-12.29,0.0,,8,,20260926
SKSBF,Skanska AB (publ),Industrials,Engineering & Construction,PNK,27.81,1328,11515576320,0.2674,27.63,27.33,0.6914,0.6,-11.05,-7.22,-6.6,0.0,77.5,2,30.75,24.45,-9.56,0.0,,8,,20260926
ROHCF,"ROHM Co., Ltd.",Technology,Semiconductors,PNK,31.18,12,12038503424,0.0902,31.22,24.22,-0.3703,-4.91,21.14,90.98,42.56,0.0,38.25,3,34.81,13.03,-10.41,0.0,,8,,20260926
HLI,"Houlihan Lokey, Inc.",Financial Services,Capital Markets,NYSE,,920242,9020250112,4.4813,,,,,,,,0.0,24.5,3,208.78,112.83,,0.0,,8,,20260926
ARWR,"Arrowhead Pharmaceuticals, Inc.",Healthcare,Biotechnology,NASDAQ,,2192676,9311494144,4.4729,,,,,,,,0.0,22.0,3,95.49,31.45,,0.0,,8,,20260926
WRFRF,Wharf Real Estate Investment Company Limited,Real Estate,Real Estate Services,PNK,4.15,241,12600343552,0.0214,3.26,2.44,41.442,93.98,107.09,105.2,103.06,0.0,75.0,2,4.15,2.54,0.0,0.0,,8,,20260926
AKAAF,Aker ASA,Industrials,Conglomerates,PNK,154.0,143,11353539584,2.4177,149.31,104.51,1.9411,21.45,66.45,289.02,144.23,0.0,75.0,2,173.85,69.55,-11.42,0.0,,8,,20260926
TSGTF,Tsingtao Brewery Company Limited,Consumer Defensive,Beverages - Brewers,PNK,4.57,1509,7522616832,0.0938,5.35,6.06,-8.3261,-25.94,-45.54,-42.98,-39.62,0.0,1.25,4,7.14,4.55,-35.99,0.0,,8,,20260926
KTOS,"Kratos Defense & Security Solutions, Inc.",Industrials,Aerospace & Defense,NASDAQ,,4288993,8563846656,2.2008,,,,,,,,0.0,18.25,3,134.0,43.09,,0.0,,8,,20260926
AM,Antero Midstream Corporation,Energy,Oil & Gas Midstream,NYSE,,2363422,9934926848,0.5181,,,,,,,,0.0,20.75,3,23.84,16.96,,0.0,,8,,20260926
DPZ,"Domino's Pizza, Inc.",Consumer Cyclical,Restaurants,NASDAQ,,886360,9664498688,8.7558,,,,,,,,0.0,17.0,3,442.35,282.0,,0.0,,8,,20260926
TTD,"The Trade Desk, Inc.",Communication Services,Advertising Agencies,NASDAQ,,23294161,5957218304,0.5617,,,,,,,,0.0,22.0,3,56.39,12.49,,0.0,,8,,20260926
CRHKY,China Resources Beer (Holdings) Company Limited,Consumer Defensive,Beverages - Brewers,PNK,4.82,242585,7818040320,0.1509,5.29,6.03,-3.1043,,,,,0.0,11.25,4,7.69,4.48,-37.32,0.0,,8,,20260926
SFFLY,Schaeffler AG,Consumer Cyclical,Auto Parts,PNK,7.87,6349,7436242432,0.2794,8.6,9.79,-2.6239,,,,,0.0,7.5,4,14.44,6.53,-45.5,0.0,,8,,20260926
AES,The AES Corporation,Utilities,Utilities - Diversified,NYSE,,7794798,10608832512,0.0415,,,,,,,,0.0,19.5,3,17.65,12.97,,0.0,,8,,20260926
HMY,Harmony Gold Mining Company Limited,Basic Materials,Gold,NYSE,,3599401,11877349376,0.5723,,,,,,,,0.0,20.75,3,26.06,13.03,,0.0,,8,,20260926
BMRN,BioMarin Pharmaceutical Inc.,Healthcare,Biotechnology,NASDAQ,,1961653,11664754688,1.5592,,,,,,,,0.0,19.5,3,70.98,49.26,,0.0,,8,,20260926
TSGTY,Tsingtao Brewery Company Limited,Consumer Defensive,Beverages - Brewers,PNK,25.23,380,8175759360,0.5681,27.87,29.62,-4.6405,-16.3,-32.21,-31.71,-28.03,0.0,3.75,4,36.69,25.0,-31.23,0.0,,8,,20260926
ERIE,Erie Indemnity Company,Financial Services,Insurance Brokers,NASDAQ,,283477,11653319680,7.3669,,,,,,,,0.0,18.25,3,330.54,204.63,,0.0,,8,,20260926
SCAFF,Schaeffler AG,Consumer Cyclical,Auto Parts,PNK,7.45,188,7039390720,0.1871,7.45,7.45,0.0,18.06,18.06,18.06,18.06,0.0,62.0,3,8.7,4.8,-14.37,0.0,,8,,20260926
RKUNF,"Rakuten Group, Inc.",Consumer Cyclical,Internet Retail,PNK,4.05,2039,8837042176,0.182,4.85,5.14,-4.4182,-10.55,-35.07,-56.11,-37.36,0.0,1.25,4,7.32,4.0,-44.67,0.0,,8,,20260926
EHC,Encompass Health Corporation,Healthcare,Medical Care Facilities,NYSE,,936106,12180733952,2.9223,,,,,,,,0.0,22.0,3,127.99,92.77,,0.0,,8,,20260926
FRT,Federal Realty Investment Trust,Real Estate,REIT - Retail,NYSE,,832874,9661473792,1.7108,,,,,,,,0.0,17.0,3,128.21,90.03,,0.0,,8,,20260926
SPXC,"SPX Technologies, Inc.",Industrials,Building Products & Equipment,NYSE,,640942,8654334976,6.1177,,,,,,,,0.0,18.25,3,251.08,170.0,,0.0,,8,,20260926
EMBJ,Embraer S.A.,Industrials,Aerospace & Defense,NYSE,,1171279,13992855552,2.2221,,,,,,,,0.0,25.75,3,80.75,53.56,,0.0,,8,,20260926
CR,Crane Company,Industrials,Specialty Industrial Machinery,NYSE,,436615,11954847744,4.5323,,,,,,,,0.0,22.0,3,230.5,159.58,,0.0,,8,,20260926
SUZ,Suzano S.A.,Basic Materials,Paper & Paper Products,NYSE,,3135469,10702262272,0.2151,,,,,,,,0.0,22.0,3,11.54,7.55,,0.0,,8,,20260926
CLILF,CapitaLand Investment Limited,Real Estate,Real Estate Services,PNK,2.05,714,10236739584,0.0147,2.01,2.05,2.4291,7.28,-15.79,-13.38,-9.06,0.0,75.0,3,2.71,1.54,-24.47,0.0,,8,,20260926
SFD,"Smithfield Foods, Inc.",Consumer Defensive,Packaged Foods,NASDAQ,,1650569,7497332224,0.4558,,,,,,,,0.0,19.5,3,29.8,18.81,,0.0,,8,,20260926
KHOLY,Koç Holding A.S.,Industrials,Conglomerates,PNK,21.9,1314,11103332352,0.2107,21.72,21.18,0.8506,2.51,-9.7,-10.04,-6.78,0.0,76.25,2,25.44,18.09,-13.92,0.0,,8,,20260926
HUBS,"HubSpot, Inc.",Technology,Software - Application,NYSE,,1782792,10941502464,12.9685,,,,,,,,0.0,20.75,3,524.63,169.63,,0.0,,8,,20260926
PNXGF,Standard Life plc,Financial Services,Insurance - Life,PNK,12.39,37,12411779072,0.0565,11.71,10.04,11.854,20.73,27.99,32.85,28.12,0.0,75.0,2,12.75,8.65,-2.86,0.0,,8,,20260926
BZLFY,Bunzl plc,Consumer Defensive,Food Distribution,PNK,17.54,30649,11134585856,0.2632,18.44,16.03,-3.4132,,,,,0.0,72.0,3,19.5,13.32,-10.05,0.0,,8,,20260926
BMXMF,bioMérieux S.A.,Healthcare,Diagnostics & Research,PNK,83.27,31,9800218624,0.3317,82.7,97.6,1.7168,0.24,-34.85,-54.41,-33.9,0.0,50.0,3,135.01,77.0,-38.32,0.0,,8,,20260926
JSNSF,J Sainsbury plc,Consumer Defensive,Grocery Stores,OQX,4.45,3195,9694992384,0.1187,4.65,4.5,-1.6491,-0.28,-15.3,-6.22,-7.91,0.0,24.0,4,5.26,3.9,-15.4,0.0,,8,,20260926
AKZOY,Akzo Nobel N.V.,Basic Materials,Specialty Chemicals,OQX,21.72,147711,11169540096,0.4186,22.98,21.69,-3.0147,,,,,0.0,31.25,3,25.99,18.04,-16.43,0.0,,8,,20260926
MKEWF,Makita Corporation,Industrials,Tools & Accessories,PNK,37.9,0,7992483840,0.0001,37.9,36.87,0.0,-4.74,-20.57,-16.34,-14.92,0.0,62.0,3,39.15,29.11,-3.17,0.0,,8,,20260926
LOTBY,Lotus Bakeries NV,Consumer Defensive,Packaged Foods,PNK,127.39,10,10355750912,0.0371,127.39,115.65,0.0,6.52,-5.29,11.63,4.43,0.0,75.0,3,136.36,88.0,-6.58,0.0,,8,,20260926
SIETY,D'Ieteren Group SA,Consumer Cyclical,Auto & Truck Dealerships,PNK,91.04,34,9574982656,0.942,104.12,99.11,-13.8898,-12.14,-16.81,-20.92,-17.29,0.0,37.0,3,116.27,83.93,-21.7,0.0,,8,,20260926
IDKOY,"Idemitsu Kosan Co.,Ltd.",Energy,Oil & Gas Refining & Marketing,PNK,20.91,2357,12531491840,0.8856,17.85,17.34,3.4592,34.94,-8.2,44.79,23.78,0.0,85.0,2,22.79,12.85,-8.25,0.0,,8,,20260926
CHBAY,"The Chiba Bank, Ltd.",Financial Services,Banks - Regional,PNK,90.24,130,12475944960,0.2524,84.66,68.39,22.1086,15.71,16.83,65.86,36.16,0.0,75.0,2,90.3,47.0,-0.07,0.0,,8,,20260926
SNTMF,SenseTime Group Inc.,Technology,Software - Application,PNK,0.2,71,8443318272,0.001,0.19,0.25,7.2997,6.99,-38.85,-72.73,-40.94,0.0,50.0,3,0.51,0.18,-60.81,0.0,,8,,20260926
GEAGF,GEA Group Aktiengesellschaft,Industrials,Specialty Industrial Machinery,PNK,70.46,3,10907711488,0.0231,69.68,69.97,33.904,6.54,-23.01,-22.14,-15.28,0.0,75.0,3,78.65,63.21,-10.41,0.0,,8,,20260926
SOTGY,Sunny Optical Technology (Group) Company Limited,Technology,Electronic Components,PNK,84.86,1425,9115447296,4.0241,80.06,80.48,1.1938,-4.03,8.71,-37.92,-13.13,0.0,92.5,3,119.79,65.09,-29.16,0.0,,8,,20260926
WMS,"Advanced Drainage Systems, Inc.",Industrials,Building Products & Equipment,NYSE,,714852,10038713344,3.2708,,,,,,,,0.0,23.25,3,179.31,124.75,,0.0,,8,,20260926
MGPUF,M&G plc,Financial Services,Asset Management,PNK,4.31,833,10380110848,0.0309,4.72,4.24,-13.2386,-1.94,-8.63,0.75,-3.21,0.0,50.0,3,4.9,3.29,-12.1,0.0,,8,,20260926
POWL,"Powell Industries, Inc.",Industrials,Electrical Equipment & Parts,NASDAQ,,710650,6905063936,6.7623,,,,,,,,0.0,24.5,3,328.0,92.59,,0.0,,8,,20260926
PLCQF,Polar Capital Technology Trust plc,Unknown,Unknown,PNK,8.65,3382,0,0.5235,8.65,8.65,0.0,108.83,108.83,108.83,108.83,0.0,62.0,3,9.63,4.17,-10.18,0.0,,8,,20260926
MINBY,MINEBEA MITSUMI Inc.,Technology,Electronic Components,PNK,22.77,4688,9142924288,1.1642,22.54,22.24,0.1942,-36.55,18.69,11.49,2.0,0.0,61.25,2,33.39,15.27,-31.82,0.0,,8,,20260926
VSAT,"Viasat, Inc.",Technology,Communication Equipment,NASDAQ,,2197490,10058928128,3.9877,,,,,,,,0.0,24.5,3,93.03,26.1,,0.0,,8,,20260926
WTFC,Wintrust Financial Corporation,Financial Services,Banks - Regional,NASDAQ,,568452,9855910912,2.7292,,,,,,,,0.0,18.25,3,167.22,119.61,,0.0,,8,,20260926
WTFCN,Wintrust Financial Corporation,Financial Services,Banks - Regional,NASDAQ,25.98,25463,0,0.1432,26.12,25.69,-0.9569,,,,,0.0,74.5,3,27.31,25.5,-4.87,0.0,,8,,20260926
SGGEF,The Sage Group plc,Technology,Software - Application,PNK,13.45,846,12086599680,0.1659,13.49,12.48,-0.2291,18.66,4.11,-25.24,-4.0,0.0,63.25,3,16.4,10.55,-17.99,0.0,,8,,20260926
WTS,"Watts Water Technologies, Inc.",Industrials,Specialty Industrial Machinery,NYSE,,277725,11944121344,6.4415,,,,,,,,0.0,22.0,3,394.54,260.0,,0.0,,8,,20260926
SMGZY,Smiths Group plc,Industrials,Specialty Industrial Machinery,PNK,37.65,27568,10626237440,0.7317,35.44,34.39,3.0158,,,,,0.0,85.0,2,37.98,28.29,-0.87,0.0,,8,,20260926
WYNN,"Wynn Resorts, Limited",Consumer Cyclical,Resorts & Casinos,NASDAQ,,1710642,8353242112,2.4354,,,,,,,,0.0,20.75,3,134.72,77.06,,0.0,,8,,20260926
AIAGY,Aurubis AG,Industrials,Metal Fabrication,PNK,97.48,88,8511764992,0.1154,99.2,97.4,-14.8806,-13.46,-8.41,45.95,12.07,0.0,37.0,3,128.53,60.7,-24.16,0.0,,8,,20260926
SLLDY,Sanlam Limited,Financial Services,Insurance - Life,PNK,9.97,58244,10417424384,0.2242,10.54,10.97,-2.5468,,,,,0.0,20.75,4,13.68,9.48,-27.12,0.0,,8,,20260926
BSY,"Bentley Systems, Incorporated",Technology,Software - Application,NASDAQ,,2762957,9497800704,1.1136,,,,,,,,0.0,17.0,3,57.25,28.08,,0.0,,8,,20260926
TRYIY,"Toray Industries, Inc.",Consumer Cyclical,Textile Manufacturing,PNK,15.85,30065,11544047616,0.4092,15.69,14.73,0.3823,,,,,0.0,85.0,2,17.51,11.7,-9.48,0.0,,8,,20260926
FORM,"FormFactor, Inc.",Technology,Semiconductor Equipment & Materials,NASDAQ,,1480979,10131477504,5.6885,,,,,,,,0.0,27.0,3,160.27,34.99,,0.0,,8,,20260926
BMXXY,bioMérieux S.A.,Healthcare,Diagnostics & Research,PNK,9.25,1392,10886517760,0.2925,8.5,10.44,2.5763,15.16,-39.92,-52.75,-31.28,0.0,57.5,3,14.62,7.12,-36.73,0.0,,8,,20260926
ENSG,"The Ensign Group, Inc.",Healthcare,Medical Care Facilities,NASDAQ,,534880,10209915904,3.57,,,,,,,,0.0,20.75,3,218.0,141.58,,0.0,,8,,20260926
AAVXF,ABIVAX Société Anonyme,Healthcare,Biotechnology,PNK,139.0,4,12128278528,0.1095,139.0,121.35,0.0,68.95,2.8,44.52,36.02,0.0,75.0,3,139.0,71.26,0.0,0.0,,8,,20260926
BZLYF,Beazley plc,Financial Services,Insurance - Specialty,PNK,17.36,692,10362508288,0.1701,17.34,16.1,0.1489,-2.36,-11.77,34.4,9.05,0.0,77.5,2,18.09,9.96,-4.01,0.0,,8,,20260926
MUSA,Murphy USA Inc.,Consumer Cyclical,Specialty Retail,NYSE,,286933,9402283008,14.5692,,,,,,,,0.0,24.5,3,636.05,349.83,,0.0,,8,,20260926
OGE,OGE Energy Corp.,Utilities,Utilities - Regulated Electric,NYSE,,1457274,9256907776,0.7362,,,,,,,,0.0,20.75,3,50.59,41.7,,0.0,,8,,20260926
PUGBY,"Puig Brands, S.A.",Consumer Defensive,Household & Personal Products,PNK,10.06,2255,15283113984,0.169,9.81,9.5,1.4494,7.73,-12.89,8.1,0.66,0.0,82.5,2,11.95,7.49,-15.86,0.0,,8,,20260926
BZLFF,Bunzl plc,Consumer Defensive,Food Distribution,PNK,37.21,20,8760391680,0.0469,36.14,30.6,22.8739,15.72,19.9,-5.2,8.82,0.0,75.0,2,37.21,26.09,-0.0,0.0,,8,,20260926
FCFS,"FirstCash Holdings, Inc.",Financial Services,Credit Services,NASDAQ,,449044,9431197696,6.2439,,,,,,,,0.0,22.0,3,238.93,146.08,,0.0,,8,,20260926
UMBFO,UMB Financial Corporation,Financial Services,Banks - Regional,NASDAQ,25.92,13339,0,0.285,26.34,26.05,-1.4796,,,,,0.0,30.25,4,28.05,25.51,-7.59,0.0,,8,,20260926
UMBF,UMB Financial Corporation,Financial Services,Banks - Regional,NASDAQ,,643225,10315534336,2.6928,,,,,,,,0.0,19.5,3,153.32,103.38,,0.0,,8,,20260926
VMI,"Valmont Industries, Inc.",Industrials,Conglomerates,NYSE,,195538,9012086784,10.9131,,,,,,,,0.0,18.25,3,585.71,372.0,,0.0,,8,,20260926
JKHY,"Jack Henry & Associates, Inc.",Technology,Information Technology Services,NASDAQ,,1105842,10361942016,4.8408,,,,,,,,0.0,18.25,3,193.39,121.04,,0.0,,8,,20260926
SUBCY,Subsea 7 S.A.,Energy,Oil & Gas Equipment & Services,PNK,34.1,13187,10118982656,0.7292,34.75,29.96,-0.895,,,,,0.0,73.25,3,37.66,17.79,-9.45,0.0,,8,,20260926
BDOUY,"BDO Unibank, Inc.",Financial Services,Banks - Regional,PNK,17.97,71084,9588800512,0.4801,19.41,20.49,-2.9968,,,,,0.0,6.25,4,25.29,17.35,-28.94,0.0,,8,,20260926
ESI,Element Solutions Inc,Basic Materials,Specialty Chemicals,NYSE,,5404774,8702201856,1.1138,,,,,,,,0.0,19.5,3,49.25,22.86,,0.0,,8,,20260926
EVKIF,Evonik Industries AG,Basic Materials,Specialty Chemicals,PNK,22.42,35,10447720448,0.116,20.97,18.08,12.53,25.23,26.13,5.74,17.75,0.0,75.0,2,23.93,14.49,-6.31,0.0,,8,,20260926
BAX,Baxter International Inc.,Healthcare,Medical Instruments & Supplies,NYSE,,6576977,12082196480,0.7192,,,,,,,,0.0,19.5,3,30.0,15.73,,0.0,,8,,20260926
AKZOF,Akzo Nobel N.V.,Basic Materials,Specialty Chemicals,OQX,63.6,128,10901040128,0.5483,67.3,64.28,-6.7553,-10.95,-2.5,-24.67,-13.48,0.0,14.5,4,77.0,56.51,-17.4,0.0,,8,,20260926
CDUAF,Canadian Utilities Limited,Utilities,Utilities - Diversified,OQX,36.0,46398,9803900928,0.3343,37.64,34.86,-4.8974,-7.39,-12.39,16.86,0.56,0.0,45.75,3,41.7,26.43,-13.67,0.0,,8,,20260926
SMGKF,Smiths Group plc,Industrials,Specialty Industrial Machinery,PNK,37.22,63,10504875008,0.2246,35.62,33.92,7.1133,4.25,14.83,1.73,6.95,0.0,75.0,2,37.22,28.35,0.0,0.0,,8,,20260926
ASMVY,ASMPT Limited,Technology,Semiconductor Equipment & Materials,PNK,63.06,9249,8815558656,2.3533,61.88,53.47,0.4999,-23.57,35.33,92.45,43.45,0.0,57.5,2,93.58,27.25,-32.61,0.0,,8,,20260926
MGYOY,MOL Magyar Olaj- és Gázipari Nyilvánosan Muködo Részvénytársaság,Energy,Oil & Gas Refining & Marketing,PNK,8.08,102473,12776707072,0.298,7.44,6.06,2.1497,,,,,0.0,88.75,2,9.18,3.99,-11.98,0.0,,8,,20260926
GME,GameStop Corp.,Consumer Cyclical,Specialty Retail,NYSE,,6616404,11800278016,0.87,,,,,,,,0.0,27.0,3,28.1,17.79,,0.0,,8,,20260926
BKKLY,Bangkok Bank Public Company Limited,Financial Services,Banks - Regional,PNK,29.74,5766,11353797632,0.7698,29.11,26.78,0.8215,,,,,0.0,85.0,2,31.86,23.06,-6.65,0.0,,8,,20260926
MNBEF,MINEBEA MITSUMI Inc.,Technology,Electronic Components,PNK,24.25,38,9738691584,0.0353,23.77,12.16,13.6408,-13.67,-569.99,694.93,75.06,0.0,50.0,2,32.38,14.05,-25.11,0.0,,8,,20260926
MICC,The Magnum Ice Cream Company N.V.,Consumer Defensive,Packaged Foods,NYSE,,928439,11493237760,0.3654,,,,,,,,0.0,22.0,3,20.68,12.94,,0.0,,8,,20260926
MGM,MGM Resorts International,Consumer Cyclical,Resorts & Casinos,NYSE,,2804307,8335633408,0.9285,,,,,,,,0.0,17.0,3,51.59,29.19,,0.0,,8,,20260926
APAJF,APA Group,Utilities,Utilities - Regulated Gas,PNK,7.09,606,9449655296,0.19,7.46,6.93,-1.9391,-10.2,-2.11,4.06,-1.66,0.0,62.0,3,8.2,5.45,-13.54,0.0,,8,,20260926
KAIKY,"Kawasaki Kisen Kaisha, Ltd.",Industrials,Marine Shipping,PNK,20.15,65,11950823424,0.3281,17.85,16.05,6.9954,15.2,2.55,16.52,11.3,0.0,75.0,2,22.05,12.2,-8.62,0.0,,8,,20260926
NGKIF,NGK Corporation,Industrials,Specialty Industrial Machinery,PNK,32.02,65,9012531200,0.568,34.24,30.87,-3.9178,-38.19,10.46,65.69,20.39,0.0,25.0,3,48.45,17.0,-33.92,0.0,,8,,20260926
ABVX,ABIVAX Société Anonyme,Healthcare,Biotechnology,NASDAQ,,1344053,7945330688,4.8347,,,,,,,,0.0,22.0,3,148.83,69.81,,0.0,,8,,20260926
SNCAF,AtkinsRéalis Group Inc.,Industrials,Engineering & Construction,PNK,60.52,50846,9685262336,1.7169,62.5,64.97,-1.1525,,,,,0.0,36.5,4,78.58,56.68,-22.98,0.0,,8,,20260926
ADDHY,Addtech AB (publ.),Industrials,Industrial Distribution,PNK,17.3,4251,9343006720,0.4872,17.54,17.33,-0.4915,-3.71,-7.39,-15.84,-9.85,0.0,27.75,4,23.0,15.17,-24.76,0.0,,8,,20260926
JCYGY,Jardine Cycle & Carriage Limited,Industrials,Conglomerates,PNK,41.72,163,8244628992,0.5091,42.31,46.44,-1.1665,-3.22,-34.68,-19.09,-20.58,0.0,39.5,4,53.5,39.22,-22.02,0.0,,8,,20260926
CPCAY,Cathay Pacific Airways Limited,Industrials,Airlines,PNK,9.16,4704,11140626432,0.1766,9.03,7.95,0.7575,11.59,7.3,29.01,17.06,0.0,81.25,2,9.87,6.64,-7.19,0.0,,8,,20260926
MALRY,Mineral Resources Limited,Basic Materials,Other Industrial Metals & Mining,PNK,36.68,2222,7282346496,1.1606,42.15,41.62,-4.7094,,,,,0.0,11.25,4,53.21,26.16,-31.07,0.0,,8,,20260926
MKTAY,Makita Corporation,Industrials,Tools & Accessories,PNK,34.61,19219,8917468160,0.7631,33.79,34.33,1.0795,,,,,0.0,63.75,3,41.2,26.76,-16.0,0.0,,8,,20260926
AHR,"American Healthcare REIT, Inc.",Real Estate,REIT - Healthcare Facilities,NYSE,,3416984,11340296192,1.0477,,,,,,,,0.0,19.5,3,58.7,40.0,,0.0,,8,,20260926
SRGHY,Shoprite Holdings Ltd,Consumer Cyclical,Department Stores,PNK,20.08,2822,10858955776,0.2918,18.46,17.25,5.5409,5.05,11.04,6.07,7.55,0.0,88.75,2,20.09,15.28,-0.05,0.0,,8,,20260926
KEYUF,Keyera Corp.,Energy,Oil & Gas Midstream,PNK,37.6,108871,11033395200,0.611,41.14,37.57,-5.7865,-12.29,-19.85,-1.12,-10.47,0.0,30.0,3,43.42,10.05,-13.4,0.0,,8,,20260926
IAG,IAMGOLD Corporation,Basic Materials,Gold,NYSE,,5465030,11248700416,0.6962,,,,,,,,0.0,24.5,3,24.87,10.87,,0.0,,8,,20260926
SIRI,Sirius XM Holdings Inc.,Communication Services,Entertainment,NASDAQ,,4097471,8714863616,0.7762,,,,,,,,0.0,18.25,3,32.66,19.77,,0.0,,8,,20260926
CTRE,"CareTrust REIT, Inc.",Real Estate,REIT - Healthcare Facilities,NYSE,,2363834,8839728128,0.8315,,,,,,,,0.0,18.25,3,43.62,32.79,,0.0,,8,,20260926
BPOP,"Popular, Inc.",Financial Services,Banks - Regional,NASDAQ,,505969,10235173888,3.0601,,,,,,,,0.0,18.25,3,179.24,108.74,,0.0,,8,,20260926
BPOPO,"Popular, Inc.",Financial Services,Banks - Regional,PNK,25.1,344,2518860338,0.0266,25.07,24.58,1.0546,-3.14,-14.18,-11.6,-10.39,0.0,76.25,2,25.7,24.85,-2.33,0.0,,8,,20260926
ALEUY,Allegro.eu S.A.,Unknown,Unknown,PNK,13.3,14464,0,0.7078,13.3,13.3,0.0,,,,,0.0,67.0,3,13.5,7.4,-1.48,0.0,,8,,20260926
LUMN,"Lumen Technologies, Inc.",Communication Services,Telecom Services,NYSE,,13335955,5889552896,0.3315,,,,,,,,0.0,19.5,3,11.95,5.65,,0.0,,8,,20260926
SAPMY,Saipem SpA,Energy,Oil & Gas Equipment & Services,PNK,1.01,10596,9798427648,0.0377,0.98,0.87,0.779,,,,,0.0,57.5,2,1.25,0.42,-19.2,0.0,,8,,20260926
PTCAY,PT Chandra Asri Pacific Tbk,Basic Materials,Specialty Chemicals,PNK,8.0,0,6917159936,0.0049,8.0,33.28,0.0,-4.74,-103.07,-102.6,-78.3,0.0,37.0,3,56.0,8.0,-85.71,0.0,,8,,20260926
DCI,"Donaldson Company, Inc.",Industrials,Specialty Industrial Machinery,NYSE,,695461,10131704832,1.4962,,,,,,,,0.0,20.75,3,112.84,79.42,,0.0,,8,,20260926
CART,Maplebear Inc.,Consumer Cyclical,Internet Retail,NASDAQ,,4223063,9998487552,1.8172,,,,,,,,0.0,23.25,3,52.68,32.73,,0.0,,8,,20260926
HBM,Hudbay Minerals Inc.,Basic Materials,Copper,NYSE,,4581977,11827574784,1.0154,,,,,,,,0.0,22.0,3,32.15,13.91,,0.0,,8,,20260926
SPIWF,SPIE SA,Industrials,Engineering & Construction,PNK,49.3,1346,8328002560,0.2516,52.5,48.93,-12.7313,-22.5,-22.58,46.3,4.99,0.0,25.0,3,62.46,30.81,-21.07,0.0,,8,,20260926
RRC,Range Resources Corporation,Energy,Oil & Gas E&P,NYSE,,2815587,9022366720,1.141,,,,,,,,0.0,22.0,3,48.31,32.68,,0.0,,8,,20260926
SAPMF,Saipem SpA,Energy,Oil & Gas Equipment & Services,PNK,4.84,1133,9390968832,0.0691,4.99,4.43,-2.1921,-8.71,6.71,59.08,23.8,0.0,55.25,3,5.7,2.5,-15.09,0.0,,8,,20260926
BNTGY,Brenntag SE,Basic Materials,Specialty Chemicals,PNK,13.53,22390,9767669760,0.2056,14.0,12.77,-2.3049,,,,,0.0,65.75,3,14.97,10.19,-9.62,0.0,,8,,20260926
SSAAY,SSAB AB (publ),Basic Materials,Steel,PNK,5.49,482,10942861312,0.0418,5.41,4.62,2.032,1.56,27.71,71.76,38.79,0.0,75.0,2,5.74,2.89,-4.36,0.0,,8,,20260926
PSHZF,"Pershing Square Holdings, Ltd.",Unknown,Unknown,PNK,49.62,12798,0,1.036,51.35,55.6,-1.6664,,,,,0.0,36.5,4,68.25,47.35,-27.3,0.0,,8,,20260926
HKTGF,"Hikari Tsushin, Inc.",Industrials,Conglomerates,PNK,250.0,13,10976381952,0.7104,236.52,80.26,18.9687,1085.74,9181.81,101750.87,44185.42,0.0,75.0,2,287.59,210.0,-13.07,0.0,,8,,20260926
DOCU,"DocuSign, Inc.",Technology,Software - Application,NASDAQ,,3391955,12615915520,2.6533,,,,,,,,0.0,22.0,3,82.44,40.16,,0.0,,8,,20260926
BXP,"BXP, Inc.",Real Estate,REIT - Office,NYSE,,1371725,11467628544,1.3685,,,,,,,,0.0,18.25,3,76.37,49.72,,0.0,,8,,20260926
BNTGF,Brenntag SE,Basic Materials,Specialty Chemicals,PNK,69.0,11,9962591232,0.0314,68.51,63.07,15.7278,0.32,19.77,5.07,9.03,0.0,75.0,2,75.18,51.8,-8.22,0.0,,8,,20260926
AG,First Majestic Silver Corp.,Basic Materials,Silver,NYSE,,10058071,9370149888,0.8238,,,,,,,,0.0,20.75,3,32.04,10.19,,0.0,,8,,20260926
MOH,"Molina Healthcare, Inc.",Healthcare,Healthcare Plans,NYSE,,975696,9962892288,7.0085,,,,,,,,0.0,20.75,3,244.89,121.06,,0.0,,8,,20260926
PRAX,"Praxis Precision Medicines, Inc.",Healthcare,Biotechnology,NASDAQ,,440006,7839374336,15.6062,,,,,,,,0.0,18.25,3,392.7,48.64,,0.0,,8,,20260926
ISUZY,Isuzu Motors Limited,Consumer Cyclical,Auto Manufacturers,PNK,13.92,67600,9566341120,0.3178,14.19,14.95,-0.8463,,,,,0.0,60.25,4,18.94,12.05,-26.5,0.0,,8,,20260926
CYTK,"Cytokinetics, Incorporated",Healthcare,Biotechnology,NASDAQ,,2011366,8989254656,2.3715,,,,,,,,0.0,19.5,3,88.31,47.87,,0.0,,8,,20260926
PMCUF,Pro Medicus Limited,Healthcare,Health Information Services,PNK,114.56,165,12532787200,2.658,122.78,113.57,-3.0936,-15.65,18.61,-61.18,-21.87,0.0,26.25,3,210.0,74.52,-45.45,0.0,,8,,20260926
EQX,Equinox Gold Corp.,Basic Materials,Gold,NYSE,,13674801,13939470336,0.4248,,,,,,,,0.0,18.25,3,18.96,8.48,,0.0,,8,,20260926
SIEVF,D'Ieteren Group SA,Consumer Cyclical,Auto & Truck Dealerships,PNK,194.35,19,10220221440,2.7884,199.22,200.92,-1.7468,,,,,0.0,50.25,3,235.0,172.0,-17.3,0.0,,8,,20260926
ORI,Old Republic International Corporation,Financial Services,Insurance - Property & Casualty,NYSE,,1329957,9111678976,0.7323,,,,,,,,0.0,15.75,3,46.76,36.65,,0.0,,8,,20260926
UHS,"Universal Health Services, Inc.",Healthcare,Medical Care Facilities,NYSE,,842577,10541385728,6.3031,,,,,,,,0.0,23.25,3,246.33,140.08,,0.0,,8,,20260926
PMDIY,Pro Medicus Limited,Healthcare,Health Information Services,PNK,23.35,64,12196868096,0.3545,26.44,24.3,-8.7128,-9.03,18.93,-58.24,-18.93,0.0,13.25,4,39.59,14.2,-41.02,0.0,,8,,20260926
WTCHF,WiseTech Global Limited,Technology,Software - Application,PNK,22.09,798,7428934144,0.418,26.39,30.84,-10.2879,12.4,-32.69,-81.66,-41.01,0.0,26.25,4,63.12,18.95,-65.01,0.0,,8,,20260926
VLPNY,Voestalpine AG,Basic Materials,Steel,PNK,10.28,779,8812561408,0.1636,10.29,9.8,-0.0477,4.52,-2.63,37.0,15.01,0.0,63.25,3,11.78,6.62,-12.73,0.0,,8,,20260926
SPIIY,SPIE SA,Industrials,Engineering & Construction,PNK,12.35,169744,8344895488,0.5884,13.04,13.8,-1.1791,,,,,0.0,11.25,4,17.21,10.79,-28.26,0.0,,8,,20260926
FINGF,Finning International Inc.,Industrials,Industrial Distribution,PNK,73.73,29112,9626525696,1.9958,68.55,66.14,2.5931,4.39,-1.06,42.72,17.81,0.0,65.0,2,78.16,44.54,-5.67,0.0,,8,,20260926
BAH,Booz Allen Hamilton Holding Corporation,Industrials,Consulting Services,NYSE,,2027779,8774789120,2.2323,,,,,,,,0.0,22.0,3,109.1,59.5,,0.0,,8,,20260926
KKOYY,Kesko Oyj,Consumer Defensive,Grocery Stores,PNK,13.09,29517,10428600320,0.174,12.5,11.72,3.3805,,,,,0.0,85.0,2,13.19,10.11,-0.76,0.0,,8,,20260926
SCTBY,Securitas AB (publ),Industrials,Security & Protection Services,PNK,15.86,274,9078938624,0.0822,16.03,16.66,-2.0797,-11.44,-20.41,-11.02,-14.42,0.0,24.0,4,20.14,14.04,-21.25,0.0,,8,,20260926
SNAP,Snap Inc.,Communication Services,Internet Content & Information,NYSE,,37457382,9166291968,0.2627,,,,,,,,0.0,20.75,3,9.13,3.81,,0.0,,8,,20260926
TRYIF,"Toray Industries, Inc.",Consumer Cyclical,Textile Manufacturing,PNK,8.09,31,11784396800,0.0259,7.7,7.19,14.9272,16.73,-0.79,7.07,6.73,0.0,75.0,2,8.79,6.1,-7.96,0.0,,8,,20260926
BRX,Brixmor Property Group Inc.,Real Estate,REIT - Retail,NYSE,,2529322,8613906432,0.3854,,,,,,,,0.0,19.5,3,32.86,24.66,,0.0,,8,,20260926
OC,Owens Corning,Industrials,Building Products & Equipment,NYSE,,1087338,9794922496,4.2223,,,,,,,,0.0,20.75,3,159.91,97.53,,0.0,,8,,20260926
ACLLY,Accelleron Industries AG,Industrials,Specialty Industrial Machinery,PNK,93.12,706,8757586944,2.084,92.19,93.37,0.4463,-13.88,-18.4,-8.9,-13.47,0.0,44.5,3,116.79,76.17,-20.27,0.0,,8,,20260926
DWHHF,Deutsche Wohnen SE,Real Estate,Real Estate Services,PNK,23.82,0,9677266944,0.0001,23.82,24.65,0.0,-4.74,-23.63,-23.16,-18.72,0.0,49.0,3,25.4,23.82,-6.24,0.0,,8,,20260926
NPTLF,Northam Platinum Holdings Limited,Basic Materials,Other Precious Metals & Mining,PNK,16.31,90,6419679232,0.5248,10.06,9.81,11.8933,31.27,27.43,229.69,109.3,0.0,75.0,2,28.95,13.66,-43.68,0.0,,8,,20260926
MAKSY,Marks and Spencer Group plc,Consumer Cyclical,Department Stores,OQX,9.98,74512,10324072448,0.2301,10.45,9.77,-2.0295,,,,,0.0,68.25,3,11.32,8.19,-11.84,0.0,,8,,20260926
R,"Ryder System, Inc.",Industrials,Rental & Leasing Services,NYSE,,311695,9033371648,5.0146,,,,,,,,0.0,15.75,3,284.25,157.67,,0.0,,8,,20260926
BLSFY,BlueScope Steel Limited,Basic Materials,Steel,PNK,111.72,23,9788402688,0.8835,105.93,100.27,6.553,-10.51,4.92,44.87,17.05,0.0,51.25,2,121.37,65.39,-7.95,0.0,,8,,20260926
ASRMF,"Grupo Aeroportuario del Sureste, S. A. B. de C. V.",Industrials,Airports & Air Services,PNK,22.59,1147,6776999936,0.6694,26.94,31.53,-6.4923,-27.8,-50.32,-50.49,-44.76,0.0,0.0,4,39.95,22.59,-43.45,0.0,,8,,20260926
BZZUY,Buzzi S.p.A.,Basic Materials,Building Materials,PNK,21.54,2417,7604122112,0.6657,23.49,26.5,-2.9243,,,,,0.0,3.75,4,32.22,21.14,-33.15,0.0,,8,,20260926
SCTBF,Securitas AB (publ),Industrials,Security & Protection Services,PNK,14.75,187,8443527680,0.0761,16.41,16.46,-21.7979,-9.14,-28.67,-20.22,-20.41,0.0,0.0,4,18.55,14.5,-20.49,0.0,,8,,20260926
XROLF,Xero Limited,Technology,Software - Application,PNK,43.0,365,7596447232,1.0608,52.13,57.19,-8.6073,-15.99,-33.9,-77.11,-46.71,0.0,26.25,4,108.0,43.0,-60.19,0.0,,8,,20260926
WARFY,The Wharf (Holdings) Limited,Real Estate,Real Estate - Development,PNK,4.9,676,7487267328,0.1496,4.84,5.48,0.4141,9.63,-35.27,-30.72,-22.23,0.0,50.0,3,7.53,4.21,-34.93,0.0,,8,,20260926
CTIHY,China Taiping Insurance Holdings Company Limited,Financial Services,Insurance - Life,PNK,68.96,0,9913740288,0.0062,68.96,56.46,0.0,1.29,-24.02,164.2,57.6,0.0,75.0,3,78.31,26.01,-11.94,0.0,,8,,20260926
HPIFF,Huadian Power International Corporation Limited,Utilities,Utilities - Regulated Electric,PNK,0.61,0,7129629696,0.0,0.61,0.57,0.0,-4.74,-0.35,-7.28,-4.22,0.0,62.0,3,0.61,0.49,0.0,0.0,,8,,20260926
RNLSY,Renault SA,Consumer Cyclical,Auto Manufacturers,PNK,5.98,134725,8652265472,0.1786,6.42,6.62,-2.4703,,,,,0.0,43.25,4,8.79,5.6,-31.97,0.0,,8,,20260926
QRVO,"Qorvo, Inc.",Technology,Semiconductors,NASDAQ,,1221503,10407505920,5.3147,,,,,,,,0.0,28.25,3,121.09,74.92,,0.0,,8,,20260926
CAVA,"CAVA Group, Inc.",Consumer Cyclical,Restaurants,NYSE,,3420785,6024864256,2.1616,,,,,,,,0.0,18.25,3,98.79,43.41,,0.0,,8,,20260926
CPCAF,Cathay Pacific Airways Limited,Industrials,Airlines,PNK,1.6,71,9729805312,0.0294,1.69,1.5,-3.1231,0.47,-19.74,3.87,-5.24,0.0,50.0,3,1.95,1.22,-17.95,0.0,,8,,20260926
