ticker,name,sector,industry,exchange,close,avg_volume_50d,market_cap,atr14,sma50,sma200,atr_extension,rs_3m,rs_6m,rs_12m,rs_score,rs_percentile,trend_strength,stage,52w_high,52w_low,pct_from_52w_high,rts_composite,rts_grade,rts_grade_rank,colour_band,run_date
OCS,Oculis Holding AG,Healthcare,Biotechnology,NASDAQ,12.07,698511,728884032,0.7304,13.4,21.87,-1.8201,-63.14,-69.36,-56.03,-62.47,0.0,6.25,4,34.48,10.52,-64.99,0.0,,8,,20260805
MQ,"Marqeta, Inc.",Technology,Software - Infrastructure,NASDAQ,16.66,1165850,1752666112,0.8352,16.41,17.27,0.2948,-13.66,-8.37,-49.34,-26.08,0.0,77.0,3,28.16,14.8,-40.84,0.0,,8,,20260805
FLO,"Flowers Foods, Inc.",Consumer Defensive,Packaged Foods,NYSE,7.39,8171634,1566630016,0.3416,7.8,9.19,-1.1976,-19.71,-43.39,-73.41,-49.48,0.0,10.0,4,16.85,6.8,-56.14,0.0,,8,,20260805
AMRC,"Ameresco, Inc.",Industrials,Engineering & Construction,NYSE,25.66,605042,1361678976,2.2794,26.84,29.93,-0.5185,-23.24,-30.62,30.34,-4.39,0.0,20.75,4,44.93,18.38,-42.89,0.0,,8,,20260805
HGRAF,HydroGraph Clean Power Inc.,Basic Materials,Specialty Chemicals,OQB,4.04,1154198,1364302976,0.3794,4.12,3.73,-0.2145,-29.09,58.95,280.69,125.64,0.0,48.25,3,8.37,0.89,-51.73,0.0,,8,,20260805
VLXGF,Volex plc,Industrials,Electrical Equipment & Parts,PNK,7.24,8123,1328261248,0.1785,7.71,6.57,-2.6726,-15.71,5.03,25.95,8.21,0.0,26.25,3,9.53,4.73,-24.07,0.0,,8,,20260805
MQY,"BlackRock MuniYield Quality Fund, Inc.",Financial Services,Asset Management,NYSE,11.29,376688,811001536,0.0881,11.38,11.19,-1.0538,-6.52,-13.44,-14.86,-12.28,0.0,65.75,3,11.94,10.84,-5.44,0.0,,8,,20260805
LMPMY,Lee & Man Paper Manufacturing Limited,Basic Materials,Paper & Paper Products,PNK,5.07,83,2177565184,0.0814,4.04,3.95,12.6981,19.65,4.01,48.61,25.76,0.0,76.25,2,5.4,3.0,-6.11,0.0,,8,,20260805
CNXN,"PC Connection, Inc.",Technology,Electronics & Computer Distribution,NASDAQ,85.96,144729,2169467136,2.9144,75.21,64.07,3.6895,25.26,34.88,21.9,27.29,0.0,91.25,2,88.31,54.97,-2.66,0.0,,8,,20260805
PEB,Pebblebrook Hotel Trust,Real Estate,REIT - Hotel & Motel,NYSE,19.09,2503403,2146705664,0.5946,18.19,13.74,1.5132,26.75,54.86,70.1,53.93,0.0,91.25,2,19.93,9.3,-4.21,0.0,,8,,20260805
AIP,"Arteris, Inc.",Technology,Semiconductors,NASDAQ,30.93,1029311,1428099456,2.8191,36.09,22.68,-1.8287,-3.98,100.78,203.99,115.88,0.0,35.0,3,50.26,8.42,-38.46,0.0,,8,,20260805
HTZ,"Hertz Global Holdings, Inc.",Industrials,Rental & Leasing Services,NASDAQ,1.56,16907663,492592608,0.1906,3.24,4.8,-8.8293,-81.02,-82.0,-95.95,-87.33,0.0,8.75,4,8.18,1.45,-80.93,0.0,,8,,20260805
AGIO,"Agios Pharmaceuticals, Inc.",Healthcare,Biotechnology,NASDAQ,31.72,1095536,1893743616,2.0389,34.36,31.48,-1.295,9.94,1.34,-35.59,-11.28,0.0,60.0,3,46.0,22.24,-31.04,0.0,,8,,20260805
TILE,"Interface, Inc.",Consumer Cyclical,"Furnishings, Fixtures & Appliances",NASDAQ,35.19,545763,2042997376,1.0743,32.61,29.44,2.3975,22.4,-4.28,16.56,10.73,0.0,91.25,2,36.66,24.4,-4.01,0.0,,8,,20260805
CAPR,"Capricor Therapeutics, Inc.",Healthcare,Biotechnology,NASDAQ,3.93,2683416,227593744,1.8366,21.64,23.25,-9.6425,-94.71,-96.44,-72.14,-86.29,0.0,11.25,4,40.37,2.96,-90.27,0.0,,8,,20260805
BLDP,Ballard Power Systems Inc.,Industrials,Electrical Equipment & Parts,NASDAQ,2.64,9287009,795977152,0.2434,3.9,3.14,-5.1788,-45.66,1.56,20.16,-2.8,0.0,5.0,4,6.57,1.7,-59.82,0.0,,8,,20260805
NMRSF,NAMURA SHIPBUILDING CO,Industrials,Aerospace & Defense,PNK,23.88,102,1660741632,0.0841,23.32,16.28,6.6629,-15.62,142.44,2885.8,1200.27,0.0,50.0,2,36.36,20.64,-34.32,0.0,,8,,20260805
NKRKF,Nokian Renkaat Oyj,Consumer Cyclical,Auto Parts,PNK,17.3,98,2386153472,0.1336,13.98,11.69,24.827,27.77,61.46,129.72,80.34,0.0,75.0,2,17.3,6.96,-0.0,0.0,,8,,20260805
SHLS,"Shoals Technologies Group, Inc.",Technology,Solar,NASDAQ,8.68,5776621,1460843648,0.8468,10.23,8.86,-1.8284,0.13,-25.52,38.02,6.31,0.0,47.0,3,13.18,4.43,-34.14,0.0,,8,,20260805
NKRKY,Nokian Renkaat Oyj,Consumer Cyclical,Auto Parts,PNK,8.63,3009,2380636416,0.1726,7.31,5.93,7.6349,34.61,30.46,82.61,52.36,0.0,85.0,2,8.9,4.24,-3.03,0.0,,8,,20260805
INVA,"Innoviva, Inc.",Healthcare,Biotechnology,NASDAQ,20.51,848078,1513817472,0.5392,22.08,21.58,-2.9161,-16.08,-14.57,-12.99,-14.31,0.0,19.5,4,25.15,16.52,-18.45,0.0,,8,,20260805
SGML,Sigma Lithium Corporation,Basic Materials,Other Industrial Metals & Mining,NCM,10.55,2596186,1182282112,0.7708,12.53,12.81,-2.566,-59.81,-24.46,84.36,10.23,0.0,10.0,4,24.48,4.62,-56.9,0.0,,8,,20260805
CASBF,CanSino Biologics Inc.,Healthcare,Drug Manufacturers - Specialty & Generic,PNK,3.14,96,776952768,0.0233,3.01,4.1,5.9123,-26.23,-41.21,-66.32,-47.51,0.0,25.0,3,6.99,2.6,-55.01,0.0,,8,,20260805
CMPNF,Champion Real Estate Investment Trust,Real Estate,REIT - Retail,PNK,0.34,47,1907400832,0.0002,0.34,0.29,17.3972,1.97,1.83,16.23,7.62,0.0,75.0,2,0.34,0.23,0.0,0.0,,8,,20260805
PAYO,Payoneer Global Inc.,Technology,Software - Infrastructure,NASDAQ,7.12,7327477,2407944192,0.061,6.67,5.68,7.367,38.38,7.83,-11.19,7.86,0.0,82.5,2,7.67,4.08,-7.11,0.0,,8,,20260805
PLYGF,PLYGF,Healthcare,Drug Manufacturers - Specialty & Generic,PNK,43.0,5,1419282304,0.0435,44.82,38.69,-41.8359,-12.8,-2.92,4.67,-2.36,0.0,37.0,3,50.0,31.5,-14.0,0.0,,8,,20260805
PRCT,PROCEPT BioRobotics Corporation,Healthcare,Medical Devices,NASDAQ,19.34,1609280,1100810496,1.2861,22.07,27.31,-2.1263,-29.83,-45.98,-84.32,-57.28,0.0,13.75,4,47.97,16.66,-59.69,0.0,,8,,20260805
HLIT,Harmonic Inc.,Technology,Communication Equipment,NASDAQ,11.98,3096085,1299787264,0.6657,13.82,11.16,-2.7708,-5.88,9.51,15.5,8.06,0.0,36.25,3,17.68,8.47,-32.24,0.0,,8,,20260805
NUVB,Nuvation Bio Inc.,Healthcare,Biotechnology,NYSE,6.37,6406285,2218046720,0.3771,5.66,5.74,1.8847,25.25,-4.27,152.44,65.8,0.0,90.0,3,9.75,2.18,-34.67,0.0,,8,,20260805
WBTN,WEBTOON Entertainment Inc.,Communication Services,Internet Content & Information,NASDAQ,9.29,344672,1256330752,0.4855,10.99,12.22,-3.5018,-34.62,-29.51,-23.64,-28.44,0.0,7.5,4,22.47,8.3,-58.66,0.0,,8,,20260805
IMKTA,"Ingles Markets, Incorporated",Consumer Defensive,Grocery Stores,NASDAQ,87.85,139677,1668655872,2.7761,89.63,82.36,-0.6422,-8.24,-3.08,18.27,4.17,0.0,75.75,3,95.62,59.79,-8.13,0.0,,8,,20260805
IIPR,"Innovative Industrial Properties, Inc.",Real Estate,REIT - Industrial,NYSE,58.47,365778,1695358848,1.932,59.99,50.99,-0.7848,-6.7,17.1,7.25,7.21,0.0,69.5,3,65.38,44.58,-10.57,0.0,,8,,20260805
FMC,FMC Corporation,Basic Materials,Agricultural Inputs,NYSE,10.78,4069247,1349945344,0.7111,11.48,14.38,-0.9779,-33.63,-44.28,-93.71,-61.39,0.0,11.25,4,40.84,9.95,-73.6,0.0,,8,,20260805
TRVG,trivago N.V.,Communication Services,Internet Content & Information,NASDAQ,5.18,101239,366231552,0.3404,4.9,3.42,0.8364,73.23,65.77,-7.69,38.25,0.0,86.25,2,5.78,2.59,-10.38,0.0,,8,,20260805
PVLA,"Palvella Therapeutics, Inc.",Healthcare,Biotechnology,NASDAQ,154.91,266957,2232006400,10.56,131.67,110.62,2.2009,13.02,81.62,293.11,149.07,0.0,90.0,2,161.38,37.33,-4.01,0.0,,8,,20260805
TSLX,"Sixth Street Specialty Lending, Inc.",Financial Services,Asset Management,NYSE,18.08,713350,1717954304,0.5016,17.02,18.62,2.1192,-12.04,-20.73,-39.77,-26.17,0.0,52.0,3,24.79,16.04,-27.07,0.0,,8,,20260805
KRKNF,Kraken Robotics Inc.,Technology,Scientific & Technical Instruments,OQB,4.5,1188686,1382287616,0.2757,4.81,5.26,-1.1116,-20.09,-36.73,57.77,5.23,0.0,11.25,4,8.13,2.39,-44.65,0.0,,8,,20260805
DCOM,"Dime Commercial Bancshares, Inc.",Financial Services,Banks - Regional,NYSE,41.53,322945,1833823360,0.9012,39.35,33.64,2.4227,8.63,6.49,32.78,17.54,0.0,90.0,2,41.72,25.63,-0.46,0.0,,8,,20260805
GABC,"German American Bancorp, Inc.",Financial Services,Banks - Regional,NASDAQ,51.04,166621,1917917440,1.0492,46.86,42.3,3.9842,11.59,7.82,15.29,11.75,0.0,91.25,2,52.23,37.19,-2.28,0.0,,8,,20260805
RNDOF,Round One Corporation,Consumer Cyclical,Leisure,PNK,7.65,28,2010976000,0.1559,4.62,1.57,19.4578,258.85,6115.32,24017.92,11812.24,0.0,75.0,2,11.55,5.29,-33.77,0.0,,8,,20260805
BDJ,BlackRock Enhanced Equity Dividend Trust,Financial Services,Asset Management,NYSE,9.81,516873,1735827456,0.0972,9.42,8.97,4.0144,2.37,-6.63,0.01,-1.73,0.0,85.0,2,9.86,8.42,-0.51,0.0,,8,,20260805
GPEAF,Great Portland Estates Plc,Real Estate,REIT - Office,PNK,4.01,104,1617673088,0.0008,4.0,4.13,12.3421,2.23,-28.1,-40.68,-25.55,0.0,62.0,3,5.27,3.71,-23.91,0.0,,8,,20260805
STMRF,Stanmore Resources Limited,Basic Materials,Coking Coal,OQX,1.92,8926,1732474752,0.0184,1.77,1.71,8.5327,11.33,-10.34,28.06,10.44,0.0,75.0,2,2.16,1.17,-11.02,0.0,,8,,20260805
SREMF,Sunrise Energy Metals Limited,Industrials,Pollution & Treatment Controls,OQX,11.22,53803,1755233536,0.7691,11.03,7.26,0.253,18.73,33.67,1218.79,503.98,0.0,92.5,2,14.5,0.43,-22.62,0.0,,8,,20260805
NVRI,Enviri Corporation,Industrials,Waste Management,NYSE,23.01,1039509,646903424,1.0052,21.56,18.7,1.4449,12.04,7.67,143.31,63.02,0.0,85.0,2,23.81,8.11,-3.36,0.0,,8,,20260805
TCBK,TriCo Bancshares,Financial Services,Banks - Regional,NASDAQ,57.78,297619,1857663488,1.249,54.5,49.39,2.626,8.85,0.69,22.07,11.28,0.0,86.25,2,61.71,40.44,-6.37,0.0,,8,,20260805
STAA,STAAR Surgical Company,Healthcare,Medical Instruments & Supplies,NASDAQ,22.86,902131,1138164992,1.4178,27.58,24.31,-3.3318,-23.35,13.72,0.32,-0.91,0.0,22.0,4,35.87,15.59,-36.27,0.0,,8,,20260805
TGLVY,Top Glove Corporation Bhd.,Healthcare,Medical Instruments & Supplies,PNK,0.6,1326,1200711424,0.0269,0.68,0.62,-3.1187,-28.19,2.83,-25.61,-16.3,0.0,12.0,4,0.93,0.46,-35.8,0.0,,8,,20260805
BST,BlackRock Science and Technology Trust,Financial Services,Asset Management,NYSE,48.69,112813,1690517760,1.2178,47.22,41.08,1.2035,6.94,13.88,14.87,12.54,0.0,86.25,2,51.3,34.87,-5.09,0.0,,8,,20260805
STBA,"S&T Bancorp, Inc.",Financial Services,Banks - Regional,NASDAQ,52.6,276808,1854935552,0.9946,48.63,42.76,3.9955,11.86,10.76,26.53,17.34,0.0,86.25,2,53.5,34.38,-1.68,0.0,,8,,20260805
STGW,Stagwell Inc.,Communication Services,Advertising Agencies,NASDAQ,8.85,1479644,2163607808,0.3765,7.31,6.08,4.0903,26.65,50.75,34.16,38.09,0.0,90.0,2,9.19,4.29,-3.7,0.0,,8,,20260805
ASAN,"Asana, Inc.",Technology,Software - Application,NYSE,8.88,6177483,2107786240,0.5658,7.49,9.27,2.4615,14.18,-16.23,-61.48,-26.73,0.0,77.0,3,15.71,5.38,-43.48,0.0,,8,,20260805
SLSR,Solaris Resources Inc.,Basic Materials,Other Precious Metals & Mining,NYSE,8.0,160278,1336282624,0.4439,8.51,8.63,-1.1398,-23.99,-34.64,39.95,-2.14,0.0,24.5,4,11.48,4.89,-30.31,0.0,,8,,20260805
PMREF,Primaris Real Estate Investment Trust,Real Estate,REIT - Retail,PNK,16.5,6988,2274538752,0.1361,15.24,13.26,9.2519,10.97,22.36,32.87,23.71,0.0,76.25,2,46.44,10.44,-64.47,0.0,,8,,20260805
LILAK,Liberty Latin America Ltd.,Communication Services,Telecom Services,NASDAQ,8.26,1647380,1663564032,0.326,6.68,5.79,4.8337,40.21,41.48,44.16,42.24,0.0,88.75,2,8.45,4.61,-2.25,0.0,,8,,20260805
LILA,Liberty Latin America Ltd.,Communication Services,Telecom Services,NASDAQ,8.38,831610,1687731968,0.333,6.71,5.74,5.0071,45.47,45.31,50.18,47.3,0.0,90.0,2,8.57,4.58,-2.22,0.0,,8,,20260805
LILAB,Liberty Latin America Ltd.,Communication Services,Telecom Services,PNK,7.25,1,1460150016,0.003,7.25,9.25,0.0,-36.51,-44.56,7.25,-21.82,0.0,25.0,3,10.74,5.55,-32.5,0.0,,8,,20260805
ZD,"Ziff Davis, Inc.",Communication Services,Advertising Agencies,NASDAQ,52.72,627544,1941962368,1.9301,49.77,40.74,1.5269,8.43,39.26,49.54,35.66,0.0,86.25,2,55.32,22.45,-4.7,0.0,,8,,20260805
SESPF,SeSa S.p.A.,Technology,Information Technology Services,PNK,104.0,4,1568341376,0.0294,104.0,106.84,0.0,9.55,-13.95,-37.4,-17.46,0.0,62.0,3,121.95,89.0,-14.72,0.0,,8,,20260805
CNXC,Concentrix Corporation,Technology,Information Technology Services,NASDAQ,26.06,1801767,1590138240,1.7263,24.75,31.15,0.7609,4.46,-40.25,-63.92,-38.54,0.0,63.75,3,57.88,19.12,-54.97,0.0,,8,,20260805
REX,REX American Resources Corporation,Basic Materials,Chemicals,NYSE,44.11,192863,1452882816,1.4597,45.26,39.59,-0.788,-20.36,15.55,48.76,19.85,0.0,45.75,3,53.36,25.57,-17.34,0.0,,8,,20260805
FBYD,"Falcon's Beyond Global, Inc.",Industrials,Conglomerates,NASDAQ,9.6,137913,470516768,1.3916,14.13,11.89,-3.2554,-33.68,49.38,11.8,13.58,0.0,5.0,4,29.02,3.71,-66.92,0.0,,8,,20260805
BFSAF,Befesa S.A.,Industrials,Waste Management,PNK,40.7,176,1628000000,0.0241,40.19,34.57,21.1369,14.06,24.05,41.21,28.42,0.0,75.0,2,40.7,25.35,0.0,0.0,,8,,20260805
LWSCF,Sienna Senior Living Inc.,Healthcare,Medical Care Facilities,PNK,16.22,44004,1721453824,0.0954,15.73,15.43,5.1759,-11.33,-7.53,3.03,-4.26,0.0,51.25,2,17.58,12.79,-7.74,0.0,,8,,20260805
RXRX,"Recursion Pharmaceuticals, Inc.",Healthcare,Biotechnology,NASDAQ,3.17,20956288,1682516224,0.1998,3.31,3.86,-0.7017,-12.57,-34.92,-68.66,-42.83,0.0,23.25,4,7.18,2.77,-55.85,0.0,,8,,20260805
AEVA,"Aeva Technologies, Inc.",Technology,Software - Infrastructure,NASDAQ,19.61,2317293,1324365312,1.9622,21.8,16.53,-1.1147,22.04,37.69,4.77,20.61,0.0,35.0,3,31.3,8.83,-37.35,0.0,,8,,20260805
AVAH,Aveanna Healthcare Holdings Inc.,Healthcare,Medical Care Facilities,NASDAQ,9.33,2093721,2031655936,0.3702,8.49,8.09,2.2763,37.57,-1.95,120.93,57.08,0.0,88.75,2,10.32,3.74,-9.59,0.0,,8,,20260805
WWUEY,Wüstenrot & Württembergische AG,Financial Services,Insurance - Life,PNK,9.01,1,1689369984,0.0015,9.01,8.41,0.0,6.06,-4.59,-11.57,-4.72,0.0,75.0,3,9.16,8.29,-1.64,0.0,,8,,20260805
KMMPF,Killam Apartment REIT,Real Estate,REIT - Residential,PNK,13.35,5465,1667044864,0.267,,,,2.15,-4.4,-18.83,-8.53,0.0,12.0,3,13.57,11.1,-1.62,0.0,,8,,20260805
CMPS,COMPASS Pathways plc,Healthcare,Medical Care Facilities,NASDAQ,13.58,4003037,1832611584,0.8921,12.5,8.32,1.2085,39.08,93.84,171.9,111.37,0.0,85.0,2,15.4,3.97,-11.82,0.0,,8,,20260805
CRLFF,Cardinal Energy Ltd.,Energy,Oil & Gas E&P,PNK,7.66,372936,1342779392,0.2187,7.91,7.18,-1.1554,-22.95,6.24,33.74,9.94,0.0,48.25,3,9.68,5.08,-20.87,0.0,,8,,20260805
ATAI,AtaiBeckley Inc.,Healthcare,Biotechnology,NASDAQ,7.22,11690040,2671070976,0.2131,5.36,4.43,8.7405,73.87,74.33,46.17,62.95,0.0,91.25,2,7.22,3.27,-0.0,0.0,,8,,20260805
TFIN,"Triumph Financial, Inc.",Financial Services,Banks - Regional,NYSE,78.11,271483,1866402176,2.9177,75.38,64.9,0.9357,9.33,8.16,16.27,11.69,0.0,87.5,2,83.52,46.43,-6.48,0.0,,8,,20260805
GLUE,"Monte Rosa Therapeutics, Inc.",Healthcare,Biotechnology,NASDAQ,15.61,1347403,1318723712,1.8404,20.6,18.24,-2.7087,-25.96,-37.65,196.56,58.96,0.0,37.5,3,25.77,4.12,-39.43,0.0,,8,,20260805
ABCL,AbCellera Biologics Inc.,Healthcare,Biotechnology,NASDAQ,5.92,7403040,1807822336,0.4666,6.13,4.48,-0.4593,20.41,55.95,13.09,29.92,0.0,74.5,3,8.44,2.75,-29.86,0.0,,8,,20260805
NHNKY,Nihon Kohden Corporation,Healthcare,Medical Devices,PNK,9.61,23403,1537335424,0.2181,9.12,10.16,2.2574,-2.06,-27.64,-38.9,-25.75,0.0,78.25,3,14.21,8.12,-32.37,0.0,,8,,20260805
BFC,Bank First Corporation,Financial Services,Banks - Regional,NCM,156.31,100431,1732109184,4.1726,146.05,136.78,2.4596,1.07,-4.64,11.2,3.12,0.0,92.5,2,157.01,115.29,-0.45,0.0,,8,,20260805
HOPE,"Hope Bancorp, Inc.",Financial Services,Banks - Regional,NASDAQ,14.27,1025450,1822876160,0.2969,13.31,11.78,3.2264,8.91,6.13,25.49,14.57,0.0,88.75,2,14.4,9.8,-0.9,0.0,,8,,20260805
SLCJY,SLC Agrícola S.A.,Consumer Defensive,Farm Products,PNK,2.68,64921,1330784640,0.1111,2.78,2.98,-0.9362,-31.78,-24.21,-27.85,-27.56,0.0,36.5,4,3.94,2.4,-31.98,0.0,,8,,20260805
TSHA,"Taysha Gene Therapies, Inc.",Healthcare,Biotechnology,NASDAQ,6.46,3076308,1856352256,0.4005,6.0,5.27,1.1604,-13.55,24.63,115.06,51.26,0.0,63.75,2,7.3,2.63,-11.51,0.0,,8,,20260805
EBRCZ,EBR SYS INC.,Healthcare,Medical Devices,PNK,0.24,8864,178382768,0.0142,0.27,0.54,-2.6826,-51.45,-72.61,-80.18,-70.35,0.0,2.5,4,1.5,0.19,-84.21,0.0,,8,,20260805
FDMDF,4DMedical Limited,Healthcare,Medical Devices,PNK,2.53,460,1517086208,0.0281,2.64,2.43,-3.8675,-24.36,-13.85,1433.54,562.48,0.0,38.25,3,5.0,0.16,-49.4,0.0,,8,,20260805
VRNO,Verano Holdings Corp.,Unknown,Unknown,OQX,5.2,181661,384374304,0.3856,5.73,5.91,-1.376,-27.24,-34.62,28.96,-7.35,0.0,11.25,4,9.75,3.75,-46.67,0.0,,8,,20260805
ABXXF,Abaxx Technologies Inc.,Technology,Software - Application,OQX,19.4,91222,747318400,1.6575,24.8,31.37,-3.2577,-56.77,-44.21,86.64,4.99,0.0,11.25,4,52.5,9.43,-63.05,0.0,,8,,20260805
SATL,Satellogic Inc.,Industrials,Aerospace & Defense,NCM,4.82,8278563,714536576,0.448,5.6,4.39,-1.7515,-37.78,3.08,19.29,-0.65,0.0,35.0,3,12.0,1.25,-59.83,0.0,,8,,20260805
INTA,"Intapp, Inc.",Technology,Software - Application,NASDAQ,36.96,999004,2848196352,1.9948,26.22,30.78,5.3826,46.86,13.87,-31.92,3.8,0.0,96.25,3,47.93,19.01,-22.89,0.0,,8,,20260805
CET,Central Securities Corporation,Financial Services,Asset Management,NYSE,54.89,36121,1621959040,0.7709,52.71,51.22,2.8217,-3.58,-6.58,-3.35,-4.54,0.0,85.0,2,55.4,47.82,-0.92,0.0,,8,,20260805
BAK,Braskem S.A.,Basic Materials,Chemicals,NYSE,2.26,2376373,510656064,0.1679,2.97,3.35,-4.207,-48.08,-49.63,-49.46,-49.17,0.0,11.25,4,5.39,2.2,-58.11,0.0,,8,,20260805
APPN,Appian Corporation,Technology,Software - Infrastructure,NASDAQ,29.96,942475,2199427072,1.6748,24.32,28.03,3.3698,25.23,3.67,-16.81,0.87,0.0,91.25,3,46.06,18.63,-34.95,0.0,,8,,20260805
FISK,"Empire State Realty OP, L.P.",Real Estate,REIT - Office,PCX,5.21,144,1458399360,0.0865,5.35,5.88,-1.5779,-9.52,-30.64,-51.49,-33.7,0.0,13.25,4,8.16,4.49,-36.15,0.0,,8,,20260805
CLVT,Clarivate Plc,Technology,Information Technology Services,NYSE,1.94,6844385,1240080128,0.1907,2.25,2.73,-1.6022,-36.6,-20.29,-70.6,-44.49,0.0,13.75,4,4.56,1.66,-57.46,0.0,,8,,20260805
BELGF,Bellevue Gold Limited,Basic Materials,Gold,PNK,0.93,5975,1380302464,0.0273,0.96,1.04,-1.1933,-22.36,-32.92,58.89,6.45,0.0,13.25,4,1.49,0.56,-37.85,0.0,,8,,20260805
RES,"RPC, Inc.",Energy,Oil & Gas Equipment & Services,NYSE,5.79,1692283,1283394048,0.2553,6.17,6.12,-1.4942,-31.96,-5.01,10.93,-5.37,0.0,24.5,4,8.16,4.18,-29.04,0.0,,8,,20260805
FSUN,FirstSun Capital Bancorp,Financial Services,Banks - Regional,NASDAQ,39.8,263463,1965254912,1.3028,36.68,36.8,2.3985,2.98,-14.95,-8.42,-7.85,0.0,87.5,3,42.34,29.95,-6.0,0.0,,8,,20260805
GTBIF,Green Thumb Industries Inc.,Healthcare,Drug Manufacturers - Specialty & Generic,OQX,6.74,521700,1475990144,0.3285,7.52,7.21,-2.3652,-23.42,-11.64,-30.86,-22.27,0.0,19.5,4,10.43,5.29,-35.38,0.0,,8,,20260805
OPRA,Opera Limited,Communication Services,Internet Content & Information,NASDAQ,19.9,342722,1782104064,0.7537,18.77,15.44,1.496,3.37,41.64,5.24,17.51,0.0,85.0,2,21.06,11.71,-5.51,0.0,,8,,20260805
NBR,Nabors Industries Ltd.,Energy,Oil & Gas Drilling,NYSE,78.59,287090,1163135360,4.1909,87.15,74.28,-2.0425,-31.98,1.53,123.05,41.76,0.0,37.5,3,112.9,31.1,-30.39,0.0,,8,,20260805
IMTX,Immatics N.V.,Healthcare,Biotechnology,NCM,9.77,491988,1335296896,0.5375,9.68,10.08,0.1628,-17.41,-14.04,24.49,0.53,0.0,50.75,3,12.41,5.05,-21.27,0.0,,8,,20260805
DMRA,"Damora Therapeutics, Inc.",Healthcare,Biotechnology,NCM,30.83,597418,1897684864,2.3063,26.26,24.04,1.9829,17.33,8.15,787.47,322.17,0.0,85.0,2,38.33,2.45,-19.56,0.0,,8,,20260805
DXC,DXC Technology Company,Technology,Information Technology Services,NYSE,11.12,5740773,1776738944,0.6233,9.53,12.16,2.5488,-12.87,-29.86,-39.96,-29.65,0.0,74.5,3,15.68,7.9,-29.08,0.0,,8,,20260805
PRGO,Perrigo Company plc,Healthcare,Drug Manufacturers - Specialty & Generic,NYSE,13.27,3388745,1836140416,0.6496,10.56,12.31,4.1739,10.34,-13.79,-71.04,-30.66,0.0,57.5,3,24.61,9.23,-46.08,0.0,,8,,20260805
XHR,"Xenia Hotels & Resorts, Inc.",Real Estate,REIT - Hotel & Motel,NYSE,20.46,815583,2024072576,0.565,19.76,15.92,1.2312,16.5,26.42,42.53,30.38,0.0,88.75,2,22.06,11.75,-7.25,0.0,,8,,20260805
VSTS,Vestis Corporation,Industrials,Rental & Leasing Services,NYSE,13.93,1586039,1840223744,0.5723,14.05,9.13,-0.2132,43.64,93.22,110.41,87.7,0.0,70.75,3,16.9,3.98,-17.57,0.0,,8,,20260805
VIR,"Vir Biotechnology, Inc.",Healthcare,Biotechnology,NASDAQ,9.11,1870616,1536419328,0.442,9.31,8.11,-0.448,-15.62,6.39,55.31,20.45,0.0,45.75,3,11.66,4.16,-21.87,0.0,,8,,20260805
PTTMF,PT TIMAH Tbk,Basic Materials,Other Industrial Metals & Mining,PNK,0.21,30,2491804928,0.8571,-38.6,-71.46,45.2751,-107.54,-112.29,-124.13,-115.84,0.0,62.0,3,0.22,0.02,-3.57,0.0,,8,,20260805
NWL,Newell Brands Inc.,Consumer Defensive,Household & Personal Products,NASDAQ,6.17,11474736,2627803136,0.4627,4.97,4.16,2.6033,33.53,33.0,9.4,23.69,0.0,86.25,2,7.13,3.07,-13.46,0.0,,8,,20260805
DAO,"Youdao, Inc.",Consumer Defensive,Education & Training Services,NYSE,17.24,85168,2079741056,1.0496,13.19,11.1,3.8592,46.75,61.03,71.05,61.47,0.0,90.0,2,17.6,8.3,-2.05,0.0,,8,,20260805
GRGTF,Grainger plc,Real Estate,Real Estate Services,PNK,2.49,503,1840765184,0.0148,2.17,2.27,21.5742,8.32,-21.87,-25.58,-15.81,0.0,75.0,3,2.8,2.09,-11.07,0.0,,8,,20260805
TNIEF,tonies SE,Consumer Cyclical,Leisure,PNK,13.57,163,1735492864,0.1058,13.05,12.05,4.9359,5.78,-3.93,86.03,34.48,0.0,75.0,2,14.53,6.8,-6.61,0.0,,8,,20260805
LINC,Lincoln Educational Services Corporation,Consumer Defensive,Education & Training Services,NASDAQ,43.02,567826,1364625792,2.392,47.2,35.08,-1.7459,-11.22,47.57,67.72,40.93,0.0,33.75,3,56.34,17.29,-23.64,0.0,,8,,20260805
TPRKY,Travis Perkins plc,Industrials,Industrial Distribution,PNK,9.09,6498,1925627520,0.2137,7.38,7.92,8.0103,19.41,-4.68,6.17,5.68,0.0,82.5,3,9.78,6.78,-7.06,0.0,,8,,20260805
BORAY,"Bora Pharmaceuticals Co., Ltd.",Healthcare,Drug Manufacturers - Specialty & Generic,OQX,2.59,35,329674240,0.0518,2.59,2.59,0.0,-0.11,-0.11,-0.11,-0.11,0.0,62.0,3,2.59,2.25,-0.0,0.0,,8,,20260805
RHUHF,Richelieu Hardware Ltd.,Industrials,Tools & Accessories,PNK,25.54,15863,1396702592,0.2297,26.91,28.23,-5.9845,-16.11,-25.59,-19.38,-20.73,0.0,15.75,4,32.78,23.44,-22.09,0.0,,8,,20260805
ITMPF,ITM Power Plc,Industrials,Specialty Industrial Machinery,PNK,1.4,20886,966282432,0.0715,1.7,1.26,-4.265,-40.59,52.86,34.52,22.16,0.0,32.5,3,2.85,0.79,-50.88,0.0,,8,,20260805
EVTC,"EVERTEC, Inc.",Technology,Software - Infrastructure,NYSE,31.31,653667,1929332992,1.3427,27.56,28.16,2.791,4.1,-1.73,-32.95,-12.76,0.0,92.5,3,37.71,21.81,-16.97,0.0,,8,,20260805
ESBA,"Empire State Realty OP, L.P.",Real Estate,REIT - Office,PCX,4.88,5829,1364625152,0.3186,5.31,5.86,-1.376,-16.41,-34.03,-53.7,-37.5,0.0,8.75,4,8.3,4.65,-41.27,0.0,,8,,20260805
OGCP,"Empire State Realty OP, L.P.",Real Estate,REIT - Office,PCX,4.9,1196,1371623296,0.2072,5.43,5.87,-2.5772,-11.82,-37.81,-53.49,-37.59,0.0,5.0,4,8.18,4.51,-40.1,0.0,,8,,20260805
COUR,"Coursera, Inc.",Consumer Defensive,Education & Training Services,NYSE,5.81,7576363,1663743616,0.3531,5.57,6.54,0.6853,-8.66,-13.09,-76.35,-37.28,0.0,37.5,3,12.93,5.0,-55.07,0.0,,8,,20260805
CBLUF,China BlueChemical Ltd.,Basic Materials,Agricultural Inputs,PNK,0.22,508,1728749952,0.0011,0.27,0.29,-43.816,-43.0,-26.89,-40.82,-36.49,0.0,0.0,4,0.38,0.22,-42.11,0.0,,8,,20260805
IMDXF,Imdex Limited,Industrials,Farm & Heavy Construction Machinery,PNK,2.6,398,1330788736,0.0144,2.86,2.64,-18.3422,-22.74,-16.27,22.71,-2.29,0.0,12.0,4,3.19,1.75,-18.5,0.0,,8,,20260805
SNLRF,Sanlorenzo S.p.A.,Consumer Cyclical,Recreational Vehicles,PNK,44.14,64,1563301888,0.2746,42.88,38.05,4.5785,9.0,3.68,7.67,6.6,0.0,75.0,2,44.72,32.43,-1.29,0.0,,8,,20260805
DCH,Dauch Corporation,Consumer Cyclical,Auto Parts,NYSE,6.0,4099749,1424200448,0.282,5.83,6.33,0.593,4.89,-39.24,14.62,-6.66,0.0,50.75,3,9.25,4.39,-35.14,0.0,,8,,20260805
GHRS,GH Research PLC,Healthcare,Biotechnology,NASDAQ,29.13,265819,1998577792,1.4823,25.33,18.16,2.5609,30.26,70.74,93.43,69.7,0.0,88.75,2,31.0,11.32,-6.03,0.0,,8,,20260805
MBX,"MBX Biosciences, Inc.",Healthcare,Biotechnology,NASDAQ,67.48,867459,3211881984,4.6496,50.03,35.76,3.7535,121.34,59.82,414.8,217.19,0.0,86.25,2,72.64,9.63,-7.1,0.0,,8,,20260805
WKC,World Kinect Corporation,Energy,Oil & Gas Refining & Marketing,NYSE,38.46,1098098,1967291264,1.1851,33.68,27.01,4.0335,33.52,32.7,33.81,33.35,0.0,90.0,2,41.2,22.21,-6.65,0.0,,8,,20260805
NVAX,"Novavax, Inc.",Healthcare,Biotechnology,NASDAQ,7.7,4815167,1266173440,0.3745,8.89,8.45,-3.1802,-11.57,-20.24,-9.24,-13.67,0.0,20.75,4,11.97,6.2,-35.67,0.0,,8,,20260805
PRXXF,Paradox Interactive AB (publ),Communication Services,Electronic Gaming & Multimedia,PNK,15.26,94,1611279232,0.2827,13.71,11.36,5.4804,51.6,28.29,10.72,27.09,0.0,76.25,2,19.1,12.5,-20.13,0.0,,8,,20260805
SLVM,Sylvamo Corporation,Basic Materials,Paper & Paper Products,NYSE,38.73,348606,1538980480,1.5116,38.54,42.77,0.1246,-17.56,-29.48,-35.27,-28.82,0.0,49.5,3,56.8,35.53,-31.81,0.0,,8,,20260805
FRUYF,"Furuya Metal Co., Ltd.",Technology,Electronic Components,PNK,20.72,0,509697568,2.0135,-59.88,20.72,40.0294,-122.74,-127.49,-131.45,-127.89,0.0,62.0,3,60.32,20.52,-65.65,0.0,,8,,20260805
VPG,"Vishay Precision Group, Inc.",Technology,Scientific & Technical Instruments,NYSE,73.56,616914,978421504,11.5992,118.48,65.0,-3.8727,8.39,27.03,158.85,75.1,0.0,62.5,3,151.78,26.13,-51.54,0.0,,8,,20260805
QURE,uniQure N.V.,Healthcare,Biotechnology,NASDAQ,44.24,2180065,3068770304,2.5395,37.88,28.29,2.5028,102.44,46.9,197.96,121.21,0.0,85.0,2,71.5,8.73,-38.13,0.0,,8,,20260805
PGEN,"Precigen, Inc.",Healthcare,Biotechnology,NASDAQ,6.89,4770360,2456360704,0.3842,5.09,4.33,4.6964,52.49,31.31,268.16,131.35,0.0,86.25,2,7.23,1.7,-4.7,0.0,,8,,20260805
ECVT,Ecovyst Inc.,Basic Materials,Specialty Chemicals,NYSE,11.45,1760762,1253242368,0.4178,12.56,11.46,-2.6619,-28.9,-8.33,14.97,-4.15,0.0,23.25,4,15.09,7.41,-24.1,0.0,,8,,20260805
ACKAY,Arçelik Anonim Sirketi,Consumer Cyclical,"Furnishings, Fixtures & Appliances",PNK,10.32,768,1354305792,0.1697,11.31,12.83,-5.839,-28.8,-30.88,-60.37,-42.16,0.0,1.25,4,17.92,10.12,-42.41,0.0,,8,,20260805
QFIN,"Qfin Holdings, Inc.",Financial Services,Credit Services,NASDAQ,13.14,1505508,1599819904,0.5675,14.47,15.63,-2.3508,-7.5,-19.84,-80.34,-40.95,0.0,41.25,4,34.95,11.31,-62.4,0.0,,8,,20260805
AMLX,"Amylyx Pharmaceuticals, Inc.",Healthcare,Drug Manufacturers - Specialty & Generic,NASDAQ,21.85,1587222,2429421056,1.2073,16.87,14.93,4.1223,26.36,38.56,151.18,80.56,0.0,87.5,2,22.17,7.48,-1.44,0.0,,8,,20260805
ARDX,"Ardelyx, Inc.",Healthcare,Biotechnology,NASDAQ,4.91,3594198,1212914304,0.2009,5.46,6.03,-2.7494,-37.77,-48.8,-11.47,-31.11,0.0,8.75,4,8.4,4.71,-41.55,0.0,,8,,20260805
BOBS,"Bob's Discount Furniture, Inc.",Consumer Cyclical,Specialty Retail,NYSE,18.8,1095878,2455796736,0.9313,14.92,18.8,4.1717,80.81,-3.75,-3.75,17.39,0.0,93.75,3,23.49,9.74,-19.97,0.0,,8,,20260805
DV,"DoubleVerify Holdings, Inc.",Communication Services,Advertising Agencies,NYSE,11.99,3084952,1840035584,0.4906,10.85,10.59,2.3178,-2.01,10.11,-45.71,-15.25,0.0,87.5,2,16.82,7.64,-28.72,0.0,,8,,20260805
AMTD,AMTD IDEA Group,Financial Services,Asset Management,NYSE,0.76,18347,71960768,0.0509,0.93,1.0,-3.2842,-35.1,-36.03,-47.49,-40.38,0.0,10.0,4,1.65,0.71,-54.05,0.0,,8,,20260805
GAM,"General American Investors Company, Inc.",Financial Services,Asset Management,NYSE,66.29,28198,1590072320,0.8209,63.98,61.13,2.8141,-3.33,-3.01,5.99,0.51,0.0,87.5,2,66.69,56.24,-0.6,0.0,,8,,20260805
MLLGF,Mullen Group Ltd.,Industrials,Trucking,PNK,19.41,24381,1868038912,0.3386,16.72,13.18,7.9458,22.19,51.47,80.54,55.78,0.0,83.75,2,20.35,9.07,-4.62,0.0,,8,,20260805
BY,"Byline Bancorp, Inc.",Financial Services,Banks - Regional,NYSE,39.52,297931,1794573952,0.7465,36.38,31.89,4.2053,13.69,9.58,32.73,19.87,0.0,92.5,2,40.0,25.38,-1.2,0.0,,8,,20260805
LAR,Lithium Argentina AG,Basic Materials,Other Industrial Metals & Mining,NYSE,6.35,2163314,1040345856,0.3931,7.93,7.13,-4.0151,-45.52,-24.89,125.71,30.19,0.0,8.75,4,12.05,2.6,-47.3,0.0,,8,,20260805
QCRH,"QCR Holdings, Inc.",Financial Services,Banks - Regional,NASDAQ,105.34,115072,1724128000,2.5177,96.76,88.08,3.4061,8.68,2.31,27.12,13.82,0.0,92.5,2,106.55,66.65,-1.14,0.0,,8,,20260805
LZB,La-Z-Boy Incorporated,Consumer Cyclical,"Furnishings, Fixtures & Appliances",NYSE,41.45,531554,1658464640,1.1977,39.07,36.12,1.9892,14.02,0.56,-5.03,1.69,0.0,86.25,2,44.9,29.03,-7.68,0.0,,8,,20260805
FUGRF,Fugro N.V.,Energy,Oil & Gas Equipment & Services,PNK,13.63,62,1517487360,0.0146,13.64,12.19,-0.5917,-11.35,-5.2,-31.48,-17.25,0.0,37.0,3,15.31,9.7,-10.97,0.0,,8,,20260805
CNOB,"ConnectOne Bancorp, Inc.",Financial Services,Banks - Regional,NASDAQ,33.42,441401,1681688704,0.7736,32.26,28.0,1.4987,5.21,10.77,28.23,16.36,0.0,90.0,2,34.14,22.54,-2.11,0.0,,8,,20260805
CNOBP,"ConnectOne Bancorp, Inc.",Financial Services,Banks - Regional,NASDAQ,25.36,5283,0,0.0639,25.03,24.21,5.2106,-3.71,-6.59,-10.36,-7.38,0.0,85.0,2,25.43,23.11,-0.28,0.0,,8,,20260805
QQQX,Nuveen Nasdaq 100 Dynamic Overwrite Fund,Financial Services,Asset Management,NASDAQ,30.43,111211,1485799040,0.5478,29.94,27.79,0.9011,-3.88,2.59,1.49,0.53,0.0,83.75,2,31.87,25.35,-4.52,0.0,,8,,20260805
FLTLF,Flow Traders Ltd.,Financial Services,Capital Markets,PNK,29.2,388,1286875136,0.0753,29.63,30.49,-5.6725,-16.95,-22.06,-25.72,-22.25,0.0,24.0,4,34.29,26.33,-14.85,0.0,,8,,20260805
CCS,"Century Communities, Inc.",Real Estate,Real Estate - Development,NYSE,71.25,348555,2025824128,2.683,63.73,61.37,2.8025,27.99,-2.52,-0.98,5.72,0.0,88.75,2,76.0,47.27,-6.25,0.0,,8,,20260805
XIORF,Xior Student Housing NV,Real Estate,REIT - Residential,PNK,32.0,465,1494243072,0.2686,31.17,31.68,3.1081,-3.74,-12.48,-30.23,-17.4,0.0,77.5,3,35.58,29.18,-10.05,0.0,,8,,20260805
LKFN,Lakeland Financial Corporation,Financial Services,Banks - Regional,NASDAQ,62.96,210165,1565114752,1.4708,60.87,58.6,1.4233,-4.51,-8.87,-17.97,-11.42,0.0,90.0,2,69.4,54.36,-9.28,0.0,,8,,20260805
WEN,The Wendy's Company,Consumer Cyclical,Restaurants,NASDAQ,7.99,17972072,1521940224,0.3904,7.39,7.54,1.5468,16.48,-5.68,-36.33,-12.4,0.0,88.75,3,10.84,6.07,-26.29,0.0,,8,,20260805
INBX,"Inhibrx Biosciences, Inc.",Healthcare,Biotechnology,NASDAQ,83.89,373763,1230765824,5.3077,91.86,84.51,-1.5022,-41.15,-13.63,261.5,89.54,0.0,22.0,4,155.29,20.55,-45.98,0.0,,8,,20260805
OERLY,OC Oerlikon Corporation AG,Industrials,Specialty Industrial Machinery,PNK,12.73,216,2122050816,0.3051,10.38,7.77,7.7018,39.29,92.14,43.92,59.64,0.0,77.5,2,14.14,6.94,-9.97,0.0,,8,,20260805
HLX,"Helix Energy Solutions Group, Inc.",Energy,Oil & Gas Equipment & Services,NYSE,9.32,1541732,1373604352,0.3696,9.29,8.48,0.0844,-15.79,-0.88,37.38,10.69,0.0,61.25,2,10.75,5.58,-13.3,0.0,,8,,20260805
GSHD,"Goosehead Insurance, Inc.",Financial Services,Insurance Brokers,NASDAQ,66.95,580711,2392685056,4.044,48.28,55.74,4.6176,51.05,-1.33,-47.79,-6.82,0.0,87.5,3,90.79,33.68,-26.26,0.0,,8,,20260805
GBX,"The Greenbrier Companies, Inc.",Industrials,Railroads,NYSE,49.71,471239,1538011776,1.5428,48.53,48.47,0.7675,-6.82,-16.06,-7.84,-10.46,0.0,87.5,2,59.19,38.23,-16.02,0.0,,8,,20260805
TRIN,Trinity Capital Inc.,Financial Services,Asset Management,NYSE,17.24,1048719,1549662976,0.4072,17.16,15.11,0.2023,-1.98,-0.45,9.48,3.14,0.0,87.5,2,18.12,14.13,-4.85,0.0,,8,,20260805
SFRGY,Salvatore Ferragamo S.p.A.,Consumer Cyclical,Luxury Goods,PNK,5.65,3022,1872146816,0.3288,5.72,4.64,-0.2229,24.76,40.06,93.16,57.48,0.0,68.25,3,6.72,2.54,-15.92,0.0,,8,,20260805
AGTEF,AGTech Holdings Limited,Consumer Cyclical,Gambling,PNK,0.1,4585,1208761472,0.0004,0.1,0.06,0.2084,100.61,237.94,401.62,269.08,0.0,75.0,2,0.13,0.01,-18.41,0.0,,8,,20260805
BRAI,Braiin Limited,Technology,Computer Hardware,NASDAQ,5.65,437227,1164398464,0.8731,7.06,5.65,-1.616,-29.76,-75.53,-75.53,-64.09,0.0,37.5,3,33.0,4.19,-82.88,0.0,,8,,20260805
KELTF,Kelt Exploration Ltd.,Energy,Oil & Gas E&P,PNK,6.72,51627,1358770560,0.1548,6.74,6.15,-0.1357,-16.31,7.77,5.03,0.65,0.0,42.0,3,8.24,4.35,-18.45,0.0,,8,,20260805
SFRGF,Salvatore Ferragamo S.p.A.,Consumer Cyclical,Luxury Goods,PNK,8.9,13,1474522624,0.0022,8.9,8.85,0.0,-20.02,-23.82,13.62,-7.89,0.0,50.0,3,10.15,5.5,-12.32,0.0,,8,,20260805
KARO,Karooooo Ltd.,Technology,Software - Application,NCM,65.91,118763,2036177536,2.617,53.53,47.93,4.7293,27.44,27.53,30.01,28.5,0.0,91.25,2,67.14,41.25,-1.83,0.0,,8,,20260805
ITAYY,PT Indo Tambangraya Megah Tbk,Energy,Thermal Coal,PNK,2.65,377,1477241344,0.0423,2.77,2.75,-2.8739,-12.68,-13.34,-25.54,-18.05,0.0,24.0,4,3.72,2.28,-28.76,0.0,,8,,20260805
KSS,Kohl's Corporation,Consumer Cyclical,Department Stores,NYSE,19.66,4906681,2229443840,0.9427,17.26,16.83,2.551,32.42,-1.61,54.66,29.4,0.0,91.25,2,25.22,10.85,-22.05,0.0,,8,,20260805
NKOKF,"Noritsu Koki Co., Ltd.",Technology,Consumer Electronics,PNK,12.44,27,1319314432,0.4701,-6.96,-3.28,41.2861,-158.71,-163.47,-76.44,-127.47,0.0,62.0,3,13.54,6.67,-8.09,0.0,,8,,20260805
WACLY,Wacoal Holdings Corp.,Consumer Cyclical,Apparel Manufacturing,PNK,139.18,232,1376130432,4.3985,137.36,145.77,0.4134,-13.34,-17.05,-41.85,-26.04,0.0,42.0,3,203.51,115.5,-31.61,0.0,,8,,20260805
IMCR,Immunocore Holdings plc,Healthcare,Biotechnology,NASDAQ,33.29,514583,1693315072,1.4163,31.37,32.51,1.3579,8.8,-8.43,-20.98,-9.14,0.0,87.5,3,40.72,27.55,-18.24,0.0,,8,,20260805
SISXF,Savaria Corporation,Industrials,Specialty Industrial Machinery,PNK,20.78,4365,1493728640,0.178,20.99,18.69,-1.177,-13.26,3.31,20.3,5.96,0.0,62.0,3,22.78,14.52,-8.78,0.0,,8,,20260805
WBI,WaterBridge Infrastructure LLC,Energy,Oil & Gas Equipment & Services,NYSE,33.55,1208968,1577388800,1.6523,32.25,26.37,0.7846,3.19,41.19,29.43,26.99,0.0,88.75,2,36.89,18.64,-9.05,0.0,,8,,20260805
CRRSF,CIRRUS AIRCRAFT LTD.,Unknown,Unknown,PNK,5.53,4008,0,0.2198,5.09,5.53,1.9592,-39.81,37.1,37.1,17.87,0.0,56.25,3,8.87,4.0,-37.71,0.0,,8,,20260805
BTT,Blackrock Municipal 2030 Target Term Trust,Financial Services,Asset Management,NYSE,22.46,82914,1429026688,0.1366,22.62,22.48,-1.1742,-7.44,-12.65,-19.6,-14.13,0.0,32.75,4,23.24,22.15,-3.36,0.0,,8,,20260805
RLJ,RLJ Lodging Trust,Real Estate,REIT - Hotel & Motel,NYSE,12.32,2136322,1881283072,0.3176,11.32,8.47,3.1451,35.65,57.75,59.01,52.73,0.0,90.0,2,12.57,6.54,-1.99,0.0,,8,,20260805
OBK,"Origin Bancorp, Inc.",Financial Services,Banks - Regional,NYSE,54.84,149632,1691835776,1.0969,50.9,43.07,3.5964,10.56,12.77,32.92,20.28,0.0,90.0,2,55.57,32.12,-1.31,0.0,,8,,20260805
CBL,"CBL & Associates Properties, Inc.",Real Estate,REIT - Retail,NYSE,56.67,295860,1753639424,1.7205,52.21,40.52,2.5934,24.46,48.47,100.64,63.34,0.0,91.25,2,60.4,27.59,-6.18,0.0,,8,,20260805
IDRSF,Idorsia Ltd,Healthcare,Biotechnology,PNK,6.95,3012,1772531456,0.186,6.93,5.23,0.1248,53.57,34.25,70.21,53.47,0.0,76.25,2,8.19,3.3,-15.14,0.0,,8,,20260805
NOMD,Nomad Foods Limited,Consumer Defensive,Packaged Foods,NYSE,11.81,1513703,1650933760,0.3652,11.0,10.98,2.2175,22.81,-15.53,-50.36,-19.87,0.0,86.25,2,16.29,8.99,-27.5,0.0,,8,,20260805
ENVX,Enovix Corporation,Industrials,Electrical Equipment & Parts,NASDAQ,4.29,6927659,935878272,0.374,5.87,6.91,-4.2324,-44.28,-46.64,-84.28,-61.1,0.0,7.5,4,14.21,3.67,-69.81,0.0,,8,,20260805
ARI,"Apollo Commercial Real Estate Finance, Inc.",Real Estate,REIT - Mortgage,NYSE,6.66,3792513,872108672,0.1629,6.86,6.61,-1.2099,-12.82,-14.81,-10.94,-12.77,0.0,50.75,3,11.24,6.43,-40.75,0.0,,8,,20260805
DPBSF,Dampskibsselskabet Norden A/S,Industrials,Marine Shipping,PNK,50.78,8,1402300544,0.0102,50.93,44.71,-14.7787,-0.41,12.26,33.25,17.49,0.0,62.0,3,51.41,32.0,-1.23,0.0,,8,,20260805
AMVMF,AMG Critical Materials N.V.,Basic Materials,Other Industrial Metals & Mining,PNK,34.0,1275,1209927424,0.8653,39.39,38.83,-6.2328,-30.08,-33.6,-1.82,-20.01,0.0,3.75,4,49.22,27.48,-30.92,0.0,,8,,20260805
ELUXY,AB Electrolux (publ),Consumer Cyclical,"Furnishings, Fixtures & Appliances",PNK,6.47,5908,2625166592,0.2696,5.92,6.78,2.0443,2.52,-41.74,-19.03,-21.59,0.0,43.25,3,19.83,4.63,-67.37,0.0,,8,,20260805
ALKEF,Alkane Resources Ltd,Basic Materials,Gold,OQX,1.02,523463,1393528832,0.0513,1.01,0.98,0.2728,-10.41,-19.51,84.85,24.51,0.0,55.0,2,1.35,0.48,-24.44,0.0,,8,,20260805
SLS,"SELLAS Life Sciences Group, Inc.",Healthcare,Biotechnology,NCM,11.86,9849473,2332062208,1.2111,10.68,5.54,0.9708,136.9,172.86,622.6,343.77,0.0,87.5,2,15.88,1.39,-25.31,0.0,,8,,20260805
CBLUY,China BlueChemical Ltd.,Basic Materials,Agricultural Inputs,PNK,16.95,9,1562790016,0.0333,17.13,12.66,-5.2935,50.69,45.94,34.62,42.6,0.0,62.0,3,19.78,11.19,-14.31,0.0,,8,,20260805
PBT,Permian Basin Royalty Trust,Energy,Oil & Gas Midstream,NYSE,34.53,150654,1609401728,1.7917,27.71,21.89,3.8062,42.35,79.39,129.21,90.06,0.0,88.75,2,35.42,14.7,-2.51,0.0,,8,,20260805
HLMN,Hillman Solutions Corp.,Industrials,Tools & Accessories,NASDAQ,9.22,1476688,1793704832,0.3791,7.91,8.56,3.4558,12.34,-19.29,-9.91,-7.63,0.0,86.25,3,10.85,6.96,-15.02,0.0,,8,,20260805
AGL,"agilon health, inc.",Healthcare,Medical Care Facilities,NYSE,107.85,401240,1799346304,10.3826,106.05,43.59,0.1734,296.7,452.43,114.37,278.27,0.0,87.5,2,133.04,7.48,-18.93,0.0,,8,,20260805
TRS,TriMas Corporation,Consumer Cyclical,Packaging & Containers,NASDAQ,40.91,484095,1467600128,1.4462,41.2,37.27,-0.2029,-7.86,5.16,-6.05,-2.58,0.0,74.5,3,45.43,30.43,-9.95,0.0,,8,,20260805
PICS,PicS N.V.,Technology,Software - Infrastructure,NASDAQ,13.37,370193,1732585472,0.7496,11.16,13.37,2.9425,5.91,-35.17,-41.14,-27.29,0.0,86.25,3,19.95,8.32,-32.98,0.0,,8,,20260805
ATRC,"AtriCure, Inc.",Healthcare,Medical Instruments & Supplies,NASDAQ,39.34,948403,2001080064,1.7032,31.66,33.17,4.5075,27.22,-8.9,-15.09,-2.34,0.0,88.75,3,43.18,25.36,-8.89,0.0,,8,,20260805
GENI,Genius Sports Limited,Communication Services,Internet Content & Information,NYSE,8.33,6534081,2226933504,0.4819,6.45,7.4,3.8962,85.75,-10.89,-54.36,-4.12,0.0,87.5,3,13.73,3.83,-39.33,0.0,,8,,20260805
KDK,"Kodiak AI, Inc.",Technology,Software - Infrastructure,NASDAQ,4.23,1245470,817027264,0.2936,5.39,7.63,-3.9672,-55.3,-65.13,-64.74,-62.52,0.0,10.0,4,11.35,3.97,-62.73,0.0,,8,,20260805
ARLO,"Arlo Technologies, Inc.",Industrials,Building Products & Equipment,NYSE,15.93,1333173,1730154368,0.6138,13.31,13.98,4.2754,1.51,13.0,-24.43,-4.84,0.0,92.5,3,19.94,11.05,-20.11,0.0,,8,,20260805
TNC,Tennant Company,Industrials,Specialty Industrial Machinery,NYSE,87.25,162680,1486644352,3.0273,86.68,77.86,0.1873,-0.67,-0.21,-16.13,-6.69,0.0,90.0,2,91.93,60.18,-5.09,0.0,,8,,20260805
YSWY,"Yesway, Inc.",Consumer Defensive,Grocery Stores,NASDAQ,21.46,464826,1356159104,1.194,21.04,21.46,0.3556,-30.42,-7.43,-7.43,-13.18,0.0,63.75,3,29.08,18.92,-26.2,0.0,,8,,20260805
MAZE,"Maze Therapeutics, Inc.",Healthcare,Biotechnology,NASDAQ,27.81,579959,1539151616,1.4772,27.36,34.55,0.3035,-1.93,-54.26,59.05,4.15,0.0,61.25,3,53.65,12.81,-48.16,0.0,,8,,20260805
ALPKF,"ALPEK, S.A.B. de C.V.",Basic Materials,Specialty Chemicals,PNK,0.77,132,1607977344,0.0012,0.72,0.6,37.2016,12.39,23.75,21.99,20.21,0.0,75.0,2,0.77,0.45,-0.0,0.0,,8,,20260805
BCAX,Bicara Therapeutics Inc.,Healthcare,Biotechnology,NASDAQ,25.89,698562,1701073024,1.4302,25.26,20.04,0.4379,5.16,39.97,109.51,59.08,0.0,86.25,2,30.99,9.57,-16.46,0.0,,8,,20260805
BHVN,Biohaven Ltd.,Healthcare,Biotechnology,NYSE,13.63,2881119,2052146304,0.847,13.63,11.54,-0.0005,33.74,7.43,-30.66,-1.23,0.0,68.25,3,18.57,7.48,-26.59,0.0,,8,,20260805
AHCO,AdaptHealth Corp.,Healthcare,Medical Devices,NCM,6.49,1363678,883671680,0.7332,10.14,10.39,-4.9783,-51.36,-47.02,-52.02,-50.1,0.0,16.25,4,13.43,6.34,-51.64,0.0,,8,,20260805
HBNB,Hotel101 Global Holdings Corp.,Real Estate,Real Estate Services,NCM,5.49,6101,1219308672,0.2108,5.51,6.67,-0.1019,-18.72,-44.56,146.34,38.26,0.0,18.25,4,10.43,1.55,-47.36,0.0,,8,,20260805
CSWC,Capital Southwest Corporation,Financial Services,Asset Management,NASDAQ,24.42,655145,1556381056,0.4457,23.37,21.74,2.3626,-3.39,-1.38,-1.57,-1.96,0.0,87.5,2,24.76,19.37,-1.37,0.0,,8,,20260805
XTEPY,Xtep International Holdings Limited,Consumer Cyclical,Apparel Retail,PNK,48.51,56,1325804416,1.3522,50.8,60.96,-1.695,-14.94,-37.95,-52.04,-37.83,0.0,14.5,4,84.94,44.24,-42.89,0.0,,8,,20260805
WLDN,"Willdan Group, Inc.",Industrials,Engineering & Construction,NASDAQ,74.13,372177,1120149120,3.4742,82.19,93.73,-2.3189,-9.92,-53.9,-40.44,-37.52,0.0,7.5,4,137.0,64.67,-45.89,0.0,,8,,20260805
TRRSF,Trisura Group Ltd.,Financial Services,Insurance - Specialty,PNK,29.92,11721,1413348736,0.3632,30.54,30.89,-1.7001,-16.68,-14.8,-26.14,-19.8,0.0,32.75,4,37.27,25.9,-19.72,0.0,,8,,20260805
SWDHY,Skyworth Group Limited,Technology,Consumer Electronics,PNK,16.38,25,1030955392,0.1568,19.62,14.16,-20.6474,26.95,22.2,10.88,18.86,0.0,50.0,3,23.2,12.2,-29.4,0.0,,8,,20260805
TTI,"TETRA Technologies, Inc.",Industrials,Conglomerates,NYSE,8.45,1706085,1251214976,0.5581,9.54,9.29,-1.9529,-19.7,-43.65,89.0,15.4,0.0,24.5,4,12.54,3.82,-32.62,0.0,,8,,20260805
URGN,UroGen Pharma Ltd.,Healthcare,Biotechnology,NASDAQ,46.43,792395,2262148608,2.4379,35.47,25.46,4.495,88.21,119.92,110.24,108.12,0.0,90.0,2,47.8,15.86,-2.87,0.0,,8,,20260805
GCT,GigaCloud Technology Inc.,Technology,Software - Infrastructure,NASDAQ,46.24,730068,1724246784,1.8997,35.93,38.3,5.4262,3.1,-2.24,86.87,34.74,0.0,67.5,3,51.86,21.53,-10.84,0.0,,8,,20260805
AUSDF,Perenti Limited,Basic Materials,Other Industrial Metals & Mining,PNK,1.8,159,1682640640,0.0073,1.71,1.75,12.8423,-3.05,-16.77,58.23,16.66,0.0,75.0,3,2.0,0.98,-10.0,0.0,,8,,20260805
WGS,GeneDx Holdings Corp.,Healthcare,Diagnostics & Research,NASDAQ,69.91,1166755,2084893824,5.4239,61.37,90.29,1.5748,95.95,-38.82,-58.79,-13.12,0.0,65.0,3,170.87,32.21,-59.09,0.0,,8,,20260805
FRRFF,4imprint Group plc,Communication Services,Advertising Agencies,PNK,49.54,276,1389350656,0.0854,49.38,48.5,1.8729,-6.21,-22.98,-0.78,-9.91,0.0,75.0,2,57.0,41.68,-13.09,0.0,,8,,20260805
PPTTF,Perpetual Limited,Financial Services,Asset Management,PNK,10.44,9,1207816320,0.0207,11.28,11.63,-40.8289,-15.73,-23.73,-29.32,-23.97,0.0,0.0,4,14.05,10.44,-25.69,0.0,,8,,20260805
HCSG,"Healthcare Services Group, Inc.",Healthcare,Medical Care Facilities,NASDAQ,22.84,703819,1567559424,0.8196,22.89,20.35,-0.0642,-1.52,6.48,41.72,18.57,0.0,74.5,3,25.75,13.69,-11.3,0.0,,8,,20260805
PGENY,Pigeon Corporation,Consumer Defensive,Household & Personal Products,PNK,3.15,54,1507524992,0.0266,3.03,2.69,4.4663,5.61,31.03,-14.91,6.3,0.0,75.0,2,3.5,2.21,-10.0,0.0,,8,,20260805
AAT,"American Assets Trust, Inc.",Real Estate,REIT - Diversified,NYSE,23.07,423086,1789596928,0.544,24.28,20.16,-2.2227,5.6,19.51,7.76,11.33,0.0,72.0,3,25.97,17.72,-11.17,0.0,,8,,20260805
JJSF,J&J Snack Foods Corp.,Consumer Defensive,Packaged Foods,NASDAQ,84.66,248260,1587664256,2.7532,76.23,82.2,3.0611,-5.51,-4.93,-47.11,-21.95,0.0,90.0,3,119.15,68.87,-28.95,0.0,,8,,20260805
LUCK,Lucky Strike Entertainment Corporation,Consumer Cyclical,Leisure,NYSE,6.79,116680,926034624,0.3422,7.62,8.04,-2.4299,-18.42,-16.88,-50.77,-30.82,0.0,11.25,4,11.19,5.71,-39.32,0.0,,8,,20260805
NCKAF,Nickel Asia Corporation,Basic Materials,Other Industrial Metals & Mining,PNK,0.1,125,1393112448,0.0,0.1,0.03,0.0,-7.31,-265.08,1603.03,546.61,0.0,75.0,3,0.1,0.04,0.0,0.0,,8,,20260805
ENOV,Enovis Corporation,Healthcare,Medical Devices,NYSE,30.18,1181732,1737239424,1.4572,24.54,25.48,3.8726,18.49,26.27,-9.98,9.82,0.0,91.25,3,34.28,19.14,-11.96,0.0,,8,,20260805
NNE,NANO Nuclear Energy Inc.,Industrials,Specialty Industrial Machinery,NCM,17.88,2796970,960122752,1.5204,21.36,27.48,-2.2876,-28.11,-52.41,-73.06,-54.6,0.0,11.25,4,60.87,14.71,-70.63,0.0,,8,,20260805
PYTCY,Playtech plc,Consumer Cyclical,Gambling,PNK,10.51,1638,1460091392,0.0821,9.43,8.6,13.2093,-24.68,28.07,-94.19,-34.02,0.0,50.0,2,12.73,6.23,-17.44,0.0,,8,,20260805
ALMR,"Alamar Biosciences, Inc.",Healthcare,Medical Devices,NASDAQ,28.35,288488,1964972032,1.8574,23.91,28.35,2.389,11.99,20.18,20.18,18.14,0.0,87.5,3,29.43,18.85,-3.67,0.0,,8,,20260805
BMCLF,BAIC Motor Corporation Limited,Consumer Cyclical,Auto Manufacturers,PNK,0.11,337,865656512,0.0021,0.14,0.21,-14.5542,-48.03,-67.43,-85.29,-69.72,0.0,0.0,4,0.3,0.14,-63.51,0.0,,8,,20260805
RBCAA,"Republic Bancorp, Inc.",Financial Services,Banks - Regional,NASDAQ,100.28,106808,1967265920,2.4002,88.99,74.95,4.7028,25.26,26.44,26.51,26.17,0.0,88.75,2,102.0,63.97,-1.69,0.0,,8,,20260805
HYT,"BlackRock Corporate High Yield Fund, Inc.",Financial Services,Asset Management,NYSE,8.42,752886,1372864000,0.0635,8.42,8.45,-0.0487,-6.36,-12.01,-27.75,-16.89,0.0,41.0,4,9.88,8.22,-14.78,0.0,,8,,20260805
RYZ,Ryerson Holding Corporation,Industrials,Metal Fabrication,NYSE,27.64,462555,1434478720,1.5149,27.88,25.44,-0.1591,-6.9,-19.97,13.0,-3.52,0.0,77.0,3,32.0,19.34,-13.63,0.0,,8,,20260805
NFJ,"Virtus Dividend, Interest & Premium Strategy Fund",Financial Services,Asset Management,NYSE,15.48,186750,1456695168,0.203,14.98,13.29,2.4538,3.61,7.75,11.7,8.3,0.0,87.5,2,15.56,12.25,-0.51,0.0,,8,,20260805
LLESY,Lendlease Group,Real Estate,Real Estate - Diversified,PNK,1.9,562,1312693248,0.0443,2.03,2.77,-2.9647,-26.85,-55.87,-68.66,-53.73,0.0,1.25,4,3.79,1.78,-49.87,0.0,,8,,20260805
RVLV,"Revolve Group, Inc.",Consumer Cyclical,Internet Retail,NYSE,25.3,1086045,1810355200,1.1341,22.72,24.4,2.2738,1.3,-18.43,0.65,-5.87,0.0,87.5,3,31.68,17.35,-20.14,0.0,,8,,20260805
TOWCF,TOWA Corporation,Technology,Semiconductor Equipment & Materials,PNK,18.3,8989,1373012608,0.9841,18.67,8.08,-0.3757,-13.34,-8082.89,-8941.2,-6408.83,0.0,37.0,3,23.35,10.54,-21.63,0.0,,8,,20260805
SNMSF,Spin Master Corp.,Consumer Cyclical,Leisure,PNK,14.55,12790,1464096512,0.3025,14.37,14.03,0.6063,-10.81,-4.33,-35.81,-18.54,0.0,81.25,2,16.94,12.65,-14.1,0.0,,8,,20260805
LOMA,Loma Negra Compañía Industrial Argentina Sociedad Anónima,Basic Materials,Building Materials,NYSE,11.17,417268,1303501440,0.4937,11.61,11.32,-0.8863,-7.7,-12.05,-28.81,-17.67,0.0,62.75,3,13.2,7.04,-15.38,0.0,,8,,20260805
DOLE,Dole plc,Consumer Defensive,Farm Products,NYSE,13.77,1156400,1310338816,0.3488,14.09,14.46,-0.9044,-13.04,-25.91,-24.43,-22.1,0.0,34.0,4,16.57,12.52,-16.9,0.0,,8,,20260805
EYE,"National Vision Holdings, Inc.",Consumer Cyclical,Specialty Retail,NASDAQ,23.03,2376840,1845086848,0.9182,18.89,24.14,4.5054,-4.0,-28.03,-31.45,-23.39,0.0,77.0,3,30.02,14.75,-23.28,0.0,,8,,20260805
CRI,"Carter's, Inc.",Consumer Cyclical,Apparel Retail,NYSE,39.95,990657,1466611840,1.8999,39.81,35.58,0.0714,14.0,-2.14,43.16,20.02,0.0,90.0,2,44.44,23.93,-10.1,0.0,,8,,20260805
SUPIF,Supermarket Income REIT plc,Industrials,Consulting Services,PNK,1.1,301,0,0.0007,1.09,1.1,18.5056,-3.48,29.4,41.36,25.96,0.0,75.0,3,1.26,0.75,-12.7,0.0,,8,,20260805
CGIFF,Chemtrade Logistics Income Fund,Basic Materials,Chemicals,OQX,11.55,21652,1300530048,0.2876,11.62,11.03,-0.2507,-15.1,-9.35,20.91,1.32,0.0,44.5,3,13.5,8.0,-14.44,0.0,,8,,20260805
MAN,ManpowerGroup Inc.,Industrials,Staffing & Employment Services,NYSE,54.39,1273719,2529534464,2.6786,39.89,31.53,5.4118,81.14,47.65,24.35,46.7,0.0,90.0,2,57.08,25.15,-4.71,0.0,,8,,20260805
GSL,"Global Ship Lease, Inc.",Industrials,Marine Shipping,NYSE,42.69,322762,1538352512,1.0403,39.8,36.71,2.7807,-2.17,5.58,36.45,15.99,0.0,87.5,2,44.69,27.28,-4.48,0.0,,8,,20260805
LEG,"Leggett & Platt, Incorporated",Consumer Cyclical,"Furnishings, Fixtures & Appliances",NYSE,10.25,2631555,1399753088,0.4363,10.73,10.65,-1.0981,-11.45,-28.5,0.34,-12.7,0.0,56.5,3,13.0,8.32,-21.15,0.0,,8,,20260805
BIREF,Birchcliff Energy Ltd.,Energy,Oil & Gas E&P,PNK,4.39,96601,1204306944,0.1251,4.56,4.88,-1.3223,-15.71,-27.4,-30.28,-25.63,0.0,22.0,4,5.9,4.07,-25.59,0.0,,8,,20260805
MRTN,"Marten Transport, Ltd.",Industrials,Trucking,NASDAQ,14.93,826511,1218125824,0.4826,17.0,13.6,-4.2924,-4.58,-0.7,4.09,0.25,0.0,57.5,3,18.48,9.35,-19.21,0.0,,8,,20260805
UVV,Universal Corporation,Consumer Defensive,Tobacco,NYSE,52.07,249526,1297880960,1.203,52.29,51.74,-0.184,-8.78,-19.97,-19.51,-16.99,0.0,47.0,3,59.38,49.19,-12.31,0.0,,8,,20260805
BLKB,"Blackbaud, Inc.",Technology,Software - Application,NASDAQ,45.89,841577,2082951424,2.4989,31.37,45.7,5.8098,18.24,-17.71,-52.47,-22.63,0.0,95.0,3,70.71,25.58,-35.1,0.0,,8,,20260805
ORC,"Orchid Island Capital, Inc.",Real Estate,REIT - Mortgage,NYSE,6.42,5062045,1288495488,0.1375,6.57,6.63,-1.0887,-9.81,-22.12,-14.97,-16.18,0.0,34.0,4,8.4,6.31,-23.57,0.0,,8,,20260805
WZZZY,Wizz Air Holdings Plc,Industrials,Airlines,PNK,3.62,104,1497614848,0.0182,3.69,3.77,-3.9353,13.29,-34.25,-36.2,-23.15,0.0,49.0,4,5.42,2.9,-33.25,0.0,,8,,20260805
TRTPF,Trustpilot Group PLC,Technology,Software - Application,PNK,3.6,86,1388147328,0.0046,3.52,2.79,16.3766,-10.47,98.47,-10.21,27.76,0.0,75.0,2,3.72,1.71,-3.16,0.0,,8,,20260805
GRPFF,"Grupo Televisa, S.A.B.",Communication Services,Telecom Services,PNK,0.55,90,1449415040,0.0002,0.56,0.56,-30.253,-16.04,-13.47,-29.62,-20.57,0.0,24.0,4,0.65,0.48,-15.38,0.0,,8,,20260805
BRDNF,BREEDON GRP PLC,Basic Materials,Building Materials,PNK,3.94,178,1367538176,0.0126,3.94,4.33,-0.0954,-12.1,-31.13,-58.07,-37.15,0.0,24.0,4,6.25,3.9,-36.96,0.0,,8,,20260805
OI,"O-I Glass, Inc.",Consumer Cyclical,Packaging & Containers,NYSE,7.47,3248650,1147838208,0.5033,8.87,11.72,-2.7758,-21.26,-64.77,-65.59,-54.22,0.0,10.0,4,16.91,7.01,-55.82,0.0,,8,,20260805
BCTCF,OSL Group Limited,Financial Services,Capital Markets,PNK,1.5,23,1348921984,0.0013,1.5,2.01,3.8942,-35.19,-56.51,-57.59,-51.61,0.0,25.0,3,2.7,0.01,-44.44,0.0,,8,,20260805
CNL,Collective Mining Ltd.,Basic Materials,Gold,NYSE,13.17,59331,1221379328,0.8431,13.51,14.94,-0.3992,-27.77,-40.11,11.35,-16.44,0.0,24.5,4,21.97,8.3,-40.05,0.0,,8,,20260805
HKBNF,HKBN Ltd.,Communication Services,Telecom Services,PNK,0.91,33,1350994944,0.0009,0.9,0.45,10.0865,167.05,162.3,395.57,256.79,0.0,75.0,2,0.91,0.4,0.0,0.0,,8,,20260805
NRP,Natural Resource Partners L.P.,Energy,Thermal Coal,NYSE,105.0,52473,1391293312,2.8145,100.73,108.46,1.5157,-16.93,-22.2,-17.12,-18.85,0.0,48.25,3,128.6,95.51,-18.35,0.0,,8,,20260805
PAHC,Phibro Animal Health Corporation,Healthcare,Drug Manufacturers - Specialty & Generic,NASDAQ,36.01,360526,1460735360,1.4014,32.92,42.39,2.2056,-42.33,-24.49,11.04,-14.74,0.0,38.75,3,60.08,26.08,-40.06,0.0,,8,,20260805
LIND,"Lindblad Expeditions Holdings, Inc.",Consumer Cyclical,Travel Services,NCM,34.11,906116,2238287616,1.4583,26.13,18.78,5.4744,60.0,83.24,152.88,105.29,0.0,91.25,2,34.95,11.37,-2.4,0.0,,8,,20260805
EOPSF,Electro Optic Systems Holdings Limited,Industrials,Aerospace & Defense,PNK,5.35,76422,1186106496,0.4189,6.34,5.35,-2.37,-33.94,-20.78,-24.8,-25.68,0.0,38.75,3,9.02,4.01,-40.69,0.0,,8,,20260805
SPH,"Suburban Propane Partners, L.P.",Utilities,Utilities - Regulated Gas,NYSE,17.86,211754,1184887040,0.453,17.95,18.51,-0.1888,-12.95,-20.69,-20.95,-18.86,0.0,34.0,4,20.8,16.53,-14.13,0.0,,8,,20260805
WWW,"Wolverine World Wide, Inc.",Consumer Cyclical,Footwear & Accessories,NYSE,19.5,1055172,1598796160,0.8416,17.76,17.67,2.0619,9.87,-0.01,-36.24,-12.03,0.0,86.25,2,32.8,13.47,-40.55,0.0,,8,,20260805
TV,"Grupo Televisa, S.A.B.",Communication Services,Telecom Services,NYSE,2.74,971375,1444144384,0.1048,2.76,2.89,-0.1985,-11.16,-26.34,-16.7,-18.69,0.0,36.5,4,3.49,2.27,-21.49,0.0,,8,,20260805
TBLA,Taboola.com Ltd.,Communication Services,Internet Content & Information,NASDAQ,3.84,3372175,1048198912,0.3233,4.97,4.1,-3.5212,-5.98,-11.58,-5.31,-7.67,0.0,47.0,3,5.71,2.83,-32.84,0.0,,8,,20260805
CCEC,Capital Clean Energy Carriers Corp.,Industrials,Marine Shipping,NASDAQ,22.83,13604,1372389888,0.7458,21.87,20.87,1.2807,9.12,-5.74,-19.34,-7.47,0.0,87.5,2,24.0,16.77,-4.88,0.0,,8,,20260805
PRG,"PROG Holdings, Inc.",Industrials,Rental & Leasing Services,NYSE,45.85,529529,1826280320,1.9236,41.6,33.73,2.2101,22.99,29.4,27.03,26.85,0.0,88.75,2,47.73,25.8,-3.94,0.0,,8,,20260805
CRML,Critical Metals Corp.,Basic Materials,Other Industrial Metals & Mining,NASDAQ,6.68,7091129,981216832,0.6281,8.74,10.3,-3.2758,-56.44,-68.11,54.82,-16.02,0.0,10.0,4,32.15,3.81,-79.22,0.0,,8,,20260805
MLTX,MoonLake Immunotherapeutics,Healthcare,Biotechnology,NCM,17.55,1134444,1492832512,0.9653,19.06,16.29,-1.5599,-3.46,1.95,-90.4,-36.34,0.0,62.5,3,62.75,5.95,-72.03,0.0,,8,,20260805
NSSC,"Napco Security Technologies, Inc.",Industrials,Security & Protection Services,NASDAQ,40.34,409300,1441240704,1.1622,36.77,40.38,3.0714,-9.77,-19.3,8.73,-5.7,0.0,47.0,3,48.12,29.27,-16.17,0.0,,8,,20260805
DFH,"Dream Finders Homes, Inc.",Consumer Cyclical,Residential Construction,NYSE,14.82,743844,1344527872,1.0388,15.36,16.97,-0.5233,-2.34,-30.71,-65.26,-37.44,0.0,47.0,4,31.5,12.2,-52.94,0.0,,8,,20260805
MUC,"BlackRock MuniHoldings California Quality Fund, Inc.",Financial Services,Asset Management,NYSE,10.65,327740,1003058688,0.0815,10.77,10.53,-1.4953,-6.35,-12.38,-12.3,-10.84,0.0,67.0,3,11.16,10.08,-4.57,0.0,,8,,20260805
ATUUF,Tenaz Energy Corp.,Energy,Oil & Gas E&P,PNK,38.29,15157,1256294912,1.0609,36.27,32.02,1.9017,-27.52,14.77,158.02,61.5,0.0,57.5,2,49.8,13.59,-23.11,0.0,,8,,20260805
IDT,IDT Corporation,Communication Services,Telecom Services,NYSE,66.03,196765,1642071424,1.8426,59.13,52.45,3.7473,19.28,27.69,-11.41,9.95,0.0,91.25,2,69.15,45.72,-4.51,0.0,,8,,20260805
DMLP,"Dorchester Minerals, L.P.",Energy,Oil & Gas E&P,NASDAQ,25.51,202840,1230996480,0.5672,25.5,23.84,0.0237,-7.36,-2.09,-15.23,-8.66,0.0,57.5,2,28.95,20.85,-11.88,0.0,,8,,20260805
FCEL,"FuelCell Energy, Inc.",Industrials,Electrical Equipment & Parts,NASDAQ,21.14,12568909,1690231552,3.1842,21.99,12.19,-0.268,49.38,161.6,319.87,196.86,0.0,74.5,3,37.88,3.78,-44.19,0.0,,8,,20260805
FCELB,"FuelCell Energy, Inc.",Industrials,Electrical Equipment & Parts,PNK,491.5,198,3823167155,20.2838,454.07,375.22,1.8454,14.9,30.23,63.51,39.71,0.0,86.25,2,548.0,294.27,-10.31,0.0,,8,,20260805
ARDT,"Ardent Health, Inc.",Healthcare,Medical Care Facilities,NYSE,11.16,558193,1599786368,0.5403,9.87,9.84,2.3918,3.54,19.06,-15.07,1.53,0.0,91.25,2,15.48,7.71,-27.91,0.0,,8,,20260805
UAN,"CVR Partners, LP",Basic Materials,Agricultural Inputs,NYSE,126.6,46509,1338116096,3.4907,117.7,109.93,2.5488,-9.84,15.49,23.34,12.29,0.0,65.0,2,139.5,84.13,-9.25,0.0,,8,,20260805
FOR,Forestar Group Inc.,Real Estate,Real Estate - Development,NYSE,29.58,149945,1508838272,1.0298,29.18,26.96,0.3929,4.24,-4.47,-7.4,-3.47,0.0,88.75,2,32.06,22.81,-7.74,0.0,,8,,20260805
CHYCF,Chiyoda Corporation,Industrials,Engineering & Construction,PNK,3.88,25,1005553216,0.0218,4.27,4.97,-17.8406,-62.24,97.67,86.35,53.16,0.0,0.0,4,9.95,1.85,-61.01,0.0,,8,,20260805
TUYA,Tuya Inc.,Technology,Software - Infrastructure,NYSE,1.74,1010334,1066812544,0.0655,1.85,2.14,-1.7448,-33.83,-25.57,-47.35,-36.35,0.0,8.75,4,2.88,1.61,-39.58,0.0,,8,,20260805
AI,"C3.ai, Inc.",Technology,Software - Infrastructure,NYSE,9.91,6386695,1540502400,0.4955,9.62,11.32,0.5876,-1.32,-20.05,-80.58,-39.58,0.0,38.75,3,23.68,7.67,-58.15,0.0,,8,,20260805
CHNFF,CHNFF,Consumer Defensive,Beverages - Non-Alcoholic,PNK,0.47,41,0,0.0012,0.41,0.33,48.5854,70.27,38.81,27.49,42.15,0.0,75.0,2,0.5,0.42,-5.86,0.0,,8,,20260805
TWO,Two Harbors Investment Corp.,Real Estate,REIT - Mortgage,NYSE,12.03,2154547,1264771072,0.0491,12.05,10.72,-0.4371,-5.73,-4.24,13.33,2.42,0.0,70.75,3,14.17,8.78,-15.1,0.0,,8,,20260805
ATVDY,"Atresmedia Corporación de Medios de Comunicación, S.A.",Communication Services,Entertainment,PNK,6.26,861,1409054080,0.063,5.49,5.61,12.0959,-3.3,0.14,-4.39,-2.53,0.0,51.25,3,7.05,5.05,-11.24,0.0,,8,,20260805
TSIOF,361 Degrees International Limited,Consumer Cyclical,Footwear & Accessories,PNK,0.62,155,1337676544,0.0059,0.57,0.7,8.4617,-19.56,-28.69,-53.5,-36.33,0.0,25.0,3,0.93,0.54,-33.48,0.0,,8,,20260805
LRCDF,Laurentian Bank of Canada,Financial Services,Banks - Regional,PNK,28.62,1362,1279594112,0.0276,28.57,27.71,1.8311,-8.44,-12.58,7.71,-3.43,0.0,50.0,2,29.61,21.69,-3.34,0.0,,8,,20260805
AHG,Akso Health Group,Healthcare,Medical Distribution,NCM,1.46,32995,1250788096,0.131,1.45,1.64,0.0457,-40.27,-12.23,-37.93,-29.52,0.0,37.5,3,2.5,1.1,-41.6,0.0,,8,,20260805
NPKI,NPK International Inc.,Industrials,Building Products & Equipment,NYSE,13.58,998836,1153076352,0.6673,14.49,13.88,-1.3643,-20.57,-17.6,33.14,1.95,0.0,18.25,4,16.5,8.84,-17.7,0.0,,8,,20260805
IAUX,i-80 Gold Corp.,Basic Materials,Gold,NYSE,1.51,10416732,1301697152,0.0788,1.43,1.47,0.99,-3.21,-29.27,132.62,42.0,0.0,60.0,3,2.24,0.57,-32.59,0.0,,8,,20260805
BTSNY,Betsson AB (publ),Consumer Cyclical,Gambling,PNK,9.55,1,1292165504,0.0001,9.55,11.55,0.0,-8.12,-27.49,-67.65,-38.71,0.0,25.0,3,18.28,8.77,-47.76,0.0,,8,,20260805
MYI,"BlackRock MuniYield Quality Fund III, Inc.",Financial Services,Asset Management,NYSE,10.78,268063,716516928,0.0953,10.87,10.7,-0.9053,-6.3,-13.09,-13.43,-11.52,0.0,68.25,3,11.46,10.35,-5.93,0.0,,8,,20260805
WINA,Winmark Corporation,Consumer Cyclical,Specialty Retail,NASDAQ,362.62,45301,1302592256,14.4095,383.09,408.61,-1.4206,-8.88,-28.71,-25.3,-22.39,0.0,10.0,4,527.37,325.06,-31.24,0.0,,8,,20260805
ARRY,"Array Technologies, Inc.",Technology,Solar,NASDAQ,5.64,6195980,867580800,0.4233,7.04,8.25,-3.314,-37.68,-62.45,-29.31,-43.01,0.0,6.25,4,12.23,4.77,-53.88,0.0,,8,,20260805
UMH,"UMH Properties, Inc.",Real Estate,REIT - Residential,NYSE,15.2,643613,1294526080,0.3008,15.31,15.07,-0.3637,-8.36,-11.22,-25.1,-16.06,0.0,70.75,3,16.98,13.93,-10.48,0.0,,8,,20260805
FKRAF,Fiskars Oyj Abp,Consumer Cyclical,"Furnishings, Fixtures & Appliances",PNK,15.02,108,1212328704,0.1268,15.33,14.9,-2.4425,-15.72,-7.99,-32.13,-19.58,0.0,38.25,3,17.16,13.63,-12.47,0.0,,8,,20260805
PLTK,Playtika Holding Corp.,Communication Services,Electronic Gaming & Multimedia,NASDAQ,3.89,1498906,1479676544,0.2149,3.68,3.57,0.9646,0.24,0.85,-31.47,-12.23,0.0,88.75,2,4.47,2.64,-12.98,0.0,,8,,20260805
WABC,Westamerica Bancorporation,Financial Services,Banks - Regional,NASDAQ,60.11,198786,1382650240,1.4327,58.08,51.75,1.4158,4.04,7.31,7.08,6.4,0.0,88.75,2,63.61,44.93,-5.5,0.0,,8,,20260805
GIII,"G-III Apparel Group, Ltd.",Consumer Cyclical,Apparel Manufacturing,NASDAQ,36.47,570216,1538690176,0.9829,34.39,30.5,2.1172,11.54,10.14,28.56,17.86,0.0,87.5,2,37.54,23.95,-2.85,0.0,,8,,20260805
HMMCF,HEMLO MINING CORP.,Basic Materials,Gold,OQX,4.19,48982,1155842944,0.2791,4.21,3.79,-0.0947,-1.7,-24.27,2668.04,1058.3,0.0,47.0,3,6.54,0.15,-35.98,0.0,,8,,20260805
ARSTY,ARSTY,Industrials,Building Products & Equipment,PNK,15.86,8,5830545408,0.0105,16.04,15.86,-16.3305,-13.44,-13.44,-13.44,-13.44,0.0,49.0,3,17.99,15.79,-11.81,0.0,,8,,20260805
CDRE,"Cadre Holdings, Inc.",Industrials,Aerospace & Defense,NYSE,31.03,402142,1328004992,1.447,29.65,36.03,0.9544,-2.34,-37.86,-28.41,-25.2,0.0,63.75,3,48.76,25.73,-36.36,0.0,,8,,20260805
ACDC,ProFrac Holding Corp.,Energy,Oil & Gas Equipment & Services,NASDAQ,4.51,1458113,815048000,0.3824,5.61,5.37,-2.9017,-46.73,-27.87,-54.85,-43.38,0.0,11.25,4,8.22,3.08,-45.19,0.0,,8,,20260805
LADR,Ladder Capital Corp,Real Estate,REIT - Mortgage,NYSE,9.48,1007516,1202683008,0.2123,9.87,10.02,-1.8601,-12.11,-20.88,-29.59,-22.17,0.0,35.25,4,11.92,9.38,-20.47,0.0,,8,,20260805
LIFZF,Labrador Iron Ore Royalty Corporation,Basic Materials,Steel,PNK,19.55,36219,1251200000,0.5743,19.46,20.6,0.1527,-8.76,-21.01,-20.86,-17.89,0.0,43.25,3,23.29,18.02,-16.06,0.0,,8,,20260805
BRELY,Brazilian Rare Earths Ltd.,Basic Materials,Other Precious Metals & Mining,OQX,13.28,392,744200320,0.2323,17.32,16.42,-17.3914,-32.94,-21.77,41.0,0.55,0.0,1.25,4,24.16,6.89,-45.02,0.0,,8,,20260805
HLF,Herbalife Ltd.,Consumer Defensive,Packaged Foods,NYSE,12.6,1610952,1306234624,0.4819,12.26,13.69,0.6981,-29.14,-37.85,8.62,-17.08,0.0,53.25,3,20.4,7.56,-38.24,0.0,,8,,20260805
LYPHF,Luye Pharma Group Ltd.,Healthcare,Drug Manufacturers - Specialty & Generic,PNK,0.27,81958,1078519296,0.0051,0.26,0.33,1.6938,-35.79,-40.55,-22.64,-32.19,0.0,26.25,3,0.4,0.2,-31.65,0.0,,8,,20260805
WLFC,Willis Lease Finance Corporation,Industrials,Rental & Leasing Services,NASDAQ,65.21,394078,1558509056,3.3805,,,,-78.15,-77.27,-76.0,-76.98,0.0,22.0,3,81.54,38.0,-20.03,0.0,,8,,20260805
THYKF,thyssenkrupp nucera AG & Co. KGaA,Industrials,Specialty Industrial Machinery,PNK,9.06,173,1329944320,0.0736,9.21,9.76,-1.989,-12.68,-24.14,-39.12,-27.27,0.0,24.0,4,13.18,8.0,-31.2,0.0,,8,,20260805
SLCVF,SLCVF,Industrials,Engineering & Construction,PNK,0.26,406,1237088896,0.0007,0.26,0.29,3.0539,-20.64,-25.39,93.28,23.27,0.0,37.0,3,0.32,0.12,-18.75,0.0,,8,,20260805
CMP,"Compass Minerals International, Inc.",Basic Materials,Other Industrial Metals & Mining,NYSE,30.03,584255,1260009216,1.1753,30.22,24.42,-0.1613,6.86,1.99,26.39,12.97,0.0,74.5,3,34.5,16.4,-12.96,0.0,,8,,20260805
HTSUY,HTSUY,Healthcare,Drug Manufacturers - Specialty & Generic,PNK,2.94,8,0,0.0118,3.46,5.87,-44.0567,-63.1,-67.85,-79.48,-71.32,0.0,0.0,4,6.79,2.94,-56.73,0.0,,8,,20260805
CSIQ,Canadian Solar Inc.,Technology,Solar,NASDAQ,15.4,2848927,1045609984,1.1254,15.98,18.71,-0.5129,-14.97,-35.39,10.72,-11.84,0.0,24.5,4,34.59,9.41,-55.48,0.0,,8,,20260805
MSDL,Morgan Stanley Direct Lending Fund,Financial Services,Asset Management,NYSE,15.08,558321,1278251904,0.3426,15.08,14.94,-0.0002,-7.1,-6.72,-31.28,-16.64,0.0,74.5,3,18.53,13.66,-18.62,0.0,,8,,20260805
SEPN,"Septerna, Inc.",Healthcare,Biotechnology,NASDAQ,38.76,397393,1747127552,2.352,33.87,27.47,2.0799,54.0,39.53,204.05,108.95,0.0,88.75,2,40.63,10.62,-4.6,0.0,,8,,20260805
SQZZF,Serica Energy plc,Energy,Oil & Gas E&P,PNK,2.16,472,992770752,0.1475,3.05,2.73,-6.0034,-48.69,-19.98,-33.52,-32.57,0.0,0.0,4,3.66,1.3,-40.98,0.0,,8,,20260805
AFMJF,Alphamin Resources Corp.,Basic Materials,Other Industrial Metals & Mining,PNK,1.06,284991,1360850048,0.0367,1.01,0.87,1.3632,10.97,3.04,50.45,23.98,0.0,86.25,2,1.2,0.64,-11.67,0.0,,8,,20260805
RDWR,Radware Ltd.,Technology,Software - Infrastructure,NASDAQ,28.51,253973,1199771776,1.4824,29.15,26.06,-0.4338,-2.88,5.77,-11.55,-3.32,0.0,70.75,3,32.79,21.68,-13.05,0.0,,8,,20260805
GUZOF,"Grupo Herdez, S.A.B. de C.V.",Consumer Defensive,Packaged Foods,PNK,3.0,140,964824576,0.0231,3.19,3.92,-8.1414,-28.96,-43.32,-23.4,-31.76,0.0,0.0,4,5.23,2.88,-42.64,0.0,,8,,20260805
ATEC,"Alphatec Holdings, Inc.",Healthcare,Medical Devices,NASDAQ,9.57,3328340,1471763712,0.5191,8.7,13.5,1.6779,-13.08,-47.0,-58.96,-43.3,0.0,66.25,3,23.29,6.82,-58.91,0.0,,8,,20260805
ADTN,"ADTRAN Holdings, Inc.",Technology,Communication Equipment,NASDAQ,7.91,2399236,644517952,0.8015,13.32,11.54,-6.7537,-54.93,-28.97,-39.79,-39.79,0.0,7.5,4,19.98,7.11,-60.41,0.0,,8,,20260805
PFBC,Preferred Bank,Financial Services,Banks - Regional,NASDAQ,106.24,119649,1258088576,2.937,102.06,93.8,1.4224,5.14,11.51,-2.49,4.32,0.0,87.5,2,112.26,81.5,-5.36,0.0,,8,,20260805
BLGFF,Baillie Gifford US Growth Trust PLC,Unknown,Unknown,PNK,4.12,7092,0,0.2069,4.05,4.12,0.3328,31.12,31.12,31.12,31.12,0.0,73.25,3,5.31,3.65,-22.41,0.0,,8,,20260805
VTOL,Bristow Group Inc.,Energy,Oil & Gas Equipment & Services,NYSE,44.24,231811,1309761280,1.7002,43.27,42.48,0.5703,-15.9,-14.11,7.84,-5.78,0.0,88.75,2,50.38,35.03,-12.19,0.0,,8,,20260805
BHRB,Burke & Herbert Financial Services Corp.,Financial Services,Banks - Regional,NCM,74.12,176695,1494642560,1.6405,68.8,64.53,3.243,12.03,-1.26,10.88,6.92,0.0,88.75,2,75.0,56.39,-1.17,0.0,,8,,20260805
DFDDF,DFDS A/S,Industrials,Marine Shipping,PNK,20.64,18,1114761088,0.0238,19.87,16.91,32.1338,14.09,11.52,15.59,13.79,0.0,75.0,2,23.0,14.17,-10.27,0.0,,8,,20260805
KMTS,"Kestra Medical Technologies, Ltd.",Healthcare,Medical Instruments & Supplies,NASDAQ,25.06,365813,1468578560,1.6584,22.7,23.55,1.4248,17.12,-12.17,38.47,15.41,0.0,86.25,3,30.0,14.1,-16.47,0.0,,8,,20260805
INSP,"Inspire Medical Systems, Inc.",Healthcare,Medical Devices,NYSE,60.09,1086522,1737224448,3.2912,46.82,68.48,4.0308,17.91,-28.89,-77.07,-36.46,0.0,61.25,3,147.03,38.91,-59.13,0.0,,8,,20260805
MUX,McEwen Inc.,Basic Materials,Other Precious Metals & Mining,NYSE,19.71,1161273,1177477120,1.0099,18.59,20.97,1.109,-13.44,-35.36,66.21,10.75,0.0,52.0,3,29.7,9.82,-33.64,0.0,,8,,20260805
SVV,"Savers Value Village, Inc.",Consumer Cyclical,Specialty Retail,NYSE,10.9,999067,1678449024,0.4583,9.7,9.35,2.6176,22.51,-12.87,-29.67,-10.74,0.0,87.5,2,13.89,6.91,-21.53,0.0,,8,,20260805
IRPSY,IRPC Public Company Limited,Energy,Oil & Gas Refining & Marketing,PNK,6.21,5,1267497728,0.0037,6.14,4.26,18.4045,70.12,66.92,127.2,91.83,0.0,75.0,2,6.21,2.5,0.0,0.0,,8,,20260805
EMO,ClearBridge Energy Midstream Opportunity Fund Inc,Financial Services,Asset Management,NYSE,50.29,47886,1006535680,1.0889,50.17,46.92,0.1064,-6.32,-2.27,-7.23,-5.26,0.0,82.5,2,54.9,41.54,-8.4,0.0,,8,,20260805
ASST,"Strive, Inc.",Financial Services,Asset Management,NASDAQ,12.45,4196462,1047044672,0.9617,13.53,15.38,-1.1228,-31.22,-20.96,-103.92,-56.71,0.0,15.0,4,252.0,7.02,-95.06,0.0,,8,,20260805
SATA,"Strive, Inc.",Financial Services,Asset Management,NASDAQ,98.04,439362,0,1.6411,95.56,98.04,1.5086,-5.25,2.29,6.78,2.2,0.0,88.75,3,101.35,79.01,-3.27,0.0,,8,,20260805
AFYA,Afya Limited,Consumer Defensive,Education & Training Services,NASDAQ,13.63,98491,1246499328,0.4207,14.31,14.18,-1.6266,-8.79,-16.78,-23.5,-17.47,0.0,59.0,4,16.5,13.0,-17.38,0.0,,8,,20260805
ALX,"Alexander's, Inc.",Real Estate,REIT - Retail,NYSE,277.15,35911,1415485440,8.2043,266.87,236.35,1.2531,5.72,2.66,17.08,9.19,0.0,87.5,2,289.43,201.28,-4.24,0.0,,8,,20260805
ATLCZ,Atlanticus Holdings Corporation 9.25% Senior Notes due 2029,Unknown,Unknown,NASDAQ,25.45,15606,0,0.1453,25.18,24.49,1.8245,-4.06,-7.91,-13.16,-9.05,0.0,83.75,2,25.89,24.72,-1.7,0.0,,8,,20260805
ATLCP,Atlanticus Holdings Corporation,Financial Services,Credit Services,NASDAQ,24.5,4827,0,0.1475,24.2,23.35,2.0631,-1.65,-8.34,-5.61,-5.57,0.0,87.5,2,25.0,20.46,-1.98,0.0,,8,,20260805
ATLC,Atlanticus Holdings Corporation,Financial Services,Credit Services,NASDAQ,111.31,156026,1682784256,5.3436,96.87,70.26,2.7017,36.83,99.1,104.17,85.56,0.0,93.75,2,114.34,47.5,-2.65,0.0,,8,,20260805
PDS,Precision Drilling Corporation,Energy,Oil & Gas Drilling,NYSE,74.89,104183,969169536,3.0714,84.26,80.72,-3.0497,-27.99,-20.74,16.46,-7.67,0.0,20.75,4,103.8,52.53,-27.85,0.0,,8,,20260805
TEN,Tsakos Energy Navigation Limited,Energy,Oil & Gas Midstream,NYSE,38.01,281852,1145150208,1.4804,37.67,31.96,0.2325,-18.02,30.83,71.19,34.76,0.0,62.5,2,45.85,19.67,-17.1,0.0,,8,,20260805
PRGS,Progress Software Corporation,Technology,Software - Infrastructure,NASDAQ,42.25,746124,1732796928,1.9268,35.37,36.94,3.5718,38.76,-6.74,-30.07,-4.7,0.0,90.0,3,47.37,23.82,-10.81,0.0,,8,,20260805
FTRE,Fortrea Holdings Inc.,Healthcare,Biotechnology,NASDAQ,19.05,1460165,1811654912,1.2023,17.25,13.78,1.4953,24.48,5.0,173.42,77.23,0.0,92.5,2,21.39,5.82,-10.94,0.0,,8,,20260805
ACNDF,CapitaLand India Trust,Real Estate,Real Estate Services,PNK,0.85,7793,1263878,0.0392,0.8,0.87,1.3487,-6.51,-24.77,-29.83,-22.23,0.0,45.75,3,1.24,0.73,-31.45,0.0,,8,,20260805
AOSL,Alpha and Omega Semiconductor Limited,Technology,Semiconductors,NASDAQ,32.54,888331,973908480,3.1056,39.91,29.17,-2.3736,-32.26,33.88,1.22,4.28,0.0,35.0,3,54.34,17.01,-40.12,0.0,,8,,20260805
ICFI,"ICF International, Inc.",Industrials,Consulting Services,NASDAQ,84.81,299806,1535415424,3.2458,74.4,77.55,3.2086,7.39,-17.28,-28.36,-15.54,0.0,88.75,3,101.71,58.83,-16.62,0.0,,8,,20260805
UAMY,United States Antimony Corporation,Basic Materials,Other Industrial Metals & Mining,NYSE,6.38,8359308,945424256,0.523,6.93,8.06,-1.0612,-49.41,-46.12,56.4,-5.93,0.0,11.25,4,19.71,3.26,-67.63,0.0,,8,,20260805
AAVVF,Advantage Energy Ltd.,Energy,Oil & Gas E&P,PNK,7.69,160093,1287580672,0.2059,7.38,7.86,1.5106,-5.85,-14.4,-26.58,-17.13,0.0,74.5,3,9.5,6.72,-19.05,0.0,,8,,20260805
DSGR,"Distribution Solutions Group, Inc.",Industrials,Industrial Distribution,NASDAQ,34.8,147670,1609688704,0.4837,29.57,28.22,10.8134,17.61,6.13,-5.31,4.43,0.0,85.0,2,35.05,19.02,-0.73,0.0,,8,,20260805
DSL,DoubleLine Income Solutions Fund,Financial Services,Asset Management,NYSE,10.67,519218,1222473600,0.0953,10.74,10.65,-0.7206,-7.57,-13.77,-24.82,-16.64,0.0,56.5,3,12.67,10.49,-15.79,0.0,,8,,20260805
AVBP,"ArriVent BioPharma, Inc.",Healthcare,Biotechnology,NASDAQ,30.61,561222,1425658624,1.9962,31.48,25.48,-0.4373,-4.02,23.0,39.68,22.92,0.0,78.25,3,35.83,16.1,-14.57,0.0,,8,,20260805
ENR,"Energizer Holdings, Inc.",Industrials,Electrical Equipment & Parts,NYSE,22.53,1084314,1542707712,1.0196,20.49,19.77,2.0021,21.96,-10.94,-38.1,-13.57,0.0,86.25,2,30.29,15.75,-25.62,0.0,,8,,20260805
IPX,IperionX Limited,Basic Materials,Other Industrial Metals & Mining,NCM,23.77,311763,860792704,1.723,29.28,36.2,-3.199,-36.35,-64.77,-63.96,-57.34,0.0,8.75,4,61.45,20.09,-61.32,0.0,,8,,20260805
WBTNF,Weebit Nano Limited,Technology,Semiconductors,PNK,3.18,46311,764560384,0.323,4.73,3.61,-4.8033,-4.38,-27.66,116.69,35.9,0.0,31.25,3,6.5,1.4,-51.08,0.0,,8,,20260805
PEBO,Peoples Bancorp Inc.,Financial Services,Banks - Regional,NASDAQ,41.6,263070,1495200256,0.7497,37.58,32.61,5.3562,16.46,16.44,31.28,22.38,0.0,92.5,2,42.29,27.49,-1.63,0.0,,8,,20260805
FRBP,FRANKLIN BSP CAP CORP,Financial Services,Asset Management,PNK,8.51,470,1368185088,0.1628,7.82,8.97,4.2124,-17.27,-19.73,-13.28,-16.54,0.0,37.0,3,11.0,7.0,-22.64,0.0,,8,,20260805
GOLD,"Gold.com, Inc.",Financial Services,Capital Markets,NYSE,43.33,462965,1256759552,1.7137,41.3,40.64,1.1862,-5.19,-29.31,86.91,23.21,0.0,61.25,2,66.7,21.61,-35.04,0.0,,8,,20260805
VLTAF,Voltalia SA,Utilities,Utilities - Renewable,PNK,8.54,12,1118253952,0.0103,8.8,8.21,-25.607,-3.79,-8.55,-2.5,-4.94,0.0,62.0,3,9.57,7.07,-10.76,0.0,,8,,20260805
TMP,Tompkins Financial Corporation,Financial Services,Banks - Regional,NYSE,100.8,85044,1449796864,2.551,92.62,79.75,3.2054,12.92,10.96,41.16,23.53,0.0,88.75,2,102.02,61.21,-1.2,0.0,,8,,20260805
AMAL,Amalgamated Financial Corp.,Financial Services,Banks - Regional,NASDAQ,50.31,153577,1504276480,1.1734,45.54,38.02,4.0634,15.45,13.37,54.68,30.42,0.0,90.0,2,50.92,25.13,-1.2,0.0,,8,,20260805
CXM,"Sprinklr, Inc.",Technology,Software - Application,NYSE,6.71,3598139,1571675008,0.276,5.58,6.25,4.0987,16.94,0.73,-47.67,-14.58,0.0,92.5,3,9.2,4.71,-27.07,0.0,,8,,20260805
XPEL,"XPEL, Inc.",Consumer Cyclical,Auto Parts,NCM,50.29,264167,1386041856,2.1412,45.66,45.67,2.1637,-4.77,-17.83,28.03,3.78,0.0,79.5,3,55.91,31.5,-10.05,0.0,,8,,20260805
YELP,Yelp Inc.,Communication Services,Internet Content & Information,NYSE,25.69,1271593,1412711168,1.245,24.72,26.66,0.7814,-18.71,-9.76,-47.53,-27.11,0.0,75.75,3,34.64,19.6,-25.84,0.0,,8,,20260805
HROW,"Harrow, Inc.",Healthcare,Drug Manufacturers - Specialty & Generic,NASDAQ,39.41,827390,1469011968,1.9872,39.8,41.12,-0.1971,-9.32,-28.72,-5.39,-14.54,0.0,57.75,4,54.85,28.54,-28.15,0.0,,8,,20260805
ALGGY,"Alliance Global Group, Inc.",Industrials,Conglomerates,PNK,6.91,152,1201319552,0.0314,6.58,6.74,10.3624,-13.17,-3.87,-20.74,-12.95,0.0,50.0,3,8.53,5.51,-18.99,0.0,,8,,20260805
SBET,"Sharplink, Inc.",Financial Services,Capital Markets,NCM,6.36,9012136,1337270144,0.3818,5.67,8.09,1.8059,-22.95,-29.2,-90.08,-51.99,0.0,40.0,3,28.26,4.46,-77.49,0.0,,8,,20260805
EWIIF,EDINBURGH WORLDWIDE INVESTMENT ,Unknown,Unknown,PNK,3.1,4650,0,0.1352,3.28,3.1,-1.3496,0.91,35.22,35.22,26.64,0.0,52.5,3,3.85,2.0,-19.38,0.0,,8,,20260805
DTTLY,Datatec Limited,Technology,Information Technology Services,OQX,9.03,1,1095538688,0.0095,8.82,8.89,21.8881,-12.88,-16.08,9.7,-4.97,0.0,50.0,3,9.86,6.0,-8.42,0.0,,8,,20260805
WVE,Wave Life Sciences Ltd.,Healthcare,Biotechnology,NASDAQ,5.93,3300955,1168495616,0.2939,5.95,9.57,-0.081,-24.04,-68.95,-55.54,-52.36,0.0,23.25,4,21.73,5.02,-72.71,0.0,,8,,20260805
TOLWF,Trican Well Service Ltd.,Energy,Oil & Gas Equipment & Services,PNK,4.3,108240,902925248,0.1544,4.86,4.74,-3.6581,-25.36,-29.53,-14.99,-22.67,0.0,20.75,4,6.0,3.7,-28.33,0.0,,8,,20260805
MPLT,"MapLight Therapeutics, Inc.",Healthcare,Biotechnology,NASDAQ,12.92,750988,585866112,3.2816,29.54,12.92,-5.0642,-60.36,-36.72,-42.82,-45.07,0.0,38.75,3,40.43,9.1,-68.04,0.0,,8,,20260805
TAOFF,IperionX Limited,Basic Materials,Other Industrial Metals & Mining,PNK,2.35,1137,851015040,0.0504,3.1,3.84,-14.9179,-36.1,-66.69,-69.97,-60.36,0.0,0.0,4,5.8,2.2,-59.48,0.0,,8,,20260805
NSP,"Insperity, Inc.",Industrials,Staffing & Employment Services,NYSE,51.12,738845,1952542208,2.9243,42.54,34.94,2.9354,75.49,21.39,-9.3,22.64,0.0,88.75,2,57.22,18.57,-10.66,0.0,,8,,20260805
HKEPF,"Hokkaido Electric Power Company, Incorporated",Utilities,Utilities - Renewable,PNK,5.69,321,1168447104,0.0169,5.72,-2.9,-1.5388,-26.02,-170.72,-76.84,-97.0,0.0,37.0,3,9.45,5.19,-39.79,0.0,,8,,20260805
LEFUF,Leon's Furniture Limited,Consumer Cyclical,Specialty Retail,PNK,17.47,2439,1203188096,0.1663,17.28,18.8,1.1133,-14.46,-23.63,-31.11,-24.33,0.0,42.0,3,22.1,16.56,-20.95,0.0,,8,,20260805
JFR,Nuveen Floating Rate Income Fund,Financial Services,Asset Management,NYSE,7.73,590086,1244278144,0.0542,7.59,7.33,2.6623,-0.21,-7.41,-20.07,-10.67,0.0,83.75,2,8.55,7.16,-9.59,0.0,,8,,20260805
CCO,"Clear Channel Outdoor Holdings, Inc.",Communication Services,Advertising Agencies,NYSE,2.42,7667824,1231740160,0.0198,2.41,2.24,0.5975,-5.38,-0.2,96.69,37.26,0.0,80.0,2,2.44,1.02,-0.82,0.0,,8,,20260805
IRS,IRSA Inversiones y Representaciones Sociedad Anónima,Real Estate,Real Estate Services,NYSE,14.93,159837,1263251072,0.5209,15.52,15.37,-1.1246,-3.67,-23.1,-25.22,-19.09,0.0,59.0,3,19.14,10.87,-22.0,0.0,,8,,20260805
FGROY,FirstGroup plc,Industrials,Railroads,PNK,2.29,216,1211536000,0.0248,2.18,2.41,4.5431,-13.63,-15.91,-52.28,-29.88,0.0,37.0,3,3.31,2.0,-30.82,0.0,,8,,20260805
BCCMY,BAIC Motor Corporation Limited,Consumer Cyclical,Auto Manufacturers,PNK,1.13,363,909740864,0.0043,1.31,1.99,-41.0737,-42.45,-63.76,-80.55,-65.15,0.0,0.0,4,2.96,1.03,-61.66,0.0,,8,,20260805
VIA,"Via Transportation, Inc.",Technology,Software - Application,NYSE,21.36,993504,1818634368,1.2633,17.22,23.7,3.278,22.28,-8.84,-75.25,-27.63,0.0,75.75,3,56.31,12.95,-62.07,0.0,,8,,20260805
CHYCY,Chiyoda Corporation,Industrials,Engineering & Construction,PNK,4.08,75,1057385856,0.0137,4.31,5.34,-16.4987,-46.35,-54.12,83.79,2.99,0.0,0.0,4,9.87,1.95,-58.66,0.0,,8,,20260805
MTRBF,Metro Bank Holdings PLC,Financial Services,Banks - Regional,PNK,2.1,4111,1414570624,0.0457,2.2,1.73,-2.1707,-9.63,4.61,0.15,-0.74,0.0,63.25,3,2.35,1.3,-10.64,0.0,,8,,20260805
YUPRF,Yuexiu Property Company Limited,Real Estate,Real Estate - Development,PNK,0.5,8,2013099008,0.0046,0.41,0.4,18.5577,16.74,11.98,44.56,26.2,0.0,75.0,2,0.53,0.25,-4.96,0.0,,8,,20260805
MALJF,Magellan Aerospace Corporation,Industrials,Aerospace & Defense,PNK,27.0,4583,1586263552,0.683,23.63,17.39,4.939,34.88,71.26,95.25,71.76,0.0,83.75,2,27.08,10.85,-0.3,0.0,,8,,20260805
CTBI,"Community Trust Bancorp, Inc.",Financial Services,Banks - Regional,NASDAQ,78.91,115047,1433299200,1.7712,71.91,62.27,3.9497,13.99,14.34,28.51,19.92,0.0,91.25,2,79.84,50.25,-1.17,0.0,,8,,20260805
PRSU,"Pursuit Attractions and Hospitality, Inc.",Consumer Cyclical,Travel Services,NYSE,50.1,274788,1375208064,1.6219,50.5,40.2,-0.2495,13.66,31.53,53.78,35.96,0.0,74.5,3,56.52,28.24,-11.36,0.0,,8,,20260805
UFCS,"United Fire Group, Inc.",Financial Services,Insurance - Property & Casualty,NASDAQ,54.35,156613,1394412544,1.7009,49.61,40.44,2.7839,30.38,36.99,83.47,53.93,0.0,90.0,2,55.82,27.78,-2.63,0.0,,8,,20260805
COAG,"Hemab Therapeutics Holdings, Inc.",Healthcare,Biotechnology,NASDAQ,50.09,315098,2339473920,4.2278,35.54,50.09,3.4413,93.73,40.23,40.23,53.6,0.0,79.5,3,52.15,23.0,-3.95,0.0,,8,,20260805
AVLN,Avalyn Pharma Inc.,Healthcare,Biotechnology,NASDAQ,32.0,359981,1418659072,2.1048,28.8,32.0,1.5226,10.03,1.12,1.12,3.35,0.0,73.25,3,33.32,24.15,-3.96,0.0,,8,,20260805
DTTLF,Datatec Limited,Technology,Information Technology Services,OQX,5.58,3,1353954816,0.065,3.84,2.59,26.7904,123.56,118.81,339.11,208.12,0.0,75.0,2,5.58,3.45,-0.0,0.0,,8,,20260805
QKIE,QKI Emulsion Inc.,Financial Services,Shell Companies,OID,2.24,559,1173452416,0.2142,2.31,1.6,-0.3053,32.3,90.3,35.71,53.96,0.0,67.0,3,2.4,0.23,-6.67,0.0,,8,,20260805
BRETF,Brazilian Rare Earths Limited,Basic Materials,Other Precious Metals & Mining,OQX,3.05,528,854468864,0.0938,3.38,3.05,-3.5702,-32.84,-32.84,-32.84,-32.84,0.0,38.25,3,4.3,2.35,-29.07,0.0,,8,,20260805
TROX,Tronox Holdings plc,Basic Materials,Chemicals,NYSE,5.85,2887718,933215936,0.3953,6.78,6.45,-2.3602,-50.49,-27.08,68.88,5.45,0.0,23.25,4,10.59,2.86,-44.76,0.0,,8,,20260805
DQ,Daqo New Energy Corp.,Technology,Semiconductor Equipment & Materials,NYSE,13.28,930863,898606272,0.7035,13.7,22.7,-0.5942,-40.27,-55.41,-59.0,-53.06,0.0,24.5,4,36.59,11.38,-63.71,0.0,,8,,20260805
SBH,"Sally Beauty Holdings, Inc.",Consumer Cyclical,Specialty Retail,NYSE,15.79,1558673,1478295936,0.7409,14.1,14.59,2.2795,8.29,-16.83,35.06,10.21,0.0,88.75,3,17.92,11.54,-11.89,0.0,,8,,20260805
NEO,"NeoGenomics, Inc.",Healthcare,Diagnostics & Research,NCM,15.73,2746400,2048231168,0.8447,13.02,10.93,3.2088,70.91,13.61,154.11,84.13,0.0,87.5,2,16.45,5.37,-4.38,0.0,,8,,20260805
MNSAF,Mineros S.A.,Basic Materials,Gold,OQX,5.37,18696,1493242496,0.3422,4.54,4.21,2.4179,38.24,-3.36,163.85,73.93,0.0,86.25,2,6.91,1.84,-22.31,0.0,,8,,20260805
PAHGF,Pets at Home Group Plc,Consumer Cyclical,Specialty Retail,PNK,2.61,1380,1145865600,0.0178,2.59,2.65,1.3626,-6.1,-11.63,-29.23,-17.29,0.0,62.0,3,3.49,2.19,-25.21,0.0,,8,,20260805
ZBIO,"Zenas BioPharma, Inc.",Healthcare,Biotechnology,NASDAQ,31.86,793193,2011429376,1.8462,24.87,25.82,3.7834,46.84,49.33,66.22,55.46,0.0,87.5,3,44.6,13.5,-28.57,0.0,,8,,20260805
OMGGF,Omai Gold Mines Corp.,Basic Materials,Gold,OQB,1.87,193467,1215741696,0.1163,1.69,1.37,1.5528,4.68,22.3,207.54,91.99,0.0,63.75,2,2.1,0.59,-10.95,0.0,,8,,20260805
EOS,Eaton Vance Enhanced Equity Income Fund II,Financial Services,Asset Management,NYSE,21.96,124729,1170819712,0.3284,21.81,21.55,0.4493,-6.97,-8.99,-24.11,-14.53,0.0,60.0,3,24.49,19.44,-10.33,0.0,,8,,20260805
ITRN,Ituran Location and Control Ltd.,Technology,Scientific & Technical Instruments,NASDAQ,55.7,155501,1103341312,1.8899,59.81,49.02,-2.175,-11.2,13.0,26.64,12.41,0.0,33.75,3,68.3,32.71,-18.45,0.0,,8,,20260805
OLMA,"Olema Pharmaceuticals, Inc.",Healthcare,Biotechnology,NASDAQ,11.58,1454911,1011483712,0.6876,11.39,17.47,0.2734,-27.53,-67.93,90.73,5.63,0.0,35.0,3,36.26,4.47,-68.06,0.0,,8,,20260805
ELKEF,Elkem ASA,Basic Materials,Specialty Chemicals,PNK,3.4,50,1232661888,0.0008,3.39,2.99,9.1329,2.72,7.24,17.5,10.22,0.0,75.0,2,3.4,2.37,0.0,0.0,,8,,20260805
ATEX,Anterix Inc.,Communication Services,Telecom Services,NCM,99.41,452977,1938343168,7.5288,87.63,45.73,1.5651,90.02,262.19,325.29,244.39,0.0,85.0,2,113.0,17.58,-12.03,0.0,,8,,20260805
FQVTY,Fevertree Drinks PLC,Consumer Defensive,Beverages - Non-Alcoholic,PNK,11.2,73,1258321024,0.1031,10.79,10.92,3.9379,-5.66,-18.18,-35.48,-21.97,0.0,50.0,3,15.0,9.99,-25.33,0.0,,8,,20260805
GILT,Gilat Satellite Networks Ltd.,Technology,Communication Equipment,NASDAQ,11.62,863460,876972352,0.7393,13.07,14.88,-1.9597,-48.74,-53.13,32.45,-17.8,0.0,8.75,4,20.93,8.0,-44.48,0.0,,8,,20260805
SUUIF,Superior Plus Corp.,Utilities,Utilities - Regulated Gas,PNK,5.66,53780,1214459776,0.0427,5.75,5.31,-2.2235,-4.38,-2.98,-10.84,-6.47,0.0,67.0,3,6.24,4.34,-9.29,0.0,,8,,20260805
SILXF,Silex Systems Limited,Technology,Semiconductors,OQX,3.5,8326,980027136,0.2287,3.75,4.59,-1.0868,-22.75,-37.04,1.83,-17.92,0.0,7.5,4,7.25,2.3,-51.72,0.0,,8,,20260805
TDOC,"Teladoc Health, Inc.",Healthcare,Health Information Services,NYSE,6.93,4947798,1259070208,0.5459,8.14,6.86,-2.2205,-2.58,23.38,-23.89,-2.02,0.0,61.25,3,9.89,4.4,-29.91,0.0,,8,,20260805
SILXY,Silex Systems Limited,Technology,Semiconductors,OQX,17.61,7996,1015683904,0.7837,18.59,22.79,-1.2545,-22.53,-36.98,9.89,-14.62,0.0,10.0,4,35.5,11.21,-50.39,0.0,,8,,20260805
SCL,Stepan Company,Basic Materials,Specialty Chemicals,NYSE,64.26,144637,1459558272,2.2973,56.22,51.1,3.4987,17.18,-2.25,9.8,7.43,0.0,85.0,2,68.0,41.82,-5.5,0.0,,8,,20260805
MGRT,Mega Fortune Company Limited,Technology,Information Technology Services,NCM,94.33,16722,1297037568,7.616,82.39,44.04,1.5683,-38.26,1602.86,2979.65,1743.29,0.0,63.75,2,170.0,2.65,-44.51,0.0,,8,,20260805
ABTC,American Bitcoin Corp,Financial Services,Capital Markets,NCM,6.54,1242145,796700928,0.7518,9.67,25.61,-4.158,-71.19,-79.94,-116.11,-92.22,0.0,16.25,4,217.8,4.92,-97.0,0.0,,8,,20260805
PNTG,"The Pennant Group, Inc.",Healthcare,Medical Care Facilities,NASDAQ,38.81,298322,1349328896,1.5203,36.85,31.61,1.2878,16.73,20.59,51.82,32.12,0.0,87.5,2,42.69,21.84,-9.09,0.0,,8,,20260805
XZO,"Exzeo Group, Inc.",Financial Services,Insurance - Diversified,NYSE,16.1,223937,1463786752,0.8245,15.24,16.1,1.0385,-13.3,-25.16,-37.92,-27.3,0.0,88.75,3,24.6,12.36,-34.55,0.0,,8,,20260805
BOMXF,"Bolsa Mexicana de Valores, S.A.B. de C.V.",Financial Services,Financial Data & Stock Exchanges,PNK,2.23,3886,1230047232,0.021,2.1,2.08,6.2094,-7.25,-2.73,-19.75,-10.67,0.0,50.0,2,2.3,1.82,-3.04,0.0,,8,,20260805
VZLA,Vizsla Silver Corp.,Basic Materials,Other Industrial Metals & Mining,NYSE,3.59,5842536,1260155136,0.1946,3.38,4.1,1.0656,4.51,-43.59,-4.44,-15.9,0.0,38.75,3,7.19,2.88,-50.07,0.0,,8,,20260805
IRMD,IRADIMED CORPORATION,Healthcare,Medical Devices,NASDAQ,91.86,135944,1174612992,3.4124,94.36,93.42,-0.7336,0.6,-18.08,8.45,-2.8,0.0,59.0,3,107.9,67.51,-14.87,0.0,,8,,20260805
XFABF,X-FAB Silicon Foundries SE,Technology,Semiconductors,PNK,6.75,7086,885817536,0.3373,9.89,7.12,-9.3079,-15.87,-1.75,-42.31,-21.5,0.0,38.25,4,17.05,5.16,-60.41,0.0,,8,,20260805
LSPD,Lightspeed Commerce Inc.,Technology,Software - Application,NYSE,10.35,1180327,1338250880,0.4634,9.94,10.32,0.8926,3.47,-7.16,-40.84,-17.97,0.0,90.0,3,13.71,7.83,-24.54,0.0,,8,,20260805
EDN,Empresa Distribuidora y Comercializadora Norte Sociedad Anónima,Utilities,Utilities - Regulated Electric,NYSE,25.56,122406,1215996160,1.3352,25.99,27.83,-0.3204,-2.14,-24.22,-35.75,-23.31,0.0,60.25,3,36.7,14.38,-30.35,0.0,,8,,20260805
IART,Integra LifeSciences Holdings Corporation,Healthcare,Medical Devices,NASDAQ,17.68,1053618,1375017856,1.0528,17.75,13.38,-0.0695,27.1,51.77,17.45,31.88,0.0,74.5,3,20.49,8.7,-13.71,0.0,,8,,20260805
OPFI,OppFi Inc.,Financial Services,Credit Services,NYSE,9.79,723196,1410068224,0.3539,9.01,9.29,2.2057,-6.22,-5.24,-27.8,-14.51,0.0,87.5,3,12.6,7.36,-22.3,0.0,,8,,20260805
BV,"BrightView Holdings, Inc.",Industrials,Specialty Business Services,NYSE,10.6,777331,987920064,0.6295,13.46,12.84,-4.5395,-16.88,-34.58,-55.37,-38.47,0.0,32.5,3,16.39,10.43,-35.33,0.0,,8,,20260805
TRIP,"Tripadvisor, Inc.",Consumer Cyclical,Travel Services,NASDAQ,13.99,3756926,1627892736,0.5991,13.15,12.76,1.3997,17.39,-0.76,-38.01,-11.12,0.0,87.5,2,20.16,9.01,-30.61,0.0,,8,,20260805
VITBF,VITBF,Unknown,Unknown,PNK,24.45,1214,0,1.0629,28.31,24.45,-3.6342,-49.45,-82.09,-82.09,-73.93,0.0,30.0,3,41.5,22.79,-41.08,0.0,,8,,20260805
FQVTF,Fevertree Drinks PLC,Consumer Defensive,Beverages - Non-Alcoholic,PNK,11.5,1796,1292026112,0.1484,10.83,10.95,4.4994,1.45,-16.73,-28.81,-17.02,0.0,75.0,3,13.05,9.55,-11.88,0.0,,8,,20260805
PBTDF,Plover Bay Technologies Limited,Technology,Communication Equipment,PNK,1.07,396,1183178240,0.0079,1.1,0.9,-4.051,-3.42,-18.31,76.14,23.19,0.0,62.0,3,1.48,0.76,-27.7,0.0,,8,,20260805
BLFS,"BioLife Solutions, Inc.",Healthcare,Medical Instruments & Supplies,NCM,33.8,1127211,1651380608,1.2759,28.11,24.47,4.4591,50.21,35.75,38.49,40.46,0.0,88.75,2,33.84,17.86,-0.12,0.0,,8,,20260805
BFLY,"Butterfly Network, Inc.",Healthcare,Medical Devices,NYSE,8.42,8046142,2242121216,0.7255,6.76,4.45,2.2883,68.06,102.02,465.5,238.92,0.0,88.75,2,9.69,1.32,-13.11,0.0,,8,,20260805
WYFI,"WhiteFiber, Inc.",Technology,Information Technology Services,NCM,26.06,2527178,1006286464,3.997,30.52,22.26,-1.1162,26.6,29.01,37.56,31.83,0.0,60.0,3,46.87,10.51,-44.4,0.0,,8,,20260805
SIFY,Sify Technologies Limited,Communication Services,Telecom Services,NCM,15.67,69457,1135050496,0.7075,15.45,14.02,0.3056,0.4,-10.48,111.62,41.08,0.0,61.25,2,17.85,6.75,-12.21,0.0,,8,,20260805
AUTLF,Austal Limited,Industrials,Aerospace & Defense,PNK,2.46,5086,1038302592,0.1052,2.8,3.77,-3.1908,-29.61,-61.81,-62.84,-54.17,0.0,10.0,4,6.35,2.4,-61.26,0.0,,8,,20260805
SG,"Sweetgreen, Inc.",Consumer Cyclical,Restaurants,NYSE,6.1,5995257,724848704,0.5649,7.87,6.83,-3.1359,-17.19,-12.07,-74.2,-38.2,0.0,10.0,4,12.79,4.49,-52.33,0.0,,8,,20260805
FMBH,"First Mid Bancshares, Inc.",Financial Services,Banks - Regional,NASDAQ,52.32,145740,1392538496,1.1468,47.8,42.24,3.9425,13.91,8.63,18.55,13.92,0.0,90.0,2,53.36,34.16,-1.95,0.0,,8,,20260805
ELMTY,Elementis plc,Basic Materials,Specialty Chemicals,PNK,7.46,1,1060969664,0.0013,7.46,8.18,0.0,-15.29,-20.84,-34.89,-25.07,0.0,37.0,3,9.92,7.31,-24.8,0.0,,8,,20260805
NAK,Northern Dynasty Minerals Ltd.,Basic Materials,Other Industrial Metals & Mining,NYSE,1.69,6652650,946925888,0.1224,1.85,1.86,-1.2991,-25.77,-37.12,93.35,17.91,0.0,22.0,4,2.98,0.77,-43.29,0.0,,8,,20260805
TK,Teekay Corporation Ltd.,Energy,Oil & Gas Midstream,NYSE,10.87,608793,945818496,0.4433,11.32,10.46,-1.0192,-23.53,0.65,32.53,7.36,0.0,49.5,3,14.38,7.34,-24.41,0.0,,8,,20260805
NDTAF,Northern Data AG,Technology,Information Technology Services,PNK,7.91,38,507795712,0.233,11.25,13.04,-14.3199,-39.35,-55.56,-97.02,-68.09,0.0,1.25,4,30.0,6.38,-73.63,0.0,,8,,20260805
RCAT,"Red Cat Holdings, Inc.",Industrials,Aerospace & Defense,NCM,8.66,12781365,1317985024,0.7317,10.07,11.03,-1.9335,-23.6,-51.46,-25.24,-34.01,0.0,10.0,4,18.78,5.77,-53.89,0.0,,8,,20260805
DMZPY,Domino's Pizza Enterprises Limited,Consumer Cyclical,Restaurants,PNK,6.35,108,1203285120,0.0836,5.8,6.41,6.5575,-5.45,-33.53,-19.37,-20.85,0.0,37.0,3,8.74,3.96,-27.35,0.0,,8,,20260805
WZZAF,Wizz Air Holdings Plc,Industrials,Airlines,PNK,11.14,8,1548114944,0.0008,11.14,13.25,0.0,-7.79,-45.07,-55.6,-39.96,0.0,37.0,3,16.77,11.14,-33.56,0.0,,8,,20260805
AVNS,Avanos Medical Inc,Healthcare,Medical Devices,NYSE,24.99,1052956,1170726912,0.0775,24.88,16.72,1.3598,-3.11,95.11,103.68,73.98,0.0,81.25,2,25.49,9.55,-1.96,0.0,,8,,20260805
SMNR,"Semnur Pharmaceuticals, Inc.",Healthcare,Biotechnology,PNK,0.66,27530,151938032,0.2616,1.76,7.38,-4.2168,-95.63,-103.98,-113.73,-105.79,0.0,15.0,4,23.0,0.25,-97.13,0.0,,8,,20260805
TMLDF,TASMEA LTD.,Unknown,Unknown,PNK,5.8,3674,0,0.3411,5.25,5.8,1.6247,88.38,22.17,22.17,38.72,0.0,80.0,3,7.75,2.6,-25.16,0.0,,8,,20260805
JKS,"JinkoSolar Holding Co., Ltd.",Technology,Solar,NYSE,15.78,782777,826401536,0.8477,17.08,21.9,-1.5379,-37.14,-44.93,-43.03,-42.22,0.0,12.5,4,31.88,14.55,-50.5,0.0,,8,,20260805
MRNFF,Meren Energy Inc.,Energy,Oil & Gas E&P,OQX,1.42,121680,960083712,0.0425,1.48,1.46,-1.4158,-26.0,-18.88,-3.79,-14.62,0.0,32.75,4,1.85,1.19,-23.24,0.0,,8,,20260805
CSR,Centerspace,Real Estate,REIT - Residential,NYSE,56.9,156313,1006854144,1.6205,57.28,60.9,-0.2346,-18.52,-21.15,-13.21,-17.32,0.0,37.75,4,69.61,52.83,-18.26,0.0,,8,,20260805
TNGRF,Thungela Resources Limited,Energy,Thermal Coal,PNK,6.3,3401,801887808,0.3035,7.03,6.97,-2.3998,-31.32,-11.78,-4.98,-13.94,0.0,20.75,4,10.72,4.25,-41.23,0.0,,8,,20260805
NAT,Nordic American Tankers Limited,Energy,Oil & Gas Midstream,NYSE,6.13,3919190,1298031488,0.26,5.83,4.7,1.166,0.84,43.27,109.67,59.22,0.0,85.0,2,6.73,2.78,-8.92,0.0,,8,,20260805
SMSZF,"SMS Co., Ltd.",Healthcare,Health Information Services,PNK,8.56,0,702608640,0.0036,8.56,-8.11,0.0,-7.31,-152.94,-164.26,-121.06,0.0,62.0,3,13.05,8.56,-34.41,0.0,,8,,20260805
RMIX,"Suncrete, Inc.",Basic Materials,Building Materials,NASDAQ,18.68,390067,1804725632,1.3465,19.52,18.68,-0.6265,14.67,50.76,50.76,41.74,0.0,72.0,3,25.5,9.2,-26.75,0.0,,8,,20260805
PSEC,Prospect Capital Corporation,Financial Services,Asset Management,NASDAQ,2.17,5673381,1087186688,0.0681,2.2,2.36,-0.5084,-23.96,-24.35,-32.54,-27.53,0.0,30.25,4,3.13,2.11,-30.67,0.0,,8,,20260805
ORZCF,Orezone Gold Corporation,Basic Materials,Gold,OQX,1.78,159511,1187202816,0.0876,1.66,1.54,1.3492,15.29,-23.68,96.44,34.11,0.0,65.0,2,2.3,0.75,-22.61,0.0,,8,,20260805
CHRHF,Chervon Holdings Limited,Industrials,Tools & Accessories,PNK,2.65,25,1348197632,0.0205,2.24,2.13,20.0792,58.4,-1.59,9.18,17.72,0.0,75.0,2,3.6,1.93,-26.39,0.0,,8,,20260805
SHPPF,Redcare Pharmacy NV,Healthcare,Pharmaceutical Retailers,PNK,64.8,1,1303228800,0.1226,58.52,63.41,51.2203,36.12,-18.68,-79.66,-29.37,0.0,75.0,3,148.22,45.18,-56.28,0.0,,8,,20260805
GIC,Global Industrial Company,Industrials,Industrial Distribution,NYSE,38.74,121311,1482235136,1.1191,33.25,31.05,4.9066,12.48,11.71,-7.02,4.41,0.0,90.0,2,40.26,26.4,-3.78,0.0,,8,,20260805
ULCC,"Frontier Group Holdings, Inc.",Industrials,Airlines,NASDAQ,7.95,4629711,1831366528,0.5156,6.66,5.0,2.52,75.4,37.3,71.18,60.38,0.0,86.25,2,8.4,3.02,-5.35,0.0,,8,,20260805
AGBK,AGI Inc,Financial Services,Banks - Regional,NYSE,6.88,378526,1100318848,0.3534,6.99,6.88,-0.3073,-1.91,-47.84,-47.84,-36.36,0.0,45.75,3,12.21,6.32,-43.65,0.0,,8,,20260805
ARYTF,Aryt Industries Ltd.,Industrials,Aerospace & Defense,PNK,8.17,35,831097536,0.0918,9.83,13.73,-18.0639,-55.29,-68.63,-29272.6,-11746.88,0.0,0.0,4,20.8,0.1,-60.72,0.0,,8,,20260805
TTAPY,TTW Public Company Limited,Utilities,Utilities - Regulated Water,PNK,15.1,9,1205378944,0.0025,15.07,14.41,12.7514,0.11,-9.91,-9.14,-7.09,0.0,75.0,2,15.35,12.96,-1.6,0.0,,8,,20260805
MRVI,"Maravai LifeSciences Holdings, Inc.",Healthcare,Biotechnology,NASDAQ,6.41,3106013,2364484352,0.321,5.87,4.07,1.6787,59.86,84.39,159.07,108.13,0.0,88.75,2,7.44,1.99,-13.84,0.0,,8,,20260805
KSKGF,Kingsgate Consolidated Limited,Basic Materials,Gold,PNK,3.15,2127,838051712,0.1651,3.44,3.67,-1.7845,-33.98,-36.33,73.56,8.21,0.0,3.75,4,5.28,1.6,-40.34,0.0,,8,,20260805
LNN,Lindsay Corporation,Industrials,Farm & Heavy Construction Machinery,NYSE,114.82,180047,1167591424,3.4771,115.22,117.51,-0.1159,-1.61,-22.43,-37.48,-23.25,0.0,60.25,4,148.0,97.27,-22.42,0.0,,8,,20260805
BYITY,Bytes Technology Group plc,Technology,Software - Infrastructure,PNK,11.25,13,1308622976,0.0501,10.29,9.61,19.2799,17.78,13.03,-52.17,-11.86,0.0,75.0,2,16.2,9.15,-30.53,0.0,,8,,20260805
BVHMY,VISTRY GROUP PLC.,Consumer Cyclical,Residential Construction,PNK,4.0,291,1270365568,0.0665,3.47,6.35,7.8989,-16.15,-65.09,-75.19,-56.9,0.0,26.25,3,10.28,2.98,-61.09,0.0,,8,,20260805
EKZRF,Eckert & Ziegler SE,Healthcare,Medical Devices,PNK,18.0,3,1126377472,0.0026,17.91,18.0,35.5254,-2.68,-2.68,-2.68,-2.68,0.0,62.0,3,18.1,18.0,-0.55,0.0,,8,,20260805
MCB,Metropolitan Bank Holding Corp.,Financial Services,Banks - Regional,NYSE,94.04,143450,1165887104,2.8602,94.33,84.9,-0.103,-2.2,-12.55,14.12,0.71,0.0,75.75,3,102.04,64.66,-7.84,0.0,,8,,20260805
ASGTF,Altus Group Limited,Real Estate,Real Estate Services,PNK,33.47,27336,1198087552,0.671,32.35,34.84,1.6693,-3.37,-0.86,-43.23,-18.43,0.0,67.0,3,46.99,27.8,-28.77,0.0,,8,,20260805
FBAK,First National Bank Alaska,Financial Services,Banks - Regional,OQX,330.0,242,1045072064,7.2697,322.04,302.64,1.0953,-8.41,-2.17,12.74,2.24,0.0,60.0,2,343.0,257.01,-3.79,0.0,,8,,20260805
AKTS,"Aktis Oncology, Inc.",Healthcare,Biotechnology,NASDAQ,22.65,354934,1252034176,1.701,24.08,22.65,-0.8399,9.88,-3.86,-10.38,-3.03,0.0,60.0,3,34.19,14.72,-33.75,0.0,,8,,20260805
ASA,ASA Gold and Precious Metals Limited,Financial Services,Asset Management,NYSE,54.72,92931,1028076992,2.2017,54.58,59.73,0.0656,-19.08,-30.89,46.52,3.03,0.0,50.75,3,83.2,32.91,-34.23,0.0,,8,,20260805
ARAFF,Arafura Rare Earths Limited,Basic Materials,Other Industrial Metals & Mining,PNK,0.13,378932,812499584,0.0193,0.17,0.19,-1.855,-53.11,-33.53,-11.81,-29.74,0.0,7.5,4,0.37,0.1,-63.84,0.0,,8,,20260805
SBR,Sabine Royalty Trust,Energy,Oil & Gas Midstream,NYSE,70.75,36737,1031488640,1.5099,73.49,71.47,-1.8132,-13.99,-9.25,-8.87,-10.29,0.0,36.5,4,84.39,65.31,-16.16,0.0,,8,,20260805
FHNGY,The Foschini Group Limited,Consumer Cyclical,Department Stores,PNK,3.4,87,1072016896,0.0842,3.56,4.33,-1.8521,-26.3,-43.65,-71.64,-50.51,0.0,14.5,4,6.61,2.93,-48.56,0.0,,8,,20260805
EVLV,"Evolv Technologies Holdings, Inc.",Industrials,Security & Protection Services,NCM,5.99,2662416,1076530432,0.2385,5.89,6.26,0.3987,-23.85,-7.96,-38.42,-24.12,0.0,49.5,3,8.91,4.87,-32.83,0.0,,8,,20260805
NURPF,Neuren Pharmaceuticals Limited,Healthcare,Biotechnology,PNK,13.46,41,1706377728,0.0659,11.06,10.8,36.4684,45.21,-0.08,-1.02,10.87,0.0,75.0,2,14.8,7.7,-9.03,0.0,,8,,20260805
CNMD,CONMED Corporation,Healthcare,Medical Devices,NYSE,49.3,634329,1476596480,2.5509,38.22,39.99,4.3417,27.92,14.86,-30.78,-0.13,0.0,88.75,3,56.64,31.44,-12.96,0.0,,8,,20260805
HFWA,Heritage Financial Corporation,Financial Services,Banks - Regional,NASDAQ,30.01,341465,1227592704,0.7287,29.07,26.08,1.2955,3.37,1.92,15.41,7.68,0.0,88.75,2,31.25,21.32,-3.97,0.0,,8,,20260805
UTZ,"Utz Brands, Inc.",Consumer Defensive,Packaged Foods,NYSE,14.12,3614519,1250143360,0.3776,8.98,9.09,13.5987,78.64,29.18,-17.68,22.8,0.0,82.5,3,14.19,6.78,-0.49,0.0,,8,,20260805
CDNA,"CareDx, Inc.",Healthcare,Diagnostics & Research,NASDAQ,45.5,980413,2353907200,2.4278,29.86,21.43,6.4419,113.17,108.32,237.8,161.32,0.0,88.75,2,49.76,11.26,-8.56,0.0,,8,,20260805
ASTE,"Astec Industries, Inc.",Industrials,Farm & Heavy Construction Machinery,NASDAQ,45.04,213606,1035588096,2.8029,54.3,51.93,-3.3039,-34.61,-26.77,-8.2,-21.3,0.0,33.75,3,65.69,38.09,-31.44,0.0,,8,,20260805
BVHMF,Vistry Group PLC,Consumer Cyclical,Residential Construction,PNK,3.8,12621,1206847232,0.1123,3.49,6.31,2.7873,-22.86,-70.39,-76.0,-60.75,0.0,31.25,3,10.39,2.98,-63.43,0.0,,8,,20260805
HQH,Abrdn Healthcare Investors,Financial Services,Asset Management,NYSE,22.6,203560,1292544512,0.4658,20.75,18.75,3.9726,10.21,12.26,37.62,21.89,0.0,87.5,2,22.86,15.51,-1.14,0.0,,8,,20260805
CPPKF,Faraday Copper Corp.,Basic Materials,Copper,OQX,4.3,83021,1256765696,0.2766,4.07,2.93,0.8173,29.44,67.68,405.59,193.29,0.0,85.0,2,4.83,0.79,-10.88,0.0,,8,,20260805
LIFE,Ethos Technologies Inc.,Financial Services,Insurance Brokers,NASDAQ,27.72,598196,2635438080,2.033,18.79,27.72,4.3921,25.05,105.52,53.01,64.4,0.0,67.5,3,32.5,9.45,-14.71,0.0,,8,,20260805
DEC,Diversified Energy Company,Energy,Oil & Gas Integrated,NYSE,13.09,1001296,904369664,0.4803,13.55,13.95,-0.9482,-25.02,-7.15,-25.46,-18.94,0.0,32.75,4,18.9,12.33,-30.74,0.0,,8,,20260805
HTLD,"Heartland Express, Inc.",Industrials,Trucking,NASDAQ,12.55,643722,972495680,0.5458,14.79,11.34,-4.0977,-8.22,1.42,40.97,14.83,0.0,58.75,3,16.64,7.0,-24.58,0.0,,8,,20260805
MEQYF,Mainstreet Equity Corp.,Real Estate,Real Estate Services,PNK,130.0,400,1207650304,0.6361,120.51,128.14,14.9141,-8.47,-10.65,-29.79,-17.76,0.0,50.0,3,146.61,118.0,-11.33,0.0,,8,,20260805
CIMN,Chimera Investment Corporation ,Unknown,Unknown,NYSE,24.99,7375,0,0.0957,24.76,24.12,2.4383,-5.34,-8.79,-14.03,-10.02,0.0,87.5,2,25.76,24.37,-2.99,0.0,,8,,20260805
CIM,Chimera Investment Corporation,Real Estate,REIT - Mortgage,NYSE,11.85,680463,991205312,0.3153,12.88,12.3,-3.2707,-16.8,-9.94,-24.91,-17.64,0.0,22.0,4,14.88,11.47,-20.36,0.0,,8,,20260805
TDAY,"USA TODAY Co., Inc.",Communication Services,Publishing,NYSE,8.66,1568765,1273950592,0.355,8.28,6.56,1.0681,13.65,37.34,84.36,50.22,0.0,90.0,2,9.21,3.42,-5.97,0.0,,8,,20260805
REAL,"The RealReal, Inc.",Consumer Cyclical,Luxury Goods,NASDAQ,12.65,3409101,1524169728,0.6295,11.06,12.16,2.5247,-7.18,-24.93,95.92,27.85,0.0,90.0,3,17.39,5.42,-27.27,0.0,,8,,20260805
DYLLF,Deep Yellow Limited,Energy,Uranium,OQX,0.95,47640,925219328,0.099,0.99,1.25,-0.3599,-34.85,-59.65,-23.29,-38.91,0.0,23.25,4,2.1,0.0,-54.76,0.0,,8,,20260805
FLTCF,Filtronic plc,Technology,Communication Equipment,PNK,3.17,567419,698318144,0.3053,4.06,3.03,-2.8996,-54.13,10.61,39.93,6.15,0.0,46.25,3,8.5,1.59,-62.65,0.0,,8,,20260805
SVC,Service Properties Trust,Real Estate,REIT - Hotel & Motel,NASDAQ,7.88,1866982,1020696384,0.35,8.39,9.04,-1.4633,-3.7,-34.4,-62.09,-37.8,0.0,36.25,4,15.05,5.65,-47.64,0.0,,8,,20260805
COLL,"Collegium Pharmaceutical, Inc.",Healthcare,Drug Manufacturers - Specialty & Generic,NASDAQ,35.74,424967,1159183360,1.3226,34.88,39.37,0.6469,-5.44,-37.01,-8.36,-17.66,0.0,77.0,3,50.79,29.7,-29.63,0.0,,8,,20260805
LNZNF,Lenzing Aktiengesellschaft,Consumer Cyclical,Textile Manufacturing,PNK,28.01,6,1148233600,0.0173,28.41,28.16,-22.9022,-3.19,-24.55,-21.51,-17.99,0.0,49.0,4,32.21,24.33,-13.04,0.0,,8,,20260805
CBLNY,Mersen S.A.,Industrials,Electrical Equipment & Parts,PNK,8.2,160,996484352,0.0709,8.9,6.57,-9.8637,4.63,27.48,58.83,34.31,0.0,50.0,3,11.25,5.05,-27.11,0.0,,8,,20260805
RJET,Republic Airways Holdings Inc.,Industrials,Airlines,NASDAQ,21.62,176460,1012237632,1.3174,19.1,19.57,1.9132,1.63,8.41,11.39,7.91,0.0,60.0,3,26.7,15.37,-19.03,0.0,,8,,20260805
SMGRF,Summerset Group Holdings Limited,Healthcare,Medical Care Facilities,PNK,4.72,53,1145173504,0.0057,4.67,6.02,8.2845,-12.53,-45.24,-71.86,-47.71,0.0,25.0,3,9.45,4.52,-50.05,0.0,,8,,20260805
DEA,"Easterly Government Properties, Inc.",Real Estate,REIT - Office,NYSE,25.04,402101,1227105536,0.5677,24.54,22.47,0.874,3.19,-0.62,-1.54,-0.04,0.0,83.75,2,25.96,20.56,-3.54,0.0,,8,,20260805
ROCK,"Gibraltar Industries, Inc.",Industrials,Building Products & Equipment,NASDAQ,54.86,375159,1627252992,2.6043,42.2,46.83,4.8606,36.57,-6.1,-38.17,-8.26,0.0,90.0,3,75.08,33.56,-26.93,0.0,,8,,20260805
AIAI,AIAI Holdings Corporation,Industrials,Conglomerates,NASDAQ,4.18,329694,293912480,1.1128,11.32,4.18,-6.4179,-75.45,-75.45,-75.45,-75.45,0.0,44.5,3,19.57,3.82,-78.64,0.0,,8,,20260805
JNDOF,JINS HOLDINGS Inc.,Healthcare,Medical Instruments & Supplies,PNK,38.43,3,897164160,0.2156,44.23,29.22,-26.9104,61.22,57.42,45.73,53.69,0.0,50.0,3,47.22,22.75,-18.61,0.0,,8,,20260805
ORRAF,Orora Limited,Consumer Cyclical,Packaging & Containers,PNK,1.0,13,1225342848,0.0043,0.92,1.19,18.6348,-31.37,-33.01,-33.63,-32.85,0.0,25.0,3,1.46,0.9,-31.51,0.0,,8,,20260805
PZZA,"Papa John's International, Inc.",Consumer Cyclical,Restaurants,NASDAQ,29.75,1126634,978834944,1.387,33.12,36.03,-2.432,-20.02,-22.23,-45.46,-30.97,0.0,6.25,4,55.74,29.55,-46.63,0.0,,8,,20260805
CEVA,"CEVA, Inc.",Technology,Semiconductors,NASDAQ,34.24,874655,953904832,3.1668,42.03,28.38,-2.4589,-5.09,53.18,34.98,31.33,0.0,60.0,3,51.6,17.02,-33.64,0.0,,8,,20260805
PHGPY,Pets at Home Group Plc,Consumer Cyclical,Specialty Retail,PNK,9.96,170,1093182080,0.0193,10.04,10.41,-3.8951,-17.66,-22.41,-20.98,-20.65,0.0,24.0,4,11.28,9.56,-11.7,0.0,,8,,20260805
AOD,Abrdn Total Dynamic Dividend Fund,Financial Services,Asset Management,NYSE,10.61,410734,1118787328,0.1331,10.27,9.53,2.5738,0.1,1.05,11.83,5.12,0.0,87.5,2,10.77,8.76,-1.49,0.0,,8,,20260805
ASM,Avino Silver & Gold Mines Ltd.,Basic Materials,Other Precious Metals & Mining,NYSE,6.48,3968178,1135756288,0.4157,6.16,6.65,0.7626,-2.45,-51.39,68.97,8.99,0.0,49.5,3,11.99,3.47,-45.95,0.0,,8,,20260805
SVAUF,StorageVault Canada Inc.,Real Estate,Real Estate Services,PNK,3.45,13831,1260762624,0.0214,3.31,3.4,6.6321,1.82,-17.18,-23.3,-14.88,0.0,80.0,3,3.78,3.0,-8.78,0.0,,8,,20260805
CFPZF,Canfor Corporation,Basic Materials,Lumber & Wood Production,PNK,11.19,18829,1314851840,0.3058,9.9,9.46,4.2141,22.88,-9.57,-12.85,-2.77,0.0,82.5,2,11.83,7.83,-5.41,0.0,,8,,20260805
JBIO,"Jade Biosciences, Inc.",Healthcare,Biotechnology,NCM,21.7,1054339,1320659328,1.5684,19.74,16.68,1.2505,-20.73,15.19,174.35,69.88,0.0,62.5,2,28.0,6.67,-22.5,0.0,,8,,20260805
GRRMY,Gerresheimer AG,Healthcare,Medical Instruments & Supplies,PNK,8.1,56,1119786752,0.0611,7.5,7.11,9.8797,2.52,-4.99,-65.49,-27.31,0.0,76.25,2,13.2,4.71,-38.58,0.0,,8,,20260805
FPF,First Trust Intermediate Duration Preferred & Income Fund,Financial Services,Asset Management,NYSE,17.6,95067,1070921792,0.17,17.72,17.69,-0.7185,-8.0,-14.35,-21.16,-15.48,0.0,36.5,4,19.75,17.21,-10.89,0.0,,8,,20260805
VULNF,Vulcan Energy Resources Limited,Basic Materials,Other Industrial Metals & Mining,PNK,1.85,1167,887676352,0.0779,2.22,2.82,-4.6715,-32.53,-46.99,-49.2,-44.26,0.0,3.75,4,5.43,1.76,-65.85,0.0,,8,,20260805
UVSP,Univest Financial Corporation,Financial Services,Banks - Regional,NASDAQ,44.28,232201,1221276416,0.919,42.84,36.0,1.5693,8.2,14.76,35.55,21.43,0.0,85.0,2,45.46,27.96,-2.6,0.0,,8,,20260805
DBVT,DBV Technologies S.A.,Healthcare,Biotechnology,NCM,14.24,281640,842835328,0.8078,15.9,18.2,-2.0568,-33.57,-48.94,38.32,-10.19,0.0,11.25,4,26.18,8.7,-45.62,0.0,,8,,20260805
IRCUF,Irish Continental Group plc,Industrials,Marine Shipping,PNK,8.84,11242,1312147584,0.1205,7.43,7.32,11.7072,8.61,6.68,9.52,8.3,0.0,75.0,2,8.84,6.31,0.0,0.0,,8,,20260805
FINV,FinVolution Group,Financial Services,Credit Services,NYSE,4.89,773772,1154499584,0.1394,4.87,5.01,0.1134,-10.75,-8.64,-60.89,-30.07,0.0,50.75,3,9.72,4.35,-49.72,0.0,,8,,20260805
LZ,"LegalZoom.com, Inc.",Industrials,Specialty Business Services,NASDAQ,8.1,2833196,1390346880,0.4104,6.76,7.73,3.2534,14.08,-1.65,-30.85,-9.4,0.0,90.0,3,12.4,5.22,-34.68,0.0,,8,,20260805
INDI,"indie Semiconductor, Inc.",Technology,Semiconductors,NCM,3.39,5860470,716268352,0.309,4.08,3.92,-2.2284,-33.1,-24.64,-34.34,-30.63,0.0,8.75,4,6.05,2.32,-43.97,0.0,,8,,20260805
GRRMF,Gerresheimer AG,Healthcare,Medical Instruments & Supplies,PNK,31.68,33,1094227200,0.2427,31.92,37.97,-1.0084,46.11,-50.44,-62.2,-31.01,0.0,37.0,4,51.41,19.16,-38.38,0.0,,8,,20260805
MMI,"Marcus & Millichap, Inc.",Real Estate,Real Estate Services,NYSE,31.24,212344,1181553280,0.9027,30.34,28.2,0.9999,2.33,13.43,-21.5,-3.31,0.0,86.25,2,33.62,24.43,-7.08,0.0,,8,,20260805
AORT,"Artivion, Inc.",Healthcare,Medical Devices,NYSE,26.17,830572,1270379520,1.1202,23.34,35.66,2.5235,-33.76,-49.37,-41.69,-42.39,0.0,38.75,3,48.25,19.16,-45.76,0.0,,8,,20260805
LNRCF,LUNR ROYALTIES CORP,Unknown,Unknown,PNK,13.25,27209,0,1.6176,14.18,13.25,-0.5747,-24.33,-17.59,26.63,-1.59,0.0,36.25,3,27.0,9.45,-50.93,0.0,,8,,20260805
SHAZ,SharonAI Holdings Inc.,Technology,Information Technology Services,NCM,57.02,1524227,2049290112,8.9316,70.3,57.02,-1.4871,21.94,67.11,67.11,55.82,0.0,60.0,3,97.48,16.55,-41.51,0.0,,8,,20260805
UVE,"Universal Insurance Holdings, Inc.",Financial Services,Insurance - Property & Casualty,NYSE,44.21,211044,1230380032,1.4804,39.79,34.86,2.9862,5.38,31.06,70.41,40.38,0.0,91.25,2,45.15,22.87,-2.08,0.0,,8,,20260805
MRCHF,"H.U. Group Holdings, Inc.",Healthcare,Diagnostics & Research,PNK,20.38,72,1120836352,0.1443,20.23,21.25,1.0477,-4.51,-8.99,-34.29,-17.99,0.0,63.25,3,28.06,18.6,-27.37,0.0,,8,,20260805
UPWK,Upwork Inc.,Communication Services,Internet Content & Information,NASDAQ,9.59,3978670,1184538880,0.431,8.83,13.71,1.7734,-13.62,-59.69,-43.66,-41.76,0.0,40.0,3,22.84,7.44,-58.01,0.0,,8,,20260805
DLX,Deluxe Corporation,Industrials,Conglomerates,NYSE,26.62,462519,1218771712,0.8165,24.55,24.22,2.5396,-19.25,-12.62,53.09,12.01,0.0,65.0,2,32.07,15.87,-16.99,0.0,,8,,20260805
IGIC,International General Insurance Holdings Ltd.,Financial Services,Insurance - Diversified,NCM,27.05,79770,1153796096,0.8219,26.59,24.32,0.5561,1.38,1.83,-1.27,0.48,0.0,86.25,2,29.59,20.82,-8.57,0.0,,8,,20260805
OSBC,"Old Second Bancorp, Inc.",Financial Services,Banks - Regional,NASDAQ,25.89,403073,1318809600,0.5094,22.94,20.56,5.7926,17.23,14.72,32.89,22.62,0.0,90.0,2,25.95,16.54,-0.23,0.0,,8,,20260805
EYPT,"EyePoint, Inc.",Healthcare,Biotechnology,NASDAQ,12.25,1298862,1027055872,0.901,13.1,14.09,-0.941,-17.54,-16.53,-1.54,-10.79,0.0,10.0,4,19.11,9.51,-35.9,0.0,,8,,20260805
GPRE,Green Plains Inc.,Basic Materials,Chemicals,NASDAQ,16.49,1509688,1154797568,0.8617,15.99,13.79,0.5751,-16.28,21.61,95.39,41.65,0.0,87.5,2,19.65,7.08,-16.08,0.0,,8,,20260805
TGONF,Tetragon Financial Group Limited,Unknown,Unknown,PNK,14.0,4631,1177400064,0.0753,12.97,15.16,13.6775,-3.23,-19.82,-35.54,-21.96,0.0,62.0,3,19.62,11.97,-28.64,0.0,,8,,20260805
DGIPF,DigiPlus Interactive Corp.,Unknown,Unknown,PNK,0.17,20437,0,0.0215,0.18,0.17,-0.3102,-37.71,-36.08,-95.53,-60.27,0.0,49.5,3,0.81,0.14,-78.49,0.0,,8,,20260805
NWPX,"NWPX Infrastructure, Inc.",Basic Materials,Steel,NASDAQ,124.24,195352,1197277824,6.8981,131.5,87.89,-1.0537,4.88,66.63,178.52,95.95,0.0,60.0,3,152.03,41.57,-18.28,0.0,,8,,20260805
TSHTY,Toshiba Tec Corporation,Technology,Computer Hardware,PNK,9.7,569,1027959488,0.1902,9.58,9.26,0.6138,5.38,4.05,-24.75,-7.14,0.0,76.25,2,12.59,8.01,-22.95,0.0,,8,,20260805
EVV,Eaton Vance Limited Duration Income Fund,Financial Services,Asset Management,NYSE,9.2,403568,1069071744,0.0781,9.19,9.3,0.0905,-6.91,-15.17,-24.03,-16.65,0.0,68.25,3,10.41,8.97,-11.62,0.0,,8,,20260805
EVO,Evotec SE,Healthcare,Drug Manufacturers - Specialty & Generic,NASDAQ,1.98,52362,703670464,0.0837,2.51,3.02,-6.3416,-44.76,-59.99,-72.28,-61.1,0.0,5.0,4,4.27,1.9,-53.63,0.0,,8,,20260805
SMSSY,"SMS Co., Ltd.",Healthcare,Health Information Services,PNK,7.23,31,1428675456,0.0671,6.85,5.49,5.7118,32.31,47.42,-9.46,20.89,0.0,75.0,2,7.96,4.42,-9.15,0.0,,8,,20260805
OCFC,OceanFirst Financial Corp.,Financial Services,Banks - Regional,NASDAQ,19.87,990272,1955529856,0.4328,18.99,18.53,2.0373,-2.33,-9.41,2.44,-2.9,0.0,88.75,2,20.61,16.29,-3.59,0.0,,8,,20260805
ELE,Elemental Royalty Corporation,Basic Materials,Other Precious Metals & Mining,NCM,17.8,413190,1146017920,0.9169,16.1,17.53,1.8543,-1.73,-28.48,-2.61,-11.44,0.0,65.0,3,26.96,12.58,-33.98,0.0,,8,,20260805
ALNT,Allient Inc.,Technology,Electronic Components,NASDAQ,93.25,288854,1584924800,5.5039,89.05,68.04,0.7632,12.99,33.61,112.32,59.94,0.0,83.75,2,104.65,38.24,-10.89,0.0,,8,,20260805
TMVWF,TeamViewer SE,Technology,Software - Application,PNK,7.65,24,1200791168,0.0176,7.37,6.72,16.1073,17.73,4.4,-49.7,-13.91,0.0,75.0,2,11.14,5.17,-31.33,0.0,,8,,20260805
BNGRF,Savencia SA,Consumer Defensive,Packaged Foods,PNK,82.35,3,1062776704,0.0287,81.65,70.05,24.4577,9.44,5.63,32.02,17.14,0.0,75.0,2,82.35,52.3,-0.0,0.0,,8,,20260805
PXED,"Phoenix Education Partners, Inc.",Consumer Defensive,Education & Training Services,NYSE,30.21,114749,1088991232,1.4609,30.87,30.46,-0.4541,-5.09,-8.67,-34.74,-18.2,0.0,61.5,1,47.08,23.52,-35.83,0.0,,8,,20260805
LQDT,"Liquidity Services, Inc.",Consumer Cyclical,Internet Retail,NASDAQ,37.54,193836,1170543488,1.2645,38.06,32.39,-0.4123,-5.42,6.94,31.36,13.62,0.0,73.25,3,41.28,21.67,-9.06,0.0,,8,,20260805
SMPL,The Simply Good Foods Company,Consumer Defensive,Packaged Foods,NCM,11.18,2449906,988772736,0.6409,11.94,15.75,-1.1846,-19.15,-46.78,-86.85,-55.9,0.0,7.5,4,30.36,9.88,-63.18,0.0,,8,,20260805
AMN,"AMN Healthcare Services, Inc.",Healthcare,Medical Care Facilities,NYSE,32.8,1071822,1272182528,1.6515,32.09,22.52,0.4298,47.5,47.46,64.87,54.43,0.0,87.5,2,36.27,14.87,-9.57,0.0,,8,,20260805
MGAWY,Megaworld Corporation,Real Estate,Real Estate - Development,PNK,7.32,319,1186933632,0.0467,6.56,6.88,16.2838,-1.62,-18.85,-24.47,-16.79,0.0,50.0,3,7.93,6.16,-7.69,0.0,,8,,20260805
KRNGY,Karoon Energy Ltd,Energy,Oil & Gas E&P,PNK,2.41,36,851159040,0.0358,2.28,2.12,3.6371,-16.02,24.11,-15.32,-1.69,0.0,51.25,3,2.86,1.76,-15.61,0.0,,8,,20260805
ABR,"Arbor Realty Trust, Inc.",Real Estate,REIT - Mortgage,NYSE,5.17,4811747,1048105088,0.1979,5.18,7.09,-0.0717,-40.09,-39.92,-71.92,-52.76,0.0,23.25,4,12.58,4.73,-58.9,0.0,,8,,20260805
LGIH,"LGI Homes, Inc.",Consumer Cyclical,Residential Construction,NASDAQ,61.48,376919,1428320512,3.2004,56.44,49.17,1.5743,27.75,1.91,-10.8,3.29,0.0,87.5,2,69.5,33.55,-11.54,0.0,,8,,20260805
MNXBF,"Monex Group, Inc.",Financial Services,Capital Markets,PNK,4.04,105,1015509248,0.023,4.14,-5.15,-4.4899,-12.43,-144.9,-105.76,-96.13,0.0,38.25,3,6.15,3.85,-34.31,0.0,,8,,20260805
LSDAF,Lassonde Industries Inc.,Consumer Defensive,Beverages - Non-Alcoholic,PNK,157.01,21,1071035264,0.416,156.49,157.54,1.23,-12.86,-12.24,-23.78,-17.01,0.0,37.0,3,168.47,113.91,-6.8,0.0,,8,,20260805
MDEVY,Melco International Development Limited,Consumer Cyclical,Resorts & Casinos,PNK,2.14,23,973662656,0.0205,2.31,2.73,-8.3969,-33.52,-40.73,-54.35,-44.37,0.0,0.0,4,3.57,2.14,-40.06,0.0,,8,,20260805
XERS,"Xeris Biopharma Holdings, Inc.",Healthcare,Drug Manufacturers - Specialty & Generic,NASDAQ,8.11,1909127,1400126976,0.3071,7.57,7.07,1.7641,23.54,-1.74,22.55,14.3,0.0,86.25,2,10.08,5.25,-19.54,0.0,,8,,20260805
HYLN,Hyliion Holdings Corp.,Consumer Cyclical,Auto Parts,NYSE,3.94,5004555,702609280,0.4517,5.27,2.9,-2.9339,63.93,71.02,141.12,97.29,0.0,60.0,3,8.49,1.47,-53.59,0.0,,8,,20260805
BOPCF,BioPharma Credit PLC,Unknown,Unknown,PNK,0.99,352971,905384737,0.044,0.99,0.99,0.0,-40.59,-40.59,-40.59,-40.59,0.0,63.25,3,1.02,0.85,-2.91,0.0,,8,,20260805
SAFT,"Safety Insurance Group, Inc.",Financial Services,Insurance - Property & Casualty,NASDAQ,103.5,198572,1519429888,2.2436,78.24,74.66,11.2607,34.35,21.65,32.0,28.97,0.0,87.5,2,103.63,67.04,-0.13,0.0,,8,,20260805
FMBL,Farmers & Merchants Bank of Long Beach,Financial Services,Banks - Regional,OQX,9750.0,95,1178911488,95.0575,9062.14,8400.06,7.2362,9.1,4.47,48.99,23.44,0.0,88.75,2,9804.98,5660.0,-0.56,0.0,,8,,20260805
HMH,HMH Holding Inc.,Energy,Oil & Gas Equipment & Services,NASDAQ,20.62,286936,249724128,1.1754,20.05,20.62,0.4844,-13.33,-10.83,-10.83,-11.46,0.0,62.5,3,24.5,16.32,-15.84,0.0,,8,,20260805
SAEYY,Redcare Pharmacy NV,Healthcare,Pharmaceutical Retailers,PNK,7.55,51,1518422272,0.0224,6.74,6.92,36.3085,17.49,-4.2,-59.13,-20.75,0.0,75.0,3,11.97,3.59,-36.93,0.0,,8,,20260805
LPTH,"LightPath Technologies, Inc.",Technology,Electronic Components,NCM,11.99,3638685,752844992,1.2177,13.52,11.37,-1.2533,-7.54,-2.13,241.12,93.82,0.0,33.75,3,18.94,3.36,-36.69,0.0,,8,,20260805
GTM,ZoomInfo Technologies Inc.,Technology,Software - Application,NASDAQ,3.66,12025963,1078668032,0.2178,3.05,6.7,2.8239,-50.84,-59.34,-88.95,-69.06,0.0,40.0,3,12.51,2.54,-70.74,0.0,,8,,20260805
IVA,Inventiva S.A.,Healthcare,Biotechnology,NASDAQ,4.72,986300,1114961408,0.2583,4.21,5.06,1.9591,-19.55,-35.98,19.24,-9.78,0.0,55.75,3,7.98,3.3,-40.87,0.0,,8,,20260805
EVEX,"Eve Holding, Inc.",Industrials,Aerospace & Defense,NYSE,2.66,1106508,926973696,0.1976,2.66,3.37,-0.0132,-7.75,-41.11,-83.19,-49.6,0.0,23.25,4,6.47,2.1,-58.89,0.0,,8,,20260805
CCB,Coastal Financial Corporation,Financial Services,Banks - Regional,NASDAQ,44.15,190036,674642432,4.3888,71.15,88.03,-6.1509,-47.56,-62.9,-76.77,-64.61,0.0,11.25,4,120.05,36.61,-63.22,0.0,,8,,20260805
DPZUF,Domino's Pizza Enterprises Limited,Consumer Cyclical,Restaurants,PNK,13.0,131,1231709184,0.1112,11.88,12.85,10.0522,-4.12,-19.49,-7.95,-11.03,0.0,51.25,3,15.6,8.27,-16.67,0.0,,8,,20260805
CRVS,"Corvus Pharmaceuticals, Inc.",Healthcare,Biotechnology,NASDAQ,13.93,1438916,1171379584,0.7252,13.33,13.06,0.8329,-17.91,-46.96,199.89,59.04,0.0,62.5,2,26.95,4.05,-48.31,0.0,,8,,20260805
PGY,Pagaya Technologies Ltd.,Technology,Software - Infrastructure,NCM,21.8,3977609,1818683264,1.3303,16.63,17.86,3.8868,42.99,5.48,-55.63,-9.59,0.0,83.75,3,44.99,10.4,-51.54,0.0,,8,,20260805
FUBO,FuboTV Inc.,Communication Services,Broadcasting,NYSE,10.66,1438059,313870464,0.749,9.57,20.53,1.4566,-20.66,-62.04,-100.88,-67.23,0.0,36.25,3,56.64,7.95,-81.18,0.0,,8,,20260805
TNLIY,Trainline plc,Consumer Cyclical,Travel Services,PNK,5.87,3,1009106432,0.0005,5.87,6.26,0.0,-14.13,-18.89,-37.19,-25.02,0.0,37.0,3,6.81,5.87,-13.8,0.0,,8,,20260805
MLKN,"MillerKnoll, Inc.",Consumer Cyclical,"Furnishings, Fixtures & Appliances",NASDAQ,23.99,839657,1634276480,0.9231,19.05,17.64,5.3546,46.66,5.55,4.44,15.39,0.0,91.25,2,24.4,13.77,-1.68,0.0,,8,,20260805
IQ,"iQIYI, Inc.",Communication Services,Entertainment,NASDAQ,1.29,6568968,1244881792,0.0626,1.12,1.58,2.7048,0.87,-46.42,-53.21,-37.31,0.0,65.0,3,2.84,0.95,-54.58,0.0,,8,,20260805
BJCHY,Beijing Capital International Airport Company Limited,Industrials,Airports & Air Services,PNK,0.97,247,888360704,0.0047,0.97,1.34,-0.2021,-15.32,-53.77,-59.0,-46.25,0.0,12.0,4,2.18,0.89,-55.5,0.0,,8,,20260805
GHM,Graham Corporation,Industrials,Specialty Industrial Machinery,NYSE,104.47,272060,1219459840,6.492,106.53,83.67,-0.3173,0.1,24.88,58.59,32.17,0.0,73.25,3,125.82,46.58,-16.97,0.0,,8,,20260805
SAFE,Safehold Inc.,Real Estate,REIT - Diversified,NYSE,16.19,341544,1146515584,0.5009,15.83,14.61,0.7149,5.33,5.3,-3.22,1.9,0.0,87.5,2,17.45,12.76,-7.22,0.0,,8,,20260805
HSLV,Highlander Silver Corp.,Basic Materials,Silver,NYSE,4.86,435916,988637888,0.3045,4.68,4.86,0.5833,-17.13,-41.23,-41.23,-35.21,0.0,60.0,3,6.97,3.88,-30.27,0.0,,8,,20260805
RZLV,Rezolve AI PLC,Technology,Software - Infrastructure,NASDAQ,2.71,14524706,1080822784,0.159,2.56,2.85,0.9241,4.43,-8.0,-35.61,-15.94,0.0,50.75,3,8.45,2.05,-67.93,0.0,,8,,20260805
MPZZF,MPC Container Ships ASA,Industrials,Marine Shipping,PNK,2.54,13424,1239698560,0.0714,2.53,2.13,0.1585,0.84,20.44,20.54,15.58,0.0,78.75,2,2.85,1.55,-10.88,0.0,,8,,20260805
MLXEF,Metals X Limited,Basic Materials,Other Industrial Metals & Mining,PNK,1.13,31846,1012469696,0.0683,1.02,0.86,1.6322,6.19,22.26,173.35,78.68,0.0,57.5,2,1.25,0.36,-9.2,0.0,,8,,20260805
PRCH,"Porch Group, Inc.",Financial Services,Insurance - Property & Casualty,NCM,15.76,1943240,1789072768,1.0097,12.64,10.15,3.0862,33.71,112.27,-0.76,47.42,0.0,87.5,2,19.44,6.36,-18.91,0.0,,8,,20260805
MHPSY,MHP SE,Consumer Defensive,Farm Products,PNK,7.75,42,829546112,0.0258,8.6,7.92,-32.9957,-24.89,-15.11,20.84,-3.17,0.0,12.0,4,9.98,5.3,-22.34,0.0,,8,,20260805
MNKD,MannKind Corporation,Healthcare,Biotechnology,NASDAQ,4.1,5950144,1266695680,0.2282,3.9,4.31,0.8947,36.72,-46.21,-18.72,-14.48,0.0,72.0,3,6.51,2.23,-37.02,0.0,,8,,20260805
HTROF,Hexatronic Group AB (publ),Technology,Communication Equipment,PNK,3.98,208,879151616,0.0921,4.58,3.25,-6.4693,-2.3,35.35,61.73,36.49,0.0,50.0,3,5.09,1.8,-21.82,0.0,,8,,20260805
ALVO,Alvotech,Healthcare,Drug Manufacturers - Specialty & Generic,NASDAQ,3.76,836862,1271706624,0.2364,3.58,4.39,0.7643,0.8,-40.06,-80.92,-46.19,0.0,62.5,3,9.25,2.94,-59.35,0.0,,8,,20260805
TMVWY,TeamViewer SE,Technology,Software - Application,PNK,3.64,1678,1144597504,0.047,3.19,3.14,9.5517,19.57,-2.52,-55.51,-18.19,0.0,78.75,2,5.69,2.4,-36.01,0.0,,8,,20260805
UPBD,"Upbound Group, Inc.",Technology,Software - Application,NASDAQ,20.12,978014,1172984064,0.9568,19.79,18.59,0.3408,3.07,-5.54,-20.55,-9.39,0.0,87.5,2,28.03,15.82,-28.22,0.0,,8,,20260805
ACVA,ACV Auctions Inc.,Consumer Cyclical,Auto & Truck Dealerships,NYSE,7.68,3487085,1340812032,0.4074,6.91,6.73,1.8968,35.59,-9.42,-67.66,-21.46,0.0,91.25,2,14.75,4.07,-47.93,0.0,,8,,20260805
BJCHF,Beijing Capital International Airport Company Limited,Industrials,Airports & Air Services,PNK,0.18,688,824252224,0.0015,0.19,0.29,-9.4889,-32.7,-56.96,-78.07,-59.34,0.0,0.0,4,0.41,0.18,-56.1,0.0,,8,,20260805
CHY,Calamos Convertible and High Income Fund,Financial Services,Asset Management,NASDAQ,12.93,202273,1038670976,0.2689,13.05,11.68,-0.446,-2.06,3.26,7.71,3.71,0.0,74.5,3,13.91,10.41,-7.05,0.0,,8,,20260805
OCSL,Oaktree Specialty Lending Corporation,Financial Services,Asset Management,NASDAQ,12.06,582383,1062311424,0.2663,11.81,11.8,0.9205,-4.59,-6.21,-22.22,-12.21,0.0,85.0,2,14.31,10.63,-15.72,0.0,,8,,20260805
BRBR,"BellRing Brands, Inc.",Consumer Defensive,Packaged Foods,NYSE,12.61,5413173,1466267904,0.9094,11.2,19.37,1.5525,11.99,-51.84,-99.81,-55.07,0.0,63.75,3,43.02,7.82,-70.69,0.0,,8,,20260805
GLDAF,GlobalData Plc,Industrials,Consulting Services,PNK,0.98,45,676137472,0.0081,1.22,1.33,-29.5539,-42.6,-53.03,-82.95,-62.39,0.0,0.0,4,2.45,0.98,-60.12,0.0,,8,,20260805
RXT,"Rackspace Technology, Inc.",Technology,Software - Infrastructure,NASDAQ,4.75,26174491,1206065920,0.5809,5.28,2.49,-0.9175,87.25,851.26,266.03,426.16,0.0,61.25,3,8.6,0.39,-44.77,0.0,,8,,20260805
HIVE,HIVE Digital Technologies Ltd.,Financial Services,Capital Markets,NCM,2.84,27594390,777133504,0.2817,3.6,3.14,-2.7104,-6.63,2.75,13.88,4.86,0.0,47.0,4,7.84,1.73,-63.78,0.0,,8,,20260805
CBLNF,Mersen S.A.,Industrials,Electrical Equipment & Parts,PNK,39.24,11,953708544,0.2167,41.62,32.47,-10.9863,28.78,24.03,43.04,32.82,0.0,50.0,3,42.47,24.09,-7.61,0.0,,8,,20260805
PURR,Hyperliquid Strategies Inc.,Financial Services,Capital Markets,NCM,6.82,14313662,1367844480,0.5242,8.02,6.82,-2.2858,-4.54,20.19,61.38,30.49,0.0,36.25,3,11.62,3.01,-41.31,0.0,,8,,20260805
JWLLF,Jamieson Wellness Inc.,Consumer Defensive,Packaged Foods,PNK,29.69,1919,1231599232,0.2152,27.69,25.41,9.2856,10.74,6.53,1.26,5.47,0.0,77.5,2,30.1,23.88,-1.36,0.0,,8,,20260805
HBT,"HBT Financial, Inc.",Financial Services,Banks - Regional,NASDAQ,36.11,158772,1313162240,0.8988,31.72,27.61,4.8827,24.35,17.49,27.9,23.37,0.0,92.5,2,36.83,22.36,-1.95,0.0,,8,,20260805
RSTCF,"RS Technologies Co., Ltd.",Technology,Semiconductors,PNK,38.17,180,1015179136,0.7328,43.59,38.17,-7.3896,-14.57,-14.57,-14.57,-14.57,0.0,37.0,3,51.17,38.17,-25.41,0.0,,8,,20260805
SVRA,Savara Inc.,Healthcare,Biotechnology,NASDAQ,5.51,1749483,1129149056,0.2699,5.57,5.44,-0.2164,-1.68,-14.88,91.08,30.8,0.0,69.5,3,7.0,2.43,-21.34,0.0,,8,,20260805
CMRF,"CIM Group, Inc.",Real Estate,REIT - Diversified,PNK,2.4,3438,1146487296,0.0572,2.2,2.4,3.4879,-1.71,12.98,219973.34,87993.45,0.0,75.0,3,3.6,0.0,-33.33,0.0,,8,,20260805
RERE,ATRenew Inc.,Consumer Cyclical,Internet Retail,NYSE,4.36,1129909,965700224,0.1897,4.09,4.72,1.4167,-7.77,-36.11,8.67,-11.11,0.0,49.5,3,6.47,3.39,-32.61,0.0,,8,,20260805
APYRF,Allied Properties Real Estate Investment Trust,Real Estate,REIT - Office,PNK,6.99,37901,1450944128,0.0928,7.11,8.13,-1.3393,-6.81,-42.29,-66.68,-43.18,0.0,40.75,4,15.91,6.46,-56.07,0.0,,8,,20260805
TNDM,"Tandem Diabetes Care, Inc.",Healthcare,Medical Devices,NASDAQ,19.59,2440972,1342484864,1.0545,16.8,19.09,2.6415,-5.76,-11.46,3.73,-3.96,0.0,93.75,3,29.65,9.98,-33.93,0.0,,8,,20260805
PDM,"Piedmont Realty Trust, Inc.",Real Estate,REIT - Office,NYSE,9.66,1079940,1208783104,0.2862,9.26,8.3,1.3983,8.23,2.9,3.46,4.46,0.0,88.75,2,10.13,6.32,-4.64,0.0,,8,,20260805
CWAFF,China Water Affairs Group Limited,Utilities,Utilities - Regulated Water,PNK,0.62,98,1012424704,0.0001,0.62,0.69,-4.3295,-16.53,-20.33,-41.77,-27.95,0.0,24.0,4,0.8,0.62,-22.5,0.0,,8,,20260805
CRON,Cronos Group Inc.,Healthcare,Drug Manufacturers - Specialty & Generic,NASDAQ,2.72,1155360,1016360768,0.0793,2.77,2.65,-0.5952,-3.21,-6.4,11.34,1.49,0.0,73.25,3,3.43,2.04,-20.7,0.0,,8,,20260805
PLOW,"Douglas Dynamics, Inc.",Consumer Cyclical,Auto Parts,NYSE,45.63,258745,1053005632,2.2585,46.25,40.14,-0.2743,-16.14,6.29,42.94,15.34,0.0,50.75,3,55.0,28.52,-17.04,0.0,,8,,20260805
TWFG,"TWFG, Inc.",Financial Services,Insurance Brokers,NASDAQ,27.82,210349,361579648,1.1247,23.61,23.22,3.7448,38.79,-2.19,-29.3,-2.78,0.0,87.5,2,31.07,16.56,-10.46,0.0,,8,,20260805
GNK,Genco Shipping & Trading Limited,Industrials,Marine Shipping,NYSE,25.57,333481,1114265216,0.8445,24.63,21.36,1.1143,-3.74,11.37,42.72,20.13,0.0,85.0,2,27.25,15.55,-6.17,0.0,,8,,20260805
MOGLF,Mongolian Mining Corporation,Basic Materials,Coking Coal,OQX,0.89,4396,910502272,0.0269,0.94,1.3,-1.6886,-35.35,-52.95,-36.44,-41.95,0.0,13.25,4,1.85,0.73,-51.89,0.0,,8,,20260805
CII,"BlackRock Enhanced Large Cap Core Fund, Inc.",Financial Services,Asset Management,NYSE,24.67,76895,1011064256,0.4728,24.77,22.72,-0.202,-3.38,-1.46,10.93,3.01,0.0,72.0,3,26.17,20.43,-5.73,0.0,,8,,20260805
WTBFA,W.T.B. Financial Corporation,Financial Services,Banks - Regional,OID,600.0,8,1471517952,9.6353,678.92,626.12,-8.1913,-24.61,-11.78,-15.46,-16.46,0.0,12.0,4,724.0,554.0,-17.13,0.0,,8,,20260805
WTBFB,W.T.B. Financial Corporation,Financial Services,Banks - Regional,OID,449.89,329,1134130048,4.7871,406.16,377.73,9.1355,8.38,1.3,26.1,12.99,0.0,92.5,2,449.89,307.61,0.0,0.0,,8,,20260805
ETW,Eaton Vance Tax-Managed Global Buy-Write Opportunities Fund,Financial Services,Asset Management,NYSE,9.67,240481,1050140608,0.1073,9.41,8.97,2.421,-1.59,-5.03,-1.62,-2.8,0.0,86.25,2,9.72,8.46,-0.51,0.0,,8,,20260805
SDTHF,Sdiptech AB (publ),Industrials,Conglomerates,PNK,25.91,4,984371072,0.0169,25.23,22.4,40.1917,15.96,7.95,-3.37,5.42,0.0,75.0,2,26.67,21.02,-2.85,0.0,,8,,20260805
AAXBF,AirAsia Group Berhad,Unknown,Unknown,PNK,0.25,2886,0,0.058,0.25,0.25,0.0,-49.24,-49.24,-49.24,-49.24,0.0,64.5,3,0.5,0.25,-50.0,0.0,,8,,20260805
CHI,Calamos Convertible Opportunities and Income Fund,Financial Services,Asset Management,NASDAQ,12.89,176059,1040310464,0.2748,12.79,11.3,0.3808,0.53,7.36,14.51,8.51,0.0,87.5,2,13.5,10.1,-4.52,0.0,,8,,20260805
ODC,Oil-Dri Corporation of America,Basic Materials,Specialty Chemicals,NYSE,97.92,109188,1417882240,3.8172,94.82,69.7,0.811,24.79,46.9,50.58,42.85,0.0,86.25,2,107.0,45.61,-8.49,0.0,,8,,20260805
THRM,Gentherm Incorporated,Consumer Cyclical,Auto Parts,NASDAQ,41.67,399563,1279485952,2.1124,37.0,34.18,2.2126,30.26,20.77,5.46,17.02,0.0,87.5,2,48.35,27.0,-13.82,0.0,,8,,20260805
COGNY,Cogna Educação S.A.,Consumer Defensive,Education & Training Services,PNK,0.42,2439,830710272,0.0217,0.44,0.58,-0.9698,-33.44,-54.29,-34.55,-41.18,0.0,13.25,4,0.89,0.4,-53.36,0.0,,8,,20260805
OXBDF,Oxford Biomedica plc,Healthcare,Biotechnology,PNK,7.34,1313,888412096,0.1085,8.02,8.72,-6.2456,-16.52,-47.52,-8.0,-23.96,0.0,0.0,4,12.61,6.08,-41.79,0.0,,8,,20260805
GLGDF,GoGold Resources Inc.,Basic Materials,Other Precious Metals & Mining,OQX,2.42,431347,1048951424,0.1417,2.26,2.16,1.1096,16.21,-13.46,36.95,14.12,0.0,60.0,2,3.04,1.53,-20.39,0.0,,8,,20260805
VOBIF,Vobile Group Limited,Technology,Software - Application,OQX,0.26,135,662680448,0.0016,0.32,0.5,-39.1271,-51.84,-67.11,-70.72,-64.74,0.0,0.0,4,0.85,0.26,-69.44,0.0,,8,,20260805
SBGI,"Sinclair, Inc.",Communication Services,Broadcasting,NASDAQ,13.91,496980,1003823232,0.5104,14.02,14.23,-0.2171,-10.79,-6.99,-18.86,-12.69,0.0,32.75,4,17.88,11.89,-22.2,0.0,,8,,20260805
GLIBK,Liberty Capital Corporation,Communication Services,Telecom Services,NASDAQ,23.49,894709,937368256,1.0299,21.94,32.08,1.507,-35.67,-50.69,-52.3,-47.58,0.0,38.75,3,41.17,19.3,-42.95,0.0,,8,,20260805
GLIBA,Liberty Capital Corporation,Communication Services,Telecom Services,NASDAQ,24.17,104086,964503680,1.0047,22.19,32.22,1.9711,-34.74,-49.83,-50.53,-46.34,0.0,36.25,3,41.87,19.61,-42.27,0.0,,8,,20260805
KURA,"Kura Oncology, Inc.",Healthcare,Biotechnology,NASDAQ,9.2,1769719,816724160,0.5232,10.11,9.63,-1.73,-7.6,-0.45,22.26,6.85,0.0,47.0,3,12.49,5.45,-26.34,0.0,,8,,20260805
LTGHY,Life Healthcare Group Holdings Limited,Healthcare,Medical Care Facilities,PNK,2.88,52311,1030340992,0.1172,2.55,2.67,2.8076,-6.06,-8.29,-22.05,-13.24,0.0,66.25,3,3.36,2.24,-14.29,0.0,,8,,20260805
GSBD,"Goldman Sachs BDC, Inc.",Financial Services,Asset Management,NYSE,8.83,1048201,993984832,0.2192,8.88,8.8,-0.2395,-16.41,-9.01,-30.15,-19.31,0.0,48.25,3,11.62,8.36,-24.01,0.0,,8,,20260805
HNTIF,Hunting PLC,Energy,Oil & Gas Equipment & Services,PNK,6.36,362,926419776,0.036,6.18,5.87,5.0099,-10.16,6.27,15.89,6.01,0.0,50.0,2,7.5,4.18,-15.2,0.0,,8,,20260805
OPY,Oppenheimer Holdings Inc.,Financial Services,Capital Markets,NYSE,115.92,109155,1241271936,4.9626,106.87,88.83,1.8241,10.27,22.2,35.79,24.65,0.0,87.5,2,123.24,63.81,-5.94,0.0,,8,,20260805
RNP,"Cohen & Steers REIT and Preferred Income Fund, Inc.",Financial Services,Asset Management,NYSE,20.6,108765,988801664,0.2537,20.45,20.02,0.583,-6.64,-6.97,-22.25,-13.0,0.0,68.25,3,22.58,19.27,-8.77,0.0,,8,,20260805
EXMRF,Exmar NV,Energy,Oil & Gas Equipment & Services,PNK,12.5,1,993952512,0.0021,12.49,11.55,5.0488,2.83,-1.92,19.38,7.79,0.0,75.0,2,13.5,11.6,-7.41,0.0,,8,,20260805
SDGR,"Schrödinger, Inc.",Healthcare,Health Information Services,NASDAQ,16.4,1287960,1225419776,0.7401,15.43,15.18,1.3126,20.8,10.34,-41.27,-7.69,0.0,90.0,2,23.02,10.95,-28.76,0.0,,8,,20260805
BUR,Burford Capital Limited,Financial Services,Asset Management,NYSE,4.27,2469434,935425984,0.1841,4.27,6.97,-0.0206,-23.56,-66.04,-89.05,-64.62,0.0,25.75,4,14.14,3.59,-69.79,0.0,,8,,20260805
HPK,"HighPeak Energy, Inc.",Energy,Oil & Gas E&P,NASDAQ,6.72,696895,849126464,0.4642,7.26,6.12,-1.1626,-7.66,27.19,-44.48,-10.19,0.0,61.25,3,9.13,3.85,-26.4,0.0,,8,,20260805
ASIC,Ategrity Specialty Insurance Company Holdings,Financial Services,Insurance - Property & Casualty,NYSE,24.59,71050,1181122944,1.1184,22.52,20.26,1.8471,21.11,28.28,2.79,16.29,0.0,87.5,2,26.0,16.35,-5.42,0.0,,8,,20260805
TBN,Tamboran Resources Corporation,Energy,Oil & Gas E&P,NYSE,32.15,214954,1120633728,1.3997,33.32,30.78,-0.8382,-15.71,2.83,37.44,12.04,0.0,49.5,3,52.21,19.55,-38.42,0.0,,8,,20260805
TBNRL,Tamboran Resources Corporation,Energy,Oil & Gas E&P,PNK,0.21,1383,1431901440,0.0014,0.18,0.15,14.5407,10.06,72.98,238.87,123.61,0.0,75.0,2,0.21,0.06,0.0,0.0,,8,,20260805
MBC,"MasterBrand, Inc.",Consumer Cyclical,"Furnishings, Fixtures & Appliances",NYSE,9.14,3297308,1169779200,0.5104,8.91,10.01,0.4448,1.79,-41.87,-42.07,-31.04,0.0,77.0,3,14.22,6.61,-35.72,0.0,,8,,20260805
APC,ARKO Petroleum Corp.,Energy,Oil & Gas Refining & Marketing,NCM,19.84,160408,1638193280,0.8124,19.63,19.84,0.254,-2.49,1.04,1.04,0.16,0.0,86.25,3,21.72,17.0,-8.66,0.0,,8,,20260805
NBN,Northeast Bank,Financial Services,Banks - Regional,NASDAQ,133.62,140700,1143167104,5.2833,128.42,113.35,0.9848,-1.1,-3.08,18.86,6.19,0.0,90.0,2,142.31,80.75,-6.11,0.0,,8,,20260805
CFFN,"Capitol Federal Financial, Inc.",Financial Services,Banks - Regional,NASDAQ,9.09,805368,1121524608,0.2222,8.36,7.29,3.2993,10.21,11.05,40.98,22.81,0.0,90.0,2,9.26,5.74,-1.84,0.0,,8,,20260805
OMDA,"Omada Health, Inc.",Healthcare,Health Information Services,NASDAQ,19.11,1241854,1136061056,1.0465,20.06,16.98,-0.9057,15.48,32.76,-16.19,8.86,0.0,69.5,3,26.91,10.28,-29.0,0.0,,8,,20260805
CVHSY,Cablevisión Holding S.A.,Communication Services,Telecom Services,OID,5.0,1421,903212864,0.0032,5.02,4.63,-5.6461,-1.32,-2.81,-8.15,-4.57,0.0,62.0,3,5.51,2.75,-9.26,0.0,,8,,20260805
DAKT,"Daktronics, Inc.",Technology,Electronic Components,NASDAQ,21.93,456481,1059346752,0.7537,20.01,20.53,2.5539,4.63,-21.84,8.08,-3.25,0.0,87.5,3,28.27,15.59,-22.43,0.0,,8,,20260805
INNV,InnovAge Holding Corp.,Healthcare,Medical Care Facilities,NASDAQ,11.09,364795,1505316736,0.6189,10.11,7.61,1.5853,32.69,83.7,185.6,111.71,0.0,83.75,2,12.64,3.17,-12.26,0.0,,8,,20260805
NMAX,"Newsmax, Inc.",Communication Services,Broadcasting,NYSE,8.41,1236272,1086241024,0.4462,8.21,7.67,0.4522,32.61,15.19,-56.83,-9.26,0.0,86.25,2,15.94,5.11,-47.24,0.0,,8,,20260805
TYG,Tortoise Energy Infrastructure Corporation,Financial Services,Asset Management,NYSE,41.89,210168,1064437120,0.6929,42.88,42.88,-1.4337,-20.14,-11.37,-14.96,-15.0,0.0,29.0,4,51.18,40.35,-18.15,0.0,,8,,20260805
CSBTF,Kuros Biosciences AG,Healthcare,Medical Devices,PNK,25.57,20,1008450176,0.095,25.09,31.37,5.0412,-15.99,-31.94,-55.92,-37.54,0.0,25.0,3,42.81,22.72,-40.27,0.0,,8,,20260805
HEPS,D-Market Elektronik Hizmetler ve Ticaret A.S.,Consumer Cyclical,Internet Retail,NASDAQ,2.85,281160,1018091840,0.0936,2.85,2.69,0.0288,-4.48,-5.89,-21.89,-11.94,0.0,83.75,2,3.33,2.15,-14.41,0.0,,8,,20260805
DFIN,"Donnelley Financial Solutions, Inc.",Technology,Software - Application,NYSE,49.65,338559,1220664320,2.5127,43.49,46.72,2.4507,9.56,-6.82,-28.18,-11.27,0.0,91.25,3,58.45,36.11,-15.06,0.0,,8,,20260805
SBSI,"Southside Bancshares, Inc.",Financial Services,Banks - Regional,NYSE,32.69,123385,972583424,0.8245,33.81,31.45,-1.3618,-7.17,-12.0,-5.08,-8.02,0.0,74.5,3,36.2,26.32,-9.7,0.0,,8,,20260805
HMNTY,Hemnet Group AB (publ),Communication Services,Internet Content & Information,PNK,9.7,436,876956096,0.1233,8.91,14.14,6.4012,-29.27,-49.78,-89.64,-60.6,0.0,25.0,3,29.06,7.01,-66.62,0.0,,8,,20260805
DPUKY,Domino's Pizza Group plc,Consumer Cyclical,Restaurants,PNK,5.84,1491,1112980736,0.0906,5.09,4.87,8.2564,5.7,11.9,-30.31,-6.54,0.0,81.25,2,5.94,4.41,-1.68,0.0,,8,,20260805
CTYMF,Catalyst Metals Limited,Basic Materials,Gold,PNK,4.2,660,1097468800,0.0815,3.84,4.54,4.4704,6.27,-37.58,3.96,-10.0,0.0,37.0,3,7.16,3.23,-41.34,0.0,,8,,20260805
MSEXP,Middlesex Water Company PFD 7%,Unknown,Unknown,PNK,492.0,3,0,6.0676,581.96,590.77,-14.8254,-28.11,-27.62,-35.69,-30.97,0.0,0.0,4,662.5,492.0,-25.74,0.0,,8,,20260805
MSEX,Middlesex Water Company,Utilities,Utilities - Regulated Water,NASDAQ,57.35,161188,1080700288,1.6049,54.72,52.83,1.6358,6.76,0.99,-12.54,-2.98,0.0,83.75,2,62.18,44.17,-7.77,0.0,,8,,20260805
BBN,BlackRock Taxable Municipal Bond Trust,Financial Services,Asset Management,NYSE,15.86,158655,980029248,0.1342,15.85,15.88,0.0487,-6.27,-10.78,-19.64,-13.2,0.0,75.75,3,17.45,15.47,-9.11,0.0,,8,,20260805
JVTSF,Juventus Football Club S.p.A.,Communication Services,Entertainment,PNK,2.48,454,1034661312,0.063,2.4,2.72,1.3143,-5.18,-32.24,-49.1,-32.22,0.0,38.25,3,3.7,2.25,-32.95,0.0,,8,,20260805
KBDC,"Kayne Anderson BDC, Inc.",Financial Services,Asset Management,NYSE,13.69,291336,908331456,0.2982,13.74,13.63,-0.1515,-13.36,-6.58,-23.54,-15.06,0.0,49.5,3,15.87,13.06,-13.74,0.0,,8,,20260805
NWHUF,Vital Infrastructure Property Trust,Real Estate,REIT - Healthcare Facilities,PNK,3.95,78718,987524608,0.0432,3.89,3.84,1.4641,-7.76,-14.62,-4.42,-8.82,0.0,77.5,2,4.4,3.34,-10.23,0.0,,8,,20260805
NLST,"Netlist, Inc.",Technology,Electronics & Computer Distribution,OQB,4.06,1931345,1353267584,0.3127,2.77,1.67,4.1381,46.58,263.69,482.66,297.0,0.0,61.25,2,4.1,0.45,-0.98,0.0,,8,,20260805
EQRLF,EQ RESOURCES LTD,Basic Materials,Other Industrial Metals & Mining,PNK,0.23,646405,1184590848,0.024,0.19,0.23,1.8504,8.79,59.47,216.06,109.44,0.0,58.75,3,0.28,0.06,-17.86,0.0,,8,,20260805
SENEB,Seneca Foods Corporation,Consumer Defensive,Packaged Foods,NASDAQ,170.91,127,1158264320,1.9285,160.98,135.24,5.1474,16.55,30.92,38.11,30.2,0.0,76.25,2,181.48,103.07,-5.82,0.0,,8,,20260805
ESRT,"Empire State Realty Trust, Inc.",Real Estate,REIT - Diversified,NYSE,4.89,2129006,1497046144,0.2238,5.43,5.97,-2.3938,-17.63,-36.71,-54.04,-38.87,0.0,13.75,4,8.07,4.78,-39.41,0.0,,8,,20260805
CPAC,Cementos Pacasmayo S.A.A.,Basic Materials,Building Materials,NYSE,11.95,61581,1023175360,0.3108,11.47,10.07,1.5546,7.07,-1.69,67.89,28.33,0.0,88.75,2,12.7,6.01,-5.91,0.0,,8,,20260805
DXYZ,Destiny Tech100 Inc.,Financial Services,Asset Management,NYSE,23.87,4148757,727215424,1.9839,30.68,30.47,-3.4333,-44.39,-40.23,-44.4,-42.94,0.0,15.0,4,72.87,19.71,-67.24,0.0,,8,,20260805
MFAO,"MFA Financial, Inc. 9.000% Seni",Unknown,Unknown,NYSE,25.05,8547,0,0.0887,24.78,24.16,2.992,-4.69,-8.4,-13.94,-9.69,0.0,86.25,2,25.75,24.18,-2.74,0.0,,8,,20260805
MFA,"MFA Financial, Inc.",Real Estate,REIT - Mortgage,NYSE,9.06,1543208,924970432,0.1917,9.21,9.03,-0.7976,-8.17,-11.12,-8.57,-9.36,0.0,44.5,3,10.57,8.78,-14.29,0.0,,8,,20260805
SUCEF,"Sumitomo Osaka Cement Co., Ltd.",Basic Materials,Building Materials,PNK,30.0,4,825240512,0.0067,30.0,27.32,0.0,11.53,3.7,-8.53,0.76,0.0,75.0,3,30.0,25.16,0.0,0.0,,8,,20260805
VRTS,"Virtus Investment Partners, Inc.",Financial Services,Asset Management,NYSE,161.81,127059,1081234176,6.5744,150.52,146.86,1.718,7.97,-2.54,-33.56,-12.32,0.0,90.0,2,203.61,121.61,-20.53,0.0,,8,,20260805
LXRX,"Lexicon Pharmaceuticals, Inc.",Healthcare,Biotechnology,NCM,2.45,3497168,1088281216,0.1446,2.19,1.69,1.7797,41.85,79.17,95.44,76.35,0.0,86.25,2,2.68,1.02,-8.58,0.0,,8,,20260805
OPK,"OPKO Health, Inc.",Healthcare,Diagnostics & Research,NASDAQ,1.35,3521904,1007543168,0.0904,1.38,1.29,-0.3229,12.84,-5.09,-17.01,-5.38,0.0,69.5,3,1.73,0.98,-21.97,0.0,,8,,20260805
TRUP,"Trupanion, Inc.",Financial Services,Insurance - Property & Casualty,NASDAQ,24.39,371549,1063903296,1.0474,24.36,29.88,0.0315,-12.5,-34.98,-71.75,-44.07,0.0,61.25,3,57.0,21.16,-57.21,0.0,,8,,20260805
KODK,Eastman Kodak Company,Industrials,Specialty Business Services,NYSE,9.86,1025004,965361792,0.4269,8.95,8.76,2.1323,-36.7,22.1,26.99,9.36,0.0,61.25,2,14.87,4.94,-33.69,0.0,,8,,20260805
JCAP,"Jefferson Capital, Inc.",Financial Services,Credit Services,NASDAQ,20.43,310762,1258765312,0.6352,18.26,19.67,3.4203,-5.72,-13.24,0.32,-5.94,0.0,90.0,3,23.8,15.5,-14.16,0.0,,8,,20260805
LUXE,LuxExperience B.V.,Consumer Cyclical,Luxury Goods,NYSE,8.5,226270,1166723584,0.3782,7.71,8.48,2.0936,-13.43,0.05,-17.59,-10.38,0.0,65.0,3,11.38,6.54,-25.31,0.0,,8,,20260805
CRAI,"CRA International, Inc.",Industrials,Consulting Services,NASDAQ,176.6,166059,1141519616,7.951,156.64,170.89,2.5098,2.62,-12.43,-22.32,-12.62,0.0,91.25,3,227.29,132.17,-22.3,0.0,,8,,20260805
ESQ,"Esquire Financial Holdings, Inc.",Financial Services,Banks - Regional,NCM,132.2,125804,1143450624,4.2766,117.85,108.45,3.3559,15.67,1.3,17.39,11.33,0.0,86.25,2,134.81,91.64,-1.94,0.0,,8,,20260805
CCORF,Canaccord Genuity Group Inc.,Financial Services,Capital Markets,PNK,10.5,35168,1055242944,0.1496,10.07,8.88,2.8512,14.36,11.47,10.32,11.73,0.0,80.0,2,11.0,6.4,-4.55,0.0,,8,,20260805
STK,Columbia Seligman Premium Technology Growth Fund,Financial Services,Asset Management,NYSE,51.39,70475,907615616,1.8859,51.78,42.68,-0.2059,-4.3,17.9,55.62,27.44,0.0,48.25,3,58.46,30.36,-12.09,0.0,,8,,20260805
MRCBF,Morguard Corporation,Real Estate,Real Estate - Diversified,PNK,87.14,8,930496832,0.0117,87.31,84.9,-14.3184,-6.73,-6.39,-20.44,-12.09,0.0,37.0,3,90.06,82.43,-3.24,0.0,,8,,20260805
GOOS,Canada Goose Holdings Inc.,Consumer Cyclical,Apparel Manufacturing,NYSE,8.82,670172,861366528,0.3509,9.59,11.55,-2.2019,-29.67,-42.67,-46.08,-40.79,0.0,13.75,4,15.4,8.72,-42.72,0.0,,8,,20260805
OILSF,Saturn Oil & Gas Inc.,Energy,Oil & Gas E&P,OQX,3.64,112321,661053248,0.242,4.24,3.19,-2.4827,-35.12,43.32,67.26,33.29,0.0,35.0,3,5.57,1.63,-34.65,0.0,,8,,20260805
HNTIY,Hunting PLC,Energy,Oil & Gas Equipment & Services,PNK,6.29,367,916806016,0.2889,6.15,5.32,0.4873,-10.33,22.6,22.54,14.34,0.0,57.5,2,7.36,4.01,-14.48,0.0,,8,,20260805
DVSPF,Dividend 15 Split Corp.,Unknown,Unknown,PNK,6.77,4642,296878716,0.0487,6.24,5.47,10.8705,13.48,10.24,29.12,18.6,0.0,82.5,2,6.88,4.65,-1.6,0.0,,8,,20260805
EQBK,"Equity Bancshares, Inc.",Financial Services,Banks - Regional,NYSE,51.5,128475,1059200896,1.2289,48.44,45.39,2.4929,5.57,-2.64,18.18,7.74,0.0,86.25,2,51.94,36.31,-0.84,0.0,,8,,20260805
YALA,Yalla Group Limited,Technology,Software - Application,NYSE,5.37,311863,815321664,0.1481,5.45,6.54,-0.5091,-28.69,-34.07,-56.02,-41.51,0.0,25.75,4,9.1,5.01,-40.99,0.0,,8,,20260805
ACEL,"Accel Entertainment, Inc.",Consumer Cyclical,Gambling,NYSE,12.43,312732,1011713728,0.3498,12.46,11.47,-0.0846,-6.95,-0.15,-22.42,-10.76,0.0,77.0,3,14.0,9.55,-11.21,0.0,,8,,20260805
RCKHF,Rockhopper Exploration plc,Energy,Oil & Gas E&P,PNK,0.99,5311,850595008,0.0112,0.97,1.01,1.5047,-24.51,-13.49,-27.42,-21.82,0.0,37.0,3,1.35,0.88,-26.67,0.0,,8,,20260805
APEI,"American Public Education, Inc.",Consumer Defensive,Education & Training Services,NASDAQ,53.82,294757,987246528,2.6027,52.68,46.81,0.4372,-14.03,17.17,56.45,25.08,0.0,61.25,2,61.59,27.74,-12.62,0.0,,8,,20260805
NPK,"National Presto Industries, Inc.",Industrials,Aerospace & Defense,NYSE,139.57,115837,1000164672,4.507,126.68,123.02,2.8594,-7.36,-8.37,21.58,3.86,0.0,62.5,2,149.86,91.28,-6.87,0.0,,8,,20260805
USPH,"U.S. Physical Therapy, Inc.",Healthcare,Medical Care Facilities,NYSE,77.71,246331,1182652032,3.1042,69.39,75.27,2.6789,2.49,-16.34,-10.08,-9.13,0.0,88.75,3,93.5,58.19,-16.89,0.0,,8,,20260805
BCNAF,Barco NV,Technology,Electronic Components,PNK,9.0,33,732495040,0.0568,10.13,12.06,-19.9243,-22.08,-45.38,-58.48,-44.8,0.0,0.0,4,16.32,8.91,-44.87,0.0,,8,,20260805
PYCXF,PYC THERAPEUTICS LTD.,Healthcare,Biotechnology,PNK,1.15,722,1131037056,0.0036,1.05,1.03,28.0192,0.17,-7.75,48.88,16.88,0.0,75.0,2,1.26,0.67,-8.73,0.0,,8,,20260805
CVLG,"Covenant Logistics Group, Inc.",Industrials,Trucking,NYSE,35.77,204595,900366272,2.1697,43.53,30.36,-3.5742,3.3,17.05,30.26,18.9,0.0,57.5,3,49.88,18.0,-28.29,0.0,,8,,20260805
BCX,Blackrock Resources & Commodities Strategy Trust,Financial Services,Asset Management,NYSE,11.99,200959,914094656,0.2219,11.56,11.31,1.9223,-9.39,-14.3,13.27,-2.05,0.0,58.75,2,13.86,9.53,-13.49,0.0,,8,,20260805
HBNC,"Horizon Bancorp, Inc.",Financial Services,Banks - Regional,NASDAQ,20.65,613303,1055071424,0.4659,19.6,17.55,2.249,6.05,4.25,17.66,10.06,0.0,88.75,2,21.04,14.84,-1.85,0.0,,8,,20260805
SENEA,Seneca Foods Corporation,Consumer Defensive,Packaged Foods,NASDAQ,170.74,139081,1157112192,6.6216,163.1,136.63,1.1533,9.83,30.49,42.86,30.27,0.0,86.25,2,187.61,99.58,-8.99,0.0,,8,,20260805
KOPN,Kopin Corporation,Technology,Electronic Components,NCM,3.95,7456262,731940096,0.3867,4.44,3.29,-1.2671,-23.47,34.06,92.53,43.07,0.0,36.25,3,6.61,1.68,-40.24,0.0,,8,,20260805
OXLC,Oxford Lane Capital Corp.,Financial Services,Asset Management,NASDAQ,9.11,1027147,889588288,0.2156,8.86,9.84,1.1789,-10.11,-14.73,-49.77,-27.59,0.0,49.5,3,19.05,8.01,-52.18,0.0,,8,,20260805
BTZ,BlackRock Credit Allocation Income Trust,Financial Services,Asset Management,NYSE,10.02,274144,935111104,0.0794,10.05,10.08,-0.3355,-6.61,-13.6,-23.58,-15.85,0.0,57.75,4,11.18,9.7,-10.38,0.0,,8,,20260805
LXU,"LSB Industries, Inc.",Basic Materials,Chemicals,NYSE,9.69,871240,697655808,0.524,11.51,11.31,-3.4637,-43.3,-9.26,1.4,-13.51,0.0,12.5,4,17.22,7.15,-43.73,0.0,,8,,20260805
AEBI,Aebi Schmidt Holding AG,Industrials,Farm & Heavy Construction Machinery,NASDAQ,13.1,284745,1015330304,0.6405,12.51,12.5,0.921,7.61,-26.13,-3.26,-8.54,0.0,87.5,2,15.96,8.91,-17.92,0.0,,8,,20260805
VLERF,Valeura Energy Inc.,Energy,Oil & Gas E&P,OQX,8.45,60763,900162688,0.3074,8.05,7.6,1.2961,-22.11,-1.19,5.5,-3.75,0.0,62.5,2,11.33,4.34,-25.42,0.0,,8,,20260805
RIOFF,Rio2 Limited,Basic Materials,Gold,OQX,2.16,425411,1180213632,0.1318,1.95,2.05,1.5911,7.05,-23.71,71.28,21.98,0.0,62.5,3,3.02,1.13,-28.48,0.0,,8,,20260805
CSYJF,CSE Global Limited,Technology,Information Technology Services,PNK,1.03,242,751119808,0.0034,1.07,0.92,-12.357,-8.66,8.15,91.44,37.26,0.0,37.0,3,1.51,0.48,-31.79,0.0,,8,,20260805
BJRI,"BJ's Restaurants, Inc.",Consumer Cyclical,Restaurants,NASDAQ,67.85,505114,1443424896,2.7507,57.65,43.38,3.7092,70.61,42.53,74.85,62.48,0.0,88.75,2,74.6,28.46,-9.05,0.0,,8,,20260805
AVR,Anteris Technologies Global Corp.,Healthcare,Medical Instruments & Supplies,NASDAQ,8.05,1275673,783604736,0.5107,9.12,6.4,-2.0917,23.42,23.75,111.38,58.72,0.0,57.5,3,11.05,3.17,-27.18,0.0,,8,,20260805
MCBS,"MetroCity Bankshares, Inc.",Financial Services,Banks - Regional,NASDAQ,35.83,89224,1026889344,1.1276,34.7,29.63,1.001,5.76,12.32,11.79,10.47,0.0,88.75,2,37.46,24.53,-4.35,0.0,,8,,20260805
UELKY,Ülker Bisküvi Sanayi A.S.,Consumer Defensive,Confectioners,PNK,26.9,9,993352000,0.0103,26.41,25.44,47.5463,-2.52,-3.64,-15.91,-8.27,0.0,75.0,2,29.12,23.78,-7.62,0.0,,8,,20260805
LIFNF,Lifenet Insurance Company,Financial Services,Insurance - Life,PNK,11.61,5,932751104,0.0018,11.63,9.96,-9.7607,-14.43,-19.18,239.43,85.45,0.0,37.0,3,12.5,3.2,-7.12,0.0,,8,,20260805
UTL,Unitil Corporation,Utilities,Utilities - Diversified,NYSE,53.52,137354,976026816,1.4536,52.63,50.61,0.6106,0.54,-4.51,-16.77,-8.15,0.0,83.75,2,57.26,44.61,-6.53,0.0,,8,,20260805
RHLD,"Resolute Holdings Management, Inc.",Industrials,Specialty Business Services,NYSE,136.14,177675,1124168192,9.5152,129.59,155.44,0.6885,-9.39,-43.28,221.34,71.04,0.0,60.0,3,236.19,40.14,-42.36,0.0,,8,,20260805
CBGPY,Close Brothers Group plc,Financial Services,Banks - Regional,PNK,11.58,65,872631104,0.1046,11.64,12.03,-0.5832,-12.78,-27.23,-26.04,-23.14,0.0,27.75,4,15.03,9.04,-22.94,0.0,,8,,20260805
AZTA,"Azenta, Inc.",Healthcare,Medical Instruments & Supplies,NASDAQ,31.82,1029004,1466673024,1.3644,25.13,28.03,4.9037,22.66,-26.02,-25.13,-13.5,0.0,90.0,3,41.73,15.93,-23.75,0.0,,8,,20260805
BOW,Bowhead Specialty Holdings Inc.,Financial Services,Insurance - Property & Casualty,NYSE,33.62,213831,1107543808,1.3488,29.26,26.32,3.2289,27.47,22.3,-19.61,6.83,0.0,87.5,2,35.07,21.21,-4.13,0.0,,8,,20260805
MGLUY,Magazine Luiza S.A.,Consumer Cyclical,Specialty Retail,PNK,3.9,444,756267008,0.1413,4.04,6.03,-1.0049,-48.52,-55.63,-48.91,-51.16,0.0,17.0,4,8.58,3.25,-54.55,0.0,,8,,20260805
PML,PIMCO Municipal Income Fund II,Financial Services,Asset Management,NYSE,7.3,428690,485406208,0.0602,7.44,7.43,-2.3938,-8.14,-15.28,-16.08,-13.81,0.0,52.75,4,8.01,7.1,-8.86,0.0,,8,,20260805
CGJTF,Cargojet Inc.,Industrials,Integrated Freight & Logistics,PNK,62.76,8154,936457536,0.8118,60.18,60.31,3.1726,6.64,-17.86,-34.51,-18.39,0.0,80.0,3,75.12,46.64,-16.45,0.0,,8,,20260805
MJDLF,Major Drilling Group International Inc.,Basic Materials,Other Industrial Metals & Mining,PNK,10.53,42706,865945088,0.2855,10.97,10.89,-1.5286,-13.53,-17.88,36.72,5.05,0.0,35.25,4,13.56,6.3,-22.35,0.0,,8,,20260805
RFAFF,RFA Financial Inc,Real Estate,REIT - Diversified,OQX,18.47,1463,854480960,0.2854,15.91,7.17,8.9802,244.36,403.19,302.99,323.4,0.0,77.5,2,20.3,4.2,-9.01,0.0,,8,,20260805
PAKTY,PT Map Aktif Adiperkasa TBK,Consumer Cyclical,Specialty Retail,PNK,1.23,105,1752995968,0.0018,1.18,0.84,30.9414,62.99,58.23,52.11,56.97,0.0,75.0,2,2.5,0.72,-50.8,0.0,,8,,20260805
SPTX,"Seaport Therapeutics, Inc.",Healthcare,Biotechnology,NASDAQ,22.34,214418,1195872512,1.5168,19.46,22.34,1.8962,32.99,5.51,5.51,12.38,0.0,74.5,3,23.0,14.85,-2.87,0.0,,8,,20260805
AMC,"AMC Entertainment Holdings, Inc.",Communication Services,Entertainment,NYSE,2.67,45184208,2383254272,0.2251,2.16,1.8,2.2799,61.29,81.25,-30.28,31.65,0.0,92.5,2,3.26,0.93,-18.1,0.0,,8,,20260805
INR,"Infinity Natural Resources, Inc.",Energy,Oil & Gas E&P,NYSE,12.76,413888,239270528,0.6338,13.02,14.61,-0.4045,-30.77,-34.99,-31.84,-32.68,0.0,25.75,4,19.59,11.13,-34.85,0.0,,8,,20260805
MYN,"BlackRock MuniYield New York Quality Fund, Inc.",Financial Services,Asset Management,NYSE,9.76,134213,373936928,0.1124,9.94,9.75,-1.5933,-7.33,-12.4,-11.94,-10.95,0.0,68.25,3,10.26,9.12,-4.87,0.0,,8,,20260805
POGHF,Pilot Corporation,Industrials,Business Equipment & Supplies,PNK,11.4,22,1199215104,0.3564,0.41,-2.48,30.8191,-212.49,-219.9,-4.78,-132.0,0.0,62.0,3,32.45,8.77,-64.88,0.0,,8,,20260805
PCRX,"Pacira BioSciences, Inc.",Healthcare,Drug Manufacturers - Specialty & Generic,NASDAQ,24.87,506286,978582912,1.1131,24.63,23.54,0.2194,-6.31,6.08,-14.9,-5.41,0.0,90.0,2,27.64,18.8,-10.02,0.0,,8,,20260805
PHAR,Pharming Group N.V.,Healthcare,Biotechnology,NASDAQ,10.68,11378,755556544,0.6686,12.86,15.41,-3.2728,-40.62,-50.38,-36.17,-42.26,0.0,10.0,4,21.34,9.62,-49.98,0.0,,8,,20260805
PMT,PennyMac Mortgage Investment Trust,Real Estate,REIT - Mortgage,NYSE,9.45,1456563,824062272,0.2907,9.9,10.95,-1.5505,-25.63,-28.23,-33.87,-29.83,0.0,23.25,4,13.81,9.05,-31.57,0.0,,8,,20260805
PMTU,PennyMac Mortgage Investment Tr,Unknown,Unknown,NYSE,25.6,1478,0,0.103,25.45,24.8,1.4486,-4.03,-7.98,-13.65,-9.26,0.0,86.25,2,26.26,25.02,-2.51,0.0,,8,,20260805
NRGV,"Energy Vault Holdings, Inc.",Utilities,Utilities - Renewable,NYSE,3.01,5503529,545530176,0.333,4.03,4.07,-3.0777,-46.79,-53.67,157.99,32.71,0.0,7.5,4,6.64,1.13,-54.7,0.0,,8,,20260805
IDWM,"IDW Media Holdings, Inc.",Communication Services,Publishing,OQB,32.55,42,9412679,0.0293,32.34,33.93,7.2959,-6.77,-19.82,-51.46,-29.21,0.0,37.0,3,48.0,32.0,-32.19,0.0,,8,,20260805
PPTDF,PeptiDream Inc.,Healthcare,Biotechnology,PNK,6.0,90,770954240,0.0498,6.28,8.83,-5.6312,-26.14,-54.65,-70.36,-53.81,0.0,12.0,4,12.85,5.98,-53.31,0.0,,8,,20260805
BFST,"Business First Bancshares, Inc.",Financial Services,Banks - Regional,NASDAQ,31.99,242885,1041270784,0.6648,29.99,27.52,3.0133,10.55,-2.21,17.83,8.99,0.0,88.75,2,32.39,22.56,-1.23,0.0,,8,,20260805
CCOI,"Cogent Communications Holdings, Inc.",Communication Services,Telecom Services,NASDAQ,12.87,1237411,644499520,0.9391,14.31,20.87,-1.5387,-35.28,-59.05,-94.0,-67.09,0.0,13.75,4,45.75,10.93,-71.87,0.0,,8,,20260805
VYX,NCR Voyix Corporation,Technology,Information Technology Services,NYSE,9.52,2396983,1311924352,0.4899,7.78,8.67,3.5447,24.68,-8.42,-51.19,-17.25,0.0,91.25,3,13.82,6.02,-31.11,0.0,,8,,20260805
CCNE,CNB Financial Corporation,Financial Services,Banks - Regional,NASDAQ,35.55,158600,1053126784,0.8988,33.16,28.9,2.6616,9.55,13.56,38.41,22.5,0.0,88.75,2,36.17,21.63,-1.71,0.0,,8,,20260805
CCNEP,CNB Financial Corporation,Financial Services,Banks - Regional,NASDAQ,25.13,1255,0,0.158,24.89,24.42,1.4954,-4.62,-8.33,-15.37,-10.22,0.0,78.75,2,25.49,23.57,-1.41,0.0,,8,,20260805
ROOT,"Root, Inc.",Financial Services,Insurance - Property & Casualty,NASDAQ,60.28,269262,954009088,3.2649,57.08,62.33,0.9788,3.17,-14.79,-73.07,-33.61,0.0,74.5,3,128.25,40.91,-53.0,0.0,,8,,20260805
FMCB,Farmers & Merchants Bancorp,Financial Services,Banks - Regional,OQX,1385.0,145,958342464,20.5366,1337.91,1184.1,2.293,-2.08,8.18,9.71,6.22,0.0,90.0,2,1402.5,985.25,-1.25,0.0,,8,,20260805
RPC,"Ridgepost Capital, Inc",Financial Services,Asset Management,NYSE,8.89,440368,978395008,0.3865,8.22,8.82,1.7357,1.77,-25.53,-48.56,-27.91,0.0,92.5,3,13.08,6.79,-32.03,0.0,,8,,20260805
CPF,Central Pacific Financial Corp.,Financial Services,Banks - Regional,NYSE,39.68,148316,1023998656,0.9456,37.36,32.98,2.4538,10.71,7.61,31.05,17.76,0.0,90.0,2,40.33,26.18,-1.61,0.0,,8,,20260805
TRON,Tron Inc.,Consumer Cyclical,Leisure,NCM,1.5,748339,711573120,0.106,1.63,1.82,-1.1939,-47.34,5.88,-102.95,-50.96,0.0,15.0,4,8.09,1.12,-81.46,0.0,,8,,20260805
EVC,Entravision Communications Corporation,Communication Services,Advertising Agencies,NYSE,11.6,3086883,1067654592,0.6993,10.64,5.21,1.3678,186.41,277.89,401.78,304.58,0.0,86.25,2,13.74,1.95,-15.57,0.0,,8,,20260805
SLI,Standard Lithium Ltd.,Basic Materials,Other Industrial Metals & Mining,NYSE,2.25,1811322,554183168,0.1423,2.89,3.86,-4.4961,-47.42,-64.56,-32.95,-47.63,0.0,8.75,4,6.4,1.91,-64.84,0.0,,8,,20260805
PHGUF,Pharming Group N.V.,Healthcare,Biotechnology,PNK,1.3,5795,920115584,0.0036,1.25,1.53,15.1051,-28.19,-51.04,-12.4,-29.87,0.0,25.0,3,2.17,1.14,-40.09,0.0,,8,,20260805
PHAT,"Phathom Pharmaceuticals, Inc.",Healthcare,Biotechnology,NASDAQ,8.23,1221993,665814656,0.7817,10.61,12.59,-3.0497,-41.29,-52.64,-28.06,-39.97,0.0,15.0,4,18.31,8.03,-55.05,0.0,,8,,20260805
BAGFF,A.G. BARR p.l.c.,Consumer Defensive,Beverages - Non-Alcoholic,PNK,8.44,28,936634560,0.0029,8.32,8.45,41.8012,-4.1,-8.85,7.38,-1.17,0.0,62.0,3,9.15,6.6,-7.76,0.0,,8,,20260805
OCINF,OCI N.V.,Basic Materials,Specialty Chemicals,PNK,4.65,250,981008448,0.0132,4.46,4.12,14.7633,-0.06,4.16,-41.87,-15.31,0.0,75.0,2,9.14,3.36,-49.12,0.0,,8,,20260805
MBWM,Mercantile Bank Corporation,Financial Services,Banks - Regional,NASDAQ,61.98,136032,1071381824,1.7842,56.26,50.87,3.2065,13.47,4.77,19.2,12.72,0.0,90.0,2,62.39,42.75,-0.66,0.0,,8,,20260805
HTD,John Hancock Tax-Advantaged Dividend Income Fund,Financial Services,Asset Management,NYSE,25.39,65708,899614016,0.3916,25.46,24.28,-0.1842,-6.73,-5.92,-11.48,-8.35,0.0,68.25,3,26.35,23.15,-3.64,0.0,,8,,20260805
ACNFF,Acomo N.V.,Consumer Defensive,Food Distribution,PNK,26.51,228,785365248,0.1988,26.77,28.57,-1.31,-23.55,-22.88,-19.53,-21.7,0.0,24.0,4,33.6,25.08,-21.1,0.0,,8,,20260805
NRK,Nuveen New York AMT-Free Quality Municipal Income Fund,Financial Services,Asset Management,NYSE,10.33,255659,901140672,0.0931,10.49,10.04,-1.7678,-7.32,-6.73,-5.24,-6.28,0.0,70.75,3,10.8,9.3,-4.35,0.0,,8,,20260805
HAFC,Hanmi Financial Corporation,Financial Services,Banks - Regional,NASDAQ,32.4,258265,960635968,0.6971,31.35,28.04,1.5043,1.82,9.17,26.44,14.24,0.0,86.25,2,33.5,22.35,-3.28,0.0,,8,,20260805
GDRX,"GoodRx Holdings, Inc.",Healthcare,Health Information Services,NASDAQ,3.27,1390655,1107468416,0.1515,2.91,2.67,2.3494,21.1,39.16,-50.65,-1.28,0.0,88.75,2,5.81,1.77,-43.72,0.0,,8,,20260805
FSBC,Five Star Bancorp,Financial Services,Banks - Regional,NASDAQ,46.73,158221,1126246784,1.3536,46.04,39.53,0.5134,8.4,4.16,35.66,17.82,0.0,85.0,2,50.26,28.34,-7.02,0.0,,8,,20260805
JBSS,"John B. Sanfilippo & Son, Inc.",Consumer Defensive,Packaged Foods,NASDAQ,85.18,121537,995718016,2.7828,81.55,75.5,1.3048,-0.59,-1.79,17.86,6.37,0.0,86.25,2,92.08,59.07,-7.49,0.0,,8,,20260805
SCSC,"ScanSource, Inc.",Technology,Electronics & Computer Distribution,NASDAQ,57.37,229395,1166018176,1.7149,51.58,42.75,3.3765,29.22,18.36,24.85,23.67,0.0,88.75,2,58.94,33.76,-2.66,0.0,,8,,20260805
PSIX,"Power Solutions International, Inc.",Industrials,Specialty Industrial Machinery,NCM,32.93,710345,759051328,2.5682,35.87,60.23,-1.1456,-58.97,-70.61,-86.41,-74.02,0.0,8.75,4,121.78,25.28,-72.96,0.0,,8,,20260805
MOMO,Hello Group Inc.,Communication Services,Internet Content & Information,NASDAQ,5.79,679544,855457472,0.1393,5.83,6.16,-0.3223,-14.29,-18.78,-47.21,-29.03,0.0,34.0,4,8.59,5.32,-32.63,0.0,,8,,20260805
DRMTY,Dr. Martens plc,Consumer Cyclical,Footwear & Accessories,PNK,2.08,312,995416576,0.0167,2.08,2.08,0.0,11.46,11.46,11.46,11.46,0.0,62.0,3,2.13,1.8,-2.35,0.0,,8,,20260805
ARHS,"Arhaus, Inc.",Consumer Cyclical,Specialty Retail,NASDAQ,8.23,1350188,1164874624,0.4264,7.47,8.36,1.7889,6.73,-33.08,-27.57,-20.93,0.0,73.25,3,12.98,5.57,-36.59,0.0,,8,,20260805
AIO,Virtus Artificial Intelligence & Technology Opportunities Fund,Financial Services,Asset Management,NYSE,26.21,81503,902647232,0.6577,26.48,23.13,-0.4073,-0.94,8.7,-2.7,1.73,0.0,70.75,3,28.6,20.91,-8.36,0.0,,8,,20260805
ETON,"Eton Pharmaceuticals, Inc.",Healthcare,Drug Manufacturers - Specialty & Generic,NASDAQ,45.97,463034,1259226752,2.3841,36.66,24.05,3.9036,44.68,186.47,196.14,154.89,0.0,90.0,2,50.18,14.27,-8.39,0.0,,8,,20260805
NOPMF,Neo Performance Materials Inc.,Basic Materials,Specialty Chemicals,OQX,28.68,57201,1319049728,1.9553,25.44,17.87,1.6574,31.4,84.28,125.59,87.58,0.0,82.5,2,31.94,11.1,-10.21,0.0,,8,,20260805
BBDC,"Barings BDC, Inc.",Financial Services,Asset Management,NYSE,8.42,716163,881631936,0.1723,8.39,8.34,0.1948,-12.52,-11.23,-19.54,-14.87,0.0,60.0,2,9.92,7.96,-15.12,0.0,,8,,20260805
EVTZF,Evertz Technologies Limited,Technology,Communication Equipment,PNK,11.99,656,906251584,0.161,12.08,10.57,-0.532,-3.67,1.53,39.32,15.35,0.0,63.25,3,14.72,8.65,-18.55,0.0,,8,,20260805
AMPL,"Amplitude, Inc.",Technology,Software - Application,NCM,10.01,2655393,1327518720,0.5908,8.16,8.56,3.1309,19.28,9.54,-39.62,-7.69,0.0,90.0,3,14.49,5.51,-30.92,0.0,,8,,20260805
PSNL,"Personalis, Inc.",Healthcare,Diagnostics & Research,NASDAQ,13.52,3975490,1443271936,0.9176,12.18,9.11,1.4651,136.53,34.72,119.42,94.05,0.0,88.75,2,16.39,3.84,-17.51,0.0,,8,,20260805
SBNC,"Southern BancShares (N.C.), Inc.",Financial Services,Banks - Regional,OID,13000.0,1,987259008,78.654,12284.25,11404.46,9.1,2.92,-3.61,26.82,10.19,0.0,76.25,2,13200.01,8800.0,-1.52,0.0,,8,,20260805
SBNCM,"Southern BancShares (N.C.), Inc.",Financial Services,Banks - Regional,OID,13.5,14,0,0.0178,13.01,13.08,27.4949,0.0,-12.32,-20.28,-12.42,0.0,75.0,3,14.5,12.6,-6.9,0.0,,8,,20260805
JANX,"Janux Therapeutics, Inc.",Healthcare,Biotechnology,NASDAQ,16.0,1064939,975749632,0.6487,14.97,16.67,1.5836,5.02,3.71,-56.4,-20.0,0.0,73.25,3,35.34,12.12,-54.73,0.0,,8,,20260805
SCHL,Scholastic Corporation,Communication Services,Publishing,NASDAQ,42.48,337862,801282240,1.6443,43.84,36.13,-0.8246,1.29,9.09,46.61,22.15,0.0,77.0,3,48.07,22.69,-11.63,0.0,,8,,20260805
AMTB,Amerant Bancorp Inc.,Financial Services,Banks - Regional,NYSE,29.56,332488,1158452096,0.8873,25.29,21.89,4.8078,22.4,21.51,35.51,27.33,0.0,90.0,2,30.6,15.62,-3.4,0.0,,8,,20260805
DRTS,Alpha Tau Medical Ltd.,Healthcare,Biotechnology,NCM,13.26,914147,1197721088,0.8612,11.35,7.65,2.2222,72.8,69.41,315.76,168.8,0.0,85.0,2,14.11,3.0,-6.02,0.0,,8,,20260805
BH,Biglari Holdings Inc.,Consumer Cyclical,Restaurants,NYSE,397.99,95334,1249298560,21.7072,361.07,346.83,1.7009,29.78,-14.22,11.95,7.25,0.0,86.25,2,483.6,234.92,-17.7,0.0,,8,,20260805
BDIMF,Black Diamond Group Limited,Industrials,Rental & Leasing Services,OQX,12.85,9318,881587136,0.4078,13.46,11.86,-1.4876,-0.27,-1.66,20.53,7.57,0.0,67.0,3,15.35,8.2,-16.29,0.0,,8,,20260805
AWF,AllianceBernstein Global High Income Fund,Financial Services,Asset Management,NYSE,10.16,368968,876093504,0.0727,10.13,10.16,0.3441,-6.37,-13.48,-25.33,-16.44,0.0,68.25,3,11.43,9.85,-11.11,0.0,,8,,20260805
MDCKF,CHAPTERS GROUP AG,Technology,Software - Application,PNK,50.0,12574,1192107648,1.1868,41.28,40.33,7.3501,36.19,-1.67,-28.1,-2.78,0.0,78.75,2,50.31,30.18,-0.62,0.0,,8,,20260805
PMETF,PMET Resources Inc.,Basic Materials,Other Industrial Metals & Mining,OQX,3.1,33767,576422656,0.166,3.94,3.83,-5.0774,-41.64,-46.97,-12.99,-32.05,0.0,8.75,4,5.93,2.17,-47.72,0.0,,8,,20260805
SHEN,Shenandoah Telecommunications Company,Communication Services,Telecom Services,NASDAQ,13.0,421068,719740864,0.7359,13.98,13.39,-1.3336,-25.64,-1.88,-21.62,-15.71,0.0,24.5,4,17.35,9.67,-25.07,0.0,,8,,20260805
TRST,TrustCo Bank Corp NY,Financial Services,Banks - Regional,NASDAQ,56.85,119821,968041792,1.4603,54.31,45.81,1.7379,12.47,15.13,53.9,29.97,0.0,91.25,2,58.98,32.82,-3.61,0.0,,8,,20260805
NEWP,New Pacific Metals Corp.,Basic Materials,Silver,NYSE,5.93,947442,1097464192,0.3444,4.41,4.02,4.4198,4.0,49.35,269.4,126.03,0.0,67.5,2,6.31,1.55,-6.02,0.0,,8,,20260805
SHMWF,"ShinMaywa Industries, Ltd.",Industrials,Conglomerates,PNK,13.3,3,879706496,0.0044,13.3,-3.44,0.0,-5.94,-199.97,-43.94,-89.05,0.0,75.0,3,19.18,11.48,-30.66,0.0,,8,,20260805
OMZNF,Osisko Metals Incorporated,Basic Materials,Other Industrial Metals & Mining,OQX,1.29,181070,1077730688,0.0649,1.21,0.86,1.2161,8.3,49.76,327.4,150.45,0.0,61.25,2,1.42,0.28,-8.9,0.0,,8,,20260805
MFIC,MidCap Financial Investment Corporation,Financial Services,Asset Management,NASDAQ,9.48,563796,780892416,0.2303,9.96,10.58,-2.0859,-26.77,-20.01,-36.6,-28.34,0.0,23.25,4,13.34,9.34,-28.94,0.0,,8,,20260805
TALK,"Talkspace, Inc.",Healthcare,Health Information Services,NCM,5.22,1891713,874415552,0.025,5.21,4.45,0.4238,-6.25,17.3,97.87,43.64,0.0,81.25,2,5.25,2.27,-0.57,0.0,,8,,20260805
METCB,"Ramaco Resources, Inc.",Basic Materials,Coking Coal,NASDAQ,6.34,56071,414072000,0.6165,9.06,11.19,-4.4192,-45.93,-65.95,-75.88,-64.92,0.0,7.5,4,21.59,6.12,-70.63,0.0,,8,,20260805
METC,"Ramaco Resources, Inc.",Basic Materials,Coking Coal,NASDAQ,9.24,1641586,603473984,0.9275,13.02,17.12,-4.0717,-45.16,-67.9,-80.93,-67.42,0.0,8.75,4,57.8,8.56,-84.01,0.0,,8,,20260805
INMD,InMode Ltd.,Healthcare,Medical Devices,NASDAQ,15.21,845137,874282560,0.3065,14.46,14.36,2.453,-1.01,-16.57,-15.21,-12.14,0.0,87.5,2,16.74,12.72,-9.14,0.0,,8,,20260805
ANNX,"Annexon, Inc.",Healthcare,Biotechnology,NASDAQ,5.37,3556401,879834432,0.3848,5.36,5.16,0.0205,-12.75,-29.36,88.94,22.11,0.0,57.5,2,7.18,2.03,-25.21,0.0,,8,,20260805
CLDHF,CapitaLand China Trust,Real Estate,REIT - Retail,PNK,0.49,145,861003648,0.0004,0.49,0.57,-10.6098,-25.98,-27.46,-31.52,-28.71,0.0,12.0,4,0.62,0.49,-21.6,0.0,,8,,20260805
BSLAF,Basler Ag,Technology,Consumer Electronics,PNK,29.38,7,903459264,0.4837,30.56,20.32,-2.4393,63.88,70.46,175.16,110.7,0.0,62.0,3,35.1,9.88,-16.3,0.0,,8,,20260805
ABX,"Abacus Global Management, Inc.",Financial Services,Insurance - Life,NYSE,10.56,608142,1012940224,0.4646,10.11,8.56,0.966,7.41,32.42,75.67,43.47,0.0,85.0,2,12.44,5.0,-15.11,0.0,,8,,20260805
NXP,Nuveen Select Tax-Free Income Portfolio,Financial Services,Asset Management,NYSE,14.22,130857,896083456,0.112,14.24,14.05,-0.2138,-5.21,-9.3,-16.6,-11.2,0.0,72.0,3,14.65,13.89,-2.94,0.0,,8,,20260805
PTVLF,Pet Valu Holdings Ltd.,Consumer Cyclical,Specialty Retail,PNK,13.75,12528,936539328,0.0921,13.33,17.52,4.576,-17.75,-44.42,-66.89,-46.74,0.0,25.0,3,28.11,12.23,-51.09,0.0,,8,,20260805
CRTO,Criteo S.A.,Communication Services,Advertising Agencies,NASDAQ,17.05,431439,856669184,1.3264,19.68,19.38,-1.9816,-21.89,-18.71,-49.57,-31.85,0.0,36.25,3,25.29,15.57,-32.58,0.0,,8,,20260805
CAPL,CrossAmerica Partners LP,Energy,Oil & Gas Refining & Marketing,NYSE,21.22,43221,809634880,0.4716,21.62,20.46,-0.8501,-2.49,-11.4,-6.22,-7.1,0.0,72.0,3,23.34,19.61,-9.08,0.0,,8,,20260805
LOT,Lotus Technology Inc.,Consumer Cyclical,Auto Manufacturers,NASDAQ,0.92,100059,596283648,0.0848,1.1,1.28,-2.159,-29.0,-32.92,-74.89,-48.73,0.0,8.75,4,2.3,0.81,-60.0,0.0,,8,,20260805
DOCMF,Dr. Martens plc,Consumer Cyclical,Footwear & Accessories,PNK,1.06,9738,1014559168,0.0064,0.98,0.97,12.3261,17.4,2.2,-28.16,-6.15,0.0,75.0,2,1.35,0.81,-21.77,0.0,,8,,20260805
PXMFF,Philex Mining Corporation,Basic Materials,Other Industrial Metals & Mining,PNK,0.12,14092,735694784,0.0027,0.12,0.13,-1.1325,-36.54,-33.83,123.22,28.31,0.0,24.0,4,0.19,0.06,-39.3,0.0,,8,,20260805
JMIA,Jumia Technologies AG,Consumer Cyclical,Internet Retail,NYSE,5.87,2130337,727014848,0.3043,6.67,9.05,-2.6385,-19.28,-64.04,-2.28,-28.15,0.0,7.5,4,14.72,4.56,-60.12,0.0,,8,,20260805
WWLNF,Worldline SA,Technology,Software - Infrastructure,PNK,11.6,72,655272448,0.0813,13.16,17.61,-19.1796,-13.67,-48.62,-97.61,-59.48,0.0,0.0,4,45.01,8.04,-74.23,0.0,,8,,20260805
PCN,PIMCO Corporate & Income Strategy Fund,Financial Services,Asset Management,NYSE,11.75,311675,877972480,0.1132,11.64,11.76,0.9316,-6.03,-15.44,-20.32,-15.04,0.0,70.75,3,13.49,11.4,-12.9,0.0,,8,,20260805
CODI,Compass Diversified,Industrials,Conglomerates,NYSE,10.85,867372,816310272,0.4551,10.42,8.19,0.9436,-13.34,60.26,43.35,35.1,0.0,62.5,2,12.64,4.58,-14.16,0.0,,8,,20260805
ORIC,"ORIC Pharmaceuticals, Inc.",Healthcare,Biotechnology,NASDAQ,12.93,1692726,1340228864,0.9604,9.89,10.56,3.1601,28.48,5.31,9.37,12.73,0.0,86.25,3,14.93,7.23,-13.4,0.0,,8,,20260805
AVTX,"Avalo Therapeutics, Inc.",Healthcare,Biotechnology,NCM,18.84,1973844,996692288,1.1926,17.13,16.59,1.4321,9.23,5.81,86.72,39.03,0.0,87.5,2,24.27,8.0,-22.37,0.0,,8,,20260805
ABUS,Arbutus Biopharma Corporation,Healthcare,Biotechnology,NASDAQ,4.62,1981462,912624192,0.1937,4.53,4.45,0.4852,-1.63,0.18,15.01,5.66,0.0,82.5,2,5.38,3.31,-14.13,0.0,,8,,20260805
DMPZF,Domino's Pizza Group plc,Consumer Cyclical,Restaurants,PNK,2.68,1632,1021502912,0.0169,2.44,2.32,14.2002,11.8,13.88,-38.32,-7.52,0.0,75.0,2,2.8,2.2,-4.29,0.0,,8,,20260805
STBGY,Scandinavian Tobacco Group A/S,Consumer Defensive,Tobacco,PNK,5.49,387,864642048,0.0965,5.19,6.0,3.1076,-7.49,-35.1,-36.75,-28.86,0.0,38.25,3,8.0,4.85,-31.38,0.0,,8,,20260805
BCSF,"Bain Capital Specialty Finance, Inc.",Financial Services,Asset Management,NYSE,12.68,323709,822532672,0.3093,12.59,12.57,0.3056,-13.41,-4.63,-23.9,-14.53,0.0,60.0,2,15.84,11.82,-19.95,0.0,,8,,20260805
CRF,"Cornerstone Total Return Fund, Inc.",Financial Services,Asset Management,NYSE,7.17,1159583,1162972288,0.0736,7.03,6.94,1.8825,-3.47,-10.92,-12.38,-9.64,0.0,87.5,2,8.25,6.56,-13.09,0.0,,8,,20260805
GUNGF,"GungHo Online Entertainment, Inc.",Communication Services,Electronic Gaming & Multimedia,PNK,15.8,1,827396800,0.0088,15.8,-3.19,0.0,-32.6,-37.36,-146.33,-79.76,0.0,50.0,3,21.15,15.8,-25.3,0.0,,8,,20260805
ARKO,Arko Corp.,Consumer Cyclical,Specialty Retail,NCM,7.36,828280,825686912,0.3359,7.84,6.02,-1.4434,5.87,6.45,69.2,31.41,0.0,58.75,3,8.76,3.71,-15.93,0.0,,8,,20260805
MGTX,MeiraGTx Holdings plc,Healthcare,Biotechnology,NASDAQ,12.55,891209,1162249472,0.6602,11.51,9.14,1.5788,22.09,43.86,36.76,35.58,0.0,86.25,2,15.35,6.62,-18.24,0.0,,8,,20260805
SANA,"Sana Biotechnology, Inc.",Healthcare,Biotechnology,NASDAQ,3.51,3720998,976803456,0.2188,3.27,3.8,1.0943,-6.06,-32.64,-40.34,-29.07,0.0,74.5,3,6.55,2.61,-46.41,0.0,,8,,20260805
LYTS,LSI Industries Inc.,Technology,Electronic Components,NASDAQ,25.0,411116,917810112,0.8927,24.57,21.58,0.4866,-2.07,0.67,14.57,5.54,0.0,87.5,2,27.36,17.21,-8.63,0.0,,8,,20260805
SPIR,"Spire Global, Inc.",Industrials,Specialty Business Services,NYSE,12.9,1337668,499378944,1.1553,16.22,13.05,-2.8721,-28.26,0.43,7.12,-4.07,0.0,23.25,4,25.93,6.6,-50.25,0.0,,8,,20260805
LMB,"Limbach Holdings, Inc.",Industrials,Building Products & Equipment,NCM,49.73,286562,592834688,5.634,76.9,81.45,-4.8231,-63.05,-56.77,-86.43,-70.2,0.0,12.5,4,128.57,49.1,-61.32,0.0,,8,,20260805
CGEM,"Cullinan Therapeutics, Inc.",Healthcare,Biotechnology,NASDAQ,17.61,1029378,1082276224,1.0074,16.48,13.19,1.1212,11.24,21.08,98.47,49.58,0.0,82.5,2,19.43,5.68,-9.37,0.0,,8,,20260805
BFS,"Saul Centers, Inc.",Real Estate,REIT - Retail,NYSE,33.63,86278,1161837440,0.8085,35.65,32.39,-2.499,-6.99,-4.89,-10.41,-7.63,0.0,58.75,3,38.42,29.16,-12.47,0.0,,8,,20260805
HNRG,Hallador Energy Company,Utilities,Utilities - Independent Power Producers,NCM,14.77,860709,696115904,0.9248,16.79,18.26,-2.1858,-23.0,-32.65,-41.39,-33.74,0.0,8.75,4,24.7,13.65,-40.2,0.0,,8,,20260805
JBGS,JBG SMITH Properties,Real Estate,REIT - Diversified,NYSE,12.2,567214,940400384,0.5921,14.5,15.84,-3.8893,-25.07,-37.12,-61.52,-43.87,0.0,10.0,4,24.3,11.52,-49.79,0.0,,8,,20260805
AVO,"Mission Produce, Inc.",Consumer Defensive,Food Distribution,NASDAQ,12.15,1349259,1073787136,0.4926,12.11,12.72,0.0743,-17.69,-22.37,-25.17,-22.32,0.0,60.25,3,15.53,10.07,-21.76,0.0,,8,,20260805
TDVXF,Dynavox Group AB (publ),Healthcare,Medical Instruments & Supplies,PNK,7.58,486,803974784,0.1602,7.0,9.07,3.605,-22.28,-40.4,-65.52,-45.92,0.0,25.0,3,13.55,5.51,-44.06,0.0,,8,,20260805
TBPH,"Theravance Biopharma, Inc.",Healthcare,Biotechnology,NASDAQ,16.9,600396,875897536,0.1209,16.72,17.1,1.4693,-5.62,-27.69,27.31,-0.17,0.0,65.75,3,21.03,11.04,-19.64,0.0,,8,,20260805
SMP,"Standard Motor Products, Inc.",Consumer Cyclical,Auto Parts,NYSE,39.58,131414,881180672,1.4917,38.86,38.23,0.4833,-4.56,-17.53,6.11,-4.83,0.0,90.0,2,46.0,34.27,-13.96,0.0,,8,,20260805
PHK,PIMCO High Income Fund,Financial Services,Asset Management,NYSE,4.66,835303,868934720,0.0471,4.57,4.53,1.9746,-3.66,-12.32,-16.28,-11.74,0.0,82.5,2,5.04,4.41,-7.54,0.0,,8,,20260805
WGO,"Winnebago Industries, Inc.",Consumer Cyclical,Recreational Vehicles,NYSE,31.98,749622,904039168,1.2116,29.81,35.05,1.7918,-2.03,-44.1,-11.61,-20.59,0.0,78.25,3,50.16,26.8,-36.24,0.0,,8,,20260805
SGCFF,Sagicor Financial Company Ltd.,Financial Services,Insurance - Life,PNK,6.17,1959,840143360,0.0424,6.03,6.43,3.3825,-18.48,-23.66,-16.12,-19.35,0.0,38.25,3,7.65,4.32,-19.35,0.0,,8,,20260805
HRVFF,Harvia Oyj,Consumer Cyclical,Leisure,PNK,44.28,69,827471872,0.1038,45.26,44.51,-9.4356,-1.45,-20.51,-50.64,-27.8,0.0,49.0,3,58.78,37.95,-24.67,0.0,,8,,20260805
XNCR,"Xencor, Inc.",Healthcare,Biotechnology,NASDAQ,19.84,925824,1470969344,1.2274,15.27,13.9,3.7242,47.76,53.24,126.25,81.07,0.0,87.5,2,21.76,6.92,-8.82,0.0,,8,,20260805
REPX,"Riley Exploration Permian, Inc.",Energy,Oil & Gas E&P,NYSE,33.0,291996,715966272,1.2025,33.82,30.54,-0.6781,-15.98,7.27,13.25,3.85,0.0,48.25,3,41.53,24.08,-20.54,0.0,,8,,20260805
FMNB,Farmers National Banc Corp.,Financial Services,Banks - Regional,NCM,15.89,431972,940926720,0.2911,14.61,13.55,4.3943,6.99,11.49,1.48,6.36,0.0,87.5,2,16.16,12.12,-1.67,0.0,,8,,20260805
MYE,"Myers Industries, Inc.",Consumer Cyclical,Packaging & Containers,NYSE,35.35,446057,1329798784,1.52,29.21,22.26,4.039,68.3,56.76,107.03,79.75,0.0,88.75,2,37.1,15.54,-4.72,0.0,,8,,20260805
CRCT,"Cricut, Inc.",Technology,Computer Hardware,NASDAQ,6.07,535978,1274084736,0.2535,4.41,4.42,6.5313,40.54,28.59,10.97,24.53,0.0,90.0,3,6.93,3.73,-12.41,0.0,,8,,20260805
MATW,Matthews International Corporation,Industrials,Conglomerates,NASDAQ,27.47,302231,857130944,0.879,26.8,25.9,0.7602,-9.64,-6.35,0.09,-4.6,0.0,87.5,2,30.93,21.95,-11.19,0.0,,8,,20260805
IPMLF,Imperial Metals Corporation,Basic Materials,Copper,PNK,5.73,47781,1020920768,0.2041,4.95,5.89,3.813,14.51,-51.53,64.56,11.41,0.0,77.0,3,10.28,2.87,-44.26,0.0,,8,,20260805
UBSFY,Ubisoft Entertainment SA,Communication Services,Electronic Gaming & Multimedia,PNK,1.16,171763,788482432,0.0603,1.18,1.21,-0.3747,-1.18,13.85,-64.13,-21.1,0.0,57.75,4,2.4,0.8,-51.67,0.0,,8,,20260805
CAC,Camden National Corporation,Financial Services,Banks - Regional,NASDAQ,59.37,108754,1003131648,1.6587,53.2,46.74,3.7213,15.91,9.21,42.79,24.32,0.0,90.0,2,60.59,35.0,-2.01,0.0,,8,,20260805
AGNT,"AGNT, Inc",Real Estate,Real Estate Services,NASDAQ,4.05,1469006,665511936,0.3156,4.66,7.26,-1.9366,-41.5,-63.57,-82.13,-65.48,0.0,13.75,4,12.23,3.69,-66.87,0.0,,8,,20260805
WRDLY,Worldline SA,Technology,Software - Infrastructure,PNK,7.1,433,447695808,0.307,5.99,2.64,3.6243,11.7,1967.06,701.34,971.93,0.0,50.0,2,74.4,0.27,-90.46,0.0,,8,,20260805
OMER,Omeros Corporation,Healthcare,Biotechnology,NASDAQ,12.65,1869803,915548160,0.7204,10.38,11.05,3.1461,-20.99,-5.21,217.66,79.99,0.0,65.0,3,17.65,3.7,-28.33,0.0,,8,,20260805
RYSKF,Reysas Tasimacilik ve Lojistik Ticaret A.S.,Industrials,Integrated Freight & Logistics,PNK,0.47,29303,940000000,0.0168,0.48,0.42,-0.7413,-2.86,-0.16,-16.56,-7.4,0.0,63.25,3,0.58,0.31,-18.97,0.0,,8,,20260805
ODTX,"Odyssey Therapeutics, Inc.",Healthcare,Biotechnology,NCM,20.89,375859,1003374272,1.4567,17.69,20.89,2.1985,22.59,22.59,22.59,22.59,0.0,75.75,3,21.41,15.1,-2.43,0.0,,8,,20260805
BRBI,BRBI BR Partners S.A.,Financial Services,Capital Markets,NCM,11.45,809,300550208,0.0959,11.8,13.68,-3.6071,-30.89,-36.82,-66.47,-47.2,0.0,13.25,4,67.01,10.9,-82.91,0.0,,8,,20260805
FREKF,freee K.K.,Technology,Software - Application,PNK,17.25,94,1022172736,0.3517,12.97,15.47,12.1472,20.43,-9.41,-60.29,-22.3,0.0,76.25,3,27.33,10.2,-36.9,0.0,,8,,20260805
EVMN,"Evommune, Inc.",Healthcare,Biotechnology,NYSE,13.02,791740,468959232,1.0871,16.64,13.02,-3.3287,-52.74,-41.78,-51.43,-48.38,0.0,37.5,3,33.2,10.47,-60.78,0.0,,8,,20260805
NBBK,"NB Bancorp, Inc.",Financial Services,Banks - Regional,NCM,23.08,279595,1011330688,0.5365,21.06,20.48,3.761,8.31,-6.19,13.09,5.14,0.0,90.0,2,23.47,16.84,-1.66,0.0,,8,,20260805
CRSR,"Corsair Gaming, Inc.",Technology,Computer Hardware,NASDAQ,11.2,2677049,1197080704,0.6536,9.66,7.07,2.3588,50.67,115.87,0.31,53.35,0.0,90.0,2,13.1,4.48,-14.5,0.0,,8,,20260805
GERN,Geron Corporation,Healthcare,Biotechnology,NASDAQ,1.63,12870252,1045679168,0.0983,1.33,1.4,3.0717,-7.84,-4.29,11.4,1.1,0.0,72.0,3,2.01,1.04,-18.91,0.0,,8,,20260805
MSBPF,"Mitsubishi Pencil Co., Ltd.",Industrials,Business Equipment & Supplies,PNK,14.66,8,733135424,0.389,2.18,-1.76,32.0838,-238.15,-295.71,0.05,-163.02,0.0,62.0,3,17.25,12.24,-15.01,0.0,,8,,20260805
MPB,"Mid Penn Bancorp, Inc.",Financial Services,Banks - Regional,NASDAQ,38.28,176144,969275840,0.9511,34.59,32.0,3.8762,9.02,2.45,24.9,13.07,0.0,90.0,2,39.15,26.56,-2.22,0.0,,8,,20260805
JSEJF,JSE Limited,Financial Services,Financial Data & Stock Exchanges,PNK,8.9,22,739647872,0.0154,9.26,9.16,-23.2731,-27.16,-12.18,27.75,0.05,0.0,24.0,4,11.13,5.81,-20.04,0.0,,8,,20260805
WKPPF,Workspace Group Plc,Real Estate,REIT - Office,PNK,4.6,75,886183680,0.0128,4.72,5.18,-9.0984,-23.57,-29.76,-39.41,-32.07,0.0,12.0,4,6.0,4.26,-23.33,0.0,,8,,20260805
CTMX,"CytomX Therapeutics, Inc.",Healthcare,Biotechnology,NASDAQ,3.35,4189308,729304704,0.1795,3.38,4.18,-0.1482,-24.52,-57.04,16.85,-19.35,0.0,23.25,4,8.21,1.72,-59.2,0.0,,8,,20260805
NUTX,Nutex Health Inc.,Healthcare,Medical Care Facilities,NCM,157.26,127939,1082159360,9.0345,154.06,133.77,0.3546,23.33,-10.43,53.6,23.62,0.0,86.25,2,204.0,77.21,-22.91,0.0,,8,,20260805
DRUG,Bright Minds Biosciences Inc.,Healthcare,Biotechnology,NCM,80.0,319295,784964864,4.3913,71.56,75.85,1.9216,-13.85,-7.23,102.23,34.9,0.0,62.5,3,123.75,33.96,-35.35,0.0,,8,,20260805
THFF,First Financial Corporation,Financial Services,Banks - Regional,NASDAQ,82.35,105878,979297600,1.8892,74.98,64.84,3.9022,16.79,13.26,36.83,23.57,0.0,91.25,2,83.33,51.21,-1.18,0.0,,8,,20260805
MCRUF,Morgan Advanced Materials plc,Industrials,Specialty Industrial Machinery,PNK,2.91,135,804367040,0.0179,2.88,2.87,1.8786,-8.6,-19.86,-20.62,-17.35,0.0,50.0,3,3.27,2.58,-11.01,0.0,,8,,20260805
CERT,"Certara, Inc.",Healthcare,Health Information Services,NASDAQ,8.01,4311454,1221835648,0.4795,6.43,7.51,3.2988,22.98,-8.88,-42.73,-14.45,0.0,91.25,3,13.88,4.45,-42.29,0.0,,8,,20260805
OBE,Obsidian Energy Ltd.,Energy,Oil & Gas E&P,NYSE,9.08,815585,606333056,0.5789,9.81,8.53,-1.2628,-41.45,10.47,35.71,7.58,0.0,35.0,3,14.59,5.44,-37.77,0.0,,8,,20260805
WEST,Westrock Coffee Company,Consumer Defensive,Packaged Foods,NASDAQ,8.19,812468,798999680,0.4411,8.09,5.66,0.2353,34.09,54.23,-1.8,26.78,0.0,91.25,2,10.19,3.59,-19.63,0.0,,8,,20260805
TSAT,Telesat Corporation,Technology,Communication Equipment,NASDAQ,51.28,253754,2634691584,3.8653,44.5,37.3,1.7535,0.67,69.68,92.33,61.49,0.0,61.25,2,59.12,19.59,-13.26,0.0,,8,,20260805
EPC,Edgewell Personal Care Company,Consumer Defensive,Household & Personal Products,NYSE,29.2,951908,1345574784,1.3281,24.71,20.71,3.3805,22.2,37.53,-3.04,17.47,0.0,88.75,2,29.95,15.73,-2.5,0.0,,8,,20260805
NX,Quanex Building Products Corporation,Industrials,Building Products & Equipment,NYSE,20.88,388491,958975872,0.9426,17.71,17.29,3.359,0.46,-3.48,-13.28,-6.41,0.0,66.25,2,22.98,11.04,-9.14,0.0,,8,,20260805
CPPTL,Copper Property CTL Pass Through Trust,Unknown,Unknown,PNK,10.66,28251,0,0.0909,10.7,10.87,-0.4416,-7.63,-11.21,-33.14,-19.09,0.0,54.0,4,12.63,10.4,-15.6,0.0,,8,,20260805
AMPH,"Amphastar Pharmaceuticals, Inc.",Healthcare,Drug Manufacturers - Specialty & Generic,NASDAQ,20.24,615547,892440704,0.7327,19.61,22.9,0.8656,-20.1,-40.56,-28.73,-30.72,0.0,38.75,3,31.26,16.65,-35.25,0.0,,8,,20260805
QDEL,QuidelOrtho Corporation,Healthcare,Medical Devices,NASDAQ,17.5,1740824,1193001472,1.0932,15.55,20.71,1.7767,43.41,-49.71,-50.75,-26.84,0.0,63.75,3,35.58,9.92,-50.83,0.0,,8,,20260805
HDL,Super Hi International Holding Ltd.,Consumer Cyclical,Restaurants,NASDAQ,13.49,1213,793705728,0.2792,12.98,15.39,1.8385,-10.02,-28.49,-54.92,-34.45,0.0,28.75,3,21.2,12.0,-36.38,0.0,,8,,20260805
IMSR,Terrestrial Energy Inc.,Utilities,Utilities - Regulated Electric,NASDAQ,5.35,2852862,690963008,0.492,6.62,8.49,-2.5825,-32.22,-52.32,-74.46,-56.15,0.0,12.5,4,31.5,4.38,-83.02,0.0,,8,,20260805
ANZLY,Air New Zealand Limited,Industrials,Airlines,PNK,1.2,101,772821312,0.0142,1.18,1.36,0.7415,-6.04,-34.96,-51.13,-34.2,0.0,26.25,3,2.1,1.03,-43.1,0.0,,8,,20260805
EOI,Eaton Vance Enhanced Equity Income Fund,Financial Services,Asset Management,NYSE,20.02,67719,820855040,0.267,19.54,19.35,1.8001,-3.97,-11.14,-20.1,-12.93,0.0,85.0,2,21.58,18.04,-7.23,0.0,,8,,20260805
LBRX,LB Pharmaceuticals Inc,Healthcare,Biotechnology,NASDAQ,45.03,283678,1291309568,2.6731,32.3,25.21,4.7637,30.32,93.67,141.94,97.14,0.0,87.5,2,45.74,13.36,-1.55,0.0,,8,,20260805
PFLT,PennantPark Floating Rate Capital Ltd.,Financial Services,Asset Management,NYSE,7.1,1210268,704447040,0.1962,7.41,8.07,-1.5596,-26.35,-30.37,-45.28,-35.33,0.0,23.25,4,10.6,6.83,-33.02,0.0,,8,,20260805
GGN,"GAMCO Global Gold, Natural Resources & Income Trust",Financial Services,Asset Management,NYSE,5.09,577054,795184064,0.0812,4.9,5.04,2.3286,-8.12,-16.29,-1.19,-8.21,0.0,62.5,3,5.88,4.43,-13.44,0.0,,8,,20260805
BTGO,"BitGo Holdings, Inc.",Financial Services,Capital Markets,NYSE,5.0,1481208,579797056,0.3837,5.29,5.0,-0.7646,-64.26,-69.24,-85.13,-74.35,0.0,35.0,3,24.5,4.67,-79.59,0.0,,8,,20260805
PSYTF,Pason Systems Inc.,Energy,Oil & Gas Equipment & Services,OQX,8.93,39311,692454272,0.1397,9.32,9.09,-2.7651,-26.62,-11.43,-15.48,-16.85,0.0,32.75,4,11.33,7.89,-21.18,0.0,,8,,20260805
UMAC,"Unusual Machines, Inc.",Technology,Computer Hardware,NYSE,25.73,5935868,1229737600,2.4418,22.41,15.78,1.361,82.7,54.74,142.49,96.83,0.0,88.75,2,34.36,7.25,-25.12,0.0,,8,,20260805
GSM,Ferroglobe PLC,Basic Materials,Other Industrial Metals & Mining,NCM,4.15,1626409,775471168,0.2005,3.63,4.31,2.6077,-19.48,-29.41,-14.54,-20.98,0.0,50.75,3,5.74,3.08,-27.7,0.0,,8,,20260805
ATXRF,ATEX Resources Inc.,Basic Materials,Gold,OQX,1.85,123030,695893824,0.0938,1.82,2.23,0.3669,-20.18,-51.97,1.05,-22.82,0.0,33.75,3,3.47,1.42,-46.69,0.0,,8,,20260805
EIG,"Employers Holdings, Inc.",Financial Services,Insurance - Specialty,NYSE,50.77,245767,911854912,1.2955,48.36,42.9,1.8581,16.1,2.76,8.73,8.48,0.0,87.5,2,52.59,35.73,-3.46,0.0,,8,,20260805
BPMUF,Basilea Pharmaceutica AG,Healthcare,Biotechnology,PNK,64.7,4,878741504,0.3218,61.61,65.68,9.6009,-13.93,-20.38,-29.94,-22.59,0.0,37.0,3,74.0,59.29,-12.57,0.0,,8,,20260805
ADAM,"Adamas Trust, Inc.",Real Estate,REIT - Mortgage,NASDAQ,9.44,839072,848465152,0.2656,8.99,7.7,1.6971,6.42,13.43,36.06,20.73,0.0,81.25,2,9.59,6.45,-1.56,0.0,,8,,20260805
ADAMH,"Adamas Trust, Inc.",Unknown,Unknown,NASDAQ,25.42,18763,0,0.0879,25.28,24.57,1.5594,-5.1,-7.91,-11.91,-8.81,0.0,88.75,2,25.99,24.49,-2.19,0.0,,8,,20260805
ADAMN,"Adamas Trust, Inc.",Real Estate,REIT - Mortgage,NASDAQ,23.64,7719,0,0.2728,23.51,21.98,0.4689,-2.74,-1.31,-4.5,-2.94,0.0,87.5,2,24.6,21.01,-3.9,0.0,,8,,20260805
ADAML,"Adamas Trust, Inc.",Real Estate,REIT - Mortgage,NASDAQ,24.53,9886,0,0.1018,24.12,22.77,3.9548,-2.16,-2.79,-3.67,-2.99,0.0,82.5,2,24.6,21.75,-0.29,0.0,,8,,20260805
ADAMM,"Adamas Trust, Inc.",Real Estate,REIT - Mortgage,NASDAQ,25.13,15006,0,0.11,24.86,24.03,2.4985,-5.58,-7.7,-10.21,-8.17,0.0,86.25,2,25.62,23.78,-1.91,0.0,,8,,20260805
ADAMZ,"Adamas Trust, Inc.",Real Estate,REIT - Mortgage,NASDAQ,18.68,6850,0,0.2164,18.58,18.24,0.4701,-4.61,-11.65,-10.52,-9.43,0.0,81.25,2,21.72,17.25,-14.0,0.0,,8,,20260805
FCBC,"First Community Bankshares, Inc.",Financial Services,Banks - Regional,NASDAQ,48.63,89491,917489024,1.4048,44.76,38.77,2.7555,7.49,15.78,20.88,15.75,0.0,90.0,2,49.35,31.21,-1.46,0.0,,8,,20260805
EFOR,"Everforth, Inc.",Technology,Information Technology Services,NYSE,31.64,1127652,1297239936,1.801,20.57,35.71,6.1458,43.89,-49.91,-61.37,-31.05,0.0,67.5,3,54.94,16.9,-42.41,0.0,,8,,20260805
MEGI,NYLI CBRE Global Infrastructure Megatrends Term Fund,Financial Services,Asset Management,NYSE,15.15,130762,788520128,0.269,15.1,14.14,0.2016,-5.61,-0.5,-7.5,-4.58,0.0,83.75,2,15.89,13.42,-4.66,0.0,,8,,20260805
BOZTY,Boozt AB (publ),Consumer Cyclical,Apparel Retail,PNK,15.12,42,889822848,0.0268,14.29,11.54,31.0736,41.63,35.0,44.26,40.36,0.0,75.0,2,15.5,9.05,-2.45,0.0,,8,,20260805
EGBN,"Eagle Bancorp, Inc.",Financial Services,Banks - Regional,NCM,28.25,295788,861354048,0.8807,27.58,24.27,0.7662,1.15,-9.43,49.99,16.98,0.0,88.75,2,29.29,15.03,-3.55,0.0,,8,,20260805
DOMVF,Dogus Otomotiv Servis ve Ticaret A.S.,Consumer Cyclical,Auto & Truck Dealerships,PNK,4.54,6,998800000,0.0064,4.41,-4.83,20.637,-2.94,-154.69,-163.01,-120.08,0.0,75.0,2,8.11,4.03,-44.02,0.0,,8,,20260805
MTUS,Metallus Inc.,Basic Materials,Steel,NYSE,21.62,362139,899993216,0.9661,19.73,18.37,1.9538,5.5,-9.53,19.58,5.87,0.0,90.0,2,22.55,14.19,-4.12,0.0,,8,,20260805
ABSI,Absci Corporation,Healthcare,Biotechnology,NASDAQ,8.4,5534083,1422962816,0.728,8.31,4.7,0.128,43.1,159.61,157.62,129.69,0.0,83.75,2,12.05,2.24,-30.32,0.0,,8,,20260805
CCBG,"Capital City Bank Group, Inc.",Financial Services,Banks - Regional,NASDAQ,52.3,94216,895025344,1.3566,48.68,44.27,2.6659,6.58,11.36,14.4,11.38,0.0,92.5,2,53.42,38.06,-2.1,0.0,,8,,20260805
NAVI,Navient Corporation,Financial Services,Credit Services,NASDAQ,9.06,1068816,851544128,0.3386,8.32,9.62,2.1893,-0.43,-18.06,-47.3,-25.35,0.0,74.5,3,13.87,7.33,-34.68,0.0,,8,,20260805
WLKP,Westlake Chemical Partners LP,Basic Materials,Chemicals,NYSE,21.27,29721,749679872,0.4646,22.43,20.79,-2.4994,-10.47,-10.74,-16.66,-13.04,0.0,35.0,3,23.88,17.75,-10.93,0.0,,8,,20260805
GO,Grocery Outlet Holding Corp.,Consumer Defensive,Grocery Stores,NASDAQ,9.86,2854006,975377536,0.4243,9.37,9.49,1.1523,19.13,-7.45,-49.84,-17.76,0.0,83.75,3,19.41,5.66,-49.2,0.0,,8,,20260805
VLRS,"Controladora Vuela Compañía de Aviación, S.A.B. de C.V.",Industrials,Airlines,NYSE,8.37,621608,962142912,0.3589,8.2,7.99,0.4653,5.27,-29.44,26.69,1.69,0.0,87.5,2,10.8,5.53,-22.5,0.0,,8,,20260805
AGFMF,AGF Management Limited,Financial Services,Asset Management,PNK,16.59,34473,1054950336,0.2504,14.47,12.67,8.4676,35.28,14.44,65.99,40.27,0.0,83.75,2,16.59,8.53,0.0,0.0,,8,,20260805
MRAM,"Everspin Technologies, Inc.",Technology,Semiconductors,NASDAQ,16.14,3372168,378443872,1.9245,21.15,14.74,-2.6048,-21.91,34.63,139.55,62.46,0.0,35.0,3,51.5,5.76,-68.66,0.0,,8,,20260805
WRLD,World Acceptance Corporation,Financial Services,Credit Services,NASDAQ,192.51,143093,897176064,9.7533,186.77,152.72,0.5889,29.75,46.92,-1.86,23.12,0.0,83.75,2,227.68,110.0,-15.45,0.0,,8,,20260805
SPRY,"ARS Pharmaceuticals, Inc.",Healthcare,Biotechnology,NASDAQ,5.36,2051668,532265504,0.4822,7.98,8.91,-5.4382,-47.27,-59.43,-92.47,-69.61,0.0,5.0,4,18.0,4.91,-70.22,0.0,,8,,20260805
GRCLF,GrainCorp Limited,Consumer Defensive,Farm Products,PNK,3.85,4118,855946048,0.133,3.58,4.32,2.004,-12.78,-13.77,-40.51,-24.22,0.0,26.25,3,6.15,3.2,-37.4,0.0,,8,,20260805
CGRIF,"Canadian General Investments, Limited",Unknown,Unknown,PNK,37.0,213,771860700,0.23,37.0,35.43,0.0099,-6.45,-10.23,2.64,-4.14,0.0,55.0,2,38.66,28.92,-4.29,0.0,,8,,20260805
HTB,"HomeTrust Bancshares, Inc.",Financial Services,Banks - Regional,NYSE,51.69,111413,868668544,1.1736,48.65,44.34,2.5896,6.62,4.86,11.83,8.09,0.0,87.5,2,52.21,37.35,-1.0,0.0,,8,,20260805
NB,NioCorp Developments Ltd.,Basic Materials,Other Industrial Metals & Mining,NASDAQ,5.02,3431488,730846912,0.3522,4.89,5.66,0.3617,-21.55,-45.3,27.89,-10.09,0.0,35.0,3,12.58,3.5,-60.1,0.0,,8,,20260805
UBSFF,Ubisoft Entertainment SA,Communication Services,Electronic Gaming & Multimedia,PNK,5.75,1214,781685184,0.4045,5.98,6.24,-0.571,-12.37,-5.75,-68.55,-32.53,0.0,54.0,4,11.73,4.5,-50.98,0.0,,8,,20260805
AURA,"Aura Biosciences, Inc.",Healthcare,Biotechnology,NASDAQ,7.18,563250,742673472,0.3321,6.94,6.39,0.7329,-25.96,8.64,-14.69,-9.34,0.0,62.5,2,9.54,4.73,-24.7,0.0,,8,,20260805
PSTL,"Postal Realty Trust, Inc.",Real Estate,REIT - Office,NYSE,23.33,336598,876849024,0.6482,23.65,19.34,-0.4937,-1.41,16.15,50.55,25.52,0.0,72.0,3,25.22,14.25,-7.49,0.0,,8,,20260805
ACGP,"Associated Capital Group, Inc.",Financial Services,Asset Management,OQX,33.45,6450,690695040,0.177,35.32,37.68,-10.5718,-20.98,-26.87,-32.2,-27.53,0.0,7.5,4,41.14,30.25,-18.69,0.0,,8,,20260805
SSII,"SS Innovations International, Inc.",Healthcare,Medical Devices,NCM,3.85,66873,770506368,0.3147,3.7,4.95,0.4764,-7.91,-6.75,-64.71,-30.23,0.0,33.75,3,10.0,3.11,-61.5,0.0,,8,,20260805
LAES,SEALSQ Corp,Technology,Semiconductors,NASDAQ,2.46,17382868,548024064,0.1799,2.96,3.75,-2.7687,-22.1,-53.52,-41.04,-40.67,0.0,10.0,4,8.71,1.99,-71.76,0.0,,8,,20260805
SSYS,Stratasys Ltd.,Technology,Computer Hardware,NASDAQ,8.96,917488,777853440,0.3816,8.68,9.22,0.7457,-6.63,-30.33,-39.73,-28.17,0.0,44.5,3,12.81,7.34,-30.05,0.0,,8,,20260805
PSGTF,PT Semen Indonesia (Persero) Tbk,Basic Materials,Building Materials,PNK,0.07,95,483973280,0.0007,0.09,0.14,-35.2828,-63.95,-67.76,-78.77,-71.21,0.0,0.0,4,0.17,0.07,-58.82,0.0,,8,,20260805
VOR,Vor Biopharma Inc.,Healthcare,Biotechnology,NASDAQ,22.27,1200836,1206719488,1.4505,17.17,15.4,3.5188,36.86,61.48,-70.54,2.52,0.0,86.25,2,50.2,6.5,-55.64,0.0,,8,,20260805
KOP,Koppers Holdings Inc.,Basic Materials,Specialty Chemicals,NYSE,51.03,181085,981400064,1.8358,45.9,36.24,2.7944,17.05,56.9,38.52,39.58,0.0,90.0,2,52.25,25.0,-2.33,0.0,,8,,20260805
ANZFF,Air New Zealand Limited,Industrials,Airlines,PNK,0.25,1896,808390528,0.0018,0.24,0.29,3.3079,-18.29,-37.06,-43.07,-34.77,0.0,26.25,3,0.39,0.22,-36.56,0.0,,8,,20260805
SPFI,"South Plains Financial, Inc.",Financial Services,Banks - Regional,NASDAQ,45.31,150003,853599808,1.2167,42.51,40.65,2.3014,5.67,-5.52,1.69,0.16,0.0,90.0,2,46.94,35.34,-3.47,0.0,,8,,20260805
NBPVF,Neuberger Private Equity Partners Limited,Unknown,Unknown,PNK,19.7,588,961371857,0.1516,19.84,19.84,-0.9326,-2.47,-19.88,-23.89,-17.13,0.0,49.0,1,22.0,17.55,-10.45,0.0,,8,,20260805
KRO,"Kronos Worldwide, Inc.",Basic Materials,Specialty Chemicals,NYSE,6.21,322680,714479872,0.3404,6.54,5.81,-0.9833,-26.45,-5.06,-4.52,-10.19,0.0,36.25,3,7.89,4.08,-21.29,0.0,,8,,20260805
WHTCF,WELL Health Technologies Corp.,Healthcare,Medical Care Facilities,OQX,2.92,44337,745793408,0.0446,3.06,3.02,-3.2462,-15.13,-10.42,-33.74,-20.93,0.0,26.5,4,4.31,2.44,-32.25,0.0,,8,,20260805
TIGR,UP Fintech Holding Limited,Financial Services,Capital Markets,NASDAQ,4.81,4497257,859550144,0.1987,4.75,7.34,0.3029,-34.41,-54.35,-73.73,-57.12,0.0,38.75,3,13.55,4.0,-64.5,0.0,,8,,20260805
BVS,Bioventus Inc.,Healthcare,Medical Devices,NASDAQ,15.26,703327,1033835200,0.7899,10.57,8.94,5.939,36.25,72.96,118.14,81.86,0.0,92.5,2,15.89,6.25,-3.98,0.0,,8,,20260805
BBSI,"Barrett Business Services, Inc.",Industrials,Staffing & Employment Services,NASDAQ,40.11,245929,985087488,1.3454,36.35,34.22,2.7922,25.78,-4.07,-31.75,-7.68,0.0,91.25,2,49.65,25.33,-19.21,0.0,,8,,20260805
SUPV,Grupo Supervielle S.A.,Financial Services,Banks - Regional,NYSE,8.98,696849,848683648,0.5499,9.79,10.0,-1.4794,3.69,-35.15,-37.13,-26.23,0.0,32.5,3,13.55,4.54,-33.73,0.0,,8,,20260805
GSBC,"Great Southern Bancorp, Inc.",Financial Services,Banks - Regional,NASDAQ,81.67,106814,888932544,2.2349,76.49,65.76,2.3185,11.28,19.25,25.95,19.94,0.0,88.75,2,82.91,53.76,-1.5,0.0,,8,,20260805
CADNF,Cascades Inc.,Consumer Cyclical,Packaging & Containers,PNK,10.17,16019,1030368448,0.1433,8.38,8.48,12.4718,24.35,-3.43,34.83,18.82,0.0,80.0,3,10.22,6.54,-0.49,0.0,,8,,20260805
NXDR,"Nextdoor Holdings, Inc.",Communication Services,Internet Content & Information,NYSE,2.45,2984039,934399936,0.1298,2.23,1.9,1.6593,40.96,16.71,17.49,23.09,0.0,87.5,2,3.72,1.33,-34.14,0.0,,8,,20260805
MARIF,Marimaca Copper Corp.,Basic Materials,Copper,OQX,5.66,26140,763988224,0.1931,5.39,6.89,1.4099,-7.33,-51.37,-51.49,-40.41,0.0,32.5,3,9.87,4.89,-42.65,0.0,,8,,20260805
HZO,"MarineMax, Inc.",Consumer Cyclical,Specialty Retail,NYSE,36.02,327783,793454144,1.5226,34.81,29.11,0.796,14.48,4.37,35.43,19.33,0.0,86.25,2,38.14,21.42,-5.56,0.0,,8,,20260805
HBIA,Hills Bancorporation,Financial Services,Banks - Regional,OID,45.51,109,397659904,1.0077,60.58,76.88,-14.9564,-54.47,-54.62,-63.73,-58.23,0.0,0.0,4,99.01,44.0,-54.03,0.0,,8,,20260805
LMRI,"Lumexa Imaging Holdings, Inc.",Healthcare,Medical Devices,NASDAQ,11.3,782040,1085712384,0.7306,10.18,11.3,1.5357,9.5,-16.47,-51.61,-24.03,0.0,85.0,3,19.45,6.45,-41.9,0.0,,8,,20260805
ASC,Ardmore Shipping Corporation,Industrials,Marine Shipping,NYSE,16.44,673034,670795008,0.7282,16.27,14.3,0.2339,-18.31,19.73,34.69,16.2,0.0,62.5,2,20.03,10.17,-17.92,0.0,,8,,20260805
IBTA,"Ibotta, Inc.",Technology,Software - Application,NYSE,35.32,193608,822071872,2.821,31.48,28.09,1.361,-10.78,55.8,-25.12,6.78,0.0,61.25,2,40.48,19.1,-12.76,0.0,,8,,20260805
CWH,"Camping World Holdings, Inc.",Consumer Cyclical,Auto & Truck Dealerships,NYSE,6.49,2460837,670383936,0.4549,6.9,9.2,-0.907,-18.69,-62.35,-78.71,-57.98,0.0,10.0,4,18.34,5.49,-64.61,0.0,,8,,20260805
THQ,Abrdn Healthcare Opportunities Fund,Financial Services,Asset Management,NYSE,18.89,204159,782753920,0.2577,18.43,17.69,1.8005,-0.38,-6.86,7.58,0.54,0.0,87.5,2,20.39,15.14,-7.36,0.0,,8,,20260805
APOG,"Apogee Enterprises, Inc.",Industrials,Building Products & Equipment,NASDAQ,42.96,252796,896501888,1.5523,40.02,36.99,1.8965,15.16,0.11,-14.43,-1.94,0.0,90.0,2,50.88,30.75,-15.57,0.0,,8,,20260805
CRESY,"Cresud Sociedad Anónima, Comercial, Inmobiliaria, Financiera y Agropecuaria",Industrials,Conglomerates,NASDAQ,11.06,290952,784432768,0.4079,11.33,11.51,-0.6585,-7.17,-27.74,-16.35,-18.04,0.0,61.5,3,14.21,8.19,-22.17,0.0,,8,,20260805
FFC,Flaherty & Crumrine Preferred Securities Income Fund Inc.,Financial Services,Asset Management,NYSE,16.14,114811,777591232,0.1492,15.95,15.78,1.2984,-4.74,-12.06,-16.62,-12.06,0.0,82.5,2,17.0,14.98,-5.06,0.0,,8,,20260805
NXRT,"NexPoint Residential Trust, Inc.",Real Estate,REIT - Residential,NYSE,24.76,236098,1276264832,0.8139,27.42,27.81,-3.2692,-21.06,-26.05,-36.2,-28.87,0.0,8.75,4,34.87,23.79,-28.99,0.0,,8,,20260805
IPZYF,IP Group Plc,Financial Services,Asset Management,PNK,0.91,176,799855360,0.0011,0.88,0.8,24.0528,2.52,0.34,10.14,4.8,0.0,75.0,2,0.91,0.68,-0.0,0.0,,8,,20260805
SMBC,"Southern Missouri Bancorp, Inc.",Financial Services,Banks - Regional,NASDAQ,78.86,103029,868336064,1.8602,74.18,64.46,2.5168,8.35,10.69,27.95,17.01,0.0,87.5,2,79.86,47.6,-1.25,0.0,,8,,20260805
PGC,Peapack-Gladstone Financial Corporation,Financial Services,Banks - Regional,NASDAQ,46.4,183872,822132736,1.4968,45.71,35.86,0.4598,1.48,27.05,63.89,35.39,0.0,88.75,2,49.14,24.66,-5.58,0.0,,8,,20260805
TMCR,The Metals Royalty Company Inc.,Basic Materials,Other Industrial Metals & Mining,NCM,6.1,77814,376993280,0.7087,8.04,6.1,-2.7404,-67.28,-70.59,-70.59,-69.77,0.0,36.25,3,21.38,5.14,-71.47,0.0,,8,,20260805
TXO,"TXO Partners, L.P.",Energy,Oil & Gas E&P,NYSE,13.58,188421,750193280,0.4008,12.98,12.04,1.5017,5.11,7.19,-21.55,-4.83,0.0,86.25,2,15.35,10.12,-11.51,0.0,,8,,20260805
WOOF,"Petco Health and Wellness Company, Inc.",Consumer Cyclical,Specialty Retail,NASDAQ,2.92,1967634,833850560,0.1157,2.73,2.85,1.6248,0.33,0.07,-23.99,-9.49,0.0,91.25,3,4.19,2.24,-30.31,0.0,,8,,20260805
PHIG,"PHI Group, Inc.",Industrials,Airports & Air Services,PNK,32.0,2789,777801152,0.2535,30.32,29.63,6.6271,-7.31,2.62,1.01,-0.51,0.0,78.75,2,32.5,25.0,-1.55,0.0,,8,,20260805
ARREF,Amerigo Resources Ltd.,Basic Materials,Copper,OQX,5.41,144677,873421888,0.3188,4.74,3.76,2.0935,20.92,15.63,241.99,107.5,0.0,87.5,2,5.65,1.45,-4.25,0.0,,8,,20260805
VTS,"Vitesse Energy, Inc.",Energy,Oil & Gas E&P,NYSE,15.8,519437,665248192,0.4609,16.09,18.29,-0.6293,-20.71,-33.16,-49.31,-36.51,0.0,23.25,4,27.15,15.0,-41.8,0.0,,8,,20260805
GFR,Greenfire Resources Ltd.,Energy,Oil & Gas E&P,NYSE,5.85,183293,733756864,0.2563,5.88,5.6,-0.1295,-18.66,-5.48,6.4,-4.02,0.0,70.75,3,7.02,4.14,-16.67,0.0,,8,,20260805
MCDIF,Mcdermott International Ltd.,Industrials,Engineering & Construction,PNK,4.5,55465,731920896,1.2937,17.83,22.68,-10.3038,-90.4,-94.3,-68.48,-82.99,0.0,3.75,4,28.75,4.0,-84.35,0.0,,8,,20260805
GRNCY,GrainCorp Limited,Consumer Defensive,Farm Products,PNK,7.15,36,794807040,0.0094,7.12,7.15,3.4644,-24.25,-36.78,-37.05,-33.75,0.0,50.0,3,10.49,7.1,-31.84,0.0,,8,,20260805
ENPSF,Enplas Corporation,Technology,Electronic Components,PNK,75.28,138,679907264,1.8192,80.71,54.49,-2.9847,-21.37,113.32,-1075.01,-395.69,0.0,25.0,3,110.0,29.71,-31.56,0.0,,8,,20260805
MPZAF,Mips AB (publ),Consumer Cyclical,Leisure,PNK,26.0,32,688769152,0.0764,26.19,37.05,-2.5057,-22.78,-50.3,-61.62,-47.95,0.0,12.0,4,44.6,25.0,-41.7,0.0,,8,,20260805
NMFCZ,New Mountain Finance Corporation 8.250% Notes due 2028,Unknown,Unknown,NASDAQ,25.09,11470,0,0.0862,24.91,24.31,2.0766,-5.14,-8.45,-15.73,-10.53,0.0,88.75,2,25.68,25.0,-2.3,0.0,,8,,20260805
NMFC,New Mountain Finance Corporation,Financial Services,Asset Management,NASDAQ,7.35,611598,694225088,0.2074,7.26,7.88,0.4281,-16.33,-18.06,-41.35,-26.95,0.0,45.75,3,10.71,6.73,-31.37,0.0,,8,,20260805
CLRPF,Clarity Pharmaceuticals Ltd,Healthcare,Biotechnology,PNK,1.45,12886,540967808,0.0989,1.63,2.2,-1.8188,-42.74,-44.99,-76.29,-56.95,0.0,1.25,4,3.6,1.23,-59.72,0.0,,8,,20260805
VCVOF,VinaCapital Vietnam Opportunity Fund Limited,Unknown,Unknown,PNK,5.91,3959,1146882750,0.1726,5.97,6.17,-0.3638,-12.97,-16.91,-25.63,-19.41,0.0,29.0,4,6.81,5.24,-13.22,0.0,,8,,20260805
SAFLY,Safilo Group S.p.A.,Healthcare,Medical Instruments & Supplies,PNK,3.76,31,735702528,0.0017,3.77,3.92,-7.9734,-21.46,-18.06,40.81,4.64,0.0,24.0,4,4.38,2.29,-14.16,0.0,,8,,20260805
SYBJF,Security Bank Corporation,Financial Services,Banks - Regional,PNK,0.99,133,762322816,0.0008,0.99,0.15,0.0,-20.47,-382.44,2489.12,856.68,0.0,50.0,3,1.38,0.97,-28.26,0.0,,8,,20260805
SNTNF,SNTNF,Basic Materials,Other Precious Metals & Mining,PNK,0.37,5,361675552,0.0108,0.64,0.19,-25.1683,3561.69,3556.94,3545.62,3553.6,0.0,50.0,3,0.76,0.01,-51.48,0.0,,8,,20260805
ANRO,"Alto Neuroscience, Inc.",Healthcare,Biotechnology,NYSE,28.03,504470,1089536640,1.8848,24.41,19.88,1.9193,3.51,61.22,792.7,339.38,0.0,88.75,2,28.85,3.0,-2.84,0.0,,8,,20260805
CXOXF,Core Lithium Ltd,Basic Materials,Other Industrial Metals & Mining,PNK,0.17,17512,550256256,0.0093,0.19,0.17,-2.1339,-33.68,-9.03,136.16,42.88,0.0,15.75,4,0.3,0.06,-43.33,0.0,,8,,20260805
HLFFF,HelloFresh SE,Consumer Defensive,Grocery Stores,PNK,4.42,2245,700069824,0.1782,4.49,5.71,-0.4203,-21.71,-50.54,-78.81,-54.64,0.0,20.75,4,11.0,3.75,-59.82,0.0,,8,,20260805
SCZM,Santacruz Silver Mining Ltd.,Basic Materials,Other Industrial Metals & Mining,NCM,7.96,508249,738215936,0.4849,6.83,8.43,2.3299,-4.32,-49.56,75.69,11.85,0.0,50.75,3,17.64,3.46,-54.89,0.0,,8,,20260805
CGBD,"Carlyle Secured Lending, Inc.",Financial Services,Asset Management,NASDAQ,10.28,566981,714430464,0.2685,10.43,10.94,-0.5596,-18.77,-18.75,-37.74,-26.35,0.0,34.0,4,14.04,9.95,-26.75,0.0,,8,,20260805
KFRC,Kforce Inc.,Industrials,Staffing & Employment Services,NYSE,58.63,221721,1050004672,2.4854,51.42,36.11,2.8989,27.97,57.74,55.7,49.48,0.0,90.0,2,61.68,24.49,-4.94,0.0,,8,,20260805
JSVGF,Johnson Service Group PLC,Unknown,Unknown,PNK,1.95,36,711472192,0.0008,1.95,1.5,0.0,7.4,56.75,47.75,40.81,0.0,75.0,3,2.05,1.18,-4.88,0.0,,8,,20260805
BRSP,"BrightSpire Capital, Inc.",Real Estate,REIT - Mortgage,NYSE,5.0,1530681,632620864,0.1516,5.35,5.38,-2.2959,-19.34,-24.02,-17.78,-20.35,0.0,22.0,4,6.17,4.85,-18.9,0.0,,8,,20260805
RLMD,"Relmada Therapeutics, Inc.",Healthcare,Biotechnology,NCM,5.44,1715265,571131136,0.3652,6.16,5.27,-1.9816,-32.62,30.92,761.24,307.16,0.0,37.5,3,8.0,0.55,-32.0,0.0,,8,,20260805
BIOA,"BioAge Labs, Inc.",Healthcare,Drug Manufacturers - Specialty & Generic,NASDAQ,10.98,768739,488091008,2.3802,20.02,16.61,-3.7974,-40.81,-57.08,125.1,19.86,0.0,40.0,3,25.95,4.25,-57.7,0.0,,8,,20260805
CGNT,Cognyte Software Ltd.,Technology,Software - Infrastructure,NASDAQ,9.13,729895,672934912,0.3583,9.05,8.84,0.2261,-14.22,-4.57,-23.53,-14.57,0.0,60.0,2,12.31,6.29,-25.83,0.0,,8,,20260805
MRVSY,Minerva S.A.,Consumer Defensive,Packaged Foods,OID,3.0,5863,743357184,0.0272,3.04,3.8,-1.6395,-7.66,-45.54,-41.63,-34.51,0.0,14.5,4,5.39,2.82,-44.34,0.0,,8,,20260805
ANPMF,Andean Precious Metals Corp.,Basic Materials,Silver,OQX,4.85,110962,674747456,0.3239,4.27,5.52,1.7979,4.69,-42.9,39.01,1.76,0.0,38.75,3,9.15,3.03,-46.96,0.0,,8,,20260805
EH,EHang Holdings Limited,Industrials,Aerospace & Defense,NASDAQ,5.35,1118090,405772672,0.3492,6.64,11.27,-3.6949,-53.77,-68.05,-92.42,-74.23,0.0,11.25,4,20.2,4.88,-73.51,0.0,,8,,20260805
HELFY,HelloFresh SE,Consumer Defensive,Grocery Stores,PNK,0.93,9296,533805888,0.0367,1.07,1.39,-3.8626,-37.17,-58.0,-89.56,-65.42,0.0,10.0,4,2.73,0.9,-65.9,0.0,,8,,20260805
TLOFF,Talon Metals Corp.,Basic Materials,Other Industrial Metals & Mining,OID,4.44,242659,715007424,0.2989,4.14,4.42,1.0133,-20.08,-19.38,72.28,17.11,0.0,60.0,3,6.82,2.24,-34.9,0.0,,8,,20260805
NIE,Virtus Equity & Convertible Income Fund,Financial Services,Asset Management,NYSE,26.3,64255,728745728,0.4244,26.24,24.62,0.1315,-4.25,-3.78,-2.08,-3.22,0.0,82.5,2,27.24,22.78,-3.45,0.0,,8,,20260805
AUCTF,Aucnet Inc.,Consumer Cyclical,Internet Retail,PNK,7.64,3,693105664,0.2577,-2.86,0.59,40.7396,-186.17,-190.92,-91.07,-149.79,0.0,62.0,3,7.76,4.48,-1.55,0.0,,8,,20260805
SRRTF,Slate Grocery REIT,Real Estate,REIT - Retail,PNK,12.17,16704,723421568,0.1527,12.26,11.21,-0.5796,-2.56,-2.48,0.11,-1.46,0.0,72.0,3,13.03,9.88,-6.6,0.0,,8,,20260805
MCEM,The Monarch Cement Company,Basic Materials,Building Materials,OQX,267.7,354,999846144,5.9881,281.82,251.58,-2.3581,-12.03,2.48,-3.36,-3.48,0.0,33.75,3,299.75,207.0,-10.69,0.0,,8,,20260805
IVR,Invesco Mortgage Capital Inc.,Real Estate,REIT - Mortgage,NYSE,7.43,2625678,760728704,0.1524,7.68,7.52,-1.6398,-9.69,-20.62,-6.59,-12.28,0.0,32.75,4,9.5,7.1,-21.79,0.0,,8,,20260805
FECCF,Frontera Energy Corporation,Energy,Oil & Gas E&P,OQX,5.85,111259,407617600,0.1861,5.99,4.13,-0.7612,2.4,49.51,134.05,71.55,0.0,68.25,3,11.87,3.55,-50.7,0.0,,8,,20260805
GRNT,"Granite Ridge Resources, Inc.",Energy,Oil & Gas E&P,NYSE,4.63,951286,610678464,0.1666,4.7,4.91,-0.405,-29.13,-15.63,-18.04,-19.97,0.0,35.25,4,6.14,4.18,-24.65,0.0,,8,,20260805
PEO,"Adams Natural Resources Fund, Inc.",Financial Services,Asset Management,NYSE,26.21,72380,720656384,0.4865,25.39,23.7,1.6808,-7.91,-3.4,11.91,1.6,0.0,90.0,2,28.88,20.57,-9.25,0.0,,8,,20260805
BTO,John Hancock Financial Opportunities Fund,Financial Services,Asset Management,NYSE,40.76,46149,807731776,0.8804,38.65,35.61,2.3998,4.76,-2.75,3.87,1.78,0.0,87.5,2,42.0,32.01,-2.95,0.0,,8,,20260805
GROY,Gold Royalty Corp.,Basic Materials,Gold,NYSE,2.89,1903359,667038592,0.117,2.79,3.65,0.8631,-22.62,-48.72,-20.83,-31.04,0.0,37.5,3,5.46,2.45,-47.02,0.0,,8,,20260805
GDOT,Green Dot Corporation,Financial Services,Credit Services,NYSE,13.48,441226,764082816,0.249,13.14,12.37,1.3822,1.29,0.01,11.89,5.08,0.0,87.5,2,15.41,9.31,-12.52,0.0,,8,,20260805
CBRL,"Cracker Barrel Old Country Store, Inc.",Consumer Cyclical,Restaurants,NASDAQ,58.75,1267542,1313148288,2.6014,47.34,34.06,4.3857,93.03,73.08,-18.93,41.26,0.0,90.0,2,63.61,24.85,-7.64,0.0,,8,,20260805
MITK,"Mitek Systems, Inc.",Technology,Software - Application,NCM,17.13,1071385,773571072,0.9073,17.64,13.32,-0.5608,4.6,65.65,65.55,50.35,0.0,69.5,3,21.05,8.53,-18.62,0.0,,8,,20260805
NOAH,Noah Holdings Limited,Financial Services,Asset Management,NYSE,8.27,83513,567700480,0.2242,8.8,9.28,-2.3566,-17.14,-30.12,-44.19,-32.51,0.0,6.25,4,12.84,8.14,-35.59,0.0,,8,,20260805
FTK,"Flotek Industries, Inc.",Energy,Oil & Gas Equipment & Services,NYSE,36.07,335136,1304921856,2.4074,24.07,18.54,4.9847,107.31,86.72,185.24,131.27,0.0,88.75,2,37.39,10.95,-3.54,0.0,,8,,20260805
CHXMF,Troilus Mining Corp.,Basic Materials,Other Industrial Metals & Mining,OQX,1.29,159855,714987136,0.0608,1.26,1.23,0.4191,-0.02,-19.16,160.2,57.37,0.0,63.75,2,1.7,0.49,-23.94,0.0,,8,,20260805
MAMTF,MCAN Mortgage Corporation,Financial Services,Mortgage Finance,PNK,18.16,398,739130688,0.067,17.96,16.51,2.9436,-6.57,1.97,-0.4,-1.11,0.0,75.0,2,18.64,14.62,-2.58,0.0,,8,,20260805
QNC,Quantum eMotion Corp.,Technology,Software - Infrastructure,NYSE,2.19,1725627,480419584,0.1822,2.77,2.19,-3.2004,-27.86,-54.81,-54.81,-48.07,0.0,31.25,3,4.44,1.9,-50.68,0.0,,8,,20260805
ORRF,"Orrstown Financial Services, Inc.",Financial Services,Banks - Regional,NCM,43.31,136513,850946752,1.1542,39.94,36.55,2.9226,11.55,4.16,15.07,10.37,0.0,88.75,2,43.81,31.51,-1.14,0.0,,8,,20260805
GRPN,"Groupon, Inc.",Communication Services,Internet Content & Information,NASDAQ,27.29,1809014,1036582848,1.8796,22.75,17.25,2.4178,74.34,88.58,-35.2,35.51,0.0,86.25,2,43.08,9.17,-36.65,0.0,,8,,20260805
ADSE,ADS-TEC Energy PLC,Industrials,Electrical Equipment & Parts,NCM,11.57,12737,869250944,0.6279,11.8,11.5,-0.3721,-6.29,-4.71,-19.92,-11.19,0.0,75.75,3,13.5,7.89,-14.3,0.0,,8,,20260805
COVCF,COVER Corporation,Technology,Software - Application,PNK,9.3,244,593063936,0.2918,9.57,10.09,-0.9177,-3.97,-23.49,-56.72,-31.9,0.0,50.25,4,15.97,7.3,-41.77,0.0,,8,,20260805
NNCSF,Nanosonics Limited,Healthcare,Medical Instruments & Supplies,PNK,2.19,196,654614848,0.0201,2.4,2.56,-10.563,-15.06,-23.91,-36.05,-26.55,0.0,0.0,4,3.06,2.01,-28.37,0.0,,8,,20260805
MPZAY,Mips AB (publ),Consumer Cyclical,Leisure,PNK,21.53,135,1140707712,0.727,14.97,14.49,9.0242,31.86,39.71,28.39,33.22,0.0,76.25,2,24.22,12.0,-11.11,0.0,,8,,20260805
COHTF,COHTF,Industrials,Aerospace & Defense,PNK,16.47,15,754775360,0.0252,15.2,15.26,50.1155,19.74,14.98,-40.02,-5.83,0.0,75.0,3,19.95,12.31,-17.47,0.0,,8,,20260805
TOTZF,Total Energy Services Inc.,Energy,Oil & Gas Equipment & Services,PNK,16.49,46357,604605824,0.6001,16.72,13.99,-0.3766,-14.72,25.29,75.59,35.41,0.0,47.0,3,20.3,8.68,-18.77,0.0,,8,,20260805
NUFMF,Nufarm Limited,Basic Materials,Agricultural Inputs,OQX,1.94,698,745459712,0.0045,1.95,1.63,-1.9518,-8.22,18.69,-7.86,1.34,0.0,62.0,3,2.22,0.99,-12.61,0.0,,8,,20260805
RDVT,"Red Violet, Inc.",Technology,Software - Application,NCM,68.28,189414,963357120,2.9111,61.07,50.62,2.4756,62.29,59.8,28.18,47.78,0.0,90.0,2,71.19,33.4,-4.09,0.0,,8,,20260805
TMQ,Trilogy Metals Inc.,Basic Materials,Other Industrial Metals & Mining,NYSE,3.52,2123740,608064640,0.1955,3.57,4.24,-0.2404,-23.22,-50.69,98.07,15.68,0.0,25.75,4,11.29,1.43,-68.82,0.0,,8,,20260805
SXC,"SunCoke Energy, Inc.",Basic Materials,Coking Coal,NYSE,9.62,1652385,816496000,0.4878,8.72,7.33,1.8457,30.95,10.2,16.77,18.01,0.0,90.0,2,9.74,5.52,-1.23,0.0,,8,,20260805
NKLR,Terra Innovatum Global N.V.,Utilities,Utilities - Regulated Electric,NASDAQ,5.76,376990,636485248,0.5375,5.23,5.47,0.9887,-11.58,9.54,-68.81,-27.08,0.0,63.75,3,21.91,3.73,-73.7,0.0,,8,,20260805
VTXPF,Victrex plc,Basic Materials,Specialty Chemicals,PNK,9.12,99,794591168,0.0177,8.55,8.3,32.5434,5.56,-2.98,-26.31,-10.18,0.0,75.0,2,10.1,7.74,-9.7,0.0,,8,,20260805
CBLL,"CeriBell, Inc.",Healthcare,Medical Devices,NASDAQ,18.29,366745,693972032,0.7948,18.52,18.56,-0.2854,-16.84,-22.93,-3.22,-13.52,0.0,34.0,4,24.33,10.85,-24.83,0.0,,8,,20260805
SMBK,"SmartFinancial, Inc.",Financial Services,Banks - Regional,NYSE,52.99,107781,906048064,1.4406,46.51,40.72,4.5002,19.94,13.51,35.54,23.93,0.0,95.0,2,54.14,32.64,-2.12,0.0,,8,,20260805
NLLSY,Nel ASA,Industrials,Specialty Industrial Machinery,PNK,7.67,175,469925504,0.0327,8.73,7.63,-32.3272,-16.93,6.31,-29.56,-13.85,0.0,25.0,3,11.62,6.49,-33.99,0.0,,8,,20260805
RVI,Robinhood Ventures Fund I,Financial Services,Asset Management,NYSE,27.0,711154,735674816,2.4061,34.58,27.0,-3.1498,-21.59,13.48,13.48,4.71,0.0,33.75,3,77.39,21.0,-65.11,0.0,,8,,20260805
MAKO,Mako Mining Corp.,Basic Materials,Gold,NCM,8.2,156721,718030080,0.4199,7.61,6.89,1.4056,2.56,-0.97,100.12,40.35,0.0,61.25,2,8.99,3.78,-8.79,0.0,,8,,20260805
IGR,CBRE Global Real Estate Income Fund,Financial Services,Asset Management,NYSE,4.69,534657,710065152,0.0735,4.56,4.38,1.7795,-3.74,-5.16,-11.24,-7.24,0.0,85.0,2,5.28,4.15,-11.17,0.0,,8,,20260805
RMT,"Royce Micro-Cap Trust, Inc.",Financial Services,Asset Management,NYSE,14.15,137778,756721024,0.2939,13.96,11.88,0.6491,-0.79,13.38,37.72,19.57,0.0,85.0,2,14.78,9.39,-4.26,0.0,,8,,20260805
JBI,"Janus International Group, Inc.",Industrials,Building Products & Equipment,NYSE,5.64,1673170,769253504,0.1923,5.3,6.17,1.7536,4.39,-28.68,-58.78,-32.45,0.0,78.25,3,10.8,4.26,-47.78,0.0,,8,,20260805
LPKFF,LPKF Laser & Electronics SE,Industrials,Specialty Industrial Machinery,PNK,17.5,103093,428689568,1.6306,22.48,13.72,-3.0541,-41.41,69.68,45.61,32.28,0.0,31.25,3,33.69,6.19,-48.06,0.0,,8,,20260805
RTWFF,RTW Biotech Opportunities Ltd,Unknown,Unknown,PNK,2.44,2414,0,0.0054,2.31,2.07,24.2392,14.3,-3.06,71.34,31.04,0.0,75.0,2,2.44,1.31,0.0,0.0,,8,,20260805
DSP,Viant Technology Inc.,Technology,Software - Application,NASDAQ,12.31,278080,807768960,0.7411,11.98,11.07,0.4492,-0.97,-3.49,-33.98,-15.05,0.0,90.0,2,14.16,8.11,-13.06,0.0,,8,,20260805
RA,Brookfield Real Assets Income Fund Inc.,Financial Services,Asset Management,NYSE,12.9,149042,712785536,0.1142,12.69,12.45,1.8036,-4.23,-7.96,-15.12,-9.89,0.0,90.0,2,13.59,12.5,-5.08,0.0,,8,,20260805
FWRG,"First Watch Restaurant Group, Inc.",Consumer Cyclical,Restaurants,NASDAQ,12.86,1228240,793621888,0.6414,12.04,14.04,1.271,-1.05,-35.91,-48.72,-32.32,0.0,75.75,3,19.53,9.97,-34.15,0.0,,8,,20260805
TBLD,Thornburg Income Builder Opportunities Trust,Financial Services,Asset Management,NASDAQ,22.16,51391,710934528,0.3843,21.86,20.8,0.7817,-4.03,-4.46,-3.17,-3.83,0.0,90.0,2,23.02,19.48,-3.74,0.0,,8,,20260805
SLRC,SLR Investment Corp.,Financial Services,Asset Management,NASDAQ,12.66,471491,690661632,0.3277,12.74,13.87,-0.2358,-25.41,-21.5,-34.26,-27.58,0.0,34.0,4,16.83,12.13,-24.78,0.0,,8,,20260805
FDUS,Fidus Investment Corporation,Financial Services,Asset Management,NASDAQ,20.13,345870,764021312,0.4769,19.08,18.2,2.1968,1.94,0.25,-13.5,-4.83,0.0,87.5,2,21.67,16.87,-7.11,0.0,,8,,20260805
QNST,"QuinStreet, Inc.",Communication Services,Advertising Agencies,NASDAQ,15.47,794590,888679872,0.6416,14.45,13.51,1.5849,5.23,22.99,-32.95,-3.83,0.0,86.25,2,18.02,10.29,-14.15,0.0,,8,,20260805
CAZGF,Catapult Sports Ltd,Technology,Scientific & Technical Instruments,PNK,2.42,4080,764660800,0.0996,2.43,2.77,-0.0717,-7.29,-14.71,-68.5,-34.37,0.0,40.75,4,5.19,1.99,-53.37,0.0,,8,,20260805
CYRX,"Cryoport, Inc.",Industrials,Integrated Freight & Logistics,NCM,15.25,813300,768635264,0.6794,15.46,11.13,-0.3097,18.47,49.48,89.68,57.81,0.0,77.0,3,16.89,7.51,-9.71,0.0,,8,,20260805
NLLSF,Nel ASA,Industrials,Specialty Industrial Machinery,PNK,0.15,14606,275705984,0.0156,0.25,0.25,-6.6242,-68.74,-46.29,-66.62,-60.03,0.0,1.25,4,0.43,0.11,-64.79,0.0,,8,,20260805
ALRS,Alerus Financial Corporation,Financial Services,Banks - Regional,NCM,33.77,234724,840982336,1.1396,30.82,25.31,2.5916,18.88,21.85,43.42,29.74,0.0,88.75,2,34.37,20.31,-1.75,0.0,,8,,20260805
PIAGF,Piaggio & C. SpA,Consumer Cyclical,Auto Manufacturers,PNK,2.0,178,704596096,0.0148,2.0,2.04,0.1892,-3.54,-16.27,-35.18,-20.65,0.0,62.0,3,2.5,1.8,-20.0,0.0,,8,,20260805
RSKD,Riskified Ltd.,Technology,Software - Application,NYSE,5.24,999345,701132288,0.1534,5.04,4.71,1.2957,2.08,10.77,-20.37,-3.86,0.0,85.0,2,5.49,3.7,-4.47,0.0,,8,,20260805
ALPIB,Alpine Banks of Colorado,Financial Services,Banks - Regional,OQX,50.7,3152,679888704,0.4511,47.72,43.88,6.5959,-2.27,9.68,60.16,26.89,0.0,87.5,2,50.87,28.19,-0.32,0.0,,8,,20260805
DC,Dakota Gold Corp.,Basic Materials,Gold,NYSE,5.36,1490872,717854592,0.2621,4.76,5.29,2.2744,-7.0,-28.09,19.24,-3.89,0.0,62.5,3,7.25,3.74,-26.07,0.0,,8,,20260805
ASPI,ASP Isotopes Inc.,Basic Materials,Chemicals,NCM,4.05,5072350,509908992,0.4043,5.68,6.11,-4.0334,-27.69,-48.05,-80.23,-55.83,0.0,7.5,4,14.49,3.51,-72.05,0.0,,8,,20260805
IBCP,Independent Bank Corporation,Financial Services,Banks - Regional,NASDAQ,38.4,182240,791137408,0.8642,35.61,33.6,3.2229,8.77,-4.84,9.51,4.3,0.0,88.75,2,39.24,29.83,-2.14,0.0,,8,,20260805
PGGCY,Piaggio & C. SpA,Consumer Cyclical,Auto Manufacturers,PNK,8.52,3,750394880,0.0323,8.0,8.73,16.1653,-12.64,-17.39,-26.7,-19.93,0.0,37.0,3,9.0,7.94,-5.33,0.0,,8,,20260805
ODD,Oddity Tech Ltd.,Consumer Defensive,Household & Personal Products,NASDAQ,15.22,1487696,702015680,1.0475,14.16,24.98,1.0093,-3.31,-64.1,-102.76,-64.36,0.0,62.5,3,64.23,9.25,-76.3,0.0,,8,,20260805
SGP,"SpyGlass Pharma, Inc.",Healthcare,Biotechnology,NASDAQ,23.68,112960,791701888,1.4783,20.08,23.68,2.432,-9.62,-22.36,-22.36,-19.17,0.0,66.25,3,32.44,17.06,-27.0,0.0,,8,,20260805
YNGFF,Yangzijiang Financial Holding Ltd.,Financial Services,Asset Management,PNK,0.17,61,583671552,0.0008,0.18,0.31,-15.4807,-27.68,-51.74,-98.99,-64.63,0.0,0.0,4,0.95,0.16,-82.43,0.0,,8,,20260805
FISI,"Financial Institutions, Inc.",Financial Services,Banks - Regional,NASDAQ,42.46,160388,836732032,1.0028,38.58,33.2,3.8672,16.35,14.05,52.7,30.09,0.0,90.0,2,42.97,24.62,-1.19,0.0,,8,,20260805
ARAAF,Aclara Resources Inc.,Basic Materials,Other Industrial Metals & Mining,OID,2.61,81616,638635200,0.1919,2.87,2.51,-1.3477,-27.78,-25.23,125.26,34.33,0.0,43.75,3,4.0,1.0,-34.75,0.0,,8,,20260805
HSTM,"HealthStream, Inc.",Healthcare,Health Information Services,NASDAQ,28.01,225488,818317440,1.1527,26.96,23.69,0.908,8.53,22.2,-15.19,3.83,0.0,86.25,2,30.0,19.5,-6.63,0.0,,8,,20260805
CCD,Calamos Dynamic Convertible and Income Fund,Financial Services,Asset Management,NASDAQ,25.48,81060,728291264,0.6408,25.08,22.28,0.62,-1.55,6.56,14.42,7.68,0.0,87.5,2,26.1,19.98,-2.38,0.0,,8,,20260805
BTBT,"Bit Digital, Inc.",Financial Services,Capital Markets,NCM,1.38,27676257,481519008,0.1353,1.72,1.99,-2.5315,-29.54,-40.73,-79.08,-53.27,0.0,7.5,4,4.55,1.18,-69.67,0.0,,8,,20260805
CSHR,CoinShares PLC,Financial Services,Capital Markets,NASDAQ,4.9,266277,645723008,0.3565,4.27,4.9,1.7769,-30.43,-60.87,-60.87,-53.26,0.0,63.75,3,10.43,3.51,-53.02,0.0,,8,,20260805
HRTG,"Heritage Insurance Holdings, Inc.",Financial Services,Insurance - Property & Casualty,NYSE,30.23,453859,915168640,1.022,25.47,26.41,4.6598,-2.46,1.67,19.21,7.65,0.0,91.25,3,31.98,16.82,-5.47,0.0,,8,,20260805
CSV,"Carriage Services, Inc.",Consumer Cyclical,Personal Services,NYSE,41.4,129249,657114432,1.2672,39.02,42.65,1.8775,-19.19,-15.42,-31.34,-22.73,0.0,49.5,3,52.1,36.39,-20.54,0.0,,8,,20260805
NTGR,"NETGEAR, Inc.",Technology,Communication Equipment,NASDAQ,24.38,382226,654356864,1.0413,23.93,24.4,0.4302,-11.47,4.14,-20.4,-9.58,0.0,54.5,3,36.86,19.0,-33.86,0.0,,8,,20260805
LUOYF,Triumph New Energy Company Limited,Basic Materials,Building Materials,PNK,0.46,4,295331712,0.0002,0.46,0.55,0.0,-28.93,-33.69,-21.74,-27.72,0.0,25.0,3,0.58,0.46,-21.62,0.0,,8,,20260805
CLNFF,Calian Group Ltd.,Industrials,Specialty Business Services,PNK,58.88,1213,676561216,0.5709,59.43,49.99,-0.9681,5.29,7.72,33.09,17.26,0.0,62.0,3,66.69,33.53,-11.71,0.0,,8,,20260805
ALLO,"Allogene Therapeutics, Inc.",Healthcare,Biotechnology,NASDAQ,1.95,8281044,673051392,0.1258,1.97,1.87,-0.1367,-16.77,-0.16,53.96,17.33,0.0,47.0,3,4.46,0.98,-56.28,0.0,,8,,20260805
NABL,"N-able, Inc.",Technology,Information Technology Services,NYSE,4.99,2090514,940007616,0.3249,3.96,5.53,3.1575,-15.41,-22.97,-60.94,-36.27,0.0,77.0,3,9.04,2.92,-44.8,0.0,,8,,20260805
PKE,Park Aerospace Corp.,Industrials,Aerospace & Defense,NYSE,37.79,340898,821978304,1.959,34.34,27.48,1.7616,5.67,44.1,89.17,52.52,0.0,83.75,2,39.86,17.25,-5.19,0.0,,8,,20260805
ZNOG,"Zion Oil & Gas, Inc.",Energy,Oil & Gas E&P,OQX,0.38,3617304,455754336,0.0364,0.47,0.36,-2.3787,-14.97,-18.33,37.1,4.68,0.0,33.75,3,0.7,0.15,-45.0,0.0,,8,,20260805
CTO,"CTO Realty Growth, Inc.",Real Estate,REIT - Diversified,NYSE,21.8,401516,817182912,0.4942,21.22,18.72,1.1658,1.25,15.02,18.72,13.05,0.0,83.75,2,22.71,15.07,-4.01,0.0,,8,,20260805
SLDP,"Solid Power, Inc.",Consumer Cyclical,Auto Parts,NASDAQ,2.14,5438809,481465120,0.1463,2.62,3.9,-3.2626,-45.66,-63.93,-59.81,-57.71,0.0,12.5,4,8.86,1.98,-75.85,0.0,,8,,20260805
SWBI,"Smith & Wesson Brands, Inc.",Industrials,Aerospace & Defense,NASDAQ,14.71,691244,657935168,0.4886,15.0,12.56,-0.5867,-8.95,19.04,72.06,33.25,0.0,49.5,3,17.56,7.83,-16.23,0.0,,8,,20260805
VELO,"Velo3D, Inc.",Technology,Computer Hardware,NCM,12.73,3569159,379366752,1.6917,16.92,12.94,-2.4745,-11.63,-29.14,75.59,17.13,0.0,23.25,4,31.75,2.81,-59.91,0.0,,8,,20260805
GDRZF,Gold Reserve Ltd.,Basic Materials,Gold,OQX,4.6,78565,680197568,0.1597,4.67,3.56,-0.4076,-5.53,29.31,-6.86,6.13,0.0,72.0,3,5.6,1.15,-17.86,0.0,,8,,20260805
DGTCF,Digital Core REIT,Real Estate,REIT - Specialty,PNK,,6812,635052672,0.0004,,,,,,,,0.0,12.0,3,0.59,0.45,,0.0,,8,,20260805
DSGN,"Design Therapeutics, Inc.",Healthcare,Biotechnology,NASDAQ,13.57,952145,849233024,0.8689,12.47,10.72,1.2661,-5.44,18.63,219.36,92.9,0.0,62.5,2,17.25,3.95,-21.33,0.0,,8,,20260805
BBOT,"BridgeBio Oncology Therapeutics, Inc.",Healthcare,Biotechnology,NASDAQ,8.96,418888,717759680,0.5395,8.21,10.09,1.3963,1.71,-36.81,-29.0,-24.06,0.0,63.75,3,14.87,7.0,-39.74,0.0,,8,,20260805
MRLN,"Merlin, Inc.",Industrials,Aerospace & Defense,NASDAQ,4.15,2578852,400574816,0.4806,5.45,9.09,-2.6951,-60.37,-72.97,-83.18,-73.9,0.0,13.75,4,17.0,3.27,-75.59,0.0,,8,,20260805
ASGOF,Asante Gold Corporation,Basic Materials,Gold,OQX,0.62,93025,479909504,0.0392,0.58,1.06,1.0432,-30.96,-67.8,-63.65,-56.93,0.0,33.75,3,1.85,0.44,-66.53,0.0,,8,,20260805
EGHSF,Enghouse Systems Limited,Technology,Software - Application,PNK,12.4,21560,674206080,0.225,11.83,12.88,2.5169,-10.56,-14.53,-45.66,-25.99,0.0,50.75,3,16.58,10.73,-25.21,0.0,,8,,20260805
FOXF,Fox Factory Holding Corp.,Consumer Cyclical,Auto Parts,NASDAQ,19.66,581949,824464320,0.93,18.02,17.85,1.7612,4.69,-5.39,-57.45,-23.69,0.0,92.5,2,30.75,13.08,-36.05,0.0,,8,,20260805
SKYH,Sky Harbour Group Corporation,Real Estate,Real Estate - Development,NYSE,11.03,175316,844103232,0.3645,9.82,9.58,3.326,1.19,6.24,-10.42,-1.69,0.0,86.25,2,11.17,8.22,-1.26,0.0,,8,,20260805
HIPO,Hippo Holdings Inc.,Financial Services,Insurance - Property & Casualty,NYSE,32.33,148863,853168704,1.3726,27.66,29.18,3.403,7.57,-5.22,-1.95,-0.72,0.0,87.5,3,38.98,24.08,-17.06,0.0,,8,,20260805
TRNS,"Transcat, Inc.",Industrials,Specialty Business Services,NASDAQ,93.75,162570,877482176,4.5799,88.61,73.5,1.1223,17.82,35.8,2.02,17.79,0.0,90.0,2,95.22,50.23,-1.54,0.0,,8,,20260805
INN,"Summit Hotel Properties, Inc.",Real Estate,REIT - Hotel & Motel,NYSE,6.82,1485436,739049856,0.2263,6.51,5.18,1.3557,24.73,48.24,20.08,31.1,0.0,86.25,2,7.17,3.98,-4.88,0.0,,8,,20260805
NTCPF,NorthIsle Copper and Gold Inc.,Basic Materials,Other Industrial Metals & Mining,OQX,2.78,370280,923120448,0.1507,2.15,1.98,4.2124,31.68,12.99,169.32,80.19,0.0,87.5,2,2.85,0.8,-2.46,0.0,,8,,20260805
SHBI,"Shore Bancshares, Inc.",Financial Services,Banks - Regional,NASDAQ,24.37,216239,813282368,0.5436,22.54,19.15,3.3582,18.67,12.8,39.39,24.9,0.0,88.75,2,24.89,14.93,-2.09,0.0,,8,,20260805
SOLTF,"Nxera Pharma Co., Ltd.",Healthcare,Biotechnology,PNK,5.73,47,525619488,0.0343,6.26,5.8,-15.3689,-21.66,-6.73,-30.96,-20.16,0.0,12.0,4,7.31,4.9,-21.66,0.0,,8,,20260805
KRNT,Kornit Digital Ltd.,Industrials,Specialty Industrial Machinery,NASDAQ,16.85,271478,780837056,0.6182,15.79,14.86,1.7167,-2.75,12.67,-34.4,-10.01,0.0,60.0,2,19.78,11.93,-14.81,0.0,,8,,20260805
BOE,BlackRock Enhanced Global Dividend Trust,Financial Services,Asset Management,NYSE,12.31,100986,684437568,0.1707,11.92,11.36,2.3008,0.16,-4.78,-5.42,-3.8,0.0,83.75,2,12.37,10.59,-0.49,0.0,,8,,20260805
PFN,PIMCO Income Strategy Fund II,Financial Services,Asset Management,NYSE,7.03,484281,693158720,0.0693,6.93,6.86,1.4725,-5.07,-12.06,-18.64,-12.95,0.0,85.0,2,7.67,6.53,-8.34,0.0,,8,,20260805
VEL,"Velocity Financial, Inc.",Financial Services,Mortgage Finance,NYSE,17.67,95865,693640832,0.4662,17.59,18.53,0.1635,-15.22,-25.1,-17.12,-19.44,0.0,47.0,3,21.39,16.27,-17.41,0.0,,8,,20260805
SERV,Serve Robotics Inc.,Industrials,Integrated Freight & Logistics,NCM,5.66,4711662,481610688,0.3937,6.48,9.52,-2.0929,-44.71,-59.78,-69.54,-59.91,0.0,7.5,4,18.64,4.32,-69.64,0.0,,8,,20260805
AHRT,AH REALTY TRUST INC,Real Estate,REIT - Diversified,NYSE,6.94,877998,675064960,0.1553,6.88,6.29,0.3786,3.39,-6.09,-11.45,-5.86,0.0,83.75,2,7.71,5.13,-9.99,0.0,,8,,20260805
SVCTF,Senvest Capital Inc.,Financial Services,Asset Management,PNK,307.7,50,744949120,3.9306,280.6,267.53,6.8937,7.33,1.94,-1.15,2.05,0.0,80.0,2,307.7,239.92,0.0,0.0,,8,,20260805
SB,"Safe Bulkers, Inc.",Industrials,Marine Shipping,NYSE,7.64,839916,778007744,0.2898,6.88,5.94,2.6156,1.85,22.23,69.48,36.04,0.0,88.75,2,8.05,4.1,-5.09,0.0,,8,,20260805
HAYPY,Hays plc,Industrials,Staffing & Employment Services,PNK,4.5,28,706492032,0.0055,4.36,6.25,24.8265,-1.18,-49.73,-73.34,-47.04,0.0,50.0,3,9.06,3.89,-50.33,0.0,,8,,20260805
YITJF,YITJF,Industrials,Engineering & Construction,PNK,2.91,5,671391040,0.0048,2.91,5.55,0.0,-62.88,-67.63,-78.96,-70.97,0.0,25.0,3,6.55,2.91,-55.57,0.0,,8,,20260805
FEIM,"Frequency Electronics, Inc.",Technology,Communication Equipment,NASDAQ,71.03,279340,778278080,6.3899,67.13,52.25,0.6106,19.71,15.36,132.83,63.44,0.0,90.0,2,80.52,25.54,-11.79,0.0,,8,,20260805
RSVR,"Reservoir Media, Inc.",Communication Services,Entertainment,NASDAQ,10.26,64168,674925952,0.3452,10.27,8.89,-0.0571,-4.59,29.8,7.99,12.48,0.0,75.75,3,13.39,7.07,-23.41,0.0,,8,,20260805
BLMN,"Bloomin' Brands, Inc.",Consumer Cyclical,Restaurants,NASDAQ,11.85,2371139,1014529344,0.6694,8.32,7.07,5.2773,99.1,79.2,11.75,57.2,0.0,88.75,2,12.63,5.19,-6.18,0.0,,8,,20260805
AVNBF,Avon Technologies Plc,Industrials,Aerospace & Defense,PNK,22.49,293,662293888,0.0065,22.49,24.17,0.0,-16.66,-27.64,-39.46,-29.62,0.0,37.0,3,28.1,21.28,-19.97,0.0,,8,,20260805
EVER,"EverQuote, Inc.",Communication Services,Internet Content & Information,NASDAQ,23.57,764536,833748224,1.4639,22.83,21.1,0.5067,-7.68,11.36,-31.82,-10.67,0.0,87.5,2,28.73,13.88,-17.96,0.0,,8,,20260805
MRRDF,Meridian Mining Plc,Basic Materials,Other Industrial Metals & Mining,OQX,1.12,23597,538920000,0.0463,1.17,1.18,-1.0733,-16.16,-19.29,77.48,20.2,0.0,27.75,4,1.56,0.57,-28.21,0.0,,8,,20260805
HSHP,Himalaya Shipping Ltd.,Industrials,Marine Shipping,NYSE,15.47,316698,729333184,0.5954,14.5,11.56,1.6266,-0.53,45.6,117.44,62.8,0.0,87.5,2,16.69,7.12,-7.31,0.0,,8,,20260805
SVMB,"Jingbo Technology, Inc.",Technology,Software - Application,OID,0.85,145,470962976,0.0109,1.03,1.68,-17.1067,-57.42,-66.95,-106.79,-80.5,0.0,0.0,4,5.11,0.85,-83.4,0.0,,8,,20260805
AXG,Solowin Holdings,Financial Services,Capital Markets,NCM,2.78,143840,529461632,0.0957,3.29,3.61,-5.3458,-31.29,-19.87,-54.33,-36.51,0.0,3.75,4,5.09,2.35,-45.38,0.0,,8,,20260805
BZH,"Beazer Homes USA, Inc.",Consumer Cyclical,Residential Construction,NYSE,34.07,589970,931263360,1.0822,29.28,24.08,4.4236,79.04,37.13,29.95,44.73,0.0,90.0,2,34.5,17.83,-1.25,0.0,,8,,20260805
OIO,OIO Group,Industrials,Waste Management,NCM,1.84,71278,640360704,0.2656,2.11,7.64,-0.9988,0.34,-94.19,-102.7,-73.96,0.0,31.25,4,12.96,1.5,-85.8,0.0,,8,,20260805
ACP,Abrdn Income Credit Strategies Fund,Financial Services,Asset Management,NYSE,5.02,467591,629862784,0.0617,5.12,5.01,-1.6408,-9.09,-14.37,-23.34,-16.64,0.0,44.5,3,5.99,4.99,-16.19,0.0,,8,,20260805
OFRM,"Once Upon A Farm, PBC",Consumer Defensive,Packaged Foods,NYSE,17.22,515431,721552960,1.1568,17.53,17.22,-0.2668,10.51,-30.25,-30.25,-20.06,0.0,73.25,3,27.0,14.0,-36.22,0.0,,8,,20260805
NGVC,"Natural Grocers by Vitamin Cottage, Inc.",Consumer Defensive,Grocery Stores,NYSE,31.95,128709,736153152,1.2534,31.31,28.49,0.5074,5.09,4.5,-36.07,-11.58,0.0,86.25,2,45.98,23.47,-30.51,0.0,,8,,20260805
GSHRF,Gold X2 Mining Inc,Basic Materials,Gold,PNK,5.45,18325,517683680,0.3417,5.28,4.87,0.4887,-15.8,2.17,174.5,66.61,0.0,60.0,2,8.77,0.76,-37.83,0.0,,8,,20260805
RWTN,"Redwood Trust, Inc. 9.125% Seni",Unknown,Unknown,NYSE,24.95,6267,0,0.1672,24.85,24.26,0.5917,-6.32,-9.82,-12.5,-10.01,0.0,82.5,2,25.77,23.45,-3.19,0.0,,8,,20260805
RWT,"Redwood Trust, Inc.",Real Estate,REIT - Mortgage,NYSE,4.57,2479475,574024000,0.1851,4.92,5.17,-1.8899,-21.51,-22.62,-32.2,-26.17,0.0,8.75,4,6.97,4.19,-34.43,0.0,,8,,20260805
HOVVB,"Hovnanian Enterprises, Inc.",Consumer Cyclical,Residential Construction,PNK,110.0,0,644555648,0.0023,110.0,109.85,0.0,-7.31,-7.3,-18.62,-11.83,0.0,62.0,3,125.0,105.0,-12.0,0.0,,8,,20260805
HOVNP,"Hovnanian Enterprises, Inc. PFD DEP1/1000A",Unknown,Unknown,NASDAQ,19.7,4472,2903124928,0.2559,20.17,19.77,-1.852,-9.49,-11.91,-12.35,-11.48,0.0,31.5,4,21.9,18.52,-10.05,0.0,,8,,20260805
HOV,"Hovnanian Enterprises, Inc.",Consumer Cyclical,Residential Construction,NYSE,137.94,132957,808272832,6.3133,126.29,117.56,1.8457,24.07,6.38,-20.06,0.23,0.0,91.25,2,162.06,91.52,-14.88,0.0,,8,,20260805
KRUS,"Kura Sushi USA, Inc.",Consumer Cyclical,Restaurants,NASDAQ,49.23,370390,598136448,2.6355,50.03,57.46,-0.3037,-17.96,-43.67,-67.49,-46.77,0.0,20.75,4,87.99,42.62,-44.05,0.0,,8,,20260805
WTI,"W&T Offshore, Inc.",Energy,Oil & Gas E&P,NYSE,3.25,5085739,483527520,0.2324,3.54,2.81,-1.2375,-29.26,37.68,67.69,32.95,0.0,36.25,3,5.08,1.5,-36.02,0.0,,8,,20260805
DGICB,Donegal Group Inc.,Financial Services,Insurance - Property & Casualty,NASDAQ,23.65,4459,876223104,1.4639,21.39,17.77,1.5436,24.79,30.98,50.76,37.35,0.0,82.5,2,29.99,13.88,-21.14,0.0,,8,,20260805
THSGF,Thesis Gold & Silver Inc.,Basic Materials,Other Industrial Metals & Mining,OQX,2.19,57232,610897344,0.103,2.13,2.0,0.6152,-15.38,-11.31,180.85,64.54,0.0,58.75,2,2.88,0.72,-24.01,0.0,,8,,20260805
XNDU,Xanadu Quantum Technologies Limited,Technology,Software - Infrastructure,NASDAQ,11.45,3774857,3417954560,0.845,12.3,11.45,-1.004,-21.82,25.19,25.19,13.44,0.0,36.25,3,42.44,6.97,-73.02,0.0,,8,,20260805
TIPT,Tiptree Inc.,Financial Services,Asset Management,NCM,17.92,263175,667335296,0.4299,17.8,17.48,0.287,-1.21,-9.96,-33.51,-17.19,0.0,91.25,2,27.41,15.49,-34.62,0.0,,8,,20260805
