ticker,name,sector,industry,exchange,close,avg_volume_50d,market_cap,atr14,sma50,sma200,atr_extension,rs_3m,rs_6m,rs_12m,rs_score,rs_percentile,trend_strength,stage,52w_high,52w_low,pct_from_52w_high,rts_composite,rts_grade,rts_grade_rank,colour_band,run_date
NVDA,NVIDIA Corporation,Technology,Semiconductors,NASDAQ,219.22,153482755,5309727768576,7.8763,205.73,193.41,1.7129,5.06,9.47,-1.36,4.04,0.0,63.75,2,236.54,164.07,-7.32,0.0,,8,,20260805
GOOGL,Alphabet Inc.,Communication Services,Internet Content & Information,NASDAQ,362.43,32892332,4432495378432,13.9261,357.78,327.81,0.334,-13.27,-5.41,63.04,20.01,0.0,65.0,2,408.61,193.67,-11.3,0.0,,8,,20260805
GOOG,Alphabet Inc.,Communication Services,Internet Content & Information,NASDAQ,360.13,22427803,4404366802944,13.5816,355.87,327.01,0.3139,-12.86,-6.39,61.19,19.02,0.0,67.5,2,404.47,194.47,-10.96,0.0,,8,,20260805
AAPL,Apple Inc.,Technology,Consumer Electronics,NASDAQ,311.0,57053221,4538790051840,9.508,309.65,278.57,0.1415,2.91,3.39,30.23,14.01,0.0,93.75,2,344.57,205.59,-9.74,0.0,,8,,20260805
MSFT,Microsoft Corporation,Technology,Software - Infrastructure,NASDAQ,487.46,41203265,3619656564736,16.7202,403.59,431.95,5.0162,12.12,6.84,-31.58,-7.21,0.0,63.75,3,553.72,349.2,-11.97,0.0,,8,,20260805
AMZN,"Amazon.com, Inc.",Consumer Cyclical,Internet Retail,NASDAQ,272.65,50257785,2940888154112,9.982,247.31,235.95,2.5381,-6.96,2.03,5.51,1.17,0.0,62.5,2,287.2,196.0,-5.07,0.0,,8,,20260805
AVGO,Broadcom Inc.,Technology,Semiconductors,NASDAQ,418.28,26204162,1990000640000,17.0674,394.72,365.82,1.3806,-8.6,18.83,18.21,11.72,0.0,60.0,2,495.0,281.87,-15.5,0.0,,8,,20260805
TSM,Taiwan Semiconductor Manufacturing Company Limited,Technology,Semiconductors,NYSE,414.0,14412878,2147200270336,17.6389,425.57,357.72,-0.6562,-1.42,11.71,51.82,24.47,0.0,70.75,3,479.0,223.7,-13.57,0.0,,8,,20260805
TSLA,"Tesla, Inc.",Consumer Cyclical,Auto Manufacturers,NASDAQ,321.55,46966108,1269976924160,15.4376,384.96,409.99,-4.1074,-24.05,-36.03,-19.34,-26.36,0.0,8.75,4,498.83,297.38,-35.54,0.0,,8,,20260805
META,"Meta Platforms, Inc.",Communication Services,Internet Content & Information,NASDAQ,588.77,18297575,1499895300096,25.1295,600.91,631.76,-0.4832,-9.22,-26.96,-47.23,-30.63,0.0,59.0,4,796.25,520.26,-26.06,0.0,,8,,20260805
LLY,Eli Lilly and Company,Healthcare,Drug Manufacturers - General,NYSE,1169.86,2998395,0,41.3822,1152.95,1027.51,0.4086,11.87,4.75,29.89,16.59,0.0,87.5,2,1249.45,623.78,-6.37,0.0,,8,,20260805
WMT,Walmart Inc.,Consumer Defensive,Discount Stores,NASDAQ,112.34,23372070,894010589184,2.7266,114.88,117.74,-0.9306,-20.58,-23.92,-9.57,-17.34,0.0,36.5,4,135.16,95.42,-16.88,0.0,,8,,20260805
MU,"Micron Technology, Inc.",Technology,Semiconductors,NASDAQ,893.19,53428309,0,84.7868,972.17,528.11,-0.9315,32.91,100.84,706.81,326.24,0.0,62.5,3,1255.0,106.75,-28.83,0.0,,8,,20260805
JPM,JP Morgan Chase & Co.,Financial Services,Banks - Diversified,NYSE,359.24,9420357,0,7.2597,330.08,310.18,4.0172,10.0,2.97,1.1,3.98,0.0,90.0,2,362.17,279.1,-0.81,0.0,,8,,20260805
AMD,"Advanced Micro Devices, Inc.",Technology,Semiconductors,NASDAQ,482.05,32232616,0,40.3885,514.62,315.79,-0.8064,29.06,86.87,149.37,97.42,0.0,60.0,3,584.73,149.22,-17.56,0.0,,8,,20260805
XOM,ExxonMobil Holdings Corporation,Energy,Oil & Gas Integrated,NYSE,151.63,16771491,0,3.8622,146.28,138.7,1.3857,-8.07,-5.31,22.41,5.09,0.0,65.0,2,176.41,105.53,-14.05,0.0,,8,,20260805
ASMLF,ASML Holding N.V.,Technology,Semiconductor Equipment & Materials,PNK,1684.16,9001,646885867520,77.8716,1755.11,1401.73,-0.9111,9.59,8.81,119.29,53.2,0.0,65.75,3,1991.64,685.4,-15.44,0.0,,8,,20260805
ASML,ASML Holding N.V.,Technology,Semiconductor Equipment & Materials,NASDAQ,1678.22,2007763,644604297216,83.3183,1754.3,1398.01,-0.9131,9.83,8.57,118.23,52.75,0.0,73.25,3,1999.96,685.44,-16.09,0.0,,8,,20260805
V,Visa Inc.,Financial Services,Credit Services,NYSE,368.54,8294708,688081600512,8.1676,342.71,329.87,3.163,8.05,0.27,-14.75,-3.79,0.0,91.25,2,373.97,293.89,-1.45,0.0,,8,,20260805
INTC,Intel Corporation,Technology,Semiconductors,NASDAQ,101.06,127756116,509746610176,8.3169,111.52,67.95,-1.2582,-13.19,92.96,394.94,187.22,0.0,35.0,3,142.35,19.6,-29.01,0.0,,8,,20260805
JNJ,Johnson & Johnson,Healthcare,Drug Manufacturers - General,NYSE,257.59,8313145,620765773824,6.2287,246.63,225.81,1.7592,8.23,-0.5,31.05,14.3,0.0,87.5,2,274.9,169.68,-6.3,0.0,,8,,20260805
ORCL,Oracle Corporation,Technology,Software - Infrastructure,NYSE,144.39,31312991,415911215104,7.7931,161.77,179.57,-2.2296,-28.46,-18.23,-65.48,-39.69,0.0,11.25,4,345.72,114.5,-58.23,0.0,,8,,20260805
TCEHY,Tencent Holdings Limited,Communication Services,Internet Content & Information,PNK,61.55,4362162,554050256896,1.6627,57.7,67.73,2.3175,-3.44,-27.78,-34.63,-24.43,0.0,78.25,3,87.68,52.84,-29.8,0.0,,8,,20260805
TCTZF,Tencent Holdings Limited,Communication Services,Internet Content & Information,PNK,62.5,7363,562601787392,2.5502,57.8,68.65,1.8441,-4.4,-27.61,-31.9,-23.53,0.0,45.75,3,89.1,51.49,-29.85,0.0,,8,,20260805
CSCO,"Cisco Systems, Inc.",Technology,Communication Equipment,NASDAQ,121.5,25689334,478884298752,4.1598,117.55,89.64,0.9495,22.69,35.3,57.76,41.13,0.0,88.75,2,130.37,65.75,-6.8,0.0,,8,,20260805
COST,Costco Wholesale Corporation,Consumer Defensive,Discount Stores,NASDAQ,941.99,2433170,417752612864,19.8297,952.41,955.08,-0.5256,-13.81,-15.61,-24.14,-18.57,0.0,36.5,4,1096.5,844.06,-14.09,0.0,,8,,20260805
MA,Mastercard Incorporated,Financial Services,Credit Services,NYSE,570.48,3686570,499746111488,12.2878,517.96,526.53,4.2743,8.33,-8.29,-22.57,-9.85,0.0,90.0,3,601.77,464.52,-5.2,0.0,,8,,20260805
CAT,"Caterpillar, Inc.",Industrials,Farm & Heavy Construction Machinery,NYSE,871.08,3198439,0,44.6002,917.97,740.52,-1.0514,-10.16,12.16,79.34,33.45,0.0,32.5,3,1073.46,405.46,-18.85,0.0,,8,,20260805
LRCX,Lam Research Corporation,Technology,Semiconductor Equipment & Materials,NASDAQ,307.42,11805632,384667877376,26.279,338.25,243.27,-1.1731,4.91,21.62,190.8,85.12,0.0,57.5,3,438.5,94.11,-29.89,0.0,,8,,20260805
CVX,Chevron Corporation,Energy,Oil & Gas Integrated,NYSE,186.41,9193390,371253739520,4.5295,182.67,173.99,0.8249,-8.98,-5.54,5.27,-2.07,0.0,87.5,2,214.71,146.49,-13.18,0.0,,8,,20260805
ABBV,AbbVie Inc.,Healthcare,Drug Manufacturers - General,NYSE,246.2,6868157,435064274944,6.7291,238.8,221.84,1.0992,13.67,-1.44,5.41,5.08,0.0,83.75,2,267.47,190.75,-7.95,0.0,,8,,20260805
NFLX,"Netflix, Inc.",Communication Services,Entertainment,NASDAQ,74.2,43859791,308964294656,2.4511,76.21,90.61,-0.8213,-22.21,-19.41,-59.95,-36.33,0.0,27.0,4,126.71,65.08,-41.44,0.0,,8,,20260805
BACRP,Bank of America Corporation PFD SER B 7%,Unknown,Unknown,PNK,245.0,3,0,5.066,191.62,212.69,10.5365,7.27,-2.98,-12.63,-4.28,0.0,52.5,3,302.0,181.0,-18.87,0.0,,8,,20260805
BAC,Bank of America Corporation,Financial Services,Banks - Diversified,NYSE,63.25,36170778,442291355648,1.0959,57.89,53.34,4.8944,13.06,5.19,17.64,12.14,0.0,92.5,2,63.56,44.78,-0.5,0.0,,8,,20260805
IDCBY,Industrial and Commercial Bank of China Limited,Financial Services,Banks - Diversified,PNK,18.25,53936,424882372608,0.3397,17.61,16.55,1.8886,-3.82,3.32,-1.54,-0.41,0.0,87.5,2,19.49,13.92,-6.36,0.0,,8,,20260805
IDCBF,Industrial and Commercial Bank of China Limited,Financial Services,Banks - Diversified,PNK,0.94,38104,438367092736,0.0081,0.87,0.82,8.7426,-3.26,4.98,1.78,1.64,0.0,50.0,2,0.95,0.69,-1.05,0.0,,8,,20260805
UNH,UnitedHealth Group Incorporated,Healthcare,Healthcare Plans,NYSE,412.75,6424204,374836592640,12.0575,411.17,342.38,0.1312,7.45,34.97,52.55,35.12,0.0,82.5,2,461.62,239.5,-10.59,0.0,,8,,20260805
RHHBF,Roche Holding AG,Healthcare,Drug Manufacturers - General,OQX,449.88,100,358445056000,11.8275,421.75,418.54,2.3777,2.02,-9.26,9.66,1.13,0.0,77.5,2,514.08,301.27,-12.49,0.0,,8,,20260805
KO,Coca-Cola Company (The),Consumer Defensive,Beverages - Non-Alcoholic,NYSE,86.83,17942454,373590327296,1.9059,82.19,75.66,2.4332,4.72,2.21,6.17,4.42,0.0,87.5,2,90.92,65.35,-4.5,0.0,,8,,20260805
AMAT,"Applied Materials, Inc.",Technology,Semiconductor Equipment & Materials,NASDAQ,534.24,9855893,424164884480,40.5805,549.84,377.6,-0.3844,23.57,55.83,171.05,93.85,0.0,69.5,3,739.67,154.47,-27.77,0.0,,8,,20260805
RHHBY,Roche Holding AG,Healthcare,Drug Manufacturers - General,OQX,56.38,2131236,359373307904,1.1516,52.0,50.46,3.8073,4.26,-9.43,24.2,7.44,0.0,87.5,2,60.85,37.51,-7.35,0.0,,8,,20260805
RHHVF,Roche Holding AG,Healthcare,Drug Manufacturers - General,OQX,451.0,3780,359341424640,19.0383,415.0,409.48,1.8911,5.11,-12.5,19.07,4.53,0.0,85.0,2,490.33,300.15,-8.02,0.0,,8,,20260805
PG,Procter & Gamble Company (The),Consumer Defensive,Household & Personal Products,NYSE,146.8,8893360,0,3.5939,146.63,145.9,0.0487,-4.56,-16.3,-23.08,-16.08,0.0,90.0,2,167.25,137.62,-12.23,0.0,,8,,20260805
PLTR,Palantir Technologies Inc.,Technology,Software - Infrastructure,NASDAQ,158.43,40573175,379806121984,8.5857,131.42,152.44,3.1454,9.94,-11.88,-24.7,-11.56,0.0,62.5,3,207.52,106.37,-23.66,0.0,,8,,20260805
ACGBY,Agricultural Bank of China Limited,Financial Services,Banks - Diversified,PNK,19.08,27437,267107041280,0.4752,18.32,17.94,1.5931,-6.86,1.2,-4.51,-3.1,0.0,63.75,2,21.0,15.85,-9.14,0.0,,8,,20260805
ARM,Arm Holdings plc,Technology,Semiconductors,NASDAQ,274.58,10355554,293251022848,26.4267,323.3,191.3,-1.8436,24.85,150.4,72.74,87.95,0.0,62.5,3,452.7,100.02,-39.35,0.0,,8,,20260805
ACGBF,Agricultural Bank of China Limited,Financial Services,Banks - Diversified,PNK,0.77,1229,269486931968,0.0075,0.72,0.7,6.6265,-3.65,6.45,-3.86,-0.2,0.0,50.0,2,0.82,0.62,-6.1,0.0,,8,,20260805
HSBC,HSBC Holdings plc,Financial Services,Banks - Diversified,NYSE,102.68,1516931,352155631616,2.2345,97.26,84.09,2.4248,11.5,7.07,51.01,25.76,0.0,92.5,2,107.92,62.43,-4.86,0.0,,8,,20260805
MS,Morgan Stanley,Financial Services,Capital Markets,NYSE,218.27,5999631,343120445440,6.5001,214.24,183.26,0.6193,9.34,8.4,34.59,19.11,0.0,87.5,2,232.25,140.51,-6.02,0.0,,8,,20260805
CICHF,China Construction Bank Corporation,Financial Services,Banks - Diversified,PNK,1.15,96834,300840419328,0.0684,1.06,1.01,1.2594,-9.05,6.88,-11.61,-4.5,0.0,68.25,2,1.31,0.89,-12.21,0.0,,8,,20260805
GE,GE Aerospace,Industrials,Aerospace & Defense,NYSE,381.22,4740773,395539578880,10.0981,349.39,315.58,3.1523,26.51,11.1,15.4,16.67,0.0,90.0,2,384.5,263.8,-0.85,0.0,,8,,20260805
BABAF,Alibaba Group Holding Limited,Consumer Cyclical,Internet Retail,PNK,15.72,141519,301334790144,1.3842,14.47,17.78,0.9022,-14.16,-41.71,-20.04,-26.15,0.0,41.25,3,23.99,10.98,-34.49,0.0,,8,,20260805
HD,"Home Depot, Inc. (The)",Consumer Cyclical,Home Improvement Retail,NYSE,353.14,4849888,0,8.9614,332.72,344.87,2.2789,6.17,-18.25,-28.12,-16.09,0.0,87.5,3,426.75,289.1,-17.25,0.0,,8,,20260805
HBCYF,HSBC Holdings plc,Financial Services,Banks - Diversified,PNK,20.15,16783,345536397312,1.0799,18.88,16.53,1.1803,13.32,7.82,45.58,24.3,0.0,86.25,2,21.5,11.9,-6.28,0.0,,8,,20260805
BABA,Alibaba Group Holding Limited,Consumer Cyclical,Internet Retail,NYSE,128.53,12913729,308069990400,3.9735,113.58,139.43,3.7621,-8.56,-32.97,-12.92,-18.85,0.0,52.0,3,192.67,91.99,-33.29,0.0,,8,,20260805
MRK,"Merck & Company, Inc.",Healthcare,Drug Manufacturers - General,NYSE,128.33,10128926,0,3.4171,123.28,111.06,1.4792,7.6,0.17,42.75,19.06,0.0,83.75,2,135.05,77.58,-4.98,0.0,,8,,20260805
CICHY,China Construction Bank Corporation,Financial Services,Banks - Diversified,PNK,22.38,72016,292730798080,0.4222,21.49,20.49,2.1154,-3.96,3.37,-8.81,-3.33,0.0,87.5,2,23.89,18.21,-6.32,0.0,,8,,20260805
PCCYF,PetroChina Company Limited,Energy,Oil & Gas Integrated,PNK,1.25,47388,307957989376,0.0956,1.25,1.21,0.0502,-21.5,4.23,7.54,-0.88,0.0,58.75,2,1.59,0.85,-21.38,0.0,,8,,20260805
PM,Philip Morris International Inc,Consumer Defensive,Tobacco,NYSE,188.93,5111085,294468812800,5.5234,182.93,168.16,1.0869,5.78,-3.65,-3.2,-1.11,0.0,88.75,2,207.76,142.11,-9.06,0.0,,8,,20260805
GS,"Goldman Sachs Group, Inc. (The)",Financial Services,Capital Markets,NYSE,1060.38,2194480,312819974144,36.9628,1052.5,915.07,0.2132,9.27,1.79,25.68,13.22,0.0,86.25,2,1153.99,705.55,-8.11,0.0,,8,,20260805
AZN,AstraZeneca PLC,Healthcare,Drug Manufacturers - General,NYSE,161.5,2500998,250468073472,5.3469,177.37,183.85,-2.969,-17.52,-23.7,-13.17,-17.94,0.0,12.5,4,212.71,145.8,-24.08,0.0,,8,,20260805
CYATY,CONTEMPORARY AMPEREX TECHNOLOGY,Industrials,Electrical Equipment & Parts,PNK,21.01,907329,388824072192,1.1492,21.36,21.01,-0.3065,-8.04,-11.51,-11.51,-10.64,0.0,48.25,3,25.83,18.65,-18.66,0.0,,8,,20260805
CTATF,CONTEMPORARY AMPEREX TECHNOLOGY,Unknown,Unknown,PNK,81.75,16726,0,1.1752,85.34,,-3.0548,-8.07,17.39,142.07,60.9,0.0,18.25,3,99.14,51.5,-17.54,0.0,,8,,20260805
TXN,Texas Instruments Incorporated,Technology,Semiconductors,NASDAQ,277.72,8911303,253627154432,12.7719,295.11,225.79,-1.3615,-7.29,12.34,32.61,15.54,0.0,33.75,3,334.03,152.73,-16.86,0.0,,8,,20260805
GEV,GE Vernova Inc.,Industrials,Specialty Industrial Machinery,NYSE,1017.96,2885454,271116943360,60.1347,1023.39,841.74,-0.0904,-13.64,18.38,30.63,15.27,0.0,44.5,3,1195.94,530.16,-14.88,0.0,,8,,20260805
NVS,Novartis AG,Healthcare,Drug Manufacturers - General,NYSE,154.44,1836237,293546426368,3.1803,152.7,144.57,0.5466,-0.49,-6.04,11.75,2.46,0.0,82.5,2,170.46,113.48,-9.4,0.0,,8,,20260805
LVMUY,"LVMH Moët Hennessy - Louis Vuitton, Société Européenne",Consumer Cyclical,Luxury Goods,PNK,110.84,500100,273275568128,2.9328,111.48,123.16,-0.2179,-1.07,-21.99,-17.85,-15.1,0.0,50.75,4,152.95,102.5,-27.53,0.0,,8,,20260805
LVMHF,"LVMH Moët Hennessy - Louis Vuitton, Société Européenne",Consumer Cyclical,Luxury Goods,PNK,552.0,3304,272190783488,16.4769,556.97,614.93,-0.3017,-1.84,-22.09,-17.42,-15.16,0.0,53.25,4,766.9,511.0,-28.02,0.0,,8,,20260805
NVSEF,Novartis AG,Healthcare,Drug Manufacturers - General,PNK,151.92,23996,288756596736,2.5901,150.49,145.07,0.5515,-2.2,-8.74,5.53,-1.4,0.0,77.5,2,171.29,114.01,-11.31,0.0,,8,,20260805
RY,Royal Bank of Canada,Financial Services,Banks - Diversified,NYSE,211.27,1510673,293593972736,3.3254,202.86,173.52,2.5294,12.45,13.23,41.4,24.3,0.0,88.75,2,218.57,131.06,-3.34,0.0,,8,,20260805
NSRGY,Nestlé S.A.,Consumer Defensive,Packaged Foods,OID,100.64,457403,258868215808,2.0202,101.07,97.32,-0.2134,-5.42,-5.62,-4.38,-5.07,0.0,75.75,3,109.59,87.36,-8.17,0.0,,8,,20260805
BACHF,Bank of China Limited,Financial Services,Banks - Diversified,PNK,0.7,60154,225548681216,0.0075,0.66,0.62,5.1614,-0.01,9.18,-4.75,1.31,0.0,75.0,2,0.71,0.5,-1.41,0.0,,8,,20260805
BACHY,Bank of China Limited,Financial Services,Banks - Diversified,PNK,16.98,54608,218846658560,0.4375,16.38,15.04,1.3754,0.23,6.42,-3.39,0.95,0.0,86.25,2,17.86,12.95,-4.93,0.0,,8,,20260805
TOYOF,Toyota Motor Corporation,Consumer Cyclical,Auto Manufacturers,PNK,18.6,147340,220243591168,0.747,17.97,20.43,0.8493,-8.63,-32.58,-23.94,-23.14,0.0,47.0,3,25.0,16.0,-25.6,0.0,,8,,20260805
NSRGF,Nestlé S.A.,Consumer Defensive,Packaged Foods,OID,97.28,12116,250225541120,4.2214,100.36,96.82,-0.7289,-7.96,-7.39,-9.94,-8.55,0.0,70.75,3,109.37,87.0,-11.05,0.0,,8,,20260805
QCOM,QUALCOMM Incorporated,Technology,Semiconductors,NASDAQ,157.53,21302957,165406490624,9.4222,194.74,167.82,-3.949,-21.88,-4.12,-14.27,-12.62,0.0,20.75,4,259.92,121.99,-39.39,0.0,,8,,20260805
KLAC,KLA Corporation,Technology,Semiconductor Equipment & Materials,NASDAQ,192.8,12994895,251849867264,14.977,221.54,163.56,-1.9192,4.77,30.36,88.61,47.26,0.0,60.0,3,307.37,83.22,-37.27,0.0,,8,,20260805
RYDAF,Shell plc,Energy,Oil & Gas Integrated,PNK,44.55,9508,246384525312,1.5687,41.95,40.27,1.6574,-8.4,5.84,4.71,1.83,0.0,62.5,2,47.9,33.55,-6.99,0.0,,8,,20260805
TM,Toyota Motor Corporation,Consumer Cyclical,Auto Manufacturers,NYSE,185.89,518022,220113321984,3.6979,178.77,203.52,1.9244,-8.79,-31.91,-21.35,-21.91,0.0,48.25,3,248.9,166.1,-25.32,0.0,,8,,20260805
SFTBY,SoftBank Group Corp.,Communication Services,Telecom Services,PNK,18.13,4038380,206642954240,1.3294,19.95,16.23,-1.371,-7.56,24.49,59.59,30.52,0.0,35.0,3,28.97,10.36,-37.42,0.0,,8,,20260805
SFTBF,SoftBank Group Corp.,Communication Services,Telecom Services,PNK,35.91,28195,204648349696,2.8445,39.96,56.2,-1.4251,-7.52,28.23,-78.41,-23.36,0.0,15.0,4,180.0,20.8,-80.05,0.0,,8,,20260805
SHEL,Shell plc,Energy,Oil & Gas Integrated,NYSE,87.76,6938050,242679087104,1.7339,84.05,80.39,2.1412,-7.92,2.91,3.52,0.45,0.0,86.25,2,94.9,68.62,-7.52,0.0,,8,,20260805
LIN,Linde plc,Basic Materials,Specialty Chemicals,NASDAQ,491.05,2301129,226364309504,11.9884,512.62,472.48,-1.7995,-8.17,-5.61,-16.84,-10.74,0.0,72.0,3,548.2,387.78,-10.43,0.0,,8,,20260805
IBM,International Business Machines Corporation,Technology,Information Technology Services,NYSE,235.92,11487040,222268342272,10.9311,259.75,267.62,-2.1799,-2.87,-31.02,-27.29,-22.49,0.0,10.0,4,332.46,199.19,-29.04,0.0,,8,,20260805
RTX,RTX Corporation,Industrials,Aerospace & Defense,NYSE,222.31,5446152,299620106240,5.2866,193.02,187.85,5.5398,22.5,-2.17,20.19,12.94,0.0,87.5,2,222.81,150.61,-0.23,0.0,,8,,20260805
SIEGY,Siemens Aktiengesellschaft,Industrials,Specialty Industrial Machinery,PNK,165.5,171737,254583422976,3.4997,156.51,144.5,2.5696,1.91,-4.3,8.3,2.29,0.0,87.5,2,166.23,115.56,-0.44,0.0,,8,,20260805
WFC,Wells Fargo & Company,Financial Services,Banks - Diversified,NYSE,89.17,16567426,269650001920,1.9457,84.18,84.33,2.5642,5.62,-14.6,-5.85,-6.05,0.0,88.75,3,97.76,72.78,-8.79,0.0,,8,,20260805
SMAWF,Siemens Aktiengesellschaft,Industrials,Specialty Industrial Machinery,PNK,324.53,3350,247533109248,13.1801,309.38,288.11,1.1498,5.02,-4.72,5.79,1.92,0.0,81.25,2,332.9,228.25,-2.51,0.0,,8,,20260805
LRLCY,L'Oréal S.A.,Consumer Defensive,Household & Personal Products,PNK,89.81,306186,239073853440,1.865,87.66,85.51,1.1534,-0.59,-11.96,-19.06,-11.96,0.0,92.5,2,95.48,78.82,-5.94,0.0,,8,,20260805
LRLCF,L'Oréal S.A.,Consumer Defensive,Household & Personal Products,PNK,452.2,855,240750919680,23.9876,437.14,428.32,0.6277,1.79,-12.37,-21.62,-12.53,0.0,83.75,2,485.61,380.4,-6.88,0.0,,8,,20260805
SNDK,Sandisk Corporation,Technology,Computer Hardware,NASDAQ,1350.5,13709726,199995228160,188.3358,1702.27,861.34,-1.8678,-10.6,81.94,3053.59,1247.46,0.0,60.0,3,2354.39,40.53,-42.64,0.0,,8,,20260805
MUFG,"Mitsubishi UFJ Financial Group, Inc.",Financial Services,Banks - Diversified,NYSE,22.42,3364211,252827484160,0.5252,20.9,18.04,2.9032,19.61,8.83,39.39,23.74,0.0,85.0,2,23.25,14.06,-3.57,0.0,,8,,20260805
BHP,BHP Group Limited,Basic Materials,Other Industrial Metals & Mining,NYSE,89.38,2706511,227056041984,2.493,84.92,71.94,1.7885,6.16,13.06,53.21,27.4,0.0,88.75,2,93.83,51.45,-4.74,0.0,,8,,20260805
C,Citigroup Inc.,Financial Services,Banks - Diversified,NYSE,137.64,12505673,230877347840,3.6538,135.16,118.17,0.6785,1.44,5.85,29.33,14.14,0.0,85.0,2,147.96,90.68,-6.97,0.0,,8,,20260805
KXHCF,KIOXIA HLDGS CORP,Unknown,Unknown,PNK,332.8,18124,0,45.889,449.7,332.8,-2.5474,64.56,423.8,423.8,333.99,0.0,57.5,3,699.65,57.26,-52.43,0.0,,8,,20260805
BHPLF,BHP Group Limited,Basic Materials,Other Industrial Metals & Mining,PNK,43.4,134575,220501966848,0.7405,42.03,35.35,1.8517,5.32,19.67,37.33,23.15,0.0,77.5,2,47.02,23.74,-7.7,0.0,,8,,20260805
AXP,American Express Company,Financial Services,Credit Services,NYSE,348.99,3176763,235676368896,8.0331,335.26,338.07,1.7086,4.13,-11.83,-5.18,-5.18,0.0,87.5,3,387.49,290.63,-9.94,0.0,,8,,20260805
PANW,"Palo Alto Networks, Inc.",Technology,Software - Infrastructure,NASDAQ,362.66,8136837,295567917056,15.7208,311.59,216.59,3.2486,90.49,105.92,88.77,95.2,0.0,85.0,2,376.98,139.57,-3.8,0.0,,8,,20260805
MBFJF,"Mitsubishi UFJ Financial Group, Inc.",Financial Services,Banks - Diversified,PNK,20.15,123316,227228975104,1.5903,20.59,17.99,-0.2783,5.82,-1.4,19.06,8.59,0.0,70.75,3,23.86,13.73,-15.55,0.0,,8,,20260805
TMUS,"T-Mobile US, Inc.",Communication Services,Telecom Services,NASDAQ,173.46,5387849,186065633280,6.7182,182.62,196.87,-1.3635,-16.88,-23.58,-49.99,-32.47,0.0,13.75,4,261.56,165.66,-33.68,0.0,,8,,20260805
SAPGF,SAP SE,Technology,Software - Application,PNK,196.5,59300,226801139712,7.0581,167.52,201.48,4.1056,6.6,-11.82,-53.83,-24.02,0.0,54.5,3,299.25,145.25,-34.34,0.0,,8,,20260805
SAP,SAP SE,Technology,Software - Application,NYSE,197.33,3267609,227759128576,7.1176,167.55,199.33,4.1836,7.83,-10.47,-52.57,-22.74,0.0,53.25,3,299.48,144.97,-34.11,0.0,,8,,20260805
PEP,"PepsiCo, Inc.",Consumer Defensive,Beverages - Non-Alcoholic,NASDAQ,138.78,8760757,189573480448,3.1876,140.64,147.44,-0.5849,-16.18,-25.35,-19.94,-20.89,0.0,39.0,4,171.48,133.73,-19.07,0.0,,8,,20260805
TTE,TotalEnergies SE,Energy,Oil & Gas Integrated,NYSE,84.74,1519401,188024111104,1.8418,83.47,77.0,0.691,-16.1,2.86,25.26,7.08,0.0,61.25,2,94.17,57.39,-10.01,0.0,,8,,20260805
VZ,Verizon Communications Inc.,Communication Services,Telecom Services,NYSE,46.47,27524555,193072414720,1.4203,44.92,43.47,1.0915,-6.8,-8.51,-7.73,-7.77,0.0,66.25,2,51.68,38.39,-10.08,0.0,,8,,20260805
MCD,McDonald's Corporation,Consumer Cyclical,Restaurants,NYSE,274.0,4635267,0,6.0918,273.91,297.3,0.0143,-9.9,-25.4,-31.07,-23.79,0.0,45.75,3,341.75,260.96,-19.82,0.0,,8,,20260805
NVO,Novo Nordisk A/S,Healthcare,Drug Manufacturers - General,NYSE,44.53,12266204,196856004608,1.7601,46.87,45.82,-1.3267,-7.39,-20.46,-27.67,-20.08,0.0,64.0,4,64.16,35.12,-30.6,0.0,,8,,20260805
ABLZF,ABB Ltd,Industrials,Electrical Equipment & Parts,PNK,99.55,11722,180563804160,2.5667,102.94,87.41,-1.3225,-7.64,4.87,26.21,10.28,0.0,43.25,3,110.87,64.24,-10.21,0.0,,8,,20260805
CMWAY,Commonwealth Bank of Australia,Financial Services,Banks - Diversified,PNK,125.57,57000,209968578560,3.0385,117.35,114.5,2.7067,-6.0,6.72,-11.77,-3.85,0.0,92.5,2,136.85,96.94,-8.24,0.0,,8,,20260805
KXIAY,KIOXIA HLDGS CORP,Technology,Semiconductors,PNK,33.35,2290253,182505357312,4.9219,45.3,21.35,-2.4276,6.04,140.44,487.77,245.77,0.0,63.75,3,70.95,4.12,-53.0,0.0,,8,,20260805
HESAF,Hermès International Société en commandite par actions,Consumer Cyclical,Luxury Goods,PNK,1809.0,809,189478141952,70.0605,1872.66,2182.53,-0.9087,-10.77,-36.25,-49.45,-35.16,0.0,24.5,4,2693.9,1675.0,-32.85,0.0,,8,,20260805
HESAY,Hermès International Société en commandite par actions,Consumer Cyclical,Luxury Goods,PNK,179.2,96275,187697528832,5.8561,187.51,217.2,-1.4183,-10.27,-35.57,-48.73,-34.51,0.0,25.75,4,265.89,166.77,-32.6,0.0,,8,,20260805
NONOF,Novo Nordisk A/S,Healthcare,Drug Manufacturers - General,PNK,44.61,16957,197209669632,2.8015,46.68,45.69,-0.7387,-6.83,-19.89,-29.69,-20.55,0.0,57.75,4,64.75,34.0,-31.1,0.0,,8,,20260805
ANET,"Arista Networks, Inc.",Technology,Computer Hardware,NYSE,197.31,9614565,248446713856,11.3869,169.17,146.57,2.4709,9.28,29.32,40.63,28.84,0.0,88.75,2,214.84,114.52,-8.16,0.0,,8,,20260805
ADI,"Analog Devices, Inc.",Technology,Semiconductors,NASDAQ,377.69,4874826,0,14.9617,396.29,332.04,-1.243,-13.07,9.81,48.79,19.68,0.0,45.75,3,445.91,218.37,-15.3,0.0,,8,,20260805
DELL,Dell Technologies Inc.,Technology,Computer Hardware,NYSE,462.7,8950075,298970087424,34.8565,409.84,218.1,1.5165,107.62,284.61,236.51,221.12,0.0,86.25,2,485.7,110.22,-4.74,0.0,,8,,20260805
ABBNY,ABB Ltd,Industrials,Electrical Equipment & Parts,PNK,101.8,437265,184644845568,2.8147,103.02,87.5,-0.4348,-7.72,5.82,33.95,13.68,0.0,47.0,3,110.2,64.38,-7.62,0.0,,8,,20260805
TD,The Toronto-Dominion Bank,Financial Services,Banks - Diversified,NYSE,121.15,2424921,200145977344,2.1988,117.98,99.24,1.4412,8.49,16.49,43.97,25.48,0.0,88.75,2,124.87,72.67,-2.98,0.0,,8,,20260805
BCDRF,"Banco Santander, S.A.",Financial Services,Banks - Diversified,PNK,14.75,181322,210690244608,0.7735,13.34,11.94,1.8165,16.04,1.53,51.69,25.22,0.0,80.0,2,14.68,8.47,0.48,0.0,,8,,20260805
NEE,"NextEra Energy, Inc.",Utilities,Utilities - Regulated Electric,NYSE,85.91,11862678,179206406144,1.7847,87.13,86.89,-0.6859,-16.75,-14.14,2.02,-8.33,0.0,34.0,4,98.75,69.24,-13.0,0.0,,8,,20260805
IDEXY,"Industria de Diseño Textil, S.A.",Consumer Cyclical,Apparel Retail,PNK,16.87,514063,210090000384,0.3302,15.82,15.29,3.1655,7.97,-5.76,20.55,8.19,0.0,90.0,2,17.34,11.95,-2.71,0.0,,8,,20260805
AMGN,Amgen Inc.,Healthcare,Drug Manufacturers - General,NASDAQ,407.83,2690790,220109225984,11.5606,359.11,342.25,4.2145,18.04,9.97,15.82,14.32,0.0,88.75,2,416.22,269.77,-2.02,0.0,,8,,20260805
IDEXF,"Industria de Diseño Textil, S.A.",Consumer Cyclical,Apparel Retail,PNK,65.98,5000,205419954176,2.0726,62.83,61.19,1.5212,7.55,-8.58,14.82,4.81,0.0,81.25,2,69.34,46.65,-4.85,0.0,,8,,20260805
RTNTF,Rio Tinto Group,Basic Materials,Other Industrial Metals & Mining,PNK,121.18,85,196943380480,1.5139,120.66,108.45,0.3415,-6.72,1.75,41.47,15.52,0.0,51.25,2,133.85,71.0,-9.47,0.0,,8,,20260805
STX,Seagate Technology Holdings PLC,Technology,Computer Hardware,NASDAQ,837.66,4663265,190148820992,77.3364,892.9,526.86,-0.7142,2.09,76.7,422.24,196.27,0.0,57.5,3,1145.0,144.75,-26.84,0.0,,8,,20260805
RTPPF,Rio Tinto Group,Basic Materials,Other Industrial Metals & Mining,PNK,96.75,537,157339910144,0.9988,96.4,87.71,0.3472,-8.31,-4.77,48.01,15.46,0.0,51.25,2,112.0,59.78,-13.62,0.0,,8,,20260805
RIO,Rio Tinto Group,Basic Materials,Other Industrial Metals & Mining,NYSE,101.51,2773978,165080875008,2.3869,97.48,88.79,1.6871,-5.63,-3.95,54.82,19.14,0.0,65.0,2,112.58,60.09,-9.83,0.0,,8,,20260805
DIS,Walt Disney Company (The),Communication Services,Entertainment,NYSE,101.76,10529567,0,2.4303,98.53,103.67,1.3285,-4.58,-13.85,-36.82,-20.72,0.0,50.75,3,119.78,92.19,-15.04,0.0,,8,,20260805
SBGSF,Schneider Electric S.E.,Industrials,Specialty Industrial Machinery,PNK,347.0,1521,195601907712,14.9988,315.79,295.13,2.0808,3.34,5.28,16.26,9.19,0.0,58.75,2,347.25,242.77,-0.07,0.0,,8,,20260805
SAN,"Banco Santander, S.A. Sponsored",Financial Services,Banks - Diversified,NYSE,14.64,8920403,209119002624,0.3534,13.36,11.91,3.6254,16.6,8.95,47.63,26.33,0.0,86.25,2,14.73,8.82,-0.61,0.0,,8,,20260805
SBGSY,Schneider Electric S.E.,Industrials,Specialty Industrial Machinery,PNK,69.45,363954,195742826496,1.9148,62.98,58.65,3.3772,3.31,6.86,15.55,9.45,0.0,74.5,2,69.87,48.68,-0.6,0.0,,8,,20260805
T,AT&T Inc.,Communication Services,Telecom Services,NYSE,23.06,63564244,158016012288,0.7308,22.55,24.61,0.703,-16.41,-24.22,-36.08,-27.01,0.0,52.0,3,29.79,19.89,-22.59,0.0,,8,,20260805
TJX,"The TJX Companies, Inc.",Consumer Cyclical,Apparel Retail,NYSE,159.92,5989011,176664330240,3.5254,157.57,154.1,0.6674,-3.09,-6.43,1.96,-2.24,0.0,88.75,2,170.0,128.63,-5.93,0.0,,8,,20260805
BLK,"BlackRock, Inc.",Financial Services,Asset Management,NYSE,1133.58,777565,0,28.2443,1036.47,1045.03,3.4384,2.05,-5.11,-19.62,-9.12,0.0,83.75,3,1219.94,917.39,-7.08,0.0,,8,,20260805
SMERY,Siemens Energy AG,Industrials,Specialty Industrial Machinery,OQX,34.8,906045,148047642624,1.6761,35.8,33.65,-0.5964,-24.82,-16.23,28.39,-0.53,0.0,50.75,3,44.64,19.49,-22.04,0.0,,8,,20260805
BA,The Boeing Company,Industrials,Aerospace & Defense,NYSE,240.19,6563716,189838983168,7.6294,219.9,218.73,2.659,0.41,-9.21,-15.29,-9.24,0.0,62.5,2,254.35,176.77,-5.57,0.0,,8,,20260805
MRVL,"Marvell Technology, Inc.",Technology,Semiconductors,NASDAQ,211.02,42056713,189399826432,19.4541,240.4,136.79,-1.5105,18.45,167.32,153.01,124.38,0.0,60.0,3,329.88,61.44,-36.03,0.0,,8,,20260805
SMEGF,Siemens Energy AG,Industrials,Specialty Industrial Machinery,OQX,174.71,9211,148651753472,9.8818,179.58,168.99,-0.4928,-25.09,-17.02,26.14,-1.77,0.0,47.0,3,223.95,98.0,-21.99,0.0,,8,,20260805
ALIZF,Allianz SE,Financial Services,Insurance - Diversified,PNK,510.14,403,193489108992,21.8147,464.68,428.45,2.084,14.21,7.61,9.44,9.99,0.0,86.25,2,511.03,395.0,-0.17,0.0,,8,,20260805
ALIZY,Allianz SE,Financial Services,Insurance - Diversified,PNK,50.39,248221,191122358272,0.5796,46.74,42.95,6.2932,11.43,4.39,8.85,7.94,0.0,91.25,2,50.57,39.44,-0.36,0.0,,8,,20260805
CRWD,"CrowdStrike Holdings, Inc.",Technology,Software - Infrastructure,NASDAQ,209.86,12170440,213691891712,9.6691,184.06,133.94,2.6681,69.52,86.81,61.24,72.26,0.0,86.25,2,219.35,85.68,-4.33,0.0,,8,,20260805
DTEGF,Deutsche Telekom AG,Communication Services,Telecom Services,OQX,32.04,11793,155010252800,1.2086,31.24,33.46,0.6645,-5.7,-17.1,-36.12,-21.86,0.0,47.0,3,41.29,26.65,-22.4,0.0,,8,,20260805
GLW,Corning Incorporated,Technology,Electronic Components,NYSE,156.7,15798493,134705242112,14.2441,180.4,136.01,-1.6636,-9.82,27.17,126.19,57.53,0.0,36.25,3,271.78,63.15,-42.34,0.0,,8,,20260805
WDC,Western Digital Corporation,Technology,Computer Hardware,NASDAQ,519.17,8291306,0,51.4481,564.56,337.89,-0.8823,4.98,66.78,550.22,244.71,0.0,60.0,3,799.87,73.14,-35.09,0.0,,8,,20260805
GILD,"Gilead Sciences, Inc.",Healthcare,Drug Manufacturers - General,NASDAQ,131.76,7636268,163589242880,4.1046,129.55,130.75,0.5377,-7.27,-19.14,-5.25,-10.62,0.0,86.25,3,157.29,108.46,-16.23,0.0,,8,,20260805
TMO,Thermo Fisher Scientific Inc,Healthcare,Diagnostics & Research,NYSE,577.83,2403311,213651079168,17.0003,512.02,530.55,3.871,17.29,-10.67,0.98,0.98,0.0,88.75,3,643.99,435.27,-10.27,0.0,,8,,20260805
BUDFF,Anheuser-Busch InBev SA/NV,Consumer Defensive,Beverages - Brewers,PNK,84.27,37695,165964333056,0.9446,80.99,72.55,3.4709,5.78,4.73,21.07,11.53,0.0,76.25,2,86.78,57.96,-2.89,0.0,,8,,20260805
BUD,Anheuser-Busch InBev SA/NV,Consumer Defensive,Beverages - Brewers,NYSE,85.18,1961368,167756529664,1.7766,81.64,72.18,1.9939,0.93,5.33,25.24,12.19,0.0,88.75,2,86.6,57.79,-1.64,0.0,,8,,20260805
DTEGY,Deutsche Telekom AG,Communication Services,Telecom Services,OQX,31.82,703375,155269283840,0.7958,31.05,32.65,0.9718,-6.88,-16.07,-33.51,-20.75,0.0,53.25,3,40.58,26.9,-21.59,0.0,,8,,20260805
APH,Amphenol Corporation,Technology,Electronic Components,NYSE,172.24,9652729,212369063936,7.585,156.38,142.41,2.0914,19.57,5.3,36.32,21.28,0.0,85.0,2,178.52,104.71,-3.52,0.0,,8,,20260805
APP,AppLovin Corporation,Communication Services,Advertising Agencies,NASDAQ,417.8,5745424,140355534848,25.2653,486.5,517.51,-2.719,-19.25,-21.76,-17.54,-19.45,0.0,11.25,4,745.61,359.0,-43.97,0.0,,8,,20260805
UNP,Union Pacific Corporation,Industrials,Railroads,NYSE,295.54,3004139,175573090304,6.8918,278.98,250.01,2.4023,5.89,11.43,12.8,10.59,0.0,86.25,2,315.99,210.84,-6.47,0.0,,8,,20260805
SCHW,The Charles Schwab Corporation,Financial Services,Capital Markets,NYSE,108.02,10747245,187861401600,2.2313,96.16,95.36,5.3175,10.69,-7.37,-10.66,-4.17,0.0,90.0,2,108.55,83.96,-0.49,0.0,,8,,20260805
EADSF,Airbus SE,Industrials,Aerospace & Defense,PNK,248.99,3278,197070733312,8.5329,220.91,218.54,3.2909,13.77,-0.26,5.24,5.45,0.0,85.0,2,259.0,180.0,-3.86,0.0,,8,,20260805
FRCOF,"Fast Retailing Co., Ltd.",Consumer Cyclical,Apparel Retail,PNK,515.53,1834,158190911488,34.7306,498.44,427.44,0.492,3.41,13.39,37.06,20.36,0.0,81.25,2,566.34,288.85,-8.97,0.0,,8,,20260805
ISRG,"Intuitive Surgical, Inc.",Healthcare,Medical Instruments & Supplies,NASDAQ,375.2,3031883,134425927680,14.5834,395.23,480.94,-1.3736,-23.51,-33.88,-45.69,-36.01,0.0,12.5,4,603.88,328.57,-37.87,0.0,,8,,20260805
EADSY,Airbus SE,Industrials,Aerospace & Defense,PNK,62.0,523914,196287168512,1.4379,55.14,54.52,4.7683,12.51,0.39,3.56,4.69,0.0,91.25,2,64.35,45.01,-3.65,0.0,,8,,20260805
IBDSF,"Iberdrola, S.A.",Utilities,Utilities - Diversified,OID,23.81,14663,158887493632,0.6032,23.84,22.58,-0.056,-4.33,-3.25,8.89,1.33,0.0,78.25,3,25.33,18.0,-6.0,0.0,,8,,20260805
WELL,Welltower Inc.,Real Estate,REIT - Healthcare Facilities,NYSE,237.25,3493757,170955718656,5.8745,225.0,204.27,2.0855,4.45,15.18,19.42,14.19,0.0,87.5,2,255.2,161.26,-7.03,0.0,,8,,20260805
ABT,Abbott Laboratories,Healthcare,Medical Devices,NYSE,105.71,12941449,182918823936,3.0267,93.96,106.65,3.8812,15.5,-13.97,-40.07,-17.04,0.0,73.25,3,137.49,81.97,-23.11,0.0,,8,,20260805
ETN,"Eaton Corporation, PLC",Industrials,Specialty Industrial Machinery,NYSE,447.28,2567968,0,19.2565,406.99,373.99,2.0925,2.53,11.87,-5.72,2.5,0.0,86.25,2,453.5,311.92,-1.37,0.0,,8,,20260805
IBDRY,"Iberdrola, S.A.",Utilities,Utilities - Diversified,OID,95.24,91224,158887493632,1.2642,95.15,90.12,0.0747,-3.74,-6.17,9.37,0.65,0.0,85.0,2,100.64,72.02,-5.37,0.0,,8,,20260805
SCCO,Southern Copper Corporation,Basic Materials,Copper,NYSE,197.0,1318617,164363354112,8.3378,181.97,168.5,1.8032,10.31,-18.2,101.63,36.86,0.0,91.25,2,221.67,90.2,-11.13,0.0,,8,,20260805
PIAIF,"Ping An Insurance (Group) Company of China, Ltd.",Financial Services,Insurance - Life,PNK,7.26,12185,131461480448,0.174,7.08,7.87,1.0139,-19.17,-34.68,-18.99,-24.52,0.0,37.0,3,9.81,5.95,-25.99,0.0,,8,,20260805
FRCOY,"Fast Retailing Co., Ltd.",Consumer Cyclical,Apparel Retail,PNK,48.75,454945,149589868544,1.694,50.21,42.83,-0.8615,-3.13,7.66,33.04,15.11,0.0,69.5,3,55.65,29.25,-12.4,0.0,,8,,20260805
PFE,"Pfizer, Inc.",Healthcare,Drug Manufacturers - General,NYSE,25.81,41342637,147102646272,0.5268,24.7,24.97,2.0998,-5.71,-8.64,-5.93,-6.82,0.0,65.0,3,28.75,23.58,-10.23,0.0,,8,,20260805
CRM,"Salesforce, Inc.",Technology,Software - Application,NYSE,192.98,15110634,0,8.1714,171.58,203.43,2.619,-3.16,-13.46,-46.18,-23.98,0.0,52.0,3,269.11,146.32,-28.29,0.0,,8,,20260805
SMFNF,"Sumitomo Mitsui Financial Group, Inc.",Financial Services,Banks - Diversified,PNK,40.89,41939,155872706560,1.9907,40.99,35.21,-0.0526,10.37,5.19,43.57,21.84,0.0,70.75,3,45.31,24.69,-9.76,0.0,,8,,20260805
COP,ConocoPhillips,Energy,Oil & Gas E&P,NYSE,115.04,7166268,140152537088,3.2441,113.39,107.25,0.5089,-12.65,-0.9,4.69,-1.6,0.0,62.5,2,135.87,85.57,-15.33,0.0,,8,,20260805
BTAFF,British American Tobacco p.l.c.,Consumer Defensive,Tobacco,PNK,59.01,3854,127280185344,2.4513,60.89,57.92,-0.7686,-11.13,-11.92,-13.54,-12.37,0.0,47.0,3,69.57,49.75,-15.18,0.0,,8,,20260805
UBER,"Uber Technologies, Inc.",Technology,Software - Application,NYSE,68.18,19975062,138787143680,2.4897,71.65,78.23,-1.3954,-13.17,-24.74,-46.21,-30.44,0.0,23.25,4,101.99,65.41,-33.15,0.0,,8,,20260805
BX,Blackstone Inc.,Financial Services,Asset Management,NYSE,136.03,5128885,169303932928,4.5784,121.37,128.74,3.2014,5.34,-7.44,-40.29,-17.38,0.0,88.75,3,190.09,101.73,-28.44,0.0,,8,,20260805
TOELF,Tokyo Electron Limited,Technology,Semiconductor Equipment & Materials,PNK,360.0,15354,163674439680,29.6909,406.43,289.0,-1.5639,14.22,21.8,120.36,59.33,0.0,61.25,3,509.3,130.17,-29.31,0.0,,8,,20260805
HON,Honeywell International Inc.,Industrials,Conglomerates,NASDAQ,248.12,4656375,78639153152,7.1899,234.65,226.6,1.8737,7.15,-8.7,-7.14,-4.11,0.0,90.0,2,260.28,195.87,-4.67,0.0,,8,,20260805
SMFG,"Sumitomo Mitsui Financial Group, Inc.",Financial Services,Banks - Diversified,NYSE,25.4,2018318,161374699520,0.6219,24.52,21.07,1.4198,13.18,6.79,43.35,23.01,0.0,87.5,2,26.67,15.18,-4.76,0.0,,8,,20260805
HTHIF,"Hitachi, Ltd.",Industrials,Conglomerates,PNK,34.0,45985,152470061056,2.1272,30.39,31.73,1.6993,6.7,-12.47,-5.77,-4.99,0.0,60.0,3,38.53,23.72,-11.76,0.0,,8,,20260805
DE,Deere & Company,Industrials,Farm & Heavy Construction Machinery,NYSE,612.0,1301383,165201707008,18.6021,592.43,547.76,1.0519,-0.07,0.68,-1.94,-0.56,0.0,86.25,2,674.19,433.0,-9.22,0.0,,8,,20260805
TOELY,Tokyo Electron Limited,Technology,Semiconductor Equipment & Materials,PNK,182.0,378014,165493030912,12.7582,202.94,144.99,-1.6413,7.47,27.29,112.77,56.53,0.0,61.25,3,249.37,66.1,-27.02,0.0,,8,,20260805
HTHIY,"Hitachi, Ltd.",Industrials,Conglomerates,PNK,34.7,645481,155609153536,1.0236,30.44,31.6,4.1634,5.41,-11.6,-2.95,-3.89,0.0,68.75,3,39.0,25.0,-11.03,0.0,,8,,20260805
UBS,UBS Group AG,Financial Services,Banks - Diversified,NYSE,53.57,2058822,175592013824,1.0756,50.48,43.57,2.8718,14.84,3.04,23.81,14.3,0.0,87.5,2,55.15,36.3,-2.86,0.0,,8,,20260805
BTI,British American Tobacco p.l.c.,Consumer Defensive,Tobacco,NYSE,59.27,4331660,127840985088,1.4425,60.49,57.4,-0.8447,-5.46,-13.69,-10.48,-10.35,0.0,45.75,3,67.3,49.88,-11.93,0.0,,8,,20260805
PNGAY,"Ping An Insurance (Group) Company of China, Ltd.",Financial Services,Insurance - Life,PNK,14.66,231675,132729012224,0.2443,14.21,15.34,1.8604,-13.31,-29.0,-12.3,-18.4,0.0,50.75,3,18.92,12.84,-22.52,0.0,,8,,20260805
RYCEY,Rolls-Royce Holdings plc,Industrials,Aerospace & Defense,PNK,21.0,3020804,173546307584,0.5605,18.49,16.71,4.4746,21.57,10.89,22.04,18.02,0.0,90.0,2,21.27,13.25,-1.27,0.0,,8,,20260805
RLLCF,Rolls-Royce Holdings plc,Industrials,Aerospace & Defense,PNK,0.0,1621845,2773499,0.0003,0.0,0.0,-0.2362,-44.13,-60.51,-92.7,-69.29,0.0,18.25,4,0.01,0.0,-73.21,0.0,,8,,20260805
CIHHF,"China Merchants Bank Co., Ltd.",Financial Services,Banks - Regional,PNK,6.1,5775,153841057792,0.0382,5.85,6.02,6.6652,-5.89,-9.19,-29.11,-16.33,0.0,51.25,3,6.91,5.65,-11.72,0.0,,8,,20260805
CIHKY,"China Merchants Bank Co., Ltd.",Financial Services,Banks - Regional,PNK,31.01,43540,156413476864,0.597,29.79,30.68,2.0363,-0.53,-7.05,-25.47,-12.79,0.0,87.5,3,34.88,27.26,-11.1,0.0,,8,,20260805
RYCEF,Rolls-Royce Holdings plc,Industrials,Aerospace & Defense,PNK,21.0,51275,173546307584,0.811,18.36,16.56,3.2542,20.64,12.36,22.77,18.6,0.0,90.0,2,21.1,13.08,-0.47,0.0,,8,,20260805
SAFRF,Safran SA,Industrials,Aerospace & Defense,PNK,417.0,2957,172810715136,11.0929,373.87,358.17,3.8882,23.21,3.32,1.25,7.46,0.0,91.25,2,422.6,307.16,-1.33,0.0,,8,,20260805
PLDGP,"Prologis, Inc.",Real Estate,REIT - Industrial,OQB,51.26,1270,0,0.2566,52.45,52.09,-4.6498,-8.42,-10.88,-22.0,-14.72,0.0,38.5,1,59.0,50.15,-13.12,0.0,,8,,20260805
PLD,"Prologis, Inc.",Real Estate,REIT - Industrial,NYSE,140.76,3944290,134403465216,3.424,143.4,134.1,-0.7715,-5.55,-3.86,14.81,3.18,0.0,74.5,3,153.35,103.41,-8.21,0.0,,8,,20260805
DBSDF,DBS Group Holdings Ltd,Financial Services,Banks - Regional,PNK,59.62,5034,169180020736,2.0985,53.12,46.63,3.0978,24.14,15.07,29.58,23.14,0.0,83.75,2,60.46,36.55,-1.39,0.0,,8,,20260805
CSUAY,China Shenhua Energy Company Limited,Energy,Thermal Coal,PNK,21.4,23934,116038467584,0.4668,21.62,21.56,-0.4717,-16.01,-5.88,0.89,-5.7,0.0,34.0,4,26.75,17.67,-20.0,0.0,,8,,20260805
DBSDY,DBS Group Holdings Ltd,Financial Services,Banks - Regional,PNK,229.98,35314,163150053376,4.2561,211.26,182.24,4.3992,20.45,15.02,35.15,24.43,0.0,85.0,2,238.04,149.44,-3.39,0.0,,8,,20260805
SAFRY,Safran SA,Industrials,Aerospace & Defense,PNK,103.43,256355,171451432960,2.3454,93.45,88.73,4.2547,24.86,4.07,2.49,8.63,0.0,92.5,2,106.71,76.86,-3.07,0.0,,8,,20260805
IBKR,"Interactive Brokers Group, Inc.",Financial Services,Capital Markets,NASDAQ,88.74,4915442,150974201856,3.5906,90.6,76.2,-0.519,-0.77,6.44,14.05,7.68,0.0,75.75,3,97.84,58.95,-9.3,0.0,,8,,20260805
SONY,Sony Group Corporation,Technology,Consumer Electronics,NYSE,22.44,6530234,131778043904,0.5618,21.25,23.3,2.1151,4.9,-9.91,-32.68,-15.32,0.0,72.0,3,30.34,19.32,-26.04,0.0,,8,,20260805
PDD,PDD Holdings Inc.,Consumer Cyclical,Internet Retail,NASDAQ,90.94,9015716,129443676160,2.3688,83.77,103.27,3.0248,-12.64,-24.22,-42.15,-28.49,0.0,38.75,3,139.41,71.94,-34.77,0.0,,8,,20260805
SHOP,Shopify Inc.,Technology,Software - Application,NASDAQ,144.24,10036286,187173715968,8.0434,117.5,132.75,3.3242,27.38,8.68,-8.12,6.64,0.0,88.75,3,182.19,94.0,-20.83,0.0,,8,,20260805
SNEJF,Sony Group Corporation,Technology,Consumer Electronics,PNK,22.45,146955,131836772352,2.0808,21.33,23.42,0.5404,4.73,-9.86,-34.44,-16.04,0.0,70.75,3,32.4,18.68,-30.71,0.0,,8,,20260805
BBVXF,"Banco Bilbao Vizcaya Argentaria, S.A.",Financial Services,Banks - Diversified,PNK,28.83,33211,159293980672,1.2439,24.7,22.53,3.3166,21.29,1.7,45.38,24.07,0.0,78.75,2,28.66,16.8,0.59,0.0,,8,,20260805
CILJF,China Life Insurance Company Limited,Financial Services,Insurance - Life,PNK,3.61,13755,102035578880,0.164,3.65,3.68,-0.2659,-9.59,-28.86,5.16,-10.44,0.0,34.0,4,4.67,2.74,-22.7,0.0,,8,,20260805
UNCFF,UniCredit S.p.A.,Financial Services,Banks - Regional,PNK,99.0,4391,148329463808,2.4203,90.35,81.33,3.5727,15.71,-0.05,12.26,8.81,0.0,82.5,2,99.0,67.56,0.0,0.0,,8,,20260805
CB,Chubb Limited,Financial Services,Insurance - Property & Casualty,NYSE,352.54,1795019,136009891840,7.848,338.76,318.39,1.7565,3.0,0.95,9.16,4.75,0.0,88.75,2,365.91,265.3,-3.65,0.0,,8,,20260805
EBGEF,Enbridge Inc.,Energy,Oil & Gas Midstream,PNK,25.44,704,0,0.1406,25.28,24.6,1.1247,-4.68,-7.03,-13.56,-9.06,0.0,80.0,2,26.25,24.0,-3.09,0.0,,8,,20260805
ENNPF,Enbridge Inc.,Energy,Oil & Gas Midstream,PNK,18.25,51,0,0.0083,18.17,17.48,10.0611,-5.64,-4.52,-11.19,-7.47,0.0,76.25,2,18.98,15.5,-3.85,0.0,,8,,20260805
EBBGF,Enbridge Inc.,Energy,Oil & Gas Midstream,PNK,25.3,2823,0,0.1196,25.15,24.24,1.2882,-4.09,-5.8,-11.94,-7.83,0.0,83.75,2,25.5,22.13,-0.77,0.0,,8,,20260805
EBBNF,Enbridge Inc.,Energy,Oil & Gas Midstream,PNK,25.29,5570,43609825083,0.1588,24.73,23.95,3.5396,-3.0,-4.79,-10.97,-6.82,0.0,91.25,2,25.29,23.04,0.0,0.0,,8,,20260805
ENB,Enbridge Inc,Energy,Oil & Gas Midstream,NYSE,51.94,4061900,113441398784,1.0227,55.37,51.07,-3.3562,-10.84,-4.17,-7.33,-7.1,0.0,58.75,3,58.45,45.03,-11.14,0.0,,8,,20260805
UNCRY,UniCredit S.p.A.,Financial Services,Banks - Regional,PNK,49.05,456944,146981011456,1.0671,45.07,40.32,3.7305,16.92,-0.56,15.07,10.06,0.0,93.75,2,49.13,33.63,-0.16,0.0,,8,,20260805
BBVA,"Banco Bilbao Vizcaya Argentaria, S.A.",Financial Services,Banks - Diversified,NYSE,28.07,1515177,155094761472,0.6386,24.88,22.54,5.001,24.6,0.62,49.48,26.16,0.0,91.25,2,28.39,17.59,-1.13,0.0,,8,,20260805
VRT,Vertiv Holdings Co,Industrials,Electrical Equipment & Parts,NYSE,277.94,6478640,107003609088,20.8933,302.61,247.63,-1.1809,-25.11,34.0,75.15,35.68,0.0,32.5,3,379.94,118.7,-26.85,0.0,,8,,20260805
BKNG,Booking Holdings Inc.,Consumer Cyclical,Travel Services,NASDAQ,207.02,7510609,160415350784,7.7554,177.18,184.69,3.8473,17.18,-0.27,-28.0,-7.0,0.0,90.0,3,231.8,150.14,-10.69,0.0,,8,,20260805
IVSBF,Investor AB (publ),Financial Services,Asset Management,PNK,45.09,14360,138134568960,1.0575,40.89,38.05,3.971,6.97,4.76,30.05,15.43,0.0,90.0,2,44.0,28.2,2.48,0.0,,8,,20260805
UL,Unilever PLC,Consumer Defensive,Household & Personal Products,NYSE,64.43,4410970,138803314688,1.3887,60.24,62.95,3.0202,4.71,-17.45,-24.9,-14.89,0.0,86.25,3,74.98,54.75,-14.07,0.0,,8,,20260805
SPGI,S&P Global Inc.,Financial Services,Financial Data & Stock Exchanges,NYSE,410.03,2363079,120876843008,13.0788,411.99,432.78,-0.1499,-4.15,-19.24,-45.69,-26.05,0.0,61.5,4,547.82,361.03,-25.15,0.0,,8,,20260805
MO,"Altria Group, Inc.",Consumer Defensive,Tobacco,NYSE,68.44,8264350,114277277696,2.0084,71.19,64.05,-1.3675,-11.2,-2.15,-5.32,-5.68,0.0,77.0,3,77.06,54.7,-11.19,0.0,,8,,20260805
LMT,Lockheed Martin Corporation,Industrials,Aerospace & Defense,NYSE,577.6,1294834,133304729600,16.0504,531.9,541.83,2.8473,7.6,-19.21,16.69,1.85,0.0,85.0,3,692.0,423.91,-16.53,0.0,,8,,20260805
KYCCF,Keyence Corporation,Technology,Scientific & Technical Instruments,PNK,547.68,3104,132826161152,39.6276,480.94,412.42,1.6842,3.26,39.5,17.96,21.82,0.0,63.75,2,556.0,303.33,-1.5,0.0,,8,,20260805
UNLYF,Unilever PLC,Consumer Defensive,Household & Personal Products,PNK,63.58,7763,136972132352,1.4502,59.49,63.36,2.8216,1.28,-18.43,-32.62,-19.18,0.0,88.75,3,73.88,54.56,-13.94,0.0,,8,,20260805
HDB,HDFC Bank Limited,Financial Services,Banks - Regional,NYSE,23.85,9320860,122469924864,0.5783,24.68,29.79,-1.4311,-10.58,-41.19,-60.31,-41.18,0.0,22.0,4,38.29,22.66,-37.71,0.0,,8,,20260805
DHR,Danaher Corporation,Healthcare,Diagnostics & Research,NYSE,199.66,5232122,140358189056,7.2189,189.02,202.86,1.4739,7.94,-19.67,-21.45,-13.48,0.0,79.5,3,242.8,160.93,-17.77,0.0,,8,,20260805
BMY,Bristol-Myers Squibb Company,Healthcare,Drug Manufacturers - General,NYSE,63.63,12205760,129977933824,1.9414,58.14,54.89,2.8258,6.36,3.88,23.57,12.37,0.0,88.75,2,68.1,42.52,-6.56,0.0,,8,,20260805
SYK,Stryker Corporation,Healthcare,Medical Devices,NYSE,337.03,2749300,129275625472,11.751,318.05,341.13,1.6149,7.82,-18.32,-34.07,-18.08,0.0,77.0,3,396.86,281.0,-15.08,0.0,,8,,20260805
PBR,Petróleo Brasileiro S.A. - Petrobras,Energy,Oil & Gas Integrated,NYSE,18.36,15830424,118318571520,0.5123,17.78,16.21,1.1297,-21.65,9.56,25.51,8.14,0.0,62.5,2,22.24,11.43,-17.45,0.0,,8,,20260805
AIQUY,L'Air Liquide S.A.,Basic Materials,Specialty Chemicals,PNK,40.04,211359,127300952064,0.6255,39.9,39.15,0.2237,-9.35,-3.78,-20.67,-11.93,0.0,70.0,2,44.42,36.17,-9.86,0.0,,8,,20260805
IVSXF,Investor AB (publ),Financial Services,Asset Management,PNK,42.93,372,131517341696,0.2852,40.02,37.5,10.1917,-3.0,-1.15,17.81,5.98,0.0,75.0,2,42.93,29.43,0.0,0.0,,8,,20260805
LOW,"Lowe's Companies, Inc.",Consumer Cyclical,Home Improvement Retail,NYSE,219.94,3097780,0,5.9178,213.36,236.42,1.112,-8.38,-31.33,-27.31,-23.99,0.0,50.75,3,293.06,199.4,-24.95,0.0,,8,,20260805
ZIJMF,Zijin Mining Group Company Limited,Basic Materials,Gold,PNK,4.37,60875,116201414656,0.4087,3.95,4.46,1.0384,-11.33,-23.37,45.07,7.01,0.0,50.75,3,6.14,2.75,-28.83,0.0,,8,,20260805
BPAQF,BP p.l.c.,Energy,Oil & Gas Integrated,PNK,7.32,23065,113109032960,0.128,6.79,6.55,4.1458,-13.13,6.24,16.59,5.54,0.0,57.5,2,8.01,5.36,-8.61,0.0,,8,,20260805
AIQUF,L'Air Liquide S.A.,Basic Materials,Specialty Chemicals,PNK,196.82,467,125151723520,4.1917,199.73,195.51,-0.6933,-10.37,-5.53,-23.23,-13.82,0.0,52.0,3,224.89,178.46,-12.48,0.0,,8,,20260805
ZIJMY,Zijin Mining Group Company Limited,Basic Materials,Gold,PNK,89.12,39398,118488227840,2.9122,78.75,88.04,3.5622,-5.59,-26.45,41.07,5.77,0.0,62.5,3,119.99,56.42,-25.73,0.0,,8,,20260805
ADTTF,Advantest Corporation,Technology,Semiconductor Equipment & Materials,PNK,205.99,1567,149129854976,9.6306,178.41,155.15,2.8635,0.74,13.28,177.84,75.97,0.0,81.25,2,209.0,67.92,-1.44,0.0,,8,,20260805
CFRHF,Compagnie Financière Richemont SA,Consumer Cyclical,Luxury Goods,PNK,238.81,1813,140406013952,11.4837,224.09,204.99,1.2822,21.36,8.58,21.93,17.12,0.0,85.0,2,246.99,158.1,-3.31,0.0,,8,,20260805
CVS,CVS Health Corporation,Healthcare,Healthcare Plans,NYSE,99.12,8344800,126469914624,3.0199,101.19,83.77,-0.6861,16.97,18.72,43.11,28.04,0.0,75.75,3,110.68,62.52,-10.44,0.0,,8,,20260805
MSBHF,Mitsubishi Corporation,Industrials,Conglomerates,PNK,28.15,11814,103071186944,2.2378,29.28,28.74,-0.5041,-22.65,-6.55,18.53,-0.54,0.0,32.75,4,37.75,18.88,-25.43,0.0,,8,,20260805
MTSUY,Mitsubishi Corporation,Industrials,Conglomerates,PNK,29.36,284990,107501600768,0.8141,29.05,28.8,0.3762,-19.07,-3.49,20.05,2.03,0.0,63.75,2,37.41,20.16,-21.52,0.0,,8,,20260805
ATEYY,Advantest Corporation,Technology,Semiconductor Equipment & Materials,PNK,209.09,154127,151374151680,12.7359,181.37,157.99,2.1766,5.77,16.89,179.32,79.08,0.0,87.5,2,222.45,66.5,-6.01,0.0,,8,,20260805
SBUX,Starbucks Corporation,Consumer Cyclical,Restaurants,NASDAQ,106.0,7844839,120840003584,3.0073,102.35,94.54,1.2121,-5.03,3.1,-2.13,-1.02,0.0,83.75,2,109.23,77.99,-2.96,0.0,,8,,20260805
COF,Capital One Financial Corporation,Financial Services,Credit Services,NYSE,221.63,4788342,135966654464,5.9451,199.05,206.44,3.7985,10.71,-12.19,-16.62,-8.24,0.0,90.0,3,259.64,174.24,-14.64,0.0,,8,,20260805
PGR,The Progressive Corporation,Financial Services,Insurance - Property & Casualty,NYSE,212.76,3323791,123692654592,5.8996,211.28,207.01,0.2508,1.01,-6.3,-29.52,-13.76,0.0,90.0,2,254.93,189.2,-16.54,0.0,,8,,20260805
CFRUY,Compagnie Financière Richemont SA,Consumer Cyclical,Luxury Goods,PNK,24.38,493326,143339847680,0.5404,22.65,20.59,3.2001,23.32,13.37,26.72,21.2,0.0,91.25,2,24.43,15.77,-0.2,0.0,,8,,20260805
AAIGF,AIA Group Limited,Financial Services,Insurance - Life,PNK,9.6,98506,98929590272,0.6668,9.65,10.23,-0.0813,-18.68,-27.71,-19.46,-22.15,0.0,39.0,4,12.3,8.57,-21.95,0.0,,8,,20260805
BNPQY,BNP Paribas SA,Financial Services,Banks - Regional,OQX,64.93,324304,142326562816,1.2582,57.79,49.99,5.673,21.4,10.44,23.76,18.51,0.0,92.5,2,64.95,37.5,-0.03,0.0,,8,,20260805
MZHOF,"Mizuho Financial Group, Inc.",Financial Services,Banks - Regional,PNK,51.89,34778,126426791936,2.2583,48.58,41.54,1.4657,21.28,8.86,58.28,31.73,0.0,82.5,2,55.34,29.0,-6.23,0.0,,8,,20260805
NEM,Newmont Corporation,Basic Materials,Gold,NYSE,104.29,7990947,109889568768,3.8211,98.27,103.99,1.5742,-10.74,-22.81,37.8,4.45,0.0,58.75,3,134.88,66.94,-22.68,0.0,,8,,20260805
AAGIY,AIA Group Limited,Financial Services,Insurance - Life,PNK,38.1,520224,98156699648,0.8982,38.74,41.08,-0.7161,-18.82,-27.25,-17.84,-21.38,0.0,46.5,4,46.84,35.53,-18.66,0.0,,8,,20260805
IITSF,Intesa Sanpaolo S.p.A.,Financial Services,Banks - Regional,OID,7.87,54142,137964158976,0.0761,6.98,6.75,11.7113,11.9,-0.82,7.95,5.87,0.0,75.0,2,7.53,5.75,4.52,0.0,,8,,20260805
ENLAY,Enel SpA,Utilities,Utilities - Diversified,PNK,11.46,382088,113720598528,0.264,11.11,10.67,1.3254,-2.75,-6.19,6.34,-0.32,0.0,86.25,2,12.14,8.92,-5.6,0.0,,8,,20260805
BP,BP p.l.c.,Energy,Oil & Gas Integrated,NYSE,41.21,9045819,106129858560,1.1843,41.22,39.35,-0.0122,-16.99,-3.47,10.37,-1.32,0.0,49.5,3,48.27,32.72,-14.63,0.0,,8,,20260805
MFG,"Mizuho Financial Group, Inc.",Financial Services,Banks - Regional,NYSE,10.7,3967367,130349465600,0.2951,9.93,8.46,2.6142,18.81,8.13,57.12,30.4,0.0,86.25,2,10.86,6.04,-1.47,0.0,,8,,20260805
ESOCF,Enel SpA,Utilities,Utilities - Diversified,PNK,11.81,9518,117193744384,0.3003,11.3,10.87,1.714,-0.42,0.43,10.62,4.3,0.0,82.5,2,12.51,8.99,-5.6,0.0,,8,,20260805
BYDDY,BYD Company Limited,Consumer Cyclical,Auto Manufacturers,PNK,11.78,1810506,107400585216,0.2532,10.95,12.21,3.2753,-15.37,-7.85,-41.85,-23.33,0.0,45.75,3,15.19,9.21,-22.45,0.0,,8,,20260805
ISNPY,Intesa Sanpaolo S.p.A.,Financial Services,Banks - Regional,OID,47.01,239604,137350586368,0.7671,42.21,39.48,6.2623,12.77,0.26,11.94,8.06,0.0,91.25,2,47.04,34.06,-0.06,0.0,,8,,20260805
BYDDF,BYD Company Limited,Consumer Cyclical,Auto Manufacturers,PNK,11.8,311609,107582930944,0.4931,11.01,12.31,1.6016,-15.86,-8.45,-42.44,-23.9,0.0,50.75,3,15.7,9.25,-24.84,0.0,,8,,20260805
BNPQF,BNP Paribas SA,Financial Services,Banks - Regional,OQX,126.59,4957,138742628352,4.6341,116.15,99.52,2.2523,22.26,10.97,16.86,16.15,0.0,82.5,2,128.0,73.01,-1.1,0.0,,8,,20260805
BMO,Bank of Montreal,Financial Services,Banks - Diversified,NYSE,180.94,825859,126733385728,3.2083,172.23,144.59,2.7164,14.02,17.8,40.77,26.04,0.0,88.75,2,184.21,112.12,-1.78,0.0,,8,,20260805
IFNNY,Infineon Technologies AG,Technology,Semiconductors,OQX,69.73,553086,90614112256,4.4166,84.45,58.19,-3.3333,-10.08,32.56,56.03,31.29,0.0,61.25,3,103.28,35.89,-32.48,0.0,,8,,20260805
HNHPF,"Hon Hai Precision Industry Co., Ltd.",Technology,Electronic Components,PNK,17.14,42216,119996448768,0.5554,16.0,14.52,2.0526,9.42,18.05,23.45,18.05,0.0,88.75,2,20.26,11.5,-15.4,0.0,,8,,20260805
VRTX,Vertex Pharmaceuticals Incorporated,Healthcare,Biotechnology,NASDAQ,484.83,1549678,122807435264,13.8517,471.02,453.96,0.9972,7.62,-8.11,-20.65,-9.19,0.0,87.5,2,533.67,362.5,-9.15,0.0,,8,,20260805
ACN,Accenture plc,Technology,Information Technology Services,NYSE,170.73,8782270,104476868608,8.136,152.67,206.46,2.22,-10.11,-39.99,-55.98,-38.92,0.0,38.75,3,291.09,118.15,-41.35,0.0,,8,,20260805
PH,Parker-Hannifin Corporation,Industrials,Specialty Industrial Machinery,NYSE,996.9,686527,125695524864,24.9668,937.61,908.74,2.3746,7.86,-8.43,16.53,5.63,0.0,87.5,2,1034.96,692.02,-3.68,0.0,,8,,20260805
PWR,"Quanta Services, Inc.",Industrials,Engineering & Construction,NYSE,682.99,1288249,102683033600,32.7374,679.15,564.94,0.1172,-18.1,27.6,50.35,25.27,0.0,57.5,2,788.75,363.01,-13.41,0.0,,8,,20260805
ZURVY,Zurich Insurance Group AG,Financial Services,Insurance - Diversified,OQX,37.68,113245,112564682752,0.427,36.81,34.92,2.0343,2.4,-1.38,-9.8,-3.81,0.0,90.0,2,38.71,33.62,-2.66,0.0,,8,,20260805
SNY,Sanofi,Healthcare,Drug Manufacturers - General,NASDAQ,42.78,3401691,102506758144,1.0007,43.4,44.71,-0.6232,-7.97,-17.15,-29.34,-19.73,0.0,65.25,4,52.68,40.89,-18.79,0.0,,8,,20260805
IFNNF,Infineon Technologies AG,Technology,Semiconductors,OQX,70.0,19795,90964975616,3.8815,84.23,58.24,-3.6653,-5.85,28.27,53.99,30.03,0.0,58.75,3,103.5,36.21,-32.37,0.0,,8,,20260805
ZFSVF,Zurich Insurance Group AG,Financial Services,Insurance - Diversified,OQX,746.34,429,110533255168,14.8747,727.73,718.47,1.251,4.76,-7.63,-15.47,-7.67,0.0,77.5,2,791.41,656.6,-5.69,0.0,,8,,20260805
CM,Canadian Imperial Bank of Commerce,Financial Services,Banks - Diversified,NYSE,118.68,1302945,108331188224,2.2714,114.41,99.51,1.8779,1.87,14.64,42.81,22.72,0.0,90.0,2,122.5,71.78,-3.12,0.0,,8,,20260805
SPOT,Spotify Technology S.A.,Communication Services,Internet Content & Information,NYSE,482.23,2013803,99156164608,21.356,485.57,520.91,-0.1562,8.31,-10.49,-50.09,-21.63,0.0,62.75,4,748.3,405.0,-35.56,0.0,,8,,20260805
SO,Southern Company (The),Utilities,Utilities - Regulated Electric,NYSE,93.1,5836429,107098791936,2.0512,94.46,91.83,-0.6627,-8.75,-7.26,-23.17,-14.0,0.0,73.25,3,100.84,83.8,-7.68,0.0,,8,,20260805
SNYNF,Sanofi,Healthcare,Drug Manufacturers - General,PNK,83.1,15313,99559514112,2.6162,86.35,92.51,-1.2406,-14.8,-24.01,-35.66,-26.37,0.0,20.75,4,106.34,80.74,-21.85,0.0,,8,,20260805
EQIX,"Equinix, Inc.",Real Estate,REIT - Specialty,NASDAQ,1056.2,590526,104217034752,34.0787,1052.59,928.98,0.1058,-8.21,20.86,15.46,11.43,0.0,60.0,2,1128.68,720.62,-6.42,0.0,,8,,20260805
CEG,Constellation Energy Corporation,Utilities,Utilities - Independent Power Producers,NASDAQ,265.12,3690511,94674886656,10.0935,262.1,305.47,0.299,-23.76,-13.19,-48.22,-29.84,0.0,36.25,3,412.7,228.63,-35.76,0.0,,8,,20260805
CME,CME Group Inc.,Financial Services,Financial Data & Stock Exchanges,NASDAQ,264.78,3399922,95209398272,6.9233,251.0,273.93,1.99,-13.84,-19.25,-27.5,-21.2,0.0,55.75,3,329.16,218.31,-19.56,0.0,,8,,20260805
NOW,"ServiceNow, Inc.",Technology,Software - Application,NYSE,117.22,28209785,121189310464,6.6754,106.51,123.96,1.6041,20.77,-5.45,-59.81,-20.64,0.0,77.0,3,194.73,81.24,-39.8,0.0,,8,,20260805
GLAXF,GSK plc,Healthcare,Drug Manufacturers - General,PNK,24.78,673,99259047936,0.5099,25.56,25.51,-1.5227,-7.55,-16.26,8.87,-4.03,0.0,27.75,4,31.48,18.16,-21.28,0.0,,8,,20260805
CDNS,"Cadence Design Systems, Inc.",Technology,Software - Application,NASDAQ,337.07,2424026,92826714112,14.7051,369.95,327.83,-2.2356,-11.32,13.31,-30.94,-10.55,0.0,32.5,3,416.69,262.75,-19.11,0.0,,8,,20260805
HWM,Howmet Aerospace Inc.,Industrials,Aerospace & Defense,NYSE,291.42,2792816,116599332864,8.4627,271.1,237.62,2.4013,13.5,24.41,37.91,27.08,0.0,90.0,2,295.28,169.45,-1.31,0.0,,8,,20260805
GSK,GSK plc,Healthcare,Drug Manufacturers - General,NYSE,51.46,4042593,103064379392,1.2255,51.7,51.18,-0.1947,-3.56,-14.09,18.37,1.53,0.0,70.75,3,61.7,36.75,-16.6,0.0,,8,,20260805
BAMGF,Brookfield Corporation,Financial Services,Asset Management,PNK,16.9,7,16197921649,0.0034,16.88,15.48,4.1707,-8.1,-1.68,5.47,-0.42,0.0,75.0,2,17.17,13.6,-1.59,0.0,,8,,20260805
BN,Brookfield Corporation,Financial Services,Asset Management,NYSE,44.54,4422300,99484352512,1.0139,43.79,44.54,0.7374,-9.32,-12.1,-22.43,-15.54,0.0,61.25,3,49.57,37.93,-10.15,0.0,,8,,20260805
CNQ,Canadian Natural Resources Limited,Energy,Oil & Gas E&P,NYSE,44.75,8291450,93335519232,1.28,43.66,40.06,0.8547,-12.11,9.54,24.91,10.28,0.0,63.75,2,51.34,29.3,-12.84,0.0,,8,,20260805
MDT,Medtronic plc.,Healthcare,Medical Devices,NYSE,85.99,9863165,0,2.2325,80.98,88.67,2.2436,4.91,-27.45,-24.27,-18.09,0.0,77.0,3,106.33,73.31,-19.13,0.0,,8,,20260805
SNPS,"Synopsys, Inc.",Technology,Software - Infrastructure,NASDAQ,400.82,2024790,76748742656,15.5288,439.47,448.86,-2.4891,-26.87,-16.6,-60.29,-36.65,0.0,7.5,4,632.99,366.0,-36.68,0.0,,8,,20260805
MITSF,"Mitsui & Co., Ltd.",Industrials,Conglomerates,PNK,30.07,28424,85224038400,1.1004,30.13,32.26,-0.0526,-24.81,-20.3,21.54,-4.69,0.0,31.5,4,42.2,21.0,-28.74,0.0,,8,,20260805
TT,Trane Technologies plc,Industrials,Building Products & Equipment,NYSE,483.58,1380931,106398810112,16.8095,470.68,439.37,0.7672,-5.12,-0.64,-11.1,-5.94,0.0,88.75,2,505.87,348.06,-4.41,0.0,,8,,20260805
ADBE,Adobe Inc.,Technology,Software - Application,NASDAQ,259.32,6479236,103079706624,11.6737,228.85,275.31,2.6098,-5.18,-16.87,-46.78,-25.91,0.0,52.0,3,370.86,190.12,-30.08,0.0,,8,,20260805
EQNR,Equinor ASA,Energy,Oil & Gas Integrated,NYSE,38.13,3950016,90598268928,1.3187,36.02,31.12,1.5982,-13.5,35.96,36.26,23.72,0.0,60.0,2,43.46,22.26,-12.26,0.0,,8,,20260805
MITSY,"Mitsui & Co., Ltd.",Industrials,Conglomerates,PNK,597.0,9250,84600512512,22.6951,599.51,642.97,-0.1106,-25.87,-21.78,16.65,-7.43,0.0,37.75,4,835.49,408.93,-28.54,0.0,,8,,20260805
XIACY,Xiaomi Corporation,Technology,Consumer Electronics,PNK,17.52,380045,90030317568,0.6386,16.78,21.78,1.1659,-16.46,-32.56,-72.91,-44.68,0.0,32.5,3,38.07,13.55,-53.98,0.0,,8,,20260805
XIACF,Xiaomi Corporation,Technology,Consumer Electronics,PNK,3.5,81819,89927548928,0.1812,3.37,4.38,0.7141,-16.89,-31.77,-72.95,-44.52,0.0,37.5,3,7.86,2.52,-55.47,0.0,,8,,20260805
BNS,Bank Nova Scotia Halifax Pfd 3,Financial Services,Banks - Diversified,NYSE,88.55,2576296,107950735360,1.5004,84.95,75.0,2.4023,9.94,6.36,36.31,19.24,0.0,88.75,2,90.47,55.51,-2.12,0.0,,8,,20260805
FTNT,"Fortinet, Inc.",Technology,Software - Infrastructure,NASDAQ,164.13,6451972,120424423424,7.2104,151.72,101.77,1.7217,75.9,94.74,43.23,69.43,0.0,83.75,2,172.09,70.12,-4.63,0.0,,8,,20260805
DUK,Duke Energy Corporation,Utilities,Utilities - Regulated Electric,NYSE,123.34,3628932,96168468480,2.4401,125.51,123.34,-0.8885,-9.12,-9.11,-20.51,-13.67,0.0,72.0,3,134.49,113.9,-8.29,0.0,,8,,20260805
ITOCF,ITOCHU Corporation,Industrials,Conglomerates,PNK,12.68,15765,88632090624,0.7173,11.85,24.11,1.1519,-12.58,-14.81,-101.32,-48.86,0.0,36.25,3,62.88,10.6,-79.83,0.0,,8,,20260805
MAR,Marriott International,Consumer Cyclical,Lodging,NASDAQ,361.31,1539536,94217469952,10.1669,377.81,335.55,-1.6231,-4.52,1.68,17.35,6.4,0.0,78.25,3,410.98,256.49,-12.09,0.0,,8,,20260805
AXAHF,AXA SA,Financial Services,Insurance - Diversified,OQX,51.5,6555,104770904064,0.35,49.19,46.96,6.5968,2.27,-0.18,-12.43,-4.47,0.0,77.5,2,52.08,43.0,-1.11,0.0,,8,,20260805
WMB,"The Williams Companies, Inc.",Energy,Oil & Gas Midstream,NYSE,71.81,7033993,87823499264,2.0006,73.09,67.91,-0.6418,-11.6,-5.87,-0.37,-5.1,0.0,47.0,3,80.08,55.82,-10.33,0.0,,8,,20260805
AXAHY,AXA SA,Financial Services,Insurance - Diversified,OQX,51.66,155998,105096404992,0.5872,49.24,45.12,4.1257,11.23,5.3,-5.3,2.54,0.0,91.25,2,52.48,43.04,-1.56,0.0,,8,,20260805
BNY,The Bank of New York Mellon Cor,Financial Services,Banks - Diversified,NYSE,158.74,3880880,107705745408,3.3877,148.63,126.12,2.9854,13.78,21.86,35.95,25.47,0.0,86.25,2,163.77,99.67,-3.07,0.0,,8,,20260805
ITOCY,ITOCHU Corporation,Industrials,Conglomerates,PNK,12.45,512968,87024410624,0.3113,11.77,12.42,2.1692,-7.51,-16.17,-5.2,-9.62,0.0,62.5,3,15.1,10.57,-17.55,0.0,,8,,20260805
BRCFF,BRCFF,Financial Services,Asset Management,PNK,17.0,1,0,0.0035,16.89,16.19,30.1412,-11.14,-13.01,-2.97,-8.53,0.0,50.0,2,17.98,15.16,-5.45,0.0,,8,,20260805
STOHF,Equinor ASA,Energy,Oil & Gas Integrated,PNK,39.75,40419,94447443968,0.4566,36.05,31.05,8.1121,-8.35,35.31,33.9,23.83,0.0,51.25,2,43.77,22.21,-9.18,0.0,,8,,20260805
CIXPF,"CaixaBank, S.A.",Financial Services,Banks - Regional,PNK,14.48,587,100637515776,0.0738,13.48,12.03,13.4746,9.41,9.92,38.14,21.08,0.0,75.0,2,14.55,9.87,-0.52,0.0,,8,,20260805
IBN,ICICI Bank Limited,Financial Services,Banks - Regional,NYSE,30.4,7491467,0,0.5144,28.25,28.75,4.1857,11.18,-11.59,-30.22,-13.35,0.0,87.5,3,33.39,25.08,-8.95,0.0,,8,,20260805
FDX,FedEx Corporation,Industrials,Integrated Freight & Logistics,NYSE,310.72,1965751,73510502400,7.4377,319.82,276.5,-1.2233,0.07,-2.28,57.44,22.19,0.0,70.75,3,345.37,177.28,-10.03,0.0,,8,,20260805
GMBXF,"Grupo México, S.A.B. de C.V.",Basic Materials,Other Industrial Metals & Mining,PNK,12.93,24088,100660051968,0.5305,11.95,10.84,1.8424,8.92,-5.99,75.92,30.5,0.0,88.75,2,12.95,6.25,-0.15,0.0,,8,,20260805
MGCOF,MGCOF,Unknown,Unknown,PNK,13.55,7618,0,0.1922,,13.55,,13.07,6.04,17.27,12.29,0.0,45.75,3,13.6,9.0,-0.37,0.0,,8,,20260805
CHDRY,Christian Dior SE,Consumer Cyclical,Luxury Goods,PNK,125.0,85,90205290496,4.9175,129.85,144.48,-0.9855,-7.9,-27.67,-25.8,-21.98,0.0,32.75,4,179.98,115.84,-30.55,0.0,,8,,20260805
ESLOY,EssilorLuxottica Société anonyme,Healthcare,Medical Instruments & Supplies,PNK,99.13,134586,91118624768,2.3538,98.16,130.72,0.4125,-7.92,-45.21,-54.94,-39.78,0.0,36.25,3,186.81,91.44,-46.94,0.0,,8,,20260805
ESLOF,EssilorLuxottica Société anonyme,Healthcare,Medical Instruments & Supplies,PNK,196.0,4567,90079952896,7.8493,195.85,265.73,0.0187,-8.02,-46.96,-57.72,-41.53,0.0,40.0,3,376.38,181.4,-47.92,0.0,,8,,20260805
GD,General Dynamics Corporation,Industrials,Aerospace & Defense,NYSE,384.08,1237914,103915601920,8.6178,361.57,347.51,2.612,3.85,-3.16,1.65,0.52,0.0,90.0,2,400.0,306.77,-3.98,0.0,,8,,20260805
TKOMF,"Tokio Marine Holdings, Inc.",Financial Services,Insurance - Property & Casualty,PNK,49.19,19859,93449625600,2.9396,46.62,42.16,0.8733,1.15,16.79,-10.42,2.0,0.0,80.0,2,53.44,31.68,-7.95,0.0,,8,,20260805
CAIXY,"CaixaBank, S.A.",Financial Services,Banks - Regional,PNK,4.87,305001,101677776896,0.1117,4.66,4.05,1.902,10.72,1.07,34.38,16.81,0.0,91.25,2,5.05,3.2,-3.56,0.0,,8,,20260805
GPMXY,Grupo Mexico S.A.B. de C.V.,Basic Materials,Other Industrial Metals & Mining,PNK,26.07,25894,101477474304,1.1521,24.21,26.07,1.6143,7.24,-5.76,-5.76,-2.51,0.0,86.25,3,26.48,20.9,-1.55,0.0,,8,,20260805
MCK,McKesson Corporation,Healthcare,Medical Distribution,NYSE,877.23,1197965,0,25.6729,794.94,835.64,3.2053,3.0,-8.97,0.58,-2.16,0.0,88.75,3,999.0,637.0,-12.19,0.0,,8,,20260805
SBKFF,State Bank of India,Financial Services,Banks - Regional,PNK,113.46,109,104730583040,1.5321,106.71,111.5,4.4041,-9.87,-21.82,-10.3,-14.22,0.0,63.25,3,140.06,90.21,-18.99,0.0,,8,,20260805
PROSF,Prosus N.V.,Consumer Cyclical,Internet Retail,PNK,43.9,2242,93540671488,0.5588,44.4,53.71,-0.8971,-15.8,-33.38,-50.32,-35.76,0.0,12.0,4,72.77,40.63,-39.67,0.0,,8,,20260805
CHDRF,Christian Dior SE,Consumer Cyclical,Luxury Goods,PNK,490.0,1,88401182720,1.7186,519.51,582.12,-17.1699,-10.18,-34.56,-25.53,-24.85,0.0,1.25,4,708.37,483.56,-30.83,0.0,,8,,20260805
PROSY,Prosus N.V.,Consumer Cyclical,Internet Retail,PNK,9.57,1032036,101957189632,0.28,9.0,10.74,2.0202,-6.42,-26.48,-39.94,-26.85,0.0,35.0,3,14.7,8.3,-34.9,0.0,,8,,20260805
ADP,"Automatic Data Processing, Inc.",Technology,Software - Application,NASDAQ,270.09,2774352,107441799168,8.643,237.92,232.92,3.7216,22.59,4.49,-31.47,-5.37,0.0,90.0,2,310.08,188.16,-12.9,0.0,,8,,20260805
CMCSA,Comcast Corporation,Communication Services,Telecom Services,NASDAQ,24.75,36594877,87828758528,0.9051,23.6,26.34,1.2726,-11.82,-26.95,-38.28,-27.7,0.0,53.25,3,32.86,21.28,-24.68,0.0,,8,,20260805
SNPMF,China Petroleum & Chemical Corporation,Energy,Oil & Gas Integrated,PNK,0.52,32434,62794678272,0.0176,0.54,0.58,-1.2961,-18.05,-28.97,-32.58,-27.68,0.0,14.5,4,0.72,0.48,-27.78,0.0,,8,,20260805
GLNCY,Glencore plc,Basic Materials,Other Industrial Metals & Mining,PNK,15.42,676060,90345971712,0.4194,14.57,13.0,2.0331,-4.11,-2.34,73.58,27.59,0.0,63.75,2,16.62,7.44,-7.22,0.0,,8,,20260805
GLCNF,Glencore plc,Basic Materials,Other Industrial Metals & Mining,PNK,7.68,82259,89994428416,0.2051,7.29,6.56,1.9106,-6.5,-3.14,72.12,26.12,0.0,61.25,2,8.3,3.74,-7.47,0.0,,8,,20260805
WBKCY,Westpac Banking Corp. Ltd.,Financial Services,Banks - Diversified,PNK,13.86,10708,94661230592,1.1895,13.0,13.86,0.7236,-6.29,-6.29,-6.29,-6.29,0.0,79.5,3,18.87,11.66,-26.55,0.0,,8,,20260805
FCX,"Freeport-McMoRan, Inc.",Basic Materials,Copper,NYSE,69.39,14433695,97145995264,2.9722,63.79,57.24,1.8852,13.96,-4.44,50.2,22.02,0.0,92.5,2,72.28,35.15,-4.0,0.0,,8,,20260805
INGVF,ING Groep N.V.,Financial Services,Banks - Diversified,PNK,33.95,634,97039605760,0.4505,32.05,27.97,4.2246,8.41,9.97,25.7,15.87,0.0,76.25,2,34.89,23.06,-2.69,0.0,,8,,20260805
ATLCY,Atlas Copco AB (publ),Industrials,Specialty Industrial Machinery,PNK,19.42,24024,94742814720,0.4247,17.62,16.66,4.2495,9.03,-4.05,25.4,11.0,0.0,92.5,2,19.43,13.12,-0.05,0.0,,8,,20260805
ATLKY,Atlas Copco AB (publ),Industrials,Specialty Industrial Machinery,PNK,22.24,625763,108500525056,0.537,20.03,18.95,4.1184,10.42,-4.63,27.65,12.04,0.0,88.75,2,22.28,14.9,-0.18,0.0,,8,,20260805
ATLFF,Atlas Copco AB (publ),Industrials,Specialty Industrial Machinery,PNK,16.98,261,82838978560,0.0111,16.96,14.73,2.1995,-7.53,11.98,28.37,13.66,0.0,75.0,2,17.93,13.07,-5.29,0.0,,8,,20260805
ATLPF,Atlas Copco AB (publ),Industrials,Specialty Industrial Machinery,PNK,21.24,5735,103621902336,0.1619,19.84,17.49,8.6705,5.31,8.61,48.24,23.64,0.0,75.0,2,22.26,14.72,-4.58,0.0,,8,,20260805
TKOMY,"Tokio Marine Holdings, Inc.",Financial Services,Insurance - Property & Casualty,PNK,49.25,145606,93563617280,1.2767,46.76,41.92,1.9474,2.09,16.83,-4.04,4.8,0.0,87.5,2,52.28,32.13,-5.8,0.0,,8,,20260805
MGCLY,Midea Group Co Ltd.,Consumer Cyclical,"Furnishings, Fixtures & Appliances",PNK,12.35,115707,94199480320,0.2072,11.21,10.76,5.4989,10.61,4.75,10.94,8.69,0.0,88.75,2,12.76,9.53,-3.21,0.0,,8,,20260805
CMI,Cummins Inc.,Industrials,Specialty Industrial Machinery,NYSE,650.25,1033193,89727393792,28.8181,668.47,580.64,-0.6324,-9.98,-3.64,59.4,19.99,0.0,48.25,3,737.76,372.0,-11.86,0.0,,8,,20260805
AEM,Agnico Eagle Mines Limited,Basic Materials,Gold,NYSE,165.45,2623773,83778068480,6.4867,156.7,182.24,1.3495,-13.53,-28.04,3.79,-11.68,0.0,49.5,3,255.24,130.04,-35.18,0.0,,8,,20260805
PNC,"The PNC Financial Services Group, Inc.",Financial Services,Banks - Regional,NYSE,255.37,2066755,101892628480,4.4034,240.03,214.59,3.4835,9.51,-1.3,16.2,8.4,0.0,87.5,2,256.49,176.88,-0.44,0.0,,8,,20260805
INTU,Intuit Inc.,Technology,Software - Application,NASDAQ,327.94,5412300,89703718912,15.1345,290.41,458.8,2.4795,-23.94,-36.12,-81.06,-51.05,0.0,40.0,3,786.28,252.84,-58.29,0.0,,8,,20260805
WM,"Waste Management, Inc.",Industrials,Waste Management,NYSE,224.31,2177977,89660112896,5.2272,225.6,222.01,-0.2465,-6.28,-11.75,-24.46,-15.47,0.0,75.75,3,248.13,194.11,-9.6,0.0,,8,,20260805
HCA,"HCA Healthcare, Inc.",Healthcare,Medical Care Facilities,NYSE,409.64,1701019,88687681536,13.7205,387.51,455.79,1.6131,-10.91,-29.89,-9.76,-17.09,0.0,40.0,3,556.52,353.99,-26.39,0.0,,8,,20260805
SHECY,"Shin-Etsu Chemical Co., Ltd.",Basic Materials,Chemicals,PNK,19.31,417562,71821410304,0.9473,21.75,19.01,-2.5727,-22.16,5.94,7.25,-0.56,0.0,37.5,3,24.74,13.64,-21.95,0.0,,8,,20260805
ITUB,Itaú Unibanco Holding S.A.,Financial Services,Banks - Regional,NYSE,8.21,22662018,90489569280,0.1963,8.07,7.85,0.7288,-9.83,-16.93,20.31,-0.26,0.0,85.0,2,9.6,6.39,-14.48,0.0,,8,,20260805
ING,"ING Group, N.V.",Financial Services,Banks - Diversified,NYSE,35.92,3236626,102670467072,0.7391,31.92,28.15,5.4119,19.8,7.58,37.85,22.74,0.0,88.75,2,36.05,23.44,-0.36,0.0,,8,,20260805
NOKBF,Nokia Oyj,Technology,Communication Equipment,PNK,9.7,1399139,54150578176,0.6185,12.58,9.15,-4.6531,-34.63,39.58,117.87,52.34,0.0,32.5,3,17.4,4.06,-44.25,0.0,,8,,20260805
NGGTF,National Grid plc,Utilities,Utilities - Regulated Electric,PNK,16.31,5580,81986985984,0.3874,16.36,16.53,-0.1394,-12.88,-17.28,-16.12,-15.72,0.0,34.0,4,19.33,13.45,-15.62,0.0,,8,,20260805
BCMXY,"Bank of Communications Co., Ltd.",Financial Services,Banks - Diversified,PNK,20.6,140,72811757568,0.1094,21.52,21.44,-8.4273,-11.15,-12.62,-31.03,-19.62,0.0,24.0,4,25.8,19.85,-20.16,0.0,,8,,20260805
ICE,Intercontinental Exchange Inc.,Financial Services,Financial Data & Stock Exchanges,NYSE,149.84,4512427,84119347200,4.1246,139.99,153.8,2.3871,-9.78,-19.71,-42.79,-26.46,0.0,53.25,3,189.35,121.79,-20.87,0.0,,8,,20260805
BE,Bloom Energy Corporation,Industrials,Electrical Equipment & Parts,NYSE,234.33,14086213,69016600576,28.5882,256.47,180.39,-0.7746,-27.27,26.51,525.8,212.78,0.0,36.25,3,351.28,35.85,-33.29,0.0,,8,,20260805
NOK,Nokia Corporation Sponsored,Technology,Communication Equipment,NYSE,9.58,109348462,0,0.6982,12.61,9.23,-4.3394,-35.25,30.97,110.92,46.39,0.0,31.25,3,17.45,4.07,-45.1,0.0,,8,,20260805
BSX,Boston Scientific Corporation,Healthcare,Medical Devices,NYSE,47.74,21183149,69186224128,1.7792,46.09,72.44,0.9302,-21.35,-60.13,-78.61,-57.83,0.0,40.0,3,109.5,42.2,-56.4,0.0,,8,,20260805
UPS,"United Parcel Service, Inc.",Industrials,Integrated Freight & Logistics,NYSE,107.7,5422945,0,3.0941,109.24,101.72,-0.4973,5.04,-12.95,12.07,1.55,0.0,73.25,3,122.41,82.0,-12.02,0.0,,8,,20260805
EPD,Enterprise Products Partners L.P.,Energy,Oil & Gas Midstream,NYSE,37.72,3349608,81607909376,0.7443,37.05,34.45,0.8977,-7.2,-0.1,6.12,0.61,0.0,60.0,2,40.17,30.01,-6.1,0.0,,8,,20260805
ELV,"Elevance Health, Inc.",Healthcare,Healthcare Plans,NYSE,391.24,1672818,84847943680,13.1701,395.69,349.27,-0.3378,-0.19,4.48,21.98,10.31,0.0,73.25,3,436.24,273.71,-10.32,0.0,,8,,20260805
AMT,American Tower Corporation,Real Estate,REIT - Specialty,NYSE,168.07,3333254,78313914368,5.5959,175.21,175.82,-1.2755,-11.37,-13.25,-41.35,-24.02,0.0,36.5,4,214.79,160.06,-21.75,0.0,,8,,20260805
SLB,SLB N.V.,Energy,Oil & Gas Equipment & Services,NYSE,49.91,14363527,74073587712,1.6563,50.38,46.69,-0.2834,-17.04,-10.81,32.63,5.01,0.0,45.75,3,58.82,31.64,-15.15,0.0,,8,,20260805
NGG,"National Grid Transco, PLC Nati",Utilities,Utilities - Regulated Electric,NYSE,80.26,1277747,80690069504,1.3951,81.86,80.95,-1.1453,-12.65,-16.71,-8.32,-12.34,0.0,32.75,4,94.64,67.52,-15.19,0.0,,8,,20260805
USB,U.S. Bancorp,Financial Services,Banks - Regional,NYSE,64.21,8961121,100021952512,1.1712,59.94,54.12,3.6434,9.84,-0.75,27.0,13.0,0.0,87.5,2,64.84,43.96,-0.97,0.0,,8,,20260805
CHGCF,"Chugai Pharmaceutical Co., Ltd.",Healthcare,Drug Manufacturers - General,PNK,43.67,5986,71878696960,3.2199,45.51,51.95,-0.5698,-22.74,-37.38,-39.95,-34.75,0.0,24.5,4,68.08,39.03,-35.85,0.0,,8,,20260805
WEBNF,Westpac Banking Corporation,Financial Services,Banks - Diversified,PNK,26.55,2560,90665787392,0.6812,25.29,26.11,1.8455,-7.29,-5.69,-0.79,-4.13,0.0,53.75,3,30.71,20.39,-13.55,0.0,,8,,20260805
MNST,Monster Beverage Corporation,Consumer Defensive,Beverages - Non-Alcoholic,NASDAQ,94.46,5924552,92382650368,2.195,93.92,80.97,0.2458,17.99,3.0,33.21,18.83,0.0,88.75,2,100.34,58.54,-5.86,0.0,,8,,20260805
MHVYF,"Mitsubishi Heavy Industries, Ltd.",Industrials,Specialty Industrial Machinery,PNK,25.0,23465,84005232640,1.5552,23.53,27.41,0.9432,-22.57,-28.87,-21.04,-24.16,0.0,47.0,3,34.5,20.59,-27.54,0.0,,8,,20260805
CSX,CSX Corporation,Industrials,Railroads,NASDAQ,51.12,13153695,94698512384,1.155,48.42,41.36,2.3396,7.24,19.17,22.89,17.67,0.0,86.25,2,53.6,31.8,-4.63,0.0,,8,,20260805
KKR,KKR & Co. Inc.,Financial Services,Asset Management,NYSE,105.65,4532952,98512453632,3.7887,96.7,106.69,2.3612,-2.85,-9.55,-50.03,-24.07,0.0,77.0,3,152.1,82.67,-30.54,0.0,,8,,20260805
JCI,Johnson Controls International ,Industrials,Building Products & Equipment,NYSE,153.65,4238588,93072171008,5.2187,142.87,130.85,2.0665,-0.24,12.39,21.83,13.01,0.0,87.5,2,157.06,103.07,-2.17,0.0,,8,,20260805
MELI,"MercadoLibre, Inc.",Consumer Cyclical,Internet Retail,NASDAQ,1922.57,540121,97468882944,53.8956,1741.6,1889.77,3.3579,-0.84,-20.68,-43.07,-24.67,0.0,88.75,3,2548.5,1495.0,-24.56,0.0,,8,,20260805
SHECF,"Shin-Etsu Chemical Co., Ltd.",Basic Materials,Chemicals,PNK,39.0,12331,72528093184,3.509,42.85,37.72,-1.0979,-24.18,10.43,14.43,3.38,0.0,37.5,3,50.77,26.74,-23.18,0.0,,8,,20260805
MHVIY,Mitsubishi Heavy Industries Ltd,Industrials,Specialty Industrial Machinery,PNK,12.65,1228631,85013299200,0.5415,11.73,23.86,1.7009,-63.68,-69.78,-71.82,-69.07,0.0,42.5,3,34.0,10.65,-62.79,0.0,,8,,20260805
CHGCY,"Chugai Pharmaceutical Co., Ltd.",Healthcare,Drug Manufacturers - General,PNK,20.9,241485,68792893440,0.7578,22.87,25.93,-2.5963,-27.5,-37.04,-39.61,-35.68,0.0,10.0,4,34.84,19.5,-40.01,0.0,,8,,20260805
MRAAF,"Murata Manufacturing Co., Ltd.",Technology,Electronic Components,PNK,48.18,11114,87708811264,4.4895,58.39,32.8,-2.2741,38.09,115.93,191.57,126.72,0.0,61.25,3,79.27,14.48,-39.22,0.0,,8,,20260805
RCRUY,"Recruit Holdings Co., Ltd.",Communication Services,Internet Content & Information,PNK,16.24,652221,113044316160,0.5753,14.48,11.02,3.0632,64.68,42.73,15.16,37.19,0.0,91.25,2,16.5,7.57,-1.58,0.0,,8,,20260805
AMXOF,"América Móvil, S.A.B. de C.V.",Communication Services,Telecom Services,PNK,1.28,2248,76801277952,0.0149,1.14,0.97,9.4079,21.68,38.62,100.85,59.28,0.0,75.0,2,1.42,0.91,-9.86,0.0,,8,,20260805
MIELY,Mitsubishi Electric Corporation,Industrials,Electrical Equipment & Parts,PNK,73.82,111537,75533942784,2.6641,72.47,67.62,0.5057,-11.74,-3.79,33.08,8.97,0.0,60.0,2,86.0,45.49,-14.16,0.0,,8,,20260805
EIPAF,Eni S.p.A.,Energy,Oil & Gas Integrated,PNK,26.68,43901,77305651200,0.5997,25.25,22.88,2.3887,-9.76,26.17,26.48,17.31,0.0,52.5,2,29.3,16.7,-8.94,0.0,,8,,20260805
BCLYF,Barclays PLC,Financial Services,Banks - Diversified,PNK,7.06,58052,95216181248,0.4591,6.62,6.0,0.9579,13.81,-7.53,25.9,11.18,0.0,81.25,2,7.35,4.47,-3.95,0.0,,8,,20260805
OVCHY,Oversea-Chinese Banking Corporation Limited,Financial Services,Banks - Regional,PNK,44.94,33067,100888272896,1.4204,40.57,33.54,3.0762,24.73,25.89,50.08,35.28,0.0,85.0,2,46.89,24.89,-4.16,0.0,,8,,20260805
NABZY,National Australia Bank Limited,Financial Services,Banks - Diversified,PNK,14.93,455926,91411464192,0.4259,13.52,14.18,3.3188,0.56,-11.67,-1.41,-4.51,0.0,88.75,3,18.13,12.07,-17.65,0.0,,8,,20260805
MRAAY,"Murata Manufacturing Co., Ltd.",Technology,Electronic Components,PNK,24.95,868288,90832437248,1.9285,29.06,16.32,-2.1336,43.58,126.75,199.04,134.87,0.0,58.75,3,38.72,7.63,-35.56,0.0,,8,,20260805
CIEN,Ciena Corporation,Technology,Communication Equipment,NYSE,408.83,2755501,57871081472,31.6584,453.21,354.79,-1.4018,-31.58,35.62,317.85,131.71,0.0,37.5,3,637.51,84.41,-35.87,0.0,,8,,20260805
RACE,Ferrari N.V.,Consumer Cyclical,Auto Manufacturers,NYSE,406.8,596693,71501127680,10.0107,367.16,361.12,3.9594,18.37,12.34,-29.43,-2.86,0.0,86.25,2,504.49,312.51,-19.36,0.0,,8,,20260805
OVCHF,Oversea-Chinese Banking Corporation Limited,Financial Services,Banks - Regional,PNK,19.56,134,87822630912,0.3671,19.14,15.98,1.1403,19.16,9.81,25.71,18.51,0.0,75.0,2,22.96,12.18,-14.83,0.0,,8,,20260805
NTTYY,"NTT, Inc.",Communication Services,Telecom Services,PNK,23.83,177593,77612998656,0.5454,23.11,24.32,1.3267,-8.28,-17.07,-31.8,-20.76,0.0,48.25,3,28.38,21.47,-16.03,0.0,,8,,20260805
RCRRF,"Recruit Holdings Co., Ltd.",Communication Services,Internet Content & Information,PNK,77.61,6890,108046426112,2.3654,72.26,55.13,2.2603,53.84,29.99,3.57,25.39,0.0,80.0,2,82.11,38.8,-5.48,0.0,,8,,20260805
ENGQF,Engie SA,Utilities,Utilities - Diversified,PNK,31.71,27578,80577839104,1.4109,30.95,28.63,0.5375,-10.71,1.07,15.69,3.97,0.0,65.0,2,35.36,19.78,-10.32,0.0,,8,,20260805
BCS,Barclays PLC,Financial Services,Banks - Diversified,NYSE,28.46,5418996,95957950464,0.7799,26.57,24.12,2.4204,18.03,-7.58,26.98,12.65,0.0,91.25,2,28.67,19.29,-0.73,0.0,,8,,20260805
MIELF,Mitsubishi Electric Corporation,Industrials,Electrical Equipment & Parts,PNK,37.05,9562,75820449792,1.9056,36.38,34.04,0.349,-14.04,-1.64,29.39,7.67,0.0,61.25,2,44.01,22.4,-15.81,0.0,,8,,20260805
AMX,"América Móvil, S.A.B. de C.V.",Communication Services,Telecom Services,NYSE,24.02,1447209,72061198336,0.6792,25.69,23.83,-2.4584,-17.43,-0.53,11.88,0.21,0.0,33.75,3,28.46,18.09,-15.6,0.0,,8,,20260805
SU,Suncor Energy  Inc.,Energy,Oil & Gas Integrated,NYSE,62.82,4272309,0,1.7912,60.87,54.88,1.0861,-15.84,6.97,40.13,14.53,0.0,65.0,2,70.29,37.77,-10.63,0.0,,8,,20260805
NXPI,NXP Semiconductors N.V.,Technology,Semiconductors,NASDAQ,231.15,4327581,58287747072,13.2339,285.87,240.14,-4.1349,-27.3,-6.58,-12.34,-14.06,0.0,19.5,4,339.95,183.0,-32.0,0.0,,8,,20260805
NPPXF,"NTT, Inc.",Communication Services,Telecom Services,PNK,0.94,213509,76538208256,0.0196,0.92,0.97,0.9383,-10.8,-13.59,-22.58,-16.49,0.0,40.75,3,1.24,0.85,-24.19,0.0,,8,,20260805
ENGIY,Engie SA,Utilities,Utilities - Diversified,PNK,30.66,190063,77904781312,0.6755,31.03,28.69,-0.5519,-12.29,-6.03,22.11,3.66,0.0,45.75,3,35.16,20.18,-12.8,0.0,,8,,20260805
ABNB,"Airbnb, Inc.",Consumer Cyclical,Travel Services,NASDAQ,152.49,3863355,90503561216,4.3045,142.21,132.96,2.3881,2.5,12.68,-6.87,2.31,0.0,88.75,2,156.5,110.81,-2.56,0.0,,8,,20260805
MMM,3M Company,Industrials,Conglomerates,NYSE,182.08,3901770,93902741504,4.5214,162.47,158.53,4.3365,21.52,5.86,2.12,8.28,0.0,87.5,2,184.9,139.34,-1.53,0.0,,8,,20260805
MDLZ,"Mondelez International, Inc.",Consumer Defensive,Confectioners,NASDAQ,62.6,9055262,79896887296,1.7564,60.82,57.82,1.0161,-3.76,-5.17,-21.35,-11.29,0.0,88.75,2,66.65,51.2,-6.08,0.0,,8,,20260805
E,Eni S.p.A.,Energy,Oil & Gas Integrated,NYSE,52.83,424534,76537815040,1.3812,50.82,45.64,1.4569,-12.07,17.85,35.79,17.55,0.0,63.75,2,58.0,34.03,-8.91,0.0,,8,,20260805
DDOG,"Datadog, Inc.",Technology,Software - Application,NASDAQ,283.17,5606616,100797251584,13.1416,248.72,169.12,2.6214,87.68,124.41,80.22,97.55,0.0,86.25,2,292.72,98.01,-3.26,0.0,,8,,20260805
MRSH,"Marsh & McLennan Companies, Inc.",Financial Services,Insurance Brokers,NYSE,191.47,2799090,91371642880,4.922,172.5,175.36,3.8547,8.48,-9.55,-25.16,-11.29,0.0,90.0,3,213.8,156.6,-10.44,0.0,,8,,20260805
NOC,Northrop Grumman Corporation,Industrials,Aerospace & Defense,NYSE,557.47,976101,79195873280,15.4792,535.31,602.17,1.4314,-6.4,-32.55,-27.31,-23.92,0.0,52.0,3,774.0,479.02,-27.98,0.0,,8,,20260805
VCISY,Vinci SA,Industrials,Engineering & Construction,PNK,36.25,350181,80188030976,0.6758,35.44,35.69,1.2041,-10.5,-9.23,-15.89,-12.21,0.0,61.25,3,42.1,32.72,-13.9,0.0,,8,,20260805
VCISF,Vinci SA,Industrials,Engineering & Construction,PNK,144.0,586,77920649216,1.8162,141.59,142.9,1.325,-13.68,-6.61,-16.3,-12.25,0.0,51.25,3,167.75,130.05,-14.16,0.0,,8,,20260805
RKLB,Rocket Lab Corporation,Industrials,Aerospace & Defense,NASDAQ,74.82,26682739,46748938240,6.5129,93.25,77.86,-2.8291,-11.63,-20.17,44.67,7.9,0.0,22.0,4,151.0,37.57,-50.45,0.0,,8,,20260805
BAESY,BAE Systems plc,Industrials,Aerospace & Defense,PNK,116.3,303208,85229494272,2.5571,103.29,104.67,5.0887,-3.52,-1.09,-2.91,-2.42,0.0,62.5,3,126.0,84.5,-7.7,0.0,,8,,20260805
BAESF,BAE Systems plc,Industrials,Aerospace & Defense,PNK,30.0,27478,87941005312,1.2952,25.98,26.22,3.1063,0.7,3.43,1.99,2.17,0.0,61.25,3,32.21,21.12,-6.86,0.0,,8,,20260805
MCO,Moody's Corporation,Financial Services,Financial Data & Stock Exchanges,NYSE,483.98,1011101,83816136704,12.8288,470.18,470.46,1.0756,0.1,-9.02,-29.44,-14.91,0.0,86.25,3,546.88,402.28,-11.5,0.0,,8,,20260805
MPWR,"Monolithic Power Systems, Inc.",Technology,Semiconductors,NASDAQ,1345.45,947855,66102202368,94.9396,1431.05,1212.79,-0.9016,-21.78,3.68,39.8,11.76,0.0,33.75,3,1714.09,785.0,-21.51,0.0,,8,,20260805
LLDTF,Lloyds Banking Group plc,Financial Services,Banks - Regional,PNK,1.6,40739,92894806016,0.0409,1.41,1.29,4.76,33.89,5.58,38.48,25.82,0.0,75.0,2,1.64,1.0,-2.44,0.0,,8,,20260805
ASX,"ASE Technology Holding Co., Ltd.",Technology,Semiconductors,NYSE,36.78,10999570,80872431616,2.6308,38.68,25.32,-0.7224,4.46,79.36,248.93,128.46,0.0,70.75,3,45.52,9.52,-19.2,0.0,,8,,20260805
LLOBF,Lloyds Banking Group plc 9.25% NON-CUM IRR PRF SHS GBP0.25,Unknown,Unknown,PNK,2.0,133,0,0.0067,2.01,2.03,-1.2417,-14.02,-9.86,-28.13,-18.21,0.0,24.0,4,2.27,1.86,-11.89,0.0,,8,,20260805
LYG,Lloyds Banking Group plc,Financial Services,Banks - Regional,NYSE,6.25,21471660,90717577216,0.145,5.78,5.31,3.2469,13.79,-9.78,21.88,8.78,0.0,85.0,2,6.34,4.2,-1.42,0.0,,8,,20260805
CP,Canadian Pacific Kansas City Limited,Industrials,Railroads,NYSE,91.45,2783652,80391790592,2.0156,89.4,80.72,1.0183,3.13,7.65,0.4,3.62,0.0,87.5,2,93.95,68.42,-2.66,0.0,,8,,20260805
BAM,Brookfield Asset Management Ltd.,Financial Services,Asset Management,NYSE,52.63,2824260,84038868992,1.456,47.23,48.59,3.7072,3.16,1.19,-34.32,-12.52,0.0,88.75,3,64.1,42.2,-17.89,0.0,,8,,20260805
EMR,Emerson Electric Co.,Industrials,Specialty Industrial Machinery,NYSE,162.47,2850804,90999439360,4.8765,143.33,139.34,3.9242,11.25,-4.57,-7.54,-1.8,0.0,90.0,2,165.15,122.64,-1.62,0.0,,8,,20260805
NET,"Cloudflare, Inc.",Technology,Software - Infrastructure,NYSE,292.96,3937039,103983087616,14.9074,253.92,214.44,2.619,13.22,59.78,16.99,31.03,0.0,86.25,2,305.0,158.83,-3.95,0.0,,8,,20260805
ANZGY,ANZ Group Holdings Limited,Financial Services,Banks - Diversified,PNK,26.7,126947,80394510336,0.4446,24.93,24.87,3.9777,-1.52,-6.55,14.05,2.95,0.0,91.25,2,29.11,19.73,-8.28,0.0,,8,,20260805
SHW,The Sherwin-Williams Company,Basic Materials,Specialty Chemicals,NYSE,369.68,2424255,89742827520,10.7018,326.45,331.95,4.0396,11.99,-8.95,-16.05,-6.55,0.0,87.5,3,379.65,289.86,-2.63,0.0,,8,,20260805
ORLY,"O'Reilly Automotive, Inc.",Consumer Cyclical,Auto Parts,NASDAQ,93.44,8056214,76262539264,2.8738,88.3,92.96,1.7894,-8.27,-16.0,-31.14,-20.12,0.0,62.5,3,108.72,82.59,-14.05,0.0,,8,,20260805
ANZGF,ANZ Group Holdings Limited,Financial Services,Banks - Diversified,PNK,25.7,40,77383483392,0.1092,24.72,24.37,8.9819,-4.72,-4.43,16.64,3.93,0.0,50.0,2,28.73,19.36,-10.53,0.0,,8,,20260805
CI,The Cigna Group,Healthcare,Healthcare Plans,NYSE,270.5,1668491,71477051392,8.9531,285.77,277.41,-1.7051,-7.94,-12.9,-19.6,-14.34,0.0,50.75,4,315.47,239.51,-14.25,0.0,,8,,20260805
ROST,"Ross Stores, Inc.",Consumer Cyclical,Apparel Retail,NASDAQ,253.22,3158539,81228185600,5.3898,230.99,203.32,4.1236,4.93,20.8,56.67,31.18,0.0,92.5,2,257.0,141.91,-1.47,0.0,,8,,20260805
EOG,"EOG Resources, Inc.",Energy,Oil & Gas E&P,NYSE,134.23,3558075,71494729728,4.4544,136.64,122.75,-0.5416,-10.6,11.17,-4.61,-0.58,0.0,75.75,3,151.87,101.59,-11.62,0.0,,8,,20260805
KMI,"Kinder Morgan, Inc.",Energy,Oil & Gas Midstream,NYSE,31.12,10060470,69298085888,0.7228,31.71,29.95,-0.8135,-9.35,-7.68,-8.85,-8.56,0.0,43.25,3,34.81,25.6,-10.6,0.0,,8,,20260805
CVNA,Carvana Co.,Consumer Cyclical,Auto & Truck Dealerships,NYSE,69.48,10882668,103391272960,4.0449,66.83,72.28,0.6562,-14.99,-27.58,-26.99,-24.2,0.0,52.0,3,97.38,54.46,-28.65,0.0,,8,,20260805
MPC,Marathon Petroleum Corporation,Energy,Oil & Gas Refining & Marketing,NYSE,297.75,2328232,86924132352,10.0355,277.17,222.58,2.0507,8.1,47.9,57.43,41.76,0.0,88.75,2,326.92,158.0,-8.92,0.0,,8,,20260805
APO,"Apollo Global Management, Inc.",Financial Services,Asset Management,NYSE,129.74,4076186,74797383680,4.7087,125.42,126.34,0.9166,-6.64,-9.1,-30.5,-17.05,0.0,65.0,3,153.29,99.56,-15.36,0.0,,8,,20260805
COHR,Coherent Corp.,Technology,Scientific & Technical Instruments,NYSE,328.22,5803183,64212742144,31.4093,343.94,257.97,-0.5005,-8.87,30.98,184.18,82.3,0.0,47.0,3,440.0,84.35,-25.4,0.0,,8,,20260805
TRP,TC Energy Corporation,Energy,Oil & Gas Midstream,NYSE,63.86,2445132,0,1.6636,67.9,60.47,-2.4271,-9.36,-2.69,10.79,1.03,0.0,58.75,3,71.47,48.49,-10.65,0.0,,8,,20260805
LITE,Lumentum Holdings Inc.,Technology,Communication Equipment,NASDAQ,826.26,5506545,64283029504,77.8783,819.67,611.05,0.0846,-23.55,77.67,620.19,269.37,0.0,61.25,2,1085.68,108.34,-23.89,0.0,,8,,20260805
VLO,Valero Energy Corporation,Energy,Oil & Gas Refining & Marketing,NYSE,302.39,3031359,87066386432,11.1893,272.94,218.72,2.6324,13.71,47.37,105.36,62.15,0.0,86.25,2,320.24,130.78,-5.57,0.0,,8,,20260805
HLT,Hilton Worldwide Holdings Inc.,Consumer Cyclical,Lodging,NYSE,324.56,2042173,73047064576,8.5251,332.77,306.48,-0.9636,-2.81,-5.58,0.62,-2.41,0.0,74.5,3,358.0,253.54,-9.34,0.0,,8,,20260805
VOLAF,AB Volvo (publ),Industrials,Farm & Heavy Construction Machinery,PNK,36.66,9,57953382400,0.164,34.76,33.52,11.5719,-6.15,-4.91,5.49,-1.06,0.0,50.0,2,37.82,26.89,-3.07,0.0,,8,,20260805
ITW,Illinois Tool Works Inc.,Industrials,Specialty Industrial Machinery,NYSE,297.32,1464890,85538963456,7.2162,267.27,260.13,4.1642,10.88,-4.31,-3.1,-0.03,0.0,86.25,2,303.16,238.82,-1.93,0.0,,8,,20260805
CL,Colgate-Palmolive Company,Consumer Defensive,Household & Personal Products,NYSE,93.28,5115442,74360274944,2.5316,90.58,85.31,1.0647,2.04,-10.89,-8.62,-6.75,0.0,90.0,2,99.33,74.55,-6.09,0.0,,8,,20260805
NTES,"NetEase, Inc.",Communication Services,Electronic Gaming & Multimedia,NASDAQ,128.11,1026344,82022449152,3.3598,125.76,125.64,0.7002,5.33,-10.84,-22.58,-11.49,0.0,86.25,2,159.55,106.06,-19.71,0.0,,8,,20260805
AEP,"American Electric Power Company, Inc.",Utilities,Utilities - Regulated Electric,NASDAQ,126.47,5135859,68849934336,2.8542,131.49,125.35,-1.7605,-13.68,-5.83,-9.86,-9.4,0.0,72.0,3,140.58,105.7,-10.04,0.0,,8,,20260805
ECL,Ecolab Inc.,Basic Materials,Specialty Chemicals,NYSE,285.47,1626268,80341966848,6.495,270.14,269.78,2.3601,4.47,-10.61,-14.14,-8.25,0.0,88.75,2,309.27,243.15,-7.7,0.0,,8,,20260805
PSX,Phillips 66,Energy,Oil & Gas Refining & Marketing,NYSE,202.55,2553459,81209384960,6.439,187.41,159.86,2.3506,6.55,26.67,49.17,30.64,0.0,88.75,2,216.08,118.07,-6.26,0.0,,8,,20260805
GM,General Motors Company,Consumer Cyclical,Auto Manufacturers,NYSE,89.16,7939360,80640901120,2.7034,81.13,77.62,2.9689,10.71,-7.74,47.19,18.85,0.0,91.25,2,91.85,52.09,-2.93,0.0,,8,,20260805
NSC,Norfolk Southern Corporation,Industrials,Railroads,NYSE,341.74,1184506,76757663744,7.1403,321.27,301.27,2.8671,2.82,3.33,1.23,2.36,0.0,88.75,2,358.6,268.23,-4.7,0.0,,8,,20260805
VOLVF,AB Volvo (publ),Industrials,Farm & Heavy Construction Machinery,PNK,39.0,11509,79304630272,0.6577,34.85,33.47,6.3068,4.53,-6.89,10.03,2.73,0.0,76.25,2,39.61,26.03,-1.54,0.0,,8,,20260805
CNI,Canadian National Railway Compa,Industrials,Railroads,NYSE,127.54,1545475,77148946432,2.3417,122.1,106.79,2.3229,9.96,21.45,15.3,16.11,0.0,88.75,2,131.55,90.74,-3.05,0.0,,8,,20260805
DASH,"DoorDash, Inc.",Consumer Cyclical,Internet Retail,NASDAQ,207.27,4807680,90311417856,7.9609,177.29,190.05,3.7659,18.12,-9.62,-42.98,-16.03,0.0,90.0,3,285.5,143.3,-27.4,0.0,,8,,20260805
JPPTY,"JAPAN POST BANK Co., Ltd.",Financial Services,Banks - Regional,PNK,20.18,86809,70241583104,0.6637,19.82,16.17,0.5456,13.13,0.34,97.17,42.27,0.0,90.0,2,22.79,9.42,-11.45,0.0,,8,,20260805
MURGF,Münchener Rückversicherungs-Gesellschaft Aktiengesellschaft in München,Financial Services,Insurance - Reinsurance,PNK,606.84,1360,77776388096,18.9269,558.48,590.03,2.5553,-6.16,-8.95,-29.44,-16.45,0.0,86.25,3,724.64,506.18,-16.26,0.0,,8,,20260805
AON,Aon plc,Financial Services,Insurance Brokers,NYSE,359.97,1613032,76358795264,9.6981,341.95,335.29,1.8578,8.07,-7.94,-22.94,-9.94,0.0,88.75,2,382.34,304.59,-5.85,0.0,,8,,20260805
CTAS,Cintas Corporation,Industrials,Specialty Business Services,NASDAQ,201.4,2344068,80594149376,5.6518,184.79,184.6,2.9396,12.69,-6.11,-32.99,-12.16,0.0,90.0,2,226.75,161.16,-11.18,0.0,,8,,20260805
MURGY,Münchener Rückversicherungs-Gesellschaft Aktiengesellschaft in München,Financial Services,Insurance - Reinsurance,PNK,11.94,1120513,76393242624,0.1796,11.16,11.77,4.3412,-5.87,-9.73,-30.07,-16.9,0.0,91.25,3,14.41,10.09,-17.14,0.0,,8,,20260805
ARZGY,Assicurazioni Generali S.p.A.,Financial Services,Insurance - Diversified,PNK,25.75,86300,77149904896,0.341,23.98,20.73,5.1969,13.99,15.92,20.02,17.08,0.0,90.0,2,25.85,18.61,-0.39,0.0,,8,,20260805
ET,Energy Transfer LP,Energy,Oil & Gas Midstream,NYSE,20.34,9361119,69993177088,0.3363,19.6,18.07,2.1987,-5.16,2.27,-0.13,-0.55,0.0,81.25,2,20.7,16.18,-1.74,0.0,,8,,20260805
VALE,Vale S.A.,Basic Materials,Other Industrial Metals & Mining,NYSE,14.94,23167709,63581093888,0.3822,15.14,14.75,-0.5112,-12.85,-24.35,41.9,5.03,0.0,50.75,3,17.94,9.67,-16.72,0.0,,8,,20260805
NETTF,"NetEase, Inc.",Communication Services,Electronic Gaming & Multimedia,PNK,24.26,65,77662355456,0.0209,23.64,24.57,29.8199,7.0,-21.89,-34.41,-19.68,0.0,62.0,3,33.14,19.4,-26.8,0.0,,8,,20260805
ARZGF,Assicurazioni Generali S.p.A.,Financial Services,Insurance - Diversified,PNK,48.0,170,52374188032,0.0397,46.48,41.9,38.1845,-0.42,8.59,10.96,7.29,0.0,75.0,2,48.0,35.01,0.0,0.0,,8,,20260805
RCL,Royal Caribbean Cruises Ltd.,Consumer Cyclical,Travel Services,NYSE,327.42,2752001,87569162240,11.7504,297.64,284.53,2.534,18.04,-10.83,-17.83,-6.41,0.0,91.25,2,366.5,232.1,-10.66,0.0,,8,,20260805
JAPAF,Japan Tobacco Inc.,Consumer Defensive,Tobacco,PNK,42.13,2013,74795819008,1.7336,38.48,37.46,2.1049,4.7,6.87,6.05,6.0,0.0,52.5,2,47.01,29.74,-10.38,0.0,,8,,20260805
JAPAY,Japan Tobacco Inc.,Consumer Defensive,Tobacco,PNK,21.66,75983,76908486656,0.4017,19.37,18.67,5.6942,9.63,4.41,16.07,10.38,0.0,85.0,2,22.37,15.56,-3.17,0.0,,8,,20260805
VLVLY,AB Volvo (publ),Industrials,Farm & Heavy Construction Machinery,PNK,38.56,171044,78409916416,0.7568,34.93,32.77,4.8013,5.64,-6.98,19.81,6.89,0.0,92.5,2,39.62,26.11,-2.66,0.0,,8,,20260805
B,Barrick Mining Corporation,Basic Materials,Gold,NYSE,41.05,11307285,0,1.4796,38.44,41.06,1.7638,-0.17,-24.77,65.99,17.68,0.0,49.5,3,54.69,22.13,-24.94,0.0,,8,,20260805
TDG,Transdigm Group Incorporated,Industrials,Aerospace & Defense,NYSE,1254.71,385401,0,41.0044,1267.5,1280.9,-0.3119,-1.31,-15.86,-39.97,-21.87,0.0,61.5,4,1463.03,1123.61,-14.24,0.0,,8,,20260805
WBD,"Warner Bros. Discovery, Inc.",Communication Services,Entertainment,NASDAQ,25.97,22021967,65110339584,0.5448,26.53,26.58,-1.0345,-11.22,-16.72,79.58,23.17,0.0,37.75,4,30.0,10.76,-13.43,0.0,,8,,20260805
HKXCF,Hong Kong Exchanges and Clearing Limited,Financial Services,Financial Data & Stock Exchanges,PNK,53.79,9593,70204899328,2.4908,49.55,51.95,1.7033,-8.57,-11.43,-24.63,-15.99,0.0,60.0,3,60.59,44.59,-11.22,0.0,,8,,20260805
DLR,"Digital Realty Trust, Inc.",Real Estate,REIT - Specialty,NYSE,194.93,2976568,73357844480,6.4962,184.91,174.67,1.5425,-6.87,7.9,-7.32,-1.88,0.0,62.5,2,208.14,146.23,-6.35,0.0,,8,,20260805
MSI,"Motorola Solutions, Inc.",Technology,Communication Equipment,NYSE,438.14,1135806,72729305088,10.3057,413.86,414.06,2.3556,-6.3,-4.63,-22.61,-12.24,0.0,86.25,3,492.22,359.36,-10.99,0.0,,8,,20260805
CRH,CRH PLC,Basic Materials,Building Materials,NYSE,100.0,4722714,66528448512,3.2879,104.78,113.18,-1.4524,-17.42,-29.68,-20.77,-23.05,0.0,22.0,4,131.55,94.12,-23.98,0.0,,8,,20260805
REGN,"Regeneron Pharmaceuticals, Inc.",Healthcare,Biotechnology,NASDAQ,768.58,1020667,79129149440,20.5115,650.83,711.31,5.7408,2.97,-10.72,11.9,1.75,0.0,91.25,3,821.11,541.0,-6.4,0.0,,8,,20260805
SOBKY,SoftBank Corp.,Communication Services,Telecom Services,PNK,14.5,210636,69358886912,0.6759,13.37,13.74,1.6729,-2.84,-6.01,-28.17,-14.08,0.0,55.0,3,17.25,12.44,-15.94,0.0,,8,,20260805
SPG,"Simon Property Group, Inc.",Real Estate,REIT - Retail,NYSE,224.81,1937547,0,4.3023,219.26,194.53,1.2897,5.71,9.14,20.34,12.76,0.0,83.75,2,238.5,163.29,-5.74,0.0,,8,,20260805
HOOD,"Robinhood Markets, Inc.",Financial Services,Capital Markets,NASDAQ,92.8,27008814,83434840064,6.1869,97.66,98.67,-0.786,13.84,-5.65,-36.07,-12.95,0.0,59.0,4,153.86,63.52,-39.69,0.0,,8,,20260805
RNMBY,Rheinmetall AG,Industrials,Aerospace & Defense,PNK,279.55,93554,65213026304,8.8314,254.92,338.52,2.7885,-22.22,-44.63,-54.06,-42.8,0.0,36.25,3,468.9,211.2,-40.38,0.0,,8,,20260805
NKE,"NIKE, Inc.",Consumer Cyclical,Footwear & Accessories,NYSE,42.45,23118893,62974521344,1.378,43.37,53.54,-0.6706,-7.17,-41.47,-65.02,-42.32,0.0,23.25,4,80.17,40.0,-47.05,0.0,,8,,20260805
HKXCY,Hong Kong Exchanges and Clearing Limited,Financial Services,Financial Data & Stock Exchanges,PNK,52.28,208622,66083545088,0.7793,49.62,51.92,3.4123,-8.91,-13.16,-24.5,-16.64,0.0,62.5,3,59.49,45.74,-12.12,0.0,,8,,20260805
MKGAF,Merck KGaA,Healthcare,Drug Manufacturers - Specialty & Generic,PNK,169.7,675,73781805056,9.2717,160.56,144.54,0.9863,22.28,7.0,10.78,12.33,0.0,81.25,2,175.56,116.68,-3.34,0.0,,8,,20260805
SFBQF,SoftBank Corp.,Communication Services,Telecom Services,PNK,1.4,34236,66967203840,0.081,1.33,1.37,0.9147,-8.39,-10.04,-29.47,-17.4,0.0,60.0,3,1.74,1.17,-19.54,0.0,,8,,20260805
BKR,Baker Hughes Company,Energy,Oil & Gas Equipment & Services,NASDAQ,61.67,8901977,61218205696,1.9214,59.49,56.55,1.1326,-15.65,-5.15,20.08,2.32,0.0,57.5,2,70.41,41.96,-12.41,0.0,,8,,20260805
RNMBF,Rheinmetall AG,Industrials,Aerospace & Defense,PNK,1400.0,744,65318006784,69.6613,1275.92,1694.49,1.7812,-22.01,-43.97,-54.19,-42.57,0.0,35.0,3,2398.68,1017.57,-41.63,0.0,,8,,20260805
TRV,"The Travelers Companies, Inc.",Financial Services,Insurance - Property & Casualty,NYSE,382.45,1907863,79769518080,9.3178,333.2,300.22,5.2854,20.81,21.5,24.42,22.49,0.0,92.5,2,398.7,252.26,-4.08,0.0,,8,,20260805
BHKLY,BOC Hong Kong (Holdings) Limited,Financial Services,Banks - Regional,PNK,129.0,3347,68194430976,2.1935,119.4,106.44,4.3767,10.57,14.5,24.83,17.65,0.0,86.25,2,134.44,88.96,-4.05,0.0,,8,,20260805
MKKGY,Merck KGaA,Healthcare,Drug Manufacturers - Specialty & Generic,PNK,33.66,70045,73173114880,0.6329,31.84,28.23,2.8762,22.78,6.44,12.87,13.09,0.0,90.0,2,34.19,23.73,-1.55,0.0,,8,,20260805
DHLGY,Deutsche Post AG,Industrials,Integrated Freight & Logistics,OID,32.1,446173,73106366464,0.6469,31.09,27.3,1.5556,15.31,5.25,24.38,15.42,0.0,87.5,2,33.37,21.77,-3.81,0.0,,8,,20260805
DPSTF,Deutsche Post AG,Industrials,Integrated Freight & Logistics,OID,65.14,2760,72907505664,0.4804,62.08,55.71,6.3784,12.82,7.58,20.55,14.08,0.0,77.5,2,65.94,43.31,-1.21,0.0,,8,,20260805
MFC,Manulife Financial Corporation,Financial Services,Insurance - Life,NYSE,44.45,2062118,74039230464,0.8372,41.16,36.87,3.9339,7.46,6.82,23.46,13.64,0.0,92.5,2,44.89,29.7,-0.98,0.0,,8,,20260805
NRDBY,Nordea Bank Abp,Financial Services,Banks - Regional,OQX,20.29,834145,68859265024,0.3634,19.18,17.98,3.0496,3.1,-4.01,22.2,8.25,0.0,95.0,2,20.61,14.97,-1.55,0.0,,8,,20260805
APD,"Air Products and Chemicals, Inc",Basic Materials,Specialty Chemicals,NYSE,295.09,1317527,65712275456,7.5329,288.84,273.9,0.8295,-8.94,-4.74,-17.93,-11.07,0.0,70.75,2,314.87,229.11,-6.28,0.0,,8,,20260805
KDDIY,KDDI Corporation,Communication Services,Telecom Services,PNK,18.04,361493,68684398592,0.6418,17.24,16.92,1.2392,4.79,-8.26,-13.98,-7.28,0.0,85.0,2,19.17,12.95,-5.89,0.0,,8,,20260805
IMO,Imperial Oil Limited,Energy,Oil & Gas Integrated,NYSE,125.34,562201,0,3.47,120.9,111.49,1.2781,-11.89,6.28,28.55,10.64,0.0,63.75,2,139.44,82.45,-10.11,0.0,,8,,20260805
KDDIF,KDDI Corporation,Communication Services,Telecom Services,PNK,19.83,531,75499528192,0.2466,17.64,16.78,8.8841,15.39,4.87,-2.55,4.53,0.0,77.5,2,19.83,14.18,-0.0,0.0,,8,,20260805
FIX,"Comfort Systems USA, Inc.",Industrials,Engineering & Construction,NYSE,1737.0,498765,61132546048,115.802,1813.36,1411.3,-0.6594,-18.3,31.46,125.68,56.71,0.0,48.25,3,2073.99,655.96,-16.25,0.0,,8,,20260805
RSG,"Republic Services, Inc.",Industrials,Waste Management,NYSE,207.02,1680309,0,4.6622,212.1,213.23,-1.0902,-4.8,-14.91,-32.94,-19.59,0.0,57.75,4,238.62,196.41,-13.24,0.0,,8,,20260805
MPNGY,Meituan,Consumer Cyclical,Internet Retail,PNK,23.47,319219,72426553344,0.5536,20.27,22.64,5.7817,3.87,-13.58,-48.37,-23.13,0.0,90.0,3,32.4,16.23,-27.56,0.0,,8,,20260805
NBNKF,Nordea Bank Abp,Financial Services,Banks - Regional,OQX,18.85,1008,63972257792,0.1059,18.59,18.42,2.4397,-6.77,-14.84,2.31,-5.96,0.0,75.0,2,20.76,14.76,-9.2,0.0,,8,,20260805
RBSPF,NatWest Group plc,Financial Services,Banks - Regional,PNK,9.67,14386,77001588736,0.4248,8.59,8.05,2.5529,19.7,-5.79,22.3,11.82,0.0,82.5,2,9.72,6.71,-0.51,0.0,,8,,20260805
MQBKY,Macquarie Group Limited,Financial Services,Capital Markets,PNK,188.1,13901,71692132352,2.9716,174.66,151.89,4.5212,5.2,13.43,14.6,11.84,0.0,90.0,2,188.59,122.37,-0.26,0.0,,8,,20260805
NWG,NatWest Group plc,Financial Services,Banks - Regional,NYSE,19.22,4602816,76523806720,0.4593,17.3,16.15,4.1734,22.88,-7.12,21.57,11.86,0.0,87.5,2,19.42,13.56,-1.03,0.0,,8,,20260805
MPNGF,Meituan,Consumer Cyclical,Internet Retail,PNK,11.8,2913,72827723776,0.2891,9.87,11.22,6.6908,7.98,-17.11,-50.81,-24.32,0.0,51.25,3,16.4,8.2,-28.05,0.0,,8,,20260805
NU,Nu Holdings Ltd.,Financial Services,Banks - Regional,NYSE,14.48,75146427,69945409536,0.4724,13.28,15.11,2.5483,-5.02,-32.32,-2.95,-13.75,0.0,73.25,3,18.98,11.2,-23.71,0.0,,8,,20260805
NNFSF,"Nongfu Spring Co., Ltd.",Consumer Defensive,Beverages - Non-Alcoholic,PNK,5.57,7223,62642819072,0.0372,5.33,5.26,6.5184,3.92,-4.77,-3.01,-1.89,0.0,76.25,2,7.21,5.1,-22.75,0.0,,8,,20260805
PSTVY,"Postal Savings Bank of China Co., Ltd.",Financial Services,Banks - Regional,PNK,12.62,362,84958461952,0.2734,12.45,12.72,0.5963,-10.33,-12.7,-27.58,-18.06,0.0,38.25,3,14.95,10.65,-15.61,0.0,,8,,20260805
BNKHF,BOC Hong Kong (Holdings) Limited,Financial Services,Banks - Regional,PNK,6.14,78,64916869120,0.0052,5.96,5.35,34.7966,2.31,5.23,13.11,7.66,0.0,75.0,2,6.15,4.25,-0.16,0.0,,8,,20260805
LSEGY,London Stock Exchange Group plc,Financial Services,Financial Data & Stock Exchanges,OQX,28.74,863686,55909257216,0.7959,29.4,29.51,-0.8336,-19.04,4.53,-33.14,-16.43,0.0,34.0,4,34.23,24.07,-16.04,0.0,,8,,20260805
LDNXF,London Stock Exchange Group plc,Financial Services,Financial Data & Stock Exchanges,OQX,112.51,1596,54717730816,3.5541,117.57,117.64,-1.4244,-21.07,2.34,-33.05,-17.67,0.0,30.25,4,138.99,95.04,-19.05,0.0,,8,,20260805
DB,Deutsche Bank Aktiengesellschaft,Financial Services,Banks - Regional,NYSE,38.04,2586718,71477166080,0.8947,34.48,33.77,3.9752,22.05,-13.29,-6.25,-1.64,0.0,86.25,2,40.43,28.12,-5.91,0.0,,8,,20260805
SRE,DBA Sempra,Utilities,Utilities - Diversified,NYSE,84.66,3651762,0,1.9371,91.15,90.84,-3.3489,-16.28,-13.54,-18.34,-16.15,0.0,18.25,4,101.04,78.97,-16.21,0.0,,8,,20260805
CRARY,Crédit Agricole S.A.,Financial Services,Banks - Regional,PNK,11.16,242759,67528826880,0.1808,10.01,9.45,6.3767,16.68,-3.0,5.85,5.46,0.0,92.5,2,11.33,8.81,-1.5,0.0,,8,,20260805
WFAFY,Wesfarmers Limited,Consumer Cyclical,Home Improvement Retail,PNK,32.18,97204,73066790912,0.6046,30.35,27.91,3.0245,17.52,-1.31,-5.87,1.57,0.0,83.75,2,33.31,24.5,-3.39,0.0,,8,,20260805
TFC,Truist Financial Corporation,Financial Services,Banks - Regional,NYSE,52.85,9001524,64562946048,1.0603,50.48,48.3,2.2393,0.29,-12.39,3.95,-2.68,0.0,90.0,2,56.2,40.78,-5.96,0.0,,8,,20260805
SNGNF,Singapore Telecommunications Limited,Communication Services,Telecom Services,PNK,3.51,1424,57454927872,0.0287,3.37,3.61,4.8972,-9.11,-16.38,-2.28,-8.92,0.0,37.0,3,4.25,3.02,-17.41,0.0,,8,,20260805
STM,STMicroelectronics N.V.,Technology,Semiconductors,NYSE,52.77,12687767,47064367104,3.7798,67.75,42.26,-3.9644,-14.24,77.93,88.98,59.31,0.0,35.0,3,81.42,21.11,-35.19,0.0,,8,,20260805
AFL,AFLAC Incorporated,Financial Services,Insurance - Life,NYSE,125.56,2392829,0,2.0782,120.13,112.85,2.6121,3.63,1.01,6.8,3.98,0.0,87.5,2,130.22,97.47,-3.58,0.0,,8,,20260805
SNOW,Snowflake Inc.,Technology,Software - Application,NYSE,316.84,7889314,109816741888,14.5245,256.29,211.61,4.169,116.95,70.66,28.66,65.43,0.0,87.5,2,323.02,118.3,-1.91,0.0,,8,,20260805
D,"Dominion Energy, Inc.",Utilities,Utilities - Regulated Electric,NYSE,68.27,6903514,60045234176,1.3034,68.75,62.51,-0.3658,2.84,1.21,-6.7,-1.55,0.0,70.75,3,72.99,55.85,-6.47,0.0,,8,,20260805
F,Ford Motor Company,Consumer Cyclical,Auto Manufacturers,NYSE,14.13,64706136,56344727552,0.5299,14.55,13.2,-0.7919,15.76,-6.89,12.09,6.36,0.0,72.0,3,17.78,11.06,-20.53,0.0,,8,,20260805
KEYS,"Keysight Technologies, Inc.",Technology,Scientific & Technical Instruments,NYSE,336.02,1596308,57424257024,14.1521,332.68,271.38,0.2359,-12.23,35.69,84.47,43.22,0.0,60.0,2,374.96,152.85,-10.39,0.0,,8,,20260805
TRGP,Targa Resources Corp.,Energy,Oil & Gas Midstream,NYSE,260.11,1225498,55831023616,7.3873,267.87,222.21,-1.0509,-6.01,16.74,37.89,19.51,0.0,70.75,3,291.04,144.14,-10.63,0.0,,8,,20260805
MCQEF,Macquarie Group Limited,Financial Services,Capital Markets,PNK,178.0,21,68597395456,0.5756,165.86,150.99,21.0862,2.28,11.25,0.7,4.79,0.0,76.25,2,178.0,125.94,0.0,0.0,,8,,20260805
NTIOF,National Bank of Canada,Financial Services,Banks - Diversified,PNK,161.59,46824,62235189248,2.5275,155.79,134.97,2.295,1.75,23.28,37.18,23.46,0.0,86.25,2,171.47,103.35,-5.76,0.0,,8,,20260805
CRARF,Crédit Agricole S.A.,Financial Services,Banks - Regional,PNK,21.56,481,65229455360,0.1463,19.84,18.85,11.7288,10.53,-5.28,0.73,1.07,0.0,76.25,2,22.16,18.1,-2.71,0.0,,8,,20260805
OKE,"ONEOK, Inc.",Energy,Oil & Gas Midstream,NYSE,87.24,3816345,54964064256,2.4845,88.03,80.15,-0.3164,-8.57,1.91,-8.1,-4.71,0.0,69.5,3,96.07,64.02,-9.19,0.0,,8,,20260805
TEL,TE Connectivity plc,Technology,Electronic Components,NYSE,218.02,2744386,63212867584,7.7079,206.48,218.61,1.4968,-0.87,-15.24,-15.32,-11.68,0.0,62.75,3,252.56,190.27,-13.68,0.0,,8,,20260805
SGAPY,Singapore Telecommunications Limited,Communication Services,Telecom Services,PNK,34.01,92831,55670714368,1.0251,33.31,35.31,0.6839,-11.49,-21.01,-11.37,-14.77,0.0,48.25,3,41.2,30.45,-17.45,0.0,,8,,20260805
GWW,"W.W. Grainger, Inc.",Industrials,Industrial Distribution,NYSE,1285.07,311209,0,39.1104,1336.36,1136.45,-1.3114,6.84,-0.54,14.84,7.46,0.0,75.75,3,1419.91,906.52,-9.5,0.0,,8,,20260805
URI,"United Rentals, Inc.",Industrials,Rental & Leasing Services,NYSE,1162.04,511350,72328265728,37.5048,1073.6,903.23,2.358,18.05,34.98,11.6,21.4,0.0,87.5,2,1177.67,701.59,-1.33,0.0,,8,,20260805
RLXXF,RELX PLC,Industrials,Specialty Business Services,PNK,36.95,11306,64457773056,1.8006,33.22,35.89,2.0702,-4.6,-3.15,-52.33,-23.19,0.0,95.0,3,50.27,26.94,-26.5,0.0,,8,,20260805
OXY,Occidental Petroleum Corporation,Energy,Oil & Gas E&P,NYSE,53.81,10324808,53521293312,1.7017,54.46,50.1,-0.383,-15.53,7.77,4.83,0.77,0.0,49.5,3,67.45,38.8,-20.22,0.0,,8,,20260805
LHX,"L3Harris Technologies, Inc.",Industrials,Aerospace & Defense,NYSE,286.12,1431083,53279727616,9.5874,296.17,314.33,-1.0481,-11.71,-30.24,-18.75,-21.01,0.0,35.25,4,379.23,262.68,-24.55,0.0,,8,,20260805
RELX,RELX PLC,Industrials,Specialty Business Services,NYSE,36.61,2804508,63864655872,1.1644,33.44,35.9,2.7226,-3.41,10.11,-51.1,-17.75,0.0,90.0,3,49.52,27.57,-26.07,0.0,,8,,20260805
SMTOY,"Sumitomo Electric Industries, Ltd.",Consumer Cyclical,Auto Parts,PNK,7.3,582926,45547323392,0.5349,8.65,6.95,-2.5256,-20.49,18.48,117.46,48.33,0.0,35.0,3,11.14,3.23,-34.48,0.0,,8,,20260805
STMEF,STMicroelectronics N.V.,Technology,Semiconductors,PNK,54.22,167831,48357588992,2.1485,67.62,41.98,-6.2348,-9.21,79.28,93.73,62.94,0.0,55.0,3,80.86,23.12,-32.95,0.0,,8,,20260805
O,Realty Income Corporation,Real Estate,REIT - Retail,NYSE,62.7,5976980,0,1.1411,62.41,60.09,0.2559,-6.72,-7.56,-8.19,-7.6,0.0,80.0,2,67.94,55.86,-7.71,0.0,,8,,20260805
CHBJF,China CITIC Bank Corporation Limited,Financial Services,Banks - Regional,PNK,0.85,240,47390203904,0.003,0.9,0.76,-17.1172,-10.27,4.12,27.59,9.91,0.0,50.0,3,1.15,0.84,-25.94,0.0,,8,,20260805
CRWV,"CoreWeave, Inc.",Technology,Software - Infrastructure,NASDAQ,89.89,29340008,49041321984,7.945,92.82,94.09,-0.3682,-36.35,-12.42,-38.52,-28.84,0.0,32.75,4,153.2,60.55,-41.33,0.0,,8,,20260805
PCAR,PACCAR Inc,Industrials,Farm & Heavy Construction Machinery,NASDAQ,133.34,3288600,70185500672,3.8663,122.49,115.83,2.8075,11.3,-7.38,18.59,7.68,0.0,87.5,2,139.24,92.25,-4.24,0.0,,8,,20260805
WPM,Wheaton Precious Metals Corp.,Basic Materials,Gold,NYSE,122.82,1988477,55775641600,4.8305,115.58,124.06,1.4978,-8.42,-22.16,5.19,-7.78,0.0,49.5,3,165.76,90.95,-25.9,0.0,,8,,20260805
MPLX,MPLX LP,Energy,Oil & Gas Midstream,NYSE,59.29,1702677,60163563520,1.1706,56.88,54.34,2.0558,1.97,-0.72,-1.63,-0.41,0.0,83.75,2,60.78,47.8,-2.45,0.0,,8,,20260805
SCBFY,Standard Chartered PLC,Financial Services,Banks - Diversified,PNK,59.26,219308,64898400256,1.5112,55.39,48.34,2.5639,12.03,4.14,42.98,21.65,0.0,90.0,2,60.34,34.97,-1.79,0.0,,8,,20260805
TGT,Target Corporation,Consumer Defensive,Discount Stores,NYSE,147.7,4907454,0,4.0217,134.03,113.98,3.3997,9.11,23.09,31.17,22.83,0.0,88.75,2,150.07,83.44,-1.58,0.0,,8,,20260805
CVE,Cenovus Energy Inc,Energy,Oil & Gas Integrated,NYSE,27.73,8104047,51140911104,1.0335,27.36,22.88,0.3533,-15.06,28.42,64.88,32.13,0.0,58.75,2,32.07,14.49,-13.53,0.0,,8,,20260805
FANG,"Diamondback Energy, Inc.",Energy,Oil & Gas E&P,NASDAQ,186.17,2308059,52372099072,6.6175,191.2,173.26,-0.7602,-15.84,3.38,5.92,-0.41,0.0,49.5,3,214.51,134.3,-13.21,0.0,,8,,20260805
CBRS,Cerebras Systems Inc.,Technology,Semiconductors,NASDAQ,214.3,7504043,47756873728,24.346,209.51,214.3,0.1969,-34.26,-34.26,-34.26,-34.26,0.0,77.0,3,386.34,160.81,-44.53,0.0,,8,,20260805
DSDVF,DSV A/S,Industrials,Integrated Freight & Logistics,PNK,214.67,668,51257384960,10.3429,240.38,241.99,-2.4862,-14.26,-33.6,-26.35,-25.87,0.0,11.25,4,307.1,195.12,-30.1,0.0,,8,,20260805
ORANY,Orange S.A.,Communication Services,Telecom Services,PNK,18.35,162831,48770064384,0.4485,19.22,18.42,-1.9445,-17.15,-12.37,-4.87,-10.57,0.0,35.25,4,21.85,15.36,-16.02,0.0,,8,,20260805
SMTOF,"Sumitomo Electric Industries, Ltd.",Consumer Cyclical,Auto Parts,PNK,12.83,28840,40025489408,1.0858,17.44,2.98,-4.2423,-30.6,-274.78,277.18,7.05,0.0,33.75,3,21.48,6.44,-40.27,0.0,,8,,20260805
LTOUF,Larsen & Toubro Limited,Industrials,Engineering & Construction,PNK,40.91,29,56286683136,0.0936,41.9,42.62,-10.602,-10.38,-24.6,-23.93,-20.77,0.0,24.0,4,48.0,29.23,-14.77,0.0,,8,,20260805
AZO,"AutoZone, Inc.",Consumer Cyclical,Auto Parts,NYSE,3066.06,358254,0,93.5303,3058.71,3467.42,0.0786,-20.04,-28.73,-46.04,-33.48,0.0,36.25,3,4388.11,2902.2,-30.13,0.0,,8,,20260805
TER,"Teradyne, Inc.",Technology,Semiconductor Equipment & Materials,NASDAQ,389.39,4410772,60877529088,32.8783,382.5,292.98,0.2097,2.45,25.48,245.95,107.91,0.0,86.25,2,487.91,103.33,-20.19,0.0,,8,,20260805
MBGYY,Mercedes-Benz Group AG,Consumer Cyclical,Auto Manufacturers,PNK,13.66,636145,52308520960,0.285,13.37,14.93,1.0289,-9.75,-27.75,-20.08,-20.18,0.0,49.5,3,18.16,12.22,-24.78,0.0,,8,,20260805
STRK,Strategy Inc,Technology,Software - Application,NASDAQ,64.91,148501,0,2.2388,62.85,72.91,0.9199,-20.95,-27.86,-56.2,-37.47,0.0,37.5,3,110.74,49.8,-41.39,0.0,,8,,20260805
STRC,Strategy Inc,Technology,Software - Application,NASDAQ,94.1,3203806,0,2.5027,88.57,91.95,2.2092,-8.96,-10.19,-13.44,-11.18,0.0,63.75,3,100.42,71.25,-6.29,0.0,,8,,20260805
STRD,Strategy Inc,Technology,Software - Application,NASDAQ,62.87,152404,739646676,1.9885,62.52,69.02,0.1784,-21.26,-17.32,-38.68,-26.85,0.0,48.25,3,86.8,49.0,-27.57,0.0,,8,,20260805
MSTR,Strategy Inc,Technology,Software - Application,NASDAQ,98.37,20222936,35936493568,6.4576,108.69,154.89,-1.5976,-54.0,-38.41,-98.04,-66.16,0.0,13.75,4,414.36,81.81,-76.26,0.0,,8,,20260805
STRF,Strategy Inc,Technology,Software - Application,NASDAQ,96.29,146175,0,1.7726,94.48,96.7,1.0203,-8.35,-8.15,-33.84,-18.48,0.0,52.0,3,118.97,82.5,-19.06,0.0,,8,,20260805
ENAKF,E.ON SE,Utilities,Utilities - Diversified,PNK,22.47,321,58715860992,0.4748,21.26,20.74,2.5411,-4.3,-12.39,-1.02,-5.82,0.0,75.0,2,24.26,17.16,-7.38,0.0,,8,,20260805
WMMVY,"Wal-Mart de México, S.A.B. de C.V.",Consumer Defensive,Discount Stores,OQX,28.17,146800,48712159232,0.9613,29.08,31.76,-0.95,-18.79,-25.4,-24.44,-23.36,0.0,32.0,4,35.47,26.62,-20.58,0.0,,8,,20260805
MBGAF,Mercedes-Benz Group AG,Consumer Cyclical,Auto Manufacturers,PNK,54.91,26657,52566999040,1.1454,53.67,59.78,1.0809,-9.26,-27.17,-19.41,-19.59,0.0,50.75,3,72.81,48.77,-24.58,0.0,,8,,20260805
WMMVF,"Wal-Mart de México, S.A.B. de C.V.",Consumer Defensive,Discount Stores,OID,2.86,86909,50456551424,0.0806,2.9,3.16,-0.5332,-15.84,-28.61,-22.66,-23.03,0.0,37.75,4,3.52,2.69,-18.75,0.0,,8,,20260805
ALL,The Allstate Corporation,Financial Services,Insurance - Property & Casualty,NYSE,264.59,1766627,68111003648,6.4666,237.88,213.43,4.1302,15.09,20.26,9.63,14.72,0.0,91.25,2,277.22,188.08,-4.56,0.0,,8,,20260805
MARUF,Marubeni Corporation,Industrials,Conglomerates,PNK,30.75,12257,50026012672,2.2529,30.87,31.91,-0.0548,-22.68,-17.82,31.44,0.67,0.0,39.0,4,41.61,20.0,-26.1,0.0,,8,,20260805
SCBFF,Standard Chartered PLC,Financial Services,Banks - Diversified,PNK,29.5,17867,64613666816,0.9864,27.13,23.99,2.4001,9.31,1.09,38.19,17.99,0.0,80.0,2,30.93,17.39,-4.62,0.0,,8,,20260805
NGLOY,Anglo American plc,Basic Materials,Other Industrial Metals & Mining,OQX,27.2,429281,58288947200,0.9289,25.37,22.79,1.9705,4.71,-4.54,75.85,29.93,0.0,65.0,2,29.0,14.05,-6.21,0.0,,8,,20260805
EONGY,E.ON SE,Utilities,Utilities - Diversified,PNK,21.75,250091,56834445312,0.3991,21.29,20.3,1.153,-5.89,-6.68,-6.18,-6.29,0.0,80.0,2,23.58,17.05,-7.76,0.0,,8,,20260805
MARUY,Marubeni Corporation,Industrials,Conglomerates,PNK,30.73,104598,49993474048,7.4355,190.63,289.22,-21.5054,-98.32,-103.15,-108.46,-104.06,0.0,12.5,4,426.06,29.16,-92.79,0.0,,8,,20260805
DSDVY,DSV A/S,Industrials,Integrated Freight & Logistics,PNK,103.17,142524,49268404224,3.19,119.81,122.76,-5.217,-16.22,-38.77,-30.0,-29.62,0.0,12.5,4,151.98,97.9,-32.12,0.0,,8,,20260805
THLEF,Thales S.A.,Industrials,Aerospace & Defense,PNK,307.51,290,63181320192,13.819,267.43,278.61,2.9003,8.79,-10.27,-7.88,-4.55,0.0,86.25,3,333.38,242.9,-7.76,0.0,,8,,20260805
FNCTF,Orange S.A.,Communication Services,Telecom Services,PNK,18.93,14232,50311573504,0.5655,19.4,18.22,-0.825,-10.74,-15.57,1.28,-7.62,0.0,40.75,3,21.5,15.07,-11.95,0.0,,8,,20260805
HOCPY,HOYA Corporation,Healthcare,Medical Instruments & Supplies,PNK,163.74,36678,54774059008,4.5185,160.37,165.6,0.7468,-15.27,-18.05,8.97,-6.55,0.0,48.25,3,190.18,123.23,-13.9,0.0,,8,,20260805
THLLY,Thales S.A.,Industrials,Aerospace & Defense,PNK,60.35,69126,61997862912,1.3281,53.39,55.64,5.2391,3.98,-12.23,-11.47,-7.87,0.0,87.5,3,65.46,48.75,-7.81,0.0,,8,,20260805
KBCSF,KBC Group NV,Financial Services,Banks - Regional,PNK,137.22,68,54745939968,0.3213,131.84,129.54,16.7354,-6.22,-10.13,4.38,-3.35,0.0,63.25,2,141.12,105.7,-2.76,0.0,,8,,20260805
KBCSY,KBC Group NV,Financial Services,Banks - Regional,PNK,73.48,28980,58735591424,1.2474,67.95,63.88,4.4315,9.99,-6.12,19.72,8.24,0.0,86.25,2,73.78,54.1,-0.41,0.0,,8,,20260805
FKURF,Fujikura Ltd.,Industrials,Conglomerates,PNK,33.16,28907,47833190400,2.8869,31.18,17.66,0.6864,-21.22,518.97,156457.41,62759.3,0.0,56.25,2,51.47,10.03,-35.58,0.0,,8,,20260805
DVN,Devon Energy Corporation,Energy,Oil & Gas E&P,NYSE,42.09,14099226,0,1.3679,43.56,41.61,-1.0741,-23.5,-8.58,11.89,-4.12,0.0,47.0,3,52.71,31.47,-20.15,0.0,,8,,20260805
HOCPF,HOYA Corporation,Healthcare,Medical Instruments & Supplies,PNK,154.17,121,51572715520,0.4324,162.03,166.25,-18.1736,-20.7,-14.4,4.11,-8.57,0.0,24.0,4,191.23,120.19,-19.38,0.0,,8,,20260805
CMCLF,CMOC Group Limited,Basic Materials,Other Industrial Metals & Mining,PNK,2.3,23913,55382429696,0.1873,2.21,2.41,0.4654,-1.61,-32.09,47.06,7.19,0.0,52.0,3,3.55,1.03,-35.21,0.0,,8,,20260805
BFFAF,BASF SE,Basic Materials,Chemicals,OQX,56.29,2473,48461295616,0.7401,55.74,53.76,0.745,-20.43,-6.23,-1.52,-7.9,0.0,52.5,2,64.86,47.11,-13.21,0.0,,8,,20260805
CMPGF,Compass Group PLC,Consumer Cyclical,Restaurants,OQX,33.18,4686,56419790848,0.7191,32.01,30.92,1.6349,12.97,-1.59,-30.03,-9.33,0.0,78.75,2,35.98,26.84,-7.77,0.0,,8,,20260805
MET,"MetLife, Inc.",Financial Services,Insurance - Life,NYSE,96.26,3808478,61937225728,1.7972,88.7,78.83,4.2051,15.52,14.68,10.01,13.02,0.0,88.75,2,97.8,67.33,-1.57,0.0,,8,,20260805
NBIS,Nebius Group N.V.,Communication Services,Internet Content & Information,NASDAQ,218.99,19752077,55601168384,25.5541,224.31,142.59,-0.2081,17.85,131.22,280.95,162.77,0.0,73.25,3,299.86,53.95,-26.97,0.0,,8,,20260805
AAUKF,Anglo American plc,Basic Materials,Other Industrial Metals & Mining,OQX,50.21,3673,53799407616,1.0265,50.27,45.51,-0.0547,-3.6,-10.87,57.26,18.2,0.0,37.0,3,57.0,27.18,-11.91,0.0,,8,,20260805
DBOEF,Deutsche Börse AG,Financial Services,Financial Data & Stock Exchanges,PNK,308.71,6870,55656603648,11.6181,286.57,269.52,1.9058,-5.66,11.76,-20.6,-5.54,0.0,68.25,2,319.34,231.6,-3.33,0.0,,8,,20260805
SSUMF,Sumitomo Corporation,Industrials,Conglomerates,PNK,11.02,6550,52222091264,0.7171,24.63,33.81,-18.9843,-80.14,-84.78,-80.25,-81.81,0.0,3.75,4,50.33,9.18,-78.1,0.0,,8,,20260805
PSA,Public Storage,Real Estate,REIT - Industrial,NYSE,327.34,1062004,61129351168,8.2888,317.38,290.11,1.2019,3.93,7.16,-1.81,2.76,0.0,87.5,2,335.55,256.54,-2.45,0.0,,8,,20260805
BASFY,BASF SE,Basic Materials,Chemicals,OQX,14.66,206440,50484461568,0.2678,14.08,13.55,2.1787,-13.08,-2.88,3.15,-3.01,0.0,65.0,2,16.25,11.93,-9.78,0.0,,8,,20260805
FJIKY,Fujikura  Ltd.,Industrials,Conglomerates,PNK,15.67,439361,51889655808,1.1272,15.39,13.44,0.2456,-24.93,23.8,157.55,65.12,0.0,61.25,2,25.65,5.79,-38.91,0.0,,8,,20260805
SSUMY,Sumitomo Corporation,Industrials,Conglomerates,PNK,10.87,359086,51511263232,0.3227,10.09,9.46,2.4302,-6.88,-5.19,40.45,12.64,0.0,62.5,2,12.21,6.55,-10.99,0.0,,8,,20260805
COR,"Cencora, Inc.",Healthcare,Medical Distribution,NYSE,317.22,1779393,61718659072,8.2252,290.99,323.57,3.1891,-2.69,-24.19,-14.47,-14.93,0.0,75.75,3,377.54,244.82,-15.98,0.0,,8,,20260805
DBOEY,Deutsche Börse AG,Financial Services,Financial Data & Stock Exchanges,PNK,31.02,398934,55925231616,0.5408,28.84,27.04,4.0359,-1.68,18.65,-17.02,-0.7,0.0,93.75,2,31.44,23.25,-1.34,0.0,,8,,20260805
SE,Sea Limited,Consumer Cyclical,Internet Retail,NYSE,114.91,4520021,0,4.241,98.18,109.77,3.9441,29.39,-6.03,-50.0,-14.76,0.0,91.25,3,199.3,77.05,-42.34,0.0,,8,,20260805
UCBJY,UCB SA,Healthcare,Biotechnology,PNK,131.97,32572,50323480576,4.153,142.57,143.49,-2.5525,-8.74,-25.74,0.49,-11.0,0.0,23.25,4,168.76,106.24,-21.8,0.0,,8,,20260805
ANFGF,Antofagasta plc,Basic Materials,Copper,PNK,55.0,6555,54222118912,2.9892,52.27,47.64,0.9134,4.43,-1.33,89.74,36.54,0.0,66.25,2,61.72,27.13,-10.89,0.0,,8,,20260805
CTVA,"Corteva, Inc.",Basic Materials,Agricultural Inputs,NYSE,78.67,4137406,52488310784,2.6399,81.9,75.23,-1.2226,-12.65,-6.92,-12.87,-10.73,0.0,73.25,3,90.97,60.53,-13.52,0.0,,8,,20260805
CMPGY,Compass Group PLC,Consumer Cyclical,Restaurants,OQX,33.11,324131,56297369600,0.7561,32.16,30.76,1.2571,8.75,0.57,-27.74,-8.71,0.0,86.25,2,35.94,26.95,-7.87,0.0,,8,,20260805
NTDOF,"Nintendo Co., Ltd.",Communication Services,Electronic Gaming & Multimedia,PNK,47.91,13009,55234154496,3.7903,44.61,59.59,0.8696,-8.92,-38.38,-68.69,-43.14,0.0,41.25,3,101.01,38.34,-52.57,0.0,,8,,20260805
NUE,Nucor Corporation,Basic Materials,Steel,NYSE,274.74,1555400,0,8.59,244.94,192.5,3.4686,12.05,35.95,79.94,47.57,0.0,88.75,2,280.11,131.32,-1.92,0.0,,8,,20260805
VLKPF,Volkswagen AG,Consumer Cyclical,Auto Manufacturers,PNK,86.25,547,43236716544,7.1358,92.56,106.58,-0.8841,-28.03,-41.3,-43.41,-38.83,0.0,6.25,4,129.94,74.6,-33.62,0.0,,8,,20260805
VWAPY,Volkswagen AG,Consumer Cyclical,Auto Manufacturers,PNK,8.73,158273,43763073024,0.2033,8.82,10.01,-0.4319,-11.7,-34.68,-32.01,-27.87,0.0,24.5,4,12.72,7.86,-31.37,0.0,,8,,20260805
VWAGY,Volkswagen AG,Consumer Cyclical,Auto Manufacturers,PNK,8.79,331868,44063854592,0.1959,9.01,10.19,-1.1368,-13.9,-34.13,-33.86,-28.97,0.0,20.75,4,12.83,8.07,-31.49,0.0,,8,,20260805
VST,Vistra Corp.,Utilities,Utilities - Independent Power Producers,NYSE,140.58,4811914,47401111552,7.9219,155.88,162.49,-1.9314,-18.86,-20.1,-57.3,-34.67,0.0,36.25,4,219.82,132.66,-36.05,0.0,,8,,20260805
ALAB,"Astera Labs, Inc.",Technology,Semiconductors,NASDAQ,318.43,5792837,54581428224,38.3403,357.38,210.15,-1.016,41.0,88.64,107.55,84.3,0.0,56.25,3,499.48,97.89,-36.25,0.0,,8,,20260805
AJG,Arthur J. Gallagher & Co.,Financial Services,Insurance Brokers,NYSE,251.03,1802845,64349278208,8.3425,233.03,233.27,2.1581,15.75,-10.25,-34.12,-13.3,0.0,87.5,3,313.55,190.75,-19.94,0.0,,8,,20260805
NTDOY,"Nintendo Co., Ltd.",Communication Services,Electronic Gaming & Multimedia,PNK,11.73,4175909,54092808192,0.365,11.11,14.92,1.7056,-9.69,-35.32,-71.48,-43.37,0.0,33.75,3,24.92,10.18,-52.93,0.0,,8,,20260805
CARR,Carrier Global Corporation,Industrials,Building Products & Equipment,NYSE,65.43,6597065,53935587328,2.3403,68.1,60.58,-1.1402,-4.32,-4.55,-23.47,-12.06,0.0,77.0,3,76.76,50.24,-14.76,0.0,,8,,20260805
ANCTF,Alimentation Couche-Tard Inc.,Consumer Cyclical,Specialty Retail,PNK,65.13,149639,59786903552,1.2409,61.93,56.92,2.582,5.11,5.93,4.97,5.34,0.0,86.25,2,66.49,47.24,-2.05,0.0,,8,,20260805
GWLIF,Great-West Lifeco Inc.,Financial Services,Insurance - Life,PNK,65.57,49759,58698264576,1.1122,62.37,50.86,2.8776,16.18,31.62,52.34,36.05,0.0,88.75,2,66.82,38.0,-1.87,0.0,,8,,20260805
LBLCF,Loblaw Companies Limited,Consumer Defensive,Grocery Stores,PNK,46.36,89114,53957861376,0.7561,45.78,45.01,0.7626,-5.91,-9.93,-10.43,-9.12,0.0,88.75,2,50.29,38.08,-7.81,0.0,,8,,20260805
TKPHF,Takeda Pharmaceutical Company Limited,Healthcare,Drug Manufacturers - Specialty & Generic,PNK,35.89,11990,57307410432,0.6102,32.43,32.1,5.6725,4.38,3.82,8.12,5.68,0.0,75.0,2,39.2,26.33,-8.44,0.0,,8,,20260805
PCRFF,Panasonic Holdings Corporation,Technology,Consumer Electronics,PNK,28.5,12165,66545364992,1.7263,25.46,17.72,1.7584,25.31,109.21,163.7,110.03,0.0,85.0,2,30.2,9.65,-5.63,0.0,,8,,20260805
CTPCF,CITIC Limited,Industrials,Conglomerates,PNK,1.35,91,39271854080,0.0059,1.55,1.54,-33.1762,-13.3,-14.38,-22.39,-17.31,0.0,0.0,4,1.8,1.31,-25.0,0.0,,8,,20260805
PCRHY,Panasonic Holdings Corporation,Technology,Consumer Electronics,PNK,28.47,286945,66475315200,1.3284,25.41,17.77,2.3037,26.16,95.88,164.84,106.04,0.0,90.0,2,29.56,9.7,-3.69,0.0,,8,,20260805
VLKAF,Volkswagen AG,Consumer Cyclical,Auto Manufacturers,PNK,88.86,796,45204643840,3.0443,93.12,107.51,-1.3983,-19.8,-36.84,-42.35,-34.78,0.0,27.0,4,128.99,80.33,-31.11,0.0,,8,,20260805
NDAQ,"Nasdaq, Inc.",Financial Services,Financial Data & Stock Exchanges,NASDAQ,94.56,4043788,52856897536,2.4279,88.21,88.85,2.6143,-0.0,-3.69,-24.51,-11.1,0.0,91.25,3,101.79,76.55,-7.1,0.0,,8,,20260805
AME,"AMETEK, Inc.",Industrials,Specialty Industrial Machinery,NYSE,254.76,1185337,58391756800,5.8028,234.56,219.74,3.4807,2.15,-0.6,15.64,6.59,0.0,85.0,2,257.94,179.24,-1.23,0.0,,8,,20260805
ETR,Entergy Corporation,Utilities,Utilities - Regulated Electric,NYSE,106.86,3610068,49864241152,2.6196,111.96,103.66,-1.9487,-15.58,-1.14,-3.69,-5.77,0.0,47.0,3,118.45,86.4,-9.78,0.0,,8,,20260805
BAMXF,Bayerische Motoren Werke Aktiengesellschaft,Consumer Cyclical,Auto Manufacturers,PNK,62.0,1368,36993933312,2.8111,71.91,91.58,-3.5271,-36.46,-48.91,-62.17,-51.1,0.0,5.0,4,113.1,60.5,-45.18,0.0,,8,,20260805
EBAY,eBay Inc.,Consumer Cyclical,Internet Retail,NASDAQ,111.15,4235477,49350598656,3.5073,111.13,96.5,0.0044,-0.74,8.82,-2.08,2.07,0.0,87.5,2,119.31,78.03,-6.84,0.0,,8,,20260805
UCBJF,UCB SA,Healthcare,Biotechnology,PNK,258.48,711,49282465792,9.7678,290.74,293.17,-3.3026,-13.8,-30.0,-4.54,-15.77,0.0,1.25,4,345.39,211.48,-25.16,0.0,,8,,20260805
BMWKY,Bayerische Motoren Werke AG,Consumer Cyclical,Auto Manufacturers,PNK,22.74,225055,40746004480,0.4987,24.04,29.56,-2.6085,-26.58,-42.31,-47.81,-40.58,0.0,12.5,4,37.77,21.4,-39.79,0.0,,8,,20260805
SUHJY,Sun Hung Kai Properties Limited,Real Estate,Real Estate - Development,OID,15.44,127857,44741726208,0.295,15.32,15.26,0.421,-19.89,-13.39,6.47,-7.07,0.0,61.25,2,18.89,11.3,-18.26,0.0,,8,,20260805
SCGLY,Société Générale Société anonyme,Financial Services,Banks - Regional,OID,19.4,440495,71444520960,0.4709,17.29,15.76,4.4865,20.3,-4.36,30.85,15.89,0.0,93.75,2,19.4,11.89,-0.0,0.0,,8,,20260805
SDVKY,Sandvik AB (publ),Industrials,Specialty Industrial Machinery,PNK,39.37,151162,49385172992,1.1429,39.33,36.98,0.0388,-11.56,-15.22,42.79,8.9,0.0,62.5,2,44.53,24.16,-11.59,0.0,,8,,20260805
TAK,Takeda Pharmaceutical Company Limited,Healthcare,Drug Manufacturers - Specialty & Generic,NYSE,16.72,3459624,53395365888,0.3441,16.29,16.32,1.2408,-5.61,-16.31,-6.06,-9.53,0.0,88.75,3,18.9,12.99,-11.53,0.0,,8,,20260805
ASMIY,ASM International NV,Technology,Semiconductor Equipment & Materials,OQX,942.35,14124,46157762560,48.8179,1043.19,836.19,-2.0657,-10.9,2.58,71.47,26.76,0.0,35.0,3,1248.72,463.86,-24.53,0.0,,8,,20260805
ADSK,"Autodesk, Inc.",Technology,Software - Application,NASDAQ,240.03,2689540,50681192448,9.2654,215.63,252.84,2.6336,-10.4,-12.55,-43.97,-24.58,0.0,54.5,3,329.09,185.5,-27.06,0.0,,8,,20260805
MCHP,Microchip Technology Incorporated,Technology,Semiconductors,NASDAQ,77.79,12076559,42240622592,4.3404,87.99,75.14,-2.35,-27.25,-9.65,-3.33,-11.52,0.0,35.0,3,105.91,48.52,-26.55,0.0,,8,,20260805
MCHPP,Microchip Technology Incorporated,Technology,Semiconductors,NASDAQ,66.94,210159,0,2.9536,74.45,65.28,-2.5442,-25.1,-9.81,-8.03,-12.92,0.0,35.0,3,88.0,47.08,-23.93,0.0,,8,,20260805
XEL,Xcel Energy Inc.,Utilities,Utilities - Regulated Electric,NASDAQ,77.2,5719665,48221765632,1.7079,79.22,78.08,-1.1812,-11.14,-9.06,-16.12,-12.4,0.0,35.25,4,84.23,69.16,-8.35,0.0,,8,,20260805
HCMLY,Holcim AG,Basic Materials,Building Materials,PNK,17.95,98862,49642983424,0.5014,18.54,18.1,-1.1807,-5.36,-23.69,-8.14,-12.89,0.0,39.0,4,21.23,15.45,-15.45,0.0,,8,,20260805
LNG,"Cheniere Energy, Inc.",Energy,Oil & Gas Midstream,NYSE,254.76,2163503,0,7.6461,247.01,232.79,1.013,-11.89,9.13,-17.01,-6.58,0.0,87.5,2,300.89,186.2,-15.33,0.0,,8,,20260805
FAST,Fastenal Company,Industrials,Industrial Distribution,NASDAQ,49.99,7804372,57363406848,1.3547,46.28,43.89,2.7409,6.75,-3.19,-10.74,-3.72,0.0,90.0,2,50.63,38.97,-1.26,0.0,,8,,20260805
ABEV,Ambev S.A.,Consumer Defensive,Beverages - Brewers,NYSE,3.03,27682901,46821969920,0.0733,3.12,2.85,-1.2351,-16.46,-7.45,15.6,-0.49,0.0,48.25,3,3.45,2.1,-12.17,0.0,,8,,20260805
EA,Electronic Arts Inc.,Communication Services,Electronic Gaming & Multimedia,NASDAQ,209.7,2301555,52924891136,0.6836,205.27,202.59,6.4852,-3.7,-8.32,8.59,-0.4,0.0,83.75,2,209.98,159.59,-0.13,0.0,,8,,20260805
ARGX,argenx SE,Healthcare,Biotechnology,NASDAQ,867.94,343580,53975252992,28.1707,874.04,830.43,-0.2166,2.58,-10.33,2.42,-2.0,0.0,72.0,3,953.58,631.47,-8.98,0.0,,8,,20260805
ROK,"Rockwell Automation, Inc.",Industrials,Specialty Industrial Machinery,NYSE,450.05,805880,50078838784,17.2315,464.59,411.46,-0.8439,-3.07,-6.96,7.03,-0.39,0.0,75.75,3,497.36,305.44,-9.51,0.0,,8,,20260805
PRYMF,Prysmian S.p.A.,Industrials,Electrical Equipment & Parts,PNK,145.29,5060,42460225536,5.6927,160.9,129.42,-2.7416,-10.84,8.73,56.5,22.95,0.0,33.75,3,193.62,84.03,-24.96,0.0,,8,,20260805
FSUMF,Fortescue Ltd,Basic Materials,Other Industrial Metals & Mining,OQX,13.4,3847,41258131456,0.2289,14.1,14.25,-3.0604,-17.3,-19.35,-8.66,-14.56,0.0,29.0,4,16.6,11.65,-19.28,0.0,,8,,20260805
SCGLF,Société Générale Société anonyme,Financial Services,Banks - Regional,OID,91.07,1780,67076829184,0.6113,85.35,79.15,9.3503,7.72,-8.57,17.98,6.12,0.0,76.25,2,91.07,59.95,-0.0,0.0,,8,,20260805
DAL,"Delta Air Lines, Inc.",Industrials,Airlines,NYSE,93.14,7435962,0,2.7919,85.64,71.03,2.6854,25.48,21.03,55.97,36.12,0.0,83.75,2,95.68,52.88,-2.65,0.0,,8,,20260805
PRYMY,Prysmian S.p.A.,Industrials,Electrical Equipment & Parts,PNK,70.35,92436,41118826496,2.9468,79.33,64.06,-3.0461,-20.58,3.96,51.1,16.68,0.0,35.0,3,92.89,40.65,-24.27,0.0,,8,,20260805
HPE,Hewlett Packard Enterprise Company,Technology,Communication Equipment,NYSE,53.22,26521734,70474113024,2.9662,46.93,29.7,2.1213,71.05,134.41,148.06,124.03,0.0,87.5,2,64.25,19.65,-17.17,0.0,,8,,20260805
GDERF,GALDERMA GROUP AG,Healthcare,Drug Manufacturers - Specialty & Generic,PNK,215.75,1295,50310512640,11.6109,214.99,200.19,0.0653,-8.35,6.19,6.44,2.65,0.0,80.0,2,248.46,158.0,-13.17,0.0,,8,,20260805
INFY,Infosys Limited,Technology,Information Technology Services,NYSE,12.48,22590736,50545541120,0.4681,11.56,14.37,1.9649,-4.31,-38.62,-44.79,-32.51,0.0,40.0,3,30.0,10.3,-58.4,0.0,,8,,20260805
EW,Edwards Lifesciences Corporation,Healthcare,Medical Devices,NYSE,88.97,5067418,51228925952,2.4876,87.9,83.92,0.4304,0.68,-3.87,-12.23,-6.07,0.0,83.75,2,96.29,72.3,-7.6,0.0,,8,,20260805
ASMXF,ASM International NV,Technology,Semiconductor Equipment & Materials,OID,947.01,485,46385770496,31.9149,1049.68,836.54,-3.2172,-9.17,-0.21,73.14,26.89,0.0,27.5,3,1250.0,469.94,-24.24,0.0,,8,,20260805
JHPCY,JHPCY,Healthcare,Drug Manufacturers - Specialty & Generic,PNK,13.6,277,45132959744,0.0139,14.05,13.6,-32.6969,-30.74,-29.12,-29.12,-29.53,0.0,37.0,3,18.0,13.6,-24.44,0.0,,8,,20260805
MT,ArcelorMittal S.A.,Basic Materials,Steel,NYSE,75.35,1953077,56817041408,2.2004,66.62,55.34,3.969,23.19,21.36,127.5,64.28,0.0,87.5,2,75.66,31.06,-0.41,0.0,,8,,20260805
FANUF,Fanuc Corporation,Industrials,Specialty Industrial Machinery,PNK,40.79,1572,38063513600,3.1584,45.04,40.52,-1.3457,-11.0,-7.34,11.39,-0.76,0.0,38.75,3,55.74,25.62,-26.82,0.0,,8,,20260805
RWEOY,RWE Aktiengesellschaft,Utilities,Utilities - Diversified,PNK,64.03,64457,48003846144,1.4439,64.66,60.2,-0.4398,-15.96,-10.87,32.47,5.19,0.0,47.0,3,74.1,39.15,-13.59,0.0,,8,,20260805
SDVKF,Sandvik AB (publ),Industrials,Specialty Industrial Machinery,PNK,38.76,3706,50258739200,0.365,39.21,37.04,-1.2366,-16.72,-14.9,35.46,4.79,0.0,37.0,3,45.25,23.9,-14.34,0.0,,8,,20260805
RWNFF,RWE Aktiengesellschaft,Utilities,Utilities - Diversified,PNK,66.05,3314,49518260224,1.5414,64.48,59.91,1.0193,-13.43,-3.49,35.62,9.67,0.0,56.25,2,73.86,39.07,-10.57,0.0,,8,,20260805
COIN,"Coinbase Global, Inc.",Financial Services,Financial Data & Stock Exchanges,NASDAQ,149.89,8621180,39546515456,10.1924,161.9,209.63,-1.1779,-30.83,-28.8,-76.2,-48.27,0.0,15.0,4,402.16,139.11,-62.73,0.0,,8,,20260805
DNBBF,DNB Bank ASA,Financial Services,Banks - Regional,PNK,33.73,3300,48213446656,0.9253,31.44,30.19,2.4763,5.47,2.86,1.26,2.88,0.0,83.75,2,34.76,25.5,-2.97,0.0,,8,,20260805
UOVEY,United Overseas Bank Limited,Financial Services,Banks - Regional,PNK,67.0,46273,55326113792,1.3292,63.39,57.43,2.7135,11.57,1.11,-2.0,2.48,0.0,87.5,2,70.85,50.0,-5.44,0.0,,8,,20260805
DRPRY,Dr. Ing. h.c. F. Porsche AG,Consumer Cyclical,Auto Manufacturers,PNK,5.01,67636,45641101312,0.1671,5.19,4.93,-1.1065,2.19,-3.93,-21.1,-9.27,0.0,73.25,3,5.8,4.11,-13.62,0.0,,8,,20260805
DRPRF,Dr. Ing. h.c. F. Porsche AG,Consumer Cyclical,Auto Manufacturers,PNK,48.75,327,44411248640,0.2168,52.11,49.78,-15.5079,-3.63,-8.17,-28.35,-15.11,0.0,37.0,3,56.55,41.8,-13.79,0.0,,8,,20260805
MDLN,Medline Inc.,Healthcare,Medical Instruments & Supplies,NASDAQ,36.67,9842400,65328603136,2.0456,38.15,36.67,-0.7239,-25.73,-30.25,-26.18,-27.49,0.0,52.0,3,50.88,32.81,-27.93,0.0,,8,,20260805
HCMLF,Holcim AG,Basic Materials,Building Materials,PNK,93.11,234,51501481984,1.0215,91.99,91.49,1.097,-7.8,-18.86,-6.54,-11.17,0.0,51.25,2,106.39,78.6,-12.48,0.0,,8,,20260805
FLEX,Flex Ltd.,Technology,Electronic Components,NASDAQ,121.88,7377696,45022834688,9.6198,138.5,89.06,-1.7275,19.73,72.46,115.95,76.67,0.0,37.5,3,166.86,47.83,-26.96,0.0,,8,,20260805
FER,Ferrovial N.V.,Industrials,Engineering & Construction,NASDAQ,66.55,1652545,47976038400,1.1685,66.33,66.4,0.1902,-10.08,-13.7,8.27,-4.0,0.0,58.75,3,74.79,51.52,-11.02,0.0,,8,,20260805
DGEAF,Diageo plc,Consumer Defensive,Beverages - Wineries & Distilleries,PNK,22.33,7821,49652985856,0.6497,20.83,21.45,2.3014,3.34,-13.9,-34.12,-17.68,0.0,87.5,3,29.74,17.85,-24.92,0.0,,8,,20260805
UOVEF,United Overseas Bank Limited,Financial Services,Banks - Regional,PNK,34.75,911,51432349696,0.3651,31.25,28.45,9.5963,21.62,5.55,4.77,9.25,0.0,75.0,2,34.75,24.37,0.0,0.0,,8,,20260805
DEO,Diageo plc,Consumer Defensive,Beverages - Wineries & Distilleries,NYSE,88.43,1142688,49158234112,2.1102,82.82,85.35,2.6591,3.44,-16.3,-29.94,-16.82,0.0,91.25,3,116.41,72.45,-24.04,0.0,,8,,20260805
GFS,GLOBALFOUNDRIES Inc.,Technology,Semiconductors,NASDAQ,49.46,4640855,27138744320,3.9691,70.49,51.73,-5.2995,-39.73,9.5,13.59,-1.17,0.0,19.5,4,92.55,31.51,-46.56,0.0,,8,,20260805
FANUY,Fanuc Corporation,Industrials,Specialty Industrial Machinery,PNK,20.46,542150,38184820736,0.9672,22.18,20.2,-1.7808,-13.59,-11.3,13.18,-2.08,0.0,36.25,3,27.54,13.6,-25.71,0.0,,8,,20260805
CRZBY,Commerzbank AG,Financial Services,Banks - Regional,PNK,45.33,38665,51274199040,1.0666,42.91,39.54,2.2712,5.67,-1.76,-2.31,-0.12,0.0,86.25,2,45.49,33.63,-0.35,0.0,,8,,20260805
GALDY,GALDERMA GROUP AG,Healthcare,Drug Manufacturers - Specialty & Generic,PNK,44.04,120569,51348205568,1.0612,42.83,40.0,1.141,-2.37,5.8,15.3,7.56,0.0,86.25,2,46.31,31.14,-4.9,0.0,,8,,20260805
CRZBF,Commerzbank AG,Financial Services,Banks - Regional,PNK,45.0,286,49343557632,0.1659,43.46,40.68,9.2865,4.29,-7.84,4.24,0.03,0.0,75.0,2,45.64,34.15,-1.4,0.0,,8,,20260805
EXC,Exelon Corporation,Utilities,Utilities - Regulated Electric,NASDAQ,45.76,8882737,47144419328,1.0214,46.2,45.63,-0.4332,-6.61,-6.38,-18.35,-11.23,0.0,73.25,3,50.65,42.58,-9.65,0.0,,8,,20260805
FSUGY,Fortescue Ltd,Basic Materials,Other Industrial Metals & Mining,OQX,25.68,90375,39533912064,0.6571,27.39,28.1,-2.6085,-17.9,-23.78,-12.13,-17.65,0.0,28.25,4,33.44,23.78,-23.21,0.0,,8,,20260805
CAH,"Cardinal Health, Inc.",Healthcare,Medical Distribution,NYSE,239.23,2403391,56029065216,5.273,223.61,209.12,2.9619,15.07,-1.99,29.07,14.7,0.0,88.75,2,243.21,137.75,-1.64,0.0,,8,,20260805
AMSYF,ArcelorMittal S.A.,Basic Materials,Steel,PNK,66.45,8236,50106068992,0.3266,64.79,52.48,5.0736,11.38,10.64,86.77,41.27,0.0,75.0,2,68.95,31.0,-3.63,0.0,,8,,20260805
EBKOF,Erste Group Bank AG,Financial Services,Banks - Regional,PNK,136.58,1324,53054668800,2.1485,128.29,118.14,3.8577,15.49,-7.34,23.83,10.83,0.0,80.0,2,136.56,93.73,0.01,0.0,,8,,20260805
LGRVF,Legrand SA,Industrials,Electrical Equipment & Parts,PNK,150.26,445,39388569600,1.0232,165.4,161.65,-14.7955,-22.54,-14.73,-23.69,-20.26,0.0,12.0,4,189.59,145.76,-20.74,0.0,,8,,20260805
DNBBY,DNB Bank ASA,Financial Services,Banks - Regional,PNK,32.17,59742,45986316288,0.4235,30.62,28.39,3.6497,0.49,3.34,9.75,5.19,0.0,92.5,2,33.81,25.26,-4.85,0.0,,8,,20260805
BAIDF,"Baidu, Inc.",Communication Services,Internet Content & Information,PNK,13.41,1208,36387930112,0.5406,14.74,15.72,-2.4638,-13.28,-42.6,-3.53,-19.64,0.0,1.25,4,20.98,10.6,-36.1,0.0,,8,,20260805
TYHOY,Toyota Tsusho Corporation,Industrials,Conglomerates,PNK,22.91,21649,48375660544,0.9519,20.02,19.32,3.0344,-0.69,5.25,73.96,31.25,0.0,67.5,2,25.04,10.47,-8.51,0.0,,8,,20260805
GRMN,Garmin Ltd.,Technology,Scientific & Technical Instruments,NYSE,302.55,911522,58347536384,9.8954,246.62,228.78,5.6518,22.88,39.37,13.04,24.71,0.0,90.0,2,309.21,186.67,-2.15,0.0,,8,,20260805
LGRDY,Legrand SA,Industrials,Electrical Equipment & Parts,PNK,31.78,202726,41653424128,0.8241,32.36,32.04,-0.6982,-18.3,-12.55,-15.73,-15.26,0.0,37.75,4,37.91,28.73,-16.17,0.0,,8,,20260805
DANOY,Danone S.A.,Consumer Defensive,Packaged Foods,OQX,15.75,573236,50566606848,0.3286,15.76,16.15,-0.0152,-2.53,-13.83,-26.89,-16.23,0.0,61.5,4,18.63,14.19,-15.46,0.0,,8,,20260805
GPDNF,Danone S.A.,Consumer Defensive,Packaged Foods,OQX,77.05,4845,49475014656,1.4257,78.26,82.74,-0.8463,-7.12,-16.25,-34.58,-21.3,0.0,52.75,4,93.05,70.5,-17.2,0.0,,8,,20260805
AU,AngloGold Ashanti plc,Basic Materials,Gold,NYSE,88.6,3075180,44811153408,4.1774,84.0,89.56,1.101,-7.97,-21.72,52.53,11.42,0.0,52.0,3,129.14,52.05,-31.39,0.0,,8,,20260805
EBKDY,Erste Group Bank AG,Financial Services,Banks - Regional,PNK,69.98,49952,54367637504,1.5469,64.15,58.7,3.7665,20.37,-3.43,26.11,14.34,0.0,95.0,2,70.15,46.84,-0.24,0.0,,8,,20260805
CCJ,Cameco Corporation,Energy,Uranium,NYSE,94.27,3458977,41057693696,4.3154,98.83,104.55,-1.0578,-24.27,-37.5,2.19,-18.32,0.0,32.75,4,135.24,68.96,-30.29,0.0,,8,,20260805
ON,ON Semiconductor Corporation,Technology,Semiconductors,NASDAQ,76.91,12364185,18277595136,5.9101,103.19,75.44,-4.4462,-31.72,17.18,37.02,12.89,0.0,33.75,3,134.92,44.56,-43.0,0.0,,8,,20260805
ORLNY,ORLNY,Energy,Oil & Gas Integrated,PNK,20.7,68,24031502336,0.1505,20.59,20.7,0.7482,3.81,3.81,3.81,3.81,0.0,62.0,3,22.5,18.7,-8.0,0.0,,8,,20260805
SEMHF,Siemens Healthineers AG,Healthcare,Medical Devices,PNK,45.51,6611,50940342272,1.3095,40.42,46.58,3.8877,6.5,-23.29,-40.92,-22.89,0.0,70.75,3,57.75,37.0,-21.19,0.0,,8,,20260805
UMC,United Microelectronics Corporation,Technology,Semiconductors,NYSE,19.29,18029040,48377561088,1.6063,22.15,12.79,-1.7779,33.48,87.05,164.93,104.81,0.0,60.0,3,28.96,6.56,-33.39,0.0,,8,,20260805
WUXAY,"WuXi AppTec Co., Ltd.",Healthcare,Diagnostics & Research,PNK,23.02,1885,68701003776,0.582,18.38,15.44,7.9821,26.63,54.82,59.6,49.69,0.0,85.0,2,23.25,12.45,-0.97,0.0,,8,,20260805
BIDU,"Baidu, Inc.",Communication Services,Internet Content & Information,NASDAQ,111.11,2586740,37687013376,3.8183,115.27,125.42,-1.0884,-18.62,-35.53,3.47,-15.7,0.0,22.0,4,165.3,84.64,-32.78,0.0,,8,,20260805
RNECY,Renesas Electronics Corporation,Technology,Semiconductors,PNK,11.77,886668,42708500480,0.9588,13.52,9.36,-1.825,6.11,32.54,67.14,39.77,0.0,62.5,3,16.2,5.5,-27.35,0.0,,8,,20260805
WEICF,"Weichai Power Co., Ltd.",Consumer Cyclical,Auto Manufacturers,PNK,4.29,11662,37066543104,0.2223,4.64,3.71,-1.5729,-26.91,16.55,67.8,26.19,0.0,35.0,3,5.96,1.77,-28.02,0.0,,8,,20260805
DSCSY,Disco Corporation,Technology,Semiconductor Equipment & Materials,PNK,39.68,327240,43039993856,2.6638,43.99,40.45,-1.6165,-24.07,-17.64,12.3,-7.27,0.0,20.75,4,58.0,24.94,-31.59,0.0,,8,,20260805
FITB,Fifth Third Bancorp,Financial Services,Banks - Regional,NYSE,57.6,6889477,52218601472,1.2596,54.85,48.78,2.1826,8.69,-1.27,20.43,9.9,0.0,88.75,2,59.5,40.05,-3.19,0.0,,8,,20260805
DISPF,Disco Corporation,Technology,Semiconductor Equipment & Materials,PNK,391.92,888,44448989184,33.247,437.22,206.83,-1.3626,-24.05,1572.32,3883.74,2097.8,0.0,37.5,3,573.49,268.63,-31.66,0.0,,8,,20260805
ERIC,Telefonaktiebolaget LM Ericsson (publ),Technology,Communication Equipment,NASDAQ,10.06,12348701,32998637568,0.308,11.2,10.74,-3.71,-22.31,-20.35,17.36,-5.76,0.0,19.5,4,13.77,7.37,-26.94,0.0,,8,,20260805
SWZCF,Swisscom AG,Communication Services,Telecom Services,OID,767.0,27,41226678272,6.0968,795.17,785.12,-4.6197,-17.76,-14.76,-11.18,-14.08,0.0,24.0,4,938.66,680.15,-18.29,0.0,,8,,20260805
SMMNY,Siemens Healthineers AG,Healthcare,Medical Devices,PNK,22.65,142218,50699714560,0.4672,20.12,23.05,5.4074,3.86,-21.16,-38.51,-21.85,0.0,77.0,3,28.92,19.2,-21.68,0.0,,8,,20260805
SCMWY,Swisscom AG,Communication Services,Telecom Services,OID,76.48,14219,39695978496,1.2202,79.25,78.59,-2.2666,-17.33,-15.02,-12.69,-14.66,0.0,34.0,4,94.63,68.01,-19.18,0.0,,8,,20260805
ERIXF,Telefonaktiebolaget LM Ericsson (publ),Technology,Communication Equipment,PNK,10.05,267022,32965834752,0.1323,11.37,10.82,-10.0019,-22.24,-18.35,14.99,-5.99,0.0,12.0,4,13.6,7.43,-26.1,0.0,,8,,20260805
CHPXF,"China Pacific Insurance (Group) Co., Ltd.",Financial Services,Insurance - Life,PNK,3.65,1200,64183500800,0.003,3.79,4.35,-46.7043,-19.75,-44.53,-25.44,-30.7,0.0,12.0,4,5.54,3.65,-34.12,0.0,,8,,20260805
DKILY,"Daikin Industries,Ltd.",Industrials,Building Products & Equipment,PNK,14.01,232775,38994890752,0.3818,14.85,13.33,-2.2053,-10.48,0.75,-12.65,-7.42,0.0,35.0,3,16.43,11.0,-14.73,0.0,,8,,20260805
DKILF,"Daikin Industries,Ltd.",Industrials,Building Products & Equipment,PNK,141.5,36042,39384563712,13.7956,147.86,132.63,-0.4609,-5.9,-2.2,-16.91,-9.01,0.0,77.0,3,169.56,108.76,-16.55,0.0,,8,,20260805
BAYZF,Bayer Aktiengesellschaft,Healthcare,Drug Manufacturers - General,OQX,55.66,3604,54681722880,1.0711,49.56,45.03,5.6968,17.6,-7.02,54.11,23.59,0.0,78.75,2,61.38,29.16,-9.32,0.0,,8,,20260805
IDXX,"IDEXX Laboratories, Inc.",Healthcare,Diagnostics & Research,NASDAQ,584.78,651932,46129201152,20.6122,558.6,619.64,1.2702,-2.76,-19.79,-37.67,-22.68,0.0,74.5,3,769.98,518.55,-24.05,0.0,,8,,20260805
HEINY,Heineken N.V.,Consumer Defensive,Beverages - Brewers,OQX,46.04,115257,51130871808,0.8711,42.15,40.46,4.464,13.01,-1.46,-3.15,1.48,0.0,90.0,2,47.63,37.03,-3.34,0.0,,8,,20260805
BAYRY,Bayer Aktiengesellschaft,Healthcare,Drug Manufacturers - General,OQX,14.24,1272490,55958872064,0.3595,12.42,11.22,5.076,23.18,-4.76,57.48,27.12,0.0,88.75,2,15.23,7.19,-6.5,0.0,,8,,20260805
VTR,"Ventas, Inc.",Real Estate,REIT - Healthcare Facilities,NYSE,92.53,4076611,47462928384,2.6056,88.98,82.37,1.3643,0.62,8.33,15.67,9.34,0.0,88.75,2,101.6,66.38,-8.93,0.0,,8,,20260805
ODFL,"Old Dominion Freight Line, Inc.",Industrials,Trucking,NASDAQ,215.45,1842918,44806766592,7.9137,226.68,189.05,-1.4189,3.39,1.6,26.91,12.17,0.0,72.0,3,252.03,126.01,-14.51,0.0,,8,,20260805
UNVGY,Universal Music Group N.V.,Communication Services,Entertainment,PNK,8.53,831880,31287484416,0.4146,10.43,11.4,-4.5938,-26.34,-36.91,-62.07,-44.33,0.0,16.25,4,14.87,8.15,-42.64,0.0,,8,,20260805
FNV,Franco-Nevada Corporation,Basic Materials,Gold,NYSE,226.55,843621,0,7.6203,214.85,225.47,1.5353,-5.76,-16.95,13.1,-2.13,0.0,62.5,3,285.67,165.59,-20.7,0.0,,8,,20260805
WDS,Woodside Energy Group Limited,Energy,Oil & Gas E&P,NYSE,22.02,894222,0,0.592,21.21,19.5,1.3614,-12.81,14.9,10.36,6.16,0.0,62.5,2,25.19,14.27,-12.58,0.0,,8,,20260805
WAB,Westinghouse Air Brake Technolo,Industrials,Railroads,NYSE,296.31,958655,50049974272,8.11,271.54,243.9,3.0546,5.98,13.48,35.93,20.59,0.0,86.25,2,306.64,184.26,-3.37,0.0,,8,,20260805
UMGNF,Universal Music Group N.V.,Communication Services,Entertainment,PNK,17.2,32321,31544242176,0.9121,20.91,23.12,-4.064,-27.0,-37.77,-62.4,-44.93,0.0,13.75,4,30.04,16.27,-42.74,0.0,,8,,20260805
FERG,Ferguson Enterprises Inc.,Industrials,Industrial Distribution,NYSE,255.25,1525281,49502629888,7.6573,232.0,239.11,3.0369,-5.28,-12.41,-8.28,-8.98,0.0,63.75,3,271.64,207.64,-6.03,0.0,,8,,20260805
ELEZY,"Endesa, S.A.",Utilities,Utilities - Regulated Electric,PNK,24.05,23696,49125502976,0.5467,22.03,19.67,3.6873,5.46,23.57,41.49,26.21,0.0,91.25,2,24.68,14.6,-2.55,0.0,,8,,20260805
RNECF,Renesas Electronics Corporation,Technology,Semiconductors,PNK,23.45,33009,42545213440,1.5105,26.97,18.79,-2.3277,7.2,33.96,66.72,40.38,0.0,58.75,3,31.85,10.0,-26.37,0.0,,8,,20260805
WOPEF,Woodside Energy Group Ltd,Energy,Oil & Gas E&P,PNK,22.46,1706,48138747904,0.2303,20.9,19.25,6.7779,-6.35,25.86,5.98,9.86,0.0,50.0,2,26.3,14.0,-14.6,0.0,,8,,20260805
HINKF,Heineken N.V.,Consumer Defensive,Beverages - Brewers,OQX,91.15,2244,50614456320,0.9403,84.27,81.01,7.3218,11.32,-1.19,-7.84,-0.72,0.0,77.5,2,96.2,73.3,-5.25,0.0,,8,,20260805
TTRAF,Telstra Group Limited,Communication Services,Telecom Services,PNK,3.53,2491,39321153536,0.0306,3.45,3.41,2.768,-10.46,-2.89,-13.73,-9.12,0.0,50.0,2,4.3,2.88,-17.91,0.0,,8,,20260805
MSCI,MSCI Inc.,Financial Services,Financial Data & Stock Exchanges,NYSE,571.87,719968,41574948864,18.2606,594.76,570.47,-1.2534,-7.83,-13.14,-21.95,-15.34,0.0,77.0,3,644.77,501.08,-11.31,0.0,,8,,20260805
TLGPY,Telstra Group Limited,Communication Services,Telecom Services,PNK,17.65,98101,39321149440,0.6178,17.76,17.41,-0.179,-15.65,-7.68,-11.77,-11.31,0.0,52.0,3,19.96,15.16,-11.57,0.0,,8,,20260805
CODYY,Compagnie de Saint-Gobain S.A.,Industrials,Building Products & Equipment,PNK,9.88,520149,48335548416,0.4503,14.21,17.41,-9.6101,-49.62,-62.15,-75.7,-64.44,0.0,15.0,4,23.53,8.23,-58.01,0.0,,8,,20260805
YUM,"Yum! Brands, Inc.",Consumer Cyclical,Restaurants,NYSE,152.37,2422957,41597009920,4.9679,153.46,153.34,-0.2185,-7.14,-15.33,-17.67,-14.22,0.0,35.25,4,170.14,137.33,-10.44,0.0,,8,,20260805
CODGF,Compagnie de Saint-Gobain S.A.,Industrials,Building Products & Equipment,PNK,93.49,2929,45737754624,1.7628,87.5,91.23,3.3955,2.94,-15.72,-41.28,-21.28,0.0,55.0,3,114.45,78.05,-18.31,0.0,,8,,20260805
PINXF,The People's Insurance Company (Group) of China Limited,Financial Services,Insurance - Property & Casualty,PNK,0.7,54123,30956793856,0.0072,0.56,0.62,19.7621,33.87,-13.44,9.42,7.53,0.0,75.0,3,1.0,0.63,-30.0,0.0,,8,,20260805
LZAGY,Lonza Group AG,Healthcare,Diagnostics & Research,PNK,69.51,62244,49458683904,1.3252,66.55,65.84,2.2364,5.4,-7.49,-23.17,-10.54,0.0,87.5,2,73.85,58.53,-5.88,0.0,,8,,20260805
LZAGF,Lonza Group AG,Healthcare,Diagnostics & Research,PNK,692.3,383,48353161216,39.6375,667.85,667.28,0.6168,1.81,-10.46,-26.84,-13.95,0.0,82.5,2,755.96,565.14,-8.42,0.0,,8,,20260805
STT,State Street Corporation,Financial Services,Asset Management,NYSE,187.05,2287052,51382964224,4.7005,172.8,139.65,3.032,19.8,33.23,51.46,37.17,0.0,86.25,2,192.51,104.64,-2.84,0.0,,8,,20260805
PINXY,The People's Insurance Company (Group) of China Limited,Financial Services,Insurance - Property & Casualty,PNK,11.88,101,36070383616,0.0372,12.59,14.73,-19.1957,-15.98,-40.83,-30.08,-30.32,0.0,0.0,4,20.0,11.1,-40.62,0.0,,8,,20260805
HLNCF,Haleon plc,Healthcare,Drug Manufacturers - Specialty & Generic,PNK,4.86,26822,42805555200,0.1238,4.67,4.83,1.4948,-7.29,-17.11,-20.31,-15.93,0.0,82.5,3,5.75,4.15,-15.48,0.0,,8,,20260805
ELEZF,"Endesa, S.A.",Utilities,Utilities - Regulated Electric,PNK,45.74,29,46715191296,0.0532,43.52,37.57,41.7169,9.83,19.09,32.8,22.26,0.0,75.0,2,45.74,28.35,0.0,0.0,,8,,20260805
CLS,"Celestica, Inc.",Technology,Electronic Components,NYSE,362.76,2277650,41710903296,27.5368,360.66,328.52,0.0764,-19.78,9.72,56.76,21.16,0.0,63.75,2,474.03,173.23,-23.47,0.0,,8,,20260805
CMG,"Chipotle Mexican Grill, Inc.",Consumer Cyclical,Restaurants,NYSE,34.5,19082442,43656921088,1.6415,32.94,34.84,0.949,0.15,-24.16,-42.86,-25.56,0.0,72.0,3,44.27,28.04,-22.07,0.0,,8,,20260805
TTWO,"Take-Two Interactive Software, Inc.",Communication Services,Electronic Gaming & Multimedia,NASDAQ,234.91,2541162,43923578880,7.3905,234.49,229.48,0.0568,-1.34,-1.52,-19.37,-8.61,0.0,83.75,2,265.94,187.63,-11.67,0.0,,8,,20260805
PPCCY,PICC Property and Casualty Company Limited,Financial Services,Insurance - Property & Casualty,PNK,51.5,4183,45820096512,2.2229,46.7,49.86,2.1606,14.93,-6.37,-22.2,-7.38,0.0,81.25,3,66.76,42.79,-22.86,0.0,,8,,20260805
CNSWY,"Constellation Software, Inc.",Technology,Software - Application,PNK,11.2,122858,47469027328,0.5504,10.15,11.2,1.9041,17.84,19.67,-37.21,-3.54,0.0,88.75,3,16.0,8.2,-30.0,0.0,,8,,20260805
CNSWF,Constellation Software Inc.,Technology,Software - Application,PNK,2239.05,8442,47448895488,111.762,2024.1,2071.49,1.9233,17.13,21.48,-58.5,-11.6,0.0,86.25,3,3574.0,1612.7,-37.35,0.0,,8,,20260805
CCEP,Coca-Cola Europacific Partners PLC,Consumer Defensive,Beverages - Non-Alcoholic,NASDAQ,108.58,1990445,48007376896,2.7268,101.55,94.95,2.578,10.69,6.56,-9.42,1.2,0.0,88.75,2,113.67,84.66,-4.48,0.0,,8,,20260805
SSREF,Swiss Re AG,Financial Services,Insurance - Reinsurance,PNK,169.46,552,50060894208,1.5505,157.55,164.61,7.682,-0.95,-5.39,-29.33,-13.85,0.0,76.25,3,192.25,142.15,-11.85,0.0,,8,,20260805
ANYYY,"Aena S.M.E., S.A.",Industrials,Airports & Air Services,PNK,15.49,46622,46470000640,0.3503,14.98,14.18,1.4546,8.71,-9.09,-7.15,-3.86,0.0,95.0,2,17.12,12.66,-9.52,0.0,,8,,20260805
KR,Kroger Company (The),Consumer Defensive,Grocery Stores,NYSE,56.68,7834391,0,1.7293,59.68,64.6,-1.7337,-21.49,-22.99,-42.49,-30.42,0.0,15.0,4,76.58,54.15,-25.99,0.0,,8,,20260805
SSREY,Swiss Re AG,Financial Services,Insurance - Reinsurance,PNK,42.12,62045,49841287168,0.6082,39.61,40.13,4.1302,-0.91,-1.29,-27.11,-11.52,0.0,91.25,3,48.62,36.01,-13.37,0.0,,8,,20260805
ASAZF,ASSA ABLOY AB (publ),Industrials,Security & Protection Services,PNK,39.25,5424,43597971456,0.4932,34.72,35.49,9.191,-4.55,-8.47,14.13,1.55,0.0,50.0,3,43.77,33.17,-10.34,0.0,,8,,20260805
SWDBY,Swedbank AB (publ),Financial Services,Banks - Regional,PNK,40.7,27667,45735190528,0.6345,37.49,33.85,5.0651,9.19,-0.73,40.98,18.44,0.0,92.5,2,40.74,27.28,-0.1,0.0,,8,,20260805
ASTS,"AST SpaceMobile, Inc.",Technology,Communication Equipment,NASDAQ,68.38,22194142,26539958272,6.4227,79.77,82.12,-1.7728,0.43,-53.16,9.77,-14.59,0.0,10.0,4,133.86,36.08,-48.92,0.0,,8,,20260805
SWDBF,Swedbank AB (publ),Financial Services,Banks - Regional,PNK,41.6,1422,46746529792,0.792,37.18,35.5,5.5753,10.48,-2.81,26.89,12.39,0.0,80.0,2,41.08,26.31,1.27,0.0,,8,,20260805
DNKEY,Danske Bank A/S,Financial Services,Banks - Regional,OID,29.18,64155,47098400768,0.4897,27.16,24.04,4.1247,8.73,9.86,35.0,19.64,0.0,96.25,2,29.21,20.16,-0.1,0.0,,8,,20260805
MSADF,"MS&AD Insurance Group Holdings, Inc.",Financial Services,Insurance - Property & Casualty,PNK,29.06,1106,41883295744,0.9057,28.24,25.52,0.9074,11.54,1.3,4.39,5.1,0.0,75.0,2,32.32,19.57,-10.09,0.0,,8,,20260805
ANNSF,"Aena S.M.E., S.A.",Industrials,Airports & Air Services,PNK,30.45,4542,46484471808,0.6388,29.99,29.25,0.7307,8.69,-12.73,-6.62,-4.93,0.0,90.0,2,34.42,25.56,-11.53,0.0,,8,,20260805
HLN,Haleon plc,Healthcare,Drug Manufacturers - Specialty & Generic,NYSE,9.95,10394242,43818442752,0.2173,9.47,9.71,2.2223,1.87,-16.12,-16.65,-11.84,0.0,90.0,3,11.28,8.65,-11.79,0.0,,8,,20260805
AIG,"American International Group, I",Financial Services,Insurance - Diversified,NYSE,80.12,3931027,0,1.6649,76.92,76.78,1.9191,-3.85,-2.79,-18.53,-9.35,0.0,87.5,2,87.29,71.25,-8.21,0.0,,8,,20260805
IX,ORIX Corporation,Financial Services,Financial Conglomerates,NYSE,41.31,278501,0,0.8816,39.35,32.64,2.2205,17.68,21.72,53.83,33.55,0.0,88.75,2,41.6,23.62,-0.7,0.0,,8,,20260805
DHI,"D.R. Horton, Inc.",Consumer Cyclical,Residential Construction,NYSE,151.45,2441222,42360758272,4.7454,151.3,149.56,0.0324,-2.92,-13.2,-23.36,-14.69,0.0,87.5,2,184.55,131.75,-17.94,0.0,,8,,20260805
PBCRY,PT Bank Central Asia Tbk,Financial Services,Banks - Regional,PNK,8.94,498468,43928207360,0.3195,8.35,10.01,1.849,-1.98,-29.21,-49.05,-30.34,0.0,52.5,3,14.14,6.64,-36.78,0.0,,8,,20260805
BDX,"Becton, Dickinson and Company",Healthcare,Medical Instruments & Supplies,NYSE,170.66,2632709,0,4.283,152.85,153.91,4.1591,12.58,-5.69,1.0,1.55,0.0,92.5,3,187.35,127.59,-8.91,0.0,,8,,20260805
AMP,"Ameriprise Financial, Inc.",Financial Services,Asset Management,NYSE,561.03,671695,49595056128,12.1473,488.3,474.02,5.9873,11.94,-5.35,-11.03,-3.3,0.0,93.75,2,564.3,422.37,-0.58,0.0,,8,,20260805
TSCDF,Tesco PLC,Consumer Defensive,Grocery Stores,OQX,6.63,32821,41296445440,0.1836,6.24,6.06,2.1439,-5.78,6.78,-7.36,-2.02,0.0,82.5,2,7.0,5.28,-5.29,0.0,,8,,20260805
HOCFF,HOCHTIEF Aktiengesellschaft,Industrials,Engineering & Construction,PNK,510.0,144,38375432192,12.3436,545.55,462.1,-2.8804,-13.24,5.8,103.35,40.06,0.0,31.25,3,671.55,225.0,-24.06,0.0,,8,,20260805
SLFIF,Sun Life Financial Inc.,Financial Services,Insurance - Diversified,PNK,15.75,4,0,0.0008,15.74,15.38,14.0261,-4.93,-8.91,-15.25,-10.45,0.0,75.0,2,15.91,15.35,-0.98,0.0,,8,,20260805
DNSKF,Danske Bank A/S,Financial Services,Banks - Regional,OID,54.1,103,43660439552,0.1564,52.54,50.71,9.9683,-6.58,-6.34,29.13,7.79,0.0,76.25,2,56.38,40.91,-4.04,0.0,,8,,20260805
XYZ,"Block, Inc.",Technology,Software - Infrastructure,NYSE,84.2,5789931,50114236416,2.754,76.29,67.79,2.8712,11.54,36.03,-12.7,10.42,0.0,90.0,2,86.69,48.21,-2.87,0.0,,8,,20260805
RBGPF,Reckitt Benckiser Group plc,Consumer Defensive,Household & Personal Products,OQX,69.74,1636,44290719744,0.7398,64.68,73.35,6.8384,0.09,-28.68,-30.98,-22.41,0.0,63.25,3,90.71,58.67,-23.12,0.0,,8,,20260805
SLF,Sun Life Financial Inc.,Financial Services,Insurance - Diversified,NYSE,81.87,671804,45380526080,1.2073,78.19,66.87,3.0501,6.27,17.54,13.32,13.03,0.0,90.0,2,84.38,56.22,-2.97,0.0,,8,,20260805
GMGSF,Goodman Group,Real Estate,REIT - Diversified,PNK,20.23,1863,41355939840,0.3018,20.82,20.25,-1.9756,-14.07,-15.4,-31.37,-21.46,0.0,24.0,4,23.92,16.08,-15.45,0.0,,8,,20260805
CRDO,Credo Technology Group Holding Ltd,Technology,Semiconductors,NASDAQ,224.63,8255472,41888534528,22.8567,235.57,167.47,-0.4785,9.41,89.57,72.53,62.71,0.0,69.5,3,308.67,86.48,-27.23,0.0,,8,,20260805
TEVA,Teva Pharmaceutical Industries Limited,Healthcare,Drug Manufacturers - Specialty & Generic,NYSE,34.72,5944891,40459083776,1.1987,33.32,30.94,1.1671,-9.81,-16.45,97.97,30.98,0.0,60.0,2,37.35,15.75,-7.04,0.0,,8,,20260805
TTDKY,TDK Corporation,Technology,Electronic Components,PNK,19.7,285549,37393637376,0.8697,21.72,16.87,-2.3261,2.51,28.78,36.85,25.44,0.0,58.75,3,26.73,11.92,-26.3,0.0,,8,,20260805
RBGLY,Reckitt Benckiser Group plc,Consumer Defensive,Household & Personal Products,OQX,14.43,792016,45821267968,0.31,13.15,14.51,4.1291,7.44,-23.75,-23.08,-15.69,0.0,70.75,3,17.8,12.02,-18.93,0.0,,8,,20260805
SSEZF,SSE plc,Utilities,Utilities - Diversified,PNK,31.68,4262,38210723840,0.7132,31.9,31.73,-0.3202,-20.94,-19.46,4.02,-10.44,0.0,25.25,4,38.55,21.95,-17.82,0.0,,8,,20260805
ED,"Consolidated Edison, Inc.",Utilities,Utilities - Regulated Electric,NYSE,108.32,2456514,0,2.279,109.26,105.33,-0.4145,-6.56,-9.78,-17.09,-11.9,0.0,69.5,3,116.23,94.96,-6.81,0.0,,8,,20260805
TYIDY,Toyota Industries Corporation,Industrials,Farm & Heavy Construction Machinery,PNK,127.51,5383,38312751104,1.4052,126.55,122.59,0.6796,-8.59,-9.09,-6.15,-7.79,0.0,53.75,2,136.11,105.38,-6.32,0.0,,8,,20260805
ORXCF,ORIX Corporation,Financial Services,Financial Conglomerates,PNK,41.15,10696,44945379328,1.9709,38.69,32.17,1.247,25.13,14.38,39.51,27.12,0.0,90.0,2,41.15,22.92,0.0,0.0,,8,,20260805
CCI,Crown Castle Inc.,Real Estate,REIT - Specialty,NYSE,73.84,4307059,32268079104,3.0589,82.12,85.17,-2.707,-22.79,-22.63,-51.11,-34.06,0.0,11.25,4,106.68,69.72,-30.78,0.0,,8,,20260805
ASAZY,ASSA ABLOY AB (publ),Industrials,Security & Protection Services,PNK,19.26,486619,42787102720,0.3511,17.68,18.8,4.5035,-4.73,-18.49,-6.25,-10.15,0.0,65.0,3,21.98,16.6,-12.37,0.0,,8,,20260805
NAPRF,Naspers Limited,Consumer Cyclical,Internet Retail,PNK,49.63,14,206436581376,0.1427,51.77,57.82,-15.0127,-19.44,-30.7,-109.64,-59.46,0.0,12.0,4,365.14,47.44,-86.41,0.0,,8,,20260805
ALNY,"Alnylam Pharmaceuticals, Inc.",Healthcare,Biotechnology,NASDAQ,228.72,1509062,30604822528,15.9269,283.56,345.53,-3.4432,-30.67,-47.22,-68.8,-51.71,0.0,11.25,4,495.55,197.81,-53.85,0.0,,8,,20260805
PEG,Public Service Enterprise Group Incorporated,Utilities,Utilities - Regulated Electric,NYSE,75.54,3053614,37643198464,1.601,79.35,79.84,-2.3806,-11.06,-18.06,-36.74,-23.78,0.0,56.5,4,88.65,74.69,-14.79,0.0,,8,,20260805
KDP,Keurig Dr Pepper Inc.,Consumer Defensive,Beverages - Non-Alcoholic,NASDAQ,30.75,13571411,41837203456,0.8411,31.0,28.32,-0.2936,0.45,-0.53,-27.81,-11.2,0.0,73.25,3,35.94,24.88,-14.44,0.0,,8,,20260805
WCN,"Waste Connections, Inc.",Industrials,Waste Management,NYSE,164.5,1682847,41462149120,3.9667,162.92,165.6,0.3988,-2.06,-12.9,-34.99,-19.02,0.0,74.5,3,191.0,146.89,-13.87,0.0,,8,,20260805
HSY,The Hershey Company,Consumer Defensive,Confectioners,NYSE,179.58,2064877,36082229248,4.7745,178.87,190.04,0.1479,-8.77,-21.82,-26.18,-20.3,0.0,54.5,3,239.48,161.43,-25.01,0.0,,8,,20260805
SSEZY,SSE plc,Utilities,Utilities - Diversified,PNK,31.47,329800,37962223616,0.6464,31.68,31.54,-0.3206,-15.21,-17.13,8.05,-6.58,0.0,34.0,4,37.51,21.7,-16.1,0.0,,8,,20260805
TSCDY,Tesco PLC,Consumer Defensive,Grocery Stores,OQX,19.48,454462,40445186048,0.3248,18.73,18.36,2.312,-2.93,-0.85,-5.25,-3.13,0.0,91.25,2,20.54,16.47,-5.16,0.0,,8,,20260805
MSADY,"MS&AD Insurance Group Holdings, Inc.",Financial Services,Insurance - Property & Casualty,PNK,30.21,80470,43540754432,0.6412,28.21,25.55,3.1172,12.96,4.32,14.25,10.45,0.0,91.25,2,31.39,19.85,-3.76,0.0,,8,,20260805
CHHQF,China Hongqiao Group Limited,Basic Materials,Aluminum,PNK,3.07,11777,30710167552,0.2153,3.11,2.72,-0.2031,8.81,-5.81,76.23,30.66,0.0,73.25,3,5.19,2.42,-40.92,0.0,,8,,20260805
YZOFF,Yangtze Optical Fibre And Cable Joint Stock Limited Company,Technology,Communication Equipment,PNK,22.76,92,18706558976,0.2146,27.72,11.43,-23.1095,-23.63,2131.61,2117.68,1587.23,0.0,25.0,3,34.3,1.03,-33.64,0.0,,8,,20260805
RKT,"Rocket Companies, Inc.",Financial Services,Mortgage Finance,NYSE,13.86,29887529,0,0.7706,14.0,16.48,-0.1793,-8.26,-44.12,-41.2,-33.99,0.0,22.0,4,24.36,12.17,-43.1,0.0,,8,,20260805
PYPL,"PayPal Holdings, Inc.",Financial Services,Credit Services,NASDAQ,57.93,17142562,49556848640,1.6474,47.85,51.75,6.1164,18.39,27.57,-37.4,-0.71,0.0,92.5,3,79.22,38.46,-26.87,0.0,,8,,20260805
NPSNY,Naspers Limited,Consumer Cyclical,Internet Retail,PNK,10.9,174003,40911974400,0.3144,10.32,11.73,1.8295,-4.76,-23.04,-35.59,-23.49,0.0,49.5,3,15.15,9.33,-28.06,0.0,,8,,20260805
TTDKF,TDK Corporation,Technology,Electronic Components,PNK,19.95,32293,37868175360,1.3896,21.66,3.5,-1.2275,3.59,-340.44,2401.67,842.41,0.0,60.0,3,27.78,10.75,-28.19,0.0,,8,,20260805
OTSKY,"Otsuka Holdings Co., Ltd.",Healthcare,Drug Manufacturers - General,PNK,37.51,43908,39415013376,0.959,34.26,32.02,3.3896,-1.41,13.55,26.07,14.82,0.0,58.75,2,37.7,25.3,-0.5,0.0,,8,,20260805
LYV,"Live Nation Entertainment, Inc.",Communication Services,Entertainment,NYSE,183.52,2544426,42752729088,5.1423,175.54,156.54,1.5524,10.07,17.61,-2.01,7.88,0.0,87.5,2,188.0,125.34,-2.38,0.0,,8,,20260805
JDCMF,"JD.com, Inc.",Consumer Cyclical,Internet Retail,PNK,15.41,945,42100056064,0.5391,14.22,14.52,2.2123,-6.31,-4.48,-29.11,-14.79,0.0,50.0,3,19.86,12.5,-22.4,0.0,,8,,20260805
JBL,Jabil Inc.,Technology,Electronic Components,NYSE,338.62,1342431,35483004928,17.2039,346.43,279.99,-0.4542,-6.21,25.7,29.22,19.13,0.0,50.75,3,428.93,189.6,-21.05,0.0,,8,,20260805
CBRE,"CBRE Group, Inc.",Real Estate,Real Estate Services,NYSE,151.16,2253183,43772203008,4.567,136.95,147.91,3.1122,-0.61,-19.7,-26.43,-17.62,0.0,90.0,3,174.27,121.69,-13.26,0.0,,8,,20260805
DCNSF,"Daiichi Life Group, Inc.",Financial Services,Insurance - Life,PNK,10.78,880,38826258432,0.008,10.65,9.31,16.6144,12.07,9.25,27.56,17.28,0.0,75.0,2,11.33,6.82,-4.85,0.0,,8,,20260805
ACSAF,"ACS, Actividades de Construcción y Servicios, S.A.",Industrials,Engineering & Construction,PNK,136.5,37,36226932736,0.2684,140.74,117.84,-15.7865,-12.51,14.42,79.21,33.6,0.0,37.0,3,160.45,66.7,-14.93,0.0,,8,,20260805
PBCRF,PT Bank Central Asia Tbk,Financial Services,Banks - Regional,PNK,0.35,34554,43363135488,0.0103,0.33,0.4,2.518,-13.32,-28.45,-50.17,-33.36,0.0,50.0,3,0.55,0.27,-35.35,0.0,,8,,20260805
ACSAY,"ACS, Actividades de Construcción y Servicios, S.A.",Industrials,Engineering & Construction,PNK,25.3,41506,33572945920,0.7526,27.89,24.32,-3.437,-25.78,-1.12,61.09,17.6,0.0,33.75,3,33.14,13.81,-23.66,0.0,,8,,20260805
DLICY,"Daiichi Life Group, Inc.",Financial Services,Insurance - Life,PNK,24.16,62485,43508461568,0.5742,22.33,18.66,3.1929,26.92,22.29,26.01,24.93,0.0,90.0,2,24.32,11.15,-0.66,0.0,,8,,20260805
PUK,Prudential Public Limited Compa,Financial Services,Insurance - Life,NYSE,27.95,1117849,34756210688,0.7704,27.97,29.35,-0.0231,-14.21,-27.7,-10.81,-17.57,0.0,36.5,4,34.03,24.61,-17.87,0.0,,8,,20260805
TRI,Thomson Reuters Corporation,Industrials,Specialty Business Services,NASDAQ,98.61,2124693,43047096320,6.0483,88.56,104.56,1.6614,-2.55,-1.68,-73.05,-30.44,0.0,79.5,3,203.43,76.28,-51.53,0.0,,8,,20260805
EQBBF,EQT AB (publ),Financial Services,Asset Management,PNK,32.5,1276,37983817728,0.3795,31.09,30.67,3.7159,2.47,-19.94,-16.21,-12.85,0.0,77.5,2,40.46,25.91,-19.68,0.0,,8,,20260805
EME,"EMCOR Group, Inc.",Industrials,Engineering & Construction,NYSE,822.16,444159,36265394176,36.6572,800.56,746.49,0.5892,-18.49,-1.69,7.61,-2.17,0.0,58.75,2,951.96,564.92,-13.64,0.0,,8,,20260805
JD,"JD.com, Inc.",Consumer Cyclical,Internet Retail,NASDAQ,32.54,9345096,0,0.6898,28.91,28.84,5.2567,3.0,7.95,-16.74,-3.16,0.0,62.5,3,36.86,24.51,-11.72,0.0,,8,,20260805
IRM,Iron Mountain Incorporated,Real Estate,REIT - Specialty,NYSE,127.13,1717157,37824311296,4.9104,125.01,106.21,0.4315,-9.44,33.4,15.4,15.49,0.0,65.0,2,134.68,77.77,-5.61,0.0,,8,,20260805
VIK,Viking Holdings Ltd,Consumer Cyclical,Travel Services,NYSE,108.26,2940778,48300969984,3.0987,97.96,78.57,3.3256,25.86,34.44,60.61,42.77,0.0,88.75,2,110.09,55.55,-1.66,0.0,,8,,20260805
KB,KB Financial Group Inc.,Financial Services,Banks - Regional,NYSE,120.68,290922,42371485696,3.6964,110.91,100.17,2.6444,4.1,15.55,31.1,18.91,0.0,83.75,2,125.62,76.31,-3.93,0.0,,8,,20260805
CBOE,"Cboe Global Markets, Inc.",Financial Services,Financial Data & Stock Exchanges,BTS,284.76,1482314,29737777152,12.1312,280.29,279.0,0.3684,-23.67,-5.76,-9.29,-11.65,0.0,65.0,2,371.18,227.15,-23.28,0.0,,8,,20260805
JPPHY,"Japan Post Holdings Co., Ltd.",Financial Services,Banks - Regional,PNK,13.07,2458,36678561792,1.2333,14.43,12.04,-1.1046,-3.07,11.0,25.47,13.27,0.0,53.75,3,18.48,8.88,-29.27,0.0,,8,,20260805
ADM,Archer-Daniels-Midland Company,Consumer Defensive,Farm Products,NYSE,77.58,3665242,0,2.4176,80.25,69.25,-1.1056,-8.02,4.52,23.9,9.14,0.0,73.25,3,88.46,55.58,-12.3,0.0,,8,,20260805
FRFFF,Fairfax Financial Holdings Limited,Financial Services,Insurance - Property & Casualty,PNK,17.78,549,486784459,0.007,17.94,17.88,-22.0115,-9.35,-12.54,-20.89,-15.08,0.0,24.0,4,18.94,17.78,-6.11,0.0,,8,,20260805
FRFHF,Fairfax Financial Holdings Limited,Financial Services,Insurance - Property & Casualty,PNK,1727.0,9867,35868278784,60.5219,1639.31,1693.29,1.4489,-2.29,-7.15,-24.85,-13.01,0.0,87.5,3,1949.0,1500.0,-11.39,0.0,,8,,20260805
HIG,"The Hartford Insurance Group, Inc.",Financial Services,Insurance - Diversified,NYSE,143.6,1780696,39365185536,3.0491,135.0,134.14,2.8205,0.92,-7.57,-7.55,-5.44,0.0,92.5,2,146.07,120.33,-1.69,0.0,,8,,20260805
ADRNY,Koninklijke Ahold Delhaize N.V.,Consumer Defensive,Grocery Stores,OQX,39.75,151055,35045986304,0.7441,40.64,42.47,-1.1915,-19.79,-11.1,-22.26,-17.73,0.0,37.75,4,50.02,32.25,-20.53,0.0,,8,,20260805
PWCDF,Power Corporation of Canada,Financial Services,Insurance - Life,PNK,68.05,199275,42883993600,2.1818,62.87,53.29,2.3748,14.45,26.65,42.58,29.97,0.0,83.75,2,70.74,39.22,-3.8,0.0,,8,,20260805
HLBZF,Heidelberg Materials AG,Basic Materials,Building Materials,PNK,190.76,1352,33535969280,12.4443,201.53,224.5,-0.8655,-17.3,-40.97,-40.6,-34.91,0.0,10.0,4,299.59,178.09,-36.33,0.0,,8,,20260805
CHHQY,China Hongqiao Group Limited,Basic Materials,Aluminum,PNK,31.09,297,30528507904,0.4621,31.2,38.2,-0.2397,-27.42,-33.33,2.1,-17.68,0.0,12.0,4,52.35,25.65,-40.61,0.0,,8,,20260805
AHODF,Koninklijke Ahold Delhaize N.V.,Consumer Defensive,Grocery Stores,OQX,41.25,257,36368478208,0.7042,40.85,42.19,0.5646,-14.8,-4.41,-18.15,-12.51,0.0,38.25,3,49.8,37.3,-17.17,0.0,,8,,20260805
HUM,Humana Inc.,Healthcare,Healthcare Plans,NYSE,363.82,1568814,43687616512,15.3876,370.98,265.46,-0.4656,45.62,77.66,25.9,48.94,0.0,73.25,3,428.88,163.11,-15.17,0.0,,8,,20260805
UI,Ubiquiti Inc.,Technology,Communication Equipment,NYSE,569.12,124014,34444328960,21.4395,555.43,668.17,0.6386,-50.48,-12.0,7.36,-13.88,0.0,38.75,3,1099.99,380.0,-48.26,0.0,,8,,20260805
WEC,"WEC Energy Group, Inc.",Utilities,Utilities - Regulated Electric,NYSE,108.26,2114418,35276455936,2.1958,113.49,111.25,-2.3823,-11.87,-14.15,-22.74,-17.02,0.0,46.0,1,119.91,102.95,-9.72,0.0,,8,,20260805
BLMIF,Bank Leumi le-Israel B.M.,Financial Services,Banks - Regional,PNK,23.5,121,34582560768,0.1712,23.22,23.47,1.6227,-17.32,-16.75,-2.21,-11.07,0.0,51.25,3,27.0,17.35,-12.96,0.0,,8,,20260805
SVKEF,Skandinaviska Enskilda Banken AB (publ),Financial Services,Banks - Regional,PNK,20.88,206,40670187520,0.046,20.31,20.18,12.3179,-0.57,-14.84,-6.26,-7.84,0.0,75.0,2,22.53,17.52,-7.32,0.0,,8,,20260805
TKO,"TKO Group Holdings, Inc.",Communication Services,Entertainment,NYSE,183.07,1425198,34649608192,5.9793,193.96,195.51,-1.8217,-8.32,-21.39,-11.15,-14.03,0.0,22.0,4,226.94,152.29,-19.33,0.0,,8,,20260805
SYY,Sysco Corporation,Consumer Defensive,Food Distribution,NYSE,84.21,3480883,40314720256,2.18,80.44,77.7,1.7292,9.74,-11.3,-14.34,-7.26,0.0,87.5,2,91.85,68.19,-8.32,0.0,,8,,20260805
PSZKF,Powszechna Kasa Oszczednosci Bank Polski Spólka Akcyjna,Financial Services,Banks - Regional,PNK,28.2,1259,36687499264,0.7545,23.4,20.74,6.366,31.28,16.21,37.12,28.34,0.0,77.5,2,31.7,18.31,-11.04,0.0,,8,,20260805
PCG,PG&E Corporation,Utilities,Utilities - Regulated Electric,NYSE,17.2,19661801,37880713216,0.462,17.03,16.64,0.3612,-1.0,0.54,-7.74,-3.16,0.0,88.75,2,19.16,14.3,-10.23,0.0,,8,,20260805
EQT,EQT Corporation,Energy,Oil & Gas E&P,NYSE,51.23,7332675,32045185024,1.4605,52.21,56.18,-0.6707,-19.14,-19.57,-23.39,-20.99,0.0,35.25,4,68.24,47.94,-24.93,0.0,,8,,20260805
PRU,"Prudential Financial, Inc.",Financial Services,Insurance - Life,NYSE,120.16,1875103,0,2.8756,111.7,104.26,2.9418,14.84,2.95,1.22,5.23,0.0,87.5,2,127.72,91.89,-5.92,0.0,,8,,20260805
FJTSF,Fujitsu Limited,Technology,Information Technology Services,PNK,23.7,35386,41134948352,2.0544,20.76,23.7,1.4334,17.96,-32.22,-30.28,-18.9,0.0,86.25,3,30.96,17.36,-23.45,0.0,,8,,20260805
FJTSY,Fujitsu Limited,Technology,Information Technology Services,PNK,22.03,411852,38236409856,0.7848,21.01,23.58,1.2994,5.82,-33.58,-29.05,-21.92,0.0,75.75,3,30.05,19.1,-26.69,0.0,,8,,20260805
SDZNY,Sandoz Group AG,Healthcare,Drug Manufacturers - Specialty & Generic,OQX,84.34,28827,36587704320,2.4157,83.28,78.02,0.4398,-6.57,-2.62,25.65,7.7,0.0,60.0,2,94.15,55.42,-10.42,0.0,,8,,20260805
CCL,Carnival Corporation Ltd.,Consumer Cyclical,Travel Services,NYSE,29.67,24462096,40637489152,1.0532,27.81,27.79,1.7636,9.21,-18.34,-22.41,-13.08,0.0,90.0,2,34.03,23.45,-12.81,0.0,,8,,20260805
ESLT,Elbit Systems Ltd.,Industrials,Aerospace & Defense,NASDAQ,864.26,103959,40491597824,25.477,799.77,719.26,2.5312,-4.97,8.09,53.98,23.18,0.0,65.0,2,1016.06,432.85,-14.94,0.0,,8,,20260805
ADYYF,Adyen N.V.,Technology,Software - Infrastructure,PNK,1100.0,706,34690359296,67.1272,986.97,1260.59,1.6838,-7.44,-33.13,-58.58,-36.89,0.0,35.0,3,1834.49,880.0,-40.04,0.0,,8,,20260805
FINMF,Leonardo S.p.a.,Industrials,Aerospace & Defense,PNK,66.05,4349,38103314432,2.534,59.87,62.97,2.4396,0.95,-15.34,-6.56,-7.75,0.0,63.75,3,75.88,50.5,-12.95,0.0,,8,,20260805
HDLMY,HEIDELBERG MATERIALS AG,Basic Materials,Building Materials,PNK,37.74,104649,33173821440,0.9875,40.17,45.38,-2.4613,-19.21,-43.21,-40.3,-36.05,0.0,15.0,4,57.79,36.15,-34.69,0.0,,8,,20260805
VODPF,Vodafone Group Public Limited Company,Communication Services,Telecom Services,PNK,1.65,27204,38131539968,0.0323,1.5,1.41,4.6759,-9.49,3.08,21.88,7.46,0.0,51.25,2,1.81,1.05,-8.84,0.0,,8,,20260805
DTRUY,Daimler Truck Holding AG,Industrials,Farm & Heavy Construction Machinery,PNK,27.79,52921,42481848320,0.6024,24.84,22.98,4.8999,7.85,0.17,6.43,4.59,0.0,91.25,2,28.73,19.43,-3.27,0.0,,8,,20260805
WEGZY,WEG S.A.,Industrials,Electrical Equipment & Parts,OID,9.62,78031,40363880448,0.3944,8.83,8.98,2.0119,2.32,-18.42,20.26,2.24,0.0,88.75,3,10.8,6.4,-10.95,0.0,,8,,20260805
PUKPF,Prudential plc,Financial Services,Insurance - Life,PNK,13.67,516,33997666304,0.0721,13.08,13.82,8.2313,-22.8,-0.4,-14.16,-11.5,0.0,37.0,3,16.1,11.85,-15.09,0.0,,8,,20260805
IBIDF,"Ibiden Co.,Ltd.",Technology,Electronic Components,PNK,98.4,1228,27499696128,4.6534,122.03,62.71,-5.0776,5.86,222.57,1193.13,556.62,0.0,55.0,3,153.47,21.5,-35.88,0.0,,8,,20260805
HEI,Heico Corporation,Industrials,Aerospace & Defense,NYSE,366.8,617167,0,9.974,343.23,318.64,2.3632,25.68,-2.48,-14.57,-0.28,0.0,87.5,2,371.45,256.11,-1.25,0.0,,8,,20260805
RSTRF,Restaurant Brands International Limited Partnership,Consumer Cyclical,Restaurants,PNK,72.33,21,24274227200,0.0724,74.55,72.53,-30.6858,-18.45,-3.38,-21.9,-14.55,0.0,24.0,4,86.0,65.42,-15.9,0.0,,8,,20260805
DTGHF,Daimler Truck Holding AG,Industrials,Farm & Heavy Construction Machinery,PNK,51.36,181,39256346624,0.3698,48.26,45.33,8.3947,-0.73,-0.66,-8.55,-3.84,0.0,75.0,2,52.1,38.89,-1.42,0.0,,8,,20260805
KMTUY,Komatsu Ltd.,Industrials,Farm & Heavy Construction Machinery,PNK,45.15,154883,40251478016,1.4292,40.97,39.44,2.9241,1.59,-10.77,14.3,2.35,0.0,60.0,2,52.74,30.65,-14.39,0.0,,8,,20260805
DLMAY,"Dollarama, Inc.",Consumer Defensive,Discount Stores,PNK,13.11,526,35499143168,0.7107,13.57,13.26,-0.6423,-1.05,1.15,-16.29,-6.38,0.0,51.5,1,19.02,10.0,-31.07,0.0,,8,,20260805
IFCZF,Intact Financial Corporation,Financial Services,Insurance - Property & Casualty,PNK,201.32,22531,35502624768,5.6642,202.76,193.48,-0.2543,-0.61,-3.47,-23.42,-10.74,0.0,77.0,3,226.09,174.43,-10.96,0.0,,8,,20260805
BKHPF,Bank Hapoalim B.M.,Financial Services,Banks - Regional,PNK,23.0,19,30081501184,0.0588,25.12,23.1,-36.0478,-17.57,-14.34,16.33,-2.88,0.0,12.0,4,26.95,18.28,-14.66,0.0,,8,,20260805
CKHUY,CK Hutchison Holdings Limited,Industrials,Conglomerates,PNK,9.31,230755,35657715712,0.1531,8.8,7.8,3.3369,4.0,5.42,26.49,13.49,0.0,81.25,2,9.39,6.3,-0.85,0.0,,8,,20260805
TEVJF,Teva Pharmaceutical Industries Limited,Healthcare,Drug Manufacturers - Specialty & Generic,PNK,28.4,13,33094410240,0.2164,30.58,28.05,-10.0782,-10.41,-11.37,77.42,24.39,0.0,50.0,3,37.0,14.0,-23.24,0.0,,8,,20260805
HNDAF,"Honda Motor Co., Ltd.",Consumer Cyclical,Auto Manufacturers,PNK,10.5,122014,40872091648,0.3321,9.15,9.49,4.0762,24.62,-11.47,-18.67,-5.33,0.0,78.75,3,11.95,7.74,-12.13,0.0,,8,,20260805
ADYEY,Adyen N.V.,Technology,Software - Infrastructure,PNK,10.84,2218670,34185773056,0.341,9.82,12.61,2.9921,-10.79,-33.68,-58.83,-38.02,0.0,37.5,3,18.34,8.93,-40.89,0.0,,8,,20260805
ONC,BeOne Medicines AG,Healthcare,Biotechnology,NASDAQ,327.53,317063,33981636608,9.0533,295.22,314.06,3.5685,3.47,-17.68,-15.68,-11.59,0.0,86.25,3,385.22,253.95,-14.98,0.0,,8,,20260805
DLMAF,Dollarama Inc.,Consumer Defensive,Discount Stores,PNK,137.4,22906,37205053440,1.6075,132.23,135.29,3.215,1.47,-12.02,-24.23,-13.53,0.0,80.0,3,160.86,112.41,-14.58,0.0,,8,,20260805
NECPY,NEC Corp.,Technology,Information Technology Services,PNK,16.05,4946,1781,0.5898,13.44,15.15,4.4275,16.83,-26.8,-25.41,-15.34,0.0,82.5,3,20.65,10.78,-22.28,0.0,,8,,20260805
NIPNF,NEC Corporation,Technology,Information Technology Services,PNK,31.55,18696,41846153216,1.1378,26.48,30.19,4.4543,7.44,-26.49,-12.78,-12.52,0.0,81.25,3,41.0,21.65,-23.05,0.0,,8,,20260805
AMKBF,A.P. Møller - Mærsk A/S,Industrials,Marine Shipping,PNK,2600.0,34,37542187008,29.4451,2586.3,2347.78,0.4654,-0.51,0.22,11.86,4.69,0.0,75.0,2,2852.76,1838.5,-8.86,0.0,,8,,20260805
FINMY,Leonardo S.p.a.,Industrials,Aerospace & Defense,PNK,33.09,66829,38178308096,0.8106,29.59,30.74,4.3125,1.27,-11.41,-0.6,-3.92,0.0,91.25,3,37.51,25.59,-11.78,0.0,,8,,20260805
GFIOF,Gold Fields Limited,Basic Materials,Gold,PNK,32.1,60,28710834176,0.1443,35.58,34.35,-24.0889,-31.06,-4.73,147.83,49.71,0.0,12.0,4,61.4,25.38,-47.72,0.0,,8,,20260805
PSZKY,Powszechna Kasa Oszczednosci Bank Polski Spólka Akcyjna,Financial Services,Banks - Regional,PNK,30.11,46237,37637500928,2.3585,28.81,25.41,0.5515,9.94,-3.34,21.67,9.98,0.0,92.5,2,33.92,17.64,-11.23,0.0,,8,,20260805
BKHYY,Bank Hapoalim B.M.,Financial Services,Banks - Regional,PNK,124.67,25965,32610963456,4.4271,119.1,120.13,1.2579,-15.47,-12.94,9.75,-4.49,0.0,62.5,3,146.0,87.76,-14.61,0.0,,8,,20260805
PAYX,"Paychex, Inc.",Technology,Software - Application,NASDAQ,118.27,3455575,42066608128,3.8913,104.57,101.03,3.521,23.73,12.36,-34.75,-3.65,0.0,91.25,2,141.89,85.45,-16.65,0.0,,8,,20260805
BBDO,Banco Bradesco S.A.,Financial Services,Banks - Regional,NYSE,3.2,85878,34792603648,0.1174,3.05,3.12,1.3172,-13.26,-21.78,12.53,-5.93,0.0,77.0,3,3.8,2.45,-15.79,0.0,,8,,20260805
BBD,Banco Bradesco S.A.,Financial Services,Banks - Regional,NYSE,3.48,31288639,37836955648,0.0939,3.46,3.53,0.2153,-13.93,-24.42,5.89,-9.68,0.0,73.25,3,4.3,2.83,-19.07,0.0,,8,,20260805
HAL,Halliburton Company,Energy,Oil & Gas Equipment & Services,NYSE,31.82,11978672,26582355968,1.0623,35.6,33.68,-3.5564,-30.04,-17.43,26.93,-2.84,0.0,20.75,4,43.59,20.39,-27.0,0.0,,8,,20260805
STLD,"Steel Dynamics, Inc.",Basic Materials,Steel,NASDAQ,265.96,1210601,38119538688,9.1117,249.94,199.49,1.7586,5.62,26.35,98.46,50.01,0.0,90.0,2,288.74,119.89,-7.89,0.0,,8,,20260805
GFI,Gold Fields Limited,Basic Materials,Gold,NYSE,37.29,3620950,0,1.5391,35.04,42.57,1.4618,-17.32,-39.12,12.29,-13.1,0.0,38.75,3,61.64,29.24,-39.5,0.0,,8,,20260805
RBLX,Roblox Corporation,Communication Services,Electronic Gaming & Multimedia,NYSE,36.19,11674745,25853263872,3.5037,48.37,68.4,-3.4765,-24.46,-56.9,-95.62,-64.28,0.0,35.0,4,142.0,33.88,-74.51,0.0,,8,,20260805
PPRUY,Kering SA,Consumer Cyclical,Luxury Goods,PNK,32.8,336822,40218820608,1.2837,29.57,31.56,2.5155,17.39,-3.94,9.54,6.79,0.0,90.0,3,40.7,24.27,-19.41,0.0,,8,,20260805
VOD,Vodafone Group Public Limited Company,Communication Services,Telecom Services,NASDAQ,15.31,4056977,35381452800,0.4232,14.74,13.98,1.3422,-7.55,-9.96,21.02,3.03,0.0,83.75,2,16.61,11.0,-7.83,0.0,,8,,20260805
QSR,Restaurant Brands International,Consumer Cyclical,Restaurants,NYSE,74.49,3254996,0,1.6834,73.57,71.29,0.5485,-14.59,1.38,-11.6,-7.81,0.0,61.25,2,81.96,61.33,-9.11,0.0,,8,,20260805
VG,"Venture Global, Inc.",Energy,Oil & Gas Midstream,NYSE,12.43,15964604,30880573440,0.7553,12.46,10.75,-0.0351,-11.03,19.25,-39.49,-11.82,0.0,74.5,3,17.62,5.72,-29.46,0.0,,8,,20260805
PPRUF,Kering SA,Consumer Cyclical,Luxury Goods,PNK,312.91,90,38368509952,11.7158,296.73,318.6,1.3807,9.36,-9.01,2.12,0.03,0.0,65.75,3,416.28,239.87,-24.83,0.0,,8,,20260805
AMKBY,A.P. Møller - Mærsk A/S,Industrials,Marine Shipping,PNK,12.89,97101,37224521728,0.3041,12.7,11.69,0.6176,0.16,-3.81,9.93,2.68,0.0,85.0,2,14.32,9.23,-9.99,0.0,,8,,20260805
SHLAF,Schindler Holding AG,Industrials,Specialty Industrial Machinery,PNK,337.01,91,34016040960,6.4968,336.79,353.15,0.0344,-11.03,-18.31,-37.07,-24.0,0.0,39.5,3,410.62,300.0,-17.93,0.0,,8,,20260805
SHNDY,Schindler Holding AG,Industrials,Specialty Industrial Machinery,PNK,15.59,10063,33281740800,0.4559,15.81,15.59,-0.4958,-13.47,-27.11,-27.93,-24.03,0.0,44.5,3,20.95,14.38,-25.61,0.0,,8,,20260805
DNNGY,Ørsted A/S,Utilities,Utilities - Renewable,PNK,7.02,110540,27821844480,0.1876,7.73,7.56,-3.7602,-26.5,-18.13,-79.19,-44.65,0.0,22.0,4,33.02,5.75,-78.74,0.0,,8,,20260805
HMC,"Honda Motor Company, Ltd.",Consumer Cyclical,Auto Manufacturers,NYSE,30.6,1803163,0,0.7196,27.74,28.18,3.9754,20.02,-12.17,-26.81,-9.98,0.0,86.25,3,34.89,23.25,-12.3,0.0,,8,,20260805
KMTUF,Komatsu Ltd.,Industrials,Farm & Heavy Construction Machinery,PNK,45.0,11057,40117747712,2.7358,40.66,39.51,1.5858,-3.0,-0.26,16.45,5.74,0.0,66.25,2,52.83,30.15,-14.82,0.0,,8,,20260805
DOGEF,Ørsted A/S,Unknown,Unknown,PNK,21.5,2039,417597554688,0.7129,23.42,22.55,-2.6898,-27.38,-18.8,-76.65,-44.08,0.0,17.0,4,50.28,16.34,-57.24,0.0,,8,,20260805
CSLLY,CSL Limited,Healthcare,Biotechnology,OQX,23.05,462293,44155682816,0.667,19.91,25.16,4.7064,-3.64,-38.17,-69.47,-42.06,0.0,78.25,3,44.77,16.01,-48.52,0.0,,8,,20260805
CKHUF,CK Hutchison Holdings Limited,Industrials,Conglomerates,PNK,9.4,7503,36002414592,0.101,8.77,7.76,6.2642,14.07,9.28,16.66,13.43,0.0,76.25,2,9.4,5.96,-0.0,0.0,,8,,20260805
ZTS,Zoetis Inc.,Healthcare,Drug Manufacturers - Specialty & Generic,NYSE,74.39,7672752,0,2.4839,76.52,108.21,-0.8565,-40.07,-50.77,-73.37,-57.14,0.0,22.0,4,160.48,71.47,-53.65,0.0,,8,,20260805
TRAUF,Transurban Group,Industrials,Infrastructure Operations,PNK,9.54,616,29766553600,0.2331,10.35,9.96,-3.4783,-8.43,-10.45,-22.41,-14.73,0.0,13.25,4,11.3,8.67,-15.58,0.0,,8,,20260805
IBIDY,"Ibiden Co.,Ltd.",Technology,Electronic Components,PNK,36.31,27315,40590000128,3.3858,31.45,18.1,1.4343,50.55,218.51,564.36,314.86,0.0,90.0,2,43.05,5.31,-15.66,0.0,,8,,20260805
ALC,Alcon Inc.,Healthcare,Medical Instruments & Supplies,NYSE,70.57,2326240,34416988160,1.4859,67.45,74.51,2.0991,-11.84,-20.53,-42.56,-27.17,0.0,77.0,3,90.41,61.84,-21.94,0.0,,8,,20260805
VMC,Vulcan Materials Company,Basic Materials,Building Materials,NYSE,286.77,1181385,37159292928,9.1489,288.04,289.41,-0.1391,-8.06,-19.67,-20.83,-17.23,0.0,59.0,4,331.09,252.35,-13.39,0.0,,8,,20260805
HVRRY,Hannover Rück SE,Financial Services,Insurance - Reinsurance,PNK,47.96,32131,34702336000,0.6743,46.21,47.16,2.6023,-5.53,-6.89,-27.21,-14.68,0.0,92.5,3,55.72,43.0,-13.93,0.0,,8,,20260805
GVDNY,Givaudan SA,Basic Materials,Specialty Chemicals,PNK,84.3,30195,38910001152,1.6997,80.4,76.86,2.2965,13.73,1.53,-20.83,-4.36,0.0,90.0,2,90.69,65.97,-7.05,0.0,,8,,20260805
KGC,Kinross Gold Corporation,Basic Materials,Gold,NYSE,25.7,8147000,30486388736,1.0981,25.13,28.8,0.5223,-17.3,-34.85,26.21,-6.04,0.0,36.25,3,39.11,18.09,-34.29,0.0,,8,,20260805
NTR,Nutrien Ltd.,Basic Materials,Agricultural Inputs,NYSE,66.92,2781452,32123174912,1.8576,66.13,66.32,0.4256,-19.21,-15.63,-8.15,-13.53,0.0,63.75,3,85.36,53.03,-21.6,0.0,,8,,20260805
NHOLF,"Sompo Holdings, Inc.",Financial Services,Insurance - Property & Casualty,PNK,43.24,75,38514155520,0.3735,38.0,34.53,14.0378,15.96,23.59,27.42,23.21,0.0,75.0,2,43.24,28.75,0.0,0.0,,8,,20260805
AMKAF,A.P. Møller - Mærsk A/S,Industrials,Marine Shipping,PNK,2541.56,50,36698353664,19.4967,2474.01,2338.66,3.4645,-3.5,-9.42,4.49,-2.37,0.0,75.0,2,2755.66,1851.79,-7.77,0.0,,8,,20260805
KVUE,Kenvue Inc.,Consumer Defensive,Household & Personal Products,NYSE,19.67,21130967,37766569984,0.5069,18.65,17.34,2.0182,7.97,2.24,-30.51,-9.43,0.0,91.25,2,21.96,14.02,-10.43,0.0,,8,,20260805
ACGLN,Arch Capital Group Ltd.,Financial Services,Insurance - Diversified,NASDAQ,16.3,50937,0,0.1505,16.18,16.55,0.8292,-9.63,-16.35,-23.31,-17.45,0.0,52.0,3,18.34,15.65,-11.12,0.0,,8,,20260805
ACGLO,Arch Capital Group Ltd.,Financial Services,Insurance - Diversified,NASDAQ,19.41,32040,7821046083,0.1457,19.25,19.82,1.0749,-8.87,-16.89,-24.12,-17.78,0.0,54.5,3,22.2,18.71,-12.57,0.0,,8,,20260805
ACGL,Arch Capital Group Ltd.,Financial Services,Insurance - Diversified,NASDAQ,99.09,2254127,33789687808,2.5554,96.71,94.93,0.9318,-1.37,-9.89,-11.36,-8.35,0.0,87.5,2,107.09,82.45,-7.47,0.0,,8,,20260805
CHT,"Chunghwa Telecom Co., Ltd.",Communication Services,Telecom Services,NYSE,42.02,157424,32596789248,0.5708,42.77,41.37,-1.3094,-5.31,-7.84,-23.32,-13.4,0.0,70.75,3,46.48,39.28,-9.6,0.0,,8,,20260805
WAT,Waters Corporation,Healthcare,Diagnostics & Research,NYSE,400.0,984244,39274340352,13.1711,370.94,355.24,2.2065,10.07,-6.68,16.75,6.88,0.0,88.75,2,414.15,275.05,-3.42,0.0,,8,,20260805
MLYBY,Malayan Banking Berhad,Financial Services,Banks - Regional,PNK,5.38,3926,32537108480,0.3734,5.35,5.54,0.0782,-18.04,-12.48,5.03,-6.87,0.0,47.0,3,8.1,4.08,-33.58,0.0,,8,,20260805
SHLRF,Schindler Holding AG,Industrials,Specialty Industrial Machinery,PNK,287.49,26,32105248768,1.1412,309.41,333.82,-19.2046,-24.65,-33.81,-44.33,-35.73,0.0,0.0,4,386.27,287.49,-25.57,0.0,,8,,20260805
CMXHF,CSL Limited,Healthcare,Biotechnology,OQX,90.28,2852,43236171776,1.6857,78.66,100.22,6.893,-8.65,-37.94,-74.2,-45.12,0.0,65.75,3,179.0,63.84,-49.56,0.0,,8,,20260805
GASNY,"Naturgy Energy Group, S.A.",Utilities,Utilities - Regulated Gas,PNK,6.64,101849,30981273600,0.179,6.44,6.02,1.1218,2.52,-0.89,-10.65,-3.94,0.0,90.0,2,6.97,5.61,-4.73,0.0,,8,,20260805
DNZOF,DENSO Corporation,Consumer Cyclical,Auto Parts,PNK,12.55,10265,31463323648,1.5855,12.23,13.1,0.2028,-9.19,-24.37,-35.79,-25.15,0.0,69.5,3,16.5,10.25,-23.94,0.0,,8,,20260805
TRPCF,Trip.com Group Limited,Consumer Cyclical,Travel Services,PNK,45.16,56,28435914752,0.416,44.82,58.94,0.8057,-21.04,-36.62,-53.19,-39.35,0.0,25.0,3,78.15,38.71,-42.22,0.0,,8,,20260805
ROP,"Roper Technologies, Inc.",Technology,Software - Application,NASDAQ,394.53,1115836,39019360256,13.969,349.4,380.34,3.2309,4.29,1.44,-50.48,-18.61,0.0,88.75,3,546.52,305.96,-27.81,0.0,,8,,20260805
TS,Tenaris S.A.,Energy,Oil & Gas Equipment & Services,NYSE,57.05,1366842,0,1.3243,58.21,50.4,-0.8788,-14.99,13.41,44.48,18.74,0.0,49.5,3,64.6,33.65,-11.69,0.0,,8,,20260805
SMPNY,"Sompo Holdings, Inc.",Financial Services,Insurance - Property & Casualty,PNK,22.0,194252,39188373504,0.5081,20.02,18.19,3.9009,14.45,11.78,22.39,16.69,0.0,91.25,2,22.69,14.41,-3.04,0.0,,8,,20260805
KMB,Kimberly-Clark Corporation,Consumer Defensive,Household & Personal Products,NASDAQ,112.37,4417137,37300137984,3.4354,105.85,101.57,1.8977,10.56,2.21,-34.78,-10.5,0.0,87.5,2,137.46,92.42,-18.25,0.0,,8,,20260805
Q,"Qnity Electronics, Inc.",Technology,Semiconductor Equipment & Materials,NYSE,135.64,2077786,28394768384,8.3023,147.14,135.64,-1.3856,-13.98,23.73,29.33,16.54,0.0,36.25,3,177.28,70.5,-23.49,0.0,,8,,20260805
EPIAF,Epiroc AB (publ),Industrials,Farm & Heavy Construction Machinery,PNK,26.4,4504,31947241472,1.0082,27.46,26.07,-1.0425,-15.79,-17.87,2.22,-9.32,0.0,45.75,3,31.48,19.72,-16.12,0.0,,8,,20260805
HVRRF,Hannover Rück SE,Financial Services,Insurance - Reinsurance,PNK,286.81,4,34588708864,2.0643,273.2,286.34,6.5946,-15.92,-5.41,-29.66,-17.74,0.0,51.25,3,326.75,262.33,-12.22,0.0,,8,,20260805
LVS,Las Vegas Sands Corp.,Consumer Cyclical,Resorts & Casinos,NYSE,45.85,4790518,29697097728,1.3809,47.73,55.08,-1.3593,-18.34,-30.3,-33.49,-28.58,0.0,22.0,4,70.45,44.21,-34.92,0.0,,8,,20260805
HHUSF,Hua Hong Grace Semiconductor Limited,Technology,Semiconductors,PNK,17.55,1202,34034542592,0.3115,19.64,13.61,-6.6936,1.3,58.55,225.56,111.04,0.0,50.0,3,22.59,5.0,-22.31,0.0,,8,,20260805
EPOAY,Epiroc Aktiebolag,Industrials,Farm & Heavy Construction Machinery,PNK,26.86,144257,32498974720,0.7031,26.98,25.57,-0.176,-14.85,-20.34,9.98,-6.84,0.0,45.75,3,30.33,19.55,-11.44,0.0,,8,,20260805
SYM,Symbotic Inc.,Industrials,Specialty Industrial Machinery,NASDAQ,46.52,2165104,28081043456,2.2633,43.46,55.68,1.3531,-26.54,-29.34,-41.08,-33.33,0.0,37.5,3,87.88,38.19,-47.06,0.0,,8,,20260805
CPRT,"Copart, Inc.",Industrials,Specialty Business Services,NASDAQ,28.91,12032898,26765209600,1.0401,29.69,35.64,-0.7484,-19.42,-37.99,-60.11,-42.2,0.0,24.5,4,50.11,26.81,-42.31,0.0,,8,,20260805
MITEF,"Mitsubishi Estate Co., Ltd.",Real Estate,Real Estate - Diversified,PNK,23.58,83,28369780736,0.2322,25.14,26.04,-6.7258,-28.68,-17.94,1.64,-12.79,0.0,13.25,4,33.16,19.55,-28.89,0.0,,8,,20260805
A,"Agilent Technologies, Inc.",Healthcare,Diagnostics & Research,NYSE,141.11,2411162,39853969408,3.9242,133.09,130.55,2.0432,13.66,-5.0,0.55,1.89,0.0,90.0,2,160.27,108.35,-11.95,0.0,,8,,20260805
AAVMY,ABN AMRO Bank N.V.,Financial Services,Banks - Diversified,PNK,46.26,26137,37698924544,0.8835,42.13,35.13,4.6698,28.71,14.22,42.02,28.96,0.0,91.25,2,46.26,27.16,-0.0,0.0,,8,,20260805
UAL,"United Airlines Holdings, Inc.",Industrials,Airlines,NASDAQ,132.76,5374437,43089874944,4.9157,120.23,106.0,2.5481,35.1,7.52,29.27,23.11,0.0,87.5,2,138.77,84.64,-4.33,0.0,,8,,20260805
CICOY,"COSCO SHIPPING Holdings Co., Ltd.",Industrials,Marine Shipping,PNK,9.8,5218,29865512960,0.2467,9.16,8.89,2.5757,0.45,9.25,-15.77,-2.96,0.0,90.0,2,10.51,7.43,-6.76,0.0,,8,,20260805
AVIFY,Advanced Info Service Public Company Limited,Communication Services,Telecom Services,PNK,11.48,4090,38666301440,0.5521,11.36,10.53,0.2246,-4.59,-15.53,1.01,-6.18,0.0,81.25,2,13.41,7.81,-14.39,0.0,,8,,20260805
HBANL,Huntington Bancshares Incorporated,Financial Services,Banks - Regional,NASDAQ,25.07,20983,0,0.1323,24.87,24.61,1.4988,-6.45,-9.78,-18.53,-12.45,0.0,85.0,2,26.43,24.31,-5.13,0.0,,8,,20260805
HBANZ,Huntington Bancshares Incorporated,Financial Services,Banks - Regional,NASDAQ,19.6,9711,0,0.1538,19.95,19.6,-2.3051,-13.39,-17.66,-17.29,-16.45,0.0,48.25,3,22.23,19.54,-11.83,0.0,,8,,20260805
HBANM,Huntington Bancshares Incorporated,Financial Services,Banks - Regional,NASDAQ,20.86,15808,0,0.178,20.84,21.65,0.108,-11.47,-16.86,-26.52,-19.38,0.0,50.75,3,24.04,20.01,-13.23,0.0,,8,,20260805
HBANP,Huntington Bancshares Incorporated,Financial Services,Banks - Regional,NASDAQ,16.22,66034,0,0.1459,16.12,16.65,0.6947,-9.61,-16.08,-27.47,-19.02,0.0,52.0,3,18.9,16.0,-14.18,0.0,,8,,20260805
HBAN,Huntington Bancshares Incorporated,Financial Services,Banks - Regional,NASDAQ,17.6,23537485,35559301120,0.385,17.25,16.57,0.9091,1.59,-14.68,-11.08,-9.17,0.0,87.5,2,19.46,14.89,-9.56,0.0,,8,,20260805
RVMD,"Revolution Medicines, Inc.",Healthcare,Biotechnology,NASDAQ,197.3,2681104,41945284608,7.6427,173.96,117.58,3.0539,27.39,93.35,407.35,202.46,0.0,87.5,2,198.29,34.0,-0.5,0.0,,8,,20260805
MLM,"Martin Marietta Materials, Inc.",Basic Materials,Building Materials,NYSE,553.37,604219,33238634496,17.8478,575.49,609.03,-1.2394,-15.2,-28.55,-30.95,-26.17,0.0,36.5,4,710.97,523.48,-22.17,0.0,,8,,20260805
SUNB,"Sunbelt Rentals Holdings, Inc.",Industrials,Rental & Leasing Services,NYSE,79.9,3572129,32754810880,2.9048,75.97,79.9,1.3534,1.12,-3.34,-3.34,-2.23,0.0,74.5,3,86.68,61.03,-7.82,0.0,,8,,20260805
PUTRY,PTT Public Company Limited,Energy,Oil & Gas Integrated,PNK,5.17,66,29287364608,0.009,5.51,5.32,-37.1184,-11.47,-13.54,-15.29,-13.72,0.0,12.0,4,6.4,4.66,-19.22,0.0,,8,,20260805
WDAY,"Workday, Inc.",Technology,Software - Application,NASDAQ,170.63,5171018,42142318592,9.2908,138.84,164.62,3.4223,25.77,-6.36,-47.52,-14.79,0.0,91.25,3,249.85,110.36,-31.71,0.0,,8,,20260805
TGOPF,3i Group plc,Financial Services,Asset Management,PNK,39.54,5886,39601770496,0.6349,33.19,40.36,10.0054,4.56,-25.66,-54.18,-29.51,0.0,62.0,3,60.68,27.77,-34.84,0.0,,8,,20260805
ADDYY,adidas AG,Consumer Cyclical,Footwear & Accessories,OQX,94.41,91877,33055373312,3.5089,99.89,91.23,-1.562,7.86,-3.09,-23.49,-8.51,0.0,65.0,3,118.0,75.19,-19.99,0.0,,8,,20260805
EL,"Estee Lauder Companies, Inc. (T",Consumer Defensive,Household & Personal Products,NYSE,86.96,3204539,0,2.6959,84.09,91.67,1.0634,-1.27,-36.92,-27.92,-24.41,0.0,75.75,3,121.64,66.22,-28.51,0.0,,8,,20260805
SBGOF,Standard Bank Group Limited,Financial Services,Banks - Regional,PNK,18.26,1829,30510276608,0.4298,19.52,18.27,-2.9393,-15.34,-13.38,7.11,-5.67,0.0,42.0,3,21.68,12.02,-15.77,0.0,,8,,20260805
TCKRF,Teck Resources Limited,Basic Materials,Copper,PNK,66.12,160,32438472704,1.2495,60.32,53.28,4.6393,6.49,8.42,76.65,35.23,0.0,52.5,2,69.72,33.25,-5.16,0.0,,8,,20260805
EXPGF,Experian plc,Industrials,Consulting Services,OQX,38.6,2126,34117478400,0.7263,35.51,39.04,4.2551,-2.09,-8.6,-52.4,-24.49,0.0,67.0,3,53.6,33.0,-27.99,0.0,,8,,20260805
DNZOY,DENSO Corporation,Consumer Cyclical,Auto Parts,PNK,12.12,190791,30385297408,0.3749,11.97,12.87,0.4091,-5.97,-19.0,-37.6,-23.18,0.0,74.5,3,15.85,11.18,-23.53,0.0,,8,,20260805
FNLPF,Fresnillo plc,Basic Materials,Other Precious Metals & Mining,PNK,37.75,6468,27817732096,1.8828,37.92,42.36,-0.0916,-20.84,-40.78,74.74,10.42,0.0,24.5,4,61.0,21.0,-38.11,0.0,,8,,20260805
CICOF,"COSCO SHIPPING Holdings Co., Ltd.",Industrials,Marine Shipping,PNK,1.98,3344,30230233088,0.0202,1.85,1.81,6.4618,8.77,2.94,-21.23,-5.27,0.0,75.0,2,2.05,1.59,-3.41,0.0,,8,,20260805
TSEM,Tower Semiconductor Ltd.,Technology,Semiconductors,NASDAQ,211.14,2058013,23865415680,25.3998,247.12,170.29,-1.4165,-13.01,42.56,290.85,127.98,0.0,37.5,3,319.94,45.51,-34.01,0.0,,8,,20260805
DASTY,Dassault Systèmes SE,Technology,Software - Application,PNK,24.72,211572,32482025472,0.706,21.61,23.87,4.3983,2.55,-17.78,-45.78,-23.9,0.0,63.75,3,35.2,18.99,-29.77,0.0,,8,,20260805
ADDDF,adidas AG,Consumer Cyclical,Footwear & Accessories,OQX,179.53,1206,31429038080,10.0014,198.1,181.33,-1.8571,-2.48,-8.96,-29.11,-15.4,0.0,45.75,4,225.0,145.65,-20.21,0.0,,8,,20260805
TGOPY,3i Group plc,Financial Services,Asset Management,PNK,9.92,1672450,39741988864,0.2464,8.31,9.87,6.5349,6.88,-21.97,-49.49,-25.77,0.0,87.5,3,15.19,6.9,-34.67,0.0,,8,,20260805
GBOOF,"Grupo Financiero Banorte, S.A.B. de C.V.",Financial Services,Banks - Regional,OQX,11.48,14803,31853099008,0.6844,10.76,10.65,1.052,-8.31,-13.47,1.41,-6.23,0.0,58.75,2,13.25,8.5,-13.36,0.0,,8,,20260805
RPRX,Royalty Pharma plc,Healthcare,Biotechnology,NASDAQ,57.75,3634427,33254309888,1.3872,56.34,46.52,1.0179,8.37,23.46,32.41,23.27,0.0,86.25,2,60.44,34.08,-4.45,0.0,,8,,20260805
MTB,M&T Bank Corporation,Financial Services,Banks - Regional,NYSE,251.94,1117998,36514418688,4.529,235.55,212.11,3.6197,11.11,-0.25,14.47,8.48,0.0,86.25,2,255.0,174.76,-1.2,0.0,,8,,20260805
AJNMY,"Ajinomoto Co., Inc.",Consumer Defensive,Packaged Foods,PNK,33.82,55719,32283277312,1.0446,33.33,28.31,0.4679,1.21,36.49,-0.78,12.76,0.0,65.0,2,39.5,20.58,-14.38,0.0,,8,,20260805
ZM,"Zoom Communications, Inc.",Technology,Software - Application,NASDAQ,100.64,4256714,29510891520,3.6303,93.05,88.35,2.0911,-14.39,1.19,16.35,3.36,0.0,68.75,2,114.74,69.15,-12.29,0.0,,8,,20260805
GVDBF,Givaudan SA,Basic Materials,Specialty Chemicals,PNK,3892.89,39,35936501760,48.665,3910.4,3848.7,-0.3599,4.64,-9.15,-38.47,-17.43,0.0,62.0,3,4529.16,3220.99,-14.05,0.0,,8,,20260805
AXON,"Axon Enterprise, Inc.",Industrials,Aerospace & Defense,NASDAQ,609.49,1122537,49126162432,29.9623,504.81,513.8,3.4938,53.51,22.82,-41.49,4.77,0.0,86.25,3,885.0,339.01,-31.13,0.0,,8,,20260805
EXPGY,Experian plc,Industrials,Consulting Services,OQX,38.44,500844,33976057856,1.1521,35.21,38.38,2.8034,0.52,-0.64,-48.81,-19.62,0.0,88.75,3,54.0,32.25,-28.81,0.0,,8,,20260805
DSNKY,"Daiichi Sankyo Company, Limited",Healthcare,Drug Manufacturers - General,PNK,16.39,305790,29824114688,0.6751,16.49,19.24,-0.1511,-7.66,-24.59,-57.17,-33.39,0.0,47.0,4,27.5,14.98,-40.4,0.0,,8,,20260805
NTRS,Northern Trust Corporation,Financial Services,Asset Management,NASDAQ,184.38,1081401,33733363712,4.0847,176.82,150.93,1.85,7.99,12.08,24.41,15.99,0.0,87.5,2,191.6,121.12,-3.77,0.0,,8,,20260805
NTRSO,Northern Trust Corporation,Financial Services,Asset Management,NASDAQ,18.4,52681,0,0.1428,18.52,18.81,-0.8634,-8.85,-14.99,-26.99,-18.25,0.0,31.5,4,21.15,18.23,-13.0,0.0,,8,,20260805
RSHGY,"Resona Holdings, Inc.",Financial Services,Banks - Regional,PNK,28.9,168940,32470855680,1.0129,27.37,23.49,1.51,10.85,10.37,37.98,21.53,0.0,86.25,2,29.9,18.36,-3.34,0.0,,8,,20260805
GBOOY,"Grupo Financiero Banorte, S.A.B. de C.V.",Financial Services,Banks - Regional,OQX,57.65,57529,31991832576,2.7133,53.71,50.7,1.4516,5.36,-10.97,16.41,4.06,0.0,86.25,2,62.89,41.7,-8.33,0.0,,8,,20260805
SZLMY,Swiss Life Holding AG,Financial Services,Insurance - Diversified,PNK,58.73,11821,33592446976,1.1399,55.98,54.15,2.4081,-1.99,-1.09,-8.12,-4.13,0.0,88.75,2,61.12,50.75,-3.92,0.0,,8,,20260805
TCOM,Trip.com Group Limited,Consumer Cyclical,Travel Services,NASDAQ,45.96,3397563,28941250560,1.3222,44.82,57.18,0.8603,-18.92,-36.24,-49.26,-37.12,0.0,37.5,3,78.99,38.04,-41.82,0.0,,8,,20260805
CKHGY,Capitec Limited,Financial Services,Banks - Regional,PNK,149.0,2209,34515197952,2.6014,140.66,129.2,3.2064,9.47,-3.21,31.2,13.72,0.0,88.75,2,149.76,94.66,-0.51,0.0,,8,,20260805
AEE,Ameren Corporation,Utilities,Utilities - Regulated Electric,NYSE,108.95,1790144,30162073600,2.3076,110.7,106.35,-0.7588,-8.35,-6.03,-14.8,-10.12,0.0,72.0,3,118.32,96.57,-7.92,0.0,,8,,20260805
BMPSY,BANCA MONTE DEI PASCHI DI SIENA,Financial Services,Banks - Regional,PNK,13.93,63581,42325168128,0.3345,12.3,13.93,4.8853,27.42,27.42,27.42,27.42,0.0,68.25,3,13.95,9.66,-0.14,0.0,,8,,20260805
SGBLY,Standard Bank Group Limited,Financial Services,Banks - Regional,PNK,20.34,40631,33009524736,0.409,19.6,17.94,1.8016,4.7,-5.06,36.67,14.07,0.0,92.5,2,20.69,12.88,-1.69,0.0,,8,,20260805
DSKYF,"Daiichi Sankyo Company, Limited",Healthcare,Drug Manufacturers - General,PNK,15.97,11719,29059862528,1.3195,16.38,19.29,-0.3072,-12.36,-29.4,-59.05,-37.0,0.0,45.75,4,29.15,13.85,-45.21,0.0,,8,,20260805
CQP,"Cheniere Energy Partners, LP",Energy,Oil & Gas Midstream,NYSE,64.13,123008,0,2.095,62.73,58.68,0.6678,-8.64,3.38,-4.52,-2.78,0.0,88.75,2,70.64,49.53,-9.22,0.0,,8,,20260805
TECK,Teck Resources Limited,Basic Materials,Copper,NYSE,66.05,3344419,32404131840,2.6515,61.35,53.78,1.7745,7.8,-0.39,80.93,34.19,0.0,67.5,2,71.25,30.98,-7.3,0.0,,8,,20260805
CASY,"Casey's General Stores, Inc.",Consumer Cyclical,Specialty Retail,NASDAQ,852.86,524257,31560009728,26.2572,825.19,695.33,1.0536,-7.66,20.93,40.25,21.51,0.0,85.0,2,927.85,490.0,-8.08,0.0,,8,,20260805
SVNDF,"Seven & i Holdings Co., Ltd.",Consumer Defensive,Grocery Stores,PNK,12.35,1603,28550023168,0.0512,12.05,13.13,5.8374,-11.59,-28.23,-31.09,-25.21,0.0,63.25,3,15.5,10.95,-20.32,0.0,,8,,20260805
MITEY,"Mitsubishi Estate Co., Ltd.",Real Estate,Real Estate - Diversified,PNK,23.88,75375,28730718208,0.7805,25.24,26.15,-1.7461,-21.22,-20.67,-2.65,-13.6,0.0,24.5,4,35.17,19.9,-32.1,0.0,,8,,20260805
VICI,VICI Properties Inc.,Real Estate,REIT - Diversified,NYSE,26.4,9413800,29068445696,0.5539,26.89,27.61,-0.89,-11.68,-14.98,-40.47,-24.35,0.0,34.0,4,33.91,25.82,-22.16,0.0,,8,,20260805
SAABY,Saab AB (publ),Industrials,Aerospace & Defense,PNK,32.88,130986,35421589504,0.9046,28.61,30.8,4.7154,-0.5,-26.16,-2.38,-10.23,0.0,88.75,3,40.77,23.29,-19.35,0.0,,8,,20260805
GASNF,"Naturgy Energy Group, S.A.",Utilities,Utilities - Regulated Gas,PNK,33.9,96,32555417600,0.1164,33.14,30.65,6.5064,7.72,3.92,-16.19,-3.17,0.0,75.0,2,33.9,29.37,0.0,0.0,,8,,20260805
FISV,"Fiserv, Inc.",Unknown,Unknown,NASDAQ,54.11,7731537,28854374400,2.0256,52.1,62.3,0.9901,-12.17,-19.13,-85.2,-43.82,0.0,37.5,3,140.42,47.04,-61.47,0.0,,8,,20260805
FANDF,FirstRand Limited,Financial Services,Banks - Diversified,PNK,5.6,9,31314204672,0.0033,5.62,3.83,-4.7973,2.78,87.57,462.06,216.17,0.0,62.0,3,6.01,4.21,-6.86,0.0,,8,,20260805
SAABF,Saab AB (publ),Industrials,Aerospace & Defense,PNK,67.08,3854,35012214784,1.4981,57.26,61.08,6.5574,1.27,-21.78,2.86,-6.16,0.0,80.0,3,81.38,47.03,-17.57,0.0,,8,,20260805
KNYJY,KONE Oyj,Industrials,Specialty Industrial Machinery,PNK,29.44,74290,30516541440,0.4677,28.48,32.07,2.0488,-10.42,-29.81,-25.06,-23.06,0.0,47.0,3,38.29,26.52,-23.12,0.0,,8,,20260805
RSNHF,"Resona Holdings, Inc.",Financial Services,Banks - Regional,PNK,14.49,35559,32556247040,1.465,13.63,11.67,0.5837,15.7,18.63,43.53,27.86,0.0,82.5,2,15.85,8.73,-8.59,0.0,,8,,20260805
FANDY,FirstRand Limited,Financial Services,Banks - Diversified,PNK,64.11,24,35849170944,0.4083,58.23,53.9,14.3952,13.53,1.12,33.27,17.09,0.0,75.0,2,61.75,40.81,3.82,0.0,,8,,20260805
SVNDY,"Seven & i Holdings Co., Ltd.",Consumer Defensive,Grocery Stores,PNK,12.61,366786,29151074304,0.3846,12.32,13.13,0.7598,-2.5,-24.85,-30.52,-21.53,0.0,75.75,3,15.65,11.21,-19.42,0.0,,8,,20260805
BMDPF,Banca Monte dei Paschi di Siena S.p.A.,Financial Services,Banks - Regional,PNK,13.13,1529,39894429696,0.2043,12.0,10.3,5.5417,17.7,12.7,29.36,20.61,0.0,77.5,2,13.39,8.05,-1.94,0.0,,8,,20260805
EXR,Extra Space Storage Inc.,Real Estate,REIT - Industrial,NYSE,150.04,1194590,33114208256,3.4451,146.29,138.36,1.089,1.87,-1.15,-9.57,-3.76,0.0,86.25,2,158.88,125.71,-5.56,0.0,,8,,20260805
DTE,DTE Energy Company,Utilities,Utilities - Regulated Electric,NYSE,139.66,1436078,29061580800,3.0436,146.68,139.89,-2.3078,-8.53,-7.66,-20.82,-13.14,0.0,60.25,3,155.75,126.23,-10.33,0.0,,8,,20260805
HENOF,Henkel AG & Co. KGaA,Consumer Defensive,Household & Personal Products,PNK,89.52,36,36242702336,0.8225,79.67,81.63,11.9784,15.7,-8.67,-12.12,-3.96,0.0,75.0,3,98.0,72.54,-8.65,0.0,,8,,20260805
HENKY,Henkel AG & Co. KGaA,Consumer Defensive,Household & Personal Products,PNK,20.92,79929,33878345728,0.3072,19.48,18.85,4.6743,16.14,-8.91,-3.46,-0.47,0.0,91.25,2,22.82,16.83,-8.33,0.0,,8,,20260805
HENOY,Henkel AG & Co. KGaA,Consumer Defensive,Household & Personal Products,PNK,22.21,15401,35967397888,0.3169,20.76,20.21,4.5696,16.28,-9.54,-5.31,-1.39,0.0,91.25,2,24.9,17.78,-10.8,0.0,,8,,20260805
MTZ,"MasTec, Inc.",Industrials,Engineering & Construction,NYSE,266.75,1288065,21421344768,23.6503,358.85,297.97,-3.8942,-45.66,-5.32,26.6,-2.64,0.0,7.5,4,441.43,167.66,-39.57,0.0,,8,,20260805
RMD,ResMed Inc.,Healthcare,Medical Instruments & Supplies,NYSE,224.03,1481086,32496982016,6.8165,199.93,230.47,3.5354,1.46,-22.65,-45.69,-25.84,0.0,55.75,3,293.81,180.27,-23.75,0.0,,8,,20260805
RSMDF,ResMed Inc.,Healthcare,Medical Instruments & Supplies,PNK,16.72,55,24253425664,0.0407,17.01,22.94,-7.0423,-40.19,-51.37,-57.05,-50.85,0.0,12.0,4,28.25,11.85,-40.81,0.0,,8,,20260805
CEBCF,China Everbright Bank Company Limited,Financial Services,Banks - Regional,PNK,0.41,1599,24225075200,0.0074,0.36,0.34,6.5929,16.45,-9.72,4.73,2.6,0.0,75.0,2,0.51,0.36,-19.61,0.0,,8,,20260805
KNYJF,KONE Oyj,Industrials,Specialty Industrial Machinery,PNK,58.4,801,30267766784,0.803,56.36,63.53,2.5376,-12.29,-25.5,-25.27,-22.11,0.0,38.25,3,74.11,52.7,-21.2,0.0,,8,,20260805
VWDRY,Vestas Wind Systems A/S,Industrials,Specialty Industrial Machinery,PNK,8.79,284834,25866637312,0.2464,8.96,8.84,-0.7102,-19.6,-26.57,21.33,-5.67,0.0,29.0,4,10.58,5.72,-16.92,0.0,,8,,20260805
SXYAY,Sika AG,Basic Materials,Specialty Chemicals,PNK,24.16,289267,38762123264,0.5917,20.13,19.02,6.8078,26.33,16.43,-17.29,5.42,0.0,92.5,2,24.19,15.75,-0.12,0.0,,8,,20260805
SHG,"Shinhan Financial Group Co., Ltd.",Financial Services,Banks - Regional,NYSE,72.38,269819,34081161216,2.1144,67.81,61.75,2.1625,-0.02,7.56,26.98,13.43,0.0,88.75,2,73.8,46.26,-1.92,0.0,,8,,20260805
SWSDF,Swiss Life Holding AG,Financial Services,Insurance - Diversified,PNK,1170.0,19,32696231936,3.5232,1105.05,1070.0,18.4341,1.46,2.72,-12.38,-3.64,0.0,75.0,2,1223.37,1037.2,-4.36,0.0,,8,,20260805
DASTF,Dassault Systèmes SE,Technology,Software - Application,PNK,23.57,6293,30965671936,0.7911,21.05,23.74,3.1823,4.3,-23.74,-55.36,-29.38,0.0,39.5,3,34.94,18.14,-32.55,0.0,,8,,20260805
ATO,Atmos Energy Corporation,Utilities,Utilities - Regulated Gas,NYSE,172.2,1435991,28743593984,3.1638,173.52,175.03,-0.4161,-14.15,-9.08,-12.91,-11.88,0.0,36.5,4,192.51,155.56,-10.55,0.0,,8,,20260805
KBGGY,Kongsberg Gruppen ASA,Industrials,Aerospace & Defense,PNK,16.26,72080,28604891136,0.4433,15.61,14.46,1.4695,-6.44,1.0,6.47,1.33,0.0,62.5,2,22.57,11.11,-27.96,0.0,,8,,20260805
HXGBF,Hexagon AB (publ),Technology,Scientific & Technical Instruments,PNK,10.55,13645,28097581056,0.2163,8.93,10.64,7.4881,-11.53,-17.53,-32.37,-21.97,0.0,43.25,3,13.11,8.13,-19.53,0.0,,8,,20260805
VEOEF,Veolia Environnement SA,Industrials,Waste Management,PNK,40.35,22829,29550282752,0.874,41.25,37.16,-1.0286,-7.56,2.04,-2.68,-2.25,0.0,67.0,3,43.84,32.45,-7.96,0.0,,8,,20260805
VWSYF,Vestas Wind Systems A/S,Industrials,Specialty Industrial Machinery,PNK,26.77,4219,26232743936,0.9849,26.99,26.48,-0.2213,-19.0,-21.2,21.27,-3.66,0.0,49.5,3,32.15,17.36,-16.73,0.0,,8,,20260805
RJF,"Raymond James Financial, Inc.",Financial Services,Asset Management,NYSE,180.55,1427072,34683654144,3.8138,160.36,157.56,5.2946,7.42,-2.8,-13.38,-4.48,0.0,91.25,2,181.87,138.82,-0.73,0.0,,8,,20260805
VEOEY,Veolia Environnement SA,Industrials,Waste Management,PNK,20.46,383957,29967722496,0.3882,20.61,18.55,-0.3869,-4.91,0.79,1.03,-0.54,0.0,75.75,3,21.62,16.01,-5.37,0.0,,8,,20260805
IMBBF,IMBBF,Consumer Defensive,Tobacco,OQX,38.07,6686,29338398720,1.5917,37.1,40.18,0.6085,-8.1,-20.83,-26.92,-20.08,0.0,47.0,3,47.18,34.95,-19.31,0.0,,8,,20260805
RYAAY,Ryanair Holdings plc,Industrials,Airlines,NASDAQ,61.19,1498373,31758166016,1.9453,61.19,63.17,-0.0025,5.79,-25.77,-25.85,-17.91,0.0,59.0,3,74.24,53.14,-17.58,0.0,,8,,20260805
MTSI,"MACOM Technology Solutions Holdings, Inc.",Technology,Semiconductors,NASDAQ,263.46,1725552,20100884480,20.1099,330.07,249.31,-3.3121,-19.85,3.98,64.87,22.38,0.0,33.75,3,418.9,118.16,-37.11,0.0,,8,,20260805
SVNLF,Svenska Handelsbanken AB (publ),Financial Services,Banks - Diversified,PNK,15.0,511,30619684864,0.0504,14.75,14.51,5.012,-2.07,-16.93,-4.7,-8.32,0.0,75.0,2,16.83,12.26,-10.87,0.0,,8,,20260805
PGPHF,Partners Group Holding AG,Financial Services,Asset Management,PNK,829.15,104,22064023552,11.916,881.85,1105.36,-4.4227,-32.75,-50.95,-65.38,-52.17,0.0,5.0,4,1416.82,798.9,-41.48,0.0,,8,,20260805
SVNLY,Svenska Handelsbanken AB (publ),Financial Services,Banks - Diversified,PNK,7.75,151840,30716178432,0.1118,7.3,6.66,4.042,4.72,-0.1,21.61,9.79,0.0,92.5,2,8.26,6.14,-6.17,0.0,,8,,20260805
ZS,"Zscaler, Inc.",Technology,Software - Infrastructure,NASDAQ,161.65,4530955,26140342272,7.7054,141.04,187.86,2.6741,7.72,-26.27,-66.77,-33.97,0.0,41.25,3,336.99,114.62,-52.03,0.0,,8,,20260805
NSKFF,Kongsberg Gruppen ASA,Industrials,Aerospace & Defense,PNK,33.21,2626,29209622528,0.8211,31.11,29.9,2.5569,-8.58,1.33,16.54,4.94,0.0,55.0,2,45.0,22.39,-26.21,0.0,,8,,20260805
GEHC,GE HealthCare Technologies Inc.,Healthcare,Medical Devices,NASDAQ,70.24,5356932,31726440448,2.3887,64.36,72.97,2.4601,8.5,-22.98,-23.69,-15.39,0.0,73.25,3,89.77,58.75,-21.76,0.0,,8,,20260805
CNC,Centene Corporation,Healthcare,Healthcare Plans,NYSE,66.99,5341570,33092724736,2.7714,64.01,47.03,1.0758,19.81,45.35,132.28,73.74,0.0,87.5,2,69.36,25.08,-3.42,0.0,,8,,20260805
NTRA,"Natera, Inc.",Healthcare,Diagnostics & Research,NASDAQ,274.62,1513306,39329804288,11.363,248.89,222.0,2.2645,26.18,8.38,77.77,40.59,0.0,88.75,2,288.04,135.75,-4.66,0.0,,8,,20260805
WOLWF,Woolworths Group Limited,Consumer Defensive,Grocery Stores,PNK,27.98,57,25955819520,0.5205,27.91,23.12,0.1333,-2.12,20.6,19.99,14.68,0.0,76.25,2,30.82,16.0,-9.21,0.0,,8,,20260805
NRG,"NRG Energy, Inc.",Utilities,Utilities - Independent Power Producers,NYSE,120.73,2695970,0,7.9243,134.52,151.4,-1.7399,-29.67,-32.37,-53.03,-39.96,0.0,10.0,4,189.96,117.78,-36.44,0.0,,8,,20260805
IMBBY,Imperial Brands PLC,Consumer Defensive,Tobacco,OQX,37.11,252332,28598581248,0.7332,37.25,39.56,-0.1909,-9.06,-24.07,-24.83,-20.62,0.0,44.75,4,45.6,35.5,-18.62,0.0,,8,,20260805
P,"Everpure, Inc.",Technology,Computer Hardware,NYSE,83.74,3365145,0,4.538,75.53,74.13,1.8081,5.57,10.25,25.56,15.2,0.0,65.0,3,100.59,54.37,-16.75,0.0,,8,,20260805
AJINF,"Ajinomoto Co., Inc.",Consumer Defensive,Packaged Foods,PNK,30.19,618,28818219008,0.5733,33.09,28.62,-5.0562,-11.09,19.75,-12.99,-1.06,0.0,25.0,3,39.95,20.26,-24.43,0.0,,8,,20260805
CPNG,"Coupang, Inc.",Consumer Cyclical,Internet Retail,NYSE,16.0,23735208,28721027072,0.7065,16.91,20.87,-1.2921,-29.56,-29.55,-69.31,-45.46,0.0,8.75,4,34.08,14.92,-53.04,0.0,,8,,20260805
IPXHY,Inpex Corporation,Energy,Oil & Gas E&P,PNK,21.47,88645,24952215552,0.6751,21.69,22.62,-0.3232,-24.34,-15.52,28.2,-0.24,0.0,35.25,4,31.1,14.59,-30.96,0.0,,8,,20260805
PBA,Pembina Pipeline Corporation,Energy,Oil & Gas Midstream,NYSE,47.15,1187873,27420319744,0.9749,48.25,42.75,-1.1294,-3.66,3.2,6.05,2.63,0.0,72.0,3,51.58,35.45,-8.59,0.0,,8,,20260805
FICO,Fair Isaac Corporation,Technology,Software - Application,NYSE,1091.55,334514,23574900736,69.0909,1207.68,1367.16,-1.6808,-4.26,-30.04,-43.11,-28.82,0.0,40.0,4,1998.01,870.01,-45.37,0.0,,8,,20260805
TDY,Teledyne Technologies Incorpora,Technology,Scientific & Technical Instruments,NYSE,683.73,363754,0,19.6791,633.99,600.46,2.5274,1.58,-5.47,0.49,-1.32,0.0,88.75,2,693.5,483.02,-1.41,0.0,,8,,20260805
FTS,Fortis Inc.,Utilities,Utilities - Regulated Electric,NYSE,56.3,740755,28763670528,0.8635,56.98,54.32,-0.7903,-7.8,-6.39,-8.89,-7.74,0.0,72.0,3,59.4,48.64,-5.22,0.0,,8,,20260805
STLA,Stellantis N.V.,Consumer Cyclical,Auto Manufacturers,NYSE,5.63,19476388,21210034176,0.234,6.29,8.39,-2.8256,-28.44,-55.48,-58.9,-50.09,0.0,13.75,4,12.22,5.25,-53.93,0.0,,8,,20260805
BIIB,Biogen Inc.,Healthcare,Drug Manufacturers - General,NASDAQ,206.63,1265770,30530410496,7.6863,201.44,184.28,0.6755,2.62,4.67,32.99,15.48,0.0,86.25,2,219.72,127.0,-5.96,0.0,,8,,20260805
SAXPY,Sampo Oyj,Financial Services,Insurance - Diversified,PNK,21.97,92545,28969838592,0.2775,21.3,21.43,2.3966,0.91,-10.62,-19.48,-11.28,0.0,86.25,3,24.43,19.93,-10.07,0.0,,8,,20260805
TWLO,Twilio Inc.,Technology,Software - Infrastructure,NYSE,193.22,2307393,29325744128,9.7222,202.01,150.93,-0.9045,-7.84,64.22,30.87,32.87,0.0,75.75,3,238.48,91.84,-18.98,0.0,,8,,20260805
SAXPF,Sampo Oyj,Financial Services,Insurance - Diversified,PNK,10.86,978,28640186368,0.0515,10.51,10.59,6.7278,3.11,-10.44,-21.2,-11.35,0.0,75.0,3,11.75,9.8,-7.57,0.0,,8,,20260805
EC,Ecopetrol S.A.,Energy,Oil & Gas Integrated,NYSE,16.39,2950088,33695129600,0.5953,15.66,12.48,1.2216,8.79,26.51,82.72,44.56,0.0,91.25,2,17.75,8.45,-7.66,0.0,,8,,20260805
MTRJF,MTR Corporation Limited,Industrials,Railroads,PNK,4.1,229,25478137856,0.0876,4.18,3.73,-0.8886,6.2,2.4,-14.53,-3.43,0.0,62.0,3,4.55,3.3,-9.89,0.0,,8,,20260805
FTI,TechnipFMC plc,Energy,Oil & Gas Equipment & Services,NYSE,69.27,4787593,27165224960,2.5158,69.61,60.44,-0.1336,-14.25,8.75,71.56,28.13,0.0,50.75,3,77.92,34.27,-11.1,0.0,,8,,20260805
REPYY,"Repsol, S.A.",Energy,Oil & Gas Integrated,OQX,29.25,108626,31870984192,0.6771,26.58,22.63,3.946,4.89,41.79,77.82,46.98,0.0,91.25,2,30.88,15.32,-5.28,0.0,,8,,20260805
DOV,Dover Corporation,Industrials,Specialty Industrial Machinery,NYSE,210.4,1064186,28336717824,5.8,214.33,206.75,-0.6779,-12.25,-12.36,-2.59,-8.42,0.0,47.0,3,237.54,158.97,-11.43,0.0,,8,,20260805
VRSN,"VeriSign, Inc.",Technology,Software - Infrastructure,NASDAQ,293.41,855675,26524264448,10.0368,275.68,256.47,1.7666,0.05,9.0,-12.59,-1.88,0.0,65.0,2,312.48,208.86,-6.1,0.0,,8,,20260805
KHC,The Kraft Heinz Company,Consumer Defensive,Packaged Foods,NASDAQ,25.73,14191081,30510059520,0.8305,24.55,23.4,1.4231,9.59,-0.65,-20.87,-6.17,0.0,88.75,2,28.1,21.04,-8.43,0.0,,8,,20260805
REPYF,"Repsol, S.A.",Energy,Oil & Gas Integrated,OQX,29.81,734,32481163264,0.4053,26.1,22.22,9.1474,6.19,44.63,71.37,45.72,0.0,75.0,2,30.0,15.29,-0.63,0.0,,8,,20260805
BRDCF,Bridgestone Corporation,Consumer Cyclical,Auto Parts,PNK,24.6,3680,30618298368,1.201,22.18,27.85,2.0167,17.86,4.91,-63.31,-19.14,0.0,56.25,3,47.78,18.1,-48.51,0.0,,8,,20260805
CRCL,Circle Internet Group,Financial Services,Capital Markets,NYSE,63.28,14766626,16914154496,5.1807,74.56,88.64,-2.1783,-51.22,0.44,-84.92,-46.62,0.0,16.25,4,189.92,49.9,-66.68,0.0,,8,,20260805
SKFOF,Sika AG,Basic Materials,Specialty Chemicals,PNK,240.0,672,39046873088,3.0851,197.89,192.22,13.6482,27.41,11.17,-21.6,2.12,0.0,75.0,2,240.84,157.28,-0.35,0.0,,8,,20260805
IQV,IQVIA Holdings Inc.,Healthcare,Diagnostics & Research,NYSE,236.05,1605739,38853828608,8.8051,197.75,197.88,4.3493,27.17,3.61,5.85,10.4,0.0,85.0,3,251.36,154.5,-6.09,0.0,,8,,20260805
CNP,"CenterPoint Energy, Inc.",Utilities,Utilities - Regulated Electric,NYSE,40.65,6186367,26776979456,1.0074,43.1,41.12,-2.4284,-12.74,-9.97,-17.17,-13.54,0.0,47.0,3,45.26,36.6,-10.19,0.0,,8,,20260805
CHLSY,Chocoladefabriken Lindt & Sprüngli AG,Consumer Defensive,Confectioners,PNK,11.51,106131,26554699776,0.4617,11.6,13.4,-0.1903,-10.72,-31.11,-44.62,-31.41,0.0,29.5,4,17.0,10.94,-32.29,0.0,,8,,20260805
LDSVF,Chocoladefabriken Lindt & Sprüngli AG,Consumer Defensive,Confectioners,PNK,11472.0,9,26070206464,138.8893,11585.92,13487.32,-0.8202,-16.47,-31.5,-47.42,-34.11,0.0,15.75,4,16864.53,11019.16,-31.98,0.0,,8,,20260805
NVZMY,Novozymes A/S,Basic Materials,Specialty Chemicals,PNK,65.24,41004,30416750592,1.4914,61.83,60.73,2.289,-1.95,-2.39,-22.51,-10.33,0.0,88.75,2,66.66,49.9,-2.13,0.0,,8,,20260805
TPR,"Tapestry, Inc.",Consumer Cyclical,Luxury Goods,NYSE,159.16,2690680,32157437952,4.6441,144.8,134.97,3.0911,6.26,13.75,20.77,14.68,0.0,92.5,2,161.97,92.62,-1.73,0.0,,8,,20260805
BPERF,BPERF,Financial Services,Banks - Regional,PNK,15.65,353,32611934208,0.1211,15.08,15.65,4.6684,4.72,2.09,-0.08,1.88,0.0,75.0,3,16.39,12.07,-4.5,0.0,,8,,20260805
BTGOF,BT Group plc,Communication Services,Telecom Services,PNK,2.55,21440,25126733824,0.1042,2.65,2.63,-0.9291,-19.77,-9.91,-27.07,-19.24,0.0,30.25,4,3.22,2.19,-20.81,0.0,,8,,20260805
OTIS,Otis Worldwide Corporation,Industrials,Specialty Industrial Machinery,NYSE,73.1,3908977,27826927616,1.7869,72.06,81.52,0.5813,-9.38,-27.47,-35.99,-26.35,0.0,37.5,3,94.56,69.16,-22.7,0.0,,8,,20260805
HNNMY,H & M Hennes & Mauritz AB (publ),Consumer Cyclical,Apparel Manufacturing,PNK,3.68,165706,29373263872,0.0724,3.44,3.64,3.3686,1.08,-16.58,20.71,2.75,0.0,63.75,3,4.25,2.68,-13.41,0.0,,8,,20260805
BPXXY,BPER Banca SpA,Financial Services,Banks - Regional,PNK,32.0,118,33341276160,0.3907,30.65,27.02,3.4626,9.71,1.35,42.8,20.02,0.0,76.25,2,33.11,20.0,-3.35,0.0,,8,,20260805
DXCM,"DexCom, Inc.",Healthcare,Medical Devices,NASDAQ,82.66,5777765,31192641536,3.2492,73.96,68.04,2.6769,32.34,3.17,-14.91,3.23,0.0,87.5,2,87.63,54.11,-5.67,0.0,,8,,20260805
IPXHF,Inpex Corporation,Energy,Oil & Gas E&P,PNK,22.7,159,26381709312,0.2118,20.98,21.73,8.1394,-20.09,-1.79,42.71,11.43,0.0,50.0,3,30.0,13.5,-24.33,0.0,,8,,20260805
IR,Ingersoll Rand Inc.,Industrials,Specialty Industrial Machinery,NYSE,90.0,4225137,34919948288,2.8599,78.75,81.68,3.9351,12.1,-16.15,-8.69,-6.11,0.0,90.0,3,100.96,68.07,-10.86,0.0,,8,,20260805
NVZMF,Novozymes A/S,Basic Materials,Specialty Chemicals,PNK,61.7,1452,28766304256,1.4561,61.14,60.23,0.386,-8.97,-9.23,-28.35,-16.81,0.0,80.0,2,67.5,52.1,-8.59,0.0,,8,,20260805
ICTEF,"International Container Terminal Services, Inc.",Industrials,Marine Shipping,PNK,17.79,3371,34529050624,1.0008,15.42,4.06,2.3659,34.84,-451.83,-575.4,-379.59,0.0,83.75,2,17.44,7.94,2.01,0.0,,8,,20260805
ALPMF,Astellas Pharma Inc.,Healthcare,Drug Manufacturers - General,PNK,12.85,3809,23020675072,0.9009,13.89,13.9,-1.15,-11.81,-16.07,2.29,-7.66,0.0,18.25,4,17.85,9.85,-28.01,0.0,,8,,20260805
TPL,Texas Pacific Land Corporation,Energy,Oil & Gas E&P,NYSE,381.88,399209,26339956736,16.6205,395.27,385.77,-0.8059,-17.78,1.69,-2.23,-4.74,0.0,35.25,4,547.2,269.23,-30.21,0.0,,8,,20260805
FSLR,"First Solar, Inc.",Technology,Solar,NASDAQ,236.8,2414927,25448847360,12.9463,244.54,234.26,-0.598,1.31,-13.17,5.79,-1.97,0.0,47.0,3,320.95,176.47,-26.22,0.0,,8,,20260805
TTNDY,Techtronic Industries Company Limited,Industrials,Tools & Accessories,OQX,90.71,48326,33155094528,1.7027,79.64,69.77,6.503,22.65,20.34,28.11,24.03,0.0,85.0,2,91.16,53.51,-0.49,0.0,,8,,20260805
ARES,Ares Management Corporation,Financial Services,Asset Management,NYSE,139.77,2485544,46102663168,5.5826,124.41,131.85,2.7522,8.18,-3.49,-46.45,-17.76,0.0,88.75,3,195.26,95.8,-28.42,0.0,,8,,20260805
AMRZ,Amrize Ltd,Basic Materials,Building Materials,NYSE,52.88,2991322,29271017472,1.5045,52.01,53.66,0.5752,-7.34,-13.33,-18.14,-13.76,0.0,48.25,3,65.94,44.12,-19.81,0.0,,8,,20260805
NTAP,"NetApp, Inc.",Technology,Software - Infrastructure,NASDAQ,186.6,3274014,36617318400,7.4221,164.71,121.21,2.9489,57.35,84.78,60.61,68.25,0.0,86.25,2,192.83,93.69,-3.23,0.0,,8,,20260805
SGGKY,Singapore Technologies Engineering Ltd,Industrials,Aerospace & Defense,PNK,82.54,152,25750872064,0.7816,83.92,77.15,-1.7653,-10.61,-6.17,-4.97,-6.8,0.0,37.0,3,94.65,57.91,-12.79,0.0,,8,,20260805
EIX,Edison International,Utilities,Utilities - Regulated Electric,NYSE,68.32,2556837,26290491392,2.3155,73.7,65.92,-2.3234,-6.25,1.57,7.23,1.88,0.0,61.25,3,81.62,52.0,-16.3,0.0,,8,,20260805
CCOZY,China Coal Energy Company Limited,Energy,Thermal Coal,PNK,29.59,9,20219461632,0.049,30.43,29.65,-17.1829,-18.74,-12.34,-10.65,-13.27,0.0,24.0,4,34.0,24.63,-12.97,0.0,,8,,20260805
PPLC,PPL Corporation,Utilities,Utilities - Regulated Electric,NYSE,46.58,246888,0,0.7202,47.42,46.58,-1.1711,-11.0,-17.94,-17.94,-16.2,0.0,45.75,3,52.57,46.58,-11.39,0.0,,8,,20260805
PPL,PPL Corporation,Utilities,Utilities - Regulated Electric,NYSE,34.95,9079483,0,0.7041,35.76,36.07,-1.1531,-12.31,-12.25,-23.65,-16.82,0.0,35.25,4,40.11,33.17,-12.86,0.0,,8,,20260805
TTNDF,Techtronic Industries Company Limited,Industrials,Tools & Accessories,OQX,15.5,1673,28326752256,0.3459,15.97,14.26,-1.3473,-6.07,1.5,-1.7,-1.67,0.0,62.0,3,18.05,10.75,-14.13,0.0,,8,,20260805
RDDT,"Reddit, Inc.",Communication Services,Internet Content & Information,NYSE,155.26,5296113,29871480832,13.2594,175.86,179.45,-1.5538,-16.17,-18.37,-46.36,-29.02,0.0,35.0,4,282.95,119.27,-45.13,0.0,,8,,20260805
HRSHF,"Haier Smart Home Co., Ltd.",Consumer Cyclical,"Furnishings, Fixtures & Appliances",PNK,2.74,8445,25694703616,0.1056,2.56,2.89,1.7227,-2.37,-22.32,-21.33,-16.94,0.0,68.25,3,3.75,2.25,-26.93,0.0,,8,,20260805
SGGKF,Singapore Technologies Engineering Ltd,Industrials,Aerospace & Defense,PNK,7.75,4509,24178487296,0.0503,8.39,7.76,-12.8163,-16.53,-7.9,-13.28,-12.21,0.0,12.0,4,9.32,5.73,-16.81,0.0,,8,,20260805
GELYF,Geely Automobile Holdings Limited,Consumer Cyclical,Auto Manufacturers,PNK,2.52,58839,27178522624,0.1535,2.4,2.41,0.7985,-21.5,11.9,-14.22,-6.9,0.0,62.5,3,3.3,1.92,-23.64,0.0,,8,,20260805
AONNF,"Aeon Co., Ltd.",Consumer Cyclical,Department Stores,PNK,8.39,491,23211982848,0.0757,9.61,9.75,-16.1573,-37.79,-2.29,393.86,147.3,0.0,0.0,4,17.21,8.39,-51.25,0.0,,8,,20260805
CW,Curtiss-Wright Corporation,Industrials,Aerospace & Defense,NYSE,748.41,278678,0,29.2979,745.08,667.99,0.1138,-3.93,-1.25,27.69,9.66,0.0,85.0,2,808.16,464.91,-7.39,0.0,,8,,20260805
GELHY,Geely Automobile Holdings Limited,Consumer Cyclical,Auto Manufacturers,PNK,48.8,31757,26315714560,1.7968,47.28,47.1,0.8459,-21.18,11.99,-14.67,-6.97,0.0,57.5,2,64.9,38.0,-24.81,0.0,,8,,20260805
HLVTY,Helvetia Baloise Holding AG,Financial Services,Insurance - Diversified,PNK,6.19,94,26495367168,0.035,6.46,6.27,-7.712,-11.73,-11.03,32.94,6.38,0.0,24.0,4,7.75,4.06,-20.13,0.0,,8,,20260805
ANPDF,ANTA Sports Products Limited,Consumer Cyclical,Leisure,PNK,9.9,232,27427944448,0.0752,9.4,10.22,6.5945,-16.88,-17.71,-47.79,-29.54,0.0,37.0,3,13.5,8.87,-26.67,0.0,,8,,20260805
HMRZF,H & M Hennes & Mauritz AB (publ),Consumer Cyclical,Apparel Manufacturing,PNK,17.76,221,28351584256,0.0635,17.23,19.08,8.353,-16.14,-21.79,2.11,-10.82,0.0,37.0,3,20.91,13.93,-15.06,0.0,,8,,20260805
DUAVF,Dassault Aviation société anonyme,Industrials,Aerospace & Defense,PNK,340.25,228,26215380992,13.4434,338.57,346.83,0.1247,-10.01,-19.1,-14.39,-14.95,0.0,75.75,3,425.3,299.65,-20.0,0.0,,8,,20260805
FE,FirstEnergy Corp.,Utilities,Utilities - Regulated Electric,NYSE,47.79,4655713,27653203968,0.9506,47.65,46.95,0.15,-1.4,-8.28,-9.88,-7.2,0.0,87.5,2,52.34,42.73,-8.69,0.0,,8,,20260805
KHNGY,Kuehne + Nagel International AG,Industrials,Integrated Freight & Logistics,PNK,49.62,6745,29464375296,0.8165,48.96,44.01,0.8096,7.34,-0.27,2.5,2.74,0.0,85.0,2,52.38,36.76,-5.27,0.0,,8,,20260805
TELFY,"Telefónica, S.A.",Communication Services,Telecom Services,PNK,4.12,314572,23188406272,0.1609,4.15,4.13,-0.2159,-10.87,-5.78,-42.37,-21.68,0.0,36.5,4,5.72,3.67,-27.97,0.0,,8,,20260805
NVT,nVent Electric plc,Industrials,Electrical Equipment & Parts,NYSE,162.04,2135896,26227458048,9.4059,161.61,129.31,0.0462,-10.86,23.82,56.95,28.41,0.0,57.5,2,184.64,85.72,-12.24,0.0,,8,,20260805
ANPDY,ANTA Sports Products Limited,Consumer Cyclical,Leisure,PNK,239.77,2155,26571309056,4.8661,236.6,252.09,0.6513,-9.36,-13.69,-39.53,-22.95,0.0,53.25,3,347.15,216.34,-30.93,0.0,,8,,20260805
HSHCY,"Haier Smart Home Co., Ltd.",Consumer Cyclical,"Furnishings, Fixtures & Appliances",PNK,10.63,112234,24921049088,0.1805,10.09,11.49,3.0078,-4.44,-29.04,-32.83,-24.4,0.0,67.0,3,14.22,9.69,-25.25,0.0,,8,,20260805
CFG,"Citizens Financial Group, Inc.",Financial Services,Banks - Regional,NYSE,73.6,4606665,31109074944,1.616,68.43,60.95,3.2014,8.47,1.66,36.03,17.11,0.0,88.75,2,74.7,46.53,-1.47,0.0,,8,,20260805
BAP,Credicorp Ltd.,Financial Services,Banks - Regional,NYSE,394.88,455859,31372552192,11.7232,375.02,316.18,1.6938,23.25,-2.03,47.26,24.0,0.0,85.0,2,413.25,230.45,-4.45,0.0,,8,,20260805
