ticker,name,sector,industry,exchange,close,avg_volume_50d,market_cap,atr14,sma50,sma200,atr_extension,rs_3m,rs_6m,rs_12m,rs_score,rs_percentile,trend_strength,stage,52w_high,52w_low,pct_from_52w_high,rts_composite,rts_grade,rts_grade_rank,colour_band,run_date
RDEIY,"Redeia Corporación, S.A.",Utilities,Utilities - Regulated Electric,PNK,8.44,72620,9108378624,0.1121,8.76,8.48,-2.8609,,,,,0.0,57.75,3,11.04,8.08,-23.55,0.0,,8,,20260915
NXSNF,"NextVision Stabilized Systems, Ltd.",Industrials,Security & Protection Services,PNK,73.5,248,6802046976,0.9626,75.3,86.64,-1.8721,-31.19,-53.77,40.23,-10.52,0.0,14.5,4,123.19,43.0,-40.34,0.0,,8,,20260915
EVKIY,Evonik Industries AG,Basic Materials,Specialty Chemicals,PNK,10.29,16801,9674160128,0.3076,10.15,8.83,0.4551,12.67,16.76,-2.55,8.01,0.0,86.25,2,11.03,7.24,-6.71,0.0,,8,,20260915
BZZUF,Buzzi S.p.A.,Basic Materials,Building Materials,PNK,44.91,320,7926414336,0.2743,48.8,53.58,-14.2079,-13.04,-31.1,-32.64,-27.2,0.0,0.0,4,63.8,44.91,-29.61,0.0,,8,,20260915
UHAL,U-Haul Holding Company,Industrials,Rental & Leasing Services,NYSE,,187874,12411927552,1.5277,,,,,,,,0.0,20.75,3,76.45,41.95,,0.0,,8,,20260915
QABSY,Qantas Airways Limited,Industrials,Airlines,PNK,32.6,28512,9866058752,0.8611,35.08,33.42,-2.8845,,,,,0.0,20.75,4,41.65,28.15,-21.73,0.0,,8,,20260915
DAR,Darling Ingredients Inc.,Consumer Defensive,Packaged Foods,NYSE,,2475414,10244564992,2.6708,,,,,,,,0.0,25.75,3,69.98,29.15,,0.0,,8,,20260915
LINE,"Lineage, Inc.",Real Estate,REIT - Industrial,NASDAQ,,945716,9706448896,0.99,,,,,,,,0.0,20.75,3,45.75,31.33,,0.0,,8,,20260915
ASMVF,ASMPT Limited,Technology,Semiconductor Equipment & Materials,PNK,20.62,42,8647340032,0.2048,20.45,15.47,0.8378,-6.49,36.39,138.43,66.49,0.0,50.0,2,22.6,8.86,-8.77,0.0,,8,,20260915
CCOEF,"Capcom Co., Ltd.",Communication Services,Electronic Gaming & Multimedia,PNK,26.95,90,11273422848,0.4021,22.6,22.31,10.8293,42.03,2.17,-20.06,3.24,0.0,75.0,2,30.05,16.45,-10.32,0.0,,8,,20260915
LZRFY,Localiza Rent a Car S.A.,Industrials,Rental & Leasing Services,OQX,7.5,46793,8284611584,0.3504,7.16,8.4,0.9632,,,,,0.0,33.75,3,11.76,6.1,-36.22,0.0,,8,,20260915
SIMO,Silicon Motion Technology Corporation,Technology,Semiconductors,NASDAQ,,993211,8029694464,15.7585,,,,,,,,0.0,23.25,3,355.0,79.76,,0.0,,8,,20260915
RIOT,"Riot Platforms, Inc.",Financial Services,Capital Markets,NCM,,18379390,7861675008,1.3511,,,,,,,,0.0,24.5,3,30.32,11.5,,0.0,,8,,20260915
ACM,AECOM,Industrials,Engineering & Construction,NYSE,,2058304,8313788928,2.4062,,,,,,,,0.0,23.25,3,135.52,60.35,,0.0,,8,,20260915
REGMF,"RemeGen Co., Ltd.",Healthcare,Biotechnology,PNK,10.93,43,6160238592,0.1235,11.67,11.04,-5.9746,-13.16,-6.06,97.52,33.6,0.0,14.5,4,12.85,5.06,-14.94,0.0,,8,,20260915
ONBPP,Old National Bancorp,Financial Services,Banks - Regional,NASDAQ,24.89,7361,0,0.1437,24.78,24.3,0.7774,,,,,0.0,87.5,2,25.5,24.41,-2.39,0.0,,8,,20260915
ONB,Old National Bancorp,Financial Services,Banks - Regional,NASDAQ,,4163037,9893260288,0.4562,,,,,,,,0.0,20.75,3,27.36,19.39,,0.0,,8,,20260915
ONBPO,Old National Bancorp,Financial Services,Banks - Regional,NASDAQ,,5929,0,0.1308,,,,,,,,0.0,19.5,3,25.46,24.53,,0.0,,8,,20260915
SCRPF,Sembcorp Industries Ltd,Utilities,Utilities - Diversified,PNK,4.74,386,8439163904,0.0201,4.44,4.67,14.8545,-3.59,-9.38,-9.63,-8.03,0.0,50.0,3,5.9,4.11,-19.66,0.0,,8,,20260915
ACLIF,Accelleron Industries AG,Industrials,Specialty Industrial Machinery,PNK,95.0,47,8934393856,0.3607,96.18,89.33,-3.2686,-7.47,9.73,-8.55,-1.88,0.0,38.25,3,109.3,77.0,-13.08,0.0,,8,,20260915
SSB,SouthState Bank Corporation,Financial Services,Banks - Regional,NYSE,,821938,10289968128,1.6977,,,,,,,,0.0,22.0,3,112.2,84.48,,0.0,,8,,20260915
ALBKY,Alpha Bank S.A.,Financial Services,Banks - Regional,PNK,1.35,26491,12466331648,0.039,1.21,1.06,3.566,,,,,0.0,78.75,2,1.35,0.73,0.0,0.0,,8,,20260915
JSAIY,J Sainsbury plc,Consumer Defensive,Grocery Stores,OQX,18.42,68485,10032684032,0.3068,18.58,17.63,-0.5176,,,,,0.0,72.0,3,19.9,15.87,-7.44,0.0,,8,,20260915
TX,Ternium S.A.,Basic Materials,Steel,NYSE,,591985,0,1.3438,,,,,,,,0.0,22.0,3,58.73,33.01,,0.0,,8,,20260915
MDDNF,Meridian Energy Limited,Utilities,Utilities - Renewable,PNK,2.98,291,7892820480,0.037,3.09,3.08,-3.0344,-13.34,-10.21,-24.67,-16.78,0.0,24.0,4,3.62,2.84,-17.68,0.0,,8,,20260915
NCLTY,"Nitori Holdings Co., Ltd.",Consumer Cyclical,"Furnishings, Fixtures & Appliances",PNK,10.54,170059,11911413760,0.3813,8.76,8.47,4.6594,,,,,0.0,83.75,2,11.56,6.9,-8.82,0.0,,8,,20260915
AXTI,"AXT, Inc.",Technology,Semiconductor Equipment & Materials,NASDAQ,,10327011,3741607680,5.1062,,,,,,,,0.0,22.0,3,143.16,3.7,,0.0,,8,,20260915
EQUEY,Equatorial S.A.,Utilities,Utilities - Regulated Electric,PNK,7.78,651,9924760576,0.1055,7.38,7.67,3.7964,1.13,-20.71,1.95,-6.19,0.0,52.5,3,9.59,6.3,-18.87,0.0,,8,,20260915
CNM,"Core & Main, Inc.",Industrials,Industrial Distribution,NYSE,,2394704,7527139840,1.4398,,,,,,,,0.0,20.75,3,59.66,40.1,,0.0,,8,,20260915
ACDSF,CapitaLand Ascendas REIT,Real Estate,REIT - Industrial,PNK,1.82,36275,9091290112,0.0197,1.88,1.98,-3.0308,-12.86,-25.7,-21.67,-20.88,0.0,24.0,4,2.32,1.72,-21.55,0.0,,8,,20260915
HDALF,Haidilao International Holding Ltd.,Consumer Cyclical,Restaurants,PNK,1.27,21993,7382119424,0.0557,1.5,1.75,-4.134,,,,,0.0,5.0,4,2.41,1.11,-47.3,0.0,,8,,20260915
ALV,"Autoliv, Inc.",Consumer Cyclical,Auto Parts,NYSE,,666101,8678609920,2.3865,,,,,,,,0.0,23.25,3,132.17,99.16,,0.0,,8,,20260915
CEF,Sprott Physical Gold and Silver Trust,Financial Services,Asset Management,NYSE,43.29,641222,7591601152,1.1841,42.95,46.71,0.2851,,,,,0.0,72.0,3,61.38,33.83,-29.47,0.0,,8,,20260915
AGX,"Argan, Inc.",Industrials,Engineering & Construction,NYSE,,346714,5507554816,23.91,,,,,,,,0.0,19.5,3,805.75,233.0,,0.0,,8,,20260915
AAL,American Airlines Group Inc.,Industrials,Airlines,NASDAQ,,99168595,8671806464,0.3262,,,,,,,,0.0,18.25,3,18.79,10.09,,0.0,,8,,20260915
GMWKF,Games Workshop Group PLC,Consumer Cyclical,Leisure,PNK,237.0,267,7930845696,14.5028,262.72,254.07,-1.7737,-8.72,-16.92,-4.11,-9.74,0.0,25.75,4,300.0,185.0,-21.0,0.0,,8,,20260915
SMNNY,Shimano Inc.,Consumer Cyclical,Leisure,PNK,11.56,68190,9748151296,0.3075,11.96,10.94,-1.2985,,,,,0.0,69.5,3,13.15,9.36,-12.09,0.0,,8,,20260915
IFUUF,Infratil Limited,Industrials,Conglomerates,PNK,8.4,54,8394224128,0.055,9.09,7.69,-12.517,-11.05,19.8,41.17,20.64,0.0,25.0,3,9.65,5.4,-12.95,0.0,,8,,20260915
SSAAF,SSAB AB (publ),Basic Materials,Steel,PNK,9.33,30,9298442240,0.0014,9.33,8.51,0.0,-2.67,2.45,39.65,16.05,0.0,50.0,3,9.99,5.88,-6.61,0.0,,8,,20260915
ZIONP,"Zions Bancorporation, National Association",Financial Services,Banks - Regional,NASDAQ,18.05,4876,0,0.196,17.99,18.62,0.3194,,,,,0.0,45.75,3,23.07,17.67,-21.76,0.0,,8,,20260915
ZION,"Zions Bancorporation, National Association",Financial Services,Banks - Regional,NASDAQ,,1532983,10097053696,1.2046,,,,,,,,0.0,20.75,3,73.34,46.19,,0.0,,8,,20260915
PSO,Pearson plc,Communication Services,Publishing,NYSE,,735432,9682027520,0.2238,,,,,,,,0.0,24.5,3,17.75,12.02,,0.0,,8,,20260915
NRKBF,NKT A/S,Industrials,Electrical Equipment & Parts,PNK,158.3,0,8461206528,0.0159,158.3,135.02,0.0,-3.86,10.56,61.92,27.5,0.0,75.0,3,158.3,87.75,0.0,0.0,,8,,20260915
GWKSY,Games Workshop Group PLC,Consumer Cyclical,Leisure,PNK,25.42,1107,8400087552,0.9731,26.77,26.25,-1.3858,-7.77,-9.66,9.23,-1.63,0.0,17.0,4,32.01,20.0,-20.59,0.0,,8,,20260915
AOMFF,Alstom SA,Industrials,Railroads,PNK,18.32,2153,8789704704,0.2387,18.45,24.13,-0.5288,-5.1,-47.88,-39.04,-33.65,0.0,40.75,4,35.21,17.06,-47.97,0.0,,8,,20260915
ALSN,"Allison Transmission Holdings, Inc.",Consumer Cyclical,Auto Parts,NYSE,,1056516,10197562368,4.0077,,,,,,,,0.0,22.0,3,137.62,76.01,,0.0,,8,,20260915
ZLIOY,"Zoomlion Heavy Industry Science and Technology Co., Ltd.",Industrials,Farm & Heavy Construction Machinery,PNK,7.05,103,9052148736,0.17,8.96,9.86,-11.2341,,,,,0.0,0.0,4,14.92,7.05,-52.75,0.0,,8,,20260915
ASR,"Grupo Aeroportuario del Sureste, S. A. B. de C. V.",Industrials,Airports & Air Services,NYSE,,61595,0,5.2715,,,,,,,,0.0,15.75,3,381.52,247.3,,0.0,,8,,20260915
CUBE,CubeSmart,Real Estate,REIT - Industrial,NYSE,,2101580,8990899200,0.6577,,,,,,,,0.0,19.5,3,43.26,35.09,,0.0,,8,,20260915
ADC,Agree Realty Corporation,Real Estate,REIT - Retail,NYSE,,1332593,8828172288,0.9284,,,,,,,,0.0,18.25,3,82.08,69.56,,0.0,,8,,20260915
ALSMY,Alstom SA,Industrials,Railroads,PNK,1.79,1477916,8280826368,0.0475,1.8,2.37,-0.2608,,,,,0.0,40.75,4,3.51,1.65,-49.0,0.0,,8,,20260915
CIFR,Cipher Digital Inc.,Technology,Information Technology Services,NASDAQ,,30758109,6489005568,1.2665,,,,,,,,0.0,25.75,3,30.14,10.47,,0.0,,8,,20260915
LKNCY,Luckin Coffee Inc.,Consumer Cyclical,Restaurants,OID,34.87,1337382,9982885888,1.5034,34.07,33.79,0.5329,,,,,0.0,91.25,2,43.64,27.22,-20.1,0.0,,8,,20260915
FROG,JFrog Ltd.,Technology,Software - Application,NASDAQ,,2644253,11467022336,5.813,,,,,,,,0.0,20.75,3,105.76,34.05,,0.0,,8,,20260915
UZAPF,Flughafen Zürich AG,Industrials,Airports & Air Services,PNK,252.0,69,7735885824,4.9151,286.05,299.31,-6.9277,-17.1,-34.33,-34.14,-29.94,0.0,2.5,4,351.79,252.0,-28.37,0.0,,8,,20260915
LLYVK,"Liberty Live Holdings, Inc.",Communication Services,Entertainment,NASDAQ,,338991,9096111104,2.7673,,,,,,,,0.0,20.75,3,109.75,76.94,,0.0,,8,,20260915
LLYVA,"Liberty Live Holdings, Inc.",Communication Services,Entertainment,NASDAQ,,194275,8815034368,2.3727,,,,,,,,0.0,18.25,3,106.06,74.38,,0.0,,8,,20260915
KIKOF,Kikkoman Corporation,Consumer Defensive,Packaged Foods,PNK,10.2,1,9462942720,0.0018,10.2,9.21,0.0,6.48,1.8,4.65,4.11,0.0,75.0,3,10.2,8.27,-0.0,0.0,,8,,20260915
SAIL,"SailPoint, Inc.",Technology,Software - Infrastructure,NASDAQ,,4009882,11349722112,1.1618,,,,,,,,0.0,20.75,3,24.0,10.3,,0.0,,8,,20260915
SEOAY,Stora Enso Oyj,Consumer Cyclical,Packaging & Containers,OQX,11.79,46641,9297829888,0.2114,11.24,11.72,2.604,,,,,0.0,87.5,3,14.41,9.92,-18.18,0.0,,8,,20260915
CRPAY,"Corporación Acciona Energías Renovables, S.A.",Utilities,Utilities - Renewable,PNK,12.33,31,8003388928,0.0066,12.42,12.77,-13.4712,-7.63,-12.47,-26.9,-17.03,0.0,24.0,4,16.51,12.0,-25.32,0.0,,8,,20260915
ICLR,ICON Public Limited Company,Healthcare,Diagnostics & Research,NASDAQ,,813491,13033659392,5.9685,,,,,,,,0.0,27.0,3,203.91,66.57,,0.0,,8,,20260915
INPOY,InPost S.A.,Industrials,Integrated Freight & Logistics,PNK,9.02,3673,8998567936,0.1144,8.86,8.3,1.3819,-1.71,-8.61,21.36,5.1,0.0,82.5,2,9.17,5.28,-1.64,0.0,,8,,20260915
FLS,Flowserve Corporation,Industrials,Specialty Industrial Machinery,NYSE,,1842870,9074581504,2.2162,,,,,,,,0.0,19.5,3,92.41,48.71,,0.0,,8,,20260915
SARO,"StandardAero, Inc.",Industrials,Aerospace & Defense,NYSE,,3528890,7809698304,0.6764,,,,,,,,0.0,14.5,3,34.48,23.51,,0.0,,8,,20260915
IMIUY,IMI plc,Industrials,Specialty Industrial Machinery,PNK,40.02,8091,9440205824,0.8517,40.36,40.02,-0.3969,,,,,0.0,69.5,3,43.62,34.07,-8.25,0.0,,8,,20260915
SNEX,StoneX Group Inc.,Financial Services,Capital Markets,NASDAQ,,1222997,8265864704,2.1354,,,,,,,,0.0,23.25,3,94.66,36.45,,0.0,,8,,20260915
MXL,"MaxLinear, Inc.",Technology,Semiconductors,NASDAQ,,3258900,5876012032,3.8638,,,,,,,,0.0,20.75,3,128.3,12.77,,0.0,,8,,20260915
SHZHY,Shenzhou International Group Holdings Limited,Consumer Cyclical,Textile Manufacturing,PNK,4.55,14751,6629566976,0.2333,5.14,6.32,-2.5163,-22.07,-46.89,-57.28,-44.84,0.0,17.5,4,9.4,4.33,-51.6,0.0,,8,,20260915
BVN,Compañía de Minas Buenaventura S.A.A.,Basic Materials,Other Precious Metals & Mining,NYSE,,1103909,8432364032,1.3454,,,,,,,,0.0,22.0,3,44.67,19.55,,0.0,,8,,20260915
KT,KT Corporation,Communication Services,Telecom Services,NYSE,,1507182,9510983680,0.3,,,,,,,,0.0,24.5,3,24.58,17.13,,0.0,,8,,20260915
W,Wayfair Inc.,Consumer Cyclical,Internet Retail,NYSE,,3151845,14352883712,3.6126,,,,,,,,0.0,24.5,3,119.98,55.6,,0.0,,8,,20260915
FLGZY,Flughafen Zürich AG,Industrials,Airports & Air Services,PNK,9.9,450,7597745152,0.1743,11.43,11.86,-8.7909,-17.36,-35.73,-34.32,-30.57,0.0,3.75,4,13.66,9.71,-27.53,0.0,,8,,20260915
ADRZY,Andritz AG,Industrials,Specialty Industrial Machinery,PNK,20.85,456,10216374272,0.1683,18.64,16.87,13.1344,,,,,0.0,75.0,2,20.85,13.59,0.0,0.0,,8,,20260915
WIGBY,WiseTech Global Limited,Technology,Software - Application,PNK,,251,8969201664,,,,,,,,,0.0,12.0,3,66.35,20.0,,0.0,,8,,20260915
KRYS,"Krystal Biotech, Inc.",Healthcare,Biotechnology,NASDAQ,,405722,10064492544,11.011,,,,,,,,0.0,25.75,3,382.54,145.46,,0.0,,8,,20260915
GGB,Gerdau S.A.,Basic Materials,Steel,NYSE,,13982254,9593212928,0.1469,,,,,,,,0.0,24.5,3,5.18,3.03,,0.0,,8,,20260915
FRHC,Freedom Holdings Corp.,Financial Services,Financial Conglomerates,NCM,,147574,10546652160,6.2238,,,,,,,,0.0,25.75,3,177.15,107.97,,0.0,,8,,20260915
SPHXF,"SM Prime Holdings, Inc.",Real Estate,Real Estate - Diversified,PNK,0.27,374,7613118976,0.0005,0.28,0.06,-32.0682,-8.48,-360.64,-309.69,-252.22,0.0,25.0,3,0.46,0.27,-42.3,0.0,,8,,20260915
LGN,Legence Corp.,Industrials,Engineering & Construction,NASDAQ,,1363506,8670959616,2.7676,,,,,,,,0.0,19.5,3,107.24,28.31,,0.0,,8,,20260915
TTC,The Toro Company,Industrials,Tools & Accessories,NYSE,,714846,8861438976,2.5385,,,,,,,,0.0,23.25,3,105.19,67.64,,0.0,,8,,20260915
RGTI,"Rigetti Computing, Inc.",Technology,Computer Hardware,NCM,,22185561,5096648704,0.7362,,,,,,,,0.0,22.0,3,58.15,12.53,,0.0,,8,,20260915
DDS,"Dillard's, Inc.",Consumer Cyclical,Department Stores,NYSE,,143903,10189973504,21.4415,,,,,,,,0.0,30.75,3,741.98,503.06,,0.0,,8,,20260915
GZPZY,Gaztransport & Technigaz SA,Energy,Oil & Gas Equipment & Services,PNK,50.43,703,9349397504,0.675,46.62,43.61,5.6507,,,,,0.0,77.5,2,51.45,36.36,-1.98,0.0,,8,,20260915
NCLTF,"Nitori Holdings Co., Ltd.",Consumer Cyclical,"Furnishings, Fixtures & Appliances",PNK,17.65,74,10300999680,0.0877,15.46,16.2,25.0098,5.97,-8.45,-101.38,-42.02,0.0,75.0,3,97.83,13.25,-81.96,0.0,,8,,20260915
CFR,"Cullen/Frost Bankers, Inc.",Financial Services,Banks - Regional,NYSE,,584675,10154489856,3.0809,,,,,,,,0.0,18.25,3,170.8,119.0,,0.0,,8,,20260915
GZPZF,Gaztransport & Technigaz SA,Energy,Oil & Gas Equipment & Services,PNK,240.39,43,8698665984,0.5824,229.79,217.21,18.1988,-1.65,2.17,44.63,18.2,0.0,75.0,2,246.86,147.38,-2.62,0.0,,8,,20260915
INPOF,InPost S.A.,Industrials,Integrated Freight & Logistics,PNK,17.92,12,8958573568,0.0166,17.56,16.68,21.6852,-1.29,-15.91,60.9,18.47,0.0,75.0,2,18.02,9.99,-0.55,0.0,,8,,20260915
STN,Stantec Inc.,Industrials,Engineering & Construction,NYSE,,432087,7916311040,1.8538,,,,,,,,0.0,20.75,3,114.52,66.26,,0.0,,8,,20260915
PRI,"Primerica, Inc.",Financial Services,Insurance - Life,NYSE,,188622,9091629056,4.6231,,,,,,,,0.0,19.5,3,327.28,230.09,,0.0,,8,,20260915
SHMDF,Shimano Inc.,Consumer Cyclical,Leisure,PNK,117.0,59,9866207232,1.2316,116.12,106.42,0.7123,,,,,0.0,77.5,2,130.0,94.15,-10.0,0.0,,8,,20260915
AYI,Acuity Inc.,Industrials,Electrical Equipment & Parts,NYSE,,327151,9251281920,7.8031,,,,,,,,0.0,19.5,3,380.17,257.04,,0.0,,8,,20260915
AVAV,"AeroVironment, Inc.",Industrials,Aerospace & Defense,NASDAQ,,1888288,7795895808,7.5215,,,,,,,,0.0,22.0,3,417.86,135.2,,0.0,,8,,20260915
ELPC,Companhia Paranaense de Energia,Utilities,Utilities - Regulated Electric,NYSE,,433609,9176095744,0.2569,,,,,,,,0.0,23.25,3,13.7,8.26,,0.0,,8,,20260915
XP,XP Inc.,Financial Services,Capital Markets,NASDAQ,,5559629,9943345152,0.7646,,,,,,,,0.0,24.5,3,23.13,14.8,,0.0,,8,,20260915
YMM,Full Truck Alliance Co. Ltd.,Technology,Software - Application,NYSE,,6813674,8524037632,0.2223,,,,,,,,0.0,22.0,3,14.07,7.46,,0.0,,8,,20260915
ASGLY,AGC Inc.,Industrials,Conglomerates,PNK,7.3,5006,7433782784,0.3339,7.46,7.53,-0.4684,-19.57,-19.31,-10.17,-15.72,0.0,32.75,4,10.69,6.05,-31.71,0.0,,8,,20260915
NIABY,NIBE Industrier AB (publ),Industrials,Building Products & Equipment,PNK,4.56,687,9193263104,0.0556,4.07,4.03,8.8585,15.51,5.7,-9.47,2.08,0.0,76.25,2,5.0,3.33,-8.8,0.0,,8,,20260915
FR,"First Industrial Realty Trust, Inc.",Real Estate,REIT - Industrial,NYSE,,1066143,8408854528,0.9346,,,,,,,,0.0,24.5,3,69.88,50.24,,0.0,,8,,20260915
KIKOY,Kikkoman Corporation,Consumer Defensive,Packaged Foods,PNK,22.85,35,11295227904,0.0928,21.28,19.37,16.9208,2.17,19.21,3.39,8.62,0.0,75.0,2,24.35,15.73,-6.16,0.0,,8,,20260915
WEGRY,Weir PLC,Industrials,Specialty Industrial Machinery,PNK,19.0,42235,9865257984,0.5636,18.07,19.17,1.6502,14.59,-19.87,-7.85,-6.45,0.0,70.75,3,24.85,15.38,-23.54,0.0,,8,,20260915
XNGSF,ENN Energy Holdings Limited,Utilities,Utilities - Regulated Gas,PNK,6.86,5603,9561951232,0.1046,5.95,7.66,8.6652,-2.68,-36.87,-40.26,-29.68,0.0,51.25,3,9.78,4.88,-29.86,0.0,,8,,20260915
CRUS,"Cirrus Logic, Inc.",Technology,Semiconductors,NASDAQ,,764959,5830676992,3.4469,,,,,,,,0.0,22.0,3,180.42,106.26,,0.0,,8,,20260915
AKBLF,ALK-Abelló A/S,Healthcare,Biotechnology,PNK,32.47,40,7204414464,0.3239,37.97,35.66,-16.9884,-20.37,-12.82,-0.45,-9.76,0.0,12.0,4,40.65,28.95,-20.12,0.0,,8,,20260915
CHWY,"Chewy, Inc.",Consumer Cyclical,Internet Retail,NYSE,,8550772,8581147136,1.0958,,,,,,,,0.0,27.0,3,40.55,17.4,,0.0,,8,,20260915
RYAN,"Ryan Specialty Holdings, Inc.",Financial Services,Insurance Brokers,NYSE,,2048629,10171315200,1.4008,,,,,,,,0.0,23.25,3,59.19,29.28,,0.0,,8,,20260915
HLTOY,Hellenic Telecommunications Organization S.A.,Communication Services,Telecom Services,PNK,11.52,6629,9462454272,0.2237,11.41,10.2,0.4873,4.3,7.33,7.02,6.45,0.0,92.5,2,11.9,8.96,-3.19,0.0,,8,,20260915
COLB,"Columbia Banking System, Inc.",Financial Services,Banks - Regional,NASDAQ,,2978470,8518187520,0.6394,,,,,,,,0.0,19.5,3,33.68,23.83,,0.0,,8,,20260915
PSPSF,PSP Swiss Property AG,Real Estate,Real Estate Services,PNK,181.89,4,8362191872,0.8733,180.08,185.41,2.0685,-6.9,-27.32,-9.54,-15.1,0.0,38.25,3,220.0,166.25,-17.32,0.0,,8,,20260915
BROS,Dutch Bros Inc.,Consumer Cyclical,Restaurants,NYSE,,3662995,7726212608,1.7639,,,,,,,,0.0,20.75,3,74.02,43.15,,0.0,,8,,20260915
WAL,Western Alliance Bancorporation,Financial Services,Banks - Regional,NYSE,,1030929,8638606336,1.7062,,,,,,,,0.0,18.25,3,97.23,65.82,,0.0,,8,,20260915
MBLY,Mobileye Global Inc.,Consumer Cyclical,Auto Parts,NASDAQ,,6011430,6937530368,0.2862,,,,,,,,0.0,18.25,3,15.81,6.47,,0.0,,8,,20260915
NNN,"NNN REIT, Inc.",Real Estate,REIT - Retail,NYSE,,1492327,8325259776,0.6438,,,,,,,,0.0,17.0,3,50.0,38.9,,0.0,,8,,20260915
MLSPF,Melrose Industries PLC,Industrials,Specialty Industrial Machinery,PNK,6.23,38733,7763187712,0.4119,6.63,7.25,-0.9778,,,,,0.0,38.75,4,9.6,5.79,-35.1,0.0,,8,,20260915
ALGM,"Allegro MicroSystems, Inc.",Technology,Semiconductors,NASDAQ,,2787440,6309708800,1.3768,,,,,,,,0.0,20.75,3,71.77,22.41,,0.0,,8,,20260915
SALRY,SalMar ASA,Consumer Defensive,Farm Products,PNK,15.39,20550,8343729152,0.3414,13.68,14.2,5.0156,,,,,0.0,90.0,3,16.17,11.29,-4.82,0.0,,8,,20260915
MTLHY,Mitsubishi Chemical Group Corporation,Basic Materials,Specialty Chemicals,PNK,37.05,35,10168419328,0.027,36.47,32.47,21.4527,2.91,16.96,14.03,12.28,0.0,75.0,2,38.74,26.51,-4.36,0.0,,8,,20260915
GAP,"The Gap, Inc.",Consumer Cyclical,Apparel Retail,NYSE,,7644279,7348571648,0.8385,,,,,,,,0.0,20.75,3,29.36,18.11,,0.0,,8,,20260915
TKHVY,Türk Hava Yollari Anonim Ortakligi,Industrials,Airlines,PNK,60.51,20,8303686144,0.2547,66.86,68.08,-24.9377,,,,,0.0,0.0,4,81.58,60.44,-25.83,0.0,,8,,20260915
YOKEF,Yokogawa Electric Corporation,Industrials,Specialty Industrial Machinery,PNK,36.29,16,9035553792,0.0285,35.02,14.61,44.4162,4.76,-401.95,622.16,109.37,0.0,75.0,2,36.29,19.1,0.0,0.0,,8,,20260915
DNOPY,Dino Polska S.A.,Consumer Defensive,Grocery Stores,PNK,9.3,84193,9117720576,0.3709,8.6,9.68,1.8774,,,,,0.0,73.25,3,15.62,7.16,-40.46,0.0,,8,,20260915
PRMB,Primo Brands Corporation,Consumer Defensive,Beverages - Non-Alcoholic,NYSE,,3761854,7637012480,0.8223,,,,,,,,0.0,20.75,3,26.21,14.36,,0.0,,8,,20260915
MSGS,Madison Square Garden Sports Corp.,Communication Services,Entertainment,NYSE,,240520,9542880256,8.234,,,,,,,,0.0,22.0,3,438.93,207.9,,0.0,,8,,20260915
NEMKY,Nemetschek SE,Technology,Software - Application,PNK,16.87,1050,9734731776,0.5555,14.97,16.59,3.4279,15.61,-21.34,-56.51,-26.17,0.0,76.25,3,27.52,11.25,-38.7,0.0,,8,,20260915
KRMN,Karman Holdings Inc.,Industrials,Aerospace & Defense,NYSE,,3340100,4604221440,2.5458,,,,,,,,0.0,14.5,3,118.38,33.99,,0.0,,8,,20260915
SBYSF,Sibanye Stillwater Limited,Basic Materials,Other Precious Metals & Mining,PNK,2.97,104,5693136384,0.0491,2.29,3.08,14.01,17.07,-34.01,17.7,-0.56,0.0,37.0,3,5.54,1.98,-46.3,0.0,,8,,20260915
ENS,EnerSys,Industrials,Electrical Equipment & Parts,NYSE,,544720,6107645952,5.2108,,,,,,,,0.0,17.0,3,244.3,106.18,,0.0,,8,,20260915
IESFY,Interconexión Eléctrica S.A. E.S.P.,Utilities,Utilities - Regulated Electric,OQX,236.21,66,10725929984,4.9461,226.25,199.19,2.0137,14.24,3.42,55.66,27.02,0.0,76.25,2,300.0,111.94,-21.26,0.0,,8,,20260915
EMN,Eastman Chemical Company,Basic Materials,Specialty Chemicals,NYSE,,1148722,7659884032,1.7669,,,,,,,,0.0,19.5,3,83.47,56.11,,0.0,,8,,20260915
LEVI,Levi Strauss & Co.,Consumer Cyclical,Apparel Manufacturing,NYSE,,2558896,7785526784,0.539,,,,,,,,0.0,19.5,3,25.7,17.72,,0.0,,8,,20260915
CNRAF,Vicinity Centres,Real Estate,REIT - Retail,PNK,1.85,237,5846823936,0.0014,1.84,1.63,9.9415,-1.09,12.67,2.43,5.14,0.0,75.0,2,1.9,1.26,-2.63,0.0,,8,,20260915
SNPTF,Sunny Optical Technology (Group) Company Limited,Technology,Electronic Components,PNK,7.67,4,7519223808,0.0389,7.57,7.82,2.6151,-23.97,-0.28,-39.16,-21.75,0.0,37.0,3,11.62,6.61,-34.02,0.0,,8,,20260915
HSIC,"Henry Schein, Inc.",Healthcare,Medical Distribution,NASDAQ,,1207472,9910941696,1.5792,,,,,,,,0.0,20.75,3,92.18,61.95,,0.0,,8,,20260915
FDS,FactSet Research Systems Inc.,Financial Services,Financial Data & Stock Exchanges,NYSE,,935033,9849165824,11.1589,,,,,,,,0.0,25.75,3,364.83,185.0,,0.0,,8,,20260915
KNTK,Kinetik Holdings Inc.,Energy,Oil & Gas Midstream,NYSE,,1060619,9229852672,1.4192,,,,,,,,0.0,22.0,3,56.92,31.33,,0.0,,8,,20260915
ENPH,"Enphase Energy, Inc.",Technology,Solar,NASDAQ,,5079569,4844422656,1.8662,,,,,,,,0.0,22.0,3,73.74,25.78,,0.0,,8,,20260915
SSL,Sasol Limited,Basic Materials,Specialty Chemicals,NYSE,,1489409,9295046656,0.3746,,,,,,,,0.0,29.5,3,14.81,5.24,,0.0,,8,,20260915
ARE,"Alexandria Real Estate Equities, Inc.",Real Estate,REIT - Office,NYSE,,1823408,8942070784,1.6408,,,,,,,,0.0,24.5,3,88.24,39.41,,0.0,,8,,20260915
BRRLY,Barry Callebaut AG,Consumer Defensive,Confectioners,PNK,13.5,21962,7401646080,0.3819,13.81,15.42,-0.8064,,,,,0.0,29.5,4,19.72,12.33,-31.54,0.0,,8,,20260915
CMHHY,China Merchants Port Holdings Company Limited,Industrials,Marine Shipping,PNK,20.8,116,8689879040,0.1137,18.4,19.21,21.0886,18.2,-15.81,-10.16,-5.05,0.0,78.75,3,21.81,16.45,-4.63,0.0,,8,,20260915
WEIGF,Weir PLC,Industrials,Specialty Industrial Machinery,PNK,39.1,148,8279240192,0.1848,35.97,37.49,16.925,20.54,-26.85,1.88,-3.51,0.0,75.0,3,48.94,30.55,-20.11,0.0,,8,,20260915
HESM,Hess Midstream LP,Energy,Oil & Gas Midstream,NYSE,,1142693,8224455168,0.8128,,,,,,,,0.0,19.5,3,41.44,31.63,,0.0,,8,,20260915
CCOEY,"Capcom Co., Ltd.",Communication Services,Electronic Gaming & Multimedia,PNK,14.11,112998,11804675072,0.3703,12.16,11.08,5.2574,,,,,0.0,87.5,2,14.79,8.63,-4.6,0.0,,8,,20260915
TYCMY,Tingyi (Cayman Islands) Holding Corp.,Consumer Defensive,Packaged Foods,PNK,30.89,15216,8706942976,1.3537,31.16,29.61,-0.2017,,,,,0.0,74.5,3,36.6,23.63,-15.6,0.0,,8,,20260915
STJPF,St. James's Place plc,Financial Services,Asset Management,PNK,14.05,30,7479241728,0.0188,14.72,17.02,-35.8002,-14.54,-35.07,-33.84,-29.45,0.0,12.0,4,21.03,14.05,-33.19,0.0,,8,,20260915
VFS,VinFast Auto Ltd.,Consumer Cyclical,Auto Manufacturers,NASDAQ,,392964,7322748416,0.0905,,,,,,,,0.0,19.5,3,5.29,2.78,,0.0,,8,,20260915
MTCH,"Match Group, Inc.",Communication Services,Internet Content & Information,NASDAQ,,3342782,10065451008,1.1118,,,,,,,,0.0,27.0,3,43.72,28.81,,0.0,,8,,20260915
SFOSF,"Shanghai Fosun Pharmaceutical (Group) Co., Ltd.",Healthcare,Drug Manufacturers - Specialty & Generic,PNK,1.93,206,8277919232,0.0282,2.16,2.5,-7.9419,-8.22,-32.44,-57.15,-36.27,0.0,25.0,4,3.5,1.93,-44.8,0.0,,8,,20260915
ICL,ICL Group Ltd,Basic Materials,Agricultural Inputs,NYSE,,1305725,0,0.1056,,,,,,,,0.0,24.5,3,6.97,4.76,,0.0,,8,,20260915
Z,"Zillow Group, Inc.",Communication Services,Internet Content & Information,NASDAQ,,3816491,7461351424,1.3989,,,,,,,,0.0,22.0,3,93.88,29.23,,0.0,,8,,20260915
ZG,"Zillow Group, Inc.",Communication Services,Internet Content & Information,NASDAQ,,1204912,7607520256,1.3931,,,,,,,,0.0,20.75,3,90.22,29.03,,0.0,,8,,20260915
TKR,The Timken Company,Industrials,Tools & Accessories,NYSE,,936719,8073081856,3.1385,,,,,,,,0.0,19.5,3,146.37,70.57,,0.0,,8,,20260915
CMHHF,China Merchants Port Holdings Company Limited,Industrials,Marine Shipping,PNK,2.18,1301,9823340544,0.0389,1.95,1.92,5.9651,18.61,-3.09,-6.22,1.08,0.0,76.25,2,2.34,1.35,-6.84,0.0,,8,,20260915
XNGSY,ENN Energy Holdings Limited,Utilities,Utilities - Regulated Gas,PNK,24.6,60209,6846245376,0.9061,23.52,29.3,1.1952,-6.4,-40.62,-40.43,-31.99,0.0,68.75,3,39.4,20.55,-37.56,0.0,,8,,20260915
BYCBF,Barry Callebaut AG,Consumer Defensive,Confectioners,PNK,1348.67,17,7346819584,13.4758,1379.43,1537.33,-2.2825,-9.02,-43.81,-19.15,-25.25,0.0,12.0,4,1908.75,1261.6,-29.34,0.0,,8,,20260915
FNMA,Federal National Mortgage Association,Financial Services,Mortgage Finance,OQB,5.53,3213203,6404224512,0.2483,6.06,7.56,-2.1285,,,,,0.0,8.75,4,14.99,3.6,-63.11,0.0,,8,,20260915
FNMAH,Federal National Mortgage Association,Financial Services,Mortgage Finance,OQB,7.03,8012,40349785278,0.3282,7.38,9.5,-1.0613,-21.15,-46.02,-67.4,-48.35,0.0,18.25,4,14.35,6.45,-51.0,0.0,,8,,20260915
FNMAJ,Federal National Mortgage Association,Financial Services,Mortgage Finance,OQB,7.5,12003,43041300480,0.2762,7.99,10.16,-1.7639,,,,,0.0,8.75,4,15.52,6.95,-51.68,0.0,,8,,20260915
FNMAT,Federal National Mortgage Association,Financial Services,Mortgage Finance,OQB,7.7,73556,44189067398,0.2711,8.38,10.5,-2.4934,,,,,0.0,8.75,4,16.62,7.7,-53.67,0.0,,8,,20260915
FNMAI,Federal National Mortgage Association,Financial Services,Mortgage Finance,OQB,7.5,18639,43041300480,0.138,7.79,9.97,-2.1275,-20.06,-42.19,-68.0,-46.98,0.0,15.75,4,15.34,7.25,-51.11,0.0,,8,,20260915
FNMFO,Federal National Mortgage Association,Financial Services,Mortgage Finance,OQB,32000.0,19,183642882048000,125.2792,32870.0,40871.25,-6.9445,-17.38,-43.29,-59.77,-43.4,0.0,12.0,4,63000.0,30200.0,-49.21,0.0,,8,,20260915
FNMAP,Federal National Mortgage Association,Financial Services,Mortgage Finance,OQB,11.5,9251,0,0.3933,12.02,15.61,-1.3207,,,,,0.0,15.75,4,24.79,10.61,-53.61,0.0,,8,,20260915
FNMFN,Federal National Mortgage Association,Financial Services,Mortgage Finance,OQB,15.25,9675,87517310976,0.3485,15.75,20.2,-1.4227,,,,,0.0,19.5,4,30.97,14.27,-50.76,0.0,,8,,20260915
FNMAK,Federal National Mortgage Association,Financial Services,Mortgage Finance,OQB,14.2,346,81491527814,0.1641,14.26,17.99,-0.3424,-13.65,-38.18,-64.88,-42.73,0.0,12.0,4,27.24,12.75,-47.87,0.0,,8,,20260915
FNMAG,Federal National Mortgage Association,Financial Services,Mortgage Finance,OQB,14.52,530,83327960356,0.1502,14.74,18.55,-1.4713,-15.43,-37.04,-65.2,-42.9,0.0,12.0,4,28.15,13.51,-48.42,0.0,,8,,20260915
FNMFM,Federal National Mortgage Association,Financial Services,Mortgage Finance,OQB,12.8,1927,73457153913,0.1483,13.24,17.3,-2.9567,,,,,0.0,13.25,4,26.5,12.12,-51.7,0.0,,8,,20260915
FNMAO,Federal National Mortgage Association,Financial Services,Mortgage Finance,OQB,12.0,1540,68866080768,0.1914,12.36,15.54,-1.8599,-10.48,-42.63,-66.78,-44.25,0.0,12.0,4,24.85,10.7,-51.71,0.0,,8,,20260915
FNMAL,Federal National Mortgage Association,Financial Services,Mortgage Finance,OQB,12.43,825,71333783746,0.2199,12.88,16.7,-2.0574,-16.7,-45.33,-71.58,-48.67,0.0,14.5,4,27.04,11.69,-54.03,0.0,,8,,20260915
FNMAS,Federal National Mortgage Association,Financial Services,Mortgage Finance,OQB,10.0,545669,57388400640,0.2689,9.95,12.25,0.2044,-17.66,-36.62,-58.78,-40.74,0.0,38.75,3,17.99,9.2,-44.41,0.0,,8,,20260915
FNMAN,Federal National Mortgage Association,Financial Services,Mortgage Finance,OQB,13.75,1338,78909050880,0.2324,14.46,18.16,-3.0536,-11.58,-41.43,-66.58,-44.03,0.0,14.5,4,27.44,12.92,-49.89,0.0,,8,,20260915
FNMAM,Federal National Mortgage Association,Financial Services,Mortgage Finance,OQB,13.91,19443,79827264414,0.2658,14.31,18.29,-1.4999,,,,,0.0,18.25,4,28.85,12.6,-51.79,0.0,,8,,20260915
ASXFY,ASX Limited,Financial Services,Financial Data & Stock Exchanges,PNK,39.02,25517,7624892416,0.7991,39.0,37.17,0.0189,,,,,0.0,83.75,2,45.74,32.12,-14.69,0.0,,8,,20260915
EDU,New Oriental Education & Technology Group Inc.,Consumer Defensive,Education & Training Services,NYSE,,744937,0,1.3292,,,,,,,,0.0,24.5,3,64.97,44.25,,0.0,,8,,20260915
LUNR,"Intuitive Machines, Inc.",Industrials,Aerospace & Defense,NASDAQ,,9933091,2227077888,0.7571,,,,,,,,0.0,18.25,3,46.75,7.78,,0.0,,8,,20260915
NE,Noble Corporation plc,Energy,Oil & Gas Drilling,NYSE,,1538091,7005101056,1.5384,,,,,,,,0.0,19.5,3,54.98,26.7,,0.0,,8,,20260915
TEM,"Tempus AI, Inc.",Healthcare,Health Information Services,NASDAQ,,6353716,11224845312,4.2508,,,,,,,,0.0,24.5,3,104.32,40.77,,0.0,,8,,20260915
RTLLF,RATIONAL Aktiengesellschaft,Industrials,Specialty Industrial Machinery,PNK,695.2,24,8382508032,7.9257,748.07,768.45,-6.6702,-15.93,-30.24,-24.54,-24.39,0.0,12.0,4,887.11,695.2,-21.63,0.0,,8,,20260915
SCVPY,The Siam Cement Public Company Limited,Industrials,Conglomerates,PNK,7.4,50,8880000000,0.0732,7.98,6.43,-7.9868,-4.61,39.29,36.16,27.06,0.0,51.25,3,8.56,4.9,-13.55,0.0,,8,,20260915
NDRBF,NIBE Industrier AB (publ),Industrials,Building Products & Equipment,PNK,4.55,372,9410259968,0.0234,4.04,3.98,21.8214,13.87,8.68,-4.6,4.67,0.0,75.0,2,4.87,3.5,-6.63,0.0,,8,,20260915
CIADY,China Mengniu Dairy Company Limited,Consumer Defensive,Packaged Foods,PNK,23.36,9617,8904418304,0.3851,23.15,20.87,0.5479,6.59,3.6,8.84,6.44,0.0,80.0,2,24.81,17.81,-5.84,0.0,,8,,20260915
FRO,Frontline plc,Energy,Oil & Gas Midstream,NYSE,,2590485,11246908416,1.4108,,,,,,,,0.0,24.5,3,50.78,20.47,,0.0,,8,,20260915
EGO,Eldorado Gold Corporation,Basic Materials,Gold,NYSE,,2697814,10734953472,1.6863,,,,,,,,0.0,24.5,3,51.16,24.44,,0.0,,8,,20260915
ALNPY,ANA Holdings Inc.,Industrials,Airlines,PNK,4.06,5262,8716652544,0.2161,3.86,3.82,0.9228,,,,,0.0,86.25,2,4.48,3.3,-9.38,0.0,,8,,20260915
IGGHY,IG Group Holdings plc,Financial Services,Capital Markets,PNK,18.4,146,5607081472,0.1916,21.39,19.25,-15.589,-18.42,-14.37,5.22,-7.54,0.0,12.0,4,25.0,13.35,-26.4,0.0,,8,,20260915
CIBEY,Commercial International Bank Egypt (CIB) S.A.E.,Financial Services,Banks - Regional,OQX,2.44,11240,8050238464,0.0613,2.62,2.49,-2.9343,,,,,0.0,47.0,3,2.87,1.84,-14.98,0.0,,8,,20260915
PPRQF,Choice Properties Real Estate Investment Trust,Real Estate,REIT - Retail,PNK,11.13,10417,8099851264,0.0238,11.37,11.09,-10.0924,-7.08,-15.67,-16.03,-13.67,0.0,38.25,3,11.81,9.86,-5.76,0.0,,8,,20260915
MANH,"Manhattan Associates, Inc.",Technology,Software - Application,NASDAQ,,800337,12333833216,6.5054,,,,,,,,0.0,27.0,3,227.03,119.06,,0.0,,8,,20260915
ORA,"Ormat Technologies, Inc.",Utilities,Utilities - Renewable,NYSE,,878532,5662638592,3.6638,,,,,,,,0.0,17.0,3,146.39,90.77,,0.0,,8,,20260915
NEXNY,Nexans S.A.,Industrials,Electrical Equipment & Parts,PNK,80.16,788,7021086208,0.6129,79.01,77.94,1.8754,-9.45,3.42,-12.23,-6.06,0.0,51.25,2,97.43,64.44,-17.73,0.0,,8,,20260915
FITGF,FIT Hon Teng Limited,Technology,Electronic Components,PNK,0.72,7752,5098496512,0.0234,0.7,0.81,0.8141,-28.27,-17.14,9.9,-9.11,0.0,30.0,3,1.4,0.53,-48.79,0.0,,8,,20260915
CPBLF,ALS Limited,Industrials,Consulting Services,PNK,15.5,8,8864528384,0.0201,15.84,15.28,-17.1511,-7.66,-19.08,23.07,0.63,0.0,37.0,3,18.19,10.95,-14.79,0.0,,8,,20260915
AGCO,AGCO Corporation,Industrials,Farm & Heavy Construction Machinery,NYSE,,943893,8564880384,4.78,,,,,,,,0.0,24.5,3,143.78,98.22,,0.0,,8,,20260915
REXR,"Rexford Industrial Realty, Inc.",Real Estate,REIT - Industrial,NYSE,,2670859,8786422784,0.5531,,,,,,,,0.0,24.5,3,44.38,32.14,,0.0,,8,,20260915
SFM,"Sprouts Farmers Market, Inc.",Consumer Defensive,Grocery Stores,NASDAQ,,2020190,7001963520,3.56,,,,,,,,0.0,27.0,3,135.76,64.75,,0.0,,8,,20260915
ASGLF,AGC Inc.,Industrials,Conglomerates,PNK,38.35,0,8145301504,0.16,38.35,-11.21,0.0,-161.4,-187.94,-88.51,-141.53,0.0,75.0,3,38.35,30.0,-0.0,0.0,,8,,20260915
VIRT,"Virtu Financial, Inc.",Financial Services,Capital Markets,NYSE,,1314106,5291859968,2.167,,,,,,,,0.0,20.75,3,68.76,31.55,,0.0,,8,,20260915
ACKDF,Auckland International Airport Limited,Industrials,Airports & Air Services,PNK,4.65,2059,9349828608,0.0903,5.14,4.97,-5.4074,-1.21,-26.79,-24.16,-19.34,0.0,38.25,3,5.59,4.19,-16.82,0.0,,8,,20260915
CDNTF,"Canadian Tire Corporation, Limited",Consumer Cyclical,Specialty Retail,PNK,155.7,3,8709533696,0.1481,160.8,167.1,-34.4037,-19.92,-16.33,-36.64,-25.35,0.0,24.0,4,236.05,150.14,-34.04,0.0,,8,,20260915
CHOLF,China Oilfield Services Limited,Energy,Oil & Gas Equipment & Services,PNK,0.9,83,4183254784,0.0007,0.89,1.03,16.144,-26.94,-40.36,-13.83,-26.39,0.0,25.0,3,1.23,0.86,-26.83,0.0,,8,,20260915
MTLHF,Mitsubishi Chemical Group Corporation,Basic Materials,Specialty Chemicals,PNK,6.26,0,9510814720,0.0009,6.26,6.26,0.0,-3.86,-27.81,-1.56,-11.32,0.0,50.0,3,7.25,5.16,-13.66,0.0,,8,,20260915
NXDCF,NEXTDC Limited,Technology,Information Technology Services,PNK,9.3,532,7068740608,0.0796,9.86,9.71,-7.0875,-15.38,-16.58,-36.15,-24.11,0.0,12.0,4,12.29,7.52,-24.37,0.0,,8,,20260915
SKPJF,SKY Perfect JSAT Corporation,Communication Services,Broadcasting,PNK,22.38,0,6343064576,0.0093,22.38,3.16,0.0,-3.86,-255.2,-36.91,-105.05,0.0,50.0,3,28.0,7.0,-20.09,0.0,,8,,20260915
CHRD,Chord Energy Corporation,Energy,Oil & Gas E&P,NASDAQ,,800082,8271412224,4.1654,,,,,,,,0.0,22.0,3,156.32,84.25,,0.0,,8,,20260915
HALO,"Halozyme Therapeutics, Inc.",Healthcare,Biotechnology,NASDAQ,,1973282,12250974208,2.4446,,,,,,,,0.0,27.0,3,111.15,61.23,,0.0,,8,,20260915
AUKNY,Auckland International Airport Limited,Industrials,Airports & Air Services,PNK,24.95,85,8414845440,0.1628,25.43,24.48,-2.9321,1.32,-18.14,-9.05,-9.64,0.0,62.0,3,29.59,20.69,-15.68,0.0,,8,,20260915
STBFY,Suntory Beverage & Food Limited,Consumer Defensive,Beverages - Non-Alcoholic,PNK,14.6,62954,9022789632,0.2356,14.37,14.6,0.9843,,,,,0.0,91.25,3,16.91,12.83,-13.69,0.0,,8,,20260915
SM,SM Energy Company,Energy,Oil & Gas E&P,NYSE,,3806566,9283443712,1.1447,,,,,,,,0.0,23.25,3,39.96,17.45,,0.0,,8,,20260915
ALBHF,Alibaba Health Information Technology Limited,Healthcare,Pharmaceutical Retailers,PNK,0.4,406,9399467008,0.0107,0.41,0.55,-1.0944,-8.59,-50.2,-66.2,-46.2,0.0,40.75,4,0.9,0.37,-55.56,0.0,,8,,20260915
KLYCY,Kunlun Energy Company Limited,Energy,Oil & Gas Refining & Marketing,PNK,9.57,6570,8507789312,0.2333,9.1,9.44,2.0082,5.38,-25.41,-12.88,-12.7,0.0,80.0,3,11.76,7.77,-18.62,0.0,,8,,20260915
ELEEF,Element Fleet Management Corp.,Industrials,Rental & Leasing Services,PNK,18.48,109727,7317938688,0.4149,20.58,22.49,-5.055,,,,,0.0,7.5,4,27.57,17.9,-32.97,0.0,,8,,20260915
NSANF,"Nissan Motor Co., Ltd.",Consumer Cyclical,Auto Manufacturers,PNK,2.08,5900,7272475136,0.0876,2.08,2.32,0.0434,,,,,0.0,26.25,3,3.28,1.8,-36.59,0.0,,8,,20260915
FKKFY,"Fukuoka Financial Group, Inc.",Financial Services,Banks - Regional,PNK,25.61,527,9486854144,0.5064,23.58,20.24,4.0001,25.81,29.13,51.01,37.05,0.0,81.25,2,25.8,12.88,-0.74,0.0,,8,,20260915
CORZ,"Core Scientific, Inc.",Technology,Software - Infrastructure,NASDAQ,,12226220,5449933824,0.9215,,,,,,,,0.0,20.75,3,30.46,13.36,,0.0,,8,,20260915
YOU,"Clear Secure, Inc.",Technology,Software - Application,NYSE,,1564317,5735688704,1.449,,,,,,,,0.0,19.5,3,69.07,29.43,,0.0,,8,,20260915
ACI,"Albertsons Companies, Inc.",Consumer Defensive,Grocery Stores,NYSE,,8567924,6173343232,0.3176,,,,,,,,0.0,23.25,3,20.0,10.86,,0.0,,8,,20260915
OSK,Oshkosh Corporation,Industrials,Farm & Heavy Construction Machinery,NYSE,,700706,8853479424,4.8923,,,,,,,,0.0,24.5,3,180.49,116.77,,0.0,,8,,20260915
ZWS,Zurn Elkay Water Solutions Corporation,Industrials,Pollution & Treatment Controls,NYSE,,970496,7644676096,0.8838,,,,,,,,0.0,17.0,3,55.0,43.06,,0.0,,8,,20260915
CWEN,"Clearway Energy, Inc.",Utilities,Utilities - Renewable,NYSE,,1335508,7470604800,0.8208,,,,,,,,0.0,19.5,3,41.74,27.67,,0.0,,8,,20260915
TAP,Molson Coors Beverage Company,Consumer Defensive,Beverages - Brewers,NYSE,,3015474,7286620160,1.0172,,,,,,,,0.0,20.75,3,54.82,37.76,,0.0,,8,,20260915
DUFRY,Avolta AG,Consumer Cyclical,Specialty Retail,PNK,5.17,46730,7315999232,0.1097,5.87,5.91,-6.3523,,,,,0.0,8.75,4,6.81,5.12,-24.08,0.0,,8,,20260915
SHBBF,Syensqo SA/NV,Basic Materials,Chemicals,PNK,94.56,321,9642210304,1.0594,87.86,76.98,6.3257,24.8,54.4,-5.41,23.08,0.0,77.5,2,98.2,48.08,-3.71,0.0,,8,,20260915
SBSW,Sibanye Stillwater Limited,Basic Materials,Other Precious Metals & Mining,NYSE,,5343401,8615340032,0.4238,,,,,,,,0.0,23.25,3,21.29,7.87,,0.0,,8,,20260915
SSDOF,"Shiseido Company, Limited",Consumer Defensive,Household & Personal Products,PNK,22.5,177,8991548416,0.0601,19.94,18.8,42.6196,26.57,-3.28,14.54,11.31,0.0,75.0,2,22.5,15.05,0.0,0.0,,8,,20260915
BLDR,"Builders FirstSource, Inc.",Industrials,Building Products & Equipment,NYSE,,2253572,6481610752,2.6423,,,,,,,,0.0,18.25,3,142.5,58.13,,0.0,,8,,20260915
AMG,"Affiliated Managers Group, Inc.",Financial Services,Asset Management,NYSE,,278206,9050459136,9.7569,,,,,,,,0.0,22.0,3,392.92,230.1,,0.0,,8,,20260915
CMC,Commercial Metals Company,Industrials,Metal Fabrication,NYSE,,1259396,0,1.9731,,,,,,,,0.0,22.0,3,84.87,53.08,,0.0,,8,,20260915
SOBO,South Bow Corporation,Energy,Oil & Gas Midstream,NYSE,,717069,7452853760,0.8488,,,,,,,,0.0,18.25,3,39.02,25.02,,0.0,,8,,20260915
NSANY,"Nissan Motor Co., Ltd.",Consumer Cyclical,Auto Manufacturers,PNK,4.1,229617,7167583744,0.1175,4.11,4.58,-0.08,,,,,0.0,44.5,4,6.06,3.72,-32.34,0.0,,8,,20260915
ALBBY,Alibaba Health Information Technology Limited,Healthcare,Pharmaceutical Retailers,PNK,7.93,515,6502471168,0.1218,8.31,11.24,-3.1534,-1.22,-60.66,-63.78,-47.05,0.0,38.25,4,19.45,7.76,-59.23,0.0,,8,,20260915
BOKF,BOK Financial Corporation,Financial Services,Banks - Regional,NASDAQ,,255937,8286170112,2.2915,,,,,,,,0.0,19.5,3,146.84,102.72,,0.0,,8,,20260915
NXPRF,Nexans S.A.,Industrials,Electrical Equipment & Parts,PNK,164.42,66,6942492160,1.1697,156.54,155.12,6.7375,-9.31,-0.38,-6.17,-4.93,0.0,51.25,2,201.32,136.79,-18.33,0.0,,8,,20260915
FLY,Firefly Aerospace Inc.,Industrials,Aerospace & Defense,NASDAQ,,3902146,3575763200,1.1498,,,,,,,,0.0,24.5,3,62.17,16.0,,0.0,,8,,20260915
MYTKY,Magyar Telekom Távközlési Nyilvánosan Müködö Részvénytársaság,Communication Services,Telecom Services,PNK,8.11,7806,7103091712,0.1672,8.4,11.08,-1.7193,-12.22,26.7,-87.99,-28.91,0.0,15.75,4,29.53,5.22,-72.54,0.0,,8,,20260915
AOS,A. O. Smith Corporation,Industrials,Specialty Industrial Machinery,NYSE,,1641445,7798434304,1.35,,,,,,,,0.0,22.0,3,81.87,54.16,,0.0,,8,,20260915
ESALF,"Eisai Co., Ltd.",Healthcare,Drug Manufacturers - Specialty & Generic,PNK,30.61,33,8639244288,0.2555,28.29,28.66,9.0891,24.32,-13.63,-20.63,-6.94,0.0,75.0,3,35.83,23.88,-14.57,0.0,,8,,20260915
PTBRY,PT Bank Negara Indonesia (Persero) Tbk,Financial Services,Banks - Regional,PNK,10.95,2187,8442390016,0.3496,10.06,11.21,2.5392,5.86,-19.82,-15.62,-11.72,0.0,63.25,3,15.49,8.38,-29.31,0.0,,8,,20260915
TKAMY,thyssenkrupp AG,Industrials,Conglomerates,PNK,17.28,21954,10874151936,0.5334,14.99,12.42,4.2998,,,,,0.0,88.75,2,18.16,8.16,-4.82,0.0,,8,,20260915
JINFF,China Gold International Resources Corp. Ltd.,Basic Materials,Other Precious Metals & Mining,PNK,32.59,8162,12919124992,1.4124,25.9,22.47,4.7341,,,,,0.0,86.25,2,35.5,14.26,-8.2,0.0,,8,,20260915
UBTRF,Ubtech Robotics Corp Ltd,Industrials,Specialty Industrial Machinery,PNK,10.05,3649,5059184128,0.4678,10.05,10.05,0.0,,,,,0.0,70.82,3,11.19,9.87,-10.15,0.0,,8,,20260915
HCXLF,Hiscox Ltd,Financial Services,Insurance - Property & Casualty,PNK,25.0,161,7936376832,0.0499,24.63,21.19,7.3715,-2.03,15.19,26.87,15.56,0.0,75.0,2,25.26,17.2,-1.03,0.0,,8,,20260915
IDA,"IDACORP, Inc.",Utilities,Utilities - Regulated Electric,NYSE,,545612,7747363328,2.36,,,,,,,,0.0,19.5,3,154.91,124.12,,0.0,,8,,20260915
EMLAF,Empire Company Limited,Consumer Defensive,Grocery Stores,PNK,33.65,45717,7527331328,0.5059,35.01,34.78,-2.6969,,,,,0.0,27.75,4,37.44,32.56,-10.12,0.0,,8,,20260915
WILYY,Demant A/S,Healthcare,Medical Devices,PNK,22.82,117,10017683456,0.1045,21.71,17.77,10.638,9.95,49.53,0.06,19.85,0.0,75.0,2,23.75,13.45,-3.92,0.0,,8,,20260915
WJRYF,West Japan Railway Company,Industrials,Railroads,PNK,18.23,267,8669345792,0.1691,18.2,19.21,0.1455,5.99,-28.2,-38.89,-23.93,0.0,62.0,3,25.03,15.46,-27.19,0.0,,8,,20260915
FBBPF,FIBRA Prologis,Real Estate,REIT - Industrial,PNK,4.39,5267,7039821824,0.1536,4.43,4.51,-0.2507,-10.63,-13.29,-4.68,-9.18,0.0,30.25,4,5.18,3.76,-15.12,0.0,,8,,20260915
WFRD,Weatherford International plc,Energy,Oil & Gas Equipment & Services,NASDAQ,,1244224,6039912448,3.9037,,,,,,,,0.0,19.5,3,113.15,60.84,,0.0,,8,,20260915
HCXLY,Hiscox Ltd,Financial Services,Insurance - Property & Casualty,PNK,50.46,1575,8174468096,1.7886,50.32,50.46,0.0776,1.94,3.33,16.75,8.35,0.0,76.25,3,53.59,36.78,-5.84,0.0,,8,,20260915
ASXFF,ASX Limited,Financial Services,Financial Data & Stock Exchanges,PNK,40.58,504,7034755072,0.2258,39.88,37.36,3.0906,16.66,-0.07,-15.56,-2.08,0.0,75.0,2,44.2,30.9,-8.19,0.0,,8,,20260915
DVCMY,Davide Campari-Milano N.V.,Consumer Defensive,Beverages - Wineries & Distilleries,PNK,6.93,180480,8311580672,0.1766,6.62,6.76,1.7311,,,,,0.0,85.0,3,8.0,6.0,-13.38,0.0,,8,,20260915
YOKEY,Yokogawa Electric Corporation,Industrials,Specialty Industrial Machinery,PNK,60.94,40,7983604224,0.6052,69.8,68.4,-14.649,-3.96,-38.77,-13.28,-19.87,0.0,25.0,3,79.89,53.36,-23.72,0.0,,8,,20260915
SDXAY,Sodexo S.A.,Industrials,Specialty Business Services,PNK,13.01,86059,9491139584,0.1659,12.88,11.16,0.7619,,,,,0.0,83.75,2,13.69,9.08,-4.97,0.0,,8,,20260915
BIO,"Bio-Rad Laboratories, Inc.",Healthcare,Medical Devices,NYSE,,290306,9854354432,9.9769,,,,,,,,0.0,19.5,3,396.23,236.73,,0.0,,8,,20260915
CRL,"Charles River Laboratories International, Inc.",Healthcare,Diagnostics & Research,NYSE,,900304,13155087360,6.9831,,,,,,,,0.0,24.5,3,303.31,144.26,,0.0,,8,,20260915
WJRYY,West Japan Railway Company,Industrials,Railroads,PNK,19.85,47358,9033413632,0.5433,18.52,18.99,2.4493,,,,,0.0,86.25,3,23.85,15.08,-16.77,0.0,,8,,20260915
CELH,"Celsius Holdings, Inc.",Consumer Defensive,Beverages - Non-Alcoholic,NCM,,9777285,7198846976,1.2677,,,,,,,,0.0,23.25,3,66.74,23.56,,0.0,,8,,20260915
NFG,National Fuel Gas Company,Energy,Oil & Gas Integrated,NYSE,,624756,7672040448,1.2946,,,,,,,,0.0,22.0,3,97.06,75.17,,0.0,,8,,20260915
CAMT,Camtek Ltd.,Technology,Semiconductor Equipment & Materials,NASDAQ,,488133,6246068736,5.8954,,,,,,,,0.0,22.0,3,215.99,85.38,,0.0,,8,,20260915
KEX,Kirby Corporation,Industrials,Marine Shipping,NYSE,,537143,7312272384,3.0262,,,,,,,,0.0,22.0,3,157.69,79.52,,0.0,,8,,20260915
PDI,PIMCO Dynamic Income Fund,Financial Services,Asset Management,NYSE,14.43,3109225,6812100096,0.2043,15.44,15.94,-4.9485,,,,,0.0,20.75,4,19.96,14.4,-27.71,0.0,,8,,20260915
TBVPF,Thai Beverage Public Company Limited,Consumer Defensive,Beverages - Wineries & Distilleries,PNK,0.37,1340,8117790208,0.0066,0.36,0.34,1.8111,2.78,-9.93,-20.08,-10.81,0.0,75.0,2,0.4,0.3,-7.75,0.0,,8,,20260915
ESE,ESCO Technologies Inc.,Technology,Scientific & Technical Instruments,NYSE,,230895,6818612736,7.0662,,,,,,,,0.0,18.25,3,362.15,193.68,,0.0,,8,,20260915
UGI,UGI Corporation,Utilities,Utilities - Regulated Gas,NYSE,,1796959,8090749952,0.6815,,,,,,,,0.0,23.25,3,41.34,31.62,,0.0,,8,,20260915
CBSH,"Commerce Bancshares, Inc.",Financial Services,Banks - Regional,NASDAQ,,1114196,8412297216,0.7701,,,,,,,,0.0,22.0,3,60.92,46.99,,0.0,,8,,20260915
SSD,"Simpson Manufacturing Co., Inc.",Basic Materials,Lumber & Wood Production,NYSE,,292470,7032561152,4.2392,,,,,,,,0.0,19.5,3,213.49,156.32,,0.0,,8,,20260915
BIRK,Birkenstock Holding plc,Consumer Cyclical,Footwear & Accessories,NYSE,,2308869,5062769664,1.2188,,,,,,,,0.0,17.0,3,50.73,30.25,,0.0,,8,,20260915
BZQIY,Bezeq The Israel Telecommunication Corp. Ltd,Communication Services,Telecom Services,PNK,12.33,133,7555450368,0.3926,12.0,12.3,0.842,-15.79,-17.81,21.57,-1.55,0.0,51.25,3,14.1,8.4,-12.55,0.0,,8,,20260915
RIG,Transocean Ltd.,Energy,Oil & Gas Drilling,NYSE,,40956561,6086996480,0.2331,,,,,,,,0.0,20.75,3,7.66,3.03,,0.0,,8,,20260915
GNZUF,"Guangzhou Automobile Group Co., Ltd.",Consumer Cyclical,Auto Manufacturers,PNK,0.28,1543,2946951936,0.0035,0.28,0.38,1.265,-10.53,-51.72,-53.37,-42.08,0.0,26.25,3,0.56,0.23,-50.0,0.0,,8,,20260915
SKPJY,SKY Perfect JSAT Corporation,Communication Services,Broadcasting,PNK,26.09,5,3698821632,0.1354,28.57,25.99,-18.2846,-49.33,-41.22,257.11,76.08,0.0,25.0,3,54.67,7.25,-52.27,0.0,,8,,20260915
OMRNF,OMRON Corporation,Technology,Electronic Components,PNK,37.75,32,7422759424,0.2303,34.84,8.74,12.6374,-5.94,-264.65,54.91,-72.15,0.0,50.0,2,38.55,26.5,-2.08,0.0,,8,,20260915
ECG,"Everus Construction Group, Inc.",Industrials,Engineering & Construction,NYSE,,584369,5677868544,4.6493,,,,,,,,0.0,22.0,3,171.58,77.86,,0.0,,8,,20260915
BYDIF,BYD Electronic (International) Company Limited,Technology,Electronic Components,PNK,3.0,16179,6738325504,0.2471,3.05,3.68,-0.2016,,,,,0.0,44.5,4,5.74,2.41,-47.74,0.0,,8,,20260915
TOPPY,TOPPAN Holdings Inc.,Industrials,Conglomerates,PNK,15.84,2261,8894206976,0.5571,15.62,15.41,0.3877,,,,,0.0,78.75,2,18.11,10.77,-12.53,0.0,,8,,20260915
YAMHF,"Yamaha Motor Co., Ltd.",Consumer Cyclical,Auto Manufacturers,PNK,12.05,801,12124419072,0.258,10.1,7.89,7.5507,60.08,63.1,45.77,55.41,0.0,77.5,2,12.8,6.6,-5.86,0.0,,8,,20260915
BPHLY,Bank of the Philippine Islands,Financial Services,Banks - Regional,PNK,33.03,1235,8238492672,1.7706,33.54,34.76,-0.2825,-0.37,-20.72,-31.05,-19.76,0.0,52.75,4,44.49,27.0,-25.75,0.0,,8,,20260915
BYDIY,BYD Electronic (International) Company Limited,Technology,Electronic Components,PNK,149.04,606,6695379968,21.0564,155.5,183.55,-0.3068,-7.8,-38.94,-60.84,-39.91,0.0,50.75,4,289.05,125.41,-48.44,0.0,,8,,20260915
IBRX,"ImmunityBio, Inc.",Healthcare,Biotechnology,NASDAQ,,10062506,8870830080,0.3908,,,,,,,,0.0,25.75,3,12.43,1.95,,0.0,,8,,20260915
TECH,Bio-Techne Corporation,Healthcare,Biotechnology,NASDAQ,,4706440,11333254144,0.1677,,,,,,,,0.0,22.0,3,72.62,43.2,,0.0,,8,,20260915
KYKOF,"Kyowa Kirin Co., Ltd.",Healthcare,Drug Manufacturers - Specialty & Generic,PNK,15.8,1,8141770240,0.0632,14.62,14.76,18.7223,5.67,11.86,-25.12,-4.48,0.0,75.0,3,18.0,12.42,-12.22,0.0,,8,,20260915
THNPY,Technip Energies N.V.,Energy,Oil & Gas Equipment & Services,PNK,32.79,8211,5679412224,0.7601,36.18,38.86,-4.4621,,,,,0.0,6.25,4,48.93,32.79,-32.99,0.0,,8,,20260915
VLY,Valley National Bancorp,Financial Services,Banks - Regional,NASDAQ,,6527345,7648056832,0.2785,,,,,,,,0.0,18.25,3,15.2,9.64,,0.0,,8,,20260915
VLYPP,Valley National Bancorp,Financial Services,Banks - Regional,NASDAQ,25.28,5125,8380117987,0.0508,25.09,24.58,3.8257,,,,,0.0,92.5,2,25.78,24.42,-1.94,0.0,,8,,20260915
VLYPN,Valley National Bancorp,Financial Services,Banks - Regional,NASDAQ,26.1,10950,0,0.1773,25.77,25.33,1.8662,,,,,0.0,86.25,2,26.54,25.19,-1.66,0.0,,8,,20260915
KNCRY,Konecranes Plc,Industrials,Farm & Heavy Construction Machinery,PNK,8.7,64,8165406720,0.044,7.96,8.19,16.7976,12.43,-15.67,6.12,0.07,0.0,75.0,3,10.21,3.13,-14.78,0.0,,8,,20260915
TYEKF,thyssenkrupp AG,Industrials,Conglomerates,PNK,16.73,811,11180749824,0.243,14.63,12.17,8.6589,32.71,53.8,21.4,35.57,0.0,76.25,2,17.3,8.0,-3.29,0.0,,8,,20260915
NCLH,Norwegian Cruise Line Holdings Ltd.,Consumer Cyclical,Travel Services,NYSE,,15606875,6759245312,0.4562,,,,,,,,0.0,13.25,3,26.73,14.41,,0.0,,8,,20260915
BCHMY,Bachem Holding AG,Healthcare,Biotechnology,PNK,9.63,5093,7216292352,0.2796,9.29,8.61,1.2086,,,,,0.0,78.75,2,12.54,5.97,-23.21,0.0,,8,,20260915
VBREY,Vibra Energia S.A.,Consumer Cyclical,Specialty Retail,PNK,14.71,104112,8798146560,0.4429,13.54,11.93,2.6363,,,,,0.0,87.5,2,15.02,7.92,-2.05,0.0,,8,,20260915
VCX,"Fundrise Growth Tech Fund, LLC",Financial Services,Asset Management,NYSE,32.34,461801,1157679360,3.6584,44.6,32.34,-3.3504,,,,,0.0,37.5,3,575.0,28.71,-94.38,0.0,,8,,20260915
VOYA,"Voya Financial, Inc.",Financial Services,Financial Conglomerates,NYSE,,1027548,9344107520,2.1829,,,,,,,,0.0,23.25,3,105.64,64.5,,0.0,,8,,20260915
SPXSF,Spirax Group plc,Industrials,Specialty Industrial Machinery,PNK,94.75,80,7014710272,0.4297,93.97,93.0,1.8051,0.71,-13.96,-19.95,-12.69,0.0,75.0,2,108.0,87.0,-12.27,0.0,,8,,20260915
NOV,NOV Inc.,Energy,Oil & Gas Equipment & Services,NYSE,,3706585,7322060800,0.6582,,,,,,,,0.0,20.75,3,21.93,12.29,,0.0,,8,,20260915
KNCRF,Konecranes Plc,Industrials,Farm & Heavy Construction Machinery,PNK,30.29,51,7925387264,0.0116,30.69,59.95,-34.3116,-7.43,-88.65,-82.42,-65.85,0.0,12.0,4,113.4,30.29,-73.29,0.0,,8,,20260915
JXN,Jackson Financial Inc.,Financial Services,Insurance - Life,NYSE,,621958,9399395328,2.9942,,,,,,,,0.0,24.5,3,140.9,89.67,,0.0,,8,,20260915
GGAL,Grupo Financiero Galicia S.A.,Financial Services,Banks - Regional,NCM,,933445,7279719424,1.7538,,,,,,,,0.0,22.0,3,62.52,25.89,,0.0,,8,,20260915
FIGR,"Figure Technology Solutions, Inc.",Financial Services,Capital Markets,NASDAQ,,4180772,7999071232,2.7358,,,,,,,,0.0,25.75,3,78.0,24.11,,0.0,,8,,20260915
CAE,CAE Inc.,Industrials,Aerospace & Defense,NASDAQ,,708837,7827369472,0.5631,,,,,,,,0.0,20.75,3,34.24,22.76,,0.0,,8,,20260915
SCABY,Svenska Cellulosa Aktiebolaget SCA (publ),Basic Materials,Paper & Paper Products,PNK,11.27,1716,7255197696,0.2867,11.33,11.79,-0.2258,-3.51,-23.24,-32.07,-21.84,0.0,49.0,4,14.35,9.45,-21.46,0.0,,8,,20260915
KGS,"Kodiak Gas Services, Inc.",Energy,Oil & Gas Equipment & Services,NYSE,,1812591,5724510208,2.4085,,,,,,,,0.0,22.0,3,77.68,32.55,,0.0,,8,,20260915
ATR,"AptarGroup, Inc.",Healthcare,Medical Instruments & Supplies,NYSE,,455359,7941918720,2.3254,,,,,,,,0.0,17.0,3,146.91,103.23,,0.0,,8,,20260915
HQY,"HealthEquity, Inc.",Healthcare,Health Information Services,NASDAQ,,869198,7943976960,3.2034,,,,,,,,0.0,28.25,3,107.62,72.76,,0.0,,8,,20260915
SVCBF,Svenska Cellulosa Aktiebolaget SCA (publ),Basic Materials,Paper & Paper Products,PNK,12.29,1596,7290314752,0.0729,10.97,11.87,18.1593,8.84,-19.12,-26.42,-15.05,0.0,75.0,3,13.54,9.97,-9.27,0.0,,8,,20260915
SLOIY,Soitec SA,Technology,Semiconductor Equipment & Materials,PNK,72.17,3950,5164871168,4.5288,65.35,47.06,1.5062,,,,,0.0,58.75,2,114.37,13.13,-36.9,0.0,,8,,20260915
AXS,AXIS Capital Holdings Limited,Financial Services,Insurance - Specialty,NYSE,,700656,7296631808,1.6138,,,,,,,,0.0,23.25,3,119.99,88.07,,0.0,,8,,20260915
ESAIY,"Eisai Co., Ltd.",Healthcare,Drug Manufacturers - Specialty & Generic,PNK,7.67,131811,8659000320,0.155,7.29,7.26,2.4632,,,,,0.0,85.0,2,9.1,5.69,-15.71,0.0,,8,,20260915
YMHAY,"Yamaha Motor Co., Ltd.",Consumer Cyclical,Auto Manufacturers,PNK,23.12,11253,11221640192,0.7463,20.38,16.27,3.6674,,,,,0.0,87.5,2,25.39,13.05,-8.94,0.0,,8,,20260915
STHRF,Strathcona Resources Ltd.,Energy,Oil & Gas E&P,PNK,31.96,47869,6865672192,0.917,29.72,27.32,2.446,,,,,0.0,86.25,2,40.52,18.23,-21.13,0.0,,8,,20260915
CIG,Companhia Energética de Minas Gerais - CEMIG,Utilities,Utilities - Regulated Electric,NYSE,,5619477,6150466560,0.0585,,,,,,,,0.0,23.25,3,2.76,1.87,,0.0,,8,,20260915
BILI,Bilibili Inc.,Communication Services,Internet Content & Information,NASDAQ,,2726664,6483192832,0.4347,,,,,,,,0.0,23.25,3,36.4,15.16,,0.0,,8,,20260915
SLOIF,Soitec SA,Technology,Semiconductor Equipment & Materials,PNK,141.0,4220,5045357568,11.1838,129.75,95.76,1.0058,,,,,0.0,61.25,2,226.22,24.57,-37.67,0.0,,8,,20260915
LOTMY,Lottomatica Group S.p.A.,Consumer Cyclical,Gambling,PNK,31.55,51477,7334315520,0.8829,28.58,27.64,3.3597,,,,,0.0,61.25,2,33.1,21.65,-4.68,0.0,,8,,20260915
EGIEY,Engie Brasil Energia S.A.,Utilities,Utilities - Renewable,OID,6.02,53779,8526617088,0.2899,5.85,6.21,0.5701,,,,,0.0,53.25,3,9.5,5.22,-36.63,0.0,,8,,20260915
VLVCY,Volvo Car AB (publ.),Consumer Cyclical,Auto Manufacturers,PNK,4.0,240,6044807168,0.0716,4.19,5.24,-2.6024,-13.98,-33.56,-21.86,-23.99,0.0,13.25,4,7.66,3.73,-47.78,0.0,,8,,20260915
OPHLY,"Ono Pharmaceutical Co., Ltd.",Healthcare,Drug Manufacturers - General,PNK,5.02,38153,7077511680,0.0973,5.01,4.95,0.1459,,,,,0.0,87.5,2,5.75,3.71,-12.7,0.0,,8,,20260915
DPMLF,DPM Metals Inc.,Basic Materials,Gold,PNK,42.0,77575,9213484032,1.6749,40.78,35.95,0.7302,,,,,0.0,86.25,2,52.37,20.45,-19.8,0.0,,8,,20260915
UMICY,Umicore SA,Industrials,Waste Management,PNK,6.17,38990,5939671040,0.1828,6.28,5.68,-0.6148,,,,,0.0,70.75,3,7.68,3.72,-19.66,0.0,,8,,20260915
VLVOF,Volvo Car AB (publ.),Consumer Cyclical,Auto Manufacturers,PNK,1.97,766,6077566464,0.0187,2.02,2.58,-2.6942,-11.47,-33.7,-16.51,-21.27,0.0,12.0,4,3.7,1.87,-46.81,0.0,,8,,20260915
CPXWF,Capital Power Corporation,Utilities,Utilities - Independent Power Producers,PNK,43.98,37838,6908378112,0.6363,48.54,46.52,-7.1689,-17.97,-17.3,-11.58,-15.18,0.0,18.25,4,53.84,40.86,-18.31,0.0,,8,,20260915
STAG,"STAG Industrial, Inc.",Real Estate,REIT - Industrial,NYSE,,1632745,7277947904,0.4823,,,,,,,,0.0,20.75,3,42.61,34.4,,0.0,,8,,20260915
CSCCF,Capstone Copper Corp.,Basic Materials,Copper,PNK,9.98,304100,7624214016,0.6314,10.29,9.74,-0.4943,,,,,0.0,72.0,3,13.32,6.8,-25.08,0.0,,8,,20260915
FPRUY,Fraport AG,Industrials,Airports & Air Services,PNK,36.9,24,7081253376,0.1559,39.81,40.57,-18.687,-8.76,-31.59,-34.39,-27.0,0.0,12.0,4,45.66,36.9,-19.19,0.0,,8,,20260915
DVDCF,Davide Campari-Milano N.V.,Consumer Defensive,Beverages - Wineries & Distilleries,PNK,6.85,930,8215631872,0.0535,6.63,6.79,4.0954,8.43,-19.57,-12.8,-9.86,0.0,76.25,3,7.9,6.07,-13.29,0.0,,8,,20260915
SUMCF,Sumco Corporation,Technology,Semiconductor Equipment & Materials,PNK,18.6,9517,7326892544,2.0113,23.97,16.5,-2.6718,-21.79,66.92,95.61,56.22,0.0,36.25,3,36.43,7.09,-48.94,0.0,,8,,20260915
WILLF,Demant A/S,Healthcare,Medical Devices,PNK,45.55,241,9606431744,0.2336,43.14,35.84,10.2999,24.63,36.96,-0.32,18.96,0.0,75.0,2,45.55,28.08,-0.0,0.0,,8,,20260915
CDP,COPT Defense Properties,Real Estate,REIT - Office,NYSE,,943433,4045288192,0.8892,,,,,,,,0.0,20.75,3,38.9,27.06,,0.0,,8,,20260915
SWQGF,Swissquote Group Holding SA,Financial Services,Capital Markets,PNK,49.29,1,7387739136,0.0155,49.04,52.78,16.4114,-3.29,-21.63,-40.16,-24.45,0.0,62.0,3,490.08,49.01,-89.94,0.0,,8,,20260915
PLLIF,Pirelli & C. S.p.A.,Consumer Cyclical,Auto Parts,PNK,8.34,142,9047915520,0.0439,7.97,7.1,8.353,19.54,10.91,2.68,9.78,0.0,76.25,2,8.34,6.03,0.0,0.0,,8,,20260915
QGEN,Qiagen N.V.,Healthcare,Diagnostics & Research,NYSE,,2844577,8648010752,0.9692,,,,,,,,0.0,24.5,3,57.82,32.53,,0.0,,8,,20260915
HTCMF,"Hitachi Construction Machinery Co., Ltd.",Industrials,Farm & Heavy Construction Machinery,PNK,37.0,9,7865341440,0.1524,34.03,-7.9,19.497,7.35,-170.71,-81.79,-90.63,0.0,75.0,2,37.0,24.97,0.0,0.0,,8,,20260915
THNPF,Technip Energies N.V.,Energy,Oil & Gas Equipment & Services,PNK,33.9,12,5871670784,0.1405,36.37,38.9,-17.6047,-19.43,-23.66,-45.03,-31.15,0.0,0.0,4,47.91,33.9,-29.24,0.0,,8,,20260915
RGEDF,Gedeon Richter PLC,Healthcare,Drug Manufacturers - Specialty & Generic,PNK,39.39,1092,7185038848,1.4177,39.99,-310.05,-0.4179,-2.53,-124.01,-127.65,-95.1,0.0,68.25,3,45.28,29.0,-13.0,0.0,,8,,20260915
IFSUF,Infrastrutture Wireless Italiane S.p.A.,Real Estate,Real Estate Services,PNK,7.68,256,6931128832,0.0635,7.28,8.0,6.3382,-2.81,-33.55,-48.24,-31.74,0.0,37.0,3,12.51,6.82,-38.61,0.0,,8,,20260915
VIST,"Vista Energy, S.A.B. de C.V.",Energy,Oil & Gas E&P,NYSE,,1008435,8452276736,2.9045,,,,,,,,0.0,22.0,3,81.44,33.37,,0.0,,8,,20260915
TYOYY,"Taiyo Yuden Co., Ltd.",Technology,Electronic Components,PNK,14.0,44000,7008226816,1.0271,16.89,12.29,-2.8091,,,,,0.0,30.0,3,35.44,4.96,-60.5,0.0,,8,,20260915
TTEK,"Tetra Tech, Inc.",Industrials,Engineering & Construction,NASDAQ,,2961525,9399391232,0.7077,,,,,,,,0.0,23.25,3,43.14,25.81,,0.0,,8,,20260915
SLAB,Silicon Laboratories Inc.,Technology,Semiconductors,NASDAQ,,367301,7316663296,1.2362,,,,,,,,0.0,25.75,3,222.49,115.51,,0.0,,8,,20260915
DNPLY,"Dai Nippon Printing Co., Ltd.",Industrials,Conglomerates,PNK,9.89,7603,8274857472,0.4498,9.73,9.24,0.3482,20.07,-9.36,-6.98,-1.05,0.0,85.0,2,10.66,7.66,-7.22,0.0,,8,,20260915
LGFRY,Longfor Group Holdings Limited,Real Estate,Real Estate - Development,PNK,6.87,86537,4729575424,0.3316,8.25,10.43,-4.1572,,,,,0.0,7.5,4,15.49,6.82,-55.65,0.0,,8,,20260915
MOS,The Mosaic Company,Basic Materials,Agricultural Inputs,NYSE,,8502875,7963285504,1.0417,,,,,,,,0.0,23.25,3,36.99,19.8,,0.0,,8,,20260915
KNSL,"Kinsale Capital Group, Inc.",Financial Services,Insurance - Property & Casualty,NYSE,,282862,8288841216,7.8363,,,,,,,,0.0,19.5,3,485.0,287.2,,0.0,,8,,20260915
VSOGF,"Vista Energy, S.A.B. de C.V.",Energy,Oil & Gas E&P,PNK,72.25,5,7992107520,0.1994,73.56,65.17,-6.5698,-7.53,5.06,100.13,39.94,0.0,37.0,3,77.66,33.05,-6.97,0.0,,8,,20260915
LTH,"Life Time Group Holdings, Inc.",Consumer Cyclical,Leisure,NYSE,,2938217,9280374784,1.1968,,,,,,,,0.0,20.75,3,47.23,24.14,,0.0,,8,,20260915
SHTDF,Sinopharm Group Co. Ltd.,Healthcare,Medical Distribution,PNK,1.82,246,6210105344,0.0362,2.12,2.39,-8.3918,-24.39,-46.16,-43.28,-39.56,0.0,0.0,4,2.7,1.82,-32.59,0.0,,8,,20260915
PMOIF,Harbour Energy plc,Energy,Oil & Gas E&P,PNK,3.74,5914,5594270720,0.0647,3.3,3.32,6.7881,7.45,-13.45,5.19,-0.77,0.0,75.0,3,4.34,2.5,-13.82,0.0,,8,,20260915
GMINF,G Mining Ventures Corp.,Basic Materials,Gold,OQX,35.47,108048,10509982720,2.0827,33.65,32.79,0.8729,,,,,0.0,86.25,2,43.26,16.86,-18.01,0.0,,8,,20260915
SDXOF,Sodexo S.A.,Industrials,Specialty Business Services,PNK,67.3,558,8690119680,0.2029,62.52,54.67,23.5567,21.81,15.83,-9.41,7.23,0.0,75.0,2,67.3,47.01,0.0,0.0,,8,,20260915
DIFTY,"Daito Trust Construction Co.,Ltd.",Real Estate,Real Estate - Diversified,PNK,5.42,165075,6944612352,0.194,5.1,5.22,1.6692,7.66,-20.77,-22.38,-14.31,0.0,87.5,3,7.0,4.41,-22.55,0.0,,8,,20260915
TELDY,Telefónica Deutschland Holding AG,Communication Services,Telecom Services,PNK,11.75,0,6990203904,0.0001,11.75,12.21,0.0,-3.86,-21.81,-20.57,-16.82,0.0,49.0,3,12.56,11.55,-6.45,0.0,,8,,20260915
PLXS,Plexus Corp.,Technology,Electronic Components,NASDAQ,,291904,6386642944,6.5446,,,,,,,,0.0,23.25,3,307.06,132.03,,0.0,,8,,20260915
AKBTY,Akbank T.A.S.,Financial Services,Banks - Regional,OQX,3.04,18467,7904000000,0.1677,2.87,3.2,1.0305,,,,,0.0,48.25,3,4.24,2.51,-28.3,0.0,,8,,20260915
JAPSY,"Japan Airlines Co., Ltd.",Industrials,Airlines,PNK,9.68,43212,8321464832,0.1299,9.29,8.92,3.01,,,,,0.0,82.5,2,11.0,7.55,-12.0,0.0,,8,,20260915
TSUKY,"Toyo Suisan Kaisha, Ltd.",Consumer Defensive,Packaged Foods,PNK,65.06,4712,6248292864,4.0547,66.01,68.46,-0.2338,-0.26,-18.6,-29.83,-18.51,0.0,59.0,4,86.9,58.14,-25.13,0.0,,8,,20260915
ICGUF,ICG plc,Financial Services,Asset Management,PNK,22.8,1,7309204480,0.0052,22.8,24.3,0.0,-16.17,-4.95,-35.57,-20.0,0.0,37.0,3,27.72,20.65,-17.75,0.0,,8,,20260915
PCOR,"Procore Technologies, Inc.",Technology,Software - Application,NYSE,,3357014,8621946880,2.0646,,,,,,,,0.0,23.25,3,82.31,38.03,,0.0,,8,,20260915
ST,Sensata Technologies Holding plc,Technology,Scientific & Technical Instruments,NYSE,,1607101,6022274048,1.19,,,,,,,,0.0,20.75,3,53.89,28.16,,0.0,,8,,20260915
RHP,"Ryman Hospitality Properties, Inc.",Real Estate,REIT - Hotel & Motel,NYSE,,731029,8429879808,3.0931,,,,,,,,0.0,22.0,3,137.46,83.82,,0.0,,8,,20260915
IVTJY,Investec Group,Financial Services,Capital Markets,PNK,16.9,2,5304712192,0.0158,16.53,14.89,23.412,-3.01,14.06,3.44,5.54,0.0,75.0,2,17.71,13.51,-4.57,0.0,,8,,20260915
GKOS,Glaukos Corporation,Healthcare,Medical Devices,NYSE,,804161,10091560960,6.4892,,,,,,,,0.0,22.0,3,191.62,73.16,,0.0,,8,,20260915
DCCPY,DCC Energy plc,Energy,Oil & Gas Refining & Marketing,PNK,45.85,24,7698423296,0.1154,43.27,45.85,22.36,5.25,5.25,5.25,5.25,0.0,62.0,3,45.85,41.75,-0.0,0.0,,8,,20260915
HR,Healthcare Realty Trust Incorporated,Real Estate,REIT - Healthcare Facilities,NYSE,,3625248,6568668160,0.2792,,,,,,,,0.0,19.5,3,22.04,16.31,,0.0,,8,,20260915
ZJLMF,"Zhejiang Leapmotor Technology Co., Ltd.",Consumer Cyclical,Auto Manufacturers,PNK,4.4,450,6255975424,0.0999,4.62,4.4,-2.2322,-13.84,-34.57,-34.57,-29.39,0.0,37.0,3,6.37,4.16,-30.93,0.0,,8,,20260915
NXE,NexGen Energy Ltd.,Energy,Uranium,NYSE,,5039124,6349692928,0.3999,,,,,,,,0.0,23.25,3,13.96,7.33,,0.0,,8,,20260915
AVT,"Avnet, Inc.",Technology,Electronics & Computer Distribution,NASDAQ,,1214664,7578618368,2.9928,,,,,,,,0.0,25.75,3,100.0,44.25,,0.0,,8,,20260915
DKDRF,NewMed Energy - Limited Partnership,Energy,Oil & Gas E&P,PNK,5.25,572,6162526720,0.1115,5.35,5.74,-0.8714,-10.94,-36.5,-4.81,-17.43,0.0,26.5,4,7.32,4.7,-28.28,0.0,,8,,20260915
MTDR,Matador Resources Company,Energy,Oil & Gas E&P,NYSE,,1975751,7571282944,1.44,,,,,,,,0.0,23.25,3,66.84,37.14,,0.0,,8,,20260915
UMICF,Umicore SA,Industrials,Waste Management,PNK,25.8,1991,6618352640,0.6245,25.27,23.17,0.8446,-2.57,8.74,48.18,21.69,0.0,76.25,2,31.15,15.32,-17.17,0.0,,8,,20260915
TRNO,Terreno Realty Corporation,Real Estate,REIT - Industrial,NYSE,,849275,7098326016,0.9808,,,,,,,,0.0,17.0,3,78.94,55.92,,0.0,,8,,20260915
AIIXY,AIXTRON SE,Technology,Semiconductor Equipment & Materials,PNK,74.97,224,4306263552,1.98,89.76,81.76,-7.4676,,,,,0.0,15.75,4,143.05,28.52,-47.59,0.0,,8,,20260915
DITTF,"Daito Trust Construction Co.,Ltd.",Real Estate,Real Estate - Diversified,PNK,19.06,222,6188913664,0.0106,18.78,19.59,25.8301,-3.55,-34.48,-99.09,-52.59,0.0,62.0,3,106.85,14.38,-82.16,0.0,,8,,20260915
IMVT,"Immunovant, Inc.",Healthcare,Biotechnology,NASDAQ,,1252929,7778774016,1.4935,,,,,,,,0.0,18.25,3,45.42,14.58,,0.0,,8,,20260915
NDBKY,Nedbank Group Limited,Financial Services,Banks - Regional,PNK,18.25,23798,8364604416,0.3771,17.28,15.92,2.5811,,,,,0.0,87.5,2,20.28,11.88,-10.01,0.0,,8,,20260915
VAL,Valaris Limited,Energy,Oil & Gas Drilling,NYSE,,1060416,5643047936,3.3846,,,,,,,,0.0,20.75,3,114.12,46.7,,0.0,,8,,20260915
LEA,Lear Corporation,Consumer Cyclical,Auto Parts,NYSE,,633129,8579489280,3.0447,,,,,,,,0.0,25.75,3,150.33,96.04,,0.0,,8,,20260915
OTGLY,CD Projekt Red S.A.,Communication Services,Electronic Gaming & Multimedia,PNK,15.9,21651,6354308608,0.5362,16.12,16.83,-0.4046,,,,,0.0,62.75,4,20.5,14.16,-22.44,0.0,,8,,20260915
SUOPY,Sumco Corporation,Technology,Semiconductor Equipment & Materials,PNK,37.05,16791,6478791168,2.203,46.63,32.71,-4.3489,,,,,0.0,36.25,3,69.37,14.55,-46.59,0.0,,8,,20260915
SHTDY,Sinopharm Group Co. Ltd.,Healthcare,Medical Distribution,PNK,9.75,133703,6085279232,0.2395,10.6,11.58,-3.5525,,,,,0.0,8.75,4,14.87,9.54,-34.43,0.0,,8,,20260915
BCKIY,Babcock International Group PLC,Industrials,Engineering & Construction,PNK,12.99,22692,6368828928,0.3268,14.67,16.12,-5.1417,,,,,0.0,33.75,4,21.15,12.15,-38.58,0.0,,8,,20260915
PB,"Prosperity Bancshares, Inc.",Financial Services,Banks - Regional,NYSE,,1108745,8592638976,1.2454,,,,,,,,0.0,17.0,3,77.2,61.07,,0.0,,8,,20260915
BBUC,Brookfield Business Corporation,Industrials,Conglomerates,NYSE,,464024,5314785280,0.6464,,,,,,,,0.0,17.0,3,38.25,25.7,,0.0,,8,,20260915
AIXXF,AIXTRON SE,Technology,Semiconductor Equipment & Materials,PNK,38.8,5969,4376091136,1.9706,45.16,41.16,-3.2291,,,,,0.0,25.75,4,71.52,14.28,-45.75,0.0,,8,,20260915
MYRG,MYR Group Inc.,Industrials,Engineering & Construction,NASDAQ,,303706,4230943744,11.6469,,,,,,,,0.0,20.75,3,503.57,171.51,,0.0,,8,,20260915
BRKRP,Bruker Corporation,Healthcare,Medical Devices,NASDAQ,393.06,6009,0,13.4335,428.86,361.89,-2.6647,,,,,0.0,52.0,3,474.99,256.24,-17.25,0.0,,8,,20260915
BRKR,Bruker Corporation,Healthcare,Medical Devices,NASDAQ,,2170167,8023241216,2.2538,,,,,,,,0.0,23.25,3,65.3,30.09,,0.0,,8,,20260915
HBRIY,Harbour Energy plc,Energy,Oil & Gas E&P,PNK,3.87,46370,6030592512,0.1504,3.41,3.33,3.0855,,,,,0.0,91.25,2,4.48,2.51,-13.62,0.0,,8,,20260915
FAF,First American Financial Corporation,Financial Services,Insurance - Specialty,NYSE,,821719,7468615168,1.7069,,,,,,,,0.0,19.5,3,79.87,56.2,,0.0,,8,,20260915
VIPS,Vipshop Holdings Limited,Consumer Cyclical,Internet Retail,NYSE,,2578379,5915219968,0.44,,,,,,,,0.0,24.5,3,21.08,12.41,,0.0,,8,,20260915
CDNAF,"Canadian Tire Corporation, Limited",Consumer Cyclical,Specialty Retail,PNK,135.64,19941,7074018816,2.0177,140.23,132.43,-2.274,,,,,0.0,73.25,3,152.9,102.83,-11.29,0.0,,8,,20260915
LKQ,LKQ Corporation,Consumer Cyclical,Auto Parts,NASDAQ,,3130959,6008799232,0.7138,,,,,,,,0.0,23.25,3,37.13,21.17,,0.0,,8,,20260915
SPXSY,Spirax Group plc,Industrials,Specialty Industrial Machinery,PNK,45.99,9893,6787745280,1.1049,47.49,47.33,-1.3601,,,,,0.0,66.5,3,54.08,42.56,-14.96,0.0,,8,,20260915
STKAF,Stockland,Real Estate,REIT - Diversified,PNK,3.05,330,7659679232,0.0377,2.86,3.24,5.0004,3.15,-30.87,-42.89,-27.17,0.0,63.25,3,4.29,2.46,-28.9,0.0,,8,,20260915
SNROY,"Sanrio Company, Ltd.",Consumer Cyclical,Specialty Retail,PNK,16.23,1044,9838870528,0.1522,14.93,13.17,8.5157,45.38,12.23,-35.56,1.4,0.0,77.5,2,20.01,9.59,-18.89,0.0,,8,,20260915
KCDMF,"Kimberly-Clark de México, S. A. B. de C. V.",Consumer Defensive,Household & Personal Products,OID,2.35,738,7017496576,0.0202,2.28,2.26,3.2904,8.2,-15.1,7.2,-0.36,0.0,76.25,2,2.6,1.9,-9.62,0.0,,8,,20260915
SHMXY,Shimadzu Corporation,Technology,Scientific & Technical Instruments,PNK,12.4,136,7165714944,0.0711,12.66,12.64,-3.5957,0.34,-13.09,-7.16,-7.36,0.0,49.0,4,16.77,10.41,-26.06,0.0,,8,,20260915
RAL,Ralliant Corporation,Technology,Electronic Components,NYSE,,1583119,7208196608,2.2773,,,,,,,,0.0,20.75,3,75.41,37.27,,0.0,,8,,20260915
LNC,Lincoln National Corporation,Financial Services,Insurance - Life,NYSE,,1940733,8431340544,1.1646,,,,,,,,0.0,19.5,3,47.67,32.18,,0.0,,8,,20260915
SEOJF,Stora Enso Oyj,Consumer Cyclical,Packaging & Containers,OQX,12.0,1,9463439360,0.1874,8.99,10.08,16.0511,33.59,-5.75,25.39,16.54,0.0,75.0,3,12.55,8.56,-4.38,0.0,,8,,20260915
JBTM,JBT Marel Corporation,Industrials,Specialty Industrial Machinery,NYSE,,600953,5799309312,3.4654,,,,,,,,0.0,22.0,3,170.19,110.19,,0.0,,8,,20260915
FSS,Federal Signal Corporation,Industrials,Farm & Heavy Construction Machinery,NYSE,,499053,6919676928,3.2685,,,,,,,,0.0,22.0,3,134.51,101.19,,0.0,,8,,20260915
GDS,GDS Holdings Limited,Technology,Information Technology Services,NASDAQ,,1849758,6065430528,1.0592,,,,,,,,0.0,20.75,3,48.61,26.97,,0.0,,8,,20260915
SGHC,Super Group (SGHC) Limited,Consumer Cyclical,Gambling,NYSE,,2636408,7057186816,0.3988,,,,,,,,0.0,22.0,3,15.86,8.46,,0.0,,8,,20260915
CHVKF,"China Vanke Co., Ltd.",Real Estate,Real Estate - Development,PNK,0.3,398,4944445952,0.001,0.31,0.4,-11.1039,-16.81,-53.86,-75.77,-53.36,0.0,12.0,4,0.7,0.3,-57.29,0.0,,8,,20260915
UOLGY,UOL Group Limited,Real Estate,Real Estate - Development,PNK,26.96,6546,5711549952,0.4847,29.57,30.46,-5.3945,,,,,0.0,10.0,4,38.25,23.2,-29.52,0.0,,8,,20260915
NVTS,Navitas Semiconductor Corporation,Technology,Semiconductors,NASDAQ,,15715270,2843308288,0.6478,,,,,,,,0.0,19.5,3,34.17,5.83,,0.0,,8,,20260915
TOTDF,TOTO LTD.,Industrials,Building Products & Equipment,PNK,39.32,169,6536986624,0.7698,43.31,38.38,-5.1842,-27.5,-6.74,29.67,2.63,0.0,26.25,3,60.92,23.95,-35.45,0.0,,8,,20260915
MORN,"Morningstar, Inc.",Financial Services,Financial Data & Stock Exchanges,NASDAQ,,388353,7564236800,6.9262,,,,,,,,0.0,22.0,3,257.21,141.49,,0.0,,8,,20260915
PCVX,"Vaxcyte, Inc.",Healthcare,Biotechnology,NASDAQ,,1293901,8859866112,2.0915,,,,,,,,0.0,23.25,3,65.0,30.81,,0.0,,8,,20260915
THG,"The Hanover Insurance Group, Inc.",Financial Services,Insurance - Property & Casualty,NYSE,,313648,8050086912,3.9735,,,,,,,,0.0,20.75,3,236.07,166.54,,0.0,,8,,20260915
CBC,"Central Bancompany, Inc.",Financial Services,Banks - Regional,NASDAQ,,797287,7788707328,0.6654,,,,,,,,0.0,24.5,3,33.82,22.5,,0.0,,8,,20260915
TOTDY,TOTO LTD.,Industrials,Building Products & Equipment,PNK,36.88,14958,6065008128,1.0403,42.52,38.37,-5.4238,,,,,0.0,27.0,4,60.09,23.84,-38.63,0.0,,8,,20260915
UOLGF,UOL Group Limited,Real Estate,Real Estate - Development,PNK,8.04,0,6686072832,0.0001,8.04,7.8,0.0,-3.86,-17.2,28.75,4.52,0.0,62.0,3,9.18,5.6,-12.41,0.0,,8,,20260915
SZCRF,SCOR SE,Financial Services,Insurance - Reinsurance,PNK,38.2,145,6824941568,0.0218,37.14,34.9,48.5088,6.32,-13.95,-9.18,-6.98,0.0,75.0,2,38.2,30.41,0.0,0.0,,8,,20260915
NEU,NewMarket Corporation,Basic Materials,Specialty Chemicals,NYSE,,121143,8097619456,23.1954,,,,,,,,0.0,20.75,3,981.66,580.03,,0.0,,8,,20260915
OMRNY,OMRON Corporation,Technology,Electronic Components,PNK,38.39,42103,7548602368,1.0941,38.01,32.48,0.3479,,,,,0.0,82.5,2,45.24,23.23,-15.14,0.0,,8,,20260915
CHYM,"Chime Financial, Inc.",Technology,Software - Application,NASDAQ,,7408593,12860536832,1.2517,,,,,,,,0.0,22.0,3,35.55,15.88,,0.0,,8,,20260915
MDNDF,"McDonald's Holdings Company (Japan), Ltd.",Consumer Cyclical,Restaurants,PNK,47.86,4,5469919232,0.0571,47.7,44.82,2.8392,-10.02,-1.41,-3.55,-4.42,0.0,50.0,2,51.0,41.14,-6.16,0.0,,8,,20260915
THNOF,Technology One Limited,Technology,Software - Application,PNK,21.07,48,6974499840,0.1317,22.25,20.83,-8.9469,-5.27,12.82,24.5,12.97,0.0,50.0,3,26.21,14.97,-19.61,0.0,,8,,20260915
EPRT,"Essential Properties Realty Trust, Inc.",Real Estate,REIT - Retail,NYSE,,1733724,6238653440,0.4278,,,,,,,,0.0,18.25,3,34.73,28.61,,0.0,,8,,20260915
PPC,Pilgrim's Pride Corporation,Consumer Defensive,Packaged Foods,NASDAQ,,1600193,7202782720,0.9385,,,,,,,,0.0,27.0,3,44.84,25.9,,0.0,,8,,20260915
SBFFY,SBM Offshore N.V.,Energy,Oil & Gas Equipment & Services,PNK,41.7,90,6467225600,0.1064,38.56,36.35,29.4929,4.33,-2.97,47.83,19.18,0.0,75.0,2,44.15,23.52,-5.55,0.0,,8,,20260915
IDCC,"InterDigital, Inc.",Technology,Software - Application,NASDAQ,,274919,8783849472,10.2369,,,,,,,,0.0,27.0,3,412.6,249.14,,0.0,,8,,20260915
CELC,Celcuity Inc.,Healthcare,Biotechnology,NCM,,1214490,4087282176,3.7864,,,,,,,,0.0,19.5,3,151.02,44.42,,0.0,,8,,20260915
DOX,Amdocs Limited,Technology,Software - Infrastructure,NASDAQ,,1387253,6595895296,1.3669,,,,,,,,0.0,27.0,3,85.66,49.74,,0.0,,8,,20260915
SSDOY,"Shiseido Company, Limited",Consumer Defensive,Household & Personal Products,PNK,22.24,64964,8855675904,0.6234,20.86,18.59,2.2179,32.83,3.89,19.23,17.26,0.0,82.5,2,23.91,13.6,-6.98,0.0,,8,,20260915
KIGRY,KION GROUP AG,Industrials,Farm & Heavy Construction Machinery,PNK,11.81,13669,6277410304,0.4482,11.98,14.4,-0.3738,,,,,0.0,40.75,4,20.54,10.26,-42.5,0.0,,8,,20260915
POOL,Pool Corporation,Industrials,Industrial Distribution,NASDAQ,,878853,6241886720,4.6846,,,,,,,,0.0,22.0,3,336.15,171.17,,0.0,,8,,20260915
BCKIF,Babcock International Group PLC,Industrials,Engineering & Construction,PNK,12.45,1537,6520818176,0.2533,14.64,16.09,-8.6444,-9.13,-50.06,-35.73,-34.1,0.0,26.25,4,21.05,12.35,-40.86,0.0,,8,,20260915
GRFS,"Grifols, S.A.",Healthcare,Drug Manufacturers - General,NASDAQ,,601888,5090741760,0.1454,,,,,,,,0.0,20.75,3,10.23,6.96,,0.0,,8,,20260915
AWI,"Armstrong World Industries, Inc.",Industrials,Building Products & Equipment,NYSE,,451087,6771771904,4.14,,,,,,,,0.0,15.75,3,206.08,150.28,,0.0,,8,,20260915
CSXXY,CAR Group Limited,Communication Services,Internet Content & Information,PNK,39.44,300,7249719808,0.2675,37.59,37.19,6.9247,6.49,-10.2,-41.11,-18.39,0.0,75.0,2,54.0,28.03,-26.96,0.0,,8,,20260915
DCCPF,DCC Energy plc,Energy,Oil & Gas Refining & Marketing,PNK,85.87,40,7335780864,0.1216,83.72,71.16,17.7609,-3.21,20.34,17.31,13.24,0.0,75.0,2,85.87,57.8,0.0,0.0,,8,,20260915
LNTH,"Lantheus Holdings, Inc.",Healthcare,Drug Manufacturers - Specialty & Generic,NASDAQ,,1356324,6550883328,0.4876,,,,,,,,0.0,23.25,3,111.86,49.67,,0.0,,8,,20260915
VLOUF,Vallourec S.A.,Basic Materials,Steel,PNK,21.43,112,5583194624,0.1839,22.18,23.14,-4.0637,-25.94,-17.46,6.77,-9.89,0.0,24.0,4,31.81,17.7,-32.63,0.0,,8,,20260915
MIDD,The Middleby Corporation,Industrials,Specialty Industrial Machinery,NASDAQ,,698052,4961796096,2.9777,,,,,,,,0.0,19.5,3,148.55,89.16,,0.0,,8,,20260915
FBASF,Fibra UNO,Real Estate,REIT - Diversified,PNK,1.7,4800,7255376896,0.0238,1.74,1.66,-1.8513,-3.63,-2.77,-7.37,-4.83,0.0,62.0,3,2.16,1.39,-21.3,0.0,,8,,20260915
OR,OR Royalties Inc.,Basic Materials,Gold,NYSE,,1062851,6659853312,1.2118,,,,,,,,0.0,23.25,3,48.06,27.54,,0.0,,8,,20260915
GIFLF,"Grifols, S.A.",Healthcare,Drug Manufacturers - General,PNK,11.33,385,7112066048,0.0697,11.06,11.31,3.9448,3.99,-26.73,-36.23,-22.85,0.0,75.0,3,13.9,10.13,-18.49,0.0,,8,,20260915
HTCMY,"Hitachi Construction Machinery Co., Ltd.",Industrials,Farm & Heavy Construction Machinery,PNK,73.15,20,7596431872,0.4348,67.4,67.22,13.2151,7.27,-22.55,-7.63,-9.13,0.0,75.0,2,87.04,55.92,-15.96,0.0,,8,,20260915
PUODY,"Promotora y Operadora de Infraestructura, S. A. B. de C. V.",Industrials,Infrastructure Operations,PNK,322.89,125,6050489856,5.3402,316.37,313.41,1.2207,-0.54,-12.19,8.58,-0.97,0.0,56.25,2,359.88,246.68,-10.28,0.0,,8,,20260915
SZHFY,Sojitz Corporation,Industrials,Conglomerates,PNK,379.77,0,7901503488,3.2464,325.48,379.77,16.724,14.3,-23.43,-7.52,-7.63,0.0,75.0,3,418.56,306.9,-9.27,0.0,,8,,20260915
SCRYY,SCOR SE,Financial Services,Insurance - Reinsurance,PNK,3.98,7420,6807075328,0.1057,3.93,3.49,0.4845,5.18,8.0,9.73,7.99,0.0,82.5,2,4.17,2.95,-4.56,0.0,,8,,20260915
KCDMY,"Kimberly-Clark de México, S. A. B. de C. V.",Consumer Defensive,Household & Personal Products,OID,11.38,41582,6796520448,0.245,11.47,11.17,-0.3584,,,,,0.0,73.25,3,12.84,8.25,-11.37,0.0,,8,,20260915
SULZF,Sulzer AG,Industrials,Specialty Industrial Machinery,PNK,188.4,29,6378807808,1.7771,172.2,186.57,9.1162,-5.22,-27.31,-15.95,-17.24,0.0,50.0,3,227.14,162.27,-17.06,0.0,,8,,20260915
HRIBF,"HORIBA, Ltd.",Technology,Scientific & Technical Instruments,PNK,137.0,3,5756953088,1.8035,160.94,45.12,-13.2749,1689.33,2146.08,-1585.97,539.07,0.0,50.0,3,166.67,74.0,-17.8,0.0,,8,,20260915
MSA,MSA Safety Incorporated,Industrials,Security & Protection Services,NYSE,,283982,6975340032,3.6123,,,,,,,,0.0,22.0,3,208.92,151.11,,0.0,,8,,20260915
MNESP,MSA Safety Incorporated,Industrials,Security & Protection Services,PNK,37.5,0,0,0.0103,37.16,37.08,32.9074,-2.34,-7.93,-30.07,-15.39,0.0,75.0,2,48.2,36.0,-22.2,0.0,,8,,20260915
TEX,Terex Corporation,Industrials,Farm & Heavy Construction Machinery,NYSE,,1306809,6707124224,2.2777,,,,,,,,0.0,19.5,3,74.69,41.7,,0.0,,8,,20260915
SKHHY,Sonic Healthcare Limited,Healthcare,Diagnostics & Research,PNK,13.56,110230,6812503040,0.4947,14.53,14.29,-1.9615,,,,,0.0,47.0,3,17.49,12.94,-22.47,0.0,,8,,20260915
TXNM,"TXNM Energy, Inc.",Utilities,Utilities - Regulated Electric,NYSE,,1318019,5943699968,0.2931,,,,,,,,0.0,20.75,3,59.53,55.64,,0.0,,8,,20260915
SNROF,"Sanrio Company, Ltd.",Consumer Cyclical,Specialty Retail,PNK,8.17,543,9905554432,0.1421,7.73,17.85,3.0646,43.21,-91.55,-102.08,-62.07,0.0,53.75,3,53.88,5.04,-84.84,0.0,,8,,20260915
LSTR,"Landstar System, Inc.",Industrials,Integrated Freight & Logistics,NASDAQ,,458127,5840205312,4.4254,,,,,,,,0.0,20.75,3,228.46,119.32,,0.0,,8,,20260915
KGFHY,Kingfisher plc,Consumer Cyclical,Home Improvement Retail,OQX,7.86,149609,6365840384,0.1745,8.25,8.13,-2.2133,,,,,0.0,60.25,3,10.17,6.54,-22.71,0.0,,8,,20260915
KGFHF,Kingfisher plc,Consumer Cyclical,Home Improvement Retail,OQX,3.96,1817,6414434816,0.048,4.04,4.12,-1.572,-0.74,-28.79,-3.31,-11.58,0.0,49.0,3,5.21,3.24,-23.99,0.0,,8,,20260915
PAYC,"Paycom Software, Inc.",Technology,Software - Application,NYSE,,914569,10044211200,6.8255,,,,,,,,0.0,25.75,3,244.98,104.9,,0.0,,8,,20260915
BZ,Kanzhun Limited,Communication Services,Internet Content & Information,NASDAQ,,4910696,6920950784,0.7942,,,,,,,,0.0,23.25,3,25.26,12.57,,0.0,,8,,20260915
VLOWY,Vallourec S.A.,Basic Materials,Steel,PNK,4.23,218645,5623074816,0.203,4.39,4.39,-0.7897,,,,,0.0,35.25,4,6.65,3.5,-36.39,0.0,,8,,20260915
SRUUF,Sprott Physical Uranium Trust Fund,Energy,Uranium,OQX,19.15,463696,6590591488,0.5581,19.29,19.75,-0.2531,,,,,0.0,57.75,3,24.77,16.42,-22.69,0.0,,8,,20260915
TELDF,Telefónica Deutschland Holding AG,Communication Services,Telecom Services,PNK,2.26,0,8359183360,0.0002,2.26,2.28,0.0,-3.86,-16.97,-33.73,-20.39,0.0,62.0,3,2.75,1.89,-17.71,0.0,,8,,20260915
VFC,V.F. Corporation,Consumer Cyclical,Apparel Manufacturing,NYSE,,7000424,5138268672,0.3717,,,,,,,,0.0,19.5,3,22.27,12.46,,0.0,,8,,20260915
AROC,"Archrock, Inc.",Energy,Oil & Gas Equipment & Services,NYSE,,1958704,5346061312,1.0631,,,,,,,,0.0,22.0,3,42.23,22.88,,0.0,,8,,20260915
YACAF,Yancoal Australia Ltd,Energy,Thermal Coal,PNK,4.47,8500,5985310208,0.1328,4.13,4.4,2.5694,-9.46,-37.21,9.23,-11.7,0.0,72.0,3,6.14,3.22,-27.26,0.0,,8,,20260915
OGC,OceanaGold Corporation,Basic Materials,Gold,NYSE,,496312,6535507968,1.0262,,,,,,,,0.0,24.5,3,43.33,19.33,,0.0,,8,,20260915
NPO,Enpro Inc.,Industrials,Specialty Industrial Machinery,NYSE,,240393,6010351104,9.4056,,,,,,,,0.0,20.75,3,390.42,202.0,,0.0,,8,,20260915
SWX,"Southwest Gas Holdings, Inc.",Utilities,Utilities - Regulated Gas,NYSE,,523538,6259321856,1.5577,,,,,,,,0.0,17.0,3,94.47,76.74,,0.0,,8,,20260915
HXL,Hexcel Corporation,Industrials,Aerospace & Defense,NYSE,,973200,6883246592,2.0546,,,,,,,,0.0,15.75,3,111.74,60.26,,0.0,,8,,20260915
BCUCY,Brunello Cucinelli S.p.A.,Consumer Cyclical,Luxury Goods,PNK,8.7,57251,5915999744,0.2573,9.76,9.78,-4.132,,,,,0.0,36.25,4,12.55,7.87,-30.69,0.0,,8,,20260915
GECFF,Gecina,Real Estate,REIT - Office,PNK,78.0,177,6067073024,0.4921,83.31,86.18,-10.7865,-15.12,-15.46,-37.16,-24.05,0.0,12.0,4,99.4,76.94,-21.53,0.0,,8,,20260915
RGEN,Repligen Corporation,Healthcare,Medical Instruments & Supplies,NASDAQ,,1116777,9481184256,6.55,,,,,,,,0.0,28.25,3,188.73,100.99,,0.0,,8,,20260915
KYMR,"Kymera Therapeutics, Inc.",Healthcare,Biotechnology,NASDAQ,,857782,9429186560,5.1363,,,,,,,,0.0,25.75,3,130.05,46.25,,0.0,,8,,20260915
CAG,"Conagra Brands, Inc.",Consumer Defensive,Packaged Foods,NYSE,,15958751,7077985792,0.3892,,,,,,,,0.0,24.5,3,20.32,12.53,,0.0,,8,,20260915
BRBOF,Brembo N.V.,Consumer Cyclical,Auto Parts,PNK,11.0,11,4103656192,0.0455,12.29,11.47,-28.4245,-17.93,-25.93,-11.69,-18.23,0.0,12.0,4,13.84,9.33,-20.52,0.0,,8,,20260915
TRSBF,3SBio Inc.,Healthcare,Biotechnology,PNK,2.15,2,5346406912,0.0017,2.09,2.47,35.6315,6.72,-21.06,-59.72,-29.58,0.0,50.0,3,4.14,2.0,-48.07,0.0,,8,,20260915
SBFFF,SBM Offshore N.V.,Energy,Oil & Gas Equipment & Services,PNK,41.45,8,6855921152,0.1913,38.44,35.63,15.7218,3.38,6.5,36.08,17.55,0.0,75.0,2,44.1,26.0,-6.01,0.0,,8,,20260915
CORT,Corcept Therapeutics Incorporated,Healthcare,Biotechnology,NCM,,1068320,12085401600,4.9838,,,,,,,,0.0,24.5,3,126.38,28.66,,0.0,,8,,20260915
INGR,Ingredion Incorporated,Consumer Defensive,Packaged Foods,NYSE,,781995,6220000256,1.71,,,,,,,,0.0,23.25,3,127.5,94.44,,0.0,,8,,20260915
AACAY,AAC Technologies Holdings Inc.,Technology,Communication Equipment,PNK,5.21,18500,6018305536,0.1999,5.15,4.94,0.2811,,,,,0.0,61.25,2,6.45,3.82,-19.22,0.0,,8,,20260915
LNWO,"Light & Wonder, Inc.",Consumer Cyclical,Gambling,PNK,88.0,23782,6580215296,2.3894,84.91,90.99,1.2916,,,,,0.0,70.75,3,122.65,70.0,-28.25,0.0,,8,,20260915
CCOHF,China State Construction International Holdings Limited,Industrials,Engineering & Construction,PNK,1.0,183,5282216448,0.0025,1.0,1.09,-1.8142,-9.52,-25.27,-4.85,-13.16,0.0,24.0,4,1.22,0.88,-18.03,0.0,,8,,20260915
CENX,Century Aluminum Company,Basic Materials,Aluminum,NASDAQ,,2157304,4112181504,1.9608,,,,,,,,0.0,19.5,3,70.43,25.4,,0.0,,8,,20260915
VSH,"Vishay Intertechnology, Inc.",Technology,Semiconductors,NYSE,,5672787,4724078080,1.2477,,,,,,,,0.0,22.0,3,69.47,11.77,,0.0,,8,,20260915
SYRE,"Spyre Therapeutics, Inc.",Healthcare,Biotechnology,NASDAQ,,1304004,8006177792,4.2792,,,,,,,,0.0,28.25,3,110.17,14.51,,0.0,,8,,20260915
GPTGF,The GPT Group,Real Estate,REIT - Diversified,PNK,3.4,156,6532119552,0.0031,3.43,3.45,-9.2104,-3.57,-20.39,-21.34,-16.56,0.0,24.0,4,3.83,2.84,-11.23,0.0,,8,,20260915
STWD,"Starwood Property Trust, Inc.",Real Estate,REIT - Mortgage,NYSE,,4097293,5863632384,0.2638,,,,,,,,0.0,19.5,3,20.62,15.35,,0.0,,8,,20260915
CLF,Cleveland-Cliffs Inc.,Basic Materials,Steel,NYSE,,19751232,6646791168,0.4838,,,,,,,,0.0,23.25,3,16.7,7.73,,0.0,,8,,20260915
S,"SentinelOne, Inc.",Technology,Software - Infrastructure,NYSE,,7262187,7869390848,0.9716,,,,,,,,0.0,20.75,3,23.95,11.81,,0.0,,8,,20260915
STEP,StepStone Group Inc.,Financial Services,Asset Management,NASDAQ,,1376740,6636205056,1.8268,,,,,,,,0.0,22.0,3,77.8,38.85,,0.0,,8,,20260915
UEC,Uranium Energy Corp.,Energy,Uranium,NYSE,,8632496,5077390336,0.6815,,,,,,,,0.0,20.75,3,20.34,8.91,,0.0,,8,,20260915
ROAD,"Construction Partners, Inc.",Industrials,Engineering & Construction,NASDAQ,,891085,5500180992,4.3169,,,,,,,,0.0,18.25,3,151.0,93.42,,0.0,,8,,20260915
PTGX,"Protagonist Therapeutics, Inc.",Healthcare,Biotechnology,NASDAQ,,663859,9562590208,5.4452,,,,,,,,0.0,23.25,3,160.81,57.9,,0.0,,8,,20260915
PRIM,Primoris Services Corporation,Industrials,Engineering & Construction,NYSE,,1606783,4024088576,2.9269,,,,,,,,0.0,19.5,3,205.5,65.0,,0.0,,8,,20260915
TMNSF,Temenos AG,Technology,Software - Application,PNK,78.89,3,5764847104,0.02,78.89,86.03,0.0,-16.54,-30.43,-32.67,-27.85,0.0,37.0,3,97.58,75.31,-19.15,0.0,,8,,20260915
COMP,"Compass, Inc.",Real Estate,Real Estate Services,NYSE,,12870724,8175414784,0.4154,,,,,,,,0.0,22.0,3,13.96,6.37,,0.0,,8,,20260915
AN,"AutoNation, Inc.",Consumer Cyclical,Auto & Truck Dealerships,NYSE,,425211,6796971008,5.61,,,,,,,,0.0,25.75,3,235.81,176.62,,0.0,,8,,20260915
TFPM,Triple Flag Precious Metals Corp.,Basic Materials,Other Precious Metals & Mining,NYSE,,624332,6717758976,1.0317,,,,,,,,0.0,25.75,3,41.7,26.61,,0.0,,8,,20260915
KUMBF,Kumba Iron Ore Limited,Basic Materials,Steel,PNK,19.77,0,6329818112,0.1727,14.56,9.4,30.1871,62.69,36.1,451.6,208.95,0.0,78.75,2,21.74,15.68,-9.06,0.0,,8,,20260915
EFGIF,EFG International AG,Financial Services,Banks - Diversified,PNK,19.5,1,5867272704,0.0643,20.76,22.2,-19.6086,-11.01,-35.68,-18.39,-22.6,0.0,0.0,4,25.12,19.5,-22.39,0.0,,8,,20260915
RADLY,Raia Drogasil S.A.,Healthcare,Pharmaceutical Retailers,PNK,3.73,142103,6836776448,0.1463,3.66,4.18,0.4866,5.21,-33.08,-12.93,-15.45,0.0,56.25,3,5.34,3.1,-30.18,0.0,,8,,20260915
LAD,"Lithia Motors, Inc.",Consumer Cyclical,Auto & Truck Dealerships,NYSE,,290241,7919857152,11.1931,,,,,,,,0.0,23.25,3,439.49,239.78,,0.0,,8,,20260915
RSI,"Rush Street Interactive, Inc.",Consumer Cyclical,Gambling,NYSE,,2849554,6404156928,1.0212,,,,,,,,0.0,23.25,3,34.53,15.51,,0.0,,8,,20260915
DFILF,DFI Retail Group Holdings Limited,Consumer Defensive,Grocery Stores,PNK,3.65,17,4874658816,0.0027,3.61,3.93,15.6025,-5.63,-26.74,31.84,1.97,0.0,37.0,3,5.2,2.47,-29.81,0.0,,8,,20260915
ZLNDY,Zalando SE,Consumer Cyclical,Internet Retail,PNK,13.06,35396,6379095552,0.3294,14.58,13.57,-4.618,,,,,0.0,20.75,4,17.37,10.84,-24.81,0.0,,8,,20260915
LDSCY,Land Securities Group Plc,Real Estate,REIT - Diversified,PNK,8.27,80556,6162438656,0.2119,9.32,8.39,-4.9602,,,,,0.0,40.75,3,9.98,6.88,-17.13,0.0,,8,,20260915
CEVMY,CTS Eventim AG & Co. KGaA,Communication Services,Entertainment,PNK,17.0,579,6527408128,0.2074,16.22,17.95,3.7637,13.38,-28.33,-47.45,-25.55,0.0,63.25,3,25.12,12.87,-32.34,0.0,,8,,20260915
FLR,Fluor Corporation,Industrials,Engineering & Construction,NYSE,,2502709,7156484096,1.8485,,,,,,,,0.0,22.0,3,58.35,39.33,,0.0,,8,,20260915
SMBMF,Seatrium Limited,Energy,Oil & Gas Equipment & Services,PNK,1.75,1958,5913350656,0.0268,1.64,1.72,3.8304,9.45,-19.95,-6.17,-7.09,0.0,78.75,3,2.31,1.12,-24.45,0.0,,8,,20260915
GMKKY,"Gruma, S.A.B. de C.V.",Consumer Defensive,Packaged Foods,PNK,15.31,415,5136947712,0.284,15.86,17.4,-1.9234,-18.39,-37.13,-35.33,-31.73,0.0,14.5,4,19.75,13.75,-22.48,0.0,,8,,20260915
KLAR,Klarna Group plc,Financial Services,Credit Services,NYSE,,5780603,5403031040,0.5135,,,,,,,,0.0,18.25,3,47.48,12.06,,0.0,,8,,20260915
IMCDY,IMCD N.V.,Basic Materials,Specialty Chemicals,PNK,56.15,69329,6630749184,1.0229,54.2,49.82,1.9098,,,,,0.0,83.75,2,61.56,39.76,-8.79,0.0,,8,,20260915
AXTA,Axalta Coating Systems Ltd.,Basic Materials,Specialty Chemicals,NYSE,,1736462,7206052864,0.7581,,,,,,,,0.0,19.5,3,38.61,24.94,,0.0,,8,,20260915
URBN,"Urban Outfitters, Inc.",Consumer Cyclical,Apparel Retail,NASDAQ,,1170082,6596690944,3.1554,,,,,,,,0.0,25.75,3,85.43,59.54,,0.0,,8,,20260915
MHK,"Mohawk Industries, Inc.",Consumer Cyclical,"Furnishings, Fixtures & Appliances",NYSE,,899514,8766670848,3.5746,,,,,,,,0.0,19.5,3,140.3,92.99,,0.0,,8,,20260915
FNB,F.N.B. Corporation,Financial Services,Banks - Regional,NYSE,,4702019,6517699584,0.3001,,,,,,,,0.0,20.75,3,19.59,14.46,,0.0,,8,,20260915
GTX,Garrett Motion Inc.,Consumer Cyclical,Auto Parts,NASDAQ,,2648008,4887059968,0.7633,,,,,,,,0.0,25.75,3,36.25,12.26,,0.0,,8,,20260915
MGHTF,Mercury NZ Limited,Utilities,Utilities - Renewable,PNK,4.37,0,6227428352,0.0078,4.22,3.94,18.6774,0.18,-2.53,1.69,-0.17,0.0,75.0,2,4.37,2.02,-0.0,0.0,,8,,20260915
UGP,Ultrapar Participações S.A.,Energy,Oil & Gas Refining & Marketing,NYSE,,3598100,7928212992,0.1765,,,,,,,,0.0,25.75,3,7.63,3.6,,0.0,,8,,20260915
DLKGF,Delek Group Ltd.,Energy,Oil & Gas E&P,PNK,28.15,35,5111156736,1.7712,84.51,248.32,-31.8224,-94.51,-106.7,-106.24,-103.47,0.0,0.0,4,381.31,26.31,-92.62,0.0,,8,,20260915
GTES,Gates Industrial Corporation Ltd.,Industrials,Specialty Industrial Machinery,NYSE,,1961114,6435102720,0.76,,,,,,,,0.0,20.75,3,30.34,20.88,,0.0,,8,,20260915
GGPSF,Greatland Resources Limited,Basic Materials,Gold,PNK,8.25,2794,5566005760,0.3928,8.13,4.34,0.3015,-3.56,4992.32,9276.68,5457.09,0.0,57.5,2,10.99,0.23,-24.93,0.0,,8,,20260915
WWNTY,Want Want China Holdings Limited,Consumer Defensive,Packaged Foods,PNK,21.23,7,4967104512,0.0348,20.7,26.09,15.2731,-21.49,-42.07,-57.56,-43.12,0.0,25.0,3,37.9,20.55,-43.98,0.0,,8,,20260915
GBCI,"Glacier Bancorp, Inc.",Financial Services,Banks - Regional,NYSE,,1147154,5957196800,0.9431,,,,,,,,0.0,18.25,3,54.58,39.9,,0.0,,8,,20260915
SQNNY,"Square Enix Holdings Co., Ltd.",Communication Services,Electronic Gaming & Multimedia,PNK,9.79,614,7062026752,0.2193,8.64,8.52,5.2504,23.62,-1.26,-41.35,-11.08,0.0,80.0,2,12.7,6.75,-22.91,0.0,,8,,20260915
OMF,"OneMain Holdings, Inc.",Financial Services,Credit Services,NYSE,,1020700,7270621184,1.2685,,,,,,,,0.0,20.75,3,71.93,45.78,,0.0,,8,,20260915
DBX,"Dropbox, Inc.",Technology,Software - Infrastructure,NASDAQ,,3957974,8112784384,0.9751,,,,,,,,0.0,27.0,3,37.38,21.7,,0.0,,8,,20260915
EXP,Eagle Materials Inc.,Basic Materials,Building Materials,NYSE,,446924,5603461632,5.0362,,,,,,,,0.0,19.5,3,245.53,171.99,,0.0,,8,,20260915
PNDRY,Pandora A/S,Consumer Cyclical,Luxury Goods,PNK,15.55,28640,9305198592,0.3263,15.46,12.0,0.2624,,,,,0.0,87.5,2,17.46,8.25,-10.94,0.0,,8,,20260915
INGM,Ingram Micro Holding Corporation,Technology,Information Technology Services,NYSE,,1385451,6176490496,0.9501,,,,,,,,0.0,22.0,3,31.69,19.03,,0.0,,8,,20260915
BSDGY,Bosideng International Holdings Limited,Consumer Cyclical,Apparel Manufacturing,PNK,26.93,59,6282021888,0.2523,28.21,27.12,-5.0575,-5.88,-6.58,-24.1,-13.42,0.0,49.0,4,33.25,22.98,-19.01,0.0,,8,,20260915
SSRM,SSR Mining Inc.,Basic Materials,Gold,NASDAQ,,3141738,7098083328,1.3615,,,,,,,,0.0,23.25,3,39.44,18.19,,0.0,,8,,20260915
TKCOF,"Toho Co., Ltd.",Communication Services,Entertainment,PNK,10.1,33,8398370304,0.4783,0.12,-0.69,20.8568,-654.05,-551.47,983.14,36.73,0.0,62.0,3,12.93,7.34,-21.89,0.0,,8,,20260915
RYN,Rayonier Inc.,Real Estate,REIT - Specialty,NYSE,,2911564,6059803136,0.4554,,,,,,,,0.0,20.75,3,27.06,19.49,,0.0,,8,,20260915
BTG,B2Gold Corp.,Basic Materials,Gold,NYSE,,25591835,6895988736,0.1986,,,,,,,,0.0,25.75,3,6.29,3.57,,0.0,,8,,20260915
KTWIY,Kurita Water Industries Ltd.,Industrials,Pollution & Treatment Controls,PNK,93.48,267,5244293120,1.8152,107.1,93.48,-7.502,-9.54,2494.34,2494.34,1868.37,0.0,27.5,3,122.41,3.58,-23.63,0.0,,8,,20260915
CPB,The Campbell's Company,Consumer Defensive,Packaged Foods,NASDAQ,,8161670,6336882688,0.7508,,,,,,,,0.0,23.25,3,34.17,19.56,,0.0,,8,,20260915
VSNT,"Versant Media Group, Inc.",Communication Services,Entertainment,NASDAQ,,1863532,5227923968,1.2272,,,,,,,,0.0,23.25,3,59.0,27.17,,0.0,,8,,20260915
ALKS,Alkermes plc,Healthcare,Drug Manufacturers - Specialty & Generic,NASDAQ,,1882409,7688590848,1.2408,,,,,,,,0.0,24.5,3,55.67,26.4,,0.0,,8,,20260915
DSGX,The Descartes Systems Group Inc.,Technology,Software - Application,NASDAQ,,580964,6845594624,3.0992,,,,,,,,0.0,22.0,3,105.24,62.56,,0.0,,8,,20260915
KTWIF,Kurita Water Industries Ltd.,Industrials,Pollution & Treatment Controls,PNK,48.26,30,6045018112,0.1973,52.94,49.2,-23.7205,-12.11,-24.13,19.73,-3.58,0.0,12.0,4,60.37,32.89,-20.06,0.0,,8,,20260915
MONOY,"MonotaRO Co., Ltd.",Consumer Cyclical,Internet Retail,PNK,12.86,77766,6323019264,0.3397,11.93,12.56,2.7331,,,,,0.0,86.25,3,16.8,10.26,-23.45,0.0,,8,,20260915
NNCHY,Nissan Chemical Corporation,Basic Materials,Chemicals,PNK,50.26,92,6704061440,0.392,48.14,41.74,5.3904,11.26,19.21,34.07,23.17,0.0,75.0,2,52.0,31.68,-3.35,0.0,,8,,20260915
SATLF,"ZOZO, Inc.",Consumer Cyclical,Internet Retail,PNK,6.57,12,5719127552,0.0105,6.87,-1.82,-28.4534,-11.98,-167.25,-79.12,-93.18,0.0,37.0,3,10.08,6.52,-34.83,0.0,,8,,20260915
EDNMY,Edenred SE,Financial Services,Credit Services,PNK,16.2,11937,4925489152,0.4661,15.97,12.01,0.5033,33.22,45.18,13.66,29.58,0.0,88.75,2,17.8,8.6,-8.99,0.0,,8,,20260915
BSDGF,Bosideng International Holdings Limited,Consumer Cyclical,Apparel Manufacturing,PNK,0.56,3633,6400990720,0.033,0.58,0.55,-0.6483,6.05,-7.46,-18.81,-8.62,0.0,70.75,3,0.69,0.42,-19.04,0.0,,8,,20260915
AUGO,Aura Minerals Inc.,Basic Materials,Gold,NASDAQ,,1023648,7235119616,3.9335,,,,,,,,0.0,28.25,3,110.32,29.11,,0.0,,8,,20260915
DELKY,Delek Group Ltd.,Energy,Oil & Gas E&P,PNK,30.04,908,5454321664,0.5576,26.95,28.21,5.534,-7.63,-17.08,27.91,3.28,0.0,55.0,3,54.0,22.5,-44.37,0.0,,8,,20260915
PCCWY,PCCW Limited,Communication Services,Telecom Services,PNK,6.99,293,5415685632,0.1639,6.9,6.95,0.5559,,,,,0.0,53.75,3,8.31,6.37,-15.88,0.0,,8,,20260915
SCOTF,Scout24 SE,Communication Services,Internet Content & Information,PNK,85.0,0,6010816000,0.0039,85.0,99.48,0.0,-2.07,-40.35,-49.95,-34.62,0.0,50.0,3,126.25,83.09,-32.67,0.0,,8,,20260915
SFGYY,Sony Financial Group Inc.,Financial Services,Insurance - Life,PNK,5.25,163643,7043868160,0.1903,4.86,4.75,2.0477,,,,,0.0,95.0,2,5.69,4.05,-7.73,0.0,,8,,20260915
PHJMF,PT Hanjaya Mandala Sampoerna Tbk,Consumer Defensive,Tobacco,PNK,0.04,42814,4641091584,0.0016,0.04,0.05,-1.9467,-37.2,-35.36,-38.48,-37.07,0.0,0.0,4,0.08,0.03,-50.0,0.0,,8,,20260915
LB,LandBridge Company LLC,Energy,Oil & Gas E&P,NYSE,,332632,6663262720,2.8112,,,,,,,,0.0,25.75,3,91.69,43.75,,0.0,,8,,20260915
FSV,FirstService Corporation,Real Estate,Real Estate Services,NASDAQ,,204832,5908956160,2.8212,,,,,,,,0.0,22.0,3,205.99,119.41,,0.0,,8,,20260915
MTHRY,"M3, Inc.",Healthcare,Health Information Services,PNK,5.6,153830,7462742528,0.2843,5.53,5.53,0.2442,,,,,0.0,85.0,3,8.85,3.97,-36.72,0.0,,8,,20260915
PCTY,Paylocity Holding Corporation,Technology,Software - Application,NASDAQ,,748261,8192506880,4.4463,,,,,,,,0.0,23.25,3,170.5,92.99,,0.0,,8,,20260915
LW,"Lamb Weston Holdings, Inc.",Consumer Defensive,Packaged Foods,NYSE,,1592541,6634936832,1.3386,,,,,,,,0.0,22.0,3,67.07,37.62,,0.0,,8,,20260915
CTXAY,Ampol Limited,Energy,Oil & Gas Refining & Marketing,PNK,60.88,4904,7253916160,1.4207,53.66,45.31,5.0837,,,,,0.0,82.5,2,63.0,37.3,-3.37,0.0,,8,,20260915
SOMMY,"Sumitomo Chemical Company, Limited",Basic Materials,Chemicals,PNK,17.96,511,5933525504,0.3647,16.89,16.44,2.9404,,,,,0.0,80.0,2,20.6,13.83,-12.82,0.0,,8,,20260915
LNNGY,Li Ning Company Limited,Consumer Cyclical,Leisure,PNK,41.28,18066,4268044544,1.692,44.48,55.93,-1.8898,,,,,0.0,17.5,4,74.18,39.86,-44.35,0.0,,8,,20260915
TTAN,"ServiceTitan, Inc.",Technology,Software - Application,NASDAQ,,1997508,5690641920,4.844,,,,,,,,0.0,19.5,3,119.6,53.8,,0.0,,8,,20260915
GLAPF,Glanbia plc,Consumer Defensive,Packaged Foods,PNK,25.3,567,6114788864,0.2893,27.0,22.09,-5.8671,,,,,0.0,50.0,3,28.81,15.99,-12.18,0.0,,8,,20260915
GATX,GATX Corporation,Industrials,Rental & Leasing Services,NYSE,,222564,6217220608,3.3,,,,,,,,0.0,24.5,3,205.56,150.42,,0.0,,8,,20260915
OSCR,"Oscar Health, Inc.",Healthcare,Healthcare Plans,NYSE,,5439958,10435288064,1.7386,,,,,,,,0.0,25.75,3,34.48,10.69,,0.0,,8,,20260915
RYTM,"Rhythm Pharmaceuticals, Inc.",Healthcare,Biotechnology,NASDAQ,,751793,7053207040,3.9165,,,,,,,,0.0,23.25,3,122.2,74.5,,0.0,,8,,20260915
VNO,Vornado Realty Trust,Real Estate,REIT - Office,NYSE,,1511251,6933689344,1.0154,,,,,,,,0.0,20.75,3,43.37,24.57,,0.0,,8,,20260915
MIRM,"Mirum Pharmaceuticals, Inc.",Healthcare,Biotechnology,NASDAQ,,773906,6282190848,3.7222,,,,,,,,0.0,25.75,3,130.0,63.23,,0.0,,8,,20260915
GIGNF,Genting Singapore Limited,Consumer Cyclical,Resorts & Casinos,PNK,0.52,116,6012519424,0.0007,0.51,0.5,18.8299,18.07,-2.81,-26.57,-7.1,0.0,75.0,2,0.61,0.44,-14.75,0.0,,8,,20260915
DFYFF,Definity Financial Corporation,Financial Services,Insurance - Property & Casualty,PNK,51.01,1794,6127106560,0.2871,54.46,51.24,-12.0176,4.38,-12.79,-16.94,-10.16,0.0,37.0,3,57.26,45.54,-10.91,0.0,,8,,20260915
SCCTY,Scout24 SE,Communication Services,Internet Content & Information,PNK,42.85,21365,6060316672,1.578,43.91,44.97,-0.6738,,,,,0.0,55.25,4,70.1,40.4,-38.87,0.0,,8,,20260915
MDA,MDA Space Ltd.,Industrials,Aerospace & Defense,NYSE,,1587280,4675529216,1.1538,,,,,,,,0.0,19.5,3,49.37,23.23,,0.0,,8,,20260915
PACS,"PACS Group, Inc.",Healthcare,Medical Care Facilities,NYSE,,861398,7053851648,1.4773,,,,,,,,0.0,22.0,3,49.49,9.69,,0.0,,8,,20260915
ACT,"Enact Holdings, Inc.",Financial Services,Insurance - Specialty,NASDAQ,,357935,6883807232,0.7916,,,,,,,,0.0,22.0,3,50.56,34.64,,0.0,,8,,20260915
UBSI,"United Bankshares, Inc.",Financial Services,Banks - Regional,NASDAQ,,983845,6494106624,0.7102,,,,,,,,0.0,20.75,3,49.62,34.1,,0.0,,8,,20260915
EDNMF,Edenred SE,Financial Services,Credit Services,PNK,25.2,0,4778869760,0.0008,25.2,23.18,0.0,-3.86,-0.5,-35.72,-15.43,0.0,62.0,3,48.6,20.6,-48.15,0.0,,8,,20260915
SKSUF,"Sekisui Chemical Co., Ltd.",Industrials,Conglomerates,PNK,16.77,4,6771741696,0.0526,15.41,-1.91,25.8846,10.3,-177.89,-59.9,-83.65,0.0,75.0,2,19.69,14.69,-14.83,0.0,,8,,20260915
TGTX,"TG Therapeutics, Inc.",Healthcare,Biotechnology,NCM,,2334743,8266513408,2.2781,,,,,,,,0.0,25.75,3,59.3,26.76,,0.0,,8,,20260915
MSM,"MSC Industrial Direct Co., Inc.",Industrials,Industrial Distribution,NYSE,,718277,0,3.0085,,,,,,,,0.0,20.75,3,130.46,78.8,,0.0,,8,,20260915
AZIHF,Azimut Holding S.p.A.,Financial Services,Asset Management,PNK,46.86,622,6609379840,1.2662,43.52,41.47,2.6377,5.73,10.6,16.03,11.55,0.0,80.0,2,47.99,35.3,-2.35,0.0,,8,,20260915
CHDN,Churchill Downs Incorporated,Consumer Cyclical,Gambling,NASDAQ,,1036187,5826939904,2.4877,,,,,,,,0.0,19.5,3,118.35,79.4,,0.0,,8,,20260915
SGHDY,"SG Holdings Co.,Ltd.",Industrials,Integrated Freight & Logistics,PNK,9.65,16,5758517248,0.0007,9.65,9.47,0.0,0.12,-11.44,-33.28,-17.29,0.0,75.0,3,11.22,8.93,-14.01,0.0,,8,,20260915
SKHCF,Sonic Healthcare Limited,Healthcare,Diagnostics & Research,PNK,13.65,45,8346407424,0.0843,13.63,13.57,0.1904,2.74,-20.41,-15.34,-12.6,0.0,75.0,2,16.1,12.0,-15.22,0.0,,8,,20260915
ACA,"Arcosa, Inc.",Industrials,Engineering & Construction,NYSE,,811559,7127853056,0.2723,,,,,,,,0.0,22.0,3,146.92,89.03,,0.0,,8,,20260915
NBCLF,"Nitto Boseki Co., Ltd.",Consumer Cyclical,Textile Manufacturing,PNK,18.98,2776,3454845696,1.5991,20.02,18.98,-0.6512,-22.75,184.72,487.52,253.97,0.0,37.5,3,40.4,13.2,-53.02,0.0,,8,,20260915
GRGDF,Groupe Dynamite Inc.,Consumer Cyclical,Apparel Retail,PNK,38.59,11076,4198292480,0.9313,40.7,52.75,-2.2689,,,,,0.0,26.25,4,70.53,32.22,-45.29,0.0,,8,,20260915
WH,"Wyndham Hotels & Resorts, Inc.",Consumer Cyclical,Lodging,NYSE,,1338038,5135409152,1.9738,,,,,,,,0.0,18.25,3,90.35,68.44,,0.0,,8,,20260915
ETSY,"Etsy, Inc.",Consumer Cyclical,Internet Retail,NYSE,,3007209,6834068480,3.1088,,,,,,,,0.0,19.5,3,87.97,44.0,,0.0,,8,,20260915
MRCY,"Mercury Systems, Inc.",Industrials,Aerospace & Defense,NASDAQ,,745427,4872830464,3.4746,,,,,,,,0.0,19.5,3,128.45,65.04,,0.0,,8,,20260915
TAL,TAL Education Group,Consumer Defensive,Education & Training Services,NYSE,,4780662,6462269440,0.3885,,,,,,,,0.0,25.75,3,13.37,8.88,,0.0,,8,,20260915
OUT,OUTFRONT Media Inc.,Real Estate,REIT - Specialty,NYSE,,1771391,5063888384,0.5735,,,,,,,,0.0,22.0,3,34.96,16.97,,0.0,,8,,20260915
VOPKY,Koninklijke Vopak N.V.,Energy,Oil & Gas Midstream,PNK,57.92,50,6267866624,0.2198,54.21,49.97,16.8592,6.46,-8.55,2.94,-0.2,0.0,75.0,2,57.92,42.45,-0.0,0.0,,8,,20260915
SLFPY,Aberdeen Group Plc,Financial Services,Asset Management,PNK,13.5,37,5905635328,0.0551,13.19,11.59,5.6674,4.75,11.78,25.38,15.46,0.0,75.0,2,13.6,10.03,-0.74,0.0,,8,,20260915
RKWBF,Rockwool A/S,Industrials,Building Products & Equipment,PNK,33.5,27,6943184384,0.1424,30.99,28.81,17.5951,0.17,19.13,-18.03,-0.47,0.0,50.0,2,39.22,27.49,-14.58,0.0,,8,,20260915
SMBMY,Seatrium Limited,Energy,Oil & Gas Equipment & Services,PNK,15.41,22,5221505024,0.0431,15.53,15.99,-2.8624,-1.14,-12.28,-31.26,-17.09,0.0,49.0,4,20.68,15.0,-25.51,0.0,,8,,20260915
ZLDSF,Zalando SE,Consumer Cyclical,Internet Retail,PNK,26.4,8,6447477760,0.0114,26.13,27.95,23.8641,-2.32,-28.8,-27.79,-21.78,0.0,62.0,3,31.01,22.73,-14.87,0.0,,8,,20260915
CAR,"Avis Budget Group, Inc.",Industrials,Rental & Leasing Services,NASDAQ,,504777,4193166592,5.7415,,,,,,,,0.0,22.0,3,847.7,85.96,,0.0,,8,,20260915
BYD,Boyd Gaming Corporation,Consumer Cyclical,Resorts & Casinos,NYSE,,914701,5605365248,1.5531,,,,,,,,0.0,15.75,3,91.41,74.8,,0.0,,8,,20260915
EAT,"Brinker International, Inc.",Consumer Cyclical,Restaurants,NYSE,,1031664,8944394240,8.2177,,,,,,,,0.0,20.75,3,254.99,100.3,,0.0,,8,,20260915
ONEXF,Onex Corporation,Financial Services,Asset Management,PNK,79.48,10408,6063249920,1.3889,79.23,79.05,0.1832,,,,,0.0,82.5,2,92.45,69.26,-14.03,0.0,,8,,20260915
TFX,Teleflex Incorporated,Healthcare,Medical Instruments & Supplies,NYSE,,531316,5521123328,4.2823,,,,,,,,0.0,23.25,3,145.0,100.18,,0.0,,8,,20260915
WKCMF,Wacker Chemie AG,Basic Materials,Specialty Chemicals,PNK,103.99,35,5255930880,0.9231,106.06,98.53,-2.2423,-9.81,-1.26,20.54,5.32,0.0,38.25,3,122.41,73.13,-15.05,0.0,,8,,20260915
HLPPF,Hang Lung Properties Limited,Real Estate,Real Estate Services,PNK,0.93,6,6139637248,0.0047,1.05,1.12,-27.1537,-22.9,-37.1,-27.13,-29.56,0.0,0.0,4,1.2,0.91,-22.75,0.0,,8,,20260915
KIROY,Kumba Iron Ore Limited,Basic Materials,Steel,PNK,5.0,64770,4803073536,0.2007,5.25,6.16,-1.2331,,,,,0.0,23.25,4,8.47,4.93,-40.97,0.0,,8,,20260915
WAWIF,Wallenius Wilhelmsen ASA,Industrials,Marine Shipping,PNK,17.5,117,7400244736,0.0917,15.25,12.62,24.4998,22.93,27.98,79.46,47.31,0.0,75.0,2,17.5,7.29,0.0,0.0,,8,,20260915
SNDR,"Schneider National, Inc.",Industrials,Trucking,NYSE,,822220,5983019520,1.0027,,,,,,,,0.0,22.0,3,39.27,20.11,,0.0,,8,,20260915
SFRRF,Sandfire Resources Limited,Basic Materials,Copper,PNK,15.47,71,7239257088,0.1744,14.73,12.71,4.2525,27.85,16.13,80.33,44.74,0.0,76.25,2,16.5,8.25,-6.24,0.0,,8,,20260915
PREKF,PrairieSky Royalty Ltd.,Energy,Oil & Gas E&P,PNK,25.87,69616,6013300736,0.5225,24.97,22.79,1.731,,,,,0.0,87.5,2,28.07,17.09,-7.84,0.0,,8,,20260915
LOAR,Loar Holdings Inc.,Industrials,Aerospace & Defense,NYSE,,707585,6046653952,2.3705,,,,,,,,0.0,22.0,3,83.43,53.15,,0.0,,8,,20260915
CHE,Chemed Corporation,Healthcare,Medical Care Facilities,NYSE,,173241,6721750016,15.1392,,,,,,,,0.0,24.5,3,557.0,365.21,,0.0,,8,,20260915
APPF,"AppFolio, Inc.",Technology,Software - Application,NASDAQ,,388587,7857967616,7.4795,,,,,,,,0.0,29.5,3,285.61,142.56,,0.0,,8,,20260915
VOPKF,Koninklijke Vopak N.V.,Energy,Oil & Gas Midstream,PNK,54.71,941,6210885632,0.0273,54.33,51.1,13.8166,-1.12,-18.27,-10.36,-10.82,0.0,75.0,2,56.35,42.85,-2.91,0.0,,8,,20260915
XYIGY,Xinyi Glass Holdings Limited,Basic Materials,Building Materials,PNK,23.2,106,5401458688,0.1529,22.57,23.23,4.1077,-7.28,-21.59,-7.75,-12.48,0.0,62.0,3,29.99,20.0,-22.64,0.0,,8,,20260915
TOITF,Topicus.com Inc.,Technology,Software - Infrastructure,PNK,69.05,29493,14720126976,2.3433,70.46,74.11,-0.6021,,,,,0.0,59.0,4,120.7,60.5,-42.79,0.0,,8,,20260915
PUTKF,PT United Tractors Tbk,Basic Materials,Other Industrial Metals & Mining,PNK,1.6,0,5588950016,0.0,1.6,1.62,0.0,-3.86,-16.29,0.26,-6.56,0.0,49.0,3,1.82,1.4,-12.09,0.0,,8,,20260915
MTHRF,"M3, Inc.",Healthcare,Health Information Services,PNK,10.36,100,6776436736,0.0251,9.4,10.97,38.2837,17.31,-10.68,-43.23,-16.7,0.0,62.0,3,15.25,8.55,-32.05,0.0,,8,,20260915
CZR,"Caesars Entertainment, Inc.",Consumer Cyclical,Resorts & Casinos,NASDAQ,,3816766,6048112128,0.0746,,,,,,,,0.0,18.25,3,30.88,17.86,,0.0,,8,,20260915
CDEVY,City Developments Limited,Real Estate,Real Estate - Development,PNK,6.7,1661,6030461440,0.1455,6.07,6.34,4.3181,0.81,-15.45,19.76,2.7,0.0,65.75,3,8.2,4.96,-18.29,0.0,,8,,20260915
MAC,The Macerich Company,Real Estate,REIT - Retail,NYSE,,3702174,6629331968,0.5877,,,,,,,,0.0,17.0,3,26.68,16.03,,0.0,,8,,20260915
TKMCY,TKMS AG & Co KGaA,Unknown,Unknown,PNK,9.3,698,0,0.6796,9.3,9.3,0.0,,,,,0.0,63.32,3,12.71,8.31,-26.83,0.0,,8,,20260915
NJR,New Jersey Resources Corporation,Utilities,Utilities - Regulated Gas,NYSE,,678069,5387947520,0.8808,,,,,,,,0.0,17.0,3,60.86,43.46,,0.0,,8,,20260915
RRR,"Red Rock Resorts, Inc.",Consumer Cyclical,Resorts & Casinos,NASDAQ,,768435,5583827968,1.5746,,,,,,,,0.0,15.75,3,68.99,50.52,,0.0,,8,,20260915
MNTHY,Minth Group Limited,Consumer Cyclical,Auto Parts,PNK,62.23,1998,3644851456,2.0956,69.6,83.68,-3.5158,,,,,0.0,7.5,4,118.24,60.13,-47.37,0.0,,8,,20260915
FLG,"Flagstar Bank, National Association",Financial Services,Banks - Regional,NYSE,,4607903,5404508672,0.2491,,,,,,,,0.0,17.0,3,15.44,10.57,,0.0,,8,,20260915
IBP,"Installed Building Products, Inc.",Consumer Cyclical,Residential Construction,NYSE,,390929,5323809280,9.4985,,,,,,,,0.0,22.0,3,349.0,193.11,,0.0,,8,,20260915
ASAAF,AT & S Austria Technologie & Systemtechnik Aktiengesellschaft,Technology,Electronic Components,PNK,168.63,113,6551275520,3.2109,191.03,105.89,-6.9749,-0.19,361.67,1228.4,617.9,0.0,25.0,3,261.24,12.52,-35.45,0.0,,8,,20260915
MRUWY,"Maruwa Co.,Ltd.",Technology,Electronic Components,PNK,13.99,43155,172634464,0.6353,14.19,13.99,-0.3113,-20.76,-20.76,-20.76,-20.76,0.0,59.0,3,18.41,11.86,-23.99,0.0,,8,,20260915
SRRK,Scholar Rock Holding Corporation,Healthcare,Biotechnology,NASDAQ,,1325732,6314566656,2.3858,,,,,,,,0.0,24.5,3,61.76,27.07,,0.0,,8,,20260915
POR,Portland General Electric Company,Utilities,Utilities - Regulated Electric,NYSE,,1102267,5654580736,0.7469,,,,,,,,0.0,22.0,3,54.62,41.8,,0.0,,8,,20260915
NXST,"Nexstar Media Group, Inc.",Communication Services,Broadcasting,NASDAQ,,394312,5253431296,6.5223,,,,,,,,0.0,19.5,3,254.3,154.47,,0.0,,8,,20260915
PCWLF,PCCW Limited,Communication Services,Telecom Services,PNK,0.69,1106,5268478464,0.0184,0.69,0.7,0.033,-7.69,-18.26,-8.34,-11.65,0.0,43.25,3,0.81,0.63,-14.81,0.0,,8,,20260915
ENIC,Enel Chile S.A.,Utilities,Utilities - Renewable,NYSE,,580212,5962157568,0.1062,,,,,,,,0.0,19.5,3,4.74,3.62,,0.0,,8,,20260915
PSN,Parsons Corporation,Technology,Information Technology Services,NYSE,,1399111,5013445120,1.4942,,,,,,,,0.0,23.25,3,89.5,36.26,,0.0,,8,,20260915
CE,Celanese Corporation,Basic Materials,Chemicals,NYSE,,1768070,4914556928,1.5954,,,,,,,,0.0,19.5,3,70.7,35.13,,0.0,,8,,20260915
SFGRF,Sony Financial Group Inc.,Financial Services,Insurance - Life,PNK,1.01,5391,6775529984,0.0193,0.96,-0.79,2.7789,22.39,-149.0,-146.36,-105.1,0.0,76.25,2,1.11,0.63,-9.01,0.0,,8,,20260915
PEGA,Pegasystems Inc.,Technology,Software - Application,NASDAQ,,2705240,6364115456,1.3108,,,,,,,,0.0,29.5,3,68.1,25.1,,0.0,,8,,20260915
PIPR,Piper Sandler Companies,Financial Services,Capital Markets,NYSE,,589780,5274830336,1.8676,,,,,,,,0.0,22.0,3,95.06,68.7,,0.0,,8,,20260915
TMSNY,Temenos AG,Technology,Software - Application,PNK,83.95,1687,5643666432,1.9338,87.15,89.42,-1.6544,-2.52,-26.5,-8.47,-13.3,0.0,61.5,3,107.27,74.88,-21.74,0.0,,8,,20260915
KMX,"CarMax, Inc.",Consumer Cyclical,Auto & Truck Dealerships,NYSE,,2682735,8754495488,1.5708,,,,,,,,0.0,24.5,3,65.28,30.26,,0.0,,8,,20260915
DFIHY,DFI Retail Group Holdings Limited,Consumer Defensive,Grocery Stores,PNK,17.15,3,4536140800,0.0853,19.17,18.71,-23.6712,-18.66,-32.09,-15.36,-22.04,0.0,12.0,4,21.5,15.92,-20.23,0.0,,8,,20260915
PTCT,"PTC Therapeutics, Inc.",Healthcare,Biotechnology,NASDAQ,,1609490,5548474368,1.9088,,,,,,,,0.0,20.75,3,90.87,57.74,,0.0,,8,,20260915
ABCB,Ameris Bancorp,Financial Services,Banks - Regional,NYSE,,472401,5692036096,1.2462,,,,,,,,0.0,19.5,3,93.22,68.8,,0.0,,8,,20260915
HPHTF,Hamamatsu Photonics K.K.,Technology,Electronic Components,PNK,13.75,283,3970131456,0.2121,14.85,13.2,-5.1721,-17.49,-6.44,4.88,-4.67,0.0,25.0,3,19.0,9.15,-27.63,0.0,,8,,20260915
CACC,Credit Acceptance Corporation,Financial Services,Credit Services,NASDAQ,,145295,6283987968,14.2538,,,,,,,,0.0,25.75,3,668.86,401.9,,0.0,,8,,20260915
GLAPY,Glanbia plc,Consumer Defensive,Packaged Foods,PNK,123.07,56,5959623168,0.3744,131.54,107.68,-22.6122,-7.97,12.96,35.33,16.68,0.0,25.0,3,143.5,79.41,-14.24,0.0,,8,,20260915
GNGBY,Getinge AB (publ),Healthcare,Medical Devices,PNK,24.44,1588,6656712192,0.2358,24.26,21.9,0.7687,,,,,0.0,77.5,2,25.98,18.99,-5.93,0.0,,8,,20260915
RKGRY,RENK Group AG,Industrials,Aerospace & Defense,PNK,9.69,215,4844999680,0.3097,10.74,9.69,-3.3967,-19.2,-35.63,-35.63,-31.52,0.0,51.25,3,13.11,9.36,-26.09,0.0,,8,,20260915
OTEX,Open Text Corporation,Technology,Software - Application,NASDAQ,,1692940,5811763712,0.6523,,,,,,,,0.0,22.0,3,39.9,19.78,,0.0,,8,,20260915
SIGCY,SIG Group AG,Consumer Cyclical,Packaging & Containers,PNK,15.61,1082,6032186368,0.2771,17.28,15.44,-6.0368,,,,,0.0,51.25,3,19.11,9.73,-18.34,0.0,,8,,20260915
PATH,"UiPath, Inc.",Technology,Software - Infrastructure,NYSE,,70330166,7640138240,0.928,,,,,,,,0.0,27.0,3,19.84,9.2,,0.0,,8,,20260915
SRTTY,"ZOZO, Inc.",Consumer Cyclical,Internet Retail,PNK,7.34,9830,6389989888,0.2212,7.08,7.19,1.1596,,,,,0.0,77.5,3,10.29,5.74,-28.67,0.0,,8,,20260915
NOVTU,Novanta Inc.,Technology,Scientific & Technical Instruments,NASDAQ,59.86,21790,0,2.4895,63.17,59.22,-1.3278,,,,,0.0,33.75,3,76.95,47.57,-22.21,0.0,,8,,20260915
NOVT,Novanta Inc.,Technology,Scientific & Technical Instruments,NASDAQ,,456458,5296378368,4.4862,,,,,,,,0.0,24.5,3,176.38,98.27,,0.0,,8,,20260915
GVA,Granite Construction Incorporated,Industrials,Engineering & Construction,NYSE,,823206,5082881024,3.0923,,,,,,,,0.0,22.0,3,162.08,97.26,,0.0,,8,,20260915
MSSMY,MISUMI Group Inc.,Industrials,Tools & Accessories,PNK,11.15,430,6093930496,0.1535,11.65,10.0,-3.2338,-7.91,6.39,24.1,9.9,0.0,37.0,3,13.0,6.64,-14.23,0.0,,8,,20260915
BLCO,Bausch + Lomb Corporation,Healthcare,Medical Instruments & Supplies,NYSE,,412472,6278965248,0.4605,,,,,,,,0.0,19.5,3,18.91,13.77,,0.0,,8,,20260915
AMTM,"Amentum Holdings, Inc.",Industrials,Specialty Business Services,NYSE,,2103514,4826556416,0.5128,,,,,,,,0.0,24.5,3,38.11,19.21,,0.0,,8,,20260915
ESTC,Elastic N.V.,Technology,Software - Application,NYSE,,2328641,8935808000,4.5277,,,,,,,,0.0,19.5,3,108.0,42.05,,0.0,,8,,20260915
CGON,"CG Oncology, Inc.",Healthcare,Biotechnology,NASDAQ,,939337,6540773376,2.8561,,,,,,,,0.0,25.75,3,80.97,33.8,,0.0,,8,,20260915
IFS,Intercorp Financial Services Inc.,Financial Services,Banks - Regional,NYSE,,247920,6036546560,1.0308,,,,,,,,0.0,20.75,3,61.38,38.29,,0.0,,8,,20260915
HPHTY,Hamamatsu Photonics K.K.,Technology,Electronic Components,PNK,6.72,27,3880622848,0.0718,7.29,6.54,-7.9213,-21.05,-7.63,6.21,-5.45,0.0,26.25,3,9.56,4.93,-29.74,0.0,,8,,20260915
BKH,Black Hills Corporation,Utilities,Utilities - Regulated Gas,NYSE,,809075,5384997376,1.28,,,,,,,,0.0,27.0,3,78.69,58.1,,0.0,,8,,20260915
RMSYF,Ramsay Health Care Limited,Healthcare,Medical Care Facilities,PNK,36.62,11,5770745344,0.2686,31.11,25.49,20.497,44.94,31.12,36.75,36.83,0.0,75.0,2,36.62,20.0,-0.0,0.0,,8,,20260915
JBHIF,JB Hi-Fi Limited,Consumer Cyclical,Specialty Retail,PNK,57.93,29,6333717504,0.1686,53.72,56.05,24.996,14.19,-14.92,-35.49,-15.87,0.0,75.0,3,81.23,50.17,-28.68,0.0,,8,,20260915
RNKGF,RENK Group AG,Industrials,Aerospace & Defense,PNK,49.98,246,5090417152,0.5727,54.02,59.59,-7.0568,-13.63,-36.4,-56.26,-38.65,0.0,26.25,4,104.2,46.43,-52.03,0.0,,8,,20260915
EMLZF,Emmi AG,Consumer Defensive,Packaged Foods,PNK,1075.0,0,5751045632,0.0901,1075.0,1005.19,0.0,-1.94,-2.43,-9.87,-5.29,0.0,50.0,3,1099.16,856.9,-2.2,0.0,,8,,20260915
USAR,"USA Rare Earth, Inc.",Basic Materials,Other Industrial Metals & Mining,NASDAQ,,12453006,3844552704,1.0783,,,,,,,,0.0,20.75,3,43.98,11.45,,0.0,,8,,20260915
CPA,"Copa Holdings, S.A.",Industrials,Airlines,NYSE,,291220,5204068352,3.0283,,,,,,,,0.0,19.5,3,160.47,107.44,,0.0,,8,,20260915
SLFPF,Aberdeen Group Plc,Financial Services,Asset Management,PNK,3.15,741,5766837760,0.0152,3.31,2.93,-10.3456,0.44,-0.39,10.09,4.01,0.0,63.25,3,3.44,2.45,-8.43,0.0,,8,,20260915
ZGN,Ermenegildo Zegna N.V.,Consumer Cyclical,Apparel Manufacturing,NYSE,,1179659,4929616896,0.4339,,,,,,,,0.0,18.25,3,15.95,8.64,,0.0,,8,,20260915
BAFBF,Balfour Beatty plc,Industrials,Engineering & Construction,PNK,12.11,143,5691793920,0.0227,11.52,10.42,26.1978,15.57,12.56,36.6,22.93,0.0,75.0,2,12.11,7.91,-0.0,0.0,,8,,20260915
KOF,"Coca-Cola FEMSA, S.A.B. de C.V.",Consumer Defensive,Beverages - Non-Alcoholic,NYSE,,138995,0,2.2685,,,,,,,,0.0,23.25,3,117.09,80.22,,0.0,,8,,20260915
COCSF,"Coca-Cola FEMSA, S.A.B. de C.V.",Consumer Defensive,Beverages - Non-Alcoholic,PNK,11.38,1183,24789821440,0.3743,11.0,10.46,1.0115,2.56,-0.97,15.8,6.62,0.0,81.25,2,12.24,7.57,-7.07,0.0,,8,,20260915
FINN,"First National of Nebraska, Inc.",Financial Services,Banks - Regional,OID,19750.0,62,5337042432,52.7679,19186.9,17358.7,10.6713,3.12,2.62,34.09,15.33,0.0,76.25,2,19850.0,13700.0,-0.5,0.0,,8,,20260915
MNTHF,Minth Group Limited,Consumer Cyclical,Auto Parts,PNK,3.45,409,4041374976,0.0368,3.38,3.35,1.8649,5.81,-23.96,-13.02,-12.14,0.0,76.25,2,5.54,2.94,-37.73,0.0,,8,,20260915
TKECF,"Tokyo Electric Power Company Holdings, Incorporated",Utilities,Utilities - Renewable,PNK,3.3,724,5513295360,0.101,3.22,3.75,0.8418,4.69,-31.6,-53.9,-31.45,0.0,52.5,3,6.0,2.7,-45.0,0.0,,8,,20260915
SHJBF,"Shanghai Junshi Biosciences Co., Ltd.",Healthcare,Biotechnology,PNK,3.35,0,4841863680,0.0,3.35,3.24,0.0,-3.86,-3.69,51.57,18.37,0.0,62.0,3,4.23,1.97,-20.78,0.0,,8,,20260915
COIHY,Croda International Plc,Basic Materials,Specialty Chemicals,PNK,21.24,7295,5919763968,0.3413,21.17,19.37,0.2142,,,,,0.0,83.75,2,23.81,16.68,-10.79,0.0,,8,,20260915
BRTHY,"Brother Industries, Ltd.",Industrials,Business Equipment & Supplies,PNK,60.2,96,7443270144,0.3221,53.18,43.91,21.7763,28.44,41.49,58.58,45.06,0.0,75.0,2,60.31,31.75,-0.18,0.0,,8,,20260915
ESNT,Essent Group Ltd.,Financial Services,Insurance - Specialty,NYSE,,691564,6183503360,1.0332,,,,,,,,0.0,24.5,3,70.37,55.34,,0.0,,8,,20260915
MCY,Mercury General Corporation,Financial Services,Insurance - Property & Casualty,NYSE,,295172,0,2.6695,,,,,,,,0.0,22.0,3,113.06,74.29,,0.0,,8,,20260915
BYCRF,"Baycurrent, Inc.",Industrials,Consulting Services,PNK,45.65,59,6741376000,3.2304,-5.44,-6.53,15.8143,-404.6,-485.25,912.37,93.96,0.0,62.0,3,62.0,28.17,-26.37,0.0,,8,,20260915
ESAB,ESAB Corporation,Industrials,Metal Fabrication,NYSE,,763656,4195420416,2.3308,,,,,,,,0.0,17.0,3,137.42,67.25,,0.0,,8,,20260915
PECO,"Phillips Edison & Company, Inc.",Real Estate,REIT - Retail,NASDAQ,,951574,5432961536,0.5622,,,,,,,,0.0,18.25,3,44.38,32.98,,0.0,,8,,20260915
SBSNY,Vend Marketplaces ASA,Communication Services,Internet Content & Information,PNK,25.49,9685,5619339776,0.4777,25.82,26.29,-0.6882,-5.37,-13.12,-49.71,-25.82,0.0,55.25,4,45.0,18.0,-43.36,0.0,,8,,20260915
COGT,"Cogent Biosciences, Inc.",Healthcare,Biotechnology,NASDAQ,,2284504,5797469184,1.2893,,,,,,,,0.0,25.75,3,43.73,11.6,,0.0,,8,,20260915
RGLXY,RTL Group S.A.,Communication Services,Broadcasting,PNK,3.56,190,5205468160,0.1139,3.64,3.72,-0.7303,-14.19,-17.8,-10.08,-13.81,0.0,25.25,4,5.26,3.13,-32.32,0.0,,8,,20260915
MGY,Magnolia Oil & Gas Corporation,Energy,Oil & Gas E&P,NYSE,,4625837,6697631232,0.7003,,,,,,,,0.0,22.0,3,32.76,21.07,,0.0,,8,,20260915
BBRYF,Burberry Group plc,Consumer Cyclical,Luxury Goods,PNK,15.53,133,6000028160,0.0942,15.81,16.19,-2.9518,-6.8,-7.29,-20.32,-12.38,0.0,49.0,4,18.37,13.34,-15.46,0.0,,8,,20260915
WILWY,Wallenius Wilhelmsen ASA,Industrials,Marine Shipping,PNK,28.5,21,6025913856,0.0604,26.71,23.23,29.7238,2.44,-17.83,44.02,11.98,0.0,75.0,2,30.0,14.01,-5.0,0.0,,8,,20260915
CWST,"Casella Waste Systems, Inc.",Industrials,Waste Management,NASDAQ,,623888,5788062208,2.45,,,,,,,,0.0,23.25,3,107.96,74.05,,0.0,,8,,20260915
SYNA,Synaptics Incorporated,Technology,Semiconductors,NASDAQ,,934225,3717509888,3.2223,,,,,,,,0.0,24.5,3,149.11,58.28,,0.0,,8,,20260915
ATDRF,Autotrader Group plc,Communication Services,Internet Content & Information,PNK,6.47,201,5028878848,0.0114,6.46,6.75,1.1726,-1.3,-17.18,-57.78,-29.45,0.0,62.0,3,11.25,5.79,-42.49,0.0,,8,,20260915
AVTR,"Avantor, Inc.",Healthcare,Medical Instruments & Supplies,NYSE,,9222233,10253599744,0.4237,,,,,,,,0.0,25.75,3,15.93,7.26,,0.0,,8,,20260915
ZEGLF,Zegona Communications plc,Communication Services,Telecom Services,PNK,22.3,103,5028734976,0.0829,20.4,22.3,22.8789,-13.14,-9.51,-9.51,-10.42,0.0,51.25,3,24.58,18.95,-9.28,0.0,,8,,20260915
TKECY,"Tokyo Electric Power Company Holdings, Incorporated",Utilities,Utilities - Renewable,PNK,3.44,1667,5513295360,0.0649,3.22,3.82,3.3434,,,,,0.0,67.0,3,5.8,2.76,-40.69,0.0,,8,,20260915
SSMXY,Sysmex Corporation,Healthcare,Medical Devices,PNK,11.74,73730,7067970560,0.3727,10.94,9.56,2.1404,,,,,0.0,87.5,2,13.49,8.01,-12.97,0.0,,8,,20260915
SSMXF,Sysmex Corporation,Healthcare,Medical Devices,PNK,11.91,141,7525522432,0.1342,10.3,9.31,11.9913,30.71,18.85,-20.79,5.96,0.0,75.0,2,12.6,7.97,-5.48,0.0,,8,,20260915
IVCGF,Iveco Group N.V.,Industrials,Farm & Heavy Construction Machinery,PNK,16.26,575,4288183552,0.1447,16.02,19.06,1.6469,-2.28,-41.03,-42.06,-31.75,0.0,57.5,3,23.0,15.59,-29.32,0.0,,8,,20260915
TTBXF,Tritax Big Box REIT plc,Unknown,Unknown,PNK,2.06,2274,0,0.1661,1.98,2.06,0.4676,-41.48,-41.48,-41.48,-41.48,0.0,63.25,3,2.43,1.7,-15.23,0.0,,8,,20260915
CRC,California Resources Corporation,Energy,Oil & Gas E&P,NYSE,,846641,4955261952,1.3974,,,,,,,,0.0,25.75,3,71.98,43.24,,0.0,,8,,20260915
BLTE,"Belite Bio, Inc",Healthcare,Biotechnology,NCM,,203954,6967080960,8.5028,,,,,,,,0.0,25.75,3,200.0,64.8,,0.0,,8,,20260915
MATX,"Matson, Inc.",Industrials,Marine Shipping,NYSE,,300045,7075756032,4.5469,,,,,,,,0.0,22.0,3,237.42,86.97,,0.0,,8,,20260915
MTG,MGIC Investment Corporation,Financial Services,Insurance - Specialty,NYSE,,1742379,6332203520,0.4331,,,,,,,,0.0,23.25,3,31.89,24.69,,0.0,,8,,20260915
KRG,Kite Realty Group Trust,Real Estate,REIT - Retail,NYSE,,2532182,5339213824,0.3454,,,,,,,,0.0,20.75,3,29.92,21.33,,0.0,,8,,20260915
CROX,"Crocs, Inc.",Consumer Cyclical,Footwear & Accessories,NASDAQ,,1032711,5345396224,3.2938,,,,,,,,0.0,18.25,3,141.28,73.21,,0.0,,8,,20260915
HWC,Hancock Whitney Corporation,Financial Services,Banks - Regional,NASDAQ,,847629,6074489856,1.3872,,,,,,,,0.0,22.0,3,80.13,54.05,,0.0,,8,,20260915
TKMTY,"Tokyo Metro Co., Ltd.",Industrials,Railroads,PNK,8.87,214,5149894144,0.0035,8.82,8.87,15.8828,-1.32,-29.38,-45.82,-28.94,0.0,75.0,3,13.36,8.35,-33.61,0.0,,8,,20260915
OBDC,Blue Owl Capital Corporation,Financial Services,Asset Management,NYSE,,3768604,5499063808,0.1859,,,,,,,,0.0,17.0,3,14.08,10.52,,0.0,,8,,20260915
ARKAF,Arkema S.A.,Basic Materials,Specialty Chemicals,PNK,69.4,4,5726550016,0.0281,68.79,64.03,21.7519,-2.71,-2.53,-10.69,-5.84,0.0,75.0,2,77.9,59.0,-10.91,0.0,,8,,20260915
ARKAY,Arkema S.A.,Basic Materials,Specialty Chemicals,PNK,65.86,1056,4977967104,0.9016,67.4,64.18,-1.7027,-6.32,-7.38,-15.69,-10.44,0.0,65.75,3,79.36,56.28,-17.01,0.0,,8,,20260915
NEXPF,Nexi S.p.A.,Technology,Software - Infrastructure,PNK,4.74,22,5568176128,0.0053,4.59,4.48,28.3693,-2.15,27.35,-35.23,-5.05,0.0,75.0,2,6.08,3.25,-22.1,0.0,,8,,20260915
KLIC,"Kulicke and Soffa Industries, Inc.",Technology,Semiconductor Equipment & Materials,NASDAQ,,1034906,4157548032,2.5977,,,,,,,,0.0,23.25,3,135.8,35.02,,0.0,,8,,20260915
SEI,"Solaris Energy Infrastructure, Inc.",Energy,Oil & Gas Equipment & Services,NYSE,,2998782,6149276672,3.2763,,,,,,,,0.0,24.5,3,86.19,29.89,,0.0,,8,,20260915
GXO,"GXO Logistics, Inc.",Industrials,Integrated Freight & Logistics,NYSE,,1442616,5382147072,1.3108,,,,,,,,0.0,20.75,3,66.85,44.99,,0.0,,8,,20260915
GNGBF,Getinge AB (publ),Healthcare,Medical Devices,PNK,25.0,3,5461009408,0.1202,22.21,22.35,23.218,20.83,-7.74,0.56,2.72,0.0,75.0,3,25.0,20.05,0.0,0.0,,8,,20260915
OZKAP,Bank OZK,Financial Services,Banks - Regional,NASDAQ,,30103,0,0.2599,,,,,,,,0.0,19.5,3,17.85,15.23,,0.0,,8,,20260915
OZK,Bank OZK,Financial Services,Banks - Regional,NASDAQ,,1177009,5355927552,0.81,,,,,,,,0.0,20.75,3,53.41,42.37,,0.0,,8,,20260915
BEPC,Brookfield Renewable Corporation,Utilities,Utilities - Renewable,NYSE,,1698425,5515451392,0.78,,,,,,,,0.0,18.25,3,45.18,29.61,,0.0,,8,,20260915
LEGN,Legend Biotech Corporation,Healthcare,Biotechnology,NASDAQ,,2409664,3603870464,0.8667,,,,,,,,0.0,22.0,3,37.5,16.24,,0.0,,8,,20260915
BTLCY,British Land Company PLC,Real Estate,REIT - Diversified,PNK,5.21,11951,5339916800,0.0939,5.72,5.28,-5.438,,,,,0.0,49.5,3,6.0,4.5,-13.17,0.0,,8,,20260915
M,"Macy's, Inc.",Consumer Cyclical,Department Stores,NYSE,,5578916,5897368576,0.8569,,,,,,,,0.0,24.5,3,26.59,16.41,,0.0,,8,,20260915
MUR,Murphy Oil Corporation,Energy,Oil & Gas E&P,NYSE,,1769246,5475953664,1.1338,,,,,,,,0.0,24.5,3,43.34,25.32,,0.0,,8,,20260915
TMICF,Trend Micro Incorporated,Technology,Software - Infrastructure,PNK,38.8,74,4428514304,0.2446,34.8,37.86,16.347,-10.14,1.86,-51.92,-22.65,0.0,51.25,3,58.29,33.1,-33.44,0.0,,8,,20260915
SIGIP,"Selective Insurance Group, Inc.",Financial Services,Insurance - Property & Casualty,NASDAQ,15.31,33075,0,0.1782,15.51,15.85,-1.1779,,,,,0.0,39.0,4,18.7,15.2,-18.18,0.0,,8,,20260915
SIGI,"Selective Insurance Group, Inc.",Financial Services,Insurance - Property & Casualty,NASDAQ,,507329,5326670848,1.7315,,,,,,,,0.0,20.75,3,100.4,72.78,,0.0,,8,,20260915
BXSL,Blackstone Secured Lending Fund,Financial Services,Asset Management,NYSE,,1606125,5742711808,0.3854,,,,,,,,0.0,23.25,3,28.59,22.47,,0.0,,8,,20260915
GCHEF,"Grupo Comercial Chedraui, S.A.B. de C.V.",Consumer Defensive,Grocery Stores,PNK,5.2,398,4988051968,0.0246,5.22,5.39,-0.7676,-2.89,-14.68,-25.2,-15.94,0.0,49.0,3,8.15,4.85,-36.2,0.0,,8,,20260915
LQDA,Liquidia Corporation,Healthcare,Drug Manufacturers - Specialty & Generic,NCM,,1716169,5845378048,2.5515,,,,,,,,0.0,22.0,3,93.61,21.15,,0.0,,8,,20260915
HIMS,"Hims & Hers Health, Inc.",Healthcare,Drug Manufacturers - Specialty & Generic,NYSE,,14285022,6721759232,1.4196,,,,,,,,0.0,25.75,3,65.3,13.74,,0.0,,8,,20260915
G,Genpact Limited,Technology,Information Technology Services,NYSE,,2437908,6121492992,0.9679,,,,,,,,0.0,29.5,3,48.64,26.85,,0.0,,8,,20260915
TEO,Telecom Argentina S.A.,Communication Services,Telecom Services,NYSE,,359422,0,0.5254,,,,,,,,0.0,19.5,3,16.34,6.43,,0.0,,8,,20260915
BURBY,Burberry Group plc,Consumer Cyclical,Luxury Goods,PNK,13.52,41146,4843008000,0.3517,14.78,15.46,-3.5905,,,,,0.0,5.0,4,18.55,13.3,-27.12,0.0,,8,,20260915
CGASY,China Resources Gas Group Limited,Utilities,Utilities - Regulated Gas,PNK,,49,4433114112,,,,,,,,,0.0,12.0,3,26.91,16.68,,0.0,,8,,20260915
NICE,NICE Ltd.,Technology,Software - Application,NASDAQ,,555122,6251734016,3.2108,,,,,,,,0.0,25.75,3,153.68,83.1,,0.0,,8,,20260915
AUB,Atlantic Union Bankshares Corporation,Financial Services,Banks - Regional,NYSE,,1142935,5704026624,0.7462,,,,,,,,0.0,18.25,3,43.62,30.87,,0.0,,8,,20260915
VCTR,"Victory Capital Holdings, Inc.",Financial Services,Asset Management,NASDAQ,,564666,6709464064,3.9679,,,,,,,,0.0,22.0,3,123.55,57.03,,0.0,,8,,20260915
ARGTF,Artemis Gold Inc.,Basic Materials,Other Precious Metals & Mining,OQX,28.42,38593,6627281920,1.2017,26.9,26.86,1.2656,,,,,0.0,85.0,2,35.59,20.85,-20.16,0.0,,8,,20260915
BGC,"BGC Group, Inc.",Financial Services,Capital Markets,NASDAQ,,3134469,5781672960,0.3338,,,,,,,,0.0,25.75,3,12.89,8.27,,0.0,,8,,20260915
EPAM,"EPAM Systems, Inc.",Technology,Information Technology Services,NYSE,,1628843,6376666624,4.0308,,,,,,,,0.0,28.25,3,222.53,73.06,,0.0,,8,,20260915
HLPPY,Hang Lung Properties Limited,Real Estate,Real Estate Services,OID,4.41,7790,4599524864,0.0915,4.57,5.18,-1.715,-11.82,-35.54,-34.21,-29.08,0.0,18.25,4,6.52,4.26,-32.36,0.0,,8,,20260915
HOMB,"Home BancShares, Inc.",Financial Services,Banks - Regional,NYSE,,1754416,6001488896,0.4162,,,,,,,,0.0,17.0,3,31.7,25.5,,0.0,,8,,20260915
RANJF,Randstad N.V.,Industrials,Staffing & Employment Services,PNK,44.65,3,6553081856,0.4395,36.94,34.4,17.5339,36.33,6.16,-11.05,6.82,0.0,75.0,2,44.65,25.2,0.0,0.0,,8,,20260915
MC,Moelis & Company,Financial Services,Capital Markets,NYSE,,907437,4645613056,2.2438,,,,,,,,0.0,23.25,3,78.22,51.06,,0.0,,8,,20260915
WTBDY,Whitbread plc,Consumer Cyclical,Lodging,PNK,7.8,15770,5214816256,0.1088,8.11,8.15,-2.8268,,,,,0.0,55.25,4,11.06,7.42,-29.48,0.0,,8,,20260915
RANJY,Randstad N.V.,Industrials,Staffing & Employment Services,PNK,22.12,17743,7761937408,0.4689,20.98,16.74,2.4352,,,,,0.0,85.0,2,23.45,12.46,-5.67,0.0,,8,,20260915
GLNG,Golar LNG Limited,Energy,Oil & Gas Midstream,NASDAQ,,1234409,5254932480,1.2815,,,,,,,,0.0,20.75,3,57.79,35.02,,0.0,,8,,20260915
WTM,"White Mountains Insurance Group, Ltd.",Financial Services,Insurance - Property & Casualty,NYSE,,19990,4909485056,39.2923,,,,,,,,0.0,23.25,3,2333.0,1648.0,,0.0,,8,,20260915
LNNGF,Li Ning Company Limited,Consumer Cyclical,Leisure,PNK,1.8,366,4911145984,0.0384,1.76,2.22,1.0968,-21.64,-42.49,-40.41,-36.44,0.0,25.0,3,2.85,1.65,-36.84,0.0,,8,,20260915
BLSH,Bullish,Technology,Software - Infrastructure,NYSE,,1606232,5705010688,1.8605,,,,,,,,0.0,29.5,3,74.98,20.55,,0.0,,8,,20260915
BRLAF,British Land Company PLC,Real Estate,REIT - Diversified,PNK,5.48,91,5473158656,0.0352,5.59,5.25,-3.0025,-5.3,-2.37,11.99,2.64,0.0,62.0,3,6.24,4.2,-12.18,0.0,,8,,20260915
RUSHB,"Rush Enterprises, Inc.",Consumer Cyclical,Auto & Truck Dealerships,NASDAQ,,130264,6140019712,1.8296,,,,,,,,0.0,19.5,3,54.35,31.81,,0.0,,8,,20260915
RUSHA,"Rush Enterprises, Inc.",Consumer Cyclical,Auto & Truck Dealerships,NASDAQ,,722995,5676600320,1.3341,,,,,,,,0.0,22.0,3,55.74,30.45,,0.0,,8,,20260915
LYFT,"Lyft, Inc.",Technology,Software - Application,NASDAQ,,11919356,6018789888,0.6675,,,,,,,,0.0,24.5,3,25.54,12.46,,0.0,,8,,20260915
PLUG,Plug Power Inc.,Industrials,Electrical Equipment & Parts,NCM,,54986361,2878222080,0.0962,,,,,,,,0.0,20.75,3,4.58,1.52,,0.0,,8,,20260915
HLHLY,Holmen AB (publ),Basic Materials,Paper & Paper Products,PNK,16.18,0,4869264896,0.0027,16.18,16.93,0.0,-3.86,-22.5,34.87,5.11,0.0,49.0,3,25.0,10.9,-35.26,0.0,,8,,20260915
MARA,"MARA Holdings, Inc.",Financial Services,Capital Markets,NCM,,47180808,4442441728,0.7838,,,,,,,,0.0,25.75,3,23.45,6.66,,0.0,,8,,20260915
AUOTY,AUO Corporation,Technology,Electronic Components,PNK,8.95,70204,6754653184,0.3969,8.19,6.07,1.9094,,,,,0.0,83.75,2,10.5,3.25,-14.76,0.0,,8,,20260915
BC,Brunswick Corporation,Consumer Cyclical,Recreational Vehicles,NYSE,,713341,4544891392,2.5731,,,,,,,,0.0,20.75,3,90.25,58.56,,0.0,,8,,20260915
AMDLY,"Amada Co., Ltd.",Industrials,Specialty Industrial Machinery,PNK,74.66,0,5706114048,0.0039,74.66,58.84,0.0,-3.86,42.99,43.82,31.61,0.0,62.0,3,74.66,46.0,0.0,0.0,,8,,20260915
EUTLF,Eutelsat Communications S.A.,Communication Services,Telecom Services,PNK,2.1,9232,2473422336,0.0633,2.36,2.68,-4.1639,,,,,0.0,10.0,4,5.36,1.72,-60.82,0.0,,8,,20260915
EQPT,EquipmentShare.com Inc.,Industrials,Rental & Leasing Services,NASDAQ,,2906062,4537963520,0.9115,,,,,,,,0.0,23.25,3,35.5,15.71,,0.0,,8,,20260915
MAAS,Maase Inc.,Financial Services,Asset Management,NASDAQ,,150809,7225148928,1.243,,,,,,,,0.0,20.75,3,24.9,2.85,,0.0,,8,,20260915
XENE,Xenon Pharmaceuticals Inc.,Healthcare,Biotechnology,NASDAQ,,1101283,5635144704,1.8788,,,,,,,,0.0,22.0,3,72.66,35.6,,0.0,,8,,20260915
ALM,Almonty Industries Inc.,Basic Materials,Other Industrial Metals & Mining,NCM,,6558966,4240666880,1.2398,,,,,,,,0.0,22.0,3,24.41,4.51,,0.0,,8,,20260915
FUPBY,Fuchs SE,Basic Materials,Specialty Chemicals,PNK,11.89,10566,6230360064,0.1574,11.58,10.94,1.9888,,,,,0.0,83.75,2,12.42,9.27,-4.27,0.0,,8,,20260915
ACLLF,ATCO Ltd.,Utilities,Utilities - Diversified,OQX,50.85,43054,5722022400,0.6914,53.93,47.89,-4.4596,,,,,0.0,51.25,3,58.06,34.71,-12.42,0.0,,8,,20260915
SBRA,"Sabra Health Care REIT, Inc.",Real Estate,REIT - Healthcare Facilities,NASDAQ,,2926914,5236986368,0.3869,,,,,,,,0.0,23.25,3,22.77,17.17,,0.0,,8,,20260915
ENGGY,"Enagás, S.A.",Utilities,Utilities - Regulated Gas,PNK,9.51,3345,4950868480,0.0572,9.68,8.91,-2.8967,-7.26,1.25,9.98,2.61,0.0,40.75,3,10.29,7.45,-7.58,0.0,,8,,20260915
WEX,WEX Inc.,Technology,Software - Infrastructure,NYSE,,669854,6841883648,4.9577,,,,,,,,0.0,25.75,3,203.99,125.29,,0.0,,8,,20260915
RICOY,"Ricoh Company, Ltd.",Industrials,Business Equipment & Supplies,PNK,10.7,80,5988638208,0.0656,9.54,9.11,17.6214,9.73,7.07,-2.05,4.08,0.0,75.0,2,10.72,8.0,-0.19,0.0,,8,,20260915
FND,"Floor & Decor Holdings, Inc.",Consumer Cyclical,Home Improvement Retail,NYSE,,2471403,5125362176,1.7855,,,,,,,,0.0,20.75,3,92.41,42.64,,0.0,,8,,20260915
TSHXY,Tosoh Corporation,Basic Materials,Chemicals,PNK,8.99,6,5535872000,0.0269,8.51,8.99,17.84,8.09,4.29,4.29,5.24,0.0,75.0,3,9.18,8.03,-2.07,0.0,,8,,20260915
ATOGF,AUTO1 Group SE,Consumer Cyclical,Auto & Truck Dealerships,PNK,23.65,156,5232089600,0.1315,25.99,26.46,-17.8064,-11.82,14.23,-48.49,-17.37,0.0,0.0,4,35.42,17.6,-33.24,0.0,,8,,20260915
HLBBF,H. Lundbeck A/S,Healthcare,Drug Manufacturers - Specialty & Generic,PNK,6.96,58,6548184576,0.0413,6.64,6.6,7.6517,-8.39,-3.24,-9.48,-7.02,0.0,50.0,3,7.55,5.7,-7.81,0.0,,8,,20260915
NCSYF,NICE Ltd.,Technology,Software - Application,PNK,99.09,19,5806184448,0.2954,95.65,98.46,11.6304,10.69,-11.06,-49.52,-21.0,0.0,76.25,3,153.75,83.97,-35.55,0.0,,8,,20260915
BCPC,Balchem Corporation,Basic Materials,Specialty Chemicals,NASDAQ,,212529,5318210048,3.3077,,,,,,,,0.0,20.75,3,183.9,139.17,,0.0,,8,,20260915
LBRT,Liberty Energy Inc.,Energy,Oil & Gas Equipment & Services,NYSE,,4348359,3187128576,0.8817,,,,,,,,0.0,24.5,3,34.48,10.69,,0.0,,8,,20260915
ETCMY,Eutelsat Communications S.A.,Communication Services,Telecom Services,PNK,0.55,24509,2591204352,0.0283,0.62,0.7,-2.534,,,,,0.0,8.75,4,1.47,0.45,-62.59,0.0,,8,,20260915
HASI,"HA Sustainable Infrastructure Capital, Inc.",Financial Services,Asset Management,NYSE,,993156,4733785088,0.9608,,,,,,,,0.0,24.5,3,44.13,27.28,,0.0,,8,,20260915
LINRF,Liontown Limited,Basic Materials,Other Industrial Metals & Mining,PNK,0.76,6870,2423395840,0.0356,0.89,1.22,-3.5735,-52.56,-46.33,6.81,-26.64,0.0,3.75,4,1.9,0.56,-60.04,0.0,,8,,20260915
GOLF,Acushnet Holdings Corp.,Consumer Cyclical,Leisure,NYSE,,376737,4940482560,1.9849,,,,,,,,0.0,24.5,3,119.65,73.09,,0.0,,8,,20260915
OGS,"ONE Gas, Inc.",Utilities,Utilities - Regulated Gas,NYSE,,575877,4857532416,1.5262,,,,,,,,0.0,24.5,3,90.78,74.42,,0.0,,8,,20260915
DLB,"Dolby Laboratories, Inc.",Industrials,Specialty Business Services,NYSE,,965922,5799034880,1.6954,,,,,,,,0.0,27.0,3,73.01,48.26,,0.0,,8,,20260915
YKLTY,"Yakult Honsha Co.,Ltd.",Consumer Defensive,Beverages - Non-Alcoholic,PNK,9.09,309,5157308416,0.0398,8.74,8.42,8.8948,9.62,-9.29,-15.19,-6.92,0.0,75.0,2,10.34,7.02,-12.09,0.0,,8,,20260915
CGHLY,China Gas Holdings Limited,Utilities,Utilities - Regulated Gas,PNK,15.45,103,3944462592,0.263,17.29,21.9,-7.0042,-26.51,-58.6,-53.29,-48.45,0.0,1.25,4,28.28,15.45,-45.37,0.0,,8,,20260915
RITM,Rithm Capital Corp.,Real Estate,REIT - Mortgage,NYSE,,5455556,5455636992,0.1569,,,,,,,,0.0,17.0,3,12.68,8.43,,0.0,,8,,20260915
ALFFF,"Sigma Foods, S.A.B. de C.V.",Consumer Defensive,Packaged Foods,PNK,1.04,1091,5443371520,0.0051,0.94,0.93,19.8796,7.97,-3.53,21.23,9.25,0.0,75.0,2,1.1,0.75,-5.45,0.0,,8,,20260915
BMA,Banco Macro S.A.,Financial Services,Banks - Regional,NYSE,,278391,4924583936,2.8392,,,,,,,,0.0,23.25,3,106.15,38.3,,0.0,,8,,20260915
IRDM,Iridium Communications Inc.,Communication Services,Telecom Services,NASDAQ,,1819629,4894227968,0.8338,,,,,,,,0.0,27.0,3,57.18,15.65,,0.0,,8,,20260915
HWDJF,Howden Joinery Group Plc,Consumer Cyclical,"Furnishings, Fixtures & Appliances",PNK,9.8,315,5345931776,0.1931,10.83,10.88,-5.3373,-14.77,-30.31,-31.03,-26.71,0.0,13.25,4,12.2,9.6,-19.67,0.0,,8,,20260915
CNVVY,Convatec Group PLC,Healthcare,Medical Instruments & Supplies,PNK,11.82,25077,5717006848,0.2878,12.1,11.94,-0.9687,,,,,0.0,62.75,3,14.09,10.45,-16.13,0.0,,8,,20260915
CGHOF,China Gas Holdings Limited,Utilities,Utilities - Regulated Gas,PNK,0.69,1,6319856640,0.0048,0.82,0.9,-25.9789,-28.39,-40.67,-46.78,-40.04,0.0,0.0,4,1.16,0.69,-40.52,0.0,,8,,20260915
CHH,"Choice Hotels International, Inc.",Consumer Cyclical,Lodging,NYSE,,565846,4392134656,3.1962,,,,,,,,0.0,23.25,3,123.82,84.04,,0.0,,8,,20260915
SR,Spire Inc.,Utilities,Utilities - Regulated Gas,NYSE,,545611,4809418240,1.62,,,,,,,,0.0,22.0,3,95.31,74.81,,0.0,,8,,20260915
JREIF,Japan Real Estate Investment Corporation,Real Estate,REIT - Office,PNK,769.2,2,5602529792,0.5713,749.56,-281.61,34.3695,12.96,-161.05,-96.72,-91.81,0.0,75.0,2,852.68,658.41,-9.79,0.0,,8,,20260915
NFPDF,"Nissin Foods Holdings Co.,Ltd.",Consumer Defensive,Packaged Foods,PNK,18.79,20,5387667456,0.0288,18.08,18.75,24.7938,3.98,-21.41,-22.42,-15.47,0.0,75.0,3,20.73,16.46,-9.38,0.0,,8,,20260915
PAGP,"Plains GP Holdings, L.P.",Energy,Oil & Gas Midstream,NASDAQ,,1508737,6524012032,0.5392,,,,,,,,0.0,24.5,3,28.7,16.68,,0.0,,8,,20260915
TLPFF,Teleperformance SE,Industrials,Specialty Business Services,PNK,79.0,100,4768182784,0.6547,73.07,65.97,9.0604,18.79,26.51,-7.43,11.0,0.0,76.25,2,90.52,51.9,-12.73,0.0,,8,,20260915
ADT,ADT Inc.,Industrials,Security & Protection Services,NYSE,,7852166,5172359168,0.1471,,,,,,,,0.0,23.25,3,8.94,6.24,,0.0,,8,,20260915
RNSHF,Renishaw plc,Technology,Scientific & Technical Instruments,PNK,69.11,38,4787401728,0.2424,69.11,69.11,0.0,1.11,1.11,1.11,1.11,0.0,62.0,3,73.71,65.8,-6.24,0.0,,8,,20260915
HLUBF,H. Lundbeck A/S,Healthcare,Drug Manufacturers - Specialty & Generic,PNK,6.56,14,6963181056,0.0757,5.52,4.89,13.709,15.41,63.39,54.87,47.99,0.0,76.25,2,6.56,4.82,-0.0,0.0,,8,,20260915
THKLY,"THK Co., Ltd.",Industrials,Specialty Industrial Machinery,PNK,19.29,1343,4289347840,0.6556,21.6,18.23,-3.524,-16.93,10.97,23.15,8.86,0.0,35.0,3,25.7,11.93,-24.94,0.0,,8,,20260915
ENGGF,"Enagás, S.A.",Utilities,Utilities - Regulated Gas,PNK,19.55,56,5336109568,0.028,20.03,17.73,-17.1084,-3.52,2.2,1.59,0.53,0.0,37.0,3,21.65,16.02,-9.7,0.0,,8,,20260915
BLFBY,Balfour Beatty plc,Industrials,Engineering & Construction,PNK,25.38,2113,5640093184,1.0882,24.5,21.87,0.8112,8.29,9.57,38.63,20.87,0.0,83.75,2,27.19,16.41,-6.66,0.0,,8,,20260915
USSJY,"USS Co., Ltd.",Consumer Cyclical,Auto & Truck Dealerships,PNK,24.98,70,5670965760,0.0432,25.17,23.29,-4.3311,-6.85,-8.31,-10.77,-8.93,0.0,62.0,3,26.14,19.72,-4.44,0.0,,8,,20260915
TMICY,Trend Micro Incorporated,Technology,Software - Infrastructure,PNK,40.72,10059,5285144064,1.3851,38.54,38.19,1.5728,,,,,0.0,60.0,3,60.28,31.09,-32.45,0.0,,8,,20260915
KYSEF,"Kyushu Electric Power Company, Incorporated",Utilities,Utilities - Independent Power Producers,PNK,14.04,60,6637805056,0.2121,11.17,0.81,13.5258,33.78,-218.97,-43.51,-85.6,0.0,75.0,2,14.15,9.47,-0.78,0.0,,8,,20260915
TOSCF,Tosoh Corporation,Basic Materials,Chemicals,PNK,16.0,0,4926248960,0.0026,16.0,35.2,0.0,-3.86,-90.38,-131.11,-85.04,0.0,37.0,3,17.25,16.0,-7.25,0.0,,8,,20260915
SEKEY,Seiko Epson Corporation,Technology,Computer Hardware,PNK,9.98,12053,6190663680,0.228,9.44,7.57,2.3786,9.68,47.18,33.19,32.21,0.0,86.25,2,10.38,5.75,-3.85,0.0,,8,,20260915
PSMT,"PriceSmart, Inc.",Consumer Defensive,Discount Stores,NASDAQ,,283766,5208022016,4.3,,,,,,,,0.0,22.0,3,199.84,111.68,,0.0,,8,,20260915
GNTX,Gentex Corporation,Consumer Cyclical,Auto Parts,NASDAQ,,2586403,4757229568,0.5023,,,,,,,,0.0,18.25,3,29.38,20.48,,0.0,,8,,20260915
PMNXF,Perseus Mining Limited,Basic Materials,Gold,PNK,4.63,16261,6224246784,0.1662,3.8,3.73,4.9719,46.53,7.16,55.5,36.34,0.0,85.0,2,4.89,0.01,-5.32,0.0,,8,,20260915
GLBE,Global-E Online Ltd.,Consumer Cyclical,Internet Retail,NASDAQ,,1481475,6297097728,1.3592,,,,,,,,0.0,19.5,3,43.99,26.84,,0.0,,8,,20260915
IEP,Icahn Enterprises L.P.,Energy,Oil & Gas Refining & Marketing,NASDAQ,,980322,5011951616,0.1377,,,,,,,,0.0,27.0,3,9.32,6.51,,0.0,,8,,20260915
LGMMY,LEG Immobilien SE,Real Estate,Real Estate Services,PNK,13.5,28,4149817600,0.1117,15.01,16.16,-13.5021,-20.58,-29.01,-48.01,-34.5,0.0,0.0,4,22.0,9.27,-38.64,0.0,,8,,20260915
PRM,"Perimeter Solutions, Inc.",Basic Materials,Specialty Chemicals,NYSE,,1578500,5108668928,1.1162,,,,,,,,0.0,23.25,3,38.17,19.7,,0.0,,8,,20260915
BIPC,Brookfield Infrastructure Corporation,Utilities,Utilities - Regulated Gas,NYSE,,1052795,4406418944,0.8467,,,,,,,,0.0,18.25,3,51.72,34.18,,0.0,,8,,20260915
IPGP,IPG Photonics Corporation,Technology,Semiconductor Equipment & Materials,NASDAQ,,464346,3185837056,2.9515,,,,,,,,0.0,22.0,3,155.82,69.41,,0.0,,8,,20260915
QS,QuantumScape Corporation,Consumer Cyclical,Auto Parts,NASDAQ,,21821125,3198754304,0.2198,,,,,,,,0.0,25.75,3,19.07,4.77,,0.0,,8,,20260915
TCLHF,TCL Electronics Holdings Limited,Technology,Consumer Electronics,PNK,1.89,1240,5041635840,0.0558,2.0,1.72,-1.9141,1.14,6.58,18.47,9.98,0.0,51.25,3,2.34,1.07,-19.23,0.0,,8,,20260915
HLNE,Hamilton Lane Incorporated,Financial Services,Asset Management,NASDAQ,,763314,6452214272,3.6928,,,,,,,,0.0,20.75,3,155.66,71.88,,0.0,,8,,20260915
TVAVF,The Tel-Aviv Stock Exchange Ltd.,Financial Services,Financial Data & Stock Exchanges,PNK,42.62,737,3954531072,0.7293,40.1,43.54,3.4546,-22.03,-30.6,55.72,6.07,0.0,39.5,3,63.0,22.0,-32.35,0.0,,8,,20260915
SITE,"SiteOne Landscape Supply, Inc.",Industrials,Industrial Distribution,NYSE,,849477,3900172544,2.7247,,,,,,,,0.0,24.5,3,168.56,89.32,,0.0,,8,,20260915
TLPFY,Teleperformance SE,Industrials,Specialty Business Services,PNK,41.42,5801,4946727936,1.0738,36.92,32.8,4.1875,,,,,0.0,90.0,2,43.95,25.7,-5.76,0.0,,8,,20260915
JDSPY,JD Sports Fashion Plc,Consumer Cyclical,Apparel Retail,OQX,1.0,5553,4749268992,0.0367,1.14,1.04,-3.9042,,,,,0.0,47.0,3,1.39,0.84,-28.06,0.0,,8,,20260915
YMATF,Azbil Corporation,Industrials,Specialty Industrial Machinery,PNK,10.27,4,5121294848,0.0034,10.35,1.29,-24.8851,5.39,-216.54,99.48,-34.65,0.0,62.0,3,10.74,8.85,-4.38,0.0,,8,,20260915
AVAL,Grupo Aval Acciones y Valores S.A.,Financial Services,Banks - Regional,NYSE,,182945,6363251712,0.1505,,,,,,,,0.0,25.75,3,6.2,3.12,,0.0,,8,,20260915
JAN,"Janus Living, Inc.",Real Estate,REIT - Residential,NYSE,,1664059,9652914176,0.8365,,,,,,,,0.0,23.25,3,32.83,22.76,,0.0,,8,,20260915
CNX,CNX Resources Corporation,Energy,Oil & Gas E&P,NYSE,,1737112,5240163328,0.8369,,,,,,,,0.0,20.75,3,43.62,29.22,,0.0,,8,,20260915
TKC,Turkcell Iletisim Hizmetleri A.S.,Communication Services,Telecom Services,NYSE,,2323303,4631470080,0.0869,,,,,,,,0.0,25.75,3,7.18,4.9,,0.0,,8,,20260915
LPL,"LG Display Co., Ltd.",Technology,Consumer Electronics,NYSE,,2902814,3130000128,0.0977,,,,,,,,0.0,19.5,3,5.83,2.76,,0.0,,8,,20260915
WHD,"Cactus, Inc.",Energy,Oil & Gas Equipment & Services,NYSE,,804337,4674911744,2.2324,,,,,,,,0.0,20.75,3,74.07,33.2,,0.0,,8,,20260915
IPGDF,IGO Limited,Basic Materials,Other Industrial Metals & Mining,PNK,5.6,200,4770787328,0.0943,5.46,5.65,1.452,-24.53,-15.31,55.98,10.9,0.0,38.25,3,7.12,3.15,-21.4,0.0,,8,,20260915
OLLI,"Ollie's Bargain Outlet Holdings, Inc.",Consumer Defensive,Discount Stores,NASDAQ,,1950753,4575173120,3.4423,,,,,,,,0.0,23.25,3,139.21,60.29,,0.0,,8,,20260915
NAVN,"Navan, Inc.",Technology,Software - Application,NASDAQ,,3941870,5564972544,1.4108,,,,,,,,0.0,22.0,3,30.88,8.11,,0.0,,8,,20260915
DNTUY,Dentsu Group Inc.,Communication Services,Advertising Agencies,PNK,21.05,883,5970482176,0.1145,21.15,19.76,-0.8724,1.7,5.69,-20.98,-5.98,0.0,62.0,3,23.56,16.38,-10.65,0.0,,8,,20260915
IIDDY,IGO Limited,Basic Materials,Other Industrial Metals & Mining,PNK,10.18,17,3854493440,0.026,10.21,10.33,-1.171,-16.03,-18.94,40.58,5.6,0.0,24.0,4,11.98,6.4,-15.03,0.0,,8,,20260915
DUOL,"Duolingo, Inc.",Technology,Software - Application,NASDAQ,,1272370,7042083328,6.8817,,,,,,,,0.0,23.25,3,353.0,87.89,,0.0,,8,,20260915
KYSEY,"Kyushu Electric Power Company, Incorporated",Utilities,Utilities - Independent Power Producers,PNK,15.0,1641,7091672064,1.1061,12.2,11.62,2.5323,,,,,0.0,87.5,2,15.85,8.29,-5.36,0.0,,8,,20260915
OMAB,"Grupo Aeroportuario del Centro Norte, S.A.B. de C.V.",Industrials,Airports & Air Services,NASDAQ,,83566,4740229120,2.6123,,,,,,,,0.0,20.75,3,134.99,95.69,,0.0,,8,,20260915
ATDRY,Autotrader Group plc,Communication Services,Internet Content & Information,PNK,1.66,486082,5161013248,0.0453,1.67,1.67,-0.1135,,,,,0.0,56.5,4,2.69,1.37,-38.29,0.0,,8,,20260915
UWMC,UWM Holdings Corporation,Financial Services,Mortgage Finance,NYSE,,20121159,2133491328,0.0867,,,,,,,,0.0,18.25,3,7.09,0.93,,0.0,,8,,20260915
MAQAF,Atlas Arteria Limited,Industrials,Infrastructure Operations,PNK,3.68,275,4796528640,0.0251,3.5,3.36,7.2905,5.01,-1.07,-13.34,-4.46,0.0,75.0,2,4.09,2.69,-10.02,0.0,,8,,20260915
JMPLY,Johnson Matthey PLC,Basic Materials,Specialty Chemicals,PNK,61.5,1220,4003570432,3.6234,61.5,61.5,0.0,47.86,47.86,47.86,47.86,0.0,70.82,3,87.6,48.0,-29.79,0.0,,8,,20260915
HRB,"H&R Block, Inc.",Consumer Cyclical,Personal Services,NYSE,,2110491,5638183424,1.4507,,,,,,,,0.0,20.75,3,58.67,28.16,,0.0,,8,,20260915
ZHEXF,"Zhejiang Expressway Co., Ltd.",Industrials,Infrastructure Operations,PNK,0.78,1840,5732791296,0.0108,0.81,0.89,-2.9828,-15.23,-26.72,-32.77,-26.27,0.0,14.5,4,1.1,0.74,-29.09,0.0,,8,,20260915
LPX,Louisiana-Pacific Corporation,Industrials,Building Products & Equipment,NYSE,,1157601,4670184448,2.1246,,,,,,,,0.0,17.0,3,100.34,65.35,,0.0,,8,,20260915
GBTG,"Global Business Travel Group, Inc.",Consumer Cyclical,Travel Services,NYSE,,1906591,4941652992,0.025,,,,,,,,0.0,19.5,3,9.56,4.96,,0.0,,8,,20260915
ALH,Alliance Laundry Holdings Inc.,Consumer Cyclical,"Furnishings, Fixtures & Appliances",NYSE,,1095061,4228243968,0.6923,,,,,,,,0.0,17.0,3,28.23,18.64,,0.0,,8,,20260915
OTF,Blue Owl Technology Finance Corp.,Financial Services,Asset Management,NYSE,,2629301,4870510592,0.2848,,,,,,,,0.0,22.0,3,15.82,9.75,,0.0,,8,,20260915
STVN,Stevanato Group S.p.A.,Healthcare,Medical Instruments & Supplies,NYSE,,384180,5823050240,0.783,,,,,,,,0.0,24.5,3,28.0,12.89,,0.0,,8,,20260915
DSVSF,Discovery Mining Ltd.,Basic Materials,Silver,OQX,8.33,457756,6781595648,0.559,7.5,6.82,1.4777,,,,,0.0,85.0,2,9.79,3.25,-14.91,0.0,,8,,20260915
SMFRF,"Sumitomo Forestry Co., Ltd.",Consumer Cyclical,Residential Construction,PNK,8.32,360,5104738816,0.0656,8.24,-5.8,1.2735,-155.41,-163.22,-92.27,-132.89,0.0,76.25,2,12.17,7.49,-31.59,0.0,,8,,20260915
CIGI,Colliers International Group Inc.,Real Estate,Real Estate Services,NASDAQ,,233674,4803759104,2.8654,,,,,,,,0.0,18.25,3,171.51,88.38,,0.0,,8,,20260915
KOTMY,"Koito Manufacturing Co., Ltd.",Consumer Cyclical,Auto Parts,PNK,17.0,283,4506068480,0.1562,16.0,15.91,6.3909,-3.63,-7.28,-7.59,-6.49,0.0,50.0,2,18.34,13.7,-7.3,0.0,,8,,20260915
PUMSY,PUMA SE,Consumer Cyclical,Footwear & Accessories,PNK,2.46,9169,3711064576,0.065,3.01,2.78,-8.4422,-27.55,-16.36,-5.93,-14.98,0.0,2.5,4,3.46,1.71,-28.76,0.0,,8,,20260915
BTDPF,Barratt Redrow plc,Consumer Cyclical,Residential Construction,PNK,3.89,75,5739617792,0.025,3.85,4.16,1.5462,7.28,-20.48,-40.68,-21.62,0.0,63.25,3,5.46,3.25,-28.75,0.0,,8,,20260915
CBUMF,China National Building Material Company Limited,Basic Materials,Building Materials,PNK,0.47,27936,3543663104,0.009,0.49,0.54,-2.9872,-25.77,-28.48,-31.18,-28.88,0.0,0.0,4,0.9,0.42,-48.1,0.0,,8,,20260915
CWSRF,Chartwell Retirement Residences,Real Estate,REIT - Healthcare Facilities,PNK,14.68,76104,4945840640,0.1628,15.55,15.02,-5.3403,-7.96,-20.34,-4.15,-10.77,0.0,17.0,4,16.83,13.38,-12.77,0.0,,8,,20260915
AX,"Axos Financial, Inc.",Financial Services,Banks - Regional,NYSE,,358764,5318816768,2.2069,,,,,,,,0.0,22.0,3,105.74,74.89,,0.0,,8,,20260915
PUTKY,PT United Tractors Tbk,Basic Materials,Other Industrial Metals & Mining,PNK,29.78,36464,5201216000,0.5711,27.69,31.19,3.6536,,,,,0.0,74.5,3,39.0,23.18,-23.64,0.0,,8,,20260915
DLPTF,"Liaoning Port Co., Ltd.",Industrials,Marine Shipping,PNK,0.05,64,3580551424,0.0051,0.11,0.11,-12.2862,-58.41,-69.9,-62.93,-64.24,0.0,25.0,3,0.15,0.05,-67.08,0.0,,8,,20260915
CMBT,Cmb.Tech NV,Energy,Oil & Gas Midstream,NYSE,,1053635,5635096576,0.4808,,,,,,,,0.0,24.5,3,19.91,8.88,,0.0,,8,,20260915
SON,Sonoco Products Company,Consumer Cyclical,Packaging & Containers,NYSE,,1164283,4777639936,1.6615,,,,,,,,0.0,22.0,3,60.67,38.65,,0.0,,8,,20260915
MIAX,"Miami International Holdings, Inc.",Financial Services,Capital Markets,NYSE,,1766098,4144874496,1.6392,,,,,,,,0.0,23.25,3,57.14,35.43,,0.0,,8,,20260915
MKTX,MarketAxess Holdings Inc.,Financial Services,Capital Markets,NASDAQ,,1043569,5739960832,0.3331,,,,,,,,0.0,23.25,3,195.97,108.75,,0.0,,8,,20260915
FNCNF,Fincantieri S.p.A.,Industrials,Aerospace & Defense,PNK,15.09,746,5426067968,0.1841,14.35,16.15,4.0014,10.61,-21.72,-50.37,-25.1,0.0,64.5,3,31.9,11.2,-52.7,0.0,,8,,20260915
LBRDP,Liberty Broadband Corp,Communication Services,Telecom Services,NASDAQ,22.13,9105,0,0.2355,22.13,22.13,0.0,-1.5,-1.5,-1.5,-1.5,0.0,72.71,3,25.0,21.05,-11.48,0.0,,8,,20260915
LBRDA,Liberty Broadband Corporation,Communication Services,Telecom Services,NASDAQ,35.99,254843,5177567232,1.8727,32.51,46.05,1.8596,-42.82,-31.49,-82.18,-54.6,0.0,33.75,3,65.4,26.14,-44.97,0.0,,8,,20260915
SXT,Sensient Technologies Corporation,Basic Materials,Specialty Chemicals,NYSE,,488545,5386323968,3.1985,,,,,,,,0.0,23.25,3,138.82,82.6,,0.0,,8,,20260915
BDVSY,The Bidvest Group Limited,Industrials,Conglomerates,PNK,28.87,11403,4890984960,0.5573,29.49,28.71,-1.1122,-3.97,-9.82,1.2,-3.95,0.0,72.0,3,32.0,24.08,-9.78,0.0,,8,,20260915
WFG,West Fraser Timber Co. Ltd.,Basic Materials,Lumber & Wood Production,NYSE,,211354,5523551744,1.8769,,,,,,,,0.0,23.25,3,76.99,57.34,,0.0,,8,,20260915
ACMR,"ACM Research, Inc.",Technology,Semiconductor Equipment & Materials,NASDAQ,,1218288,4656745472,3.8539,,,,,,,,0.0,22.0,3,127.19,28.46,,0.0,,8,,20260915
CRSP,CRISPR Therapeutics AG,Healthcare,Biotechnology,NASDAQ,,1573743,5120842752,2.1105,,,,,,,,0.0,20.75,3,78.48,44.12,,0.0,,8,,20260915
FMMFF,Fuji Corporation,Industrials,Specialty Industrial Machinery,PNK,44.1,3,3876966400,0.2323,49.09,34.95,-21.4859,-16.26,26.67,152.87,66.42,0.0,25.0,3,50.42,16.52,-12.53,0.0,,8,,20260915
PMMAF,PUMA SE,Consumer Cyclical,Footwear & Accessories,PNK,26.99,70,4605332480,0.4775,30.57,28.3,-7.4941,-14.28,-7.55,0.15,-6.15,0.0,15.75,4,35.0,17.41,-22.89,0.0,,8,,20260915
VOYJF,Valmet Oyj,Industrials,Specialty Industrial Machinery,PNK,31.17,3,6641632768,0.1436,26.91,29.74,29.65,20.29,-17.34,-27.93,-12.16,0.0,75.0,3,36.05,24.72,-13.55,0.0,,8,,20260915
MTPOF,Metropolitan Bank & Trust Company,Financial Services,Banks - Regional,PNK,1.03,2426,4623163392,0.1492,-0.5,-0.01,10.2496,-264.17,-262.26,-28.31,-169.16,0.0,70.75,3,1.53,0.85,-32.84,0.0,,8,,20260915
RLI,RLI Corp.,Financial Services,Insurance - Property & Casualty,NYSE,,794412,5629353984,1.1637,,,,,,,,0.0,20.75,3,67.16,47.26,,0.0,,8,,20260915
TCCHF,Technogym S.p.A.,Consumer Cyclical,Leisure,PNK,24.0,0,4782992384,0.0004,24.0,19.18,0.0,-3.86,58.8,55.67,41.88,0.0,62.0,3,24.25,14.0,-1.03,0.0,,8,,20260915
ACHR,Archer Aviation Inc.,Industrials,Aerospace & Defense,NYSE,,35299825,4242848000,0.2322,,,,,,,,0.0,22.0,3,14.62,4.3,,0.0,,8,,20260915
RDN,Radian Group Inc.,Financial Services,Insurance - Specialty,NYSE,,1176758,4743002112,0.6215,,,,,,,,0.0,20.75,3,41.05,31.5,,0.0,,8,,20260915
ACLS,"Axcelis Technologies, Inc.",Technology,Semiconductor Equipment & Materials,NASDAQ,,466869,3252129536,4.9069,,,,,,,,0.0,22.0,3,193.78,73.6,,0.0,,8,,20260915
VSECU,VSE Corporation,Industrials,Aerospace & Defense,NASDAQ,48.31,52596,0,2.4389,53.91,48.31,-2.2982,,,,,0.0,58.75,3,68.1,38.45,-29.06,0.0,,8,,20260915
VSEC,VSE Corporation,Industrials,Aerospace & Defense,NASDAQ,,433359,5265269248,8.4954,,,,,,,,0.0,18.25,3,247.85,154.67,,0.0,,8,,20260915
MTPOY,Metropolitan Bank & Trust Company,Financial Services,Banks - Regional,PNK,20.66,37,4645830144,0.1617,21.04,21.49,-2.3546,2.51,-31.63,-36.87,-25.19,0.0,49.0,4,27.3,19.15,-24.32,0.0,,8,,20260915
BTDPY,Barratt Redrow plc,Consumer Cyclical,Residential Construction,PNK,7.45,64296,5151825408,0.1634,8.09,8.34,-3.8875,,,,,0.0,32.5,4,11.24,6.38,-33.72,0.0,,8,,20260915
GSISF,Genesis Minerals Limited,Basic Materials,Gold,PNK,5.38,4990,6321216000,0.2411,4.88,4.64,2.0815,34.71,-5.21,31.78,19.57,0.0,83.75,2,6.54,3.35,-17.74,0.0,,8,,20260915
AYYLF,Ayala Corporation,Industrials,Conglomerates,PNK,8.1,74,5110343680,0.0382,7.68,8.02,11.0871,21.17,-23.95,-38.97,-18.68,0.0,75.0,3,10.3,6.55,-21.36,0.0,,8,,20260915
BKEAY,"The Bank of East Asia, Limited",Financial Services,Banks - Regional,PNK,2.35,877,6537035776,0.0737,1.94,1.78,5.6008,36.16,23.86,36.46,31.98,0.0,77.5,2,2.47,1.5,-4.86,0.0,,8,,20260915
XXI,"Twenty One Capital, Inc.",Consumer Defensive,Education & Training Services,NYSE,,1534019,2007023744,0.328,,,,,,,,0.0,22.0,3,25.63,4.15,,0.0,,8,,20260915
GHC,Graham Holdings Company,Industrials,Conglomerates,NYSE,,27150,4944828928,26.4815,,,,,,,,0.0,24.5,3,1262.35,929.76,,0.0,,8,,20260915
PBF,PBF Energy Inc.,Energy,Oil & Gas Refining & Marketing,NYSE,,3000553,8344994304,3.7608,,,,,,,,0.0,20.75,3,82.61,25.62,,0.0,,8,,20260915
WHITF,Whitehaven Coal Limited,Energy,Thermal Coal,PNK,6.4,9162,5287541760,0.5068,5.13,5.63,2.5072,-0.97,-18.09,35.73,7.72,0.0,63.75,3,6.85,0.01,-6.57,0.0,,8,,20260915
EMAT,Evolution Metals & Technologies Corp.,Basic Materials,Other Industrial Metals & Mining,NASDAQ,,547577,2070596096,0.4267,,,,,,,,0.0,22.0,3,24.09,2.15,,0.0,,8,,20260915
GAERF,"Grupo Aeroportuario del Centro Norte, S.A.B. de C.V.",Industrials,Airports & Air Services,PNK,13.37,46,5161540608,0.1434,13.37,9.39,-0.0413,-2.9,91.14,224.13,120.83,0.0,37.0,3,17.82,10.36,-24.99,0.0,,8,,20260915
QNTPF,XtalPi Holdings Limited,Unknown,Unknown,PNK,0.93,14139,0,0.0932,1.12,0.93,-2.0676,-49.16,-51.67,-48.58,-49.81,0.0,27.5,3,2.04,0.8,-54.31,0.0,,8,,20260915
LAZ,"Lazard, Inc.",Financial Services,Capital Markets,NYSE,,1974045,3872686080,1.7162,,,,,,,,0.0,20.75,3,58.75,38.66,,0.0,,8,,20260915
DNTH,"Dianthus Therapeutics, Inc.",Healthcare,Biotechnology,NCM,,942388,6023572992,4.5062,,,,,,,,0.0,22.0,3,117.88,32.22,,0.0,,8,,20260915
PSMMY,Persimmon Plc,Consumer Cyclical,Residential Construction,PNK,29.51,24245,4738242560,0.4851,30.16,31.61,-1.3492,,,,,0.0,57.75,4,41.84,26.71,-29.47,0.0,,8,,20260915
SEB,Seaboard Corporation,Industrials,Conglomerates,NYSE,,12229,4084392448,139.7938,,,,,,,,0.0,20.75,3,5989.37,3140.01,,0.0,,8,,20260915
NTSK,"Netskope, Inc.",Technology,Software - Infrastructure,NASDAQ,,5506970,6945991680,0.9916,,,,,,,,0.0,23.25,3,27.99,7.67,,0.0,,8,,20260915
TGS,Transportadora de Gas del Sur S.A.,Energy,Oil & Gas Integrated,NYSE,,230572,4456345600,0.9146,,,,,,,,0.0,25.75,3,36.35,19.74,,0.0,,8,,20260915
BOOT,"Boot Barn Holdings, Inc.",Consumer Cyclical,Apparel Retail,NYSE,,669372,4325886976,5.03,,,,,,,,0.0,20.75,3,210.25,133.18,,0.0,,8,,20260915
XMTR,"Xometry, Inc.",Industrials,Industrial Distribution,NASDAQ,,704322,4874223104,4.388,,,,,,,,0.0,19.5,3,106.08,35.86,,0.0,,8,,20260915
PAM,Pampa Energía S.A.,Industrials,Conglomerates,NYSE,,170288,4644766720,2.2954,,,,,,,,0.0,24.5,3,94.5,54.95,,0.0,,8,,20260915
ZETA,Zeta Global Holdings Corp.,Technology,Software - Infrastructure,NYSE,,8635051,7729478656,1.3709,,,,,,,,0.0,23.25,3,32.81,14.37,,0.0,,8,,20260915
NNNN,Anbio Biotechnology,Healthcare,Medical Instruments & Supplies,NASDAQ,,116820,268175232,0.5648,,,,,,,,0.0,17.0,3,51.33,6.06,,0.0,,8,,20260915
PTEN,"Patterson-UTI Energy, Inc.",Energy,Oil & Gas Drilling,NASDAQ,,9104298,4736800256,0.5359,,,,,,,,0.0,22.0,3,13.39,5.1,,0.0,,8,,20260915
HSKCF,HASEKO Corporation,Consumer Cyclical,Residential Construction,PNK,17.62,0,4666772480,0.0011,17.62,-6.19,0.0,-3.86,-162.65,-99.8,-97.81,0.0,62.0,3,17.62,12.74,0.0,0.0,,8,,20260915
ATAT,Atour Lifestyle Holdings Limited,Consumer Cyclical,Lodging,NASDAQ,,926924,4485515776,1.1092,,,,,,,,0.0,22.0,3,43.17,30.77,,0.0,,8,,20260915
MEOH,Methanex Corporation,Basic Materials,Chemicals,NASDAQ,,873069,4851512832,2.1469,,,,,,,,0.0,23.25,3,66.75,32.0,,0.0,,8,,20260915
ASB,Associated Banc-Corp,Financial Services,Banks - Regional,NYSE,,1948129,5654158848,0.5089,,,,,,,,0.0,20.75,3,32.46,23.86,,0.0,,8,,20260915
FCN,"FTI Consulting, Inc.",Industrials,Consulting Services,NYSE,,439522,4165482496,3.2531,,,,,,,,0.0,23.25,3,189.3,137.65,,0.0,,8,,20260915
RIOCF,RioCan Real Estate Investment Trust,Real Estate,REIT - Retail,PNK,14.82,213411,4321744384,0.1821,15.51,14.62,-3.8148,,,,,0.0,42.0,3,16.55,12.54,-10.45,0.0,,8,,20260915
GMVHF,Entain Plc,Consumer Cyclical,Gambling,PNK,6.95,17124,4479629312,0.4459,7.41,8.17,-1.0284,-20.29,-25.47,-61.23,-38.48,0.0,17.5,4,12.46,6.49,-44.26,0.0,,8,,20260915
LAUR,"Laureate Education, Inc.",Consumer Defensive,Education & Training Services,NASDAQ,,1121743,4935559680,1.0628,,,,,,,,0.0,20.75,3,40.92,24.98,,0.0,,8,,20260915
BB,BlackBerry Limited,Technology,Software - Infrastructure,NYSE,,19220246,4542278144,0.3069,,,,,,,,0.0,20.75,3,13.59,3.12,,0.0,,8,,20260915
NNI,"Nelnet, Inc.",Financial Services,Credit Services,NYSE,,134204,4561520640,1.9975,,,,,,,,0.0,25.75,3,144.38,116.62,,0.0,,8,,20260915
MDU,"MDU Resources Group, Inc.",Utilities,Utilities - Regulated Gas,NYSE,,1549648,3937741568,0.3608,,,,,,,,0.0,17.0,3,22.98,15.76,,0.0,,8,,20260915
SPHR,Sphere Entertainment Co.,Communication Services,Entertainment,NYSE,,716493,5293665792,5.7723,,,,,,,,0.0,23.25,3,181.63,56.36,,0.0,,8,,20260915
GMVHY,Entain Plc,Consumer Cyclical,Gambling,PNK,6.72,42054,4300444160,0.1523,7.11,7.85,-2.5806,,,,,0.0,3.75,4,12.14,6.66,-44.65,0.0,,8,,20260915
FFIN,"First Financial Bankshares, Inc.",Financial Services,Banks - Regional,NASDAQ,,827085,4767072768,0.5538,,,,,,,,0.0,19.5,3,36.52,28.12,,0.0,,8,,20260915
MRVGF,Mirvac Group,Real Estate,REIT - Diversified,PNK,1.11,0,4372013056,0.0001,1.11,1.17,0.0,0.67,-29.57,-37.77,-25.29,0.0,62.0,3,1.72,1.11,-35.54,0.0,,8,,20260915
MAIN,Main Street Capital Corporation,Financial Services,Asset Management,NYSE,,596538,5271072256,0.8372,,,,,,,,0.0,19.5,3,67.26,48.95,,0.0,,8,,20260915
DNLZY,Dyno Nobel Limited,Basic Materials,Specialty Chemicals,PNK,2.71,2279,5044508672,0.1077,2.65,2.39,0.5856,-0.76,16.5,31.38,18.14,0.0,85.0,2,2.9,1.75,-6.55,0.0,,8,,20260915
UNF,UniFirst Corporation,Industrials,Specialty Business Services,NYSE,,194959,4883992576,7.0866,,,,,,,,0.0,23.25,3,306.67,147.66,,0.0,,8,,20260915
SPGNY,Springer Nature AG & Co. KGaA,Communication Services,Publishing,PNK,11.35,135,2258384384,0.0744,10.93,11.35,5.7595,-3.91,3.89,3.89,1.94,0.0,75.0,3,12.04,10.17,-5.69,0.0,,8,,20260915
ALK,"Alaska Air Group, Inc.",Industrials,Airlines,NYSE,,2819780,4543363072,1.1554,,,,,,,,0.0,19.5,3,63.65,33.03,,0.0,,8,,20260915
NEXXY,Nexi S.p.A.,Technology,Software - Infrastructure,PNK,4.65,1309,6038064640,0.0672,4.73,4.65,-1.1337,10.27,10.27,10.27,10.27,0.0,49.0,3,5.17,4.0,-10.06,0.0,,8,,20260915
MBRFY,MBRF Global Foods Company S.A.,Consumer Defensive,Packaged Foods,PNK,3.36,144824,4681886208,0.1449,3.22,3.44,0.9662,,,,,0.0,72.0,3,5.39,2.5,-37.66,0.0,,8,,20260915
MIR,"Mirion Technologies, Inc.",Industrials,Specialty Industrial Machinery,NYSE,,4081224,3830275840,0.6123,,,,,,,,0.0,22.0,3,30.28,14.11,,0.0,,8,,20260915
LGND,Ligand Pharmaceuticals Incorporated,Healthcare,Biotechnology,NASDAQ,,358656,5594928128,8.5754,,,,,,,,0.0,20.75,3,326.63,161.82,,0.0,,8,,20260915
REYN,Reynolds Consumer Products Inc.,Consumer Cyclical,Packaging & Containers,NASDAQ,,1360596,4601567232,0.5973,,,,,,,,0.0,17.0,3,27.32,20.44,,0.0,,8,,20260915
AQN,Algonquin Power & Utilities Corp.,Utilities,Utilities - Diversified,NYSE,,3963053,4118974976,0.1054,,,,,,,,0.0,18.25,3,7.11,5.24,,0.0,,8,,20260915
EBC,"Eastern Bankshares, Inc.",Financial Services,Banks - Regional,NASDAQ,,3125791,4990692352,0.4569,,,,,,,,0.0,22.0,3,23.77,16.61,,0.0,,8,,20260915
HSHZY,Hoshizaki Corporation,Industrials,Specialty Industrial Machinery,PNK,8.98,317,5021061120,0.0577,8.7,8.49,4.9077,5.58,-12.38,-27.93,-14.11,0.0,75.0,2,10.04,7.91,-10.51,0.0,,8,,20260915
CNVVF,Convatec Group PLC,Healthcare,Medical Instruments & Supplies,PNK,2.91,1876,5629945856,0.0701,3.0,2.97,-1.3352,5.65,-28.29,-30.11,-20.53,0.0,51.5,3,3.65,2.3,-20.27,0.0,,8,,20260915
CSW,"CSW Industrials, Inc.",Industrials,Specialty Industrial Machinery,NYSE,,148166,4776110080,10.1154,,,,,,,,0.0,19.5,3,355.48,230.45,,0.0,,8,,20260915
DIOD,Diodes Incorporated,Technology,Semiconductors,NASDAQ,,620064,4158929152,3.6369,,,,,,,,0.0,24.5,3,125.99,42.28,,0.0,,8,,20260915
INDV,"Indivior Pharmaceuticals, Inc.",Healthcare,Drug Manufacturers - Specialty & Generic,NASDAQ,,2043417,4068560896,0.8365,,,,,,,,0.0,18.25,3,42.81,22.22,,0.0,,8,,20260915
PI,"Impinj, Inc.",Technology,Semiconductors,NASDAQ,,407537,5288663040,9.2331,,,,,,,,0.0,23.25,3,247.06,87.36,,0.0,,8,,20260915
CUYTY,Colruyt Group N.V.,Consumer Defensive,Grocery Stores,PNK,11.52,851,5207830528,0.0538,11.02,9.91,9.1507,16.59,7.8,-15.3,0.75,0.0,76.25,2,11.52,9.13,0.0,0.0,,8,,20260915
CHEOY,Cochlear Limited,Healthcare,Medical Devices,PNK,48.69,41633,6368546304,1.1807,45.29,58.76,2.883,,,,,0.0,66.25,3,104.65,31.82,-53.47,0.0,,8,,20260915
DNPUF,"Sumitomo Pharma Co., Ltd.",Healthcare,Drug Manufacturers - Specialty & Generic,PNK,10.01,67,4710231040,0.0834,8.79,11.86,14.6456,2.97,-45.5,-29.9,-27.14,0.0,25.0,3,19.2,8.41,-47.86,0.0,,8,,20260915
UFPI,"UFP Industries, Inc.",Basic Materials,Lumber & Wood Production,NASDAQ,,461116,4469735424,2.065,,,,,,,,0.0,19.5,3,118.0,77.89,,0.0,,8,,20260915
FLIDY,FLSmidth & Co. A/S,Industrials,Specialty Industrial Machinery,PNK,8.16,204,4344494592,0.232,8.16,7.95,0.0155,,,,,0.0,77.5,2,9.49,6.53,-14.01,0.0,,8,,20260915
MTN,"Vail Resorts, Inc.",Consumer Cyclical,Resorts & Casinos,NYSE,,695412,5006866944,4.5038,,,,,,,,0.0,22.0,3,163.34,118.51,,0.0,,8,,20260915
RELY,"Remitly Global, Inc.",Technology,Software - Infrastructure,NASDAQ,,3610745,4709969920,1.147,,,,,,,,0.0,19.5,3,27.48,12.08,,0.0,,8,,20260915
HISEF,"Hisense Home Appliances Group Co., Ltd.",Consumer Cyclical,"Furnishings, Fixtures & Appliances",PNK,2.8,266,4297062400,0.0272,2.95,1.93,-5.5292,63.6,61.66,41.37,54.03,0.0,50.0,3,3.56,2.39,-21.35,0.0,,8,,20260915
CSTM,Constellium SE,Basic Materials,Aluminum,NYSE,,1657937,3427496448,0.8769,,,,,,,,0.0,23.25,3,36.99,14.39,,0.0,,8,,20260915
IBOC,International Bancshares Corporation,Financial Services,Banks - Regional,NASDAQ,,351124,4462862848,1.0662,,,,,,,,0.0,23.25,3,78.46,63.2,,0.0,,8,,20260915
GTLB,GitLab Inc.,Technology,Software - Infrastructure,NASDAQ,,4917112,8205789184,2.2513,,,,,,,,0.0,23.25,3,55.55,18.73,,0.0,,8,,20260915
TTCIF,Titan S.A.,Basic Materials,Building Materials,PNK,62.9,325,4698353152,0.2419,61.43,61.98,6.0689,4.69,-23.78,23.84,2.39,0.0,75.0,3,69.93,44.3,-10.06,0.0,,8,,20260915
EXLS,"ExlService Holdings, Inc.",Technology,Information Technology Services,NASDAQ,,2551851,5526275584,0.8869,,,,,,,,0.0,27.0,3,44.32,24.85,,0.0,,8,,20260915
UUUU,Energy Fuels Inc.,Energy,Uranium,NYSE,,7593787,3267305984,0.7715,,,,,,,,0.0,19.5,3,27.9,10.69,,0.0,,8,,20260915
MIMTF,Mitsubishi Materials Corporation,Basic Materials,Other Industrial Metals & Mining,PNK,32.0,27,4364626944,0.1072,28.55,28.77,32.1364,1.09,-13.77,81.07,27.88,0.0,75.0,3,39.0,16.34,-17.95,0.0,,8,,20260915
BKEAF,"The Bank of East Asia, Limited",Financial Services,Banks - Regional,PNK,2.37,151,5690132480,0.0271,1.82,1.68,20.2584,68.96,9.61,35.08,34.64,0.0,75.0,2,2.37,1.41,-0.0,0.0,,8,,20260915
ONDS,Ondas Inc.,Technology,Communication Equipment,NCM,,81296800,4131617280,0.3873,,,,,,,,0.0,22.0,3,15.28,4.95,,0.0,,8,,20260915
FBIN,"Fortune Brands Innovations, Inc.",Industrials,Building Products & Equipment,NYSE,,2529783,4860014080,1.3008,,,,,,,,0.0,17.0,3,64.84,32.34,,0.0,,8,,20260915
WSC,WillScot Holdings Corporation,Industrials,Rental & Leasing Services,NCM,,2475785,3348408832,0.7234,,,,,,,,0.0,15.75,3,29.77,14.91,,0.0,,8,,20260915
HSSKY,HASEKO Corporation,Consumer Cyclical,Residential Construction,PNK,17.85,3,4727689216,0.0009,17.86,17.85,-10.5178,-3.92,-1.02,-1.02,-1.74,0.0,49.0,3,17.86,17.39,-0.06,0.0,,8,,20260915
EPR,EPR Properties,Real Estate,REIT - Specialty,NYSE,,720140,4505370624,0.9241,,,,,,,,0.0,17.0,3,64.97,48.11,,0.0,,8,,20260915
RMLRF,Ramelius Resources Limited,Basic Materials,Gold,PNK,2.72,10320,5138108928,0.1656,2.48,2.65,1.4707,,,,,0.0,86.25,3,3.89,1.83,-30.08,0.0,,8,,20260915
NRSDY,Nordic Semiconductor ASA,Technology,Semiconductors,PNK,18.6,251,3678990080,0.1401,17.24,16.41,9.6836,-5.45,3.42,5.83,2.16,0.0,51.25,2,23.4,12.6,-20.51,0.0,,8,,20260915
YADGF,Yadea Group Holdings Ltd.,Consumer Cyclical,Auto Manufacturers,PNK,1.26,22,3825545216,0.0279,0.9,0.61,13.0516,130.68,145.25,27.46,94.49,0.0,75.0,2,2.26,0.8,-44.25,0.0,,8,,20260915
TFSL,TFS Financial Corporation,Financial Services,Banks - Regional,NASDAQ,,882272,4798375424,0.3311,,,,,,,,0.0,23.25,3,19.49,12.54,,0.0,,8,,20260915
TNEYF,Tamarack Valley Energy Ltd.,Energy,Oil & Gas E&P,PNK,9.75,330500,4631601152,0.3,9.46,8.05,0.9601,,,,,0.0,85.0,2,10.48,4.1,-6.97,0.0,,8,,20260915
MTRN,Materion Corporation,Basic Materials,Other Industrial Metals & Mining,NYSE,,365398,5004677120,9.6715,,,,,,,,0.0,24.5,3,304.58,109.61,,0.0,,8,,20260915
BECTY,Bechtle AG,Technology,Information Technology Services,PNK,9.13,47,5748813312,0.0966,8.2,8.19,9.5698,21.95,8.69,-16.4,1.97,0.0,76.25,2,11.25,6.0,-18.89,0.0,,8,,20260915
AYALY,Ayala Corporation,Industrials,Conglomerates,PNK,7.57,811,4466819072,0.2824,7.84,8.14,-0.9417,12.09,-33.84,-45.18,-26.89,0.0,49.0,3,15.31,6.34,-50.56,0.0,,8,,20260915
TRKNY,Türk Telekomünikasyon Anonim Sirketi,Communication Services,Telecom Services,PNK,2.75,177,4812499968,0.0988,2.68,3.08,0.7033,-0.09,-16.79,-11.48,-10.49,0.0,25.0,3,4.31,2.18,-36.19,0.0,,8,,20260915
KEN,Kenon Holdings Ltd.,Utilities,Utilities - Independent Power Producers,NYSE,,22627,0,1.1655,,,,,,,,0.0,18.25,3,95.93,41.5,,0.0,,8,,20260915
SHC,Sotera Health Company,Healthcare,Diagnostics & Research,NASDAQ,,2701683,5285140992,0.3842,,,,,,,,0.0,22.0,3,19.85,13.09,,0.0,,8,,20260915
PFSI,"PennyMac Financial Services, Inc.",Financial Services,Mortgage Finance,NYSE,,572753,3583099904,1.7477,,,,,,,,0.0,19.5,3,160.36,68.94,,0.0,,8,,20260915
KVYO,"Klaviyo, Inc.",Technology,Software - Application,NYSE,,5978641,5207468544,1.0092,,,,,,,,0.0,23.25,3,36.23,12.53,,0.0,,8,,20260915
RTMVF,Rightmove plc,Communication Services,Internet Content & Information,PNK,6.9,48,5039017984,0.0139,6.39,6.18,36.6791,12.89,-0.29,-49.32,-16.6,0.0,75.0,2,10.19,5.29,-32.29,0.0,,8,,20260915
MWH,"SOLV Energy, Inc.",Utilities,Utilities - Renewable,NASDAQ,,2019037,5108240896,1.2615,,,,,,,,0.0,22.0,3,48.4,23.83,,0.0,,8,,20260915
HCC,"Warrior Met Coal, Inc.",Basic Materials,Coking Coal,NYSE,,653396,5040487424,4.4027,,,,,,,,0.0,23.25,3,111.42,58.3,,0.0,,8,,20260915
LASR,"nLIGHT, Inc.",Technology,Semiconductors,NASDAQ,,1353627,2218188032,2.0068,,,,,,,,0.0,20.75,3,86.95,27.22,,0.0,,8,,20260915
NDCVF,Nordic Semiconductor ASA,Technology,Semiconductors,PNK,18.66,3633,3554379008,0.3453,17.28,16.61,4.0072,-4.87,7.97,4.2,3.25,0.0,55.0,2,23.29,12.25,-19.88,0.0,,8,,20260915
NWE,"NorthWestern Energy Group, Inc.",Utilities,Utilities - Regulated Electric,NASDAQ,,413911,4223200256,1.2869,,,,,,,,0.0,25.75,3,75.18,55.5,,0.0,,8,,20260915
CVLT,"Commvault Systems, Inc.",Technology,Software - Application,NASDAQ,,687009,5810942464,4.5531,,,,,,,,0.0,23.25,3,198.18,71.75,,0.0,,8,,20260915
CUYTF,Colruyt Group N.V.,Consumer Defensive,Grocery Stores,PNK,37.68,0,5314840576,0.0008,37.68,41.34,0.0,-3.86,-29.92,-33.04,-24.65,0.0,49.0,3,44.7,37.68,-15.7,0.0,,8,,20260915
RMVEY,Rightmove plc,Communication Services,Internet Content & Information,PNK,13.25,16543,4838187008,0.3344,12.87,12.35,1.1321,,,,,0.0,83.75,2,19.76,10.59,-32.95,0.0,,8,,20260915
CNO,"CNO Financial Group, Inc.",Financial Services,Insurance - Life,NYSE,,821641,5137711616,1.0217,,,,,,,,0.0,24.5,3,57.59,38.22,,0.0,,8,,20260915
NPIFF,Northland Power Inc.,Utilities,Utilities - Renewable,PNK,15.3,338503,3972216064,0.2398,15.31,15.02,-0.057,-8.74,-16.45,-24.42,-17.71,0.0,48.25,3,18.44,11.43,-17.03,0.0,,8,,20260915
OLED,Universal Display Corporation,Technology,Electronic Components,NASDAQ,,761945,3521979136,3.3346,,,,,,,,0.0,20.75,3,153.38,75.89,,0.0,,8,,20260915
POST,"Post Holdings, Inc.",Consumer Defensive,Packaged Foods,NYSE,,931050,3597253632,2.2946,,,,,,,,0.0,22.0,3,117.28,75.4,,0.0,,8,,20260915
KPDCF,Keppel DC REIT,Real Estate,REIT - Office,PNK,1.62,1061,4460990976,0.0335,1.68,1.69,-1.7847,-9.25,-28.02,-24.05,-21.74,0.0,24.0,4,2.2,1.51,-26.14,0.0,,8,,20260915
CHEOF,Cochlear Limited,Healthcare,Medical Devices,PNK,98.25,591,6425443328,1.1255,89.08,120.82,8.1496,29.72,-36.72,-71.18,-33.89,0.0,50.0,3,207.71,64.39,-52.7,0.0,,8,,20260915
EIFZF,Exchange Income Corporation,Industrials,Airlines,PNK,84.83,6003,4783144448,1.1911,90.06,77.1,-4.3916,-10.19,2.09,50.74,18.48,0.0,27.5,3,95.53,50.84,-11.2,0.0,,8,,20260915
CAI,"Caris Life Sciences, Inc.",Healthcare,Biotechnology,NASDAQ,,4330700,7363832320,1.2572,,,,,,,,0.0,25.75,3,34.54,14.19,,0.0,,8,,20260915
CYGIY,"CyberAgent, Inc.",Communication Services,Advertising Agencies,PNK,4.3,50,5070990848,0.0871,4.43,4.48,-1.4933,-12.76,-18.07,-46.82,-28.24,0.0,50.25,4,6.0,3.75,-28.33,0.0,,8,,20260915
MAPGF,Mapletree Logistics Trust,Real Estate,REIT - Industrial,PNK,1.0,738,5110713344,0.0232,0.95,0.97,1.8109,0.87,-4.31,-17.16,-8.15,0.0,51.25,3,1.16,0.83,-14.22,0.0,,8,,20260915
MAT,"Mattel, Inc.",Consumer Cyclical,Leisure,NASDAQ,,4283267,4008370944,0.4169,,,,,,,,0.0,22.0,3,22.48,12.73,,0.0,,8,,20260915
AD,"Array Digital Infrastructure, Inc.",Communication Services,Telecom Services,NYSE,,250619,3310414080,0.9108,,,,,,,,0.0,24.5,3,60.82,33.71,,0.0,,8,,20260915
OPEN,Opendoor Technologies Inc.,Real Estate,Real Estate Services,NASDAQ,,55979632,2709344000,0.1258,,,,,,,,0.0,18.25,3,10.87,2.73,,0.0,,8,,20260915
WYGPY,Worley Limited,Energy,Oil & Gas Equipment & Services,PNK,7.0,2937,3579425792,0.1271,7.3,8.02,-2.3415,-22.19,-6.92,-42.43,-24.94,0.0,13.25,4,9.91,6.49,-29.36,0.0,,8,,20260915
MONDY,Mondi plc,Basic Materials,Paper & Paper Products,PNK,22.28,31017,4910488064,0.5383,22.04,22.21,0.438,,,,,0.0,91.25,3,28.32,17.87,-21.33,0.0,,8,,20260915
MCARY,"Mercari, Inc.",Consumer Cyclical,Internet Retail,PNK,13.79,437,4862782464,0.0974,14.14,11.86,-3.6034,15.02,8.54,54.32,28.47,0.0,62.0,3,15.2,6.88,-9.28,0.0,,8,,20260915
CUZ,Cousins Properties Incorporated,Real Estate,REIT - Office,NYSE,,1544008,4601326592,0.6038,,,,,,,,0.0,22.0,3,32.95,21.03,,0.0,,8,,20260915
CRGY,Crescent Energy Company,Energy,Oil & Gas E&P,NYSE,,5941812,5739751424,0.4002,,,,,,,,0.0,25.75,3,15.04,7.68,,0.0,,8,,20260915
REZI,"Resideo Technologies, Inc.",Industrials,Industrial Distribution,NYSE,,2462265,2950394624,0.65,,,,,,,,0.0,22.0,3,31.52,18.5,,0.0,,8,,20260915
ACIW,"ACI Worldwide, Inc.",Technology,Software - Infrastructure,NASDAQ,,1029750,5315293696,1.2746,,,,,,,,0.0,25.75,3,61.08,38.05,,0.0,,8,,20260915
COCO,"The Vita Coco Company, Inc.",Consumer Defensive,Beverages - Non-Alcoholic,NASDAQ,,1145367,3184264192,2.0698,,,,,,,,0.0,18.25,3,85.83,37.63,,0.0,,8,,20260915
FELE,"Franklin Electric Co., Inc.",Industrials,Specialty Industrial Machinery,NASDAQ,,278630,4248279296,1.7477,,,,,,,,0.0,20.75,3,115.82,89.54,,0.0,,8,,20260915
LMND,"Lemonade, Inc.",Financial Services,Insurance - Property & Casualty,NYSE,,1335714,3872152576,2.0552,,,,,,,,0.0,23.25,3,99.9,46.16,,0.0,,8,,20260915
TCBIO,"Texas Capital Bancshares, Inc.",Financial Services,Banks - Regional,NASDAQ,19.64,17146,0,0.2266,20.12,20.36,-2.1312,,,,,0.0,46.0,1,22.95,19.5,-14.4,0.0,,8,,20260915
TCBI,"Texas Capital Bancshares, Inc.",Financial Services,Banks - Regional,NASDAQ,,494814,4279616768,1.6497,,,,,,,,0.0,24.5,3,108.92,75.41,,0.0,,8,,20260915
MNODF,Mondi plc,Basic Materials,Paper & Paper Products,PNK,11.62,256,5640014848,0.0176,10.82,11.03,45.3529,15.23,-11.52,-39.88,-16.17,0.0,75.0,3,14.3,9.7,-18.76,0.0,,8,,20260915
LION,Lionsgate Studios Corp.,Unknown,Unknown,NYSE,,2883901,3460619008,0.3025,,,,,,,,0.0,23.25,3,16.7,5.88,,0.0,,8,,20260915
PTITF,PT Indosat Tbk,Communication Services,Telecom Services,PNK,0.11,32,4892886016,0.0001,0.12,0.13,-44.5215,-23.76,-30.09,-48.3,-35.79,0.0,12.0,4,0.16,0.11,-29.81,0.0,,8,,20260915
TBBB,BBB Foods Inc.,Consumer Defensive,Discount Stores,NYSE,,658633,6202954752,1.5158,,,,,,,,0.0,23.25,3,52.22,23.81,,0.0,,8,,20260915
NHKGF,"NHK Spring Co., Ltd.",Consumer Cyclical,Auto Parts,PNK,20.8,2,4213980672,0.1407,23.77,3.11,-21.0931,-19.0,-219.29,-19.94,-89.48,0.0,25.0,3,24.51,11.85,-15.14,0.0,,8,,20260915
ANDG,Andersen Group Inc.,Consumer Cyclical,Personal Services,NYSE,,456456,6372549120,1.8292,,,,,,,,0.0,23.25,3,57.62,18.12,,0.0,,8,,20260915
KNTNF,K92 Mining Inc.,Basic Materials,Gold,OQX,20.35,80562,5000225280,0.9146,18.65,18.22,1.8561,,,,,0.0,91.25,2,24.87,11.16,-18.17,0.0,,8,,20260915
RBSFY,Rubis,Energy,Oil & Gas Refining & Marketing,PNK,8.08,409,4315118592,0.1786,7.67,7.67,2.2869,-5.52,-10.7,3.92,-3.56,0.0,77.5,2,8.76,6.54,-7.8,0.0,,8,,20260915
SGBAF,SES S.A.,Communication Services,Broadcasting,PNK,5.2,1291,2202213120,0.1323,6.92,7.54,-13.0103,-49.7,-44.32,-43.77,-45.44,0.0,2.5,4,11.4,5.2,-54.39,0.0,,8,,20260915
BCO,The Brink's Company,Industrials,Security & Protection Services,NYSE,,506591,4500262912,3.1269,,,,,,,,0.0,23.25,3,136.37,91.05,,0.0,,8,,20260915
AIR,AAR Corp.,Industrials,Aerospace & Defense,NYSE,,445370,4834281472,4.3092,,,,,,,,0.0,20.75,3,154.0,73.26,,0.0,,8,,20260915
SAIC,Science Applications International Corporation,Technology,Information Technology Services,NASDAQ,,506851,5530906624,4.9477,,,,,,,,0.0,27.0,3,142.66,81.08,,0.0,,8,,20260915
AGLXY,AGL Energy Limited,Utilities,Utilities - Independent Power Producers,PNK,6.35,1840,4271944960,0.1428,5.92,6.17,2.9945,,,,,0.0,78.75,3,7.57,5.45,-16.12,0.0,,8,,20260915
HRI,Herc Holdings Inc.,Industrials,Rental & Leasing Services,NYSE,,530561,4694443520,7.5379,,,,,,,,0.0,18.25,3,188.35,88.45,,0.0,,8,,20260915
CBT,Cabot Corporation,Basic Materials,Specialty Chemicals,NYSE,,493735,4169720320,2.0215,,,,,,,,0.0,19.5,3,94.53,58.33,,0.0,,8,,20260915
ELFIF,E-L Financial Corporation Limited,Financial Services,Insurance - Life,PNK,12.76,7932,4362012160,0.1742,12.34,11.97,2.4113,2.72,-5.19,3.54,0.28,0.0,81.25,2,13.92,11.02,-8.33,0.0,,8,,20260915
FTDR,"Frontdoor, Inc.",Consumer Cyclical,Personal Services,NASDAQ,,579600,5518354432,1.85,,,,,,,,0.0,23.25,3,93.43,48.47,,0.0,,8,,20260915
MZDAF,Mazda Motor Corporation,Consumer Cyclical,Auto Manufacturers,PNK,7.6,388,4795373568,0.1302,7.23,7.21,2.8056,,,,,0.0,78.75,2,9.35,6.04,-18.72,0.0,,8,,20260915
CYAGF,"CyberAgent, Inc.",Communication Services,Advertising Agencies,PNK,8.06,2,4089246976,0.0354,8.61,8.62,-15.4995,-12.95,-4.05,-320.08,-132.69,0.0,12.0,4,13.0,7.25,-37.97,0.0,,8,,20260915
MTH,Meritage Homes Corporation,Consumer Cyclical,Residential Construction,NYSE,,833341,4228494848,1.8377,,,,,,,,0.0,19.5,3,85.38,58.03,,0.0,,8,,20260915
VVV,Valvoline Inc.,Consumer Cyclical,Auto & Truck Dealerships,NYSE,,2074032,3873270784,0.7065,,,,,,,,0.0,15.75,3,41.33,28.5,,0.0,,8,,20260915
RDNT,"RadNet, Inc.",Healthcare,Diagnostics & Research,NASDAQ,,819585,5940893696,2.3592,,,,,,,,0.0,20.75,3,85.84,50.82,,0.0,,8,,20260915
HNGE,"Hinge Health, Inc.",Healthcare,Health Information Services,NYSE,,1963975,7649024000,4.5344,,,,,,,,0.0,24.5,3,95.57,30.08,,0.0,,8,,20260915
NINOF,Nikon Corporation,Consumer Cyclical,Leisure,PNK,12.05,30,3969472000,0.0728,12.68,6.93,-8.7113,1.84,-1028.24,785.07,-45.4,0.0,25.0,3,14.5,10.27,-16.9,0.0,,8,,20260915
BKGFF,The Berkeley Group Holdings plc,Consumer Cyclical,Residential Construction,PNK,50.67,2,4616524288,0.1944,46.44,48.58,21.754,6.29,-24.5,-15.41,-13.17,0.0,75.0,3,58.82,42.33,-13.86,0.0,,8,,20260915
HSYDF,Harmonic Drive Systems Inc.,Industrials,Specialty Industrial Machinery,PNK,38.83,4235,3676290048,2.9003,40.68,28.91,-0.6372,-6.18,112.07,576.1,268.12,0.0,44.5,3,57.16,16.2,-32.06,0.0,,8,,20260915
MRP,"Millrose Properties, Inc.",Real Estate,REIT - Residential,NYSE,,1350516,4891771392,0.6412,,,,,,,,0.0,20.75,3,35.45,26.3,,0.0,,8,,20260915
CVSA,Covista Inc.,Consumer Defensive,Education & Training Services,NYSE,,362179,4271531520,4.3815,,,,,,,,0.0,24.5,3,156.26,86.97,,0.0,,8,,20260915
SMDPY,"Sumitomo Pharma Co., Ltd.",Healthcare,Drug Manufacturers - Specialty & Generic,PNK,10.45,776,4687800832,0.2184,9.16,11.13,5.8855,11.61,-29.24,-13.98,-12.93,0.0,64.5,3,24.48,7.84,-57.31,0.0,,8,,20260915
MANE,"Veradermics, Incorporated",Healthcare,Biotechnology,NYSE,,736156,4249039616,4.5731,,,,,,,,0.0,18.25,3,131.24,32.0,,0.0,,8,,20260915
KBR,"KBR, Inc.",Industrials,Engineering & Construction,NYSE,,1580537,4639292928,0.8946,,,,,,,,0.0,24.5,3,52.23,29.94,,0.0,,8,,20260915
CNR,"Core Natural Resources, Inc.",Energy,Thermal Coal,NYSE,,581356,4779971584,3.3787,,,,,,,,0.0,24.5,3,114.8,73.21,,0.0,,8,,20260915
SFBS,"ServisFirst Bancshares, Inc.",Financial Services,Banks - Regional,NYSE,,605180,4625294336,0.9142,,,,,,,,0.0,20.75,3,46.04,33.6,,0.0,,8,,20260915
COLD,"Americold Realty Trust, Inc.",Real Estate,REIT - Industrial,NYSE,,3939059,4294097920,0.4687,,,,,,,,0.0,20.75,3,16.88,10.1,,0.0,,8,,20260915
ANIOY,"Acerinox, S.A.",Basic Materials,Steel,PNK,10.09,1324,5097787904,0.1179,9.89,8.19,1.7137,5.08,33.47,49.55,32.81,0.0,77.5,2,10.74,6.22,-6.05,0.0,,8,,20260915
MZDAY,Mazda Motor Corporation,Consumer Cyclical,Auto Manufacturers,PNK,3.67,34846,4631321600,0.1123,3.59,3.61,0.6696,,,,,0.0,85.0,3,4.55,3.1,-19.34,0.0,,8,,20260915
USAC,"USA Compression Partners, LP",Energy,Oil & Gas Equipment & Services,NYSE,,282029,3868537856,0.45,,,,,,,,0.0,23.25,3,30.55,21.85,,0.0,,8,,20260915
UPCHY,Uni-President China Holdings Ltd,Consumer Defensive,Beverages - Non-Alcoholic,PNK,94.48,19,4159518720,0.3148,92.38,92.92,6.651,5.48,-11.94,-31.64,-15.46,0.0,75.0,3,117.05,85.53,-19.29,0.0,,8,,20260915
GRTUF,Granite Real Estate Investment Trust,Real Estate,REIT - Industrial,OQX,61.34,4395,3808231936,0.6239,66.79,62.8,-8.7435,-11.49,-14.04,-5.45,-9.97,0.0,19.5,4,72.03,50.0,-14.84,0.0,,8,,20260915
MNSO,MINISO Group Holding Limited,Consumer Cyclical,Specialty Retail,NYSE,,812766,2691693568,0.2419,,,,,,,,0.0,23.25,3,25.55,9.01,,0.0,,8,,20260915
HAFN,Hafnia Limited,Industrials,Marine Shipping,NYSE,,1588977,4662959616,0.2714,,,,,,,,0.0,28.25,3,9.6,5.17,,0.0,,8,,20260915
KC,Kingsoft Cloud Holdings Limited,Technology,Software - Application,NASDAQ,,1508120,2942803712,0.275,,,,,,,,0.0,20.75,3,18.52,8.35,,0.0,,8,,20260915
KKKUF,"Kakaku.com, Inc.",Communication Services,Internet Content & Information,PNK,24.18,9,4128931328,0.1252,22.47,17.0,13.7153,13.31,104.42,8.6,43.31,0.0,75.0,2,24.65,11.15,-1.89,0.0,,8,,20260915
WYGPF,Worley Limited,Energy,Oil & Gas Equipment & Services,PNK,7.64,124,3725723904,0.0394,7.89,8.34,-6.3832,-19.91,-8.65,-33.22,-21.29,0.0,24.0,4,9.57,7.16,-20.17,0.0,,8,,20260915
JTKWY,Just Eat Takeaway.com N.V.,Unknown,Unknown,PNK,4.29,3216,4287960320,0.2241,4.02,4.17,1.2042,9.14,-16.87,-26.63,-14.27,0.0,83.75,3,5.68,2.5,-24.4,0.0,,8,,20260915
CRNLF,Capricorn Metals Ltd,Basic Materials,Gold,PNK,10.9,362,4982861824,0.2998,10.57,9.54,1.1164,38.62,3.82,28.3,22.31,0.0,76.25,2,13.75,6.57,-20.73,0.0,,8,,20260915
SOOBF,Sapporo Breweries Limited,Consumer Defensive,Beverages - Brewers,PNK,11.9,11,4638728704,0.1,12.16,-1.35,-2.627,-231.22,-254.94,71.05,-118.62,0.0,62.0,3,13.0,8.42,-8.5,0.0,,8,,20260915
HKMPY,Hikma Pharmaceuticals PLC,Healthcare,Drug Manufacturers - Specialty & Generic,PNK,41.31,432,4274926080,0.3323,42.84,39.23,-4.6137,-0.18,20.58,-24.29,-2.56,0.0,62.0,3,50.56,31.8,-18.3,0.0,,8,,20260915
AMVOY,Aumovio SE,Consumer Cyclical,Auto Parts,PNK,8.28,4658,4142110720,0.357,8.48,8.84,-0.5719,,,,,0.0,34.0,4,14.78,7.12,-43.98,0.0,,8,,20260915
TDS,"Telephone and Data Systems, Inc.",Communication Services,Telecom Services,NYSE,,1183658,4341024256,1.04,,,,,,,,0.0,25.75,3,49.12,31.51,,0.0,,8,,20260915
SLM,SLM Corporation,Financial Services,Credit Services,NASDAQ,,2547817,4963200000,0.6458,,,,,,,,0.0,20.75,3,31.06,17.77,,0.0,,8,,20260915
SLMBP,SLM Corporation,Financial Services,Credit Services,NASDAQ,73.87,3190,32182059302,0.592,73.39,71.81,0.8099,,,,,0.0,85.0,2,76.8,70.58,-3.82,0.0,,8,,20260915
BKGFY,The Berkeley Group Holdings plc,Consumer Cyclical,Residential Construction,PNK,8.77,57783,3995156992,0.1994,9.39,9.85,-3.0968,,,,,0.0,36.25,4,12.54,8.09,-30.06,0.0,,8,,20260915
VNT,Vontier Corporation,Technology,Scientific & Technical Instruments,NYSE,,1536116,4373719552,0.7093,,,,,,,,0.0,22.0,3,48.2,27.25,,0.0,,8,,20260915
CITAF,"COSCO SHIPPING Development Co., Ltd.",Industrials,Aerospace & Defense,PNK,0.12,66,1577942656,0.0004,0.11,0.12,14.8268,14.68,-20.53,-33.1,-16.76,0.0,75.0,3,0.17,0.11,-28.01,0.0,,8,,20260915
FMCKM,Federal Home Loan Mortgage Corporation,Financial Services,Mortgage Finance,OQB,7.03,2137,22645950013,0.1764,7.52,9.55,-2.7684,,,,,0.0,6.25,4,14.12,6.79,-50.21,0.0,,8,,20260915
FMCKP,Federal Home Loan Mortgage Corporation,Financial Services,Mortgage Finance,OQB,13.27,161,42747049513,0.143,14.43,17.69,-8.0775,-12.09,-41.64,-62.56,-42.62,0.0,0.0,4,26.5,13.27,-49.92,0.0,,8,,20260915
FMCCJ,Federal Home Loan Mortgage Corporation,Financial Services,Mortgage Finance,OQB,11.59,1254,37335214264,0.3187,11.92,14.64,-1.0274,-9.02,-36.83,-65.99,-41.54,0.0,18.25,4,22.77,10.62,-49.1,0.0,,8,,20260915
FREJO,Federal Home Loan Mortgage Corporation PFD 5.1% SAL,Unknown,Unknown,OQB,15.58,4,50188008806,0.0044,15.77,17.98,-42.7584,-11.35,-32.88,-52.19,-35.22,0.0,12.0,4,24.25,15.58,-35.75,0.0,,8,,20260915
FMCCL,Federal Home Loan Mortgage Corporation,Financial Services,Mortgage Finance,OQB,11.56,2070,37238575226,0.2368,12.01,15.13,-1.9206,,,,,0.0,15.75,4,22.57,10.69,-48.78,0.0,,8,,20260915
FMCCK,Federal Home Loan Mortgage Corporation,Financial Services,Mortgage Finance,OQB,12.95,654,41716221849,0.0711,13.28,17.44,-4.6807,,,,,0.0,12.0,4,27.2,11.89,-52.39,0.0,,8,,20260915
FMCCT,Federal Home Loan Mortgage Corporation,Financial Services,Mortgage Finance,OQB,13.71,5293,44164433326,0.2655,14.73,18.91,-3.829,,,,,0.0,3.75,4,29.67,13.44,-53.79,0.0,,8,,20260915
FMCKK,Federal Home Loan Mortgage Corporation PFD,Unknown,Unknown,OQB,12.5,3922,0,0.0788,12.9,16.34,-5.1366,,,,,0.0,12.0,4,25.0,11.9,-50.0,0.0,,8,,20260915
FMCKJ,Federal Home Loan Mortgage Corporation,Financial Services,Mortgage Finance,OQB,8.64,122453,27832291614,0.2511,9.4,11.48,-3.0275,,,,,0.0,10.0,4,16.98,8.57,-49.12,0.0,,8,,20260915
FMCCG,Federal Home Loan Mortgage Corporation,Financial Services,Mortgage Finance,OQB,11.9,1008,38333824819,0.2697,11.83,14.63,0.2432,-5.11,-32.83,-64.59,-38.6,0.0,30.0,3,22.53,10.5,-47.18,0.0,,8,,20260915
FMCKI,Federal Home Loan Mortgage Corporation,Financial Services,Mortgage Finance,OQB,7.21,12128,23225788846,0.183,7.45,9.6,-1.3123,-18.44,-43.26,-66.98,-46.54,0.0,15.75,4,14.67,6.76,-50.84,0.0,,8,,20260915
FMCCN,Federal Home Loan Mortgage Corporation,Financial Services,Mortgage Finance,OQB,11.77,596,37915054633,0.2338,11.78,14.62,-0.0479,,,,,0.0,29.0,4,22.5,10.7,-47.69,0.0,,8,,20260915
FMCCH,Federal Home Loan Mortgage Corporation,Financial Services,Mortgage Finance,OQB,12.8,748,41233023590,0.1384,13.22,16.49,-3.06,,,,,0.0,13.25,4,24.94,12.0,-48.68,0.0,,8,,20260915
FREGP,Federal Home Loan Mortgage Corporation,Financial Services,Mortgage Finance,OQB,13.28,111,42779260477,0.0501,13.6,17.45,-6.3917,,,,,0.0,12.0,4,26.55,12.37,-49.98,0.0,,8,,20260915
FMCKL,Federal Home Loan Mortgage Corporation,Financial Services,Mortgage Finance,OQB,7.05,11006,22710376550,0.085,7.66,9.81,-7.2182,-20.92,-48.72,-68.34,-49.62,0.0,0.0,4,14.96,7.03,-52.87,0.0,,8,,20260915
FMCCI,Federal Home Loan Mortgage Corporation,Financial Services,Mortgage Finance,OQB,11.31,3322,36433242746,0.4098,11.77,14.51,-1.1181,,,,,0.0,19.5,4,22.69,10.0,-50.15,0.0,,8,,20260915
FMCCM,Federal Home Loan Mortgage Corporation,Financial Services,Mortgage Finance,OQB,11.88,1787,38269399818,0.1849,11.92,14.86,-0.2337,-6.17,-37.96,-63.86,-40.37,0.0,14.5,4,22.5,10.58,-47.2,0.0,,8,,20260915
FMCCP,Federal Home Loan Mortgage Corporation,Financial Services,Mortgage Finance,OQB,13.45,290,43326886809,0.1098,14.6,18.03,-10.4562,-17.09,-42.66,-66.25,-45.7,0.0,1.25,4,27.8,13.25,-51.62,0.0,,8,,20260915
FMCC,Federal Home Loan Mortgage Corporation,Financial Services,Mortgage Finance,OQB,4.92,1669985,3198293248,0.2333,5.49,6.85,-2.4484,,,,,0.0,8.75,4,13.99,3.4,-64.83,0.0,,8,,20260915
FREJP,Federal Home Loan Mortgage Corporation PFD 5.30%,Unknown,Unknown,OQB,12.9,166,0,0.0292,13.41,16.68,-17.4649,,,,,0.0,12.0,4,25.0,12.9,-48.4,0.0,,8,,20260915
FMCKO,Federal Home Loan Mortgage Corporation,Financial Services,Mortgage Finance,OQB,7.15,6335,23032509235,0.0781,7.61,9.85,-5.8276,,,,,0.0,0.0,4,14.5,6.92,-50.69,0.0,,8,,20260915
FMCCO,Federal Home Loan Mortgage Corporation,Financial Services,Mortgage Finance,OQB,13.25,283,42682621440,0.0585,13.67,17.68,-7.2333,,,,,0.0,13.25,4,27.52,12.8,-51.85,0.0,,8,,20260915
FREJN,Federal Home Loan Mortgage Corporation,Financial Services,Mortgage Finance,OQB,15.61,8,50284958945,0.0025,15.64,18.18,-12.2256,-9.88,-30.06,-55.44,-35.17,0.0,12.0,4,27.0,15.61,-42.19,0.0,,8,,20260915
FMCKN,Federal Home Loan Mortgage Corporation,Financial Services,Mortgage Finance,OQB,8.2,1085,26414904729,0.0585,8.07,10.22,2.2959,-14.64,-35.51,-61.1,-40.53,0.0,27.5,3,14.7,7.11,-44.22,0.0,,8,,20260915
FMCCS,Federal Home Loan Mortgage Corporation,Financial Services,Mortgage Finance,OQB,11.45,1316,36884226969,0.2585,12.4,15.72,-3.6685,,,,,0.0,6.25,4,23.74,11.15,-51.77,0.0,,8,,20260915
SMR,NuScale Power Corporation,Industrials,Specialty Industrial Machinery,NYSE,,32801377,3492414976,0.7185,,,,,,,,0.0,24.5,3,57.42,7.21,,0.0,,8,,20260915
PHI,PLDT Inc.,Communication Services,Telecom Services,NYSE,,166530,0,0.3442,,,,,,,,0.0,22.0,3,24.51,17.05,,0.0,,8,,20260915
FHI,"Federated Hermes, Inc.",Financial Services,Asset Management,NYSE,,579067,4404210176,1.3808,,,,,,,,0.0,22.0,3,67.2,46.66,,0.0,,8,,20260915
LOPE,"Grand Canyon Education, Inc.",Consumer Defensive,Education & Training Services,NASDAQ,,354108,4000461568,3.93,,,,,,,,0.0,25.75,3,223.04,134.27,,0.0,,8,,20260915
ATHOF,Athabasca Oil Corporation,Energy,Oil & Gas E&P,PNK,7.94,337988,3821521920,0.2364,7.62,7.04,1.3641,,,,,0.0,85.0,2,10.68,4.35,-25.66,0.0,,8,,20260915
AMMHF,AMMB Holdings Berhad,Financial Services,Banks - Regional,PNK,1.25,0,4158417664,0.0002,1.25,1.26,0.0,17.98,-30.4,11.46,-1.56,0.0,62.0,3,1.8,1.2,-30.28,0.0,,8,,20260915
STNG,Scorpio Tankers Inc.,Energy,Oil & Gas Midstream,NYSE,,816841,4279952384,2.0962,,,,,,,,0.0,25.75,3,87.39,48.93,,0.0,,8,,20260915
LIMAF,Linamar Corporation,Consumer Cyclical,Auto Parts,PNK,71.34,9953,4248603648,1.2487,73.02,66.73,-1.3457,-5.48,-5.49,11.24,1.2,0.0,72.0,3,80.02,50.04,-10.85,0.0,,8,,20260915
NAMS,NewAmsterdam Pharma Company N.V.,Healthcare,Biotechnology,NASDAQ,,1168012,2613972992,1.3173,,,,,,,,0.0,22.0,3,42.2,21.23,,0.0,,8,,20260915
PLNT,"Planet Fitness, Inc.",Consumer Cyclical,Leisure,NYSE,,1891985,3880446208,1.5931,,,,,,,,0.0,22.0,3,114.26,37.03,,0.0,,8,,20260915
INSW,"International Seaways, Inc.",Energy,Oil & Gas Midstream,NYSE,,580872,5242394112,3.1691,,,,,,,,0.0,23.25,3,106.73,42.26,,0.0,,8,,20260915
BRC,Brady Corporation,Industrials,Security & Protection Services,NYSE,,218830,4053968384,2.7054,,,,,,,,0.0,19.5,3,99.29,70.57,,0.0,,8,,20260915
TVTX,"Travere Therapeutics, Inc.",Healthcare,Biotechnology,NASDAQ,,1657282,6201436672,2.2764,,,,,,,,0.0,27.0,3,68.73,22.05,,0.0,,8,,20260915
PSUS,"Pershing Square USA, Ltd.",Financial Services,Asset Management,NYSE,38.43,400788,0,0.7482,38.28,38.43,0.1965,,,,,0.0,83.75,3,44.0,35.71,-12.66,0.0,,8,,20260915
BDC,Belden Inc.,Technology,Communication Equipment,NYSE,,505632,4431857664,4.1869,,,,,,,,0.0,20.75,3,159.99,98.0,,0.0,,8,,20260915
AZZ,AZZ Inc.,Industrials,Specialty Business Services,NYSE,,282730,3989336576,3.2085,,,,,,,,0.0,19.5,3,162.2,92.98,,0.0,,8,,20260915
ACDVF,Air Canada,Industrials,Airlines,OQX,19.85,244400,5561334784,0.781,19.01,15.47,1.0809,,,,,0.0,90.0,2,22.52,12.03,-11.87,0.0,,8,,20260915
APEMY,Aperam S.A.,Basic Materials,Steel,PNK,52.68,217,3817392128,0.9196,52.78,47.75,-0.1037,-14.23,19.93,66.09,29.85,0.0,39.5,3,61.65,30.0,-14.55,0.0,,8,,20260915
EE,"Excelerate Energy, Inc.",Energy,Oil & Gas Midstream,NYSE,,351853,4284331264,1.5295,,,,,,,,0.0,23.25,3,43.17,23.55,,0.0,,8,,20260915
CLSK,"CleanSpark, Inc.",Financial Services,Capital Markets,NCM,,20922224,3407962624,0.8474,,,,,,,,0.0,25.75,3,23.61,8.0,,0.0,,8,,20260915
FULTP,Fulton Financial Corporation,Financial Services,Banks - Regional,NASDAQ,17.8,13743,0,0.2146,17.84,18.07,-0.1748,,,,,0.0,41.5,4,20.83,17.21,-14.55,0.0,,8,,20260915
FULT,Fulton Financial Corporation,Financial Services,Banks - Regional,NASDAQ,,1811933,4534220800,0.36,,,,,,,,0.0,20.75,3,25.23,16.6,,0.0,,8,,20260915
KNF,Knife River Corporation,Basic Materials,Building Materials,NYSE,,730312,3205430272,1.9989,,,,,,,,0.0,24.5,3,96.28,56.25,,0.0,,8,,20260915
FNNTF,flatexDEGIRO SE,Financial Services,Capital Markets,PNK,39.0,4,4172933888,0.3174,42.83,38.62,-12.0563,0.98,-21.14,7.33,-4.22,0.0,50.0,3,43.25,31.45,-9.83,0.0,,8,,20260915
PVH,PVH Corp.,Consumer Cyclical,Apparel Manufacturing,NYSE,,985793,3368523264,2.8986,,,,,,,,0.0,19.5,3,100.75,59.6,,0.0,,8,,20260915
KNSA,"Kiniksa Pharmaceuticals International, plc",Healthcare,Drug Manufacturers - Specialty & Generic,NASDAQ,,743627,5975079424,2.417,,,,,,,,0.0,25.75,3,82.94,35.2,,0.0,,8,,20260915
CRK,"Comstock Resources, Inc.",Energy,Oil & Gas E&P,NYSE,,2547066,4198773760,0.6808,,,,,,,,0.0,22.0,3,28.1,12.12,,0.0,,8,,20260915
LBTYA,Liberty Global Ltd.,Communication Services,Telecom Services,NASDAQ,,2277130,3615528192,0.2569,,,,,,,,0.0,25.75,3,13.52,9.43,,0.0,,8,,20260915
LBTYB,Liberty Global Ltd.,Communication Services,Telecom Services,NASDAQ,12.65,4635,4246540032,0.3975,12.46,12.93,0.4665,-10.85,-15.28,-14.96,-14.05,0.0,42.0,3,29.01,10.2,-56.39,0.0,,8,,20260915
LBTYK,Liberty Global Ltd.,Communication Services,Telecom Services,NASDAQ,,1321325,3547310336,0.2285,,,,,,,,0.0,24.5,3,13.12,9.3,,0.0,,8,,20260915
RITPF,RIT Capital Partners Plc,Financial Services,Asset Management,PNK,35.4,219,4305442304,0.2572,34.3,31.09,4.2752,8.52,2.64,10.57,7.28,0.0,75.0,2,36.34,27.14,-2.59,0.0,,8,,20260915
HKMPF,Hikma Pharmaceuticals PLC,Healthcare,Drug Manufacturers - Specialty & Generic,PNK,22.19,183,3946881536,0.0293,21.6,19.77,19.9223,11.16,23.79,-17.86,3.97,0.0,75.0,2,25.34,16.34,-12.44,0.0,,8,,20260915
JGCCY,JGC Holdings Corporation,Industrials,Engineering & Construction,PNK,26.57,32,3627508224,0.0831,27.65,27.67,-12.942,-15.65,-18.32,26.0,0.08,0.0,25.25,4,34.95,19.06,-23.98,0.0,,8,,20260915
ITVPY,ITV plc,Communication Services,Broadcasting,PNK,9.56,15559,3521816576,0.3237,9.87,10.39,-0.9608,,,,,0.0,30.25,4,11.98,8.67,-20.2,0.0,,8,,20260915
GTMEF,"Globe Telecom, Inc.",Communication Services,Telecom Services,PNK,28.2,0,4078610432,0.0106,27.95,36.03,23.7006,-2.4,-47.15,-50.28,-37.21,0.0,50.0,3,41.95,28.2,-32.78,0.0,,8,,20260915
SKT,Tanger Inc.,Real Estate,REIT - Retail,NYSE,,973909,4347738624,0.6215,,,,,,,,0.0,18.25,3,42.53,31.13,,0.0,,8,,20260915
DNP,DNP Select Income Fund Inc.,Financial Services,Asset Management,NYSE,10.26,619287,3886514944,0.1307,10.81,10.21,-4.2143,,,,,0.0,57.5,3,11.16,9.69,-8.06,0.0,,8,,20260915
PSKRF,Protector Forsikring ASA,Financial Services,Insurance - Property & Casualty,PNK,50.5,11,4156898560,0.2313,49.75,42.67,3.2345,8.26,8.87,739.33,300.9,0.0,75.0,2,53.4,11.5,-5.43,0.0,,8,,20260915
IRT,"Independence Realty Trust, Inc.",Real Estate,REIT - Residential,NYSE,,2969520,3707466496,0.3338,,,,,,,,0.0,18.25,3,17.79,14.6,,0.0,,8,,20260915
CAAP,Corporación América Airports S.A.,Industrials,Airports & Air Services,NYSE,,211354,3974826752,0.7968,,,,,,,,0.0,24.5,3,30.5,17.36,,0.0,,8,,20260915
TREX,"Trex Company, Inc.",Industrials,Building Products & Equipment,NYSE,,1920316,4447434240,1.4715,,,,,,,,0.0,20.75,3,61.07,29.77,,0.0,,8,,20260915
TNL,Travel + Leisure Co.,Consumer Cyclical,Travel Services,NYSE,,718403,4056261376,1.5177,,,,,,,,0.0,22.0,3,81.0,58.07,,0.0,,8,,20260915
SRAD,Sportradar Group AG,Technology,Software - Application,NASDAQ,,2319096,3906561792,0.4942,,,,,,,,0.0,22.0,3,31.18,11.55,,0.0,,8,,20260915
LIVN,LivaNova PLC,Healthcare,Medical Devices,NASDAQ,,675785,4429291008,2.0778,,,,,,,,0.0,24.5,3,85.76,48.82,,0.0,,8,,20260915
MMYT,MakeMyTrip Limited,Consumer Cyclical,Travel Services,NASDAQ,,851174,4754665472,2.3046,,,,,,,,0.0,23.25,3,103.24,32.67,,0.0,,8,,20260915
THO,"THOR Industries, Inc.",Consumer Cyclical,Recreational Vehicles,NYSE,,645345,3825175808,2.3908,,,,,,,,0.0,18.25,3,122.83,69.71,,0.0,,8,,20260915
DOO,BRP Inc.,Consumer Cyclical,Recreational Vehicles,NASDAQ,,244846,4318111744,2.5392,,,,,,,,0.0,22.0,3,81.89,48.83,,0.0,,8,,20260915
NCTKF,Nabtesco Corporation,Industrials,Specialty Industrial Machinery,PNK,28.14,56,3298407168,0.1299,30.26,28.22,-16.333,-14.95,-14.17,61.34,15.84,0.0,12.0,4,37.0,15.81,-23.95,0.0,,8,,20260915
MNDY,monday.com Ltd.,Technology,Software - Application,NASDAQ,,1366803,4062754560,4.5305,,,,,,,,0.0,25.75,3,220.8,57.5,,0.0,,8,,20260915
PJT,PJT Partners Inc.,Financial Services,Capital Markets,NYSE,,461427,6849204224,5.9485,,,,,,,,0.0,23.25,3,195.62,127.73,,0.0,,8,,20260915
NCTKY,Nabtesco Corporation,Industrials,Specialty Industrial Machinery,PNK,14.25,3718,3340604160,0.8889,15.27,14.79,-1.1449,,,,,0.0,24.5,4,19.46,8.44,-26.77,0.0,,8,,20260915
BCHHF,Bucher Industries AG,Industrials,Specialty Industrial Machinery,PNK,379.66,0,3725764864,0.0737,382.42,424.78,-37.4579,-7.75,-33.71,-40.09,-29.77,0.0,12.0,4,495.77,379.66,-23.42,0.0,,8,,20260915
AGLNF,AGL Energy Limited,Utilities,Utilities - Independent Power Producers,PNK,5.95,685,3733747456,0.0161,5.61,5.89,21.3579,-0.06,-21.13,-5.0,-9.41,0.0,75.0,3,7.17,5.21,-17.02,0.0,,8,,20260915
TSLTF,TransAlta Corporation,Utilities,Utilities - Independent Power Producers,PNK,18.77,19,0,0.0208,18.44,17.5,15.4931,-1.8,-10.21,5.14,-1.97,0.0,75.0,2,20.0,16.68,-6.17,0.0,,8,,20260915
TORXF,Torex Gold Resources Inc.,Basic Materials,Gold,OQX,48.45,48103,4486208000,1.8337,44.0,46.02,2.4286,,,,,0.0,90.0,3,62.56,32.3,-22.55,0.0,,8,,20260915
