ticker,name,sector,industry,exchange,close,avg_volume_50d,market_cap,atr14,sma50,sma200,atr_extension,rs_3m,rs_6m,rs_12m,rs_score,rs_percentile,trend_strength,stage,52w_high,52w_low,pct_from_52w_high,rts_composite,rts_grade,rts_grade_rank,colour_band,run_date
NVDA,NVIDIA Corporation,Technology,Semiconductors,NASDAQ,237.47,122161504,5734188187648,5.6053,220.44,201.35,3.0387,13.59,15.16,11.32,13.23,0.0,83.75,2,243.37,164.27,-2.42,0.0,,8,,20261008
GOOGL,Alphabet Inc.,Communication Services,Internet Content & Information,NASDAQ,350.5,27098107,4286592319488,8.4033,345.54,339.25,0.5904,-5.93,-4.96,23.35,6.12,0.0,63.75,2,408.61,235.84,-14.22,0.0,,8,,20261008
GOOG,Alphabet Inc.,Communication Services,Internet Content & Information,NASDAQ,347.37,17970379,4248312479744,8.1949,342.8,337.65,0.5572,-6.08,-5.05,21.5,5.31,0.0,63.75,2,404.47,236.69,-14.12,0.0,,8,,20261008
AAPL,Apple Inc.,Technology,Consumer Electronics,NASDAQ,336.67,45522032,4913422663680,6.5823,322.24,289.73,2.1928,2.91,14.72,14.67,11.75,0.0,88.75,2,345.34,243.42,-2.51,0.0,,8,,20261008
MSFT,Microsoft Corporation,Technology,Software - Infrastructure,NASDAQ,529.76,27999378,3933757243392,11.3859,495.84,432.24,2.9795,34.44,26.54,-15.92,11.53,0.0,86.25,2,553.72,349.2,-4.33,0.0,,8,,20261008
AMZN,"Amazon.com, Inc.",Consumer Cyclical,Internet Retail,NASDAQ,259.92,39226231,2803578699776,5.6485,258.01,241.85,0.3384,1.56,1.92,0.69,1.34,0.0,91.25,2,287.2,196.0,-9.5,0.0,,8,,20261008
AVGO,Broadcom Inc.,Technology,Semiconductors,NASDAQ,376.51,22432052,1797319426048,11.0135,372.09,366.88,0.4013,-9.61,-7.81,-3.91,-6.7,0.0,63.75,3,495.0,289.96,-23.94,0.0,,8,,20261008
TSM,Taiwan Semiconductor Manufacturing Company Limited,Technology,Semiconductors,NYSE,472.2,11376490,2449053057024,10.5026,429.04,388.4,4.1091,4.7,14.15,40.83,22.46,0.0,91.25,2,487.47,266.82,-3.13,0.0,,8,,20261008
TSLA,"Tesla, Inc.",Consumer Cyclical,Auto Manufacturers,NASDAQ,377.81,37866353,1492178567168,11.8747,351.73,391.67,2.1959,-10.72,-5.49,-33.62,-18.05,0.0,48.25,3,498.83,297.38,-24.26,0.0,,8,,20261008
META,"Meta Platforms, Inc.",Communication Services,Internet Content & Information,NASDAQ,721.31,19324687,1837541621760,23.6249,633.08,628.57,3.7345,10.67,2.43,-15.84,-2.82,0.0,83.75,2,779.82,520.26,-7.5,0.0,,8,,20261008
LLY,Eli Lilly and Company,Healthcare,Drug Manufacturers - General,NYSE,1188.72,2475774,1060030775296,33.1365,1173.89,1073.1,0.4477,-5.83,9.53,24.58,11.71,0.0,61.25,2,1292.65,783.85,-8.04,0.0,,8,,20261008
WMT,Walmart Inc.,Consumer Defensive,Discount Stores,NASDAQ,108.16,23684867,860745826304,2.1603,108.48,117.77,-0.1494,-7.03,-30.2,-10.77,-16.63,0.0,37.75,4,135.16,98.88,-19.98,0.0,,8,,20261008
MU,"Micron Technology, Inc.",Technology,Semiconductors,NASDAQ,1088.0,32878515,1228779814912,45.8926,967.16,693.96,2.633,6.07,151.99,453.34,236.05,0.0,83.75,2,1255.0,179.61,-13.31,0.0,,8,,20261008
JPM,JPMorgan Chase & Co.,Financial Services,Banks - Diversified,NYSE,329.58,7423117,876084985856,5.9872,349.09,318.9,-3.2589,-4.92,-7.52,-8.32,-7.19,0.0,33.75,3,366.5,279.1,-10.07,0.0,,8,,20261008
AMD,"Advanced Micro Devices, Inc.",Technology,Semiconductors,NASDAQ,645.86,23343804,1054350311424,23.4253,522.64,381.32,5.2599,14.48,163.05,200.08,140.72,0.0,91.25,2,658.52,188.22,-1.92,0.0,,8,,20261008
XOM,ExxonMobil Holdings Corporation,Energy,Oil & Gas Integrated,NYSE,164.05,14047693,674559164416,3.472,160.83,148.4,0.9266,16.47,-9.14,30.84,13.25,0.0,91.25,2,176.41,110.39,-7.01,0.0,,8,,20261008
ASMLF,ASML Holding N.V.,Technology,Semiconductor Equipment & Materials,PNK,1800.0,4846,691380027392,65.5207,1730.97,1554.25,1.0536,-3.64,12.7,53.61,24.98,0.0,62.5,2,1991.64,930.56,-9.62,0.0,,8,,20261008
ASML,ASML Holding N.V.,Technology,Semiconductor Equipment & Materials,NASDAQ,1804.96,1484484,693285093376,49.3867,1731.65,1551.65,1.4844,-3.48,11.9,57.17,26.16,0.0,65.0,2,1999.96,935.41,-9.75,0.0,,8,,20261008
V,Visa Inc.,Financial Services,Credit Services,NYSE,372.1,6555765,698563887104,5.879,369.1,336.93,0.5109,3.41,5.36,-9.59,-1.11,0.0,92.5,2,385.57,293.89,-3.49,0.0,,8,,20261008
INTC,Intel Corporation,Technology,Semiconductors,NASDAQ,113.12,107106306,597964226560,5.8746,102.31,82.34,1.8409,-3.13,76.34,192.18,102.81,0.0,87.5,2,142.35,32.89,-20.53,0.0,,8,,20261008
JNJ,Johnson & Johnson,Healthcare,Drug Manufacturers - General,NYSE,258.45,7041355,622838284288,5.0521,264.91,240.47,-1.2794,-3.41,-7.3,23.48,5.98,0.0,73.25,3,281.07,184.66,-8.05,0.0,,8,,20261008
ORCL,Oracle Corporation,Technology,Software - Infrastructure,NYSE,143.56,31883520,435202293760,6.308,145.11,161.65,-0.2459,-3.76,-14.93,-67.18,-33.04,0.0,48.25,4,322.54,114.5,-55.49,0.0,,8,,20261008
TCEHY,Tencent Holdings Limited,Communication Services,Internet Content & Information,PNK,53.5,3484803,481833615360,1.257,56.81,62.63,-2.6335,-14.11,-31.98,-55.0,-36.72,0.0,10.0,4,86.94,52.84,-38.46,0.0,,8,,20261008
TCTZF,Tencent Holdings Limited,Communication Services,Internet Content & Information,PNK,53.0,12049,477330472960,2.0607,56.69,63.19,-1.7891,-14.78,-33.92,-56.4,-38.13,0.0,16.25,4,86.3,51.49,-38.59,0.0,,8,,20261008
CSCO,"Cisco Systems, Inc.",Technology,Communication Equipment,NASDAQ,117.39,19602288,462820278272,2.7151,111.78,97.55,2.0679,-4.04,25.77,56.53,30.62,0.0,66.25,2,130.37,66.81,-9.96,0.0,,8,,20261008
COST,Costco Wholesale Corporation,Consumer Defensive,Discount Stores,NASDAQ,942.25,2118430,417667383296,15.3157,932.09,960.59,0.6631,-0.28,-23.82,-12.93,-13.58,0.0,49.5,3,1096.5,844.06,-14.07,0.0,,8,,20261008
MA,Mastercard Incorporated,Financial Services,Credit Services,NYSE,570.06,2846696,499378225152,9.2984,571.64,531.21,-0.1704,5.31,-2.76,-17.87,-6.79,0.0,78.25,3,601.23,464.52,-5.18,0.0,,8,,20261008
CAT,Caterpillar Inc.,Industrials,Farm & Heavy Construction Machinery,NYSE,813.83,2641004,374097215488,26.8746,821.9,797.43,-0.3003,-16.76,-9.68,48.79,11.94,0.0,52.0,3,1073.46,489.34,-24.19,0.0,,8,,20261008
LRCX,Lam Research Corporation,Technology,Semiconductor Equipment & Materials,NASDAQ,329.51,9416088,412356870144,13.6344,308.65,277.25,1.5297,-10.25,18.36,104.97,45.85,0.0,62.5,2,438.5,131.02,-24.86,0.0,,8,,20261008
CVX,Chevron Corporation,Energy,Oil & Gas Integrated,NYSE,205.15,8294373,402422923264,4.2299,202.98,185.07,0.5132,15.25,-7.29,21.47,9.85,0.0,87.5,2,217.78,146.49,-5.8,0.0,,8,,20261008
ABBV,AbbVie Inc.,Healthcare,Drug Manufacturers - General,NYSE,271.36,4862490,479524913152,5.6966,258.33,230.22,2.2874,5.71,14.68,4.57,8.39,0.0,91.25,2,274.94,190.75,-1.3,0.0,,8,,20261008
NFLX,"Netflix, Inc.",Communication Services,Entertainment,NASDAQ,69.7,37098098,290226569216,1.8395,75.42,83.68,-3.1121,-11.3,-45.43,-57.06,-41.55,0.0,11.25,4,124.86,65.08,-44.18,0.0,,8,,20261008
BACRP,Bank of America Corporation PFD SER B 7%,Unknown,Unknown,PNK,300.0,3,0,0.873,276.08,228.39,27.3993,50.62,-17.58,26.88,17.26,0.0,75.0,2,302.0,181.0,-0.66,0.0,,8,,20261008
BAC,Bank of America Corporation,Financial Services,Banks - Diversified,NYSE,53.52,33419220,374251913216,1.0805,60.19,54.82,-6.177,-12.86,-11.33,-8.5,-10.58,0.0,18.25,4,65.23,46.12,-17.95,0.0,,8,,20261008
IDCBY,Industrial and Commercial Bank of China Limited,Financial Services,Banks - Diversified,PNK,19.23,45088,447697944576,0.5262,19.04,17.31,0.363,9.67,-2.24,19.4,9.39,0.0,91.25,2,20.0,13.98,-3.85,0.0,,8,,20261008
IDCBF,Industrial and Commercial Bank of China Limited,Financial Services,Banks - Diversified,PNK,0.92,13214,443030568960,0.0082,0.95,0.86,-3.8663,14.3,-8.02,12.65,5.83,0.0,64.5,3,0.99,0.7,-7.07,0.0,,8,,20261008
UNH,UnitedHealth Group Incorporated,Healthcare,Healthcare Plans,NYSE,375.98,4897615,337477697536,8.8691,389.45,353.34,-1.5185,-16.02,8.79,-9.39,-4.68,0.0,49.5,3,461.62,255.97,-18.55,0.0,,8,,20261008
RHHBF,Roche Holding AG,Healthcare,Drug Manufacturers - General,OQX,435.0,92,346593165312,14.0241,444.68,432.79,-0.6905,-0.16,-4.92,-4.57,-3.59,0.0,69.5,3,514.08,301.27,-15.38,0.0,,8,,20261008
KO,The Coca-Cola Company,Consumer Defensive,Beverages - Non-Alcoholic,NYSE,85.82,15899066,369244766208,1.229,87.67,79.38,-1.5055,0.83,-3.13,16.31,5.64,0.0,68.25,3,92.49,66.0,-7.21,0.0,,8,,20261008
AMAT,"Applied Materials, Inc.",Technology,Semiconductor Equipment & Materials,NASDAQ,520.65,7110953,413186523136,18.8399,488.2,431.13,1.7225,-15.11,19.74,116.84,49.87,0.0,65.0,2,739.67,203.4,-29.61,0.0,,8,,20261008
RHHBY,Roche Holding AG,Healthcare,Drug Manufacturers - General,OQX,53.97,1913685,344011636736,1.064,54.96,52.75,-0.9342,0.1,-7.79,5.77,-0.39,0.0,72.0,3,60.85,40.07,-11.31,0.0,,8,,20261008
RHHVF,Roche Holding AG,Healthcare,Drug Manufacturers - General,OQX,431.7,5596,340521811968,20.7437,442.68,426.11,-0.5295,0.67,-7.63,2.66,-1.44,0.0,78.25,3,490.33,318.81,-11.96,0.0,,8,,20261008
PG,The Procter & Gamble Company,Consumer Defensive,Household & Personal Products,NYSE,147.82,8599743,343337435136,2.3841,145.68,146.27,0.898,-2.24,-12.0,-15.81,-11.08,0.0,63.75,3,167.25,137.62,-11.62,0.0,,8,,20261008
PLTR,Palantir Technologies Inc.,Technology,Software - Infrastructure,NASDAQ,194.12,33604626,466481676288,6.0043,173.73,152.23,3.3962,46.78,22.35,-8.85,15.98,0.0,88.75,2,207.52,106.37,-6.46,0.0,,8,,20261008
ACGBY,Agricultural Bank of China Limited,Financial Services,Banks - Diversified,PNK,20.67,27325,289295990784,0.6871,20.02,18.31,0.9342,14.57,0.24,11.54,8.34,0.0,83.75,2,21.71,15.85,-4.81,0.0,,8,,20261008
ARM,Arm Holdings plc,Technology,Semiconductors,NASDAQ,294.37,5251828,314386743296,17.2752,268.36,218.54,1.5055,-13.87,82.13,71.46,53.86,0.0,63.75,2,452.7,100.02,-34.97,0.0,,8,,20261008
ACGBF,Agricultural Bank of China Limited,Financial Services,Banks - Diversified,PNK,0.79,89,276486619136,0.0025,0.79,0.72,1.293,19.79,5.46,0.54,7.07,0.0,75.0,2,0.84,0.62,-5.95,0.0,,8,,20261008
HSBC,HSBC Holdings plc,Financial Services,Banks - Diversified,NYSE,93.71,1349460,320482017280,1.916,102.6,91.22,-4.6411,-7.59,-10.66,20.15,2.43,0.0,61.25,3,107.92,64.65,-13.17,0.0,,8,,20261008
MS,Morgan Stanley,Financial Services,Capital Markets,NYSE,189.71,5138470,297952149504,4.6254,208.0,192.77,-3.9545,-17.78,-6.6,5.75,-4.45,0.0,20.75,4,232.25,151.84,-18.32,0.0,,8,,20261008
CICHF,China Construction Bank Corporation,Financial Services,Banks - Diversified,PNK,1.21,71665,327000457216,0.0646,1.18,1.06,0.4399,16.15,5.38,12.78,11.03,0.0,78.75,2,1.31,0.9,-7.63,0.0,,8,,20261008
GE,GE Aerospace,Industrials,Aerospace & Defense,NYSE,303.62,3949082,315024736256,7.9776,338.05,323.1,-4.3155,-18.96,-16.72,-14.62,-16.44,0.0,24.5,4,388.84,268.91,-21.92,0.0,,8,,20261008
BABAF,Alibaba Group Holding Limited,Consumer Cyclical,Internet Retail,PNK,13.3,88134,269472546816,1.7528,14.51,16.42,-0.6914,-8.02,-30.58,-60.62,-36.96,0.0,10.0,4,23.7,10.98,-43.88,0.0,,8,,20261008
HD,"The Home Depot, Inc.",Consumer Cyclical,Home Improvement Retail,NYSE,285.77,4197481,285109747712,6.2035,318.1,333.67,-5.211,-18.66,-29.28,-41.49,-31.51,0.0,7.5,4,397.63,277.15,-28.13,0.0,,8,,20261008
HBCYF,HSBC Holdings plc,Financial Services,Banks - Diversified,PNK,18.9,12403,333956546560,0.7666,20.1,17.98,-1.568,-1.16,-9.67,20.26,4.43,0.0,56.25,3,22.07,12.45,-14.36,0.0,,8,,20261008
BABA,Alibaba Group Holding Limited,Consumer Cyclical,Internet Retail,NYSE,107.0,10514866,266188718080,2.9927,116.57,129.59,-3.1976,-7.38,-29.39,-59.3,-35.85,0.0,7.5,4,182.5,91.99,-41.37,0.0,,8,,20261008
MRK,"Merck & Co., Inc.",Healthcare,Drug Manufacturers - General,NYSE,142.79,9824473,352287424512,3.3918,142.35,122.11,0.1284,11.19,1.89,48.55,22.88,0.0,87.5,2,156.92,82.01,-9.0,0.0,,8,,20261008
CICHY,China Construction Bank Corporation,Financial Services,Banks - Diversified,PNK,24.45,64071,319806472192,0.5233,23.86,21.39,1.1279,15.1,0.49,17.05,10.77,0.0,88.75,2,25.44,18.21,-3.89,0.0,,8,,20261008
PCCYF,PetroChina Company Limited,Energy,Oil & Gas Integrated,PNK,1.24,29360,298103341056,0.0588,1.24,1.25,0.034,-2.01,-20.9,19.29,-0.1,0.0,68.25,3,1.59,0.91,-22.01,0.0,,8,,20261008
PM,Philip Morris International Inc.,Consumer Defensive,Tobacco,NYSE,192.69,4663331,300329205760,4.253,188.18,175.54,1.0616,3.62,6.2,12.96,8.26,0.0,88.75,2,207.76,142.11,-7.25,0.0,,8,,20261008
GS,"The Goldman Sachs Group, Inc.",Financial Services,Capital Markets,NYSE,887.21,2002266,258330181632,23.1262,992.06,952.58,-4.534,-19.22,-16.69,-3.43,-12.02,0.0,19.5,4,1153.99,740.01,-23.12,0.0,,8,,20261008
AZN,AstraZeneca PLC,Healthcare,Drug Manufacturers - General,NYSE,160.12,3411078,248331010048,3.2272,162.62,181.38,-0.7737,-13.94,-37.17,-22.35,-25.43,0.0,22.0,4,212.71,153.41,-24.72,0.0,,8,,20261008
CYATY,"Contemporary Amperex Technology Co., Limited",Industrials,Electrical Equipment & Parts,PNK,15.34,332288,283928035328,0.4769,18.23,15.34,-6.0572,-28.07,-39.36,-41.39,-37.35,0.0,38.75,3,25.83,15.0,-40.61,0.0,,8,,20261008
CTATF,"Contemporary Amperex Technology Co., Limited",Industrials,Electrical Equipment & Parts,PNK,62.27,5600,288138854400,1.6158,62.27,62.27,0.0,-23.47,-23.47,-23.47,-23.47,0.0,72.0,3,83.97,60.5,-25.84,0.0,,8,,20261008
TXN,Texas Instruments Incorporated,Technology,Semiconductors,NASDAQ,288.98,6385723,263910326272,8.1126,271.38,248.98,2.1689,-9.51,24.19,46.09,24.53,0.0,66.25,2,334.03,152.73,-13.49,0.0,,8,,20261008
GEV,GE Vernova Inc.,Industrials,Specialty Industrial Machinery,NYSE,997.09,2339885,265558556672,38.62,966.27,922.46,0.7979,-10.92,-8.98,48.7,13.61,0.0,61.25,2,1195.94,530.16,-16.63,0.0,,8,,20261008
NVS,Novartis AG,Healthcare,Drug Manufacturers - General,NYSE,143.28,1965655,272334422016,2.7733,149.6,149.62,-2.2794,-10.98,-22.77,-5.34,-12.85,0.0,32.75,4,170.46,121.57,-15.95,0.0,,8,,20261008
LVMUY,"LVMH Moët Hennessy - Louis Vuitton, Société Européenne",Consumer Cyclical,Luxury Goods,PNK,87.12,449877,214735650816,1.8551,99.84,113.53,-6.8578,-26.52,-39.52,-48.82,-39.99,0.0,10.0,4,152.95,84.62,-43.04,0.0,,8,,20261008
LVMHF,"LVMH Moët Hennessy - Louis Vuitton, Société Européenne",Consumer Cyclical,Luxury Goods,PNK,435.5,3909,214671556608,12.0448,500.07,568.09,-5.3606,-26.39,-39.25,-47.7,-39.41,0.0,11.25,4,766.9,421.09,-43.21,0.0,,8,,20261008
NVSEF,Novartis AG,Healthcare,Drug Manufacturers - General,PNK,136.1,16519,258687303680,4.2527,149.66,149.82,-3.1881,-18.59,-22.74,-14.19,-18.28,0.0,18.25,4,171.29,120.0,-20.54,0.0,,8,,20261008
RY,Royal Bank of Canada,Financial Services,Banks - Diversified,NYSE,191.22,1254259,264730673152,3.1833,205.71,185.53,-4.5503,-11.41,-1.26,14.76,2.61,0.0,33.75,3,218.57,143.13,-12.51,0.0,,8,,20261008
NSRGY,Nestlé S.A.,Consumer Defensive,Packaged Foods,OID,90.62,390964,233094578176,1.2663,96.37,97.41,-4.5425,-15.76,-21.2,-15.77,-17.67,0.0,17.0,4,109.59,89.5,-17.31,0.0,,8,,20261008
BACHF,Bank of China Limited,Financial Services,Banks - Diversified,PNK,0.73,4207,235215060992,0.0122,0.73,0.65,-0.1145,8.66,-1.49,15.75,7.94,0.0,64.5,3,0.81,0.5,-9.88,0.0,,8,,20261008
BACHY,Bank of China Limited,Financial Services,Banks - Diversified,PNK,18.95,45309,244237008896,0.5128,18.16,15.97,1.5475,15.31,6.79,27.84,17.34,0.0,90.0,2,19.65,12.95,-3.56,0.0,,8,,20261008
TOYOF,Toyota Motor Corporation,Consumer Cyclical,Auto Manufacturers,PNK,18.74,51071,219073921024,0.7856,18.89,19.76,-0.1853,4.7,-26.96,-19.48,-16.06,0.0,62.75,4,25.0,16.0,-25.04,0.0,,8,,20261008
NSRGF,Nestlé S.A.,Consumer Defensive,Packaged Foods,OID,89.31,6233,232142848000,3.6097,95.71,96.84,-1.7732,-17.54,-21.22,-17.46,-18.8,0.0,27.0,4,109.37,87.73,-18.34,0.0,,8,,20261008
QCOM,QUALCOMM Incorporated,Technology,Semiconductors,NASDAQ,177.12,12356469,189135732736,7.6523,171.77,167.96,0.6988,-10.47,24.62,-9.75,2.1,0.0,83.75,2,259.92,121.99,-31.86,0.0,,8,,20261008
KLAC,KLA Corporation,Technology,Semiconductor Equipment & Materials,NASDAQ,196.83,10170952,256864419840,7.729,187.09,178.71,1.26,-17.8,2.43,56.66,19.06,0.0,66.25,2,307.37,98.1,-35.96,0.0,,8,,20261008
RYDAF,Shell plc,Energy,Oil & Gas Integrated,PNK,48.15,6374,274221711360,1.7806,46.08,42.17,1.1617,15.65,-8.1,17.09,7.91,0.0,83.75,2,49.85,33.55,-3.41,0.0,,8,,20261008
TM,Toyota Motor Corporation,Consumer Cyclical,Auto Manufacturers,NYSE,182.91,365131,216598986752,3.1017,190.82,200.93,-2.5488,1.28,-30.48,-25.14,-20.41,0.0,57.75,4,248.9,166.1,-26.51,0.0,,8,,20261008
SFTBY,SoftBank Group Corp.,Communication Services,Telecom Services,PNK,19.77,3917617,225340424192,1.1048,18.36,16.67,1.2763,1.9,48.51,-6.39,14.9,0.0,86.25,2,28.97,10.55,-31.76,0.0,,8,,20261008
SFTBF,SoftBank Group Corp.,Communication Services,Telecom Services,PNK,38.48,8973,227961978880,2.2967,36.75,35.31,0.7538,1.58,44.52,-90.0,-20.02,0.0,86.25,2,180.0,20.8,-78.62,0.0,,8,,20261008
SHEL,Shell plc,Energy,Oil & Gas Integrated,NYSE,,6388693,275787874304,1.4173,,,,,,,,0.0,28.25,3,99.16,68.62,,0.0,,8,,20261008
LIN,Linde plc,Basic Materials,Specialty Chemicals,NASDAQ,483.98,2079523,223105187840,8.3314,478.24,484.5,0.6892,-11.26,-18.23,-12.28,-14.11,0.0,50.75,3,548.2,387.78,-11.71,0.0,,8,,20261008
IBM,International Business Machines Corporation,Technology,Information Technology Services,NYSE,220.51,8190988,207750053888,6.1309,231.71,251.62,-1.827,-28.44,-23.01,-38.8,-30.68,0.0,14.5,4,332.46,199.19,-33.67,0.0,,8,,20261008
RTX,RTX Corporation,Industrials,Aerospace & Defense,NYSE,180.26,4403911,242946867200,3.4537,204.31,193.91,-6.9649,-11.0,-26.3,-8.6,-15.39,0.0,23.25,4,226.88,155.64,-20.55,0.0,,8,,20261008
SIEGY,Siemens Aktiengesellschaft,Industrials,Specialty Industrial Machinery,PNK,152.13,143601,232899805184,3.289,159.04,149.24,-2.0995,-6.26,-2.37,-10.54,-6.61,0.0,60.25,3,169.47,115.56,-10.23,0.0,,8,,20261008
WFC,Wells Fargo & Company,Financial Services,Banks - Diversified,NYSE,80.26,14202760,242706186240,1.8305,85.76,83.9,-3.0038,-10.77,-19.66,-15.34,-15.71,0.0,17.0,4,97.76,72.78,-17.9,0.0,,8,,20261008
SMAWF,Siemens Aktiengesellschaft,Industrials,Specialty Industrial Machinery,PNK,300.0,867,243432570880,12.9413,316.45,297.54,-1.271,-6.12,-2.21,-11.27,-6.81,0.0,57.5,3,346.55,228.25,-13.43,0.0,,8,,20261008
LRLCY,L'Oréal S.A.,Consumer Defensive,Household & Personal Products,PNK,83.82,149114,223233540096,1.5233,88.08,86.44,-2.7936,-6.97,-15.76,-19.68,-15.13,0.0,44.75,1,95.48,78.82,-12.21,0.0,,8,,20261008
LRLCF,L'Oréal S.A.,Consumer Defensive,Household & Personal Products,PNK,422.47,1315,232778612736,24.7164,438.32,432.0,-0.6412,-4.58,-16.28,-19.18,-14.51,0.0,61.5,3,485.61,380.4,-13.0,0.0,,8,,20261008
SNDK,Sandisk Corporation,Technology,Computer Hardware,NASDAQ,1692.42,12952195,247802462208,96.8117,1564.59,1167.96,1.3204,-12.58,101.17,1279.76,544.17,0.0,83.75,2,2354.39,116.17,-28.12,0.0,,8,,20261008
MUFG,"Mitsubishi UFJ Financial Group, Inc.",Financial Services,Banks - Diversified,NYSE,22.65,2992279,254943068160,0.4863,22.85,19.69,-0.4138,2.94,7.34,28.78,14.82,0.0,74.5,3,24.26,14.62,-6.64,0.0,,8,,20261008
BHP,BHP Group Limited,Basic Materials,Other Industrial Metals & Mining,NYSE,85.22,2609949,216584667136,2.1127,87.8,77.93,-1.2216,5.32,-2.4,41.67,17.16,0.0,73.25,3,98.71,52.18,-13.67,0.0,,8,,20261008
C,Citigroup Inc.,Financial Services,Banks - Diversified,NYSE,127.32,10230825,213571256320,3.1736,133.62,125.3,-1.9865,-11.96,-11.44,15.63,-0.74,0.0,45.75,3,147.96,93.66,-13.95,0.0,,8,,20261008
KXHCF,Kioxia Holdings Corporation,Technology,Semiconductors,PNK,114.37,17905,182701391872,18.9599,114.37,114.37,0.0,-64.63,-64.63,-64.63,-64.63,0.0,64.5,3,385.25,100.0,-70.31,0.0,,8,,20261008
BHPLF,BHP Group Limited,Basic Materials,Other Industrial Metals & Mining,PNK,42.0,103333,213484060672,0.6896,43.65,38.29,-2.3904,9.24,-0.59,41.88,18.86,0.0,65.75,3,48.26,24.62,-12.97,0.0,,8,,20261008
AXP,American Express Company,Financial Services,Credit Services,NYSE,304.25,2896631,205463011328,5.4691,325.75,330.14,-3.9306,-15.9,-19.11,-24.35,-20.4,0.0,20.75,4,387.49,290.97,-21.48,0.0,,8,,20261008
PANW,"Palo Alto Networks, Inc.",Technology,Software - Infrastructure,NASDAQ,405.57,6228348,331756273664,17.1394,367.3,253.72,2.2327,16.23,117.83,73.81,74.82,0.0,90.0,2,432.33,139.57,-6.19,0.0,,8,,20261008
MBFJF,"Mitsubishi UFJ Financial Group, Inc.",Financial Services,Banks - Diversified,PNK,24.06,98915,270813691904,1.67,22.58,19.3,0.8867,12.55,16.99,40.14,25.14,0.0,85.0,2,25.7,13.73,-6.38,0.0,,8,,20261008
TMUS,"T-Mobile US, Inc.",Communication Services,Telecom Services,NASDAQ,167.65,4662326,179833389056,4.1685,175.09,188.98,-1.7855,-10.74,-29.77,-40.87,-29.45,0.0,22.0,4,231.02,160.81,-27.43,0.0,,8,,20261008
SAPGF,SAP SE,Technology,Software - Application,PNK,210.0,103601,242382897152,5.99,208.51,192.6,0.2486,29.18,8.49,-40.33,-5.87,0.0,87.5,2,280.75,145.25,-25.2,0.0,,8,,20261008
SAP,SAP SE,Technology,Software - Application,NYSE,210.13,2589076,242532958208,5.0665,208.85,191.39,0.2528,28.96,10.81,-39.03,-4.59,0.0,83.75,2,281.37,144.97,-25.32,0.0,,8,,20261008
PEP,"PepsiCo, Inc.",Consumer Defensive,Beverages - Non-Alcoholic,NASDAQ,123.73,8151661,169015181312,2.2687,135.3,144.25,-5.1005,-12.94,-33.92,-24.82,-25.03,0.0,6.25,4,171.48,123.47,-27.85,0.0,,8,,20261008
TTE,TotalEnergies SE,Energy,Oil & Gas Integrated,NYSE,84.23,1661961,185935593472,1.6379,87.59,81.91,-2.0518,5.29,-20.28,29.33,5.95,0.0,73.25,3,94.17,57.39,-10.56,0.0,,8,,20261008
VZ,Verizon Communications Inc.,Communication Services,Telecom Services,NYSE,45.77,22022231,190164074496,0.8665,48.23,45.67,-2.8412,6.55,-17.2,1.02,-3.97,0.0,58.75,3,51.68,38.39,-11.44,0.0,,8,,20261008
MCD,McDonald's Corporation,Consumer Cyclical,Restaurants,NYSE,230.88,4991998,163380281344,4.2455,256.09,285.16,-5.9384,-19.55,-39.3,-36.98,-33.44,0.0,5.0,4,341.75,229.2,-32.44,0.0,,8,,20261008
NVO,Novo Nordisk A/S,Healthcare,Drug Manufacturers - General,NYSE,38.26,12522109,168893218816,1.0139,43.8,44.46,-5.4674,-24.38,-12.53,-49.63,-30.33,0.0,8.75,4,64.16,35.12,-40.37,0.0,,8,,20261008
ABLZF,ABB Ltd,Industrials,Electrical Equipment & Parts,PNK,96.06,3354,173833486336,2.4467,97.89,93.41,-0.7473,-11.72,-8.49,13.39,-0.54,0.0,43.25,3,110.87,66.25,-13.36,0.0,,8,,20261008
CMWAY,Commonwealth Bank of Australia,Financial Services,Banks - Diversified,PNK,104.41,64528,174555840512,2.6838,113.11,114.51,-3.2399,-12.95,-32.07,-21.32,-22.99,0.0,23.25,4,136.85,96.94,-23.7,0.0,,8,,20261008
KXIAY,Kioxia Holdings Corporation,Technology,Semiconductors,PNK,34.59,2020460,552580481024,2.0088,33.58,27.42,0.504,-35.89,81.2,508.8,222.97,0.0,61.25,2,70.95,4.12,-51.25,0.0,,8,,20261008
HESAF,Hermès International Société en commandite par actions,Consumer Cyclical,Luxury Goods,PNK,1425.5,589,151162978304,49.4171,1688.06,2004.22,-5.3132,-25.64,-45.82,-57.92,-45.62,0.0,11.25,4,2693.9,1366.53,-47.08,0.0,,8,,20261008
HESAY,Hermès International Société en commandite par actions,Consumer Cyclical,Luxury Goods,PNK,143.78,123830,150597386240,3.7387,169.55,200.07,-6.8922,-26.26,-45.35,-57.4,-45.4,0.0,10.0,4,265.89,141.36,-45.93,0.0,,8,,20261008
NONOF,Novo Nordisk A/S,Healthcare,Drug Manufacturers - General,PNK,38.06,104857,168010350592,1.8404,43.67,44.74,-3.0465,-25.47,-6.9,-51.68,-29.45,0.0,11.25,4,64.75,34.0,-41.22,0.0,,8,,20261008
ANET,"Arista Networks, Inc.",Technology,Computer Hardware,NYSE,215.83,6244639,272210132992,6.9572,195.89,160.24,2.8662,13.21,33.22,27.39,25.89,0.0,85.0,2,217.32,114.52,-0.68,0.0,,8,,20261008
ADI,"Analog Devices, Inc.",Technology,Semiconductors,NASDAQ,410.08,3514935,198710607872,11.1346,377.73,359.96,2.905,0.84,3.58,54.25,23.16,0.0,87.5,2,445.91,223.47,-8.04,0.0,,8,,20261008
DELL,Dell Technologies Inc.,Technology,Computer Hardware,NYSE,578.96,7567712,368110141440,28.2763,497.93,299.25,2.8656,25.16,198.09,285.29,189.74,0.0,87.5,2,595.51,110.22,-2.78,0.0,,8,,20261008
ABBNY,ABB Ltd,Industrials,Electrical Equipment & Parts,PNK,96.14,279261,173978255360,2.1722,98.26,93.51,-0.9738,-12.12,-7.77,15.13,0.3,0.0,45.75,3,110.2,67.24,-12.76,0.0,,8,,20261008
TD,The Toronto-Dominion Bank,Financial Services,Banks - Diversified,NYSE,113.87,2246980,185951617024,2.1086,120.23,107.51,-3.017,-7.93,0.8,25.26,8.4,0.0,38.75,3,125.47,77.95,-9.25,0.0,,8,,20261008
BCDRF,"Banco Santander, S.A.",Financial Services,Banks - Diversified,PNK,13.35,548915,209075388416,0.9117,14.37,12.82,-1.1225,-7.54,-2.93,15.13,3.14,0.0,61.25,3,15.65,9.46,-14.7,0.0,,8,,20261008
NEE,"NextEra Energy, Inc.",Utilities,Utilities - Regulated Electric,NYSE,77.06,11312342,160745472000,1.3704,82.05,86.28,-3.6412,-14.51,-32.5,-20.43,-23.18,0.0,7.5,4,98.75,74.41,-21.96,0.0,,8,,20261008
IDEXY,"Industria de Diseño Textil, S.A.",Consumer Cyclical,Apparel Retail,PNK,14.84,453485,184906956800,0.271,16.04,15.65,-4.4243,-9.96,-17.77,-10.35,-12.85,0.0,17.0,4,17.34,13.06,-14.42,0.0,,8,,20261008
AMGN,Amgen Inc.,Healthcare,Drug Manufacturers - General,NASDAQ,413.08,2721678,223324258304,10.2745,410.14,362.29,0.2862,10.62,4.12,27.37,15.04,0.0,86.25,2,447.03,288.0,-7.59,0.0,,8,,20261008
IDEXF,"Industria de Diseño Textil, S.A.",Consumer Cyclical,Apparel Retail,PNK,59.36,2314,184938102784,1.9371,64.1,62.7,-2.4469,-9.47,-20.16,-9.76,-13.33,0.0,19.5,4,69.64,52.92,-14.76,0.0,,8,,20261008
RTNTF,Rio Tinto Group,Basic Materials,Other Industrial Metals & Mining,PNK,119.26,165,193959608320,1.9559,121.84,116.61,-1.3167,3.58,-17.4,23.33,4.14,0.0,63.25,3,133.85,79.23,-10.9,0.0,,8,,20261008
STX,Seagate Technology Holdings plc,Technology,Computer Hardware,NASDAQ,807.57,4633929,183635771392,55.968,855.86,657.97,-0.8628,-12.85,47.41,217.55,100.4,0.0,63.75,3,1145.0,209.0,-29.47,0.0,,8,,20261008
RTPPF,Rio Tinto Group,Basic Materials,Other Industrial Metals & Mining,PNK,95.24,1082,154897350656,1.0419,97.21,92.65,-1.894,-0.54,-18.3,36.36,8.0,0.0,64.5,3,112.0,67.5,-14.96,0.0,,8,,20261008
RIO,Rio Tinto Group,Basic Materials,Other Industrial Metals & Mining,NYSE,93.16,2273171,151514464256,2.1367,98.46,93.61,-2.4816,2.74,-18.85,29.14,5.74,0.0,48.25,3,112.58,65.35,-17.25,0.0,,8,,20261008
DIS,The Walt Disney Company,Communication Services,Entertainment,NYSE,104.75,9405817,180870447104,2.0901,104.74,103.23,0.0062,5.27,-9.13,-22.72,-10.97,0.0,90.0,2,117.09,92.19,-10.54,0.0,,8,,20261008
SBGSF,Schneider Electric S.E.,Industrials,Specialty Industrial Machinery,PNK,282.0,1231,158850940928,19.5012,336.62,308.99,-2.8008,-13.66,-17.22,-19.63,-17.3,0.0,44.5,3,369.74,254.34,-23.73,0.0,,8,,20261008
SAN,"Banco Santander, S.A.",Financial Services,Banks - Diversified,NYSE,13.66,12459190,197781848064,0.3398,14.43,12.8,-2.2668,-4.59,-2.21,19.81,6.0,0.0,61.25,3,15.05,9.62,-9.24,0.0,,8,,20261008
SBGSY,Schneider Electric S.E.,Industrials,Specialty Industrial Machinery,PNK,57.01,260819,160569016320,2.0996,67.09,61.48,-4.7989,-11.24,-18.68,-18.25,-16.65,0.0,50.75,3,71.98,50.61,-20.8,0.0,,8,,20261008
T,AT&T Inc.,Communication Services,Telecom Services,NYSE,24.47,48579744,167677870080,0.4949,24.97,24.8,-1.0006,14.21,-23.94,-17.92,-12.0,0.0,57.75,3,29.44,19.89,-16.88,0.0,,8,,20261008
TJX,"The TJX Companies, Inc.",Consumer Cyclical,Apparel Retail,NYSE,138.8,7241320,152676401152,2.8761,139.67,151.56,-0.3016,-11.38,-29.13,-18.8,-20.56,0.0,37.75,4,170.0,122.78,-18.35,0.0,,8,,20261008
BLK,"BlackRock, Inc.",Financial Services,Asset Management,NYSE,1069.63,633361,173789413376,23.449,1106.38,1051.27,-1.5674,1.79,-7.6,-24.33,-11.95,0.0,74.5,3,1219.94,917.39,-12.32,0.0,,8,,20261008
SMERY,Siemens Energy AG,Industrials,Specialty Industrial Machinery,OQX,32.26,729984,137241862144,1.2907,33.93,35.51,-1.2906,-13.13,-30.7,12.3,-9.11,0.0,42.75,4,44.64,21.96,-27.73,0.0,,8,,20261008
BA,The Boeing Company,Industrials,Aerospace & Defense,NYSE,188.32,6529623,148842496000,5.9325,210.89,220.5,-3.805,-19.24,-29.09,-31.27,-27.5,0.0,11.25,4,254.35,176.77,-25.96,0.0,,8,,20261008
MRVL,"Marvell Technology, Inc.",Technology,Semiconductors,NASDAQ,284.68,22255588,255843237888,14.1402,232.43,169.83,3.6953,13.4,133.37,203.86,131.57,0.0,91.25,2,329.88,70.69,-13.7,0.0,,8,,20261008
SMEGF,Siemens Energy AG,Industrials,Specialty Industrial Machinery,OQX,157.0,7314,137199329280,10.8926,170.17,178.29,-1.2088,-17.44,-32.86,7.44,-12.88,0.0,15.0,4,223.95,108.0,-29.9,0.0,,8,,20261008
ALIZF,Allianz SE,Financial Services,Insurance - Diversified,PNK,477.68,430,185846480896,22.0483,500.77,450.01,-1.0475,-4.3,-2.55,0.64,-1.71,0.0,69.5,3,545.5,395.0,-12.43,0.0,,8,,20261008
ALIZY,Allianz SE,Financial Services,Insurance - Diversified,PNK,46.66,272362,176974970880,0.7728,50.2,45.12,-4.5826,-7.01,-5.41,-2.49,-4.64,0.0,61.25,3,52.82,39.44,-11.66,0.0,,8,,20261008
CRWD,"CrowdStrike Holdings, Inc.",Technology,Software - Infrastructure,NASDAQ,265.44,9570266,271793274880,11.5008,225.23,155.83,3.496,30.14,133.39,97.11,93.07,0.0,93.75,2,286.99,85.68,-7.51,0.0,,8,,20261008
DTEGF,Deutsche Telekom AG,Communication Services,Telecom Services,OQX,30.09,14214,142286241792,0.8646,32.16,33.48,-2.3977,-0.6,-31.01,-28.42,-22.37,0.0,33.75,4,41.29,26.65,-27.13,0.0,,8,,20261008
GLW,Corning Incorporated,Technology,Electronic Components,NYSE,163.25,10332673,140621643776,8.1335,154.33,151.27,1.0973,-18.63,-16.34,75.99,20.02,0.0,62.5,2,271.78,77.39,-39.93,0.0,,8,,20261008
WDC,Western Digital Corporation,Technology,Computer Hardware,NASDAQ,405.42,7656882,151758143488,28.5084,461.61,403.54,-1.971,-33.49,4.19,207.24,75.99,0.0,37.5,3,799.87,112.52,-49.31,0.0,,8,,20261008
GILD,"Gilead Sciences, Inc.",Healthcare,Drug Manufacturers - General,NASDAQ,146.85,6021542,182087434240,3.448,143.5,135.63,0.9706,5.87,-10.53,15.51,3.99,0.0,88.75,2,157.29,114.02,-6.64,0.0,,8,,20261008
TMO,Thermo Fisher Scientific Inc.,Healthcare,Diagnostics & Research,NYSE,662.06,2070371,244794900480,18.3445,622.97,543.27,2.131,22.62,16.18,5.17,13.39,0.0,90.0,2,694.33,435.27,-4.65,0.0,,8,,20261008
BUDFF,Anheuser-Busch InBev SA/NV,Consumer Defensive,Beverages - Brewers,PNK,74.83,28296,148629848064,1.2543,78.96,76.16,-3.2891,-8.72,-14.93,10.04,-3.39,0.0,15.75,4,86.78,58.99,-13.76,0.0,,8,,20261008
BUD,Anheuser-Busch InBev SA/NV,Consumer Defensive,Beverages - Brewers,NYSE,74.62,2059588,146936397824,1.4397,79.19,75.91,-3.1714,-9.6,-13.76,12.45,-2.23,0.0,19.5,4,86.6,58.82,-13.83,0.0,,8,,20261008
DTEGY,Deutsche Telekom AG,Communication Services,Telecom Services,OQX,30.21,645330,146156666880,0.6041,32.21,32.92,-3.3148,0.95,-32.92,-25.14,-21.34,0.0,44.5,3,40.58,26.9,-25.55,0.0,,8,,20261008
APH,Amphenol Corporation,Technology,Electronic Components,NYSE,87.55,12404987,215895408640,2.6167,81.86,74.28,2.1728,4.44,14.24,25.91,16.46,0.0,88.75,2,89.93,59.01,-2.65,0.0,,8,,20261008
APP,AppLovin Corporation,Communication Services,Advertising Agencies,NASDAQ,281.29,5912073,94496432128,15.0239,323.1,450.28,-2.7826,-49.6,-43.65,-69.05,-55.3,0.0,8.75,4,738.01,266.84,-61.89,0.0,,8,,20261008
UNP,Union Pacific Corporation,Industrials,Railroads,NYSE,274.68,2680556,163180658688,4.7466,288.47,263.34,-2.905,-6.84,-4.2,1.16,-2.71,0.0,48.25,3,315.99,215.53,-13.07,0.0,,8,,20261008
SCHW,The Charles Schwab Corporation,Financial Services,Capital Markets,NYSE,95.58,7965471,165289902080,2.1522,105.81,97.88,-4.7548,-9.59,-16.07,-13.99,-13.62,0.0,32.75,1,114.53,83.96,-16.55,0.0,,8,,20261008
EADSF,Airbus SE,Industrials,Aerospace & Defense,PNK,212.4,3376,168569520128,8.1713,231.52,218.24,-2.3393,-10.47,-8.45,-25.71,-15.86,0.0,25.75,4,259.0,180.0,-17.99,0.0,,8,,20261008
FRCOF,"Fast Retailing Co., Ltd.",Consumer Cyclical,Apparel Retail,PNK,436.16,370,145579327488,38.8076,454.5,445.75,-0.4727,-23.24,-13.67,34.74,3.3,0.0,29.0,4,566.34,311.89,-22.99,0.0,,8,,20261008
ISRG,"Intuitive Surgical, Inc.",Healthcare,Medical Instruments & Supplies,NASDAQ,414.52,2931742,146440814592,11.543,383.43,444.98,2.6933,-2.93,-25.89,-24.79,-19.71,0.0,78.25,3,603.88,328.57,-31.36,0.0,,8,,20261008
EADSY,Airbus SE,Industrials,Aerospace & Defense,PNK,52.38,421530,165831000064,0.9677,57.72,54.42,-5.5169,-10.45,-11.2,-26.76,-17.24,0.0,22.0,4,64.35,45.01,-18.6,0.0,,8,,20261008
IBDSF,"Iberdrola, S.A.",Utilities,Utilities - Diversified,PNK,23.65,9934,153682460672,0.7862,23.47,23.2,0.2254,-6.2,-15.61,6.82,-4.29,0.0,63.75,2,25.33,18.9,-6.63,0.0,,8,,20261008
WELL,Welltower Inc.,Real Estate,REIT - Healthcare Facilities,NYSE,221.12,2783222,159332876288,4.9295,234.03,213.49,-2.6183,-8.03,-6.75,11.87,0.38,0.0,33.75,3,255.2,163.75,-13.35,0.0,,8,,20261008
ABT,Abbott Laboratories,Healthcare,Medical Devices,NYSE,98.73,9560292,170840752128,2.3681,106.48,102.77,-3.2733,1.68,-18.94,-41.44,-22.78,0.0,47.0,4,135.13,81.97,-26.94,0.0,,8,,20261008
ETN,Eaton Corporation plc,Industrials,Specialty Industrial Machinery,NYSE,431.33,2084628,167528562688,14.1593,424.19,389.35,0.5045,2.89,-3.1,-2.21,-1.25,0.0,86.25,2,478.0,311.92,-9.76,0.0,,8,,20261008
IBDRY,"Iberdrola, S.A.",Utilities,Utilities - Diversified,PNK,93.83,71896,156535226368,1.1306,93.58,92.51,0.222,-6.41,-16.97,6.39,-4.98,0.0,62.5,2,100.64,75.74,-6.77,0.0,,8,,20261008
SCCO,Southern Copper Corporation,Basic Materials,Copper,NYSE,200.57,1115922,169350021120,7.3625,198.41,181.45,0.2929,13.36,-4.84,46.86,20.39,0.0,86.25,2,220.78,115.74,-9.15,0.0,,8,,20261008
PIAIF,"Ping An Insurance (Group) Company of China, Ltd.",Financial Services,Insurance - Life,PNK,6.82,395,123494121472,0.0537,7.02,7.67,-3.7723,2.13,-26.89,-9.89,-12.83,0.0,37.0,4,9.81,5.95,-30.48,0.0,,8,,20261008
FRCOY,"Fast Retailing Co., Ltd.",Consumer Cyclical,Apparel Retail,PNK,47.14,168661,144649568256,1.5925,45.92,44.85,0.765,-18.54,-6.36,30.48,5.33,0.0,66.25,2,55.65,32.2,-15.29,0.0,,8,,20261008
PFE,Pfizer Inc.,Healthcare,Drug Manufacturers - General,NYSE,28.0,36016763,159590858752,0.5355,27.5,25.86,0.9385,13.83,-10.13,-3.6,-1.53,0.0,88.75,2,29.21,23.62,-4.14,0.0,,8,,20261008
CRM,"Salesforce, Inc.",Technology,Software - Application,NYSE,224.56,13523300,184812879872,8.504,223.0,199.23,0.183,34.78,12.64,-24.83,3.19,0.0,82.5,2,269.11,146.32,-16.55,0.0,,8,,20261008
SMFNF,"Sumitomo Mitsui Financial Group, Inc.",Financial Services,Banks - Diversified,PNK,20.48,39935,156554838016,3.8486,40.27,37.55,-5.142,-55.61,-58.51,-40.64,-50.64,0.0,12.5,4,47.5,19.5,-56.88,0.0,,8,,20261008
COP,ConocoPhillips,Energy,Oil & Gas E&P,NYSE,129.84,6620384,155981660160,3.1768,128.55,115.92,0.4071,17.35,-10.4,24.14,10.36,0.0,86.25,2,141.62,85.57,-8.32,0.0,,8,,20261008
BTAFF,British American Tobacco p.l.c.,Consumer Defensive,Tobacco,PNK,53.9,3164,112092667904,3.4042,55.98,57.58,-0.6107,-16.77,-24.72,-7.87,-15.99,0.0,35.25,4,69.57,49.75,-22.52,0.0,,8,,20261008
UBER,"Uber Technologies, Inc.",Technology,Software - Application,NYSE,68.45,18049961,139813240832,1.7392,73.08,74.57,-2.6601,-11.59,-20.98,-48.59,-29.68,0.0,19.5,4,100.35,65.41,-31.79,0.0,,8,,20261008
BX,Blackstone Inc.,Financial Services,Asset Management,NYSE,111.83,4388379,133670158336,3.6755,131.17,125.99,-5.2629,-11.17,-18.66,-47.25,-28.22,0.0,10.0,4,166.39,101.73,-32.79,0.0,,8,,20261008
TOELF,Tokyo Electron Limited,Technology,Semiconductor Equipment & Materials,PNK,80.0,30462,187851735040,5.3302,69.08,62.15,2.0488,-11.44,31.68,92.03,45.04,0.0,68.75,2,101.86,36.08,-21.46,0.0,,8,,20261008
HON,Honeywell International Inc.,Industrials,Conglomerates,NASDAQ,208.11,3044396,65958383616,4.3183,219.34,229.02,-2.6012,-10.22,-29.47,-14.26,-18.58,0.0,23.25,4,260.28,195.87,-20.04,0.0,,8,,20261008
SMFG,"Sumitomo Mitsui Financial Group, Inc.",Financial Services,Banks - Diversified,NYSE,25.4,1538404,159314640896,0.5811,25.92,22.98,-0.9032,-3.96,2.15,37.9,14.92,0.0,72.0,3,27.62,15.18,-8.04,0.0,,8,,20261008
HTHIF,"Hitachi, Ltd.",Industrials,Conglomerates,PNK,35.5,24841,158527504384,2.1765,34.37,32.15,0.5211,16.4,-4.3,6.56,5.22,0.0,81.25,2,38.53,27.1,-7.86,0.0,,8,,20261008
DE,Deere & Company,Industrials,Farm & Heavy Construction Machinery,NYSE,656.87,1200206,177108844544,18.6211,650.24,587.87,0.356,7.4,-7.21,28.3,10.65,0.0,86.25,2,721.22,433.0,-8.92,0.0,,8,,20261008
TOELY,Tokyo Electron Ltd,Technology,Semiconductor Equipment & Materials,PNK,,242568,156414410752,1.1142,,,,,,,,0.0,22.0,3,249.37,86.45,,0.0,,8,,20261008
HTHIY,"Hitachi, Ltd.",Industrials,Conglomerates,PNK,35.6,479663,158974066688,1.087,34.6,32.23,0.9207,16.42,-2.39,2.21,4.15,0.0,91.25,2,39.0,27.22,-8.72,0.0,,8,,20261008
UBS,UBS Group AG,Financial Services,Banks - Diversified,NYSE,47.42,1916873,145187799040,1.0575,52.25,46.61,-4.5678,-12.21,2.11,1.55,-1.69,0.0,32.5,3,55.98,36.3,-15.3,0.0,,8,,20261008
BTI,British American Tobacco p.l.c.,Consumer Defensive,Tobacco,NYSE,53.9,4569542,115943104512,0.9617,55.57,57.18,-1.734,-12.44,-22.94,-5.45,-13.32,0.0,35.25,4,67.3,49.88,-19.91,0.0,,8,,20261008
PNGAY,"Ping An Insurance (Group) Company of China, Ltd.",Financial Services,Insurance - Life,PNK,13.15,233095,119057743872,0.2899,13.95,14.96,-2.7533,-5.21,-28.43,-16.62,-17.9,0.0,11.25,4,18.92,12.84,-30.5,0.0,,8,,20261008
RYCEY,Rolls-Royce Holdings plc,Industrials,Aerospace & Defense,PNK,18.78,2070080,154558267392,0.3856,20.01,17.82,-3.1798,-6.02,-5.72,4.17,-1.84,0.0,60.0,3,21.27,13.25,-11.71,0.0,,8,,20261008
RLLCF,Rolls-Royce Holdings plc,Industrials,Aerospace & Defense,PNK,0.0,726307,2958399,0.0002,0.0,0.0,0.2886,3.02,-60.38,-77.95,-51.56,0.0,55.0,3,0.0,0.0,-64.44,0.0,,8,,20261008
CIHHF,"China Merchants Bank Co., Ltd.",Financial Services,Banks - Regional,PNK,6.84,4061,172503744512,0.0696,6.44,6.06,5.7215,15.1,-3.22,1.03,3.06,0.0,76.25,2,7.01,5.62,-2.43,0.0,,8,,20261008
CIHKY,"China Merchants Bank Co., Ltd.",Financial Services,Banks - Regional,PNK,32.4,27677,163424600064,0.7215,32.14,30.73,0.3592,9.08,-10.58,-5.86,-3.78,0.0,88.75,2,34.88,27.26,-7.11,0.0,,8,,20261008
RYCEF,Rolls-Royce Holdings plc,Industrials,Aerospace & Defense,PNK,18.8,33626,154722844672,0.7248,19.97,17.74,-1.6165,-5.12,-4.99,4.24,-1.33,0.0,63.75,3,21.5,13.08,-12.56,0.0,,8,,20261008
SAFRF,Safran SA,Industrials,Aerospace & Defense,PNK,355.56,957,154073219072,12.5703,390.46,367.2,-2.7766,-11.53,-16.92,-14.24,-14.5,0.0,24.5,4,422.71,307.16,-15.89,0.0,,8,,20261008
PLDGP,"Prologis, Inc.",Real Estate,REIT - Industrial,OQB,50.3,3368,0,0.4161,50.5,50.84,-0.4815,-6.19,-15.3,-18.35,-14.24,0.0,34.0,4,59.0,50.15,-14.75,0.0,,8,,20261008
PLD,"Prologis, Inc.",Real Estate,REIT - Industrial,NYSE,127.3,4075958,123747237888,2.1371,136.78,136.02,-4.436,-12.88,-21.5,-4.88,-12.7,0.0,24.5,4,153.35,111.03,-16.99,0.0,,8,,20261008
DBSDF,DBS Group Holdings Ltd,Financial Services,Banks - Regional,PNK,60.51,5081,174706950144,2.3251,60.25,50.74,0.1136,3.83,17.38,22.0,15.84,0.0,82.5,2,63.7,37.81,-5.01,0.0,,8,,20261008
CSUAY,China Shenhua Energy Company Limited,Energy,Thermal Coal,PNK,22.44,16141,121677725696,0.4746,22.69,22.09,-0.5255,3.31,-17.13,-1.32,-5.7,0.0,72.0,3,26.75,19.01,-16.11,0.0,,8,,20261008
DBSDY,DBS Group Holdings Ltd,Financial Services,Banks - Regional,PNK,240.9,40858,171279925248,5.8286,239.68,198.11,0.2087,7.94,22.39,34.83,23.75,0.0,81.25,2,255.39,155.85,-5.67,0.0,,8,,20261008
SAFRY,Safran SA,Industrials,Aerospace & Defense,PNK,89.61,188571,148528873472,1.9412,97.63,91.22,-4.1319,-11.53,-16.02,-13.14,-13.75,0.0,19.5,4,106.71,76.86,-16.02,0.0,,8,,20261008
IBKR,"Interactive Brokers Group, Inc.",Financial Services,Capital Markets,NASDAQ,87.74,4112782,149492776960,2.8567,90.45,81.55,-0.9503,-11.48,6.02,9.6,3.08,0.0,49.5,3,98.75,58.95,-11.15,0.0,,8,,20261008
SONY,Sony Group Corporation,Technology,Consumer Electronics,NYSE,23.52,4373782,137320136704,0.4747,23.68,22.32,-0.3438,8.72,-5.54,-38.83,-15.29,0.0,73.25,3,30.34,19.32,-22.48,0.0,,8,,20261008
PDD,PDD Holdings Inc.,Consumer Cyclical,Internet Retail,NASDAQ,78.5,6372211,111736627200,1.8305,83.4,94.08,-2.6785,-12.24,-39.89,-58.54,-40.44,0.0,11.25,4,139.41,71.94,-43.69,0.0,,8,,20261008
SHOP,Shopify Inc.,Technology,Software - Application,NASDAQ,166.03,9493422,215449600000,6.6792,143.14,129.54,3.4273,31.15,22.69,-16.04,9.31,0.0,87.5,2,182.19,94.0,-8.87,0.0,,8,,20261008
SNEJF,Sony Group Corporation,Technology,Consumer Electronics,PNK,23.27,29295,135860527104,1.9792,23.33,22.17,-0.0305,7.64,-6.3,-42.33,-17.23,0.0,77.0,3,31.31,18.68,-25.68,0.0,,8,,20261008
BBVXF,"Banco Bilbao Vizcaya Argentaria, S.A.",Financial Services,Banks - Diversified,PNK,26.25,11776,147344539648,1.0787,28.38,24.33,-1.9721,0.93,-0.32,24.83,10.05,0.0,58.75,3,30.3,17.88,-13.37,0.0,,8,,20261008
CILJF,China Life Insurance Company Limited,Financial Services,Insurance - Life,PNK,3.5,12666,101470281728,0.1661,3.68,3.75,-1.0586,-8.54,-10.13,6.7,-3.0,0.0,66.5,3,4.67,2.75,-25.05,0.0,,8,,20261008
UNCFF,UniCredit S.p.A.,Financial Services,Banks - Regional,PNK,87.63,2766,137148325888,2.5132,96.18,86.17,-3.4011,-10.12,-3.22,3.06,-2.43,0.0,58.75,3,101.39,67.56,-13.57,0.0,,8,,20261008
CB,Chubb Limited,Financial Services,Insurance - Property & Casualty,NYSE,334.7,1779093,129127219200,5.0139,340.5,328.51,-1.1567,-7.13,-14.32,0.96,-6.41,0.0,48.25,3,365.91,265.3,-8.53,0.0,,8,,20261008
EBGEF,Enbridge Inc.,Energy,Oil & Gas Midstream,PNK,24.85,1141,0,0.1313,25.12,24.56,-2.0438,-3.04,-11.95,-10.81,-9.27,0.0,63.25,3,26.25,24.0,-5.33,0.0,,8,,20261008
ENNPF,Enbridge Inc.,Energy,Oil & Gas Midstream,PNK,17.6,214,0,0.0424,18.11,17.53,-12.0371,-5.56,-14.0,-6.7,-8.97,0.0,62.0,3,18.98,15.5,-7.27,0.0,,8,,20261008
EBBGF,Enbridge Inc.,Energy,Oil & Gas Midstream,PNK,25.34,1899,0,0.1221,25.19,24.34,1.2014,-2.55,-12.44,-8.19,-8.27,0.0,80.0,2,25.77,22.13,-1.67,0.0,,8,,20261008
EBBNF,Enbridge Inc.,Energy,Oil & Gas Midstream,PNK,25.02,9447,43144238989,0.1309,24.88,24.05,1.0745,-1.26,-9.44,-9.67,-7.49,0.0,85.0,2,25.29,23.55,-1.07,0.0,,8,,20261008
ENB,Enbridge Inc.,Energy,Oil & Gas Midstream,NYSE,45.89,4951647,102281625600,0.7757,49.59,51.12,-4.7704,-18.43,-29.08,-21.04,-23.2,0.0,8.75,4,58.45,45.03,-21.49,0.0,,8,,20261008
UNCRY,UniCredit S.p.A.,Financial Services,Banks - Regional,PNK,43.47,249812,131101442048,1.096,47.95,42.91,-4.0844,-11.06,-2.69,6.1,-1.27,0.0,63.75,3,50.28,33.63,-13.54,0.0,,8,,20261008
BBVA,"Banco Bilbao Vizcaya Argentaria, S.A.",Financial Services,Banks - Diversified,NYSE,26.25,1442625,144374546432,0.621,28.44,24.35,-3.5271,-0.14,0.18,29.66,11.89,0.0,62.5,3,29.64,17.9,-11.44,0.0,,8,,20261008
VRT,Vertiv Holdings Co,Industrials,Electrical Equipment & Parts,NYSE,246.49,5185451,94895734784,11.4817,258.84,265.95,-1.0756,-27.54,-27.8,34.59,-2.78,0.0,35.25,4,379.94,147.82,-35.12,0.0,,8,,20261008
BKNG,Booking Holdings Inc.,Consumer Cyclical,Travel Services,NASDAQ,155.87,6744298,117117673472,5.6615,187.46,181.0,-5.5791,-14.63,-29.01,-44.42,-31.58,0.0,8.75,4,220.81,150.14,-29.41,0.0,,8,,20261008
IVSBF,Investor AB (publ),Financial Services,Asset Management,PNK,40.85,18746,127044591616,1.6245,42.39,40.06,-0.9479,-4.79,-14.29,8.49,-2.8,0.0,77.0,3,45.31,31.05,-9.84,0.0,,8,,20261008
UL,Unilever PLC,Consumer Defensive,Household & Personal Products,NYSE,60.98,3937520,131322814464,0.9201,62.85,61.77,-2.0317,-2.83,-8.97,-21.32,-12.37,0.0,57.75,4,74.98,54.75,-18.67,0.0,,8,,20261008
SPGI,S&P Global Inc.,Financial Services,Financial Data & Stock Exchanges,NYSE,395.18,1912301,116499062784,9.1468,414.61,421.26,-2.1243,-12.17,-19.52,-28.87,-21.43,0.0,34.0,4,522.47,361.03,-24.36,0.0,,8,,20261008
MO,"Altria Group, Inc.",Consumer Defensive,Tobacco,NYSE,69.38,8499846,115846823936,1.3393,67.43,65.62,1.4565,-5.19,-8.45,-3.66,-5.72,0.0,65.0,2,77.06,54.7,-9.97,0.0,,8,,20261008
LMT,Lockheed Martin Corporation,Industrials,Aerospace & Defense,NYSE,499.22,1134768,115215360000,10.9577,549.88,557.53,-4.6229,-6.73,-35.11,-17.39,-20.92,0.0,10.0,4,692.0,437.25,-27.86,0.0,,8,,20261008
KYCCF,Keyence Corporation,Technology,Scientific & Technical Instruments,PNK,512.95,2515,124403269632,40.8162,511.2,442.82,0.0429,5.18,18.17,10.5,11.85,0.0,90.0,2,581.6,316.2,-11.8,0.0,,8,,20261008
UNLYF,Unilever PLC,Consumer Defensive,Household & Personal Products,PNK,60.4,5853,128781631488,1.3133,62.29,61.76,-1.4424,-3.17,-8.91,-26.04,-14.33,0.0,61.5,4,73.88,54.56,-18.25,0.0,,8,,20261008
HDB,HDFC Bank Limited,Financial Services,Banks - Regional,NYSE,22.14,9824122,113788379136,0.5545,23.07,26.87,-1.6855,-20.17,-33.89,-53.41,-38.26,0.0,22.0,4,37.45,21.77,-40.88,0.0,,8,,20261008
DHR,Danaher Corporation,Healthcare,Diagnostics & Research,NYSE,218.49,4713804,153595428864,6.5703,209.83,200.75,1.3177,8.03,-3.76,-13.01,-4.51,0.0,90.0,2,242.8,160.93,-10.01,0.0,,8,,20261008
BMY,Bristol-Myers Squibb Company,Healthcare,Drug Manufacturers - General,NYSE,59.7,11218511,121950060544,1.4187,63.69,58.24,-2.8149,0.45,-12.51,21.17,4.2,0.0,58.75,3,68.64,42.52,-13.02,0.0,,8,,20261008
SYK,Stryker Corporation,Healthcare,Medical Devices,NYSE,275.4,2635034,105636020224,8.0136,306.85,327.15,-3.9248,-19.19,-34.08,-40.95,-33.11,0.0,10.0,4,392.55,267.0,-29.84,0.0,,8,,20261008
PBR,Petróleo Brasileiro S.A. - Petrobras,Energy,Oil & Gas Integrated,NYSE,23.99,19988350,154600341504,0.7389,19.7,17.52,5.8008,41.35,9.72,85.53,47.95,0.0,88.75,2,24.76,11.43,-3.11,0.0,,8,,20261008
AIQUY,L'Air Liquide S.A.,Basic Materials,Specialty Chemicals,PNK,37.69,276226,120261992448,0.5669,38.88,39.35,-2.1013,-8.47,-25.92,-20.6,-19.43,0.0,34.0,4,44.42,36.17,-15.15,0.0,,8,,20261008
IVSXF,Investor AB (publ),Financial Services,Asset Management,PNK,40.2,473,123153907712,0.1174,41.7,39.42,-12.8113,-4.15,-8.21,12.05,0.91,0.0,63.25,3,43.5,31.16,-7.59,0.0,,8,,20261008
LOW,"Lowe's Companies, Inc.",Consumer Cyclical,Home Improvement Retail,NYSE,181.54,3141459,101853741056,4.2791,203.21,228.93,-5.0637,-17.89,-40.23,-40.31,-34.68,0.0,6.25,4,293.06,178.45,-38.05,0.0,,8,,20261008
ZIJMF,Zijin Mining Group Company Limited,Basic Materials,Gold,PNK,3.95,57317,114606333952,0.3055,4.45,4.55,-1.6458,3.21,-29.01,-26.11,-19.79,0.0,33.75,3,6.14,3.15,-35.67,0.0,,8,,20261008
BPAQF,BP p.l.c.,Energy,Oil & Gas Integrated,PNK,7.54,5201,116519755776,0.1181,7.24,6.88,2.5493,17.57,-14.75,12.98,4.42,0.0,77.5,2,8.01,5.36,-5.87,0.0,,8,,20261008
AIQUF,L'Air Liquide S.A.,Basic Materials,Specialty Chemicals,PNK,188.46,711,121614909440,5.7561,194.19,196.5,-0.9956,-7.05,-24.49,-20.31,-18.45,0.0,30.25,4,224.89,178.46,-16.2,0.0,,8,,20261008
ZIJMY,Zijin Mining Group Company Limited,Basic Materials,Gold,PNK,81.46,39795,108304326656,2.5013,88.97,89.95,-3.0024,5.62,-26.05,-21.4,-16.27,0.0,44.5,3,119.99,69.8,-32.11,0.0,,8,,20261008
ADTTF,Advantest Corporation,Technology,Semiconductor Equipment & Materials,PNK,266.07,1842,192718127104,16.5114,216.42,176.1,3.0071,40.17,83.12,215.78,125.45,0.0,83.75,2,278.93,105.69,-4.61,0.0,,8,,20261008
CFRHF,Compagnie Financière Richemont SA,Consumer Cyclical,Luxury Goods,PNK,207.5,1620,121997606912,9.69,220.57,203.95,-1.3491,-11.07,-2.23,-6.22,-6.04,0.0,33.75,3,254.24,163.0,-18.38,0.0,,8,,20261008
CVS,CVS Health Corporation,Healthcare,Healthcare Plans,NYSE,87.95,7960312,112485441536,2.1876,93.65,87.09,-2.6045,-17.57,-2.25,1.12,-4.73,0.0,31.25,3,110.68,69.51,-20.54,0.0,,8,,20261008
MSBHF,Mitsubishi Corporation,Industrials,Conglomerates,PNK,30.6,9354,112078438400,1.7088,30.53,29.98,0.0391,9.9,-25.44,13.1,-1.19,0.0,85.0,2,37.75,21.41,-18.94,0.0,,8,,20261008
MTSUY,Mitsubishi Corporation,Industrials,Conglomerates,PNK,29.48,288974,107976220672,1.0419,30.66,30.34,-1.1362,4.26,-30.45,7.0,-6.8,0.0,69.0,3,37.41,22.42,-21.2,0.0,,8,,20261008
ATEYY,Advantest Corporation,Technology,Semiconductor Equipment & Materials,PNK,259.3,96601,187202387968,10.4955,216.15,178.04,4.1111,35.25,45.25,94.03,62.26,0.0,92.5,2,272.5,107.76,-4.84,0.0,,8,,20261008
SBUX,Starbucks Corporation,Consumer Cyclical,Restaurants,NASDAQ,93.58,6881307,106681204736,2.1296,101.64,98.03,-3.7837,-15.2,-18.17,-0.1,-10.2,0.0,19.5,4,110.51,77.99,-15.32,0.0,,8,,20261008
COF,Capital One Financial Corporation,Financial Services,Credit Services,NYSE,195.91,3630238,120187822080,4.2941,210.18,203.76,-3.3236,-5.4,-12.96,-23.94,-15.46,0.0,20.75,4,259.64,174.24,-24.55,0.0,,8,,20261008
PGR,The Progressive Corporation,Financial Services,Insurance - Property & Casualty,NYSE,214.12,2667034,124275245056,4.3224,214.06,208.21,0.0137,-10.31,-7.36,-22.15,-14.02,0.0,62.5,3,245.64,189.2,-12.83,0.0,,8,,20261008
CFRUY,Compagnie Financière Richemont SA,Consumer Cyclical,Luxury Goods,PNK,20.68,505133,121586057216,0.4491,22.04,20.47,-3.0327,-10.61,-5.53,-6.49,-7.19,0.0,38.75,3,24.86,16.26,-16.81,0.0,,8,,20261008
AAIGF,AIA Group Limited,Financial Services,Insurance - Life,PNK,8.84,33390,92213100544,0.5576,9.43,10.07,-1.059,-4.19,-35.59,-22.08,-22.34,0.0,12.5,4,12.3,8.57,-28.13,0.0,,8,,20261008
BNPQY,BNP Paribas SA,Financial Services,Banks - Regional,OQX,51.18,294792,112186564608,1.5083,58.41,52.6,-4.7913,-10.95,-12.72,6.01,-4.78,0.0,20.75,4,65.5,37.5,-21.86,0.0,,8,,20261008
MZHOF,"Mizuho Financial Group, Inc.",Financial Services,Banks - Regional,PNK,54.01,8979,130737020928,1.7966,53.3,45.82,0.3941,7.73,4.97,47.39,22.63,0.0,80.0,2,58.93,29.79,-8.35,0.0,,8,,20261008
NEM,Newmont Corporation,Basic Materials,Gold,NYSE,113.54,7309623,119636221952,3.8009,119.06,111.35,-1.4524,16.35,-19.03,12.51,2.43,0.0,70.75,3,135.29,76.05,-16.08,0.0,,8,,20261008
AAGIY,AIA Group Limited,Financial Services,Insurance - Life,PNK,34.7,441309,89379741696,0.9215,37.99,40.46,-3.57,-9.34,-37.23,-25.56,-25.59,0.0,18.75,4,46.84,34.51,-25.92,0.0,,8,,20261008
IITSF,Intesa Sanpaolo S.p.A.,Financial Services,Banks - Regional,OID,7.18,15315,124670492672,0.0579,7.73,7.01,-9.5443,-2.67,-6.93,-6.68,-5.76,0.0,52.5,3,8.09,5.75,-11.25,0.0,,8,,20261008
ENLAY,Enel SpA,Utilities,Utilities - Diversified,PNK,9.72,544915,96428851200,0.1835,10.63,10.81,-4.9465,-16.92,-29.27,-12.64,-19.53,0.0,15.0,4,12.14,9.43,-19.93,0.0,,8,,20261008
BP,BP p.l.c.,Energy,Oil & Gas Integrated,NYSE,44.51,8758334,114639568896,1.0577,43.81,41.05,0.6633,13.23,-16.25,17.4,4.58,0.0,90.0,2,48.27,32.72,-7.79,0.0,,8,,20261008
MFG,"Mizuho Financial Group, Inc.",Financial Services,Banks - Regional,NYSE,10.77,3470760,130349735936,0.2775,10.76,9.33,0.0281,0.61,6.83,49.23,22.24,0.0,86.25,2,11.49,6.09,-6.27,0.0,,8,,20261008
ESOCF,Enel SpA,Utilities,Utilities - Diversified,PNK,10.36,9623,102778068992,0.5355,10.88,11.04,-0.9764,-11.09,-23.08,-7.11,-13.7,0.0,35.25,4,12.51,9.57,-17.19,0.0,,8,,20261008
BYDDY,BYD Company Limited,Consumer Cyclical,Auto Manufacturers,PNK,9.38,1174264,85519310848,0.2129,10.83,11.78,-6.8085,-14.4,-46.1,-49.55,-39.56,0.0,7.5,4,14.46,9.21,-35.13,0.0,,8,,20261008
ISNPY,Intesa Sanpaolo S.p.A.,Financial Services,Banks - Regional,OID,41.93,164418,121342484480,0.9212,46.44,41.33,-4.8968,-5.2,-5.6,-5.08,-5.29,0.0,61.25,3,48.42,34.06,-13.4,0.0,,8,,20261008
BYDDF,BYD Company Limited,Consumer Cyclical,Auto Manufacturers,PNK,9.43,191951,85975171072,0.3061,10.87,11.87,-4.7161,-14.6,-45.96,-49.57,-39.56,0.0,11.25,4,14.95,9.25,-36.92,0.0,,8,,20261008
BNPQF,BNP Paribas SA,Financial Services,Banks - Regional,OQX,105.7,39817,115847192576,4.3799,119.72,108.44,-3.2012,-15.08,-13.01,4.95,-6.34,0.0,24.5,4,135.83,73.01,-22.18,0.0,,8,,20261008
BMO,Bank of Montreal,Financial Services,Banks - Diversified,NYSE,161.75,772473,112431169536,3.0638,174.63,155.66,-4.2043,-11.45,0.9,10.06,1.48,0.0,32.5,3,187.22,119.84,-13.6,0.0,,8,,20261008
IFNNY,Infineon Technologies AG,Technology,Semiconductors,OQX,68.55,352836,89080700928,2.6389,67.3,64.11,0.4722,-21.96,21.74,56.11,24.56,0.0,61.25,2,103.28,36.1,-33.63,0.0,,8,,20261008
HNHPF,"Hon Hai Precision Industry Co., Ltd.",Technology,Electronic Components,PNK,15.96,22776,111936782336,0.5302,15.93,14.77,0.0596,0.05,13.79,-9.19,1.16,0.0,86.25,2,20.26,11.5,-21.22,0.0,,8,,20261008
VRTX,Vertex Pharmaceuticals Incorporated,Healthcare,Biotechnology,NASDAQ,505.64,1163934,128159989760,11.6065,519.5,474.42,-1.194,-1.81,-1.65,8.53,2.38,0.0,70.75,3,560.25,402.58,-9.75,0.0,,8,,20261008
ACN,Accenture plc,Technology,Information Technology Services,NYSE,196.64,6553201,120332288000,8.9252,182.48,192.39,1.5865,37.76,-12.02,-36.1,-9.21,0.0,86.25,3,291.09,118.15,-32.45,0.0,,8,,20261008
PH,Parker-Hannifin Corporation,Industrials,Specialty Industrial Machinery,NYSE,952.79,601461,120158642176,21.5749,986.22,943.52,-1.5494,-3.07,-16.5,8.87,-3.0,0.0,49.5,3,1099.94,715.37,-13.38,0.0,,8,,20261008
PWR,"Quanta Services, Inc.",Industrials,Engineering & Construction,NYSE,701.07,1014111,105401245696,23.775,648.33,609.6,2.2183,1.29,6.15,47.03,21.29,0.0,88.75,2,788.75,404.51,-11.12,0.0,,8,,20261008
ZURVY,Zurich Insurance Group AG,Financial Services,Insurance - Diversified,OQX,34.36,113731,102646562816,0.4435,36.24,35.39,-4.2325,-13.25,-15.25,-16.78,-15.37,0.0,20.75,4,38.71,33.62,-11.24,0.0,,8,,20261008
SNY,Sanofi,Healthcare,Drug Manufacturers - General,NASDAQ,40.2,2887440,96324730880,0.7592,43.12,43.81,-3.8402,-12.08,-25.55,-31.62,-24.61,0.0,20.75,4,52.68,39.18,-23.69,0.0,,8,,20261008
IFNNF,Infineon Technologies AG,Technology,Semiconductors,OQX,69.22,3236,89951371264,2.0477,67.33,64.11,0.9248,-19.17,24.85,55.22,25.99,0.0,55.0,2,103.5,37.05,-33.12,0.0,,8,,20261008
ZFSVF,Zurich Insurance Group AG,Financial Services,Insurance - Diversified,OQX,704.0,281,100577787904,17.7142,723.24,719.14,-1.0862,-9.85,-17.78,-20.48,-16.88,0.0,31.5,4,791.41,656.6,-11.04,0.0,,8,,20261008
CM,Canadian Imperial Bank of Commerce,Financial Services,Banks - Diversified,NYSE,108.33,1224722,98356649984,2.1527,115.09,105.57,-3.1403,-9.11,-6.82,18.56,2.76,0.0,35.0,3,124.86,79.32,-13.24,0.0,,8,,20261008
SPOT,Spotify Technology S.A.,Communication Services,Internet Content & Information,NYSE,512.92,1663006,105448251392,18.2082,516.4,499.22,-0.1912,1.91,-9.4,-41.58,-19.44,0.0,75.75,3,700.12,405.0,-26.74,0.0,,8,,20261008
SO,The Southern Company,Utilities,Utilities - Regulated Electric,NYSE,85.44,5670239,98287017984,1.2878,88.41,91.01,-2.3093,-13.13,-26.17,-24.54,-22.26,0.0,31.5,4,100.84,81.69,-15.27,0.0,,8,,20261008
SNYNF,Sanofi,Healthcare,Drug Manufacturers - General,PNK,78.27,33668,92826370048,1.7082,85.74,89.53,-4.3756,-14.15,-32.15,-40.24,-30.88,0.0,5.0,4,106.34,77.08,-26.4,0.0,,8,,20261008
EQIX,"Equinix, Inc.",Real Estate,REIT - Specialty,NASDAQ,1031.77,537300,101806489600,25.6927,1041.06,984.59,-0.3615,-3.47,-13.18,16.45,1.1,0.0,74.5,3,1128.68,720.62,-8.59,0.0,,8,,20261008
CEG,Constellation Energy Corporation,Utilities,Utilities - Independent Power Producers,NASDAQ,299.59,2960212,106146947072,13.1189,272.63,286.08,2.0553,16.02,-9.84,-34.23,-13.13,0.0,83.75,3,412.7,228.63,-27.41,0.0,,8,,20261008
CME,CME Group Inc.,Financial Services,Financial Data & Stock Exchanges,NASDAQ,270.27,2043653,97183481856,5.9573,270.57,274.59,-0.0506,9.63,-25.42,-9.83,-10.42,0.0,60.25,3,329.16,218.31,-17.89,0.0,,8,,20261008
NOW,"ServiceNow, Inc.",Technology,Software - Application,NYSE,137.87,17916096,142538555392,5.6027,131.13,115.49,1.2032,23.02,25.89,-41.46,-1.76,0.0,87.5,2,192.97,81.24,-28.55,0.0,,8,,20261008
GLAXF,GSK plc,Healthcare,Drug Manufacturers - General,PNK,24.53,919,98292465664,0.5059,24.8,25.79,-0.5332,-9.49,-27.24,-2.32,-12.84,0.0,29.0,4,31.48,20.8,-22.08,0.0,,8,,20261008
CDNS,"Cadence Design Systems, Inc.",Technology,Software - Application,NASDAQ,356.12,2392840,98072952832,11.5535,319.79,326.3,3.1448,-11.38,7.46,-16.19,-6.71,0.0,67.5,3,416.69,262.75,-14.54,0.0,,8,,20261008
HWM,Howmet Aerospace Inc.,Industrials,Aerospace & Defense,NYSE,222.75,2722312,88833015808,6.9883,254.58,248.81,-4.5545,-22.25,-26.37,0.21,-14.71,0.0,12.5,4,310.0,183.83,-28.15,0.0,,8,,20261008
GSK,GSK plc,Healthcare,Drug Manufacturers - General,NYSE,47.02,3735357,94205288448,0.9147,50.17,51.68,-3.4457,-13.23,-32.1,-4.92,-16.51,0.0,23.25,4,61.7,42.85,-23.79,0.0,,8,,20261008
BAMGF,Brookfield Corporation,Financial Services,Asset Management,PNK,16.9,0,16197921649,0.0081,16.67,15.86,28.4838,-2.73,-11.23,4.68,-2.74,0.0,75.0,2,17.17,14.18,-1.59,0.0,,8,,20261008
BN,Brookfield Corporation,Financial Services,Asset Management,NYSE,36.98,4479217,82552356864,0.7409,40.16,43.23,-4.2921,-17.67,-27.31,-34.96,-27.96,0.0,7.5,4,49.57,35.69,-25.4,0.0,,8,,20261008
CNQ,Canadian Natural Resources Limited,Energy,Oil & Gas E&P,NYSE,47.5,6653200,97921253376,1.2137,48.5,43.5,-0.8273,10.79,-11.23,33.65,12.23,0.0,72.0,3,52.31,29.68,-9.2,0.0,,8,,20261008
MDT,Medtronic plc,Healthcare,Medical Devices,NYSE,85.51,10705314,109379084288,2.1379,89.44,87.02,-1.8389,0.99,-17.43,-27.22,-16.74,0.0,59.0,4,106.33,73.31,-19.58,0.0,,8,,20261008
SNPS,"Synopsys, Inc.",Technology,Software - Infrastructure,NASDAQ,502.67,2023198,96329990144,19.0107,414.61,445.51,4.6322,9.72,7.0,-11.86,0.14,0.0,87.5,3,539.48,362.55,-6.82,0.0,,8,,20261008
MITSF,"Mitsui & Co., Ltd.",Industrials,Conglomerates,PNK,28.95,7295,82279989248,0.9242,30.84,32.8,-2.0442,-0.91,-43.18,-0.04,-15.36,0.0,27.5,3,42.2,23.02,-31.4,0.0,,8,,20261008
TT,Trane Technologies plc,Industrials,Building Products & Equipment,NYSE,467.27,1143082,102810230784,11.1106,453.44,447.2,1.2452,-4.42,-11.11,-6.19,-7.47,0.0,65.0,2,505.87,348.06,-7.63,0.0,,8,,20261008
ADBE,Adobe Inc.,Technology,Software - Application,NASDAQ,232.77,5020920,90594082816,8.7417,258.44,258.13,-2.9364,0.89,-18.29,-50.49,-26.37,0.0,48.25,4,363.7,190.12,-36.0,0.0,,8,,20261008
EQNR,Equinor ASA,Energy,Oil & Gas Integrated,NYSE,41.61,3464944,98579283968,1.1257,42.07,35.18,-0.408,19.88,-7.64,55.17,24.37,0.0,75.75,3,45.84,22.26,-9.23,0.0,,8,,20261008
MITSY,"Mitsui & Co., Ltd.",Industrials,Conglomerates,PNK,616.96,6723,87674372096,24.6246,631.78,667.08,-0.6017,4.24,-39.86,6.16,-10.43,0.0,56.5,3,835.49,476.5,-26.16,0.0,,8,,20261008
XIACY,Xiaomi Corporation,Technology,Consumer Electronics,PNK,15.19,299961,78219378688,0.4491,17.12,19.49,-4.2957,-8.42,-42.7,-73.39,-46.4,0.0,15.0,4,34.32,13.55,-55.74,0.0,,8,,20261008
XIACF,Xiaomi Corporation,Technology,Consumer Electronics,PNK,3.1,35482,79815696384,0.1626,3.44,3.92,-2.1212,-7.08,-41.39,-72.5,-45.26,0.0,13.75,4,6.9,2.52,-55.07,0.0,,8,,20261008
BNS,The Bank of Nova Scotia,Financial Services,Banks - Diversified,NYSE,87.23,2159144,106318544896,1.5835,90.26,79.32,-1.9139,-1.38,8.96,20.46,10.97,0.0,75.75,3,95.74,62.98,-8.89,0.0,,8,,20261008
FTNT,"Fortinet, Inc.",Technology,Software - Infrastructure,NASDAQ,189.28,4619473,138877321216,6.2196,165.84,120.19,3.7679,11.95,111.1,102.15,82.73,0.0,91.25,2,192.41,73.55,-1.63,0.0,,8,,20261008
DUK,Duke Energy Corporation,Utilities,Utilities - Regulated Electric,NYSE,115.5,4083350,90055606272,1.5376,119.74,122.38,-2.7547,-10.63,-26.25,-20.85,-20.19,0.0,30.25,4,134.49,112.4,-14.12,0.0,,8,,20261008
ITOCF,ITOCHU Corporation,Industrials,Conglomerates,PNK,14.24,17622,99326656512,1.0592,13.32,13.89,0.872,22.25,-6.78,-91.38,-33.36,0.0,85.0,3,62.88,10.6,-77.35,0.0,,8,,20261008
MAR,"Marriott International, Inc.",Consumer Cyclical,Lodging,NASDAQ,356.5,1561998,92963184640,6.9432,350.32,349.05,0.8906,-7.74,-12.87,15.21,-0.36,0.0,62.5,2,410.98,256.76,-13.26,0.0,,8,,20261008
AXAHF,AXA SA,Financial Services,Insurance - Diversified,OQX,47.79,1217,99299745792,0.4642,50.71,48.15,-6.2995,-9.76,-18.62,-16.53,-15.57,0.0,18.25,4,52.75,43.0,-9.4,0.0,,8,,20261008
WMB,"The Williams Companies, Inc.",Energy,Oil & Gas Midstream,NYSE,71.46,7025792,87407550464,1.8456,71.78,70.46,-0.172,-8.25,-16.24,-1.16,-8.21,0.0,48.25,3,80.08,56.19,-10.76,0.0,,8,,20261008
AXAHY,AXA SA,Financial Services,Insurance - Diversified,OQX,47.07,97242,98421538816,0.921,50.59,46.85,-3.8204,-10.64,-12.24,-9.21,-10.63,0.0,37.5,3,52.56,43.04,-10.45,0.0,,8,,20261008
BNY,The Bank of New York Mellon Corporation,Financial Services,Banks - Diversified,NYSE,142.72,3413521,96836108288,2.8697,156.57,136.55,-4.8248,-9.54,-3.11,19.58,4.35,0.0,32.5,3,165.84,103.11,-13.94,0.0,,8,,20261008
ITOCY,ITOCHU Corporation,Industrials,Conglomerates,PNK,13.56,403988,94783217664,0.4443,13.63,12.84,-0.1634,12.25,-13.68,2.53,-0.71,0.0,78.25,3,15.44,10.8,-12.18,0.0,,8,,20261008
BRCFF,Brookfield Corporation,Financial Services,Asset Management,PNK,18.87,100,0,0.0306,17.71,16.75,37.869,8.34,-9.56,17.63,5.79,0.0,75.0,2,18.87,15.16,0.0,0.0,,8,,20261008
STOHF,Equinor ASA,Energy,Oil & Gas Integrated,PNK,43.04,48595,101967134720,0.2638,42.55,35.3,1.8603,30.66,1.72,58.73,31.76,0.0,75.0,2,45.7,22.21,-5.82,0.0,,8,,20261008
CIXPF,"CaixaBank, S.A.",Financial Services,Banks - Regional,PNK,13.88,63,96360013824,0.1726,14.89,13.1,-5.8894,-4.24,-7.34,26.82,7.1,0.0,51.25,3,15.84,9.9,-12.39,0.0,,8,,20261008
IBN,ICICI Bank Limited,Financial Services,Banks - Regional,NYSE,27.86,5448667,99998081024,0.4283,29.19,28.44,-3.1079,-7.18,-13.43,-25.58,-16.73,0.0,37.75,4,33.03,25.08,-15.65,0.0,,8,,20261008
FDX,FedEx Corporation,Industrials,Integrated Freight & Logistics,NYSE,289.04,1575695,68407222272,6.1994,311.12,297.92,-3.5616,-10.3,-18.76,30.69,3.14,0.0,19.5,4,345.37,180.99,-16.31,0.0,,8,,20261008
GMBXF,"Grupo México, S.A.B. de C.V.",Basic Materials,Other Industrial Metals & Mining,PNK,12.5,23320,97814110208,0.6429,12.96,11.8,-0.7203,8.7,-8.95,50.65,19.3,0.0,72.0,3,14.36,7.74,-12.95,0.0,,8,,20261008
MGCOF,"Midea Group Co., Ltd.",Unknown,Unknown,PNK,11.75,4868,0,0.2821,12.52,,-2.7303,14.76,-15.84,-2.81,-2.98,0.0,15.75,3,13.6,9.0,-13.6,0.0,,8,,20261008
CHDRY,Christian Dior SE,Consumer Cyclical,Luxury Goods,PNK,116.0,321,83710509056,4.2623,119.0,134.09,-0.7037,-14.71,-30.23,-36.23,-28.75,0.0,19.5,4,179.98,103.5,-35.55,0.0,,8,,20261008
ESLOY,EssilorLuxottica Société anonyme,Healthcare,Medical Instruments & Supplies,PNK,82.07,156860,75295711232,1.7036,89.48,111.85,-4.3487,-19.96,-43.76,-65.27,-46.41,0.0,13.75,4,186.81,79.27,-56.07,0.0,,8,,20261008
ESLOF,EssilorLuxottica Société anonyme,Healthcare,Medical Instruments & Supplies,PNK,165.0,5353,75690221568,9.5231,179.36,226.33,-1.5077,-19.35,-45.44,-66.49,-47.34,0.0,10.0,4,376.38,156.36,-56.16,0.0,,8,,20261008
GD,General Dynamics Corporation,Industrials,Aerospace & Defense,NYSE,326.63,1125598,88372092928,6.1131,365.92,353.36,-6.4273,-16.46,-21.39,-21.04,-20.02,0.0,23.25,4,400.0,306.77,-18.34,0.0,,8,,20261008
TKOMF,"Tokio Marine Holdings, Inc.",Financial Services,Insurance - Property & Casualty,PNK,3.3,172389,93538246656,0.3223,3.23,2.92,0.203,4.41,-5.51,5.4,1.33,0.0,81.25,2,3.86,2.11,-14.49,0.0,,8,,20261008
CAIXY,"CaixaBank, S.A.",Financial Services,Banks - Regional,PNK,4.41,331948,91972550656,0.1118,4.91,4.37,-4.474,-10.61,-8.52,15.84,0.7,0.0,60.0,3,5.21,3.33,-15.36,0.0,,8,,20261008
GPMXY,"Grupo México, S.A.B. de C.V.",Basic Materials,Other Industrial Metals & Mining,PNK,24.73,2103,96757719040,1.1188,26.26,24.73,-1.3636,4.68,1.47,-12.1,-3.15,0.0,56.25,3,29.75,20.79,-16.86,0.0,,8,,20261008
MCK,McKesson Corporation,Healthcare,Medical Distribution,NYSE,910.33,924577,106135707648,23.6645,880.98,847.56,1.2403,11.29,-10.83,6.31,1.56,0.0,87.5,2,999.0,723.68,-8.88,0.0,,8,,20261008
SBKFF,State Bank of India,Financial Services,Banks - Regional,PNK,104.26,181,96238419968,0.1106,106.78,111.8,-22.7789,-12.23,-23.94,-16.68,-18.1,0.0,24.0,4,140.06,97.16,-25.56,0.0,,8,,20261008
PROSF,Prosus N.V.,Consumer Cyclical,Internet Retail,PNK,40.5,2157,84733935616,0.6479,43.8,48.61,-5.0864,-15.0,-33.07,-60.49,-39.52,0.0,5.0,4,72.77,38.42,-44.35,0.0,,8,,20261008
CHDRF,Christian Dior SE,Consumer Cyclical,Luxury Goods,PNK,472.92,3,85319770112,4.1384,483.09,545.07,-2.4582,-13.94,-26.38,-37.68,-27.79,0.0,13.25,4,708.37,425.45,-33.24,0.0,,8,,20261008
PROSY,Prosus N.V.,Consumer Cyclical,Internet Retail,PNK,7.93,992490,82955567104,0.1952,8.66,9.72,-3.7283,-16.6,-34.3,-61.87,-40.9,0.0,12.5,4,14.7,7.79,-46.05,0.0,,8,,20261008
ADP,"Automatic Data Processing, Inc.",Technology,Software - Application,NASDAQ,264.0,2245207,104610406400,5.6372,270.61,235.08,-1.1727,6.47,17.78,-23.47,-1.55,0.0,78.25,3,292.8,188.16,-9.84,0.0,,8,,20261008
CMCSA,Comcast Corporation,Communication Services,Telecom Services,NASDAQ,20.94,28776357,74308452352,0.5942,24.22,25.82,-5.5157,-12.58,-38.46,-41.26,-33.11,0.0,7.5,4,32.86,20.88,-36.28,0.0,,8,,20261008
SNPMF,China Petroleum & Chemical Corporation,Energy,Oil & Gas Integrated,PNK,0.56,16579,67582009344,0.0154,0.57,0.59,-0.8052,2.01,-28.05,-9.28,-13.03,0.0,51.5,3,0.72,0.48,-22.22,0.0,,8,,20261008
GLNCY,Glencore plc,Basic Materials,Other Industrial Metals & Mining,PNK,14.98,798698,87825416192,0.3764,15.23,14.08,-0.6533,7.28,-13.1,46.22,15.72,0.0,73.25,3,17.05,8.66,-12.14,0.0,,8,,20261008
GLCNF,Glencore plc,Basic Materials,Other Industrial Metals & Mining,PNK,7.5,23958,87942676480,0.2169,7.63,7.09,-0.5841,8.01,-13.7,43.94,14.78,0.0,74.5,3,8.56,4.35,-12.38,0.0,,8,,20261008
WBKCY,Westpac Banking Corporation,Financial Services,Banks - Diversified,PNK,12.0,103918,81957781504,0.5313,12.53,12.0,-0.989,-7.61,-20.7,-20.7,-17.43,0.0,47.0,3,18.87,11.15,-36.41,0.0,,8,,20261008
FCX,Freeport-McMoRan Inc.,Basic Materials,Copper,NYSE,71.86,13403976,103192223744,2.6747,71.14,63.81,0.2704,15.36,-4.66,63.17,27.48,0.0,88.75,2,80.24,38.54,-10.44,0.0,,8,,20261008
INGVF,ING Groep N.V.,Financial Services,Banks - Diversified,PNK,33.33,900,99145588736,0.5508,35.2,30.4,-3.3923,-4.34,8.53,17.82,9.03,0.0,50.0,3,37.49,23.6,-11.1,0.0,,8,,20261008
ATLCY,Atlas Copco AB (publ),Industrials,Specialty Industrial Machinery,PNK,18.04,24950,88010317824,0.469,18.38,17.39,-0.7327,0.81,-6.45,-2.28,-2.97,0.0,73.25,3,19.5,14.07,-7.49,0.0,,8,,20261008
ATLKY,Atlas Copco AB (publ),Industrials,Specialty Industrial Machinery,PNK,20.78,310784,101377744896,0.4985,21.19,19.89,-0.8208,1.09,-6.09,-1.26,-2.37,0.0,73.25,3,22.42,15.69,-7.31,0.0,,8,,20261008
ATLFF,Atlas Copco AB (publ),Industrials,Specialty Industrial Machinery,PNK,18.62,48,90864312320,0.101,17.37,15.75,12.4686,4.91,26.45,44.74,28.38,0.0,76.25,2,18.62,14.41,0.0,0.0,,8,,20261008
ATLPF,Atlas Copco AB (publ),Industrials,Specialty Industrial Machinery,PNK,20.52,4858,100126375936,0.222,20.96,18.82,-1.9554,4.34,12.87,21.93,14.36,0.0,63.25,3,22.26,14.96,-7.8,0.0,,8,,20261008
TKOMY,"Tokio Marine Holdings, Inc.",Financial Services,Insurance - Property & Casualty,PNK,3.32,149266,94105149440,3.5063,3.33,2.97,-0.0023,-1.41,-9.57,3.25,-2.4,0.0,72.0,3,58.0,3.3,-94.28,0.0,,8,,20261008
MGCLY,"Midea Group Co., Ltd.",Consumer Cyclical,"Furnishings, Fixtures & Appliances",PNK,11.5,62707,87744241664,0.1563,12.32,11.12,-5.2451,-1.43,-2.5,-4.54,-3.05,0.0,60.0,3,13.1,9.53,-12.21,0.0,,8,,20261008
CMI,Cummins Inc.,Industrials,Specialty Industrial Machinery,NYSE,517.32,1010892,71216586752,15.1196,572.1,600.4,-3.623,-26.54,-28.25,2.62,-15.48,0.0,10.0,4,737.76,400.72,-29.88,0.0,,8,,20261008
AEM,Agnico Eagle Mines Limited,Basic Materials,Gold,NYSE,180.39,2613571,91343159296,6.581,189.88,188.6,-1.4419,17.66,-31.49,-10.19,-10.68,0.0,61.5,3,255.24,134.38,-29.33,0.0,,8,,20261008
PNC,"The PNC Financial Services Group, Inc.",Financial Services,Banks - Regional,NYSE,217.72,1756870,86858014720,4.2895,240.17,226.18,-5.234,-16.19,-15.38,-2.01,-10.24,0.0,18.25,4,258.96,176.88,-15.93,0.0,,8,,20261008
INTU,Intuit Inc.,Technology,Software - Application,NASDAQ,297.24,3897828,79433228288,11.7921,322.54,386.17,-2.1458,5.08,-38.67,-72.12,-41.11,0.0,35.0,4,689.17,252.84,-56.87,0.0,,8,,20261008
WM,"Waste Management, Inc.",Industrials,Waste Management,NYSE,208.94,2049719,83516497920,3.393,217.37,222.96,-2.4842,-13.06,-24.48,-19.39,-19.59,0.0,31.5,4,248.13,194.11,-15.79,0.0,,8,,20261008
HCA,"HCA Healthcare, Inc.",Healthcare,Medical Care Facilities,NYSE,439.17,1476556,95080972288,12.0197,418.35,443.91,1.7318,3.92,-28.28,-14.98,-14.91,0.0,74.5,3,556.52,353.99,-21.09,0.0,,8,,20261008
SHECY,"Shin-Etsu Chemical Co., Ltd.",Basic Materials,Chemicals,PNK,19.55,592328,70969024512,0.541,18.93,19.87,1.1375,-14.38,-21.43,-4.81,-13.02,0.0,52.0,3,24.74,13.64,-20.98,0.0,,8,,20261008
ITUB,Itaú Unibanco Holding S.A.,Financial Services,Banks - Regional,NYSE,9.74,24106765,107353030656,0.3536,8.09,8.13,4.6617,14.11,-3.85,35.13,16.23,0.0,90.0,3,10.2,6.54,-4.51,0.0,,8,,20261008
ING,ING Groep N.V.,Financial Services,Banks - Diversified,NYSE,33.92,2117635,96499802112,0.6864,35.61,30.26,-2.4629,2.08,9.59,22.94,13.05,0.0,74.5,3,37.52,23.64,-9.59,0.0,,8,,20261008
NOKBF,Nokia Oyj,Technology,Communication Equipment,PNK,10.6,950598,59345637376,0.4244,10.2,10.03,0.9487,-22.95,-0.86,98.76,33.47,0.0,61.25,2,17.4,5.12,-39.08,0.0,,8,,20261008
NGGTF,National Grid plc,Utilities,Utilities - Regulated Electric,PNK,15.18,10198,77917093888,0.5434,15.64,16.57,-0.8491,-11.43,-28.51,-14.96,-18.82,0.0,35.25,4,19.33,14.45,-21.47,0.0,,8,,20261008
BCMXY,"Bank of Communications Co., Ltd.",Financial Services,Banks - Diversified,PNK,26.69,57,94323040256,0.1929,24.39,21.99,11.8926,25.89,17.31,16.64,19.19,0.0,75.0,2,26.85,19.89,-0.61,0.0,,8,,20261008
ICE,"Intercontinental Exchange, Inc.",Financial Services,Financial Data & Stock Exchanges,NYSE,152.59,3453592,85663186944,3.3349,155.18,153.91,-0.7771,9.66,-23.97,-19.76,-13.88,0.0,56.5,4,176.05,121.79,-13.33,0.0,,8,,20261008
BE,Bloom Energy Corporation,Industrials,Electrical Equipment & Parts,NYSE,291.29,15539687,85792874496,19.2287,242.83,210.57,2.5201,9.68,82.9,217.96,118.62,0.0,88.75,2,351.28,75.7,-17.08,0.0,,8,,20261008
NOK,Nokia Oyj,Technology,Communication Equipment,NYSE,10.62,84393139,59457605632,0.4814,10.16,10.08,0.9535,-21.32,-3.05,97.57,32.63,0.0,60.0,2,17.45,5.11,-39.14,0.0,,8,,20261008
BSX,Boston Scientific Corporation,Healthcare,Medical Devices,NYSE,41.58,19769958,60258967552,1.2852,46.68,60.95,-3.9708,-11.23,-49.09,-73.97,-49.58,0.0,10.0,4,105.65,41.5,-60.64,0.0,,8,,20261008
UPS,"United Parcel Service, Inc.",Industrials,Integrated Freight & Logistics,NYSE,92.29,4886023,78518632448,1.9213,100.42,102.38,-4.231,-18.98,-20.64,-3.43,-13.34,0.0,20.75,4,122.41,82.0,-24.61,0.0,,8,,20261008
EPD,Enterprise Products Partners L.P.,Energy,Oil & Gas Midstream,NYSE,36.91,3037284,79706308608,0.6593,38.07,36.2,-1.7631,-3.19,-15.64,7.79,-3.16,0.0,70.75,3,40.17,30.01,-8.12,0.0,,8,,20261008
ELV,"Elevance Health, Inc.",Healthcare,Healthcare Plans,NYSE,404.31,1196160,87682424832,9.7888,397.33,363.8,0.7126,-7.06,12.57,0.86,2.98,0.0,85.0,2,436.24,274.84,-7.32,0.0,,8,,20261008
AMT,American Tower Corporation,Real Estate,REIT - Specialty,NYSE,166.18,2616779,77433241600,3.7187,171.02,173.14,-1.3019,-1.85,-18.34,-23.78,-16.39,0.0,61.5,4,196.08,160.06,-15.25,0.0,,8,,20261008
SLB,SLB N.V.,Energy,Oil & Gas Equipment & Services,NYSE,47.96,12675445,71179509760,1.6841,52.67,50.24,-2.7944,-1.6,-22.14,25.07,1.88,0.0,47.0,3,60.46,31.64,-20.67,0.0,,8,,20261008
NGG,National Grid plc,Utilities,Utilities - Regulated Electric,NYSE,76.11,831373,76519612416,1.2013,78.33,81.95,-1.85,-11.19,-28.73,-9.77,-16.76,0.0,35.25,4,94.64,73.24,-19.58,0.0,,8,,20261008
USB,U.S. Bancorp,Financial Services,Banks - Regional,NYSE,56.17,7448898,87515750400,1.0844,61.2,56.69,-4.6367,-12.06,-12.26,5.26,-5.2,0.0,19.5,4,66.08,45.02,-15.0,0.0,,8,,20261008
CHGCF,"Chugai Pharmaceutical Co., Ltd.",Healthcare,Drug Manufacturers - General,PNK,38.45,9615,63272443904,2.5527,42.15,50.01,-1.4476,-15.68,-48.68,-41.26,-37.46,0.0,16.25,4,68.08,34.79,-43.52,0.0,,8,,20261008
WEBNF,Westpac Banking Corporation,Financial Services,Banks - Diversified,PNK,24.5,1936,83665231872,0.6185,24.3,25.94,0.3256,-4.26,-29.44,-22.74,-20.47,0.0,42.0,3,30.71,22.06,-20.22,0.0,,8,,20261008
MNST,Monster Beverage Corporation,Consumer Defensive,Beverages - Non-Alcoholic,NASDAQ,42.88,10492614,84004143104,0.9687,45.21,42.48,-2.4068,-14.83,-1.42,10.85,0.14,0.0,37.5,3,50.17,32.94,-14.53,0.0,,8,,20261008
MHVYF,"Mitsubishi Heavy Industries, Ltd.",Industrials,Specialty Industrial Machinery,PNK,25.46,14228,81552285696,1.7963,24.91,26.76,0.307,3.98,-33.0,-24.33,-20.28,0.0,74.5,3,34.5,20.59,-26.2,0.0,,8,,20261008
CSX,CSX Corporation,Industrials,Railroads,NASDAQ,46.81,11221467,86714351616,0.8416,49.09,44.26,-2.7121,-8.54,-3.83,13.82,2.05,0.0,49.5,3,53.6,33.63,-12.67,0.0,,8,,20261008
KKR,KKR & Co. Inc.,Financial Services,Asset Management,NYSE,89.67,4236914,82818359296,2.9218,102.63,102.04,-4.4346,-10.33,-19.75,-45.78,-27.81,0.0,7.5,4,144.84,82.67,-38.09,0.0,,8,,20261008
JCI,Johnson Controls International plc,Industrials,Building Products & Equipment,NYSE,155.93,3266226,94453260288,3.6348,146.58,137.54,2.5732,7.62,-2.75,26.56,11.57,0.0,88.75,2,160.41,104.49,-2.79,0.0,,8,,20261008
MELI,"MercadoLibre, Inc.",Consumer Cyclical,Internet Retail,NASDAQ,1872.78,508284,94943952896,61.7433,1862.41,1836.5,0.1679,-0.06,-10.09,-30.04,-15.56,0.0,60.0,3,2428.0,1495.0,-22.87,0.0,,8,,20261008
SHECF,"Shin-Etsu Chemical Co., Ltd.",Basic Materials,Chemicals,PNK,39.0,6434,75089223680,3.3316,36.77,38.82,0.6681,-10.02,-17.23,2.24,-7.64,0.0,58.75,3,50.77,26.74,-23.18,0.0,,8,,20261008
MHVIY,"Mitsubishi Heavy Industries, Ltd.",Industrials,Specialty Industrial Machinery,PNK,12.01,880361,80712228864,0.3794,12.43,20.58,-1.0981,-2.13,-76.7,-73.65,-56.84,0.0,53.25,4,34.0,10.65,-64.68,0.0,,8,,20261008
CHGCY,"Chugai Pharmaceutical Co., Ltd.",Healthcare,Drug Manufacturers - General,PNK,19.34,253722,63650926592,0.9758,21.18,25.05,-1.8823,-18.94,-46.65,-39.4,-36.82,0.0,15.0,4,34.84,19.0,-44.49,0.0,,8,,20261008
MRAAF,"Murata Manufacturing Co., Ltd.",Technology,Electronic Components,PNK,55.15,9478,99697008640,3.3256,48.33,39.0,2.0494,-13.02,109.08,166.7,101.6,0.0,62.5,2,79.27,16.55,-30.43,0.0,,8,,20261008
RCRUY,"Recruit Holdings Co., Ltd.",Communication Services,Internet Content & Information,PNK,21.29,553033,147845185536,0.7275,20.39,13.38,1.2353,33.97,113.86,82.18,81.22,0.0,92.5,2,22.93,7.57,-7.15,0.0,,8,,20261008
AMXOF,"América Móvil, S.A.B. de C.V.",Communication Services,Telecom Services,PNK,0.99,145693,59030036480,0.0215,1.17,1.04,-8.4825,-15.77,-15.56,45.12,8.66,0.0,15.75,4,1.42,0.98,-30.42,0.0,,8,,20261008
MIELY,Mitsubishi Electric Corporation,Industrials,Electrical Equipment & Parts,PNK,66.36,83974,67900743680,1.7754,69.2,70.58,-1.5989,-11.61,-22.79,5.8,-8.56,0.0,44.0,4,86.0,49.64,-22.84,0.0,,8,,20261008
EIPAF,Eni S.p.A.,Energy,Oil & Gas Integrated,PNK,26.88,6188,77092225024,0.4391,27.52,24.82,-1.4499,10.39,-16.3,45.11,14.94,0.0,62.0,3,29.3,17.01,-8.26,0.0,,8,,20261008
BCLYF,Barclays PLC,Financial Services,Banks - Diversified,PNK,5.69,29860,75939577856,0.4071,6.55,6.21,-2.1038,-21.41,-14.73,-3.87,-12.06,0.0,24.5,4,7.35,4.8,-22.59,0.0,,8,,20261008
OVCHY,Oversea-Chinese Banking Corporation Limited,Financial Services,Banks - Regional,PNK,47.42,31939,106589233152,1.6401,48.65,38.0,-0.75,9.32,25.08,72.68,40.18,0.0,69.5,3,52.15,24.89,-9.07,0.0,,8,,20261008
NABZY,National Australia Bank Limited,Financial Services,Banks - Diversified,PNK,13.22,307358,80941703168,0.5778,13.92,14.25,-1.2119,-6.66,-29.4,-25.71,-22.24,0.0,29.5,4,18.13,12.41,-27.08,0.0,,8,,20261008
MRAAY,"Murata Manufacturing Co., Ltd.",Technology,Electronic Components,PNK,27.23,672973,98718162944,0.9613,24.05,19.4,3.3094,-12.55,98.69,161.17,95.87,0.0,62.5,2,38.72,8.85,-29.67,0.0,,8,,20261008
CIEN,Ciena Corporation,Technology,Communication Equipment,NYSE,446.45,2353770,63310417920,24.1498,377.18,394.6,2.8682,-7.09,-25.18,174.35,59.15,0.0,63.75,3,637.51,152.54,-29.97,0.0,,8,,20261008
RACE,Ferrari N.V.,Consumer Cyclical,Auto Manufacturers,NYSE,386.39,427943,67772796928,8.1123,408.33,365.73,-2.7046,-0.52,-4.3,-37.46,-16.62,0.0,61.25,3,490.54,312.51,-21.23,0.0,,8,,20261008
OVCHF,Oversea-Chinese Banking Corporation Limited,Financial Services,Banks - Regional,PNK,24.94,165,112141221888,0.0857,23.23,18.24,20.0045,26.95,45.05,83.78,56.02,0.0,75.0,2,26.15,12.8,-4.61,0.0,,8,,20261008
NTTYY,"NTT, Inc.",Communication Services,Telecom Services,PNK,27.22,143171,88119861248,0.8527,26.53,24.7,0.809,15.21,-4.99,-12.56,-2.97,0.0,87.5,2,30.05,21.47,-9.42,0.0,,8,,20261008
RCRRF,"Recruit Holdings Co., Ltd.",Communication Services,Internet Content & Information,PNK,106.49,1312,143948005376,4.0803,101.68,66.92,1.1797,33.56,106.24,73.4,74.94,0.0,80.0,2,117.11,38.8,-9.07,0.0,,8,,20261008
ENGQF,Engie SA,Utilities,Utilities - Diversified,PNK,25.66,28812,68164513792,1.319,28.19,29.67,-1.9149,-20.23,-37.14,5.46,-15.88,0.0,12.5,4,35.36,21.46,-27.43,0.0,,8,,20261008
BCS,Barclays PLC,Financial Services,Banks - Diversified,NYSE,23.0,4393985,76740345856,0.5476,26.22,24.85,-5.8796,-18.27,-16.62,-2.88,-11.54,0.0,19.5,4,28.69,19.29,-19.83,0.0,,8,,20261008
MIELF,Mitsubishi Electric Corporation,Industrials,Electrical Equipment & Parts,PNK,33.15,4673,66779295744,1.9632,34.29,35.2,-0.5811,-11.67,-25.11,6.56,-9.08,0.0,36.5,4,44.01,25.03,-24.67,0.0,,8,,20261008
AMX,"América Móvil, S.A.B. de C.V.",Communication Services,Telecom Services,NYSE,22.31,2616189,66647777280,0.5003,23.12,23.99,-1.6259,-16.28,-29.68,-8.9,-18.02,0.0,34.0,4,28.46,19.71,-21.61,0.0,,8,,20261008
SU,Suncor Energy Inc.,Energy,Oil & Gas Integrated,NYSE,68.14,4221215,80455974912,1.6991,66.85,60.12,0.7585,13.6,-8.59,50.54,20.61,0.0,86.25,2,72.06,37.77,-5.44,0.0,,8,,20261008
NXPI,NXP Semiconductors N.V.,Technology,Semiconductors,NASDAQ,235.22,3629174,59314057216,7.5164,230.46,244.03,0.6338,-22.33,0.51,-13.54,-10.82,0.0,49.5,3,339.95,183.0,-30.81,0.0,,8,,20261008
NPPXF,"NTT, Inc.",Communication Services,Telecom Services,PNK,1.06,75796,85788991488,0.042,1.01,0.95,1.1452,14.79,-4.44,-19.87,-5.81,0.0,77.5,2,1.2,0.85,-11.67,0.0,,8,,20261008
ENGIY,Engie SA,Utilities,Utilities - Diversified,PNK,25.49,282993,64760098816,0.5218,28.38,29.7,-5.5381,-21.42,-36.76,6.95,-15.44,0.0,13.75,4,35.16,21.74,-27.5,0.0,,8,,20261008
ABNB,"Airbnb, Inc.",Consumer Cyclical,Travel Services,NASDAQ,160.63,4752869,96182943744,5.0328,170.56,143.92,-1.9723,5.7,6.69,16.5,10.37,0.0,65.0,3,193.45,110.81,-16.97,0.0,,8,,20261008
MMM,3M Company,Industrials,Conglomerates,NYSE,162.12,3164442,83608920064,3.3897,172.2,159.51,-2.9747,1.17,-5.83,-11.08,-6.18,0.0,61.25,3,184.9,139.34,-12.32,0.0,,8,,20261008
MDLZ,"Mondelez International, Inc.",Consumer Defensive,Confectioners,NASDAQ,59.38,8237955,75787173888,1.1556,61.32,58.67,-1.6783,-0.9,-12.87,-17.44,-11.71,0.0,73.25,3,66.65,51.2,-10.91,0.0,,8,,20261008
E,Eni S.p.A.,Energy,Oil & Gas Integrated,NYSE,53.96,355754,77379026944,0.9677,54.39,49.21,-0.4415,10.3,-15.73,40.99,13.46,0.0,75.75,3,58.0,34.03,-6.97,0.0,,8,,20261008
DDOG,"Datadog, Inc.",Technology,Software - Application,NASDAQ,271.34,4127218,97431412736,11.2761,246.19,186.89,2.2304,-2.78,117.36,55.46,62.56,0.0,66.25,2,292.72,98.01,-7.3,0.0,,8,,20261008
MRSH,"Marsh & McLennan Companies, Inc.",Financial Services,Insurance Brokers,NYSE,173.66,2482455,82872508416,3.6712,182.09,174.76,-2.2955,-5.52,-15.12,-28.83,-18.21,0.0,36.5,4,207.83,156.6,-16.44,0.0,,8,,20261008
NOC,Northrop Grumman Corporation,Industrials,Aerospace & Defense,NYSE,473.46,851129,67261157376,11.5572,532.83,592.65,-5.1369,-14.29,-46.07,-39.18,-35.37,0.0,13.75,4,774.0,470.06,-38.83,0.0,,8,,20261008
VCISY,Vinci SA,Industrials,Engineering & Construction,PNK,30.24,272304,66813247488,0.6212,33.27,35.53,-4.8777,-14.92,-37.56,-25.33,-27.0,0.0,11.25,4,42.1,29.44,-28.17,0.0,,8,,20261008
VCISF,Vinci SA,Industrials,Engineering & Construction,PNK,117.25,361,64763998208,0.9267,132.6,142.35,-16.5637,-20.68,-34.95,-27.79,-28.52,0.0,1.25,4,167.75,117.09,-30.1,0.0,,8,,20261008
RKLB,Rocket Lab Corporation,Industrials,Aerospace & Defense,NASDAQ,71.92,19201936,45986439168,4.0676,70.27,81.67,0.4067,-16.53,-11.44,5.97,-5.75,0.0,37.5,3,151.0,37.57,-52.37,0.0,,8,,20261008
BAESY,BAE Systems plc,Industrials,Aerospace & Defense,PNK,96.6,254768,70667083776,2.0802,110.48,108.54,-6.6705,-6.97,-36.41,-27.58,-25.52,0.0,32.5,3,126.0,84.5,-23.33,0.0,,8,,20261008
BAESF,BAE Systems plc,Industrials,Aerospace & Defense,PNK,24.1,16668,70520774656,1.1915,27.9,27.25,-3.1919,-10.2,-37.19,-26.98,-26.36,0.0,33.75,3,32.21,21.12,-25.18,0.0,,8,,20261008
MCO,Moody's Corporation,Financial Services,Financial Data & Stock Exchanges,NYSE,449.63,791993,77867368448,10.4616,478.9,468.94,-2.7977,-11.13,-14.65,-23.16,-17.18,0.0,20.75,4,546.88,402.28,-17.78,0.0,,8,,20261008
MPWR,"Monolithic Power Systems, Inc.",Technology,Semiconductors,NASDAQ,1425.98,745890,70076932096,53.4061,1311.34,1287.36,2.1465,0.28,-6.62,31.31,10.28,0.0,62.5,2,1714.09,833.18,-16.81,0.0,,8,,20261008
LLDTF,Lloyds Banking Group plc,Financial Services,Banks - Regional,PNK,1.26,5625,70643613696,0.0836,1.49,1.37,-2.7977,-16.75,-22.01,0.38,-11.74,0.0,14.5,4,1.68,1.05,-25.0,0.0,,8,,20261008
ASX,"ASE Technology Holding Co., Ltd.",Technology,Semiconductors,NYSE,45.76,7494096,100617805824,1.6717,39.64,30.97,3.6633,2.15,75.91,288.82,142.64,0.0,88.75,2,47.93,11.07,-4.53,0.0,,8,,20261008
LLOBF,Lloyds Banking Group plc 9.25% NON-CUM IRR PRF SHS GBP0.25,Unknown,Unknown,PNK,2.1,3,0,0.0158,1.99,2.04,6.6316,0.22,-18.68,-2.47,-7.47,0.0,50.0,3,2.27,1.86,-7.49,0.0,,8,,20261008
LYG,Lloyds Banking Group plc,Financial Services,Banks - Regional,NYSE,5.4,14491738,77535674368,0.1251,5.92,5.51,-4.1579,-11.97,-14.52,5.46,-5.89,0.0,18.25,4,6.34,4.42,-14.83,0.0,,8,,20261008
CP,Canadian Pacific Kansas City Limited,Industrials,Railroads,NYSE,83.63,2407582,73517391872,1.6521,89.99,84.45,-3.8494,-10.87,-12.68,-8.17,-10.42,0.0,20.75,4,96.9,68.42,-13.69,0.0,,8,,20261008
BAM,Brookfield Asset Management Ltd.,Financial Services,Asset Management,NYSE,44.5,2628831,71077691392,1.1072,48.88,47.6,-3.9554,-6.33,-15.25,-36.91,-21.68,0.0,17.0,4,59.33,42.2,-25.0,0.0,,8,,20261008
EMR,Emerson Electric Co.,Industrials,Specialty Industrial Machinery,NYSE,159.22,2582595,88812912640,3.9238,155.2,144.27,1.0253,12.29,-3.11,3.02,3.19,0.0,90.0,2,166.35,122.64,-4.29,0.0,,8,,20261008
NET,"Cloudflare, Inc.",Technology,Software - Infrastructure,NYSE,342.97,3346626,122124656640,15.9185,313.04,237.58,1.8803,20.7,46.8,38.2,36.83,0.0,88.75,2,370.35,158.83,-7.39,0.0,,8,,20261008
ANZGY,ANZ Group Holdings Limited,Financial Services,Banks - Diversified,PNK,26.3,141735,79190097920,0.7413,26.58,25.6,-0.3791,2.57,-16.11,2.05,-4.18,0.0,80.75,3,29.11,21.93,-9.65,0.0,,8,,20261008
SHW,The Sherwin-Williams Company,Basic Materials,Specialty Chemicals,NYSE,315.0,1789315,76468813824,7.8014,337.84,331.83,-2.9272,-8.56,-21.25,-22.59,-18.61,0.0,23.25,4,377.77,289.86,-16.62,0.0,,8,,20261008
ORLY,"O'Reilly Automotive, Inc.",Consumer Cyclical,Auto Parts,NASDAQ,84.61,6305258,68446171136,1.788,88.07,90.83,-1.935,-4.25,-24.63,-35.07,-23.71,0.0,35.25,4,104.06,82.59,-18.69,0.0,,8,,20261008
ANZGF,ANZ Group Holdings Limited,Financial Services,Banks - Diversified,PNK,26.87,13,80906387456,0.0578,25.86,25.27,17.4198,8.86,-10.79,18.11,5.68,0.0,75.0,2,28.73,21.18,-6.46,0.0,,8,,20261008
CI,The Cigna Group,Healthcare,Healthcare Plans,NYSE,278.51,1665846,73593618432,7.2658,276.95,277.3,0.2144,-7.67,-14.07,-22.97,-16.03,0.0,61.25,3,312.18,239.51,-10.79,0.0,,8,,20261008
ROST,"Ross Stores, Inc.",Consumer Cyclical,Apparel Retail,NASDAQ,225.53,2321493,72345755648,5.0976,236.36,217.79,-2.1251,-1.22,-14.69,32.38,7.51,0.0,73.25,3,257.0,147.49,-12.25,0.0,,8,,20261008
EOG,"EOG Resources, Inc.",Energy,Oil & Gas E&P,NYSE,144.21,3053517,75642355712,3.5598,144.47,131.51,-0.0723,5.14,-10.26,18.13,4.95,0.0,74.5,3,154.16,101.59,-6.45,0.0,,8,,20261008
KMI,"Kinder Morgan, Inc.",Energy,Oil & Gas Midstream,NYSE,31.82,11156711,70856843264,0.7478,31.44,31.15,0.5091,-4.52,-17.21,1.53,-6.54,0.0,62.5,2,34.81,25.6,-8.59,0.0,,8,,20261008
CVNA,Carvana Co.,Consumer Cyclical,Auto & Truck Dealerships,NYSE,62.76,8606411,69567184896,3.0715,68.74,71.53,-1.9476,-10.15,-22.94,-32.07,-23.39,0.0,8.75,4,97.38,54.46,-35.55,0.0,,8,,20261008
MPC,Marathon Petroleum Corporation,Energy,Oil & Gas Refining & Marketing,NYSE,442.26,2530293,124197568512,14.9148,372.79,264.54,4.6577,52.89,76.34,115.38,86.09,0.0,90.0,2,444.99,161.93,-0.61,0.0,,8,,20261008
APO,"Apollo Global Management, Inc.",Financial Services,Asset Management,NYSE,115.55,3364749,68237262848,3.6803,128.03,125.35,-3.3903,-6.82,-6.7,-24.26,-13.76,0.0,45.75,4,153.29,99.56,-24.62,0.0,,8,,20261008
COHR,Coherent Corp.,Technology,Scientific & Technical Instruments,NYSE,334.56,6373280,65517633536,20.3355,301.22,291.45,1.6396,-1.41,3.17,174.53,70.57,0.0,62.5,2,440.0,108.19,-23.96,0.0,,8,,20261008
TRP,TC Energy Corporation,Energy,Oil & Gas Midstream,NYSE,58.94,2710839,61401739264,1.2072,61.59,61.95,-2.1981,-16.0,-21.48,-5.54,-13.74,0.0,31.5,4,71.47,49.27,-17.53,0.0,,8,,20261008
LITE,Lumentum Holdings Inc.,Technology,Communication Equipment,NASDAQ,1111.07,4676141,99662970880,63.4207,903.21,757.24,3.2775,37.75,8.45,574.85,242.33,0.0,87.5,2,1137.2,147.81,-2.3,0.0,,8,,20261008
VLO,Valero Energy Corporation,Energy,Oil & Gas Refining & Marketing,NYSE,424.1,3041445,122110033920,15.1127,362.16,262.79,4.0983,47.72,62.95,148.04,93.18,0.0,92.5,2,428.99,155.29,-1.14,0.0,,8,,20261008
HLT,Hilton Worldwide Holdings Inc.,Consumer Cyclical,Lodging,NYSE,320.53,1880390,72140054528,6.2536,317.18,316.33,0.5356,-8.68,-14.41,6.46,-4.63,0.0,60.0,2,358.0,253.54,-10.47,0.0,,8,,20261008
VOLAF,AB Volvo (publ),Industrials,Farm & Heavy Construction Machinery,PNK,35.94,10,57953382400,0.0133,36.17,35.25,-17.3124,1.59,-16.0,4.9,-3.24,0.0,62.0,3,37.82,26.89,-4.97,0.0,,8,,20261008
ITW,Illinois Tool Works Inc.,Industrials,Specialty Industrial Machinery,NYSE,261.15,1308276,74375520256,5.3636,275.77,265.55,-2.7255,-4.64,-17.44,-13.45,-12.64,0.0,25.75,4,303.16,238.82,-13.86,0.0,,8,,20261008
CL,Colgate-Palmolive Company,Consumer Defensive,Household & Personal Products,NYSE,87.21,4753119,69521440768,1.4865,89.34,87.97,-1.4329,-7.28,-12.39,-1.56,-6.78,0.0,34.0,4,99.33,74.55,-12.2,0.0,,8,,20261008
NTES,"NetEase, Inc.",Communication Services,Electronic Gaming & Multimedia,NASDAQ,120.61,788417,77230252032,2.5748,122.24,121.59,-0.6338,-13.22,-8.74,-35.19,-20.44,0.0,34.0,4,156.44,106.06,-22.9,0.0,,8,,20261008
AEP,"American Electric Power Company, Inc.",Utilities,Utilities - Regulated Electric,NASDAQ,122.08,3828790,66460033024,2.0032,122.92,125.79,-0.4213,-11.75,-23.58,-8.15,-14.45,0.0,36.5,4,140.58,112.54,-13.16,0.0,,8,,20261008
ECL,Ecolab Inc.,Basic Materials,Specialty Chemicals,NYSE,278.1,1275420,77959389184,5.3416,278.67,272.76,-0.1063,-1.52,-13.33,-16.48,-11.64,0.0,73.25,3,309.27,243.15,-10.08,0.0,,8,,20261008
PSX,Phillips 66,Energy,Oil & Gas Refining & Marketing,NYSE,271.62,2874971,108901965824,8.379,244.14,184.55,3.2798,40.2,48.16,93.43,64.28,0.0,88.75,2,277.12,126.74,-1.98,0.0,,8,,20261008
GM,General Motors Company,Consumer Cyclical,Auto Manufacturers,NYSE,80.99,6690804,71064797184,2.4617,84.99,80.38,-1.6243,2.23,-9.57,23.41,6.57,0.0,73.25,3,91.85,54.33,-11.82,0.0,,8,,20261008
NSC,Norfolk Southern Corporation,Industrials,Railroads,NYSE,313.2,1125571,70347341824,5.1988,329.32,309.98,-3.1012,-6.53,-8.18,-10.61,-8.74,0.0,47.0,3,358.6,277.8,-12.66,0.0,,8,,20261008
VOLVF,AB Volvo (publ),Industrials,Farm & Heavy Construction Machinery,PNK,30.8,1293,63037014016,0.6477,35.43,34.87,-7.1523,-13.14,-17.96,-12.71,-14.66,0.0,6.25,4,39.61,26.03,-22.24,0.0,,8,,20261008
CNI,Canadian National Railway Company,Industrials,Railroads,NYSE,115.75,1405704,69924569088,2.1546,123.12,112.48,-3.4225,-10.06,-6.87,4.9,-2.96,0.0,35.0,3,131.55,90.74,-12.01,0.0,,8,,20261008
DASH,"DoorDash, Inc.",Consumer Cyclical,Internet Retail,NASDAQ,191.24,4074436,82863906816,7.3343,206.3,186.21,-2.0535,-4.23,3.46,-49.1,-19.48,0.0,58.75,3,285.5,143.3,-33.02,0.0,,8,,20261008
JPPTY,"JAPAN POST BANK Co., Ltd.",Financial Services,Banks - Regional,PNK,21.16,67357,75371618304,1.0045,20.69,18.44,0.4677,0.48,6.27,39.82,18.24,0.0,85.0,2,24.15,9.46,-12.38,0.0,,8,,20261008
MURGF,Münchener Rückversicherungs-Gesellschaft Aktiengesellschaft in München,Financial Services,Insurance - Reinsurance,PNK,581.73,919,73405194240,12.789,589.55,586.58,-0.6114,-2.48,-21.78,-25.59,-18.48,0.0,30.25,4,692.06,506.18,-15.94,0.0,,8,,20261008
AON,Aon plc,Financial Services,Insurance Brokers,NYSE,270.47,1546190,57373569024,7.2268,323.2,329.64,-7.2965,-27.41,-33.13,-42.65,-35.51,0.0,10.0,4,382.34,266.33,-29.26,0.0,,8,,20261008
CTAS,Cintas Corporation,Industrials,Specialty Business Services,NASDAQ,197.19,2135815,78780760064,3.7312,200.69,187.48,-0.9385,7.61,-2.01,-16.91,-5.56,0.0,75.75,3,219.17,161.16,-10.03,0.0,,8,,20261008
MURGY,Münchener Rückversicherungs-Gesellschaft Aktiengesellschaft in München,Financial Services,Insurance - Reinsurance,PNK,11.54,853371,72594948096,0.1865,11.79,11.71,-1.361,-2.86,-22.01,-26.38,-18.97,0.0,36.5,4,13.68,10.09,-15.64,0.0,,8,,20261008
ARZGY,Assicurazioni Generali S.p.A.,Financial Services,Insurance - Diversified,PNK,23.17,91590,69809930240,0.4024,25.27,22.19,-5.2168,-7.51,-1.0,9.5,1.57,0.0,61.25,3,26.49,18.61,-12.53,0.0,,8,,20261008
ET,Energy Transfer LP,Energy,Oil & Gas Midstream,NYSE,,8869347,70518775808,0.385,,,,,,,,0.0,18.67,3,21.84,16.18,,0.0,,8,,20261008
VALE,Vale S.A.,Basic Materials,Other Industrial Metals & Mining,NYSE,13.61,27696087,57920929792,0.4261,14.39,14.99,-1.8382,-5.21,-31.93,13.58,-7.05,0.0,20.75,4,17.94,10.71,-24.14,0.0,,8,,20261008
NETTF,"NetEase, Inc.",Communication Services,Electronic Gaming & Multimedia,PNK,21.54,93,68963590144,0.1019,23.06,23.58,-14.8766,-15.63,-6.57,-46.13,-24.66,0.0,12.0,4,30.81,19.4,-30.09,0.0,,8,,20261008
ARZGF,Assicurazioni Generali S.p.A.,Financial Services,Insurance - Diversified,PNK,49.15,4,52741595136,0.231,48.86,44.08,1.2696,-1.25,5.94,8.91,5.33,0.0,75.0,2,52.21,35.01,-5.85,0.0,,8,,20261008
RCL,Royal Caribbean Cruises Ltd.,Consumer Cyclical,Travel Services,NYSE,282.32,2433395,75507073024,10.1806,279.39,284.04,0.2881,-5.07,-13.33,-26.22,-16.42,0.0,48.25,3,356.39,222.22,-20.78,0.0,,8,,20261008
JAPAF,Japan Tobacco Inc.,Consumer Defensive,Tobacco,PNK,46.23,100,82074779648,0.6324,43.51,39.15,4.3016,25.81,1.22,30.85,19.22,0.0,77.5,2,47.01,30.48,-1.66,0.0,,8,,20261008
JAPAY,Japan Tobacco Inc.,Consumer Defensive,Tobacco,PNK,21.98,57701,78044717056,0.4421,21.85,19.55,0.2897,11.79,-1.43,16.4,9.01,0.0,80.0,2,22.62,15.64,-2.85,0.0,,8,,20261008
VLVLY,AB Volvo (publ),Industrials,Farm & Heavy Construction Machinery,PNK,31.28,107239,63606382592,0.5989,35.21,34.32,-6.5632,-13.11,-23.62,-5.94,-13.92,0.0,19.5,4,39.62,26.11,-21.04,0.0,,8,,20261008
B,Barrick Mining Corporation,Basic Materials,Gold,NYSE,39.18,9554296,64485752832,1.2997,42.49,42.37,-2.5493,3.14,-22.64,0.57,-6.91,0.0,48.25,3,54.69,30.35,-28.36,0.0,,8,,20261008
TDG,TransDigm Group Incorporated,Industrials,Aerospace & Defense,NYSE,1096.21,393288,60594675712,25.1697,1168.4,1244.93,-2.8681,-19.05,-25.69,-32.11,-26.6,0.0,13.75,4,1463.03,1071.25,-25.07,0.0,,8,,20261008
HKXCF,Hong Kong Exchanges and Clearing Limited,Financial Services,Financial Data & Stock Exchanges,PNK,46.93,2617,61392416768,2.8305,51.1,50.87,-1.4726,-5.08,-27.49,-34.95,-24.87,0.0,55.75,4,59.81,44.59,-21.53,0.0,,8,,20261008
DLR,"Digital Realty Trust, Inc.",Real Estate,REIT - Specialty,NYSE,180.47,2286904,68156968960,4.5044,186.44,179.4,-1.326,-2.32,-17.01,-12.07,-11.36,0.0,77.0,3,208.14,146.23,-13.29,0.0,,8,,20261008
MSI,"Motorola Solutions, Inc.",Technology,Communication Equipment,NYSE,448.33,921377,74195828736,8.3994,461.97,430.09,-1.6244,4.09,-14.86,-17.76,-11.28,0.0,70.75,3,494.85,359.36,-9.4,0.0,,8,,20261008
CRH,CRH plc,Basic Materials,Building Materials,NYSE,81.46,4711634,54194073600,2.4195,91.55,107.02,-4.1717,-25.28,-43.44,-47.25,-40.42,0.0,10.0,4,131.55,80.13,-38.08,0.0,,8,,20261008
REGN,"Regeneron Pharmaceuticals, Inc.",Healthcare,Biotechnology,NASDAQ,742.12,741465,76404957184,20.5449,788.39,734.4,-2.2521,7.58,-19.61,10.43,-0.79,0.0,60.0,3,859.34,541.0,-13.64,0.0,,8,,20261008
SOBKY,SoftBank Corp.,Communication Services,Telecom Services,PNK,15.21,209663,72755085312,0.6007,15.08,13.95,0.2143,12.1,-4.04,-11.73,-3.08,0.0,91.25,2,16.42,12.44,-7.37,0.0,,8,,20261008
SPG,"Simon Property Group, Inc.",Real Estate,REIT - Retail,NYSE,197.59,1326050,75009802240,3.0227,211.67,200.38,-4.6589,-12.75,-11.5,-1.58,-7.85,0.0,22.0,4,238.5,172.19,-17.15,0.0,,8,,20261008
HOOD,"Robinhood Markets, Inc.",Financial Services,Capital Markets,NASDAQ,109.51,20990560,98458501120,5.8105,106.44,94.24,0.528,-8.52,36.9,-41.06,-5.64,0.0,82.5,2,153.56,63.52,-28.69,0.0,,8,,20261008
RNMBY,Rheinmetall AG,Industrials,Aerospace & Defense,PNK,207.15,57514,48336445440,5.9906,248.71,309.42,-6.9376,-14.52,-58.6,-70.3,-52.26,0.0,11.25,4,450.0,206.5,-53.97,0.0,,8,,20261008
NKE,"NIKE, Inc.",Consumer Cyclical,Footwear & Accessories,NYSE,34.36,30713134,51035209728,1.1264,38.26,47.42,-3.4648,-22.48,-34.32,-67.1,-44.47,0.0,8.75,4,70.44,31.97,-51.22,0.0,,8,,20261008
HKXCY,Hong Kong Exchanges and Clearing Limited,Financial Services,Financial Data & Stock Exchanges,PNK,48.1,134873,60798337024,0.8377,50.84,50.71,-3.2732,-3.15,-22.43,-30.85,-20.98,0.0,48.25,4,58.61,45.74,-17.93,0.0,,8,,20261008
MKGAF,Merck KGaA,Healthcare,Drug Manufacturers - Specialty & Generic,PNK,158.12,750,68747075584,9.527,160.54,149.81,-0.2535,-5.57,7.83,-5.42,-0.82,0.0,49.5,3,175.56,116.68,-9.93,0.0,,8,,20261008
SFBQF,SoftBank Corp.,Communication Services,Telecom Services,PNK,1.45,160554,73568256000,0.079,1.45,1.35,0.0583,10.32,-8.19,-19.46,-8.07,0.0,81.25,2,1.66,1.17,-12.41,0.0,,8,,20261008
BKR,Baker Hughes Company,Energy,Oil & Gas Equipment & Services,NASDAQ,55.41,7838946,55004069888,1.6738,60.46,59.23,-3.0184,-6.42,-27.21,-2.31,-12.05,0.0,47.0,3,70.41,43.92,-21.3,0.0,,8,,20261008
RNMBF,Rheinmetall AG,Industrials,Aerospace & Defense,PNK,1037.5,612,48418115584,49.7926,1245.76,1549.95,-4.1825,-14.75,-58.15,-70.38,-52.19,0.0,15.0,4,2299.0,1017.57,-54.87,0.0,,8,,20261008
TRV,"The Travelers Companies, Inc.",Financial Services,Insurance - Property & Casualty,NYSE,360.61,1675780,75214233600,6.291,369.0,319.21,-1.3337,3.57,4.93,12.52,7.62,0.0,74.5,3,398.7,252.26,-9.55,0.0,,8,,20261008
BHKLY,BOC Hong Kong (Holdings) Limited,Financial Services,Banks - Regional,PNK,128.65,2207,68009406464,2.4032,129.89,113.32,-0.5149,8.72,3.82,28.27,14.82,0.0,70.75,3,140.0,92.52,-8.11,0.0,,8,,20261008
MKKGY,Merck KGaA,Healthcare,Drug Manufacturers - Specialty & Generic,PNK,31.35,77531,68151431168,0.6088,31.72,29.38,-0.6067,-6.05,5.88,-3.18,-0.73,0.0,47.0,3,34.19,23.73,-8.31,0.0,,8,,20261008
DHLGY,DHL AG,Industrials,Integrated Freight & Logistics,OID,31.06,169006,68953202688,0.6679,32.24,29.07,-1.7611,-7.4,-1.07,23.63,7.23,0.0,48.25,3,33.7,22.2,-7.83,0.0,,8,,20261008
DPSTF,DHL AG,Industrials,Integrated Freight & Logistics,OID,61.8,1196,68697899008,0.6542,64.67,59.03,-4.389,-7.27,-4.3,17.78,3.79,0.0,65.75,3,67.25,44.0,-8.1,0.0,,8,,20261008
MFC,Manulife Financial Corporation,Financial Services,Insurance - Life,NYSE,41.67,2063615,68934533120,0.7239,43.46,38.83,-2.4752,-2.38,0.6,15.63,5.87,0.0,73.25,3,45.33,31.41,-8.07,0.0,,8,,20261008
NRDBY,Nordea Bank Abp,Financial Services,Banks - Regional,OQX,18.94,179382,64277696512,0.3952,20.13,18.55,-3.0206,-3.38,-11.28,8.54,-1.38,0.0,61.25,3,21.39,16.06,-11.45,0.0,,8,,20261008
APD,"Air Products and Chemicals, Inc.",Basic Materials,Specialty Chemicals,NYSE,278.12,1086718,61933301760,5.5217,293.13,282.62,-2.719,-9.03,-20.59,-11.6,-14.1,0.0,22.0,4,314.87,229.11,-11.67,0.0,,8,,20261008
KDDIY,KDDI Corporation,Communication Services,Telecom Services,PNK,18.17,197323,67155640320,0.6693,18.64,17.34,-0.707,1.2,-9.61,-1.31,-3.59,0.0,78.25,3,20.54,14.0,-11.54,0.0,,8,,20261008
IMO,Imperial Oil Limited,Energy,Oil & Gas Integrated,NYSE,119.3,547382,0,3.0917,128.92,119.37,-3.1117,-3.76,-22.71,16.79,-2.17,0.0,45.75,3,139.44,83.27,-14.44,0.0,,8,,20261008
KDDIF,KDDI Corporation,Communication Services,Telecom Services,PNK,19.74,374,72958304256,0.1254,18.39,16.95,10.7856,7.52,1.74,12.37,7.44,0.0,75.0,2,20.7,14.18,-4.61,0.0,,8,,20261008
FIX,"Comfort Systems USA, Inc.",Industrials,Engineering & Construction,NYSE,1741.36,405977,61285994496,74.5934,1660.33,1567.36,1.0863,-5.85,-1.27,94.43,35.86,0.0,63.75,2,2073.99,770.47,-16.04,0.0,,8,,20261008
RSG,"Republic Services, Inc.",Industrials,Waste Management,NYSE,216.18,1451023,66197123072,3.612,216.02,213.85,0.0455,-4.48,-15.09,-18.95,-13.98,0.0,61.25,2,233.42,196.41,-7.39,0.0,,8,,20261008
MPNGY,Meituan,Consumer Cyclical,Internet Retail,PNK,17.76,158380,54805950464,0.4795,20.48,21.4,-5.6631,-15.51,-36.9,-52.25,-37.69,0.0,11.25,4,27.54,16.23,-35.51,0.0,,8,,20261008
NBNKF,Nordea Bank Abp,Financial Services,Banks - Regional,OQX,19.42,298,65906696192,0.0641,19.57,18.93,-2.4154,-3.03,-9.08,2.92,-2.77,0.0,62.0,3,20.76,16.2,-6.45,0.0,,8,,20261008
RBSPF,NatWest Group plc,Financial Services,Banks - Regional,PNK,8.63,33274,70594207744,0.3662,9.18,8.3,-1.5064,-4.93,-8.0,7.13,-1.18,0.0,62.5,3,9.8,6.76,-11.94,0.0,,8,,20261008
MQBKY,Macquarie Group Limited,Financial Services,Capital Markets,PNK,172.56,12282,65769242624,6.2918,177.45,161.56,-0.777,-5.38,-4.34,1.8,-2.14,0.0,52.0,3,190.3,122.37,-9.32,0.0,,8,,20261008
NWG,NatWest Group plc,Financial Services,Banks - Regional,NYSE,17.25,3471158,68336144384,0.414,18.49,16.66,-3.0018,-4.88,-8.65,6.81,-1.52,0.0,60.0,3,19.42,13.76,-11.17,0.0,,8,,20261008
MPNGF,Meituan,Consumer Cyclical,Internet Retail,PNK,9.0,6901,55546568704,0.2148,10.25,10.64,-5.807,-13.7,-35.2,-48.74,-35.24,0.0,1.25,4,14.2,8.2,-36.62,0.0,,8,,20261008
NU,Nu Holdings Ltd.,Financial Services,Banks - Regional,NYSE,15.58,85631673,75262132224,0.6246,14.31,14.69,2.0256,10.32,-8.18,-15.67,-6.55,0.0,65.0,3,18.98,11.2,-17.91,0.0,,8,,20261008
NNFSF,"Nongfu Spring Co., Ltd.",Consumer Defensive,Beverages - Non-Alcoholic,PNK,5.07,4830,56963350528,0.0212,5.29,5.24,-10.7203,-8.67,-21.72,-27.5,-20.77,0.0,24.0,4,7.21,5.01,-29.75,0.0,,8,,20261008
PSTVY,"Postal Savings Bank of China Co., Ltd.",Financial Services,Banks - Regional,PNK,14.65,2003,98658918400,0.6416,13.27,12.76,2.1449,19.98,-0.61,-13.63,-0.67,0.0,78.75,2,14.95,10.65,-2.01,0.0,,8,,20261008
BNKHF,BOC Hong Kong (Holdings) Limited,Financial Services,Banks - Regional,PNK,5.95,14,62908043264,0.0019,5.93,5.57,11.4636,-5.8,-3.22,21.87,6.17,0.0,50.0,2,6.15,4.5,-3.25,0.0,,8,,20261008
LSEGY,London Stock Exchange Group plc,Financial Services,Financial Data & Stock Exchanges,OQX,27.49,930725,52870152192,0.5577,28.55,29.16,-1.9012,-9.72,-21.03,-21.31,-18.31,0.0,31.5,4,34.23,24.07,-19.69,0.0,,8,,20261008
LDNXF,London Stock Exchange Group plc,Financial Services,Financial Data & Stock Exchanges,OQX,109.5,6011,52648980480,1.5118,114.16,116.25,-3.0822,-11.07,-20.63,-20.9,-18.35,0.0,29.0,4,138.99,95.04,-21.22,0.0,,8,,20261008
DB,Deutsche Bank Aktiengesellschaft,Financial Services,Banks - Regional,NYSE,33.55,1908832,63040450560,0.8504,38.04,34.57,-5.2795,-8.88,-7.43,-17.45,-11.8,0.0,44.5,3,41.62,28.12,-19.39,0.0,,8,,20261008
SRE,Sempra,Utilities,Utilities - Diversified,NYSE,79.69,3663106,52109320192,1.47,82.73,88.61,-2.0648,-18.72,-33.7,-28.19,-27.75,0.0,19.5,4,101.04,76.21,-21.13,0.0,,8,,20261008
CRARY,Crédit Agricole S.A.,Financial Services,Banks - Regional,PNK,9.23,156796,55995461632,0.2134,10.7,9.85,-6.8938,-10.23,-17.41,-13.28,-13.96,0.0,35.25,1,11.66,8.81,-20.84,0.0,,8,,20261008
WFAFY,Wesfarmers Limited,Consumer Cyclical,Home Improvement Retail,PNK,26.43,99895,60011044864,0.4665,28.16,27.75,-3.7,-18.34,-16.08,-27.15,-21.07,0.0,25.75,4,33.31,24.5,-20.65,0.0,,8,,20261008
TFC,Truist Financial Corporation,Financial Services,Banks - Regional,NYSE,45.58,7314660,55681724416,0.9441,49.89,49.01,-4.5656,-14.04,-21.18,-12.11,-15.77,0.0,20.75,4,56.2,40.78,-18.9,0.0,,8,,20261008
SNGNF,Singapore Telecommunications Limited,Communication Services,Telecom Services,PNK,3.48,12557,56709804032,0.0154,3.44,3.59,2.3584,-2.78,-24.22,-9.9,-13.13,0.0,62.0,3,4.25,3.06,-18.12,0.0,,8,,20261008
STM,STMicroelectronics N.V.,Technology,Semiconductors,NYSE,56.18,9564449,50320334848,1.9075,52.09,48.24,2.1425,-24.82,32.79,79.07,36.9,0.0,66.25,2,81.42,21.11,-31.0,0.0,,8,,20261008
AFL,Aflac Incorporated,Financial Services,Insurance - Life,NYSE,112.74,2066722,56521441280,1.7677,117.75,114.19,-2.8328,-10.77,-14.76,-15.18,-13.93,0.0,34.0,4,130.22,105.43,-13.42,0.0,,8,,20261008
SNOW,Snowflake Inc.,Technology,Software - Application,NYSE,332.85,4783253,117429485568,13.5463,327.62,229.73,0.3857,20.78,106.36,20.27,50.53,0.0,87.5,2,384.56,118.3,-13.45,0.0,,8,,20261008
D,"Dominion Energy, Inc.",Utilities,Utilities - Regulated Electric,NYSE,61.53,4166879,54117232640,1.0749,65.03,63.33,-3.2563,-14.16,-16.23,-12.65,-14.28,0.0,19.5,4,72.99,55.85,-15.7,0.0,,8,,20261008
F,Ford Motor Company,Consumer Cyclical,Auto Manufacturers,NYSE,12.12,47693273,48329658368,0.3495,13.61,13.26,-4.2642,-13.63,-13.7,-17.09,-15.04,0.0,17.0,4,17.78,11.11,-31.83,0.0,,8,,20261008
KEYS,"Keysight Technologies, Inc.",Technology,Scientific & Technical Instruments,NYSE,381.42,1232042,64934756352,10.4779,338.43,305.28,4.1031,14.74,4.26,103.07,46.41,0.0,92.5,2,389.93,158.79,-2.18,0.0,,8,,20261008
TRGP,Targa Resources Corp.,Energy,Oil & Gas Midstream,NYSE,283.96,1192257,60889833472,7.4611,282.14,248.35,0.2433,0.84,1.95,61.42,25.46,0.0,82.5,2,307.94,144.14,-7.79,0.0,,8,,20261008
MCQEF,Macquarie Group Limited,Financial Services,Capital Markets,PNK,165.45,50,63760891904,0.9359,180.36,160.08,-15.9307,-1.8,6.46,-5.48,-0.38,0.0,50.0,3,184.5,125.94,-10.33,0.0,,8,,20261008
NTIOF,National Bank of Canada,Financial Services,Banks - Diversified,PNK,139.33,67849,54937219072,2.3835,153.94,142.62,-6.1301,-15.39,-13.02,14.54,-2.59,0.0,23.25,4,171.47,106.84,-18.74,0.0,,8,,20261008
CRARF,Crédit Agricole S.A.,Financial Services,Banks - Regional,PNK,18.23,720,55297794048,0.2189,21.21,19.62,-13.621,-9.78,-16.09,-16.18,-14.55,0.0,24.0,1,23.21,18.1,-21.46,0.0,,8,,20261008
OKE,"ONEOK, Inc.",Energy,Oil & Gas Midstream,NYSE,88.05,3639118,55507533824,2.4442,92.02,85.65,-1.625,-4.1,-11.64,10.66,-0.83,0.0,70.75,3,99.85,64.02,-11.82,0.0,,8,,20261008
TEL,TE Connectivity plc,Technology,Electronic Components,NYSE,215.83,2186131,62485639168,5.6844,209.58,212.97,1.1002,5.28,-18.03,-19.12,-12.64,0.0,85.0,3,252.56,190.27,-14.54,0.0,,8,,20261008
SGAPY,Singapore Telecommunications Limited,Communication Services,Telecom Services,PNK,33.4,55753,54428377088,0.8485,34.39,35.33,-1.1612,-3.45,-27.76,-12.26,-15.48,0.0,62.75,4,41.2,31.74,-18.93,0.0,,8,,20261008
GWW,"W.W. Grainger, Inc.",Industrials,Industrial Distribution,NYSE,1263.51,262070,59512512512,24.7269,1295.03,1207.15,-1.2746,-10.9,-4.93,15.88,1.9,0.0,45.75,3,1419.91,906.52,-11.01,0.0,,8,,20261008
URI,"United Rentals, Inc.",Industrials,Rental & Leasing Services,NYSE,1037.44,471476,64572841984,34.3508,1061.12,949.23,-0.6894,-8.19,21.34,-11.04,1.01,0.0,49.5,3,1179.18,701.59,-12.02,0.0,,8,,20261008
RLXXF,RELX PLC,Industrials,Specialty Business Services,PNK,34.3,18535,59600977920,1.8161,34.72,34.15,-0.2297,4.87,-12.42,-41.6,-19.77,0.0,74.5,3,47.63,26.94,-27.99,0.0,,8,,20261008
OXY,Occidental Petroleum Corporation,Energy,Oil & Gas E&P,NYSE,58.21,8455453,58188890112,1.5667,58.4,53.88,-0.119,8.16,-17.27,13.8,1.52,0.0,73.25,3,67.45,38.8,-13.7,0.0,,8,,20261008
LHX,"L3Harris Technologies, Inc.",Industrials,Aerospace & Defense,NYSE,233.63,1569093,43505324032,5.1034,260.42,307.51,-5.2499,-22.67,-50.44,-38.59,-38.76,0.0,10.0,4,379.23,233.01,-38.39,0.0,,8,,20261008
RELX,RELX PLC,Industrials,Specialty Business Services,NYSE,34.52,2357526,59983261696,0.7017,34.84,34.21,-0.4582,4.84,-11.01,-40.54,-18.86,0.0,74.5,3,47.22,27.57,-26.9,0.0,,8,,20261008
SMTOY,"Sumitomo Electric Industries, Ltd.",Consumer Cyclical,Auto Parts,PNK,7.75,699571,48355008512,0.3491,6.98,7.47,2.2201,-2.74,-22.84,94.7,29.2,0.0,63.75,3,11.14,3.57,-30.44,0.0,,8,,20261008
STMEF,STMicroelectronics N.V.,Technology,Semiconductors,PNK,56.92,33514,50987630592,0.5975,52.57,48.11,7.2907,-19.59,45.46,87.99,46.21,0.0,53.75,2,80.86,23.12,-29.6,0.0,,8,,20261008
O,Realty Income Corporation,Real Estate,REIT - Retail,NYSE,53.35,6478574,50480730112,0.8374,59.5,60.42,-7.3495,-18.04,-28.3,-23.0,-23.62,0.0,3.75,4,67.94,53.32,-21.47,0.0,,8,,20261008
CHBJF,China CITIC Bank Corporation Limited,Financial Services,Banks - Regional,PNK,0.94,17,52306452480,0.0043,0.94,0.83,0.2209,5.59,8.84,77.21,35.37,0.0,75.0,2,1.15,0.84,-18.26,0.0,,8,,20261008
CRWV,"CoreWeave, Inc.",Technology,Software - Infrastructure,NASDAQ,88.45,27941292,48783409152,5.0521,87.85,92.61,0.119,-5.04,-16.06,-50.89,-27.24,0.0,70.75,3,153.2,60.55,-42.27,0.0,,8,,20261008
PCAR,PACCAR Inc,Industrials,Farm & Heavy Construction Machinery,NASDAQ,106.86,3337576,56247361536,2.5727,123.04,120.21,-6.2885,-16.74,-29.01,-5.83,-16.67,0.0,8.75,4,139.24,92.25,-23.25,0.0,,8,,20261008
WPM,Wheaton Precious Metals Corp.,Basic Materials,Gold,NYSE,133.69,1986204,60716646400,5.1452,141.28,133.0,-1.4759,17.33,-19.89,5.31,-0.5,0.0,60.0,3,165.76,92.57,-19.35,0.0,,8,,20261008
MPLX,MPLX LP,Energy,Oil & Gas Midstream,NYSE,57.05,1409222,57840611328,1.1108,58.53,55.39,-1.3346,-2.08,-9.6,8.45,-0.5,0.0,72.0,3,60.95,47.8,-6.4,0.0,,8,,20261008
SCBFY,Standard Chartered PLC,Financial Services,Banks - Diversified,PNK,57.31,153584,62249598976,1.4294,60.26,52.18,-2.0617,-2.26,7.63,32.76,15.21,0.0,69.5,3,63.15,37.32,-9.25,0.0,,8,,20261008
TGT,Target Corporation,Consumer Defensive,Discount Stores,NYSE,150.92,3979777,68562460672,3.7456,156.19,128.17,-1.4078,11.33,9.13,59.55,29.85,0.0,72.0,3,170.75,83.44,-11.61,0.0,,8,,20261008
CVE,Cenovus Energy Inc.,Energy,Oil & Gas Integrated,NYSE,30.63,7061938,56489222144,1.0251,31.34,25.95,-0.6913,14.81,3.57,61.29,29.47,0.0,72.0,3,34.16,15.63,-10.33,0.0,,8,,20261008
FANG,"Diamondback Energy, Inc.",Energy,Oil & Gas E&P,NASDAQ,184.38,2338600,51630047232,5.0856,196.66,183.64,-2.4142,-1.78,-15.58,9.67,-2.03,0.0,62.5,3,216.9,137.03,-14.99,0.0,,8,,20261008
CBRS,Cerebras Systems Inc.,Technology,Semiconductors,NASDAQ,175.05,6916600,41585586176,13.3474,200.12,175.05,-1.8782,-15.48,-48.14,-48.14,-39.97,0.0,37.5,3,386.34,160.81,-54.69,0.0,,8,,20261008
DSDVF,DSV A/S,Industrials,Integrated Freight & Logistics,PNK,178.49,837,42618818560,8.411,201.96,238.16,-2.7906,-31.22,-44.76,-28.94,-35.05,0.0,12.5,4,307.1,170.0,-41.88,0.0,,8,,20261008
ORANY,Orange S.A.,Communication Services,Telecom Services,PNK,15.94,217261,42364919808,0.2873,17.78,18.82,-6.3996,-15.54,-37.83,-10.89,-21.48,0.0,13.75,4,21.85,15.38,-27.05,0.0,,8,,20261008
SMTOF,"Sumitomo Electric Industries, Ltd.",Consumer Cyclical,Auto Parts,PNK,15.55,180936,48510992384,1.4377,-2.22,-1.99,12.3564,-374.63,-411.8,614.0,7.81,0.0,69.5,3,21.48,7.58,-27.61,0.0,,8,,20261008
LTOUF,Larsen & Toubro Limited,Industrials,Engineering & Construction,PNK,39.5,14,54346711040,0.0633,40.75,41.91,-19.7012,-9.49,-22.2,-22.47,-19.13,0.0,24.0,4,48.0,29.23,-17.71,0.0,,8,,20261008
AZO,"AutoZone, Inc.",Consumer Cyclical,Auto Parts,NYSE,2846.27,272065,46032723968,82.885,2951.68,3288.26,-1.2717,-9.1,-33.41,-48.79,-33.48,0.0,19.5,4,4146.42,2730.65,-31.36,0.0,,8,,20261008
TER,"Teradyne, Inc.",Technology,Semiconductor Equipment & Materials,NASDAQ,411.78,2870539,64377995264,20.4342,380.48,338.46,1.5318,9.91,-0.54,162.04,67.11,0.0,87.5,2,487.91,131.75,-15.6,0.0,,8,,20261008
MBGYY,Mercedes-Benz Group AG,Consumer Cyclical,Auto Manufacturers,PNK,11.09,527314,42107944960,0.2539,12.91,14.28,-7.1514,-14.93,-41.09,-44.03,-35.72,0.0,7.5,4,18.16,11.0,-38.93,0.0,,8,,20261008
STRK,Strategy Inc,Technology,Software - Application,NASDAQ,75.29,93053,0,1.9887,70.28,69.9,2.5178,24.41,-4.78,-32.5,-8.57,0.0,85.0,2,95.15,49.8,-20.87,0.0,,8,,20261008
STRC,Strategy Inc,Technology,Software - Application,NASDAQ,99.43,1405118,0,0.6128,95.5,91.93,6.4185,16.1,-9.24,-3.7,-0.69,0.0,91.25,2,100.42,71.25,-0.98,0.0,,8,,20261008
STRD,Strategy Inc,Technology,Software - Application,NASDAQ,72.33,105715,850940772,1.3144,69.11,67.56,2.4524,18.97,-11.43,-18.82,-6.78,0.0,87.5,2,83.39,49.0,-13.26,0.0,,8,,20261008
MSTR,Strategy Inc,Technology,Software - Application,NASDAQ,153.37,21595938,61156409344,9.0791,127.52,135.97,2.8468,59.7,3.99,-74.33,-13.41,0.0,85.0,3,328.99,81.81,-53.38,0.0,,8,,20261008
STRF,Strategy Inc,Technology,Software - Application,NASDAQ,103.05,68350,0,1.0009,99.22,94.9,3.8248,6.44,-3.2,-19.34,-7.24,0.0,87.5,2,116.1,82.5,-11.24,0.0,,8,,20261008
ENAKF,E.ON SE,Utilities,Utilities - Diversified,PNK,18.81,300,48128978944,0.6174,20.64,21.21,-2.9667,-16.57,-35.48,-21.3,-25.08,0.0,2.5,4,24.26,17.16,-22.46,0.0,,8,,20261008
WMMVY,"Wal-Mart de México, S.A.B. de C.V.",Consumer Defensive,Discount Stores,OQX,25.94,192901,44669280256,0.7746,27.35,30.43,-1.8175,-11.3,-39.3,-29.72,-28.47,0.0,13.75,4,35.47,24.8,-26.87,0.0,,8,,20261008
MBGAF,Mercedes-Benz Group AG,Consumer Cyclical,Auto Manufacturers,PNK,44.68,24960,42411700224,1.2817,51.8,57.28,-5.5568,-14.77,-40.13,-43.42,-35.11,0.0,12.5,4,72.81,44.0,-38.63,0.0,,8,,20261008
WMMVF,"Wal-Mart de México, S.A.B. de C.V.",Consumer Defensive,Discount Stores,OID,2.58,77965,43050577920,0.0979,2.73,3.03,-1.522,-11.51,-38.08,-30.13,-28.26,0.0,7.5,4,3.52,2.44,-26.7,0.0,,8,,20261008
ALL,The Allstate Corporation,Financial Services,Insurance - Property & Casualty,NYSE,223.95,1891181,56627535872,5.0099,250.74,223.35,-5.3478,-13.21,-8.95,-7.66,-9.5,0.0,30.0,3,277.22,188.08,-19.22,0.0,,8,,20261008
MARUF,Marubeni Corporation,Industrials,Conglomerates,PNK,30.84,12196,50015162368,2.0254,31.2,32.66,-0.1754,-1.7,-34.6,2.08,-11.7,0.0,61.5,3,41.61,22.76,-25.88,0.0,,8,,20261008
SCBFF,Standard Chartered PLC,Financial Services,Banks - Diversified,PNK,28.38,7544,63585611776,1.0026,29.67,25.96,-1.2907,-0.94,7.14,28.79,13.78,0.0,69.5,3,31.98,18.03,-11.26,0.0,,8,,20261008
NGLOY,Anglo American plc,Basic Materials,Other Industrial Metals & Mining,OQX,26.74,376942,57303175168,0.7929,27.14,24.6,-0.5034,5.55,-1.24,24.73,10.85,0.0,73.25,3,29.61,17.49,-9.69,0.0,,8,,20261008
EONGY,E.ON SE,Utilities,Utilities - Diversified,PNK,18.9,203793,49409978368,0.3386,20.38,20.85,-4.3847,-17.31,-32.55,-14.44,-21.5,0.0,23.25,4,23.58,17.38,-19.85,0.0,,8,,20261008
MARUY,Marubeni Corporation,Industrials,Conglomerates,PNK,30.03,212365,48701534208,1.4976,31.42,239.19,-0.9255,-5.48,-107.86,-105.43,-81.29,0.0,23.25,4,426.06,29.16,-92.95,0.0,,8,,20261008
DSDVY,DSV A/S,Industrials,Integrated Freight & Logistics,PNK,85.51,104720,40834949120,2.5399,100.7,120.02,-5.9815,-36.11,-48.33,-34.0,-39.54,0.0,8.75,4,151.98,85.0,-43.74,0.0,,8,,20261008
THLEF,Thales S.A.,Industrials,Aerospace & Defense,PNK,242.6,179,49892552704,11.3271,279.92,280.01,-3.295,-14.46,-37.44,-36.51,-31.32,0.0,13.75,4,330.58,242.6,-26.61,0.0,,8,,20261008
FNCTF,Orange S.A.,Communication Services,Telecom Services,PNK,15.79,8471,42737012736,0.7464,17.73,18.67,-2.6035,-22.76,-35.49,-14.4,-23.87,0.0,10.0,4,21.5,15.07,-26.56,0.0,,8,,20261008
HOCPY,HOYA Corporation,Healthcare,Medical Instruments & Supplies,PNK,158.17,38015,52759474176,3.4998,154.63,165.59,1.0104,-1.24,-28.98,-12.79,-15.57,0.0,49.5,3,190.18,138.88,-16.83,0.0,,8,,20261008
THLLY,Thales S.A.,Industrials,Aerospace & Defense,PNK,48.49,91493,49861705728,1.0508,56.06,55.97,-7.1999,-10.38,-38.02,-37.83,-31.03,0.0,10.0,4,64.14,48.03,-24.4,0.0,,8,,20261008
KBCSF,KBC Group NV,Financial Services,Banks - Regional,PNK,136.41,81,54422781952,1.4253,146.62,135.99,-7.1613,-2.39,-11.97,-0.38,-4.94,0.0,51.25,3,154.02,116.46,-11.43,0.0,,8,,20261008
KBCSY,KBC Group NV,Financial Services,Banks - Regional,PNK,68.9,20346,55074607104,1.3915,74.63,67.39,-4.1167,-2.33,-8.4,3.6,-2.08,0.0,62.5,3,78.02,57.34,-11.69,0.0,,8,,20261008
FKURF,Fujikura Ltd.,Industrials,Conglomerates,PNK,36.31,17821,60118491136,1.9238,16.73,11.13,10.1778,160.8,201.57,2112.87,955.9,0.0,80.0,2,51.47,16.55,-29.45,0.0,,8,,20261008
DVN,Devon Energy Corporation,Energy,Oil & Gas E&P,NYSE,47.88,10944265,52668002304,1.4417,46.99,44.27,0.6191,11.03,-14.25,23.68,7.24,0.0,91.25,2,52.71,31.47,-9.16,0.0,,8,,20261008
HOCPF,HOYA Corporation,Healthcare,Medical Instruments & Supplies,PNK,155.97,112,52025638912,1.5955,153.6,165.17,1.4849,-2.75,-21.03,-2.68,-9.12,0.0,37.0,3,191.23,136.46,-18.44,0.0,,8,,20261008
CMCLF,CMOC Group Limited,Basic Materials,Other Industrial Metals & Mining,PNK,1.92,19117,45991493632,0.2229,2.11,2.38,-0.8545,-4.05,-34.02,-27.1,-23.76,0.0,8.75,4,3.55,1.65,-45.92,0.0,,8,,20261008
BFFAF,BASF SE,Basic Materials,Chemicals,OQX,55.6,400,46661967872,0.765,58.61,56.17,-3.9319,-0.03,-19.62,-2.86,-8.02,0.0,37.0,3,64.86,47.11,-14.28,0.0,,8,,20261008
CMPGF,Compass Group PLC,Consumer Cyclical,Restaurants,OQX,30.38,4654,51655741440,0.5856,31.08,30.58,-1.2032,-11.13,-10.11,-27.22,-17.21,0.0,27.75,4,35.6,26.84,-14.66,0.0,,8,,20261008
MET,"MetLife, Inc.",Financial Services,Insurance - Life,NYSE,95.78,3381785,60865978368,1.9124,96.43,83.22,-0.341,2.08,15.08,2.66,6.86,0.0,73.25,3,100.93,67.33,-5.1,0.0,,8,,20261008
NBIS,Nebius Group N.V.,Communication Services,Internet Content & Information,NASDAQ,237.15,20100888,64470466560,16.356,222.34,170.17,0.9057,6.04,74.17,72.84,56.6,0.0,85.0,2,299.86,73.52,-20.91,0.0,,8,,20261008
AAUKF,Anglo American plc,Basic Materials,Other Industrial Metals & Mining,OQX,53.81,1149,57656766464,0.7572,54.16,49.2,-0.4678,9.19,-1.4,26.1,12.25,0.0,64.5,3,57.5,35.46,-6.42,0.0,,8,,20261008
DBOEF,Deutsche Börse AG,Financial Services,Financial Data & Stock Exchanges,PNK,322.89,1911,60756942848,15.2116,319.3,285.65,0.2359,10.2,-5.17,6.33,3.27,0.0,82.5,2,344.27,231.6,-6.21,0.0,,8,,20261008
SSUMF,Sumitomo Corporation,Industrials,Conglomerates,PNK,10.79,4107,49160028160,0.3336,10.95,28.94,-0.4686,6.56,-86.37,-79.97,-60.58,0.0,38.25,4,50.33,9.18,-78.56,0.0,,8,,20261008
PSA,Public Storage,Real Estate,REIT - Industrial,NYSE,281.99,978284,52690472960,5.5161,304.86,294.72,-4.1455,-14.44,-16.41,-15.99,-15.75,0.0,20.75,4,335.55,256.54,-15.96,0.0,,8,,20261008
BASFY,BASF SE,Basic Materials,Chemicals,OQX,14.37,142325,49485791232,0.2704,14.86,14.16,-1.8118,2.87,-17.49,-0.35,-5.54,0.0,74.5,3,16.25,11.93,-11.57,0.0,,8,,20261008
FJIKY,Fujikura Ltd.,Industrials,Conglomerates,PNK,17.75,393713,58777370624,0.8928,16.32,14.91,1.5963,8.2,-2.78,90.98,37.47,0.0,87.5,2,25.65,8.56,-30.8,0.0,,8,,20261008
SSUMY,Sumitomo Corporation,Industrials,Conglomerates,PNK,10.83,247138,51192606720,0.4286,11.2,10.23,-0.8697,7.91,-6.82,28.54,11.01,0.0,74.5,3,12.45,7.14,-13.01,0.0,,8,,20261008
COR,"Cencora, Inc.",Healthcare,Medical Distribution,NYSE,317.25,1336812,60539920384,7.8881,317.71,316.81,-0.0577,1.44,-17.5,-12.27,-10.67,0.0,72.0,3,377.54,244.82,-15.97,0.0,,8,,20261008
DBOEY,Deutsche Börse AG,Financial Services,Financial Data & Stock Exchanges,PNK,32.75,267550,59044208640,0.4988,32.15,28.69,1.1956,10.38,-2.84,9.46,5.39,0.0,86.25,2,33.91,23.25,-3.42,0.0,,8,,20261008
SE,Sea Limited,Consumer Cyclical,Internet Retail,NYSE,94.66,4336676,57977790464,3.2392,109.79,102.51,-4.6707,-16.89,-4.59,-67.02,-32.64,0.0,18.25,4,193.48,77.05,-51.08,0.0,,8,,20261008
UCBJY,UCB SA,Healthcare,Biotechnology,PNK,113.77,44742,43383361536,2.4575,123.82,140.68,-4.0908,-23.95,-42.17,-39.77,-36.66,0.0,11.25,4,168.76,112.27,-32.58,0.0,,8,,20261008
ANFGF,Antofagasta plc,Basic Materials,Copper,PNK,49.6,5388,49460428800,2.8954,51.79,50.93,-0.7561,-6.3,-17.14,17.15,-0.71,0.0,46.0,1,61.72,32.91,-19.64,0.0,,8,,20261008
CTVA,"Corteva, Inc.",Basic Materials,Agricultural Inputs,NYSE,14.45,10842922,9640982528,0.6761,12.25,11.84,3.249,11.44,-0.34,34.21,16.43,0.0,61.25,2,90.97,11.48,-84.12,0.0,,8,,20261008
CMPGY,Compass Group PLC,Consumer Cyclical,Restaurants,OQX,30.47,285277,51808768000,0.5932,31.0,30.51,-0.8961,-8.01,-9.99,-26.44,-16.08,0.0,30.25,4,35.94,26.95,-15.22,0.0,,8,,20261008
NTDOF,"Nintendo Co., Ltd.",Communication Services,Electronic Gaming & Multimedia,PNK,49.19,6411,56490786816,3.2819,52.11,52.58,-0.8884,9.32,-28.4,-57.6,-30.65,0.0,48.25,4,93.61,38.34,-47.45,0.0,,8,,20261008
NUE,Nucor Corporation,Basic Materials,Steel,NYSE,246.44,1353517,55911243776,7.6725,255.03,214.97,-1.1191,7.48,20.39,66.91,35.77,0.0,74.5,3,280.11,131.32,-12.02,0.0,,8,,20261008
VLKPF,Volkswagen AG,Consumer Cyclical,Auto Manufacturers,PNK,78.72,325,40299126784,4.2069,85.96,100.74,-1.7203,1.87,-32.81,-46.81,-29.74,0.0,32.5,4,129.94,74.0,-39.42,0.0,,8,,20261008
VWAPY,Volkswagen AG,Consumer Cyclical,Auto Manufacturers,PNK,7.76,188428,38900514816,0.2012,8.6,9.58,-4.1545,-8.32,-36.94,-40.46,-31.19,0.0,31.25,4,12.72,7.53,-38.99,0.0,,8,,20261008
VWAGY,Volkswagen AG,Consumer Cyclical,Auto Manufacturers,PNK,7.78,321360,39000772608,0.2129,8.68,9.74,-4.2451,-9.92,-38.8,-41.76,-32.76,0.0,7.5,4,12.83,7.56,-39.36,0.0,,8,,20261008
VST,Vistra Corp.,Utilities,Utilities - Independent Power Producers,NYSE,166.72,4955134,55957102592,6.5648,143.2,154.33,3.5828,2.05,-8.28,-33.3,-15.71,0.0,57.5,3,217.1,132.66,-23.21,0.0,,8,,20261008
ALAB,"Astera Labs, Inc.",Technology,Semiconductors,NASDAQ,382.25,4152984,66314682368,23.4449,314.66,244.6,2.8829,-12.08,189.12,56.14,85.63,0.0,63.75,2,499.48,97.89,-23.47,0.0,,8,,20261008
AJG,Arthur J. Gallagher & Co.,Financial Services,Insurance Brokers,NYSE,227.1,1395276,58215038976,6.3854,247.69,231.44,-3.2247,-13.92,-12.08,-42.65,-24.77,0.0,22.0,4,307.11,190.75,-26.05,0.0,,8,,20261008
NTDOY,"Nintendo Co., Ltd.",Communication Services,Electronic Gaming & Multimedia,PNK,12.24,2852373,56444669952,0.2942,13.11,13.27,-2.9542,8.23,-25.88,-59.75,-30.9,0.0,49.5,4,22.89,10.18,-46.53,0.0,,8,,20261008
CARR,Carrier Global Corporation,Industrials,Building Products & Equipment,NYSE,55.0,6482571,45337878528,1.5123,58.8,61.39,-2.5133,-22.25,-20.52,-23.6,-22.19,0.0,12.5,4,76.76,50.24,-28.35,0.0,,8,,20261008
ANCTF,Alimentation Couche-Tard Inc.,Consumer Cyclical,Specialty Retail,PNK,54.49,176233,50019786752,0.9433,60.15,58.59,-5.9951,-18.29,-21.04,-12.38,-16.89,0.0,19.5,4,67.06,48.03,-18.74,0.0,,8,,20261008
GWLIF,Great-West Lifeco Inc.,Financial Services,Insurance - Life,PNK,62.33,91082,56317030400,0.9016,65.04,55.23,-3.0012,-6.7,15.81,38.44,19.23,0.0,69.5,3,67.52,39.18,-7.69,0.0,,8,,20261008
LBLCF,Loblaw Companies Limited,Consumer Defensive,Grocery Stores,PNK,43.4,203445,49783304192,0.6159,44.57,45.35,-1.9078,-6.69,-21.77,-4.0,-10.89,0.0,36.5,4,50.29,39.01,-13.7,0.0,,8,,20261008
TKPHF,Takeda Pharmaceutical Company Limited,Healthcare,Drug Manufacturers - Specialty & Generic,PNK,33.85,7339,54068133888,0.5349,35.31,33.05,-2.7357,-4.36,-15.75,4.01,-5.0,0.0,62.0,3,39.2,26.33,-13.65,0.0,,8,,20261008
PCRFF,Panasonic Holdings Corporation,Technology,Consumer Electronics,PNK,29.1,9268,67852922880,1.2526,27.56,21.12,1.2305,2.55,41.01,132.42,67.96,0.0,86.25,2,30.66,10.46,-5.09,0.0,,8,,20261008
CTPCF,CITIC Limited,Industrials,Conglomerates,PNK,1.45,15,42180882432,0.0042,1.35,1.47,23.0871,6.28,-11.77,-10.97,-6.94,0.0,62.0,3,1.8,1.35,-19.44,0.0,,8,,20261008
PCRHY,Panasonic Holdings Corporation,Technology,Consumer Electronics,PNK,29.28,383742,68366606336,0.856,27.78,21.32,1.7566,1.86,40.19,135.22,68.62,0.0,88.75,2,30.5,10.76,-4.0,0.0,,8,,20261008
VLKAF,Volkswagen AG,Consumer Cyclical,Auto Manufacturers,PNK,78.41,628,39369654272,3.9157,87.21,101.58,-2.2466,-11.4,-40.1,-45.41,-35.05,0.0,35.0,4,128.99,74.88,-39.21,0.0,,8,,20261008
NDAQ,"Nasdaq, Inc.",Financial Services,Financial Data & Stock Exchanges,NASDAQ,91.93,3303979,51386785792,2.1283,94.61,90.08,-1.2587,1.74,-10.47,-11.33,-7.76,0.0,70.75,3,101.79,76.55,-9.69,0.0,,8,,20261008
AME,"AMETEK, Inc.",Industrials,Specialty Industrial Machinery,NYSE,248.62,1310087,56998928384,5.0981,244.16,230.41,0.8755,3.21,-7.37,19.72,6.11,0.0,90.0,2,261.16,179.24,-4.8,0.0,,8,,20261008
ETR,Entergy Corporation,Utilities,Utilities - Regulated Electric,NYSE,102.8,2672901,49115525120,1.954,104.74,105.54,-0.9909,-12.88,-24.83,-8.89,-15.47,0.0,31.5,4,118.45,90.87,-13.21,0.0,,8,,20261008
BAMXF,Bayerische Motoren Werke Aktiengesellschaft,Consumer Cyclical,Auto Manufacturers,PNK,59.75,1834,35764883456,3.2384,67.17,84.4,-2.2912,-13.46,-52.13,-58.69,-45.09,0.0,15.75,4,113.1,52.1,-47.17,0.0,,8,,20261008
EBAY,eBay Inc.,Consumer Cyclical,Internet Retail,NASDAQ,107.6,4446225,47881998336,3.0494,106.81,100.94,0.2583,-11.66,-3.74,1.77,-3.52,0.0,61.25,2,119.31,78.03,-9.81,0.0,,8,,20261008
UCBJF,UCB SA,Healthcare,Biotechnology,PNK,236.94,534,45175590912,8.2196,253.61,287.41,-2.0278,-23.83,-42.96,-39.29,-36.71,0.0,6.25,4,345.39,228.94,-31.4,0.0,,8,,20261008
BMWKY,Bayerische Motoren Werke Aktiengesellschaft,Consumer Cyclical,Auto Manufacturers,PNK,20.0,256942,35950481408,0.5989,22.72,27.52,-4.5474,-13.4,-49.34,-56.3,-43.14,0.0,7.5,4,37.77,19.8,-47.05,0.0,,8,,20261008
SUHJY,Sun Hung Kai Properties Limited,Real Estate,Real Estate - Development,OID,13.62,129663,39467765760,0.3969,14.76,15.73,-2.8803,-11.19,-38.82,-3.05,-17.61,0.0,17.5,4,18.89,11.47,-27.9,0.0,,8,,20261008
SCGLY,Société Générale Société anonyme,Financial Services,Banks - Regional,OID,14.39,431414,52140388352,0.4861,17.32,16.59,-6.0245,-18.05,-26.89,-1.26,-14.43,0.0,8.75,4,19.52,12.17,-26.28,0.0,,8,,20261008
SDVKY,Sandvik AB (publ),Industrials,Specialty Industrial Machinery,PNK,35.75,152430,44844298240,0.9368,38.55,38.9,-2.9909,-14.68,-29.67,9.3,-10.33,0.0,20.75,4,44.53,27.76,-19.72,0.0,,8,,20261008
TAK,Takeda Pharmaceutical Company Limited,Healthcare,Drug Manufacturers - Specialty & Generic,NYSE,18.37,3026966,58684297216,0.295,18.07,17.22,1.0245,6.95,-17.11,9.28,-0.54,0.0,88.75,2,19.1,12.99,-3.82,0.0,,8,,20261008
ASMIY,ASM International NV,Technology,Semiconductor Equipment & Materials,OQX,1010.26,14966,49317896192,33.7353,964.53,916.95,1.3557,-6.89,2.88,37.98,14.48,0.0,61.25,2,1248.72,532.31,-19.1,0.0,,8,,20261008
ADSK,"Autodesk, Inc.",Technology,Software - Application,NASDAQ,235.05,2140929,49125449728,8.4618,233.71,237.97,0.1586,9.04,-17.88,-44.3,-21.72,0.0,74.5,3,320.0,185.5,-26.55,0.0,,8,,20261008
MCHP,Microchip Technology Incorporated,Technology,Semiconductors,NASDAQ,78.02,9297784,42365538304,2.8445,75.79,78.43,0.7827,-14.72,-4.03,3.26,-3.79,0.0,53.25,3,105.91,48.52,-26.33,0.0,,8,,20261008
MCHPP,Microchip Technology Incorporated,Technology,Semiconductors,NASDAQ,66.89,223271,0,1.9501,64.94,66.92,0.9993,-12.5,-4.78,-1.26,-5.3,0.0,50.75,3,88.0,47.08,-23.99,0.0,,8,,20261008
XEL,Xcel Energy Inc.,Utilities,Utilities - Regulated Electric,NASDAQ,72.42,5319190,45236015104,1.2759,74.88,76.95,-1.9258,-11.26,-25.26,-24.79,-21.57,0.0,35.25,4,84.23,68.72,-14.02,0.0,,8,,20261008
HCMLY,Holcim AG,Basic Materials,Building Materials,PNK,15.27,150420,42231103488,0.3478,17.14,17.96,-5.3761,-18.82,-27.56,-21.04,-22.77,0.0,6.25,4,21.23,15.24,-28.07,0.0,,8,,20261008
LNG,"Cheniere Energy, Inc.",Energy,Oil & Gas Midstream,NYSE,272.2,1871480,56218599424,7.2585,272.89,247.39,-0.0952,0.75,-16.2,0.87,-5.14,0.0,75.75,3,300.89,186.2,-9.54,0.0,,8,,20261008
FAST,Fastenal Company,Industrials,Industrial Distribution,NASDAQ,49.83,7511574,57179807744,0.9691,50.06,46.04,-0.233,4.45,-11.01,-10.42,-6.91,0.0,74.5,3,52.92,38.97,-5.84,0.0,,8,,20261008
ABEV,Ambev S.A.,Consumer Defensive,Beverages - Brewers,NYSE,3.15,27517520,48561934336,0.0879,2.95,2.95,2.2676,0.45,-12.51,28.61,7.18,0.0,56.25,3,3.45,2.1,-8.7,0.0,,8,,20261008
ARGX,argenx SE,Healthcare,Biotechnology,NASDAQ,928.44,283803,57737613312,24.5097,958.57,852.28,-1.2293,-1.57,2.71,0.86,0.9,0.0,69.5,3,1072.75,661.85,-13.45,0.0,,8,,20261008
ROK,"Rockwell Automation, Inc.",Industrials,Specialty Industrial Machinery,NYSE,441.9,745579,49171959808,10.5308,436.41,422.66,0.5217,-8.83,-1.54,11.5,1.85,0.0,65.0,2,497.36,332.71,-11.15,0.0,,8,,20261008
PRYMF,Prysmian S.p.A.,Industrials,Electrical Equipment & Parts,PNK,138.35,2251,44795342848,4.9646,144.32,139.6,-1.2018,-14.68,-12.5,14.45,-2.26,0.0,31.5,4,193.62,94.23,-28.55,0.0,,8,,20261008
FSUMF,Fortescue Ltd,Basic Materials,Other Industrial Metals & Mining,OQX,11.35,4170,34946252800,0.4849,12.48,13.63,-2.3369,-11.28,-37.82,-21.83,-24.79,0.0,12.5,4,16.6,10.9,-31.63,0.0,,8,,20261008
SCGLF,Société Générale Société anonyme,Financial Services,Banks - Regional,OID,73.6,1590,55039082496,1.2019,86.57,82.74,-10.7932,-18.8,-24.84,-0.44,-13.57,0.0,0.0,4,95.55,61.0,-22.97,0.0,,8,,20261008
DAL,"Delta Air Lines, Inc.",Industrials,Airlines,NYSE,82.97,6271968,54562983936,2.3708,83.86,75.74,-0.3739,-10.43,6.94,27.0,10.62,0.0,49.5,3,95.68,55.03,-13.28,0.0,,8,,20261008
PRYMY,Prysmian S.p.A.,Industrials,Electrical Equipment & Parts,PNK,69.78,96801,41766690816,2.3154,71.27,68.95,-0.6414,-13.76,-10.69,18.56,0.24,0.0,48.25,3,92.89,45.72,-24.88,0.0,,8,,20261008
HPE,Hewlett Packard Enterprise Company,Technology,Communication Equipment,NYSE,72.09,20403726,95696936960,3.5991,57.02,37.42,4.1872,43.51,174.61,179.07,143.62,0.0,86.25,2,73.28,19.84,-1.62,0.0,,8,,20261008
GDERF,Galderma Group AG,Healthcare,Drug Manufacturers - Specialty & Generic,PNK,188.87,1104,47603191808,13.6089,205.68,203.99,-1.2351,-13.13,-24.36,-3.88,-13.36,0.0,23.25,4,248.46,167.0,-23.98,0.0,,8,,20261008
INFY,Infosys Limited,Technology,Information Technology Services,NYSE,10.55,19954990,42731126784,0.3473,11.58,13.18,-2.9545,-8.86,-38.57,-51.42,-36.28,0.0,11.25,4,30.0,10.3,-64.83,0.0,,8,,20261008
EW,Edwards Lifesciences Corporation,Healthcare,Medical Devices,NYSE,85.78,3823425,49443590144,2.0823,88.68,85.15,-1.3944,-9.73,-10.57,-4.93,-8.1,0.0,47.0,3,96.29,72.3,-10.91,0.0,,8,,20261008
ASMXF,ASM International NV,Technology,Semiconductor Equipment & Materials,OID,1092.57,39,53336023040,26.7735,965.16,916.66,4.7587,5.26,17.69,53.6,28.94,0.0,50.0,2,1250.0,536.21,-12.59,0.0,,8,,20261008
JHPCY,"Jiangsu Hengrui Pharmaceuticals Co.,Ltd",Healthcare,Drug Manufacturers - Specialty & Generic,PNK,12.5,27,41482498048,0.2886,14.92,12.5,-8.386,-12.87,-36.93,-36.93,-30.91,0.0,25.0,3,20.0,11.5,-37.5,0.0,,8,,20261008
MT,ArcelorMittal S.A.,Basic Materials,Steel,NYSE,62.32,1441377,46892154880,2.0303,72.2,62.21,-4.868,-4.46,-11.29,45.34,13.07,0.0,58.75,3,79.68,36.7,-21.79,0.0,,8,,20261008
FANUF,Fanuc Corporation,Industrials,Specialty Industrial Machinery,PNK,39.84,4179,37883514880,3.0127,38.75,41.62,0.3619,-15.22,-6.64,15.83,0.2,0.0,49.5,3,55.74,28.33,-28.53,0.0,,8,,20261008
RWEOY,RWE Aktiengesellschaft,Utilities,Utilities - Diversified,PNK,64.77,58414,50519633920,1.1835,67.18,64.21,-2.0401,-3.51,-18.8,24.54,2.36,0.0,72.0,3,74.1,46.37,-12.59,0.0,,8,,20261008
SDVKF,Sandvik AB (publ),Industrials,Specialty Industrial Machinery,PNK,35.57,1111,48353005568,0.3957,38.27,38.86,-6.8178,-16.96,-20.06,5.68,-8.99,0.0,12.0,4,45.25,28.6,-21.39,0.0,,8,,20261008
RWNFF,RWE Aktiengesellschaft,Utilities,Utilities - Diversified,PNK,64.71,2528,50683437056,1.8368,66.79,63.95,-1.1315,-2.76,-19.51,23.36,1.82,0.0,68.25,3,73.86,46.35,-12.39,0.0,,8,,20261008
COIN,"Coinbase Global, Inc.",Financial Services,Financial Data & Stock Exchanges,NASDAQ,178.45,8881089,47081697280,10.9452,174.01,184.49,0.4056,8.98,-13.64,-70.75,-30.83,0.0,74.5,3,402.16,139.11,-55.63,0.0,,8,,20261008
DNBBF,DNB Bank ASA,Financial Services,Banks - Regional,PNK,32.18,2346,46082723840,1.457,34.15,31.8,-1.3503,-3.21,-19.56,-1.73,-8.34,0.0,63.75,3,36.11,25.5,-10.87,0.0,,8,,20261008
UOVEY,United Overseas Bank Limited,Financial Services,Banks - Regional,PNK,66.11,44640,54493171712,1.5378,65.47,59.44,0.4192,-5.61,2.49,8.3,2.79,0.0,88.75,2,70.85,50.0,-6.69,0.0,,8,,20261008
DRPRY,Dr. Ing. h.c. F. Porsche AG,Consumer Cyclical,Auto Manufacturers,PNK,4.75,63141,43272499200,0.157,5.07,4.93,-2.0266,-14.03,-12.69,-20.07,-15.98,0.0,18.25,4,5.8,4.11,-18.1,0.0,,8,,20261008
DRPRF,Dr. Ing. h.c. F. Porsche AG,Consumer Cyclical,Auto Manufacturers,PNK,47.96,102,43691560960,0.3306,50.86,49.66,-8.7702,-10.83,-11.78,-18.85,-14.37,0.0,37.0,1,56.55,41.8,-15.19,0.0,,8,,20261008
MDLN,Medline Inc.,Healthcare,Medical Instruments & Supplies,NASDAQ,35.45,7589814,47695609856,1.2294,35.09,40.26,0.2921,-16.87,-35.6,-30.55,-28.9,0.0,37.5,3,50.88,31.49,-30.32,0.0,,8,,20261008
HCMLF,Holcim AG,Basic Materials,Building Materials,PNK,74.66,273,44294258688,1.3005,85.74,90.42,-8.5233,-19.16,-25.22,-25.85,-23.95,0.0,0.0,4,106.39,75.9,-29.82,0.0,,8,,20261008
FLEX,Flex Ltd.,Technology,Electronic Components,NASDAQ,119.34,3654373,44091408384,5.2848,114.29,100.44,0.9554,-18.37,47.5,91.37,48.58,0.0,62.5,2,166.86,53.07,-28.48,0.0,,8,,20261008
FER,Ferrovial N.V.,Industrials,Engineering & Construction,NASDAQ,50.6,1529157,36421480448,1.1483,59.29,65.23,-7.5662,-25.27,-42.8,-31.32,-33.83,0.0,13.75,4,74.79,50.36,-32.34,0.0,,8,,20261008
DGEAF,Diageo plc,Consumer Defensive,Beverages - Wineries & Distilleries,PNK,21.07,8035,46871908352,0.854,22.55,21.39,-1.7331,1.7,-6.46,-27.21,-12.72,0.0,52.0,4,25.9,17.85,-18.65,0.0,,8,,20261008
UOVEF,United Overseas Bank Limited,Financial Services,Banks - Regional,PNK,31.77,781,52374773760,0.046,32.74,30.1,-21.0941,-4.03,-5.37,10.62,1.36,0.0,37.0,3,34.75,24.37,-8.58,0.0,,8,,20261008
DEO,Diageo plc,Consumer Defensive,Beverages - Wineries & Distilleries,NYSE,84.73,1072398,47122173952,1.5307,89.57,85.03,-3.1608,1.46,-4.53,-23.92,-10.79,0.0,42.0,4,102.74,72.45,-17.53,0.0,,8,,20261008
GFS,GLOBALFOUNDRIES Inc.,Technology,Semiconductors,NASDAQ,48.07,3968992,26795112448,1.9357,47.82,54.25,0.1267,-34.52,-14.59,17.31,-6.81,0.0,36.25,3,92.55,32.02,-48.06,0.0,,8,,20261008
FANUY,Fanuc Corporation,Industrials,Specialty Industrial Machinery,PNK,19.35,508300,35960070144,0.5171,19.33,20.71,0.0437,-13.48,-12.63,9.17,-4.12,0.0,48.25,3,27.54,14.75,-29.74,0.0,,8,,20261008
CRZBY,Commerzbank AG,Financial Services,Banks - Regional,PNK,43.09,34439,46573703168,1.155,46.27,41.66,-2.7502,-3.3,-4.94,2.54,-1.54,0.0,57.5,3,50.16,33.63,-14.09,0.0,,8,,20261008
GALDY,Galderma Group AG,Healthcare,Drug Manufacturers - Specialty & Generic,PNK,39.09,184720,45576777728,0.8677,40.9,40.53,-2.09,-13.44,-17.77,-7.28,-12.49,0.0,32.75,4,46.31,33.13,-15.59,0.0,,8,,20261008
CRZBF,Commerzbank AG,Financial Services,Banks - Regional,PNK,47.79,146,51653685248,0.1142,46.42,42.77,12.0141,10.0,18.12,8.43,12.21,0.0,75.0,2,49.02,34.15,-2.51,0.0,,8,,20261008
EXC,Exelon Corporation,Utilities,Utilities - Regulated Electric,NASDAQ,41.49,7922206,42745237504,0.7018,43.29,44.89,-2.5708,-13.34,-29.57,-22.83,-22.82,0.0,35.25,4,50.65,39.73,-18.08,0.0,,8,,20261008
FSUGY,Fortescue Ltd,Basic Materials,Other Industrial Metals & Mining,OQX,22.12,106092,34053353472,0.6276,24.18,26.92,-3.2841,-13.49,-38.73,-26.29,-27.44,0.0,7.5,4,33.44,22.0,-33.85,0.0,,8,,20261008
CAH,"Cardinal Health, Inc.",Healthcare,Medical Distribution,NYSE,232.16,1925290,53758816256,5.5885,232.36,217.56,-0.0359,-4.11,-7.15,34.04,10.08,0.0,45.75,3,258.3,151.87,-10.12,0.0,,8,,20261008
AMSYF,ArcelorMittal S.A.,Basic Materials,Steel,PNK,65.6,1612,49360162816,0.3619,66.85,58.52,-3.4646,7.34,20.09,78.07,40.09,0.0,62.0,3,69.3,34.05,-5.34,0.0,,8,,20261008
EBKOF,Erste Group Bank AG,Financial Services,Banks - Regional,PNK,122.95,6475,50125746176,2.9726,138.65,125.73,-5.2805,-12.32,-9.61,3.59,-5.0,0.0,47.0,3,147.56,93.73,-16.68,0.0,,8,,20261008
LGRVF,Legrand SA,Industrials,Electrical Equipment & Parts,PNK,169.96,325,44548829184,1.3098,157.04,162.17,9.8634,1.46,-3.47,-15.02,-6.85,0.0,50.0,3,189.59,145.76,-10.35,0.0,,8,,20261008
DNBBY,DNB Bank ASA,Financial Services,Banks - Regional,PNK,32.18,35381,45748637696,0.4465,33.2,30.27,-2.2951,1.14,-9.41,8.87,0.54,0.0,73.25,3,34.78,25.26,-7.48,0.0,,8,,20261008
BAIDF,"Baidu, Inc.",Communication Services,Internet Content & Information,PNK,10.77,2407,29330896896,0.3093,11.96,14.97,-3.8484,-28.44,-41.68,-58.2,-44.98,0.0,1.25,4,20.98,9.69,-48.68,0.0,,8,,20261008
TYHOY,Toyota Tsusho Corporation,Industrials,Conglomerates,PNK,24.13,27673,45252460544,0.9665,23.23,20.99,0.9263,22.49,6.73,52.75,29.08,0.0,85.0,2,25.45,12.25,-5.19,0.0,,8,,20261008
GRMN,Garmin Ltd.,Technology,Scientific & Technical Instruments,NYSE,276.16,905831,53258158080,7.0506,289.22,245.78,-1.8524,9.73,-5.4,-8.01,-2.66,0.0,73.25,3,314.28,186.67,-12.13,0.0,,8,,20261008
LGRDY,Legrand SA,Industrials,Electrical Equipment & Parts,PNK,31.7,136882,41545003008,0.9162,31.75,32.29,-0.0553,-5.57,-21.74,-21.3,-17.52,0.0,60.25,3,37.91,28.73,-16.38,0.0,,8,,20261008
DANOY,Danone S.A.,Consumer Defensive,Packaged Foods,OQX,13.11,582258,42220457984,0.2487,14.65,15.51,-6.2024,-24.39,-31.35,-37.09,-31.91,0.0,8.75,4,18.63,12.83,-29.63,0.0,,8,,20261008
GPDNF,Danone S.A.,Consumer Defensive,Packaged Foods,OQX,66.19,4638,42400808960,1.3879,72.87,78.75,-4.8156,-24.8,-33.89,-39.4,-33.82,0.0,6.25,4,93.05,63.32,-28.87,0.0,,8,,20261008
AU,AngloGold Ashanti plc,Basic Materials,Gold,NYSE,90.05,2588979,45544521728,3.5234,100.33,95.35,-2.9191,6.98,-30.17,9.22,-5.13,0.0,48.25,3,129.14,62.55,-30.27,0.0,,8,,20261008
EBKDY,Erste Group Bank AG,Financial Services,Banks - Regional,PNK,61.7,121090,47934881792,1.8864,69.32,62.47,-4.0413,-11.74,-8.39,5.19,-3.8,0.0,52.0,3,73.1,47.02,-15.6,0.0,,8,,20261008
CCJ,Cameco Corporation,Energy,Uranium,NYSE,89.07,3239068,38792925184,3.5813,94.73,105.71,-1.5794,-10.62,-38.7,-12.36,-21.15,0.0,7.5,4,135.24,77.7,-34.14,0.0,,8,,20261008
ON,ON Semiconductor Corporation,Technology,Semiconductors,NASDAQ,82.51,9967801,32122681344,3.4599,76.54,80.92,1.7268,-19.34,5.11,46.9,15.71,0.0,65.0,3,134.92,44.56,-38.85,0.0,,8,,20261008
ORLNY,Orlen S.A.,Energy,Oil & Gas Integrated,PNK,22.0,70,25540726784,0.095,21.4,22.0,6.3644,11.68,9.46,9.46,10.01,0.0,75.0,3,22.5,18.7,-2.22,0.0,,8,,20261008
SEMHF,Siemens Healthineers AG,Healthcare,Medical Devices,PNK,43.0,3909,48543019008,1.4628,45.48,45.06,-1.6965,1.22,-19.33,-41.35,-23.0,0.0,48.25,4,57.75,37.0,-25.54,0.0,,8,,20261008
UMC,United Microelectronics Corporation,Technology,Semiconductors,NYSE,23.31,13106779,58459348992,1.0341,21.22,15.89,2.0254,-9.89,134.92,205.75,127.05,0.0,92.5,2,28.96,6.97,-19.51,0.0,,8,,20261008
WUXAY,"WuXi AppTec Co., Ltd.",Healthcare,Diagnostics & Research,PNK,27.9,1819,84673822720,0.5711,25.15,18.13,4.8225,41.33,64.38,64.24,58.56,0.0,85.0,2,27.9,12.45,-0.0,0.0,,8,,20261008
BIDU,"Baidu, Inc.",Communication Services,Internet Content & Information,NASDAQ,85.3,2605565,29038133248,2.33,95.82,119.32,-4.5131,-31.06,-40.41,-58.11,-45.15,0.0,8.75,4,165.3,83.95,-48.4,0.0,,8,,20261008
RNECY,Renesas Electronics Corporation,Technology,Semiconductors,PNK,12.21,625095,44627288064,0.4613,11.02,10.4,2.572,-23.22,32.63,83.85,39.15,0.0,61.25,2,16.2,5.5,-24.63,0.0,,8,,20261008
WEICF,"Weichai Power Co., Ltd.",Consumer Cyclical,Auto Manufacturers,PNK,3.86,15560,33351249920,0.1814,4.13,4.11,-1.506,-19.92,-12.07,96.29,29.31,0.0,23.25,4,5.96,1.85,-35.23,0.0,,8,,20261008
DSCSY,Disco Corporation,Technology,Semiconductor Equipment & Materials,PNK,38.37,273500,41619066880,1.5005,36.69,41.66,1.1209,-19.19,-26.3,-13.27,-19.31,0.0,55.75,3,58.0,26.33,-33.84,0.0,,8,,20261008
FITB,Fifth Third Bancorp,Financial Services,Banks - Regional,NYSE,50.12,5772911,45453455360,1.0192,54.05,50.93,-3.8538,-14.27,-12.4,1.3,-7.39,0.0,18.25,4,59.5,40.05,-15.76,0.0,,8,,20261008
DISPF,Disco Corporation,Technology,Semiconductor Equipment & Materials,PNK,389.0,695,42193944576,24.7278,212.7,150.42,7.1297,69.92,64.89,3582.88,1473.34,0.0,91.25,2,573.49,277.85,-32.17,0.0,,8,,20261008
ERIC,Telefonaktiebolaget LM Ericsson (publ),Technology,Communication Equipment,NASDAQ,9.46,11034889,30777759744,0.1953,9.8,10.66,-1.7187,-20.56,-34.36,-1.02,-17.58,0.0,20.75,4,13.77,8.12,-31.3,0.0,,8,,20261008
SWZCF,Swisscom AG,Communication Services,Telecom Services,OID,745.82,58,40088244224,5.3549,782.43,802.92,-6.837,-3.22,-26.39,-8.4,-13.4,0.0,50.25,3,938.66,680.15,-20.54,0.0,,8,,20261008
SMMNY,Siemens Healthineers AG,Healthcare,Medical Devices,PNK,21.52,77385,48170323968,0.3852,22.25,22.24,-1.8976,6.03,-17.96,-40.84,-21.11,0.0,57.75,4,28.92,19.2,-25.59,0.0,,8,,20261008
SCMWY,Swisscom AG,Communication Services,Telecom Services,OID,77.7,16070,40329203712,1.4017,78.45,80.62,-0.5372,-1.14,-24.58,-7.58,-11.92,0.0,57.75,3,94.63,68.01,-17.89,0.0,,8,,20261008
ERIXF,Telefonaktiebolaget LM Ericsson (publ),Technology,Communication Equipment,PNK,9.35,320077,30419879936,0.1155,9.91,10.89,-4.8621,-20.15,-36.97,1.28,-17.47,0.0,0.0,4,13.6,8.3,-31.25,0.0,,8,,20261008
CHPXF,"China Pacific Insurance (Group) Co., Ltd.",Financial Services,Insurance - Life,PNK,4.0,154,64183500800,0.0043,3.83,4.24,40.4224,5.94,-25.67,-13.08,-12.73,0.0,62.0,3,5.54,3.65,-27.8,0.0,,8,,20261008
DKILY,"Daikin Industries,Ltd.",Industrials,Building Products & Equipment,PNK,13.2,318779,36740366336,0.4622,13.39,13.51,-0.4007,-18.82,-13.23,-7.43,-12.31,0.0,39.0,4,16.43,11.0,-19.66,0.0,,8,,20261008
DKILF,"Daikin Industries,Ltd.",Industrials,Building Products & Equipment,PNK,125.98,34680,36620685312,10.7803,131.99,132.96,-0.5579,-18.99,-17.56,-11.44,-15.47,0.0,32.75,4,169.56,108.76,-25.7,0.0,,8,,20261008
BAYZF,Bayer Aktiengesellschaft,Healthcare,Drug Manufacturers - General,OQX,50.53,4761,49641885696,1.1404,55.58,49.74,-4.4324,-16.23,-9.06,36.38,7.32,0.0,30.0,3,61.38,30.0,-17.68,0.0,,8,,20261008
IDXX,"IDEXX Laboratories, Inc.",Healthcare,Diagnostics & Research,NASDAQ,506.67,556077,39916032000,13.4668,541.38,585.27,-2.5773,-12.95,-29.94,-36.27,-28.22,0.0,12.5,4,769.98,500.61,-34.2,0.0,,8,,20261008
HEINY,Heineken N.V.,Consumer Defensive,Beverages - Brewers,OQX,39.51,111663,43738664960,0.6118,42.02,40.6,-4.0978,-10.31,-14.86,-11.33,-12.31,0.0,20.75,4,47.63,37.03,-17.05,0.0,,8,,20261008
BAYRY,Bayer Aktiengesellschaft,Healthcare,Drug Manufacturers - General,OQX,12.27,647155,48217374720,0.3191,13.93,12.38,-5.2047,-18.68,-10.46,32.2,4.55,0.0,17.0,4,15.23,7.48,-19.44,0.0,,8,,20261008
VTR,"Ventas, Inc.",Real Estate,REIT - Healthcare Facilities,NYSE,80.04,3425023,41056227328,1.7722,89.12,84.94,-5.1225,-15.88,-19.19,1.46,-10.1,0.0,20.75,4,101.6,66.93,-21.22,0.0,,8,,20261008
ODFL,"Old Dominion Freight Line, Inc.",Industrials,Trucking,NASDAQ,175.61,1741318,36521312256,5.0544,193.36,199.64,-3.511,-25.77,-30.7,6.75,-14.49,0.0,10.0,4,252.03,126.01,-30.32,0.0,,8,,20261008
UNVGY,Universal Music Group N.V.,Communication Services,Entertainment,PNK,8.12,1128753,29202939904,0.1742,8.32,10.24,-1.1421,-26.48,-43.2,-59.11,-45.39,0.0,20.75,4,13.82,7.84,-41.24,0.0,,8,,20261008
FNV,Franco-Nevada Corporation,Basic Materials,Gold,NYSE,237.9,800579,45884678144,9.1859,249.35,237.57,-1.247,10.87,-25.5,-9.12,-9.86,0.0,74.5,3,285.67,181.5,-16.72,0.0,,8,,20261008
WDS,Woodside Energy Group Ltd,Energy,Oil & Gas E&P,NYSE,21.77,624890,0,0.4834,22.69,20.63,-1.9056,7.88,-21.16,32.66,7.63,0.0,72.0,3,25.19,14.27,-13.58,0.0,,8,,20261008
WAB,Westinghouse Air Brake Technologies Corporation,Industrials,Railroads,NYSE,282.44,904285,47707181056,6.293,289.63,262.19,-1.1419,5.19,-10.58,24.0,7.2,0.0,72.0,3,306.64,186.06,-7.89,0.0,,8,,20261008
UMGNF,Universal Music Group N.V.,Communication Services,Entertainment,PNK,16.1,76075,28951191552,0.4676,16.79,20.76,-1.4693,-27.24,-44.82,-60.0,-46.5,0.0,22.0,4,28.02,15.21,-42.54,0.0,,8,,20261008
FERG,Ferguson Enterprises Inc.,Industrials,Industrial Distribution,NYSE,215.06,2319434,41603940352,5.864,230.96,236.24,-2.7108,-7.55,-28.6,-23.85,-21.44,0.0,23.25,4,271.64,212.13,-20.83,0.0,,8,,20261008
ELEZY,"Endesa, S.A.",Utilities,Utilities - Regulated Electric,PNK,23.27,33131,47878447104,0.5777,24.21,21.15,-1.6353,1.26,-7.08,30.27,9.95,0.0,73.25,3,25.24,16.16,-7.81,0.0,,8,,20261008
RNECF,Renesas Electronics Corporation,Technology,Semiconductors,PNK,25.0,3303,45687230464,1.2768,22.13,20.86,2.2454,-13.14,35.96,78.19,40.58,0.0,60.0,2,31.85,11.41,-21.51,0.0,,8,,20261008
WOPEF,Woodside Energy Group Ltd,Energy,Oil & Gas E&P,PNK,20.59,193,44130758656,0.3756,22.48,20.24,-5.0259,13.37,-23.89,13.75,0.48,0.0,51.25,3,26.3,14.0,-21.71,0.0,,8,,20261008
HINKF,Heineken N.V.,Consumer Defensive,Beverages - Brewers,OQX,77.61,803,42941607936,1.5445,84.25,81.99,-4.3001,-13.61,-16.41,-14.81,-15.07,0.0,18.25,4,96.2,73.3,-19.32,0.0,,8,,20261008
TTRAF,Telstra Group Limited,Communication Services,Telecom Services,PNK,3.56,1606,39655325696,0.0362,3.36,3.37,5.6116,9.62,-10.38,10.84,3.11,0.0,77.5,3,4.3,2.88,-17.21,0.0,,8,,20261008
MSCI,MSCI Inc.,Financial Services,Financial Data & Stock Exchanges,NYSE,555.38,624193,40376127488,12.0948,559.3,569.63,-0.3237,-11.27,-15.11,-17.23,-15.0,0.0,35.25,4,644.77,501.08,-13.86,0.0,,8,,20261008
TLGPY,Telstra Group Limited,Communication Services,Telecom Services,PNK,16.69,111561,37182435328,0.4795,16.93,17.33,-0.493,-4.94,-24.97,-10.11,-14.02,0.0,51.0,1,19.96,15.33,-16.38,0.0,,8,,20261008
CODYY,Compagnie de Saint-Gobain S.A.,Industrials,Building Products & Equipment,PNK,7.23,923962,35308449792,0.2049,8.72,15.09,-7.2877,-19.29,-73.67,-82.16,-63.47,0.0,7.5,4,21.7,7.2,-66.68,0.0,,8,,20261008
YUM,"Yum! Brands, Inc.",Consumer Cyclical,Restaurants,NYSE,140.35,2511631,38301667328,3.0726,145.63,152.51,-1.7181,-16.79,-27.2,-20.81,-22.04,0.0,35.25,4,170.14,134.26,-17.51,0.0,,8,,20261008
CODGF,Compagnie de Saint-Gobain S.A.,Industrials,Building Products & Equipment,PNK,73.2,2750,35938430976,4.1239,87.27,89.37,-3.4125,-15.95,-31.47,-46.92,-33.77,0.0,13.75,4,107.15,71.0,-31.68,0.0,,8,,20261008
PINXF,The People's Insurance Company (Group) of China Limited,Financial Services,Insurance - Property & Casualty,PNK,,1373,31841275904,,,,,,,,,0.0,12.0,3,1.0,0.63,,0.0,,8,,20261008
LZAGY,Lonza Group AG,Healthcare,Diagnostics & Research,PNK,69.08,44692,49152720896,1.228,69.58,66.33,-0.4049,-8.01,-7.64,-17.52,-11.69,0.0,47.0,3,74.36,58.53,-7.1,0.0,,8,,20261008
LZAGF,Lonza Group AG,Healthcare,Diagnostics & Research,PNK,695.21,214,48556408832,41.1544,698.06,670.57,-0.0692,-7.48,-6.3,-18.14,-11.33,0.0,49.5,3,755.96,565.14,-8.04,0.0,,8,,20261008
STT,State Street Corporation,Financial Services,Asset Management,NYSE,174.19,1946118,47850299392,3.8523,184.78,154.07,-2.7491,-6.45,13.72,35.57,17.42,0.0,44.5,3,195.93,104.64,-11.1,0.0,,8,,20261008
PINXY,The People's Insurance Company (Group) of China Limited,Financial Services,Insurance - Property & Casualty,PNK,14.92,18,45319589888,0.0275,13.85,14.54,39.0715,20.86,-19.88,2.1,-0.9,0.0,75.0,3,20.0,11.2,-25.4,0.0,,8,,20261008
HLNCF,Haleon plc,Healthcare,Drug Manufacturers - Specialty & Generic,PNK,4.41,6985,38787174400,0.1306,4.75,4.81,-2.5813,-13.4,-31.01,-17.08,-21.04,0.0,24.5,4,5.75,4.15,-23.3,0.0,,8,,20261008
ELEZF,"Endesa, S.A.",Utilities,Utilities - Regulated Electric,PNK,48.63,60,49370841088,0.0299,48.53,41.5,3.2504,2.67,9.41,44.53,21.77,0.0,75.0,2,49.05,30.95,-0.86,0.0,,8,,20261008
CLS,Celestica Inc.,Technology,Electronic Components,NYSE,371.57,2519684,46859108352,19.3077,333.57,332.23,1.9679,1.08,0.31,40.91,16.74,0.0,90.0,2,474.03,238.23,-21.61,0.0,,8,,20261008
CMG,"Chipotle Mexican Grill, Inc.",Consumer Cyclical,Restaurants,NYSE,30.77,16523000,38936911872,1.1275,34.56,34.78,-3.3658,-14.72,-24.49,-43.06,-29.48,0.0,7.5,4,42.82,28.04,-28.14,0.0,,8,,20261008
TTWO,"Take-Two Interactive Software, Inc.",Communication Services,Electronic Gaming & Multimedia,NASDAQ,204.01,2333928,38145880064,5.9607,223.94,223.96,-3.344,-20.75,-14.62,-37.59,-25.34,0.0,24.5,4,265.94,187.63,-23.29,0.0,,8,,20261008
PPCCY,PICC Property and Casualty Company Limited,Financial Services,Insurance - Property & Casualty,PNK,52.6,3698,46798774272,2.6006,52.69,48.79,-0.0356,9.58,1.49,-23.64,-6.54,0.0,70.75,3,66.76,42.79,-21.21,0.0,,8,,20261008
CNSWY,Constellation Software Inc.,Technology,Software - Application,PNK,10.42,61817,44163149824,0.3598,10.71,10.26,-0.8084,0.1,-2.89,-44.09,-18.62,0.0,70.75,3,16.0,8.2,-34.87,0.0,,8,,20261008
CNSWF,Constellation Software Inc.,Technology,Software - Application,PNK,2020.09,7241,42808795136,85.0596,2142.59,2001.64,-1.4402,1.21,0.34,-44.42,-17.35,0.0,61.25,3,2950.0,1612.7,-31.52,0.0,,8,,20261008
CCEP,Coca-Cola Europacific Partners PLC,Consumer Defensive,Beverages - Non-Alcoholic,NASDAQ,100.86,1810665,44343226368,2.0004,105.38,98.43,-2.257,-7.68,-10.92,1.17,-5.27,0.0,45.75,3,113.67,84.66,-11.27,0.0,,8,,20261008
SSREF,Swiss Re AG,Financial Services,Insurance - Reinsurance,PNK,172.0,400,50809745408,1.8315,169.6,163.26,1.3086,0.35,-10.13,-25.6,-13.7,0.0,78.75,2,191.8,142.15,-10.32,0.0,,8,,20261008
ANYYY,"Aena S.M.E., S.A.",Industrials,Airports & Air Services,PNK,14.19,65631,42569998336,0.3309,14.96,14.62,-2.3397,-11.75,-21.31,-4.93,-12.37,0.0,24.5,4,17.12,12.66,-17.11,0.0,,8,,20261008
KR,The Kroger Co.,Consumer Defensive,Grocery Stores,NYSE,59.25,7138929,34992377856,1.4901,58.13,62.86,0.7537,-3.99,-31.04,-23.47,-21.25,0.0,73.25,3,76.58,54.15,-22.63,0.0,,8,,20261008
SSREY,Swiss Re AG,Financial Services,Insurance - Reinsurance,PNK,43.16,41379,51071938560,0.6214,42.7,40.26,0.7429,2.71,-8.54,-22.13,-11.16,0.0,88.75,2,48.62,36.01,-11.23,0.0,,8,,20261008
ASAZF,ASSA ABLOY AB (publ),Industrials,Security & Protection Services,PNK,36.0,294,39987945472,0.1286,37.07,36.36,-8.2973,2.11,-13.89,8.51,-0.93,0.0,49.0,3,43.77,33.5,-17.76,0.0,,8,,20261008
SWDBY,Swedbank AB (publ),Financial Services,Banks - Regional,PNK,40.03,26738,44982296576,0.6196,40.21,36.41,-0.295,1.11,-2.48,26.78,10.13,0.0,74.5,3,42.36,29.8,-5.5,0.0,,8,,20261008
ASTS,"AST SpaceMobile, Inc.",Technology,Communication Equipment,NASDAQ,60.65,12094228,23603009536,4.1282,62.92,81.02,-0.5496,-21.56,-52.68,-33.78,-37.34,0.0,22.0,4,133.86,49.31,-54.69,0.0,,8,,20261008
SWDBF,Swedbank AB (publ),Financial Services,Banks - Regional,PNK,39.25,5979,44105801728,0.7532,40.35,37.53,-1.4662,-3.09,-0.45,11.34,3.6,0.0,64.5,3,43.24,29.41,-9.23,0.0,,8,,20261008
DNKEY,Danske Bank A/S,Financial Services,Banks - Regional,OID,26.8,56157,43149914112,0.4912,28.75,25.8,-3.9626,-8.72,-5.67,21.06,4.26,0.0,61.25,3,29.65,20.85,-9.61,0.0,,8,,20261008
MSADF,"MS&AD Insurance Group Holdings, Inc.",Financial Services,Insurance - Property & Casualty,PNK,29.52,673,40912547840,1.2095,31.3,27.07,-1.4691,9.7,-0.33,20.9,10.67,0.0,53.75,3,35.0,19.57,-15.66,0.0,,8,,20261008
ANNSF,"Aena S.M.E., S.A.",Industrials,Airports & Air Services,PNK,28.79,1023,44658798592,1.0288,30.07,29.88,-1.2444,-10.37,-24.89,-8.4,-14.67,0.0,40.25,4,34.42,25.56,-16.37,0.0,,8,,20261008
HLN,Haleon plc,Healthcare,Drug Manufacturers - Specialty & Generic,NYSE,9.02,13504404,39666708480,0.1832,9.57,9.69,-2.9965,-10.15,-23.28,-12.31,-15.61,0.0,22.0,4,11.28,8.65,-20.04,0.0,,8,,20261008
AIG,"American International Group, Inc.",Financial Services,Insurance - Diversified,NYSE,75.66,3867604,39562100736,1.4048,75.98,76.05,-0.2253,-7.38,-16.54,-23.59,-17.07,0.0,35.25,4,87.29,71.25,-13.32,0.0,,8,,20261008
IX,ORIX Corporation,Financial Services,Financial Conglomerates,NYSE,36.84,296896,39658516480,0.715,39.29,35.47,-3.4282,-11.46,1.88,24.99,7.79,0.0,35.0,3,42.39,24.19,-13.09,0.0,,8,,20261008
DHI,"D.R. Horton, Inc.",Consumer Cyclical,Residential Construction,NYSE,133.28,2575198,37278584832,4.0195,143.25,147.62,-2.481,-14.26,-21.58,-38.34,-26.46,0.0,22.0,4,170.79,131.75,-21.96,0.0,,8,,20261008
PBCRY,PT Bank Central Asia Tbk,Financial Services,Banks - Regional,PNK,8.4,307096,41274826752,0.2142,8.81,9.28,-1.8971,-4.68,-30.45,-38.67,-27.29,0.0,62.75,4,13.52,6.64,-37.87,0.0,,8,,20261008
BDX,"Becton, Dickinson and Company",Healthcare,Medical Instruments & Supplies,NYSE,180.16,1784630,49073209344,4.1181,180.67,161.15,-0.1229,16.48,0.62,5.37,6.49,0.0,73.25,3,193.07,127.59,-6.69,0.0,,8,,20261008
AMP,"Ameriprise Financial, Inc.",Financial Services,Asset Management,NYSE,490.56,551771,43332743168,12.5962,540.74,491.05,-3.984,-5.26,-6.55,-16.31,-10.13,0.0,36.5,1,572.56,422.37,-14.32,0.0,,8,,20261008
TSCDF,Tesco PLC,Consumer Defensive,Grocery Stores,OQX,6.25,9356,38929530880,0.127,6.34,6.16,-0.7338,0.17,-12.83,-12.06,-9.27,0.0,64.5,3,7.0,5.28,-10.71,0.0,,8,,20261008
HOCFF,HOCHTIEF Aktiengesellschaft,Industrials,Engineering & Construction,PNK,457.66,334,35084775424,12.588,488.69,495.26,-2.4653,-18.5,-28.38,37.24,0.33,0.0,17.0,4,671.55,279.55,-31.85,0.0,,8,,20261008
SLFIF,Sun Life Financial Inc.,Financial Services,Insurance - Diversified,PNK,15.0,23,0,0.0139,15.23,15.21,-16.5661,-7.8,-19.11,-13.42,-14.0,0.0,24.0,4,15.91,15.0,-5.69,0.0,,8,,20261008
DNSKF,Danske Bank A/S,Financial Services,Banks - Regional,OID,58.44,38,47046287360,0.0814,55.84,52.99,31.9888,5.42,8.0,11.72,8.84,0.0,75.0,2,58.44,43.85,-0.0,0.0,,8,,20261008
XYZ,"Block, Inc.",Technology,Software - Infrastructure,NYSE,76.07,4441498,45702475776,2.2164,79.41,70.32,-1.5071,-5.39,5.52,-19.17,-7.09,0.0,48.25,3,86.92,48.21,-12.48,0.0,,8,,20261008
RBGPF,Reckitt Benckiser Group plc,Consumer Defensive,Household & Personal Products,OQX,68.14,1046,40593158144,1.2548,68.82,71.16,-0.5397,-1.95,-20.72,-29.86,-19.68,0.0,26.5,4,90.71,58.67,-24.88,0.0,,8,,20261008
SLF,Sun Life Financial Inc.,Financial Services,Insurance - Diversified,NYSE,75.82,754046,42157858816,1.2251,79.76,70.98,-3.2195,-8.39,1.55,10.67,2.71,0.0,48.25,3,84.38,57.22,-10.14,0.0,,8,,20261008
GMGSF,Goodman Group,Real Estate,REIT - Diversified,PNK,17.77,1775,36523261952,0.5025,19.55,20.18,-3.5313,-20.82,-26.89,-28.98,-26.21,0.0,3.75,4,23.92,16.08,-25.69,0.0,,8,,20261008
CRDO,Credo Technology Group Holding Ltd,Technology,Semiconductors,NASDAQ,220.01,6890449,41351299072,14.4899,208.86,178.57,0.7696,-20.83,84.07,32.27,37.12,0.0,66.25,2,308.67,86.48,-28.72,0.0,,8,,20261008
TEVA,Teva Pharmaceutical Industries Limited,Healthcare,Drug Manufacturers - Specialty & Generic,NYSE,39.18,5318593,45695344640,1.1268,37.42,33.82,1.5662,14.72,12.82,79.32,39.89,0.0,91.25,2,40.79,18.83,-3.95,0.0,,8,,20261008
TTDKY,TDK Corporation,Technology,Electronic Components,PNK,22.09,220730,41930223616,0.7797,19.15,17.56,3.7698,-0.09,41.22,24.72,24.29,0.0,66.25,2,26.73,11.92,-17.36,0.0,,8,,20261008
RBGLY,Reckitt Benckiser Group plc,Consumer Defensive,Household & Personal Products,OQX,13.6,490085,43096563712,0.262,13.78,13.97,-0.6792,-1.03,-17.86,-24.58,-16.34,0.0,46.0,4,17.8,12.02,-23.6,0.0,,8,,20261008
SSEZF,SSE plc,Utilities,Utilities - Diversified,PNK,33.46,4010,38313693184,0.7904,33.01,33.1,0.571,-2.55,-23.97,29.16,2.64,0.0,77.5,3,38.55,24.68,-13.19,0.0,,8,,20261008
ED,"Consolidated Edison, Inc.",Utilities,Utilities - Regulated Electric,NYSE,104.64,2198171,38698868736,1.615,106.33,106.65,-1.0474,-7.98,-21.88,-8.13,-12.91,0.0,32.75,4,116.23,94.96,-9.97,0.0,,8,,20261008
TYIDY,Toyota Industries Corporation,Industrials,Farm & Heavy Construction Machinery,PNK,128.0,158,38748434432,2.1101,126.68,121.96,0.6252,-7.84,-6.18,-7.75,-7.22,0.0,80.0,2,136.11,105.38,-5.96,0.0,,8,,20261008
ORXCF,ORIX Corporation,Financial Services,Financial Conglomerates,PNK,36.12,10920,38883430400,1.6302,38.44,34.3,-1.4243,-10.59,-4.91,23.24,4.93,0.0,37.5,3,42.79,22.92,-15.59,0.0,,8,,20261008
CCI,Crown Castle Inc.,Real Estate,REIT - Specialty,NYSE,69.01,3561632,30157371392,1.8517,72.79,80.71,-2.0397,-12.34,-32.73,-39.77,-30.45,0.0,10.0,4,100.5,65.32,-31.33,0.0,,8,,20261008
ASAZY,ASSA ABLOY AB (publ),Industrials,Security & Protection Services,PNK,17.0,281647,37766393856,0.305,18.21,18.69,-3.9757,-4.64,-27.82,-19.79,-18.81,0.0,44.5,4,21.98,16.82,-22.66,0.0,,8,,20261008
NAPRF,Naspers Limited,Consumer Cyclical,Internet Retail,PNK,39.78,34,205733593088,0.3957,46.73,53.08,-17.5541,-27.17,-31.7,-105.97,-60.27,0.0,0.0,4,275.0,39.78,-85.53,0.0,,8,,20261008
ALNY,"Alnylam Pharmaceuticals, Inc.",Healthcare,Biotechnology,NASDAQ,224.41,1854920,30028105728,10.1829,238.08,300.33,-1.3427,-31.91,-46.98,-67.33,-51.35,0.0,11.25,4,495.55,197.81,-54.71,0.0,,8,,20261008
PEG,Public Service Enterprise Group Incorporated,Utilities,Utilities - Regulated Electric,NYSE,71.74,3185473,35756650496,1.2979,72.23,77.52,-0.3738,-13.35,-27.26,-26.31,-23.4,0.0,32.75,4,87.63,66.15,-18.13,0.0,,8,,20261008
KDP,Keurig Dr Pepper Inc.,Consumer Defensive,Beverages - Non-Alcoholic,NASDAQ,30.54,11216838,41559625728,0.7984,31.09,29.05,-0.6905,-3.52,4.34,7.58,3.67,0.0,73.25,3,33.82,24.88,-9.7,0.0,,8,,20261008
WCN,"Waste Connections, Inc.",Industrials,Waste Management,NYSE,155.16,1236880,39033487360,2.8917,162.11,163.15,-2.4044,-12.26,-19.95,-27.3,-20.97,0.0,34.0,4,179.74,146.89,-13.68,0.0,,8,,20261008
HSY,The Hershey Company,Consumer Defensive,Confectioners,NYSE,160.34,1477331,32216420352,3.3626,174.76,188.29,-4.2896,-9.5,-37.64,-32.35,-28.49,0.0,6.25,4,239.48,156.16,-33.05,0.0,,8,,20261008
SSEZY,SSE plc,Utilities,Utilities - Diversified,PNK,32.38,198528,39334096896,0.6721,32.35,32.76,0.0506,-2.12,-25.54,22.02,-0.66,0.0,70.75,3,37.51,23.95,-13.68,0.0,,8,,20261008
TSCDY,Tesco PLC,Consumer Defensive,Grocery Stores,OQX,18.88,362892,39199440896,0.3015,19.04,18.63,-0.5321,-3.91,-18.2,-11.37,-11.9,0.0,50.75,3,20.54,16.65,-8.08,0.0,,8,,20261008
MSADY,"MS&AD Insurance Group Holdings, Inc.",Financial Services,Insurance - Property & Casualty,PNK,30.46,61715,43497250816,0.946,31.57,27.7,-1.1739,5.92,-0.35,19.43,9.13,0.0,69.5,3,34.22,19.85,-10.99,0.0,,8,,20261008
CHHQF,China Hongqiao Group Limited,Basic Materials,Aluminum,PNK,2.7,7183,26561470464,0.0759,2.91,2.88,-2.7493,-1.73,-28.62,34.12,3.2,0.0,13.25,4,5.19,2.42,-47.86,0.0,,8,,20261008
YZOFF,Yangtze Optical Fibre And Cable Joint Stock Limited Company,Technology,Communication Equipment,PNK,22.76,0,18706558976,0.0412,21.88,15.42,21.4223,0.91,2252.04,2253.15,1689.7,0.0,50.0,2,34.3,1.03,-33.64,0.0,,8,,20261008
RKT,"Rocket Companies, Inc.",Financial Services,Mortgage Finance,NYSE,11.44,30409266,32393988096,0.5965,13.25,15.46,-3.041,-25.08,-40.29,-49.44,-40.15,0.0,7.5,4,24.36,10.99,-53.04,0.0,,8,,20261008
PYPL,"PayPal Holdings, Inc.",Financial Services,Credit Services,NASDAQ,54.95,14042178,47007576064,1.5198,56.3,49.93,-0.8867,17.9,4.99,-39.03,-9.39,0.0,70.75,3,79.22,38.46,-30.63,0.0,,8,,20261008
NPSNY,Naspers Limited,Consumer Cyclical,Internet Retail,PNK,8.49,223350,31757787136,0.2332,9.55,10.81,-4.5248,-23.4,-39.55,-60.22,-43.78,0.0,11.25,4,15.03,8.28,-43.51,0.0,,8,,20261008
TTDKF,TDK Corporation,Technology,Electronic Components,PNK,23.9,26035,45365882880,1.3481,1.68,0.17,16.4832,-2648.0,-4042.55,5099.03,-37.28,0.0,64.5,3,27.78,11.06,-13.97,0.0,,8,,20261008
OTSKY,"Otsuka Holdings Co., Ltd.",Healthcare,Drug Manufacturers - General,PNK,36.23,46550,38013210624,0.7597,37.24,34.1,-1.3314,1.7,-12.22,11.18,0.62,0.0,70.75,3,40.92,25.3,-11.46,0.0,,8,,20261008
LYV,"Live Nation Entertainment, Inc.",Communication Services,Entertainment,NYSE,170.84,1951347,39798800384,3.9706,176.75,164.3,-1.4896,-10.08,-11.1,-7.42,-9.37,0.0,52.0,3,189.25,125.34,-9.73,0.0,,8,,20261008
JDCMF,"JD.com, Inc.",Consumer Cyclical,Internet Retail,PNK,13.14,539,35899232256,0.2732,14.55,14.33,-5.1454,-7.72,-21.01,-35.96,-23.67,0.0,13.25,4,18.87,12.2,-30.36,0.0,,8,,20261008
JBL,Jabil Inc.,Technology,Electronic Components,NYSE,299.47,1165836,31380588544,13.3796,316.49,302.88,-1.2721,-13.57,-11.21,31.3,5.2,0.0,22.0,4,428.93,189.6,-30.18,0.0,,8,,20261008
CBRE,"CBRE Group, Inc.",Real Estate,Real Estate Services,NYSE,127.56,1750226,36938223616,4.1051,143.14,144.68,-3.7955,-13.22,-26.03,-33.88,-25.97,0.0,10.0,4,174.27,121.69,-26.8,0.0,,8,,20261008
DCNSF,"Daiichi Life Group, Inc.",Financial Services,Insurance - Life,PNK,12.0,55,43226300416,0.0598,11.15,9.99,14.1359,9.83,-5.14,36.48,15.25,0.0,76.25,2,12.15,6.82,-1.23,0.0,,8,,20261008
ACSAF,"ACS, Actividades de Construcción y Servicios, S.A.",Industrials,Engineering & Construction,PNK,105.0,153,27387428864,0.7736,125.46,126.52,-26.4513,-28.94,-35.88,15.89,-13.44,0.0,1.25,4,160.45,79.03,-34.56,0.0,,8,,20261008
PBCRF,PT Bank Central Asia Tbk,Financial Services,Banks - Regional,PNK,0.33,4217,41397669888,0.0038,0.36,0.37,-6.7215,-1.21,-32.57,-42.72,-28.79,0.0,25.0,4,0.55,0.27,-39.38,0.0,,8,,20261008
ACSAY,"ACS, Actividades de Construcción y Servicios, S.A.",Industrials,Engineering & Construction,PNK,20.9,74520,27257012224,0.5536,23.28,25.43,-4.2924,-28.12,-40.46,9.46,-17.4,0.0,10.0,4,33.14,16.14,-36.93,0.0,,8,,20261008
DLICY,"Daiichi Life Group, Inc.",Financial Services,Insurance - Life,PNK,23.09,39765,41587302400,0.7432,23.61,20.5,-0.6997,-4.17,2.8,35.23,14.03,0.0,68.25,3,25.73,13.54,-10.26,0.0,,8,,20261008
PUK,Prudential plc,Financial Services,Insurance - Life,NYSE,23.54,1041482,28961251328,0.4956,27.01,28.88,-6.9956,-18.28,-37.68,-31.19,-30.23,0.0,11.25,4,34.03,23.31,-30.83,0.0,,8,,20261008
TRI,Thomson Reuters Corporation,Industrials,Specialty Business Services,NASDAQ,99.28,1882263,43013197824,3.6757,101.39,96.26,-0.5744,8.87,3.18,-48.92,-16.24,0.0,75.75,3,164.3,76.28,-39.57,0.0,,8,,20261008
EQBBF,EQT AB (publ),Financial Services,Asset Management,PNK,29.94,1087,37302919168,0.2763,33.63,31.4,-13.3452,-4.51,-2.79,-14.05,-7.72,0.0,37.0,4,40.46,25.91,-26.01,0.0,,8,,20261008
EME,"EMCOR Group, Inc.",Industrials,Engineering & Construction,NYSE,784.66,401570,34611273728,27.2261,775.82,775.03,0.3248,-3.44,-16.03,0.37,-6.32,0.0,74.5,2,951.96,564.92,-17.57,0.0,,8,,20261008
JD,"JD.com, Inc.",Consumer Cyclical,Internet Retail,NASDAQ,27.03,7331592,36504014848,0.5284,28.75,28.49,-3.25,-6.21,-19.19,-39.02,-23.88,0.0,23.25,4,35.06,24.51,-22.9,0.0,,8,,20261008
IRM,Iron Mountain Incorporated,Real Estate,REIT - Specialty,NYSE,115.75,1736379,34459099136,3.145,117.68,111.35,-0.6124,-6.02,-5.76,-4.49,-5.32,0.0,50.75,3,134.68,77.77,-14.06,0.0,,8,,20261008
VIK,Viking Holdings Ltd,Consumer Cyclical,Travel Services,NYSE,81.26,3465903,36293812224,2.6767,90.53,84.13,-3.4643,-23.36,-11.23,19.14,-2.11,0.0,22.0,4,110.09,56.37,-26.19,0.0,,8,,20261008
KB,KB Financial Group Inc.,Financial Services,Banks - Regional,NYSE,124.73,212689,43793465344,2.8637,123.54,108.86,0.4172,4.46,1.05,32.92,14.65,0.0,85.0,2,133.29,77.44,-6.42,0.0,,8,,20261008
CBOE,"Cboe Global Markets, Inc.",Financial Services,Financial Data & Stock Exchanges,BTS,281.57,1078749,29404641280,10.9808,286.63,286.36,-0.461,1.76,-20.27,2.79,-5.54,0.0,46.0,1,371.18,227.15,-24.14,0.0,,8,,20261008
JPPHY,"Japan Post Holdings Co., Ltd.",Financial Services,Banks - Regional,PNK,16.74,1171,45773729792,1.3836,15.52,13.38,0.8854,10.75,9.69,58.71,29.56,0.0,83.75,2,18.48,8.88,-9.42,0.0,,8,,20261008
ADM,Archer-Daniels-Midland Company,Consumer Defensive,Farm Products,NYSE,81.34,3667869,39202590720,2.2286,81.61,74.06,-0.1202,-0.01,-0.67,17.08,6.6,0.0,70.75,3,88.75,55.58,-8.35,0.0,,8,,20261008
FRFFF,Fairfax Financial Holdings Limited,Financial Services,Insurance - Property & Casualty,PNK,17.78,0,486784459,0.0071,17.57,17.73,29.1301,-2.97,-20.4,-13.47,-13.27,0.0,75.0,3,18.94,17.78,-6.11,0.0,,8,,20261008
FRFHF,Fairfax Financial Holdings Limited,Financial Services,Insurance - Property & Casualty,PNK,1545.0,8985,34564546560,33.6541,1629.26,1680.57,-2.5039,-11.36,-26.65,-28.69,-23.64,0.0,25.75,4,1949.0,1500.0,-20.73,0.0,,8,,20261008
HIG,"The Hartford Insurance Group, Inc.",Financial Services,Insurance - Diversified,NYSE,126.92,1616607,34379075584,2.4007,135.13,134.71,-3.4209,-11.62,-23.34,-19.5,-18.87,0.0,20.75,4,146.07,120.33,-13.11,0.0,,8,,20261008
ADRNY,Koninklijke Ahold Delhaize N.V.,Consumer Defensive,Grocery Stores,OQX,35.68,186528,31175827456,0.5511,36.69,41.0,-1.8397,-14.6,-40.38,-26.28,-28.29,0.0,24.5,4,50.02,32.25,-28.67,0.0,,8,,20261008
PWCDF,Power Corporation of Canada,Financial Services,Insurance - Life,PNK,61.48,184622,38592692224,1.6763,66.06,56.9,-2.7308,-7.12,11.54,27.61,13.3,0.0,60.0,3,70.74,41.92,-13.09,0.0,,8,,20261008
HLBZF,Heidelberg Materials AG,Basic Materials,Building Materials,PNK,156.89,2662,29030168576,10.3031,180.06,210.76,-2.2486,-19.68,-40.53,-45.9,-37.47,0.0,15.0,4,299.59,156.8,-47.63,0.0,,8,,20261008
CHHQY,China Hongqiao Group Limited,Basic Materials,Aluminum,PNK,27.02,285,26536921088,0.2826,29.39,36.38,-8.3535,-4.72,-55.71,-30.29,-32.8,0.0,25.0,4,52.35,25.65,-48.38,0.0,,8,,20261008
AHODF,Koninklijke Ahold Delhaize N.V.,Consumer Defensive,Grocery Stores,OQX,35.03,546,30974863360,0.7036,37.02,41.39,-2.8261,-16.27,-40.81,-28.22,-29.64,0.0,1.25,4,49.8,34.72,-29.66,0.0,,8,,20261008
HUM,Humana Inc.,Healthcare,Healthcare Plans,NYSE,396.51,1228135,47613042688,14.021,386.28,294.64,0.7297,-3.96,84.78,18.81,36.21,0.0,60.0,2,428.88,163.11,-7.55,0.0,,8,,20261008
UI,Ubiquiti Inc.,Technology,Communication Equipment,NYSE,634.66,132696,38414938112,23.251,575.15,656.99,2.5595,13.12,-44.87,-20.86,-20.77,0.0,75.75,3,1099.99,500.23,-42.3,0.0,,8,,20261008
WEC,"WEC Energy Group, Inc.",Utilities,Utilities - Regulated Electric,NYSE,103.18,2434022,33621139456,1.6392,105.69,109.82,-1.5309,-13.06,-26.05,-23.82,-21.91,0.0,34.0,4,119.91,99.8,-13.95,0.0,,8,,20261008
BLMIF,Bank Leumi le-Israel B.M.,Financial Services,Banks - Regional,PNK,25.9,56,38039007232,0.0302,25.43,24.48,15.4158,9.85,-8.09,7.55,2.65,0.0,75.0,2,27.0,19.23,-4.07,0.0,,8,,20261008
SVKEF,Skandinaviska Enskilda Banken AB (publ),Financial Services,Banks - Regional,PNK,23.25,26,45207678976,0.0482,22.47,21.0,16.1678,12.37,9.45,1.05,6.82,0.0,75.0,2,23.67,17.7,-1.77,0.0,,8,,20261008
TKO,"TKO Group Holdings, Inc.",Communication Services,Entertainment,NYSE,178.64,1118137,33811140608,5.5749,187.3,194.66,-1.5533,-8.33,-24.17,-25.39,-20.7,0.0,34.0,4,226.94,171.19,-21.28,0.0,,8,,20261008
SYY,Sysco Corporation,Consumer Defensive,Food Distribution,NYSE,76.79,3692257,37774073856,1.4382,80.84,78.74,-2.8143,-9.37,-11.96,-19.22,-14.22,0.0,24.5,4,91.85,68.19,-16.4,0.0,,8,,20261008
PSZKF,Powszechna Kasa Oszczednosci Bank Polski Spólka Akcyjna,Financial Services,Banks - Regional,PNK,31.83,927,39781249024,1.0524,30.56,23.68,1.2007,40.38,35.7,88.33,57.92,0.0,76.25,2,33.85,19.67,-5.98,0.0,,8,,20261008
PCG,PG&E Corporation,Utilities,Utilities - Regulated Electric,NYSE,12.79,36572898,38400274432,0.4891,15.1,16.37,-4.7324,-28.9,-45.52,-36.19,-37.63,0.0,7.5,4,19.16,11.77,-33.25,0.0,,8,,20261008
EQT,EQT Corporation,Energy,Oil & Gas E&P,NYSE,52.31,7187793,32720744448,1.4003,52.78,55.23,-0.3391,0.98,-28.11,-24.43,-19.36,0.0,57.75,4,68.24,47.94,-23.34,0.0,,8,,20261008
PRU,"Prudential Financial, Inc.",Financial Services,Insurance - Life,NYSE,112.36,1713085,38764199936,2.3143,119.04,106.63,-2.8879,-4.82,3.65,-2.35,-0.87,0.0,60.0,3,127.72,91.89,-12.03,0.0,,8,,20261008
FJTSF,Fujitsu Limited,Technology,Information Technology Services,PNK,25.44,31664,47378403328,2.085,24.12,22.98,0.6348,18.05,7.2,-15.64,0.78,0.0,85.0,2,30.96,17.36,-17.83,0.0,,8,,20261008
FJTSY,Fujitsu Limited,Technology,Information Technology Services,PNK,25.95,234790,44805742592,0.738,24.22,23.19,2.3511,20.16,4.36,-17.59,-0.47,0.0,88.75,2,30.05,19.1,-13.64,0.0,,8,,20261008
SDZNY,Sandoz Group AG,Healthcare,Drug Manufacturers - Specialty & Generic,OQX,84.74,23663,36761231360,1.8351,85.69,82.19,-0.5181,-4.07,-12.34,24.73,4.56,0.0,74.5,3,94.15,60.35,-9.99,0.0,,8,,20261008
CCL,Carnival Corporation Ltd.,Consumer Cyclical,Travel Services,NYSE,26.15,21165938,35161554944,0.8887,25.18,27.22,1.0893,-5.27,-21.2,-25.64,-18.99,0.0,48.25,3,34.03,21.45,-23.16,0.0,,8,,20261008
ESLT,Elbit Systems Ltd.,Industrials,Aerospace & Defense,NASDAQ,669.13,79001,31357165568,18.8315,747.1,775.11,-4.1404,-15.71,-42.69,10.83,-14.54,0.0,8.75,4,1016.06,453.0,-34.14,0.0,,8,,20261008
ADYYF,Adyen N.V.,Technology,Software - Infrastructure,PNK,967.7,242,30874103808,76.1499,1086.78,1149.34,-1.5638,0.43,-17.91,-61.07,-30.59,0.0,35.0,4,1834.49,880.0,-47.25,0.0,,8,,20261008
FINMF,Leonardo S.p.a.,Industrials,Aerospace & Defense,PNK,51.85,4241,30374150144,2.1271,61.45,63.8,-4.5131,-17.96,-40.81,-38.86,-34.32,0.0,13.75,4,75.88,51.38,-31.67,0.0,,8,,20261008
HDLMY,Heidelberg Materials AG,Basic Materials,Building Materials,PNK,31.68,139688,27847022592,1.0758,35.96,42.5,-3.9802,-20.33,-42.47,-45.07,-37.98,0.0,10.0,4,57.79,31.51,-45.18,0.0,,8,,20261008
VODPF,Vodafone Group Public Limited Company,Communication Services,Telecom Services,PNK,1.68,2340,37762629632,0.0203,1.62,1.51,3.0087,20.79,-9.89,26.62,12.38,0.0,75.0,2,1.81,1.05,-7.18,0.0,,8,,20261008
DTRUY,Daimler Truck Holding AG,Industrials,Farm & Heavy Construction Machinery,PNK,22.82,33015,34696126464,0.5147,25.88,24.22,-5.9478,-8.69,-24.38,-2.39,-11.66,0.0,24.5,4,28.73,19.43,-20.57,0.0,,8,,20261008
WEGZY,WEG S.A.,Industrials,Electrical Equipment & Parts,OID,10.22,560414,42881380352,0.3326,9.72,9.3,1.5053,11.04,-15.3,39.37,13.15,0.0,88.75,2,10.8,6.57,-5.4,0.0,,8,,20261008
PUKPF,Prudential plc,Financial Services,Insurance - Life,PNK,12.17,300,29945491456,0.0821,13.33,13.82,-14.1095,-3.64,-36.77,-21.62,-22.43,0.0,1.25,4,16.1,11.85,-24.41,0.0,,8,,20261008
IBIDF,"Ibiden Co.,Ltd.",Technology,Electronic Components,PNK,73.8,776,41498603520,1.7228,50.82,34.42,13.3371,47.73,219.91,763.17,394.17,0.0,76.25,2,76.73,14.35,-3.82,0.0,,8,,20261008
HEI,HEICO Corporation,Industrials,Aerospace & Defense,NYSE,295.78,470369,41337446400,7.8615,332.32,322.01,-4.6481,-19.65,-14.69,-25.05,-20.07,0.0,24.5,4,376.86,256.11,-21.51,0.0,,8,,20261008
RSTRF,Restaurant Brands International Limited Partnership,Consumer Cyclical,Restaurants,PNK,74.0,17,24834684928,0.0567,73.64,73.15,6.2886,-0.43,-14.47,-1.14,-5.63,0.0,75.0,2,86.0,65.56,-13.95,0.0,,8,,20261008
DTGHF,Daimler Truck Holding AG,Industrials,Farm & Heavy Construction Machinery,PNK,46.7,142,35501953024,0.5063,51.06,47.91,-8.6039,-5.74,-21.67,0.66,-8.76,0.0,15.75,4,54.9,38.89,-14.94,0.0,,8,,20261008
KMTUY,Komatsu Ltd.,Industrials,Farm & Heavy Construction Machinery,PNK,48.7,79637,43222667264,1.2938,46.24,42.28,1.9005,18.68,-3.21,18.87,11.09,0.0,91.25,2,52.74,30.65,-7.66,0.0,,8,,20261008
DLMAY,Dollarama Inc.,Consumer Defensive,Discount Stores,PNK,12.75,227,34217111552,0.1339,12.59,13.19,1.1825,-8.13,-16.64,-3.54,-9.27,0.0,62.0,3,19.02,10.0,-32.97,0.0,,8,,20261008
IFCZF,Intact Financial Corporation,Financial Services,Insurance - Property & Casualty,PNK,167.33,51266,29508513792,2.4959,187.64,190.78,-8.1381,-23.24,-20.69,-28.14,-24.31,0.0,6.25,4,226.09,166.68,-25.99,0.0,,8,,20261008
BKHPF,Bank Hapoalim B.M.,Financial Services,Banks - Regional,PNK,26.71,21,34900664320,0.0481,24.81,23.69,39.5419,15.33,4.29,48.04,24.55,0.0,75.0,2,26.95,18.28,-0.89,0.0,,8,,20261008
CKHUY,CK Hutchison Holdings Limited,Industrials,Conglomerates,PNK,8.56,190549,32785182720,0.1496,8.79,8.18,-1.5134,0.98,-5.38,19.3,6.08,0.0,50.75,3,9.42,6.4,-9.13,0.0,,8,,20261008
HNDAF,"Honda Motor Co., Ltd.",Consumer Cyclical,Auto Manufacturers,PNK,10.93,37607,42472808448,0.2186,10.36,9.29,2.5997,17.1,20.34,-8.89,7.84,0.0,75.0,2,11.95,7.74,-8.54,0.0,,8,,20261008
ADYEY,Adyen N.V.,Technology,Software - Infrastructure,PNK,9.68,1641265,30556542976,0.2716,10.94,11.49,-4.6501,-2.08,-21.12,-60.92,-32.28,0.0,35.0,4,18.34,8.93,-47.21,0.0,,8,,20261008
ONC,BeOne Medicines AG,Healthcare,Biotechnology,NASDAQ,364.02,391403,41414004736,9.1419,355.43,320.95,0.9396,16.56,1.05,-11.32,-0.02,0.0,90.0,2,385.22,253.95,-5.5,0.0,,8,,20261008
DLMAF,Dollarama Inc.,Consumer Defensive,Discount Stores,PNK,129.77,36836,34826313728,1.0061,130.41,133.59,-0.6389,-4.53,-14.2,-16.44,-12.68,0.0,31.5,4,160.86,112.41,-19.33,0.0,,8,,20261008
NECPY,NEC Corporation,Technology,Information Technology Services,PNK,16.0,1731,1776,0.5897,15.25,14.55,1.274,5.94,0.72,-16.37,-4.81,0.0,82.5,2,20.65,10.78,-22.52,0.0,,8,,20261008
NIPNF,NEC Corporation,Technology,Information Technology Services,PNK,31.6,1896,40957505536,0.5886,30.67,28.8,1.5777,14.9,9.64,-24.64,-2.76,0.0,77.5,2,41.0,21.65,-22.92,0.0,,8,,20261008
AMKBF,A.P. Møller - Mærsk A/S,Industrials,Marine Shipping,PNK,3463.44,65,49861419008,46.0675,3243.87,2643.4,4.7663,42.66,25.62,58.66,43.09,0.0,78.75,2,3628.15,1838.5,-4.54,0.0,,8,,20261008
FINMY,Leonardo S.p.a.,Industrials,Aerospace & Defense,PNK,25.71,59184,29658920960,0.5528,30.39,31.22,-8.4688,-17.55,-37.69,-36.73,-32.27,0.0,7.5,4,37.51,25.59,-31.46,0.0,,8,,20261008
GFIOF,Gold Fields Limited,Basic Materials,Gold,PNK,35.48,65,31609008128,0.9837,31.37,25.77,4.1784,50.34,-1.75,108.54,55.39,0.0,77.5,2,61.4,32.1,-42.21,0.0,,8,,20261008
PSZKY,Powszechna Kasa Oszczednosci Bank Polski Spólka Akcyjna,Financial Services,Banks - Regional,PNK,30.35,35714,39324999680,1.7352,31.14,26.67,-0.4558,4.87,8.3,40.59,20.36,0.0,79.5,3,34.38,17.64,-11.72,0.0,,8,,20261008
BKHYY,Bank Hapoalim B.M.,Financial Services,Banks - Regional,PNK,121.81,9911,31832647680,4.5134,128.26,124.34,-1.4282,1.83,-17.07,10.31,-1.39,0.0,53.25,3,146.0,93.33,-16.57,0.0,,8,,20261008
PAYX,"Paychex, Inc.",Technology,Software - Application,NASDAQ,101.55,3008323,36149817344,2.7595,116.14,102.08,-5.2867,-7.09,0.06,-31.73,-14.44,0.0,25.75,4,129.24,85.45,-21.43,0.0,,8,,20261008
BBDO,Banco Bradesco S.A.,Financial Services,Banks - Regional,NYSE,3.86,85345,40874221568,0.1659,3.17,3.16,4.1557,23.77,-0.9,25.78,15.94,0.0,87.5,2,4.08,2.65,-5.39,0.0,,8,,20261008
BBD,Banco Bradesco S.A.,Financial Services,Banks - Regional,NYSE,4.34,32293576,45957029888,0.1687,3.44,3.54,5.3634,21.49,-1.33,25.74,15.2,0.0,87.5,3,4.58,2.98,-5.24,0.0,,8,,20261008
HAL,Halliburton Company,Energy,Oil & Gas Equipment & Services,NYSE,31.75,11099239,26451890176,0.955,33.91,35.24,-2.261,-10.16,-30.81,16.0,-6.92,0.0,20.75,4,43.59,21.46,-27.16,0.0,,8,,20261008
STLD,"Steel Dynamics, Inc.",Basic Materials,Steel,NASDAQ,234.09,1117831,33551673344,7.6539,241.49,216.84,-0.9668,2.02,9.84,50.08,23.98,0.0,62.75,3,288.74,140.87,-18.93,0.0,,8,,20261008
GFI,Gold Fields Limited,Basic Materials,Gold,NYSE,35.05,3748012,31225921536,1.6277,40.7,42.25,-3.4681,1.65,-41.9,-30.11,-26.3,0.0,32.5,4,61.64,31.11,-43.14,0.0,,8,,20261008
RBLX,Roblox Corporation,Communication Services,Electronic Gaming & Multimedia,NYSE,46.41,12054614,33154187264,2.4052,42.26,54.81,1.7259,-21.41,-31.83,-80.22,-48.58,0.0,36.25,3,141.95,33.88,-67.31,0.0,,8,,20261008
PPRUY,Kering SA,Consumer Cyclical,Luxury Goods,PNK,23.75,431453,29121798144,0.6709,28.67,29.95,-7.3396,-19.22,-41.56,-48.95,-38.93,0.0,11.25,4,40.7,23.18,-41.65,0.0,,8,,20261008
VOD,Vodafone Group Public Limited Company,Communication Services,Telecom Services,NASDAQ,16.79,3944298,38897827840,0.3215,16.42,15.03,1.1452,24.71,-7.1,37.81,18.82,0.0,86.25,2,17.71,11.12,-5.19,0.0,,8,,20261008
QSR,Restaurant Brands International Inc.,Consumer Cyclical,Restaurants,NYSE,69.43,2768335,31806644224,1.5125,74.69,72.43,-3.4747,-10.17,-24.41,-12.5,-16.09,0.0,17.0,4,81.96,64.52,-15.29,0.0,,8,,20261008
VG,"Venture Global, Inc.",Energy,Oil & Gas Midstream,NYSE,13.05,14509979,32626212864,0.6807,13.84,12.12,-1.162,0.77,-24.82,-22.66,-17.56,0.0,61.25,3,17.62,5.72,-25.94,0.0,,8,,20261008
PPRUF,Kering SA,Consumer Cyclical,Luxury Goods,PNK,235.0,449,28815253504,5.4862,288.67,301.72,-9.7834,-20.34,-42.98,-49.61,-39.97,0.0,2.5,4,416.28,228.0,-43.55,0.0,,8,,20261008
AMKBY,A.P. Møller - Mærsk A/S,Industrials,Marine Shipping,PNK,18.4,81319,52979126272,0.4534,16.32,13.18,4.58,48.29,32.95,74.96,53.59,0.0,87.5,2,18.4,9.23,-0.0,0.0,,8,,20261008
SHLAF,Schindler Holding AG,Industrials,Specialty Industrial Machinery,PNK,320.0,92,34944249856,5.0736,322.38,345.14,-0.4693,-11.07,-20.03,-29.54,-21.6,0.0,27.75,4,410.62,300.0,-22.07,0.0,,8,,20261008
SHNDY,Schindler Holding AG,Industrials,Specialty Industrial Machinery,PNK,15.17,13387,32393428992,0.2388,15.49,15.17,-1.3493,-6.87,-23.25,-31.32,-22.38,0.0,52.0,3,20.95,14.38,-27.6,0.0,,8,,20261008
DNNGY,Ørsted A/S,Utilities,Utilities - Renewable,PNK,6.49,118192,25721333760,0.2136,7.02,7.57,-2.4871,-16.89,-38.11,-82.82,-50.69,0.0,10.0,4,33.02,5.75,-80.35,0.0,,8,,20261008
HMC,"Honda Motor Co., Ltd.",Consumer Cyclical,Auto Manufacturers,NYSE,31.67,997822,41097277440,0.5559,31.79,28.56,-0.213,11.14,13.71,-17.73,0.49,0.0,65.75,3,33.45,23.25,-5.32,0.0,,8,,20261008
KMTUF,Komatsu Ltd.,Industrials,Farm & Heavy Construction Machinery,PNK,49.08,4222,43737432064,1.7879,45.64,41.65,1.9257,25.88,-3.23,24.77,15.25,0.0,80.0,2,52.83,30.15,-7.1,0.0,,8,,20261008
DOGEF,Ørsted A/S,Utilities,Utilities - Renewable,PNK,19.95,1457,26854547456,0.8604,21.36,22.89,-1.6379,-16.91,-37.47,-14.81,-23.27,0.0,11.25,4,27.67,16.98,-27.9,0.0,,8,,20261008
CSLLY,CSL Limited,Healthcare,Biotechnology,OQX,31.51,160850,60484616192,0.7415,28.64,24.81,3.8696,41.8,11.49,-21.88,5.72,0.0,90.0,2,36.28,16.01,-13.16,0.0,,8,,20261008
CKHUF,CK Hutchison Holdings Limited,Industrials,Conglomerates,PNK,8.59,8250,32900081664,0.1192,8.79,8.15,-1.6855,1.36,-5.96,16.68,4.92,0.0,38.25,3,9.4,6.4,-8.62,0.0,,8,,20261008
ZTS,Zoetis Inc.,Healthcare,Drug Manufacturers - Specialty & Generic,NYSE,71.55,5469033,29566150656,1.8398,74.09,96.79,-1.3791,-7.69,-55.13,-66.81,-47.94,0.0,19.5,4,148.3,68.77,-51.75,0.0,,8,,20261008
TRAUF,Transurban Group,Industrials,Infrastructure Operations,PNK,8.69,1147,29364396032,0.3197,9.94,10.0,-3.8954,-20.33,-28.04,-26.92,-25.67,0.0,6.25,4,11.3,8.8,-23.1,0.0,,8,,20261008
IBIDY,"Ibiden Co.,Ltd.",Technology,Electronic Components,PNK,39.5,49137,98224603136,3.2709,32.82,23.31,2.0425,25.05,144.31,563.95,282.35,0.0,86.25,2,43.94,5.81,-10.1,0.0,,8,,20261008
ALC,Alcon Inc.,Healthcare,Medical Instruments & Supplies,NYSE,63.0,1858428,30454200320,1.1493,69.24,72.85,-5.4262,-9.82,-33.67,-34.56,-28.06,0.0,10.0,4,87.64,61.84,-28.12,0.0,,8,,20261008
VMC,Vulcan Materials Company,Basic Materials,Building Materials,NYSE,244.13,1079419,31634057216,6.6029,262.78,282.55,-2.8244,-18.94,-31.79,-36.25,-30.36,0.0,10.0,4,331.09,237.03,-26.26,0.0,,8,,20261008
HVRRY,Hannover Rück SE,Financial Services,Insurance - Reinsurance,PNK,49.06,14631,35498262528,0.8256,48.75,47.55,0.3743,-0.65,-17.99,-17.78,-13.57,0.0,86.25,2,55.72,43.0,-11.95,0.0,,8,,20261008
GVDNY,Givaudan SA,Basic Materials,Specialty Chemicals,PNK,81.98,22026,37839171584,1.2902,81.02,76.81,0.7439,-7.0,-0.11,-12.98,-6.98,0.0,62.5,2,90.69,65.97,-9.6,0.0,,8,,20261008
KGC,Kinross Gold Corporation,Basic Materials,Gold,NYSE,23.18,8020579,27497060352,1.0452,27.6,29.34,-4.225,-7.74,-45.31,-25.17,-27.86,0.0,32.5,4,39.11,22.01,-40.73,0.0,,8,,20261008
NTR,Nutrien Ltd.,Basic Materials,Agricultural Inputs,NYSE,69.97,2544252,33390389248,2.1108,72.31,69.39,-1.1069,5.55,-20.54,1.73,-5.11,0.0,72.0,3,85.36,53.03,-18.03,0.0,,8,,20261008
NHOLF,"Sompo Holdings, Inc.",Financial Services,Insurance - Property & Casualty,PNK,40.71,246,36037857280,0.7328,42.5,36.76,-2.4418,6.55,2.52,18.02,9.73,0.0,64.5,3,46.15,29.34,-11.8,0.0,,8,,20261008
AMKAF,A.P. Møller - Mærsk A/S,Industrials,Marine Shipping,PNK,3535.0,55,50891632640,42.9559,3151.09,2606.32,8.9372,45.03,37.37,61.56,48.96,0.0,78.75,2,3535.0,1851.79,0.0,0.0,,8,,20261008
KVUE,Kenvue Inc.,Consumer Defensive,Household & Personal Products,NYSE,17.53,21963358,33671161856,0.3017,18.31,17.55,-2.5964,-10.13,-10.87,1.53,-5.72,0.0,34.0,4,20.13,14.02,-12.92,0.0,,8,,20261008
ACGLN,Arch Capital Group Ltd.,Financial Services,Insurance - Diversified,NASDAQ,15.0,55153,0,0.3014,15.58,16.08,-1.9141,-7.86,-22.95,-27.92,-21.17,0.0,34.0,4,18.11,14.88,-17.17,0.0,,8,,20261008
ACGLO,Arch Capital Group Ltd.,Financial Services,Insurance - Diversified,NASDAQ,18.14,35079,7309313359,0.3183,18.69,19.21,-1.7239,-6.81,-22.4,-28.4,-20.9,0.0,37.75,4,21.87,18.01,-17.06,0.0,,8,,20261008
ACGL,Arch Capital Group Ltd.,Financial Services,Insurance - Diversified,NASDAQ,94.33,2751096,32188143616,1.7866,97.6,96.35,-1.8308,-10.9,-19.88,-13.71,-15.17,0.0,34.0,4,107.09,82.45,-11.92,0.0,,8,,20261008
CHT,"Chunghwa Telecom Co., Ltd.",Communication Services,Telecom Services,NYSE,45.78,211638,35513589760,0.5381,44.04,42.18,3.2338,6.64,-3.93,-6.9,-2.47,0.0,88.75,2,46.48,39.28,-1.51,0.0,,8,,20261008
WAT,Waters Corporation,Healthcare,Diagnostics & Research,NYSE,435.99,769606,42808049664,12.8629,413.84,364.45,1.7221,11.96,21.32,16.1,16.89,0.0,88.75,2,454.54,282.77,-4.08,0.0,,8,,20261008
MLYBY,Malayan Banking Berhad,Financial Services,Banks - Regional,PNK,4.84,1684,32053284864,0.3174,5.33,5.61,-1.5415,0.08,-38.0,-4.75,-15.18,0.0,14.5,1,8.1,4.24,-40.25,0.0,,8,,20261008
SHLRF,Schindler Holding AG,Industrials,Specialty Industrial Machinery,PNK,291.8,20,33152755712,1.3867,300.59,324.69,-6.3367,-10.87,-24.28,-32.72,-24.3,0.0,12.0,4,371.81,287.49,-21.52,0.0,,8,,20261008
CMXHF,CSL Limited,Healthcare,Biotechnology,OQX,126.03,739,61271625728,1.7117,114.16,98.72,6.9338,44.15,14.4,-17.01,9.27,0.0,76.25,2,148.36,63.84,-15.05,0.0,,8,,20261008
GASNY,"Naturgy Energy Group, S.A.",Utilities,Utilities - Regulated Gas,PNK,6.58,50288,30701322240,0.1015,6.7,6.21,-1.146,0.97,-3.04,-7.46,-3.81,0.0,75.75,3,6.97,5.61,-5.6,0.0,,8,,20261008
DNZOF,DENSO Corporation,Consumer Cyclical,Auto Parts,PNK,11.63,3966,27077120000,1.5508,12.4,12.61,-0.4963,-10.31,-27.95,-37.78,-27.47,0.0,48.25,4,16.5,10.25,-29.52,0.0,,8,,20261008
TRPCF,Trip.com Group Limited,Consumer Cyclical,Travel Services,PNK,35.95,16,22637903872,0.3426,42.59,52.7,-19.3952,-16.69,-60.53,-71.67,-54.03,0.0,0.0,4,76.95,35.95,-53.28,0.0,,8,,20261008
ROP,"Roper Technologies, Inc.",Technology,Software - Application,NASDAQ,358.57,806128,35462885376,9.3934,388.97,365.95,-3.2366,-2.66,-14.28,-45.57,-23.89,0.0,45.75,4,520.85,305.96,-31.16,0.0,,8,,20261008
TS,Tenaris S.A.,Energy,Oil & Gas Equipment & Services,NYSE,55.58,1291230,28057888768,1.431,55.38,54.02,0.1423,-2.45,-18.9,39.72,8.66,0.0,88.75,2,64.6,33.65,-13.96,0.0,,8,,20261008
SMPNY,"Sompo Holdings, Inc.",Financial Services,Insurance - Property & Casualty,PNK,20.59,112839,36457500672,0.7123,21.62,19.49,-1.4478,-3.11,-10.93,15.4,1.56,0.0,74.5,3,23.41,14.41,-12.05,0.0,,8,,20261008
KMB,Kimberly-Clark Corporation,Consumer Defensive,Household & Personal Products,NASDAQ,96.48,3899577,32087226368,1.9976,103.6,100.36,-3.5625,-14.83,-13.51,-32.84,-21.57,0.0,20.75,4,123.09,92.42,-21.62,0.0,,8,,20261008
Q,"Qnity Electronics, Inc.",Technology,Semiconductor Equipment & Materials,NYSE,129.72,1709233,27138533376,4.6512,127.52,126.38,0.4721,-13.17,-15.14,21.82,0.14,0.0,61.25,2,177.28,70.5,-26.83,0.0,,8,,20261008
EPIAF,Epiroc AB (publ),Industrials,Farm & Heavy Construction Machinery,PNK,26.73,3501,32350150656,1.2111,26.82,27.15,-0.0753,-3.03,-19.72,2.96,-6.48,0.0,60.25,3,31.48,19.72,-15.08,0.0,,8,,20261008
HVRRF,Hannover Rück SE,Financial Services,Insurance - Reinsurance,PNK,291.63,1,35169742848,0.0957,290.28,287.22,14.1018,1.31,-18.77,-18.08,-13.47,0.0,75.0,2,326.75,262.33,-10.75,0.0,,8,,20261008
LVS,Las Vegas Sands Corp.,Consumer Cyclical,Resorts & Casinos,NYSE,35.81,5367723,23194179584,0.9555,43.17,50.79,-7.7081,-26.06,-49.17,-46.98,-42.52,0.0,3.75,4,70.45,35.7,-49.17,0.0,,8,,20261008
HHUSF,Hua Hong Grace Semiconductor Limited,Technology,Semiconductors,PNK,14.15,57,33057861632,0.0785,15.41,14.52,-16.0436,-38.35,12.24,69.74,22.59,0.0,12.0,4,22.59,9.38,-37.36,0.0,,8,,20261008
EPOAY,Epiroc AB (publ),Industrials,Farm & Heavy Construction Machinery,PNK,26.25,179068,31760910336,0.6613,26.51,26.67,-0.3902,-4.37,-17.55,0.5,-7.04,0.0,59.0,3,30.33,19.55,-13.45,0.0,,8,,20261008
SYM,Symbotic Inc.,Industrials,Specialty Industrial Machinery,NASDAQ,43.31,1615184,26218350592,1.7302,42.23,50.21,0.6226,-3.28,-36.16,-53.13,-34.73,0.0,63.75,3,87.88,37.68,-50.72,0.0,,8,,20261008
CPRT,"Copart, Inc.",Industrials,Specialty Business Services,NASDAQ,26.62,10734098,24658917376,0.8402,30.35,33.31,-4.4336,-9.69,-35.3,-57.09,-37.61,0.0,32.5,4,45.89,26.39,-41.99,0.0,,8,,20261008
MITEF,"Mitsubishi Estate Co., Ltd.",Real Estate,Real Estate - Diversified,PNK,21.9,277,26025205760,0.3551,23.23,26.17,-3.7318,-15.99,-43.04,-13.9,-24.62,0.0,5.0,4,33.16,20.54,-33.96,0.0,,8,,20261008
A,"Agilent Technologies, Inc.",Healthcare,Diagnostics & Research,NYSE,169.09,2259320,47677599744,5.1071,154.17,132.85,2.9222,23.11,29.56,3.33,17.46,0.0,91.25,2,177.05,108.35,-4.5,0.0,,8,,20261008
AAVMY,ABN AMRO Bank N.V.,Financial Services,Banks - Diversified,PNK,45.41,19568,37006233600,0.9911,47.76,38.51,-2.3724,2.16,25.06,32.72,22.4,0.0,70.75,3,50.63,28.46,-10.31,0.0,,8,,20261008
UAL,"United Airlines Holdings, Inc.",Industrials,Airlines,NASDAQ,110.17,3811944,35759394816,3.8946,115.24,109.1,-1.303,-18.28,-1.15,-3.48,-6.36,0.0,48.25,3,138.77,84.64,-20.61,0.0,,8,,20261008
CICOY,"COSCO SHIPPING Holdings Co., Ltd.",Industrials,Marine Shipping,PNK,10.46,10235,31836276736,0.339,10.21,9.12,0.7266,17.42,-5.65,29.19,14.05,0.0,87.5,2,11.55,7.5,-9.44,0.0,,8,,20261008
AVIFY,Advanced Info Service Public Company Limited,Communication Services,Telecom Services,PNK,9.99,4185,33647767552,0.5514,10.78,10.75,-1.4391,-15.94,-23.65,-3.64,-13.72,0.0,22.0,4,13.41,7.85,-25.5,0.0,,8,,20261008
HBANL,Huntington Bancshares Incorporated,Financial Services,Banks - Regional,NASDAQ,24.6,23487,0,0.2069,24.72,24.38,-0.589,-3.21,-13.03,-13.14,-10.62,0.0,72.0,3,25.98,24.31,-5.31,0.0,,8,,20261008
HBANZ,Huntington Bancshares Incorporated,Financial Services,Banks - Regional,NASDAQ,18.54,10907,0,0.2563,19.19,18.54,-2.5402,-8.03,-23.7,-22.17,-19.17,0.0,48.25,3,22.23,18.47,-16.6,0.0,,8,,20261008
HBANM,Huntington Bancshares Incorporated,Financial Services,Banks - Regional,NASDAQ,19.28,19963,0,0.379,20.3,21.02,-2.6944,-9.02,-24.01,-29.89,-22.61,0.0,22.0,4,23.46,19.16,-17.83,0.0,,8,,20261008
HBANP,Huntington Bancshares Incorporated,Financial Services,Banks - Regional,NASDAQ,15.49,69295,0,0.4911,15.92,16.22,-0.8761,-5.97,-20.89,-27.57,-19.83,0.0,32.75,4,18.6,15.0,-16.72,0.0,,8,,20261008
HBAN,Huntington Bancshares Incorporated,Financial Services,Banks - Regional,NASDAQ,15.17,26086980,30649694208,0.3314,16.51,16.59,-4.0391,-17.39,-21.01,-22.7,-20.78,0.0,19.5,4,19.46,14.82,-22.05,0.0,,8,,20261008
RVMD,"Revolution Medicines, Inc.",Healthcare,Biotechnology,NASDAQ,200.87,1894468,43053756416,7.8274,203.33,147.82,-0.3146,1.45,92.06,314.26,158.29,0.0,73.25,3,224.31,46.16,-10.45,0.0,,8,,20261008
MLM,"Martin Marietta Materials, Inc.",Basic Materials,Building Materials,NYSE,479.01,691076,34018996224,12.8825,516.11,585.83,-2.8801,-19.76,-38.6,-41.25,-34.95,0.0,12.5,4,710.97,470.19,-32.63,0.0,,8,,20261008
SUNB,"Sunbelt Rentals Holdings, Inc.",Industrials,Rental & Leasing Services,NYSE,74.77,4512462,30638118912,2.977,74.98,74.77,-0.0714,0.26,-2.53,-11.32,-5.35,0.0,74.5,3,86.68,61.03,-13.74,0.0,,8,,20261008
PUTRY,PTT Public Company Limited,Energy,Oil & Gas Integrated,PNK,6.1,85,34555691008,0.0527,6.02,5.63,1.5296,13.21,-8.28,5.6,2.64,0.0,75.0,2,6.73,4.66,-9.36,0.0,,8,,20261008
WDAY,"Workday, Inc.",Technology,Software - Application,NASDAQ,184.26,3924542,44406657024,7.4302,188.23,156.79,-0.5344,29.54,39.07,-39.67,5.19,0.0,73.25,3,247.4,110.36,-25.52,0.0,,8,,20261008
TGOPF,3i Group plc,Financial Services,Asset Management,PNK,32.05,698,32570503168,0.5464,37.0,37.5,-9.0598,-13.24,-27.04,-61.88,-37.53,0.0,2.5,4,60.68,27.77,-47.18,0.0,,8,,20261008
ADDYY,adidas AG,Consumer Cyclical,Footwear & Accessories,OQX,82.4,102393,28850362368,1.8235,87.3,89.37,-2.6857,-24.27,-10.81,-40.84,-26.19,0.0,24.5,4,118.0,75.19,-30.17,0.0,,8,,20261008
EL,The Estée Lauder Companies Inc.,Consumer Defensive,Household & Personal Products,NYSE,94.45,2950566,34221385728,3.063,94.27,91.39,0.0588,11.94,17.62,-8.93,5.58,0.0,82.5,2,121.64,66.22,-22.35,0.0,,8,,20261008
SBGOF,Standard Bank Group Limited,Financial Services,Banks - Regional,PNK,17.1,3217,26718582784,1.1465,18.69,18.64,-1.387,-10.84,-29.67,24.46,-3.31,0.0,20.75,4,21.68,12.93,-21.13,0.0,,8,,20261008
TCKRF,Teck Resources Limited,Basic Materials,Copper,PNK,64.41,90,31599548416,0.3026,66.9,58.76,-8.2223,6.0,-0.81,28.42,12.58,0.0,63.25,3,71.42,35.97,-9.82,0.0,,8,,20261008
EXPGF,Experian plc,Industrials,Consulting Services,OQX,33.46,1607,29356046336,0.7658,37.95,37.28,-5.865,-8.35,-23.23,-46.56,-28.84,0.0,3.75,4,49.0,31.25,-31.71,0.0,,8,,20261008
DNZOY,DENSO Corporation,Consumer Cyclical,Auto Parts,PNK,11.57,99689,29007616000,0.3718,12.12,12.51,-1.4883,-6.42,-22.55,-40.2,-25.58,0.0,31.5,4,15.46,11.18,-25.16,0.0,,8,,20261008
FNLPF,Fresnillo plc,Basic Materials,Other Precious Metals & Mining,PNK,35.26,6846,25982865408,1.47,39.34,43.94,-2.7757,-7.34,-42.85,-5.18,-18.9,0.0,35.0,3,61.0,27.05,-42.2,0.0,,8,,20261008
CICOF,"COSCO SHIPPING Holdings Co., Ltd.",Industrials,Marine Shipping,PNK,2.17,5368,33023289344,0.0131,2.06,1.85,8.4347,17.15,-0.35,22.71,13.25,0.0,75.0,2,2.24,1.59,-3.12,0.0,,8,,20261008
TSEM,Tower Semiconductor Ltd.,Technology,Semiconductors,NASDAQ,248.25,1888874,28060004352,13.8332,226.27,198.75,1.5891,5.91,6.33,219.45,91.48,0.0,63.75,2,319.94,70.9,-22.41,0.0,,8,,20261008
DASTY,Dassault Systèmes SE,Technology,Software - Application,PNK,24.19,163234,31786967040,0.5637,24.62,23.15,-0.7657,12.54,4.06,-45.55,-13.66,0.0,69.5,3,35.2,18.99,-31.28,0.0,,8,,20261008
ADDDF,adidas AG,Consumer Cyclical,Footwear & Accessories,OQX,160.0,736,27381585920,4.8778,173.86,177.5,-2.8419,-29.48,-9.92,-41.81,-27.56,0.0,18.25,4,225.0,145.65,-28.89,0.0,,8,,20261008
TGOPY,3i Group plc,Financial Services,Asset Management,PNK,7.93,1276388,32235145216,0.2174,9.29,9.27,-6.2499,-14.95,-24.71,-61.76,-37.09,0.0,5.0,4,15.19,6.9,-47.78,0.0,,8,,20261008
GBOOF,"Grupo Financiero Banorte, S.A.B. de C.V.",Financial Services,Banks - Regional,OQX,10.18,14707,29966331904,0.5885,11.37,11.02,-2.0175,-10.51,-22.16,-12.46,-15.37,0.0,47.0,3,13.25,9.01,-23.17,0.0,,8,,20261008
RPRX,Royalty Pharma plc,Healthcare,Biotechnology,NASDAQ,56.76,2915876,32797939712,1.2063,59.21,51.05,-2.0292,-5.33,3.95,43.17,17.32,0.0,72.0,3,64.38,35.23,-11.84,0.0,,8,,20261008
MTB,M&T Bank Corporation,Financial Services,Banks - Regional,NYSE,216.63,1063955,31284893696,3.9448,235.94,221.7,-4.8953,-12.02,-15.32,0.31,-8.24,0.0,19.5,4,255.95,174.76,-15.36,0.0,,8,,20261008
AJNMY,"Ajinomoto Co., Inc.",Consumer Defensive,Packaged Foods,PNK,33.74,40435,32146020352,0.7792,32.92,30.19,1.049,-9.06,-3.83,0.67,-3.34,0.0,60.0,2,39.5,20.58,-14.58,0.0,,8,,20261008
ZM,"Zoom Communications, Inc.",Technology,Software - Application,NASDAQ,94.77,3108475,27652341760,2.9212,97.46,91.2,-0.9203,1.79,-1.69,-0.02,-0.15,0.0,74.5,3,114.74,70.7,-17.4,0.0,,8,,20261008
GVDBF,Givaudan SA,Basic Materials,Specialty Chemicals,PNK,3883.27,25,35847696384,30.9866,3951.45,3800.6,-2.2003,-7.31,-1.92,-22.66,-11.56,0.0,37.0,3,4529.16,3220.99,-14.26,0.0,,8,,20261008
AXON,"Axon Enterprise, Inc.",Industrials,Aerospace & Defense,NASDAQ,406.0,933541,32982390784,20.4433,523.01,494.8,-5.7236,-33.89,-11.86,-60.71,-36.91,0.0,7.5,4,764.02,339.01,-46.86,0.0,,8,,20261008
EXPGY,Experian plc,Industrials,Consulting Services,OQX,33.54,228146,29426237440,0.9159,37.63,36.83,-4.4675,-7.74,-20.34,-45.62,-27.3,0.0,18.25,4,49.17,32.0,-31.79,0.0,,8,,20261008
DSNKY,"Daiichi Sankyo Company, Limited",Healthcare,Drug Manufacturers - General,PNK,17.17,134773,31243446272,0.5744,17.8,18.01,-1.0923,-3.01,-20.74,-51.34,-28.55,0.0,57.75,4,27.5,14.98,-37.56,0.0,,8,,20261008
NTRS,Northern Trust Corporation,Financial Services,Asset Management,NASDAQ,168.18,1052717,30769479680,3.6002,181.22,162.0,-3.6212,-11.24,-3.68,12.93,1.07,0.0,36.25,3,195.78,121.12,-14.1,0.0,,8,,20261008
NTRSO,Northern Trust Corporation,Financial Services,Asset Management,NASDAQ,18.21,42506,0,0.326,18.19,18.43,0.0467,-5.13,-17.61,-22.05,-16.27,0.0,50.75,3,20.48,17.63,-11.08,0.0,,8,,20261008
RSHGY,"Resona Holdings, Inc.",Financial Services,Banks - Regional,PNK,31.53,164201,35154903040,1.1998,30.8,26.05,0.6091,3.78,13.35,45.99,24.01,0.0,86.25,2,33.78,18.36,-6.66,0.0,,8,,20261008
GBOOY,"Grupo Financiero Banorte, S.A.B. de C.V.",Financial Services,Banks - Regional,OQX,52.56,54501,29167228928,2.3327,56.16,53.08,-1.5427,-4.26,-19.34,-0.84,-8.17,0.0,47.0,3,63.81,45.0,-17.63,0.0,,8,,20261008
SZLMY,Swiss Life Holding AG,Financial Services,Insurance - Diversified,PNK,53.55,10482,30629584896,1.1499,56.52,54.97,-2.5795,-10.77,-16.9,-15.05,-14.63,0.0,23.25,4,61.12,50.75,-12.39,0.0,,8,,20261008
TCOM,Trip.com Group Limited,Consumer Cyclical,Travel Services,NASDAQ,38.09,3238517,23985471488,0.8924,42.79,50.8,-5.2649,-11.71,-42.12,-63.62,-43.12,0.0,7.5,4,78.99,37.99,-51.78,0.0,,8,,20261008
CKHGY,Capitec Limited,Financial Services,Banks - Regional,PNK,126.0,1950,29187348480,4.2034,142.12,135.27,-3.8348,-15.33,-21.27,8.35,-7.94,0.0,19.5,4,156.77,102.94,-19.63,0.0,,8,,20261008
AEE,Ameren Corporation,Utilities,Utilities - Regulated Electric,NYSE,101.32,1632957,28049760256,1.5433,104.91,106.58,-2.3256,-12.36,-24.5,-17.62,-18.71,0.0,31.5,4,118.32,96.57,-14.37,0.0,,8,,20261008
BMPSY,Banca Monte dei Paschi di Siena S.p.A.,Financial Services,Banks - Regional,PNK,12.52,35959,38040997888,0.3674,13.48,12.52,-2.6036,-5.53,12.81,12.81,8.22,0.0,63.75,3,13.97,9.66,-10.38,0.0,,8,,20261008
SGBLY,Standard Bank Group Limited,Financial Services,Banks - Regional,PNK,17.75,39336,28742717440,0.3651,19.15,18.4,-3.8405,-11.46,-22.89,11.48,-6.28,0.0,20.75,4,20.74,14.3,-14.42,0.0,,8,,20261008
DSKYF,"Daiichi Sankyo Company, Limited",Healthcare,Drug Manufacturers - General,PNK,17.69,2914,32189667328,0.4159,17.42,17.62,0.6377,4.09,-14.3,-45.14,-22.04,0.0,76.25,3,29.15,13.85,-39.31,0.0,,8,,20261008
CQP,"Cheniere Energy Partners, L.P.",Energy,Oil & Gas Midstream,NYSE,63.44,114493,30708619264,1.8781,66.23,61.41,-1.4833,-4.64,-15.74,8.9,-3.11,0.0,72.0,3,71.25,49.53,-10.96,0.0,,8,,20261008
TECK,Teck Resources Limited,Basic Materials,Copper,NYSE,65.39,3144800,32080332800,2.2089,66.31,59.09,-0.4149,6.9,2.19,35.64,16.75,0.0,73.25,3,72.56,38.0,-9.88,0.0,,8,,20261008
CASY,"Casey's General Stores, Inc.",Consumer Cyclical,Specialty Retail,NASDAQ,633.25,488803,23405027328,21.8291,731.44,732.72,-4.4983,-26.55,-31.93,-3.26,-19.12,0.0,11.25,4,927.85,497.38,-31.75,0.0,,8,,20261008
SVNDF,"Seven & i Holdings Co., Ltd.",Consumer Defensive,Grocery Stores,PNK,12.8,2085,29018351616,0.0419,12.74,12.81,1.4515,6.82,-13.9,-19.89,-11.12,0.0,62.0,3,15.5,10.95,-17.42,0.0,,8,,20261008
MITEY,"Mitsubishi Estate Co., Ltd.",Real Estate,Real Estate - Diversified,PNK,21.88,86406,26216919040,1.1655,23.34,26.31,-1.2548,-19.43,-43.39,-22.01,-28.85,0.0,15.0,4,35.17,20.09,-37.79,0.0,,8,,20261008
VICI,VICI Properties Inc.,Real Estate,REIT - Diversified,NYSE,22.64,9545896,24928393216,0.3756,24.79,26.45,-5.7322,-14.67,-30.95,-41.83,-31.23,0.0,6.25,4,31.69,22.43,-28.56,0.0,,8,,20261008
SAABY,Saab AB (publ),Industrials,Aerospace & Defense,PNK,29.59,80015,31877275648,0.9385,32.12,32.03,-2.6977,-2.63,-27.91,-17.53,-17.44,0.0,55.75,3,40.77,23.29,-27.42,0.0,,8,,20261008
GASNF,"Naturgy Energy Group, S.A.",Utilities,Utilities - Regulated Gas,PNK,33.53,80,32200091648,0.0097,33.74,31.37,-21.3128,-4.07,-1.39,-7.79,-4.62,0.0,62.0,3,33.9,29.37,-1.09,0.0,,8,,20261008
FISV,"Fiserv, Inc.",Unknown,Unknown,NASDAQ,45.31,7200312,24094351360,1.533,50.56,56.42,-3.4277,-15.93,-35.54,-81.87,-49.17,0.0,6.25,4,128.78,43.87,-64.82,0.0,,8,,20261008
FANDF,FirstRand Limited,Financial Services,Banks - Diversified,PNK,,78,32381597696,,,,,,,,,0.0,12.0,3,6.01,4.64,,0.0,,8,,20261008
SAABF,Saab AB (publ),Industrials,Aerospace & Defense,PNK,59.72,2357,32168146944,1.4186,63.42,62.61,-2.611,-4.91,-27.03,-15.58,-16.92,0.0,48.25,3,81.38,47.03,-26.62,0.0,,8,,20261008
KNYJY,KONE Oyj,Industrials,Specialty Industrial Machinery,PNK,29.26,41626,30329958400,0.4295,29.31,31.31,-0.1182,0.55,-27.42,-25.03,-19.47,0.0,55.25,4,38.29,26.52,-23.59,0.0,,8,,20261008
RSNHF,"Resona Holdings, Inc.",Financial Services,Banks - Regional,PNK,16.38,10133,36577599488,1.6483,15.23,12.88,0.6977,7.68,9.28,49.22,24.86,0.0,80.0,2,18.3,9.24,-10.52,0.0,,8,,20261008
FANDY,FirstRand Limited,Financial Services,Banks - Diversified,PNK,53.85,60,29948456960,0.4047,59.52,56.57,-14.0,-12.3,-28.35,4.86,-11.05,0.0,12.0,4,65.3,47.3,-17.53,0.0,,8,,20261008
SVNDY,"Seven & i Holdings Co., Ltd.",Consumer Defensive,Grocery Stores,PNK,12.42,197484,28156868608,0.2937,12.85,13.02,-1.4784,-9.56,-26.59,-23.02,-20.9,0.0,49.75,4,15.65,11.21,-20.64,0.0,,8,,20261008
BMDPF,Banca Monte dei Paschi di Siena S.p.A.,Financial Services,Banks - Regional,PNK,12.25,526,37220622336,0.1551,13.27,11.2,-6.5804,0.96,21.01,24.65,17.45,0.0,51.25,3,13.92,8.05,-12.0,0.0,,8,,20261008
EXR,Extra Space Storage Inc.,Real Estate,REIT - Industrial,NYSE,131.7,1255466,29066524672,2.6241,140.17,138.91,-3.2294,-10.26,-17.76,-19.56,-16.6,0.0,24.5,4,158.88,125.71,-17.11,0.0,,8,,20261008
DTE,DTE Energy Company,Utilities,Utilities - Regulated Electric,NYSE,127.24,1520993,26477125632,2.2556,132.71,138.72,-2.4265,-17.63,-28.56,-24.12,-24.05,0.0,31.5,4,155.75,119.68,-18.3,0.0,,8,,20261008
HENOF,Henkel AG & Co. KGaA,Consumer Defensive,Household & Personal Products,PNK,84.01,81,34011525120,0.3766,87.68,82.98,-9.749,-3.04,-1.66,-12.79,-6.46,0.0,37.0,3,98.0,72.54,-14.28,0.0,,8,,20261008
HENKY,Henkel AG & Co. KGaA,Consumer Defensive,Household & Personal Products,PNK,18.94,68782,30671505408,0.3222,20.04,19.21,-3.4154,-9.66,-7.88,-11.56,-9.8,0.0,20.75,4,22.82,16.83,-17.0,0.0,,8,,20261008
HENOY,Henkel AG & Co. KGaA,Consumer Defensive,Household & Personal Products,PNK,20.77,7665,33635014656,0.3305,21.68,20.6,-2.7425,-6.41,-5.65,-12.17,-8.45,0.0,45.75,3,24.9,17.78,-16.59,0.0,,8,,20261008
MTZ,"MasTec, Inc.",Industrials,Engineering & Construction,NYSE,223.37,1496471,17937715200,11.639,246.06,305.42,-1.9491,-45.59,-51.39,-13.94,-34.96,0.0,10.0,4,441.43,182.34,-49.4,0.0,,8,,20261008
RMD,ResMed Inc.,Healthcare,Medical Instruments & Supplies,NYSE,225.98,1341587,31781656576,5.5833,224.31,224.38,0.2997,5.07,-17.03,-35.81,-19.02,0.0,88.75,3,284.05,180.27,-20.44,0.0,,8,,20261008
RSMDF,ResMed Inc.,Healthcare,Medical Instruments & Supplies,PNK,22.61,26,31798534144,0.0765,21.5,22.08,14.4674,30.85,-2.87,-25.3,-3.41,0.0,75.0,3,28.25,11.85,-19.96,0.0,,8,,20261008
CEBCF,China Everbright Bank Company Limited,Financial Services,Banks - Regional,PNK,0.36,9826,21040363520,0.0014,0.38,0.36,-18.3506,-15.75,-18.3,19.6,-2.5,0.0,12.0,4,0.5,0.35,-28.79,0.0,,8,,20261008
KNYJF,KONE Oyj,Industrials,Specialty Industrial Machinery,PNK,58.12,279,30122645504,0.2431,58.58,62.05,-1.9021,-1.16,-25.18,-27.96,-20.29,0.0,50.25,4,74.11,52.7,-21.58,0.0,,8,,20261008
VWDRY,Vestas Wind Systems A/S,Industrials,Specialty Industrial Machinery,PNK,9.36,191277,27406747648,0.3195,10.23,9.44,-2.7266,-1.02,-19.68,25.6,3.1,0.0,45.75,3,11.36,6.15,-17.61,0.0,,8,,20261008
SXYAY,Sika AG,Basic Materials,Specialty Chemicals,PNK,20.83,140842,33419495424,0.4945,22.85,19.81,-4.0772,0.5,4.37,-22.05,-7.17,0.0,61.25,3,24.21,15.75,-13.96,0.0,,8,,20261008
SHG,"Shinhan Financial Group Co., Ltd.",Financial Services,Banks - Regional,NYSE,77.11,193243,36308348928,2.1086,77.74,67.34,-0.3005,5.6,0.56,35.72,15.88,0.0,75.75,3,85.57,47.05,-9.89,0.0,,8,,20261008
SWSDF,Swiss Life Holding AG,Financial Services,Insurance - Diversified,PNK,1079.0,5,30153191424,4.7993,1131.94,1089.12,-11.0315,-9.29,-14.29,-10.67,-11.59,0.0,24.0,4,1223.37,1037.2,-11.8,0.0,,8,,20261008
DASTF,Dassault Systèmes SE,Technology,Software - Application,PNK,24.0,2198,30341507072,0.9083,24.34,22.96,-0.3781,21.22,2.73,-45.93,-12.11,0.0,68.25,3,34.17,18.14,-29.77,0.0,,8,,20261008
ATO,Atmos Energy Corporation,Utilities,Utilities - Regulated Gas,NYSE,159.21,1012449,26904670208,2.1886,165.17,172.72,-2.725,-11.98,-30.63,-22.98,-22.91,0.0,31.5,4,192.51,154.72,-17.3,0.0,,8,,20261008
KBGGY,Kongsberg Gruppen ASA,Industrials,Aerospace & Defense,PNK,15.35,39134,27004004352,0.484,15.35,15.35,0.0,-7.42,-7.42,-7.42,-7.42,0.0,74.5,3,17.84,15.33,-13.96,0.0,,8,,20261008
HXGBF,Hexagon AB (publ),Technology,Scientific & Technical Instruments,PNK,10.5,3044,28185966592,0.1065,10.33,10.3,1.5943,21.8,-8.28,-31.75,-10.15,0.0,76.25,2,13.11,8.13,-19.91,0.0,,8,,20261008
VEOEF,Veolia Environnement SA,Industrials,Waste Management,PNK,34.84,6007,26402711552,0.928,37.76,38.24,-3.1509,-21.56,-25.4,-7.43,-17.25,0.0,19.5,4,43.84,32.45,-20.53,0.0,,8,,20261008
VWSYF,Vestas Wind Systems A/S,Industrials,Specialty Industrial Machinery,PNK,28.15,1877,27447592960,1.4148,30.59,28.3,-1.7242,-0.76,-19.36,25.91,3.4,0.0,47.0,3,34.3,18.19,-17.93,0.0,,8,,20261008
RJF,"Raymond James Financial, Inc.",Financial Services,Asset Management,NYSE,157.25,1195506,30207725568,3.6689,171.11,159.74,-3.7787,-10.13,-8.43,-21.84,-14.22,0.0,19.5,4,182.73,138.82,-13.94,0.0,,8,,20261008
VEOEY,Veolia Environnement SA,Industrials,Waste Management,PNK,17.34,239338,25734850560,0.2904,18.91,19.11,-5.3995,-20.48,-25.98,-8.75,-17.71,0.0,20.75,4,21.62,16.14,-19.8,0.0,,8,,20261008
IMBBF,Imperial Brands PLC,Consumer Defensive,Tobacco,OQX,33.06,11473,24842336256,1.7108,34.24,37.94,-0.6905,-11.91,-36.2,-34.21,-29.33,0.0,19.5,4,47.18,31.58,-29.93,0.0,,8,,20261008
RYAAY,Ryanair Holdings plc,Industrials,Airlines,NASDAQ,56.0,1428774,29003739136,1.3046,55.79,60.78,0.1612,-15.62,-27.59,-22.04,-22.38,0.0,50.75,3,74.24,51.68,-24.57,0.0,,8,,20261008
MTSI,"MACOM Technology Solutions Holdings, Inc.",Technology,Semiconductors,NASDAQ,335.91,1359357,25653757952,15.9303,280.18,275.77,3.4981,2.2,20.44,138.06,62.93,0.0,63.75,2,418.9,121.97,-19.81,0.0,,8,,20261008
SVNLF,Svenska Handelsbanken AB (publ),Financial Services,Banks - Diversified,PNK,15.51,1553,31660752896,0.1681,15.48,14.96,0.1547,0.72,-4.77,-0.21,-1.57,0.0,77.5,2,16.83,12.26,-7.84,0.0,,8,,20261008
PGPHF,Partners Group Holding AG,Financial Services,Asset Management,PNK,720.22,122,18907740160,17.0722,825.25,1021.06,-6.1523,-15.83,-50.08,-61.74,-46.18,0.0,5.0,4,1400.0,700.5,-48.56,0.0,,8,,20261008
SVNLY,Svenska Handelsbanken AB (publ),Financial Services,Banks - Diversified,PNK,7.48,154830,29646067712,0.1092,7.69,7.07,-1.8978,-2.71,-5.07,16.84,4.29,0.0,73.25,3,8.26,6.14,-9.44,0.0,,8,,20261008
ZS,"Zscaler, Inc.",Technology,Software - Infrastructure,NASDAQ,213.55,2825461,34820333568,9.467,182.82,166.11,3.2465,41.5,39.36,-47.01,5.35,0.0,92.5,2,336.99,114.62,-36.63,0.0,,8,,20261008
NSKFF,Kongsberg Gruppen ASA,Industrials,Aerospace & Defense,PNK,32.2,794,28323418112,0.2679,33.44,32.45,-4.6371,-4.66,-30.71,4.16,-10.25,0.0,50.25,3,45.0,22.39,-28.44,0.0,,8,,20261008
GEHC,GE HealthCare Technologies Inc.,Healthcare,Medical Devices,NASDAQ,64.67,4076809,29210548224,1.5541,68.91,70.97,-2.7252,-3.64,-27.82,-32.18,-23.52,0.0,45.75,4,89.77,58.75,-27.96,0.0,,8,,20261008
CNC,Centene Corporation,Healthcare,Healthcare Plans,NYSE,64.99,4551926,32104734720,2.0911,64.76,53.17,0.1104,-7.51,58.78,55.69,40.97,0.0,61.25,2,69.63,31.63,-6.66,0.0,,8,,20261008
NTRA,"Natera, Inc.",Healthcare,Diagnostics & Research,NASDAQ,395.56,1417614,57017671680,15.9983,340.06,251.77,3.469,36.69,72.07,115.19,80.47,0.0,92.5,2,437.41,167.99,-9.57,0.0,,8,,20261008
WOLWF,Woolworths Group Limited,Consumer Defensive,Grocery Stores,PNK,25.59,77,25955819520,0.2993,29.2,25.6,-12.0704,-18.8,-2.67,29.93,6.33,0.0,12.0,4,30.82,16.0,-16.97,0.0,,8,,20261008
NRG,"NRG Energy, Inc.",Utilities,Utilities - Independent Power Producers,NYSE,108.61,2836504,22830960640,4.7548,112.27,139.4,-0.7689,-26.06,-47.35,-49.91,-43.05,0.0,18.25,4,189.96,93.36,-42.82,0.0,,8,,20261008
IMBBY,Imperial Brands PLC,Consumer Defensive,Tobacco,OQX,33.16,287792,24909944832,0.5034,34.25,37.63,-2.1727,-11.93,-34.95,-30.19,-27.29,0.0,23.25,4,45.6,32.07,-27.28,0.0,,8,,20261008
P,"Everpure, Inc.",Technology,Computer Hardware,NYSE,152.66,4531820,50870476800,6.4444,106.49,79.82,7.1648,84.91,129.68,52.03,87.43,0.0,88.75,2,153.44,56.78,-0.51,0.0,,8,,20261008
AJINF,"Ajinomoto Co., Inc.",Consumer Defensive,Packaged Foods,PNK,33.62,146,32031686656,0.6217,32.29,29.97,2.141,-7.36,2.58,-8.33,-4.27,0.0,51.25,2,39.95,20.26,-15.84,0.0,,8,,20261008
CPNG,"Coupang, Inc.",Consumer Cyclical,Internet Retail,NYSE,14.81,17546492,26621149184,0.4649,15.37,17.99,-1.2072,-26.35,-40.3,-71.31,-49.22,0.0,20.75,4,32.7,13.35,-54.71,0.0,,8,,20261008
IPXHY,Inpex Corporation,Energy,Oil & Gas E&P,PNK,22.99,51314,26583863296,0.8215,24.0,23.65,-1.235,6.4,-30.41,11.03,-4.63,0.0,57.75,3,31.1,16.97,-26.08,0.0,,8,,20261008
PBA,Pembina Pipeline Corporation,Energy,Oil & Gas Midstream,NYSE,45.97,989147,26734084096,0.925,47.37,44.53,-1.5106,-6.7,-10.39,-1.42,-5.88,0.0,47.0,3,51.58,36.2,-10.88,0.0,,8,,20261008
FICO,Fair Isaac Corporation,Technology,Software - Application,NYSE,681.77,547515,14724620288,54.1005,992.68,1202.45,-5.7469,-50.36,-53.12,-80.12,-63.23,0.0,8.75,4,1858.91,586.05,-63.32,0.0,,8,,20261008
TDY,Teledyne Technologies Incorporated,Technology,Scientific & Technical Instruments,NYSE,604.15,321746,28005779456,11.276,631.6,625.15,-2.4346,-7.98,-24.06,-15.2,-16.5,0.0,34.0,4,697.67,483.02,-13.4,0.0,,8,,20261008
FTS,Fortis Inc.,Utilities,Utilities - Regulated Electric,NYSE,53.02,765440,27087919104,0.6725,54.77,54.85,-2.601,-10.05,-21.55,-9.31,-13.78,0.0,35.25,4,59.4,49.6,-10.74,0.0,,8,,20261008
STLA,Stellantis N.V.,Consumer Cyclical,Auto Manufacturers,NYSE,4.61,23234950,17367363584,0.1963,5.18,7.13,-2.8806,-17.16,-56.15,-74.25,-53.64,0.0,8.75,4,12.22,4.3,-62.27,0.0,,8,,20261008
BIIB,Biogen Inc.,Healthcare,Drug Manufacturers - General,NASDAQ,222.15,1063034,32823549952,5.7242,216.51,195.97,0.9855,8.03,7.93,27.23,15.68,0.0,86.25,2,230.49,138.0,-3.62,0.0,,8,,20261008
SAXPY,Sampo Oyj,Financial Services,Insurance - Diversified,PNK,19.53,62996,25714554880,0.2624,21.63,21.32,-7.9893,-14.76,-22.24,-27.05,-22.29,0.0,20.75,4,24.43,19.37,-20.06,0.0,,8,,20261008
TWLO,Twilio Inc.,Technology,Software - Infrastructure,NYSE,273.0,2873685,41926033408,15.0003,242.66,178.3,2.0223,21.24,95.08,131.89,91.34,0.0,91.25,2,308.4,104.5,-11.48,0.0,,8,,20261008
SAXPF,Sampo Oyj,Financial Services,Insurance - Diversified,PNK,10.17,877,26781057024,0.0359,10.75,10.57,-16.1898,-11.53,-15.06,-25.04,-18.17,0.0,12.0,4,11.75,9.8,-13.45,0.0,,8,,20261008
EC,Ecopetrol S.A.,Energy,Oil & Gas Integrated,NYSE,16.63,1884184,34188529664,0.5318,17.08,14.23,-0.8439,4.41,8.16,73.59,33.39,0.0,73.25,3,18.38,8.57,-9.52,0.0,,8,,20261008
MTRJF,MTR Corporation Limited,Industrials,Railroads,PNK,4.47,285,27774402560,0.111,4.1,3.86,3.3112,13.06,10.25,24.08,16.48,0.0,78.75,2,4.55,3.3,-1.76,0.0,,8,,20261008
FTI,TechnipFMC plc,Energy,Oil & Gas Equipment & Services,NYSE,68.4,3047885,26824044544,2.193,73.73,67.27,-2.4325,-6.61,-20.19,63.57,16.71,0.0,33.75,3,80.7,35.29,-15.24,0.0,,8,,20261008
REPYY,"Repsol, S.A.",Energy,Oil & Gas Integrated,OQX,32.25,88811,34302574592,0.8746,32.24,25.82,0.0078,18.23,8.15,67.23,34.3,0.0,85.0,2,35.98,16.56,-10.37,0.0,,8,,20261008
DOV,Dover Corporation,Industrials,Specialty Industrial Machinery,NYSE,188.29,1198292,25358938112,3.9878,196.57,209.08,-2.0775,-14.42,-28.22,-2.74,-14.58,0.0,31.5,4,237.54,158.97,-20.73,0.0,,8,,20261008
VRSN,"VeriSign, Inc.",Technology,Software - Infrastructure,NASDAQ,294.22,771346,26597488640,7.089,289.9,265.48,0.609,5.65,-6.34,-6.96,-3.59,0.0,92.5,2,312.48,208.86,-5.84,0.0,,8,,20261008
KHC,The Kraft Heinz Company,Consumer Defensive,Packaged Foods,NYSE,21.98,16974479,26064404480,0.5777,24.51,23.24,-4.3764,-13.17,-16.49,-24.04,-18.68,0.0,18.25,4,28.09,21.04,-21.75,0.0,,8,,20261008
REPYF,"Repsol, S.A.",Energy,Oil & Gas Integrated,OQX,32.61,409,34685485056,0.3742,31.97,25.45,1.6984,19.69,11.3,73.24,38.17,0.0,75.0,2,35.1,16.6,-7.09,0.0,,8,,20261008
BRDCF,Bridgestone Corporation,Consumer Cyclical,Auto Parts,PNK,22.76,1000,28392749056,1.026,25.01,23.36,-2.1902,4.17,-8.25,-68.26,-29.15,0.0,40.75,4,47.78,18.1,-52.37,0.0,,8,,20261008
CRCL,Circle Internet Group,Financial Services,Capital Markets,NYSE,80.84,13740446,20523325440,5.7358,82.52,86.07,-0.2931,24.65,-29.95,-62.54,-29.34,0.0,60.25,3,159.47,49.9,-49.31,0.0,,8,,20261008
SKFOF,Sika AG,Basic Materials,Specialty Chemicals,PNK,208.24,425,33879672832,2.2296,227.11,198.71,-8.4621,0.65,4.43,-24.41,-8.05,0.0,50.0,3,240.0,157.28,-13.23,0.0,,8,,20261008
IQV,IQVIA Holdings Inc.,Healthcare,Diagnostics & Research,NYSE,258.11,1443485,42484903936,7.5641,256.19,206.43,0.2532,19.86,34.04,8.92,20.45,0.0,83.75,2,277.4,154.5,-6.95,0.0,,8,,20261008
CNP,"CenterPoint Energy, Inc.",Utilities,Utilities - Regulated Electric,NYSE,38.53,6385271,25380491264,0.6609,39.25,41.02,-1.0867,-14.18,-26.33,-17.11,-19.6,0.0,35.25,4,45.26,36.37,-14.87,0.0,,8,,20261008
CHLSY,Chocoladefabriken Lindt & Sprüngli AG,Consumer Defensive,Confectioners,PNK,9.05,149009,20671070208,0.4158,10.71,12.48,-4.0018,-24.89,-49.07,-56.2,-45.88,0.0,17.5,4,17.0,8.9,-46.76,0.0,,8,,20261008
LDSVF,Chocoladefabriken Lindt & Sprüngli AG,Consumer Defensive,Confectioners,PNK,9378.3,5,21420937216,256.6592,10749.72,12531.44,-5.3433,-23.77,-46.4,-54.0,-43.78,0.0,5.0,4,16864.53,8706.93,-44.39,0.0,,8,,20261008
NVZMY,Novozymes A/S,Basic Materials,Specialty Chemicals,PNK,64.56,25328,30108401664,1.5393,66.42,61.63,-1.2084,-3.03,-9.31,-9.08,-7.65,0.0,73.25,3,75.27,49.9,-14.23,0.0,,8,,20261008
TPR,"Tapestry, Inc.",Consumer Cyclical,Luxury Goods,NYSE,113.42,3028385,22506536960,3.3817,128.38,137.71,-4.4235,-22.29,-39.73,-17.5,-26.48,0.0,10.0,4,164.8,93.0,-31.18,0.0,,8,,20261008
BPERF,BPER Banca SpA,Financial Services,Banks - Regional,PNK,15.64,184,32755210240,0.1274,16.03,15.64,-3.1066,-9.36,5.56,-1.59,-1.03,0.0,62.0,3,16.98,12.07,-7.88,0.0,,8,,20261008
BTGOF,BT Group plc,Communication Services,Telecom Services,PNK,2.58,20804,26801850368,0.1139,2.65,2.69,-0.6144,-0.86,-21.74,-15.0,-13.82,0.0,52.75,3,3.22,2.19,-19.88,0.0,,8,,20261008
OTIS,Otis Worldwide Corporation,Industrials,Specialty Industrial Machinery,NYSE,65.74,4052946,25025202176,1.5217,69.89,77.03,-2.7292,-11.79,-31.91,-43.04,-31.33,0.0,10.0,4,94.56,63.58,-30.48,0.0,,8,,20261008
HNNMY,H & M Hennes & Mauritz AB (publ),Consumer Cyclical,Apparel Manufacturing,PNK,3.2,218126,25541967872,0.0673,3.49,3.6,-4.3558,-8.98,-26.97,-30.73,-23.97,0.0,11.25,4,4.25,3.07,-24.71,0.0,,8,,20261008
BPXXY,BPER Banca SpA,Financial Services,Banks - Regional,PNK,31.97,95,33477867520,0.2252,33.09,29.1,-4.9851,-3.92,11.54,24.18,12.73,0.0,62.0,3,35.78,23.52,-10.66,0.0,,8,,20261008
DXCM,"DexCom, Inc.",Healthcare,Medical Devices,NASDAQ,84.3,4466296,31811514368,2.2933,87.07,73.33,-1.2089,11.8,12.56,10.06,11.37,0.0,77.0,3,92.59,54.11,-8.95,0.0,,8,,20261008
IPXHF,Inpex Corporation,Energy,Oil & Gas E&P,PNK,24.15,217,27925198848,0.1478,23.58,23.07,3.8436,18.57,-33.44,8.77,-3.55,0.0,75.0,2,30.0,15.85,-19.5,0.0,,8,,20261008
IR,Ingersoll Rand Inc.,Industrials,Specialty Industrial Machinery,NYSE,77.24,4291828,29969074176,2.1378,78.79,81.52,-0.7237,-3.38,-24.28,-24.28,-19.06,0.0,36.5,4,100.96,68.07,-23.49,0.0,,8,,20261008
NVZMF,Novozymes A/S,Basic Materials,Specialty Chemicals,PNK,65.71,568,30364901376,1.2642,66.5,61.5,-0.628,2.11,-9.57,-9.63,-6.67,0.0,65.75,3,72.98,52.1,-9.96,0.0,,8,,20261008
ICTEF,"International Container Terminal Services, Inc.",Industrials,Marine Shipping,PNK,14.85,3781,29875171328,1.0936,15.52,8.5,-0.6089,-14.99,10.67,-461.38,-184.57,0.0,44.5,3,17.79,8.57,-16.53,0.0,,8,,20261008
ALPMF,Astellas Pharma Inc.,Healthcare,Drug Manufacturers - General,PNK,14.25,5620,27522762752,1.0591,14.91,14.49,-0.6234,-2.07,-22.65,15.42,-2.28,0.0,55.25,3,17.85,9.85,-20.17,0.0,,8,,20261008
TPL,Texas Pacific Land Corporation,Energy,Oil & Gas E&P,NYSE,345.79,359611,23850756096,13.4684,361.74,396.89,-1.1841,-15.02,-38.18,-9.97,-21.1,0.0,24.5,4,547.2,269.23,-36.81,0.0,,8,,20261008
FSLR,"First Solar, Inc.",Technology,Solar,NASDAQ,180.13,2265609,19358533632,8.0484,206.01,223.04,-3.2158,-24.82,-25.84,-38.51,-30.65,0.0,11.25,4,320.95,168.6,-43.88,0.0,,8,,20261008
TTNDY,Techtronic Industries Company Limited,Industrials,Tools & Accessories,OQX,83.4,48247,30450683904,1.315,85.13,75.02,-1.3151,0.39,3.35,23.04,10.49,0.0,75.75,3,94.6,53.51,-11.84,0.0,,8,,20261008
ARES,Ares Management Corporation,Financial Services,Asset Management,NYSE,115.75,2164139,38403063808,4.0853,131.62,126.51,-3.8838,-7.5,-2.85,-36.67,-17.54,0.0,43.25,4,181.19,95.8,-36.12,0.0,,8,,20261008
AMRZ,Amrize Ltd,Basic Materials,Building Materials,NYSE,36.39,3732361,19902623744,1.0454,42.93,51.66,-6.2535,-31.1,-50.76,-40.76,-41.85,0.0,5.0,4,65.94,36.17,-44.81,0.0,,8,,20261008
NTAP,"NetApp, Inc.",Technology,Software - Infrastructure,NASDAQ,235.77,2577907,46309711872,8.5798,195.85,140.08,4.6531,34.06,122.19,81.38,83.83,0.0,92.5,2,238.07,93.69,-0.97,0.0,,8,,20261008
SGGKY,Singapore Technologies Engineering Ltd,Industrials,Aerospace & Defense,PNK,87.24,160,27378139136,1.0762,84.31,81.4,2.7254,-0.55,-16.27,9.97,-1.84,0.0,75.0,2,94.65,61.0,-7.83,0.0,,8,,20261008
EIX,Edison International,Utilities,Utilities - Regulated Electric,NYSE,54.41,4755676,20937728000,1.8885,61.86,66.15,-3.9449,-29.55,-40.29,-10.49,-25.68,0.0,8.75,4,81.62,51.1,-33.34,0.0,,8,,20261008
CCOZY,China Coal Energy Company Limited,Energy,Thermal Coal,PNK,29.19,57,19351019520,0.2327,29.12,29.71,0.3099,-3.14,-26.14,6.45,-7.35,0.0,62.0,3,34.0,24.63,-14.15,0.0,,8,,20261008
PPLC,PPL Corporation,Utilities,Utilities - Regulated Electric,NYSE,45.73,174301,0,0.5495,46.07,45.73,-0.6143,-6.71,-24.82,-21.03,-18.78,0.0,44.5,3,52.57,43.74,-13.01,0.0,,8,,20261008
PPL,PPL Corporation,Utilities,Utilities - Regulated Electric,NYSE,33.95,7471695,25548898304,0.5426,34.11,35.58,-0.2958,-7.65,-27.41,-22.63,-20.56,0.0,32.75,4,40.11,31.56,-15.36,0.0,,8,,20261008
TTNDF,Techtronic Industries Company Limited,Industrials,Tools & Accessories,OQX,17.35,1869,31673821184,0.608,16.96,15.27,0.6349,4.2,3.24,24.25,11.88,0.0,77.5,2,20.25,10.89,-14.32,0.0,,8,,20261008
RDDT,"Reddit, Inc.",Communication Services,Internet Content & Information,NYSE,152.71,5822004,29380872192,7.236,154.84,167.4,-0.2938,-27.41,-10.24,-41.98,-27.23,0.0,35.25,4,263.5,119.27,-42.05,0.0,,8,,20261008
HRSHF,"Haier Smart Home Co., Ltd.",Consumer Cyclical,"Furnishings, Fixtures & Appliances",PNK,2.6,11028,24188028928,0.0311,2.64,2.77,-1.1542,-1.13,-11.27,-31.57,-16.85,0.0,24.0,4,3.75,2.25,-30.67,0.0,,8,,20261008
SGGKF,Singapore Technologies Engineering Ltd,Industrials,Aerospace & Defense,PNK,8.42,222,26258309120,0.0544,8.1,8.11,5.9262,-2.47,-25.19,7.74,-6.34,0.0,50.0,3,9.32,6.01,-9.64,0.0,,8,,20261008
GELYF,Geely Automobile Holdings Limited,Consumer Cyclical,Auto Manufacturers,PNK,2.02,51570,20816752640,0.1916,2.23,2.39,-1.0899,-22.53,-48.89,-34.52,-36.55,0.0,12.5,4,3.3,1.71,-38.79,0.0,,8,,20261008
AONNF,"Aeon Co., Ltd.",Consumer Cyclical,Department Stores,PNK,8.39,32,23211982848,0.0733,5.17,2.56,43.8753,414.68,303.23,689.52,485.61,0.0,75.0,2,17.21,8.39,-51.25,0.0,,8,,20261008
CW,Curtiss-Wright Corporation,Industrials,Aerospace & Defense,NYSE,509.1,353341,18803324928,18.3465,613.17,676.16,-5.6724,-36.61,-45.66,-24.94,-35.11,0.0,10.0,4,808.16,502.43,-37.01,0.0,,8,,20261008
GELHY,Geely Automobile Holdings Limited,Consumer Cyclical,Auto Manufacturers,PNK,37.95,36331,20466210816,0.955,43.93,46.77,-6.2657,-21.9,-51.39,-38.13,-38.71,0.0,5.0,4,64.9,36.54,-41.53,0.0,,8,,20261008
HLVTY,Helvetia Baloise Holding AG,Financial Services,Insurance - Diversified,PNK,6.19,6,24516206592,0.0013,6.19,6.35,0.0,-9.84,-29.47,-11.57,-17.4,0.0,37.0,3,7.75,5.96,-20.13,0.0,,8,,20261008
ANPDF,ANTA Sports Products Limited,Consumer Cyclical,Leisure,PNK,9.1,339,25211547648,0.0658,9.35,9.76,-3.8293,1.1,-24.91,-33.69,-21.92,0.0,49.0,4,11.81,8.87,-22.95,0.0,,8,,20261008
HMRZF,H & M Hennes & Mauritz AB (publ),Consumer Cyclical,Apparel Manufacturing,PNK,18.56,46,29628682240,0.0052,18.42,18.89,27.6477,5.01,-19.86,-20.62,-13.95,0.0,62.0,3,20.91,16.8,-11.24,0.0,,8,,20261008
DUAVF,Dassault Aviation société anonyme,Industrials,Aerospace & Defense,PNK,317.21,167,24440592384,13.3609,339.16,351.93,-1.6422,-10.39,-35.37,-20.81,-23.3,0.0,19.5,4,425.3,302.22,-25.41,0.0,,8,,20261008
FE,FirstEnergy Corp.,Utilities,Utilities - Regulated Electric,NYSE,44.58,4276984,25795770368,0.7063,45.96,46.76,-1.9504,-9.13,-27.06,-16.97,-18.54,0.0,32.75,4,52.34,42.67,-14.83,0.0,,8,,20261008
KHNGY,Kuehne + Nagel International AG,Industrials,Integrated Freight & Logistics,PNK,53.64,4339,31851452416,0.9479,52.66,47.22,1.0375,2.04,3.81,26.41,12.41,0.0,90.0,2,56.57,36.76,-5.18,0.0,,8,,20261008
TELFY,"Telefónica, S.A.",Communication Services,Telecom Services,PNK,3.84,383468,21612494848,0.1583,4.09,4.09,-1.5531,-5.69,-26.69,-32.45,-23.75,0.0,27.0,4,5.32,3.62,-27.82,0.0,,8,,20261008
NVT,nVent Electric plc,Industrials,Electrical Equipment & Parts,NYSE,167.82,2186458,27163000832,6.7571,158.75,141.34,1.343,2.67,16.84,55.42,28.73,0.0,85.0,2,184.64,93.22,-9.11,0.0,,8,,20261008
ANPDY,ANTA Sports Products Limited,Consumer Cyclical,Leisure,PNK,229.29,1925,25409912832,5.3348,233.95,241.44,-0.873,-1.51,-24.02,-38.02,-23.99,0.0,31.5,4,288.44,216.34,-20.51,0.0,,8,,20261008
HSHCY,"Haier Smart Home Co., Ltd.",Consumer Cyclical,"Furnishings, Fixtures & Appliances",PNK,9.95,82553,23141431296,0.3017,10.56,11.03,-2.0326,0.1,-18.11,-36.4,-20.87,0.0,52.0,4,14.22,9.69,-30.03,0.0,,8,,20261008
CFG,"Citizens Financial Group, Inc.",Financial Services,Banks - Regional,NYSE,63.07,3847712,26563620864,1.3806,69.32,64.66,-4.5253,-12.78,-15.31,3.34,-7.22,0.0,19.5,4,75.33,47.95,-16.28,0.0,,8,,20261008
BAP,Credicorp Ltd.,Financial Services,Banks - Regional,NYSE,376.11,303590,29870399488,9.5025,381.28,344.66,-0.5436,-7.68,-3.73,31.84,9.51,0.0,50.75,3,413.25,230.45,-8.99,0.0,,8,,20261008
