ticker,name,sector,industry,exchange,close,avg_volume_50d,market_cap,atr14,sma50,sma200,atr_extension,rs_3m,rs_6m,rs_12m,rs_score,rs_percentile,trend_strength,stage,52w_high,52w_low,pct_from_52w_high,rts_composite,rts_grade,rts_grade_rank,colour_band,run_date
KLBAY,Klabin S.A.,Basic Materials,Paper & Paper Products,PNK,7.28,4724,22394296320,0.1085,6.75,7.06,4.8911,-2.44,-10.35,-17.29,-11.15,0.0,62.5,3,10.23,5.98,-28.82,0.0,,8,,20260804
VEMLF,Venture Corporation Limited,Technology,Electronic Components,PNK,13.99,11,4022543104,0.002,13.99,11.65,0.0,9.99,12.63,45.3,25.04,0.0,75.0,3,14.16,9.16,-1.2,0.0,,8,,20260804
TAC,TransAlta Corporation,Utilities,Utilities - Independent Power Producers,NYSE,12.34,1666885,0,0.4655,13.57,13.58,-2.6414,-6.53,-13.16,-18.03,-13.45,0.0,48.25,4,17.88,11.38,-30.98,0.0,,8,,20260804
RXO,"RXO, Inc.",Industrials,Trucking,NYSE,20.74,2399353,3420447488,1.6467,26.35,18.2,-3.4057,0.46,32.17,13.04,16.59,0.0,57.5,3,29.9,10.43,-30.64,0.0,,8,,20260804
VEMLY,Venture Corporation Limited,Technology,Electronic Components,PNK,59.67,154,3432531712,1.6053,68.49,62.2,-5.4939,-11.88,-17.22,8.11,-5.75,0.0,13.25,4,72.94,45.42,-18.19,0.0,,8,,20260804
HCHDF,Hochschild Mining plc,Basic Materials,Other Precious Metals & Mining,OQX,5.77,6769,3014726400,0.2723,6.77,7.29,-3.6653,-34.36,-48.29,37.75,-10.39,0.0,11.25,4,11.23,3.45,-48.62,0.0,,8,,20260804
SLGN,Silgan Holdings Inc.,Consumer Cyclical,Packaging & Containers,NYSE,41.37,1131064,4371971584,1.7775,42.37,41.47,-0.562,-0.67,-13.18,-30.5,-16.98,0.0,57.75,3,49.55,35.68,-16.51,0.0,,8,,20260804
SOHVY,"Sumitomo Heavy Industries, Ltd.",Industrials,Specialty Industrial Machinery,PNK,7.97,139,3791779328,0.0331,8.18,7.8,-6.2607,-9.39,-3.93,33.73,9.77,0.0,37.0,3,10.16,5.3,-21.51,0.0,,8,,20260804
TUIFF,TUI AG,Consumer Cyclical,Travel Services,PNK,7.99,120,4054373888,0.0306,7.99,8.85,0.0065,-4.34,-35.57,-29.67,-25.4,0.0,64.5,3,11.15,7.2,-28.34,0.0,,8,,20260804
GCWOF,"GCC, S.A.B. de C.V.",Basic Materials,Building Materials,PNK,11.5,1453,3750880512,0.0258,11.58,10.67,-2.9297,-11.15,-3.4,9.04,-0.36,0.0,38.25,3,12.43,8.83,-7.48,0.0,,8,,20260804
WPP,WPP plc,Communication Services,Advertising Agencies,NYSE,20.35,480948,4389595136,0.838,18.25,18.67,2.5081,10.12,-9.88,-42.25,-17.83,0.0,86.25,3,27.5,14.81,-26.0,0.0,,8,,20260804
KRC,Kilroy Realty Corporation,Real Estate,REIT - Office,NYSE,39.0,1542185,4580259328,1.1488,37.52,35.09,1.2901,12.18,6.88,-8.8,1.93,0.0,86.25,2,45.03,27.36,-13.39,0.0,,8,,20260804
ATMU,Atmus Filtration Technologies Inc.,Consumer Cyclical,Auto Parts,NYSE,53.88,860885,4400510976,1.9125,50.4,54.01,1.818,-2.96,-16.95,17.88,0.48,0.0,50.75,3,66.5,37.22,-18.98,0.0,,8,,20260804
HP,"Helmerich & Payne, Inc.",Energy,Oil & Gas Drilling,NYSE,34.16,1186809,0,1.2521,35.48,32.92,-1.0568,-20.38,-7.83,97.44,31.14,0.0,52.0,3,41.82,15.17,-18.32,0.0,,8,,20260804
PONY,Pony AI Inc.,Technology,Information Technology Services,NASDAQ,8.05,4480880,3497029632,0.4122,7.91,12.09,0.3382,-24.01,-52.08,-61.3,-48.75,0.0,38.75,3,24.92,6.37,-67.7,0.0,,8,,20260804
SZGPY,Salzgitter AG,Basic Materials,Steel,PNK,6.03,1224,3285972992,0.1977,6.23,5.23,-0.9957,10.02,1.73,111.44,47.69,0.0,63.25,3,7.99,2.25,-24.53,0.0,,8,,20260804
UCB,"United Community Banks, Inc.",Financial Services,Banks - Regional,NYSE,35.83,941482,4291138048,0.7023,34.46,32.41,1.9558,2.26,-4.38,-0.02,-0.97,0.0,88.75,2,37.18,28.65,-3.63,0.0,,8,,20260804
IPGLF,Interpump Group S.p.a.,Industrials,Specialty Industrial Machinery,PNK,51.0,0,5359804416,0.0007,51.0,48.55,0.0,-3.52,4.04,-9.69,-3.35,0.0,75.0,3,56.8,37.25,-10.21,0.0,,8,,20260804
AMRX,"Amneal Pharmaceuticals, Inc.",Healthcare,Drug Manufacturers - Specialty & Generic,NASDAQ,18.85,1943874,6019396096,0.6193,16.19,13.53,4.2934,41.51,27.72,119.85,68.02,0.0,90.0,2,19.26,7.8,-2.13,0.0,,8,,20260804
FLNC,"Fluence Energy, Inc.",Utilities,Utilities - Renewable,NASDAQ,14.56,12003035,2683563776,1.6422,19.12,18.9,-2.7772,14.03,-62.76,58.11,4.79,0.0,10.0,4,33.51,6.6,-56.55,0.0,,8,,20260804
MWA,MUELLER WATER PRODUCTS,Industrials,Specialty Industrial Machinery,NYSE,25.79,1237754,0,0.6518,25.42,26.21,0.5643,-11.0,-14.33,-15.93,-14.14,0.0,47.0,3,31.0,22.74,-16.81,0.0,,8,,20260804
SPASF,SATS Ltd.,Industrials,Airports & Air Services,PNK,3.69,48,5306505216,0.0196,3.09,2.73,30.4044,31.4,34.68,30.13,32.04,0.0,75.0,2,3.69,2.28,0.0,0.0,,8,,20260804
PEYUF,Peyto Exploration & Development Corp.,Energy,Oil & Gas E&P,PNK,18.23,101712,3734563328,0.4233,17.62,17.19,1.4318,-9.23,-6.15,12.6,0.58,0.0,63.75,2,21.26,12.98,-14.25,0.0,,8,,20260804
ACRXF,"Acerinox, S.A.",Basic Materials,Steel,PNK,18.14,90,4518494208,0.0277,18.02,13.64,4.3027,15.55,46.53,34.69,34.05,0.0,75.0,2,18.48,11.15,-1.84,0.0,,8,,20260804
BLLN,"BillionToOne, Inc.",Healthcare,Diagnostics & Research,NASDAQ,137.32,755450,6316100096,7.4147,113.34,137.32,3.2342,71.8,56.35,12.08,42.51,0.0,86.25,3,140.21,61.96,-2.06,0.0,,8,,20260804
CVCO,"Cavco Industries, Inc.",Consumer Cyclical,Residential Construction,NASDAQ,545.64,127904,4205537280,21.696,570.48,558.27,-1.1449,1.44,0.82,13.97,6.24,0.0,59.0,3,713.01,422.26,-23.47,0.0,,8,,20260804
POWI,"Power Integrations, Inc.",Technology,Semiconductors,NASDAQ,60.4,1119846,3365487104,4.4837,75.05,54.15,-3.2682,-22.83,22.31,5.51,4.31,0.0,35.0,3,91.18,30.86,-33.76,0.0,,8,,20260804
TDW,Tidewater Inc.,Energy,Oil & Gas Equipment & Services,NYSE,71.48,750798,3554747136,2.983,72.9,68.6,-0.4764,-24.04,4.31,21.73,4.19,0.0,52.0,3,93.13,46.65,-23.25,0.0,,8,,20260804
SKY,"Champion Homes, Inc.",Consumer Cyclical,Residential Construction,NYSE,80.83,772283,4437104640,3.163,80.07,81.18,0.2391,-0.3,-6.95,11.53,2.1,0.0,70.75,3,99.17,63.69,-18.49,0.0,,8,,20260804
ENVA,"Enova International, Inc.",Financial Services,Credit Services,NYSE,258.57,350382,6437972480,9.5803,209.99,162.25,5.0708,45.86,46.47,126.1,78.17,0.0,86.25,2,262.2,101.16,-1.38,0.0,,8,,20260804
EDVGF,Endeavour Group Limited,Consumer Defensive,Beverages - Wineries & Distilleries,PNK,2.25,54,4040382720,0.0032,2.18,2.34,20.5654,-11.05,-20.38,-30.25,-22.0,0.0,37.0,3,2.88,1.9,-21.87,0.0,,8,,20260804
SZGPF,Salzgitter AG,Basic Materials,Steel,PNK,64.55,16,3525087744,0.5012,61.83,50.36,5.4267,17.66,5.36,112.09,51.13,0.0,76.25,2,76.94,25.82,-16.11,0.0,,8,,20260804
BNL,"Broadstone Net Lease, Inc.",Real Estate,REIT - Diversified,NYSE,21.26,1848000,4253330176,0.4585,21.11,18.89,0.3318,4.36,8.26,18.21,11.26,0.0,86.25,2,23.1,16.25,-7.97,0.0,,8,,20260804
CDPYF,Canadian Apartment Properties Real Estate Investment Trust,Real Estate,REIT - Residential,PNK,24.72,35146,3823215360,0.2678,24.84,26.08,-0.4571,-12.67,-20.56,-42.33,-27.3,0.0,35.25,4,31.8,24.02,-22.26,0.0,,8,,20260804
VEON,VEON Ltd.,Communication Services,Telecom Services,NASDAQ,53.12,94569,3678101504,1.7721,52.61,51.89,0.2878,0.22,-12.86,-24.1,-14.09,0.0,87.5,2,64.0,42.6,-17.0,0.0,,8,,20260804
NGXXF,NGEx Minerals Ltd.,Basic Materials,Other Industrial Metals & Mining,OQX,18.03,37214,3909964032,0.7518,18.41,18.95,-0.5072,-6.64,-22.76,6.13,-7.17,0.0,32.75,4,23.6,14.05,-23.61,0.0,,8,,20260804
MNGPF,Man Group Plc,Financial Services,Asset Management,PNK,4.06,3591,4650034688,0.0469,3.88,3.43,3.7887,-1.04,-0.35,64.76,25.52,0.0,75.0,2,4.11,2.1,-1.22,0.0,,8,,20260804
GFF,Griffon Corporation,Industrials,Building Products & Equipment,NYSE,89.41,354437,4100935680,3.1987,90.4,81.91,-0.3105,-8.56,0.25,-10.04,-6.07,0.0,72.0,3,98.37,65.01,-9.11,0.0,,8,,20260804
SNNRF,Sunrise Communications AG,Unknown,Unknown,PNK,52.36,2866,0,0.9345,54.59,52.36,-2.3863,-23.93,-31.35,-10.52,-21.17,0.0,38.25,3,62.83,48.41,-16.66,0.0,,8,,20260804
GPI,"Group 1 Automotive, Inc.",Consumer Cyclical,Auto & Truck Dealerships,NYSE,292.14,199209,3482959104,18.2272,313.7,352.62,-1.1827,-22.66,-27.33,-49.91,-35.19,0.0,15.0,4,488.39,274.27,-40.18,0.0,,8,,20260804
CRNX,"Crinetics Pharmaceuticals, Inc.",Healthcare,Biotechnology,NASDAQ,83.76,3727664,8865177600,1.3225,55.01,46.22,21.7408,109.25,57.64,171.77,116.2,0.0,82.5,2,84.0,25.83,-0.29,0.0,,8,,20260804
NDGPY,Nine Dragons Paper (Holdings) Limited,Basic Materials,Paper & Paper Products,PNK,18.49,30,4340304384,0.0827,17.1,17.2,16.7737,10.27,-26.93,57.05,15.96,0.0,75.0,3,22.8,10.5,-18.9,0.0,,8,,20260804
SNYYF,Sany Heavy Equipment International Holdings Company Limited,Industrials,Farm & Heavy Construction Machinery,PNK,0.97,2758,3191019008,0.0186,0.96,1.25,0.4344,-41.63,-45.63,-17.22,-33.27,0.0,27.5,3,2.14,0.83,-54.67,0.0,,8,,20260804
CWLLF,CWLLF,Technology,Electronic Components,PNK,2.99,9,2601413120,0.0052,3.26,2.99,-52.1402,-27.36,-27.36,-27.36,-27.36,0.0,37.0,3,4.46,2.99,-32.96,0.0,,8,,20260804
BETA,"BETA Technologies, Inc.",Industrials,Aerospace & Defense,NYSE,19.39,1637275,4639202816,1.3172,17.39,19.39,1.5218,13.92,-19.89,-59.28,-27.19,0.0,88.75,3,39.5,13.43,-50.91,0.0,,8,,20260804
OII,"Oceaneering International, Inc.",Energy,Oil & Gas Equipment & Services,NYSE,48.72,1103153,4849084416,2.3822,41.07,33.19,3.2093,26.02,51.78,103.32,65.96,0.0,90.0,2,53.98,21.03,-9.74,0.0,,8,,20260804
KTB,"Kontoor Brands, Inc.",Consumer Cyclical,Apparel Manufacturing,NYSE,84.66,839891,4679357952,3.0764,79.69,71.36,1.6159,12.74,33.79,35.29,29.13,0.0,86.25,2,88.96,55.17,-4.83,0.0,,8,,20260804
HGV,Hilton Grand Vacations Inc.,Consumer Cyclical,Resorts & Casinos,NYSE,45.29,1161519,3520126464,2.2014,50.62,45.81,-2.4223,-6.82,-9.68,-20.15,-13.15,0.0,49.5,3,55.4,36.79,-18.25,0.0,,8,,20260804
NINOY,Nikon Corporation,Consumer Cyclical,Leisure,PNK,11.8,9243,3887117824,0.7596,12.88,12.19,-1.4233,-2.17,-17.24,2.75,-5.47,0.0,43.25,3,15.0,9.45,-21.33,0.0,,8,,20260804
PII,Polaris Inc.,Consumer Cyclical,Recreational Vehicles,NYSE,70.64,846079,4019664896,3.3554,69.16,64.03,0.4406,1.98,2.92,18.18,8.79,0.0,88.75,2,77.98,47.14,-9.41,0.0,,8,,20260804
SNPHY,"Santen Pharmaceutical Co., Ltd.",Healthcare,Drug Manufacturers - General,PNK,12.26,3251,3943886592,0.5743,12.45,11.14,-0.3284,16.83,-1.48,-10.05,-0.33,0.0,74.5,3,13.93,9.22,-11.99,0.0,,8,,20260804
NP,Neptune Insurance Holdings Inc.,Financial Services,Insurance Brokers,NYSE,31.63,946114,4340682240,1.88,29.54,26.15,1.1093,22.08,13.96,13.25,15.71,0.0,87.5,2,35.15,14.78,-10.01,0.0,,8,,20260804
MANDF,Mandatum Oyj,Financial Services,Financial Conglomerates,PNK,6.76,53,3401711616,0.0843,7.0,6.76,-2.7982,-12.05,-11.22,0.14,-6.88,0.0,37.0,3,8.6,4.23,-21.44,0.0,,8,,20260804
BFLBF,Bilfinger SE,Industrials,Engineering & Construction,PNK,94.72,218,3498930688,0.3329,98.12,114.09,-10.2021,-21.0,-38.66,-28.56,-30.21,0.0,12.0,4,143.95,89.96,-34.2,0.0,,8,,20260804
PBMRY,PT Bumi Resources Tbk,Energy,Thermal Coal,PNK,2.23,1,7370450432,0.002,2.23,3.37,0.0,-29.38,-66.83,83.68,2.73,0.0,25.0,3,5.39,1.1,-58.63,0.0,,8,,20260804
AMBA,"Ambarella, Inc.",Technology,Semiconductor Equipment & Materials,NASDAQ,82.68,1813527,3627021568,6.8983,72.92,70.48,1.4144,10.13,19.03,3.9,10.76,0.0,62.5,3,96.69,48.3,-14.49,0.0,,8,,20260804
CATY,Cathay General Bancorp,Financial Services,Banks - Regional,NASDAQ,63.9,503333,4270141184,1.1478,60.64,52.66,2.8363,8.62,16.52,24.08,17.57,0.0,87.5,2,64.29,44.23,-0.61,0.0,,8,,20260804
IRTC,"iRhythm Holdings, Inc.",Healthcare,Medical Devices,NASDAQ,124.66,562838,4096627968,5.4073,114.06,141.42,1.9612,-2.21,-29.4,-32.27,-23.75,0.0,38.75,3,212.0,100.85,-41.2,0.0,,8,,20260804
DRXGY,Drax Group plc,Utilities,Utilities - Renewable,PNK,19.33,106,3253125120,0.2128,22.42,21.92,-14.5084,-18.99,-30.05,-13.4,-20.63,0.0,0.0,4,25.25,17.16,-23.45,0.0,,8,,20260804
TPC,Tutor Perini Corporation,Industrials,Engineering & Construction,NYSE,85.73,746411,0,3.9488,77.96,75.33,1.9667,-13.82,-1.23,57.29,19.03,0.0,66.25,2,100.0,45.56,-14.27,0.0,,8,,20260804
MMSI,"Merit Medical Systems, Inc.",Healthcare,Medical Instruments & Supplies,NASDAQ,85.53,854340,5107032064,2.7805,70.08,76.04,5.5565,32.52,-4.6,-20.41,-1.64,0.0,88.75,3,94.75,59.74,-9.73,0.0,,8,,20260804
MRX,Marex Group Limited,Financial Services,Capital Markets,NASDAQ,64.02,922580,0,3.1191,61.65,45.76,0.7592,16.91,53.24,47.36,41.81,0.0,86.25,2,71.18,27.91,-10.06,0.0,,8,,20260804
WING,Wingstop Inc.,Consumer Cyclical,Restaurants,NASDAQ,130.39,1273000,3552155648,9.3555,150.58,205.13,-2.1576,-24.08,-60.77,-86.43,-61.86,0.0,10.0,4,363.47,116.35,-64.13,0.0,,8,,20260804
EXSNY,Exosens,Industrials,Electrical Equipment & Parts,PNK,16.2,12,821261312,0.0189,16.75,16.2,-29.2694,-3.28,-3.28,-3.28,-3.28,0.0,49.0,3,17.45,16.15,-7.16,0.0,,8,,20260804
BFLBY,Bilfinger SE,Industrials,Engineering & Construction,PNK,18.32,233,3675502336,0.2326,19.14,22.86,-3.5089,-21.8,-46.75,-34.45,-35.59,0.0,12.0,4,31.3,18.13,-41.47,0.0,,8,,20260804
SEYMF,"Solaria Energía y Medio Ambiente, S.A.",Utilities,Utilities - Renewable,PNK,23.0,141,3050677760,0.0695,25.46,17.5,-35.4034,-14.2,183.67,172.83,129.87,0.0,25.0,3,28.8,7.88,-20.14,0.0,,8,,20260804
UNLRF,PT Unilever Indonesia Tbk,Consumer Defensive,Household & Personal Products,PNK,0.05,10820,2825803776,0.0006,0.07,0.11,-25.9679,-49.22,-67.47,-57.94,-59.09,0.0,0.0,4,0.17,0.06,-68.02,0.0,,8,,20260804
NVST,Envista Holdings Corporation,Healthcare,Medical Instruments & Supplies,NYSE,27.37,3186540,4453863424,0.8594,25.55,24.37,2.1193,-1.46,6.54,23.69,11.4,0.0,88.75,2,30.42,18.77,-10.03,0.0,,8,,20260804
FRMI,Fermi Inc.,Real Estate,REIT - Specialty,NASDAQ,6.03,18818633,3847642624,0.7593,7.08,10.22,-1.3839,11.23,-40.93,-95.75,-49.82,0.0,37.5,1,36.99,4.47,-83.7,0.0,,8,,20260804
BTE,Baytex Energy Corp,Energy,Oil & Gas E&P,NYSE,4.38,19055164,0,0.1883,4.37,3.79,0.0701,-17.15,18.57,85.97,36.6,0.0,60.0,2,5.36,1.93,-18.28,0.0,,8,,20260804
WPPGF,WPP plc,Communication Services,Advertising Agencies,PNK,4.06,503,4119963648,0.1021,3.67,3.8,3.8599,15.72,-8.78,-47.86,-18.29,0.0,76.25,3,5.87,2.94,-30.77,0.0,,8,,20260804
BELFB,Bel Fuse Inc.,Technology,Electronic Components,NASDAQ,274.83,321070,3908826368,19.0999,279.7,221.34,-0.2551,-8.48,26.6,90.44,43.37,0.0,50.75,3,335.29,124.42,-18.03,0.0,,8,,20260804
BELFA,Bel Fuse Inc.,Technology,Electronic Components,NASDAQ,219.47,162569,2792252416,15.7898,242.73,197.1,-1.4733,-19.7,9.43,70.69,26.65,0.0,35.0,3,293.51,107.51,-25.23,0.0,,8,,20260804
INDB,Independent Bank Corp.,Financial Services,Banks - Regional,NASDAQ,85.0,385711,4047582976,1.9042,82.32,76.51,1.4093,5.17,-3.13,16.96,6.98,0.0,91.25,2,87.5,62.07,-2.86,0.0,,8,,20260804
HHH,Howard Hughes Holdings Inc.,Real Estate,Real Estate - Development,NYSE,65.17,421896,3885734400,1.6826,67.82,73.4,-1.5752,-0.83,-30.27,-26.38,-21.35,0.0,44.5,4,91.07,61.01,-28.44,0.0,,8,,20260804
CCKRF,CCKRF,Healthcare,Pharmaceutical Retailers,PNK,12.07,26,2823749888,0.1064,12.68,13.08,-5.6589,-14.5,-30.66,-16.01,-20.76,0.0,24.0,4,21.85,12.07,-44.74,0.0,,8,,20260804
BBAJF,"Banco del Bajío, S.A., Institución de Banca Múltiple",Financial Services,Banks - Regional,PNK,3.3,620,3926774272,0.0098,3.15,1.62,14.8028,156.7,185.81,-128522.14,-51304.65,0.0,75.0,2,3.38,2.23,-2.22,0.0,,8,,20260804
RNST,Renasant Corporation,Financial Services,Banks - Regional,NYSE,43.93,725980,4015344128,1.1594,42.24,38.13,1.4569,5.55,7.85,1.63,4.78,0.0,90.0,2,44.5,33.04,-1.28,0.0,,8,,20260804
MAUTF,Montage Gold Corp.,Basic Materials,Gold,OQX,11.47,142583,4625301504,0.8151,11.29,9.27,0.2245,10.22,17.23,245.26,106.69,0.0,87.5,2,12.99,3.1,-11.7,0.0,,8,,20260804
LMGIF,Lumine Group Inc.,Technology,Software - Application,PNK,17.42,38011,4470327296,0.6886,15.79,17.52,2.3623,12.15,-1.66,-73.92,-27.11,0.0,77.0,3,40.03,13.0,-56.48,0.0,,8,,20260804
KAI,Kadant Inc,Industrials,Specialty Industrial Machinery,NYSE,324.56,156890,0,12.5703,306.35,305.42,1.4489,8.27,-8.75,-23.22,-10.28,0.0,58.75,2,357.65,244.87,-9.25,0.0,,8,,20260804
TWST,Twist Bioscience Corporation,Healthcare,Diagnostics & Research,NASDAQ,101.06,1721169,6293138432,7.5213,84.46,52.93,2.2076,61.91,135.99,179.85,135.01,0.0,83.75,2,105.47,23.3,-4.18,0.0,,8,,20260804
UNLRY,UNLRY,Consumer Defensive,Household & Personal Products,PNK,2.07,12053,0,0.0266,1.86,2.3,7.7972,10.77,-16.51,-3.47,-4.47,0.0,53.75,3,3.2,1.73,-35.31,0.0,,8,,20260804
LRN,"Stride, Inc.",Consumer Defensive,Education & Training Services,NYSE,80.1,818830,0,4.3621,89.64,85.21,-2.1875,-19.35,-15.4,-58.73,-33.72,0.0,23.25,4,171.17,60.61,-53.2,0.0,,8,,20260804
TCMFF,Telecom Argentina S.A.,Communication Services,Telecom Services,PNK,1.23,50,4630429696,0.0869,1.59,1.31,-4.1797,-45.88,14.29,-52.83,-27.6,0.0,13.25,4,2.4,0.0,-48.96,0.0,,8,,20260804
SEDG,"SolarEdge Technologies, Inc.",Technology,Solar,NASDAQ,45.12,3380283,2744116992,4.3371,56.38,42.69,-2.5971,-0.26,35.71,54.64,34.29,0.0,58.75,3,81.25,23.01,-44.47,0.0,,8,,20260804
UCTT,"Ultra Clean Holdings, Inc.",Technology,Semiconductor Equipment & Materials,NASDAQ,89.17,1362258,3997344000,10.8147,99.36,61.1,-0.9426,14.11,94.07,274.76,146.35,0.0,60.0,3,144.22,21.49,-38.17,0.0,,8,,20260804
YSS,"York Space Systems, Inc.",Industrials,Aerospace & Defense,NYSE,14.28,1844829,1876363904,2.1013,24.6,14.28,-4.9103,-60.74,-68.01,-67.26,-65.89,0.0,31.25,3,44.54,13.88,-67.94,0.0,,8,,20260804
ARX,Accelerant Holdings,Financial Services,Insurance Brokers,NYSE,12.02,2014188,2622780160,0.9697,13.81,13.51,-1.8468,-13.58,-22.08,-77.55,-42.15,0.0,11.25,4,30.48,9.18,-60.56,0.0,,8,,20260804
ESYJY,easyJet plc,Industrials,Airlines,PNK,8.81,30585,6585705984,0.265,7.34,6.25,5.5299,70.09,27.37,16.67,33.77,0.0,82.5,2,9.17,4.57,-3.93,0.0,,8,,20260804
WAY,Waystar Holding Corp.,Healthcare,Health Information Services,NASDAQ,22.66,2670303,4345018880,1.3468,20.79,26.73,1.3859,2.75,-24.76,-59.92,-31.95,0.0,60.0,3,41.47,17.26,-45.36,0.0,,8,,20260804
OPLN,"OPENLANE, Inc.",Consumer Cyclical,Auto & Truck Dealerships,NYSE,41.17,1060440,4361800704,1.2107,38.98,31.54,1.8074,25.33,26.97,45.89,34.13,0.0,87.5,2,42.9,24.15,-4.03,0.0,,8,,20260804
STUB,"StubHub Holdings, Inc.",Communication Services,Internet Content & Information,NYSE,8.98,6860659,3371426816,0.5958,10.45,11.2,-2.4728,12.29,-46.48,-75.4,-43.35,0.0,32.5,4,27.89,5.74,-67.8,0.0,,8,,20260804
UTG,Reaves Utility Income Fund,Financial Services,Asset Management,NYSE,38.51,256653,3520898048,0.7474,40.47,38.69,-2.6237,-14.81,-5.08,-14.28,-11.2,0.0,35.25,4,43.9,35.81,-12.28,0.0,,8,,20260804
BANF,BancFirst Corporation,Financial Services,Banks - Regional,NASDAQ,114.0,173246,3828848128,2.7343,113.01,110.97,0.3617,-3.73,-5.46,-28.05,-14.06,0.0,86.25,2,138.77,101.48,-17.85,0.0,,8,,20260804
WYNMY,"Wynn Macau, Limited",Consumer Cyclical,Resorts & Casinos,PNK,6.99,10170,3771206912,0.1865,6.85,7.23,0.753,-1.1,-9.03,-30.82,-15.77,0.0,45.75,3,9.8,6.26,-28.67,0.0,,8,,20260804
MFGHF,Mainfreight Limited,Industrials,Integrated Freight & Logistics,PNK,40.61,63,4460605952,0.2215,37.18,37.99,15.4908,-2.82,-6.81,-11.87,-7.84,0.0,51.25,3,42.97,32.79,-5.49,0.0,,8,,20260804
WSFS,WSFS Financial Corporation,Financial Services,Banks - Regional,NASDAQ,81.55,465609,4190691584,1.6691,76.04,65.15,3.3008,7.97,16.58,29.26,19.5,0.0,90.0,2,82.3,49.92,-0.91,0.0,,8,,20260804
FBP,First BanCorp. New,Financial Services,Banks - Regional,NYSE,28.99,1521453,4426030592,0.5373,26.18,22.49,5.2329,14.84,23.27,21.55,20.47,0.0,88.75,2,29.4,19.16,-1.39,0.0,,8,,20260804
TWODY,Taylor Wimpey plc,Consumer Cyclical,Residential Construction,PNK,10.92,54598,3793140480,0.3043,10.66,12.31,0.8481,-4.06,-32.52,-33.5,-25.8,0.0,63.75,3,16.0,9.79,-31.75,0.0,,8,,20260804
TPZEF,Topaz Energy Corp.,Energy,Oil & Gas Midstream,PNK,22.6,121369,3535248384,0.3128,22.49,21.01,0.3561,-5.38,-0.94,4.1,-0.03,0.0,60.0,2,24.42,17.38,-7.46,0.0,,8,,20260804
TWODF,Taylor Wimpey plc,Consumer Cyclical,Residential Construction,PNK,1.05,11854,3647250176,0.0155,1.04,1.22,0.3872,-3.25,-34.84,-36.6,-27.64,0.0,25.0,3,1.55,0.95,-32.26,0.0,,8,,20260804
ADOOY,PT Alamtri Resources Indonesia Tbk,Energy,Thermal Coal,PNK,7.12,1212,4141510912,0.0543,6.58,6.22,10.0189,-3.0,2.61,6.88,2.91,0.0,50.0,2,7.53,4.96,-5.44,0.0,,8,,20260804
NHI,"National Health Investors, Inc.",Real Estate,REIT - Healthcare Facilities,NYSE,75.94,632153,0,1.8623,74.75,77.27,0.6391,-5.22,-15.44,-7.28,-9.62,0.0,72.0,3,91.38,67.94,-16.9,0.0,,8,,20260804
SKLTF,SEEK Limited,Communication Services,Internet Content & Information,PNK,9.48,32,3392841216,0.0497,9.24,14.26,4.8025,-13.86,-55.65,-57.41,-45.91,0.0,25.0,3,18.36,8.82,-48.39,0.0,,8,,20260804
DAN,Dana Incorporated,Consumer Cyclical,Auto Parts,NYSE,27.63,1513269,0,1.0916,29.82,28.9,-2.0079,-28.11,-13.81,55.39,10.29,0.0,23.25,4,39.56,15.31,-30.16,0.0,,8,,20260804
TTVSY,Totvs SA,Technology,Software - Application,PNK,12.39,58933,3550943232,0.4874,11.66,14.08,1.501,-4.17,-35.46,-42.8,-30.57,0.0,37.5,3,19.16,9.95,-35.35,0.0,,8,,20260804
CNS,Cohen & Steers Inc,Financial Services,Asset Management,NYSE,84.63,287454,0,2.5926,76.86,67.73,2.9968,17.87,24.23,-1.79,12.23,0.0,88.75,2,84.99,58.39,-0.42,0.0,,8,,20260804
SECCF,Serco Group plc,Industrials,Specialty Business Services,PNK,3.18,635,3176718592,0.0115,3.26,3.49,-6.5855,-17.67,-17.22,-6.43,-13.02,0.0,24.0,4,4.37,2.66,-27.03,0.0,,8,,20260804
WYNMF,"Wynn Macau, Limited",Consumer Cyclical,Resorts & Casinos,PNK,0.73,5658,3823585024,0.0106,0.69,0.74,4.0315,-1.4,-3.92,-27.8,-12.84,0.0,37.0,3,0.97,0.63,-24.74,0.0,,8,,20260804
FG,"F&G Annuities & Life, Inc.",Financial Services,Insurance - Life,NYSE,29.06,827846,3850013696,0.9997,28.41,27.91,0.6462,-2.87,-9.53,-27.0,-14.85,0.0,86.25,2,36.7,20.57,-20.82,0.0,,8,,20260804
ITRI,"Itron, Inc.",Technology,Scientific & Technical Instruments,NASDAQ,100.95,813466,4420272640,4.0951,85.05,94.47,3.8837,12.8,-8.19,-40.14,-15.72,0.0,87.5,3,142.0,77.77,-28.91,0.0,,8,,20260804
HGTY,"Hagerty, Inc.",Financial Services,Insurance - Property & Casualty,NYSE,11.55,158780,3965743360,0.3715,11.31,11.64,0.646,6.29,-18.48,-7.52,-7.9,0.0,72.0,3,14.0,8.81,-17.5,0.0,,8,,20260804
HEGIY,Hengan International Group Company Limited,Consumer Defensive,Household & Personal Products,PNK,15.55,38224,3578415616,0.3036,15.05,16.69,1.653,-11.68,-20.98,-13.59,-15.7,0.0,47.0,3,19.17,13.39,-18.88,0.0,,8,,20260804
BMI,"Badger Meter, Inc.",Technology,Scientific & Technical Instruments,NYSE,136.95,520230,3969748736,6.1318,135.06,152.58,0.3077,7.24,-16.09,-47.88,-22.98,0.0,63.75,3,204.0,112.09,-32.87,0.0,,8,,20260804
RNG,"RingCentral, Inc.",Technology,Software - Application,NYSE,57.3,2013250,4805097984,3.2356,42.16,35.17,4.6784,21.89,112.07,104.34,86.43,0.0,90.0,2,58.98,23.59,-2.85,0.0,,8,,20260804
HIMX,"Himax Technologies, Inc.",Technology,Semiconductors,NASDAQ,12.78,4038927,2229163264,1.0501,16.2,10.97,-3.2568,0.24,49.89,25.59,27.75,0.0,35.0,3,25.09,6.85,-49.06,0.0,,8,,20260804
ISLMF,INSILICO MEDICINE CAYMAN TOPCO,Unknown,Unknown,PNK,5.89,35036,0,0.3718,5.57,5.89,0.8606,-30.5,-32.49,-32.49,-31.99,0.0,58.75,3,9.75,4.2,-39.64,0.0,,8,,20260804
JPSWY,"The Japan Steel Works, Ltd.",Industrials,Specialty Industrial Machinery,PNK,24.62,219,3608400384,1.2805,24.31,28.63,0.2393,-19.2,-22.78,-42.35,-29.71,0.0,31.25,3,40.4,21.57,-39.06,0.0,,8,,20260804
OTTR,Otter Tail Corporation,Industrials,Conglomerates,NASDAQ,90.16,256420,3785291264,2.1489,89.24,85.56,0.4264,-5.45,-7.62,-1.34,-4.57,0.0,85.0,2,95.0,74.15,-5.09,0.0,,8,,20260804
JOE,The St. Joe Company,Real Estate,Real Estate - Diversified,NYSE,64.0,258793,3643548928,1.9322,63.09,63.12,0.4697,-1.49,-12.92,6.85,-2.15,0.0,58.75,3,73.54,46.37,-12.97,0.0,,8,,20260804
MJPNF,"Micronics Japan Co., Ltd.",Technology,Semiconductor Equipment & Materials,PNK,79.6,21,3085632512,1.784,90.8,36.03,-6.2775,14.59,41.53,-236.23,-76.31,0.0,50.0,3,102.65,41.75,-22.45,0.0,,8,,20260804
NPSKY,NSK Ltd.,Consumer Cyclical,Auto Parts,PNK,13.54,2461,3550023936,0.2572,14.35,13.97,-3.1551,-20.53,-11.49,22.29,-0.24,0.0,13.25,4,18.45,9.8,-26.61,0.0,,8,,20260804
OSIS,"OSI Systems, Inc.",Technology,Electronic Components,NASDAQ,225.57,282985,3718045696,7.5286,216.7,256.33,1.178,-25.56,-19.9,-19.13,-21.01,0.0,32.5,3,311.72,197.27,-27.64,0.0,,8,,20260804
ORKA,"Oruka Therapeutics, Inc.",Healthcare,Biotechnology,NASDAQ,94.79,1416146,5716983808,5.5677,78.64,49.35,2.8999,46.06,166.84,576.3,300.43,0.0,86.25,2,99.0,12.84,-4.25,0.0,,8,,20260804
PAFRY,Pan African Resources PLC,Basic Materials,Gold,OQX,25.53,55,2587865600,0.1642,29.41,32.55,-23.6505,-37.35,-38.79,63.5,2.49,0.0,0.0,4,49.61,14.29,-48.54,0.0,,8,,20260804
PIFMF,PT Indofood Sukses Makmur Tbk,Consumer Defensive,Packaged Foods,PNK,0.41,43,3611389440,0.0003,0.42,0.48,-18.863,-22.22,-26.21,-31.81,-27.45,0.0,12.0,4,0.5,0.41,-18.0,0.0,,8,,20260804
CALM,"Cal-Maine Foods, Inc.",Consumer Defensive,Farm Products,NASDAQ,87.06,873479,4084600832,3.4438,81.85,81.88,1.5118,8.77,-5.37,-38.77,-15.19,0.0,90.0,3,117.45,71.92,-25.87,0.0,,8,,20260804
SUNC,SunocoCorp LLC,Energy,Oil & Gas Midstream,NYSE,75.91,517262,3910670848,1.7657,69.42,75.91,3.6758,11.39,36.14,43.66,32.96,0.0,90.0,3,77.57,47.0,-2.14,0.0,,8,,20260804
DOCS,"Doximity, Inc.",Healthcare,Health Information Services,NYSE,21.66,4084914,3893461504,0.9229,21.03,33.27,0.6803,-18.7,-52.27,-84.33,-56.7,0.0,37.5,3,76.51,17.15,-71.69,0.0,,8,,20260804
RGAKF,RIGAKU HOLDINGS CORP.,Unknown,Unknown,PNK,12.93,6368,0,0.9642,15.62,12.93,-2.7915,-21.24,141.02,141.02,100.46,0.0,36.25,3,21.0,5.57,-38.43,0.0,,8,,20260804
IPEU,IPE Universal Inc.,Technology,Software - Application,OID,6.45,42,1677714560,0.512,11.75,13.14,-10.3467,-62.6,-66.59,-11.55,-43.58,0.0,1.25,4,15.5,3.0,-58.39,0.0,,8,,20260804
GBNXF,Gibson Energy Inc.,Energy,Oil & Gas Midstream,PNK,22.63,68971,3905937920,0.2992,21.12,19.28,5.0329,-0.19,9.41,15.08,9.28,0.0,87.5,2,23.25,15.91,-2.65,0.0,,8,,20260804
APNHY,Aspen Pharmacare Holdings Limited,Healthcare,Drug Manufacturers - Specialty & Generic,PNK,8.89,195,3814153984,0.1078,8.91,7.48,-0.2003,1.62,20.08,11.69,12.11,0.0,64.5,3,9.45,5.24,-5.93,0.0,,8,,20260804
VECO,Veeco Instruments Inc.,Technology,Semiconductor Equipment & Materials,NASDAQ,50.97,1545095,3110876672,4.8393,61.31,41.55,-2.1358,-3.98,53.13,124.09,67.24,0.0,36.25,3,86.63,19.29,-41.16,0.0,,8,,20260804
DRXGF,Drax Group plc,Utilities,Utilities - Renewable,PNK,9.78,109,3290318336,0.0103,10.05,10.52,-27.0342,-16.15,-25.45,-9.58,-16.77,0.0,24.0,4,12.75,7.5,-23.33,0.0,,8,,20260804
ACAD,ACADIA Pharmaceuticals Inc.,Healthcare,Biotechnology,NASDAQ,25.61,1609458,4385350656,0.8108,23.73,23.66,2.3211,11.27,-8.17,-13.73,-5.53,0.0,87.5,2,28.35,19.69,-9.66,0.0,,8,,20260804
SURVF,Suntec Real Estate Investment Trust,Real Estate,REIT - Diversified,PNK,1.08,1577,3195272960,0.0012,1.1,1.09,-14.9476,-6.92,-21.11,5.38,-6.97,0.0,24.0,4,1.24,0.9,-12.9,0.0,,8,,20260804
TKKHF,Tikehau Capital,Financial Services,Asset Management,PNK,18.95,35,3273622528,0.0275,19.85,17.99,-32.7795,8.52,4.52,-26.85,-7.03,0.0,62.0,3,21.53,17.6,-11.99,0.0,,8,,20260804
QLYS,"Qualys, Inc.",Technology,Software - Infrastructure,NASDAQ,154.89,793511,5454762496,8.1906,128.86,118.97,3.1778,69.55,7.35,-4.8,18.04,0.0,85.0,2,167.86,74.51,-7.73,0.0,,8,,20260804
GPGI,"GPGI, Inc.",Industrials,Metal Fabrication,NYSE,14.77,2272337,4281253632,0.8674,13.86,18.12,1.0544,-10.95,-47.39,-17.22,-26.21,0.0,61.25,3,26.78,11.22,-44.85,0.0,,8,,20260804
BILL,"BILL Holdings, Inc.",Technology,Software - Application,NYSE,47.22,2747316,4702957568,2.1231,38.58,43.86,4.0717,15.45,-0.69,-11.0,-0.78,0.0,90.0,3,57.21,31.41,-17.46,0.0,,8,,20260804
CFEIY,China Feihe Limited,Consumer Defensive,Packaged Foods,PNK,4.39,1,3866564608,0.0017,4.34,4.62,27.2393,-8.2,-10.4,-39.82,-21.62,0.0,37.0,3,5.92,4.39,-25.78,0.0,,8,,20260804
VCYT,"Veracyte, Inc.",Healthcare,Diagnostics & Research,NASDAQ,44.85,1338650,3578700032,3.6878,53.31,41.94,-2.2933,30.13,7.7,69.57,38.06,0.0,61.25,3,60.91,23.35,-26.37,0.0,,8,,20260804
AYAAY,"Ayala Land, Inc.",Real Estate,Real Estate - Development,PNK,5.0,6,3572940544,0.0037,5.0,7.13,0.0,-23.57,-34.71,-78.05,-49.26,0.0,25.0,3,12.5,5.0,-60.0,0.0,,8,,20260804
SMTUF,"Sumitomo Rubber Industries, Ltd.",Consumer Cyclical,Auto Parts,PNK,13.67,1,3592439552,0.5494,-8.17,1.67,39.7543,-158.71,-162.7,-97.07,-135.45,0.0,62.0,3,16.36,11.8,-16.45,0.0,,8,,20260804
CVBF,CVB Financial Corp.,Financial Services,Banks - Regional,NASDAQ,22.86,1615596,4029009664,0.461,21.61,19.82,2.7155,7.39,8.18,6.15,7.17,0.0,87.5,2,23.37,17.95,-2.18,0.0,,8,,20260804
BHF,"Brighthouse Financial, Inc.",Financial Services,Insurance - Life,NASDAQ,61.84,530864,3552447232,1.0113,63.53,62.01,-1.6663,-6.7,-13.54,8.04,-3.2,0.0,61.5,3,66.8,42.07,-7.43,0.0,,8,,20260804
BHFAO,"Brighthouse Financial, Inc.",Financial Services,Insurance - Life,NASDAQ,14.29,36246,0,0.226,15.03,15.5,-3.2773,-17.52,-22.21,-26.38,-22.71,0.0,36.5,4,18.88,13.75,-24.31,0.0,,8,,20260804
BHFAN,"Brighthouse Financial, Inc.",Financial Services,Insurance - Life,NASDAQ,11.4,62646,0,0.2005,11.95,12.33,-2.7487,-15.46,-22.44,-27.23,-22.61,0.0,39.0,4,15.65,10.95,-27.16,0.0,,8,,20260804
BHFAP,"Brighthouse Financial, Inc.",Financial Services,Insurance - Life,NASDAQ,13.91,30724,1649739891,0.215,14.65,15.08,-3.4279,-16.16,-22.99,-27.97,-23.27,0.0,24.5,4,18.7,13.44,-25.61,0.0,,8,,20260804
BHFAM,"Brighthouse Financial, Inc.",Financial Services,Insurance - Life,NASDAQ,9.98,41051,0,0.1914,10.53,10.98,-2.864,-18.18,-23.96,-28.59,-24.37,0.0,24.5,4,14.2,9.45,-29.72,0.0,,8,,20260804
BOX,"Box, Inc.",Technology,Software - Infrastructure,NYSE,31.7,2539698,0,1.2015,27.73,27.24,3.3018,21.34,14.97,-22.44,1.6,0.0,91.25,2,33.88,21.34,-6.43,0.0,,8,,20260804
VKTX,"Viking Therapeutics, Inc.",Healthcare,Biotechnology,NCM,32.61,2335122,3804052224,1.9446,34.08,33.79,-0.7534,3.29,2.22,-21.07,-6.83,0.0,59.0,3,43.15,22.96,-24.43,0.0,,8,,20260804
FCXXF,First Capital Real Estate Investment Trust,Real Estate,REIT - Retail,PNK,16.27,1896,3441262080,0.048,16.41,14.98,-2.8297,-8.69,8.46,4.19,2.47,0.0,37.0,3,17.6,13.23,-7.56,0.0,,8,,20260804
VLEEY,Valeo SE,Consumer Cyclical,Auto Parts,PNK,8.75,4514,4226507008,0.2619,7.78,6.79,3.6969,42.13,19.73,44.99,35.43,0.0,81.25,2,9.93,5.29,-11.88,0.0,,8,,20260804
CWYUF,SmartCentres Real Estate Investment Trust,Real Estate,REIT - Retail,PNK,19.45,18080,3818302464,0.3237,21.03,19.47,-4.8915,-10.79,-7.52,-11.44,-9.9,0.0,39.5,3,22.55,17.28,-13.75,0.0,,8,,20260804
ZLDPF,Zealand Pharma A/S,Healthcare,Biotechnology,PNK,46.53,766,3187719680,0.514,45.71,58.01,1.5881,-6.96,-39.54,-33.84,-29.11,0.0,27.5,3,83.12,35.93,-44.03,0.0,,8,,20260804
AYAAF,"Ayala Land, Inc.",Real Estate,Real Estate - Development,PNK,0.25,512,3501481728,0.0004,0.25,0.32,8.9669,-14.93,-43.1,-71.14,-47.27,0.0,25.0,3,0.5,0.23,-50.0,0.0,,8,,20260804
BBWI,"Bath & Body Works, Inc.",Consumer Cyclical,Specialty Retail,NYSE,20.97,5795554,4226750976,0.9327,20.01,20.36,1.0245,4.98,-11.99,-45.9,-21.31,0.0,88.75,3,32.32,14.28,-35.12,0.0,,8,,20260804
RUM,RUM Group Inc.,Communication Services,Internet Content & Information,NASDAQ,6.19,3307666,1706855040,0.4263,6.94,6.45,-1.7499,-21.08,-1.29,-47.86,-24.86,0.0,25.75,4,10.54,4.62,-41.27,0.0,,8,,20260804
INFQ,"Infleqtion, Inc.",Technology,Software - Infrastructure,NYSE,10.98,16453066,2395801856,1.0381,12.89,10.98,-1.8388,-16.93,-41.12,-41.12,-35.07,0.0,36.25,3,21.28,8.52,-48.4,0.0,,8,,20260804
BTDR,Bitdeer Technologies Group,Technology,Software - Application,NCM,11.37,10188383,2766476032,1.428,14.93,13.23,-2.4931,-9.38,-22.88,-32.99,-23.55,0.0,10.0,4,27.8,6.92,-59.1,0.0,,8,,20260804
BFAM,Bright Horizons Family Solutions Inc.,Consumer Cyclical,Personal Services,NYSE,76.27,1291108,4012311040,3.2318,69.75,84.04,2.0164,-11.88,-27.74,-53.76,-34.18,0.0,75.75,3,125.16,57.63,-39.06,0.0,,8,,20260804
VRNS,"Varonis Systems, Inc.",Technology,Software - Infrastructure,NASDAQ,41.18,2246993,4729954816,2.3432,39.11,32.89,0.8836,49.99,27.93,-47.44,3.3,0.0,86.25,2,63.9,19.7,-35.56,0.0,,8,,20260804
DLO,DLocal Limited,Technology,Software - Infrastructure,NASDAQ,15.31,2729170,4505260544,0.5604,13.33,13.24,3.531,7.81,5.58,30.53,16.12,0.0,90.0,2,16.78,10.11,-8.76,0.0,,8,,20260804
ARIS,Aris Mining Corporation,Basic Materials,Gold,NYSE,14.39,1429746,2970537728,0.8896,15.48,16.42,-1.2228,-24.88,-26.12,85.85,18.98,0.0,8.75,4,23.29,6.65,-38.21,0.0,,8,,20260804
EUZOF,Eurazeo SE,Financial Services,Asset Management,PNK,46.0,26,2936695808,0.0528,47.58,51.36,-29.8882,-2.17,-27.91,-38.75,-25.81,0.0,37.0,4,63.0,44.17,-26.98,0.0,,8,,20260804
PALAF,Paladin Energy Ltd,Energy,Uranium,OQX,6.72,56535,3019688448,0.3769,6.97,7.34,-0.6564,-26.81,-37.27,48.5,-0.35,0.0,36.5,4,10.5,3.84,-36.0,0.0,,8,,20260804
FRTAY,freenet AG,Communication Services,Telecom Services,PNK,14.3,54,3374245120,0.0614,14.22,15.05,1.3328,-6.65,-13.37,-32.74,-19.44,0.0,37.0,3,18.03,13.67,-20.69,0.0,,8,,20260804
AB,AllianceBernstein Holding L.P.,Financial Services,Asset Management,NYSE,36.99,304432,0,0.6597,36.86,37.71,0.1953,-9.79,-19.13,-22.43,-18.12,0.0,52.0,3,44.11,34.92,-16.14,0.0,,8,,20260804
TSPCF,Cleanaway Waste Management Limited,Industrials,Waste Management,PNK,1.65,866,3697996288,0.0653,1.62,1.68,0.4775,15.35,3.03,-30.95,-7.48,0.0,37.0,3,2.1,1.38,-21.43,0.0,,8,,20260804
KFY,Korn Ferry,Industrials,Staffing & Employment Services,NYSE,82.86,537933,0,2.4599,73.21,66.64,3.9236,20.15,11.19,-0.68,8.68,0.0,87.5,2,85.69,58.95,-3.3,0.0,,8,,20260804
DORM,"Dorman Products, Inc.",Consumer Cyclical,Auto Parts,NASDAQ,127.68,282227,3815434496,5.2462,131.53,124.7,-0.7334,7.7,-7.27,-15.34,-6.76,0.0,73.25,3,166.89,98.45,-23.49,0.0,,8,,20260804
LEU,Centrus Energy Corp.,Energy,Uranium,NYSE,184.76,882122,3634745344,12.3475,170.58,229.06,1.1487,-16.0,-43.68,-35.42,-33.46,0.0,38.75,3,464.25,142.13,-60.2,0.0,,8,,20260804
OGN,Organon & Co.,Healthcare,Drug Manufacturers - General,NYSE,13.56,3202125,3560984064,0.047,13.47,9.55,1.9674,-3.22,49.34,19.83,24.39,0.0,81.25,2,13.6,5.69,-0.29,0.0,,8,,20260804
CCPPF,Shaftesbury Capital PLC,Real Estate,REIT - Retail,PNK,1.82,8,3330217728,0.0007,1.82,1.82,-0.5812,-1.97,-5.87,-32.74,-15.64,0.0,62.0,3,2.2,1.75,-17.27,0.0,,8,,20260804
KGDEY,Kingdee International Software Group Company Limited,Technology,Software - Application,PNK,115.34,111,4024152064,4.6624,91.61,136.96,5.0889,-5.99,-37.38,-64.82,-40.51,0.0,32.5,3,247.26,71.98,-53.35,0.0,,8,,20260804
EWTX,"Edgewise Therapeutics, Inc.",Healthcare,Biotechnology,NASDAQ,38.38,1426537,4129419776,2.4157,38.37,29.83,0.0046,19.98,26.26,147.95,73.37,0.0,87.5,2,48.4,12.3,-20.7,0.0,,8,,20260804
SMGSY,SMG SWISS MARKETPLACE GROUP AG,Communication Services,Internet Content & Information,PNK,6.73,52,0,0.0496,6.73,6.73,-0.0726,-14.31,-14.31,-14.31,-14.31,0.0,50.25,3,7.76,5.79,-13.27,0.0,,8,,20260804
CMTOY,Cementos Argos S.A.,Basic Materials,Building Materials,OID,18.0,246,4394883584,0.4046,16.84,14.81,2.8722,50.77,-18.44,37.23,21.13,0.0,76.25,2,23.69,11.1,-24.02,0.0,,8,,20260804
BFH,"Bread Financial Holdings, Inc.",Financial Services,Credit Services,NYSE,110.8,696135,4477102592,3.7466,99.31,80.07,3.0655,24.76,43.51,61.87,46.17,0.0,91.25,2,111.94,53.83,-1.02,0.0,,8,,20260804
ERAS,"Erasca, Inc.",Healthcare,Biotechnology,NASDAQ,17.84,5155954,6192752640,1.2215,16.12,10.98,1.4061,72.46,59.67,1139.58,494.83,0.0,87.5,2,24.28,1.33,-26.52,0.0,,8,,20260804
ABG,"Asbury Automotive Group, Inc.",Consumer Cyclical,Auto & Truck Dealerships,NYSE,227.97,267085,4244527872,9.3548,206.37,217.26,2.3094,6.89,-12.87,-18.56,-10.21,0.0,90.0,3,263.38,172.01,-13.44,0.0,,8,,20260804
AAP,Advance Auto Parts Inc.,Consumer Cyclical,Auto Parts,NYSE,55.68,1977259,0,2.7956,57.38,52.09,-0.6065,-10.49,6.95,-14.17,-5.86,0.0,72.0,3,65.21,37.89,-14.61,0.0,,8,,20260804
SBCLY,SBCLY,Basic Materials,Specialty Chemicals,PNK,16.82,36,1475709696,0.1293,16.82,16.82,0.0,19.84,19.84,19.84,19.84,0.0,62.0,3,17.04,14.0,-1.29,0.0,,8,,20260804
VLEEF,Valeo SE,Consumer Cyclical,Auto Parts,PNK,16.46,146,3975331584,0.0412,16.5,14.24,-0.8694,25.9,2.26,32.66,20.33,0.0,62.0,3,19.45,10.2,-15.37,0.0,,8,,20260804
RUN,Sunrun Inc.,Technology,Solar,NASDAQ,10.43,9969759,2488069120,0.7419,12.75,15.73,-3.1285,-25.55,-55.18,-19.54,-33.52,0.0,7.5,4,22.44,9.01,-53.52,0.0,,8,,20260804
RPHCF,"Rohto Pharmaceutical Co.,Ltd.",Consumer Defensive,Household & Personal Products,PNK,15.0,2,3389464320,0.0058,15.0,9.31,0.0,-5.53,169.94,-840.98,-278.3,0.0,50.0,3,16.3,14.34,-7.98,0.0,,8,,20260804
SOUN,"SoundHound AI, Inc.",Technology,Software - Application,NASDAQ,6.1,30257783,2657612544,0.4046,6.96,9.46,-2.1351,-41.6,-37.97,-62.15,-48.55,0.0,7.5,4,22.17,5.65,-72.49,0.0,,8,,20260804
PRMRY,Paramount Resources Ltd.,Energy,Oil & Gas E&P,PNK,20.2,6,2947904768,0.0625,20.99,20.2,-12.652,-2.7,-3.21,-3.21,-3.08,0.0,49.0,3,25.0,19.25,-19.2,0.0,,8,,20260804
RDW,Redwire Corporation,Industrials,Aerospace & Defense,NYSE,9.64,37487722,2302276352,0.9749,13.37,10.02,-3.8234,-2.2,-28.03,-53.74,-31.86,0.0,23.25,4,26.64,4.87,-63.81,0.0,,8,,20260804
KREVF,Keppel REIT,Real Estate,REIT - Office,PNK,0.7,1891,3477140480,0.0045,0.67,0.73,7.2493,-4.36,-18.0,-25.59,-17.63,0.0,37.0,3,1.2,0.5,-41.67,0.0,,8,,20260804
CLCGY,Clicks Group Limited,Healthcare,Pharmaceutical Retailers,PNK,26.61,33300,3111386624,0.6879,27.96,35.52,-1.9624,-21.26,-43.81,-57.33,-43.58,0.0,29.5,4,44.41,25.26,-40.08,0.0,,8,,20260804
TSYHF,TravelSky Technology Limited,Technology,Information Technology Services,PNK,1.12,51443,3160306432,0.0576,1.12,1.27,-0.0035,-14.62,-7.31,-49.91,-26.18,0.0,17.0,4,2.0,0.9,-44.0,0.0,,8,,20260804
GNW,"Genworth Financial, Inc.",Financial Services,Insurance - Life,NYSE,9.82,2883741,3761150720,0.2165,9.31,8.81,2.353,6.06,7.67,3.74,5.69,0.0,85.0,2,10.2,7.74,-3.73,0.0,,8,,20260804
IIJIY,Internet Initiative Japan Inc.,Communication Services,Telecom Services,OID,44.51,804,3946479104,0.4388,39.79,34.83,10.7499,34.66,35.51,3.77,22.6,0.0,76.25,2,44.51,27.0,-0.0,0.0,,8,,20260804
PRMRF,Paramount Resources Ltd.,Energy,Oil & Gas E&P,PNK,20.99,301911,3063193856,0.4843,20.83,19.32,0.3379,-11.23,2.28,16.53,4.6,0.0,63.75,2,24.25,13.24,-13.44,0.0,,8,,20260804
ANF,Abercrombie & Fitch Co.,Consumer Cyclical,Apparel Retail,NYSE,108.82,1302114,4835058688,4.5723,88.8,90.97,4.3791,23.31,1.39,-7.87,3.17,0.0,87.5,3,133.11,65.45,-18.25,0.0,,8,,20260804
SEZL,Sezzle Inc.,Financial Services,Credit Services,NCM,163.09,669206,5484230656,11.3293,150.7,90.71,1.0938,85.43,147.81,-15.87,66.74,0.0,86.25,2,195.71,49.5,-16.67,0.0,,8,,20260804
TSYHY,TravelSky Technology Limited,Technology,Information Technology Services,PNK,10.98,5483,3228738304,0.4489,10.81,12.35,0.3735,-11.43,-23.47,-47.54,-30.09,0.0,37.5,3,16.3,10.11,-32.65,0.0,,8,,20260804
MANU,Manchester,Communication Services,Entertainment,NYSE,22.6,340783,0,0.6271,22.21,18.31,0.6282,16.49,17.61,7.28,13.2,0.0,92.5,2,24.22,14.59,-6.69,0.0,,8,,20260804
FIBK,"First Interstate BancSystem, Inc.",Financial Services,Banks - Regional,NASDAQ,38.57,1174562,3746800896,0.8291,37.44,34.7,1.3576,4.82,1.43,20.47,9.89,0.0,87.5,2,40.6,28.44,-5.0,0.0,,8,,20260804
RGRNF,Regis Resources Limited,Basic Materials,Gold,PNK,4.46,2519,2915944448,0.1765,4.46,4.84,-0.0172,-16.33,-27.12,38.55,1.85,0.0,27.75,4,7.2,2.34,-38.06,0.0,,8,,20260804
JUMSY,Jumbo S.A.,Consumer Cyclical,Specialty Retail,PNK,27.67,684,3338984448,0.9006,26.08,27.96,1.7639,0.98,-2.75,-43.63,-18.17,0.0,64.5,3,39.81,23.65,-30.51,0.0,,8,,20260804
SKE,Skeena Resources Limited,Basic Materials,Other Industrial Metals & Mining,NYSE,27.1,801227,3362686976,1.5695,27.53,27.16,-0.2708,-14.1,-15.35,71.27,19.61,0.0,36.5,4,38.77,14.53,-30.1,0.0,,8,,20260804
SMG,The Scotts Miracle-Gro Company,Basic Materials,Agricultural Inputs,NYSE,68.16,965100,3965680896,3.1203,64.68,61.0,1.1155,6.27,-1.72,-7.52,-2.04,0.0,82.5,2,75.34,52.0,-9.53,0.0,,8,,20260804
HTWSF,Helios Towers plc,Communication Services,Telecom Services,PNK,2.65,8464,2697274624,0.0693,2.87,2.52,-3.1757,-7.26,0.11,46.95,17.0,0.0,32.5,3,3.35,1.55,-20.9,0.0,,8,,20260804
HLPMF,HELLENiQ ENERGY Holdings S.A.,Energy,Oil & Gas Refining & Marketing,PNK,14.84,34,4535626240,0.1599,12.13,10.4,16.968,30.49,45.36,55.06,45.53,0.0,75.0,2,14.84,9.0,0.0,0.0,,8,,20260804
ARCAY,Arcadis NV,Industrials,Engineering & Construction,PNK,48.25,187,4103557120,1.0333,40.14,41.17,7.8472,9.5,-8.73,-19.49,-8.48,0.0,75.0,3,75.99,27.03,-36.5,0.0,,8,,20260804
FOUR,"Shift4 Payments, Inc.",Technology,Software - Infrastructure,NYSE,54.28,1572961,5380773888,2.8912,45.93,54.79,2.8876,14.65,-18.14,-68.5,-30.08,0.0,78.25,3,103.3,34.56,-47.45,0.0,,8,,20260804
SPTJF,Sinopec Shanghai Petrochemical Company Limited,Energy,Oil & Gas Refining & Marketing,PNK,0.14,4502,3317619200,0.0036,0.15,0.17,-0.5132,-14.55,-33.08,-33.75,-28.72,0.0,12.0,4,0.21,0.12,-29.78,0.0,,8,,20260804
AVA,Avista Corporation,Utilities,Utilities - Diversified,NYSE,39.55,722741,3268349952,0.9068,41.34,39.85,-1.9772,-7.1,-12.0,-9.84,-9.91,0.0,59.0,3,43.5,35.5,-9.08,0.0,,8,,20260804
YETI,"YETI Holdings, Inc.",Consumer Cyclical,Leisure,NYSE,50.77,1388893,3846249984,1.7589,48.93,43.22,1.0481,20.42,0.99,16.99,12.25,0.0,87.5,2,53.21,30.51,-4.59,0.0,,8,,20260804
PRBZF,Premium Brands Holdings Corporation,Consumer Defensive,Packaged Foods,PNK,66.45,15980,3444264704,0.8683,62.81,66.06,4.1895,3.33,-9.88,-14.2,-8.31,0.0,88.75,3,77.81,58.37,-14.6,0.0,,8,,20260804
MMTOY,Mitsubishi Motors Corporation,Consumer Cyclical,Auto Manufacturers,PNK,19.64,67,2628859136,0.0218,20.21,23.64,-26.0151,0.49,-26.83,-36.58,-23.9,0.0,37.0,4,30.37,18.76,-35.32,0.0,,8,,20260804
AHEXY,Adecco Group AG,Industrials,Staffing & Employment Services,PNK,14.37,20351,4981273088,0.3952,10.91,12.29,8.7499,20.98,-6.09,-24.63,-6.74,0.0,88.75,3,16.73,8.98,-14.11,0.0,,8,,20260804
VRBCF,Virbac SA,Healthcare,Drug Manufacturers - General,PNK,383.25,2,3212257280,1.3732,403.2,367.99,-14.5274,-4.25,2.95,-7.89,-3.18,0.0,62.0,3,431.8,346.0,-11.24,0.0,,8,,20260804
APLE,"Apple Hospitality REIT, Inc.",Real Estate,REIT - Hotel & Motel,NYSE,16.56,2968977,3909278464,0.3245,16.08,12.85,1.4807,20.13,37.15,30.61,30.28,0.0,88.75,2,17.13,10.85,-3.33,0.0,,8,,20260804
ARCVF,Arcadis NV,Industrials,Engineering & Construction,PNK,48.09,162,4089949440,0.7489,40.74,41.16,9.8171,4.81,-3.33,-24.65,-9.82,0.0,78.75,3,58.0,30.77,-17.09,0.0,,8,,20260804
AAUC,Allied Gold Corporation,Basic Materials,Gold,NYSE,19.1,695759,2417064960,1.1877,23.64,25.69,-3.8231,-39.86,-49.35,26.98,-16.44,0.0,12.5,4,32.2,11.4,-40.68,0.0,,8,,20260804
AGO,Assured Guaranty Ltd.,Financial Services,Insurance - Specialty,NYSE,83.95,407038,0,1.6782,79.79,83.12,2.4782,-1.07,-10.2,-21.01,-12.24,0.0,83.75,3,92.4,72.76,-9.15,0.0,,8,,20260804
WGXRF,Westgold Resources Limited,Basic Materials,Gold,PNK,3.31,37335,3136478976,0.1753,3.39,4.03,-0.4751,-19.88,-40.1,75.83,11.33,0.0,22.0,4,5.92,1.66,-44.09,0.0,,8,,20260804
NG,NovaGold Resources Inc.,Basic Materials,Gold,NYSE,5.94,4214137,2606356736,0.3913,6.76,8.87,-2.0885,-31.62,-42.04,-6.75,-25.32,0.0,7.5,4,14.4,5.08,-58.75,0.0,,8,,20260804
ASO,"Academy Sports and Outdoors, Inc.",Consumer Cyclical,Specialty Retail,NASDAQ,48.56,1523769,3011612160,1.9916,49.33,52.31,-0.3887,-14.92,-21.28,-24.53,-20.99,0.0,35.25,4,62.45,41.29,-22.24,0.0,,8,,20260804
TBCCF,TBC Bank Group PLC,Financial Services,Banks - Regional,PNK,58.81,102,3239341312,0.0699,58.77,58.0,0.5661,-13.91,-4.97,-24.77,-15.13,0.0,50.0,3,69.02,52.68,-14.79,0.0,,8,,20260804
NEA,NEA,Financial Services,Asset Management,NYSE,11.27,789706,0,0.0932,11.43,11.23,-1.7097,-5.4,-10.04,-8.49,-8.26,0.0,70.75,3,11.9,10.76,-5.29,0.0,,8,,20260804
ALHC,"Alignment Healthcare, Inc.",Healthcare,Healthcare Plans,NASDAQ,14.56,6078656,3020256000,1.4244,19.41,19.3,-3.4053,-33.54,-45.45,-15.54,-30.51,0.0,37.5,3,25.12,12.97,-42.04,0.0,,8,,20260804
WOLF,"Wolfspeed, Inc.",Technology,Semiconductors,NYSE,24.35,7350529,1265520640,3.9979,43.57,28.44,-4.8063,-39.17,45.42,-4.93,4.13,0.0,6.25,4,80.82,8.05,-69.87,0.0,,8,,20260804
CSAN,Cosan S.A.,Energy,Oil & Gas Refining & Marketing,NYSE,3.23,1883988,3185075968,0.1201,2.97,4.02,2.1705,-25.26,-38.77,-44.84,-37.82,0.0,37.5,3,6.0,2.52,-46.21,0.0,,8,,20260804
SKYW,"SkyWest, Inc.",Industrials,Airlines,NASDAQ,111.38,431690,4417361920,3.9574,94.88,96.37,4.1691,27.92,5.32,-25.15,-1.22,0.0,90.0,3,123.94,77.89,-10.13,0.0,,8,,20260804
ATS,ATS Corporation,Industrials,Specialty Industrial Machinery,NYSE,27.77,174119,2693888256,0.9071,28.26,29.08,-0.5364,-19.46,-12.5,-29.7,-21.12,0.0,35.25,4,35.82,23.85,-22.47,0.0,,8,,20260804
BKU,"BankUnited, Inc.",Financial Services,Banks - Regional,NYSE,47.08,909700,3402779136,1.1812,47.46,45.05,-0.321,-3.66,-9.52,11.61,0.4,0.0,74.5,3,52.11,34.91,-9.65,0.0,,8,,20260804
GBDC,"Golub Capital BDC, Inc.",Financial Services,Asset Management,NASDAQ,13.19,1184175,3435931392,0.25,12.8,12.66,1.5698,-7.39,-6.24,-23.04,-13.25,0.0,74.5,2,14.93,11.77,-11.65,0.0,,8,,20260804
PEGRY,Pennon Group Plc,Utilities,Utilities - Regulated Water,PNK,12.2,30904,2877565952,0.268,12.5,13.37,-1.1182,-18.63,-25.57,-22.79,-22.73,0.0,36.5,4,16.35,11.8,-25.38,0.0,,8,,20260804
EXTR,"Extreme Networks, Inc.",Technology,Communication Equipment,NASDAQ,29.98,2154722,3920727040,1.3579,30.03,20.42,-0.0392,29.09,95.55,48.56,60.14,0.0,69.5,3,33.73,13.48,-11.12,0.0,,8,,20260804
HSAI,Hesai Group,Consumer Cyclical,Auto Parts,NASDAQ,17.79,1835696,22364479488,0.8818,17.3,21.59,0.5555,-24.58,-35.55,-27.57,-29.61,0.0,33.75,3,30.85,14.29,-42.33,0.0,,8,,20260804
BBAR,Banco BBVA Argentina S.A.,Financial Services,Banks - Regional,NYSE,18.91,663456,3862115840,1.0519,19.16,16.55,-0.242,34.69,-15.43,-0.3,3.15,0.0,74.5,3,22.47,7.76,-15.84,0.0,,8,,20260804
SECYF,SECURE Waste Infrastructure Corp.,Industrials,Waste Management,PNK,17.18,188277,3745841152,0.2712,15.9,14.38,4.7351,-0.98,23.86,36.49,22.7,0.0,85.0,2,17.54,10.96,-2.05,0.0,,8,,20260804
BWLP,BW LPG Limited,Energy,Oil & Gas Midstream,NYSE,21.87,444633,3320185600,0.7098,20.08,16.02,2.5285,7.93,39.73,54.18,37.56,0.0,88.75,2,22.92,11.72,-4.59,0.0,,8,,20260804
EFXT,Enerflex Ltd.,Energy,Oil & Gas Equipment & Services,NYSE,21.77,533672,2657397504,0.9652,24.17,19.89,-2.4885,-25.16,8.79,152.3,57.71,0.0,35.0,3,29.15,7.61,-25.32,0.0,,8,,20260804
IIJIF,Internet Initiative Japan Inc.,Communication Services,Telecom Services,OID,18.51,101,3282378240,0.0057,18.51,4.64,0.0,3.03,-448.91,4936.94,1818.42,0.0,75.0,3,20.41,14.51,-9.29,0.0,,8,,20260804
AWTRF,Air Water Inc.,Basic Materials,Specialty Chemicals,PNK,13.91,103,3137980672,0.0211,14.48,15.23,-27.0659,-2.61,-26.43,-25.43,-20.08,0.0,36.0,4,17.15,13.49,-18.89,0.0,,8,,20260804
CLCMF,Sinch AB (publ),Communication Services,Telecom Services,PNK,3.81,1220,2676291840,0.0294,4.08,3.34,-9.0705,27.16,18.79,13.8,18.89,0.0,50.0,3,4.75,2.35,-19.79,0.0,,8,,20260804
MMED,"MiniMed Group, Inc.",Healthcare,Medical Instruments & Supplies,NASDAQ,19.1,1029461,5364098560,0.8799,14.97,19.1,4.691,52.31,-9.98,-9.98,5.59,0.0,88.75,3,20.48,10.65,-6.74,0.0,,8,,20260804
CBU,"Community Financial System, Inc.",Financial Services,Banks - Regional,NYSE,66.54,306124,3499870976,1.733,65.46,60.81,0.6253,-0.07,-1.97,9.04,2.91,0.0,91.25,2,71.11,51.26,-6.43,0.0,,8,,20260804
SLG,SL Green Realty Corp.,Real Estate,REIT - Office,NYSE,54.18,1139746,4172011776,1.8914,49.58,44.42,2.4307,22.53,14.49,-21.86,1.96,0.0,85.0,2,66.29,34.77,-18.27,0.0,,8,,20260804
ICUI,"ICU Medical, Inc.",Healthcare,Medical Instruments & Supplies,NASDAQ,172.94,304438,4322390528,5.3289,148.19,139.47,4.6454,40.1,5.29,13.48,17.27,0.0,90.0,2,176.22,107.0,-1.86,0.0,,8,,20260804
FHB,"First Hawaiian, Inc.",Financial Services,Banks - Regional,NASDAQ,28.01,2078845,3408151808,0.6572,28.41,26.03,-0.6123,-2.43,-2.46,-0.82,-1.79,0.0,73.25,3,30.58,22.64,-8.4,0.0,,8,,20260804
WSBC,"WesBanco, Inc.",Financial Services,Banks - Regional,NASDAQ,41.81,1270208,4009825280,0.9258,37.87,34.35,4.2535,17.13,11.04,23.92,17.72,0.0,87.5,2,42.21,29.23,-0.95,0.0,,8,,20260804
WSBCO,"WesBanco, Inc.",Financial Services,Banks - Regional,NASDAQ,25.7,27346,0,0.1726,25.43,24.9,1.5541,-4.61,-6.01,-9.18,-6.93,0.0,86.25,2,26.03,25.02,-1.27,0.0,,8,,20260804
CLZNY,Clariant AG,Basic Materials,Specialty Chemicals,PNK,12.01,148,3949796608,0.1951,9.69,9.27,11.8859,18.49,25.16,4.29,15.14,0.0,63.25,2,12.16,8.45,-1.23,0.0,,8,,20260804
MHO,"M/I Homes, Inc.",Consumer Cyclical,Residential Construction,NYSE,148.38,238959,3823412992,4.6671,145.91,135.15,0.529,8.65,0.9,2.26,3.38,0.0,87.5,2,163.66,116.78,-9.34,0.0,,8,,20260804
GCPEF,GCL Technology Holdings Limited,Technology,Solar,PNK,0.09,1385,3164340224,0.0007,0.1,0.13,-11.7842,-39.93,-48.21,-59.05,-50.47,0.0,0.0,4,0.19,0.09,-52.63,0.0,,8,,20260804
QNTQY,QinetiQ Group plc,Industrials,Aerospace & Defense,PNK,28.25,4833,3648323840,0.6498,24.83,24.86,5.2657,11.67,-7.11,-12.63,-4.62,0.0,85.0,3,30.11,21.32,-6.18,0.0,,8,,20260804
TLPPF,Telix Pharmaceuticals Limited,Healthcare,Biotechnology,PNK,9.86,3160,3341832448,0.2287,10.14,9.15,-1.2262,-10.27,20.57,-44.56,-13.19,0.0,68.25,3,13.1,5.91,-24.7,0.0,,8,,20260804
PIFMY,PT Indofood Sukses Makmur Tbk,Consumer Defensive,Packaged Foods,PNK,19.3,2641,3389244416,0.6026,18.33,19.41,1.6112,-9.15,-14.05,-41.9,-23.96,0.0,43.25,3,26.4,16.28,-26.89,0.0,,8,,20260804
FIZZ,National Beverage Corp.,Consumer Defensive,Beverages - Non-Alcoholic,NASDAQ,31.53,465764,2951589632,1.151,31.48,31.13,0.044,-3.14,-7.72,-45.07,-21.52,0.0,62.5,3,47.47,30.01,-33.58,0.0,,8,,20260804
GEF,"Greif, Inc.",Consumer Cyclical,Packaging & Containers,NYSE,86.7,230191,4928735232,2.3594,71.69,67.46,6.3608,25.47,14.82,20.27,19.66,0.0,92.5,2,88.5,55.75,-2.03,0.0,,8,,20260804
NATL,NCR Atleos Corporation,Technology,Software - Application,NYSE,46.61,738403,3439720448,0.7579,45.11,41.73,1.9757,-0.71,14.88,31.12,17.48,0.0,90.0,2,48.5,30.59,-3.9,0.0,,8,,20260804
XNYIF,Xinyi Solar Holdings Limited,Technology,Solar,PNK,0.24,235,2258307072,0.0028,0.28,0.37,-16.5057,-40.21,-47.38,-41.09,-43.07,0.0,0.0,4,0.52,0.22,-54.25,0.0,,8,,20260804
MFRVF,"Minera Frisco, S.A.B. de C.V.",Basic Materials,Other Industrial Metals & Mining,PNK,0.59,173,3656042752,0.0113,0.42,0.5,14.6009,-4.22,-9.87,228.01,86.69,0.0,75.0,3,0.6,0.0,-1.67,0.0,,8,,20260804
MSGE,Madison Square Garden Entertainment Corp.,Communication Services,Entertainment,NYSE,76.97,490732,3641083648,2.3453,74.84,61.12,0.9094,8.35,14.33,82.48,40.1,0.0,86.25,2,82.79,35.31,-7.03,0.0,,8,,20260804
CGAU,Centerra Gold Inc.,Basic Materials,Gold,NYSE,17.61,1576030,3444648704,0.836,16.35,16.1,1.5036,-3.13,-4.39,139.28,53.39,0.0,63.75,2,21.17,6.71,-16.82,0.0,,8,,20260804
CLBT,Cellebrite DI Ltd.,Technology,Software - Infrastructure,NASDAQ,15.07,2048946,3759058176,0.6643,14.32,15.26,1.1273,7.48,-7.63,-13.4,-6.16,0.0,72.0,3,19.98,11.02,-24.57,0.0,,8,,20260804
BULL,Webull Corporation,Technology,Software - Application,NCM,7.26,11737214,3861003520,0.3806,6.88,7.41,0.992,-2.14,-6.8,-70.03,-30.93,0.0,75.75,3,17.08,4.5,-57.49,0.0,,8,,20260804
OPCH,"Option Care Health, Inc.",Healthcare,Medical Care Facilities,NASDAQ,23.7,3221661,3549910528,0.9169,21.52,27.67,2.3817,12.91,-40.37,-40.45,-27.08,0.0,63.75,3,36.8,18.01,-35.6,0.0,,8,,20260804
CHCLY,"Citizen Watch Co., Ltd.",Consumer Cyclical,Footwear & Accessories,PNK,66.9,29,3364187392,0.2702,70.34,44.14,-12.7172,91.23,87.24,122.73,102.43,0.0,62.0,3,74.0,27.67,-9.59,0.0,,8,,20260804
KYIV,Kyivstar Group Ltd.,Communication Services,Telecom Services,NASDAQ,13.68,669761,3158214400,0.5781,14.36,12.94,-1.1733,5.9,10.45,9.84,9.07,0.0,65.75,3,16.55,9.29,-17.34,0.0,,8,,20260804
MCHB,Mechanics Bancorp,Financial Services,Banks - Regional,NASDAQ,17.01,570877,3766447360,0.4178,15.53,14.07,3.5533,14.2,12.28,20.97,16.24,0.0,87.5,2,17.18,12.5,-0.99,0.0,,8,,20260804
TGSNF,TGS ASA,Energy,Oil & Gas Equipment & Services,OQX,13.73,662,2780517376,0.29,14.62,12.08,-3.0583,-18.72,26.84,63.28,30.02,0.0,26.25,3,17.7,7.0,-22.43,0.0,,8,,20260804
NHPEF,New Hope Corporation Limited,Energy,Thermal Coal,PNK,3.68,13456,2979183872,0.2052,3.94,3.42,-1.2459,-7.63,5.02,12.38,4.8,0.0,36.25,3,4.65,2.51,-20.86,0.0,,8,,20260804
CVI,"CVR Energy, Inc.",Energy,Oil & Gas Refining & Marketing,NYSE,32.89,956511,3306451456,2.0785,31.73,30.5,0.5595,-6.28,34.99,1.99,11.47,0.0,85.0,2,41.67,19.62,-21.07,0.0,,8,,20260804
CSQ,Calamos Strategic Total Return Fund,Financial Services,Asset Management,NASDAQ,20.54,215498,3293992448,0.3613,20.19,18.76,0.9735,0.94,0.5,-0.8,0.09,0.0,87.5,2,20.86,16.41,-1.53,0.0,,8,,20260804
LIFX,"Life360, Inc.",Technology,Software - Application,PNK,17.13,1913,4164634880,0.0536,15.83,22.55,24.1668,-29.44,-33.44,-40.36,-35.21,0.0,25.0,3,34.0,12.54,-49.62,0.0,,8,,20260804
LIF,"Life360, Inc.",Technology,Software - Application,NASDAQ,56.31,728820,4562894336,2.9725,50.26,57.09,2.0344,17.67,-11.79,-47.68,-18.78,0.0,73.25,3,112.54,37.01,-49.96,0.0,,8,,20260804
SLTCY,Siltronic AG,Technology,Semiconductors,PNK,8.72,1346,2877600000,0.3447,10.22,7.47,-4.361,-9.95,36.64,56.05,32.76,0.0,25.0,3,12.29,4.55,-29.05,0.0,,8,,20260804
KPLUF,K+S Aktiengesellschaft,Basic Materials,Agricultural Inputs,OQX,16.04,8,3738233088,0.0375,16.99,16.3,-25.2278,-15.84,-7.77,-11.03,-11.09,0.0,12.0,4,21.21,13.04,-24.38,0.0,,8,,20260804
TGSGY,TGS ASA,Energy,Oil & Gas Equipment & Services,OQX,13.46,87603,2644930304,0.4335,14.42,11.89,-2.2051,-19.11,21.55,63.11,28.01,0.0,40.0,3,17.17,7.1,-21.61,0.0,,8,,20260804
ETOR,eToro Group Ltd.,Financial Services,Capital Markets,NASDAQ,36.42,925506,2896376320,1.5303,38.7,35.74,-1.488,-6.74,13.8,-60.46,-21.04,0.0,33.75,3,59.75,24.74,-39.05,0.0,,8,,20260804
COLM,Columbia Sportswear Company,Consumer Cyclical,Apparel Manufacturing,NASDAQ,58.65,555896,2999407616,2.2865,64.0,58.06,-2.3383,-10.87,-2.9,-15.25,-9.83,0.0,62.5,3,69.06,47.47,-15.07,0.0,,8,,20260804
CON,"Concentra Group Holdings Parent, Inc.",Healthcare,Medical Care Facilities,NYSE,31.7,969467,4056388352,0.8465,29.12,23.41,3.0522,35.63,33.59,39.3,36.39,0.0,87.5,2,32.86,18.55,-3.53,0.0,,8,,20260804
SIG,Signet Jewelers Limited,Consumer Cyclical,Luxury Goods,NYSE,94.96,861824,0,3.6286,87.22,89.82,2.1332,5.83,-6.35,-0.21,-0.85,0.0,90.0,3,110.2,71.62,-13.83,0.0,,8,,20260804
SKLTY,SEEK Limited,Communication Services,Internet Content & Information,PNK,20.64,8751,3694252032,0.5575,18.74,24.62,3.3993,-1.69,-38.99,-53.03,-35.28,0.0,41.25,3,40.12,17.18,-48.55,0.0,,8,,20260804
TLX,Telix Pharmaceuticals Limited,Healthcare,Biotechnology,NASDAQ,10.02,160650,3394546176,0.3548,10.31,9.3,-0.8033,-16.42,27.56,-47.47,-13.45,0.0,48.25,3,14.27,6.28,-29.78,0.0,,8,,20260804
FFBC,First Financial Bancorp.,Financial Services,Banks - Regional,NASDAQ,34.14,1041174,3583213312,0.7209,32.86,28.32,1.7794,7.78,10.76,24.91,15.67,0.0,88.75,2,36.25,23.06,-5.82,0.0,,8,,20260804
PTRN,Pattern Group Inc.,Technology,Software - Application,NASDAQ,24.28,2042641,4818826240,1.4509,23.13,15.99,0.7901,70.66,65.61,40.24,56.72,0.0,85.0,2,29.8,8.92,-18.52,0.0,,8,,20260804
SII,Sprott Inc.,Financial Services,Asset Management,NYSE,104.06,179832,2682935296,4.3206,115.25,117.49,-2.5909,-25.81,-24.78,34.15,-1.46,0.0,8.75,4,169.63,61.94,-38.65,0.0,,8,,20260804
MMS,"Maximus, Inc.",Industrials,Specialty Business Services,NYSE,62.21,747067,0,2.0141,58.94,73.2,1.6228,-10.02,-43.54,-35.5,-31.95,0.0,42.5,3,100.0,52.73,-37.79,0.0,,8,,20260804
SA,Seabridge Gold Inc.,Basic Materials,Gold,NYSE,26.43,803522,2844474112,1.6109,27.86,29.21,-0.8887,-11.25,-16.55,51.32,11.92,0.0,23.25,4,40.06,15.48,-34.02,0.0,,8,,20260804
CC,The Chemours Company,Basic Materials,Specialty Chemicals,NYSE,17.11,2690675,2572962816,0.955,19.8,17.74,-2.8207,-43.49,5.06,24.76,0.8,0.0,24.5,4,28.67,10.44,-40.32,0.0,,8,,20260804
CNALF,CANAL+SA,Unknown,Unknown,PNK,3.38,10142,0,0.2603,3.14,3.38,0.9225,26.96,26.96,26.96,26.96,0.0,62.0,3,4.52,2.5,-25.11,0.0,,8,,20260804
CRVL,CorVel Corporation,Financial Services,Insurance Brokers,NASDAQ,60.62,210477,3092169216,1.9144,61.02,62.25,-0.2093,-0.04,-23.02,-52.78,-29.18,0.0,60.25,4,93.71,44.83,-35.31,0.0,,8,,20260804
GPOR,Gulfport Energy Corporation,Energy,Oil & Gas E&P,NYSE,163.84,384358,2944145664,4.8628,162.7,189.31,0.2346,-19.13,-29.83,-27.11,-26.07,0.0,37.5,3,225.78,149.18,-27.43,0.0,,8,,20260804
ARLP,"Alliance Resource Partners, L.P.",Energy,Thermal Coal,NASDAQ,26.12,300301,3360568064,0.5269,24.83,24.43,2.4473,-3.12,5.03,-12.64,-4.07,0.0,66.25,2,29.45,22.2,-11.31,0.0,,8,,20260804
SMSMY,Sims Limited,Basic Materials,Steel,PNK,17.53,2717,3537810688,0.7327,18.46,14.24,-1.2756,16.68,10.41,41.41,24.38,0.0,58.75,3,21.35,8.16,-17.89,0.0,,8,,20260804
HWKN,"Hawkins, Inc.",Basic Materials,Specialty Chemicals,NASDAQ,132.08,165637,2757185280,6.4035,148.17,147.56,-2.5131,-26.46,-8.42,-39.89,-25.52,0.0,12.5,4,186.15,117.98,-29.05,0.0,,8,,20260804
TOWN,TowneBank,Financial Services,Banks - Regional,NASDAQ,38.14,641551,3482107904,0.7375,35.56,33.82,3.4991,4.32,2.85,-6.59,-0.56,0.0,88.75,2,39.03,31.91,-2.28,0.0,,8,,20260804
SVYSF,Solvay SA,Basic Materials,Chemicals,PNK,31.0,808,3246318592,0.741,30.56,29.99,0.594,-5.44,-0.06,-18.71,-8.86,0.0,56.25,2,34.7,27.41,-10.66,0.0,,8,,20260804
MAHLY,MediPal Holdings Corporation,Healthcare,Medical Distribution,PNK,18.3,95,3490111744,0.126,17.65,17.96,5.1546,-8.4,-6.54,-8.0,-7.59,0.0,50.0,3,20.35,15.37,-10.07,0.0,,8,,20260804
ROYUY,Royal Unibrew A/S,Consumer Defensive,Beverages - Brewers,PNK,6.85,1,3265162752,0.137,6.85,6.85,0.0,-1.32,-1.32,-1.32,-1.32,0.0,62.0,3,6.85,6.85,-0.0,0.0,,8,,20260804
PEGRF,Pennon Group Plc,Utilities,Utilities - Regulated Water,PNK,6.59,85,2971912448,0.1745,6.1,6.68,2.8251,-16.28,-12.08,-10.72,-12.59,0.0,39.5,3,7.86,5.8,-16.13,0.0,,8,,20260804
TRMD,TORM plc,Energy,Oil & Gas Midstream,NASDAQ,30.18,849056,3089439744,0.9379,28.99,25.45,1.2711,-10.56,20.02,59.14,28.02,0.0,65.0,2,35.33,18.24,-14.58,0.0,,8,,20260804
BKD,Brookdale Senior Living Inc.,Healthcare,Medical Care Facilities,NYSE,14.37,4668732,0,0.5974,14.18,12.94,0.3184,-5.06,-14.28,64.22,19.43,0.0,83.75,2,17.09,7.0,-15.92,0.0,,8,,20260804
SDRL,Seadrill Limited,Energy,Oil & Gas Drilling,NYSE,42.6,812858,2663799552,1.8105,43.0,40.15,-0.2193,-19.02,0.63,24.89,5.42,0.0,49.5,3,55.47,27.6,-23.2,0.0,,8,,20260804
GARPF,Golden Agri-Resources Ltd,Consumer Defensive,Farm Products,PNK,0.21,996,3170418176,0.0042,0.23,0.22,-3.9144,-13.94,-14.0,-10.71,-12.67,0.0,12.0,4,0.26,0.17,-19.23,0.0,,8,,20260804
SLVYY,Solvay SA,Basic Materials,Chemicals,PNK,3.04,19641,3236883712,0.052,2.99,2.94,0.9728,-5.32,1.44,-16.56,-7.45,0.0,70.75,2,3.38,2.77,-10.06,0.0,,8,,20260804
PPTA,Perpetua Resources Corp.,Basic Materials,Other Precious Metals & Mining,NCM,19.07,1607625,2385552128,1.2096,21.61,26.46,-2.1039,-35.99,-38.44,5.09,-20.41,0.0,8.75,4,37.37,15.48,-48.97,0.0,,8,,20260804
REDLF,VAULT MINERALS LTD,Basic Materials,Gold,PNK,3.15,2438,3254226944,0.176,3.2,3.36,-0.3209,-6.53,-37.73,71.7,13.84,0.0,27.75,4,4.88,0.93,-35.61,0.0,,8,,20260804
BATRK,"Atlanta Braves Holdings, Inc.",Communication Services,Entertainment,NASDAQ,50.99,488433,3270693376,1.0596,50.85,44.41,0.1329,-3.57,17.62,-6.77,2.57,0.0,87.5,2,53.25,37.76,-4.24,0.0,,8,,20260804
BATRA,"Atlanta Braves Holdings, Inc.",Communication Services,Entertainment,NASDAQ,54.45,53508,3492631040,1.1064,55.2,48.44,-0.6789,-4.84,13.62,-5.59,1.32,0.0,68.25,3,58.37,41.5,-6.72,0.0,,8,,20260804
XISHY,Xinyi Solar Holdings Limited,Technology,Solar,PNK,5.58,385,2807319808,0.1027,5.66,7.73,-0.7358,-29.18,-44.53,-51.2,-43.36,0.0,12.0,4,9.69,4.69,-42.41,0.0,,8,,20260804
CZGZF,Colt CZ Group SE,Industrials,Aerospace & Defense,PNK,46.96,9,2941444608,0.4641,30.61,18.64,35.2317,156.15,215.44,258.94,218.02,0.0,75.0,2,53.46,33.6,-12.16,0.0,,8,,20260804
HYPMY,Hypera S.A.,Healthcare,Drug Manufacturers - Specialty & Generic,OID,4.18,22295,2942687488,0.1142,4.1,4.3,0.6936,-13.99,-23.89,-29.5,-23.66,0.0,47.0,3,5.5,3.71,-24.0,0.0,,8,,20260804
JELCF,Johnson Electric Holdings Limited,Consumer Cyclical,Auto Parts,PNK,3.42,6,2891375616,0.0023,3.37,3.51,20.2181,-4.13,-8.41,9.58,-0.14,0.0,37.0,3,4.89,2.7,-30.14,0.0,,8,,20260804
TMRAY,Tomra Systems ASA,Industrials,Waste Management,PNK,11.1,1554,3229048320,0.2432,10.22,11.64,3.6032,5.58,-24.1,-39.31,-22.77,0.0,67.0,3,16.09,9.28,-31.01,0.0,,8,,20260804
MZTI,The Marzetti Company,Consumer Defensive,Packaged Foods,NASDAQ,110.75,354290,3037028608,3.7029,110.23,141.77,0.1406,-15.52,-44.52,-57.2,-42.34,0.0,35.0,3,190.96,104.28,-42.0,0.0,,8,,20260804
FUL,H.B. Fuller Company,Basic Materials,Specialty Chemicals,NYSE,57.01,763141,3066420224,1.8004,59.17,59.6,-1.2013,-9.89,-14.07,-18.12,-14.64,0.0,36.5,4,68.63,48.71,-16.93,0.0,,8,,20260804
TDC,Teradata Corporation,Technology,Software - Infrastructure,NYSE,32.09,3038330,0,1.5348,32.53,29.28,-0.2837,9.36,2.44,32.12,16.04,0.0,70.75,3,41.78,19.96,-23.19,0.0,,8,,20260804
AVNT,Avient Corporation,Basic Materials,Specialty Chemicals,NYSE,37.39,868872,3429043200,1.2837,36.24,34.66,0.895,-2.93,-5.03,1.03,-2.08,0.0,85.0,2,44.85,27.48,-16.63,0.0,,8,,20260804
ELF,"e.l.f. Beauty, Inc.",Consumer Defensive,Household & Personal Products,NYSE,82.64,3543690,4870557184,4.1538,67.83,77.24,3.5648,31.21,-12.84,-53.01,-17.89,0.0,88.75,3,150.99,48.82,-45.27,0.0,,8,,20260804
GEO,Geo Group Inc (The) REIT,Industrials,Security & Protection Services,NYSE,31.34,1979458,0,1.0293,28.37,19.75,2.884,61.74,86.04,-0.29,45.44,0.0,88.75,2,32.25,12.51,-2.82,0.0,,8,,20260804
IPCFF,International Petroleum Corporation,Energy,Oil & Gas E&P,PNK,22.29,15466,2514908416,0.5401,23.36,22.04,-1.9861,-24.42,-2.86,10.13,-3.05,0.0,42.0,3,28.34,14.91,-21.35,0.0,,8,,20260804
AANNF,Aroundtown SA,Real Estate,Real Estate Services,PNK,2.49,45,2575158528,0.0171,2.73,3.04,-14.5274,-5.74,-22.86,-47.33,-28.37,0.0,25.0,4,3.92,2.49,-36.56,0.0,,8,,20260804
KN,Knowles Corporation,Technology,Electronic Components,NYSE,37.48,1122879,3201179136,1.9161,37.98,28.8,-0.2586,13.01,44.54,63.34,44.18,0.0,75.75,3,42.93,19.29,-12.7,0.0,,8,,20260804
YAMCY,Yamaha Corporation,Consumer Cyclical,Leisure,PNK,7.68,530,3378408704,0.1913,7.16,7.11,2.7082,4.46,-0.99,-13.63,-4.68,0.0,77.5,2,8.0,6.33,-4.0,0.0,,8,,20260804
HG,"Hamilton Insurance Group, Ltd.",Financial Services,Insurance - Reinsurance,NYSE,35.62,490491,3535498496,0.9614,33.02,28.75,2.7006,7.39,27.28,56.17,33.86,0.0,88.75,2,37.31,21.01,-4.53,0.0,,8,,20260804
CSMYF,COSMOS Pharmaceutical Corporation,Healthcare,Pharmaceutical Retailers,PNK,37.06,10,2937274368,0.1251,32.57,2.22,35.847,-486.65,-490.64,-2275.62,-1203.63,0.0,75.0,2,48.27,37.06,-23.23,0.0,,8,,20260804
TMRAF,Tomra Systems ASA,Industrials,Waste Management,PNK,10.5,1095,3234962176,0.1561,10.14,11.81,2.2927,-24.55,-30.58,-44.5,-34.64,0.0,27.5,3,15.98,9.08,-34.29,0.0,,8,,20260804
AFLYY,Air France-KLM SA,Industrials,Airlines,OID,1.4,79635,3674160128,0.0641,1.37,1.26,0.5213,27.93,1.92,-10.96,3.27,0.0,85.0,2,1.76,0.99,-20.45,0.0,,8,,20260804
OUTKY,Outokumpu Oyj,Basic Materials,Steel,PNK,3.16,308,2979107328,0.0661,3.21,2.84,-0.7537,-5.09,5.51,47.31,19.58,0.0,38.25,3,3.66,1.89,-13.66,0.0,,8,,20260804
INOD,Innodata Inc.,Technology,Information Technology Services,NASDAQ,63.26,1961880,2065777920,4.9996,81.79,61.94,-3.7071,38.3,4.03,-5.97,8.6,0.0,36.25,3,125.14,34.23,-49.45,0.0,,8,,20260804
CHEF,"The Chefs' Warehouse, Inc.",Consumer Defensive,Food Distribution,NASDAQ,111.3,554153,4540604416,4.7759,92.08,71.36,4.0244,35.78,66.87,41.14,48.81,0.0,88.75,2,117.33,53.2,-5.14,0.0,,8,,20260804
NICMF,Nickel Industries Limited,Basic Materials,Other Industrial Metals & Mining,PNK,0.61,2114,2653140224,0.0058,0.66,0.61,-7.6949,-22.85,-15.22,13.53,-5.62,0.0,12.0,4,0.8,0.42,-23.62,0.0,,8,,20260804
EQGPF,EQB Inc.,Financial Services,Banks - Regional,PNK,101.38,6090,3592310272,1.1824,91.51,79.74,8.3433,10.48,19.72,14.69,15.39,0.0,80.0,2,106.64,60.14,-4.93,0.0,,8,,20260804
CGNMF,CGN Mining Company Limited,Energy,Uranium,PNK,0.3,14699,2280204800,0.0045,0.36,0.45,-12.8458,-42.74,-61.76,-7.63,-35.35,0.0,1.25,4,0.7,0.28,-57.4,0.0,,8,,20260804
SOCNF,SOCNF,Industrials,Electrical Equipment & Parts,PNK,13.69,111,2398831872,0.1175,15.4,-5.55,-14.5775,12.25,-183.29,290.57,55.14,0.0,50.0,3,20.87,10.5,-34.43,0.0,,8,,20260804
SXI,Standex International Corporation,Industrials,Specialty Industrial Machinery,NYSE,311.96,188348,3779371008,14.8048,303.78,261.51,0.5526,20.22,20.24,69.25,39.84,0.0,87.5,2,363.89,181.88,-14.27,0.0,,8,,20260804
SFNC,Simmons First National Corporation,Financial Services,Banks - Regional,NASDAQ,23.86,1399372,3446397696,0.4778,22.36,20.01,3.134,8.06,9.78,8.66,8.9,0.0,92.5,2,23.98,17.0,-0.52,0.0,,8,,20260804
LOIMF,Loomis AB (publ),Industrials,Security & Protection Services,PNK,47.5,12,3165422336,0.0078,47.16,44.71,43.8828,-2.39,2.59,1.18,0.78,0.0,75.0,2,48.7,36.3,-2.46,0.0,,8,,20260804
BKV,BKV Corporation,Energy,Oil & Gas E&P,NYSE,24.44,846712,2673408768,0.9929,25.85,27.21,-1.4207,-27.37,-27.93,-2.79,-17.73,0.0,11.25,4,32.81,19.56,-25.51,0.0,,8,,20260804
PHPRF,Primary Health Properties Plc,Real Estate,REIT - Healthcare Facilities,PNK,1.27,658,3295650048,0.0025,1.26,1.24,2.0303,14.65,-18.01,-13.38,-8.0,0.0,75.0,2,1.45,1.08,-12.41,0.0,,8,,20260804
CNK,Cinemark Holdings Inc Cinemark ,Communication Services,Entertainment,NYSE,37.87,2378898,4389581824,1.3861,31.56,27.65,4.5534,32.16,50.89,21.56,34.47,0.0,90.0,2,38.97,21.6,-2.82,0.0,,8,,20260804
SMUPF,Sims Limited,Basic Materials,Steel,PNK,16.5,562,3978073600,0.1169,18.31,13.75,-15.5099,22.71,12.94,58.54,33.62,0.0,50.0,3,20.41,8.48,-19.16,0.0,,8,,20260804
OUTFF,Outokumpu Oyj,Basic Materials,Steel,PNK,6.23,30,3046577152,0.0507,6.23,5.49,0.0118,-9.1,19.46,94.89,42.49,0.0,51.25,2,7.02,3.01,-11.25,0.0,,8,,20260804
BOH,Bank of Hawaii Corporation,Financial Services,Banks - Regional,NYSE,80.15,407380,3161949184,1.7878,80.22,73.41,-0.04,-4.48,-0.95,13.47,3.93,0.0,73.25,3,86.31,59.36,-7.14,0.0,,8,,20260804
LXP,LXP Industrial Trust,Real Estate,REIT - Industrial,NYSE,60.43,578082,3562787584,0.8128,54.92,49.46,6.7763,12.66,15.34,43.69,26.01,0.0,85.0,2,61.61,38.85,-1.92,0.0,,8,,20260804
WRBY,Warby Parker Inc.,Healthcare,Medical Instruments & Supplies,NYSE,28.28,3282283,3470386944,1.5572,26.3,24.07,1.2724,17.12,0.78,-3.12,3.31,0.0,87.5,2,31.0,14.96,-8.77,0.0,,8,,20260804
AFRAF,Air France-KLM SA,Industrials,Airlines,OID,14.74,62,3238509824,0.0528,13.85,12.95,16.8923,31.64,6.77,-8.8,6.76,0.0,75.0,2,16.81,10.58,-12.31,0.0,,8,,20260804
MAURY,"Marui Group Co., Ltd.",Financial Services,Credit Services,PNK,38.09,653,3399070464,0.9956,34.35,37.79,3.7612,-4.82,-9.09,-26.62,-15.03,0.0,51.25,3,45.73,31.7,-16.71,0.0,,8,,20260804
PRK,Park National Corporation,Financial Services,Banks - Regional,NYSE,207.47,106830,3747771392,5.6585,182.54,166.28,4.4056,15.13,18.91,11.49,14.99,0.0,88.75,2,214.1,149.06,-3.1,0.0,,8,,20260804
EXXAF,Exxaro Resources Limited,Energy,Thermal Coal,PNK,12.26,100,2870598400,0.04,12.7,5.84,-11.0429,287.05,302.62,2510.67,1181.95,0.0,62.0,3,13.39,9.87,-8.44,0.0,,8,,20260804
RTOXF,Rotork plc,Industrials,Specialty Industrial Machinery,PNK,6.06,3188,5328307712,0.1834,4.52,4.53,8.3697,36.71,24.72,24.55,27.65,0.0,78.75,3,6.55,3.7,-7.48,0.0,,8,,20260804
SHOO,"Steven Madden, Ltd.",Consumer Cyclical,Footwear & Accessories,NASDAQ,47.68,1118541,3484713728,1.8998,43.18,39.61,2.3692,22.35,-0.23,81.87,38.26,0.0,91.25,2,48.76,23.63,-2.21,0.0,,8,,20260804
APAM,Artisan Partners Asset Management Inc.,Financial Services,Asset Management,NYSE,42.11,831650,2989526016,1.2826,37.15,38.42,3.8668,9.1,-9.88,-19.02,-8.79,0.0,88.75,3,48.46,33.96,-13.1,0.0,,8,,20260804
NHC,National HealthCare Corporation,Healthcare,Medical Care Facilities,NYSE,222.76,126706,3479431168,6.8318,205.88,163.45,2.4708,22.4,46.7,114.77,67.85,0.0,86.25,2,232.67,94.23,-4.26,0.0,,8,,20260804
KPLUY,K+S Aktiengesellschaft,Basic Materials,Agricultural Inputs,OQX,8.44,2630,2962314240,0.1649,8.06,8.05,2.3222,-13.06,-6.68,-7.06,-8.43,0.0,56.25,2,10.67,6.24,-20.9,0.0,,8,,20260804
SSLLF,Siltronic AG,Technology,Semiconductors,PNK,88.07,209,2552549888,3.5545,103.0,75.14,-4.1999,10.17,29.35,60.7,37.09,0.0,51.25,3,122.95,49.0,-28.37,0.0,,8,,20260804
AVEX,AEVEX Corp.,Industrials,Aerospace & Defense,NYSE,17.85,2331622,1007995456,1.7302,20.47,17.85,-1.5155,-41.41,-40.68,-40.68,-40.87,0.0,36.25,3,42.34,13.07,-57.84,0.0,,8,,20260804
TATYF,Tate & Lyle plc,Consumer Defensive,Packaged Foods,OQX,7.42,2032,3235147264,0.0233,7.13,5.45,12.363,54.06,46.21,-9.73,25.79,0.0,75.0,2,7.6,4.33,-2.37,0.0,,8,,20260804
BHE,"Benchmark Electronics, Inc.",Technology,Electronic Components,NYSE,80.96,495577,2908077568,4.9857,85.71,62.31,-0.9532,-9.43,45.97,91.91,50.5,0.0,36.25,3,100.41,35.91,-19.37,0.0,,8,,20260804
KURRY,"Kuraray Co., Ltd.",Basic Materials,Chemicals,PNK,32.25,129,3238944256,0.1094,31.23,31.58,9.2899,0.33,-9.07,-39.24,-18.79,0.0,50.0,3,38.02,27.64,-15.18,0.0,,8,,20260804
CTRI,"Centuri Holdings, Inc.",Utilities,Utilities - Regulated Gas,NYSE,27.86,1585916,2812039680,1.3274,28.86,28.13,-0.7554,-34.43,-9.13,6.6,-9.16,0.0,36.5,4,42.98,19.04,-35.19,0.0,,8,,20260804
KBH,KB Home,Consumer Cyclical,Residential Construction,NYSE,56.28,1255604,0,2.073,55.09,56.89,0.5742,4.55,-11.37,-17.55,-9.86,0.0,72.0,3,68.71,44.03,-18.09,0.0,,8,,20260804
USLM,"United States Lime & Minerals, Inc.",Basic Materials,Building Materials,NASDAQ,111.74,219411,3205637632,4.2181,107.35,118.19,1.0407,-3.77,-17.26,-8.74,-10.48,0.0,52.0,3,141.44,96.27,-21.0,0.0,,8,,20260804
ZIM,ZIM Integrated Shipping Services Ltd.,Industrials,Marine Shipping,NYSE,26.07,1224675,3141947648,0.697,24.92,22.76,1.6438,-6.21,12.26,48.83,22.27,0.0,61.25,2,29.97,12.33,-13.01,0.0,,8,,20260804
MPT,"Medical Properties Trust, Inc.",Real Estate,REIT - Healthcare Facilities,NYSE,4.59,5797775,2745278976,0.1278,4.74,4.92,-1.1518,-12.76,-15.14,-1.52,-9.1,0.0,31.5,4,6.47,3.95,-29.06,0.0,,8,,20260804
CAKE,The Cheesecake Factory Incorporated,Consumer Cyclical,Restaurants,NASDAQ,104.89,1403103,5211497984,3.4617,77.78,61.14,7.832,69.69,72.65,46.2,61.33,0.0,90.0,2,105.18,43.07,-0.28,0.0,,8,,20260804
CPK,Chesapeake Utilities Corporation,Utilities,Utilities - Regulated Gas,NYSE,133.86,185609,3213277184,3.4158,126.54,127.52,2.1422,0.67,-4.88,-7.04,-4.35,0.0,90.0,3,140.83,118.84,-4.95,0.0,,8,,20260804
ADX,ADX,Financial Services,Asset Management,NYSE,25.96,273775,0,0.4087,24.99,22.82,2.3782,4.34,6.14,8.9,6.79,0.0,90.0,2,26.49,20.91,-2.0,0.0,,8,,20260804
PLAB,"Photronics, Inc.",Technology,Semiconductor Equipment & Materials,NASDAQ,31.36,1519382,1849101568,1.7686,32.35,34.62,-0.5588,-42.89,-19.36,32.83,-4.37,0.0,36.5,4,56.0,19.46,-44.0,0.0,,8,,20260804
MMTOF,Mitsubishi Motors Corporation,Consumer Cyclical,Auto Manufacturers,PNK,2.5,322,3118361600,0.0288,2.16,2.32,11.8256,34.67,-2.73,-26.86,-3.03,0.0,75.0,3,3.11,1.75,-19.61,0.0,,8,,20260804
ITGR,Integer Holdings Corporation,Healthcare,Medical Devices,NYSE,124.45,523361,4225679616,4.2111,94.46,85.12,7.122,42.69,33.2,-6.51,19.69,0.0,91.25,2,125.54,62.0,-0.87,0.0,,8,,20260804
JTCPF,JTC PLC,Financial Services,Asset Management,PNK,17.48,343,3075604480,0.0102,17.43,17.25,4.1697,-5.76,-6.61,35.6,10.49,0.0,50.0,2,18.4,11.3,-5.03,0.0,,8,,20260804
VC,Visteon Corporation,Consumer Cyclical,Auto Parts,NASDAQ,105.48,573100,2815833856,4.3441,110.29,102.32,-1.1063,-9.95,6.84,-25.14,-10.15,0.0,50.75,3,129.1,83.49,-18.3,0.0,,8,,20260804
BXMT,"Blackstone Mortgage Trust, Inc.",Real Estate,REIT - Mortgage,NYSE,14.57,1614353,2455680000,0.4512,17.13,17.91,-5.6702,-26.89,-30.34,-33.93,-30.92,0.0,10.0,4,20.67,14.11,-29.51,0.0,,8,,20260804
CWK,Cushman & Wakefield Limited,Real Estate,Real Estate Services,NYSE,13.57,2105466,3179457792,0.5619,13.24,14.38,0.5877,-9.23,-27.53,-9.88,-15.9,0.0,49.5,3,17.4,11.57,-22.01,0.0,,8,,20260804
BGSI,Boyd Group Services Inc.,Consumer Cyclical,Auto & Truck Dealerships,NYSE,105.15,48904,2926331392,3.9724,100.37,105.15,1.2039,-19.06,-46.08,-45.07,-38.92,0.0,60.0,3,183.1,88.97,-42.57,0.0,,8,,20260804
FSK,FS KKR Capital Corp.,Financial Services,Asset Management,NYSE,11.09,2989769,3105936896,0.3028,10.55,11.64,1.7935,-5.5,-22.29,-58.01,-32.38,0.0,73.25,3,20.49,9.72,-45.87,0.0,,8,,20260804
PLMR,"Palomar Holdings, Inc.",Financial Services,Insurance - Property & Casualty,NASDAQ,136.51,304098,3618043392,5.3768,124.3,123.64,2.2705,7.44,0.38,-18.16,-5.27,0.0,87.5,2,147.62,100.81,-7.53,0.0,,8,,20260804
TATYY,Tate & Lyle plc,Consumer Defensive,Packaged Foods,OQX,29.88,1506,3305957632,0.1391,28.95,22.02,6.6712,45.99,35.63,-12.68,18.9,0.0,75.0,2,30.5,17.64,-2.03,0.0,,8,,20260804
VTMX,"Corporación Inmobiliaria Vesta, S.A.B. de C.V.",Real Estate,Real Estate - Development,NYSE,34.38,117341,3190054912,0.7548,34.08,32.56,0.3944,-7.16,2.4,2.69,0.13,0.0,60.0,2,37.41,25.59,-8.1,0.0,,8,,20260804
WBDSF,WBDSF,Industrials,Engineering & Construction,PNK,3.0,8,2966396416,0.0014,3.0,2.8,0.0,-25.16,42.2,31.36,21.02,0.0,50.0,3,3.9,2.05,-23.08,0.0,,8,,20260804
NIC,"Nicolet Bankshares, Inc.",Financial Services,Banks - Regional,NYSE,173.51,277970,3654252800,4.4116,156.31,142.71,3.8989,13.3,9.34,14.58,12.43,0.0,86.25,2,174.74,114.12,-0.7,0.0,,8,,20260804
GPK,Graphic Packaging Holding Compa,Consumer Cyclical,Packaging & Containers,NYSE,11.35,6518524,0,0.4731,10.71,12.36,1.363,12.82,-30.91,-68.68,-35.09,0.0,73.25,3,23.47,8.79,-51.64,0.0,,8,,20260804
TXG,"10x Genomics, Inc.",Healthcare,Health Information Services,NASDAQ,47.01,3159033,5968210432,2.8676,37.05,23.53,3.4746,104.18,122.65,228.32,160.3,0.0,87.5,2,50.34,11.16,-6.62,0.0,,8,,20260804
SBLK,Star Bulk Carriers Corp.,Industrials,Marine Shipping,NASDAQ,28.73,1325320,3204283392,0.9514,26.54,22.6,2.3064,10.37,19.48,42.95,26.59,0.0,88.75,2,29.34,16.72,-2.08,0.0,,8,,20260804
HAYW,"Hayward Holdings, Inc.",Industrials,Electrical Equipment & Parts,NYSE,15.48,2876188,3283611136,0.5346,15.01,15.33,0.8866,-2.55,-14.17,-20.55,-13.81,0.0,83.75,3,17.73,12.93,-12.69,0.0,,8,,20260804
AZLGF,Azelis Group NV,Basic Materials,Specialty Chemicals,PNK,11.32,322,2754277120,0.0149,11.54,10.85,-15.0557,-16.05,9.32,-46.96,-19.53,0.0,37.0,3,16.01,8.74,-29.31,0.0,,8,,20260804
AWR,American States Water Company,Utilities,Utilities - Regulated Water,NYSE,84.75,333274,3321577216,1.9655,81.62,75.69,1.5914,8.03,7.68,-2.87,3.54,0.0,86.25,2,90.11,69.45,-5.95,0.0,,8,,20260804
NETLF,NetLink NBN Trust,Communication Services,Telecom Services,PNK,0.77,41,2996770560,0.0002,0.77,0.74,8.1965,-6.41,-1.37,-8.19,-5.36,0.0,50.0,2,0.83,0.75,-7.44,0.0,,8,,20260804
KOZAY,Turk Altin Isletmeleri A.S.,Basic Materials,Gold,PNK,10.1,1,3234524928,0.0134,9.48,7.02,46.7541,58.81,54.82,43.98,51.48,0.0,75.0,2,10.1,6.0,0.0,0.0,,8,,20260804
UNFI,"United Natural Foods, Inc.",Consumer Defensive,Food Distribution,NYSE,47.37,639522,2866791680,2.0584,49.7,42.47,-1.1325,-12.96,17.16,50.18,22.84,0.0,49.5,3,57.02,24.88,-16.92,0.0,,8,,20260804
SGAMY,Sega Sammy Holdings Inc.,Communication Services,Electronic Gaming & Multimedia,PNK,4.21,6580,3612068608,0.1853,3.69,4.0,2.8058,8.35,0.3,-36.66,-12.47,0.0,86.25,3,5.9,3.2,-28.64,0.0,,8,,20260804
BTU,Peabody Energy Corporation,Energy,Thermal Coal,NYSE,21.79,3278322,0,1.1689,24.64,29.23,-2.4373,-23.02,-47.94,15.35,-16.39,0.0,12.5,4,41.14,15.62,-47.03,0.0,,8,,20260804
PATK,"Patrick Industries, Inc.",Consumer Cyclical,Recreational Vehicles,NASDAQ,83.56,630150,2770585600,3.3835,87.27,104.99,-1.0952,-10.97,-43.27,-33.84,-31.43,0.0,23.25,4,148.5,81.29,-43.73,0.0,,8,,20260804
CURB,Curbline Properties Corp.,Real Estate,REIT - Retail,NYSE,30.25,1182406,3479900160,0.739,30.21,26.27,0.051,5.26,16.18,19.48,14.77,0.0,85.0,2,32.15,21.62,-5.91,0.0,,8,,20260804
AEHR,"Aehr Test Systems, Inc.",Technology,Semiconductor Equipment & Materials,NCM,91.71,2553672,2991621376,11.9342,91.28,53.41,0.0363,-6.87,247.61,421.47,253.53,0.0,58.75,2,126.62,16.38,-27.57,0.0,,8,,20260804
BCCLF,"Becle, S.A.B. de C.V.",Consumer Defensive,Beverages - Wineries & Distilleries,PNK,0.94,23783,3303882240,0.015,0.83,1.0,7.2918,13.18,-20.54,-52.05,-24.71,0.0,65.75,3,1.45,0.75,-35.31,0.0,,8,,20260804
BKQNY,Bank of Queensland Limited,Financial Services,Banks - Regional,PNK,8.45,91,2843634944,0.0115,8.58,8.8,-10.9554,-1.41,-13.91,-32.73,-18.31,0.0,24.0,4,10.5,8.22,-19.52,0.0,,8,,20260804
MITFY,Mitie Group plc,Industrials,Specialty Business Services,PNK,11.08,1562,3437184768,0.3006,9.01,8.96,6.8841,16.85,9.22,39.7,23.32,0.0,80.0,2,11.52,7.11,-3.82,0.0,,8,,20260804
CLMT,"Calumet, Inc.",Basic Materials,Specialty Chemicals,NASDAQ,42.37,995046,3692424448,1.705,37.45,28.25,2.887,20.39,78.99,144.61,90.59,0.0,88.75,2,45.2,12.94,-6.26,0.0,,8,,20260804
HAE,Haemonetics Corporation,Healthcare,Medical Devices,NYSE,86.79,890585,3944257024,2.6951,75.07,67.82,4.3494,41.05,20.12,-3.98,15.71,0.0,93.75,2,88.58,47.32,-2.03,0.0,,8,,20260804
JSGRY,LIXIL Corporation,Industrials,Building Products & Equipment,PNK,21.47,383,3087311360,0.5645,21.64,22.19,-0.2952,4.38,-17.04,-24.05,-14.49,0.0,50.25,4,26.68,18.58,-19.53,0.0,,8,,20260804
ATROB,Astronics Corporation,Industrials,Aerospace & Defense,PNK,70.94,53218,3501022720,3.9313,72.95,58.51,-0.5096,19.73,0.66,114.3,50.89,0.0,77.0,3,91.15,22.9,-22.17,0.0,,8,,20260804
IPAR,"Interparfums, Inc.",Consumer Defensive,Household & Personal Products,NASDAQ,124.92,285251,4000660480,4.0843,108.48,94.46,4.0253,31.85,20.11,-14.06,9.38,0.0,90.0,2,129.29,77.21,-3.38,0.0,,8,,20260804
NN,NextNav Inc.,Technology,Software - Infrastructure,NCM,13.24,2430829,1806425088,1.1575,17.48,16.44,-3.6657,-37.09,-17.88,-31.68,-28.2,0.0,6.25,4,24.42,10.87,-45.78,0.0,,8,,20260804
SBCF,Seacoast Banking Corporation of Florida,Financial Services,Banks - Regional,NASDAQ,34.91,980145,3380090880,0.8927,32.11,31.49,3.1311,6.75,-4.39,5.64,2.41,0.0,90.0,2,35.55,27.22,-1.8,0.0,,8,,20260804
OLN,Olin Corporation,Basic Materials,Chemicals,NYSE,18.62,2955114,0,1.2614,22.79,23.44,-3.3044,-39.86,-19.25,-19.56,-24.53,0.0,13.75,4,30.46,17.73,-38.87,0.0,,8,,20260804
ADEA,Adeia Inc.,Technology,Software - Application,NASDAQ,27.79,2072117,3065063424,1.8133,28.99,22.33,-0.6617,-21.04,44.17,95.87,48.55,0.0,48.25,3,34.34,11.61,-19.07,0.0,,8,,20260804
HMNKF,HMS Networks AB (publ),Technology,Communication Equipment,PNK,48.73,4,2445954304,0.4472,56.25,45.44,-16.8052,6.66,7.82,10.58,8.63,0.0,50.0,3,59.75,42.2,-18.44,0.0,,8,,20260804
DNLI,Denali Therapeutics Inc.,Healthcare,Biotechnology,NASDAQ,23.15,1886646,3674130432,1.1526,22.98,19.88,0.1437,21.09,-3.59,46.19,22.49,0.0,90.0,2,27.3,12.58,-15.2,0.0,,8,,20260804
BKFKF,P/F Bakkafrost,Consumer Defensive,Farm Products,PNK,46.78,45,2457743616,0.4055,43.69,46.39,7.6199,-4.79,-12.19,-18.83,-13.0,0.0,50.0,3,52.23,40.8,-10.43,0.0,,8,,20260804
JNPKF,Jenoptik AG,Technology,Electronic Components,PNK,43.33,3668,2479841536,0.8751,48.55,32.94,-5.9705,7.77,62.47,76.37,54.36,0.0,53.75,3,56.25,19.33,-22.98,0.0,,8,,20260804
HYMC,Hycroft Mining Holding Corporation,Basic Materials,Gold,NCM,20.62,2128203,1921406336,1.7133,24.49,27.83,-2.2568,-52.17,-54.87,511.32,172.28,0.0,13.75,4,58.73,3.34,-64.89,0.0,,8,,20260804
NSIT,"Insight Enterprises, Inc.",Technology,Electronics & Computer Distribution,NASDAQ,131.67,516529,3976949504,4.9881,114.36,91.45,3.4712,75.53,46.64,-10.16,31.14,0.0,95.0,2,135.89,63.62,-3.11,0.0,,8,,20260804
DBRG,"DigitalBridge Group, Inc.",Financial Services,Asset Management,NYSE,15.83,2852235,2926659328,0.0506,15.75,14.59,1.6407,-3.54,-7.09,26.61,7.28,0.0,83.75,2,15.92,8.94,-0.57,0.0,,8,,20260804
MITFF,Mitie Group plc,Industrials,Specialty Business Services,PNK,2.71,1274,3458958592,0.0596,2.24,2.24,7.9445,6.07,12.94,19.29,13.76,0.0,52.5,3,2.81,1.75,-3.56,0.0,,8,,20260804
PARR,"Par Pacific Holdings, Inc.",Energy,Oil & Gas Refining & Marketing,NYSE,82.87,1041646,4155456256,3.6427,63.66,51.53,5.2738,21.4,109.5,142.89,100.83,0.0,92.5,2,87.03,26.83,-4.78,0.0,,8,,20260804
PAY,"Paymentus Holdings, Inc.",Technology,Software - Infrastructure,NYSE,34.52,1082138,0,1.6083,25.72,27.96,5.4721,18.94,19.07,2.62,12.46,0.0,92.5,3,39.38,20.11,-12.34,0.0,,8,,20260804
TR,"Tootsie Roll Industries, Inc.",Consumer Defensive,Confectioners,NYSE,39.42,231072,0,1.1758,38.41,38.86,0.8617,-12.43,-2.41,-13.18,-9.22,0.0,65.0,3,45.06,33.44,-12.52,0.0,,8,,20260804
TROLB,"Tootsie Roll Industries, Inc.",Consumer Defensive,Confectioners,PNK,39.5,20,2969261824,0.0159,39.27,36.76,14.6106,8.9,8.6,-36.92,-9.53,0.0,75.0,2,48.54,33.98,-18.63,0.0,,8,,20260804
RCUS,"Arcus Biosciences, Inc.",Healthcare,Biotechnology,NYSE,27.62,1228780,3473854720,1.5383,26.9,23.34,0.4677,2.15,21.2,181.32,80.48,0.0,82.5,2,31.73,8.88,-12.97,0.0,,8,,20260804
BEAM,Beam Therapeutics Inc.,Healthcare,Biotechnology,NASDAQ,25.91,2261869,2665600512,1.8577,30.71,28.1,-2.5814,-21.01,-16.27,10.26,-6.84,0.0,22.0,4,38.26,15.6,-32.28,0.0,,8,,20260804
YUEIY,Yue Yuen Industrial (Holdings) Limited,Consumer Cyclical,Footwear & Accessories,PNK,8.69,4872,2920063744,0.3145,8.67,9.49,0.0777,-6.44,-26.71,-1.21,-11.44,0.0,45.75,3,12.61,7.58,-31.09,0.0,,8,,20260804
ACOPY,The a2 Milk Company Limited,Consumer Defensive,Packaged Foods,PNK,4.9,495,3554588416,0.0912,4.32,5.34,6.3708,-4.65,-21.8,-16.33,-15.33,0.0,62.0,3,6.78,3.8,-27.73,0.0,,8,,20260804
OPMXF,"Operadora de Sites Mexicanos, S.A.B. de C.V.",Industrials,Engineering & Construction,PNK,1.0,3202,2913691136,0.0263,0.91,0.54,3.3886,136.27,124.71,122.17,126.59,0.0,80.0,2,1.05,0.7,-4.76,0.0,,8,,20260804
BSM,"Black Stone Minerals, L.P.",Energy,Oil & Gas E&P,NYSE,15.05,357400,3198114816,0.2932,14.06,13.79,3.3773,2.71,-3.75,10.12,3.41,0.0,88.75,2,15.49,11.78,-2.84,0.0,,8,,20260804
ENEAY,ENEA S.A.,Utilities,Utilities - Regulated Electric,PNK,22.48,1,2977088768,0.0035,22.3,16.9,50.2077,-1.5,136.91,126.07,97.97,0.0,75.0,2,22.48,9.42,-0.0,0.0,,8,,20260804
LYSFF,Lerøy Seafood Group ASA,Consumer Defensive,Packaged Foods,PNK,4.24,196,2582792448,0.0039,4.42,4.82,-43.7184,-16.23,-16.44,-29.21,-21.49,0.0,12.0,4,5.31,4.24,-20.08,0.0,,8,,20260804
THYCY,Taiheiyo Cement Corporation,Basic Materials,Building Materials,PNK,6.24,87,2972346368,0.0406,6.76,6.43,-12.7079,7.61,-15.49,-22.45,-12.5,0.0,37.0,3,7.39,5.43,-15.56,0.0,,8,,20260804
AKR,Acadia Realty Trust,Real Estate,REIT - Retail,NYSE,22.35,1438412,3258475520,0.4516,21.75,20.42,1.3221,-0.52,3.88,3.02,2.43,0.0,82.5,2,23.03,18.14,-2.95,0.0,,8,,20260804
NTCT,"NetScout Systems, Inc.",Technology,Software - Infrastructure,NASDAQ,40.94,642675,2976411648,1.3126,41.33,32.63,-0.2953,15.07,37.14,69.93,44.74,0.0,72.0,3,45.28,20.39,-9.58,0.0,,8,,20260804
CECO,CECO Environmental Corp.,Industrials,Pollution & Treatment Controls,NASDAQ,68.33,947659,3990679296,5.1648,83.47,67.62,-2.9323,-13.44,-8.74,30.82,5.91,0.0,33.75,3,101.24,42.78,-32.51,0.0,,8,,20260804
WIX,Wix.com Ltd.,Technology,Software - Infrastructure,NASDAQ,56.84,1825948,2378726144,3.6484,50.46,82.27,1.75,-34.89,-44.62,-79.41,-56.1,0.0,41.25,3,190.93,40.16,-70.23,0.0,,8,,20260804
TNGX,"Tango Therapeutics, Inc.",Healthcare,Biotechnology,NASDAQ,27.21,4023211,4430186496,1.8255,27.51,17.56,-0.1644,24.29,124.29,329.3,181.29,0.0,72.0,3,34.39,6.21,-20.88,0.0,,8,,20260804
WSIOF,Wasion Holdings Limited,Industrials,Electrical Equipment & Parts,PNK,2.26,9,2342921984,0.0625,3.21,2.19,-15.3137,-39.4,20.48,152.93,58.49,0.0,25.0,3,4.1,0.97,-45.0,0.0,,8,,20260804
DMPHF,Dermapharm Holding SE,Healthcare,Drug Manufacturers - Specialty & Generic,PNK,47.69,3,2362600960,0.3396,46.04,40.69,4.8717,18.37,14.38,3.54,11.04,0.0,75.0,2,53.0,39.56,-10.02,0.0,,8,,20260804
JGHAF,Jungheinrich Aktiengesellschaft,Industrials,Specialty Industrial Machinery,PNK,33.84,0,3451680000,0.0005,33.84,33.62,0.0,-3.35,-7.34,-41.67,-20.07,0.0,75.0,3,44.11,33.84,-23.28,0.0,,8,,20260804
DNN,Denison Mines Corp.,Energy,Uranium,NYSE,2.88,24458541,2606448896,0.1783,3.13,3.3,-1.3766,-28.61,-37.35,17.93,-13.05,0.0,11.25,4,4.43,1.86,-34.99,0.0,,8,,20260804
ULVAF,"ULVAC, Inc.",Industrials,Specialty Industrial Machinery,PNK,62.0,30,3048775168,2.2878,-26.53,-72.24,38.6979,-174.05,-178.05,-215.52,-192.04,0.0,62.0,3,62.0,33.38,0.0,0.0,,8,,20260804
WT,"WisdomTree, Inc.",Financial Services,Asset Management,NYSE,20.99,2951546,3210237184,0.8772,18.73,15.59,2.5767,21.09,19.94,38.28,27.56,0.0,91.25,2,21.29,10.69,-1.41,0.0,,8,,20260804
SMIZF,"Meliá Hotels International, S.A.",Consumer Cyclical,Lodging,PNK,13.25,22,2919120640,0.0024,13.24,10.67,4.2539,-2.29,34.88,28.34,22.97,0.0,75.0,2,13.55,7.6,-2.21,0.0,,8,,20260804
VGNT,Versigent PLC,Consumer Cyclical,Auto Parts,NYSE,42.04,1458487,2980369664,2.0999,43.21,42.04,-0.558,8.0,19.41,19.41,16.56,0.0,74.5,3,50.89,26.34,-17.39,0.0,,8,,20260804
KXSCF,Kinaxis Inc.,Technology,Software - Application,PNK,120.0,12941,3278405376,3.6247,111.23,111.19,2.4206,7.11,8.74,-40.94,-11.54,0.0,93.75,2,158.91,84.7,-24.49,0.0,,8,,20260804
HOEGF,Höegh Autoliners ASA,Industrials,Marine Shipping,PNK,17.62,2533,3361354752,0.2504,15.73,12.62,7.5392,15.86,48.66,49.87,40.94,0.0,82.5,2,17.62,8.32,0.0,0.0,,8,,20260804
WBRBY,Wienerberger AG,Basic Materials,Building Materials,PNK,4.59,14179,2538277376,0.2319,5.15,5.75,-2.4035,-18.21,-36.19,-47.78,-36.33,0.0,8.75,4,7.74,4.38,-40.7,0.0,,8,,20260804
FPAFY,First Pacific Company Limited,Consumer Defensive,Packaged Foods,PNK,3.52,56872,3000532480,0.0702,3.31,3.68,2.9768,-5.54,-21.03,-30.82,-21.07,0.0,49.5,3,4.44,3.03,-20.72,0.0,,8,,20260804
PANHF,Ping An Healthcare and Technology Company Limited,Healthcare,Health Information Services,PNK,0.97,114,2062827264,0.0104,1.08,1.58,-10.6413,-34.93,-56.47,-20.17,-36.57,0.0,0.0,4,2.45,0.9,-60.42,0.0,,8,,20260804
DAVE,Dave Inc.,Technology,Software - Application,NASDAQ,399.15,577620,5074891776,25.018,342.17,244.94,2.2775,40.99,133.77,48.08,76.3,0.0,86.25,2,458.25,152.21,-12.9,0.0,,8,,20260804
KEEL,Keel Infrastructure Corp.,Technology,Information Technology Services,NASDAQ,4.2,45937183,2536080384,0.5507,5.11,3.45,-1.6442,30.51,69.41,212.14,116.78,0.0,61.25,3,7.37,1.14,-43.01,0.0,,8,,20260804
ACOPF,The a2 Milk Company Limited,Consumer Defensive,Packaged Foods,PNK,4.7,485,3409502976,0.0748,4.32,5.26,5.0883,-11.55,-19.88,-21.65,-18.5,0.0,25.0,3,6.86,3.65,-31.49,0.0,,8,,20260804
BANC,"Banc of California, Inc.",Financial Services,Banks - Regional,NYSE,19.24,3135254,3048241408,0.6769,20.03,18.78,-1.1726,-1.24,-12.51,14.56,1.14,0.0,75.75,3,21.93,14.11,-12.27,0.0,,8,,20260804
ATRO,Astronics Corporation,Industrials,Aerospace & Defense,NASDAQ,71.12,749112,3509658880,3.5089,72.21,57.14,-0.3094,19.73,7.56,125.52,57.79,0.0,75.75,3,88.72,21.76,-19.84,0.0,,8,,20260804
QNTQF,QinetiQ Group plc,Industrials,Aerospace & Defense,PNK,6.45,411,3151118592,0.0871,5.97,6.1,5.5012,5.1,-15.7,-25.35,-14.36,0.0,75.0,3,7.64,5.09,-15.58,0.0,,8,,20260804
AMSSY,ams-OSRAM AG,Technology,Semiconductors,PNK,10.3,8583,2050516096,0.7096,11.42,7.45,-1.5833,34.54,88.0,40.75,55.74,0.0,58.75,3,15.1,4.19,-31.79,0.0,,8,,20260804
FPAFF,FPAFF,Consumer Defensive,Packaged Foods,PNK,0.69,21590,0,0.0118,0.66,0.75,2.1878,-8.38,-23.02,-33.86,-23.7,0.0,39.5,3,0.9,0.61,-23.33,0.0,,8,,20260804
CESDF,CES Energy Solutions Corp.,Energy,Oil & Gas Equipment & Services,OID,11.67,95111,2441727744,0.2154,11.98,10.89,-1.4446,-21.35,3.1,98.41,35.11,0.0,39.5,3,14.25,4.98,-18.11,0.0,,8,,20260804
QTWO,"Q2 Holdings, Inc.",Technology,Software - Application,NYSE,62.45,857791,3894050816,2.8405,49.82,56.96,4.4454,16.49,-8.12,-44.29,-16.43,0.0,91.25,3,85.19,40.79,-26.69,0.0,,8,,20260804
GRAL,"GRAIL, Inc.",Healthcare,Diagnostics & Research,NASDAQ,70.27,672745,3015748864,4.3317,66.88,74.25,0.7823,24.58,-38.24,84.21,26.44,0.0,74.5,3,118.84,29.95,-40.87,0.0,,8,,20260804
LGDDF,Lagardere SA,Consumer Cyclical,Specialty Retail,PNK,20.33,9,3164910336,0.002,20.33,21.34,-1.2221,-10.74,-15.55,-29.41,-19.89,0.0,24.0,4,23.66,20.33,-14.07,0.0,,8,,20260804
FPLSF,5N Plus Inc.,Basic Materials,Specialty Chemicals,PNK,23.0,56637,2068512384,1.3412,27.91,21.03,-3.6622,-16.23,20.09,138.1,58.22,0.0,36.25,3,44.91,8.75,-48.79,0.0,,8,,20260804
PFS,"Provident Financial Services, I",Financial Services,Banks - Regional,NYSE,25.18,1032609,0,0.548,23.31,21.16,3.421,8.34,6.12,23.63,13.68,0.0,88.75,2,25.41,17.69,-0.91,0.0,,8,,20260804
PHPPY,Signify N.V.,Industrials,Electrical Equipment & Parts,PNK,8.05,161,1912964224,0.1177,10.48,10.8,-20.6147,-30.85,-41.04,-53.85,-43.61,0.0,1.25,4,14.04,8.01,-42.66,0.0,,8,,20260804
PRVA,"Privia Health Group, Inc.",Healthcare,Health Information Services,NASDAQ,23.79,1125483,2997834496,0.8403,24.42,23.64,-0.7469,-9.67,-7.62,0.68,-4.81,0.0,72.0,3,28.82,18.92,-17.45,0.0,,8,,20260804
HTGC,"Hercules Capital, Inc.",Financial Services,Asset Management,NYSE,16.81,1580985,3146226688,0.3503,15.72,15.88,3.0976,0.87,-13.58,-20.9,-12.9,0.0,85.0,3,19.67,13.7,-14.54,0.0,,8,,20260804
DYN,"Dyne Therapeutics, Inc.",Healthcare,Biotechnology,NASDAQ,25.24,2114370,4713479680,1.4053,21.23,19.16,2.8521,39.73,31.01,135.05,74.8,0.0,92.5,2,26.26,9.89,-3.88,0.0,,8,,20260804
YUEIF,Yue Yuen Industrial (Holdings) Limited,Consumer Cyclical,Footwear & Accessories,PNK,1.8,441,2991205120,0.0345,1.68,1.86,3.3557,-4.77,-23.7,-9.96,-13.47,0.0,37.0,3,2.21,1.46,-18.55,0.0,,8,,20260804
HAWK,"HawkEye 360, Inc.",Industrials,Aerospace & Defense,NYSE,22.36,1356591,2190384896,1.647,23.05,22.36,-0.4181,-38.07,-38.07,-38.07,-38.07,0.0,64.0,3,35.73,17.02,-37.42,0.0,,8,,20260804
KALU,Kaiser Aluminum Corporation,Basic Materials,Aluminum,NASDAQ,163.88,270570,2679289344,8.9376,173.92,135.66,-1.1238,-10.67,24.77,95.74,44.3,0.0,35.0,3,195.96,71.44,-16.37,0.0,,8,,20260804
LFST,"LifeStance Health Group, Inc.",Healthcare,Medical Care Facilities,NASDAQ,10.54,4167283,4024534784,0.3986,9.61,7.44,2.3372,34.57,39.0,143.63,79.74,0.0,85.0,2,11.76,3.79,-10.37,0.0,,8,,20260804
BOSSY,Hugo Boss AG,Consumer Cyclical,Apparel Manufacturing,PNK,8.52,408,2881137408,0.0533,8.58,8.62,-1.1006,-3.75,-8.54,-31.65,-16.59,0.0,37.25,4,10.08,8.0,-15.47,0.0,,8,,20260804
EXG,EXG,Financial Services,Asset Management,NYSE,9.85,434083,0,0.124,9.53,9.07,2.5927,1.11,-4.07,1.38,-0.59,0.0,82.5,2,9.88,8.25,-0.35,0.0,,8,,20260804
GRBK,"Green Brick Partners, Inc.",Consumer Cyclical,Residential Construction,NYSE,71.94,250435,3094189568,2.2993,72.44,68.87,-0.2158,3.15,-6.4,-5.05,-3.47,0.0,73.25,3,83.18,60.44,-13.51,0.0,,8,,20260804
ATKR,Atkore Inc.,Industrials,Electrical Equipment & Parts,NYSE,93.55,422500,3158927616,4.3978,77.18,68.92,3.722,20.65,25.9,2.75,15.33,0.0,65.0,2,93.6,53.49,-0.05,0.0,,8,,20260804
GNGYF,Guangshen Railway Company Limited,Industrials,Railroads,PNK,0.25,1734,1735466624,0.0009,0.21,0.18,35.702,42.0,54.88,-13.04,24.49,0.0,75.0,2,0.4,0.21,-38.75,0.0,,8,,20260804
TCAPF,TP ICAP Group PLC,Financial Services,Capital Markets,PNK,4.57,744,3314876416,0.0051,4.36,3.69,40.8133,22.73,26.71,-8.54,11.61,0.0,75.0,2,4.57,3.5,0.0,0.0,,8,,20260804
FSM,Fortuna Mining Corp.,Basic Materials,Gold,NYSE,8.67,5337627,2626640384,0.3811,8.8,9.71,-0.3506,-13.95,-21.43,13.22,-5.7,0.0,23.25,4,13.85,6.17,-37.4,0.0,,8,,20260804
DREUF,Dream Industrial Real Estate Investment Trust,Real Estate,REIT - Industrial,PNK,10.28,64696,3063161344,0.0725,10.08,9.35,2.8112,-1.48,2.45,4.75,2.39,0.0,83.75,2,10.76,8.05,-4.46,0.0,,8,,20260804
NMIH,"NMI Holdings, Inc.",Financial Services,Insurance - Specialty,NASDAQ,44.58,570406,3353211904,1.1613,39.7,38.81,4.2059,14.4,5.06,-1.74,4.67,0.0,87.5,2,46.74,34.84,-4.62,0.0,,8,,20260804
SSSAF,Shurgard Self Storage Ltd,Real Estate,REIT - Specialty,PNK,29.5,1339,2978683392,0.3317,28.54,32.51,2.9064,-8.53,-30.95,-48.44,-32.34,0.0,38.25,3,40.02,26.3,-26.29,0.0,,8,,20260804
IMPJY,Webuild S.p.A.,Industrials,Engineering & Construction,PNK,5.25,264,2595597056,0.0544,5.39,6.9,-2.5299,-14.85,-44.74,-61.61,-44.01,0.0,12.0,4,9.53,4.88,-44.91,0.0,,8,,20260804
RMTHF,Matrix IT Ltd.,Technology,Information Technology Services,PNK,27.55,2511,2549472768,1.8477,27.02,27.55,0.2848,-12.95,-25.26,-25.26,-22.18,0.0,58.75,3,33.96,21.05,-18.88,0.0,,8,,20260804
STLJF,Stella-Jones Inc.,Basic Materials,Lumber & Wood Production,PNK,57.75,3148,3150630912,0.5223,56.06,61.01,3.2446,-10.06,-23.36,-19.17,-18.36,0.0,38.25,3,72.46,52.0,-20.3,0.0,,8,,20260804
WDOFF,Wesdome Gold Mines Ltd.,Basic Materials,Gold,OQX,19.07,238833,2827966464,0.9404,18.39,17.69,0.7191,3.56,6.49,38.79,18.68,0.0,65.0,2,22.6,11.5,-15.62,0.0,,8,,20260804
HIW,"Highwoods Properties, Inc.",Real Estate,REIT - Office,NYSE,33.32,1814051,0,0.8574,30.3,25.9,3.5278,32.14,24.31,2.76,17.64,0.0,85.0,2,35.44,20.45,-5.98,0.0,,8,,20260804
WK,Workiva Inc.,Technology,Software - Application,NYSE,61.2,1046695,3434503424,2.9919,51.6,67.52,3.2081,6.35,-30.62,-25.32,-19.25,0.0,77.0,3,97.09,43.34,-36.97,0.0,,8,,20260804
PLXNF,PLUXEE NV,Industrials,Specialty Business Services,PNK,15.05,171,2067810560,0.0695,13.89,14.22,16.6136,-1.13,5.38,-44.25,-16.1,0.0,75.0,3,21.49,12.0,-29.97,0.0,,8,,20260804
HUGPF,HUGPF,Unknown,Unknown,NASDAQ,42.09,20,0,0.1278,42.41,42.24,-2.4915,-6.22,-5.68,-28.26,-14.85,0.0,24.0,4,49.39,40.26,-14.79,0.0,,8,,20260804
IHS,IHS Holding Limited,Real Estate,Real Estate Services,NYSE,8.26,1361285,2780902656,0.063,8.25,7.82,0.2382,-4.68,-6.7,5.88,-1.16,0.0,58.75,2,8.95,5.71,-7.71,0.0,,8,,20260804
ERO,Ero Copper Corp.,Basic Materials,Copper,NYSE,27.37,1233746,2854088192,1.3835,27.23,27.26,0.101,3.16,-28.4,81.24,23.35,0.0,62.5,3,39.8,13.37,-31.23,0.0,,8,,20260804
UE,Urban Edge Properties,Real Estate,REIT - Retail,NYSE,22.6,891722,3000336896,0.4284,22.86,20.55,-0.6124,-1.06,8.48,-2.18,1.83,0.0,74.5,3,24.11,18.46,-6.26,0.0,,8,,20260804
ALMS,Alumis Inc.,Healthcare,Biotechnology,NASDAQ,26.12,1303693,3330090752,1.9165,25.05,20.08,0.5597,-1.67,-3.51,509.72,202.24,0.0,86.25,2,31.35,3.76,-16.68,0.0,,8,,20260804
TENB,"Tenable Holdings, Inc.",Technology,Software - Infrastructure,NASDAQ,34.97,3691787,3856211200,2.5421,31.99,25.19,1.1718,59.31,48.45,-9.51,27.98,0.0,86.25,2,43.67,15.73,-19.92,0.0,,8,,20260804
AMBBY,Ambu A/S,Healthcare,Medical Devices,PNK,10.86,145,2848421120,0.0826,9.97,11.97,10.8156,-2.24,-27.94,-48.04,-29.56,0.0,49.0,3,16.78,8.54,-35.28,0.0,,8,,20260804
BWIN,"The Baldwin Insurance Group, Inc.",Financial Services,Insurance Brokers,NASDAQ,29.48,1631770,2854801152,1.4809,23.65,23.15,3.9349,28.41,24.41,-41.18,-0.82,0.0,87.5,2,36.78,15.88,-19.85,0.0,,8,,20260804
EXPO,"Exponent, Inc.",Industrials,Engineering & Construction,NASDAQ,68.27,601167,3311888640,2.3914,60.09,66.57,3.4205,-0.28,-14.19,-20.44,-13.21,0.0,88.75,3,81.95,51.91,-16.69,0.0,,8,,20260804
DRMKY,dormakaba Holding AG,Industrials,Building Products & Equipment,PNK,13.45,20089,3351266048,1.9598,13.6,13.89,-0.0788,-3.24,-7.61,-23.66,-12.94,0.0,66.5,4,20.29,2.37,-33.71,0.0,,8,,20260804
JPC,Nuveen Preferred & Income Opportunities Fund,Financial Services,Asset Management,NYSE,7.76,897891,2911757568,0.0716,7.75,7.7,0.1879,-6.29,-10.34,-15.34,-11.33,0.0,81.25,2,8.3,7.22,-6.51,0.0,,8,,20260804
KNKZF,KWS SAAT SE & Co. KGaA,Basic Materials,Agricultural Inputs,PNK,84.83,1,2799389952,0.0114,85.04,83.78,-18.1333,-9.96,-6.01,-3.71,-6.08,0.0,37.0,3,90.0,74.8,-5.74,0.0,,8,,20260804
DHT,"DHT Holdings, Inc.",Energy,Oil & Gas Midstream,NYSE,18.53,3208922,0,0.6815,17.65,15.37,1.2889,-3.65,27.29,56.3,31.16,0.0,88.75,2,20.55,10.7,-9.83,0.0,,8,,20260804
TTAM,Titan America SA,Basic Materials,Building Materials,NYSE,15.85,282530,2922145024,0.6357,16.95,16.46,-1.7329,-10.79,-18.35,-9.66,-12.98,0.0,49.5,3,19.57,13.82,-19.01,0.0,,8,,20260804
SUPN,"Supernus Pharmaceuticals, Inc.",Healthcare,Drug Manufacturers - Specialty & Generic,NASDAQ,46.0,765009,2669827072,2.0563,46.33,49.0,-0.1591,-9.27,-14.56,9.86,-3.47,0.0,32.75,4,59.68,35.51,-22.92,0.0,,8,,20260804
MGEE,"MGE Energy, Inc.",Utilities,Utilities - Regulated Electric,NASDAQ,80.0,317788,3019721728,1.8427,78.84,78.87,0.6271,-5.52,-8.71,-24.78,-14.34,0.0,85.0,3,88.01,72.16,-9.1,0.0,,8,,20260804
TNISY,"Técnicas Reunidas, S.A.",Industrials,Engineering & Construction,PNK,6.5,25,2536936448,0.0456,7.19,7.25,-15.1582,-29.5,-16.66,12.93,-8.03,0.0,0.0,4,8.9,4.92,-26.96,0.0,,8,,20260804
RHI,Robert Half Inc.,Industrials,Staffing & Employment Services,NYSE,38.73,2338275,0,2.2647,33.45,27.66,2.3315,41.11,7.24,-6.98,10.02,0.0,88.75,2,42.25,21.83,-8.33,0.0,,8,,20260804
WDFC,WD-40 Company,Basic Materials,Specialty Chemicals,NASDAQ,227.29,171017,3050480896,8.5048,227.99,213.78,-0.0818,2.71,-10.89,-13.17,-8.4,0.0,72.0,3,298.9,175.38,-23.96,0.0,,8,,20260804
GPCR,Structure Therapeutics Inc.,Healthcare,Biotechnology,NASDAQ,48.36,737141,3437163520,2.5886,46.29,52.04,0.7995,9.16,-55.4,150.49,43.1,0.0,73.25,3,94.9,15.8,-49.04,0.0,,8,,20260804
QUBT,Quantum Computing Inc.,Technology,Computer Hardware,NCM,8.74,19316706,1971175808,0.6431,9.56,10.25,-1.2683,-10.51,-15.79,-62.3,-33.08,0.0,12.5,4,25.84,6.18,-66.18,0.0,,8,,20260804
VISN,"Vistance Networks, Inc.",Technology,Communication Equipment,NASDAQ,12.05,6252346,2718114048,0.3951,12.29,9.92,-0.5999,-4.4,27.11,179.95,80.37,0.0,72.0,3,20.55,9.47,-41.36,0.0,,8,,20260804
ARCB,ArcBest Corporation,Industrials,Trucking,NASDAQ,137.57,409043,3074875904,7.3486,148.47,105.46,-1.4831,4.04,42.73,67.98,43.15,0.0,61.25,3,176.69,59.43,-22.14,0.0,,8,,20260804
KD,"Kyndryl Holdings, Inc.",Technology,Information Technology Services,NYSE,13.92,4430829,3069599744,0.6616,12.01,17.86,2.8892,-8.47,-49.55,-84.34,-53.2,0.0,41.25,3,37.01,10.1,-62.39,0.0,,8,,20260804
SUEZY,Südzucker AG,Consumer Defensive,Packaged Foods,PNK,5.98,37,2776892928,0.0155,6.56,6.09,-37.5235,-16.27,-2.37,-17.69,-11.97,0.0,12.0,4,7.1,5.5,-15.77,0.0,,8,,20260804
AEO,"American Eagle Outfitters, Inc.",Consumer Cyclical,Apparel Retail,NYSE,17.87,5113609,0,0.7261,17.14,19.47,1.0121,0.88,-32.31,48.81,8.43,0.0,77.0,3,28.46,11.17,-37.21,0.0,,8,,20260804
PHIN,PHINIA Inc.,Consumer Cyclical,Auto Parts,NYSE,78.05,379088,2859602944,3.6684,79.29,68.64,-0.3368,0.43,0.48,35.53,14.49,0.0,75.75,3,86.94,49.34,-10.22,0.0,,8,,20260804
WHR,Whirlpool Corporation,Consumer Cyclical,"Furnishings, Fixtures & Appliances",NYSE,39.21,2896464,0,1.9904,39.43,60.51,-0.1089,-36.1,-60.41,-72.27,-59.08,0.0,23.25,4,96.57,35.45,-59.4,0.0,,8,,20260804
CALY,Callaway Golf Company,Consumer Cyclical,Leisure,NYSE,19.09,2597285,3431571968,0.6167,17.54,14.18,2.5216,20.52,22.95,85.18,47.24,0.0,88.75,2,20.28,8.0,-5.87,0.0,,8,,20260804
NDVLY,New World Development Company Limited,Real Estate,Real Estate - Diversified,PNK,0.39,2941,2273039104,0.0194,0.41,0.48,-1.0645,-26.22,-52.49,-10.71,-29.21,0.0,0.0,4,0.8,0.32,-51.25,0.0,,8,,20260804
AUKUF,ams-OSRAM AG,Technology,Semiconductors,PNK,18.92,917,1865372416,0.2369,21.81,14.51,-12.1825,30.93,83.68,11.44,41.59,0.0,50.0,3,30.67,8.4,-38.31,0.0,,8,,20260804
ETRZF,ETRZF,Industrials,Engineering & Construction,PNK,38.94,0,2983395072,0.0882,38.54,21.68,4.5159,20.11,175.77,177.89,137.7,0.0,75.0,2,40.25,14.05,-3.25,0.0,,8,,20260804
TNIPF,TNIPF,Unknown,Unknown,PNK,38.5,666,0,1.6819,38.5,38.5,0.0,-3.81,-3.81,-3.81,-3.81,0.0,62.0,3,41.82,32.48,-7.94,0.0,,8,,20260804
BICEY,Société BIC SA,Consumer Defensive,Household & Personal Products,PNK,39.02,10700,3171046400,1.0214,33.48,30.68,5.4195,13.8,16.15,14.73,14.99,0.0,85.0,2,39.6,26.56,-1.46,0.0,,8,,20260804
FCPT,"Four Corners Property Trust, Inc.",Real Estate,REIT - Retail,NYSE,25.3,825911,2776654592,0.5341,24.87,23.9,0.8013,-3.73,-3.8,-14.21,-7.95,0.0,86.25,2,26.86,22.78,-5.81,0.0,,8,,20260804
KMT,Kennametal Inc.,Industrials,Tools & Accessories,NYSE,34.9,1269804,2659732736,1.3314,34.42,33.24,0.358,-14.2,-7.54,23.74,3.31,0.0,63.75,2,43.81,17.62,-20.34,0.0,,8,,20260804
CZMWF,Carl Zeiss Meditec AG,Healthcare,Medical Instruments & Supplies,PNK,35.81,127,2941212160,0.4789,31.69,37.09,8.6048,7.48,-1.47,-57.36,-21.59,0.0,62.0,3,55.75,26.42,-35.77,0.0,,8,,20260804
KLRA,"Kailera Therapeutics, Inc.",Healthcare,Biotechnology,NASDAQ,17.32,696962,2244076288,1.3737,20.07,17.32,-2.0041,-36.54,-40.35,-40.35,-39.4,0.0,35.0,3,28.23,16.39,-38.65,0.0,,8,,20260804
JOYY,JOYY Inc.,Communication Services,Internet Content & Information,NASDAQ,73.98,315108,3727244288,1.9148,67.71,61.07,3.272,23.2,10.27,37.84,24.53,0.0,88.75,2,76.68,48.53,-3.52,0.0,,8,,20260804
CSPKF,COSCO SHIPPING Ports Limited,Industrials,Marine Shipping,PNK,0.7,32,2808484096,0.0008,0.69,0.69,11.4142,-3.66,-6.59,37.15,11.64,0.0,50.0,2,0.79,0.65,-11.5,0.0,,8,,20260804
SPNT,SiriusPoint Ltd.,Financial Services,Insurance - Reinsurance,NYSE,23.64,812374,2746140928,0.772,23.58,21.72,0.0769,-3.73,5.75,-0.65,0.82,0.0,90.0,2,26.48,17.17,-10.73,0.0,,8,,20260804
DX,"Dynex Capital, Inc.",Real Estate,REIT - Mortgage,NYSE,12.71,5068195,3154201344,0.2372,12.77,12.61,-0.2713,-7.96,-11.08,-1.88,-6.62,0.0,68.25,3,14.93,11.83,-14.87,0.0,,8,,20260804
EOSE,"Eos Energy Enterprises, Inc.",Industrials,Electrical Equipment & Parts,NCM,3.75,27378638,1356327424,0.4663,5.84,9.8,-4.475,-47.27,-84.46,-55.41,-63.54,0.0,8.75,4,19.86,3.11,-81.12,0.0,,8,,20260804
SGAMF,Sega Sammy Holdings Inc.,Communication Services,Electronic Gaming & Multimedia,PNK,13.5,24,3129106944,0.0031,13.5,16.21,0.0,-16.67,-30.62,-56.7,-37.56,0.0,25.0,3,21.4,13.5,-36.92,0.0,,8,,20260804
UPST,"Upstart Holdings, Inc.",Financial Services,Credit Services,NASDAQ,29.43,4477238,2816791552,1.766,31.12,35.94,-0.9582,-15.52,-35.1,-85.19,-50.24,0.0,8.75,4,85.31,23.96,-65.5,0.0,,8,,20260804
CZMWY,Carl Zeiss Meditec AG,Healthcare,Medical Instruments & Supplies,PNK,36.47,3569,3192440832,1.0202,31.56,36.57,4.8164,10.92,2.27,-53.97,-18.06,0.0,72.0,3,56.32,26.65,-35.25,0.0,,8,,20260804
GARPY,Golden Agri-Resources Ltd,Consumer Defensive,Farm Products,PNK,22.09,56,2859717120,0.0346,21.68,21.75,11.9833,-9.25,-9.29,-4.98,-7.56,0.0,50.0,3,25.04,19.51,-11.78,0.0,,8,,20260804
EXK,Endeavour Silver Corp.,Basic Materials,Silver,NYSE,7.73,7193762,2289196800,0.4941,8.37,9.56,-1.2968,-21.39,-39.35,31.27,-6.61,0.0,8.75,4,15.15,5.02,-48.98,0.0,,8,,20260804
SMTGY,SMA Solar Technology AG,Technology,Solar,PNK,6.11,1765,2120169984,0.1882,6.57,4.93,-2.423,-5.19,32.9,136.6,64.86,0.0,26.25,3,8.44,1.83,-27.61,0.0,,8,,20260804
HNLGY,Hang Lung Group Limited,Real Estate,Real Estate Services,OID,9.34,259,2096892032,0.1006,8.9,9.61,4.38,-12.6,-19.84,-10.66,-14.36,0.0,39.5,3,11.7,7.7,-20.17,0.0,,8,,20260804
DKL,"Delek Logistics Partners, LP",Energy,Oil & Gas Refining & Marketing,NYSE,58.03,80535,3085350912,1.8119,53.22,48.88,2.6524,4.46,11.8,16.85,11.98,0.0,95.0,2,61.5,41.72,-5.64,0.0,,8,,20260804
BRZE,"Braze, Inc.",Technology,Software - Application,NASDAQ,25.69,2853043,2893507840,1.6337,23.46,24.44,1.3678,3.63,13.31,-29.02,-6.04,0.0,86.25,3,37.33,15.26,-31.18,0.0,,8,,20260804
SRAIF,Stadler Rail AG,Industrials,Railroads,PNK,28.47,17,2846886656,0.0149,28.12,26.14,23.4524,14.56,1.47,-13.36,-1.19,0.0,75.0,2,28.5,24.14,-0.11,0.0,,8,,20260804
WOR,"Worthington Enterprises, Inc.",Industrials,Metal Fabrication,NYSE,56.85,246261,2781921536,1.9498,56.3,54.51,0.2812,-0.53,-7.03,-28.21,-13.88,0.0,90.0,2,67.8,45.01,-16.15,0.0,,8,,20260804
NAD,Nuveen Quality Municipal Income Fund,Financial Services,Asset Management,NYSE,11.68,618932,2726862848,0.0967,11.78,11.6,-1.0687,-3.78,-10.04,-8.62,-7.91,0.0,69.5,3,12.31,11.11,-5.12,0.0,,8,,20260804
FBK,FB Financial Corporation,Financial Services,Banks - Regional,NYSE,61.1,370153,3148083456,1.1865,55.89,55.26,4.3952,7.84,-3.08,5.99,3.28,0.0,90.0,2,62.37,46.95,-2.03,0.0,,8,,20260804
WLWHY,Woolworths Holdings Limited,Consumer Cyclical,Department Stores,PNK,2.85,91,2470239744,0.0288,3.22,3.31,-12.8902,-16.52,-31.65,-28.98,-26.8,0.0,0.0,4,4.06,2.66,-29.8,0.0,,8,,20260804
LCII,LCI Industries,Consumer Cyclical,Recreational Vehicles,NYSE,103.5,467195,2516241152,3.7776,101.47,115.66,0.5368,-15.87,-38.12,-7.75,-20.41,0.0,37.5,3,159.66,84.33,-35.17,0.0,,8,,20260804
HKUOY,Hakuhodo DY Holdings Inc,Communication Services,Advertising Agencies,PNK,14.83,202,2684762624,0.0527,14.81,14.32,0.3655,7.62,-10.91,-23.47,-11.3,0.0,76.25,2,16.95,12.74,-12.51,0.0,,8,,20260804
INTR,"Inter & Co, Inc.",Financial Services,Banks - Regional,NASDAQ,5.63,6226366,2485579776,0.2283,5.68,7.72,-0.2076,-30.54,-48.97,-34.02,-38.38,0.0,20.75,4,10.36,5.16,-45.66,0.0,,8,,20260804
WTTR,"Select Water Solutions, Inc.",Energy,Oil & Gas Equipment & Services,NYSE,18.38,1816227,2583769344,0.8715,18.99,14.5,-0.7016,6.53,43.47,74.29,46.56,0.0,75.75,3,21.67,7.86,-15.18,0.0,,8,,20260804
THYCF,Taiheiyo Cement Corporation,Basic Materials,Building Materials,PNK,24.22,364,2424292608,0.1121,24.46,25.04,-2.1691,3.19,-23.22,-20.85,-15.67,0.0,49.0,4,31.8,22.25,-23.84,0.0,,8,,20260804
KDKWF,Kadokawa Corporation,Communication Services,Publishing,PNK,19.82,29,2913002496,0.0107,19.82,3.04,0.0,-6.92,-309.48,-274.44,-219.82,0.0,50.0,3,26.98,17.9,-26.54,0.0,,8,,20260804
MGRC,McGrath RentCorp,Industrials,Rental & Leasing Services,NASDAQ,119.66,188677,2922775040,3.2614,115.17,110.65,1.3759,4.44,-2.04,-23.67,-9.07,0.0,87.5,2,127.68,94.99,-6.28,0.0,,8,,20260804
AMFPY,Amplifon S.p.A.,Healthcare,Medical Distribution,PNK,46.67,11,3094788352,0.0348,47.11,65.51,-12.673,-24.75,-28.74,-66.05,-42.67,0.0,12.0,4,90.08,46.58,-48.19,0.0,,8,,20260804
PENG,"Penguin Solutions, Inc.",Technology,Information Technology Services,NASDAQ,52.6,4055590,2695365888,7.0343,62.56,32.7,-1.416,62.97,163.74,101.97,113.84,0.0,58.75,3,89.86,16.04,-41.46,0.0,,8,,20260804
AMFPF,Amplifon S.p.A.,Healthcare,Medical Distribution,PNK,11.21,16,2973437184,0.0137,11.55,13.5,-24.6598,5.16,-38.63,-67.89,-39.39,0.0,24.0,4,18.33,9.46,-38.84,0.0,,8,,20260804
MXCHF,"Orbia Advance Corporation, S.A.B. de C.V.",Industrials,Conglomerates,PNK,1.32,874,2543920640,0.0051,1.31,1.13,1.4533,-2.68,7.58,64.29,27.7,0.0,50.0,2,1.39,0.65,-5.04,0.0,,8,,20260804
SHAK,Shake Shack Inc.,Consumer Cyclical,Restaurants,NYSE,64.78,2468009,2771386880,2.647,58.25,81.74,2.4668,-39.55,-36.94,-67.37,-49.76,0.0,40.0,3,117.6,51.6,-44.91,0.0,,8,,20260804
UNIT,Uniti Group Inc.,Real Estate,REIT - Specialty,NASDAQ,9.64,2430322,2339870464,0.5345,11.18,8.88,-2.8891,-23.5,5.79,-12.11,-8.7,0.0,36.25,3,12.94,5.3,-25.49,0.0,,8,,20260804
TARS,"Tarsus Pharmaceuticals, Inc.",Healthcare,Biotechnology,NASDAQ,61.32,976108,2675456000,3.173,61.09,68.62,0.0724,-9.02,-15.07,36.76,7.18,0.0,38.75,3,85.25,39.79,-28.07,0.0,,8,,20260804
TALO,Talos Energy Inc.,Energy,Oil & Gas E&P,NYSE,14.87,1978964,2482187008,0.6707,14.37,13.04,0.7473,-9.84,14.67,52.72,23.76,0.0,62.5,2,17.05,7.67,-12.79,0.0,,8,,20260804
DK,"Delek US Holdings, Inc.",Energy,Oil & Gas Refining & Marketing,NYSE,66.01,1202019,0,2.91,52.72,41.17,4.5684,35.85,116.36,183.12,122.93,0.0,90.0,2,68.93,19.81,-4.24,0.0,,8,,20260804
CCC,CCC Intelligent Solutions Holdings Inc.,Technology,Software - Application,NASDAQ,6.3,10571832,3710666752,0.3437,5.25,6.35,3.0593,13.68,-26.96,-56.05,-28.43,0.0,70.75,3,10.13,4.08,-37.84,0.0,,8,,20260804
STNE,StoneCo Ltd.,Technology,Software - Infrastructure,NASDAQ,11.35,4955253,2760640512,0.4166,11.02,12.31,0.7955,-3.06,-24.95,-13.69,-14.98,0.0,75.75,3,19.95,9.45,-43.11,0.0,,8,,20260804
TNK,Teekay Tankers Ltd.,Energy,Oil & Gas Midstream,NYSE,80.48,370151,2788137728,2.8912,72.94,66.74,2.6074,-3.76,17.12,73.68,34.52,0.0,66.25,2,83.99,42.88,-4.18,0.0,,8,,20260804
PLBL,Polibeli Group Ltd,Consumer Cyclical,Department Stores,NASDAQ,6.39,195306,2341215744,0.9827,7.37,8.49,-0.9938,-14.64,-40.24,-60.67,-42.01,0.0,36.25,4,13.48,5.1,-52.6,0.0,,8,,20260804
SMTGF,SMA Solar Technology AG,Technology,Solar,PNK,62.1,250,2154870016,1.6115,65.87,48.44,-2.3369,-0.42,34.06,142.64,68.87,0.0,53.75,3,82.0,18.2,-24.27,0.0,,8,,20260804
VVVNF,Vivendi SE,Communication Services,Electronic Gaming & Multimedia,PNK,2.26,4524,2012267392,0.0524,2.45,2.65,-3.5907,-6.8,-20.36,-61.36,-33.37,0.0,2.5,4,4.25,1.86,-46.82,0.0,,8,,20260804
VIVHY,Vivendi SE,Communication Services,Electronic Gaming & Multimedia,PNK,1.84,73719,1832956416,0.0846,2.36,2.57,-6.135,-26.44,-41.95,-70.7,-49.57,0.0,11.25,4,3.78,1.78,-51.32,0.0,,8,,20260804
DAIPF,DAIHEN Corporation,Industrials,Specialty Industrial Machinery,PNK,51.55,0,1216931200,0.0126,51.55,-3.17,0.0,-4.22,-224.18,65.19,-53.44,0.0,62.0,3,118.4,51.55,-56.46,0.0,,8,,20260804
APELY,"Alps Alpine Co., Ltd.",Technology,Electronic Components,PNK,25.0,472,2438932480,0.78,26.32,26.72,-1.691,-9.11,-14.84,-5.19,-9.55,0.0,15.75,4,32.15,21.55,-22.24,0.0,,8,,20260804
PASTF,OPmobility SE,Consumer Cyclical,Auto Parts,PNK,17.7,20,2529957632,0.0129,18.14,16.91,-34.3629,-13.82,-12.15,72.05,21.11,0.0,37.0,3,19.58,9.5,-9.6,0.0,,8,,20260804
FBGGF,Fabege AB (publ),Real Estate,Real Estate Services,PNK,8.41,1,2645593344,0.0146,8.02,6.93,26.4467,5.79,24.67,34.21,23.77,0.0,75.0,2,8.93,7.26,-5.82,0.0,,8,,20260804
VOYG,"Voyager Technologies, Inc.",Industrials,Aerospace & Defense,NYSE,28.01,2375512,1659932800,2.5658,34.97,29.76,-2.7114,-0.11,-18.33,-51.21,-26.93,0.0,23.25,4,52.4,17.41,-46.55,0.0,,8,,20260804
FA,First Advantage Corporation,Industrials,Specialty Business Services,NASDAQ,20.39,1727738,3497640192,1.0185,18.2,14.34,2.1472,51.8,40.96,-3.27,25.98,0.0,88.75,2,22.78,8.82,-10.49,0.0,,8,,20260804
ALFRY,Alfresa Holdings Corporation,Healthcare,Medical Distribution,PNK,13.55,142,2376806144,0.0337,13.8,14.91,-7.2652,-23.61,-17.52,-32.0,-24.83,0.0,25.25,4,16.81,12.42,-19.39,0.0,,8,,20260804
MLFNF,Maple Leaf Foods Inc.,Consumer Defensive,Packaged Foods,PNK,20.57,22190,2575702528,0.2875,21.24,19.92,-2.341,-6.01,3.55,-21.64,-8.91,0.0,39.5,3,26.13,16.68,-21.28,0.0,,8,,20260804
ANSLY,Ansell Limited,Healthcare,Medical Instruments & Supplies,PNK,84.09,6,2883446272,0.0778,80.79,86.11,42.4113,-3.55,-12.02,-12.02,-9.9,0.0,62.0,3,96.27,74.38,-12.65,0.0,,8,,20260804
JBFCF,Jollibee Foods Corporation,Consumer Cyclical,Restaurants,PNK,2.5,6569,2801751552,0.0751,2.32,3.02,2.4349,-14.1,-37.66,-58.2,-39.98,0.0,30.0,3,4.25,1.91,-41.18,0.0,,8,,20260804
DRTGF,Jet2 plc,Consumer Cyclical,Travel Services,PNK,20.78,1106,3604111872,0.2055,17.89,17.07,14.089,33.25,12.99,-26.66,2.2,0.0,77.5,2,22.68,14.07,-8.38,0.0,,8,,20260804
HSQVY,Husqvarna AB (publ),Industrials,Tools & Accessories,PNK,8.4,121893,2401882624,0.2009,8.23,9.09,0.8402,-18.81,-27.69,-42.46,-31.38,0.0,55.75,3,12.2,7.28,-31.15,0.0,,8,,20260804
CWT,California Water Service Group,Utilities,Utilities - Regulated Water,NYSE,49.38,529308,3053614848,1.3801,47.81,45.34,1.1395,12.07,2.1,-9.49,-0.05,0.0,85.0,2,53.82,41.29,-8.25,0.0,,8,,20260804
VBVBF,Verbio SE,Basic Materials,Specialty Chemicals,PNK,44.05,45,2806666752,0.0324,43.83,30.99,6.8616,-1.77,152.44,207.75,136.01,0.0,75.0,2,53.13,12.1,-17.1,0.0,,8,,20260804
NVG,Nuveen AMT-Free Municipal Credit Income Fund,Financial Services,Asset Management,NYSE,12.32,500140,2658920192,0.1149,12.53,12.3,-1.8201,-5.94,-10.58,-7.2,-8.07,0.0,70.75,3,13.59,11.53,-9.35,0.0,,8,,20260804
ASH,Ashland Inc.,Basic Materials,Specialty Chemicals,NYSE,71.75,1026801,3285674240,2.5355,64.4,57.8,2.897,34.06,8.89,22.08,20.46,0.0,86.25,2,74.99,46.3,-4.32,0.0,,8,,20260804
WU,The Western Union Company,Financial Services,Credit Services,NYSE,6.55,9104761,2042807296,0.3787,7.71,8.43,-3.065,-31.99,-36.08,-30.35,-32.76,0.0,11.25,4,10.35,6.27,-36.71,0.0,,8,,20260804
HLIO,"Helios Technologies, Inc.",Industrials,Specialty Industrial Machinery,NYSE,80.21,368303,2650648320,2.9071,82.81,67.99,-0.8938,14.77,14.14,98.83,48.17,0.0,69.5,3,95.05,35.48,-15.61,0.0,,8,,20260804
UTF,UTF,Financial Services,Asset Management,NYSE,27.7,273995,0,0.3124,27.25,25.15,1.4481,-1.25,1.03,-9.01,-3.56,0.0,88.75,2,28.11,23.42,-1.46,0.0,,8,,20260804
FXCNF,FIH Mobile Ltd,Technology,Consumer Electronics,PNK,3.0,45,2305851136,0.0061,3.14,2.69,-23.8368,-9.58,16.79,126.85,54.22,0.0,37.0,3,3.76,1.45,-20.21,0.0,,8,,20260804
ZNKKY,"ZENKOKU HOSHO Co.,Ltd.",Financial Services,Credit Services,PNK,9.49,187,2521715200,0.0571,9.01,9.84,8.4606,-18.72,-10.02,-28.08,-19.42,0.0,37.0,3,12.34,8.66,-23.1,0.0,,8,,20260804
FRSH,Freshworks Inc.,Technology,Software - Application,NASDAQ,11.77,17506948,3253630464,0.5716,10.01,10.02,3.0736,29.11,-0.89,-30.59,-5.27,0.0,91.25,3,14.06,6.79,-16.29,0.0,,8,,20260804
ARQT,"Arcutis Biotherapeutics, Inc.",Healthcare,Biotechnology,NASDAQ,25.94,1809458,3244662784,1.155,25.45,25.33,0.422,5.68,-7.83,56.72,21.37,0.0,86.25,2,31.77,13.7,-18.35,0.0,,8,,20260804
ELALF,El Al Israel Airlines Ltd.,Industrials,Airlines,PNK,5.0,425,2952773376,0.0622,4.82,4.59,2.9613,4.24,4.79,22.26,11.64,0.0,76.25,2,6.0,3.8,-16.67,0.0,,8,,20260804
VNET,"VNET Group, Inc.",Technology,Information Technology Services,NASDAQ,7.15,7335498,2035545344,0.5307,8.47,9.39,-2.4792,-19.68,-42.18,-35.16,-33.74,0.0,8.75,4,14.48,6.17,-50.62,0.0,,8,,20260804
SVM,Silvercorp Metals Inc.,Basic Materials,Silver,NYSE,9.56,3501183,0,0.5819,10.55,10.16,-1.7049,-27.35,-15.04,97.8,27.02,0.0,23.25,4,15.77,4.29,-39.38,0.0,,8,,20260804
THUPY,Thule Group AB (publ),Consumer Cyclical,Leisure,PNK,11.3,372,2778976000,0.1672,10.92,11.79,2.2283,-12.18,-14.14,-38.17,-23.26,0.0,37.0,3,15.45,9.9,-26.89,0.0,,8,,20260804
WAFD,"WaFd, Inc.",Financial Services,Banks - Regional,NASDAQ,37.36,583537,2762926592,0.7284,36.88,33.12,0.6601,0.76,6.29,11.51,7.0,0.0,87.5,2,39.49,26.31,-5.39,0.0,,8,,20260804
WAFDP,"WaFd, Inc.",Financial Services,Banks - Regional,NASDAQ,16.57,23375,0,0.1491,16.23,16.05,2.2692,-3.15,-6.36,-12.6,-8.05,0.0,86.25,2,17.49,15.94,-5.29,0.0,,8,,20260804
TRMK,Trustmark Corporation,Financial Services,Banks - Regional,NASDAQ,48.02,441069,2795997440,0.8851,45.65,42.21,2.6812,2.13,4.14,10.77,6.29,0.0,90.0,2,48.09,36.28,-0.15,0.0,,8,,20260804
TRN,"Trinity Industries, Inc.",Industrials,Railroads,NYSE,31.34,772569,2496841728,1.5205,34.41,30.73,-2.017,-18.13,0.9,18.74,3.28,0.0,62.5,3,38.31,24.15,-18.19,0.0,,8,,20260804
MPJPY,Metaplanet Inc.,Unknown,Unknown,OQX,1.48,927575,0,0.1046,1.5,1.48,-0.1833,-36.25,-57.5,-59.99,-53.18,0.0,47.0,3,4.02,1.21,-63.18,0.0,,8,,20260804
NESR,National Energy Services Reunited Corp.,Energy,Oil & Gas Equipment & Services,NCM,27.78,2135262,2801536768,1.5424,26.48,20.89,0.8431,6.88,31.08,295.29,130.72,0.0,86.25,2,30.31,6.24,-8.35,0.0,,8,,20260804
TSRYY,Treasury Wine Estates Limited,Consumer Defensive,Beverages - Wineries & Distilleries,PNK,3.61,38969,2936307968,0.0831,3.21,3.32,4.7711,12.95,-11.17,-45.46,-18.86,0.0,83.75,3,5.55,2.25,-34.95,0.0,,8,,20260804
BW,"Babcock & Wilcox Enterprises, Inc.",Industrials,Specialty Industrial Machinery,NYSE,9.52,3909714,1416952448,1.0172,13.91,11.08,-4.3128,-37.75,-11.32,859.24,330.3,0.0,12.5,4,22.03,0.93,-56.79,0.0,,8,,20260804
RLAY,"Relay Therapeutics, Inc.",Healthcare,Biotechnology,NASDAQ,18.78,3994583,4092919552,1.1263,17.12,11.42,1.4728,42.23,135.09,412.33,222.77,0.0,87.5,2,20.79,3.02,-9.67,0.0,,8,,20260804
NMRK,"Newmark Group, Inc.",Real Estate,Real Estate Services,NASDAQ,15.3,1387135,3812902400,0.5793,15.05,15.97,0.4233,-9.66,-23.75,-19.38,-18.48,0.0,45.75,3,19.84,13.36,-22.86,0.0,,8,,20260804
HMDPF,Hammond Power Solutions Inc.,Industrials,Electrical Equipment & Parts,PNK,182.0,9730,2166696192,9.7843,216.58,162.39,-3.5344,-20.65,25.96,84.31,37.65,0.0,32.5,3,258.68,81.41,-29.64,0.0,,8,,20260804
SMSGY,Samsonite Group S.A.,Consumer Cyclical,Footwear & Accessories,PNK,9.02,22375,2473924864,0.3313,9.23,10.81,-0.6242,-7.12,-37.41,-32.98,-28.06,0.0,23.25,4,14.1,8.33,-36.03,0.0,,8,,20260804
CDLR,Cadeler A/S,Industrials,Engineering & Construction,NYSE,22.5,94741,2170597888,0.6791,23.15,22.59,-0.9569,-25.73,-15.93,-13.85,-17.55,0.0,37.75,4,30.01,15.37,-25.02,0.0,,8,,20260804
BGAOY,Proximus PLC,Communication Services,Telecom Services,PNK,1.37,2159,2196859392,0.0124,1.43,1.55,-4.8002,-11.02,-17.91,-32.56,-22.04,0.0,13.25,4,1.98,1.27,-30.81,0.0,,8,,20260804
VAC,Marriott Vacations Worldwide Corporation,Consumer Cyclical,Resorts & Casinos,NYSE,97.4,489237,3345014528,3.907,94.36,69.66,0.778,29.83,73.24,15.72,39.38,0.0,85.0,2,105.97,44.58,-8.09,0.0,,8,,20260804
CHRYY,Chorus Limited,Communication Services,Telecom Services,PNK,27.55,330,2390718720,0.1767,28.02,27.07,-2.6852,-8.57,-9.93,-10.21,-9.7,0.0,39.5,3,30.33,24.21,-9.17,0.0,,8,,20260804
SMSOF,Samsonite Group S.A.,Consumer Cyclical,Footwear & Accessories,PNK,1.8,1582,2359366144,0.0207,1.76,2.02,2.0991,-12.38,-22.49,-25.3,-21.09,0.0,25.0,3,2.76,1.55,-34.78,0.0,,8,,20260804
RH,RH,Consumer Cyclical,Specialty Retail,NYSE,173.74,894656,3288241664,9.9542,160.53,163.29,1.3273,28.27,-22.7,-36.7,-15.56,0.0,83.75,3,257.0,106.3,-32.4,0.0,,8,,20260804
SHCAY,Sharp Corporation,Technology,Consumer Electronics,PNK,0.94,4348,2328154112,0.035,0.92,1.04,0.6062,7.69,-25.02,-38.01,-22.04,0.0,53.75,3,1.52,0.8,-38.16,0.0,,8,,20260804
PCCOF,PCCOF,Consumer Defensive,Household & Personal Products,PNK,42.0,22,2546498816,0.0217,42.0,-2.49,0.0,35.55,-235.67,-29.19,-85.27,0.0,75.0,3,48.1,30.05,-12.68,0.0,,8,,20260804
DBD,"Diebold Nixdorf, Incorporated",Technology,Software - Application,NYSE,77.48,307956,2630181632,3.9936,82.6,74.15,-1.2822,-5.9,2.2,16.45,5.87,0.0,67.5,3,92.08,54.27,-15.86,0.0,,8,,20260804
CURLF,"Curaleaf Holdings, Inc.",Healthcare,Drug Manufacturers - Specialty & Generic,OQX,8.6,280530,2272414208,0.6218,9.82,8.5,-1.9629,-20.85,19.64,91.15,38.12,0.0,37.5,3,15.15,4.05,-43.23,0.0,,8,,20260804
IVT,InvenTrust Properties Corp.,Real Estate,REIT - Retail,NYSE,34.88,950304,2718402816,0.7578,34.77,30.73,0.1432,3.84,10.41,9.4,8.36,0.0,80.0,2,37.22,26.81,-6.29,0.0,,8,,20260804
IDYA,"IDEAYA Biosciences, Inc.",Healthcare,Biotechnology,NASDAQ,35.4,1109862,3408128000,1.5403,33.61,32.78,1.1604,20.17,-0.1,24.18,14.68,0.0,83.75,2,40.58,22.09,-12.76,0.0,,8,,20260804
FSLY,"Fastly, Inc.",Technology,Software - Application,NASDAQ,23.03,7356564,3604195072,1.3865,19.02,16.8,2.8931,-23.36,138.9,217.98,129.96,0.0,66.25,2,34.82,6.31,-33.86,0.0,,8,,20260804
IRON,"Disc Medicine, Inc.",Healthcare,Biotechnology,NASDAQ,76.31,568977,2929757952,3.416,72.66,74.79,1.0678,8.64,-11.38,6.5,0.77,0.0,86.25,3,99.5,40.0,-23.31,0.0,,8,,20260804
AAMI,Acadian Asset Management Inc.,Financial Services,Asset Management,NYSE,89.78,488745,3198770432,3.5186,77.61,59.35,3.4581,31.86,52.45,94.43,64.1,0.0,88.75,2,90.04,39.75,-0.28,0.0,,8,,20260804
CARG,"CarGurus, Inc.",Consumer Cyclical,Auto & Truck Dealerships,NASDAQ,36.93,1422753,3330609408,1.4412,32.0,33.82,3.4209,-5.7,3.9,-8.67,-3.53,0.0,86.25,3,39.42,26.39,-6.32,0.0,,8,,20260804
PPAAF,PT Perusahaan Gas Negara (Persero) Tbk,Utilities,Utilities - Regulated Gas,PNK,0.09,628,2181735936,0.5905,-27.55,-118.03,46.8055,-104.27,-108.26,-119.12,-111.61,0.0,62.0,3,0.14,0.08,-35.71,0.0,,8,,20260804
HUN,Huntsman Corporation,Basic Materials,Chemicals,NYSE,10.02,5766151,1757360640,0.7258,12.66,11.68,-3.6389,-36.53,-16.3,-13.25,-20.14,0.0,16.25,4,16.09,7.3,-37.73,0.0,,8,,20260804
PDIYF,Predictive Discovery Limited,Basic Materials,Gold,PNK,0.43,191470,2129512192,0.0417,0.52,0.53,-2.1773,-45.42,-31.02,32.96,-9.02,0.0,11.25,4,0.76,0.24,-43.1,0.0,,8,,20260804
HTFL,"Heartflow, Inc.",Healthcare,Health Information Services,NASDAQ,26.76,1480912,2307804672,1.7611,28.91,29.14,-1.2202,-12.07,-20.49,-31.24,-22.68,0.0,22.0,4,41.22,20.13,-35.08,0.0,,8,,20260804
GDV,The Gabelli Dividend & Income Trust,Financial Services,Asset Management,NYSE,29.99,114770,2622514432,0.3331,29.18,27.64,2.4315,-1.86,-1.14,-0.01,-0.87,0.0,90.0,2,30.16,25.8,-0.56,0.0,,8,,20260804
CUBI,"Customers Bancorp, Inc.",Financial Services,Banks - Regional,NYSE,80.55,327558,2724610816,1.9451,76.89,73.25,1.8811,-0.91,-8.14,5.16,-1.01,0.0,88.75,2,82.56,59.34,-2.43,0.0,,8,,20260804
BKE,"Buckle, Inc. (The)",Consumer Cyclical,Apparel Retail,NYSE,46.1,510851,0,1.375,43.87,49.47,1.6214,-21.31,-11.15,-19.66,-17.09,0.0,50.75,3,61.69,40.73,-25.27,0.0,,8,,20260804
PAGS,PagSeguro Digital Ltd.,Technology,Software - Infrastructure,NYSE,9.6,3348006,2683385600,0.309,9.12,9.7,1.5691,-8.14,-22.69,4.35,-8.24,0.0,50.75,3,12.32,7.85,-22.08,0.0,,8,,20260804
HUBG,"Hub Group, Inc.",Industrials,Integrated Freight & Logistics,NASDAQ,46.21,797524,2825903616,1.7861,45.53,41.64,0.3828,1.92,-12.33,12.48,1.16,0.0,90.0,2,53.26,32.9,-13.24,0.0,,8,,20260804
FRPT,"Freshpet, Inc.",Consumer Defensive,Packaged Foods,NASDAQ,59.62,1564869,2929893120,2.8253,54.83,61.32,1.6966,-13.9,-24.54,-33.93,-25.64,0.0,75.75,3,86.0,46.45,-30.67,0.0,,8,,20260804
WRD,WeRide Inc.,Technology,Software - Application,NASDAQ,5.9,2645529,1940841216,0.2852,6.22,7.69,-1.1305,-28.18,-36.42,-56.93,-42.56,0.0,10.0,4,12.55,5.18,-52.99,0.0,,8,,20260804
ELVN,"Enliven Therapeutics, Inc.",Healthcare,Biotechnology,NASDAQ,58.04,1310425,4146277888,2.8849,46.85,32.99,3.8773,33.78,109.36,187.36,121.66,0.0,90.0,2,59.72,14.79,-2.81,0.0,,8,,20260804
FRME,First Merchants Corporation,Financial Services,Banks - Regional,NASDAQ,43.63,412240,2714027264,1.1178,42.09,38.95,1.3787,3.54,1.72,-2.44,0.51,0.0,87.5,2,45.33,34.66,-3.75,0.0,,8,,20260804
FRMEP,First Merchants Corporation,Financial Services,Banks - Regional,NASDAQ,25.05,1666,0,0.2388,24.99,24.76,0.2326,-5.14,-8.95,-14.45,-10.19,0.0,77.5,2,27.09,24.73,-7.53,0.0,,8,,20260804
NIQ,NIQ Global Intelligence plc,Unknown,Unknown,NYSE,11.56,1539170,3411776256,0.568,9.55,12.31,3.5407,5.75,-42.04,-58.51,-36.68,0.0,74.5,3,18.7,7.93,-38.18,0.0,,8,,20260804
EEFT,"Euronet Worldwide, Inc.",Technology,Software - Infrastructure,NASDAQ,73.47,710006,2797377280,3.1776,72.73,73.06,0.2323,-6.14,-8.68,-45.6,-22.81,0.0,87.5,3,98.52,62.5,-25.43,0.0,,8,,20260804
RLX,RLX Technology Inc.,Consumer Defensive,Tobacco,NYSE,1.99,2561137,2432286720,0.0642,1.98,2.22,0.1528,-14.54,-23.93,-34.3,-25.73,0.0,36.25,3,2.84,1.76,-29.93,0.0,,8,,20260804
HYSNY,Hysan Development Company Limited,Real Estate,Real Estate Services,PNK,4.4,56,2382339840,0.0185,4.33,4.53,3.8456,-9.79,-25.96,0.16,-11.47,0.0,37.0,3,6.0,3.55,-26.67,0.0,,8,,20260804
NOG,"Northern Oil and Gas, Inc.",Energy,Oil & Gas E&P,NYSE,20.67,3111833,2248568320,0.8545,20.21,22.73,0.5416,-25.59,-24.15,-42.03,-31.66,0.0,50.75,3,31.17,17.18,-33.69,0.0,,8,,20260804
EOGSF,Emerald Resources NL,Basic Materials,Gold,PNK,3.81,1425,2523049216,0.0413,3.89,4.05,-2.0504,-24.0,-41.07,48.06,-1.15,0.0,24.0,4,5.68,2.25,-32.92,0.0,,8,,20260804
MXCHY,"Orbia Advance Corporation, S.A.B. de C.V.",Industrials,Conglomerates,PNK,2.69,2088,2592100864,0.0338,2.57,2.21,3.6562,11.55,19.88,84.15,43.5,0.0,83.75,2,2.77,1.28,-2.89,0.0,,8,,20260804
AYA,Aya Gold & Silver Inc.,Basic Materials,Silver,NASDAQ,20.34,520295,2915733760,1.3218,19.22,16.36,0.8458,4.72,15.4,117.82,53.7,0.0,88.75,2,22.0,8.27,-7.55,0.0,,8,,20260804
CALX,"Calix, Inc.",Technology,Software - Infrastructure,NYSE,37.36,1185454,2352334592,1.5918,37.97,49.02,-0.3804,-19.58,-26.44,-55.3,-36.27,0.0,23.25,4,71.22,34.26,-47.54,0.0,,8,,20260804
PTY,PIMCO Corporate & Income Opportunity Fund,Financial Services,Asset Management,NYSE,11.76,1025151,2492907520,0.1078,11.73,12.01,0.273,-6.67,-14.33,-26.99,-17.48,0.0,54.0,3,14.69,11.58,-19.95,0.0,,8,,20260804
HOG,"Harley-Davidson, Inc.",Consumer Cyclical,Recreational Vehicles,NYSE,25.31,2875666,0,1.0628,25.15,22.61,0.15,-1.22,20.1,-13.78,1.22,0.0,85.0,2,31.25,17.09,-19.01,0.0,,8,,20260804
SRBEF,Vusion S.A.,Technology,Software - Application,PNK,160.0,16,2671319552,2.0674,148.75,176.04,5.4423,12.78,-6.62,-60.52,-23.33,0.0,49.0,3,294.65,118.75,-45.7,0.0,,8,,20260804
DGII,Digi International Inc.,Technology,Communication Equipment,NASDAQ,70.4,384106,2654234880,2.8636,68.18,52.32,0.7738,17.01,53.38,94.69,60.81,0.0,91.25,2,76.41,30.69,-7.87,0.0,,8,,20260804
WFRSF,West African Resources Limited,Basic Materials,Gold,PNK,1.8,1319,2058755328,0.0972,2.04,1.96,-2.4619,-32.22,-28.21,0.16,-17.86,0.0,13.25,4,3.46,0.75,-47.98,0.0,,8,,20260804
NYAX,Nayax Ltd.,Technology,Software - Infrastructure,NASDAQ,69.58,20425,2600771072,2.1366,67.28,57.5,1.0747,-8.2,13.92,40.17,18.89,0.0,62.5,2,76.86,39.17,-9.47,0.0,,8,,20260804
SPXX,Nuveen S&P 500 Dynamic Overwrite Fund,Financial Services,Asset Management,NYSE,18.79,276837,337779264,0.249,18.2,17.16,2.3621,3.33,0.41,-8.06,-2.25,0.0,81.25,2,18.94,15.78,-0.79,0.0,,8,,20260804
CMPR,Cimpress plc,Industrials,Specialty Business Services,NASDAQ,99.24,216382,2404792576,4.8026,96.24,80.05,0.6255,0.45,15.4,58.23,28.79,0.0,88.75,2,106.58,48.51,-6.89,0.0,,8,,20260804
JBFCY,Jollibee Foods Corporation,Consumer Cyclical,Restaurants,PNK,9.95,4148,2787742976,0.3497,9.21,12.01,2.1278,-21.69,-39.34,-57.92,-42.36,0.0,36.25,3,17.73,8.15,-43.88,0.0,,8,,20260804
MTPLF,Metaplanet Inc.,Consumer Cyclical,Restaurants,OQX,1.46,969580,1870635264,0.1482,1.49,2.23,-0.1966,-36.86,-58.49,-101.95,-70.47,0.0,27.0,4,7.52,1.2,-80.59,0.0,,8,,20260804
PTON,"Peloton Interactive, Inc.",Consumer Cyclical,Leisure,NASDAQ,6.45,11970067,2792797952,0.2463,5.96,5.73,1.9765,14.93,5.31,-30.86,-6.75,0.0,87.5,2,9.2,3.65,-29.89,0.0,,8,,20260804
PPAAY,PT Perusahaan Gas Negara (Persero) Tbk,Utilities,Utilities - Regulated Gas,PNK,4.25,591,2537743616,0.0281,4.24,4.8,0.1809,-19.31,-27.86,-28.5,-25.98,0.0,25.0,3,6.76,3.9,-37.13,0.0,,8,,20260804
SAH,"Sonic Automotive, Inc.",Consumer Cyclical,Auto & Truck Dealerships,NYSE,87.23,284795,2757759232,5.2913,88.41,70.76,-0.2228,9.28,37.03,2.02,16.09,0.0,79.5,3,113.67,54.11,-23.26,0.0,,8,,20260804
ILKAY,Iluka Resources Limited,Basic Materials,Other Industrial Metals & Mining,PNK,21.47,2351,1851551232,1.4551,24.46,23.09,-2.057,-32.08,5.16,6.45,-3.63,0.0,20.75,4,35.77,16.93,-39.98,0.0,,8,,20260804
EKTAY,Elekta AB (publ),Healthcare,Medical Devices,PNK,5.09,3158,1944803200,0.0959,5.29,5.65,-2.104,-18.1,-28.76,-11.22,-19.08,0.0,34.0,4,6.93,4.35,-26.55,0.0,,8,,20260804
AMSC,American Superconductor Corporation,Industrials,Specialty Industrial Machinery,NASDAQ,30.99,1095946,1501846912,2.4989,39.44,38.34,-3.3821,-46.39,-6.5,-66.69,-40.55,0.0,7.5,4,70.49,24.87,-56.04,0.0,,8,,20260804
REMYY,Rémy Cointreau SA,Consumer Defensive,Beverages - Wineries & Distilleries,PNK,5.46,13090,2868521728,0.1368,4.88,4.66,4.2278,13.01,8.34,-27.3,-4.75,0.0,83.75,2,6.6,3.98,-17.27,0.0,,8,,20260804
ILKAF,Iluka Resources Limited,Basic Materials,Other Industrial Metals & Mining,PNK,4.25,4398,1859027584,0.2171,4.94,4.63,-3.1982,-28.86,2.06,3.2,-5.21,0.0,19.5,4,7.54,3.3,-43.63,0.0,,8,,20260804
FLOC,Flowco Holdings Inc.,Energy,Oil & Gas Equipment & Services,NYSE,20.23,721790,2157472768,0.8567,21.93,20.83,-1.989,-25.43,-12.6,-11.17,-15.24,0.0,25.75,4,28.26,14.03,-28.41,0.0,,8,,20260804
KWR,Quaker Houghton,Basic Materials,Specialty Chemicals,NYSE,167.81,157196,0,6.9064,149.35,141.98,2.6729,12.8,-0.14,27.57,14.18,0.0,88.75,2,183.01,112.18,-8.31,0.0,,8,,20260804
MLYS,"Mineralys Therapeutics, Inc.",Healthcare,Biotechnology,NASDAQ,25.78,1443369,2272725760,1.2975,26.95,31.44,-0.9,-17.3,-26.62,60.99,10.76,0.0,20.75,4,47.65,12.59,-45.9,0.0,,8,,20260804
BOWFF,Boardwalk Real Estate Investment Trust,Real Estate,REIT - Residential,PNK,47.2,7817,2651050752,0.2777,46.13,46.64,3.8513,-8.93,-12.04,-28.12,-17.69,0.0,50.0,3,52.39,43.33,-9.91,0.0,,8,,20260804
GMRS,GMR Solutions Inc.,Healthcare,Medical Care Facilities,NYSE,13.0,1040410,702152256,0.8111,13.03,13.0,-0.0308,-9.34,-9.34,-9.34,-9.34,0.0,59.0,3,15.98,10.26,-18.65,0.0,,8,,20260804
DFTX,"Definium Therapeutics, Inc.",Healthcare,Biotechnology,NASDAQ,41.79,2795669,5547340800,2.6424,35.72,21.26,2.2954,87.17,137.49,338.54,205.33,0.0,86.25,2,49.2,8.59,-15.06,0.0,,8,,20260804
IMNM,"Immunome, Inc.",Healthcare,Biotechnology,NCM,23.01,1339714,2605891584,1.0942,21.27,21.01,1.5856,-4.18,-16.62,97.53,32.15,0.0,87.5,2,27.65,8.66,-16.78,0.0,,8,,20260804
AEBZY,Anadolu Efes Biracilik ve Malt Sanayii Anonim Sirketi,Consumer Defensive,Beverages - Non-Alcoholic,PNK,0.38,70887,2244079104,0.0127,0.38,0.36,-0.3634,-0.42,-9.73,-15.25,-9.61,0.0,65.75,3,0.47,0.26,-19.15,0.0,,8,,20260804
VERA,"Vera Therapeutics, Inc.",Healthcare,Biotechnology,NASDAQ,32.23,1711814,2313562880,2.0318,36.72,38.94,-2.2075,-13.85,-35.57,33.83,-2.38,0.0,36.25,3,56.05,19.07,-42.5,0.0,,8,,20260804
BVNKF,Bavarian Nordic A/S,Healthcare,Biotechnology,PNK,27.69,109,2103852160,0.0129,28.06,30.16,-28.7027,-14.11,-14.34,-42.6,-25.59,0.0,24.0,4,37.22,27.69,-25.6,0.0,,8,,20260804
GRDN,"Guardian Pharmacy Services, Inc.",Healthcare,Medical Care Facilities,NYSE,40.81,414225,2584115200,1.7853,40.6,34.5,0.117,3.8,25.06,74.07,39.35,0.0,87.5,2,44.0,19.3,-7.25,0.0,,8,,20260804
USNZY,Usinas Siderúrgicas de Minas Gerais S.A.,Basic Materials,Steel,PNK,1.44,171480,1772557568,0.0953,1.79,1.38,-3.6568,-14.27,2.42,44.32,15.01,0.0,32.5,3,2.35,0.75,-38.72,0.0,,8,,20260804
OSW,OneSpaWorld Holdings Limited,Consumer Cyclical,Leisure,NCM,26.36,808256,2675506176,0.9371,26.02,22.8,0.3667,-0.62,24.68,-0.97,8.09,0.0,90.0,2,29.25,19.06,-9.87,0.0,,8,,20260804
SOTDY,Ströer SE & Co. KGaA,Communication Services,Advertising Agencies,PNK,11.25,242,2510099968,0.0977,10.28,10.15,9.8786,8.66,3.39,-41.73,-13.34,0.0,75.0,2,12.97,9.0,-13.26,0.0,,8,,20260804
HTO,H2O America,Utilities,Utilities - Regulated Water,NASDAQ,61.08,480959,2556613632,1.5292,60.08,54.27,0.6534,3.08,9.19,9.57,7.82,0.0,85.0,2,67.09,43.75,-8.96,0.0,,8,,20260804
AOZOY,"Aozora Bank, Ltd.",Financial Services,Banks - Regional,PNK,4.75,77,2629240320,0.0671,4.09,3.97,9.854,7.18,13.59,-1.76,5.85,0.0,50.0,2,4.75,3.65,0.0,0.0,,8,,20260804
HMSNF,Hammerson Plc,Real Estate,REIT - Retail,PNK,4.95,577,2184502016,0.015,4.63,4.36,21.071,10.98,1.79,4.67,5.24,0.0,75.0,2,4.98,3.5,-0.6,0.0,,8,,20260804
FBNC,First Bancorp,Financial Services,Banks - Regional,NASDAQ,63.92,252403,2644640000,1.5152,61.82,56.36,1.3856,5.62,1.16,8.59,5.24,0.0,86.25,2,66.54,45.96,-3.94,0.0,,8,,20260804
BBT,Beacon Financial Corporation,Financial Services,Banks - Regional,NYSE,31.91,811311,2692078592,0.7676,29.95,28.2,2.5488,7.02,4.99,13.77,9.01,0.0,90.0,2,32.83,22.81,-2.8,0.0,,8,,20260804
BVNRY,Bavarian Nordic A/S,Healthcare,Biotechnology,PNK,9.21,3662,2090987008,0.1472,9.33,9.97,-0.8437,-12.0,-20.05,-44.19,-27.69,0.0,29.0,4,13.0,8.67,-29.15,0.0,,8,,20260804
AMBP,Ardagh Metal Packaging S.A.,Consumer Cyclical,Packaging & Containers,NYSE,4.8,2225353,2868990464,0.2236,4.42,4.06,1.6826,19.5,4.68,9.4,10.27,0.0,86.25,2,5.43,3.29,-11.6,0.0,,8,,20260804
CLBEY,"Calbee, Inc.",Consumer Defensive,Packaged Foods,PNK,4.8,1058,2334487040,0.0759,4.49,4.65,4.1041,-4.01,-6.43,-17.99,-10.45,0.0,51.25,3,5.35,4.05,-10.28,0.0,,8,,20260804
BGAOF,Proximus PLC,Communication Services,Telecom Services,PNK,7.0,161,2261473024,0.0247,7.14,8.14,-5.498,-21.57,-23.36,-48.91,-33.13,0.0,12.0,4,9.98,6.53,-29.86,0.0,,8,,20260804
ANDE,"The Andersons, Inc.",Consumer Defensive,Food Distribution,NASDAQ,69.86,335717,2379016448,2.6356,72.11,63.83,-0.8528,-16.85,3.27,76.11,27.37,0.0,74.5,3,82.11,31.84,-14.92,0.0,,8,,20260804
CLDX,"Celldex Therapeutics, Inc.",Healthcare,Biotechnology,NCM,37.69,994362,2958366208,1.5868,34.25,29.71,2.1693,11.24,43.13,50.28,38.02,0.0,86.25,2,40.3,19.72,-6.48,0.0,,8,,20260804
ROG,Rogers Corporation,Technology,Electronic Components,NYSE,125.59,299864,2244084224,6.9949,142.87,112.66,-2.4701,-11.99,19.08,70.31,31.8,0.0,33.75,3,169.0,66.97,-25.69,0.0,,8,,20260804
REMYF,Rémy Cointreau SA,Consumer Defensive,Beverages - Wineries & Distilleries,PNK,53.96,191,2886441472,0.5054,47.86,46.34,12.0747,10.23,6.24,-34.53,-9.07,0.0,75.0,2,65.06,40.01,-17.06,0.0,,8,,20260804
TGB,Trekor Metals Limited,Basic Materials,Copper,NYSE,6.97,5296272,0,0.4748,7.06,6.53,-0.1908,-7.93,-18.61,105.84,33.84,0.0,48.25,3,9.25,3.0,-24.65,0.0,,8,,20260804
IWGFF,International Workplace Group plc,Real Estate,Real Estate Services,PNK,2.66,47038,2535724288,0.0721,2.54,2.8,1.6626,-1.5,-30.67,-30.57,-23.34,0.0,75.75,3,3.53,2.15,-24.65,0.0,,8,,20260804
ENDTF,Canoe EIT Income Fund,Financial Services,Asset Management,PNK,12.65,16125,2361102592,0.0865,12.27,11.64,4.3902,-0.76,0.98,-1.32,-0.38,0.0,80.0,2,12.7,10.3,-0.39,0.0,,8,,20260804
KYN,"Kayne Anderson Energy Infrastructure Fund, Inc.",Financial Services,Asset Management,NYSE,14.47,390808,2447253760,0.2704,14.01,12.9,1.6883,-0.82,3.73,4.4,2.86,0.0,86.25,2,15.17,11.31,-4.61,0.0,,8,,20260804
ICHR,"Ichor Holdings, Ltd.",Technology,Semiconductor Equipment & Materials,NASDAQ,80.23,1199412,2797383680,9.5921,84.44,49.24,-0.4394,19.13,154.36,284.21,172.49,0.0,72.0,3,113.58,13.12,-29.36,0.0,,8,,20260804
NBTB,NBT Bancorp Inc.,Financial Services,Banks - Regional,NASDAQ,52.91,374490,2751861248,1.1887,49.13,44.09,3.1765,15.24,11.02,11.09,12.1,0.0,87.5,2,54.5,39.2,-2.92,0.0,,8,,20260804
NZF,Nuveen Municipal Credit Income Fund,Financial Services,Asset Management,NYSE,12.19,531338,2393957376,0.1079,12.44,12.2,-2.3328,-6.56,-8.21,-8.73,-8.0,0.0,56.5,3,13.02,11.71,-6.37,0.0,,8,,20260804
DNOW,DNOW Inc.,Industrials,Industrial Distribution,NYSE,14.24,3030262,2599454720,0.4311,13.45,13.45,1.8289,0.78,-16.33,-29.68,-17.39,0.0,87.5,3,17.26,10.94,-17.5,0.0,,8,,20260804
MRPLY,Mr Price Group Limited,Consumer Cyclical,Apparel Retail,PNK,10.38,416,2496469248,0.1026,9.89,10.3,4.7507,6.78,-8.82,-27.92,-12.56,0.0,76.25,3,13.29,8.72,-21.9,0.0,,8,,20260804
WERN,"Werner Enterprises, Inc.",Industrials,Trucking,NASDAQ,37.13,1204795,2226951936,1.7582,42.35,33.69,-2.9668,-1.67,-0.84,15.08,5.32,0.0,61.25,3,47.49,23.06,-21.82,0.0,,8,,20260804
PRRFY,Premier Foods plc,Consumer Defensive,Packaged Foods,PNK,13.75,201,2278250496,0.1739,13.14,12.52,3.5059,4.25,2.4,-7.38,-1.05,0.0,77.5,2,14.23,10.5,-3.37,0.0,,8,,20260804
TMDX,"TransMedics Group, Inc.",Healthcare,Medical Devices,NASDAQ,81.55,1322240,2818442496,3.869,72.61,108.96,2.3108,-23.87,-49.21,-52.65,-44.25,0.0,38.75,3,156.0,60.1,-47.72,0.0,,8,,20260804
AESI,Atlas Energy Solutions Inc.,Energy,Oil & Gas Equipment & Services,NYSE,10.93,3416206,1365218048,0.8833,15.35,12.83,-5.0033,-41.6,-16.42,-35.34,-30.28,0.0,11.25,4,20.13,7.64,-45.7,0.0,,8,,20260804
DAC,Danaos Corporation,Industrials,Marine Shipping,NYSE,142.08,99272,0,3.5144,129.05,109.97,3.7074,14.89,30.35,37.03,29.15,0.0,88.75,2,143.48,83.56,-0.98,0.0,,8,,20260804
MTX,Minerals Technologies Inc.,Basic Materials,Specialty Chemicals,NYSE,75.21,256367,0,2.8856,75.56,68.66,-0.1223,-6.24,4.66,9.07,3.7,0.0,49.5,3,84.34,53.94,-10.83,0.0,,8,,20260804
SHCAF,Sharp Corporation,Technology,Consumer Electronics,PNK,3.65,3,2856949504,0.0009,3.65,4.67,0.0,-21.35,-36.86,-46.13,-36.69,0.0,25.0,3,6.45,3.65,-43.47,0.0,,8,,20260804
CXT,"Crane NXT, Co.",Industrials,Specialty Industrial Machinery,NYSE,53.65,974837,3087148032,1.8656,46.36,49.25,3.9101,15.43,-3.01,-29.51,-9.0,0.0,88.75,3,69.0,35.71,-22.25,0.0,,8,,20260804
ALSSF,"Alsea, S.A.B. de C.V.",Consumer Cyclical,Restaurants,PNK,2.41,5469,1913662208,0.0294,2.64,2.89,-7.813,-23.75,-29.71,-38.1,-31.57,0.0,1.25,4,3.69,2.24,-34.69,0.0,,8,,20260804
MNR,Mach Natural Resources LP,Energy,Oil & Gas E&P,NYSE,13.52,385379,2255159552,0.2954,13.13,12.04,1.3217,-2.84,15.77,-18.43,-2.56,0.0,63.75,2,15.15,10.46,-10.76,0.0,,8,,20260804
BCC,Boise Cascade Company,Basic Materials,Lumber & Wood Production,NYSE,83.03,454190,2921803776,3.4751,73.72,75.46,2.6803,1.2,-6.73,-21.01,-10.46,0.0,86.25,3,91.97,65.0,-9.72,0.0,,8,,20260804
NSHBY,Nisshinbo Holdings Inc.,Industrials,Conglomerates,PNK,31.35,1,2448410368,0.0103,31.35,22.2,0.0,8.76,56.79,112.32,66.99,0.0,75.0,3,31.35,13.55,0.0,0.0,,8,,20260804
GGGSY,Greggs plc,Consumer Cyclical,Restaurants,PNK,8.7,1969,2661026048,0.1412,7.26,7.05,10.1824,13.77,12.13,3.23,8.98,0.0,76.25,2,8.7,6.25,-0.0,0.0,,8,,20260804
OXINF,Oxford Instruments plc,Technology,Scientific & Technical Instruments,PNK,38.54,242,2119204864,0.2625,40.99,32.39,-9.3617,-5.22,24.92,29.71,19.3,0.0,51.25,3,45.9,23.7,-16.04,0.0,,8,,20260804
HE,"Hawaiian Electric Industries, I",Utilities,Utilities - Regulated Electric,NYSE,12.7,1822441,0,0.3162,13.38,13.72,-2.142,-22.24,-27.18,-2.73,-16.16,0.0,20.75,4,17.38,10.6,-26.93,0.0,,8,,20260804
RUSMF,Russel Metals Inc.,Industrials,Industrial Distribution,PNK,48.09,12495,2640706304,0.9005,45.33,36.26,3.0634,23.95,27.57,32.37,28.58,0.0,78.75,2,50.44,27.78,-4.66,0.0,,8,,20260804
OUST,"Ouster, Inc.",Technology,Electronic Components,NASDAQ,42.48,5130766,2858684160,4.7995,42.18,28.66,0.0625,55.2,93.86,60.5,70.85,0.0,86.25,2,63.79,16.4,-33.41,0.0,,8,,20260804
GGGSF,Greggs plc,Consumer Cyclical,Restaurants,PNK,25.41,1143,2590717696,0.7347,21.88,21.52,4.8023,15.93,3.98,5.94,7.75,0.0,75.0,2,27.0,18.82,-5.89,0.0,,8,,20260804
ABM,ABM Industries Incorporated,Industrials,Specialty Business Services,NYSE,48.74,566896,2855234304,1.1944,44.29,42.52,3.7233,14.28,-2.71,-12.72,-2.47,0.0,91.25,2,50.12,36.96,-2.75,0.0,,8,,20260804
AKRTF,Aker Solutions ASA,Energy,Oil & Gas Equipment & Services,PNK,4.45,696,2065723904,0.0453,4.63,3.87,-3.9021,-0.22,33.51,34.4,25.44,0.0,49.0,3,5.15,2.65,-13.59,0.0,,8,,20260804
BIRDF,Bird Construction Inc.,Industrials,Engineering & Construction,PNK,47.62,31279,2644953344,1.8311,45.77,30.04,1.0126,27.01,101.85,116.05,88.82,0.0,86.25,2,65.21,16.29,-26.97,0.0,,8,,20260804
CROMF,Crombie Real Estate Investment Trust,Real Estate,REIT - Diversified,PNK,12.45,503,3291912704,0.01,12.29,11.44,15.7167,-1.41,3.66,-0.42,0.76,0.0,75.0,2,12.5,10.36,-0.4,0.0,,8,,20260804
TSRYF,Treasury Wine Estates Limited,Consumer Defensive,Beverages - Wineries & Distilleries,PNK,3.38,98,2935682560,0.0462,3.1,3.32,6.0091,4.82,-12.18,-51.58,-23.69,0.0,75.0,3,5.0,2.15,-32.4,0.0,,8,,20260804
TMC,TMC the metals company Inc.,Basic Materials,Other Industrial Metals & Mining,NASDAQ,3.67,5426951,2047575808,0.263,4.64,5.84,-3.6957,-37.44,-54.64,-59.41,-52.25,0.0,11.25,4,11.35,3.4,-67.67,0.0,,8,,20260804
SOTDF,Ströer SE & Co. KGaA,Communication Services,Advertising Agencies,PNK,40.5,24,2259089920,0.0252,40.43,42.9,2.8956,-3.04,-7.03,-49.16,-22.88,0.0,37.0,3,60.63,40.5,-33.2,0.0,,8,,20260804
NGCRF,NagaCorp Ltd.,Consumer Cyclical,Resorts & Casinos,PNK,0.43,15564,2221225728,0.0061,0.47,0.56,-6.2273,-21.52,-32.77,-39.85,-32.79,0.0,1.25,4,0.8,0.41,-46.25,0.0,,8,,20260804
AERO,"Grupo Aeromexico, S.A.B. de C.V",Industrials,Airlines,NYSE,16.03,232251,2338831616,0.7668,16.52,16.03,-0.6398,2.03,-30.13,-35.2,-24.12,0.0,72.0,3,23.05,12.26,-30.46,0.0,,8,,20260804
LU,Lufax Holding Ltd,Financial Services,Credit Services,NYSE,1.51,1093164,1308700288,0.0759,1.42,2.21,1.1625,-27.97,-53.31,-68.95,-53.23,0.0,36.25,3,4.57,1.2,-66.96,0.0,,8,,20260804
ETY,ETY,Financial Services,Asset Management,NYSE,14.58,243345,0,0.2133,14.38,14.39,0.9188,-6.22,-10.69,-20.65,-13.56,0.0,63.75,3,16.03,13.12,-9.05,0.0,,8,,20260804
UA,"Under Armour, Inc.",Consumer Cyclical,Apparel Manufacturing,NYSE,6.63,3248789,2826534144,0.3149,6.16,5.67,1.5053,3.46,-0.85,-15.96,-5.82,0.0,85.0,2,7.91,3.95,-16.15,0.0,,8,,20260804
UAA,"Under Armour, Inc.",Consumer Cyclical,Apparel Manufacturing,NYSE,6.78,8678970,2890482944,0.3382,6.32,5.84,1.3636,2.38,-0.19,-19.09,-7.11,0.0,87.5,2,8.15,4.13,-16.81,0.0,,8,,20260804
NGVT,Ingevity Corporation,Basic Materials,Specialty Chemicals,NYSE,73.41,270083,2523683328,2.9779,71.62,66.25,0.5997,-8.71,1.51,54.47,20.14,0.0,85.0,2,79.29,40.4,-7.42,0.0,,8,,20260804
PK,Park Hotels & Resorts Inc.,Real Estate,REIT - Hotel & Motel,NYSE,15.12,5034406,3044591104,0.4193,14.02,11.35,2.6306,30.14,34.09,33.48,32.86,0.0,86.25,2,15.48,9.84,-2.33,0.0,,8,,20260804
VVX,"V2X, Inc.",Industrials,Aerospace & Defense,NYSE,86.38,685225,2704599552,4.0958,80.6,67.92,1.4101,22.11,15.42,61.12,35.37,0.0,86.25,2,93.98,47.37,-8.09,0.0,,8,,20260804
ODFJF,ODFJELL DRILLING LTD.,Energy,Oil & Gas Drilling,PNK,9.31,667,2232604160,0.0837,8.87,8.33,5.2293,-15.72,9.22,162.95,64.48,0.0,50.0,2,11.67,7.25,-20.22,0.0,,8,,20260804
HNWAF,"Hanwa Co., Ltd.",Industrials,Conglomerates,PNK,10.64,81,2057776768,0.0939,10.71,-7.04,-0.7422,-2.2,-158.8,-93.2,-93.41,0.0,62.0,3,11.52,6.62,-7.64,0.0,,8,,20260804
EXETF,Extendicare Inc.,Healthcare,Medical Care Facilities,PNK,25.6,94793,2427441920,0.6773,24.93,19.17,0.9869,3.15,39.71,168.5,82.09,0.0,77.5,2,28.45,8.62,-10.02,0.0,,8,,20260804
RARE,Ultragenyx Pharmaceutical Inc.,Healthcare,Biotechnology,NASDAQ,25.02,2196408,2464200448,1.4915,27.44,26.98,-1.6209,-4.4,-6.13,-29.62,-15.09,0.0,44.5,4,39.89,18.29,-37.28,0.0,,8,,20260804
TBBK,"The Bancorp, Inc.",Financial Services,Banks - Regional,NASDAQ,71.0,445853,2956045312,2.479,61.23,61.96,3.9419,14.5,9.37,-8.78,3.39,0.0,87.5,3,81.65,50.2,-13.04,0.0,,8,,20260804
GRND,Grindr Inc.,Technology,Software - Application,NYSE,17.9,1793295,3181295104,0.7517,14.09,13.11,5.0625,24.49,48.05,-18.79,15.42,0.0,90.0,2,18.69,9.73,-4.23,0.0,,8,,20260804
OSBGF,OSB Group Plc,Financial Services,Mortgage Finance,PNK,7.47,58,2550488064,0.0385,6.81,7.24,17.0446,-1.89,-11.88,-17.29,-11.55,0.0,51.25,3,8.08,6.65,-7.55,0.0,,8,,20260804
AEMFF,AEM Holdings Ltd.,Technology,Semiconductor Equipment & Materials,PNK,7.26,356,2318318592,0.075,7.97,3.38,-9.5624,143.9,557.19,996.64,629.65,0.0,50.0,3,8.44,0.66,-14.07,0.0,,8,,20260804
MH,"McGraw Hill, Inc.",Consumer Defensive,Education & Training Services,NYSE,11.49,718783,2197763072,0.6451,10.7,13.23,1.2215,-7.79,-32.18,-49.79,-33.12,0.0,38.75,3,18.0,8.95,-36.17,0.0,,8,,20260804
CSIOY,"Casio Computer Co.,Ltd.",Technology,Consumer Electronics,PNK,105.08,56,2626409728,1.7053,113.38,96.31,-4.8693,2.58,1.25,11.18,5.56,0.0,50.0,3,125.3,75.9,-16.14,0.0,,8,,20260804
BMRRY,B&M European Value Retail plc,Consumer Defensive,Discount Stores,PNK,11.92,2433,2954845952,0.2404,10.37,9.31,6.4382,30.57,17.43,-16.23,7.25,0.0,82.5,2,14.16,8.11,-15.82,0.0,,8,,20260804
BUSE,First Busey Corporation,Financial Services,Banks - Regional,NASDAQ,31.27,818982,2601335808,0.6625,28.69,25.43,3.8946,13.15,19.17,24.57,19.83,0.0,91.25,2,31.44,21.96,-0.54,0.0,,8,,20260804
BUSEP,First Busey Corporation,Financial Services,Banks - Regional,NASDAQ,26.18,17433,0,0.1583,25.8,25.8,2.3972,-4.48,-10.72,-17.72,-11.96,0.0,87.5,3,26.65,25.0,-1.76,0.0,,8,,20260804
KGTHY,Krungthai Card Public Company Limited,Financial Services,Credit Services,PNK,11.45,310,3150228480,0.0975,9.71,8.98,17.8281,16.18,13.08,20.71,16.91,0.0,75.0,2,11.45,7.16,-0.0,0.0,,8,,20260804
OCDDY,Ocado Group plc,Consumer Defensive,Grocery Stores,PNK,5.8,11214,2415299840,0.2084,5.09,5.6,3.4129,4.03,-11.44,-51.02,-23.41,0.0,63.75,3,10.61,3.96,-45.33,0.0,,8,,20260804
ZZHGY,"ZhongAn Online P & C Insurance Co., Ltd.",Financial Services,Insurance - Property & Casualty,PNK,1.14,19,1920686720,0.0137,1.41,1.83,-19.3294,-46.64,-50.63,-73.45,-58.76,0.0,0.0,4,2.5,1.14,-54.4,0.0,,8,,20260804
GEBHY,Genting Berhad,Consumer Cyclical,Resorts & Casinos,OID,2.47,61685,1906035072,0.184,2.75,3.36,-1.4914,-34.49,-43.88,-53.77,-45.49,0.0,8.75,4,4.54,2.4,-45.48,0.0,,8,,20260804
LCID,"Lucid Group, Inc.",Consumer Cyclical,Auto Manufacturers,NASDAQ,7.7,19195683,3004977408,0.8246,6.08,9.91,1.9631,12.33,-40.52,-89.9,-47.06,0.0,65.0,3,25.23,2.37,-69.48,0.0,,8,,20260804
ANGGF,Angang Steel Company Limited,Basic Materials,Steel,PNK,0.15,20,2018130176,0.0002,0.15,0.24,-9.8172,-46.52,-50.51,-30.81,-41.64,0.0,12.0,4,0.33,0.15,-54.55,0.0,,8,,20260804
SOC,Sable Offshore Corp.,Energy,Oil & Gas Drilling,NYSE,4.82,9085782,923996800,0.5791,8.06,10.08,-5.5907,-71.22,-60.28,-105.48,-81.1,0.0,13.75,4,31.74,2.88,-84.81,0.0,,8,,20260804
PBH,Prestige Consumer Healthcare In,Healthcare,Drug Manufacturers - Specialty & Generic,NYSE,51.92,693020,0,1.8517,48.36,57.88,1.9209,-11.16,-29.54,-50.99,-33.53,0.0,41.25,3,75.31,42.62,-31.06,0.0,,8,,20260804
DRVN,Driven Brands Holdings Inc.,Consumer Cyclical,Auto & Truck Dealerships,NASDAQ,14.57,1167967,2404233216,0.6154,14.02,14.07,0.9089,-1.52,-16.35,-34.95,-20.08,0.0,85.0,3,19.74,9.8,-26.17,0.0,,8,,20260804
ASAIY,Sendas Distribuidora S.A.,Consumer Defensive,Grocery Stores,PNK,8.32,35691,2227066368,0.31,8.27,8.28,0.1757,-17.37,-9.71,-22.15,-16.6,0.0,60.0,3,10.35,6.2,-19.61,0.0,,8,,20260804
NZTCF,Spark New Zealand Limited,Communication Services,Telecom Services,PNK,1.13,2408,2003515776,0.0159,1.09,1.21,2.5182,-15.93,-2.6,-35.34,-19.03,0.0,37.0,3,1.58,0.98,-28.48,0.0,,8,,20260804
AMPX,"Amprius Technologies, Inc.",Industrials,Electrical Equipment & Parts,NYSE,10.12,8074845,1433266944,0.9957,14.14,13.79,-4.0407,-56.92,-28.73,24.83,-14.35,0.0,8.75,4,24.23,6.36,-58.22,0.0,,8,,20260804
TCHBF,Tecan Group AG,Healthcare,Medical Instruments & Supplies,PNK,225.65,16,2855803392,1.2375,201.75,172.78,19.3143,24.18,35.99,-10.47,14.45,0.0,75.0,2,225.65,155.25,-0.0,0.0,,8,,20260804
KOD,Kodiak Sciences Inc.,Healthcare,Biotechnology,NASDAQ,39.83,725477,2492499456,2.8446,37.59,30.5,0.7861,-14.8,64.85,484.12,212.64,0.0,88.75,2,47.84,6.42,-16.74,0.0,,8,,20260804
RAMP,"LiveRamp Holdings, Inc.",Technology,Software - Infrastructure,NYSE,37.89,1655038,2303193600,0.2305,37.67,30.36,0.9553,20.01,45.53,-5.75,18.64,0.0,85.0,2,38.23,21.71,-0.89,0.0,,8,,20260804
XIFR,"XPLR Infrastructure, LP",Utilities,Utilities - Renewable,NYSE,11.88,1133140,1119960832,0.497,12.01,10.57,-0.266,5.52,11.89,3.46,6.93,0.0,73.25,3,13.25,8.68,-10.34,0.0,,8,,20260804
FURCF,Forvia SE,Consumer Cyclical,Auto Parts,PNK,9.77,54,1740890624,0.0371,10.89,12.85,-30.267,-17.37,-46.91,-41.2,-37.24,0.0,0.0,4,16.9,9.45,-42.19,0.0,,8,,20260804
CEPU,Central Puerto S.A.,Utilities,Utilities - Regulated Electric,NYSE,14.95,286500,2242294272,0.6072,15.0,15.23,-0.0784,1.38,-19.58,1.24,-6.01,0.0,59.0,3,18.5,7.43,-19.2,0.0,,8,,20260804
PENN,"PENN Entertainment, Inc.",Consumer Cyclical,Resorts & Casinos,NASDAQ,19.98,3404477,2676166912,0.749,20.48,16.3,-0.6646,10.28,45.53,-10.57,14.28,0.0,70.75,3,22.36,11.65,-10.64,0.0,,8,,20260804
TE,T1 Energy Inc.,Industrials,Electrical Equipment & Parts,NYSE,4.94,39423750,1379600640,0.7839,7.95,6.4,-3.8453,-9.49,-50.77,293.93,97.43,0.0,8.75,4,12.49,1.16,-60.45,0.0,,8,,20260804
PLUS,ePlus inc.,Technology,Software - Application,NASDAQ,93.66,253943,2449357568,3.395,85.12,83.35,2.5155,4.87,-0.22,25.23,11.23,0.0,91.25,2,95.75,62.11,-2.18,0.0,,8,,20260804
NKTR,Nektar Therapeutics,Healthcare,Biotechnology,NCM,70.59,1003803,2384955904,3.5903,65.8,63.1,1.3333,-23.76,79.02,204.4,103.48,0.0,60.0,2,109.0,21.6,-35.24,0.0,,8,,20260804
AGYS,"Agilysys, Inc.",Technology,Software - Application,NASDAQ,109.68,397845,3093610752,5.5892,97.27,95.88,2.22,56.24,16.36,-25.05,9.76,0.0,86.25,2,145.25,61.5,-24.49,0.0,,8,,20260804
AEGXF,Aecon Group Inc.,Industrials,Engineering & Construction,PNK,32.33,38911,2213548544,1.5435,33.35,28.19,-0.6585,-20.06,15.91,118.12,47.8,0.0,49.5,3,41.95,13.71,-22.93,0.0,,8,,20260804
EXALF,Exail Technologies,Industrials,Aerospace & Defense,OQX,141.48,279,2434629120,1.1991,138.75,125.16,2.2772,-7.07,12.72,-18.71,-4.8,0.0,75.0,2,172.05,86.84,-17.77,0.0,,8,,20260804
NGL,NGL ENERGY PARTNERS LP,Energy,Oil & Gas Midstream,NYSE,16.0,267411,0,0.7924,15.95,12.45,0.0684,0.34,26.09,255.27,111.33,0.0,66.25,2,18.8,3.95,-14.89,0.0,,8,,20260804
NEXT,NextDecade Corporation,Energy,Oil & Gas Equipment & Services,NCM,6.6,2967611,1756823936,0.4471,7.72,6.61,-2.4975,-21.12,14.69,-63.1,-25.38,0.0,22.0,4,11.29,4.75,-41.52,0.0,,8,,20260804
NTB,The Bank of N.T. Butterfield & Son Limited,Financial Services,Banks - Diversified,NYSE,62.15,198267,2461797632,1.1945,59.25,52.3,2.4248,7.33,12.14,19.47,13.87,0.0,87.5,2,62.46,40.59,-0.5,0.0,,8,,20260804
DXPE,"DXP Enterprises, Inc.",Industrials,Industrial Distribution,NASDAQ,163.14,161020,2529536512,7.6685,161.36,137.28,0.2325,-8.82,15.37,22.84,12.31,0.0,88.75,2,183.91,84.04,-11.29,0.0,,8,,20260804
LMAT,"LeMaitre Vascular, Inc.",Healthcare,Medical Instruments & Supplies,NASDAQ,103.61,321551,2367565312,3.7318,97.29,95.38,1.6936,-12.7,12.44,7.51,4.18,0.0,65.0,2,118.01,79.4,-12.2,0.0,,8,,20260804
POET,POET Technologies Inc.,Technology,Semiconductors,NCM,7.36,33317225,1270262400,0.8712,10.3,7.91,-3.3713,-4.72,16.82,12.62,9.75,0.0,23.25,4,20.81,3.87,-64.63,0.0,,8,,20260804
AMR,"Alpha Metallurgical Resources, Inc.",Basic Materials,Coking Coal,NYSE,138.4,265179,1755672448,7.7205,170.18,184.77,-4.1158,-29.52,-44.11,-3.98,-24.41,0.0,11.25,4,253.82,114.33,-45.47,0.0,,8,,20260804
OCDGF,Ocado Group plc,Consumer Defensive,Grocery Stores,PNK,2.49,272,2073826304,0.0594,2.53,2.77,-0.6739,-15.6,-30.64,-57.26,-37.53,0.0,14.5,4,4.84,2.0,-48.55,0.0,,8,,20260804
CDDRF,Headwater Exploration Inc.,Energy,Oil & Gas E&P,PNK,9.45,60933,2246859264,0.2421,8.96,7.96,2.019,-9.1,8.33,66.19,27.12,0.0,61.25,2,10.09,4.77,-6.34,0.0,,8,,20260804
EFSCP,Enterprise Financial Services Corp,Financial Services,Banks - Regional,NASDAQ,19.84,1864,0,0.2713,20.11,19.65,-1.0111,-3.92,-9.29,-15.77,-10.54,0.0,43.25,3,24.08,18.61,-17.61,0.0,,8,,20260804
EFSC,Enterprise Financial Services Corp,Financial Services,Banks - Regional,NASDAQ,66.8,250756,2422034432,1.4538,64.05,57.67,1.8882,8.63,7.74,2.56,5.89,0.0,87.5,2,68.73,51.18,-2.81,0.0,,8,,20260804
ADPT,Adaptive Biotechnologies Corporation,Healthcare,Diagnostics & Research,NASDAQ,23.11,2889359,3675867904,1.396,19.39,16.62,2.6638,56.54,14.84,104.49,61.12,0.0,88.75,2,24.57,10.19,-5.93,0.0,,8,,20260804
YNAJF,"Yantai North Andre Juice Co., Ltd.",Consumer Defensive,Beverages - Non-Alcoholic,PNK,2.09,16,362639776,0.0007,2.09,2.08,0.0,-3.25,-7.24,-28.18,-14.62,0.0,75.0,3,2.67,1.1,-21.72,0.0,,8,,20260804
TRRVF,TerraVest Industries Inc.,Energy,Oil & Gas Equipment & Services,PNK,82.64,7943,1792192640,1.2737,88.49,98.08,-4.5932,-22.89,-27.88,-51.26,-35.98,0.0,3.75,4,125.16,70.0,-33.97,0.0,,8,,20260804
GEBHF,Genting Berhad,Consumer Cyclical,Resorts & Casinos,OID,0.5,837,1960713216,0.002,0.53,0.67,-14.1515,-26.09,-43.58,-46.11,-40.22,0.0,0.0,4,0.86,0.49,-41.86,0.0,,8,,20260804
BYLOF,Big Yellow Group Plc,Real Estate,REIT - Industrial,PNK,12.0,2259,2352110080,0.1796,11.61,13.0,2.1459,-6.65,-21.06,-24.21,-18.72,0.0,43.25,3,15.84,10.8,-24.26,0.0,,8,,20260804
FORTY,Formula Systems (1985) Ltd.,Technology,Information Technology Services,NASDAQ,104.5,448,1602474240,2.5799,115.84,127.91,-4.3959,-18.7,-40.74,-16.51,-25.54,0.0,7.5,4,190.56,102.01,-45.16,0.0,,8,,20260804
HNI,HNI Corporation,Consumer Cyclical,"Furnishings, Fixtures & Appliances",NYSE,47.65,753920,3430462464,1.898,37.11,39.54,5.5551,23.28,-8.49,-25.24,-7.25,0.0,86.25,3,52.79,28.93,-9.74,0.0,,8,,20260804
GENSY,Genus plc,Healthcare,Biotechnology,PNK,28.38,124,1884807296,0.0908,30.64,35.63,-24.9247,-29.22,-40.6,-1.09,-21.95,0.0,0.0,4,44.14,24.34,-35.7,0.0,,8,,20260804
SPKKY,Spark New Zealand Limited,Communication Services,Telecom Services,PNK,5.72,45245,2162285056,0.1467,5.45,6.06,1.8225,-11.94,-21.66,-37.97,-25.75,0.0,57.0,3,7.81,5.07,-26.76,0.0,,8,,20260804
CENTA,Central Garden & Pet Company,Consumer Defensive,Packaged Foods,NASDAQ,38.19,347085,2389577984,1.2548,37.18,32.78,0.803,8.66,14.44,-13.68,1.75,0.0,85.0,2,39.99,25.97,-4.5,0.0,,8,,20260804
CENT,Central Garden & Pet Company,Consumer Defensive,Packaged Foods,NASDAQ,43.45,78556,2718700544,1.2027,42.31,36.74,0.9492,12.89,18.36,-9.84,5.71,0.0,86.25,2,45.78,28.77,-5.09,0.0,,8,,20260804
UTI,"Universal Technical Institute, Inc.",Consumer Defensive,Education & Training Services,NYSE,41.32,1199237,2275136256,2.4809,41.51,33.99,-0.0758,6.6,38.4,7.05,17.91,0.0,73.25,3,51.34,21.29,-19.52,0.0,,8,,20260804
CPRI,Capri Holdings Limited,Consumer Cyclical,Luxury Goods,NYSE,16.37,3292495,1879212288,0.7222,18.2,20.72,-2.5388,-22.02,-37.55,-31.2,-31.13,0.0,12.5,4,28.27,15.2,-42.09,0.0,,8,,20260804
DJT,Trump Media & Technology Group Corp.,Communication Services,Internet Content & Information,NASDAQ,10.01,4706269,2772307968,0.6391,8.66,10.81,2.1168,1.19,-31.75,-64.29,-36.53,0.0,74.5,3,18.97,6.96,-47.23,0.0,,8,,20260804
DRD,DRDGOLD Limited,Basic Materials,Gold,NYSE,20.92,333243,0,0.8989,22.59,28.46,-1.8522,-27.29,-43.69,37.14,-7.26,0.0,11.25,4,39.37,14.45,-46.86,0.0,,8,,20260804
SWONF,SoftwareOne Holding AG,Technology,Software - Application,PNK,10.5,3143,2360925696,0.0533,10.37,9.76,2.3824,16.43,-6.55,8.57,5.24,0.0,76.25,2,11.34,7.5,-7.37,0.0,,8,,20260804
DRH,DiamondRock Hospitality Company,Real Estate,REIT - Hotel & Motel,NASDAQ,13.38,2218543,2748106240,0.3288,12.0,9.91,4.1913,23.33,38.17,59.21,42.88,0.0,88.75,2,13.79,7.45,-2.97,0.0,,8,,20260804
BANR,Banner Corporation,Financial Services,Banks - Regional,NASDAQ,70.55,315408,2397635328,1.5236,67.28,63.51,2.1441,2.56,5.85,-3.86,1.15,0.0,87.5,2,72.65,57.05,-2.89,0.0,,8,,20260804
COHU,"Cohu, Inc.",Technology,Semiconductor Equipment & Materials,NASDAQ,48.84,1429074,2304044032,5.2861,56.02,36.81,-1.3589,1.72,61.05,152.26,82.7,0.0,60.0,3,74.6,18.17,-34.53,0.0,,8,,20260804
SIVEF,Sivers Semiconductors AB (publ),Technology,Semiconductors,PNK,3.33,5044450,983743680,0.6744,6.41,3.33,-4.562,-37.72,127.66,127.66,86.31,0.0,35.0,3,11.25,0.96,-70.4,0.0,,8,,20260804
RVT,"Royce Small-Cap Trust, Inc.",Financial Services,Asset Management,NYSE,18.43,323098,2255164928,0.2926,18.03,16.81,1.3699,-3.99,-0.14,11.08,3.39,0.0,86.25,2,18.88,14.93,-2.38,0.0,,8,,20260804
MTTRY,Ceconomy AG,Consumer Cyclical,Specialty Retail,PNK,0.95,30840,2354270976,0.2536,0.75,0.9,0.7846,-5.26,-6.06,-26.81,-14.16,0.0,66.25,3,4.71,0.56,-79.83,0.0,,8,,20260804
TKCBY,"Tokai Carbon Co., Ltd.",Basic Materials,Specialty Chemicals,PNK,47.28,3,2523643136,0.118,41.1,28.18,52.398,96.98,80.16,90.1,88.34,0.0,75.0,2,47.28,22.95,-0.0,0.0,,8,,20260804
AVPT,"AvePoint, Inc.",Technology,Software - Infrastructure,NASDAQ,13.36,2441298,2832549632,0.5308,11.57,11.75,3.3711,25.44,4.8,-51.18,-12.43,0.0,90.0,3,18.55,8.84,-27.98,0.0,,8,,20260804
HTH,Hilltop Holdings Inc.,Financial Services,Financial Conglomerates,NYSE,39.76,293864,2277707776,0.8781,38.3,36.16,1.6672,-0.31,-2.79,16.04,5.36,0.0,87.5,2,40.41,29.64,-1.61,0.0,,8,,20260804
DCO,Ducommun Incorporated,Industrials,Aerospace & Defense,NYSE,182.83,278129,0,7.856,166.75,127.75,2.0469,24.04,51.22,79.76,55.84,0.0,88.75,2,196.63,84.76,-7.02,0.0,,8,,20260804
WLY,"John Wiley & Sons, Inc.",Communication Services,Publishing,NYSE,53.1,508695,2695374848,2.0883,47.27,37.67,2.7903,25.21,62.71,21.53,36.86,0.0,87.5,2,57.45,28.38,-7.57,0.0,,8,,20260804
AXGN,"Axogen, Inc.",Healthcare,Medical Devices,NCM,45.73,1217761,2458513920,2.6572,42.06,34.22,1.3827,0.25,21.14,228.15,98.72,0.0,62.5,2,46.95,12.39,-2.6,0.0,,8,,20260804
CDGLY,ComfortDelGro Corporation Limited,Industrials,Railroads,PNK,21.17,330,2294233600,0.4409,21.53,22.04,-0.8195,-9.35,-20.03,-22.02,-18.15,0.0,26.5,4,26.5,19.79,-20.11,0.0,,8,,20260804
IMYSF,Imerys S.A.,Basic Materials,Specialty Chemicals,PNK,24.72,76,2094723968,0.1002,25.33,27.45,-6.1657,-6.46,-24.64,-44.14,-27.9,0.0,24.0,4,34.01,23.9,-27.33,0.0,,8,,20260804
IMYSY,Imerys S.A.,Basic Materials,Specialty Chemicals,PNK,5.35,954,2267200768,0.1764,5.1,5.3,1.4009,-2.57,-21.65,-22.54,-17.23,0.0,51.25,3,7.3,4.71,-26.71,0.0,,8,,20260804
NMZ,Nuveen Municipal High Income Opportunity Fund,Financial Services,Asset Management,NYSE,10.18,679975,2192443392,0.0746,10.25,10.1,-0.9764,-3.47,-8.59,-10.61,-8.12,0.0,70.75,3,10.77,9.92,-5.48,0.0,,8,,20260804
ALRM,"Alarm.com Holdings, Inc.",Technology,Software - Application,NASDAQ,55.54,529067,2747040768,1.6618,48.4,48.22,4.2939,12.44,3.78,-19.53,-3.38,0.0,91.25,2,59.53,41.49,-6.7,0.0,,8,,20260804
CPWHF,Ceres Power Holdings plc,Industrials,Electrical Equipment & Parts,PNK,5.0,17945,1068987840,0.4417,7.22,5.35,-5.0193,-48.33,14.61,191.3,69.55,0.0,20.75,4,11.7,1.32,-57.26,0.0,,8,,20260804
ALGT,Allegiant Travel Company,Industrials,Airlines,NASDAQ,103.48,607977,2781283840,5.5282,99.03,86.73,0.8056,32.53,6.68,79.19,42.15,0.0,86.25,2,123.63,42.56,-16.3,0.0,,8,,20260804
WOSGF,Watches of Switzerland Group PLC,Consumer Cyclical,Luxury Goods,PNK,10.27,15264,2314121216,0.2155,9.66,7.25,2.8524,44.3,34.12,96.94,61.79,0.0,81.25,2,10.74,4.37,-4.38,0.0,,8,,20260804
RNW,ReNew Energy Global Plc,Utilities,Utilities - Renewable,NASDAQ,6.29,1358232,2290803200,0.1884,6.2,5.99,0.4958,11.51,5.98,-38.43,-10.41,0.0,87.5,2,8.24,4.38,-23.67,0.0,,8,,20260804
DRDGF,DRDGOLD Limited,Basic Materials,Gold,PNK,2.06,225,2645562880,0.0118,2.34,2.87,-23.8059,-37.22,-51.71,31.62,-14.76,0.0,0.0,4,3.75,1.38,-45.07,0.0,,8,,20260804
BRLXF,Boralex Inc.,Utilities,Utilities - Renewable,PNK,26.1,2740,2467156224,0.0442,25.68,22.08,9.4575,-6.63,33.89,-7.26,7.3,0.0,62.0,2,27.29,17.06,-4.36,0.0,,8,,20260804
CYD,China Yuchai International Limi,Consumer Cyclical,Auto Manufacturers,NYSE,46.49,201620,0,2.4535,48.75,42.59,-0.92,13.12,-5.6,86.75,36.02,0.0,72.0,3,61.48,22.35,-24.38,0.0,,8,,20260804
VERX,"Vertex, Inc.",Technology,Software - Application,NASDAQ,13.4,1830946,2168346880,0.7795,12.48,15.75,1.1859,-3.82,-37.84,-80.8,-46.52,0.0,41.25,3,33.54,10.21,-60.05,0.0,,8,,20260804
OILRF,Oil Refineries Ltd.,Energy,Oil & Gas Refining & Marketing,PNK,0.51,5403,1607360000,0.0428,0.51,0.4,0.0449,-10.58,97.79,71.69,60.26,0.0,76.25,2,0.69,0.2,-25.36,0.0,,8,,20260804
IMAX,IMAX Corporation,Communication Services,Entertainment,NYSE,51.0,1272074,2796947712,2.1271,41.25,37.53,4.5853,34.28,36.01,76.55,51.8,0.0,90.0,2,51.28,24.2,-0.55,0.0,,8,,20260804
CLM,"Cornerstone Strategic Investment Fund, Inc.",Financial Services,Asset Management,NYSE,7.4,1650067,2204622592,0.1047,7.36,7.25,0.3778,-3.08,-11.94,-11.21,-9.43,0.0,87.5,2,8.53,6.92,-13.25,0.0,,8,,20260804
BMRPF,B&M European Value Retail plc,Consumer Defensive,Discount Stores,PNK,2.85,224,2412091904,0.019,2.5,2.33,18.1343,22.45,19.88,-21.98,3.78,0.0,76.25,2,3.51,2.03,-18.76,0.0,,8,,20260804
GMOYF,"GMO internet group, Inc.",Communication Services,Telecom Services,PNK,25.0,24,2438266112,0.2057,21.04,22.09,19.2778,20.98,-11.68,-16.8,-5.56,0.0,75.0,3,26.0,16.2,-3.85,0.0,,8,,20260804
TKUGF,"Takeuchi Mfg. Co., Ltd.",Industrials,Farm & Heavy Construction Machinery,PNK,48.54,4,2242204160,0.0466,47.13,-57.22,30.3651,28.26,-136.21,-150.76,-100.91,0.0,75.0,2,48.54,33.04,0.0,0.0,,8,,20260804
MAWHF,Man Wah Holdings Limited,Consumer Cyclical,"Furnishings, Fixtures & Appliances",PNK,0.4,20,2306370816,0.0028,0.48,0.56,-28.6341,-35.66,-41.87,-35.11,-37.61,0.0,0.0,4,0.68,0.4,-41.18,0.0,,8,,20260804
GNNDY,GN Store Nord A/S,Healthcare,Medical Devices,PNK,44.85,446,2184188160,0.639,42.54,46.69,3.6191,-4.59,-21.34,-26.38,-19.17,0.0,45.75,3,57.22,39.45,-21.62,0.0,,8,,20260804
SLDE,"Slide Insurance Holdings, Inc.",Financial Services,Insurance - Property & Casualty,NASDAQ,20.65,1279345,2412162048,0.9555,19.0,17.88,1.7241,5.49,9.77,-11.36,0.25,0.0,87.5,2,23.0,12.53,-10.22,0.0,,8,,20260804
HCM,HUTCHMED (China) Limited,Healthcare,Drug Manufacturers - Specialty & Generic,NASDAQ,11.55,51166,2007553792,0.3689,11.04,13.55,1.3928,-18.57,-33.08,-56.24,-38.71,0.0,40.0,3,18.3,9.77,-36.89,0.0,,8,,20260804
GCMG,GCM Grosvenor Inc.,Financial Services,Asset Management,NASDAQ,13.17,500753,795246272,0.4583,12.04,11.15,2.4687,16.35,8.82,-4.79,5.26,0.0,85.0,2,14.38,9.3,-8.38,0.0,,8,,20260804
ACHC,"Acadia Healthcare Company, Inc.",Healthcare,Medical Care Facilities,NASDAQ,30.59,3027974,2847937280,1.8664,28.17,21.94,1.2976,4.43,117.53,19.32,49.97,0.0,88.75,2,35.83,11.43,-14.62,0.0,,8,,20260804
PRDO,Perdoceo Education Corporation,Consumer Defensive,Education & Training Services,NASDAQ,32.57,713101,2042241024,1.4406,33.17,32.64,-0.4179,-8.14,-7.46,-5.84,-6.98,0.0,34.0,4,38.5,26.66,-15.4,0.0,,8,,20260804
CCU,"Compania Cervecerias Unidas, S.",Consumer Defensive,Beverages - Brewers,NYSE,11.47,165309,0,0.3845,11.38,12.31,0.234,-3.09,-30.81,-22.07,-20.38,0.0,48.25,3,15.36,10.71,-25.33,0.0,,8,,20260804
NMM,Navios Maritime Partners L.P.,Industrials,Marine Shipping,NYSE,81.11,127911,2305520896,2.4044,73.64,63.49,3.1051,8.49,25.64,76.87,41.85,0.0,86.25,2,82.84,41.66,-2.09,0.0,,8,,20260804
CGGGF,Coats Group plc,Consumer Cyclical,Textile Manufacturing,PNK,1.07,2442,2048071808,0.0119,1.06,1.09,0.9479,-11.64,-17.17,-12.03,-13.73,0.0,39.5,3,1.29,0.96,-17.05,0.0,,8,,20260804
CXW,"CoreCivic, Inc.",Industrials,Security & Protection Services,NYSE,30.3,1269211,2996320256,1.1004,28.06,21.25,2.0385,41.82,53.44,30.0,41.16,0.0,85.0,2,32.69,15.74,-7.31,0.0,,8,,20260804
GGNDF,GN Store Nord A/S,Healthcare,Medical Devices,PNK,13.39,138,2089540096,0.0181,13.99,15.55,-32.8891,-22.62,-26.61,-25.93,-25.34,0.0,12.0,4,18.27,12.8,-26.71,0.0,,8,,20260804
ESTA,Establishment Labs Holdings Inc.,Healthcare,Medical Devices,NCM,92.8,610659,2731140352,3.8159,84.72,70.86,2.1173,26.73,26.09,99.97,55.8,0.0,83.75,2,97.4,33.35,-4.72,0.0,,8,,20260804
ZLAB,Zai Lab Limited,Healthcare,Biotechnology,NASDAQ,18.18,867985,2052931840,0.7307,18.6,19.88,-0.5786,-21.01,-0.56,-73.1,-34.69,0.0,36.5,4,39.64,15.96,-54.14,0.0,,8,,20260804
BRSL,Brightstar Lottery PLC,Consumer Cyclical,Gambling,NYSE,10.11,1618245,1857085184,0.3059,10.97,13.08,-2.8116,-24.76,-37.53,-48.46,-38.71,0.0,6.25,4,18.57,9.9,-45.56,0.0,,8,,20260804
CRPHY,Ceres Power Holdings plc,Industrials,Electrical Equipment & Parts,PNK,2.4,29974,1026228352,0.2455,3.63,2.65,-5.0115,-46.94,7.74,134.05,44.59,0.0,25.75,4,5.86,0.67,-59.04,0.0,,8,,20260804
DHC,Diversified Healthcare Trust,Real Estate,REIT - Healthcare Facilities,NASDAQ,8.81,1725441,2132962176,0.3384,8.95,6.74,-0.4274,7.09,41.93,149.99,76.44,0.0,70.75,3,9.66,3.24,-8.8,0.0,,8,,20260804
CLBK,"Columbia Financial, Inc.",Financial Services,Banks - Regional,NASDAQ,10.64,3560346,1107179648,0.2736,9.75,8.23,3.254,16.19,33.8,41.47,32.46,0.0,92.5,2,11.74,6.21,-9.38,0.0,,8,,20260804
VAIAF,Vaisala Oyj,Technology,Scientific & Technical Instruments,PNK,58.88,37,2180626688,0.0323,58.78,54.44,3.1155,-6.25,3.94,5.49,2.01,0.0,51.25,2,60.1,47.27,-2.04,0.0,,8,,20260804
MBINN,Merchants Bancorp,Financial Services,Banks - Regional,NCM,20.15,8919,0,0.2428,20.12,19.43,0.1271,-5.26,-6.07,-11.36,-7.98,0.0,61.25,2,21.6,18.27,-6.71,0.0,,8,,20260804
MBIN,Merchants Bancorp,Financial Services,Banks - Regional,NCM,55.72,160648,2559669760,1.9076,48.92,41.62,3.5638,14.43,24.97,71.01,40.75,0.0,87.5,2,56.87,29.2,-2.02,0.0,,8,,20260804
MBINL,Merchants Bancorp,Financial Services,Banks - Regional,NCM,24.86,18045,0,0.1777,24.65,23.43,1.2137,-0.72,-4.93,-3.54,-3.32,0.0,87.5,2,25.34,21.8,-1.87,0.0,,8,,20260804
MBINM,Merchants Bancorp,Financial Services,Banks - Regional,NCM,25.57,7624,0,0.1715,25.29,24.44,1.6501,-2.75,-5.95,-10.39,-6.92,0.0,90.0,2,25.96,24.0,-1.5,0.0,,8,,20260804
BCRX,"BioCryst Pharmaceuticals, Inc.",Healthcare,Drug Manufacturers - Specialty & Generic,NASDAQ,8.81,4946141,2239173120,0.4114,9.26,8.25,-1.1055,-9.54,23.81,-12.97,0.76,0.0,70.75,3,11.22,6.0,-21.48,0.0,,8,,20260804
OVHFF,OVH Groupe S.A.,Technology,Software - Infrastructure,PNK,17.15,1272,2563625216,0.2762,16.98,12.12,0.6131,26.0,77.84,12.67,38.82,0.0,75.0,2,19.6,8.34,-12.5,0.0,,8,,20260804
DNLMY,Dunelm Group plc,Consumer Cyclical,Specialty Retail,PNK,11.6,100,2338368256,0.0882,10.41,12.05,13.5433,12.37,-12.74,-41.2,-17.85,0.0,62.0,3,16.11,9.4,-28.0,0.0,,8,,20260804
SYBT,"Stock Yards Bancorp, Inc.",Financial Services,Banks - Regional,NASDAQ,84.22,199091,2616547072,2.3681,76.43,69.4,3.2913,12.29,15.51,-6.48,5.91,0.0,90.0,2,89.22,61.51,-5.6,0.0,,8,,20260804
NWN,Northwest Natural Holding Compa,Utilities,Utilities - Regulated Gas,NYSE,48.93,277033,0,1.1436,49.43,48.51,-0.4354,-11.92,-2.95,6.44,-1.44,0.0,48.25,3,55.99,39.29,-12.61,0.0,,8,,20260804
ATEN,"A10 Networks, Inc.",Technology,Software - Infrastructure,NYSE,29.95,1196101,2156345344,1.5272,33.4,23.68,-2.2617,6.38,62.53,43.36,40.82,0.0,60.0,3,38.49,16.52,-22.19,0.0,,8,,20260804
CTOS,"Custom Truck One Source, Inc.",Industrials,Rental & Leasing Services,NYSE,10.63,1061777,2417610752,0.5184,10.42,7.75,0.3985,-0.16,58.12,50.53,40.51,0.0,86.25,2,12.23,5.18,-13.08,0.0,,8,,20260804
PCFBY,Pacific Basin Shipping Limited,Industrials,Marine Shipping,PNK,7.63,888,1965987328,0.3672,7.76,7.29,-0.3464,-13.26,-10.2,17.0,-0.09,0.0,40.75,3,9.12,4.91,-16.34,0.0,,8,,20260804
BLBD,Blue Bird Corporation,Industrials,Farm & Heavy Construction Machinery,NASDAQ,74.53,484050,2358620160,2.9407,74.52,60.36,0.0047,13.14,38.07,45.2,34.69,0.0,82.5,2,83.39,42.95,-10.62,0.0,,8,,20260804
PTKFY,PT Kalbe Farma Tbk.,Healthcare,Drug Manufacturers - General,PNK,8.51,308,1925339136,0.1524,8.59,11.48,-0.5136,-22.12,-48.95,-73.84,-52.2,0.0,12.0,4,18.59,7.63,-54.22,0.0,,8,,20260804
FIGS,"FIGS, Inc.",Consumer Cyclical,Apparel Manufacturing,NYSE,10.88,3350554,1817474048,0.5489,11.02,11.79,-0.2634,-34.76,-9.43,46.19,6.49,0.0,40.25,4,17.48,6.07,-37.76,0.0,,8,,20260804
CDNL,Cardinal Infrastructure Group Inc.,Industrials,Engineering & Construction,NASDAQ,63.07,673122,1254845952,5.9674,68.29,63.07,-0.8748,9.91,140.3,157.27,114.49,0.0,58.75,3,96.4,21.98,-34.57,0.0,,8,,20260804
WLYB,"John Wiley & Sons, Inc.",Communication Services,Publishing,NYSE,52.66,242,2673040384,0.5939,47.02,37.94,9.489,23.27,56.34,17.0,32.33,0.0,76.25,2,53.65,29.62,-1.85,0.0,,8,,20260804
MLCO,Melco Resorts & Entertainment Limited,Consumer Cyclical,Resorts & Casinos,NASDAQ,5.58,2613454,2166666752,0.1886,5.49,6.48,0.4698,-3.21,-18.0,-56.69,-29.78,0.0,37.5,3,10.15,5.07,-45.02,0.0,,8,,20260804
FRHLF,Freehold Royalties Ltd.,Energy,Oil & Gas E&P,PNK,12.08,74774,1980640896,0.3205,11.84,11.48,0.7432,-12.27,-6.54,9.68,-1.48,0.0,57.5,2,13.58,9.38,-11.05,0.0,,8,,20260804
SAMHF,Alleima AB (publ),Basic Materials,Steel,PNK,9.47,6,2440968192,0.0099,9.13,6.92,34.9357,15.66,43.7,63.49,44.61,0.0,75.0,2,12.0,7.04,-21.08,0.0,,8,,20260804
ATUSF,Altius Minerals Corporation,Basic Materials,Other Industrial Metals & Mining,OQX,41.64,37414,2321355776,1.6659,41.92,34.56,-0.1666,7.55,22.24,77.81,40.79,0.0,80.75,3,46.78,20.52,-10.99,0.0,,8,,20260804
SHHFF,SCHIEHALLION FD LTD,Unknown,Unknown,PNK,2.11,22798,0,0.092,2.11,2.11,0.0,65.97,65.97,65.97,65.97,0.0,67.0,3,2.29,1.2,-7.86,0.0,,8,,20260804
NVCR,NovoCure Limited,Healthcare,Medical Devices,NASDAQ,15.32,1757135,1783950208,1.2039,16.48,13.8,-0.9663,-13.23,13.47,11.21,5.89,0.0,61.25,3,21.45,9.82,-28.58,0.0,,8,,20260804
EZPW,"EZCORP, Inc.",Financial Services,Credit Services,NASDAQ,30.24,942366,1860847872,1.594,32.11,25.89,-1.176,-11.96,30.9,89.98,43.82,0.0,37.5,3,37.13,13.96,-18.56,0.0,,8,,20260804
PUMP,ProPetro Holding Corp.,Energy,Oil & Gas Equipment & Services,NYSE,11.16,5554937,1370714880,0.8344,13.94,12.39,-3.3314,-38.26,-12.95,87.01,20.71,0.0,24.5,4,18.5,4.51,-39.68,0.0,,8,,20260804
JNNDF,Japan Display Inc.,Technology,Electronic Components,PNK,0.3,140,1292488320,0.0015,0.34,0.29,-22.5492,-55.74,124.87,89.92,65.74,0.0,25.0,3,0.81,0.13,-62.59,0.0,,8,,20260804
PSNYW,Polestar Automotive Holding UK PLC,Consumer Cyclical,Auto Manufacturers,NASDAQ,2.44,65251,353565600,0.5426,2.71,4.24,-0.4954,-29.16,-16.23,-78.26,-44.27,0.0,8.75,4,14.4,2.1,-83.06,0.0,,8,,20260804
PSNY,Polestar Automotive Holding UK PLC,Consumer Cyclical,Auto Manufacturers,NASDAQ,14.54,154587,2106903168,1.2325,18.33,18.88,-3.0739,-26.64,-13.98,-75.9,-41.91,0.0,11.25,4,42.6,11.75,-65.87,0.0,,8,,20260804
DTNOF,DNO ASA,Energy,Oil & Gas E&P,PNK,1.71,2880,1667250048,0.0279,1.88,1.73,-5.95,-22.79,-4.57,1.38,-6.75,0.0,13.25,4,2.3,1.2,-25.65,0.0,,8,,20260804
ECO,Okeanis Eco Tankers Corp.,Industrials,Marine Shipping,NYSE,61.38,455006,2396561152,2.1733,53.16,43.72,3.7818,10.29,52.05,156.25,83.29,0.0,91.25,2,61.53,23.82,-0.24,0.0,,8,,20260804
MCRI,"Monarch Casino & Resort, Inc.",Consumer Cyclical,Resorts & Casinos,NASDAQ,125.13,161732,2242644992,3.4138,124.63,104.79,0.1476,1.24,27.4,1.75,10.6,0.0,86.25,2,135.93,88.13,-7.95,0.0,,8,,20260804
INVX,"Innovex International, Inc.",Energy,Oil & Gas Equipment & Services,NYSE,28.3,425385,1975917056,1.1303,26.63,24.81,1.4778,-3.2,3.81,51.15,20.99,0.0,61.25,2,32.25,15.6,-12.25,0.0,,8,,20260804
PBI,Pitney Bowes Inc.,Industrials,Integrated Freight & Logistics,NYSE,18.07,2805891,2477220096,0.7087,17.31,12.66,1.0696,11.69,65.74,42.95,43.11,0.0,86.25,2,19.07,8.95,-5.24,0.0,,8,,20260804
GENSF,Genus plc,Healthcare,Biotechnology,PNK,31.07,14,2063126912,0.0029,31.07,34.06,0.0,-10.52,-24.56,-24.87,-21.17,0.0,37.0,3,37.25,30.98,-16.6,0.0,,8,,20260804
BDGIF,Badger Infrastructure Solutions Ltd.,Industrials,Engineering & Construction,OQX,62.0,11153,2086892672,1.7319,64.37,54.71,-1.3676,5.54,0.26,45.99,19.87,0.0,64.5,3,70.12,36.67,-11.58,0.0,,8,,20260804
STC,Stewart Information Services Corporation,Financial Services,Insurance - Property & Casualty,NYSE,69.04,225579,2102268032,2.4164,67.05,67.58,0.8226,-4.68,-6.01,-11.57,-7.9,0.0,90.0,3,78.61,57.11,-12.17,0.0,,8,,20260804
ARR,"ARMOUR Residential REIT, Inc.",Real Estate,REIT - Mortgage,NYSE,16.33,3677935,2311561216,0.3297,16.63,16.1,-0.896,-9.34,-8.09,-2.32,-6.09,0.0,43.25,3,19.31,13.98,-15.43,0.0,,8,,20260804
NBTX,Nanobiotix S.A.,Healthcare,Biotechnology,NASDAQ,38.89,98283,1975059072,2.6903,37.91,29.84,0.3627,5.33,75.11,442.02,204.43,0.0,62.5,2,57.14,6.09,-31.94,0.0,,8,,20260804
VRRM,Verra Mobility Corporation,Technology,Information Technology Services,NCM,5.61,7486277,852196352,0.3782,4.95,15.47,1.7487,-67.73,-81.01,-98.99,-84.88,0.0,35.0,3,25.57,3.4,-78.06,0.0,,8,,20260804
PCT,"PureCycle Technologies, Inc.",Industrials,Pollution & Treatment Controls,NCM,7.01,5554630,1407030144,0.4998,8.65,8.79,-3.2868,-16.22,-36.75,-68.92,-44.49,0.0,12.5,4,15.49,4.93,-54.74,0.0,,8,,20260804
ASRHF,ASTROSCALE HLDGS INC.,Unknown,Unknown,PNK,6.66,7978,0,0.5806,9.83,6.66,-5.4596,-13.32,35.39,-2.91,7.89,0.0,30.0,3,18.8,3.98,-64.57,0.0,,8,,20260804
XRAY,DENTSPLY SIRONA Inc.,Healthcare,Medical Instruments & Supplies,NASDAQ,14.13,5905401,2830616064,0.636,11.48,11.77,4.1592,14.24,3.24,-19.71,-3.19,0.0,88.75,3,14.86,9.41,-4.91,0.0,,8,,20260804
NWBI,"Northwest Bancshares, Inc.",Financial Services,Banks - Regional,NASDAQ,15.88,1157509,2324776704,0.2698,14.87,12.99,3.7574,10.15,16.88,23.42,17.81,0.0,88.75,2,16.16,11.25,-1.73,0.0,,8,,20260804
ATHM,Autohome Inc.,Communication Services,Internet Content & Information,NYSE,23.25,772017,2677723648,0.8125,18.97,20.25,5.2713,24.07,-0.81,-32.3,-7.19,0.0,90.0,3,29.92,15.57,-22.29,0.0,,8,,20260804
BHC,Bausch Health Companies Inc.,Healthcare,Drug Manufacturers - Specialty & Generic,NYSE,7.0,2813769,2617933824,0.3582,5.04,5.85,5.4603,18.49,11.87,-2.35,7.84,0.0,60.0,3,8.69,4.33,-19.45,0.0,,8,,20260804
DACHF,Daicel Corporation,Basic Materials,Specialty Chemicals,PNK,8.0,1,2730156288,0.0002,8.0,8.28,0.0,-4.34,-13.42,-21.83,-14.51,0.0,49.0,3,10.69,8.0,-25.16,0.0,,8,,20260804
WS,"Worthington Steel, Inc.",Basic Materials,Steel,NYSE,36.42,293062,1855531264,1.6069,37.8,36.43,-0.8598,-12.09,-18.77,0.27,-9.48,0.0,39.0,4,49.17,27.22,-25.93,0.0,,8,,20260804
CKNHF,Clarkson PLC,Industrials,Marine Shipping,PNK,62.87,129,2024191104,0.5595,61.22,56.74,2.9344,-6.64,3.86,20.35,7.83,0.0,50.0,2,65.89,47.12,-4.59,0.0,,8,,20260804
PCFBF,Pacific Basin Shipping Limited,Industrials,Marine Shipping,PNK,0.39,1006,1984023808,0.0004,0.4,0.33,-18.1225,-6.72,39.19,28.35,23.37,0.0,37.0,3,0.43,0.27,-9.3,0.0,,8,,20260804
FUN,Six Flags Entertainment Corporation,Consumer Cyclical,Leisure,NYSE,17.62,2255946,1800833536,1.0542,20.37,18.29,-2.6045,-11.98,-12.24,-62.39,-32.23,0.0,20.75,4,31.25,12.51,-43.62,0.0,,8,,20260804
BSTZ,BlackRock Science and Technology Term Trust,Financial Services,Asset Management,NYSE,28.96,236688,1990830592,1.0021,29.2,23.95,-0.2408,3.76,24.34,29.64,21.32,0.0,74.5,3,31.88,20.49,-9.16,0.0,,8,,20260804
CELJF,Cellcom Israel Ltd.,Communication Services,Telecom Services,PNK,10.25,604,1727900032,0.3061,10.98,11.13,-2.3785,-19.63,-19.53,-6.16,-14.21,0.0,12.0,4,14.12,3.0,-27.41,0.0,,8,,20260804
OMCL,"Omnicell, Inc.",Healthcare,Health Information Services,NASDAQ,37.65,692441,1712280960,2.3553,41.95,40.39,-1.8277,-17.44,-32.45,0.21,-15.63,0.0,23.25,4,55.0,29.06,-31.55,0.0,,8,,20260804
ZIZTF,Zip Co Limited,Financial Services,Credit Services,PNK,1.9,779,2367251456,0.0381,1.92,1.87,-0.5553,1.46,-11.02,-24.05,-13.11,0.0,62.0,3,3.39,0.95,-43.95,0.0,,8,,20260804
HCI,"HCI Group, Inc.",Financial Services,Insurance - Property & Casualty,NYSE,179.28,180250,2288474880,5.1852,169.88,169.54,1.8123,12.61,3.49,8.11,7.62,0.0,85.0,2,210.5,136.37,-14.83,0.0,,8,,20260804
DRSHF,DroneShield Limited,Industrials,Aerospace & Defense,PNK,1.39,110759,1284486144,0.1326,1.78,2.24,-2.9536,-50.9,-54.48,-63.04,-57.01,0.0,12.5,4,4.39,1.01,-68.34,0.0,,8,,20260804
TKYMY,Tokuyama Corporation,Basic Materials,Specialty Chemicals,PNK,14.0,4,2014464512,0.0031,14.0,12.68,0.0,13.63,1.44,15.03,9.92,0.0,75.0,3,14.85,10.87,-5.72,0.0,,8,,20260804
GTY,Getty Realty Corporation,Real Estate,REIT - Retail,NYSE,33.95,489170,2102615168,0.7738,33.67,30.61,0.3678,-1.38,7.04,9.11,5.76,0.0,87.5,2,36.83,25.39,-7.82,0.0,,8,,20260804
SHWGY,Shandong Weigao Group Medical Polymer Company Limited,Healthcare,Medical Instruments & Supplies,PNK,1.6,174,1778152832,0.0098,1.63,2.19,-2.8107,-10.91,-37.21,-72.26,-44.66,0.0,12.0,4,3.47,1.49,-53.89,0.0,,8,,20260804
ACPIF,Acen Corporation,Utilities,Utilities - Renewable,PNK,0.02,40,799028672,0.0003,0.01,-0.04,18.9864,-131.04,-141.54,-141.27,-138.81,0.0,62.0,3,0.09,0.02,-76.5,0.0,,8,,20260804
TRVI,"Trevi Therapeutics, Inc.",Healthcare,Biotechnology,NASDAQ,17.9,2073024,2541436672,1.0806,16.5,13.2,1.3002,23.65,60.89,120.53,75.44,0.0,86.25,2,20.22,6.55,-11.47,0.0,,8,,20260804
TPGVF,Top Glove Corporation Bhd.,Healthcare,Medical Instruments & Supplies,PNK,0.15,296,1202716032,0.0012,0.18,0.16,-28.2731,-22.69,-10.93,-22.69,-18.58,0.0,12.0,4,0.25,0.1,-40.0,0.0,,8,,20260804
DSITF,Currys plc,Consumer Cyclical,Specialty Retail,PNK,2.24,417,2314183424,0.0138,2.06,1.87,13.2311,29.92,2.14,36.6,22.87,0.0,75.0,2,2.24,1.46,0.0,0.0,,8,,20260804
HRUFF,H&R Real Estate Investment Trust,Real Estate,REIT - Diversified,PNK,7.89,37553,2226070784,0.1517,7.7,7.52,1.2228,-2.38,-5.03,-23.11,-11.6,0.0,82.5,2,8.89,6.73,-11.25,0.0,,8,,20260804
BBAI,"BigBear.ai Holdings, Inc.",Technology,Information Technology Services,NYSE,2.86,36660350,1371354240,0.2084,3.66,4.72,-3.821,-36.33,-53.33,-76.16,-58.21,0.0,8.75,4,9.39,2.59,-69.54,0.0,,8,,20260804
HGCTF,HG Capital Trust,Unknown,Unknown,PNK,4.98,895,0,0.256,4.98,4.98,0.0,-61.89,-61.89,-61.89,-61.89,0.0,63.25,3,6.95,4.85,-28.35,0.0,,8,,20260804
NTST,NETSTREIT Corp.,Real Estate,REIT - Retail,NYSE,21.39,1871477,2089220096,0.4945,20.86,19.26,1.0744,1.91,5.96,1.59,3.2,0.0,83.75,2,22.47,17.02,-4.81,0.0,,8,,20260804
DBMBF,FIBRA Macquarie México,Real Estate,REIT - Industrial,PNK,2.48,36000,2025170944,0.0173,2.52,2.19,-2.1358,-3.24,9.57,22.15,11.4,0.0,62.0,3,2.76,1.29,-9.96,0.0,,8,,20260804
MHD,MHD,Financial Services,Asset Management,NYSE,11.52,364483,0,0.1208,11.64,11.44,-0.9963,-5.6,-10.6,-11.04,-9.53,0.0,65.75,3,12.08,10.99,-4.64,0.0,,8,,20260804
FLYW,Flywire Corporation,Technology,Software - Infrastructure,NASDAQ,16.63,2417224,2052439296,0.6915,16.47,14.15,0.2367,13.38,21.91,31.51,23.62,0.0,85.0,2,18.98,10.11,-12.38,0.0,,8,,20260804
CGEAF,Cogeco Communications Inc.,Communication Services,Telecom Services,PNK,42.31,3720,1777641856,0.2576,44.68,46.5,-9.1875,-13.04,-19.82,-24.13,-19.85,0.0,13.25,4,56.01,39.22,-24.46,0.0,,8,,20260804
LPG,Dorian LPG Ltd.,Energy,Oil & Gas Midstream,NYSE,45.94,706530,1965436288,1.8145,40.87,32.17,2.7938,17.5,56.6,57.56,47.21,0.0,91.25,2,48.12,23.76,-4.53,0.0,,8,,20260804
EVT,Eaton Vance Tax-Advantaged Dividend Income Fund,Financial Services,Asset Management,NYSE,28.56,100696,2128941824,0.4376,26.98,24.96,3.6012,5.54,4.09,7.74,5.91,0.0,88.75,2,28.71,23.0,-0.51,0.0,,8,,20260804
CIAFF,Champion Iron Limited,Basic Materials,Steel,OQX,2.42,92632,1355313536,0.1161,2.89,3.5,-4.0414,-34.79,-49.97,-33.08,-39.42,0.0,8.75,4,4.78,2.33,-49.37,0.0,,8,,20260804
GEL,"Genesis Energy, L.P.",Energy,Oil & Gas Midstream,NYSE,15.44,305324,1890849024,0.4612,14.7,15.8,1.6138,-13.76,-14.89,-28.21,-19.93,0.0,50.75,3,18.64,13.75,-17.17,0.0,,8,,20260804
CMRE,Costamare Inc.,Industrials,Marine Shipping,NYSE,15.47,464364,1867822464,0.4583,15.27,15.54,0.4283,-10.69,-16.49,34.44,5.33,0.0,49.5,3,18.06,10.16,-14.34,0.0,,8,,20260804
LWLG,"Lightwave Logic, Inc.",Basic Materials,Specialty Chemicals,NCM,6.82,5950438,1050823104,0.7318,8.63,7.01,-2.4768,-63.49,96.59,171.51,86.54,0.0,23.25,4,18.71,1.99,-63.55,0.0,,8,,20260804
SAM,"The Boston Beer Company, Inc.",Consumer Defensive,Beverages - Brewers,NYSE,186.52,324325,1942315264,7.6563,178.07,206.97,1.1042,-18.37,-22.76,-31.13,-25.01,0.0,53.25,3,264.46,158.68,-29.47,0.0,,8,,20260804
SHO,"Sunstone Hotel Investors, Inc.",Real Estate,REIT - Hotel & Motel,NYSE,11.7,2556543,2179607808,0.2235,11.42,9.72,1.2503,13.81,25.73,17.58,19.49,0.0,87.5,2,12.07,8.48,-3.07,0.0,,8,,20260804
VTKLF,Vtech Holdings Limited,Technology,Communication Equipment,PNK,6.55,379,1659078144,0.0304,6.71,7.19,-5.1201,-16.43,-17.96,-23.37,-19.74,0.0,24.0,4,8.08,6.55,-18.94,0.0,,8,,20260804
GNL,"Global Net Lease, Inc.",Real Estate,REIT - Diversified,NYSE,8.65,2538667,1825928576,0.1944,9.01,8.64,-1.8524,-12.7,-14.81,13.81,-2.83,0.0,45.75,3,10.04,6.77,-13.8,0.0,,8,,20260804
WB,Weibo Corporation,Communication Services,Internet Content & Information,NASDAQ,8.17,1214887,2007144960,0.1742,7.71,8.89,2.6224,-7.68,-27.42,-30.48,-23.71,0.0,50.75,3,12.96,7.09,-36.96,0.0,,8,,20260804
RKUSF,RKUSF,Technology,Information Technology Services,PNK,6.12,24,2167149056,0.0066,6.07,6.12,8.2069,11.26,-283.9,-273.83,-206.08,0.0,75.0,3,8.12,4.78,-24.63,0.0,,8,,20260804
SPSC,"SPS Commerce, Inc.",Technology,Software - Application,NASDAQ,75.54,662819,2719453440,3.6355,59.26,70.76,4.4787,22.8,-25.45,-51.81,-23.93,0.0,91.25,3,117.37,49.04,-35.64,0.0,,8,,20260804
LTC,"LTC Properties, Inc.",Real Estate,REIT - Healthcare Facilities,NYSE,38.91,538943,1991470464,0.8902,38.47,36.55,0.4901,-2.85,-0.17,0.37,-0.63,0.0,83.75,2,43.0,33.64,-9.51,0.0,,8,,20260804
SESMF,SUSS MicroTec SE,Technology,Semiconductor Equipment & Materials,PNK,85.85,474,1680281216,1.9685,99.81,67.67,-7.0895,1.77,32.65,73.7,41.35,0.0,26.25,3,125.15,30.18,-31.4,0.0,,8,,20260804
AAPG,Ascentage Pharma Group Internat,Healthcare,Biotechnology,NASDAQ,16.81,11375,1568531968,0.7194,18.42,24.79,-2.2393,-33.41,-40.58,-75.78,-52.87,0.0,15.0,4,48.45,16.36,-65.31,0.0,,8,,20260804
TNET,"TriNet Group, Inc.",Industrials,Staffing & Employment Services,NYSE,70.48,401304,3235365888,3.3885,52.69,50.03,5.2503,54.02,6.62,-14.88,9.87,0.0,91.25,2,73.08,33.61,-3.56,0.0,,8,,20260804
BAND,Bandwidth Inc.,Technology,Software - Infrastructure,NASDAQ,43.47,1401419,1398898944,5.909,61.12,29.59,-2.987,-8.51,201.09,191.31,144.78,0.0,62.5,3,79.08,12.5,-45.03,0.0,,8,,20260804
UHOIF,Ushio Inc.,Industrials,Specialty Industrial Machinery,PNK,24.48,41,2013059200,0.3014,26.8,19.79,-7.7079,19.55,30.21,138.64,70.91,0.0,50.0,3,28.64,9.5,-14.54,0.0,,8,,20260804
ZSHGY,Zhongsheng Group Holdings Limited,Consumer Cyclical,Auto & Truck Dealerships,PNK,5.94,3702,1487771136,0.2521,6.75,11.73,-3.2096,-39.23,-74.36,-84.23,-69.52,0.0,2.5,4,22.0,5.18,-73.0,0.0,,8,,20260804
IOSP,Innospec Inc.,Basic Materials,Specialty Chemicals,NASDAQ,85.48,197032,2105462016,1.9813,82.97,77.46,1.2685,7.16,-4.24,-11.63,-4.35,0.0,88.75,2,92.14,65.51,-7.23,0.0,,8,,20260804
ALZCF,AlzChem Group AG,Basic Materials,Specialty Chemicals,PNK,179.23,11,1814471808,2.2181,202.01,183.99,-10.27,-20.79,-9.22,-0.29,-8.54,0.0,12.0,4,223.25,152.5,-19.72,0.0,,8,,20260804
MESO,Mesoblast Limited,Healthcare,Biotechnology,NASDAQ,14.47,216806,1876702464,0.6831,14.91,16.07,-0.6392,-13.48,-26.19,-26.37,-23.09,0.0,62.75,4,21.5,12.66,-32.7,0.0,,8,,20260804
AUPH,Aurinia Pharmaceuticals Inc.,Healthcare,Biotechnology,NASDAQ,14.57,1495058,1873726336,0.6063,15.9,15.17,-2.1994,-10.49,-9.8,36.4,8.51,0.0,27.0,4,19.25,10.34,-24.31,0.0,,8,,20260804
RPBPF,RASPBERRY PI HLDGS PLC,Technology,Electronic Components,PNK,8.49,24822,0,0.6073,10.59,6.62,-3.4603,-10.23,116.32,29.33,49.89,0.0,60.0,3,14.4,3.55,-41.04,0.0,,8,,20260804
TAVHY,TAV Havalimanlari Holding A.S.,Industrials,Airports & Air Services,PNK,23.5,5272,2134277376,0.6093,23.24,26.19,0.4251,-9.78,-35.82,-21.54,-23.6,0.0,43.75,3,33.46,21.05,-29.77,0.0,,8,,20260804
RBSTF,ROBOSENSE TECHNOLOGY CO,Unknown,Unknown,PNK,2.85,41535,0,0.1594,3.52,2.85,-4.1948,-44.4,-53.97,-53.97,-51.57,0.0,33.75,3,5.91,2.7,-51.78,0.0,,8,,20260804
PBATF,PT Bukit Asam (Persero) Tbk,Energy,Thermal Coal,PNK,0.17,9,1957440640,1.1633,-49.17,-81.06,42.41,-104.41,-108.4,-119.2,-111.72,0.0,62.0,3,0.21,0.13,-19.05,0.0,,8,,20260804
PGNY,"Progyny, Inc.",Healthcare,Healthcare Plans,NASDAQ,31.53,1451983,2469819648,0.9732,28.55,23.4,3.0591,64.11,22.01,12.92,28.9,0.0,87.5,2,33.06,16.1,-4.64,0.0,,8,,20260804
PLGO,Pelagos Insurance Capital Limit,Financial Services,Insurance - Diversified,NYSE,25.31,424585,2163922944,0.7254,23.93,20.35,1.9044,14.68,24.78,48.74,31.84,0.0,85.0,2,26.34,14.95,-3.91,0.0,,8,,20260804
FDVWF,Friedrich Vorwerk Group SE,Industrials,Engineering & Construction,PNK,97.25,4,1944999936,0.017,97.07,97.69,10.3716,9.7,-19.19,-23.97,-13.88,0.0,62.0,3,121.85,86.35,-20.19,0.0,,8,,20260804
PHVS,Pharvaris N.V.,Healthcare,Biotechnology,NASDAQ,32.25,426674,2253621248,1.5359,32.76,28.02,-0.3326,4.14,9.15,41.03,20.65,0.0,73.25,3,36.6,19.56,-11.89,0.0,,8,,20260804
ATEAY,Atea ASA,Technology,Information Technology Services,PNK,8.43,551,1879608448,0.1037,8.79,7.88,-3.4911,-5.26,-1.94,-4.31,-3.72,0.0,37.0,3,9.32,6.7,-9.55,0.0,,8,,20260804
NEOG,Neogen Corporation,Healthcare,Medical Devices,NASDAQ,11.9,2242767,2594866432,0.5499,9.48,8.7,4.4018,19.46,6.36,134.72,60.98,0.0,86.25,2,12.85,4.63,-7.39,0.0,,8,,20260804
ABBRF,AbraSilver Resource Corp.,Basic Materials,Other Precious Metals & Mining,OQX,9.71,191314,1595983360,0.6853,10.63,9.24,-1.3372,-27.91,1.02,135.41,47.54,0.0,40.0,3,14.4,3.75,-32.57,0.0,,8,,20260804
DNEMF,DNEMF,Consumer Cyclical,Specialty Retail,PNK,10.53,28,2123681792,0.0082,10.22,10.53,38.5341,-0.11,-26.97,-26.97,-20.26,0.0,75.0,3,13.1,9.61,-19.58,0.0,,8,,20260804
BLX,"Bladex, Inc. Class E",Financial Services,Banks - Regional,NYSE,59.83,187912,0,1.7562,58.57,50.12,0.7188,7.59,16.71,32.59,20.78,0.0,92.5,2,63.2,38.41,-5.33,0.0,,8,,20260804
TYRA,"Tyra Biosciences, Inc.",Healthcare,Biotechnology,NASDAQ,32.04,812909,1905431040,1.7462,30.6,28.96,0.8253,-11.28,-6.12,171.94,63.81,0.0,63.75,2,40.65,9.96,-21.18,0.0,,8,,20260804
YLLXF,Yellow Cake plc,Energy,Uranium,OQX,7.2,4219,1809325440,0.3197,7.43,7.88,-0.7319,-15.97,-30.77,-11.44,-19.34,0.0,35.25,4,10.35,5.97,-30.43,0.0,,8,,20260804
LCSHF,Lancashire Holdings Limited,Financial Services,Insurance - Specialty,PNK,8.7,254,2120899712,0.0356,8.39,8.28,8.8307,11.02,-6.93,-13.08,-4.9,0.0,76.25,2,9.35,7.38,-6.95,0.0,,8,,20260804
NPKYY,"Nippon Kayaku Co., Ltd.",Basic Materials,Chemicals,PNK,13.16,12,1972739712,0.0025,13.16,11.02,0.0,11.48,20.43,36.51,24.62,0.0,75.0,3,13.3,8.46,-1.05,0.0,,8,,20260804
SKWD,"Skyward Specialty Insurance Group, Inc.",Financial Services,Insurance - Property & Casualty,NASDAQ,60.87,528298,2467856384,2.1371,54.26,48.37,3.0933,28.55,26.34,-0.85,16.02,0.0,87.5,2,63.95,40.6,-4.82,0.0,,8,,20260804
PFFVF,Pfeiffer Vacuum Technology AG,Industrials,Specialty Industrial Machinery,PNK,188.23,14,1945821952,0.2924,190.51,188.21,-7.7873,-8.18,-14.09,-16.42,-13.54,0.0,37.0,3,200.25,176.0,-6.0,0.0,,8,,20260804
ADDLF,AddLife AB (publ),Healthcare,Medical Instruments & Supplies,PNK,15.75,9,1919358976,0.0476,15.75,34.25,0.0,-65.33,-69.32,-80.16,-72.66,0.0,25.0,3,42.0,7.94,-62.5,0.0,,8,,20260804
AVVSY,AVIO SPA,Industrials,Aerospace & Defense,PNK,8.0,8934,1477203712,0.3514,9.59,8.0,-4.5176,-14.92,-26.2,-40.84,-29.24,0.0,33.75,3,15.0,7.11,-46.67,0.0,,8,,20260804
DEI,"Douglas Emmett, Inc.",Real Estate,REIT - Office,NYSE,11.9,2445795,2392858880,0.398,11.91,10.96,-0.0372,5.14,6.83,-37.34,-11.26,0.0,74.5,3,16.99,9.04,-29.96,0.0,,8,,20260804
GRC,The Gorman-Rupp Company,Industrials,Specialty Industrial Machinery,NYSE,82.8,177300,2186768384,3.6865,81.2,63.3,0.4343,3.6,42.69,82.79,48.96,0.0,86.25,2,92.78,40.74,-10.76,0.0,,8,,20260804
PKCOY,"PARK24 Co., Ltd.",Industrials,Infrastructure Operations,PNK,13.2,120,2236578304,0.0293,12.49,12.27,24.4347,2.24,-5.16,-17.9,-8.41,0.0,75.0,2,14.1,10.65,-6.38,0.0,,8,,20260804
NEXA,Nexa Resources S.A.,Basic Materials,Other Industrial Metals & Mining,NYSE,12.85,901820,1701836160,0.8312,13.38,11.05,-0.6332,-21.65,-7.12,147.05,50.91,0.0,47.0,3,16.89,4.62,-23.92,0.0,,8,,20260804
CMGMY,Chemring Group PLC,Industrials,Aerospace & Defense,PNK,7.53,1773,2037253760,0.3658,6.96,6.93,1.5604,5.71,5.56,-13.68,-2.1,0.0,83.75,2,8.5,5.82,-11.41,0.0,,8,,20260804
JPEVF,JPEVF,Industrials,Specialty Business Services,PNK,10.5,233,1877021184,0.006,10.59,-1.59,-15.3256,-7.89,-207.61,-203.43,-156.0,0.0,37.0,3,13.93,10.25,-24.62,0.0,,8,,20260804
ADMA,"ADMA Biologics, Inc.",Healthcare,Biotechnology,NASDAQ,8.74,4205646,2025693568,0.3106,8.49,13.31,0.7889,-22.33,-59.56,-74.46,-56.21,0.0,36.25,3,20.46,7.21,-57.28,0.0,,8,,20260804
NFYEF,NFI Group Inc.,Consumer Cyclical,Auto Manufacturers,PNK,18.0,29996,2143939968,0.4112,16.89,13.4,2.689,8.81,38.07,9.52,19.33,0.0,83.75,2,18.65,8.86,-3.49,0.0,,8,,20260804
OFG,OFG Bancorp,Financial Services,Banks - Regional,NYSE,53.08,344401,2243426304,1.0684,48.6,42.77,4.1961,11.47,23.75,6.22,13.67,0.0,87.5,2,53.52,35.71,-0.81,0.0,,8,,20260804
HVBVF,HAVAS B V,Unknown,Unknown,PNK,20.08,415,0,0.0146,,20.08,,1.71,1.71,1.71,1.71,0.0,39.5,3,20.23,14.6,-0.74,0.0,,8,,20260804
AVVOF,AVIO SPA,Industrials,Aerospace & Defense,PNK,32.49,203,1500054144,0.5705,38.25,38.55,-10.09,-15.53,-29.11,-23.93,-23.64,0.0,1.25,4,66.44,30.24,-51.09,0.0,,8,,20260804
DALXF,Spartan Delta Corp.,Energy,Oil & Gas E&P,PNK,8.53,68250,1618846464,0.4021,8.43,7.24,0.2478,-20.75,16.31,128.54,51.94,0.0,62.5,2,11.52,3.35,-25.94,0.0,,8,,20260804
KSRYY,KOSE Holdings Corporation,Consumer Defensive,Household & Personal Products,PNK,7.34,172,2082216192,0.0926,6.46,6.96,9.4927,2.01,-1.68,-23.6,-9.52,0.0,50.0,3,8.2,5.93,-10.49,0.0,,8,,20260804
DNACF,"DeNA Co., Ltd.",Industrials,Conglomerates,PNK,14.95,11,1498255616,0.0438,15.83,16.93,-20.0349,-21.89,-17.21,-33.62,-24.95,0.0,0.0,4,18.68,14.0,-19.97,0.0,,8,,20260804
EVCM,EverCommerce Inc.,Technology,Software - Application,NASDAQ,11.98,153933,2119869312,0.6021,10.36,10.88,2.6907,-6.48,-10.66,-9.55,-9.17,0.0,91.25,3,14.41,7.66,-16.86,0.0,,8,,20260804
HMN,Horace Mann Educators Corporation,Financial Services,Insurance - Property & Casualty,NYSE,51.81,261791,2092148608,1.2177,49.99,45.31,1.4907,8.13,7.4,4.46,6.41,0.0,86.25,2,55.56,41.29,-6.75,0.0,,8,,20260804
FCF,First Commonwealth Financial Corporation,Financial Services,Banks - Regional,NYSE,21.74,758161,2197947136,0.4234,20.08,17.9,3.9143,13.25,12.29,14.72,13.5,0.0,88.75,2,22.34,15.0,-2.69,0.0,,8,,20260804
MGNI,"Magnite, Inc.",Communication Services,Advertising Agencies,NASDAQ,19.57,2886435,2802717696,0.8103,17.75,15.16,2.249,37.23,25.17,-36.15,3.66,0.0,90.0,2,26.65,10.82,-26.57,0.0,,8,,20260804
USAS,Americas Gold and Silver Corporation,Basic Materials,Other Industrial Metals & Mining,NYSE,4.09,4538345,1380550016,0.3196,4.82,5.73,-2.2863,-35.73,-54.96,62.62,-3.12,0.0,7.5,4,10.5,2.17,-61.05,0.0,,8,,20260804
HMDCF,HUTCHMED (China) Limited,Healthcare,Drug Manufacturers - Specialty & Generic,PNK,2.16,2,1877193088,0.0013,2.16,2.94,0.0,-27.62,-36.68,-51.65,-40.41,0.0,25.0,3,3.81,2.16,-43.38,0.0,,8,,20260804
ZYME,Zymeworks Inc.,Healthcare,Biotechnology,NASDAQ,21.81,626209,1604647680,0.9729,24.17,24.0,-2.4304,-23.45,-13.27,52.45,10.47,0.0,19.5,4,29.75,11.51,-26.69,0.0,,8,,20260804
SNWGF,Snowline Gold Corp.,Basic Materials,Gold,OQB,9.78,219616,1722319104,0.4971,9.59,10.95,0.3755,-15.74,-32.09,23.07,-5.94,0.0,36.25,3,15.53,6.43,-37.03,0.0,,8,,20260804
TIC,"TIC Solutions, Inc.",Industrials,Specialty Business Services,NYSE,7.84,2133912,1732974080,0.3622,7.87,9.22,-0.0845,-21.83,-32.45,-50.5,-37.02,0.0,19.5,4,14.94,6.36,-47.54,0.0,,8,,20260804
NBHC,National Bank Holdings Corporation,Financial Services,Banks - Regional,NYSE,43.19,395569,1923584128,1.0406,43.4,40.14,-0.1994,-4.36,-0.91,-0.94,-1.78,0.0,75.75,3,47.28,35.06,-8.65,0.0,,8,,20260804
RMGGF,Resolute Mining Limited,Basic Materials,Gold,PNK,0.65,4888,1357260160,0.0222,0.74,0.83,-3.953,-32.79,-45.1,47.62,-4.93,0.0,0.0,4,1.22,0.39,-46.72,0.0,,8,,20260804
AGM,Federal Agricultural Mortgage Corporation,Financial Services,Credit Services,NYSE,237.96,134488,2582629888,7.4425,193.87,171.37,5.9241,31.97,33.24,21.91,28.39,0.0,92.5,2,248.27,136.57,-4.15,0.0,,8,,20260804
BOEUF,Bonesupport Holding AB (publ),Healthcare,Medical Instruments & Supplies,PNK,20.49,67,1341478272,0.0834,22.76,22.39,-27.2416,-20.67,-14.06,-60.52,-34.29,0.0,12.0,4,34.1,18.57,-39.93,0.0,,8,,20260804
ANIP,"ANI Pharmaceuticals, Inc.",Healthcare,Drug Manufacturers - Specialty & Generic,NASDAQ,80.06,341020,1820133504,2.3931,81.08,81.2,-0.4246,-5.82,-12.26,5.18,-3.67,0.0,34.0,4,99.5,63.67,-19.54,0.0,,8,,20260804
VET,Vermilion Energy Inc.,Energy,Oil & Gas E&P,NYSE,11.55,1557125,1764840064,0.4816,10.49,10.21,2.2015,-17.14,11.3,21.74,8.37,0.0,65.0,2,14.82,7.0,-22.06,0.0,,8,,20260804
JBLU,JetBlue Airways Corporation,Industrials,Airlines,NASDAQ,6.23,30555348,2350654976,0.3711,5.44,5.0,2.1208,22.78,17.85,19.12,19.59,0.0,86.25,2,6.5,3.87,-4.15,0.0,,8,,20260804
ASTH,"Astrana Health, Inc.",Healthcare,Medical Care Facilities,NCM,35.91,604550,1780540416,2.0886,41.33,30.41,-2.5962,-2.48,47.84,29.31,27.84,0.0,60.0,3,51.6,18.08,-30.41,0.0,,8,,20260804
ELVR,Elevra Lithium Limited,Basic Materials,Other Industrial Metals & Mining,NCM,50.84,123362,986377536,3.2972,71.8,58.21,-6.3557,-52.76,4.76,103.14,29.73,0.0,10.0,4,102.8,15.54,-50.54,0.0,,8,,20260804
CLOV,"Clover Health Investments, Corp.",Healthcare,Healthcare Plans,NASDAQ,4.33,7384572,2280542976,0.251,4.53,2.99,-0.8027,54.37,83.23,28.63,54.17,0.0,72.0,3,5.59,1.58,-22.54,0.0,,8,,20260804
GRGCF,Georgia Capital PLC,Financial Services,Financial Conglomerates,PNK,54.6,781,1681961600,0.6403,55.92,45.8,-2.06,-2.35,8.52,66.92,29.16,0.0,67.0,3,60.0,29.36,-9.0,0.0,,8,,20260804
NUV,"Nuveen Municipal Value Fund, Inc.",Financial Services,Asset Management,NYSE,9.07,523732,1882402304,0.0691,9.1,8.96,-0.381,-5.2,-8.67,-10.38,-8.49,0.0,74.5,3,9.26,8.5,-2.05,0.0,,8,,20260804
IE,Ivanhoe Electric Inc.,Basic Materials,Copper,NYSE,9.7,2172667,1535428480,0.6238,10.38,13.62,-1.0936,-31.31,-53.32,-19.73,-34.38,0.0,11.25,4,21.55,7.86,-54.99,0.0,,8,,20260804
IRLTF,Bally's Intralot S.A.,Consumer Cyclical,Gambling,PNK,1.0,14,1846765056,0.0009,0.99,1.06,15.8365,-11.81,-15.8,-26.64,-19.14,0.0,37.0,3,1.1,1.0,-9.1,0.0,,8,,20260804
ASPHF,Ascentage Pharma Group International,Healthcare,Biotechnology,PNK,4.53,20,1691270400,0.009,4.7,7.65,-18.609,-50.8,-54.79,-41.28,-48.39,0.0,12.0,4,10.65,4.53,-57.46,0.0,,8,,20260804
GENB,"Generate Biomedicines, Inc.",Healthcare,Biotechnology,NASDAQ,14.34,815759,1838280192,0.9282,14.29,14.34,0.0506,3.64,2.32,2.32,2.65,0.0,86.25,3,18.18,11.0,-21.12,0.0,,8,,20260804
SION,"Sionna Therapeutics, Inc.",Healthcare,Biotechnology,NASDAQ,49.26,468470,2224104960,3.287,41.86,39.92,2.2522,20.42,6.49,172.72,76.46,0.0,90.0,2,51.56,16.48,-4.47,0.0,,8,,20260804
TY,Tri-Continental Corporation,Financial Services,Asset Management,NYSE,35.16,32967,1871685760,0.7621,34.7,32.91,0.6007,-0.32,-0.89,-8.32,-3.72,0.0,88.75,2,36.05,30.53,-2.47,0.0,,8,,20260804
RBTEF,Robertet SA,Basic Materials,Chemicals,PNK,906.32,0,1901434368,1.7436,928.98,972.05,-12.998,-14.19,-17.29,-19.45,-17.38,0.0,24.0,4,1020.0,906.32,-11.15,0.0,,8,,20260804
AGRO,Adecoagro S.A.,Consumer Defensive,Farm Products,NYSE,9.48,875201,1368044160,0.4908,10.66,10.15,-2.4084,-36.61,-2.14,-17.14,-16.76,0.0,20.75,4,15.89,6.89,-40.34,0.0,,8,,20260804
SONO,"Sonos, Inc.",Technology,Consumer Electronics,NASDAQ,15.77,2095524,1865496064,0.9565,14.89,15.57,0.9203,0.86,-0.18,24.69,10.03,0.0,92.5,3,19.82,10.11,-20.43,0.0,,8,,20260804
WTSHF,Westshore Terminals Investment Corporation,Industrials,Marine Shipping,PNK,28.69,2370,1866682368,0.4196,28.71,23.21,-0.0574,7.79,26.06,24.43,20.84,0.0,65.75,3,30.82,17.45,-6.91,0.0,,8,,20260804
LDGYY,Landis+Gyr Group AG,Industrials,Electrical Equipment & Parts,PNK,13.85,51,1575107968,0.1496,14.2,16.48,-2.3143,-23.05,-24.85,-34.2,-28.14,0.0,13.25,4,20.52,12.75,-32.5,0.0,,8,,20260804
BEPTF,Beach Energy Limited,Energy,Oil & Gas E&P,PNK,0.63,1401,1403020288,0.0085,0.68,0.77,-6.0042,-27.11,-29.73,-46.0,-35.58,0.0,1.25,4,0.95,0.59,-33.58,0.0,,8,,20260804
LGYRF,Landis+Gyr Group AG,Industrials,Electrical Equipment & Parts,PNK,52.1,48,1481283712,0.2425,57.46,67.04,-22.0899,-18.82,-35.64,-32.72,-30.27,0.0,0.0,4,79.8,51.29,-34.71,0.0,,8,,20260804
ARCO,Arcos Dorados Holdings Inc.,Consumer Cyclical,Restaurants,NYSE,8.29,1330130,1746396672,0.2269,8.37,7.96,-0.3321,-10.21,-7.0,7.77,-1.9,0.0,48.25,3,9.75,6.54,-14.97,0.0,,8,,20260804
BLRDF,Billerud AB (publ),Basic Materials,Paper & Paper Products,PNK,7.93,102,1973473536,0.1067,6.78,6.48,10.8256,31.3,7.29,-24.54,0.56,0.0,75.0,2,9.41,6.23,-15.67,0.0,,8,,20260804
ILPMY,Permanent TSB Group Holdings plc,Financial Services,Banks - Regional,PNK,3.36,863,2003796864,0.0122,3.28,3.58,6.4268,-17.39,-14.35,16.38,-2.82,0.0,39.5,3,4.18,2.44,-19.62,0.0,,8,,20260804
PDFS,"PDF Solutions, Inc.",Technology,Software - Application,NASDAQ,48.0,813335,2009650560,4.1799,55.23,38.86,-1.7297,2.34,40.63,94.73,52.7,0.0,60.0,3,71.69,18.12,-33.05,0.0,,8,,20260804
