ticker,name,sector,industry,exchange,close,avg_volume_50d,market_cap,atr14,sma50,sma200,atr_extension,rs_3m,rs_6m,rs_12m,rs_score,rs_percentile,trend_strength,stage,52w_high,52w_low,pct_from_52w_high,rts_composite,rts_grade,rts_grade_rank,colour_band,run_date
RDEIY,"Redeia Corporación, S.A.",Utilities,Utilities - Regulated Electric,PNK,8.26,79941,8914124800,0.1144,8.68,8.49,-3.6816,-7.32,-18.03,-26.48,-18.73,0.0,34.0,4,11.04,8.08,-25.18,0.0,,8,,20261003
NXSNF,"NextVision Stabilized Systems, Ltd.",Industrials,Security & Protection Services,PNK,76.5,209,7079681536,0.8268,74.43,88.58,2.5028,-6.67,-35.8,52.46,6.78,0.0,26.25,3,123.19,44.0,-37.9,0.0,,8,,20261003
EVKIY,Evonik Industries AG,Basic Materials,Specialty Chemicals,PNK,11.44,21569,11370399744,0.5113,10.5,9.09,1.8567,22.86,10.24,22.5,18.3,0.0,87.5,2,12.2,7.24,-6.19,0.0,,8,,20261003
BZZUF,Buzzi S.p.A.,Basic Materials,Building Materials,PNK,45.0,275,7943024128,0.0998,46.97,52.58,-19.766,-17.93,-32.75,-38.06,-31.17,0.0,12.0,4,63.8,44.91,-29.47,0.0,,8,,20261003
UHAL,U-Haul Holding Company,Industrials,Rental & Leasing Services,NYSE,61.89,158030,12099136512,1.3621,68.04,57.98,-4.5161,-9.98,12.93,-7.76,-1.08,0.0,35.0,3,76.45,41.95,-19.05,0.0,,8,,20261003
QABSY,Qantas Airways Limited,Industrials,Airlines,PNK,30.64,30287,9272884224,0.8838,33.25,32.72,-2.953,-17.54,-12.25,-27.48,-19.66,0.0,18.25,4,39.21,28.15,-21.86,0.0,,8,,20261003
DAR,Darling Ingredients Inc.,Consumer Defensive,Packaged Foods,NYSE,62.94,2368855,9932114944,2.4358,63.47,56.21,-0.2164,6.03,-20.59,84.39,28.05,0.0,74.5,3,69.98,29.15,-10.06,0.0,,8,,20261003
LINE,"Lineage, Inc.",Real Estate,REIT - Industrial,NASDAQ,34.34,942152,8610681856,1.0279,38.88,37.63,-4.4145,-22.52,-10.79,-24.25,-19.11,0.0,20.75,4,45.75,31.33,-24.94,0.0,,8,,20261003
ASMVF,ASMPT Limited,Technology,Semiconductor Equipment & Materials,PNK,20.62,45,8647340032,0.0726,20.34,16.25,3.8775,-5.46,70.93,135.6,77.7,0.0,50.0,2,22.6,9.05,-8.77,0.0,,8,,20261003
CCOEF,"Capcom Co., Ltd.",Communication Services,Electronic Gaming & Multimedia,PNK,26.95,71,11273422848,0.1399,24.79,22.32,15.4577,45.67,10.23,-13.88,9.45,0.0,75.0,2,30.05,16.45,-10.32,0.0,,8,,20261003
LZRFY,Localiza Rent a Car S.A.,Industrials,Rental & Leasing Services,OQX,8.08,47668,8925288448,0.702,7.19,8.35,1.2704,2.93,-34.43,-10.91,-15.68,0.0,78.25,3,11.76,6.1,-31.29,0.0,,8,,20261003
SIMO,Silicon Motion Technology Corporation,Technology,Semiconductors,NASDAQ,280.5,940365,9511260160,15.3298,256.19,200.96,1.5855,-14.55,129.33,175.87,111.98,0.0,65.0,2,355.0,79.76,-20.99,0.0,,8,,20261003
RIOT,"Riot Platforms, Inc.",Financial Services,Capital Markets,NCM,19.73,18488503,7403858944,1.5185,20.92,19.34,-0.785,-16.43,35.47,-12.15,3.45,0.0,36.25,3,30.32,11.5,-34.93,0.0,,8,,20261003
ACM,AECOM,Industrials,Engineering & Construction,NYSE,59.66,1939495,7678028800,2.1237,65.9,79.51,-2.9362,-16.99,-47.21,-70.12,-48.82,0.0,10.0,4,135.52,58.08,-55.98,0.0,,8,,20261003
REGMF,"RemeGen Co., Ltd.",Healthcare,Biotechnology,PNK,9.96,47,5613538304,0.0793,11.16,11.0,-15.1312,-20.18,-26.22,80.92,18.15,0.0,12.0,4,12.85,5.06,-22.49,0.0,,8,,20261003
ONBPP,Old National Bancorp,Financial Services,Banks - Regional,NASDAQ,24.81,7034,0,0.1802,24.84,24.37,-0.1535,-1.62,-14.75,-11.62,-10.21,0.0,74.5,3,25.5,24.41,-2.71,0.0,,8,,20261003
ONB,Old National Bancorp,Financial Services,Banks - Regional,NASDAQ,24.96,4234047,9548946432,0.5146,25.85,24.18,-1.738,-7.8,-4.2,0.91,-3.06,0.0,45.75,3,27.36,19.39,-8.77,0.0,,8,,20261003
ONBPO,Old National Bancorp,Financial Services,Banks - Regional,NASDAQ,24.81,5692,0,0.2328,24.84,24.38,-0.1489,-1.36,-14.67,-11.42,-10.04,0.0,67.0,3,25.45,24.5,-2.51,0.0,,8,,20261003
SCRPF,Sembcorp Industries Ltd,Utilities,Utilities - Diversified,PNK,4.95,363,8813050880,0.0191,4.57,4.68,19.8244,-5.17,-18.52,-2.24,-8.67,0.0,75.0,3,5.9,4.11,-16.1,0.0,,8,,20261003
ACLIF,Accelleron Industries AG,Industrials,Specialty Industrial Machinery,PNK,89.95,77,8459459584,0.6964,92.24,89.87,-3.2915,-13.06,-17.73,-11.69,-14.15,0.0,37.0,3,109.3,77.0,-17.7,0.0,,8,,20261003
SSB,SouthState Bank Corporation,Financial Services,Banks - Regional,NYSE,101.91,772126,9882675200,1.8954,105.73,98.76,-2.0155,-1.02,-8.09,-10.28,-7.2,0.0,69.5,3,112.2,84.48,-9.17,0.0,,8,,20261003
ALBKY,Alpha Bank S.A.,Financial Services,Banks - Regional,PNK,1.29,24236,11912271872,0.0381,1.26,1.09,0.7084,10.36,17.26,29.34,20.37,0.0,81.25,2,1.37,0.73,-5.84,0.0,,8,,20261003
JSAIY,J Sainsbury plc,Consumer Defensive,Grocery Stores,OQX,17.18,61201,9358843904,0.2843,18.32,17.71,-3.9979,-6.4,-21.89,-13.56,-14.69,0.0,23.25,4,19.9,15.87,-13.67,0.0,,8,,20261003
TX,Ternium S.A.,Basic Materials,Steel,NYSE,56.61,593131,0,1.4427,54.51,45.25,1.4557,30.72,28.39,48.42,36.99,0.0,86.25,2,58.73,33.01,-3.61,0.0,,8,,20261003
MDDNF,Meridian Energy Limited,Utilities,Utilities - Renewable,PNK,3.03,213,8012007936,0.0157,3.04,3.06,-1.2139,-8.0,-4.59,-20.69,-11.88,0.0,24.0,4,3.62,2.84,-16.44,0.0,,8,,20261003
NCLTY,"Nitori Holdings Co., Ltd.",Consumer Cyclical,"Furnishings, Fixtures & Appliances",PNK,9.76,146090,11029924864,0.5262,9.43,8.54,0.6215,31.55,8.97,-10.87,6.68,0.0,87.5,2,11.56,6.9,-15.57,0.0,,8,,20261003
AXTI,"AXT, Inc.",Technology,Semiconductor Equipment & Materials,NASDAQ,85.87,9995953,5630771712,7.0944,68.23,60.33,2.4862,32.49,44.56,1632.5,676.72,0.0,90.0,2,143.16,4.0,-40.02,0.0,,8,,20261003
EQUEY,Equatorial S.A.,Utilities,Utilities - Regulated Electric,PNK,7.64,411,9598121984,0.048,7.44,7.71,4.2683,-1.37,-20.62,-4.85,-9.5,0.0,65.75,3,9.59,6.3,-20.33,0.0,,8,,20261003
CNM,"Core & Main, Inc.",Industrials,Industrial Distribution,NYSE,41.35,2223042,7626738688,1.1828,43.65,49.2,-1.9477,-12.77,-36.79,-37.77,-31.18,0.0,10.0,4,59.66,40.03,-30.69,0.0,,8,,20261003
ACDSF,CapitaLand Ascendas REIT,Real Estate,REIT - Industrial,PNK,1.74,35749,8691673088,0.0132,1.84,1.96,-7.4981,-12.07,-25.39,-37.65,-26.97,0.0,1.25,4,2.32,1.72,-25.0,0.0,,8,,20261003
HDALF,Haidilao International Holding Ltd.,Consumer Cyclical,Restaurants,PNK,1.15,16900,6684596224,0.0331,1.42,1.72,-8.1612,-26.03,-56.45,-38.68,-41.74,0.0,6.25,4,2.41,1.11,-52.28,0.0,,8,,20261003
ALV,"Autoliv, Inc.",Consumer Cyclical,Auto Parts,NYSE,111.85,667831,8191582720,2.7495,119.74,117.56,-2.8689,-8.69,-10.15,-24.3,-15.45,0.0,20.75,4,132.17,99.16,-15.37,0.0,,8,,20261003
CEF,Sprott Physical Gold and Silver Trust,Unknown,Unknown,NYSE,41.48,590177,7274188288,0.9975,43.69,46.78,-2.2174,-3.8,-29.79,-4.06,-13.0,0.0,30.0,3,61.38,36.16,-32.42,0.0,,8,,20261003
AGX,"Argan, Inc.",Industrials,Engineering & Construction,NYSE,383.83,357744,5385074176,20.4176,469.6,516.09,-4.2006,-49.73,-51.1,21.54,-21.7,0.0,11.25,4,805.75,255.6,-52.36,0.0,,8,,20261003
AAL,American Airlines Group Inc.,Industrials,Airlines,NASDAQ,12.94,81363350,8565890560,0.4726,14.02,13.85,-2.2912,-29.8,1.42,-1.56,-7.58,0.0,20.75,4,18.79,10.09,-31.13,0.0,,8,,20261003
GMWKF,Games Workshop Group PLC,Consumer Cyclical,Leisure,PNK,230.0,249,7600435200,12.0953,251.87,252.65,-1.8083,-19.95,-15.76,1.0,-10.1,0.0,23.25,4,300.0,185.0,-23.33,0.0,,8,,20261003
SMNNY,Shimano Inc.,Consumer Cyclical,Leisure,PNK,11.09,59692,9351816192,0.3618,12.07,11.0,-2.714,-1.42,-13.12,-18.58,-12.38,0.0,61.25,3,13.15,9.36,-15.67,0.0,,8,,20261003
IFUUF,Infratil Limited,Industrials,Conglomerates,PNK,7.85,95,7844602368,0.115,8.84,7.79,-8.6347,-17.14,-2.51,33.28,8.15,0.0,25.0,3,9.65,5.4,-18.65,0.0,,8,,20261003
SSAAF,SSAB AB (publ),Basic Materials,Steel,PNK,9.33,0,9298442240,0.0005,9.33,8.67,0.0,-2.7,-0.15,42.24,16.17,0.0,62.0,3,9.99,5.88,-6.61,0.0,,8,,20261003
ZIONP,"Zions Bancorporation, National Association",Financial Services,Banks - Regional,NASDAQ,17.68,4691,0,0.3722,17.91,18.47,-0.6201,-5.33,-24.01,-31.2,-22.22,0.0,37.75,4,22.27,16.72,-20.62,0.0,,8,,20261003
ZION,"Zions Bancorporation, National Association",Financial Services,Banks - Regional,NASDAQ,63.17,1533139,9219873792,1.3791,67.73,62.74,-3.3098,-12.62,-7.72,-1.12,-6.3,0.0,33.75,3,73.34,46.19,-13.87,0.0,,8,,20261003
PSO,Pearson plc,Communication Services,Publishing,NYSE,16.12,717398,9689233408,0.2503,16.25,14.57,-0.503,-4.57,3.99,-0.01,0.25,0.0,50.75,3,17.75,12.02,-9.18,0.0,,8,,20261003
NRKBF,NKT A/S,Industrials,Electrical Equipment & Parts,PNK,138.1,7,7381507584,0.5602,152.68,136.61,-26.0298,-15.59,-7.94,20.81,1.65,0.0,25.0,3,158.3,101.0,-12.76,0.0,,8,,20261003
GWKSY,Games Workshop Group PLC,Consumer Cyclical,Leisure,PNK,26.43,1129,8733891584,0.6078,26.16,26.23,0.4521,-11.84,-12.66,20.19,0.69,0.0,52.5,3,32.01,20.0,-17.43,0.0,,8,,20261003
AOMFF,Alstom SA,Industrials,Railroads,PNK,17.0,522,7864472576,0.2005,18.3,23.44,-6.4747,-10.21,-57.04,-48.87,-42.06,0.0,5.0,4,35.21,16.6,-51.72,0.0,,8,,20261003
ALSN,"Allison Transmission Holdings, Inc.",Consumer Cyclical,Auto Parts,NYSE,117.97,828455,9741731840,3.828,122.09,117.09,-1.0768,-1.3,-16.69,22.41,2.8,0.0,70.75,3,137.62,76.01,-14.28,0.0,,8,,20261003
ZLIOY,"Zoomlion Heavy Industry Science and Technology Co., Ltd.",Industrials,Farm & Heavy Construction Machinery,PNK,6.7,184,8602750976,0.1937,8.57,9.74,-9.6433,-33.63,-57.85,-42.62,-45.71,0.0,1.25,4,14.92,6.7,-55.09,0.0,,8,,20261003
ASR,"Grupo Aeroportuario del Sureste, S. A. B. de C. V.",Industrials,Airports & Air Services,NYSE,234.41,63674,0,6.6196,257.95,302.53,-3.5565,-26.81,-49.17,-40.26,-40.02,0.0,6.25,4,381.52,226.34,-38.56,0.0,,8,,20261003
CUBE,CubeSmart,Real Estate,REIT - Industrial,NYSE,37.52,2318379,8492913152,0.7435,39.64,38.21,-2.8525,-8.1,-14.24,-18.26,-14.31,0.0,23.25,4,43.26,35.09,-13.27,0.0,,8,,20261003
ADC,Agree Realty Corporation,Real Estate,REIT - Retail,NYSE,65.88,1441688,8217009664,1.1277,72.32,73.7,-5.7097,-16.38,-30.08,-20.51,-22.83,0.0,6.25,4,82.08,65.0,-19.74,0.0,,8,,20261003
ALSMY,Alstom SA,Industrials,Railroads,PNK,1.64,1331912,7586902528,0.0465,1.78,2.3,-3.0214,-11.59,-58.31,-53.3,-44.63,0.0,5.0,4,3.51,1.6,-53.28,0.0,,8,,20261003
CIFR,Cipher Digital Inc.,Technology,Information Technology Services,NASDAQ,15.71,32783761,6520132608,1.4003,17.58,18.32,-1.3388,-30.4,4.59,8.3,-2.67,0.0,11.25,4,30.14,11.72,-47.88,0.0,,8,,20261003
LKNCY,Luckin Coffee Inc.,Consumer Cyclical,Restaurants,OID,32.91,1274141,9421760512,1.2787,34.57,33.62,-1.2984,2.75,-12.5,-31.01,-16.09,0.0,59.0,4,43.64,27.22,-24.59,0.0,,8,,20261003
FROG,JFrog Ltd.,Technology,Software - Application,NASDAQ,95.5,2059065,11775275008,5.2026,89.74,68.4,1.1073,-5.35,70.75,86.81,58.15,0.0,88.75,2,105.76,34.05,-9.7,0.0,,8,,20261003
UZAPF,Flughafen Zürich AG,Industrials,Airports & Air Services,PNK,241.5,73,7453771776,6.9077,270.17,295.66,-4.1502,-27.37,-41.35,-34.44,-35.09,0.0,8.75,4,351.79,230.25,-31.35,0.0,,8,,20261003
LLYVK,"Liberty Live Holdings, Inc.",Communication Services,Entertainment,NASDAQ,97.87,296174,9004566528,2.6628,101.7,95.99,-1.4397,-10.58,-17.05,-12.83,-13.74,0.0,47.0,3,109.75,76.94,-10.82,0.0,,8,,20261003
LLYVA,"Liberty Live Holdings, Inc.",Communication Services,Entertainment,NASDAQ,95.72,151636,8806754304,2.631,98.23,93.19,-0.9533,-9.27,-16.7,-11.94,-12.94,0.0,44.5,3,106.06,74.38,-9.74,0.0,,8,,20261003
KIKOF,Kikkoman Corporation,Consumer Defensive,Packaged Foods,PNK,10.2,0,9462942720,0.0043,10.14,9.28,13.8225,-2.07,-1.31,6.55,1.65,0.0,75.0,2,10.2,8.27,-0.0,0.0,,8,,20261003
SAIL,"SailPoint, Inc.",Technology,Software - Infrastructure,NASDAQ,20.43,4218769,11663724544,1.1612,18.89,16.06,1.3297,26.2,39.33,-26.74,9.62,0.0,88.75,2,24.0,10.3,-14.87,0.0,,8,,20261003
SEOAY,Stora Enso Oyj,Consumer Cyclical,Packaging & Containers,OQX,11.37,46541,8895633408,0.2525,11.47,11.6,-0.4015,5.61,-19.72,-13.17,-10.77,0.0,66.5,3,14.41,9.92,-21.1,0.0,,8,,20261003
CRPAY,"Corporación Acciona Energías Renovables, S.A.",Utilities,Utilities - Renewable,PNK,12.33,31,8003388928,0.0023,12.33,12.78,1.8838,-6.73,-19.12,-27.13,-19.23,0.0,37.0,3,16.51,12.0,-25.32,0.0,,8,,20261003
ICLR,ICON Public Limited Company,Healthcare,Diagnostics & Research,NASDAQ,162.05,807477,12502839296,6.4774,167.31,146.44,-0.8127,-7.9,23.96,-32.12,-6.43,0.0,50.75,3,203.91,66.57,-20.53,0.0,,8,,20261003
INPOY,InPost S.A.,Industrials,Integrated Freight & Logistics,PNK,8.66,4291,8654622720,0.2083,8.85,8.51,-0.9114,-5.58,-17.35,25.52,2.74,0.0,72.0,3,9.19,5.28,-5.81,0.0,,8,,20261003
FLS,Flowserve Corporation,Industrials,Specialty Industrial Machinery,NYSE,74.37,1701130,9453378560,2.2684,76.46,75.91,-0.9229,-2.86,-18.53,26.31,3.32,0.0,59.0,3,92.41,48.71,-19.52,0.0,,8,,20261003
SARO,"StandardAero, Inc.",Industrials,Aerospace & Defense,NYSE,21.05,3561546,6965853696,0.7293,25.5,27.46,-6.1073,-34.62,-37.79,-39.7,-37.76,0.0,3.75,4,34.48,20.79,-38.95,0.0,,8,,20261003
IMIUY,IMI plc,Industrials,Specialty Industrial Machinery,PNK,41.24,7052,9684161536,1.084,41.16,41.24,0.074,2.43,3.18,3.18,2.99,0.0,90.0,3,43.62,34.07,-5.46,0.0,,8,,20261003
SNEX,StoneX Group Inc.,Financial Services,Capital Markets,NASDAQ,65.81,976246,7937786880,2.6012,68.94,64.44,-1.2046,-21.97,-0.93,29.99,6.18,0.0,48.25,3,94.66,36.45,-30.48,0.0,,8,,20261003
MXL,"MaxLinear, Inc.",Technology,Semiconductors,NASDAQ,105.93,3063339,9607130112,6.9909,72.65,53.61,4.7609,8.01,471.21,531.11,379.37,0.0,68.75,2,128.3,12.77,-17.44,0.0,,8,,20261003
SHZHY,Shenzhou International Group Holdings Limited,Consumer Cyclical,Textile Manufacturing,PNK,4.27,14160,6419104256,0.1706,4.85,6.04,-3.4104,-23.58,-43.22,-58.73,-44.51,0.0,8.75,4,9.4,4.27,-54.57,0.0,,8,,20261003
BVN,Compañía de Minas Buenaventura S.A.A.,Basic Materials,Other Precious Metals & Mining,NYSE,31.39,1046184,7972647424,1.3333,33.43,33.45,-1.5305,2.07,-29.23,15.49,-3.52,0.0,47.0,3,44.67,21.0,-29.73,0.0,,8,,20261003
KT,KT Corporation,Communication Services,Telecom Services,NYSE,18.94,1428380,9020433408,0.3653,19.13,19.98,-0.5113,4.67,-29.86,-20.53,-17.49,0.0,60.25,3,24.58,17.13,-22.95,0.0,,8,,20261003
W,Wayfair Inc.,Consumer Cyclical,Internet Retail,NYSE,101.25,2905936,13868016640,4.916,100.42,88.25,0.1692,5.96,21.5,0.79,9.33,0.0,83.75,2,119.98,55.6,-15.61,0.0,,8,,20261003
FLGZY,Flughafen Zürich AG,Industrials,Airports & Air Services,PNK,9.45,465,7252392960,0.1202,10.75,11.72,-10.8389,-25.87,-40.12,-35.4,-34.67,0.0,2.5,4,13.66,9.45,-30.82,0.0,,8,,20261003
ADRZY,Andritz AG,Industrials,Specialty Industrial Machinery,PNK,18.8,703,9211886592,0.2489,19.23,17.2,-1.712,5.88,8.82,23.63,14.01,0.0,63.25,3,20.45,13.59,-8.05,0.0,,8,,20261003
WIGBY,WiseTech Global Limited,Technology,Software - Application,PNK,21.65,196,7280960512,0.232,24.82,30.68,-13.6488,-13.08,-39.61,-79.39,-48.89,0.0,25.0,4,59.66,20.0,-63.71,0.0,,8,,20261003
KRYS,"Krystal Biotech, Inc.",Healthcare,Biotechnology,NASDAQ,322.28,374619,9539112960,10.5463,342.43,301.37,-1.9103,-16.68,5.55,63.05,22.99,0.0,30.0,3,382.54,179.16,-15.75,0.0,,8,,20261003
GGB,Gerdau S.A.,Basic Materials,Steel,NYSE,5.01,12758030,9828629504,0.1627,4.81,4.29,1.2068,16.99,17.02,46.43,28.78,0.0,88.75,2,5.18,3.13,-3.28,0.0,,8,,20261003
FRHC,Freedom Holdings Corp.,Financial Services,Financial Conglomerates,NCM,173.0,119668,11035266048,6.5913,162.11,144.46,1.6524,12.44,-3.86,-12.36,-3.18,0.0,86.25,2,178.0,107.97,-2.81,0.0,,8,,20261003
SPHXF,"SM Prime Holdings, Inc.",Real Estate,Real Estate - Diversified,PNK,0.27,50,7601072640,0.0002,0.27,0.09,-39.8211,-12.7,-362.47,-307.12,-252.89,0.0,37.0,3,0.43,0.27,-38.05,0.0,,8,,20261003
LGN,Legence Corp.,Industrials,Engineering & Construction,NASDAQ,53.61,1149282,8807315456,2.8294,58.27,63.38,-1.6453,-33.77,-26.59,52.95,3.43,0.0,8.75,4,107.24,29.32,-50.01,0.0,,8,,20261003
TTC,The Toro Company,Industrials,Tools & Accessories,NYSE,98.64,725346,9337594880,2.1877,96.27,93.09,1.0837,-1.07,-11.07,15.92,2.23,0.0,90.0,2,105.19,67.64,-6.23,0.0,,8,,20261003
RGTI,"Rigetti Computing, Inc.",Technology,Computer Hardware,NCM,15.25,18714736,5089973248,0.9196,16.14,18.33,-0.9697,-17.79,-10.48,-65.29,-34.23,0.0,8.75,4,58.15,12.53,-73.77,0.0,,8,,20261003
DDS,"Dillard's, Inc.",Consumer Cyclical,Department Stores,NYSE,654.11,163079,10216839168,22.7652,627.28,603.55,1.1788,23.98,-3.55,-7.68,1.68,0.0,87.5,2,741.98,503.06,-11.84,0.0,,8,,20261003
GZPZY,Gaztransport & Technigaz SA,Energy,Oil & Gas Equipment & Services,PNK,48.73,626,9034228736,0.6771,48.31,44.49,0.6165,16.02,-6.66,20.48,9.87,0.0,76.25,2,53.67,36.36,-9.2,0.0,,8,,20261003
NCLTF,"Nitori Holdings Co., Ltd.",Consumer Cyclical,"Furnishings, Fixtures & Appliances",PNK,17.7,74,10300999680,0.1077,16.43,16.13,11.7969,12.23,-6.33,-12.24,-4.05,0.0,75.0,2,20.98,13.25,-15.65,0.0,,8,,20261003
CFR,"Cullen/Frost Bankers, Inc.",Financial Services,Banks - Regional,NYSE,155.04,551226,9635547136,2.9821,161.9,144.88,-2.3001,-2.84,-4.49,10.51,1.92,0.0,72.0,3,170.8,119.0,-9.23,0.0,,8,,20261003
GZPZF,Gaztransport & Technigaz SA,Energy,Oil & Gas Equipment & Services,PNK,241.99,44,8972678144,0.6205,235.86,220.24,9.876,6.94,0.36,47.81,20.99,0.0,75.0,2,246.86,147.38,-1.97,0.0,,8,,20261003
INPOF,InPost S.A.,Industrials,Integrated Freight & Logistics,PNK,17.92,12,8958573568,0.0059,17.69,17.08,39.7798,-0.26,-17.74,30.37,5.87,0.0,75.0,2,18.02,9.99,-0.55,0.0,,8,,20261003
STN,Stantec Inc.,Industrials,Engineering & Construction,NYSE,67.45,385023,7581359616,1.6235,71.54,81.92,-2.5171,-7.04,-40.05,-54.06,-37.4,0.0,32.5,4,114.52,66.26,-41.1,0.0,,8,,20261003
PRI,"Primerica, Inc.",Financial Services,Insurance - Life,NYSE,275.42,184582,8476698112,5.3392,297.98,275.0,-4.2245,-10.27,-8.54,-15.16,-11.62,0.0,33.75,3,327.28,230.09,-15.85,0.0,,8,,20261003
SHMDF,Shimano Inc.,Consumer Cyclical,Leisure,PNK,116.76,61,9645272064,1.7596,118.74,107.51,-1.1265,7.45,-2.89,-6.93,-1.92,0.0,64.5,3,130.0,94.15,-10.18,0.0,,8,,20261003
AYI,Acuity Inc.,Industrials,Electrical Equipment & Parts,NYSE,308.76,298115,9242900480,10.5433,330.36,313.9,-2.0485,-15.48,-1.46,-31.12,-16.83,0.0,23.25,4,380.17,257.04,-18.78,0.0,,8,,20261003
AVAV,"AeroVironment, Inc.",Industrials,Aerospace & Defense,NASDAQ,140.82,1668206,7156572160,7.9055,158.1,201.24,-2.1857,-23.07,-41.56,-75.69,-50.59,0.0,10.0,4,417.86,135.2,-66.3,0.0,,8,,20261003
ELPC,Companhia Paranaense de Energia,Utilities,Utilities - Regulated Electric,NYSE,12.86,467566,9547297792,0.3076,11.76,11.34,3.5901,8.07,-12.51,29.3,9.36,0.0,88.75,2,13.7,8.26,-6.11,0.0,,8,,20261003
XP,XP Inc.,Financial Services,Capital Markets,NASDAQ,21.5,6051528,10910023680,0.8105,18.3,18.07,3.943,28.4,-0.92,4.29,8.49,0.0,90.0,2,23.13,14.8,-7.05,0.0,,8,,20261003
YMM,Full Truck Alliance Co. Ltd.,Technology,Software - Application,NYSE,8.17,6563652,8544955904,0.1979,8.73,8.94,-2.8453,-7.54,-16.42,-51.91,-28.4,0.0,23.25,4,14.07,7.46,-41.93,0.0,,8,,20261003
ASGLY,AGC Inc.,Industrials,Conglomerates,PNK,7.03,4574,7667415552,0.301,7.26,7.57,-0.7761,-17.59,-16.36,-8.23,-13.41,0.0,40.25,4,10.69,6.05,-34.24,0.0,,8,,20261003
NIABY,NIBE Industrier AB (publ),Industrials,Building Products & Equipment,PNK,4.6,559,9273905152,0.0304,4.3,4.09,9.8162,19.83,0.59,1.86,5.91,0.0,75.0,2,5.0,3.33,-8.0,0.0,,8,,20261003
FR,"First Industrial Realty Trust, Inc.",Real Estate,REIT - Industrial,NYSE,59.46,1043150,8147148288,1.0084,62.14,60.42,-2.6619,-7.6,-14.95,1.59,-6.5,0.0,37.75,4,69.88,50.24,-14.91,0.0,,8,,20261003
KIKOY,Kikkoman Corporation,Consumer Defensive,Packaged Foods,PNK,21.5,61,9973198848,0.1404,22.11,19.65,-4.3699,3.34,-7.12,11.29,2.86,0.0,62.0,3,24.25,15.73,-11.34,0.0,,8,,20261003
WEGRY,Weir PLC,Industrials,Specialty Industrial Machinery,PNK,17.48,59676,9076036608,0.5874,18.35,18.96,-1.4746,0.43,-27.17,-21.62,-18.05,0.0,59.0,4,24.85,15.38,-29.66,0.0,,8,,20261003
XNGSF,ENN Energy Holdings Limited,Utilities,Utilities - Regulated Gas,PNK,6.51,382,9561951232,0.194,6.3,7.45,1.094,14.81,-40.72,-36.99,-25.35,0.0,51.25,3,9.78,4.88,-33.44,0.0,,8,,20261003
CRUS,"Cirrus Logic, Inc.",Technology,Semiconductors,NASDAQ,121.17,800603,6072744448,3.3855,119.99,139.81,0.349,-21.28,-35.59,-19.99,-25.77,0.0,40.0,3,180.42,106.26,-32.84,0.0,,8,,20261003
AKBLF,ALK-Abelló A/S,Healthcare,Biotechnology,PNK,31.2,18,6922627584,0.2694,35.77,35.51,-16.9723,-26.08,-17.67,-2.51,-13.71,0.0,0.0,4,40.65,28.95,-23.25,0.0,,8,,20261003
CHWY,"Chewy, Inc.",Consumer Cyclical,Internet Retail,NYSE,18.17,8391488,7303018496,0.9104,21.92,24.49,-4.1194,-17.35,-50.33,-70.43,-50.12,0.0,5.0,4,39.7,17.4,-54.23,0.0,,8,,20261003
RYAN,"Ryan Specialty Holdings, Inc.",Financial Services,Insurance Brokers,NYSE,37.67,1941290,9653651456,1.509,41.46,39.86,-2.5131,-11.01,-4.72,-46.34,-22.94,0.0,23.25,4,59.19,29.28,-36.35,0.0,,8,,20261003
HLTOY,Hellenic Telecommunications Organization S.A.,Communication Services,Telecom Services,PNK,10.8,4431,8878757888,0.2678,11.41,10.31,-2.2728,-5.75,-7.53,1.03,-3.66,0.0,60.0,3,11.9,8.96,-9.24,0.0,,8,,20261003
COLB,"Columbia Banking System, Inc.",Financial Services,Banks - Regional,NASDAQ,28.92,2886787,8181533696,0.6334,30.31,29.21,-2.1971,-11.9,-11.05,0.73,-6.55,0.0,34.0,4,33.68,23.83,-14.13,0.0,,8,,20261003
PSPSF,PSP Swiss Property AG,Real Estate,Real Estate Services,PNK,168.65,7,7900909056,1.1026,179.02,185.75,-9.4014,-9.46,-31.48,-15.37,-19.53,0.0,13.25,4,220.0,166.25,-23.34,0.0,,8,,20261003
BROS,Dutch Bros Inc.,Consumer Cyclical,Restaurants,NYSE,38.67,3900704,6782579712,1.5602,49.12,55.57,-6.697,-45.91,-41.15,-41.34,-42.41,0.0,8.75,4,74.02,37.4,-47.76,0.0,,8,,20261003
WAL,Western Alliance Bancorporation,Financial Services,Banks - Regional,NYSE,76.38,1049052,8333123584,2.0926,79.56,80.41,-1.5205,-9.64,-10.83,-25.73,-16.49,0.0,31.5,4,97.23,65.82,-21.44,0.0,,8,,20261003
MBLY,Mobileye Global Inc.,Consumer Cyclical,Auto Parts,NASDAQ,7.42,5904196,6308391936,0.3599,8.3,8.91,-2.4398,-28.5,-18.35,-64.05,-39.17,0.0,7.5,4,15.81,6.47,-53.07,0.0,,8,,20261003
NNN,"NNN REIT, Inc.",Real Estate,REIT - Retail,NYSE,40.95,1596273,7790663168,0.735,44.78,43.41,-5.2119,-14.38,-19.6,-15.61,-16.7,0.0,18.25,4,50.0,38.9,-18.1,0.0,,8,,20261003
MLSPF,Melrose Industries PLC,Industrials,Specialty Industrial Machinery,PNK,6.0,34980,7476585472,0.3711,6.62,7.15,-1.6797,-13.81,-36.32,-47.26,-35.07,0.0,41.25,4,9.6,5.79,-37.5,0.0,,8,,20261003
ALGM,"Allegro MicroSystems, Inc.",Technology,Semiconductors,NASDAQ,39.53,2359125,7368472576,1.8382,38.5,40.27,0.561,-32.81,3.31,22.71,2.04,0.0,50.75,3,71.77,22.41,-44.92,0.0,,8,,20261003
SALRY,SalMar ASA,Consumer Defensive,Farm Products,PNK,14.96,20982,8110603264,0.4585,14.4,14.23,1.2196,24.84,-14.78,-6.28,-1.47,0.0,87.5,2,16.17,11.29,-7.48,0.0,,8,,20261003
MTLHY,Mitsubishi Chemical Group Corporation,Basic Materials,Specialty Chemicals,PNK,38.14,79,10364070912,0.268,36.96,33.24,4.4077,5.62,11.74,10.63,9.76,0.0,76.25,2,39.05,26.51,-2.33,0.0,,8,,20261003
GAP,"The Gap, Inc.",Consumer Cyclical,Apparel Retail,NYSE,22.51,7179103,7907090944,0.8319,21.08,23.28,1.7185,14.59,-24.98,-9.21,-8.78,0.0,72.0,3,29.36,18.11,-23.33,0.0,,8,,20261003
TKHVY,Türk Hava Yollari Anonim Ortakligi,Industrials,Airlines,PNK,59.0,44,8096472064,0.8173,63.58,67.74,-5.6095,-20.59,-29.27,-38.23,-30.69,0.0,1.25,4,78.0,53.85,-24.36,0.0,,8,,20261003
YOKEF,Yokogawa Electric Corporation,Industrials,Specialty Industrial Machinery,PNK,36.29,16,9035553792,2.8358,-6.83,-4.04,15.2044,-508.79,-524.03,1753.62,390.84,0.0,83.25,3,36.29,19.1,0.0,0.0,,8,,20261003
DNOPY,Dino Polska S.A.,Consumer Defensive,Grocery Stores,PNK,8.57,76098,8705951744,0.3667,9.05,9.54,-1.2983,13.34,-23.2,-44.32,-22.51,0.0,40.0,4,12.79,7.16,-32.96,0.0,,8,,20261003
PRMB,Primo Brands Corporation,Consumer Defensive,Beverages - Non-Alcoholic,NYSE,19.51,3903073,7061521920,0.7086,22.04,20.96,-3.569,-25.12,-12.66,-25.32,-20.84,0.0,23.25,4,26.21,14.36,-25.56,0.0,,8,,20261003
MSGS,Madison Square Garden Sports Corp.,Communication Services,Entertainment,NYSE,406.95,237777,9799331840,11.2559,397.81,345.26,0.8124,2.67,7.46,60.72,27.56,0.0,86.25,2,438.93,207.9,-7.29,0.0,,8,,20261003
NEMKY,Nemetschek SE,Technology,Software - Application,PNK,14.92,574,8613880832,0.5815,15.25,16.08,-0.5703,3.72,-20.86,-55.23,-28.46,0.0,50.25,4,26.41,11.25,-43.52,0.0,,8,,20261003
KRMN,Karman Holdings Inc.,Industrials,Aerospace & Defense,NYSE,34.14,3467025,4524700672,2.5105,45.29,68.79,-4.4422,-38.72,-78.17,-69.91,-65.0,0.0,7.5,4,118.38,31.66,-71.16,0.0,,8,,20261003
SBYSF,Sibanye Stillwater Limited,Basic Materials,Other Precious Metals & Mining,PNK,2.53,153,7274563072,0.044,2.39,2.94,3.2525,16.41,-36.27,-20.79,-16.91,0.0,50.0,3,5.54,1.98,-54.33,0.0,,8,,20261003
ENS,EnerSys,Industrials,Electrical Equipment & Parts,NYSE,196.3,515395,7079603712,5.8019,185.07,189.09,1.9363,-10.52,-6.95,55.31,17.06,0.0,65.0,3,244.3,108.88,-19.65,0.0,,8,,20261003
IESFY,Interconexión Eléctrica S.A. E.S.P.,Utilities,Utilities - Regulated Electric,OQX,228.51,49,10376284160,6.1006,226.55,203.65,0.3214,-3.35,15.32,42.07,21.35,0.0,75.0,2,300.0,111.94,-23.83,0.0,,8,,20261003
EMN,Eastman Chemical Company,Basic Materials,Specialty Chemicals,NYSE,64.87,1128155,7416368640,1.6714,69.34,69.54,-2.6764,-7.35,-29.45,-6.45,-14.72,0.0,22.0,4,83.47,56.11,-22.28,0.0,,8,,20261003
LEVI,Levi Strauss & Co.,Consumer Cyclical,Apparel Manufacturing,NYSE,19.87,2556242,7646981120,0.5288,21.67,21.59,-3.4113,-21.66,-11.49,-32.81,-22.56,0.0,18.25,4,25.7,17.72,-22.68,0.0,,8,,20261003
CNRAF,Vicinity Centres,Real Estate,REIT - Retail,PNK,1.85,233,5897387520,0.0005,1.85,1.66,0.0,-0.21,6.21,4.53,3.94,0.0,75.0,3,1.9,1.26,-2.63,0.0,,8,,20261003
SNPTF,Sunny Optical Technology (Group) Company Limited,Technology,Electronic Components,PNK,8.69,88,9329209344,0.0398,7.75,7.85,23.4509,-12.23,16.11,-33.18,-10.69,0.0,75.0,3,11.62,6.61,-25.29,0.0,,8,,20261003
HSIC,"Henry Schein, Inc.",Healthcare,Medical Distribution,NASDAQ,84.88,1184406,9459581952,1.8002,87.71,80.26,-1.5735,-4.71,-3.15,13.01,2.92,0.0,69.5,3,92.18,61.95,-7.92,0.0,,8,,20261003
FDS,FactSet Research Systems Inc.,Financial Services,Financial Data & Stock Exchanges,NYSE,266.0,884825,9460434944,12.2329,282.05,247.32,-1.3123,3.17,-0.1,-21.95,-8.02,0.0,61.25,3,320.48,185.0,-17.0,0.0,,8,,20261003
KNTK,Kinetik Holdings Inc.,Energy,Oil & Gas Midstream,NYSE,52.53,1092503,8888069120,1.584,52.55,45.86,-0.0136,9.77,-1.62,21.99,10.67,0.0,72.0,3,56.92,31.33,-7.71,0.0,,8,,20261003
ENPH,"Enphase Energy, Inc.",Technology,Solar,NASDAQ,33.47,4455576,4422881280,1.7536,36.96,41.23,-1.9891,-27.57,-22.1,-25.95,-25.01,0.0,11.25,4,73.74,25.78,-54.61,0.0,,8,,20261003
SSL,Sasol Limited,Basic Materials,Specialty Chemicals,NYSE,13.94,1476446,8936065024,0.4301,12.62,10.94,3.0613,38.39,-5.8,108.1,50.81,0.0,88.75,2,15.18,5.24,-8.17,0.0,,8,,20261003
ARE,"Alexandria Real Estate Equities, Inc.",Real Estate,REIT - Office,NYSE,47.37,1887996,8152153088,1.7113,50.25,48.82,-1.682,-6.28,-5.26,-56.21,-25.9,0.0,45.75,3,85.37,39.41,-44.51,0.0,,8,,20261003
BRRLY,Barry Callebaut AG,Consumer Defensive,Confectioners,PNK,12.72,22625,6973995520,0.3972,13.65,15.31,-2.3443,-14.18,-43.69,-22.68,-27.91,0.0,11.25,4,19.72,12.33,-35.5,0.0,,8,,20261003
CMHHY,China Merchants Port Holdings Company Limited,Industrials,Marine Shipping,PNK,22.25,120,9340570624,0.1224,19.61,19.01,21.5921,33.14,4.96,3.99,11.61,0.0,75.0,2,22.25,16.45,0.0,0.0,,8,,20261003
WEIGF,Weir PLC,Industrials,Specialty Industrial Machinery,PNK,35.5,66,9351353344,0.1996,36.86,37.18,-6.8359,8.34,-16.2,-16.96,-10.37,0.0,49.0,3,48.94,30.55,-27.46,0.0,,8,,20261003
HESM,Hess Midstream LP,Energy,Oil & Gas Midstream,NYSE,37.75,1211314,7783233536,0.8439,39.55,37.1,-2.1361,-1.84,-16.66,2.17,-5.43,0.0,69.5,3,41.44,31.63,-8.9,0.0,,8,,20261003
CCOEY,"Capcom Co., Ltd.",Communication Services,Electronic Gaming & Multimedia,PNK,14.05,67644,11754478592,0.4168,13.21,11.23,2.0171,35.59,13.68,-15.3,7.56,0.0,92.5,2,14.79,8.63,-5.0,0.0,,8,,20261003
TYCMY,Tingyi (Cayman Islands) Holding Corp.,Consumer Defensive,Packaged Foods,PNK,29.32,13638,8264408064,1.2849,31.33,29.73,-1.5643,-0.14,-28.26,2.24,-9.03,0.0,52.0,3,36.6,23.63,-19.89,0.0,,8,,20261003
STJPF,St. James's Place plc,Financial Services,Asset Management,PNK,14.0,31,6896438272,0.0219,14.16,16.79,-7.124,-17.49,-37.63,-34.03,-31.15,0.0,12.0,4,21.03,14.0,-33.43,0.0,,8,,20261003
VFS,VinFast Auto Ltd.,Consumer Cyclical,Auto Manufacturers,NASDAQ,3.04,370923,7112189952,0.1078,3.13,3.38,-0.8421,-4.95,-50.99,-21.53,-27.69,0.0,42.0,4,5.29,2.78,-42.48,0.0,,8,,20261003
MTCH,"Match Group, Inc.",Communication Services,Internet Content & Information,NASDAQ,40.32,3221373,9405305856,1.2112,40.4,35.28,-0.0657,4.91,11.79,2.75,6.45,0.0,72.0,3,44.94,28.81,-10.27,0.0,,8,,20261003
SFOSF,"Shanghai Fosun Pharmaceutical (Group) Co., Ltd.",Healthcare,Drug Manufacturers - Specialty & Generic,PNK,2.45,122,9218591744,0.0299,2.18,2.42,8.9541,18.59,-27.21,-42.36,-21.82,0.0,75.0,3,3.31,1.93,-25.98,0.0,,8,,20261003
ICL,ICL Group Ltd,Basic Materials,Agricultural Inputs,NYSE,5.04,1185695,0,0.13,5.4,5.36,-2.744,-1.88,-19.99,-31.06,-19.89,0.0,43.25,3,6.97,4.76,-27.69,0.0,,8,,20261003
Z,"Zillow Group, Inc.",Communication Services,Internet Content & Information,NASDAQ,27.41,3796833,6163822592,1.3218,32.84,42.75,-4.1115,-19.54,-50.44,-79.08,-54.17,0.0,6.25,4,79.4,26.67,-65.48,0.0,,8,,20261003
ZG,"Zillow Group, Inc.",Communication Services,Internet Content & Information,NASDAQ,28.1,1112161,6317861888,1.3662,33.46,42.81,-3.9238,-17.42,-48.8,-76.9,-52.2,0.0,6.25,4,76.32,27.25,-63.18,0.0,,8,,20261003
TKR,The Timken Company,Industrials,Tools & Accessories,NYSE,122.44,919122,8484705280,3.1749,124.68,114.12,-0.7059,-16.46,6.56,48.85,17.72,0.0,48.25,3,146.37,70.57,-16.35,0.0,,8,,20261003
CMHHF,China Merchants Port Holdings Company Limited,Industrials,Marine Shipping,PNK,2.34,652,9823340544,0.0752,2.04,1.91,3.9265,25.1,4.47,13.16,13.11,0.0,77.5,2,2.34,1.35,-0.0,0.0,,8,,20261003
XNGSY,ENN Energy Holdings Limited,Utilities,Utilities - Regulated Gas,PNK,24.78,35971,6887940096,0.7903,24.55,28.52,0.2853,13.8,-38.26,-38.14,-25.2,0.0,66.25,3,39.4,20.55,-37.11,0.0,,8,,20261003
BYCBF,Barry Callebaut AG,Consumer Defensive,Confectioners,PNK,1340.81,19,7351260672,12.1249,1366.8,1527.48,-2.1436,-6.09,-34.2,-17.63,-20.54,0.0,12.0,4,1908.75,1261.6,-29.75,0.0,,8,,20261003
FNMA,Federal National Mortgage Association,Financial Services,Mortgage Finance,OQB,4.35,3440439,5037680640,0.331,5.67,7.12,-3.986,-32.2,-54.9,-80.4,-59.43,0.0,7.5,4,12.98,3.6,-66.49,0.0,,8,,20261003
FNMAH,Federal National Mortgage Association,Financial Services,Mortgage Finance,OQB,5.62,10022,32252280502,0.4287,7.05,9.08,-3.3261,-30.32,-57.97,-73.18,-57.14,0.0,10.0,4,13.69,5.17,-58.95,0.0,,8,,20261003
FNMAJ,Federal National Mortgage Association,Financial Services,Mortgage Finance,OQB,6.0,14234,34433040384,0.3085,7.64,9.69,-5.3012,-29.71,-57.59,-76.78,-58.29,0.0,10.0,4,15.52,6.0,-61.34,0.0,,8,,20261003
FNMAT,Federal National Mortgage Association,Financial Services,Mortgage Finance,OQB,6.32,89672,36269470189,0.327,8.05,10.06,-5.306,-30.52,-55.83,-75.66,-57.44,0.0,6.25,4,16.5,6.2,-61.7,0.0,,8,,20261003
FNMAI,Federal National Mortgage Association,Financial Services,Mortgage Finance,OQB,5.5,24465,31563620352,0.2247,7.41,9.49,-8.4996,-37.28,-62.19,-78.63,-62.54,0.0,1.25,4,15.34,5.5,-64.15,0.0,,8,,20261003
FNMFO,Federal National Mortgage Association,Financial Services,Mortgage Finance,OQB,25000.0,20,143471001600000,848.2486,31220.0,39217.5,-7.3328,-35.13,-58.42,-70.93,-57.6,0.0,0.0,4,55000.0,22500.0,-54.55,0.0,,8,,20261003
FNMAP,Federal National Mortgage Association,Financial Services,Mortgage Finance,OQB,8.6,8946,0,0.4783,11.6,14.85,-6.2818,-33.68,-60.54,-78.99,-61.2,0.0,5.0,4,24.5,8.6,-64.9,0.0,,8,,20261003
FNMFN,Federal National Mortgage Association,Financial Services,Mortgage Finance,OQB,12.08,5542,69325187535,0.4365,15.11,19.28,-6.933,-31.3,-57.06,-75.43,-57.97,0.0,13.75,4,30.05,12.32,-59.8,0.0,,8,,20261003
FNMAK,Federal National Mortgage Association,Financial Services,Mortgage Finance,OQB,10.5,328,60257820672,0.3117,13.72,16.99,-10.3164,-33.85,-56.18,-76.46,-58.71,0.0,1.25,4,26.7,10.5,-60.67,0.0,,8,,20261003
FNMAG,Federal National Mortgage Association,Financial Services,Mortgage Finance,OQB,10.58,617,60716927439,0.2606,13.8,17.46,-12.3583,-36.57,-59.17,-77.55,-60.87,0.0,0.0,4,27.98,10.5,-62.19,0.0,,8,,20261003
FNMFM,Federal National Mortgage Association,Financial Services,Mortgage Finance,OQB,11.25,1561,64561950720,0.209,12.78,16.4,-7.3161,-23.75,-40.36,-69.51,-47.87,0.0,2.5,4,26.5,10.75,-57.55,0.0,,8,,20261003
FNMAO,Federal National Mortgage Association,Financial Services,Mortgage Finance,OQB,9.55,1360,54805923705,0.3152,11.9,14.78,-7.4577,-29.18,-54.15,-74.38,-56.0,0.0,3.75,4,23.74,9.06,-59.77,0.0,,8,,20261003
FNMAL,Federal National Mortgage Association,Financial Services,Mortgage Finance,OQB,9.7,1219,55666747526,0.2455,12.24,15.68,-10.3568,-33.66,-56.56,-80.13,-60.26,0.0,5.0,4,27.01,9.7,-64.09,0.0,,8,,20261003
FNMAS,Federal National Mortgage Association,Financial Services,Mortgage Finance,OQB,7.51,637206,43098690194,0.3754,9.48,11.75,-5.2459,-31.17,-55.36,-71.54,-55.79,0.0,8.75,4,17.99,7.31,-58.25,0.0,,8,,20261003
FNMAN,Federal National Mortgage Association,Financial Services,Mortgage Finance,OQB,10.73,1312,61577751259,0.2407,13.61,17.19,-11.978,-34.48,-51.92,-73.89,-56.35,0.0,1.25,4,26.48,10.39,-59.48,0.0,,8,,20261003
FNMAM,Federal National Mortgage Association,Financial Services,Mortgage Finance,OQB,10.55,19144,60544763769,0.3829,13.67,17.32,-8.1463,-32.36,-56.75,-78.29,-59.27,0.0,5.0,4,28.5,10.55,-62.98,0.0,,8,,20261003
ASXFY,ASX Limited,Financial Services,Financial Data & Stock Exchanges,PNK,40.77,16582,8045943808,0.7973,39.67,37.44,1.3736,11.1,-4.73,-7.77,-1.99,0.0,86.25,2,45.74,32.12,-10.87,0.0,,8,,20261003
EDU,New Oriental Education & Technology Group Inc.,Consumer Defensive,Education & Training Services,NYSE,55.44,791931,8594839552,1.3996,55.96,53.79,-0.3681,11.56,-18.53,-11.05,-8.02,0.0,73.25,3,64.97,44.25,-14.67,0.0,,8,,20261003
LUNR,"Intuitive Machines, Inc.",Industrials,Aerospace & Defense,NASDAQ,14.71,8873290,2374384640,1.0459,15.28,20.22,-0.5402,-24.83,-56.63,22.26,-17.12,0.0,22.0,4,46.75,7.78,-68.53,0.0,,8,,20261003
NE,Noble Corporation plc,Energy,Oil & Gas Drilling,NYSE,40.7,1333698,6497438720,1.5187,43.76,42.3,-2.0119,7.24,-34.57,29.79,1.63,0.0,43.25,3,54.98,26.7,-25.97,0.0,,8,,20261003
TEM,"Tempus AI, Inc.",Healthcare,Health Information Services,NASDAQ,76.63,6470728,13826714624,5.0044,62.57,56.45,2.8096,23.55,43.75,-29.29,9.48,0.0,86.25,2,104.32,40.77,-26.54,0.0,,8,,20261003
RTLLF,RATIONAL Aktiengesellschaft,Industrials,Specialty Industrial Machinery,PNK,650.0,17,7474115584,4.1465,726.46,762.91,-18.4407,-14.15,-24.53,-33.69,-25.6,0.0,0.0,4,887.11,650.0,-26.73,0.0,,8,,20261003
SCVPY,The Siam Cement Public Company Limited,Industrials,Conglomerates,PNK,7.99,47,9593999360,0.047,7.99,6.65,0.0514,1.36,-0.23,51.16,20.72,0.0,50.0,2,8.56,4.9,-6.6,0.0,,8,,20261003
NDRBF,NIBE Industrier AB (publ),Industrials,Building Products & Equipment,PNK,4.53,361,9856812032,0.0187,4.3,4.04,12.152,24.41,-9.2,3.81,4.41,0.0,75.0,2,4.87,3.5,-7.08,0.0,,8,,20261003
CIADY,China Mengniu Dairy Company Limited,Consumer Defensive,Packaged Foods,PNK,22.3,8887,8738745344,0.3579,23.26,21.21,-2.6781,-2.25,-14.68,3.97,-4.11,0.0,73.25,3,24.81,17.81,-10.12,0.0,,8,,20261003
FRO,Frontline plc,Energy,Oil & Gas Midstream,NYSE,52.74,2711417,11741131776,1.744,42.5,32.97,5.8711,49.98,42.56,148.63,86.84,0.0,91.25,2,54.91,20.47,-3.95,0.0,,8,,20261003
EGO,Eldorado Gold Corporation,Basic Materials,Gold,NYSE,38.12,2785912,9942089728,1.8378,40.21,36.88,-1.1389,11.59,-11.08,13.78,4.53,0.0,57.5,3,51.16,24.44,-25.49,0.0,,8,,20261003
ALNPY,ANA Holdings Inc.,Industrials,Airlines,PNK,3.98,4930,8555630080,0.2388,3.94,3.84,0.1788,-0.52,-15.24,-16.76,-12.17,0.0,92.5,2,4.48,3.3,-11.05,0.0,,8,,20261003
IGGHY,IG Group Holdings plc,Financial Services,Capital Markets,PNK,13.24,136,4364359168,0.431,19.37,19.55,-14.2342,-49.21,-45.28,-20.76,-36.45,0.0,0.0,4,25.0,13.24,-47.04,0.0,,8,,20261003
CIBEY,Commercial International Bank Egypt (CIB) S.A.E.,Financial Services,Banks - Regional,OQX,2.32,9463,7654324736,0.0639,2.56,2.5,-3.7467,-14.49,-14.38,-0.38,-8.81,0.0,19.5,4,2.87,1.98,-19.16,0.0,,8,,20261003
PPRQF,Choice Properties Real Estate Investment Trust,Real Estate,REIT - Retail,PNK,10.32,11198,7510373888,0.063,11.02,11.05,-11.1632,-10.45,-23.55,-15.0,-16.85,0.0,12.0,4,11.81,10.23,-12.62,0.0,,8,,20261003
MANH,"Manhattan Associates, Inc.",Technology,Software - Application,NASDAQ,204.15,788184,11902668800,6.6442,202.76,161.21,0.2098,30.03,33.77,-14.09,13.69,0.0,83.75,2,227.03,119.06,-10.08,0.0,,8,,20261003
ORA,"Ormat Technologies, Inc.",Utilities,Utilities - Renewable,NYSE,92.86,854134,5710605824,3.2874,101.26,113.72,-2.5546,-20.62,-35.49,-23.43,-26.95,0.0,10.0,4,146.39,87.06,-36.57,0.0,,8,,20261003
NEXNY,Nexans S.A.,Industrials,Electrical Equipment & Parts,PNK,73.86,711,6443015168,0.9971,79.17,78.35,-5.3315,-9.6,-7.17,-14.64,-10.76,0.0,25.25,1,97.43,64.44,-24.2,0.0,,8,,20261003
FITGF,FIT Hon Teng Limited,Technology,Electronic Components,PNK,0.67,6148,4733796864,0.0206,0.67,0.81,-0.4692,-22.96,-46.41,-31.72,-34.67,0.0,18.25,4,1.4,0.54,-52.49,0.0,,8,,20261003
CPBLF,ALS Limited,Industrials,Consulting Services,PNK,15.5,7,8864528384,0.0066,15.68,15.43,-27.4328,-6.5,-7.23,25.17,5.91,0.0,37.0,3,18.19,10.95,-14.79,0.0,,8,,20261003
AGCO,AGCO Corporation,Industrials,Farm & Heavy Construction Machinery,NYSE,114.61,1006596,8026336256,4.1181,113.54,115.91,0.2586,-5.54,-17.37,-5.95,-9.84,0.0,70.75,3,143.78,98.22,-20.29,0.0,,8,,20261003
REXR,"Rexford Industrial Realty, Inc.",Real Estate,REIT - Industrial,NYSE,36.69,2690787,8388598272,0.7645,37.0,35.75,-0.4035,5.65,-4.42,-24.3,-9.85,0.0,74.5,3,44.38,32.14,-17.33,0.0,,8,,20261003
SFM,"Sprouts Farmers Market, Inc.",Consumer Defensive,Grocery Stores,NASDAQ,64.47,1955603,6011674624,2.8756,77.35,77.88,-4.4786,-28.23,-34.8,-56.22,-41.73,0.0,10.0,4,114.34,61.88,-43.62,0.0,,8,,20261003
ASGLF,AGC Inc.,Industrials,Conglomerates,PNK,38.35,0,8145301504,0.0567,38.35,-17.6,0.0,-2.83,-180.69,-85.95,-98.33,0.0,75.0,3,38.35,30.0,-0.0,0.0,,8,,20261003
VIRT,"Virtu Financial, Inc.",Financial Services,Capital Markets,NYSE,58.79,1276452,5191197184,2.4427,59.32,49.47,-0.2153,-8.99,10.33,59.57,25.2,0.0,45.75,3,68.76,31.55,-14.5,0.0,,8,,20261003
ACKDF,Auckland International Airport Limited,Industrials,Airports & Air Services,PNK,4.7,2361,7870855680,0.0939,5.07,4.98,-3.8996,-10.18,-18.58,-7.08,-11.88,0.0,14.5,4,5.59,4.3,-15.92,0.0,,8,,20261003
CDNTF,"Canadian Tire Corporation, Limited",Consumer Cyclical,Specialty Retail,PNK,155.7,3,8120205824,0.0487,155.57,165.7,2.6362,-18.75,-23.52,-30.93,-25.29,0.0,37.0,3,187.03,150.14,-16.75,0.0,,8,,20261003
CHOLF,China Oilfield Services Limited,Energy,Oil & Gas Equipment & Services,PNK,0.9,80,4294432768,0.0002,0.9,1.03,21.8071,-0.43,-42.95,-11.73,-19.83,0.0,50.0,3,1.23,0.86,-26.83,0.0,,8,,20261003
MTLHF,Mitsubishi Chemical Group Corporation,Basic Materials,Specialty Chemicals,PNK,6.26,0,8505386496,0.0061,6.17,6.22,15.3565,-1.04,-30.17,-3.37,-12.17,0.0,75.0,3,7.25,5.16,-13.66,0.0,,8,,20261003
NXDCF,NEXTDC Limited,Technology,Information Technology Services,PNK,7.04,3879,5353839104,0.2028,9.43,9.49,-11.7658,-34.15,-25.82,-53.56,-39.0,0.0,0.0,4,12.29,6.93,-42.72,0.0,,8,,20261003
SKPJF,SKY Perfect JSAT Corporation,Communication Services,Broadcasting,PNK,22.38,0,6343064576,1.4784,-0.19,-0.06,15.26,-1479.76,-4518.42,1809.62,-1227.54,0.0,62.0,3,28.0,7.0,-20.09,0.0,,8,,20261003
CHRD,Chord Energy Corporation,Energy,Oil & Gas E&P,NASDAQ,137.01,744076,7494155264,4.3679,141.05,123.81,-0.9245,21.17,-19.75,25.93,8.75,0.0,72.0,3,157.06,84.25,-12.77,0.0,,8,,20261003
HALO,"Halozyme Therapeutics, Inc.",Healthcare,Biotechnology,NASDAQ,109.86,2181687,12468890624,3.0666,102.93,78.33,2.2587,33.3,52.4,30.22,38.75,0.0,85.0,2,116.85,61.23,-5.98,0.0,,8,,20261003
AUKNY,Auckland International Airport Limited,Industrials,Airports & Air Services,PNK,23.24,61,7901454848,0.1101,24.84,24.32,-14.5371,-7.61,-15.88,-10.65,-11.72,0.0,12.0,4,29.59,20.69,-21.46,0.0,,8,,20261003
STBFY,Suntory Beverage & Food Limited,Consumer Defensive,Beverages - Non-Alcoholic,PNK,14.11,48485,8719970304,0.2862,14.39,14.51,-0.9678,-3.54,-18.72,-24.88,-17.39,0.0,64.0,4,16.91,12.83,-16.58,0.0,,8,,20261003
SM,SM Energy Company,Energy,Oil & Gas E&P,NYSE,35.24,3853755,8381977600,1.4821,34.66,28.06,0.3899,31.83,-1.39,27.95,18.65,0.0,87.5,2,41.56,17.45,-15.21,0.0,,8,,20261003
ALBHF,Alibaba Health Information Technology Limited,Healthcare,Pharmaceutical Retailers,PNK,0.36,653,5726056448,0.0106,0.41,0.53,-4.3776,-11.09,-54.45,-70.79,-50.15,0.0,3.75,4,0.88,0.34,-59.34,0.0,,8,,20261003
KLYCY,Kunlun Energy Company Limited,Energy,Oil & Gas Refining & Marketing,PNK,9.7,2214,8361251840,0.1631,9.47,9.49,1.4016,6.29,-10.15,1.95,-1.2,0.0,76.25,3,11.76,7.77,-17.52,0.0,,8,,20261003
ELEEF,Element Fleet Management Corp.,Industrials,Rental & Leasing Services,PNK,15.79,96987,6197280256,0.4243,19.23,21.72,-8.1132,-26.24,-45.3,-54.67,-44.28,0.0,7.5,4,27.14,15.44,-41.82,0.0,,8,,20261003
NSANF,"Nissan Motor Co., Ltd.",Consumer Cyclical,Auto Manufacturers,PNK,2.0,3679,6992764928,0.0559,2.06,2.28,-1.0559,-3.69,-29.06,-35.08,-25.12,0.0,13.25,4,3.28,1.8,-39.02,0.0,,8,,20261003
FKKFY,"Fukuoka Financial Group, Inc.",Financial Services,Banks - Regional,PNK,25.2,993,9524649984,0.5833,24.25,20.98,1.6202,2.08,7.18,75.25,33.13,0.0,80.0,2,26.44,12.88,-4.69,0.0,,8,,20261003
CORZ,"Core Scientific, Inc.",Technology,Software - Infrastructure,NASDAQ,16.45,11880615,5286050816,1.0406,18.59,19.79,-2.0578,-30.55,-16.59,-24.84,-23.38,0.0,11.25,4,30.46,13.36,-45.99,0.0,,8,,20261003
YOU,"Clear Secure, Inc.",Technology,Software - Application,NYSE,41.55,1731846,5641994752,1.6721,45.37,46.58,-2.283,-29.21,-36.54,16.83,-13.36,0.0,7.5,4,69.07,29.43,-39.84,0.0,,8,,20261003
ACI,"Albertsons Companies, Inc.",Consumer Defensive,Grocery Stores,NYSE,11.75,8279849,5702577152,0.3567,12.08,15.1,-0.9295,-18.59,-48.9,-45.77,-40.07,0.0,22.0,4,20.0,10.86,-41.25,0.0,,8,,20261003
OSK,Oshkosh Corporation,Industrials,Farm & Heavy Construction Machinery,NYSE,133.85,711055,8263865856,4.5644,147.82,145.99,-3.0612,-9.55,-26.47,-10.81,-15.98,0.0,22.0,4,180.49,116.77,-25.84,0.0,,8,,20261003
ZWS,Zurn Elkay Water Solutions Corporation,Industrials,Pollution & Treatment Controls,NYSE,47.67,894249,7906741248,0.9768,48.46,48.12,-0.8115,-5.49,-11.57,-13.58,-10.86,0.0,36.5,4,55.0,43.06,-13.33,0.0,,8,,20261003
CWEN,"Clearway Energy, Inc.",Utilities,Utilities - Renewable,NYSE,29.34,1161566,7236300288,0.7896,31.39,34.99,-2.6021,-12.71,-43.32,-12.91,-23.5,0.0,7.5,4,41.74,28.57,-29.71,0.0,,8,,20261003
TAP,Molson Coors Beverage Company,Consumer Defensive,Beverages - Brewers,NYSE,36.86,3763536,6872692224,1.0138,39.94,42.38,-3.0431,-6.74,-32.26,-32.69,-26.05,0.0,8.75,4,54.82,35.52,-32.76,0.0,,8,,20261003
DUFRY,Avolta AG,Consumer Cyclical,Specialty Retail,PNK,5.13,72747,7259395584,0.1068,5.59,5.88,-4.3208,-26.47,-32.99,-18.26,-25.47,0.0,7.5,4,6.81,4.97,-24.67,0.0,,8,,20261003
SHBBF,Syensqo SA/NV,Basic Materials,Chemicals,PNK,88.38,398,9011801088,0.888,91.38,77.69,-3.3751,13.23,43.48,-4.17,16.86,0.0,63.25,3,98.2,48.08,-10.0,0.0,,8,,20261003
SBSW,Sibanye Stillwater Limited,Basic Materials,Other Precious Metals & Mining,NYSE,9.96,5220823,7204768256,0.4697,10.63,11.96,-1.432,13.26,-34.83,-23.25,-18.17,0.0,35.0,4,21.29,7.87,-53.22,0.0,,8,,20261003
SSDOF,"Shiseido Company, Limited",Consumer Defensive,Household & Personal Products,PNK,22.5,30,8991548416,0.0198,21.61,19.2,45.0549,30.2,-5.87,16.64,12.15,0.0,75.0,2,22.5,15.05,0.0,0.0,,8,,20261003
BLDR,"Builders FirstSource, Inc.",Industrials,Building Products & Equipment,NYSE,56.25,2654074,6052300800,2.5826,65.87,85.58,-3.726,-34.38,-46.85,-72.0,-53.79,0.0,8.75,4,131.5,54.75,-57.22,0.0,,8,,20261003
AMG,"Affiliated Managers Group, Inc.",Financial Services,Asset Management,NYSE,371.43,272911,9605154816,10.7985,364.16,323.44,0.6735,1.46,21.95,44.43,25.82,0.0,87.5,2,392.92,230.26,-5.47,0.0,,8,,20261003
CMC,Commercial Metals Company,Industrials,Metal Fabrication,NYSE,63.58,1112904,0,1.9627,68.08,69.6,-2.2907,-1.29,-14.38,-7.24,-8.25,0.0,48.25,3,84.87,53.08,-25.09,0.0,,8,,20261003
SOBO,South Bow Corporation,Energy,Oil & Gas Midstream,NYSE,33.82,668266,7054450176,0.756,35.78,32.79,-2.5953,-3.38,-13.0,9.87,-1.45,0.0,33.75,3,39.02,25.02,-13.32,0.0,,8,,20261003
NSANY,"Nissan Motor Co., Ltd.",Consumer Cyclical,Auto Manufacturers,PNK,3.63,213153,6345934336,0.1384,4.1,4.51,-3.3635,-11.49,-34.11,-41.38,-31.37,0.0,35.0,4,6.06,3.62,-40.1,0.0,,8,,20261003
ALBBY,Alibaba Health Information Technology Limited,Healthcare,Pharmaceutical Retailers,PNK,7.78,429,6292192256,0.088,8.13,10.8,-3.9903,1.14,-34.42,-73.13,-41.02,0.0,13.25,4,17.52,7.2,-55.59,0.0,,8,,20261003
BOKF,BOK Financial Corporation,Financial Services,Banks - Regional,NASDAQ,128.36,254479,7800035328,2.3856,137.54,131.47,-3.8491,-10.69,-17.19,1.2,-8.21,0.0,22.0,4,146.84,102.72,-12.59,0.0,,8,,20261003
NXPRF,Nexans S.A.,Industrials,Electrical Equipment & Parts,PNK,155.11,73,6765661184,1.7738,158.13,156.89,-1.7029,-15.68,-5.06,-16.71,-12.38,0.0,50.25,3,201.32,136.79,-22.95,0.0,,8,,20261003
FLY,Firefly Aerospace Inc.,Industrials,Aerospace & Defense,NASDAQ,23.32,3118979,3903876096,1.6873,22.7,27.84,0.3677,-19.41,-47.13,-28.94,-32.93,0.0,38.75,3,62.17,16.0,-62.49,0.0,,8,,20261003
MYTKY,Magyar Telekom Távközlési Nyilvánosan Müködö Részvénytársaság,Communication Services,Telecom Services,PNK,7.72,4600,6906279936,0.1244,8.19,9.79,-3.8002,-13.55,4.3,-86.22,-36.37,0.0,3.75,4,29.53,5.22,-73.86,0.0,,8,,20261003
AOS,A. O. Smith Corporation,Industrials,Specialty Industrial Machinery,NYSE,56.75,1551898,7712811520,1.3056,60.11,63.82,-2.575,-11.28,-28.72,-37.02,-27.68,0.0,12.5,4,81.87,54.16,-30.68,0.0,,8,,20261003
ESALF,"Eisai Co., Ltd.",Healthcare,Drug Manufacturers - Specialty & Generic,PNK,30.5,298,8608197632,0.2458,29.48,28.4,4.1493,21.3,-14.62,-28.4,-11.15,0.0,76.25,2,35.83,23.88,-14.88,0.0,,8,,20261003
PTBRY,PT Bank Negara Indonesia (Persero) Tbk,Financial Services,Banks - Regional,PNK,9.45,1788,7045260288,0.1997,10.22,11.04,-3.8482,1.78,-30.4,-40.5,-26.4,0.0,30.0,4,14.99,8.38,-36.92,0.0,,8,,20261003
TKAMY,thyssenkrupp AG,Industrials,Conglomerates,PNK,15.73,24628,9898749952,0.6051,15.95,12.86,-0.3702,8.47,55.48,-7.75,18.44,0.0,68.25,3,18.16,8.16,-13.36,0.0,,8,,20261003
JINFF,China Gold International Resources Corp. Ltd.,Basic Materials,Other Precious Metals & Mining,PNK,27.75,5673,11000481792,1.1226,29.13,23.16,-1.2268,57.89,19.34,40.16,37.31,0.0,70.75,3,35.5,14.26,-21.83,0.0,,8,,20261003
UBTRF,Ubtech Robotics Corp Ltd,Industrials,Specialty Industrial Machinery,PNK,9.7,7332,4885510144,0.5711,9.7,9.7,0.0,-7.83,-7.83,-7.83,-7.83,0.0,70.75,3,11.19,9.0,-13.23,0.0,,8,,20261003
HCXLF,Hiscox Ltd,Financial Services,Insurance - Property & Casualty,PNK,25.0,153,7911159808,0.0164,24.68,21.74,19.6507,-2.42,12.6,28.97,15.39,0.0,75.0,2,25.26,17.2,-1.03,0.0,,8,,20261003
IDA,"IDACORP, Inc.",Utilities,Utilities - Regulated Electric,NYSE,132.79,530963,7680844800,2.5058,137.35,138.6,-1.8185,-14.27,-24.78,-12.77,-17.35,0.0,30.25,4,154.91,124.12,-14.28,0.0,,8,,20261003
EMLAF,Empire Company Limited,Consumer Defensive,Grocery Stores,PNK,33.49,54698,7491540480,0.2904,34.68,34.64,-4.1047,-3.77,-24.55,-20.92,-17.9,0.0,29.0,4,37.44,32.56,-10.55,0.0,,8,,20261003
WILYY,Demant A/S,Healthcare,Medical Devices,PNK,25.81,215,10886586368,0.2858,22.64,18.35,11.0774,22.23,54.58,22.98,33.85,0.0,75.0,2,25.81,13.45,-0.0,0.0,,8,,20261003
WJRYF,West Japan Railway Company,Industrials,Railroads,PNK,18.23,114,8293902336,0.0723,18.14,18.75,1.1397,17.21,-30.17,-25.6,-16.5,0.0,62.0,3,25.03,15.46,-27.19,0.0,,8,,20261003
FBBPF,FIBRA Prologis,Real Estate,REIT - Industrial,PNK,4.43,5395,7390144512,0.1706,4.4,4.52,0.1923,-6.73,-17.49,-4.0,-9.41,0.0,48.25,3,5.18,3.78,-14.45,0.0,,8,,20261003
WFRD,Weatherford International plc,Energy,Oil & Gas Equipment & Services,NASDAQ,79.72,1129480,5700944896,3.1973,88.25,92.75,-2.6683,-7.38,-33.81,-0.92,-14.05,0.0,35.0,3,113.15,60.84,-29.54,0.0,,8,,20261003
HCXLY,Hiscox Ltd,Financial Services,Insurance - Property & Casualty,PNK,51.76,1430,8189632512,1.4429,50.06,51.76,1.1787,-3.43,8.34,18.99,9.66,0.0,52.5,3,53.59,36.78,-3.41,0.0,,8,,20261003
ASXFF,ASX Limited,Financial Services,Financial Data & Stock Exchanges,PNK,40.86,187,7888064512,0.2887,39.77,37.54,3.7603,1.67,3.99,-11.11,-2.63,0.0,77.5,2,44.2,30.9,-7.56,0.0,,8,,20261003
DVCMY,Davide Campari-Milano N.V.,Consumer Defensive,Beverages - Wineries & Distilleries,PNK,6.77,203130,8119682560,0.1558,6.76,6.77,0.0601,5.62,-19.74,-7.6,-8.55,0.0,72.0,3,8.0,6.0,-15.38,0.0,,8,,20261003
YOKEY,Yokogawa Electric Corporation,Industrials,Specialty Industrial Machinery,PNK,52.87,49,6581836288,0.8744,66.09,67.86,-15.1228,-27.06,-35.34,-26.59,-29.77,0.0,0.0,4,79.89,52.87,-33.82,0.0,,8,,20261003
SDXAY,Sodexo S.A.,Industrials,Specialty Business Services,PNK,12.13,68457,8841879552,0.233,13.08,11.32,-4.071,-1.7,-2.09,-21.24,-9.65,0.0,56.25,3,13.69,9.08,-11.4,0.0,,8,,20261003
BIO,"Bio-Rad Laboratories, Inc.",Healthcare,Medical Devices,NYSE,369.14,279753,9870130176,11.0845,365.64,307.72,0.3154,22.37,13.89,7.51,13.46,0.0,87.5,2,396.23,236.73,-6.84,0.0,,8,,20261003
CRL,"Charles River Laboratories International, Inc.",Healthcare,Diagnostics & Research,NYSE,290.19,919573,13977793536,9.5159,276.07,209.97,1.4842,22.69,48.93,53.84,44.34,0.0,87.5,2,303.31,146.2,-4.33,0.0,,8,,20261003
WJRYY,West Japan Railway Company,Industrials,Railroads,PNK,18.2,17628,8282525696,0.8129,18.83,18.96,-0.7755,0.42,-26.95,-32.63,-22.38,0.0,65.25,4,23.85,15.08,-23.69,0.0,,8,,20261003
CELH,"Celsius Holdings, Inc.",Consumer Defensive,Beverages - Non-Alcoholic,NCM,26.75,9284322,6768687104,1.2795,29.39,36.43,-2.0607,-21.74,-39.46,-69.86,-47.19,0.0,3.75,4,66.74,23.56,-59.92,0.0,,8,,20261003
NFG,National Fuel Gas Company,Energy,Oil & Gas Integrated,NYSE,76.43,685598,7264296960,1.5172,80.71,82.31,-2.8234,-4.29,-35.85,-31.49,-26.22,0.0,35.25,4,97.06,75.03,-21.25,0.0,,8,,20261003
CAMT,Camtek Ltd.,Technology,Semiconductor Equipment & Materials,NASDAQ,165.19,447330,7709115904,7.8497,147.56,155.7,2.2459,13.76,-13.22,29.26,10.52,0.0,63.75,3,215.99,91.91,-23.52,0.0,,8,,20261003
KEX,Kirby Corporation,Industrials,Marine Shipping,NYSE,137.87,508420,7279535616,3.5763,136.8,134.6,0.3004,0.99,-16.51,47.56,13.49,0.0,62.5,2,157.69,79.52,-12.57,0.0,,8,,20261003
PDI,PIMCO Dynamic Income Fund,Financial Services,Asset Management,NYSE,14.4,3599850,6863277056,0.2445,14.95,15.82,-2.2389,-13.0,-28.4,-31.83,-25.92,0.0,35.25,4,19.96,13.73,-27.86,0.0,,8,,20261003
TBVPF,Thai Beverage Public Company Limited,Consumer Defensive,Beverages - Wineries & Distilleries,PNK,0.33,1239,8447575552,0.0044,0.36,0.35,-7.1135,-3.59,-20.29,-22.84,-17.14,0.0,37.0,3,0.4,0.3,-16.75,0.0,,8,,20261003
ESE,ESCO Technologies Inc.,Technology,Scientific & Technical Instruments,NYSE,274.95,214549,7123286016,8.0032,285.67,282.47,-1.3399,-22.41,-23.83,12.82,-8.81,0.0,32.75,4,362.15,193.68,-24.08,0.0,,8,,20261003
UGI,UGI Corporation,Utilities,Utilities - Regulated Gas,NYSE,37.2,1909749,7979212800,0.7749,36.7,35.97,0.641,4.9,-14.66,-0.68,-4.18,0.0,85.0,2,41.34,31.62,-10.01,0.0,,8,,20261003
CBSH,"Commerce Bancshares, Inc.",Financial Services,Banks - Regional,NASDAQ,55.28,1043857,7928930304,0.9332,57.96,53.76,-2.8762,-8.14,-6.01,-16.57,-10.77,0.0,47.0,3,60.92,46.99,-9.26,0.0,,8,,20261003
SSD,"Simpson Manufacturing Co., Inc.",Basic Materials,Lumber & Wood Production,NYSE,173.56,275649,7113300992,3.8329,183.38,183.92,-2.563,-14.72,-13.24,-11.78,-13.03,0.0,19.5,4,213.49,156.32,-18.7,0.0,,8,,20261003
BIRK,Birkenstock Holding plc,Consumer Cyclical,Footwear & Accessories,NYSE,33.33,2282214,5503656960,1.2322,35.25,39.12,-1.5558,-30.49,-21.67,-44.27,-32.92,0.0,11.25,4,50.73,29.93,-34.3,0.0,,8,,20261003
BZQIY,Bezeq The Israel Telecommunication Corp. Ltd,Communication Services,Telecom Services,PNK,11.9,136,6537232896,0.3284,11.98,12.25,-0.2423,-4.75,-28.1,22.34,-2.09,0.0,50.25,3,14.1,8.97,-15.6,0.0,,8,,20261003
RIG,Transocean Ltd.,Energy,Oil & Gas Drilling,NYSE,5.17,42355277,5774270464,0.2028,5.56,5.68,-1.9282,2.17,-39.5,43.68,4.19,0.0,42.0,3,7.66,3.07,-32.51,0.0,,8,,20261003
GNZUF,"Guangzhou Automobile Group Co., Ltd.",Consumer Cyclical,Auto Manufacturers,PNK,0.33,1371,3365031936,0.0026,0.29,0.37,14.2401,24.22,-33.33,-43.05,-22.83,0.0,51.25,3,0.56,0.23,-41.07,0.0,,8,,20261003
SKPJY,SKY Perfect JSAT Corporation,Communication Services,Broadcasting,PNK,26.59,6,3769693952,0.065,27.14,27.34,-8.3272,-18.7,-40.39,253.98,82.78,0.0,24.0,4,54.67,7.25,-51.35,0.0,,8,,20261003
OMRNF,OMRON Corporation,Technology,Electronic Components,PNK,37.73,53,7419219968,0.0821,35.16,13.15,31.3724,-4.96,25.2,-281.41,-104.98,0.0,75.0,2,38.55,26.5,-2.12,0.0,,8,,20261003
ECG,"Everus Construction Group, Inc.",Industrials,Engineering & Construction,NYSE,123.35,521363,6295982080,4.9281,122.73,123.5,0.1257,-16.96,-18.38,32.4,2.29,0.0,47.0,3,171.58,78.14,-28.11,0.0,,8,,20261003
BYDIF,BYD Electronic (International) Company Limited,Technology,Electronic Components,PNK,2.7,14688,6064493056,0.2987,3.03,3.57,-1.0947,-6.61,-40.14,-63.44,-41.08,0.0,37.5,4,5.74,2.4,-52.96,0.0,,8,,20261003
TOPPY,TOPPAN Holdings Inc.,Industrials,Conglomerates,PNK,15.03,1863,16914756608,1.2723,15.34,15.39,-0.2474,-12.86,5.76,-1.82,-1.93,0.0,29.0,4,18.11,8.2,-17.01,0.0,,8,,20261003
YAMHF,"Yamaha Motor Co., Ltd.",Consumer Cyclical,Auto Manufacturers,PNK,11.3,720,10969250816,0.1252,11.32,8.26,-0.1534,42.17,46.77,41.15,43.37,0.0,62.0,3,12.8,6.6,-11.72,0.0,,8,,20261003
BPHLY,Bank of the Philippine Islands,Financial Services,Banks - Regional,PNK,32.37,1333,8572163072,1.9805,32.77,34.22,-0.2013,-7.0,-13.61,-31.88,-19.27,0.0,31.5,4,44.49,27.0,-27.24,0.0,,8,,20261003
BYDIY,BYD Electronic (International) Company Limited,Technology,Electronic Components,PNK,141.84,568,6371849728,21.5091,155.49,178.49,-0.6347,0.41,-37.47,-59.74,-36.91,0.0,32.5,4,287.65,125.41,-50.69,0.0,,8,,20261003
IBRX,"ImmunityBio, Inc.",Healthcare,Biotechnology,NASDAQ,10.28,9782461,10900416512,0.6064,8.0,7.21,3.7705,12.73,22.94,298.34,130.55,0.0,88.75,2,12.43,1.95,-17.26,0.0,,8,,20261003
TECH,Bio-Techne Corporation,Healthcare,Biotechnology,NASDAQ,72.4,3258260,11353640960,0.1974,72.24,61.91,0.8213,-0.5,18.72,5.13,8.48,0.0,87.5,2,72.69,43.2,-0.4,0.0,,8,,20261003
KYKOF,"Kyowa Kirin Co., Ltd.",Healthcare,Drug Manufacturers - Specialty & Generic,PNK,14.05,3828,7356390400,0.3544,14.74,14.72,-1.9594,-5.3,-4.82,-33.35,-16.35,0.0,52.75,4,18.0,12.42,-21.94,0.0,,8,,20261003
THNPY,Technip Energies N.V.,Energy,Oil & Gas Equipment & Services,PNK,31.57,6012,5468101120,0.7652,34.68,38.58,-4.0693,-23.38,-45.07,-48.46,-41.0,0.0,10.0,4,48.27,30.41,-34.6,0.0,,8,,20261003
VLY,Valley National Bancorp,Financial Services,Banks - Regional,NASDAQ,12.82,6833633,7084399104,0.3041,13.88,13.14,-3.4715,-15.32,-13.11,9.0,-4.82,0.0,22.0,4,15.2,9.64,-15.66,0.0,,8,,20261003
VLYPO,Valley National Bancorp,Financial Services,Banks - Regional,NASDAQ,24.84,6765,8234261330,0.1293,24.56,24.09,2.1875,-0.94,-13.65,-9.47,-8.8,0.0,86.25,2,25.64,24.1,-3.12,0.0,,8,,20261003
VLYPP,Valley National Bancorp,Financial Services,Banks - Regional,NASDAQ,25.01,4742,8290614995,0.0919,24.73,24.2,3.0475,0.19,-13.6,-9.91,-8.68,0.0,86.25,2,25.75,24.42,-2.87,0.0,,8,,20261003
VLYPN,Valley National Bancorp,Financial Services,Banks - Regional,NASDAQ,24.98,14638,0,0.2567,25.35,24.94,-1.4323,-2.88,-16.06,-12.42,-11.31,0.0,70.75,3,26.54,24.55,-5.88,0.0,,8,,20261003
KNCRY,Konecranes Plc,Industrials,Farm & Heavy Construction Machinery,PNK,9.1,280,8650198016,0.0813,8.34,8.26,9.3943,16.1,-12.13,17.95,6.96,0.0,78.75,2,10.21,3.13,-10.86,0.0,,8,,20261003
TYEKF,thyssenkrupp AG,Industrials,Conglomerates,PNK,16.48,834,10650795008,0.1912,15.65,12.65,4.3247,29.14,65.57,-4.73,28.34,0.0,75.0,2,17.3,8.0,-4.74,0.0,,8,,20261003
NCLH,Norwegian Cruise Line Holdings Ltd.,Consumer Cyclical,Travel Services,NYSE,15.14,16013980,6952103936,0.6031,16.78,19.44,-2.7209,-24.09,-37.97,-53.79,-40.83,0.0,8.75,4,25.13,13.63,-39.75,0.0,,8,,20261003
BCHMY,Bachem Holding AG,Healthcare,Biotechnology,PNK,10.04,3637,7523528192,0.3164,9.43,8.81,1.9341,-6.22,-0.52,7.22,1.15,0.0,80.0,2,12.54,5.97,-19.94,0.0,,8,,20261003
VBREY,Vibra Energia S.A.,Consumer Cyclical,Specialty Retail,PNK,14.62,110611,8744316928,0.4964,13.94,12.23,1.369,22.8,-12.92,62.34,26.12,0.0,90.0,2,16.07,7.92,-9.02,0.0,,8,,20261003
VCX,"Fundrise Growth Tech Fund, LLC",Financial Services,Asset Management,NYSE,29.83,518134,1067828544,2.058,35.31,29.83,-2.6624,-64.08,-91.55,-78.39,-79.42,0.0,38.75,3,575.0,28.17,-94.81,0.0,,8,,20261003
VOYA,"Voya Financial, Inc.",Financial Services,Financial Conglomerates,NYSE,96.65,1033501,8756137984,2.5221,99.74,83.58,-1.225,-1.84,27.42,16.95,15.92,0.0,69.5,3,105.64,64.5,-8.51,0.0,,8,,20261003
SPXSF,Spirax Group plc,Industrials,Specialty Industrial Machinery,PNK,94.75,77,7014710272,0.1414,95.44,93.43,-4.8469,3.67,-6.95,-14.17,-7.19,0.0,62.0,3,108.0,87.0,-12.27,0.0,,8,,20261003
NOV,NOV Inc.,Energy,Oil & Gas Equipment & Services,NYSE,18.8,3314465,6701788160,0.602,20.3,19.19,-2.4915,3.43,-16.53,25.62,5.32,0.0,45.75,3,21.93,12.29,-14.27,0.0,,8,,20261003
KNCRF,Konecranes Plc,Industrials,Farm & Heavy Construction Machinery,PNK,37.95,74,9018544128,0.3546,31.48,55.48,18.2591,18.12,-1.64,-74.21,-25.73,0.0,51.25,3,113.4,30.29,-66.53,0.0,,8,,20261003
JXN,Jackson Financial Inc.,Financial Services,Insurance - Life,NYSE,131.53,700449,8908361728,3.926,131.13,114.36,0.1021,18.36,10.8,17.72,15.46,0.0,88.75,2,140.9,89.67,-6.65,0.0,,8,,20261003
GGAL,Grupo Financiero Galicia S.A.,Financial Services,Banks - Regional,NCM,35.89,877044,6081683968,1.5447,43.62,46.63,-5.0045,-34.78,-38.5,23.86,-12.63,0.0,5.0,4,62.52,27.38,-42.59,0.0,,8,,20261003
FIGR,"Figure Technology Solutions, Inc.",Financial Services,Capital Markets,NASDAQ,28.53,4117034,6401500672,2.2766,32.72,36.5,-1.8419,-19.79,-35.28,-40.94,-33.67,0.0,32.5,4,78.0,24.11,-63.42,0.0,,8,,20261003
CAE,CAE Inc.,Industrials,Aerospace & Defense,NASDAQ,24.01,776638,7725987328,0.6134,25.13,27.23,-1.8276,-12.67,-27.1,-33.42,-26.02,0.0,24.5,4,34.24,22.76,-29.88,0.0,,8,,20261003
SCABY,Svenska Cellulosa Aktiebolaget SCA (publ),Basic Materials,Paper & Paper Products,PNK,11.27,1423,7915399680,0.1016,11.57,11.73,-2.9088,1.86,-24.28,-29.45,-19.81,0.0,49.0,4,14.35,9.45,-21.46,0.0,,8,,20261003
KGS,"Kodiak Gas Services, Inc.",Energy,Oil & Gas Equipment & Services,NYSE,54.33,1777955,5492982272,2.4318,58.68,57.36,-1.7879,-20.05,-22.84,37.21,1.88,0.0,23.25,4,77.68,32.55,-30.06,0.0,,8,,20261003
ATR,"AptarGroup, Inc.",Healthcare,Medical Instruments & Supplies,NYSE,119.91,447157,7624013312,2.3414,129.71,126.12,-4.1834,-7.2,-22.08,-25.64,-19.78,0.0,18.25,4,146.91,103.23,-18.38,0.0,,8,,20261003
HQY,"HealthEquity, Inc.",Healthcare,Health Information Services,NASDAQ,90.04,833131,7447685120,2.6664,98.27,88.7,-3.0857,-9.46,-11.61,-17.12,-13.27,0.0,36.25,3,107.62,72.76,-16.34,0.0,,8,,20261003
SVCBF,Svenska Cellulosa Aktiebolaget SCA (publ),Basic Materials,Paper & Paper Products,PNK,12.29,1225,8631788544,0.024,11.58,11.78,29.4077,20.57,-13.35,-22.2,-8.41,0.0,75.0,3,13.54,9.97,-9.27,0.0,,8,,20261003
SLOIY,Soitec SA,Technology,Semiconductor Equipment & Materials,PNK,89.12,3014,6377617920,3.8226,72.33,51.61,4.3924,38.44,172.06,206.96,152.62,0.0,86.25,2,114.37,13.13,-22.08,0.0,,8,,20261003
AXS,AXIS Capital Holdings Limited,Financial Services,Insurance - Specialty,NYSE,94.88,683201,6923044352,1.9421,100.26,101.68,-2.7724,-18.39,-23.81,-14.33,-18.67,0.0,19.5,4,119.99,88.07,-20.93,0.0,,8,,20261003
ESAIY,"Eisai Co., Ltd.",Healthcare,Drug Manufacturers - Specialty & Generic,PNK,7.41,79761,8365474816,0.2419,7.6,7.27,-0.8011,8.56,-24.15,-30.72,-18.6,0.0,70.75,3,8.58,5.69,-13.64,0.0,,8,,20261003
YMHAY,"Yamaha Motor Co., Ltd.",Consumer Cyclical,Auto Manufacturers,PNK,22.75,11996,11042055168,0.7357,22.48,16.87,0.3636,42.9,39.93,35.79,39.02,0.0,90.0,2,25.39,13.05,-10.4,0.0,,8,,20261003
STHRF,Strathcona Resources Ltd.,Energy,Oil & Gas E&P,PNK,27.7,54688,5950535680,0.875,29.95,27.24,-2.5677,5.79,-25.21,-8.98,-10.97,0.0,60.0,3,40.52,18.23,-31.64,0.0,,8,,20261003
CIG,Companhia Energética de Minas Gerais - CEMIG,Utilities,Utilities - Regulated Electric,NYSE,2.15,4962952,6150466560,0.0607,2.08,2.13,1.1657,-0.32,-27.14,-4.38,-11.33,0.0,87.5,3,2.76,1.87,-22.1,0.0,,8,,20261003
BILI,Bilibili Inc.,Communication Services,Internet Content & Information,NASDAQ,14.44,2830333,5948272128,0.4596,16.53,21.99,-4.5516,-22.03,-55.3,-65.68,-51.13,0.0,8.75,4,36.4,14.31,-60.33,0.0,,8,,20261003
SLOIF,Soitec SA,Technology,Semiconductor Equipment & Materials,PNK,189.0,2550,6762925568,9.6949,145.0,105.4,4.5387,38.35,206.68,321.53,210.54,0.0,86.25,2,226.22,24.57,-16.45,0.0,,8,,20261003
LOTMY,Lottomatica Group S.p.A.,Consumer Cyclical,Gambling,PNK,28.07,50696,6495984640,0.8549,29.04,28.03,-1.1334,-6.94,-19.75,-9.59,-12.48,0.0,77.0,3,33.1,21.65,-15.2,0.0,,8,,20261003
EGIEY,Engie Brasil Energia S.A.,Utilities,Utilities - Renewable,OID,6.08,49104,8611599360,0.3018,5.81,6.23,0.9099,-3.26,-24.02,-3.59,-10.66,0.0,54.5,3,9.5,5.22,-36.0,0.0,,8,,20261003
VLVCY,Volvo Car AB (publ.),Consumer Cyclical,Auto Manufacturers,PNK,3.25,322,4911406080,0.1044,4.0,5.0,-7.2181,-15.7,-45.76,-35.27,-34.05,0.0,3.75,4,7.66,3.0,-57.57,0.0,,8,,20261003
OPHLY,"Ono Pharmaceutical Co., Ltd.",Healthcare,Drug Manufacturers - General,PNK,4.8,43765,6767342080,0.1729,5.05,4.99,-1.452,-6.7,-27.21,10.27,-7.09,0.0,62.75,3,5.75,3.71,-16.52,0.0,,8,,20261003
DPMLF,DPM Metals Inc.,Basic Materials,Gold,PNK,38.74,80138,8498341888,1.8149,43.16,36.95,-2.4336,5.01,-12.99,56.53,19.32,0.0,60.0,3,52.37,20.45,-26.03,0.0,,8,,20261003
UMICY,Umicore SA,Industrials,Waste Management,PNK,5.92,39798,5699003392,0.156,6.39,5.8,-3.0327,-5.01,11.74,22.5,11.86,0.0,61.25,3,7.68,4.08,-22.92,0.0,,8,,20261003
VLVOF,Volvo Car AB (publ.),Consumer Cyclical,Auto Manufacturers,PNK,1.46,822,4624879616,0.0388,1.9,2.45,-11.2901,-35.11,-57.37,-43.38,-46.21,0.0,2.5,4,3.7,1.55,-60.54,0.0,,8,,20261003
CPXWF,Capital Power Corporation,Utilities,Utilities - Independent Power Producers,PNK,42.92,38284,6741716480,0.4818,45.53,46.0,-5.4129,-18.39,-26.73,-25.44,-24.13,0.0,17.0,4,53.84,40.86,-20.28,0.0,,8,,20261003
STAG,"STAG Industrial, Inc.",Real Estate,REIT - Industrial,NYSE,36.05,1679747,7094916608,0.5866,37.0,37.21,-1.6175,-9.52,-17.27,-11.34,-12.96,0.0,35.25,4,42.61,35.39,-15.4,0.0,,8,,20261003
CSCCF,Capstone Copper Corp.,Basic Materials,Copper,PNK,10.08,296449,7700609024,0.5225,10.59,9.8,-0.9806,5.69,9.65,-1.18,4.33,0.0,77.0,3,13.32,6.8,-24.32,0.0,,8,,20261003
FPRUY,Fraport AG,Industrials,Airports & Air Services,PNK,36.9,23,6824190464,0.0513,38.6,40.24,-33.0557,-7.6,-32.41,-31.0,-25.64,0.0,24.0,4,45.66,36.9,-19.19,0.0,,8,,20261003
DVDCF,Davide Campari-Milano N.V.,Consumer Defensive,Beverages - Wineries & Distilleries,PNK,6.88,952,8251612672,0.0301,6.75,6.81,4.2716,4.47,-18.88,-8.43,-8.86,0.0,76.25,3,7.9,6.07,-12.91,0.0,,8,,20261003
SUMCF,Sumco Corporation,Technology,Semiconductor Equipment & Materials,PNK,23.74,3949,7627661824,1.5425,21.41,17.36,1.5082,-25.47,92.86,105.84,68.47,0.0,63.75,2,36.43,7.09,-34.83,0.0,,8,,20261003
WILLF,Demant A/S,Healthcare,Medical Devices,PNK,45.55,177,9606431744,0.0769,44.48,36.73,13.8692,10.53,33.89,13.87,20.04,0.0,75.0,2,45.55,28.08,-0.0,0.0,,8,,20261003
CDP,COPT Defense Properties,Real Estate,REIT - Office,NYSE,33.57,873682,3888898304,0.7049,35.71,32.49,-3.0389,-12.19,-8.91,3.16,-4.9,0.0,35.0,3,38.9,27.06,-13.7,0.0,,8,,20261003
SWQGF,Swissquote Group Holding SA,Financial Services,Capital Markets,PNK,49.29,1,7387739136,0.0055,49.12,51.94,31.9066,-2.26,-17.06,-37.59,-21.57,0.0,62.0,3,490.08,49.01,-89.94,0.0,,8,,20261003
PLLIF,Pirelli & C. S.p.A.,Consumer Cyclical,Auto Parts,PNK,8.34,90,9047915520,0.0156,8.08,7.19,16.6056,3.0,10.75,1.01,4.92,0.0,75.0,2,8.34,6.03,0.0,0.0,,8,,20261003
QGEN,Qiagen N.V.,Healthcare,Diagnostics & Research,NYSE,44.75,2723511,9240651776,1.3891,43.07,42.19,1.2121,12.64,-7.9,-18.9,-7.16,0.0,90.0,2,57.82,32.53,-22.6,0.0,,8,,20261003
HTCMF,"Hitachi Construction Machinery Co., Ltd.",Industrials,Farm & Heavy Construction Machinery,PNK,37.0,7,7708998656,5.6204,-44.99,3.13,14.5875,-181.35,-195.08,-64.6,-139.46,0.0,62.0,3,37.0,24.97,0.0,0.0,,8,,20261003
THNPF,Technip Energies N.V.,Energy,Oil & Gas Equipment & Services,PNK,33.9,12,5871670784,0.0462,34.8,38.41,-19.4515,-18.26,-38.13,-43.65,-35.37,0.0,12.0,4,47.91,33.9,-29.24,0.0,,8,,20261003
RGEDF,Gedeon Richter PLC,Healthcare,Drug Manufacturers - Specialty & Generic,PNK,38.41,543,7004946432,1.1342,40.33,-276.6,-1.6995,-6.24,-125.62,-124.94,-95.51,0.0,72.0,3,45.28,29.0,-15.18,0.0,,8,,20261003
IFSUF,Infrastrutture Wireless Italiane S.p.A.,Real Estate,Real Estate Services,PNK,7.15,78,6452809216,0.0484,7.31,7.93,-3.2348,-6.15,-19.39,-50.2,-28.4,0.0,49.0,4,11.99,6.82,-40.37,0.0,,8,,20261003
VIST,"Vista Energy, S.A.B. de C.V.",Energy,Oil & Gas E&P,NYSE,64.25,1049528,7107168256,2.6272,69.91,64.82,-2.153,2.27,-28.24,74.22,20.37,0.0,45.75,3,81.44,33.9,-21.11,0.0,,8,,20261003
TYOYY,"Taiyo Yuden Co., Ltd.",Technology,Electronic Components,PNK,16.45,40115,8570879488,0.9043,15.31,12.94,1.2586,-45.61,154.23,173.04,111.8,0.0,62.5,2,35.44,4.96,-53.59,0.0,,8,,20261003
TTEK,"Tetra Tech, Inc.",Industrials,Engineering & Construction,NASDAQ,33.12,2569819,8480191488,0.9323,35.18,32.92,-2.2055,3.84,-10.85,-15.77,-9.15,0.0,60.0,3,43.14,25.81,-23.23,0.0,,8,,20261003
SLAB,Silicon Laboratories Inc.,Technology,Semiconductors,NASDAQ,222.76,283738,7432779264,1.0866,219.35,202.61,3.1384,-0.31,-11.43,53.94,17.5,0.0,83.75,2,223.5,115.51,-0.33,0.0,,8,,20261003
DNPLY,"Dai Nippon Printing Co., Ltd.",Industrials,Conglomerates,PNK,9.53,6984,8155056128,0.372,9.66,9.32,-0.3575,-4.85,-12.53,-4.66,-7.46,0.0,57.75,3,10.66,7.66,-10.6,0.0,,8,,20261003
LGFRY,Longfor Group Holdings Limited,Real Estate,Real Estate - Development,PNK,6.88,99738,4746203648,0.2794,7.92,10.05,-3.7345,-18.59,-47.31,-70.93,-49.58,0.0,5.0,4,14.05,6.65,-51.03,0.0,,8,,20261003
MOS,The Mosaic Company,Basic Materials,Agricultural Inputs,NYSE,21.07,7931176,6698061312,1.056,23.42,24.1,-2.2297,-2.38,-35.93,-51.79,-33.89,0.0,35.0,3,36.0,19.8,-41.47,0.0,,8,,20261003
KNSL,"Kinsale Capital Group, Inc.",Financial Services,Insurance - Property & Casualty,NYSE,329.72,246336,7510501888,9.8343,363.85,354.75,-3.471,-7.68,-22.21,-37.2,-24.57,0.0,43.25,4,485.0,287.2,-32.02,0.0,,8,,20261003
VSOGF,"Vista Energy, S.A.B. de C.V.",Energy,Oil & Gas E&P,PNK,72.25,5,7992107520,0.0707,72.79,66.81,-7.6429,-6.5,-12.08,102.69,35.22,0.0,37.0,3,77.66,33.05,-6.97,0.0,,8,,20261003
LTH,"Life Time Group Holdings, Inc.",Consumer Cyclical,Leisure,NYSE,40.99,2966377,9159705600,1.3898,42.82,33.78,-1.3132,-3.04,33.92,31.49,23.71,0.0,49.5,3,47.23,24.14,-13.22,0.0,,8,,20261003
SHTDF,Sinopharm Group Co. Ltd.,Healthcare,Medical Distribution,PNK,1.87,24573,5710800896,0.0748,2.06,2.34,-2.5751,-14.9,-48.17,-33.27,-33.89,0.0,1.25,4,2.7,1.72,-30.74,0.0,,8,,20261003
PMOIF,Harbour Energy plc,Energy,Oil & Gas E&P,PNK,3.58,3815,5360444928,0.0444,3.46,3.38,2.7054,19.49,-21.69,19.6,5.12,0.0,76.25,2,4.34,2.5,-17.51,0.0,,8,,20261003
GMINF,G Mining Ventures Corp.,Basic Materials,Gold,OQX,33.75,101844,10000335872,1.7246,35.45,33.53,-0.983,4.27,-22.24,51.53,13.9,0.0,68.25,3,43.26,17.92,-21.99,0.0,,8,,20261003
SDXOF,Sodexo S.A.,Industrials,Specialty Business Services,PNK,63.04,88,9190306816,0.2618,64.48,55.64,-5.4947,10.5,4.94,-11.07,-0.07,0.0,62.0,3,67.3,47.01,-6.33,0.0,,8,,20261003
DIFTY,"Daito Trust Construction Co.,Ltd.",Real Estate,Real Estate - Diversified,PNK,4.99,93638,6501616128,0.2079,5.2,5.27,-1.0141,-2.3,-33.8,-32.6,-25.44,0.0,60.25,3,6.17,4.41,-19.12,0.0,,8,,20261003
TELDY,Telefónica Deutschland Holding AG,Communication Services,Telecom Services,PNK,11.75,0,6990203904,0.0001,11.75,12.17,0.0,-2.83,-23.64,-18.0,-16.18,0.0,49.0,3,12.56,11.55,-6.45,0.0,,8,,20261003
PLXS,Plexus Corp.,Technology,Electronic Components,NASDAQ,273.13,262580,7279488000,8.3098,254.12,231.74,2.2882,-3.45,13.78,71.14,32.42,0.0,63.75,2,307.06,132.03,-11.05,0.0,,8,,20261003
AKBTY,Akbank T.A.S.,Financial Services,Banks - Regional,OQX,2.77,17941,7201999872,0.1642,2.86,3.19,-0.531,-15.59,-26.23,-24.34,-22.81,0.0,28.25,4,4.24,2.51,-34.67,0.0,,8,,20261003
JAPSY,"Japan Airlines Co., Ltd.",Industrials,Airlines,PNK,9.47,26717,8140937216,0.1666,9.48,8.96,-0.079,-3.74,-3.85,-21.68,-10.96,0.0,65.75,3,10.53,7.55,-10.07,0.0,,8,,20261003
TSUKY,"Toyo Suisan Kaisha, Ltd.",Consumer Defensive,Packaged Foods,PNK,59.54,3490,5605535232,4.2974,64.66,67.91,-1.1925,-14.93,-32.46,-33.49,-28.49,0.0,15.0,4,86.9,58.14,-31.48,0.0,,8,,20261003
ICGUF,ICG plc,Financial Services,Asset Management,PNK,22.8,0,6626685952,0.0017,22.8,23.99,0.0,-2.7,-13.24,-33.47,-18.7,0.0,49.0,3,27.72,20.65,-17.75,0.0,,8,,20261003
PCOR,"Procore Technologies, Inc.",Technology,Software - Application,NYSE,50.95,3084333,7742125056,2.2352,55.59,54.84,-2.0764,12.99,-30.13,-44.5,-25.1,0.0,47.0,4,82.31,38.03,-38.1,0.0,,8,,20261003
ST,Sensata Technologies Holding plc,Technology,Scientific & Technical Instruments,NYSE,43.51,1475376,6332264960,1.1946,43.58,41.01,-0.0546,-8.11,8.43,27.59,11.96,0.0,47.0,3,53.89,28.16,-19.26,0.0,,8,,20261003
RHP,"Ryman Hospitality Properties, Inc.",Real Estate,REIT - Hotel & Motel,NYSE,121.66,687957,8392628736,2.8413,124.22,108.3,-0.9017,-6.74,15.51,25.96,14.13,0.0,48.25,3,137.46,83.82,-11.49,0.0,,8,,20261003
IVTJY,Investec Group,Financial Services,Capital Markets,PNK,16.08,188,5037999616,0.4336,16.75,15.14,-1.5484,-6.86,-7.7,0.1,-4.37,0.0,65.75,3,19.6,13.51,-17.96,0.0,,8,,20261003
GKOS,Glaukos Corporation,Healthcare,Medical Devices,NYSE,163.75,791438,9658619904,6.6842,171.99,135.03,-1.2328,7.42,27.26,80.46,43.58,0.0,72.0,3,191.62,73.16,-14.54,0.0,,8,,20261003
DCCPY,DCC Energy plc,Energy,Oil & Gas Refining & Marketing,PNK,45.85,20,7833393152,0.038,44.35,45.85,39.5923,5.69,4.27,4.27,4.63,0.0,62.0,3,45.85,41.75,-0.0,0.0,,8,,20261003
HR,Healthcare Realty Trust Incorporated,Real Estate,REIT - Healthcare Facilities,NYSE,17.47,3750607,6062051328,0.319,19.2,18.45,-5.4123,-16.0,-15.08,-16.34,-15.81,0.0,13.25,4,22.04,16.31,-20.74,0.0,,8,,20261003
ZJLMF,"Zhejiang Leapmotor Technology Co., Ltd.",Consumer Cyclical,Auto Manufacturers,PNK,4.3,469,6113794560,0.0712,4.58,4.3,-3.8733,-10.36,-36.36,-36.36,-29.86,0.0,25.0,3,6.37,4.16,-32.5,0.0,,8,,20261003
NXE,NexGen Energy Ltd.,Energy,Uranium,NYSE,9.0,4700442,6034554880,0.3771,9.96,10.89,-2.5513,-9.72,-41.22,-17.26,-23.76,0.0,28.75,3,13.96,7.33,-35.53,0.0,,8,,20261003
AVT,"Avnet, Inc.",Technology,Electronics & Computer Distribution,NASDAQ,106.94,1214706,8776473600,4.0105,93.47,75.98,3.3585,27.51,56.25,92.7,63.65,0.0,90.0,2,108.63,44.25,-1.56,0.0,,8,,20261003
DKDRF,NewMed Energy - Limited Partnership,Energy,Oil & Gas E&P,PNK,5.31,569,6231781888,0.0811,5.41,5.77,-1.2767,-0.81,-18.22,-2.97,-7.77,0.0,50.25,3,7.32,4.88,-27.47,0.0,,8,,20261003
MTDR,Matador Resources Company,Energy,Oil & Gas E&P,NYSE,53.5,1937423,6620850688,1.9069,54.39,52.43,-0.4661,5.43,-31.65,5.89,-7.37,0.0,70.75,3,66.84,37.14,-19.96,0.0,,8,,20261003
UMICF,Umicore SA,Industrials,Waste Management,PNK,24.55,1539,5908383744,0.2863,25.65,23.67,-3.8589,-5.28,4.8,17.48,7.35,0.0,63.25,3,31.15,16.18,-21.19,0.0,,8,,20261003
TRNO,Terreno Realty Corporation,Real Estate,REIT - Industrial,NYSE,64.54,762865,7032944128,1.0372,67.09,64.23,-2.4627,-7.51,-12.36,-0.66,-6.47,0.0,48.25,3,78.94,55.92,-18.24,0.0,,8,,20261003
AIIXY,AIXTRON SE,Technology,Semiconductor Equipment & Materials,PNK,81.0,201,4652625920,1.0652,85.13,84.43,-3.874,-27.08,-12.85,117.79,35.85,0.0,27.75,4,143.05,28.52,-43.38,0.0,,8,,20261003
DITTF,"Daito Trust Construction Co.,Ltd.",Real Estate,Real Estate - Diversified,PNK,18.51,9,6084679168,0.0632,18.49,19.2,0.337,-0.47,-22.39,-27.22,-18.84,0.0,62.0,3,24.13,14.38,-23.29,0.0,,8,,20261003
IMVT,"Immunovant, Inc.",Healthcare,Biotechnology,NASDAQ,33.62,1236660,6944301056,1.392,39.17,31.74,-3.9856,-15.6,19.28,89.37,38.6,0.0,33.75,3,45.42,15.95,-25.98,0.0,,8,,20261003
NDBKY,Nedbank Group Limited,Financial Services,Banks - Regional,PNK,17.13,20195,7851269632,0.4259,17.8,16.18,-1.5639,1.1,-4.87,28.88,10.12,0.0,70.75,3,20.28,12.99,-15.53,0.0,,8,,20261003
VAL,Valaris Limited,Energy,Oil & Gas Drilling,NYSE,78.39,1089066,5443073024,2.9769,82.98,82.23,-1.5431,3.91,-37.99,36.67,2.35,0.0,44.5,3,114.12,46.7,-31.31,0.0,,8,,20261003
LEA,Lear Corporation,Consumer Cyclical,Auto Parts,NYSE,120.85,638831,8045560320,3.606,126.03,127.25,-1.4368,-11.74,-14.83,5.99,-5.73,0.0,34.0,4,150.33,96.04,-19.61,0.0,,8,,20261003
OTGLY,CD Projekt Red S.A.,Communication Services,Electronic Gaming & Multimedia,PNK,16.31,16409,6518161408,0.5183,16.31,16.75,0.0042,0.33,-17.27,-29.85,-17.9,0.0,73.25,3,20.5,14.16,-20.44,0.0,,8,,20261003
SUOPY,Sumco Corporation,Technology,Semiconductor Equipment & Materials,PNK,46.81,17241,8185485312,1.9377,42.23,34.35,2.3626,-29.51,96.68,101.64,67.12,0.0,61.25,2,69.37,14.55,-32.52,0.0,,8,,20261003
SHTDY,Sinopharm Group Co. Ltd.,Healthcare,Medical Distribution,PNK,9.35,149901,5835627520,0.3033,10.18,11.38,-2.7274,-17.62,-43.82,-32.95,-32.92,0.0,11.25,4,14.87,9.05,-37.12,0.0,,8,,20261003
BCKIY,Babcock International Group PLC,Industrials,Engineering & Construction,PNK,12.47,21088,6104926208,0.3559,14.46,15.95,-5.59,-13.07,-44.7,-44.73,-36.81,0.0,13.75,4,21.15,12.15,-41.04,0.0,,8,,20261003
PB,"Prosperity Bancshares, Inc.",Financial Services,Banks - Regional,NYSE,67.38,1048382,8097510400,1.2675,71.4,69.5,-3.1692,-7.1,-15.72,-12.25,-12.18,0.0,15.75,4,77.2,61.07,-12.72,0.0,,8,,20261003
BBUC,Brookfield Business Corporation,Industrials,Conglomerates,NYSE,25.6,342438,5259315712,0.6974,27.85,32.02,-3.228,-21.76,-43.37,-39.75,-36.52,0.0,7.5,4,38.25,24.8,-33.07,0.0,,8,,20261003
AIXXF,AIXTRON SE,Technology,Semiconductor Equipment & Materials,PNK,44.5,6023,5018970624,1.8201,42.98,42.59,0.8332,-24.63,3.43,143.7,52.52,0.0,68.75,2,71.52,14.95,-37.78,0.0,,8,,20261003
MYRG,MYR Group Inc.,Industrials,Engineering & Construction,NASDAQ,304.77,278557,4745040384,12.1719,308.68,329.26,-0.3216,-33.86,-11.27,34.5,1.39,0.0,36.5,4,503.57,190.14,-39.48,0.0,,8,,20261003
BRKRP,Bruker Corporation,Healthcare,Medical Devices,NASDAQ,465.78,7679,0,15.4007,434.49,369.11,2.0315,0.97,46.03,54.92,38.32,0.0,88.75,2,484.9,264.3,-3.94,0.0,,8,,20261003
BRKR,Bruker Corporation,Healthcare,Medical Devices,NASDAQ,63.24,2206161,9635203072,2.943,58.86,49.22,1.4885,0.48,54.38,66.53,45.77,0.0,87.5,2,66.98,32.37,-5.58,0.0,,8,,20261003
HBRIY,Harbour Energy plc,Energy,Oil & Gas E&P,PNK,3.65,48514,5420338176,0.1556,3.54,3.4,0.6784,22.21,-21.0,10.63,2.45,0.0,85.0,2,4.48,2.51,-18.53,0.0,,8,,20261003
FAF,First American Financial Corporation,Financial Services,Insurance - Specialty,NYSE,62.49,810360,6380229120,2.0237,71.33,66.18,-4.3685,-12.71,-8.74,-15.15,-12.3,0.0,18.25,4,79.87,56.2,-21.76,0.0,,8,,20261003
VIPS,Vipshop Holdings Limited,Consumer Cyclical,Internet Retail,NYSE,12.33,2576777,5862915072,0.306,13.67,14.94,-4.3653,-10.2,-32.33,-54.28,-35.58,0.0,8.75,4,20.62,12.02,-40.2,0.0,,8,,20261003
CDNAF,"Canadian Tire Corporation, Limited",Consumer Cyclical,Specialty Retail,PNK,135.19,20288,6907129856,3.6824,139.57,133.45,-1.1899,-3.34,-16.62,-1.66,-7.31,0.0,52.0,3,165.78,102.83,-18.45,0.0,,8,,20261003
LKQ,LKQ Corporation,Consumer Cyclical,Auto Parts,NASDAQ,22.8,3242874,5768446976,0.6594,24.34,27.64,-2.339,-13.94,-35.16,-39.9,-31.75,0.0,7.5,4,37.13,21.17,-38.59,0.0,,8,,20261003
SPXSY,Spirax Group plc,Industrials,Specialty Industrial Machinery,PNK,48.94,10517,7223140352,1.1592,48.25,47.58,0.5937,6.12,-11.08,-9.08,-5.98,0.0,91.25,2,54.08,42.56,-9.5,0.0,,8,,20261003
STKAF,Stockland,Real Estate,REIT - Diversified,PNK,2.71,242,7082163200,0.1032,2.93,3.17,-2.0598,-4.95,-24.89,-48.4,-29.31,0.0,27.5,4,4.29,2.46,-36.77,0.0,,8,,20261003
SNROY,"Sanrio Company, Ltd.",Consumer Cyclical,Specialty Retail,PNK,17.07,866,10348091392,0.1068,15.67,13.36,13.1537,17.21,-3.69,-29.95,-8.97,0.0,75.0,2,19.98,9.59,-14.56,0.0,,8,,20261003
KCDMF,"Kimberly-Clark de México, S. A. B. de C. V.",Consumer Defensive,Household & Personal Products,OID,2.17,614,6479986688,0.0154,2.29,2.27,-7.707,-3.02,-19.81,-8.38,-11.04,0.0,38.25,3,2.6,1.9,-16.54,0.0,,8,,20261003
SHMXY,Shimadzu Corporation,Technology,Scientific & Technical Instruments,PNK,13.07,140,7555784192,0.1577,12.55,12.32,3.3151,15.49,-10.5,-10.54,-4.02,0.0,76.25,2,16.77,10.41,-22.03,0.0,,8,,20261003
RAL,Ralliant Corporation,Technology,Electronic Components,NYSE,73.2,1482550,8098848256,2.2236,67.03,56.65,2.7735,3.07,56.62,50.0,40.58,0.0,68.75,2,75.41,37.27,-2.93,0.0,,8,,20261003
LNC,Lincoln National Corporation,Financial Services,Insurance - Life,NYSE,40.3,1996223,7715326976,1.1444,43.34,38.88,-2.653,3.49,0.45,-11.17,-3.44,0.0,60.0,3,47.67,32.18,-15.46,0.0,,8,,20261003
SEOJF,Stora Enso Oyj,Consumer Cyclical,Packaging & Containers,OQX,12.0,1,9463439360,0.0717,9.82,10.23,30.3841,36.01,-7.77,27.36,17.23,0.0,75.0,3,12.55,8.56,-4.38,0.0,,8,,20261003
JBTM,JBT Marel Corporation,Industrials,Specialty Industrial Machinery,NYSE,108.6,569273,5633822208,3.4387,119.06,135.36,-3.0413,-29.28,-31.03,-39.2,-33.86,0.0,8.75,4,170.19,104.45,-36.19,0.0,,8,,20261003
FSS,Federal Signal Corporation,Industrials,Farm & Heavy Construction Machinery,NYSE,116.34,438673,7101580800,3.5882,119.26,115.38,-0.8148,-15.68,-11.19,-17.39,-14.79,0.0,49.5,3,134.51,101.19,-13.51,0.0,,8,,20261003
GDS,GDS Holdings Limited,Technology,Information Technology Services,NASDAQ,27.57,1555369,5524410880,1.3951,32.11,37.56,-3.2512,-13.45,-48.87,-47.85,-39.6,0.0,10.0,4,48.61,26.97,-43.28,0.0,,8,,20261003
SGHC,Super Group (SGHC) Limited,Consumer Cyclical,Gambling,NYSE,11.25,2540726,5715864064,0.435,13.2,12.1,-4.4922,-25.7,-11.3,-31.91,-23.15,0.0,19.5,4,15.86,8.46,-29.07,0.0,,8,,20261003
CHVKF,"China Vanke Co., Ltd.",Real Estate,Real Estate - Development,PNK,0.37,1559,6098149888,0.0045,0.31,0.39,12.6266,4.54,-21.9,-63.24,-31.83,0.0,38.25,3,0.7,0.3,-47.32,0.0,,8,,20261003
UOLGY,UOL Group Limited,Real Estate,Real Estate - Development,PNK,25.22,6769,5342926336,0.4955,28.63,30.5,-6.8754,-18.15,-32.76,-10.63,-20.25,0.0,10.0,4,38.25,24.3,-34.07,0.0,,8,,20261003
NVTS,Navitas Semiconductor Corporation,Technology,Semiconductors,NASDAQ,12.4,13943704,3255687680,0.8366,12.03,13.21,0.4464,-21.28,22.96,53.48,24.11,0.0,49.5,3,34.17,6.85,-63.71,0.0,,8,,20261003
TOTDF,TOTO LTD.,Industrials,Building Products & Equipment,PNK,36.49,142,6000871936,0.4617,39.76,38.89,-7.0893,-29.59,-6.04,24.76,0.39,0.0,12.0,4,60.92,23.95,-40.1,0.0,,8,,20261003
MORN,"Morningstar, Inc.",Financial Services,Financial Data & Stock Exchanges,NASDAQ,183.55,346160,6885616128,6.7324,200.94,185.13,-2.583,8.25,-11.19,-34.48,-15.65,0.0,47.0,4,228.95,141.49,-19.83,0.0,,8,,20261003
PCVX,"Vaxcyte, Inc.",Healthcare,Biotechnology,NASDAQ,56.48,1134831,8404521984,2.1536,58.54,55.14,-0.9559,-3.54,-21.2,32.13,4.55,0.0,69.5,3,65.0,39.87,-13.11,0.0,,8,,20261003
THG,"The Hanover Insurance Group, Inc.",Financial Services,Insurance - Property & Casualty,NYSE,219.43,311484,7640600576,4.4566,224.21,193.72,-1.0734,-2.62,7.8,6.93,4.84,0.0,72.0,3,236.07,166.54,-7.05,0.0,,8,,20261003
CBC,"Central Bancompany, Inc.",Financial Services,Banks - Regional,NASDAQ,32.03,1022433,7671349248,0.7628,32.28,27.54,-0.3315,-1.57,16.07,19.59,13.07,0.0,74.5,3,33.82,22.5,-5.29,0.0,,8,,20261003
TOTDY,TOTO LTD.,Industrials,Building Products & Equipment,PNK,38.92,12736,6400491008,0.9787,39.29,39.1,-0.3801,-28.93,1.26,31.38,5.76,0.0,37.75,4,60.09,23.84,-35.23,0.0,,8,,20261003
UOLGF,UOL Group Limited,Real Estate,Real Estate - Development,PNK,6.61,4,5605623808,0.0703,7.87,7.89,-17.8389,-20.43,-37.19,4.75,-16.22,0.0,0.0,4,9.18,5.6,-27.94,0.0,,8,,20261003
SZCRF,SCOR SE,Financial Services,Insurance - Reinsurance,PNK,38.25,146,6833874944,0.0084,38.22,35.49,4.1427,7.63,-16.41,-4.21,-5.52,0.0,75.0,2,38.25,30.41,0.0,0.0,,8,,20261003
NEU,NewMarket Corporation,Basic Materials,Specialty Chemicals,NYSE,924.06,122047,8498031104,22.7337,891.64,740.74,1.4261,13.67,28.4,-4.5,11.56,0.0,86.25,2,981.66,580.03,-5.87,0.0,,8,,20261003
OMRNY,OMRON Corporation,Technology,Electronic Components,PNK,41.22,20374,8105063936,0.9319,39.44,33.46,1.9062,5.41,29.27,34.28,25.31,0.0,88.75,2,45.24,23.23,-8.89,0.0,,8,,20261003
CHYM,"Chime Financial, Inc.",Technology,Software - Application,NASDAQ,27.25,7515355,10316444672,1.2692,29.69,23.5,-1.9187,24.34,23.68,19.87,22.32,0.0,57.5,3,35.55,15.88,-23.35,0.0,,8,,20261003
MDNDF,"McDonald's Holdings Company (Japan), Ltd.",Consumer Cyclical,Restaurants,PNK,47.86,4,6363401216,0.0188,47.62,45.29,12.9116,-8.86,-4.0,-1.45,-4.19,0.0,50.0,2,51.0,42.0,-6.16,0.0,,8,,20261003
THNOF,Technology One Limited,Technology,Software - Application,PNK,20.0,60,6618658304,0.1258,21.87,20.52,-14.9396,-9.27,-8.7,19.77,2.55,0.0,12.0,4,26.21,14.97,-23.71,0.0,,8,,20261003
EPRT,"Essential Properties Realty Trust, Inc.",Real Estate,REIT - Retail,NYSE,25.9,1843088,5616306176,0.5029,29.13,30.14,-6.4246,-17.79,-32.06,-26.02,-26.07,0.0,7.5,4,34.73,25.37,-25.42,0.0,,8,,20261003
PPC,Pilgrim's Pride Corporation,Consumer Defensive,Packaged Foods,NASDAQ,27.5,1539814,6547984384,1.1874,29.15,33.57,-1.3859,-6.71,-44.28,-49.7,-37.06,0.0,33.75,4,44.84,25.0,-38.67,0.0,,8,,20261003
SBFFY,SBM Offshore N.V.,Energy,Oil & Gas Equipment & Services,PNK,41.7,82,6892149248,0.035,40.44,37.38,35.9328,19.46,-11.1,49.42,20.75,0.0,75.0,2,44.15,23.52,-5.55,0.0,,8,,20261003
IDCC,"InterDigital, Inc.",Technology,Software - Application,NASDAQ,335.13,227366,8648367104,11.2745,328.0,316.46,0.6325,16.07,-10.34,-19.31,-7.33,0.0,86.25,2,412.6,249.14,-18.78,0.0,,8,,20261003
CELC,Celcuity Inc.,Healthcare,Biotechnology,NCM,72.1,1170769,3527990528,4.4342,87.26,104.43,-3.4194,-36.3,-53.93,43.06,-10.73,0.0,5.0,4,151.02,45.03,-52.26,0.0,,8,,20261003
DOX,Amdocs Limited,Technology,Software - Infrastructure,NASDAQ,58.12,1148266,6068599808,1.5073,58.56,63.31,-0.2947,11.82,-28.6,-42.22,-23.94,0.0,55.25,4,85.63,49.74,-32.13,0.0,,8,,20261003
SSDOY,"Shiseido Company, Limited",Consumer Defensive,Household & Personal Products,PNK,20.88,59606,8344156160,0.6837,22.09,19.16,-1.7704,17.3,-18.57,5.73,0.12,0.0,58.75,3,23.91,13.6,-12.67,0.0,,8,,20261003
KIGRY,KION GROUP AG,Industrials,Farm & Heavy Construction Machinery,PNK,9.94,11377,5283442176,0.382,11.9,13.9,-5.1202,-23.22,-34.75,-58.23,-41.26,0.0,31.25,4,20.54,9.9,-51.61,0.0,,8,,20261003
POOL,Pool Corporation,Industrials,Industrial Distribution,NASDAQ,161.42,778763,5866123264,4.7968,182.37,206.26,-4.3669,-27.2,-37.28,-62.86,-44.99,0.0,5.0,4,313.75,158.4,-48.55,0.0,,8,,20261003
BCKIF,Babcock International Group PLC,Industrials,Engineering & Construction,PNK,12.61,1138,6173465600,0.199,14.4,15.92,-8.9829,-11.65,-43.01,-42.32,-34.89,0.0,1.25,4,21.05,12.35,-40.1,0.0,,8,,20261003
GRFS,"Grifols, S.A.",Healthcare,Drug Manufacturers - General,NASDAQ,7.31,608223,4975043072,0.1451,7.72,8.08,-2.8224,-0.75,-28.04,-42.07,-26.83,0.0,45.75,4,10.16,6.96,-28.05,0.0,,8,,20261003
AWI,"Armstrong World Industries, Inc.",Industrials,Building Products & Equipment,NYSE,163.12,432260,6893911552,3.8096,171.72,171.72,-2.2583,-0.3,-18.71,-32.52,-19.63,0.0,44.5,4,206.08,150.28,-20.85,0.0,,8,,20261003
CSXXY,CAR Group Limited,Communication Services,Internet Content & Information,PNK,30.0,280,5686054400,0.43,36.48,35.91,-15.0693,-12.64,-22.08,-53.62,-32.34,0.0,0.0,4,50.85,28.03,-41.0,0.0,,8,,20261003
DCCPF,DCC Energy plc,Energy,Oil & Gas Refining & Marketing,PNK,82.84,46,7076535296,0.1927,84.62,72.71,-9.2259,-0.75,19.4,18.24,13.9,0.0,62.0,3,85.87,57.8,-3.53,0.0,,8,,20261003
LNTH,"Lantheus Holdings, Inc.",Healthcare,Drug Manufacturers - Specialty & Generic,NASDAQ,99.96,1348352,6527375360,0.5783,100.78,88.07,-1.4263,-5.48,13.41,77.23,34.21,0.0,44.5,3,111.86,49.67,-10.64,0.0,,8,,20261003
VLOUF,Vallourec S.A.,Basic Materials,Steel,PNK,21.6,90,5757445632,0.0663,21.65,23.38,-0.706,-5.14,-26.54,-2.4,-11.53,0.0,24.0,4,31.81,17.7,-32.1,0.0,,8,,20261003
MIDD,The Middleby Corporation,Industrials,Specialty Industrial Machinery,NASDAQ,104.57,602333,4728901120,2.9037,116.91,121.43,-4.2498,-30.16,-19.55,-19.36,-22.13,0.0,6.25,4,148.55,89.16,-29.61,0.0,,8,,20261003
FBASF,Fibra UNO,Real Estate,REIT - Diversified,PNK,1.61,3844,6430029312,0.0335,1.73,1.68,-3.4514,-10.43,-20.37,-9.05,-13.36,0.0,14.5,4,2.16,1.39,-25.46,0.0,,8,,20261003
OR,OR Royalties Inc.,Basic Materials,Gold,NYSE,34.47,984358,6462983168,1.1267,34.54,36.83,-0.0641,9.39,-32.01,-30.14,-20.91,0.0,59.0,3,48.06,27.54,-28.28,0.0,,8,,20261003
GIFLF,"Grifols, S.A.",Healthcare,Drug Manufacturers - General,PNK,11.13,273,7574860800,0.0284,11.31,11.28,-6.1893,3.4,-30.89,-35.58,-24.19,0.0,49.0,4,13.9,10.13,-19.93,0.0,,8,,20261003
HTCMY,"Hitachi Construction Machinery Co., Ltd.",Industrials,Farm & Heavy Construction Machinery,PNK,72.6,23,7563152384,0.1581,69.45,68.48,19.9363,7.6,-5.91,3.66,1.3,0.0,75.0,2,87.04,55.92,-16.59,0.0,,8,,20261003
PUODY,"Promotora y Operadora de Infraestructura, S. A. B. de C. V.",Industrials,Infrastructure Operations,PNK,282.0,125,5284270592,4.8137,309.79,315.11,-5.7733,-16.39,-28.48,-8.45,-17.44,0.0,6.25,4,359.88,246.68,-21.64,0.0,,8,,20261003
SZHFY,Sojitz Corporation,Industrials,Conglomerates,PNK,379.77,0,7901503488,1.1503,345.88,379.77,29.4635,20.91,-21.04,-7.75,-5.24,0.0,75.0,3,418.56,306.9,-9.27,0.0,,8,,20261003
SCRYY,SCOR SE,Financial Services,Insurance - Reinsurance,PNK,3.45,5442,6360416768,0.1034,3.94,3.55,-4.7058,-8.44,-13.75,-10.68,-11.2,0.0,45.75,3,4.17,2.95,-17.27,0.0,,8,,20261003
KCDMY,"Kimberly-Clark de México, S. A. B. de C. V.",Consumer Defensive,Household & Personal Products,OID,10.45,43244,6241093120,0.3808,11.27,11.06,-2.1555,-9.01,-27.28,-6.98,-14.59,0.0,49.5,3,12.84,8.25,-18.61,0.0,,8,,20261003
SULZF,Sulzer AG,Industrials,Specialty Industrial Machinery,PNK,188.4,26,6378807808,0.5847,178.61,188.11,16.7429,13.4,-27.79,-13.85,-11.92,0.0,75.0,3,227.14,162.27,-17.06,0.0,,8,,20261003
HRIBF,"HORIBA, Ltd.",Technology,Scientific & Technical Instruments,PNK,137.0,2,5756953088,0.6391,153.81,55.54,-26.3048,-18.51,2144.25,-1583.41,112.49,0.0,25.0,3,166.67,74.0,-17.8,0.0,,8,,20261003
MSA,MSA Safety Incorporated,Industrials,Security & Protection Services,NYSE,181.23,261296,6991542784,3.75,185.19,175.73,-1.056,2.85,-7.54,-10.04,-5.94,0.0,70.75,3,208.92,151.11,-13.25,0.0,,8,,20261003
MNESP,MSA Safety Incorporated,Industrials,Security & Protection Services,PNK,37.5,0,0,0.0036,37.32,36.7,49.5312,-1.31,-9.76,-27.5,-14.74,0.0,75.0,2,45.0,36.0,-16.67,0.0,,8,,20261003
TEX,Terex Corporation,Industrials,Farm & Heavy Construction Machinery,NYSE,56.71,1195939,6481952768,2.3168,62.49,61.9,-2.4953,-20.99,-20.52,-5.44,-14.61,0.0,20.75,4,74.69,41.7,-24.07,0.0,,8,,20261003
SKHHY,Sonic Healthcare Limited,Healthcare,Diagnostics & Research,PNK,12.82,130619,6440729088,0.4338,14.23,14.2,-3.2431,-14.72,-22.97,-21.26,-20.23,0.0,22.0,4,17.49,12.75,-26.7,0.0,,8,,20261003
TXNM,"TXNM Energy, Inc.",Utilities,Utilities - Regulated Electric,NYSE,58.41,1248866,6432445440,0.3823,57.83,57.86,1.5227,1.19,-17.24,-10.48,-9.93,0.0,86.25,3,59.53,55.64,-1.88,0.0,,8,,20261003
SNROF,"Sanrio Company, Ltd.",Consumer Cyclical,Specialty Retail,PNK,7.2,574,8729497600,0.1087,7.8,15.68,-5.519,2.09,-4.11,-101.48,-41.51,0.0,25.0,4,53.88,5.04,-86.64,0.0,,8,,20261003
LSTR,"Landstar System, Inc.",Industrials,Integrated Freight & Logistics,NASDAQ,173.48,429352,5887377408,4.4396,177.26,174.39,-0.8516,-17.29,-11.21,29.65,3.61,0.0,32.75,4,228.46,120.01,-24.07,0.0,,8,,20261003
KGFHY,Kingfisher plc,Consumer Cyclical,Home Improvement Retail,OQX,8.74,168873,7143405568,0.2534,8.51,8.18,0.8927,12.15,1.56,-6.27,1.08,0.0,85.0,2,10.17,7.18,-14.06,0.0,,8,,20261003
KGFHF,Kingfisher plc,Consumer Cyclical,Home Improvement Retail,OQX,4.32,2693,7061673984,0.1049,4.19,4.13,1.2642,9.8,-7.58,-10.48,-4.39,0.0,76.25,2,5.21,3.55,-17.08,0.0,,8,,20261003
PAYC,"Paycom Software, Inc.",Technology,Software - Application,NYSE,220.99,810707,9960377344,7.563,213.11,154.35,1.0424,55.52,61.69,-4.41,33.71,0.0,85.0,2,244.98,104.9,-9.79,0.0,,8,,20261003
BZ,Kanzhun Limited,Communication Services,Internet Content & Information,NASDAQ,14.83,6158842,6492637696,0.5224,15.39,15.14,-1.0765,9.86,-4.15,-48.69,-18.46,0.0,59.0,4,24.65,12.57,-39.84,0.0,,8,,20261003
VLOWY,Vallourec S.A.,Basic Materials,Steel,PNK,4.1,95009,5464242688,0.1763,4.36,4.45,-1.4475,-6.47,-30.67,-1.2,-12.83,0.0,15.75,4,6.65,3.5,-38.35,0.0,,8,,20261003
SRUUF,Sprott Physical Uranium Trust Fund,Energy,Uranium,OQX,19.2,471734,6607799808,0.4545,19.39,19.82,-0.4255,-2.28,-23.4,-20.09,-16.8,0.0,64.0,3,24.77,16.42,-22.49,0.0,,8,,20261003
TELDF,Telefónica Deutschland Holding AG,Communication Services,Telecom Services,PNK,2.26,0,6878848000,0.0001,2.26,2.28,0.0,-2.7,-19.56,-31.62,-20.17,0.0,49.0,3,2.75,1.89,-17.71,0.0,,8,,20261003
VFC,V.F. Corporation,Consumer Cyclical,Apparel Manufacturing,NYSE,14.33,7432907,5633618432,0.5085,14.11,16.99,0.4373,-15.24,-31.95,-20.84,-23.33,0.0,37.5,3,22.27,12.46,-35.65,0.0,,8,,20261003
AROC,"Archrock, Inc.",Energy,Oil & Gas Equipment & Services,NYSE,30.33,1748884,5318007296,0.9895,32.47,33.41,-2.1672,-19.12,-29.33,4.14,-13.39,0.0,22.0,4,42.23,22.88,-28.18,0.0,,8,,20261003
YACAF,Yancoal Australia Ltd,Energy,Thermal Coal,PNK,4.0,8487,5367991296,0.1261,4.24,4.45,-1.8831,-1.43,-48.92,-2.09,-18.32,0.0,33.75,3,6.14,3.22,-34.91,0.0,,8,,20261003
OGC,OceanaGold Corporation,Basic Materials,Gold,NYSE,27.11,549744,6030552576,1.1441,28.26,30.4,-1.0017,2.72,-33.12,7.11,-8.06,0.0,47.0,3,43.33,20.18,-37.43,0.0,,8,,20261003
NPO,Enpro Inc.,Industrials,Specialty Industrial Machinery,NYSE,332.56,188368,7039523840,11.2139,311.67,288.53,1.863,-5.15,14.19,29.59,15.52,0.0,62.5,2,390.42,202.0,-14.82,0.0,,8,,20261003
SWX,"Southwest Gas Holdings, Inc.",Utilities,Utilities - Regulated Gas,NYSE,82.69,558736,5990547968,1.5226,88.09,86.64,-3.5485,-8.78,-23.96,-7.1,-13.42,0.0,20.75,4,94.47,76.74,-12.47,0.0,,8,,20261003
HXL,Hexcel Corporation,Industrials,Aerospace & Defense,NYSE,86.41,937117,6534623232,2.4152,95.16,89.63,-3.6212,-17.25,-8.45,19.76,0.63,0.0,18.25,4,111.74,60.82,-22.67,0.0,,8,,20261003
BCUCY,Brunello Cucinelli S.p.A.,Consumer Cyclical,Luxury Goods,PNK,9.0,29465,6120000000,0.271,9.69,9.66,-2.5545,-7.86,-16.2,-31.49,-20.23,0.0,22.0,4,12.47,7.87,-27.83,0.0,,8,,20261003
GECFF,Gecina,Real Estate,REIT - Office,PNK,72.83,169,5388596736,0.2928,80.67,84.7,-26.7827,-17.93,-24.37,-43.11,-30.26,0.0,0.0,4,99.4,72.83,-26.73,0.0,,8,,20261003
RGEN,Repligen Corporation,Healthcare,Medical Instruments & Supplies,NASDAQ,181.7,1101511,10254352384,7.6151,169.67,143.51,1.5804,25.75,36.32,8.23,22.44,0.0,88.75,2,198.87,100.99,-8.63,0.0,,8,,20261003
KYMR,"Kymera Therapeutics, Inc.",Healthcare,Biotechnology,NASDAQ,107.39,685953,8833641472,5.1344,114.47,93.03,-1.3799,-9.12,7.8,80.09,32.49,0.0,61.25,3,130.05,55.26,-17.42,0.0,,8,,20261003
CAG,"Conagra Brands, Inc.",Consumer Defensive,Packaged Foods,NYSE,13.36,12962552,6378217984,0.4478,15.15,15.23,-4.0037,-4.71,-29.82,-41.68,-28.29,0.0,31.25,4,20.32,12.53,-34.25,0.0,,8,,20261003
BRBOF,Brembo N.V.,Consumer Cyclical,Auto Parts,PNK,11.0,9,3499241984,0.015,11.72,11.55,-48.2768,-17.43,-10.21,-16.02,-14.34,0.0,12.0,4,13.84,9.33,-20.52,0.0,,8,,20261003
TRSBF,3SBio Inc.,Healthcare,Biotechnology,PNK,2.15,0,5337746944,0.0006,2.15,2.38,0.0,10.32,-36.09,-46.41,-28.61,0.0,62.0,3,3.9,2.0,-44.87,0.0,,8,,20261003
SBFFF,SBM Offshore N.V.,Energy,Oil & Gas Equipment & Services,PNK,41.45,6,6850829824,0.063,39.48,36.64,31.3417,6.38,-0.64,38.18,16.64,0.0,75.0,2,44.1,26.0,-6.01,0.0,,8,,20261003
CORT,Corcept Therapeutics Incorporated,Healthcare,Biotechnology,NCM,116.23,1319511,12564277248,5.1044,113.0,69.92,0.6331,24.18,155.6,21.58,69.13,0.0,88.75,2,126.38,28.66,-8.03,0.0,,8,,20261003
INGR,Ingredion Incorporated,Consumer Defensive,Packaged Foods,NYSE,95.33,647679,6011889152,1.7446,100.58,105.32,-3.0107,-5.85,-31.92,-35.45,-26.81,0.0,22.0,4,123.49,93.97,-22.8,0.0,,8,,20261003
AACAY,AAC Technologies Holdings Inc.,Technology,Communication Equipment,PNK,5.02,17577,5672166400,0.1424,5.18,4.96,-1.1375,-3.1,-0.82,-29.59,-12.89,0.0,69.5,3,6.35,3.82,-20.94,0.0,,8,,20261003
LNWO,"Light & Wonder, Inc.",Consumer Cyclical,Gambling,PNK,76.9,21128,5750211072,2.3106,85.83,89.63,-3.8649,-0.16,-24.17,-25.47,-18.69,0.0,33.75,4,122.65,70.0,-37.3,0.0,,8,,20261003
CCOHF,China State Construction International Holdings Limited,Industrials,Engineering & Construction,PNK,0.95,171,5018105344,0.0025,0.97,1.08,-6.7024,-17.11,-36.05,-8.43,-20.27,0.0,12.0,4,1.22,0.88,-22.13,0.0,,8,,20261003
CENX,Century Aluminum Company,Basic Materials,Aluminum,NASDAQ,35.62,1891193,3526141184,1.794,43.82,50.5,-4.5728,-26.39,-61.02,4.78,-26.04,0.0,5.0,4,70.43,25.4,-49.42,0.0,,8,,20261003
VSH,"Vishay Intertechnology, Inc.",Technology,Semiconductors,NYSE,38.18,4444142,5856016896,1.8548,32.74,30.46,2.9355,-19.74,88.53,135.64,80.31,0.0,65.0,2,69.47,11.77,-45.04,0.0,,8,,20261003
SYRE,"Spyre Therapeutics, Inc.",Healthcare,Biotechnology,NASDAQ,93.19,1142380,8216912896,4.8728,95.98,67.63,-0.5719,2.32,77.91,449.78,207.76,0.0,52.0,3,110.17,15.86,-15.42,0.0,,8,,20261003
GPTGF,The GPT Group,Real Estate,REIT - Diversified,PNK,2.93,50,6512963584,0.0346,3.4,3.44,-13.445,-21.76,-14.78,-32.67,-23.68,0.0,0.0,4,3.83,2.84,-23.5,0.0,,8,,20261003
STWD,"Starwood Property Trust, Inc.",Real Estate,REIT - Mortgage,NYSE,13.05,4373069,4955984896,0.3193,15.17,16.05,-6.6304,-21.9,-37.26,-41.04,-34.93,0.0,3.75,4,19.57,12.9,-33.32,0.0,,8,,20261003
CLF,Cleveland-Cliffs Inc.,Basic Materials,Steel,NYSE,11.32,18606128,6458512896,0.6051,11.91,11.38,-0.9694,13.17,16.81,-25.38,-0.98,0.0,60.25,4,16.7,7.73,-32.22,0.0,,8,,20261003
S,"SentinelOne, Inc.",Technology,Software - Infrastructure,NYSE,25.06,7988371,8722110464,1.1261,21.51,16.68,3.1524,35.37,70.05,27.39,44.32,0.0,91.25,2,25.75,11.81,-2.68,0.0,,8,,20261003
MTLPF,Metlen Energy & Metals PLC,Utilities,Utilities - Diversified,PNK,57.3,6,8150983680,1.146,57.3,57.3,0.0,0.68,0.68,0.68,0.68,0.0,62.0,3,57.5,57.3,-0.35,0.0,,8,,20261003
STEP,StepStone Group Inc.,Financial Services,Asset Management,NASDAQ,45.27,1210223,5843630080,1.9895,47.58,50.84,-1.1628,0.99,-19.25,-43.12,-23.74,0.0,42.0,4,77.8,38.85,-41.81,0.0,,8,,20261003
UEC,Uranium Energy Corp.,Energy,Uranium,NYSE,9.3,8498223,4608937472,0.5873,10.79,13.03,-2.5339,-14.88,-49.41,-44.79,-38.93,0.0,5.0,4,20.34,8.91,-54.28,0.0,,8,,20261003
ROAD,"Construction Partners, Inc.",Industrials,Engineering & Construction,NASDAQ,91.08,866796,5169296384,4.0236,104.16,113.66,-3.2514,-18.44,-31.93,-43.38,-33.14,0.0,7.5,4,151.0,88.47,-39.68,0.0,,8,,20261003
PTGX,"Protagonist Therapeutics, Inc.",Healthcare,Biotechnology,NASDAQ,140.06,632342,9063042048,5.0391,144.98,111.23,-0.9766,3.81,17.01,102.46,47.89,0.0,70.75,3,160.81,62.24,-12.9,0.0,,8,,20261003
PRIM,Primoris Services Corporation,Industrials,Engineering & Construction,NYSE,79.08,1272561,4290480384,3.3772,77.92,118.72,0.3438,-14.93,-64.35,-59.57,-50.08,0.0,36.25,3,205.5,65.0,-61.52,0.0,,8,,20261003
TMNSF,Temenos AG,Technology,Software - Application,PNK,83.15,6,5764847104,0.1807,80.28,85.87,15.9096,2.7,-27.81,-11.96,-13.84,0.0,63.25,3,97.58,75.31,-14.79,0.0,,8,,20261003
COMP,"Compass, Inc.",Real Estate,Real Estate Services,NYSE,9.22,12891304,7077683712,0.506,11.07,10.09,-3.6637,-31.72,12.46,4.46,-1.78,0.0,18.25,4,13.96,6.37,-33.93,0.0,,8,,20261003
AN,"AutoNation, Inc.",Consumer Cyclical,Auto & Truck Dealerships,NYSE,162.46,493923,5371058688,7.414,196.83,198.62,-4.636,-17.52,-35.76,-43.71,-34.38,0.0,7.5,4,235.81,152.86,-31.11,0.0,,8,,20261003
TFPM,Triple Flag Precious Metals Corp.,Basic Materials,Other Precious Metals & Mining,NYSE,30.61,527025,6305752576,1.0277,32.13,33.11,-1.4805,-0.76,-32.16,-13.87,-16.99,0.0,61.5,1,41.7,26.61,-26.59,0.0,,8,,20261003
KUMBF,Kumba Iron Ore Limited,Basic Materials,Steel,PNK,19.77,0,6329818112,0.0612,16.77,10.54,49.0508,63.72,68.22,454.17,221.47,0.0,75.0,2,21.74,15.68,-9.06,0.0,,8,,20261003
EFGIF,EFG International AG,Financial Services,Banks - Diversified,PNK,19.5,1,5867272704,0.0228,20.34,22.2,-36.8927,-9.98,-26.36,-15.83,-18.05,0.0,12.0,4,25.12,19.5,-22.39,0.0,,8,,20261003
RADLY,Raia Drogasil S.A.,Healthcare,Pharmaceutical Retailers,PNK,3.76,101363,6574496256,0.1491,3.67,4.12,0.5958,-0.48,-28.63,-3.37,-11.49,0.0,69.5,3,5.34,3.1,-29.61,0.0,,8,,20261003
LAD,"Lithia Motors, Inc.",Consumer Cyclical,Auto & Truck Dealerships,NYSE,307.77,294987,6765743616,13.7565,355.74,311.11,-3.4869,-2.92,4.74,-20.51,-7.28,0.0,44.5,3,439.49,239.78,-29.97,0.0,,8,,20261003
RSI,"Rush Street Interactive, Inc.",Consumer Cyclical,Gambling,NYSE,20.01,2904568,4887383040,1.1295,25.2,24.0,-4.5983,-40.59,-29.72,-16.58,-27.18,0.0,7.5,4,34.53,15.51,-42.05,0.0,,8,,20261003
DFILF,DFI Retail Group Holdings Limited,Consumer Defensive,Grocery Stores,PNK,3.65,0,4942362624,0.0009,3.63,3.95,26.4997,-0.97,-35.44,33.95,0.93,0.0,62.0,3,5.2,2.47,-29.81,0.0,,8,,20261003
ZLNDY,Zalando SE,Consumer Cyclical,Internet Retail,PNK,12.46,37047,6086028288,0.2967,13.7,13.5,-4.1815,-22.41,-14.91,-35.84,-25.16,0.0,19.5,4,17.37,10.84,-28.27,0.0,,8,,20261003
LDSCY,Land Securities Group Plc,Real Estate,REIT - Diversified,PNK,8.1,92549,6710856704,0.2169,9.09,8.43,-4.5427,-11.69,-5.24,-10.36,-8.9,0.0,18.25,4,9.98,6.88,-18.84,0.0,,8,,20261003
CEVMY,CTS Eventim AG & Co. KGaA,Communication Services,Entertainment,PNK,15.0,595,5759477760,0.3548,16.15,17.37,-3.2336,-7.76,1.38,-50.97,-21.84,0.0,25.0,4,24.43,12.87,-38.6,0.0,,8,,20261003
FLR,Fluor Corporation,Industrials,Engineering & Construction,NYSE,49.9,2430787,6673679360,1.9814,52.57,48.81,-1.3472,-5.73,-12.09,0.05,-5.65,0.0,56.25,3,58.35,39.33,-14.48,0.0,,8,,20261003
SMBMF,Seatrium Limited,Energy,Oil & Gas Equipment & Services,PNK,1.62,2114,5489758208,0.0402,1.62,1.72,-0.1128,9.03,-25.39,-25.86,-16.98,0.0,27.75,4,2.14,1.12,-24.3,0.0,,8,,20261003
GMKKY,"Gruma, S.A.B. de C.V.",Consumer Defensive,Packaged Foods,PNK,12.85,653,4311546368,0.6716,15.08,17.22,-3.3217,-26.7,-51.53,-46.12,-43.16,0.0,3.75,4,19.75,12.85,-34.94,0.0,,8,,20261003
KLAR,Klarna Group plc,Financial Services,Credit Services,NYSE,12.51,5758261,4743292416,0.5126,15.72,18.04,-6.262,-39.77,-24.24,-82.78,-51.54,0.0,3.75,4,44.75,12.06,-72.04,0.0,,8,,20261003
IMCDY,IMCD N.V.,Basic Materials,Specialty Chemicals,PNK,53.8,27920,6353237504,0.9181,55.41,50.56,-1.7565,7.66,-11.49,-13.35,-7.45,0.0,70.75,3,61.56,39.76,-12.61,0.0,,8,,20261003
AXTA,Axalta Coating Systems Ltd.,Basic Materials,Specialty Chemicals,NYSE,32.2,1717392,6891444224,0.8289,35.02,32.16,-3.4076,-10.72,2.11,-1.71,-2.63,0.0,33.75,3,38.61,24.94,-16.6,0.0,,8,,20261003
URBN,"Urban Outfitters, Inc.",Consumer Cyclical,Apparel Retail,NASDAQ,80.8,1116511,6921342976,2.5237,76.86,72.27,1.5593,13.78,7.19,-5.7,3.68,0.0,86.25,2,85.43,59.54,-5.42,0.0,,8,,20261003
MHK,"Mohawk Industries, Inc.",Consumer Cyclical,"Furnishings, Fixtures & Appliances",NYSE,126.41,967798,8562779136,4.2262,128.45,115.2,-0.4826,6.1,12.64,-18.32,-1.38,0.0,73.25,3,140.3,92.99,-9.9,0.0,,8,,20261003
FNB,F.N.B. Corporation,Financial Services,Banks - Regional,NYSE,17.45,4799342,6211571200,0.3306,18.36,17.66,-2.7636,-11.02,-12.92,-4.39,-9.04,0.0,32.75,4,19.59,14.46,-10.92,0.0,,8,,20261003
GTX,Garrett Motion Inc.,Consumer Cyclical,Auto Parts,NASDAQ,27.07,2461907,5048376320,0.8551,27.73,24.67,-0.7756,-20.89,29.89,83.45,38.62,0.0,50.75,3,36.25,12.26,-25.32,0.0,,8,,20261003
MGHTF,Mercury NZ Limited,Utilities,Utilities - Renewable,PNK,4.37,0,6227428352,0.0028,4.27,4.03,35.5494,1.21,-4.36,4.25,0.48,0.0,75.0,2,4.37,2.02,-0.0,0.0,,8,,20261003
UGP,Ultrapar Participações S.A.,Energy,Oil & Gas Refining & Marketing,NYSE,7.45,3878849,7938869248,0.2257,6.76,5.44,3.0748,39.09,18.55,77.33,47.2,0.0,88.75,2,7.78,3.6,-4.24,0.0,,8,,20261003
DLKGF,Delek Group Ltd.,Energy,Oil & Gas E&P,PNK,29.78,41,5407113728,1.3095,28.01,230.18,1.3544,-92.34,-109.43,-104.25,-103.09,0.0,25.0,3,381.31,26.31,-92.19,0.0,,8,,20261003
GTES,Gates Industrial Corporation Ltd.,Industrials,Specialty Industrial Machinery,NYSE,27.65,1833338,6999629824,0.8695,26.62,25.36,1.1901,-0.86,7.51,-6.7,-0.27,0.0,62.5,2,30.34,20.88,-8.87,0.0,,8,,20261003
GGPSF,Greatland Resources Limited,Basic Materials,Gold,PNK,7.15,2539,4822603264,0.4144,8.12,4.86,-2.3465,-15.07,3468.93,7394.62,4168.2,0.0,40.75,3,10.99,0.23,-34.96,0.0,,8,,20261003
WWNTY,Want Want China Holdings Limited,Consumer Defensive,Packaged Foods,PNK,19.68,33,4591411200,0.3456,20.25,25.36,-1.6601,-7.56,-43.92,-60.63,-41.51,0.0,12.0,4,36.79,16.6,-46.51,0.0,,8,,20261003
GBCI,"Glacier Bancorp, Inc.",Financial Services,Banks - Regional,NYSE,43.91,1068711,5717606912,0.9117,46.97,47.44,-3.3576,-18.6,-20.14,-22.62,-20.74,0.0,23.25,4,54.58,39.9,-19.55,0.0,,8,,20261003
SQNNY,"Square Enix Holdings Co., Ltd.",Communication Services,Electronic Gaming & Multimedia,PNK,9.28,525,6694137344,0.3172,9.23,8.55,0.1598,23.98,-6.66,-35.59,-10.57,0.0,80.0,2,11.66,6.75,-20.41,0.0,,8,,20261003
OMF,"OneMain Holdings, Inc.",Financial Services,Credit Services,NYSE,56.02,977509,6444623360,1.4532,61.77,58.04,-3.9534,-7.92,-10.63,-8.57,-9.13,0.0,42.0,4,71.93,45.78,-22.12,0.0,,8,,20261003
DBX,"Dropbox, Inc.",Technology,Software - Infrastructure,NASDAQ,33.9,4203974,7371305472,1.2731,34.32,28.2,-0.3286,16.21,26.92,-1.54,12.86,0.0,74.5,3,38.17,21.7,-11.19,0.0,,8,,20261003
EXP,Eagle Materials Inc.,Basic Materials,Building Materials,NYSE,171.36,444104,5256523776,5.0633,195.75,206.77,-4.8164,-23.82,-26.55,-41.83,-31.98,0.0,8.75,4,245.53,167.32,-30.21,0.0,,8,,20261003
PNDRY,Pandora A/S,Consumer Cyclical,Luxury Goods,PNK,14.87,25669,8898283520,0.3681,15.68,12.14,-2.2059,-1.27,43.33,-21.92,6.08,0.0,65.0,3,17.46,8.25,-14.83,0.0,,8,,20261003
INGM,Ingram Micro Holding Corporation,Technology,Information Technology Services,NYSE,28.5,1509479,6556051456,1.001,27.9,25.67,0.6012,6.13,-2.08,14.05,6.42,0.0,63.75,2,31.69,19.03,-10.07,0.0,,8,,20261003
BSDGY,Bosideng International Holdings Limited,Consumer Cyclical,Apparel Manufacturing,PNK,25.27,37,5884172800,0.1712,27.9,26.8,-15.3378,2.88,-10.45,-27.36,-13.88,0.0,37.0,4,33.25,22.98,-24.0,0.0,,8,,20261003
SSRM,SSR Mining Inc.,Basic Materials,Gold,NASDAQ,33.27,2755726,6784062976,1.4813,33.75,29.43,-0.3258,5.99,-12.5,23.01,6.33,0.0,69.5,3,39.44,18.19,-15.64,0.0,,8,,20261003
TKCOF,"Toho Co., Ltd.",Communication Services,Entertainment,PNK,10.25,21,8526475264,0.1805,3.58,-0.04,36.934,-619.65,-559.95,1002.51,50.11,0.0,62.0,3,12.93,7.34,-20.7,0.0,,8,,20261003
RYN,Rayonier Inc.,Real Estate,REIT - Specialty,NYSE,18.06,3107433,5404446208,0.4544,20.45,20.79,-5.2605,-18.01,-30.19,-41.56,-31.69,0.0,8.75,4,27.06,17.91,-33.26,0.0,,8,,20261003
BTG,B2Gold Corp.,Basic Materials,Gold,NYSE,5.2,24535998,6869567488,0.2135,5.06,4.75,0.6649,26.16,-7.06,-11.08,-0.36,0.0,87.5,2,6.29,3.57,-17.33,0.0,,8,,20261003
KTWIY,Kurita Water Industries Ltd.,Industrials,Pollution & Treatment Controls,PNK,97.0,338,5223291904,1.2656,102.69,97.0,-4.4964,-19.29,2591.55,2591.55,1938.84,0.0,27.5,3,122.41,3.58,-20.76,0.0,,8,,20261003
CPB,The Campbell's Company,Consumer Defensive,Packaged Foods,NASDAQ,19.62,6853271,5851364864,0.6717,21.77,22.47,-3.1937,-15.01,-26.14,-50.32,-33.03,0.0,11.25,4,32.04,19.1,-38.76,0.0,,8,,20261003
VSNT,"Versant Media Group, Inc.",Communication Services,Entertainment,NASDAQ,30.94,1716122,4305922560,1.1365,36.58,36.61,-4.9589,-18.58,-33.42,-44.26,-34.04,0.0,7.5,4,59.0,27.17,-47.56,0.0,,8,,20261003
ALKS,Alkermes plc,Healthcare,Drug Manufacturers - Specialty & Generic,NASDAQ,41.75,1800428,7004116480,1.4689,46.95,39.09,-3.5404,-26.98,1.89,19.84,1.85,0.0,33.75,3,55.67,27.0,-25.0,0.0,,8,,20261003
DSGX,The Descartes Systems Group Inc.,Technology,Software - Application,NASDAQ,80.08,589842,6850728448,2.8215,77.81,74.74,0.8033,6.81,-5.82,-28.87,-11.88,0.0,88.75,2,98.35,62.56,-18.58,0.0,,8,,20261003
KTWIF,Kurita Water Industries Ltd.,Industrials,Pollution & Treatment Controls,PNK,48.1,39,5180213248,0.1749,49.85,49.21,-10.0235,-22.31,-17.89,32.24,1.06,0.0,24.0,4,60.37,34.03,-20.32,0.0,,8,,20261003
MONOY,"MonotaRO Co., Ltd.",Consumer Cyclical,Internet Retail,PNK,13.01,67906,6396771328,0.4005,12.11,12.42,2.2429,7.04,0.97,-26.16,-8.36,0.0,86.25,3,16.76,10.26,-22.37,0.0,,8,,20261003
NNCHY,Nissan Chemical Corporation,Basic Materials,Chemicals,PNK,51.13,96,6820651520,0.8707,49.13,43.16,2.2966,0.15,6.26,13.5,7.62,0.0,75.0,2,57.3,31.68,-10.77,0.0,,8,,20261003
SATLF,"ZOZO, Inc.",Consumer Cyclical,Internet Retail,PNK,6.57,12,5719127552,1.2393,-12.56,1.07,15.4354,-147.78,-160.97,-95.6,-131.52,0.0,62.0,3,9.37,6.52,-29.89,0.0,,8,,20261003
EDNMY,Edenred SE,Financial Services,Credit Services,PNK,15.38,13952,4925489152,0.4174,16.47,12.46,-2.6177,12.94,45.08,17.92,26.18,0.0,55.0,3,17.8,8.6,-13.6,0.0,,8,,20261003
BSDGF,Bosideng International Holdings Limited,Consumer Cyclical,Apparel Manufacturing,PNK,0.5,3663,5658306048,0.0378,0.56,0.54,-1.5607,-11.21,-19.28,-28.4,-20.91,0.0,23.25,4,0.69,0.42,-27.33,0.0,,8,,20261003
AUGO,Aura Minerals Inc.,Basic Materials,Gold,NASDAQ,81.95,968941,6870428672,4.3023,78.12,71.69,0.89,19.42,-22.65,111.25,41.43,0.0,85.0,2,110.32,29.11,-25.72,0.0,,8,,20261003
DELKY,Delek Group Ltd.,Energy,Oil & Gas E&P,PNK,27.97,655,5078474240,0.6128,27.84,28.61,0.2089,4.34,-26.12,16.04,-1.64,0.0,64.5,3,54.0,23.78,-48.2,0.0,,8,,20261003
PCCWY,PCCW Limited,Communication Services,Telecom Services,PNK,6.56,388,4850099712,0.1106,6.81,6.91,-2.271,-2.99,-24.94,-12.21,-14.36,0.0,25.25,4,8.31,6.26,-21.06,0.0,,8,,20261003
SCOTF,Scout24 SE,Communication Services,Internet Content & Information,PNK,76.49,1,5409027072,0.4533,84.15,97.28,-16.8957,-12.85,-49.69,-54.24,-42.3,0.0,0.0,4,126.25,76.49,-39.41,0.0,,8,,20261003
SFGYY,Sony Financial Group Inc.,Financial Services,Insurance - Life,PNK,4.69,89973,6292522496,0.1879,4.96,4.77,-1.4551,0.61,-15.39,-28.33,-16.57,0.0,54.5,3,5.69,4.05,-17.57,0.0,,8,,20261003
PHJMF,PT Hanjaya Mandala Sampoerna Tbk,Consumer Defensive,Tobacco,PNK,0.06,42034,6979084288,0.0014,0.04,0.05,11.5007,17.3,2.05,33.62,18.49,0.0,62.0,3,0.08,0.03,-25.0,0.0,,8,,20261003
LB,LandBridge Company LLC,Energy,Oil & Gas E&P,NYSE,83.79,279634,6563723776,3.0598,82.44,70.13,0.4422,9.32,3.44,35.37,17.68,0.0,87.5,2,91.69,43.75,-8.62,0.0,,8,,20261003
FSV,FirstService Corporation,Real Estate,Real Estate Services,NASDAQ,129.13,207793,5639077376,3.4142,138.0,143.41,-2.5977,-13.21,-25.11,-47.11,-30.93,0.0,22.0,4,190.1,119.41,-32.07,0.0,,8,,20261003
MTHRY,"M3, Inc.",Healthcare,Health Information Services,PNK,5.5,120590,7329479168,0.2911,5.47,5.4,0.1114,-8.36,-11.36,-45.04,-24.08,0.0,58.75,3,8.85,3.97,-37.85,0.0,,8,,20261003
PCTY,Paylocity Holding Corporation,Technology,Software - Application,NASDAQ,144.47,717163,7998726144,4.5997,146.47,125.07,-0.4356,24.29,18.16,-22.03,3.62,0.0,70.75,3,161.93,92.99,-10.78,0.0,,8,,20261003
LW,"Lamb Weston Holdings, Inc.",Consumer Defensive,Packaged Foods,NYSE,43.6,1610771,5994265088,1.5665,50.21,45.36,-4.2193,-7.4,-5.34,-43.89,-21.28,0.0,19.5,4,67.07,37.62,-34.99,0.0,,8,,20261003
CTXAY,Ampol Limited,Energy,Oil & Gas Refining & Marketing,PNK,61.34,4593,7163003392,1.3772,57.34,46.89,2.9052,35.37,21.08,41.34,32.76,0.0,85.0,2,66.1,37.3,-7.2,0.0,,8,,20261003
SOMMY,"Sumitomo Chemical Company, Limited",Basic Materials,Chemicals,PNK,18.62,671,6065675776,0.3018,17.38,16.68,4.1192,8.0,-3.36,-0.8,0.5,0.0,78.75,2,20.6,13.83,-9.61,0.0,,8,,20261003
LNNGY,Li Ning Company Limited,Consumer Cyclical,Leisure,PNK,39.15,22800,4047818496,2.225,42.76,54.98,-1.6239,-18.8,-59.07,-44.08,-43.01,0.0,20.0,4,74.18,37.49,-47.22,0.0,,8,,20261003
TTAN,"ServiceTitan, Inc.",Technology,Software - Application,NASDAQ,67.09,2295398,6472031232,4.2002,78.3,75.13,-2.6694,-16.45,-11.34,-50.39,-28.24,0.0,12.5,4,111.36,53.0,-39.75,0.0,,8,,20261003
GLAPF,Glanbia plc,Consumer Defensive,Packaged Foods,PNK,23.1,573,5474307072,0.5451,25.8,22.6,-4.9564,-20.05,0.51,23.11,4.41,0.0,28.75,3,28.81,15.99,-19.82,0.0,,8,,20261003
GATX,GATX Corporation,Industrials,Rental & Leasing Services,NYSE,171.03,222138,6038223872,4.5817,178.13,178.43,-1.5502,-6.15,-19.08,-16.93,-14.99,0.0,61.5,3,205.56,150.42,-16.8,0.0,,8,,20261003
OSCR,"Oscar Health, Inc.",Healthcare,Healthcare Plans,NYSE,30.94,5224111,9549475840,1.6497,30.76,21.93,0.1074,-4.29,141.62,47.32,67.42,0.0,88.75,2,34.48,10.69,-10.27,0.0,,8,,20261003
RYTM,"Rhythm Pharmaceuticals, Inc.",Healthcare,Biotechnology,NASDAQ,92.83,643034,6391538688,3.7517,105.41,98.89,-3.3536,-19.58,-10.37,-23.56,-17.95,0.0,23.25,4,122.2,74.5,-24.03,0.0,,8,,20261003
VNO,Vornado Realty Trust,Real Estate,REIT - Office,NYSE,33.73,1467644,6680186880,1.0066,37.21,33.35,-3.454,-19.82,15.11,-32.74,-12.76,0.0,33.75,3,41.85,24.57,-19.4,0.0,,8,,20261003
MIRM,"Mirum Pharmaceuticals, Inc.",Healthcare,Biotechnology,NASDAQ,82.93,677369,5384827904,3.8198,98.2,98.25,-3.9969,-34.67,-29.88,-2.78,-20.24,0.0,7.5,4,130.0,63.23,-36.21,0.0,,8,,20261003
GIGNF,Genting Singapore Limited,Consumer Cyclical,Resorts & Casinos,PNK,0.52,0,6273094144,0.0002,0.51,0.5,35.2179,0.48,-5.4,-21.3,-10.29,0.0,75.0,2,0.61,0.44,-14.75,0.0,,8,,20261003
DFYFF,Definity Financial Corporation,Financial Services,Insurance - Property & Casualty,PNK,49.33,1407,5924819968,0.2054,53.62,51.26,-20.9118,-7.57,-18.0,-20.44,-16.37,0.0,12.0,4,57.26,45.54,-13.85,0.0,,8,,20261003
SCCTY,Scout24 SE,Communication Services,Internet Content & Information,PNK,41.35,28467,5848169984,1.6693,43.41,44.28,-1.2366,-8.31,-18.47,-50.65,-28.8,0.0,35.25,4,64.15,35.68,-35.54,0.0,,8,,20261003
MDA,MDA Space Ltd.,Industrials,Aerospace & Defense,NYSE,29.89,1513998,4846089728,1.376,30.96,29.89,-0.7775,-31.72,-8.1,-19.41,-18.53,0.0,52.0,3,49.37,23.23,-39.46,0.0,,8,,20261003
PACS,"PACS Group, Inc.",Healthcare,Medical Care Facilities,NYSE,42.85,812290,6784680960,1.6377,44.02,38.97,-0.7165,-7.48,15.37,189.04,79.13,0.0,45.75,3,49.49,10.31,-13.42,0.0,,8,,20261003
ACT,"Enact Holdings, Inc.",Financial Services,Insurance - Specialty,NASDAQ,45.26,388412,6222510592,1.1823,48.28,43.32,-2.553,-3.16,-7.34,5.7,-1.08,0.0,60.0,3,50.56,34.64,-10.48,0.0,,8,,20261003
UBSI,"United Bankshares, Inc.",Financial Services,Banks - Regional,NASDAQ,47.04,974928,6405594112,0.7986,47.43,43.41,-0.4824,-0.7,-3.73,15.8,4.84,0.0,73.25,3,49.62,34.1,-5.2,0.0,,8,,20261003
EDNMF,Edenred SE,Financial Services,Credit Services,PNK,25.2,0,4778869760,0.0003,25.2,23.27,0.0,-2.7,-3.09,-9.6,-5.6,0.0,62.0,3,48.6,20.6,-48.15,0.0,,8,,20261003
SKSUF,"Sekisui Chemical Co., Ltd.",Industrials,Conglomerates,PNK,15.7,34,6339674624,2.7199,-21.92,-0.75,13.8323,-171.89,-177.42,-75.59,-135.3,0.0,63.25,3,19.69,14.69,-20.26,0.0,,8,,20261003
TGTX,"TG Therapeutics, Inc.",Healthcare,Biotechnology,NCM,54.29,2036103,8310907904,2.2703,53.71,41.32,0.2565,-4.83,43.97,32.12,27.03,0.0,85.0,2,59.3,26.76,-8.45,0.0,,8,,20261003
MSM,"MSC Industrial Direct Co., Inc.",Industrials,Industrial Distribution,NYSE,130.12,684433,0,3.1775,121.9,104.43,2.5879,5.5,28.57,31.62,24.02,0.0,75.75,2,132.32,78.8,-1.66,0.0,,8,,20261003
AZIHF,Azimut Holding S.p.A.,Financial Services,Asset Management,PNK,43.76,590,6144676864,0.8631,44.99,41.95,-1.4195,-0.59,6.43,-2.34,1.17,0.0,65.75,3,48.3,35.82,-9.4,0.0,,8,,20261003
CHDN,Churchill Downs Incorporated,Consumer Cyclical,Gambling,NASDAQ,76.05,1032400,5300703232,2.7339,85.21,91.23,-3.3519,-17.48,-32.57,-37.36,-30.71,0.0,7.5,4,118.35,73.98,-35.74,0.0,,8,,20261003
SGHDY,"SG Holdings Co.,Ltd.",Industrials,Integrated Freight & Logistics,PNK,9.65,0,5758517248,0.0002,9.65,9.46,0.0,-2.83,-22.58,-6.75,-11.31,0.0,75.0,3,11.22,8.93,-14.01,0.0,,8,,20261003
SKHCF,Sonic Healthcare Limited,Healthcare,Diagnostics & Research,PNK,13.0,61,6884726784,0.2297,13.67,13.49,-2.9067,3.6,-15.97,-22.52,-13.7,0.0,49.0,4,16.1,11.67,-19.25,0.0,,8,,20261003
ACA,"Arcosa, Inc.",Industrials,Engineering & Construction,NYSE,146.5,678734,7194147328,0.4562,145.47,127.13,2.266,-1.89,18.18,41.99,22.69,0.0,83.75,2,146.92,89.03,-0.29,0.0,,8,,20261003
NBCLF,"Nitto Boseki Co., Ltd.",Consumer Cyclical,Textile Manufacturing,PNK,22.3,4077,4059170816,1.3944,9.27,22.3,9.3457,123.11,93.37,1551.92,684.23,0.0,88.75,3,40.4,13.2,-44.8,0.0,,8,,20261003
GRGDF,Groupe Dynamite Inc.,Consumer Cyclical,Apparel Retail,PNK,36.62,6847,3983721472,0.5169,41.19,51.67,-8.8389,-6.22,-48.92,-27.02,-29.49,0.0,26.25,4,70.53,32.22,-48.08,0.0,,8,,20261003
WH,"Wyndham Hotels & Resorts, Inc.",Consumer Cyclical,Lodging,NYSE,71.79,1270166,5327616512,2.0493,72.18,77.42,-0.1898,-14.32,-29.54,-25.0,-23.92,0.0,32.75,4,90.35,66.87,-20.54,0.0,,8,,20261003
ETSY,"Etsy, Inc.",Consumer Cyclical,Internet Retail,NYSE,72.77,3027660,6678957056,3.0369,78.38,65.68,-1.8479,-5.75,22.97,-13.15,1.34,0.0,33.75,3,87.97,44.0,-17.28,0.0,,8,,20261003
MRCY,"Mercury Systems, Inc.",Industrials,Aerospace & Defense,NASDAQ,84.87,696726,5165492736,3.6441,92.78,91.86,-2.1705,-33.74,-3.6,-11.83,-14.43,0.0,20.75,4,128.45,65.04,-33.93,0.0,,8,,20261003
TAL,TAL Education Group,Consumer Defensive,Education & Training Services,NYSE,12.06,4624133,6689697280,0.3512,11.81,11.06,0.7084,19.0,-10.27,-8.8,-2.36,0.0,88.75,2,13.37,8.88,-9.8,0.0,,8,,20261003
OUT,OUTFRONT Media Inc.,Real Estate,REIT - Specialty,NYSE,28.7,1661046,5055081984,0.6425,29.5,28.44,-1.2513,-13.42,-9.85,49.62,13.05,0.0,47.0,3,34.96,16.97,-17.91,0.0,,8,,20261003
VOPKY,Koninklijke Vopak N.V.,Energy,Oil & Gas Midstream,PNK,55.58,50,6333964288,0.1578,54.14,50.22,9.1357,4.77,-8.45,14.63,4.08,0.0,75.0,2,57.92,42.45,-4.04,0.0,,8,,20261003
SLFPY,Aberdeen Group Plc,Financial Services,Asset Management,PNK,13.13,42,5878772224,0.0391,13.27,11.84,-3.5248,2.04,7.84,16.9,10.01,0.0,62.0,3,13.6,10.03,-3.46,0.0,,8,,20261003
RKWBF,Rockwool A/S,Industrials,Building Products & Equipment,PNK,30.2,30,6259229184,0.2862,31.49,29.18,-4.5078,-9.42,10.92,-16.87,-5.28,0.0,62.0,3,39.2,27.49,-22.96,0.0,,8,,20261003
SMBMY,Seatrium Limited,Energy,Oil & Gas Equipment & Services,PNK,15.41,21,5221505024,0.0153,15.58,15.99,-11.3782,-0.11,-14.11,-28.7,-16.45,0.0,49.0,4,20.68,15.0,-25.51,0.0,,8,,20261003
ZLDSF,Zalando SE,Consumer Cyclical,Internet Retail,PNK,26.4,7,6447477760,0.0041,26.24,27.72,39.7084,-1.3,-30.63,-25.23,-21.14,0.0,62.0,3,31.01,22.73,-14.87,0.0,,8,,20261003
CAR,"Avis Budget Group, Inc.",Industrials,Rental & Leasing Services,NASDAQ,111.22,424798,3928930304,5.8776,132.7,156.05,-3.654,-32.48,-59.54,-46.43,-47.53,0.0,10.0,4,847.7,85.96,-86.88,0.0,,8,,20261003
BYD,Boyd Gaming Corporation,Consumer Cyclical,Resorts & Casinos,NYSE,67.25,969085,4886076928,1.7787,78.7,83.03,-6.4384,-26.8,-37.25,-38.37,-35.09,0.0,7.5,4,91.41,65.0,-26.43,0.0,,8,,20261003
EAT,"Brinker International, Inc.",Consumer Cyclical,Restaurants,NYSE,202.0,1204031,8460014592,9.0753,219.3,169.89,-1.9058,11.89,21.66,45.16,28.62,0.0,60.0,3,254.99,100.3,-20.78,0.0,,8,,20261003
ONEXF,Onex Corporation,Financial Services,Asset Management,PNK,73.07,11385,5574253056,1.3658,79.14,78.72,-4.447,-10.72,-19.34,-32.1,-22.29,0.0,45.75,4,92.45,69.26,-20.96,0.0,,8,,20261003
TFX,Teleflex Incorporated,Healthcare,Medical Instruments & Supplies,NYSE,124.12,639376,5259261952,3.8436,133.01,123.54,-2.3137,-10.06,-12.06,-15.1,-12.78,0.0,30.0,3,145.0,100.18,-14.4,0.0,,8,,20261003
WKCMF,Wacker Chemie AG,Basic Materials,Specialty Chemicals,PNK,98.65,46,4900733440,0.4871,104.31,100.18,-11.627,-8.12,-13.37,14.68,-0.84,0.0,12.0,4,122.41,73.2,-19.41,0.0,,8,,20261003
HLPPF,Hang Lung Properties Limited,Real Estate,Real Estate Services,PNK,0.93,6,6139637248,0.0015,0.99,1.1,-40.2754,-21.74,-36.99,-29.42,-30.15,0.0,0.0,4,1.2,0.91,-22.75,0.0,,8,,20261003
KIROY,Kumba Iron Ore Limited,Basic Materials,Steel,PNK,4.55,47436,4370797056,0.1732,5.01,6.05,-2.671,-24.61,-45.19,-40.05,-37.99,0.0,12.5,4,8.47,4.43,-46.28,0.0,,8,,20261003
WAWIF,Wallenius Wilhelmsen ASA,Industrials,Marine Shipping,PNK,17.5,139,7400244736,0.0554,16.42,13.27,19.4582,26.54,26.19,74.48,45.59,0.0,75.0,2,17.75,7.29,-1.41,0.0,,8,,20261003
SNDR,"Schneider National, Inc.",Industrials,Trucking,NYSE,32.89,765673,5765646336,0.9406,34.31,31.42,-1.509,-10.35,4.41,43.55,16.38,0.0,48.25,3,39.27,20.11,-16.25,0.0,,8,,20261003
SFRRF,Sandfire Resources Limited,Basic Materials,Copper,PNK,15.47,65,7239257088,0.0618,15.08,13.09,6.2332,6.13,14.52,75.66,36.88,0.0,75.0,2,16.5,8.25,-6.24,0.0,,8,,20261003
PREKF,PrairieSky Royalty Ltd.,Energy,Oil & Gas E&P,PNK,23.32,50952,5420570624,0.4536,24.95,22.96,-3.5974,3.57,-15.19,11.43,0.15,0.0,57.5,3,28.07,17.09,-16.92,0.0,,8,,20261003
LOAR,Loar Holdings Inc.,Industrials,Aerospace & Defense,NYSE,61.72,665082,5782452736,2.56,69.26,67.27,-2.9458,-26.77,-9.74,-38.63,-25.55,0.0,18.25,4,83.43,53.15,-26.02,0.0,,8,,20261003
CHE,Chemed Corporation,Healthcare,Medical Care Facilities,NYSE,507.5,160706,6633005056,12.7235,523.15,454.2,-1.23,3.06,15.75,-0.59,6.04,0.0,73.25,3,557.0,365.21,-8.89,0.0,,8,,20261003
APPF,"AppFolio, Inc.",Technology,Software - Application,NASDAQ,202.97,364569,7188587008,7.7689,206.46,185.74,-0.4498,12.59,11.24,-37.26,-7.82,0.0,74.5,3,265.02,142.56,-23.41,0.0,,8,,20261003
VOPKF,Koninklijke Vopak N.V.,Energy,Oil & Gas Midstream,PNK,55.35,844,6307752448,0.1785,54.6,51.93,4.2216,1.05,-12.6,6.28,-1.64,0.0,75.0,2,56.35,42.85,-1.77,0.0,,8,,20261003
XYIGY,Xinyi Glass Holdings Limited,Basic Materials,Building Materials,PNK,21.08,119,4665399808,0.3542,22.77,23.24,-4.7965,-4.23,-33.68,-17.07,-19.67,0.0,38.25,3,29.99,19.75,-29.73,0.0,,8,,20261003
TOITF,Topicus.com Inc.,Technology,Software - Infrastructure,PNK,62.4,29577,13302474752,1.9664,69.72,72.16,-3.7243,-5.98,-28.02,-58.53,-34.71,0.0,7.5,4,114.25,59.25,-45.38,0.0,,8,,20261003
PUTKF,PT United Tractors Tbk,Basic Materials,Other Industrial Metals & Mining,PNK,1.6,0,5588950016,0.0,1.6,1.62,0.0,-2.7,-18.88,-5.55,-9.5,0.0,49.0,3,1.82,1.45,-12.09,0.0,,8,,20261003
MTHRF,"M3, Inc.",Healthcare,Health Information Services,PNK,10.36,98,6905035776,0.0083,9.95,10.64,50.5752,18.48,-23.74,-41.12,-20.14,0.0,62.0,3,15.25,8.55,-32.05,0.0,,8,,20261003
CZR,"Caesars Entertainment, Inc.",Consumer Cyclical,Resorts & Casinos,NASDAQ,29.65,3954015,6042080768,0.1069,29.72,27.15,-0.6958,-4.32,-6.19,-2.12,-4.1,0.0,45.75,3,30.88,17.86,-3.98,0.0,,8,,20261003
CDEVY,City Developments Limited,Real Estate,Real Estate - Development,PNK,5.52,1861,5038785536,0.2723,6.13,6.39,-2.2442,-11.52,-27.16,-2.03,-13.2,0.0,27.5,3,8.2,5.04,-32.68,0.0,,8,,20261003
MAC,The Macerich Company,Real Estate,REIT - Retail,NYSE,23.05,3233074,6800449536,0.4983,23.77,21.49,-1.4443,-10.83,1.77,15.91,4.28,0.0,48.25,3,26.68,16.03,-13.61,0.0,,8,,20261003
TKMCY,TKMS AG & Co KGaA,Unknown,Unknown,PNK,9.3,745,0,0.6796,9.3,9.3,0.0,-0.99,-0.99,-0.99,-0.99,0.0,63.32,3,12.71,8.31,-26.83,0.0,,8,,20261003
NJR,New Jersey Resources Corporation,Utilities,Utilities - Regulated Gas,NYSE,51.59,648685,5234731008,0.9928,53.89,53.01,-2.3129,-10.11,-24.05,-4.02,-12.56,0.0,29.0,4,60.86,43.46,-15.23,0.0,,8,,20261003
RRR,"Red Rock Resorts, Inc.",Consumer Cyclical,Resorts & Casinos,NASDAQ,50.31,869514,5131002880,1.9706,57.66,58.62,-3.7322,-24.98,-25.73,-30.79,-27.57,0.0,6.25,4,68.99,47.49,-27.08,0.0,,8,,20261003
MNTHY,Minth Group Limited,Consumer Cyclical,Auto Parts,PNK,58.3,2387,3414727680,1.326,66.67,82.02,-6.3151,-25.35,-51.32,-47.41,-43.26,0.0,8.75,4,118.24,58.23,-50.69,0.0,,8,,20261003
FLG,"Flagstar Bank, National Association",Financial Services,Banks - Regional,NYSE,11.7,4433336,4856586240,0.2799,13.33,13.61,-5.8113,-23.8,-31.03,-16.16,-23.27,0.0,5.0,4,15.44,10.57,-24.22,0.0,,8,,20261003
IBP,"Installed Building Products, Inc.",Consumer Cyclical,Residential Construction,NYSE,193.0,383493,5129780736,9.1817,224.5,253.88,-3.4303,-17.03,-45.85,-36.62,-34.95,0.0,10.0,4,349.0,186.64,-44.7,0.0,,8,,20261003
ASAAF,AT & S Austria Technologie & Systemtechnik Aktiengesellschaft,Technology,Electronic Components,PNK,225.9,85,8776214528,7.5904,183.16,116.81,5.6311,-3.56,283.34,767.88,405.43,0.0,51.25,2,261.24,25.56,-13.53,0.0,,8,,20261003
MRUWY,"Maruwa Co.,Ltd.",Technology,Electronic Components,PNK,15.19,40562,187442272,0.6813,14.0,15.19,1.7416,-12.34,-14.6,-14.6,-14.03,0.0,65.0,3,18.41,11.86,-17.47,0.0,,8,,20261003
SRRK,Scholar Rock Holding Corporation,Healthcare,Biotechnology,NASDAQ,46.81,1434174,5700769280,2.4495,52.1,48.4,-2.1597,-18.14,-24.35,18.6,-5.62,0.0,20.75,4,61.76,27.07,-24.21,0.0,,8,,20261003
POR,Portland General Electric Company,Utilities,Utilities - Regulated Electric,NYSE,44.55,1184469,5239425024,1.022,48.17,49.29,-3.5376,-16.0,-33.05,-9.04,-19.18,0.0,19.5,4,54.62,42.95,-18.44,0.0,,8,,20261003
NXST,"Nexstar Media Group, Inc.",Communication Services,Broadcasting,NASDAQ,155.42,349390,4788226048,5.8763,177.51,193.57,-3.7598,-16.82,-30.1,-34.13,-28.39,0.0,6.25,4,254.3,154.34,-38.88,0.0,,8,,20261003
PCWLF,PCCW Limited,Communication Services,Telecom Services,PNK,0.65,1088,4763324416,0.0279,0.69,0.69,-1.3816,-6.85,-25.26,-15.63,-16.81,0.0,30.25,4,0.81,0.61,-19.75,0.0,,8,,20261003
ENIC,Enel Chile S.A.,Utilities,Utilities - Renewable,NYSE,4.17,623436,5768491008,0.1089,4.4,4.23,-2.0929,-8.57,-12.07,-5.05,-8.39,0.0,17.0,4,4.74,3.62,-12.03,0.0,,8,,20261003
PSN,Parsons Corporation,Technology,Information Technology Services,NYSE,40.79,1373877,4356592128,1.6525,46.79,55.82,-3.6283,-31.7,-45.52,-68.53,-51.27,0.0,10.0,4,89.5,36.26,-54.42,0.0,,8,,20261003
CE,Celanese Corporation,Basic Materials,Chemicals,NYSE,44.19,1828804,4849804800,1.8532,45.22,51.21,-0.5551,-9.88,-48.89,-11.79,-24.29,0.0,18.25,4,70.7,35.13,-37.5,0.0,,8,,20261003
SFGRF,Sony Financial Group Inc.,Financial Services,Insurance - Life,PNK,0.98,401,6582326784,0.2933,-2.71,1.62,12.5721,-139.5,-152.5,-104.81,-130.17,0.0,37.0,3,1.11,0.63,-11.6,0.0,,8,,20261003
PEGA,Pegasystems Inc.,Technology,Software - Application,NASDAQ,33.93,2614753,5578259968,1.4274,33.79,39.37,0.0977,6.15,-37.98,-56.57,-34.38,0.0,60.0,3,68.1,25.1,-50.18,0.0,,8,,20261003
PIPR,Piper Sandler Companies,Financial Services,Capital Markets,NYSE,65.36,649557,4619010048,2.549,74.04,78.71,-3.4043,-12.85,-33.53,-37.06,-29.77,0.0,8.75,4,95.06,62.96,-31.25,0.0,,8,,20261003
TMSNY,Temenos AG,Technology,Software - Application,PNK,79.53,1626,5416452096,1.7495,86.25,88.75,-3.8404,-12.24,-27.18,-14.85,-18.51,0.0,10.0,4,107.27,74.88,-25.86,0.0,,8,,20261003
KMX,"CarMax, Inc.",Consumer Cyclical,Auto & Truck Dealerships,NYSE,54.92,2565493,7795498496,2.5952,59.29,48.19,-1.6844,6.68,15.26,2.91,8.17,0.0,60.0,3,65.28,30.26,-15.87,0.0,,8,,20261003
DFIHY,DFI Retail Group Holdings Limited,Consumer Defensive,Grocery Stores,PNK,15.24,6,4127211008,0.1563,18.09,18.75,-18.2403,-26.99,-45.76,-16.45,-29.34,0.0,0.0,4,21.5,15.24,-29.12,0.0,,8,,20261003
PTCT,"PTC Therapeutics, Inc.",Healthcare,Biotechnology,NASDAQ,63.46,1197409,5296422400,2.1803,69.54,72.16,-2.7902,-28.42,-24.31,-14.04,-21.23,0.0,7.5,4,90.87,61.23,-30.16,0.0,,8,,20261003
ABCB,Ameris Bancorp,Financial Services,Banks - Regional,NYSE,81.44,429925,5465213952,1.483,85.25,82.98,-2.566,-12.81,-13.58,-3.75,-9.45,0.0,35.25,4,93.22,68.8,-12.64,0.0,,8,,20261003
HPHTF,Hamamatsu Photonics K.K.,Technology,Electronic Components,PNK,14.68,176,4237213184,0.1075,14.68,13.54,-0.0493,-16.37,13.08,19.91,8.45,0.0,37.0,3,19.0,9.15,-22.76,0.0,,8,,20261003
CACC,Credit Acceptance Corporation,Financial Services,Credit Services,NASDAQ,527.5,125776,5475756032,18.6416,578.48,529.87,-2.735,-22.43,8.7,-6.32,-5.09,0.0,19.5,4,668.86,401.9,-21.13,0.0,,8,,20261003
GLAPY,Glanbia plc,Consumer Defensive,Packaged Foods,PNK,123.07,42,5948988416,0.1232,126.34,110.58,-26.5114,-15.7,8.41,42.37,15.97,0.0,37.0,3,143.5,79.41,-14.24,0.0,,8,,20261003
GNGBY,Getinge AB (publ),Healthcare,Medical Devices,PNK,24.52,1660,6670330880,0.291,24.91,22.09,-1.3356,12.85,5.08,-2.68,3.92,0.0,69.5,3,25.98,18.99,-5.62,0.0,,8,,20261003
RKGRY,RENK Group AG,Industrials,Aerospace & Defense,PNK,8.84,237,4420000256,0.1718,10.48,8.84,-9.5676,-13.27,-47.04,-42.96,-36.97,0.0,26.25,3,13.11,7.84,-32.57,0.0,,8,,20261003
OTEX,Open Text Corporation,Technology,Software - Application,NASDAQ,22.22,1474026,5391957504,0.7137,23.82,24.11,-2.2448,-3.13,-16.98,-53.99,-28.32,0.0,49.5,4,39.9,19.78,-44.31,0.0,,8,,20261003
SIGCY,SIG Group AG,Consumer Cyclical,Packaging & Containers,PNK,16.12,939,6229266432,0.2712,17.09,15.73,-3.5681,-11.16,-8.26,44.02,11.93,0.0,30.0,3,19.11,9.73,-15.67,0.0,,8,,20261003
PATH,"UiPath, Inc.",Technology,Software - Infrastructure,NYSE,13.12,68639700,6837559296,0.7371,14.59,12.68,-1.9966,8.21,-1.22,-15.38,-4.53,0.0,60.0,3,19.84,9.2,-33.87,0.0,,8,,20261003
SRTTY,"ZOZO, Inc.",Consumer Cyclical,Internet Retail,PNK,6.82,8669,5937293312,0.2176,7.19,7.14,-1.7086,-0.76,-20.24,-40.69,-23.55,0.0,43.25,4,9.4,5.74,-27.46,0.0,,8,,20261003
NOVTU,Novanta Inc.,Technology,Scientific & Technical Instruments,NASDAQ,62.92,25730,0,1.8748,62.34,59.81,0.3115,-10.67,3.92,20.25,6.8,0.0,61.25,2,76.95,47.57,-18.23,0.0,,8,,20261003
NOVT,Novanta Inc.,Technology,Scientific & Technical Instruments,NASDAQ,149.27,403031,5645058560,5.4877,147.18,140.37,0.3816,-12.17,9.59,31.68,12.98,0.0,63.75,2,176.38,98.27,-15.37,0.0,,8,,20261003
GVA,Granite Construction Incorporated,Industrials,Engineering & Construction,NYSE,119.92,741684,5327672832,3.3379,120.07,126.85,-0.0453,-21.8,-19.11,-5.0,-14.14,0.0,35.25,4,162.08,97.26,-26.01,0.0,,8,,20261003
MSSMY,MISUMI Group Inc.,Industrials,Tools & Accessories,PNK,12.34,393,6459572224,0.1357,11.51,10.32,6.133,-6.15,33.09,43.88,27.6,0.0,50.0,2,13.0,6.64,-5.08,0.0,,8,,20261003
BLCO,Bausch + Lomb Corporation,Healthcare,Medical Instruments & Supplies,NYSE,17.11,392311,6111097856,0.4282,17.09,16.64,0.0537,-2.7,-14.19,0.25,-5.54,0.0,83.75,2,18.91,13.77,-9.54,0.0,,8,,20261003
AMTM,"Amentum Holdings, Inc.",Industrials,Specialty Business Services,NYSE,18.14,2013273,4435346432,0.6407,20.8,25.56,-4.1514,-21.17,-50.86,-44.28,-40.81,0.0,10.0,4,38.11,17.72,-52.4,0.0,,8,,20261003
ESTC,Elastic N.V.,Technology,Software - Application,NYSE,93.94,2259831,9862881280,3.8723,82.65,65.06,2.9148,57.77,67.45,-7.93,34.88,0.0,88.75,2,108.0,42.05,-13.02,0.0,,8,,20261003
CGON,"CG Oncology, Inc.",Healthcare,Biotechnology,NASDAQ,67.38,888006,5972588544,3.3631,73.99,63.91,-1.9656,-5.41,-18.1,54.38,14.06,0.0,62.5,3,80.97,35.8,-16.78,0.0,,8,,20261003
IFS,Intercorp Financial Services Inc.,Financial Services,Banks - Regional,NYSE,53.11,224673,5863222272,1.2665,55.83,50.05,-2.1479,-12.73,-7.89,21.83,2.79,0.0,50.75,3,61.38,38.29,-13.47,0.0,,8,,20261003
HPHTY,Hamamatsu Photonics K.K.,Technology,Electronic Components,PNK,7.9,336,4562041856,0.098,7.25,6.73,6.5979,-5.06,13.93,21.64,12.27,0.0,50.0,2,9.56,4.93,-17.41,0.0,,8,,20261003
BKH,Black Hills Corporation,Utilities,Utilities - Regulated Gas,NYSE,70.96,857398,5410923008,1.5403,72.06,71.57,-0.7163,-3.42,-15.84,5.5,-4.2,0.0,34.0,4,78.69,59.77,-9.82,0.0,,8,,20261003
RMSYF,Ramsay Health Care Limited,Healthcare,Medical Care Facilities,PNK,36.62,7,5770745344,0.0884,33.1,26.76,39.8261,19.37,28.53,38.85,30.37,0.0,75.0,2,36.62,20.0,-0.0,0.0,,8,,20261003
JBHIF,JB Hi-Fi Limited,Consumer Cyclical,Specialty Retail,PNK,57.93,28,6333717504,0.0597,56.2,55.93,29.0162,15.22,-16.75,-32.93,-15.23,0.0,75.0,2,81.23,50.17,-28.68,0.0,,8,,20261003
RNKGF,RENK Group AG,Industrials,Aerospace & Defense,PNK,49.98,135,5090417152,0.2029,53.58,58.9,-17.7458,0.86,-37.15,-65.82,-39.11,0.0,1.25,4,104.2,46.43,-52.03,0.0,,8,,20261003
EMLZF,Emmi AG,Consumer Defensive,Packaged Foods,PNK,1017.74,1,5444715520,2.8853,1055.77,1006.35,-13.1791,-8.16,-10.28,-13.09,-10.87,0.0,37.0,3,1099.16,856.9,-7.41,0.0,,8,,20261003
USAR,"USA Rare Earth, Inc.",Basic Materials,Other Industrial Metals & Mining,NASDAQ,13.59,12220568,5101587456,0.9242,16.72,19.3,-3.3828,-32.47,-32.58,-42.56,-36.55,0.0,6.25,4,43.98,11.45,-69.1,0.0,,8,,20261003
CPA,"Copa Holdings, S.A.",Industrials,Airlines,NYSE,132.48,299736,5407757312,3.8027,132.68,129.36,-0.0523,-15.96,0.64,2.1,-2.93,0.0,48.25,3,160.47,107.44,-17.44,0.0,,8,,20261003
SLFPF,Aberdeen Group Plc,Financial Services,Asset Management,PNK,3.25,725,5820566528,0.0133,3.24,2.98,0.4075,-2.08,12.57,5.34,6.02,0.0,50.0,2,3.44,2.45,-5.52,0.0,,8,,20261003
ZGN,Ermenegildo Zegna N.V.,Consumer Cyclical,Apparel Manufacturing,NYSE,12.52,1119377,3366495232,0.4236,13.36,12.07,-1.9739,-9.82,1.97,15.0,4.23,0.0,37.5,3,15.95,8.64,-21.5,0.0,,8,,20261003
BAFBF,Balfour Beatty plc,Industrials,Engineering & Construction,PNK,12.19,184,5713158144,0.1532,11.77,10.63,2.7431,6.14,3.11,39.73,18.52,0.0,76.25,2,13.33,7.91,-8.55,0.0,,8,,20261003
TKMSF,TKMS AG & Co KGaA,Industrials,Aerospace & Defense,PNK,95.0,138,6034746368,0.2354,95.0,95.0,0.0,-1.79,-1.79,-1.79,-1.79,0.0,63.25,3,97.0,92.76,-2.06,0.0,,8,,20261003
KOF,"Coca-Cola FEMSA, S.A.B. de C.V.",Consumer Defensive,Beverages - Non-Alcoholic,NYSE,106.5,130760,0,2.339,110.23,103.92,-1.5938,-3.08,-7.78,15.87,2.85,0.0,73.25,3,117.09,80.22,-9.04,0.0,,8,,20261003
COCSF,"Coca-Cola FEMSA, S.A.B. de C.V.",Consumer Defensive,Beverages - Non-Alcoholic,PNK,10.65,1180,22669871104,0.3443,11.14,10.61,-1.3957,-3.71,-10.48,10.22,-0.51,0.0,65.75,3,12.24,7.57,-12.95,0.0,,8,,20261003
FINN,"First National of Nebraska, Inc.",Financial Services,Banks - Regional,OID,19239.9,58,5195171840,58.0172,19319.32,17752.37,-1.369,-1.22,-0.87,23.41,8.76,0.0,64.5,3,19850.0,13700.0,-3.07,0.0,,8,,20261003
MNTHF,Minth Group Limited,Consumer Cyclical,Auto Parts,PNK,2.63,293,3080869376,0.039,3.23,3.31,-15.4373,18.03,-38.22,-35.16,-22.93,0.0,0.0,4,5.54,2.63,-52.53,0.0,,8,,20261003
TKECF,"Tokyo Electric Power Company Holdings, Incorporated",Utilities,Utilities - Renewable,PNK,3.39,533,5433160192,0.0736,3.34,3.66,0.7123,12.61,-34.24,-39.33,-24.57,0.0,63.25,3,6.0,2.7,-43.5,0.0,,8,,20261003
SHJBF,"Shanghai Junshi Biosciences Co., Ltd.",Healthcare,Biotechnology,PNK,3.35,0,4841863680,0.0,3.35,3.18,0.0,-2.83,-5.52,-36.7,-17.32,0.0,62.0,3,4.23,2.99,-20.78,0.0,,8,,20261003
COIHY,Croda International Plc,Basic Materials,Specialty Chemicals,PNK,21.72,6647,6053543936,0.3199,21.79,19.66,-0.226,7.29,0.32,4.5,3.74,0.0,72.0,3,23.81,16.68,-8.78,0.0,,8,,20261003
BRTHY,"Brother Industries, Ltd.",Industrials,Business Equipment & Supplies,PNK,60.2,61,7666654720,0.106,57.27,45.46,27.6881,28.97,45.64,55.62,45.46,0.0,75.0,2,62.12,31.75,-3.09,0.0,,8,,20261003
ESNT,Essent Group Ltd.,Financial Services,Insurance - Specialty,NYSE,60.22,656607,5412362752,1.6109,66.86,62.36,-4.1245,-8.9,-15.01,-17.86,-14.63,0.0,45.75,3,70.37,55.34,-14.42,0.0,,8,,20261003
MCY,Mercury General Corporation,Financial Services,Insurance - Property & Casualty,NYSE,102.27,291895,0,2.278,103.64,97.03,-0.6007,-10.37,-1.28,7.3,-0.12,0.0,48.25,3,113.06,74.29,-9.54,0.0,,8,,20261003
BYCRF,"Baycurrent, Inc.",Industrials,Consulting Services,PNK,48.82,40,7209506304,1.549,12.44,-3.49,23.4886,-443.68,-515.99,941.31,85.01,0.0,63.25,3,58.65,28.17,-16.75,0.0,,8,,20261003
ESAB,ESAB Corporation,Industrials,Metal Fabrication,NYSE,69.9,791466,4343304192,3.0526,77.58,97.76,-2.5154,-30.54,-46.67,-53.27,-45.28,0.0,7.5,4,137.42,64.83,-49.13,0.0,,8,,20261003
PECO,"Phillips Edison & Company, Inc.",Real Estate,REIT - Retail,NASDAQ,37.76,911733,5341021184,0.6203,39.32,38.48,-2.5219,-11.6,-15.68,-1.93,-9.16,0.0,32.75,4,44.38,32.98,-14.91,0.0,,8,,20261003
SBSNY,Vend Marketplaces ASA,Communication Services,Internet Content & Information,PNK,21.34,7673,4250051840,0.7313,25.24,25.96,-5.3279,-17.3,-30.09,-55.89,-37.21,0.0,3.75,4,45.0,18.0,-52.58,0.0,,8,,20261003
COGT,"Cogent Biosciences, Inc.",Healthcare,Biotechnology,NASDAQ,31.02,1973974,5382745088,1.3536,36.02,36.37,-3.6972,-24.05,-29.85,103.15,24.8,0.0,11.25,4,43.73,13.78,-29.06,0.0,,8,,20261003
RGLXY,RTL Group S.A.,Communication Services,Broadcasting,PNK,3.0,261,4526494208,0.0886,3.6,3.74,-6.7355,-25.78,-23.0,-28.37,-25.84,0.0,0.0,4,5.26,3.0,-42.97,0.0,,8,,20261003
MGY,Magnolia Oil & Gas Corporation,Energy,Oil & Gas E&P,NYSE,24.07,4821777,6611910144,0.815,25.82,26.5,-2.1479,-5.76,-39.38,-13.28,-20.53,0.0,20.75,4,32.76,21.07,-26.53,0.0,,8,,20261003
BBRYF,Burberry Group plc,Consumer Cyclical,Luxury Goods,PNK,15.53,131,5563098112,0.031,15.87,16.15,-11.0626,0.35,-9.27,-17.65,-10.22,0.0,49.0,4,18.37,13.34,-15.46,0.0,,8,,20261003
WILWY,Wallenius Wilhelmsen ASA,Industrials,Marine Shipping,PNK,37.0,24,7823115776,0.478,30.06,24.44,14.5281,45.81,53.9,101.54,70.93,0.0,75.0,2,39.0,14.01,-5.13,0.0,,8,,20261003
CWST,"Casella Waste Systems, Inc.",Industrials,Waste Management,NASDAQ,82.77,561304,5267486720,2.9462,89.6,91.26,-2.3191,-16.72,-23.01,-25.31,-22.36,0.0,18.25,4,107.96,74.05,-23.33,0.0,,8,,20261003
SYNA,Synaptics Incorporated,Technology,Semiconductors,NASDAQ,121.1,707769,4807838208,5.2708,101.23,98.8,3.7703,-5.2,45.37,61.97,39.37,0.0,62.5,2,149.11,58.28,-18.78,0.0,,8,,20261003
ATDRF,Autotrader Group plc,Communication Services,Internet Content & Information,PNK,5.96,132,4573818368,0.0331,6.41,6.62,-13.7747,-9.67,-17.64,-56.06,-31.01,0.0,0.0,4,11.25,5.79,-47.04,0.0,,8,,20261003
AVTR,"Avantor, Inc.",Healthcare,Medical Instruments & Supplies,NYSE,15.34,9419693,10375345152,0.4525,14.37,10.74,2.1536,45.23,76.23,-4.16,36.32,0.0,88.75,2,16.05,7.26,-4.42,0.0,,8,,20261003
ZEGLF,Zegona Communications plc,Communication Services,Telecom Services,PNK,22.17,289,4995561984,0.2264,21.57,22.17,2.652,1.15,-10.27,-10.27,-7.42,0.0,75.0,3,24.75,18.95,-10.42,0.0,,8,,20261003
TKECY,"Tokyo Electric Power Company Holdings, Incorporated",Utilities,Utilities - Renewable,PNK,3.26,1222,5224808960,0.0432,3.34,3.74,-1.9583,10.89,-41.24,-51.18,-32.18,0.0,39.5,4,5.8,2.76,-43.79,0.0,,8,,20261003
SSMXY,Sysmex Corporation,Healthcare,Medical Devices,PNK,11.53,74026,6941541888,0.4195,11.56,9.73,-0.081,15.68,10.73,-22.26,-1.23,0.0,70.75,3,12.9,8.01,-10.62,0.0,,8,,20261003
SSMXF,Sysmex Corporation,Healthcare,Medical Devices,PNK,12.04,166,7248583168,0.0553,11.01,9.41,18.5779,34.8,26.4,-10.9,13.58,0.0,75.0,2,12.5,7.97,-3.68,0.0,,8,,20261003
IVCGF,Iveco Group N.V.,Industrials,Farm & Heavy Construction Machinery,PNK,16.1,706,4288183552,0.1611,16.07,18.65,0.1605,-0.86,-45.67,-41.29,-32.72,0.0,58.75,3,23.0,15.59,-30.0,0.0,,8,,20261003
CRC,California Resources Corporation,Energy,Oil & Gas E&P,NYSE,52.43,835649,4656827392,1.5828,52.84,55.55,-0.2618,2.29,-39.41,-14.89,-19.18,0.0,60.25,3,71.98,43.24,-27.16,0.0,,8,,20261003
BLTE,"Belite Bio, Inc",Healthcare,Biotechnology,NCM,159.56,184006,6425823232,6.7162,165.68,160.96,-0.9109,0.9,-24.01,100.71,32.11,0.0,60.25,3,200.0,72.65,-20.22,0.0,,8,,20261003
MATX,"Matson, Inc.",Industrials,Marine Shipping,NYSE,231.11,295753,6910988288,7.0266,219.75,182.1,1.617,10.51,21.48,119.75,58.04,0.0,90.0,2,240.87,86.97,-4.05,0.0,,8,,20261003
MTG,MGIC Investment Corporation,Financial Services,Insurance - Specialty,NYSE,26.95,1955715,5528114176,0.7919,30.1,27.64,-3.9809,-6.64,-15.18,-18.32,-14.3,0.0,44.5,3,31.89,24.69,-15.49,0.0,,8,,20261003
KRG,Kite Realty Group Trust,Real Estate,REIT - Retail,NYSE,24.39,2414882,5004743168,0.4141,26.3,25.72,-4.6045,-16.18,-16.95,-0.55,-10.2,0.0,18.25,4,29.92,21.33,-18.48,0.0,,8,,20261003
CROX,"Crocs, Inc.",Consumer Cyclical,Footwear & Accessories,NASDAQ,118.09,1044971,5661833728,4.3041,124.45,106.47,-1.4785,-8.81,23.21,22.55,14.94,0.0,36.25,3,141.28,73.21,-16.41,0.0,,8,,20261003
HWC,Hancock Whitney Corporation,Financial Services,Banks - Regional,NASDAQ,73.09,823263,5863502848,1.4361,75.28,69.37,-1.5279,-4.66,-2.67,4.03,-0.49,0.0,48.25,3,80.13,54.05,-8.79,0.0,,8,,20261003
TKMTY,"Tokyo Metro Co., Ltd.",Industrials,Railroads,PNK,8.87,106,5149894144,0.0012,8.87,10.0,0.0,3.39,-38.38,-46.06,-31.01,0.0,50.0,3,13.36,8.35,-33.61,0.0,,8,,20261003
OBDC,Blue Owl Capital Corporation,Financial Services,Asset Management,NYSE,10.3,3639182,5111945728,0.197,10.85,10.71,-2.7863,-5.42,-17.33,-23.26,-16.73,0.0,44.5,4,13.57,10.22,-24.13,0.0,,8,,20261003
ARKAF,Arkema S.A.,Basic Materials,Specialty Chemicals,PNK,58.84,7,4442531328,0.7096,68.6,64.97,-13.7587,-16.94,-22.28,-20.88,-20.39,0.0,12.0,4,77.9,58.84,-24.47,0.0,,8,,20261003
ARKAY,Arkema S.A.,Basic Materials,Specialty Chemicals,PNK,60.72,1068,4615430656,0.8851,67.75,64.76,-7.9433,-7.87,-21.35,-14.26,-15.14,0.0,42.0,3,79.36,56.28,-23.49,0.0,,8,,20261003
NEXPF,Nexi S.p.A.,Technology,Software - Infrastructure,PNK,4.74,22,5568176128,0.0019,4.66,4.43,43.2088,-1.12,38.64,-23.97,3.65,0.0,75.0,2,5.83,3.25,-18.63,0.0,,8,,20261003
KLIC,"Kulicke and Soffa Industries, Inc.",Technology,Semiconductor Equipment & Materials,NASDAQ,100.77,863623,5273204736,4.0156,87.92,82.72,3.1992,-18.23,39.99,130.85,61.78,0.0,67.5,2,135.8,35.02,-25.8,0.0,,8,,20261003
SEI,"Solaris Energy Infrastructure, Inc.",Energy,Oil & Gas Equipment & Services,NYSE,74.93,3048544,7539933184,4.098,59.73,61.12,3.7085,8.58,16.83,62.15,32.9,0.0,77.0,3,86.19,38.5,-13.06,0.0,,8,,20261003
GXO,"GXO Logistics, Inc.",Industrials,Integrated Freight & Logistics,NYSE,46.56,1427677,5339714048,1.4347,47.39,52.46,-0.5801,-11.69,-30.23,-28.86,-25.05,0.0,18.25,4,66.85,43.61,-30.35,0.0,,8,,20261003
GNGBF,Getinge AB (publ),Healthcare,Medical Devices,PNK,23.39,3,6809239040,0.1546,23.61,22.64,-1.4389,13.96,-17.26,-5.0,-4.55,0.0,62.0,3,25.0,20.05,-6.44,0.0,,8,,20261003
OZKAP,Bank OZK,Financial Services,Banks - Regional,NASDAQ,14.88,33601,0,0.2633,15.76,15.9,-3.3355,-8.61,-21.61,-26.45,-20.3,0.0,18.25,4,17.85,14.6,-16.64,0.0,,8,,20261003
OZK,Bank OZK,Financial Services,Banks - Regional,NASDAQ,46.71,1143557,5092601856,0.8981,49.46,47.96,-3.0659,-7.72,-15.11,-20.74,-15.51,0.0,23.25,4,53.39,42.37,-12.51,0.0,,8,,20261003
BEPC,Brookfield Renewable Corporation,Utilities,Utilities - Renewable,NYSE,28.52,1777968,5294536192,0.8102,31.65,36.59,-3.8618,-23.86,-47.38,-33.41,-35.91,0.0,7.5,4,45.18,27.57,-36.87,0.0,,8,,20261003
LEGN,Legend Biotech Corporation,Healthcare,Biotechnology,NASDAQ,18.57,2339882,3611649792,0.9264,19.84,22.41,-1.3758,-36.47,-20.93,-59.52,-40.25,0.0,6.25,4,37.5,16.24,-50.48,0.0,,8,,20261003
BTLCY,British Land Company PLC,Real Estate,REIT - Diversified,PNK,5.3,38488,5433679872,0.1243,5.63,5.3,-2.6628,-6.16,-4.93,2.22,-2.37,0.0,25.75,4,6.0,4.5,-11.67,0.0,,8,,20261003
M,"Macy's, Inc.",Consumer Cyclical,Department Stores,NYSE,22.73,5601963,5936544768,0.7896,23.06,21.25,-0.4166,-5.89,11.68,14.68,8.49,0.0,50.75,3,26.59,16.41,-14.52,0.0,,8,,20261003
MUR,Murphy Oil Corporation,Energy,Oil & Gas E&P,NYSE,37.66,1661006,5398544896,1.3485,36.71,35.41,0.7032,17.24,-24.53,16.09,2.16,0.0,88.75,2,43.34,26.49,-13.11,0.0,,8,,20261003
TMICF,Trend Micro Incorporated,Technology,Software - Infrastructure,PNK,38.8,69,5035942400,0.0805,36.13,37.18,33.1221,10.23,-0.73,-43.71,-15.18,0.0,76.25,3,53.39,33.1,-27.33,0.0,,8,,20261003
SIGIP,"Selective Insurance Group, Inc.",Financial Services,Insurance - Property & Casualty,NASDAQ,15.0,18307,0,0.241,15.4,15.8,-1.6764,-6.9,-20.88,-30.39,-21.19,0.0,39.0,4,18.6,14.75,-19.35,0.0,,8,,20261003
SIGI,"Selective Insurance Group, Inc.",Financial Services,Insurance - Property & Casualty,NASDAQ,85.59,480473,5098520576,1.7673,91.07,86.33,-3.099,-15.2,-5.61,-8.96,-9.35,0.0,18.25,4,100.4,72.78,-14.75,0.0,,8,,20261003
BXSL,Blackstone Secured Lending Fund,Financial Services,Asset Management,NYSE,23.61,1508615,5500423168,0.4036,23.64,22.91,-0.0687,2.31,-12.11,-13.47,-9.05,0.0,73.25,3,28.59,22.47,-17.42,0.0,,8,,20261003
GCHEF,"Grupo Comercial Chedraui, S.A.B. de C.V.",Consumer Defensive,Grocery Stores,PNK,4.86,395,4663828992,0.0267,5.2,5.37,-12.5836,-7.5,-18.84,-27.6,-19.51,0.0,12.0,4,7.95,4.85,-38.84,0.0,,8,,20261003
LQDA,Liquidia Corporation,Healthcare,Drug Manufacturers - Specialty & Generic,NCM,28.64,2058177,2563534592,6.2353,71.97,54.2,-6.95,-66.54,-41.94,13.51,-25.91,0.0,11.25,4,93.61,21.91,-69.4,0.0,,8,,20261003
HIMS,"Hims & Hers Health, Inc.",Healthcare,Drug Manufacturers - Specialty & Generic,NYSE,29.0,12247542,6766088704,1.7356,29.29,27.54,-0.1686,-26.94,33.57,-64.88,-20.94,0.0,48.25,3,65.3,13.74,-55.59,0.0,,8,,20261003
G,Genpact Limited,Technology,Information Technology Services,NYSE,33.29,2209868,5593865216,1.136,35.01,36.18,-1.5154,12.88,-28.75,-35.52,-21.05,0.0,55.25,4,48.64,26.85,-31.56,0.0,,8,,20261003
TEO,Telecom Argentina S.A.,Communication Services,Telecom Services,NYSE,11.72,262946,0,0.5864,13.37,12.5,-2.8147,-12.68,-18.2,44.61,8.3,0.0,25.75,4,16.34,6.93,-28.27,0.0,,8,,20261003
BURBY,Burberry Group plc,Consumer Cyclical,Luxury Goods,PNK,13.45,47444,4818008064,0.2876,14.53,15.28,-3.7599,-11.7,-25.06,-32.68,-24.77,0.0,3.75,4,18.55,13.16,-27.49,0.0,,8,,20261003
CGASY,China Resources Gas Group Limited,Utilities,Utilities - Regulated Gas,PNK,19.68,8,4433114112,0.0165,19.4,22.6,16.8277,14.01,-39.65,-32.46,-23.36,0.0,50.0,3,26.91,16.68,-26.87,0.0,,8,,20261003
NICE,NICE Ltd.,Technology,Software - Application,NASDAQ,113.9,560596,6674220032,5.2334,104.21,104.85,1.8518,14.52,-17.33,-34.55,-16.26,0.0,85.0,3,140.48,83.1,-18.92,0.0,,8,,20261003
AUB,Atlantic Union Bankshares Corporation,Financial Services,Banks - Regional,NYSE,38.82,1106103,5544074240,0.7512,40.63,38.33,-2.407,-9.9,-8.36,-1.65,-6.06,0.0,47.0,3,43.62,30.87,-11.0,0.0,,8,,20261003
VCTR,"Victory Capital Holdings, Inc.",Financial Services,Asset Management,NASDAQ,113.23,621926,6964728832,3.8349,109.65,83.99,0.9346,22.59,63.81,69.18,55.65,0.0,88.75,2,123.55,57.03,-8.35,0.0,,8,,20261003
ARGTF,Artemis Gold Inc.,Basic Materials,Other Precious Metals & Mining,OQX,26.91,37717,6275164160,1.0734,28.28,27.0,-1.2781,15.38,-19.54,-13.06,-8.22,0.0,56.5,3,35.59,20.85,-24.4,0.0,,8,,20261003
BGC,"BGC Group, Inc.",Financial Services,Capital Markets,NASDAQ,11.78,3098588,5600995328,0.3974,11.63,10.56,0.367,3.62,0.52,11.87,5.83,0.0,91.25,2,12.89,8.27,-8.61,0.0,,8,,20261003
EPAM,"EPAM Systems, Inc.",Technology,Information Technology Services,NYSE,108.29,1414242,5586354176,5.4297,108.9,130.54,-0.1126,21.99,-39.47,-45.28,-26.43,0.0,47.0,4,222.53,73.06,-51.34,0.0,,8,,20261003
HLPPY,Hang Lung Properties Limited,Real Estate,Real Estate Services,OID,4.18,9795,4391401472,0.107,4.46,5.09,-2.6059,-8.07,-36.3,-37.07,-29.55,0.0,2.5,4,6.52,4.03,-35.89,0.0,,8,,20261003
HOMB,"Home BancShares, Inc.",Financial Services,Banks - Regional,NYSE,28.67,1601230,5735422976,0.4954,30.06,28.14,-2.7996,-2.2,-10.78,-11.49,-8.92,0.0,69.5,3,31.7,25.5,-9.56,0.0,,8,,20261003
RANJF,Randstad N.V.,Industrials,Staffing & Employment Services,PNK,44.65,3,7833871872,0.1446,40.12,35.0,31.2992,37.49,59.23,-8.94,26.53,0.0,75.0,2,44.65,25.2,0.0,0.0,,8,,20261003
MC,Moelis & Company,Financial Services,Capital Markets,NYSE,56.32,849834,4172236032,2.1178,64.72,64.63,-3.9686,-23.64,-15.85,-31.06,-23.88,0.0,6.25,4,78.22,51.06,-27.99,0.0,,8,,20261003
WTBDY,Whitbread plc,Consumer Cyclical,Lodging,PNK,8.04,11979,5375271936,0.1275,8.09,8.14,-0.3727,-0.15,-14.12,-39.18,-20.65,0.0,31.5,4,11.04,7.42,-27.14,0.0,,8,,20261003
RANJY,Randstad N.V.,Industrials,Staffing & Employment Services,PNK,19.47,14180,6832048128,0.3683,21.77,16.93,-6.2533,17.78,33.22,-18.42,8.7,0.0,60.0,3,23.45,12.46,-16.97,0.0,,8,,20261003
GLNG,Golar LNG Limited,Energy,Oil & Gas Midstream,NASDAQ,49.21,1292522,5024193024,1.3162,50.57,48.2,-1.03,-2.92,-28.06,8.97,-6.97,0.0,69.5,3,57.79,35.02,-14.85,0.0,,8,,20261003
WTM,"White Mountains Insurance Group, Ltd.",Financial Services,Insurance - Property & Casualty,NYSE,2020.92,19704,4823372288,36.1551,2096.3,2127.72,-2.0848,-9.41,-24.81,6.12,-8.59,0.0,32.75,4,2333.0,1784.78,-13.38,0.0,,8,,20261003
LNNGF,Li Ning Company Limited,Consumer Cyclical,Leisure,PNK,1.55,393,4135702272,0.0323,1.72,2.18,-5.1721,-11.26,-55.2,-40.18,-38.21,0.0,1.25,4,2.85,1.58,-45.61,0.0,,8,,20261003
BLSH,Bullish,Technology,Software - Infrastructure,NYSE,34.23,1500222,5190923264,2.4222,30.78,33.44,1.4241,26.13,-23.83,-60.09,-25.84,0.0,87.5,3,70.5,20.55,-51.45,0.0,,8,,20261003
BRLAF,British Land Company PLC,Real Estate,REIT - Diversified,PNK,5.18,104,5310652928,0.0231,5.56,5.28,-16.3599,-3.08,-5.58,-3.03,-3.94,0.0,12.0,4,6.24,4.39,-16.99,0.0,,8,,20261003
RUSHB,"Rush Enterprises, Inc.",Consumer Cyclical,Auto & Truck Dealerships,NASDAQ,56.71,160450,6619781632,1.8426,52.55,46.03,2.2577,6.76,13.11,33.32,19.61,0.0,88.75,2,57.38,31.81,-1.17,0.0,,8,,20261003
RUSHA,"Rush Enterprises, Inc.",Consumer Cyclical,Auto & Truck Dealerships,NASDAQ,47.18,667957,5507341312,1.2828,50.77,46.54,-2.7991,-7.46,-9.71,19.44,2.51,0.0,33.75,3,55.74,30.45,-15.36,0.0,,8,,20261003
LYFT,"Lyft, Inc.",Technology,Software - Application,NASDAQ,15.46,10695800,5852232192,0.5356,16.19,15.41,-1.3709,-2.24,-2.06,-45.53,-19.49,0.0,52.0,3,25.54,12.46,-39.47,0.0,,8,,20261003
PLUG,Plug Power Inc.,Industrials,Electrical Equipment & Parts,NCM,1.9,53475960,2654670848,0.106,2.11,2.47,-1.9813,-30.73,-39.11,-51.53,-41.98,0.0,6.25,4,4.58,1.7,-58.52,0.0,,8,,20261003
HLHLY,Holmen AB (publ),Basic Materials,Paper & Paper Products,PNK,16.18,0,4869264896,0.0009,16.18,17.32,0.0,-2.83,-24.33,37.43,5.75,0.0,49.0,3,25.0,10.9,-35.26,0.0,,8,,20261003
MARA,"MARA Holdings, Inc.",Financial Services,Capital Markets,NCM,11.23,47219876,4338140672,0.855,11.25,10.97,-0.0243,-15.98,10.98,-56.04,-22.57,0.0,45.75,3,23.45,6.66,-52.11,0.0,,8,,20261003
AUOTY,AUO Corporation,Technology,Electronic Components,PNK,12.69,71360,9577268224,0.5102,8.78,6.56,7.6559,29.71,130.09,157.99,116.16,0.0,91.25,2,12.74,3.25,-0.39,0.0,,8,,20261003
BC,Brunswick Corporation,Consumer Cyclical,Recreational Vehicles,NYSE,65.43,726741,4239695616,2.2175,74.9,78.01,-4.2698,-19.71,-27.69,-12.04,-19.43,0.0,11.25,4,90.25,58.56,-27.5,0.0,,8,,20261003
AMDLY,"Amada Co., Ltd.",Industrials,Specialty Industrial Machinery,PNK,74.66,0,5706114048,0.0013,74.66,60.91,0.0,-2.7,40.4,45.92,31.83,0.0,62.0,3,74.66,46.0,0.0,0.0,,8,,20261003
EUTLF,Eutelsat Communications S.A.,Communication Services,Telecom Services,PNK,1.76,6173,2072963456,0.0861,2.19,2.64,-4.978,-41.16,-48.93,-71.48,-56.01,0.0,7.5,4,5.36,1.72,-67.16,0.0,,8,,20261003
EQPT,EquipmentShare.com Inc.,Industrials,Rental & Leasing Services,NASDAQ,18.5,3182574,4687455232,1.1975,18.74,18.5,-0.2034,-4.24,-26.95,-55.72,-32.78,0.0,49.5,3,35.5,15.71,-47.89,0.0,,8,,20261003
MAAS,Maase Inc.,Technology,Information Technology Services,NASDAQ,13.7,260914,6057805312,1.8993,16.64,10.84,-1.5466,-12.92,114.26,285.38,150.91,0.0,36.25,3,24.9,2.85,-44.98,0.0,,8,,20261003
XENE,Xenon Pharmaceuticals Inc.,Healthcare,Biotechnology,NASDAQ,38.02,1443084,3681873152,2.3882,56.43,53.09,-7.7088,-39.9,-51.07,-19.19,-35.53,0.0,7.5,4,72.66,36.07,-47.67,0.0,,8,,20261003
ALM,Almonty Industries Inc.,Basic Materials,Other Industrial Metals & Mining,NCM,13.4,6669819,3865641728,1.0717,14.99,15.7,-1.4833,-20.03,-30.71,106.95,27.02,0.0,7.5,4,24.41,5.43,-45.1,0.0,,8,,20261003
FUPBY,Fuchs SE,Basic Materials,Specialty Chemicals,PNK,11.97,9628,6272280064,0.1609,11.78,11.02,1.1793,3.8,-0.13,-5.81,-1.42,0.0,83.75,2,12.42,9.27,-3.62,0.0,,8,,20261003
ACLLF,ATCO Ltd.,Utilities,Utilities - Diversified,OQX,52.25,32296,5879561216,0.5495,53.42,48.85,-2.1247,-0.77,-10.69,32.37,9.01,0.0,44.5,3,58.06,36.0,-10.01,0.0,,8,,20261003
SBRA,"Sabra Health Care REIT, Inc.",Real Estate,REIT - Healthcare Facilities,NASDAQ,19.16,2612947,4894666240,0.3893,20.45,19.51,-3.3029,-4.12,-18.61,-5.53,-9.75,0.0,43.25,3,22.77,17.17,-15.85,0.0,,8,,20261003
ENGGY,"Enagás, S.A.",Utilities,Utilities - Regulated Gas,PNK,9.31,2793,4784277504,0.0685,9.62,9.03,-4.5149,-5.21,-20.12,7.76,-5.24,0.0,39.5,3,10.29,7.45,-9.52,0.0,,8,,20261003
WEX,WEX Inc.,Technology,Software - Infrastructure,NYSE,169.1,650863,5763201024,5.9475,188.8,161.67,-3.313,10.28,-8.63,-10.44,-4.63,0.0,58.75,3,203.99,125.29,-17.1,0.0,,8,,20261003
RICOY,"Ricoh Company, Ltd.",Industrials,Business Equipment & Supplies,PNK,10.52,61,5887895040,0.0442,9.98,9.26,12.123,14.71,7.59,3.57,7.76,0.0,75.0,2,10.96,8.0,-4.01,0.0,,8,,20261003
FND,"Floor & Decor Holdings, Inc.",Consumer Cyclical,Home Improvement Retail,NYSE,45.49,2439457,4844228608,1.9446,52.43,56.53,-3.5666,-22.67,-22.12,-54.29,-35.12,0.0,10.0,4,77.46,42.64,-41.27,0.0,,8,,20261003
TSHXY,Tosoh Corporation,Basic Materials,Chemicals,PNK,8.43,12,5187956224,0.0249,8.62,8.43,-7.817,2.09,-2.76,-2.76,-1.55,0.0,62.0,3,9.18,8.03,-8.22,0.0,,8,,20261003
ATOGF,AUTO1 Group SE,Consumer Cyclical,Auto & Truck Dealerships,PNK,20.0,177,4424600064,0.2466,23.93,25.88,-15.9518,-30.08,-3.55,-56.73,-31.46,0.0,0.0,4,35.42,17.6,-43.54,0.0,,8,,20261003
HLBBF,H. Lundbeck A/S,Healthcare,Drug Manufacturers - Specialty & Generic,PNK,6.76,53,6706928640,0.0191,6.69,6.58,3.6152,-0.27,-3.37,-22.62,-10.3,0.0,75.0,2,7.3,5.7,-7.4,0.0,,8,,20261003
NCSYF,NICE Ltd.,Technology,Software - Application,PNK,105.08,13,6157392384,0.3413,99.2,98.53,17.2335,15.61,-20.78,-47.57,-22.4,0.0,75.0,2,143.19,83.97,-26.61,0.0,,8,,20261003
BCPC,Balchem Corporation,Basic Materials,Specialty Chemicals,NASDAQ,166.56,202525,5309602816,3.3356,171.94,168.0,-1.6117,-2.97,-20.21,-2.14,-8.67,0.0,60.25,3,183.9,139.17,-9.43,0.0,,8,,20261003
LBRT,Liberty Energy Inc.,Energy,Oil & Gas Equipment & Services,NYSE,19.31,4284468,3151226368,0.966,19.46,24.68,-0.1552,-19.42,-48.72,39.6,-6.07,0.0,23.25,4,34.48,11.52,-43.99,0.0,,8,,20261003
ETCMY,Eutelsat Communications S.A.,Communication Services,Telecom Services,PNK,0.46,23352,2190745600,0.0396,0.58,0.68,-3.0728,-43.45,-40.57,-68.98,-52.66,0.0,10.0,4,1.47,0.4,-69.05,0.0,,8,,20261003
HASI,"HA Sustainable Infrastructure Capital, Inc.",Financial Services,Asset Management,NYSE,36.27,994646,4660542464,0.9268,38.21,36.88,-2.0927,-6.82,-17.94,5.82,-5.66,0.0,23.25,4,44.13,27.28,-17.81,0.0,,8,,20261003
LINRF,Liontown Limited,Basic Materials,Other Industrial Metals & Mining,PNK,0.57,7283,1819429120,0.0334,0.8,1.2,-6.973,-53.13,-68.6,-24.44,-47.07,0.0,6.25,4,1.9,0.55,-70.0,0.0,,8,,20261003
GOLF,Acushnet Holdings Corp.,Consumer Cyclical,Leisure,NYSE,83.65,357830,4885581824,2.2058,89.04,94.04,-2.442,-31.13,-28.32,-10.56,-21.92,0.0,11.25,4,119.65,75.16,-30.09,0.0,,8,,20261003
OGS,"ONE Gas, Inc.",Utilities,Utilities - Regulated Gas,NYSE,72.57,540865,4561479680,1.4083,77.72,80.06,-3.6584,-5.96,-34.94,-22.53,-22.73,0.0,15.75,4,90.78,70.37,-20.06,0.0,,8,,20261003
DLB,"Dolby Laboratories, Inc.",Industrials,Specialty Business Services,NYSE,58.89,956520,5516154880,1.5767,60.04,59.18,-0.7271,15.67,-21.48,-32.89,-16.76,0.0,60.25,4,72.96,48.26,-19.28,0.0,,8,,20261003
YKLTY,"Yakult Honsha Co.,Ltd.",Consumer Defensive,Beverages - Non-Alcoholic,PNK,8.8,403,5011876352,0.0954,8.76,8.49,0.413,-3.93,-9.57,-6.93,-7.1,0.0,75.0,2,10.34,7.02,-14.89,0.0,,8,,20261003
CGHLY,China Gas Holdings Limited,Utilities,Utilities - Regulated Gas,PNK,17.75,96,3868188416,0.1655,17.32,21.22,2.5929,0.04,-42.74,-41.48,-31.54,0.0,25.0,3,28.28,15.45,-37.23,0.0,,8,,20261003
RITM,Rithm Capital Corp.,Real Estate,REIT - Mortgage,NYSE,8.71,5720269,4863725568,0.2151,9.53,9.38,-3.8279,-5.61,-19.79,-30.19,-20.41,0.0,44.5,4,12.15,8.43,-28.31,0.0,,8,,20261003
ALFFF,"Sigma Foods, S.A.B. de C.V.",Consumer Defensive,Packaged Foods,PNK,1.07,1395,5943272960,0.0031,0.99,0.95,24.3887,23.18,-4.12,18.38,11.71,0.0,75.0,2,1.1,0.75,-2.73,0.0,,8,,20261003
BMA,Banco Macro S.A.,Financial Services,Banks - Regional,NYSE,64.55,284885,4127264768,2.93,78.72,81.96,-4.8356,-34.28,-32.56,49.73,-0.07,0.0,6.25,4,106.15,42.06,-39.19,0.0,,8,,20261003
IRDM,Iridium Communications Inc.,Communication Services,Telecom Services,NASDAQ,48.96,1250725,5188856832,1.0435,47.75,36.78,1.16,-9.3,32.01,166.93,75.65,0.0,63.75,2,57.18,15.65,-14.38,0.0,,8,,20261003
HWDJF,Howden Joinery Group Plc,Consumer Cyclical,"Furnishings, Fixtures & Appliances",PNK,10.32,354,5613497344,0.1333,10.61,10.84,-2.1598,-8.11,-18.35,-22.84,-17.59,0.0,25.25,4,12.2,9.6,-15.37,0.0,,8,,20261003
CNVVY,Convatec Group PLC,Healthcare,Medical Instruments & Supplies,PNK,11.53,29407,5525542400,0.2316,12.12,11.91,-2.5409,-4.3,-16.87,-22.9,-16.14,0.0,65.25,4,14.09,10.45,-18.19,0.0,,8,,20261003
CGHOF,China Gas Holdings Limited,Utilities,Utilities - Regulated Gas,PNK,0.7,22,3813706752,0.0022,0.75,0.88,-22.8132,-26.13,-42.18,-43.64,-38.75,0.0,0.0,4,1.0,0.69,-30.0,0.0,,8,,20261003
CHH,"Choice Hotels International, Inc.",Consumer Cyclical,Lodging,NYSE,102.5,553623,4663287808,3.0092,104.39,105.58,-0.6271,-7.23,-18.73,-18.49,-15.76,0.0,36.5,4,123.82,84.04,-17.22,0.0,,8,,20261003
SR,Spire Inc.,Utilities,Utilities - Regulated Gas,NYSE,77.54,491769,4583607296,1.6458,80.37,83.12,-1.7209,-2.86,-32.52,-17.03,-18.91,0.0,34.0,4,95.31,74.84,-18.64,0.0,,8,,20261003
JREIF,Japan Real Estate Investment Corporation,Real Estate,REIT - Office,PNK,769.2,2,5602529792,158.2008,-1627.46,294.5,15.1495,-152.99,-155.91,-96.3,-131.34,0.0,62.0,3,852.68,658.41,-9.79,0.0,,8,,20261003
NFPDF,"Nissin Foods Holdings Co.,Ltd.",Consumer Defensive,Packaged Foods,PNK,18.12,22,5194227712,0.0347,18.23,18.49,-3.0989,2.57,-26.24,-20.35,-16.68,0.0,49.0,3,20.73,16.46,-12.59,0.0,,8,,20261003
PAGP,"Plains GP Holdings, L.P.",Energy,Oil & Gas Midstream,NASDAQ,26.06,1606196,6071991296,0.5061,26.73,23.33,-1.3173,6.84,-5.99,37.12,14.46,0.0,70.75,3,28.7,16.68,-9.2,0.0,,8,,20261003
TLPFF,Teleperformance SE,Industrials,Specialty Business Services,PNK,83.0,200,4956282368,0.6218,79.56,67.29,5.5326,37.53,33.14,4.44,22.76,0.0,77.5,2,90.52,51.9,-8.31,0.0,,8,,20261003
ADT,ADT Inc.,Industrials,Security & Protection Services,NYSE,6.25,7735958,4565995008,0.1685,7.11,7.09,-5.1344,-9.38,-22.01,-42.09,-26.88,0.0,3.75,4,8.89,6.03,-29.66,0.0,,8,,20261003
RNSHF,Renishaw plc,Technology,Scientific & Technical Instruments,PNK,67.06,37,4879114240,0.2083,67.06,67.06,0.0,-2.96,-2.96,-2.96,-2.96,0.0,62.0,3,73.71,66.35,-9.02,0.0,,8,,20261003
HLUBF,H. Lundbeck A/S,Healthcare,Drug Manufacturers - Specialty & Generic,PNK,6.4,64,6793347584,0.0444,5.78,5.05,13.9345,13.53,15.59,37.75,23.94,0.0,75.0,2,6.79,4.82,-5.7,0.0,,8,,20261003
THKLY,"THK Co., Ltd.",Industrials,Specialty Industrial Machinery,PNK,20.98,1579,4709079552,0.4989,20.95,18.77,0.0694,-12.89,17.84,38.57,18.45,0.0,57.5,2,25.7,11.93,-18.37,0.0,,8,,20261003
ENGGF,"Enagás, S.A.",Utilities,Utilities - Regulated Gas,PNK,19.75,165,5140886016,0.0198,19.76,18.02,-0.5041,-11.47,0.81,4.93,-0.62,0.0,37.0,3,21.65,16.02,-8.78,0.0,,8,,20261003
BLFBY,Balfour Beatty plc,Industrials,Engineering & Construction,PNK,24.75,2059,5799863296,1.091,24.79,22.33,-0.04,1.82,1.57,33.88,14.56,0.0,72.0,3,27.84,16.48,-11.1,0.0,,8,,20261003
USSJY,"USS Co., Ltd.",Consumer Cyclical,Auto & Truck Dealerships,PNK,25.88,71,5874194432,0.0563,25.43,23.57,7.9442,0.21,6.68,-5.85,0.05,0.0,75.0,2,26.96,19.72,-4.02,0.0,,8,,20261003
TMICY,Trend Micro Incorporated,Technology,Software - Infrastructure,PNK,43.18,9973,5604432896,1.1067,39.36,37.81,3.454,6.12,11.33,-35.64,-8.76,0.0,87.5,2,54.39,31.09,-20.61,0.0,,8,,20261003
KYSEF,KYUDEN Holdings Inc.,Utilities,Utilities - Independent Power Producers,PNK,13.8,86,6524338688,1.6068,-8.36,-1.82,13.7907,-267.12,-265.69,25.57,-149.54,0.0,63.25,3,14.15,9.47,-2.47,0.0,,8,,20261003
TOSCF,Tosoh Corporation,Basic Materials,Chemicals,PNK,16.0,1,4926248960,3.3183,-32.0,-67.71,14.4653,-149.89,-161.48,-128.41,-145.35,0.0,62.0,3,17.25,16.0,-7.25,0.0,,8,,20261003
SEKEY,Seiko Epson Corporation,Technology,Computer Hardware,PNK,10.48,10749,6689949696,0.2153,9.87,7.87,2.8177,14.66,51.08,48.92,41.11,0.0,86.25,2,10.76,5.75,-2.6,0.0,,8,,20261003
PSMT,"PriceSmart, Inc.",Consumer Defensive,Discount Stores,NASDAQ,170.68,249241,5267274240,4.1449,175.81,161.66,-1.2388,-14.42,-5.58,26.52,5.05,0.0,45.75,3,199.84,111.68,-14.59,0.0,,8,,20261003
GNTX,Gentex Corporation,Consumer Cyclical,Auto Parts,NASDAQ,22.08,2395123,4651887616,0.4649,23.04,23.25,-2.058,-12.01,-14.2,-35.75,-22.27,0.0,31.5,4,27.93,20.48,-20.95,0.0,,8,,20261003
PMNXF,Perseus Mining Limited,Basic Materials,Gold,PNK,4.43,13880,6290603008,0.114,4.27,3.82,1.3755,24.13,3.39,22.09,16.06,0.0,78.75,2,4.89,0.01,-9.41,0.0,,8,,20261003
GLBE,Global-E Online Ltd.,Consumer Cyclical,Internet Retail,NASDAQ,39.31,1466449,6602798592,1.4946,39.5,35.57,-0.1265,2.66,8.13,-3.58,2.08,0.0,75.75,3,43.99,26.84,-10.64,0.0,,8,,20261003
IEP,Icahn Enterprises L.P.,Energy,Oil & Gas Refining & Marketing,NASDAQ,6.67,987665,4741803520,0.1419,6.95,6.78,-1.9465,-4.19,-19.28,-13.89,-13.35,0.0,59.0,3,9.32,6.51,-28.43,0.0,,8,,20261003
LGMMY,LEG Immobilien SE,Real Estate,Real Estate Services,PNK,13.0,19,3996120576,0.0625,14.49,15.75,-23.8518,-16.74,-27.91,-48.06,-33.17,0.0,0.0,4,22.0,9.27,-40.91,0.0,,8,,20261003
PRM,"Perimeter Solutions, Inc.",Basic Materials,Specialty Chemicals,NYSE,27.45,1395846,4493206528,1.385,31.66,29.64,-3.0372,-21.68,-10.68,8.85,-5.62,0.0,24.5,4,38.17,19.7,-28.08,0.0,,8,,20261003
BIPC,Brookfield Infrastructure Corporation,Utilities,Utilities - Regulated Gas,NYSE,36.65,1071749,4508521984,0.8908,38.1,40.98,-1.6233,-8.5,-24.61,-24.56,-20.56,0.0,24.5,4,51.72,34.18,-29.14,0.0,,8,,20261003
IPGP,IPG Photonics Corporation,Technology,Semiconductor Equipment & Materials,NASDAQ,84.05,464995,3575028224,3.3334,80.56,101.28,1.0478,-22.42,-44.18,-10.68,-25.34,0.0,35.0,3,155.82,69.41,-46.06,0.0,,8,,20261003
QS,QuantumScape Corporation,Consumer Cyclical,Auto Parts,NASDAQ,4.57,18850784,2811213056,0.2465,5.41,7.33,-3.3927,-39.58,-46.09,-85.06,-60.05,0.0,7.5,4,19.07,4.54,-76.04,0.0,,8,,20261003
TCLHF,TCL Electronics Holdings Limited,Technology,Consumer Electronics,PNK,2.33,833,5797881344,0.0553,2.06,1.78,4.8967,18.03,11.5,62.85,33.67,0.0,76.25,2,2.34,1.07,-0.43,0.0,,8,,20261003
HLNE,Hamilton Lane Incorporated,Financial Services,Asset Management,NASDAQ,87.04,669174,5833601024,3.664,95.96,101.77,-2.4344,3.58,-24.21,-47.18,-26.45,0.0,33.75,4,155.66,71.88,-44.08,0.0,,8,,20261003
TVAVF,The Tel-Aviv Stock Exchange Ltd.,Financial Services,Financial Data & Stock Exchanges,PNK,44.25,682,4105772032,0.8044,39.75,44.52,5.5904,-3.59,-17.81,70.72,21.16,0.0,37.0,3,63.0,22.0,-29.76,0.0,,8,,20261003
SITE,"SiteOne Landscape Supply, Inc.",Industrials,Industrial Distribution,NYSE,89.56,881076,3909776896,3.0095,95.58,119.91,-2.0014,-21.82,-47.28,-46.15,-40.47,0.0,8.75,4,168.56,85.92,-46.87,0.0,,8,,20261003
TLPFY,Teleperformance SE,Industrials,Specialty Business Services,PNK,38.9,6463,4645768704,1.0435,39.73,33.37,-0.7937,31.67,28.86,-5.29,15.91,0.0,77.0,3,43.95,25.7,-11.49,0.0,,8,,20261003
JDSPY,JD Sports Fashion Plc,Consumer Cyclical,Apparel Retail,OQX,1.0,8422,4899204608,0.0414,1.11,1.04,-2.7982,-8.83,-9.52,-40.48,-21.73,0.0,18.25,4,1.39,0.84,-28.42,0.0,,8,,20261003
YMATF,Azbil Corporation,Industrials,Specialty Industrial Machinery,PNK,9.73,9,4852015104,2.0961,-20.92,-5.57,14.6219,-144.28,-167.48,-72.36,-123.63,0.0,62.0,3,10.74,8.85,-9.4,0.0,,8,,20261003
AVAL,Grupo Aval Acciones y Valores S.A.,Financial Services,Banks - Regional,NYSE,4.78,142555,5674691072,0.153,5.17,4.64,-2.5677,-7.71,-5.67,34.19,9.76,0.0,60.0,3,6.2,3.35,-22.9,0.0,,8,,20261003
JAN,"Janus Living, Inc.",Real Estate,REIT - Residential,NYSE,29.05,1653482,9025334272,0.8299,30.4,29.05,-1.6272,-3.35,5.0,5.19,2.99,0.0,70.75,3,32.83,22.76,-11.51,0.0,,8,,20261003
CNX,CNX Resources Corporation,Energy,Oil & Gas E&P,NYSE,31.5,1703180,4660224512,0.8493,34.98,36.54,-4.0963,-8.33,-36.57,-22.6,-23.92,0.0,31.25,4,43.62,30.78,-27.79,0.0,,8,,20261003
TKC,Turkcell Iletisim Hizmetleri A.S.,Communication Services,Telecom Services,NYSE,5.04,2354153,4387708416,0.1207,5.3,5.94,-2.1177,-16.54,-34.23,-32.48,-29.11,0.0,27.0,4,7.18,4.82,-29.81,0.0,,8,,20261003
LPL,"LG Display Co., Ltd.",Technology,Consumer Electronics,NYSE,3.12,2836819,3120000000,0.1196,3.18,4.02,-0.5334,-17.22,-40.14,-57.4,-41.31,0.0,22.0,4,5.83,2.76,-46.48,0.0,,8,,20261003
WHD,"Cactus, Inc.",Energy,Oil & Gas Equipment & Services,NYSE,63.44,784877,4423872000,2.0737,66.92,56.58,-1.6761,23.22,15.41,43.56,28.62,0.0,57.5,3,74.07,33.2,-14.35,0.0,,8,,20261003
IPGDF,IGO Limited,Basic Materials,Other Industrial Metals & Mining,PNK,5.6,85,4240699904,0.031,5.45,5.73,4.8683,-3.53,-10.28,63.06,20.74,0.0,37.0,3,7.12,3.25,-21.4,0.0,,8,,20261003
OLLI,"Ollie's Bargain Outlet Holdings, Inc.",Consumer Defensive,Discount Stores,NASDAQ,88.06,1852957,5230678528,3.033,76.8,89.39,3.7097,24.6,-25.47,-47.39,-21.72,0.0,75.75,3,133.28,60.29,-33.93,0.0,,8,,20261003
NAVN,"Navan, Inc.",Technology,Software - Application,NASDAQ,21.43,3648050,5580597248,1.2065,25.61,18.59,-3.4622,-21.22,59.45,-7.28,12.59,0.0,36.25,3,30.88,8.11,-30.6,0.0,,8,,20261003
DNTUY,Dentsu Group Inc.,Communication Services,Advertising Agencies,PNK,23.9,230,6204109824,0.1258,21.98,19.86,15.261,20.31,21.66,-6.85,9.92,0.0,75.0,2,24.25,16.38,-1.44,0.0,,8,,20261003
IIDDY,IGO Limited,Basic Materials,Other Industrial Metals & Mining,PNK,10.18,17,3854493440,0.0108,9.86,10.48,29.9513,-14.4,-18.15,44.24,7.74,0.0,37.0,3,11.98,6.4,-15.03,0.0,,8,,20261003
DUOL,"Duolingo, Inc.",Technology,Software - Application,NASDAQ,144.27,1175926,6721989120,6.9572,142.46,127.38,0.2602,8.52,31.49,-68.88,-14.4,0.0,85.0,2,353.0,87.89,-59.13,0.0,,8,,20261003
KYSEY,KYUDEN Holdings Inc.,Utilities,Utilities - Independent Power Producers,PNK,13.65,1706,6453421568,1.4076,13.09,11.82,0.3992,23.57,-1.68,19.98,13.3,0.0,82.5,2,19.0,9.8,-28.16,0.0,,8,,20261003
OMAB,"Grupo Aeroportuario del Centro Norte, S.A.B. de C.V.",Industrials,Airports & Air Services,NASDAQ,94.19,95976,4546662400,2.9757,102.39,107.47,-2.757,-19.37,-34.91,-19.09,-24.7,0.0,7.5,4,134.99,92.33,-30.22,0.0,,8,,20261003
ATDRY,Autotrader Group plc,Communication Services,Internet Content & Information,PNK,1.49,296234,4575645696,0.0444,1.64,1.64,-3.4542,-9.37,-20.41,-57.41,-32.45,0.0,15.75,4,2.69,1.37,-44.61,0.0,,8,,20261003
UWMC,UWM Holdings Corporation,Financial Services,Mortgage Finance,NYSE,1.26,16716501,2024771584,0.0903,1.46,3.0,-2.2061,-45.43,-82.52,-94.29,-77.95,0.0,8.75,4,6.17,0.93,-79.56,0.0,,8,,20261003
MAQAF,Atlas Arteria Limited,Industrials,Infrastructure Operations,PNK,3.08,39,4476760064,0.0319,3.36,3.37,-8.7518,-17.14,-15.28,-29.62,-21.48,0.0,12.0,4,4.09,2.69,-24.69,0.0,,8,,20261003
JMPLY,Johnson Matthey Plc,Basic Materials,Specialty Chemicals,PNK,63.09,1314,3971897088,1.4098,60.94,59.11,1.522,10.92,6.61,-0.86,4.7,0.0,76.25,2,87.6,56.22,-27.98,0.0,,8,,20261003
HRB,"H&R Block, Inc.",Consumer Cyclical,Personal Services,NYSE,41.68,2138092,5105510912,1.551,46.79,38.15,-3.2954,4.54,14.19,-31.24,-6.39,0.0,56.25,3,58.67,28.16,-28.96,0.0,,8,,20261003
ZHEXF,"Zhejiang Expressway Co., Ltd.",Industrials,Infrastructure Operations,PNK,0.73,5369,4508659712,0.0131,0.8,0.87,-5.0979,-12.57,-41.91,-38.72,-33.3,0.0,7.5,4,1.1,0.71,-33.64,0.0,,8,,20261003
LPX,Louisiana-Pacific Corporation,Industrials,Building Products & Equipment,NYSE,65.1,1157163,4552013824,2.271,70.33,76.16,-2.3026,-18.48,-25.24,-43.05,-30.68,0.0,12.5,4,100.34,62.18,-35.12,0.0,,8,,20261003
ALH,Alliance Laundry Holdings Inc.,Consumer Cyclical,"Furnishings, Fixtures & Appliances",NYSE,21.3,1162047,4234207488,0.6949,23.68,23.51,-3.4274,-20.84,-18.23,-30.09,-23.63,0.0,20.75,4,28.23,18.64,-24.55,0.0,,8,,20261003
OTF,Blue Owl Technology Finance Corp.,Financial Services,Asset Management,NYSE,9.58,2443671,4389415936,0.2448,10.4,10.75,-3.3431,-6.6,-27.87,-35.62,-25.65,0.0,31.25,4,15.0,9.57,-36.13,0.0,,8,,20261003
STVN,Stevanato Group S.p.A.,Healthcare,Medical Instruments & Supplies,NYSE,20.2,370633,5517149184,0.8542,21.07,18.2,-1.019,2.07,29.71,-39.12,-4.73,0.0,74.5,3,27.99,12.89,-27.83,0.0,,8,,20261003
DSVSF,Discovery Mining Ltd.,Basic Materials,Silver,OQX,8.78,422115,7147948032,0.5264,8.26,7.03,0.9836,29.73,8.75,117.13,57.35,0.0,85.0,2,9.79,3.25,-10.32,0.0,,8,,20261003
SMFRF,"Sumitomo Forestry Co., Ltd.",Consumer Cyclical,Residential Construction,PNK,7.72,297,4730697728,0.0528,8.21,-7.47,-9.4472,-12.6,-161.01,-91.63,-96.16,0.0,51.25,3,12.17,7.49,-36.61,0.0,,8,,20261003
CIGI,Colliers International Group Inc.,Real Estate,Real Estate Services,NASDAQ,89.78,237422,4588101120,2.9545,98.16,109.72,-2.8352,-11.86,-34.37,-57.88,-38.15,0.0,8.75,4,171.51,87.36,-47.65,0.0,,8,,20261003
KOTMY,"Koito Manufacturing Co., Ltd.",Consumer Cyclical,Auto Parts,PNK,16.5,350,4248578816,0.0659,16.31,16.08,2.8518,2.73,-4.0,-5.57,-2.94,0.0,75.0,2,18.34,13.7,-10.02,0.0,,8,,20261003
PUMSY,PUMA SE,Consumer Cyclical,Footwear & Accessories,PNK,2.46,8874,3726211840,0.0621,2.81,2.8,-5.5865,-24.48,-18.75,-19.15,-20.34,0.0,8.75,4,3.46,1.71,-28.9,0.0,,8,,20261003
BTDPF,Barratt Redrow plc,Consumer Cyclical,Residential Construction,PNK,4.3,185,5924103680,0.0365,3.99,4.08,8.4006,20.16,10.03,-29.95,-3.43,0.0,77.5,3,5.46,3.25,-21.25,0.0,,8,,20261003
CBUMF,China National Building Material Company Limited,Basic Materials,Building Materials,PNK,0.47,26426,3543663104,0.0032,0.48,0.54,-3.1674,-28.0,-18.19,-28.62,-24.81,0.0,12.0,4,0.9,0.42,-48.1,0.0,,8,,20261003
CWSRF,Chartwell Retirement Residences,Real Estate,REIT - Healthcare Facilities,PNK,14.18,69084,4675468288,0.1085,15.02,15.0,-7.7058,-13.85,-14.18,-13.94,-14.0,0.0,17.0,4,16.83,13.73,-15.75,0.0,,8,,20261003
AX,"Axos Financial, Inc.",Financial Services,Banks - Regional,NYSE,88.93,349968,5045359104,2.3185,95.65,92.3,-2.8998,-14.41,-13.77,-9.92,-12.39,0.0,20.75,4,105.74,74.89,-15.9,0.0,,8,,20261003
PUTKY,PT United Tractors Tbk,Basic Materials,Other Industrial Metals & Mining,PNK,29.24,26933,5106902528,0.8986,27.71,30.82,1.7011,6.16,-34.97,-19.09,-18.34,0.0,73.25,3,39.0,23.18,-25.03,0.0,,8,,20261003
DLPTF,"Liaoning Port Co., Ltd.",Industrials,Marine Shipping,PNK,0.05,31,1178588416,0.0017,0.1,0.11,-26.706,-57.24,-72.49,-60.82,-64.01,0.0,0.0,4,0.15,0.05,-67.08,0.0,,8,,20261003
CMBT,Cmb.Tech NV,Energy,Oil & Gas Midstream,NYSE,19.85,989817,5759869952,0.5144,18.01,14.18,3.5849,27.81,44.54,108.04,65.76,0.0,92.5,2,20.82,8.88,-4.66,0.0,,8,,20261003
SON,Sonoco Products Company,Consumer Cyclical,Packaging & Containers,NYSE,48.74,1114198,4819167744,1.3092,54.01,51.21,-4.0245,-16.39,-27.29,1.76,-12.95,0.0,18.25,4,60.67,38.65,-19.66,0.0,,8,,20261003
MIAX,"Miami International Holdings, Inc.",Financial Services,Capital Markets,NYSE,33.01,1412909,3275611648,1.4922,41.4,42.64,-5.6228,-23.84,-35.77,-31.7,-31.16,0.0,5.0,4,57.14,32.9,-42.23,0.0,,8,,20261003
MKTX,MarketAxess Holdings Inc.,Financial Services,Capital Markets,NASDAQ,164.14,1058873,5777267712,0.5741,159.31,155.42,8.4102,38.95,-21.22,-18.45,-5.07,0.0,86.25,2,195.97,108.75,-16.24,0.0,,8,,20261003
FNCNF,Fincantieri S.p.A.,Industrials,Aerospace & Defense,PNK,13.59,496,4887345152,0.215,14.51,15.69,-4.2663,9.82,-30.76,-64.46,-34.1,0.0,28.75,4,31.46,11.2,-56.81,0.0,,8,,20261003
LBRDA,Liberty Broadband Corporation,Communication Services,Telecom Services,NASDAQ,35.99,249603,5177567232,1.8727,32.51,46.05,1.8596,-42.82,-31.49,-82.18,-54.6,0.0,33.75,3,65.11,26.14,-44.72,0.0,,8,,20261003
SXT,Sensient Technologies Corporation,Basic Materials,Specialty Chemicals,NYSE,128.59,424887,5473152000,3.061,130.41,109.71,-0.596,0.96,22.27,26.31,18.56,0.0,69.5,3,138.82,82.6,-7.37,0.0,,8,,20261003
BDVSY,The Bidvest Group Limited,Industrials,Conglomerates,PNK,26.79,11852,4596981760,0.5992,28.68,28.25,-3.1484,-10.94,-15.85,-3.45,-9.66,0.0,25.75,4,32.0,25.1,-16.28,0.0,,8,,20261003
WFG,West Fraser Timber Co. Ltd.,Basic Materials,Lumber & Wood Production,NYSE,66.5,220365,5207204352,2.1772,68.93,66.26,-1.1175,-3.94,-14.94,-17.04,-13.03,0.0,74.5,3,76.99,57.34,-13.63,0.0,,8,,20261003
ACMR,"ACM Research, Inc.",Technology,Semiconductor Equipment & Materials,NASDAQ,83.38,1041922,5807350272,4.8957,76.54,67.03,1.3962,-18.07,87.73,74.07,55.82,0.0,60.0,2,127.19,28.46,-34.44,0.0,,8,,20261003
CRSP,CRISPR Therapeutics AG,Healthcare,Biotechnology,NASDAQ,55.43,1584319,5359673856,2.7606,54.37,53.29,0.3829,-13.14,-5.99,-32.6,-18.42,0.0,86.25,2,78.48,44.12,-29.37,0.0,,8,,20261003
FMMFF,Fuji Corporation,Industrials,Specialty Industrial Machinery,PNK,47.47,6,4173233664,0.4824,47.11,36.59,0.7516,-7.18,36.9,177.63,82.17,0.0,50.0,2,50.42,16.52,-5.85,0.0,,8,,20261003
PMMAF,PUMA SE,Consumer Cyclical,Footwear & Accessories,PNK,23.6,74,3505995008,0.4742,28.77,28.5,-10.8931,-25.67,-22.06,-22.07,-22.97,0.0,2.5,4,35.0,17.41,-32.57,0.0,,8,,20261003
VOYJF,Valmet Oyj,Industrials,Specialty Industrial Machinery,PNK,31.17,3,6641570816,0.0929,28.19,28.98,32.0754,26.54,-19.9,-25.57,-10.56,0.0,75.0,3,36.05,24.72,-13.55,0.0,,8,,20261003
MTPOF,Metropolitan Bank & Trust Company,Financial Services,Banks - Regional,PNK,0.95,2409,4255994368,0.0872,-0.05,-0.01,11.3867,-249.13,-263.48,-24.07,-164.13,0.0,75.75,3,1.45,0.85,-34.92,0.0,,8,,20261003
RLI,RLI Corp.,Financial Services,Insurance - Property & Casualty,NYSE,55.94,740711,5133779456,1.365,61.65,57.27,-4.182,-11.9,-17.2,-20.3,-17.11,0.0,17.0,4,67.12,47.26,-16.66,0.0,,8,,20261003
TCCHF,Technogym S.p.A.,Consumer Cyclical,Leisure,PNK,24.0,0,4782992384,0.0001,24.0,19.9,0.0,-2.83,7.78,58.24,25.31,0.0,62.0,3,24.25,14.0,-1.03,0.0,,8,,20261003
ACHR,Archer Aviation Inc.,Industrials,Aerospace & Defense,NYSE,4.89,31597017,3765431040,0.2989,5.59,6.2,-2.351,-11.64,-27.73,-66.53,-39.23,0.0,37.5,4,14.62,4.3,-66.55,0.0,,8,,20261003
RDN,Radian Group Inc.,Financial Services,Insurance - Specialty,NYSE,32.57,1270325,4309053952,0.9159,36.06,34.92,-3.8066,-16.82,-19.74,-22.1,-19.95,0.0,19.5,4,41.05,30.53,-20.66,0.0,,8,,20261003
ACLS,"Axcelis Technologies, Inc.",Technology,Semiconductor Equipment & Materials,NASDAQ,147.77,387907,4563357696,6.3843,123.98,119.9,3.7267,2.87,37.45,39.56,29.65,0.0,66.25,2,193.78,73.6,-23.74,0.0,,8,,20261003
VSECU,VSE Corporation,Industrials,Aerospace & Defense,NASDAQ,44.72,31850,0,1.7438,52.04,44.72,-4.1972,-27.52,-25.01,-23.18,-24.91,0.0,33.75,3,68.1,38.45,-34.33,0.0,,8,,20261003
VSEC,VSE Corporation,Industrials,Aerospace & Defense,NASDAQ,167.28,400095,4694708736,8.997,202.17,198.46,-3.878,-32.38,-27.49,-15.61,-23.96,0.0,8.75,4,247.85,154.67,-32.51,0.0,,8,,20261003
MTPOY,Metropolitan Bank & Trust Company,Financial Services,Banks - Regional,PNK,21.0,40,4722286592,0.3478,20.47,21.35,1.5175,-3.39,-22.27,-33.0,-21.84,0.0,37.0,3,27.3,18.2,-23.08,0.0,,8,,20261003
AUTSF,AUTSF,Unknown,Unknown,NASDAQ,1.67,135,0,0.0169,1.67,1.67,0.0,-2.79,-2.79,-2.79,-2.79,0.0,62.0,3,1.76,1.62,-5.11,0.0,,8,,20261003
