ticker,name,sector,industry,exchange,close,avg_volume_50d,market_cap,atr14,sma50,sma200,atr_extension,rs_3m,rs_6m,rs_12m,rs_score,rs_percentile,trend_strength,stage,52w_high,52w_low,pct_from_52w_high,rts_composite,rts_grade,rts_grade_rank,colour_band,run_date
RDEIY,"Redeia Corporación, S.A.",Utilities,Utilities - Regulated Electric,PNK,8.23,84015,8881747968,0.1158,8.65,8.49,-3.6593,-10.29,-20.93,-26.58,-20.53,0.0,34.0,4,11.04,8.08,-25.45,0.0,,8,,20261007
NXSNF,"NextVision Stabilized Systems, Ltd.",Industrials,Security & Protection Services,PNK,76.5,200,7079681536,0.7129,74.45,88.82,2.8746,-11.72,-36.8,51.35,4.73,0.0,26.25,3,123.19,45.0,-37.9,0.0,,8,,20261007
EVKIY,Evonik Industries AG,Basic Materials,Specialty Chemicals,PNK,11.49,21356,11016240128,0.4956,10.57,9.13,1.8635,19.13,4.2,22.96,15.44,0.0,87.5,2,12.2,7.24,-5.82,0.0,,8,,20261007
BZZUF,Buzzi S.p.A.,Basic Materials,Building Materials,PNK,45.0,275,7943024128,0.086,46.87,52.44,-21.7383,-18.98,-33.75,-39.17,-32.23,0.0,12.0,4,63.8,44.91,-29.47,0.0,,8,,20261007
UHAL,U-Haul Holding Company,Industrials,Rental & Leasing Services,NYSE,60.67,155095,11860633600,1.3309,67.59,58.07,-5.1987,-11.53,5.64,-11.22,-5.39,0.0,35.0,3,76.45,41.95,-20.64,0.0,,8,,20261007
QABSY,Qantas Airways Limited,Industrials,Airlines,PNK,31.41,31161,9505917952,0.909,33.11,32.71,-1.8652,-16.93,-9.84,-27.17,-18.54,0.0,19.5,4,39.21,28.15,-19.89,0.0,,8,,20261007
DAR,Darling Ingredients Inc.,Consumer Defensive,Packaged Foods,NYSE,61.17,2356367,9652803584,2.3781,63.48,56.48,-0.9731,-4.53,-22.47,74.99,21.0,0.0,72.0,3,69.98,29.15,-12.59,0.0,,8,,20261007
LINE,"Lineage, Inc.",Real Estate,REIT - Industrial,NASDAQ,34.44,954515,8635755520,1.0321,38.61,37.65,-4.0425,-24.0,-10.39,-29.55,-21.46,0.0,19.5,4,45.75,31.33,-24.72,0.0,,8,,20261007
ASMVF,ASMPT Limited,Technology,Semiconductor Equipment & Materials,PNK,20.62,44,8647340032,0.0626,20.36,16.36,4.1206,-6.51,69.94,134.49,76.65,0.0,50.0,2,22.6,9.05,-8.77,0.0,,8,,20261007
CCOEF,"Capcom Co., Ltd.",Communication Services,Electronic Gaming & Multimedia,PNK,26.95,70,11273422848,0.1207,25.07,22.36,15.5544,43.59,4.38,-15.18,6.36,0.0,75.0,2,30.05,16.45,-10.32,0.0,,8,,20261007
LZRFY,Localiza Rent a Car S.A.,Industrials,Rental & Leasing Services,OQX,10.12,47057,11178702848,0.7565,7.22,8.27,3.8338,32.77,-5.03,23.68,15.9,0.0,92.5,3,11.76,6.1,-13.95,0.0,,8,,20261007
SIMO,Silicon Motion Technology Corporation,Technology,Semiconductors,NASDAQ,284.96,942353,9662490624,14.9522,257.26,202.96,1.8528,-13.64,125.75,174.57,110.43,0.0,63.75,2,355.0,79.76,-19.73,0.0,,8,,20261007
RIOT,"Riot Platforms, Inc.",Financial Services,Capital Markets,NCM,18.93,18477439,7103651840,1.4306,20.8,19.4,-1.3051,-15.02,14.62,-20.3,-6.76,0.0,20.75,4,30.32,11.5,-37.57,0.0,,8,,20261007
ACM,AECOM,Industrials,Engineering & Construction,NYSE,60.16,1926982,7742376960,2.0839,65.46,79.14,-2.5449,-16.17,-46.22,-70.48,-48.41,0.0,11.25,4,135.52,58.08,-55.61,0.0,,8,,20261007
REGMF,"RemeGen Co., Ltd.",Healthcare,Biotechnology,PNK,9.96,47,5613538304,0.0684,11.08,11.0,-16.326,-21.23,-27.22,79.81,17.09,0.0,12.0,4,12.85,5.06,-22.49,0.0,,8,,20261007
ONBPP,Old National Bancorp,Financial Services,Banks - Regional,NASDAQ,25.03,6795,0,0.1734,24.85,24.38,1.0128,-2.89,-15.62,-11.75,-10.89,0.0,88.75,2,25.5,24.41,-1.84,0.0,,8,,20261007
ONB,Old National Bancorp,Financial Services,Banks - Regional,NASDAQ,24.9,4246327,9524079616,0.4916,25.8,24.21,-1.8253,-7.46,-6.87,-2.67,-5.34,0.0,44.5,3,27.36,19.39,-8.99,0.0,,8,,20261007
ONBPO,Old National Bancorp,Financial Services,Banks - Regional,NASDAQ,24.73,5759,0,0.2311,24.85,24.39,-0.5173,-3.75,-16.45,-12.47,-11.68,0.0,67.0,3,25.45,24.5,-2.83,0.0,,8,,20261007
SCRPF,Sembcorp Industries Ltd,Utilities,Utilities - Diversified,PNK,4.95,332,8813050880,0.0164,4.6,4.68,21.2398,15.61,-19.52,-3.35,-4.27,0.0,75.0,3,5.9,4.11,-16.1,0.0,,8,,20261007
ACLIF,Accelleron Industries AG,Industrials,Specialty Industrial Machinery,PNK,90.0,78,8464162304,0.604,91.83,89.98,-3.0348,-14.06,-18.67,-12.74,-15.15,0.0,37.0,3,109.3,77.0,-17.66,0.0,,8,,20261007
SSB,SouthState Bank Corporation,Financial Services,Banks - Regional,NYSE,100.95,755989,9789579264,1.8178,105.57,98.82,-2.544,-0.72,-10.07,-13.53,-9.12,0.0,68.25,3,112.2,84.48,-10.03,0.0,,8,,20261007
ALBKY,Alpha Bank S.A.,Financial Services,Banks - Regional,PNK,1.28,25425,11829563392,0.0355,1.27,1.1,0.3266,7.4,19.66,22.25,17.63,0.0,81.25,2,1.37,0.73,-6.57,0.0,,8,,20261007
JSAIY,J Sainsbury plc,Consumer Defensive,Grocery Stores,OQX,17.16,58471,9347948544,0.2832,18.26,17.71,-3.8695,-10.96,-24.12,-17.04,-18.0,0.0,24.5,4,19.9,15.87,-13.77,0.0,,8,,20261007
TX,Ternium S.A.,Basic Materials,Steel,NYSE,56.97,581442,0,1.5452,54.91,45.46,1.3346,28.05,28.6,44.73,34.91,0.0,86.25,2,59.32,33.01,-3.96,0.0,,8,,20261007
MDDNF,Meridian Energy Limited,Utilities,Utilities - Renewable,PNK,3.03,213,8039816192,0.0135,3.04,3.06,-1.1777,-9.05,-5.59,-21.8,-12.94,0.0,24.0,4,3.62,2.84,-16.44,0.0,,8,,20261007
NCLTY,"Nitori Holdings Co., Ltd.",Consumer Cyclical,"Furnishings, Fixtures & Appliances",PNK,10.0,140970,11301151744,0.5063,9.53,8.55,0.9273,29.45,17.83,-1.93,12.83,0.0,87.5,2,11.56,6.9,-13.49,0.0,,8,,20261007
AXTI,"AXT, Inc.",Technology,Semiconductor Equipment & Materials,NASDAQ,84.06,9809021,5512083968,6.7314,69.74,61.06,2.1268,35.04,66.13,1520.92,640.27,0.0,87.5,2,143.16,4.0,-41.28,0.0,,8,,20261007
EQUEY,Equatorial S.A.,Utilities,Utilities - Regulated Electric,PNK,9.5,610,11934837760,0.1754,7.51,7.73,11.3281,21.22,2.24,21.01,14.49,0.0,78.75,3,9.66,6.3,-1.66,0.0,,8,,20261007
CNM,"Core & Main, Inc.",Industrials,Industrial Distribution,NYSE,42.1,2212019,7765071360,1.1676,43.59,49.08,-1.2733,-12.43,-35.27,-37.53,-30.46,0.0,23.25,4,59.66,40.03,-29.43,0.0,,8,,20261007
ACDSF,CapitaLand Ascendas REIT,Real Estate,REIT - Industrial,PNK,1.74,35046,8691673088,0.0114,1.83,1.96,-8.0811,-14.15,-26.72,-34.02,-26.5,0.0,1.25,4,2.32,1.72,-25.0,0.0,,8,,20261007
HDALF,Haidilao International Holding Ltd.,Consumer Cyclical,Restaurants,PNK,1.24,16947,7178675200,0.0352,1.41,1.72,-4.9474,-19.02,-53.78,-47.1,-42.42,0.0,6.25,4,2.41,1.11,-48.76,0.0,,8,,20261007
ALV,"Autoliv, Inc.",Consumer Cyclical,Auto Parts,NYSE,113.05,676541,8279467520,2.7242,119.53,117.51,-2.3794,-7.67,-8.61,-27.36,-15.88,0.0,20.75,4,132.17,99.16,-14.47,0.0,,8,,20261007
CEF,Sprott Physical Gold and Silver Trust,Unknown,Unknown,NYSE,41.82,578189,7333812736,0.9241,43.75,46.75,-2.0835,-1.55,-30.11,-5.35,-13.06,0.0,43.25,3,61.38,36.16,-31.87,0.0,,8,,20261007
AGX,"Argan, Inc.",Industrials,Engineering & Construction,NYSE,419.64,359212,5887482880,21.007,463.51,517.05,-2.0885,-41.67,-45.93,43.1,-9.25,0.0,12.5,4,805.75,255.6,-47.92,0.0,,8,,20261007
AAL,American Airlines Group Inc.,Industrials,Airlines,NASDAQ,13.0,78556831,8605608960,0.457,13.95,13.82,-2.0806,-26.09,1.48,-5.41,-8.17,0.0,19.5,4,18.79,10.09,-30.81,0.0,,8,,20261007
GMWKF,Games Workshop Group PLC,Consumer Cyclical,Leisure,PNK,230.0,246,7600435200,12.8738,249.93,252.35,-1.5482,-19.03,-22.85,1.49,-12.16,0.0,22.0,4,300.0,185.0,-23.33,0.0,,8,,20261007
SMNNY,Shimano Inc.,Consumer Cyclical,Leisure,PNK,10.99,58165,9267489792,0.3927,12.05,11.01,-2.71,0.12,-16.45,-22.44,-14.71,0.0,49.5,3,13.15,9.36,-16.43,0.0,,8,,20261007
IFUUF,Infratil Limited,Industrials,Conglomerates,PNK,7.85,95,7844602368,0.0992,8.79,7.79,-9.5182,-18.19,-3.51,32.17,7.09,0.0,25.0,3,9.65,5.4,-18.65,0.0,,8,,20261007
SSAAF,SSAB AB (publ),Basic Materials,Steel,PNK,9.33,0,9298442240,0.0004,9.33,8.69,0.0,-4.78,-0.98,40.94,14.84,0.0,62.0,3,9.99,7.0,-6.61,0.0,,8,,20261007
ZIONP,"Zions Bancorporation, National Association",Financial Services,Banks - Regional,NASDAQ,17.56,4767,0,0.3514,17.9,18.45,-0.9564,-7.03,-24.06,-32.37,-23.12,0.0,34.0,4,22.27,16.72,-21.15,0.0,,8,,20261007
ZION,"Zions Bancorporation, National Association",Financial Services,Banks - Regional,NASDAQ,62.85,1528472,9173168128,1.3533,67.52,62.79,-3.4502,-12.6,-10.89,-3.91,-8.52,0.0,32.5,3,73.34,46.19,-14.3,0.0,,8,,20261007
PSO,Pearson plc,Communication Services,Publishing,NYSE,16.32,708127,9809446912,0.2378,16.24,14.59,0.3324,-7.44,3.93,-0.27,-0.59,0.0,63.75,2,17.75,12.02,-8.06,0.0,,8,,20261007
NRKBF,NKT A/S,Industrials,Electrical Equipment & Parts,PNK,138.1,7,7381507584,0.483,151.87,136.84,-28.5157,-16.64,-8.93,19.7,0.59,0.0,25.0,3,158.3,101.0,-12.76,0.0,,8,,20261007
GWKSY,Games Workshop Group PLC,Consumer Cyclical,Leisure,PNK,23.42,1133,7701024768,0.7739,25.96,26.2,-3.2791,-20.85,-29.66,2.94,-14.42,0.0,2.5,4,32.01,20.0,-26.84,0.0,,8,,20261007
AOMFF,Alstom SA,Industrials,Railroads,PNK,18.1,576,7882977792,0.2627,18.27,23.33,-0.6427,-6.3,-54.21,-45.79,-38.87,0.0,18.25,4,35.21,16.6,-48.59,0.0,,8,,20261007
ALSN,"Allison Transmission Holdings, Inc.",Consumer Cyclical,Auto Parts,NYSE,114.75,820593,9475829760,3.8085,121.83,117.26,-1.8585,-1.86,-20.48,16.44,-1.06,0.0,44.5,3,137.62,76.01,-16.62,0.0,,8,,20261007
ZLIOY,"Zoomlion Heavy Industry Science and Technology Co., Ltd.",Industrials,Farm & Heavy Construction Machinery,PNK,6.68,188,8577071104,0.1736,8.52,9.73,-10.584,-35.91,-57.04,-44.14,-46.6,0.0,1.25,4,14.92,6.68,-55.23,0.0,,8,,20261007
ASR,"Grupo Aeroportuario del Sureste, S. A. B. de C. V.",Industrials,Airports & Air Services,NYSE,240.79,63921,0,6.6488,256.81,301.86,-2.4096,-20.2,-45.44,-40.06,-36.98,0.0,8.75,4,381.52,226.34,-36.89,0.0,,8,,20261007
CUBE,CubeSmart,Real Estate,REIT - Industrial,NYSE,37.76,2368453,8547238400,0.7451,39.48,38.25,-2.3036,-8.89,-14.57,-19.46,-15.11,0.0,34.0,4,43.26,35.09,-12.71,0.0,,8,,20261007
ADC,Agree Realty Corporation,Real Estate,REIT - Retail,NYSE,65.79,1471234,8205784576,1.0722,71.76,73.66,-5.5679,-19.41,-30.85,-20.38,-23.8,0.0,6.25,4,82.08,64.98,-19.85,0.0,,8,,20261007
ALSMY,Alstom SA,Industrials,Railroads,PNK,1.76,1308329,8142041600,0.0491,1.78,2.29,-0.3665,-3.05,-55.24,-49.72,-39.99,0.0,18.25,4,3.51,1.6,-49.86,0.0,,8,,20261007
CIFR,Cipher Digital Inc.,Technology,Information Technology Services,NASDAQ,15.5,32765814,6432976384,1.3141,17.31,18.33,-1.3761,-33.84,-8.15,-12.23,-16.21,0.0,8.75,4,30.14,11.72,-48.57,0.0,,8,,20261007
LKNCY,Luckin Coffee Inc.,Consumer Cyclical,Restaurants,OID,33.1,1253804,9476154368,1.206,34.61,33.62,-1.2527,-6.09,-16.94,-36.73,-22.14,0.0,59.0,4,43.64,27.22,-24.15,0.0,,8,,20261007
FROG,JFrog Ltd.,Technology,Software - Application,NASDAQ,98.51,2017298,12146412544,4.932,90.44,68.74,1.6365,1.45,81.93,87.25,63.94,0.0,88.75,2,105.76,34.05,-6.86,0.0,,8,,20261007
UZAPF,Flughafen Zürich AG,Industrials,Airports & Air Services,PNK,235.24,74,6964446208,7.5242,267.73,294.95,-4.3181,-28.4,-44.33,-37.86,-37.76,0.0,10.0,4,351.79,226.87,-33.13,0.0,,8,,20261007
LLYVK,"Liberty Live Holdings, Inc.",Communication Services,Entertainment,NASDAQ,99.4,296988,9145334784,2.7303,101.64,96.14,-0.8215,-10.88,-17.29,-7.83,-11.9,0.0,48.25,3,109.75,76.94,-9.43,0.0,,8,,20261007
LLYVA,"Liberty Live Holdings, Inc.",Communication Services,Entertainment,NASDAQ,96.25,144631,8855517184,2.5992,98.19,93.34,-0.7452,-10.69,-17.92,-8.14,-12.2,0.0,45.75,3,106.06,74.38,-9.25,0.0,,8,,20261007
KIKOF,Kikkoman Corporation,Consumer Defensive,Packaged Foods,PNK,10.2,0,9462942720,0.0037,10.14,9.3,15.3338,-4.15,-2.14,5.25,0.32,0.0,75.0,2,10.2,8.27,-0.0,0.0,,8,,20261007
SAIL,"SailPoint, Inc.",Technology,Software - Infrastructure,NASDAQ,19.91,4230741,11366850560,1.1694,19.08,16.06,0.7062,26.99,36.52,-33.02,6.32,0.0,88.75,2,23.89,10.3,-16.66,0.0,,8,,20261007
SEOAY,Stora Enso Oyj,Consumer Cyclical,Packaging & Containers,OQX,11.22,45893,8848316416,0.2474,11.49,11.6,-1.1026,2.71,-21.52,-15.37,-13.01,0.0,66.5,3,14.41,9.92,-22.14,0.0,,8,,20261007
CRPAY,"Corporación Acciona Energías Renovables, S.A.",Utilities,Utilities - Renewable,PNK,12.33,30,8003388928,0.002,12.33,12.78,0.5958,-7.78,-20.12,-28.73,-20.48,0.0,37.0,3,16.51,12.0,-25.32,0.0,,8,,20261007
ICLR,ICON Public Limited Company,Healthcare,Diagnostics & Research,NASDAQ,161.69,812828,12475064320,7.2811,167.22,146.28,-0.76,-7.06,32.1,-34.28,-4.24,0.0,50.75,3,203.91,66.57,-20.71,0.0,,8,,20261007
INPOY,InPost S.A.,Industrials,Integrated Freight & Logistics,PNK,8.57,4311,8568635392,0.2176,8.84,8.54,-1.2559,-5.72,-19.45,20.09,-0.2,0.0,57.75,3,9.19,5.28,-6.75,0.0,,8,,20261007
FLS,Flowserve Corporation,Industrials,Specialty Industrial Machinery,NYSE,73.34,1713179,9322450944,2.3837,76.52,75.96,-1.3353,1.76,-23.46,22.96,1.41,0.0,59.0,3,92.41,48.71,-20.64,0.0,,8,,20261007
SARO,"StandardAero, Inc.",Industrials,Aerospace & Defense,NYSE,20.94,3560815,6929453056,0.7053,25.18,27.39,-6.0101,-30.39,-36.95,-38.95,-36.11,0.0,2.5,4,34.48,20.79,-39.27,0.0,,8,,20261007
IMIUY,IMI plc,Industrials,Specialty Industrial Machinery,PNK,41.6,6907,9768697856,1.0618,41.24,41.6,0.341,8.52,3.8,2.79,4.58,0.0,91.25,3,43.62,34.07,-4.63,0.0,,8,,20261007
SNEX,StoneX Group Inc.,Financial Services,Capital Markets,NASDAQ,66.0,977548,7960704512,2.562,68.64,64.68,-1.0297,-21.47,-4.85,29.28,4.65,0.0,48.25,3,94.66,36.45,-30.28,0.0,,8,,20261007
MXL,"MaxLinear, Inc.",Technology,Semiconductors,NASDAQ,109.3,3076865,9912766464,6.7344,74.21,54.52,5.2101,22.24,474.92,546.76,390.49,0.0,68.75,2,128.3,12.77,-14.81,0.0,,8,,20261007
SHZHY,Shenzhou International Group Holdings Limited,Consumer Cyclical,Textile Manufacturing,PNK,4.46,14573,6389038592,0.1737,4.81,6.01,-2.0336,-21.84,-41.63,-62.87,-45.18,0.0,8.75,4,9.4,4.18,-52.55,0.0,,8,,20261007
BVN,Compañía de Minas Buenaventura S.A.A.,Basic Materials,Other Precious Metals & Mining,NYSE,31.94,1042587,8112340480,1.2998,33.45,33.5,-1.1607,7.84,-27.96,17.38,-0.87,0.0,60.25,3,44.67,21.0,-28.5,0.0,,8,,20261007
KT,KT Corporation,Communication Services,Telecom Services,NYSE,19.0,1475881,8995574784,0.3526,19.14,19.98,-0.4005,-0.9,-30.33,-21.08,-19.27,0.0,61.5,3,24.58,17.13,-22.7,0.0,,8,,20261007
W,Wayfair Inc.,Consumer Cyclical,Internet Retail,NYSE,105.45,2899210,14443282432,4.9533,101.07,88.3,0.8834,16.79,32.34,1.44,16.09,0.0,83.75,2,119.98,55.6,-12.11,0.0,,8,,20261007
FLGZY,Flughafen Zürich AG,Industrials,Airports & Air Services,PNK,9.67,484,7421232128,0.1216,10.69,11.7,-8.3627,-26.16,-39.15,-34.81,-34.17,0.0,3.75,4,13.66,9.4,-29.21,0.0,,8,,20261007
ADRZY,Andritz AG,Industrials,Specialty Industrial Machinery,PNK,18.82,701,9221686272,0.2485,19.29,17.24,-1.885,11.83,6.68,11.86,10.04,0.0,64.5,3,20.45,13.59,-7.95,0.0,,8,,20261007
WIGBY,WiseTech Global Limited,Technology,Software - Application,PNK,22.54,198,7579934208,0.2635,24.75,30.43,-8.4027,-10.44,-32.49,-79.0,-45.58,0.0,0.0,4,56.86,20.0,-60.36,0.0,,8,,20261007
KRYS,"Krystal Biotech, Inc.",Healthcare,Biotechnology,NASDAQ,326.81,379325,9673195520,11.4196,341.92,302.31,-1.3231,-17.72,5.01,60.56,21.55,0.0,42.0,3,382.54,179.19,-14.57,0.0,,8,,20261007
GGB,Gerdau S.A.,Basic Materials,Steel,NYSE,5.12,13105843,10044427264,0.185,4.83,4.3,1.5746,15.54,18.78,42.61,27.5,0.0,87.5,2,5.48,3.13,-6.57,0.0,,8,,20261007
FRHC,Freedom Holdings Corp.,Financial Services,Financial Conglomerates,NCM,173.86,117615,11090123776,6.3496,162.91,144.87,1.7244,4.7,-5.46,-15.89,-7.09,0.0,86.25,2,178.0,107.97,-2.33,0.0,,8,,20261007
SPHXF,"SM Prime Holdings, Inc.",Real Estate,Real Estate - Diversified,PNK,0.27,50,7601072640,0.0001,0.27,0.09,-37.7861,-13.75,-363.47,-346.78,-269.36,0.0,37.0,3,0.43,0.27,-38.05,0.0,,8,,20261007
LGN,Legence Corp.,Industrials,Engineering & Construction,NASDAQ,56.34,1159510,9255814144,2.9389,57.7,63.52,-0.4626,-26.47,-16.31,60.22,11.76,0.0,20.75,4,107.24,29.45,-47.46,0.0,,8,,20261007
TTC,The Toro Company,Industrials,Tools & Accessories,NYSE,98.89,728507,9361261568,2.127,96.09,92.96,1.3181,2.32,-12.74,13.93,1.69,0.0,88.75,2,105.19,67.64,-5.99,0.0,,8,,20261007
RGTI,"Rigetti Computing, Inc.",Technology,Computer Hardware,NCM,15.17,18391274,5063271936,0.8805,16.15,18.25,-1.1158,-15.12,-9.17,-79.81,-38.91,0.0,8.75,4,58.15,12.53,-73.91,0.0,,8,,20261007
DDS,"Dillard's, Inc.",Consumer Cyclical,Department Stores,NYSE,655.25,163978,10234645504,27.8094,631.46,603.81,0.8556,22.16,-4.7,-6.55,1.27,0.0,87.5,2,741.98,503.06,-11.69,0.0,,8,,20261007
GZPZY,Gaztransport & Technigaz SA,Energy,Oil & Gas Equipment & Services,PNK,48.73,626,9034228736,0.5838,48.43,44.59,0.5211,14.97,-11.58,19.37,7.44,0.0,75.0,2,53.67,36.36,-9.2,0.0,,8,,20261007
NCLTF,"Nitori Holdings Co., Ltd.",Consumer Cyclical,"Furnishings, Fixtures & Appliances",PNK,17.7,74,10300999680,0.0929,16.6,16.14,11.8611,10.15,-7.17,-12.98,-5.16,0.0,75.0,2,20.98,13.25,-15.65,0.0,,8,,20261007
CFR,"Cullen/Frost Bankers, Inc.",Financial Services,Banks - Regional,NYSE,152.96,545106,9506278400,2.9841,161.51,145.16,-2.8667,-4.64,-8.18,6.7,-1.34,0.0,33.75,3,170.8,119.0,-10.44,0.0,,8,,20261007
GZPZF,Gaztransport & Technigaz SA,Energy,Oil & Gas Equipment & Services,PNK,238.0,44,8824733696,0.82,236.56,220.64,1.7539,3.05,-2.42,43.81,17.44,0.0,75.0,2,246.86,147.38,-3.59,0.0,,8,,20261007
INPOF,InPost S.A.,Industrials,Integrated Freight & Logistics,PNK,17.92,11,8958573568,0.0051,17.7,17.14,42.5863,-1.31,-18.74,29.26,4.82,0.0,75.0,2,18.02,9.99,-0.55,0.0,,8,,20261007
STN,Stantec Inc.,Industrials,Engineering & Construction,NYSE,67.54,385501,7591476224,1.573,71.47,81.66,-2.4989,-7.51,-40.14,-56.1,-38.37,0.0,32.5,4,114.52,66.26,-41.02,0.0,,8,,20261007
PRI,"Primerica, Inc.",Financial Services,Insurance - Life,NYSE,279.13,185309,8590881792,5.393,296.58,275.23,-3.236,-11.28,-9.02,-15.92,-12.34,0.0,35.0,3,327.28,230.09,-14.71,0.0,,8,,20261007
SHMDF,Shimano Inc.,Consumer Cyclical,Leisure,PNK,108.15,75,9845968896,2.1322,118.87,107.62,-5.0284,-2.75,-16.88,-16.3,-13.11,0.0,52.5,3,130.0,94.15,-16.81,0.0,,8,,20261007
AYI,Acuity Inc.,Industrials,Electrical Equipment & Parts,NYSE,302.98,308887,9069873152,10.212,329.19,313.4,-2.5668,-12.85,-6.41,-31.63,-18.11,0.0,22.0,4,380.17,257.04,-20.3,0.0,,8,,20261007
AVAV,"AeroVironment, Inc.",Industrials,Aerospace & Defense,NASDAQ,143.54,1634634,7294803456,7.6663,157.68,200.34,-1.8445,-13.8,-41.96,-79.36,-49.88,0.0,10.0,4,417.86,135.2,-65.65,0.0,,8,,20261007
ELPC,Companhia Paranaense de Energia,Utilities,Utilities - Regulated Electric,NYSE,13.89,502882,10311972864,0.4018,11.85,11.39,5.0709,16.32,-3.98,43.63,20.14,0.0,87.5,2,14.51,8.26,-4.27,0.0,,8,,20261007
XP,XP Inc.,Financial Services,Capital Markets,NASDAQ,29.73,6712938,15086279680,1.3117,18.79,18.2,8.3382,87.77,42.87,57.75,60.05,0.0,91.25,2,29.77,14.8,-0.12,0.0,,8,,20261007
YMM,Full Truck Alliance Co. Ltd.,Technology,Software - Application,NYSE,8.44,6665965,8827346944,0.2025,8.7,8.91,-1.2831,-6.41,-13.64,-53.32,-27.71,0.0,36.5,4,13.5,7.46,-37.48,0.0,,8,,20261007
ASGLY,AGC Inc.,Industrials,Conglomerates,PNK,7.43,4480,7890429440,0.2905,7.26,7.58,0.5989,-13.28,-11.1,-7.76,-10.31,0.0,54.5,3,10.69,6.05,-30.5,0.0,,8,,20261007
NIABY,NIBE Industrier AB (publ),Industrials,Building Products & Equipment,PNK,4.61,545,9294066688,0.0298,4.33,4.1,9.2998,23.99,-0.15,-0.76,5.64,0.0,76.25,2,5.0,3.33,-7.8,0.0,,8,,20261007
FR,"First Industrial Realty Trust, Inc.",Real Estate,REIT - Industrial,NYSE,59.26,1051395,8119744512,1.0545,61.87,60.45,-2.472,-12.35,-16.81,0.74,-8.67,0.0,37.75,4,69.88,50.24,-15.2,0.0,,8,,20261007
KIKOY,Kikkoman Corporation,Consumer Defensive,Packaged Foods,PNK,21.5,64,9973198848,0.1211,22.19,19.69,-5.6791,1.26,-7.96,10.0,1.53,0.0,62.0,3,24.25,15.73,-11.34,0.0,,8,,20261007
WEGRY,Weir PLC,Industrials,Specialty Industrial Machinery,PNK,17.89,59684,9288919040,0.607,18.35,18.94,-0.7608,7.12,-25.25,-24.67,-16.93,0.0,60.25,4,24.85,15.38,-28.01,0.0,,8,,20261007
XNGSF,ENN Energy Holdings Limited,Utilities,Utilities - Regulated Gas,PNK,6.52,387,9561951232,0.2479,6.31,7.42,0.8279,14.85,-41.44,-38.16,-26.06,0.0,52.5,3,9.78,4.88,-33.33,0.0,,8,,20261007
CRUS,"Cirrus Logic, Inc.",Technology,Semiconductors,NASDAQ,118.87,805425,5957474304,3.4156,119.4,139.81,-0.1547,-23.8,-38.11,-24.19,-28.97,0.0,27.0,4,180.42,106.26,-34.11,0.0,,8,,20261007
AKBLF,ALK-Abelló A/S,Healthcare,Biotechnology,PNK,31.0,30,6878251520,0.2455,35.5,35.47,-18.3084,-27.62,-19.3,-4.35,-15.4,0.0,0.0,4,40.65,28.95,-23.74,0.0,,8,,20261007
CHWY,"Chewy, Inc.",Consumer Cyclical,Internet Retail,NYSE,18.14,8339377,7290960384,0.8612,21.79,24.34,-4.2435,-16.55,-49.6,-69.34,-49.23,0.0,6.25,4,39.7,17.4,-54.31,0.0,,8,,20261007
RYAN,"Ryan Specialty Holdings, Inc.",Financial Services,Insurance Brokers,NYSE,38.3,1938171,9815101440,1.4526,41.29,39.72,-2.0613,-11.74,-4.1,-50.62,-24.62,0.0,24.5,4,58.94,29.28,-35.02,0.0,,8,,20261007
HLTOY,Hellenic Telecommunications Organization S.A.,Communication Services,Telecom Services,PNK,10.86,4253,8465009152,0.2791,11.38,10.32,-1.8752,-6.68,-7.64,2.51,-3.34,0.0,59.0,3,11.9,8.96,-8.74,0.0,,8,,20261007
COLB,"Columbia Banking System, Inc.",Financial Services,Banks - Regional,NASDAQ,28.89,2880581,8173046272,0.6087,30.24,29.22,-2.2183,-11.26,-11.8,-2.68,-8.02,0.0,32.75,4,33.68,23.83,-14.22,0.0,,8,,20261007
PSPSF,PSP Swiss Property AG,Real Estate,Real Estate Services,PNK,167.36,12,7736066048,1.0372,178.48,185.72,-10.7197,-12.26,-35.1,-17.44,-22.32,0.0,13.25,4,220.0,166.25,-23.93,0.0,,8,,20261007
BROS,Dutch Bros Inc.,Consumer Cyclical,Restaurants,NYSE,39.06,3912169,6850984960,1.5308,48.07,55.34,-5.886,-44.62,-45.13,-40.41,-43.11,0.0,8.75,4,74.02,37.4,-47.23,0.0,,8,,20261007
WAL,Western Alliance Bancorporation,Financial Services,Banks - Regional,NYSE,76.09,1057768,8301484544,1.9974,79.3,80.33,-1.6088,-7.61,-11.9,-28.14,-17.33,0.0,30.25,4,97.23,65.82,-21.74,0.0,,8,,20261007
MBLY,Mobileye Global Inc.,Consumer Cyclical,Auto Parts,NASDAQ,7.47,5893920,6350901248,0.3491,8.28,8.88,-2.3141,-23.05,-14.74,-66.76,-37.62,0.0,8.75,4,15.81,6.47,-52.75,0.0,,8,,20261007
NNN,"NNN REIT, Inc.",Real Estate,REIT - Retail,NYSE,40.51,1696959,7706953216,0.7076,44.45,43.43,-5.5717,-17.26,-22.59,-17.61,-19.27,0.0,19.5,4,50.0,38.9,-18.98,0.0,,8,,20261007
MLSPF,Melrose Industries PLC,Industrials,Specialty Industrial Machinery,PNK,6.01,35264,7489046528,0.3986,6.61,7.15,-1.5127,-9.38,-36.79,-50.37,-35.37,0.0,18.75,4,9.6,5.79,-37.4,0.0,,8,,20261007
ALGM,"Allegro MicroSystems, Inc.",Technology,Semiconductors,NASDAQ,38.76,2374542,7224943104,1.802,38.19,40.4,0.3183,-29.47,-2.32,19.19,-0.5,0.0,49.5,3,71.77,22.41,-45.99,0.0,,8,,20261007
SALRY,SalMar ASA,Consumer Defensive,Farm Products,PNK,14.93,20834,8094339072,0.4227,14.47,14.23,1.0988,25.39,-15.55,-7.03,-1.91,0.0,88.75,2,16.17,11.29,-7.67,0.0,,8,,20261007
MTLHY,Mitsubishi Chemical Group Corporation,Basic Materials,Specialty Chemicals,PNK,37.17,125,10364070912,0.3004,37.01,33.33,0.5167,0.82,7.6,6.1,5.31,0.0,76.25,2,39.05,26.51,-4.81,0.0,,8,,20261007
GAP,"The Gap, Inc.",Consumer Cyclical,Apparel Retail,NYSE,23.79,7110415,8356717056,0.8493,21.25,23.25,2.9917,24.87,-21.0,-4.1,-2.77,0.0,86.25,3,29.36,18.11,-18.97,0.0,,8,,20261007
TKHVY,Türk Hava Yollari Anonim Ortakligi,Industrials,Airlines,PNK,60.77,44,8339365888,0.8311,63.17,67.68,-2.8875,-20.38,-27.44,-37.19,-29.57,0.0,13.25,4,78.0,53.85,-22.09,0.0,,8,,20261007
YOKEF,Yokogawa Electric Corporation,Industrials,Specialty Industrial Machinery,PNK,36.29,15,9025804288,2.4452,-5.02,-3.71,16.8937,-509.84,-525.02,1752.51,389.79,0.0,80.75,3,36.29,19.1,0.0,0.0,,8,,20261007
DNOPY,Dino Polska S.A.,Consumer Defensive,Grocery Stores,PNK,8.5,74123,8333400064,0.3951,9.08,9.51,-1.4652,10.55,-26.59,-45.79,-24.99,0.0,40.0,4,12.79,7.16,-33.54,0.0,,8,,20261007
PRMB,Primo Brands Corporation,Consumer Defensive,Beverages - Non-Alcoholic,NYSE,19.22,3936131,6956557824,0.7156,21.91,20.99,-3.7658,-23.12,-12.91,-28.74,-21.79,0.0,22.0,4,26.21,14.36,-26.67,0.0,,8,,20261007
MSGS,Madison Square Garden Sports Corp.,Communication Services,Entertainment,NYSE,402.07,241812,9681821696,10.9158,397.98,346.89,0.3747,-2.59,6.57,55.95,24.03,0.0,85.0,2,438.93,207.9,-8.4,0.0,,8,,20261007
NEMKY,Nemetschek SE,Technology,Software - Application,PNK,14.3,546,8257591808,0.5447,15.26,16.0,-1.762,13.42,-19.67,-58.85,-27.07,0.0,26.25,4,26.41,11.25,-45.85,0.0,,8,,20261007
KRMN,Karman Holdings Inc.,Industrials,Aerospace & Defense,NYSE,33.29,3468185,4412047360,2.4304,44.66,68.46,-4.6775,-38.15,-78.18,-71.82,-65.63,0.0,8.75,4,118.38,31.66,-71.88,0.0,,8,,20261007
SBYSF,Sibanye Stillwater Limited,Basic Materials,Other Precious Metals & Mining,PNK,2.5,201,7188303360,0.0399,2.41,2.93,2.3255,12.92,-38.07,-25.5,-20.29,0.0,50.0,3,5.54,1.98,-54.87,0.0,,8,,20261007
ENS,EnerSys,Industrials,Electrical Equipment & Parts,NYSE,192.49,516126,6942195200,5.7483,185.17,189.6,1.2737,-8.22,-10.31,51.11,14.78,0.0,63.75,3,244.3,108.88,-21.21,0.0,,8,,20261007
IESFY,Interconexión Eléctrica S.A. E.S.P.,Utilities,Utilities - Regulated Electric,OQX,222.8,46,10117002240,5.336,226.2,204.16,-0.637,-3.04,5.7,36.71,15.92,0.0,62.0,3,300.0,111.94,-25.73,0.0,,8,,20261007
EMN,Eastman Chemical Company,Basic Materials,Specialty Chemicals,NYSE,64.11,1137561,7329479680,1.7166,69.24,69.57,-2.9889,-7.73,-30.71,-12.54,-17.7,0.0,22.0,4,83.47,56.11,-23.19,0.0,,8,,20261007
LEVI,Levi Strauss & Co.,Consumer Cyclical,Apparel Manufacturing,NYSE,20.53,2577423,7900982272,0.5256,21.49,21.58,-1.8237,-19.98,-13.31,-31.51,-22.26,0.0,31.5,4,25.7,17.72,-20.12,0.0,,8,,20261007
CNRAF,Vicinity Centres,Real Estate,REIT - Retail,PNK,1.85,233,5897387520,0.0004,1.85,1.66,0.0,-2.29,5.38,3.24,2.61,0.0,75.0,3,1.9,1.26,-2.63,0.0,,8,,20261007
SNPTF,Sunny Optical Technology (Group) Company Limited,Technology,Electronic Components,PNK,8.69,88,9329209344,0.0343,7.82,7.85,25.2185,-14.31,-3.03,-41.45,-21.22,0.0,75.0,3,11.3,6.61,-23.14,0.0,,8,,20261007
HSIC,"Henry Schein, Inc.",Healthcare,Medical Distribution,NASDAQ,84.84,1199929,9455124480,1.8458,87.69,80.34,-1.5453,-2.83,-3.9,8.89,1.48,0.0,70.75,3,92.18,61.95,-7.96,0.0,,8,,20261007
FDS,FactSet Research Systems Inc.,Financial Services,Financial Data & Stock Exchanges,NYSE,272.01,867009,9674183680,11.8321,282.66,247.16,-0.8998,5.4,1.77,-19.61,-5.88,0.0,74.5,3,320.48,185.0,-15.12,0.0,,8,,20261007
KNTK,Kinetik Holdings Inc.,Energy,Oil & Gas Midstream,NYSE,53.95,1115360,9128333312,1.6058,52.71,46.07,0.7741,7.26,-0.55,32.73,14.71,0.0,86.25,2,56.92,31.33,-5.22,0.0,,8,,20261007
ENPH,"Enphase Energy, Inc.",Technology,Solar,NASDAQ,33.91,4421917,4481025024,1.6997,36.81,41.25,-1.7069,-25.96,-12.95,-25.53,-21.23,0.0,11.25,4,73.74,25.78,-54.01,0.0,,8,,20261007
SSL,Sasol Limited,Basic Materials,Specialty Chemicals,NYSE,14.29,1502603,9160428544,0.4291,12.72,11.02,3.649,33.56,-13.71,113.55,49.01,0.0,90.0,2,15.18,5.24,-5.86,0.0,,8,,20261007
ARE,"Alexandria Real Estate Equities, Inc.",Real Estate,REIT - Office,NYSE,45.92,1899342,7902615040,1.733,50.07,48.84,-2.3936,-7.75,-11.77,-59.59,-29.89,0.0,44.5,3,78.75,39.41,-41.69,0.0,,8,,20261007
BRRLY,Barry Callebaut AG,Consumer Defensive,Confectioners,PNK,12.58,23171,6897237504,0.3935,13.62,15.28,-2.646,-18.02,-43.15,-25.9,-29.97,0.0,10.0,4,19.72,12.33,-36.21,0.0,,8,,20261007
CMHHY,China Merchants Port Holdings Company Limited,Industrials,Marine Shipping,PNK,22.25,116,9340570624,0.1055,19.8,19.03,23.2255,31.06,-2.61,2.69,7.93,0.0,75.0,2,22.25,16.45,0.0,0.0,,8,,20261007
WEIGF,Weir PLC,Industrials,Specialty Industrial Machinery,PNK,35.5,64,9351353344,0.1721,36.97,37.16,-8.5249,6.26,-17.04,-18.97,-11.99,0.0,49.0,1,48.94,30.55,-27.46,0.0,,8,,20261007
HESM,Hess Midstream LP,Energy,Oil & Gas Midstream,NYSE,38.69,1227479,7977040896,0.8418,39.52,37.16,-0.9827,-3.56,-16.4,4.67,-4.76,0.0,69.5,3,41.44,31.63,-6.64,0.0,,8,,20261007
CCOEY,"Capcom Co., Ltd.",Communication Services,Electronic Gaming & Multimedia,PNK,13.96,60877,11679182848,0.4035,13.35,11.25,1.514,32.15,11.08,-21.93,3.14,0.0,93.75,2,14.56,8.63,-4.12,0.0,,8,,20261007
TYCMY,Tingyi (Cayman Islands) Holding Corp.,Consumer Defensive,Packaged Foods,PNK,29.34,13433,8270045696,1.317,31.36,29.74,-1.5349,-3.71,-25.97,3.19,-8.74,0.0,53.25,3,36.6,23.63,-19.84,0.0,,8,,20261007
STJPF,St. James's Place plc,Financial Services,Asset Management,PNK,14.0,31,6896438272,0.0189,14.12,16.76,-6.141,-19.57,-38.46,-36.52,-32.96,0.0,12.0,4,21.03,14.0,-33.43,0.0,,8,,20261007
VFS,VinFast Auto Ltd.,Consumer Cyclical,Auto Manufacturers,NASDAQ,3.08,377563,7205771264,0.1011,3.14,3.38,-0.5735,-3.46,-42.54,-24.06,-25.38,0.0,55.25,4,5.29,2.78,-41.72,0.0,,8,,20261007
MTCH,"Match Group, Inc.",Communication Services,Internet Content & Information,NASDAQ,40.62,3194610,9475286016,1.1549,40.29,35.19,0.2843,1.64,9.79,3.36,5.18,0.0,87.5,2,44.94,28.81,-9.6,0.0,,8,,20261007
SFOSF,"Shanghai Fosun Pharmaceutical (Group) Co., Ltd.",Healthcare,Drug Manufacturers - Specialty & Generic,PNK,2.45,112,9218591744,0.0257,2.19,2.41,9.9962,6.58,-28.04,-43.66,-25.63,0.0,75.0,3,3.3,1.93,-25.76,0.0,,8,,20261007
ICL,ICL Group Ltd,Basic Materials,Agricultural Inputs,NYSE,5.08,1168533,0,0.1217,5.39,5.36,-2.5724,-3.56,-21.89,-33.89,-22.11,0.0,43.25,3,6.97,4.76,-27.12,0.0,,8,,20261007
Z,"Zillow Group, Inc.",Communication Services,Internet Content & Information,NASDAQ,27.7,3761071,6229036544,1.249,32.69,42.33,-3.9964,-18.94,-50.87,-81.6,-55.18,0.0,7.5,4,79.4,26.67,-65.11,0.0,,8,,20261007
ZG,"Zillow Group, Inc.",Communication Services,Internet Content & Information,NASDAQ,28.36,1092746,6377454080,1.279,33.34,42.41,-3.8913,-16.51,-49.48,-79.55,-53.27,0.0,7.5,4,76.32,27.25,-62.84,0.0,,8,,20261007
TKR,The Timken Company,Industrials,Tools & Accessories,NYSE,119.54,918210,8283744256,3.1651,123.84,114.48,-1.3582,-17.44,2.47,40.63,12.76,0.0,47.0,3,146.37,70.57,-18.33,0.0,,8,,20261007
CMHHF,China Merchants Port Holdings Company Limited,Industrials,Marine Shipping,PNK,2.06,640,8647898112,0.0834,2.04,1.91,0.1806,16.18,-14.15,-3.63,-2.36,0.0,77.5,2,2.34,1.35,-11.97,0.0,,8,,20261007
XNGSY,ENN Energy Holdings Limited,Utilities,Utilities - Regulated Gas,PNK,24.95,34514,6935194112,0.7644,24.65,28.42,0.3962,12.08,-38.1,-38.13,-25.57,0.0,63.75,3,39.4,20.55,-36.68,0.0,,8,,20261007
BYCBF,Barry Callebaut AG,Consumer Defensive,Confectioners,PNK,1205.0,20,6606654464,19.4624,1358.89,1523.78,-7.9069,-17.96,-43.51,-30.67,-31.99,0.0,0.0,4,1908.75,1205.0,-36.87,0.0,,8,,20261007
FNMA,Federal National Mortgage Association,Financial Services,Mortgage Finance,OQB,4.08,3448460,4724997120,0.3108,5.59,7.06,-4.8568,-35.15,-54.73,-84.64,-61.8,0.0,7.5,4,12.87,3.6,-68.3,0.0,,8,,20261007
FNMAH,Federal National Mortgage Association,Financial Services,Mortgage Finance,OQB,5.28,9853,30301076741,0.3998,6.96,8.99,-4.1957,-36.21,-60.18,-76.3,-60.63,0.0,7.5,4,13.69,5.17,-61.43,0.0,,8,,20261007
FNMAJ,Federal National Mortgage Association,Financial Services,Mortgage Finance,OQB,6.1,14558,35006923843,0.2992,7.57,9.62,-4.9264,-28.72,-54.57,-77.68,-57.35,0.0,11.25,4,15.5,5.95,-60.65,0.0,,8,,20261007
FNMAT,Federal National Mortgage Association,Financial Services,Mortgage Finance,OQB,6.35,89830,36441633859,0.305,7.95,9.95,-5.2612,-27.15,-53.05,-78.2,-56.64,0.0,5.0,4,16.5,6.2,-61.52,0.0,,8,,20261007
FNMAI,Federal National Mortgage Association,Financial Services,Mortgage Finance,OQB,5.5,24314,31563620352,0.1937,7.34,9.42,-9.4859,-38.02,-63.18,-79.36,-63.36,0.0,1.25,4,15.34,5.5,-64.15,0.0,,8,,20261007
FNMFO,Federal National Mortgage Association,Financial Services,Mortgage Finance,OQB,25000.0,20,143471001600000,731.398,30910.0,38967.5,-8.0804,-33.35,-59.26,-72.22,-57.97,0.0,0.0,4,55000.0,22500.0,-54.55,0.0,,8,,20261007
FNMAP,Federal National Mortgage Association,Financial Services,Mortgage Finance,OQB,9.1,9098,0,0.4927,11.51,14.74,-4.8963,-29.57,-57.3,-79.99,-59.44,0.0,7.5,4,24.5,8.6,-62.86,0.0,,8,,20261007
FNMFN,Federal National Mortgage Association,Financial Services,Mortgage Finance,OQB,12.1,5464,69439966963,0.3981,14.99,19.14,-7.2571,-30.32,-55.43,-77.34,-57.92,0.0,12.5,4,30.05,12.04,-59.73,0.0,,8,,20261007
FNMAK,Federal National Mortgage Association,Financial Services,Mortgage Finance,OQB,10.51,343,60315210386,0.2695,13.58,16.86,-11.3955,-33.53,-53.91,-77.71,-58.33,0.0,1.25,4,26.7,10.5,-60.64,0.0,,8,,20261007
FNMAG,Federal National Mortgage Association,Financial Services,Mortgage Finance,OQB,10.25,789,58823110656,0.2483,13.66,17.31,-13.7235,-38.65,-57.29,-80.06,-61.74,0.0,0.0,4,27.98,10.25,-63.37,0.0,,8,,20261007
FNMFM,Federal National Mortgage Association,Financial Services,Mortgage Finance,OQB,11.25,1537,64561950720,0.1802,12.71,16.27,-8.0966,-25.55,-43.78,-73.56,-51.14,0.0,2.5,4,26.5,10.75,-57.55,0.0,,8,,20261007
FNMAO,Federal National Mortgage Association,Financial Services,Mortgage Finance,OQB,9.0,1352,51649560576,0.3111,11.82,14.68,-9.069,-30.71,-58.46,-78.2,-59.42,0.0,3.75,4,23.74,9.0,-62.09,0.0,,8,,20261007
FNMAL,Federal National Mortgage Association,Financial Services,Mortgage Finance,OQB,9.65,1285,55379804428,0.2257,12.15,15.55,-11.0842,-32.6,-57.71,-79.97,-60.33,0.0,6.25,4,26.7,9.6,-63.86,0.0,,8,,20261007
FNMAS,Federal National Mortgage Association,Financial Services,Mortgage Finance,OQB,7.47,569866,42869134074,0.3643,9.44,11.71,-5.4014,-32.06,-55.41,-72.72,-56.5,0.0,7.5,4,17.99,7.31,-58.48,0.0,,8,,20261007
FNMAN,Federal National Mortgage Association,Financial Services,Mortgage Finance,OQB,10.6,1356,60831706867,0.2449,13.47,17.06,-11.7317,-37.39,-54.54,-76.51,-59.04,0.0,2.5,4,26.48,10.39,-59.97,0.0,,8,,20261007
FNMAM,Federal National Mortgage Association,Financial Services,Mortgage Finance,OQB,10.55,18873,60544763769,0.3421,13.55,17.19,-8.7679,-34.45,-55.8,-80.0,-60.14,0.0,5.0,4,28.27,10.55,-62.68,0.0,,8,,20261007
ASXFY,ASX Limited,Financial Services,Financial Data & Stock Exchanges,PNK,41.1,16075,8120936960,0.7319,39.82,37.52,1.7424,6.94,-4.96,-8.15,-3.26,0.0,87.5,2,45.74,32.12,-10.14,0.0,,8,,20261007
EDU,New Oriental Education & Technology Group Inc.,Consumer Defensive,Education & Training Services,NYSE,57.11,790262,8853739520,1.4133,56.24,53.81,0.6151,11.58,-15.92,-7.39,-5.63,0.0,86.25,2,64.97,44.25,-12.1,0.0,,8,,20261007
LUNR,"Intuitive Machines, Inc.",Industrials,Aerospace & Defense,NASDAQ,15.06,8812070,2430879232,1.0205,15.34,20.26,-0.2718,-16.3,-52.53,13.97,-16.87,0.0,22.0,4,46.75,7.78,-67.79,0.0,,8,,20261007
NE,Noble Corporation plc,Energy,Oil & Gas Drilling,NYSE,41.45,1340706,6617170432,1.5833,43.73,42.44,-1.4375,1.29,-35.35,27.66,-0.99,0.0,44.5,3,54.98,26.7,-24.61,0.0,,8,,20261007
TEM,"Tempus AI, Inc.",Healthcare,Health Information Services,NASDAQ,71.98,6537177,12987694080,6.0243,63.97,56.56,1.3299,20.91,34.97,-39.15,1.81,0.0,86.25,2,104.32,40.77,-31.0,0.0,,8,,20261007
RTLLF,RATIONAL Aktiengesellschaft,Industrials,Specialty Industrial Machinery,PNK,629.74,18,7474115584,5.0224,722.7,761.58,-18.5083,-18.99,-32.29,-40.78,-32.36,0.0,0.0,4,887.11,629.74,-29.01,0.0,,8,,20261007
SCVPY,The Siam Cement Public Company Limited,Industrials,Conglomerates,PNK,7.99,44,9593999360,0.0405,8.0,6.68,-0.0146,1.12,-2.52,50.05,19.42,0.0,37.0,3,8.56,4.9,-6.6,0.0,,8,,20261007
NDRBF,NIBE Industrier AB (publ),Industrials,Building Products & Equipment,PNK,4.53,361,9856812032,0.0161,4.33,4.05,12.3347,24.14,-10.04,0.5,2.72,0.0,75.0,2,4.87,3.5,-7.08,0.0,,8,,20261007
CIADY,China Mengniu Dairy Company Limited,Consumer Defensive,Packaged Foods,PNK,21.86,8828,8583102976,0.3457,23.22,21.24,-3.9234,-6.66,-21.29,1.85,-8.38,0.0,62.5,3,24.81,17.81,-11.89,0.0,,8,,20261007
FRO,Frontline plc,Energy,Oil & Gas Midstream,NYSE,52.77,2806723,11747810304,1.8367,43.17,33.3,5.2258,41.67,49.25,144.17,85.32,0.0,91.25,2,54.91,20.47,-3.9,0.0,,8,,20261007
EGO,Eldorado Gold Corporation,Basic Materials,Gold,NYSE,38.54,2824098,10051630080,1.7946,40.46,36.92,-1.0675,25.11,-8.68,15.28,9.35,0.0,68.25,3,51.16,24.44,-24.67,0.0,,8,,20261007
ALNPY,ANA Holdings Inc.,Industrials,Airlines,PNK,3.65,4804,7836399616,0.1922,3.94,3.84,-1.5039,-6.13,-26.38,-26.2,-21.24,0.0,52.0,3,4.48,3.3,-18.53,0.0,,8,,20261007
IGGHY,IG Group Holdings plc,Financial Services,Capital Markets,PNK,12.37,201,4077577472,0.4748,18.88,19.53,-13.7024,-54.8,-50.89,-28.34,-42.85,0.0,1.25,4,25.0,11.91,-50.52,0.0,,8,,20261007
CIBEY,Commercial International Bank Egypt (CIB) S.A.E.,Financial Services,Banks - Regional,OQX,2.28,8967,7522354176,0.0591,2.55,2.5,-4.496,-17.09,-9.69,-2.52,-8.67,0.0,18.25,4,2.87,1.99,-20.56,0.0,,8,,20261007
PPRQF,Choice Properties Real Estate Investment Trust,Real Estate,REIT - Retail,PNK,10.26,11176,7466709504,0.0601,10.98,11.05,-11.9601,-16.79,-27.45,-16.88,-20.56,0.0,13.25,4,11.81,10.23,-13.12,0.0,,8,,20261007
MANH,"Manhattan Associates, Inc.",Technology,Software - Application,NASDAQ,202.84,777127,11826580480,6.3341,204.7,161.5,-0.2941,26.27,31.45,-16.96,10.79,0.0,72.0,3,227.03,119.06,-10.65,0.0,,8,,20261007
ORA,"Ormat Technologies, Inc.",Utilities,Utilities - Renewable,NYSE,93.07,852068,5723520000,3.2113,100.92,113.54,-2.4442,-20.95,-35.69,-25.41,-27.89,0.0,8.75,4,146.39,87.06,-36.42,0.0,,8,,20261007
NEXNY,Nexans S.A.,Industrials,Electrical Equipment & Parts,PNK,75.03,689,6544951808,1.177,79.15,78.42,-3.502,-5.86,-7.8,-18.39,-11.55,0.0,38.25,3,97.43,64.44,-23.0,0.0,,8,,20261007
FITGF,FIT Hon Teng Limited,Technology,Electronic Components,PNK,0.64,6196,4463375872,0.0211,0.67,0.81,-1.4115,-24.63,-43.51,-46.4,-39.94,0.0,17.0,4,1.4,0.54,-54.18,0.0,,8,,20261007
CPBLF,ALS Limited,Industrials,Consulting Services,PNK,15.5,7,8864528384,0.0057,15.67,15.45,-29.8874,-8.58,-8.07,23.88,4.58,0.0,37.0,3,18.19,10.95,-14.79,0.0,,8,,20261007
AGCO,AGCO Corporation,Industrials,Farm & Heavy Construction Machinery,NYSE,116.19,1000524,8136986624,4.0077,113.38,116.02,0.7016,-2.31,-16.62,-9.61,-10.24,0.0,83.75,3,143.78,98.22,-19.19,0.0,,8,,20261007
REXR,"Rexford Industrial Realty, Inc.",Real Estate,REIT - Industrial,NYSE,36.8,2735155,8413748224,0.7557,36.93,35.73,-0.1749,4.99,-4.88,-24.95,-10.44,0.0,73.25,3,44.38,32.14,-17.08,0.0,,8,,20261007
SFM,"Sprouts Farmers Market, Inc.",Consumer Defensive,Grocery Stores,NASDAQ,65.17,1954171,6076947456,2.7595,76.92,77.73,-4.2565,-23.58,-34.28,-56.15,-40.35,0.0,11.25,4,114.34,61.88,-43.0,0.0,,8,,20261007
ASGLF,AGC Inc.,Industrials,Conglomerates,PNK,38.35,0,8145301504,0.0489,38.35,-18.51,0.0,-3.88,-181.69,-87.06,-99.38,0.0,62.0,3,38.35,30.0,-0.0,0.0,,8,,20261007
VIRT,"Virtu Financial, Inc.",Financial Services,Capital Markets,NYSE,61.62,1316941,5441088000,2.5875,59.44,49.76,0.8415,-8.55,11.61,69.38,29.68,0.0,58.75,2,68.76,31.55,-10.38,0.0,,8,,20261007
ACKDF,Auckland International Airport Limited,Industrials,Airports & Air Services,PNK,4.58,2710,7807084544,0.0889,5.04,4.98,-5.1658,-14.62,-18.12,-11.16,-14.46,0.0,14.5,4,5.59,4.31,-18.07,0.0,,8,,20261007
CDNTF,"Canadian Tire Corporation, Limited",Consumer Cyclical,Specialty Retail,PNK,155.7,3,8120205824,0.042,155.62,165.52,1.8344,-20.84,-24.35,-32.23,-26.62,0.0,37.0,3,187.03,150.14,-16.75,0.0,,8,,20261007
CHOLF,China Oilfield Services Limited,Energy,Oil & Gas Equipment & Services,PNK,0.97,80,4628444672,0.0048,0.9,1.03,14.7331,5.45,-37.95,-4.88,-13.87,0.0,62.0,3,1.23,0.86,-21.14,0.0,,8,,20261007
MTLHF,Mitsubishi Chemical Group Corporation,Basic Materials,Specialty Chemicals,PNK,6.26,0,8505386496,0.0053,6.17,6.23,17.0356,-3.12,-31.01,-4.67,-13.5,0.0,75.0,3,7.25,5.16,-13.66,0.0,,8,,20261007
NXDCF,NEXTDC Limited,Technology,Information Technology Services,PNK,7.06,4223,5369049088,0.1868,9.31,9.47,-12.0606,-29.88,-26.56,-54.55,-38.59,0.0,0.0,4,12.29,6.93,-42.55,0.0,,8,,20261007
SKPJF,SKY Perfect JSAT Corporation,Communication Services,Broadcasting,PNK,22.38,0,6343064576,1.2747,0.77,0.15,16.9449,-1480.81,-4519.42,1808.51,-1228.59,0.0,62.0,3,28.0,7.0,-20.09,0.0,,8,,20261007
CHRD,Chord Energy Corporation,Energy,Oil & Gas E&P,NASDAQ,137.53,733251,7522598400,4.3121,141.23,124.3,-0.8569,8.83,-22.51,27.05,5.15,0.0,72.0,3,157.06,84.25,-12.43,0.0,,8,,20261007
HALO,"Halozyme Therapeutics, Inc.",Healthcare,Biotechnology,NASDAQ,109.72,2173978,12453000192,3.0623,104.03,78.77,1.8595,31.74,53.73,41.39,43.3,0.0,85.0,2,116.85,61.23,-6.1,0.0,,8,,20261007
AUKNY,Auckland International Airport Limited,Industrials,Airports & Air Services,PNK,23.24,61,7922997760,0.0949,24.77,24.32,-16.1594,-9.69,-16.71,-14.71,-14.15,0.0,12.0,4,29.59,20.69,-21.46,0.0,,8,,20261007
STBFY,Suntory Beverage & Food Limited,Consumer Defensive,Beverages - Non-Alcoholic,PNK,14.23,48706,8794129408,0.2662,14.38,14.5,-0.5791,-5.41,-20.1,-25.51,-18.59,0.0,62.75,4,16.91,12.83,-15.87,0.0,,8,,20261007
SM,SM Energy Company,Energy,Oil & Gas E&P,NYSE,35.1,3754981,8348677120,1.429,34.8,28.23,0.208,16.51,-5.39,23.8,11.76,0.0,87.5,2,41.56,17.45,-15.54,0.0,,8,,20261007
ALBHF,Alibaba Health Information Technology Limited,Healthcare,Pharmaceutical Retailers,PNK,0.36,668,5887809536,0.0095,0.4,0.53,-4.1947,-11.89,-54.4,-71.23,-50.51,0.0,3.75,4,0.88,0.34,-58.78,0.0,,8,,20261007
KLYCY,Kunlun Energy Company Limited,Energy,Oil & Gas Refining & Marketing,PNK,9.8,2249,8447451136,0.1647,9.21,9.23,3.5558,8.64,-0.3,5.47,4.25,0.0,75.0,3,11.76,7.77,-16.67,0.0,,8,,20261007
ELEEF,Element Fleet Management Corp.,Industrials,Rental & Leasing Services,PNK,15.39,96592,6094322688,0.4155,18.97,21.62,-8.6057,-30.37,-48.1,-58.12,-47.67,0.0,6.25,4,27.14,15.39,-43.29,0.0,,8,,20261007
NSANF,"Nissan Motor Co., Ltd.",Consumer Cyclical,Auto Manufacturers,PNK,1.9,3707,6643126784,0.0462,2.05,2.27,-3.3125,-9.78,-34.34,-35.42,-28.63,0.0,1.25,4,3.28,1.8,-42.07,0.0,,8,,20261007
FKKFY,"Fukuoka Financial Group, Inc.",Financial Services,Banks - Regional,PNK,25.75,990,9732529152,0.5422,24.3,21.08,2.6742,9.46,17.1,56.66,31.02,0.0,80.0,2,26.44,13.54,-2.61,0.0,,8,,20261007
CORZ,"Core Scientific, Inc.",Technology,Software - Infrastructure,NASDAQ,16.68,11940750,5359958528,0.9904,18.39,19.82,-1.7236,-33.8,-19.67,-24.07,-24.96,0.0,10.0,4,30.46,13.36,-45.24,0.0,,8,,20261007
YOU,"Clear Secure, Inc.",Technology,Software - Application,NYSE,41.5,1729319,4270808576,1.5718,44.92,46.6,-2.176,-29.72,-39.42,15.25,-15.12,0.0,8.75,4,69.07,29.43,-39.92,0.0,,8,,20261007
ACI,"Albertsons Companies, Inc.",Consumer Defensive,Grocery Stores,NYSE,11.48,8274533,5571538944,0.3458,12.09,15.05,-1.7736,-21.42,-53.56,-48.81,-43.63,0.0,8.75,4,20.0,10.86,-42.6,0.0,,8,,20261007
OSK,Oshkosh Corporation,Industrials,Farm & Heavy Construction Machinery,NYSE,132.13,712606,8157672960,4.5456,146.94,146.06,-3.2579,-10.01,-27.97,-15.55,-18.51,0.0,22.0,4,180.49,116.77,-26.79,0.0,,8,,20261007
ZWS,Zurn Elkay Water Solutions Corporation,Industrials,Pollution & Treatment Controls,NYSE,47.85,897687,7936596992,1.0124,48.44,48.13,-0.5835,-2.31,-12.9,-14.58,-10.92,0.0,35.25,4,55.0,43.06,-13.0,0.0,,8,,20261007
CWEN,"Clearway Energy, Inc.",Utilities,Utilities - Renewable,NYSE,30.73,1163587,7579124224,0.8131,31.33,34.98,-0.744,-11.15,-39.24,-11.09,-20.96,0.0,19.5,4,41.74,28.57,-26.38,0.0,,8,,20261007
TAP,Molson Coors Beverage Company,Consumer Defensive,Beverages - Brewers,NYSE,36.91,3755121,6882014720,1.0231,39.79,42.29,-2.8159,-8.52,-34.9,-34.52,-28.15,0.0,8.75,4,54.82,35.52,-32.67,0.0,,8,,20261007
DUFRY,Avolta AG,Consumer Cyclical,Specialty Retail,PNK,5.14,76909,7273546240,0.101,5.57,5.87,-4.2202,-25.94,-33.1,-19.37,-25.82,0.0,8.75,4,6.81,4.97,-24.52,0.0,,8,,20261007
SHBBF,Syensqo SA/NV,Basic Materials,Chemicals,PNK,87.84,385,8956994560,0.7466,91.73,77.78,-5.2133,10.58,41.69,-7.65,14.17,0.0,63.25,3,98.2,48.08,-10.55,0.0,,8,,20261007
SBSW,Sibanye Stillwater Limited,Basic Materials,Other Precious Metals & Mining,NYSE,10.01,5177623,7240936960,0.4523,10.71,11.93,-1.5455,21.49,-34.5,-21.48,-15.29,0.0,37.5,4,21.29,7.87,-52.98,0.0,,8,,20261007
SSDOF,"Shiseido Company, Limited",Consumer Defensive,Household & Personal Products,PNK,18.66,53,7456990208,0.2724,21.68,19.24,-11.0788,5.44,-25.83,-7.36,-10.62,0.0,38.25,3,22.5,15.05,-17.07,0.0,,8,,20261007
BLDR,"Builders FirstSource, Inc.",Industrials,Building Products & Equipment,NYSE,56.22,2640700,6049072640,2.4745,65.2,85.1,-3.6283,-29.01,-47.55,-73.94,-53.47,0.0,7.5,4,131.5,54.75,-57.25,0.0,,8,,20261007
AMG,"Affiliated Managers Group, Inc.",Financial Services,Asset Management,NYSE,379.72,275045,9819533312,10.9153,364.92,324.52,1.3555,1.81,21.7,38.58,23.48,0.0,87.5,2,392.92,230.26,-3.36,0.0,,8,,20261007
CMC,Commercial Metals Company,Industrials,Metal Fabrication,NYSE,64.91,1108169,0,2.0426,67.94,69.56,-1.4855,-0.22,-12.32,-5.61,-6.61,0.0,46.0,4,84.87,53.08,-23.52,0.0,,8,,20261007
SOBO,South Bow Corporation,Energy,Oil & Gas Midstream,NYSE,34.15,645046,7123284992,0.7572,35.65,32.86,-1.9797,-10.52,-14.94,5.11,-5.81,0.0,47.0,3,39.02,25.02,-12.48,0.0,,8,,20261007
NSANY,"Nissan Motor Co., Ltd.",Consumer Cyclical,Auto Manufacturers,PNK,3.65,215796,6380898304,0.1371,4.08,4.5,-3.1251,-10.71,-33.7,-42.88,-31.62,0.0,10.0,4,6.06,3.53,-39.77,0.0,,8,,20261007
ALBBY,Alibaba Health Information Technology Limited,Healthcare,Pharmaceutical Retailers,PNK,7.05,430,5697750016,0.1247,8.1,10.73,-8.4309,-18.25,-56.04,-73.99,-53.77,0.0,1.25,4,17.52,7.04,-59.79,0.0,,8,,20261007
BOKF,BOK Financial Corporation,Financial Services,Banks - Regional,NASDAQ,128.15,253834,7787273728,2.3012,137.03,131.58,-3.8574,-9.71,-20.03,-2.35,-10.38,0.0,22.0,4,146.84,102.72,-12.73,0.0,,8,,20261007
NXPRF,Nexans S.A.,Industrials,Electrical Equipment & Parts,PNK,155.78,74,6794885632,1.5739,158.17,157.04,-1.5155,-4.22,-5.41,-17.58,-9.98,0.0,50.25,3,201.32,136.79,-22.62,0.0,,8,,20261007
FLY,Firefly Aerospace Inc.,Industrials,Aerospace & Defense,NASDAQ,22.83,3144587,3821847808,1.6676,22.82,27.87,0.008,-16.56,-54.6,-34.26,-36.96,0.0,36.25,3,62.17,16.0,-63.28,0.0,,8,,20261007
MYTKY,Magyar Telekom Távközlési Nyilvánosan Müködö Részvénytársaság,Communication Services,Telecom Services,PNK,7.83,4339,6968902144,0.1475,8.16,9.61,-2.2553,-13.52,3.92,-87.66,-37.07,0.0,15.75,4,29.53,5.22,-73.48,0.0,,8,,20261007
AOS,A. O. Smith Corporation,Industrials,Specialty Industrial Machinery,NYSE,56.9,1538352,7733198336,1.3138,59.94,63.72,-2.3137,-8.52,-29.1,-38.37,-27.66,0.0,12.5,4,81.87,54.16,-30.5,0.0,,8,,20261007
ESALF,"Eisai Co., Ltd.",Healthcare,Drug Manufacturers - Specialty & Generic,PNK,29.0,295,8608197632,0.3191,29.64,28.41,-2.0044,13.12,-20.53,-34.02,-17.52,0.0,63.25,3,35.0,23.88,-17.14,0.0,,8,,20261007
PTBRY,PT Bank Negara Indonesia (Persero) Tbk,Financial Services,Banks - Regional,PNK,9.74,1757,7261349376,0.2117,10.23,11.01,-2.2837,-0.44,-28.55,-30.42,-22.27,0.0,42.0,4,14.99,8.38,-34.99,0.0,,8,,20261007
TKAMY,thyssenkrupp AG,Industrials,Conglomerates,PNK,15.53,23781,9735135232,0.5652,16.02,12.91,-0.8602,11.54,50.56,-12.07,15.75,0.0,68.25,3,18.16,8.16,-14.46,0.0,,8,,20261007
JINFF,China Gold International Resources Corp. Ltd.,Basic Materials,Other Precious Metals & Mining,PNK,27.69,5561,10976697344,0.9722,29.38,23.24,-1.7425,55.46,17.75,36.74,34.77,0.0,56.25,3,35.5,14.26,-22.0,0.0,,8,,20261007
UBTRF,Ubtech Robotics Corp Ltd,Industrials,Specialty Industrial Machinery,PNK,9.65,6840,4857823232,0.5186,9.65,9.65,0.0,-10.34,-10.34,-10.34,-10.34,0.0,70.75,3,11.19,9.0,-13.72,0.0,,8,,20261007
HCXLF,Hiscox Ltd,Financial Services,Insurance - Property & Casualty,PNK,25.0,70,7907735040,0.0142,24.7,21.82,21.3772,-4.5,11.77,27.67,14.06,0.0,75.0,2,25.26,17.2,-1.03,0.0,,8,,20261007
IDA,"IDACORP, Inc.",Utilities,Utilities - Regulated Electric,NYSE,132.68,536945,7674482176,2.4776,136.74,138.68,-1.6384,-15.3,-26.17,-14.86,-18.93,0.0,27.75,4,154.91,124.12,-14.35,0.0,,8,,20261007
EMLAF,Empire Company Limited,Consumer Defensive,Grocery Stores,PNK,33.93,51132,7589965824,0.2818,34.63,34.63,-2.4697,-5.94,-24.16,-21.32,-18.47,0.0,30.25,4,37.44,32.56,-9.37,0.0,,8,,20261007
WILYY,Demant A/S,Healthcare,Medical Devices,PNK,24.8,233,10460570624,0.3072,22.75,18.42,6.6637,15.26,46.99,16.23,26.76,0.0,76.25,2,24.8,13.45,-0.0,0.0,,8,,20261007
WJRYF,West Japan Railway Company,Industrials,Railroads,PNK,18.23,114,8293902336,0.0624,18.12,18.74,1.6145,15.13,-24.68,-26.89,-15.61,0.0,62.0,3,25.03,15.46,-27.19,0.0,,8,,20261007
FBBPF,FIBRA Prologis,Real Estate,REIT - Industrial,PNK,4.21,4887,6729536000,0.19,4.38,4.52,-0.8939,-8.4,-26.01,-9.95,-15.18,0.0,35.25,4,5.18,3.78,-18.69,0.0,,8,,20261007
WFRD,Weatherford International plc,Energy,Oil & Gas Equipment & Services,NASDAQ,79.94,1109144,5716677632,3.2262,88.02,92.8,-2.5031,-9.24,-35.34,5.56,-12.46,0.0,35.0,3,113.15,60.84,-29.35,0.0,,8,,20261007
HCXLY,Hiscox Ltd,Financial Services,Insurance - Property & Casualty,PNK,47.46,1457,7436434432,1.6266,49.87,47.46,-1.4808,-13.76,-2.98,6.72,-1.79,0.0,39.5,3,53.59,36.78,-11.44,0.0,,8,,20261007
ASXFF,ASX Limited,Financial Services,Financial Data & Stock Exchanges,PNK,40.86,184,8063705600,0.2489,39.87,37.57,3.9946,-0.41,-0.52,-12.4,-5.25,0.0,77.5,2,44.2,30.9,-7.56,0.0,,8,,20261007
DVCMY,Davide Campari-Milano N.V.,Consumer Defensive,Beverages - Wineries & Distilleries,PNK,6.82,203181,8179651072,0.1453,6.78,6.77,0.2808,4.87,-23.26,-11.29,-11.44,0.0,86.25,2,8.0,6.0,-14.75,0.0,,8,,20261007
YOKEY,Yokogawa Electric Corporation,Industrials,Specialty Industrial Machinery,PNK,52.87,49,6574734848,0.7539,65.36,67.73,-16.5611,-29.14,-37.19,-27.88,-31.46,0.0,0.0,4,79.89,52.87,-33.82,0.0,,8,,20261007
SDXAY,Sodexo S.A.,Industrials,Specialty Business Services,PNK,12.16,68235,8863747072,0.2236,13.06,11.34,-4.0091,-5.84,-2.53,-23.56,-11.77,0.0,58.75,3,13.69,9.08,-11.18,0.0,,8,,20261007
BIO,"Bio-Rad Laboratories, Inc.",Healthcare,Medical Devices,NYSE,368.83,276945,9861840896,12.3474,368.0,308.45,0.0673,25.15,13.89,3.06,12.37,0.0,87.5,2,396.23,236.73,-6.92,0.0,,8,,20261007
CRL,"Charles River Laboratories International, Inc.",Healthcare,Diagnostics & Research,NYSE,304.96,940109,14689229824,12.0467,279.36,211.09,2.1247,31.39,61.09,54.3,50.95,0.0,87.5,2,333.3,146.2,-8.5,0.0,,8,,20261007
WJRYY,West Japan Railway Company,Industrials,Railroads,PNK,17.95,15645,8168754688,0.758,18.81,18.95,-1.1393,-5.99,-28.35,-34.69,-25.3,0.0,66.5,4,23.85,15.08,-24.74,0.0,,8,,20261007
CELH,"Celsius Holdings, Inc.",Consumer Defensive,Beverages - Non-Alcoholic,NCM,27.29,9197056,6905326592,1.228,29.36,36.28,-1.6894,-15.6,-39.63,-71.18,-46.25,0.0,5.0,4,66.74,23.56,-59.11,0.0,,8,,20261007
NFG,National Fuel Gas Company,Energy,Oil & Gas Integrated,NYSE,78.35,707046,7446782976,1.6195,80.57,82.29,-1.3686,-4.9,-35.97,-26.82,-24.54,0.0,34.0,4,97.06,75.03,-19.28,0.0,,8,,20261007
CAMT,Camtek Ltd.,Technology,Semiconductor Equipment & Materials,NASDAQ,154.55,448484,7212566528,8.0286,147.91,156.21,0.8274,5.57,-21.72,18.7,1.27,0.0,74.5,3,215.99,91.91,-28.45,0.0,,8,,20261007
KEX,Kirby Corporation,Industrials,Marine Shipping,NYSE,138.5,505951,7312799744,3.6483,136.49,134.9,0.5514,-6.91,-20.21,49.25,10.9,0.0,63.75,2,157.69,79.52,-12.17,0.0,,8,,20261007
PDI,PIMCO Dynamic Income Fund,Financial Services,Asset Management,NYSE,14.4,3698803,6863277056,0.2461,14.9,15.81,-2.0285,-14.86,-28.19,-33.25,-26.88,0.0,35.25,4,19.95,13.73,-27.82,0.0,,8,,20261007
TBVPF,Thai Beverage Public Company Limited,Consumer Defensive,Beverages - Wineries & Distilleries,PNK,0.34,1376,8447575552,0.0041,0.36,0.35,-6.6025,-4.48,-19.96,-17.08,-14.94,0.0,37.0,3,0.4,0.3,-15.75,0.0,,8,,20261007
ESE,ESCO Technologies Inc.,Technology,Scientific & Technical Instruments,NYSE,268.22,215956,6948928000,8.0047,283.44,283.18,-1.9015,-23.95,-26.67,11.2,-10.84,0.0,20.75,4,362.15,193.68,-25.94,0.0,,8,,20261007
UGI,UGI Corporation,Utilities,Utilities - Regulated Gas,NYSE,37.15,1936793,7968487936,0.7623,36.71,35.97,0.5743,0.65,-16.33,0.95,-5.17,0.0,83.75,2,41.34,31.62,-10.14,0.0,,8,,20261007
CBSH,"Commerce Bancshares, Inc.",Financial Services,Banks - Regional,NASDAQ,54.78,1043048,7857214464,0.947,57.81,53.79,-3.2013,-9.21,-8.06,-18.46,-12.51,0.0,33.75,3,60.92,46.99,-10.08,0.0,,8,,20261007
SSD,"Simpson Manufacturing Co., Inc.",Basic Materials,Lumber & Wood Production,NYSE,175.02,278292,7173138944,3.8682,182.61,183.99,-1.9624,-11.07,-13.35,-14.77,-13.35,0.0,32.75,4,213.49,156.32,-18.02,0.0,,8,,20261007
BIRK,Birkenstock Holding plc,Consumer Cyclical,Footwear & Accessories,NYSE,34.0,2308734,5614290944,1.17,34.96,38.99,-0.8195,-27.93,-20.71,-43.78,-31.74,0.0,23.25,4,50.73,29.93,-32.98,0.0,,8,,20261007
BZQIY,Bezeq The Israel Telecommunication Corp. Ltd,Communication Services,Telecom Services,PNK,11.9,134,6537232896,0.2831,12.02,12.27,-0.4063,-6.83,-28.94,21.05,-3.42,0.0,49.0,3,14.1,8.97,-15.6,0.0,,8,,20261007
RIG,Transocean Ltd.,Energy,Oil & Gas Drilling,NYSE,5.4,42451446,6031152640,0.2176,5.57,5.69,-0.7656,-1.53,-37.94,42.56,3.36,0.0,55.25,3,7.66,3.07,-29.5,0.0,,8,,20261007
GNZUF,"Guangzhou Automobile Group Co., Ltd.",Consumer Cyclical,Auto Manufacturers,PNK,0.33,990,3365031936,0.0022,0.3,0.37,15.2517,9.01,-34.17,-44.34,-27.44,0.0,51.25,3,0.56,0.23,-41.07,0.0,,8,,20261007
SKPJY,SKY Perfect JSAT Corporation,Communication Services,Broadcasting,PNK,26.59,6,3769693952,0.056,27.1,27.54,-8.9759,-19.75,-41.39,252.86,81.72,0.0,24.0,4,54.67,7.25,-51.35,0.0,,8,,20261007
OMRNF,OMRON Corporation,Technology,Electronic Components,PNK,37.73,53,7419219968,0.0708,35.31,13.78,34.276,-6.01,24.2,-282.52,-106.04,0.0,75.0,2,38.55,26.5,-2.12,0.0,,8,,20261007
ECG,"Everus Construction Group, Inc.",Industrials,Engineering & Construction,NYSE,132.74,512500,6775263232,5.2078,122.76,123.93,1.9168,-5.94,-7.62,48.1,15.09,0.0,60.0,3,171.58,78.14,-22.64,0.0,,8,,20261007
BYDIF,BYD Electronic (International) Company Limited,Technology,Electronic Components,PNK,3.01,14284,6760786432,0.2948,3.03,3.56,-0.0733,2.72,-32.04,-62.95,-35.71,0.0,52.0,4,5.61,2.39,-46.35,0.0,,8,,20261007
TOPPY,TOPPAN Holdings Inc.,Industrials,Conglomerates,PNK,7.84,3767,17635012608,0.5626,7.71,7.65,0.2296,-11.12,-2.36,10.34,0.53,0.0,52.5,2,15.67,4.1,-50.0,0.0,,8,,20261007
YAMHF,"Yamaha Motor Co., Ltd.",Consumer Cyclical,Auto Manufacturers,PNK,11.33,698,10969250816,0.1101,11.46,8.3,-1.1828,38.82,46.38,38.81,41.46,0.0,62.0,3,12.8,6.6,-11.48,0.0,,8,,20261007
BPHLY,Bank of the Philippine Islands,Financial Services,Banks - Regional,PNK,28.55,1333,7309775360,1.918,32.53,34.1,-2.0768,-18.5,-30.14,-43.15,-32.44,0.0,5.0,4,44.49,27.0,-35.83,0.0,,8,,20261007
BYDIY,BYD Electronic (International) Company Limited,Technology,Electronic Components,PNK,156.8,563,7043795968,21.7218,155.3,177.81,0.069,15.81,-31.72,-59.59,-30.99,0.0,58.75,3,287.65,125.41,-45.49,0.0,,8,,20261007
IBRX,"ImmunityBio, Inc.",Healthcare,Biotechnology,NASDAQ,9.69,10154047,10269812736,0.6233,8.12,7.28,2.5218,5.33,22.47,263.82,114.73,0.0,87.5,2,12.43,1.95,-22.04,0.0,,8,,20261007
TECH,Bio-Techne Corporation,Healthcare,Biotechnology,NASDAQ,72.43,3122743,11358345216,0.1997,72.28,62.07,0.7668,-2.59,16.17,-1.96,4.22,0.0,87.5,2,72.69,43.2,-0.36,0.0,,8,,20261007
KYKOF,"Kyowa Kirin Co., Ltd.",Healthcare,Drug Manufacturers - Specialty & Generic,PNK,14.2,3867,7434928128,1.0962,14.73,14.7,-0.4847,-6.34,-4.45,-33.76,-16.65,0.0,54.0,4,18.0,4.2,-21.11,0.0,,8,,20261007
THNPY,Technip Energies N.V.,Energy,Oil & Gas Equipment & Services,PNK,32.44,6003,5618789888,0.754,34.42,38.53,-2.6272,-21.87,-44.23,-45.91,-39.31,0.0,11.25,4,48.27,30.41,-32.79,0.0,,8,,20261007
VLY,Valley National Bancorp,Financial Services,Banks - Regional,NASDAQ,12.67,6842389,7001508352,0.294,13.82,13.15,-3.8948,-16.52,-16.82,5.54,-7.8,0.0,20.75,4,15.2,9.64,-16.64,0.0,,8,,20261007
VLYPO,Valley National Bancorp,Financial Services,Banks - Regional,NASDAQ,24.8,6536,8221001347,0.1177,24.57,24.1,1.931,-2.24,-14.4,-10.98,-9.99,0.0,83.75,2,25.64,24.1,-3.28,0.0,,8,,20261007
VLYPP,Valley National Bancorp,Financial Services,Banks - Regional,NASDAQ,25.01,4854,8290515729,0.0863,24.75,24.21,3.0182,-2.39,-14.44,-11.04,-10.06,0.0,85.0,2,25.75,24.42,-2.87,0.0,,8,,20261007
VLYPN,Valley National Bancorp,Financial Services,Banks - Regional,NASDAQ,25.0,14832,0,0.2577,25.34,24.95,-1.3206,-5.29,-16.68,-13.74,-12.65,0.0,70.75,3,26.54,24.55,-5.82,0.0,,8,,20261007
KNCRY,Konecranes Plc,Industrials,Farm & Heavy Construction Machinery,PNK,9.3,276,8650198016,0.0844,8.42,8.27,10.4443,16.63,-4.67,19.61,10.37,0.0,78.75,2,10.21,3.13,-8.9,0.0,,8,,20261007
TYEKF,thyssenkrupp AG,Industrials,Conglomerates,PNK,16.48,817,10650795008,0.1648,15.78,12.7,4.2683,15.86,71.74,-2.91,27.91,0.0,75.0,2,17.3,8.0,-4.74,0.0,,8,,20261007
NCLH,Norwegian Cruise Line Holdings Ltd.,Consumer Cyclical,Travel Services,NYSE,15.51,16448577,7122003456,0.6107,16.6,19.38,-1.7859,-20.81,-35.97,-53.9,-39.35,0.0,10.0,4,25.13,13.63,-38.28,0.0,,8,,20261007
BCHMY,Bachem Holding AG,Healthcare,Biotechnology,PNK,9.33,2965,7265000448,0.3432,9.44,8.85,-0.3262,-0.53,-6.93,-3.24,-3.86,0.0,68.25,3,12.54,5.97,-25.6,0.0,,8,,20261007
VBREY,Vibra Energia S.A.,Consumer Cyclical,Specialty Retail,PNK,15.02,109568,8983560192,0.5786,14.01,12.29,1.7533,15.66,6.22,73.3,35.41,0.0,90.0,2,16.32,7.92,-7.97,0.0,,8,,20261007
VCX,"Fundrise Growth Tech Fund, LLC",Financial Services,Asset Management,NYSE,29.44,519795,1053867712,1.8495,34.61,29.44,-2.7979,-57.33,-92.89,-80.35,-78.98,0.0,36.25,3,575.0,28.17,-94.88,0.0,,8,,20261007
VOYA,"Voya Financial, Inc.",Financial Services,Financial Conglomerates,NYSE,97.82,1034251,8862135296,2.5163,99.72,83.82,-0.7569,-2.61,27.0,15.74,15.09,0.0,69.5,3,105.64,64.5,-7.4,0.0,,8,,20261007
SPXSF,Spirax Group plc,Industrials,Specialty Industrial Machinery,PNK,94.75,76,7014710272,0.1219,95.57,93.51,-6.691,1.59,-7.79,-15.49,-8.53,0.0,62.0,3,108.0,87.0,-12.27,0.0,,8,,20261007
NOV,NOV Inc.,Energy,Oil & Gas Equipment & Services,NYSE,19.0,3317209,6773084160,0.6284,20.25,19.23,-1.9875,-2.96,-20.37,24.16,1.79,0.0,45.75,3,21.93,12.29,-13.36,0.0,,8,,20261007
KNCRF,Konecranes Plc,Industrials,Farm & Heavy Construction Machinery,PNK,37.95,71,9018544128,0.3057,31.75,54.92,20.2669,15.51,-2.48,-75.51,-27.19,0.0,51.25,3,113.4,30.29,-66.53,0.0,,8,,20261007
JXN,Jackson Financial Inc.,Financial Services,Insurance - Life,NYSE,132.91,700436,9001827328,3.9312,131.69,114.65,0.3107,18.67,11.81,14.46,14.58,0.0,88.75,2,140.9,89.67,-5.67,0.0,,8,,20261007
GGAL,Grupo Financiero Galicia S.A.,Financial Services,Banks - Regional,NCM,38.18,891690,6469732352,1.5694,43.17,46.53,-3.1794,-28.54,-32.61,20.8,-10.23,0.0,6.25,4,62.52,27.5,-38.93,0.0,,8,,20261007
FIGR,"Figure Technology Solutions, Inc.",Financial Services,Capital Markets,NASDAQ,27.35,4151282,6136734720,2.1113,32.7,36.39,-2.5343,-15.55,-29.9,-49.81,-34.27,0.0,30.0,4,78.0,24.11,-64.94,0.0,,8,,20261007
CAE,CAE Inc.,Industrials,Aerospace & Defense,NASDAQ,23.73,770571,7637478912,0.5905,25.06,27.18,-2.2528,-12.59,-29.4,-35.22,-27.53,0.0,11.25,4,34.24,22.76,-30.7,0.0,,8,,20261007
SCABY,Svenska Cellulosa Aktiebolaget SCA (publ),Basic Materials,Paper & Paper Products,PNK,12.15,1228,8536972288,0.14,11.62,11.74,3.8419,16.79,-18.58,-29.24,-14.0,0.0,75.0,3,14.35,9.45,-15.3,0.0,,8,,20261007
KGS,"Kodiak Gas Services, Inc.",Energy,Oil & Gas Equipment & Services,NYSE,55.89,1773498,5650704384,2.5046,58.55,57.56,-1.0612,-24.17,-22.97,50.79,6.23,0.0,34.0,4,77.68,32.55,-28.05,0.0,,8,,20261007
ATR,"AptarGroup, Inc.",Healthcare,Medical Instruments & Supplies,NYSE,120.25,451021,7645630464,2.3528,129.23,126.11,-3.8152,-7.63,-22.33,-26.04,-20.14,0.0,20.75,4,146.91,103.23,-18.15,0.0,,8,,20261007
HQY,"HealthEquity, Inc.",Healthcare,Health Information Services,NASDAQ,91.05,840644,7531228160,2.5981,98.05,88.65,-2.6928,-8.66,-6.49,-14.9,-10.4,0.0,37.5,3,107.62,72.76,-15.4,0.0,,8,,20261007
SVCBF,Svenska Cellulosa Aktiebolaget SCA (publ),Basic Materials,Paper & Paper Products,PNK,12.29,1206,8631788544,0.0207,11.66,11.78,30.369,18.49,-10.5,-23.5,-8.45,0.0,75.0,3,13.54,9.97,-9.27,0.0,,8,,20261007
SLOIY,Soitec SA,Technology,Semiconductor Equipment & Materials,PNK,94.13,2818,6738593792,3.7665,74.16,52.84,5.3007,62.09,209.77,223.38,178.29,0.0,86.25,2,114.37,13.13,-17.7,0.0,,8,,20261007
AXS,AXIS Capital Holdings Limited,Financial Services,Insurance - Specialty,NYSE,96.16,685096,7016441344,1.9136,99.45,101.58,-1.7194,-19.17,-22.81,-14.6,-18.62,0.0,32.75,4,119.99,88.07,-19.86,0.0,,8,,20261007
ESAIY,"Eisai Co., Ltd.",Healthcare,Drug Manufacturers - Specialty & Generic,PNK,7.37,76480,8320316928,0.2345,7.61,7.28,-1.0407,7.23,-26.77,-27.13,-18.42,0.0,73.25,3,8.58,5.69,-14.1,0.0,,8,,20261007
YMHAY,"Yamaha Motor Co., Ltd.",Consumer Cyclical,Auto Manufacturers,PNK,22.66,11492,11037201408,0.6753,22.75,16.94,-0.1441,41.01,34.5,34.12,35.97,0.0,77.0,3,25.39,13.05,-10.77,0.0,,8,,20261007
STHRF,Strathcona Resources Ltd.,Energy,Oil & Gas E&P,PNK,28.43,54731,6107355136,0.9607,29.91,27.22,-1.5444,-0.36,-25.52,-9.06,-12.65,0.0,70.75,3,40.52,18.23,-29.84,0.0,,8,,20261007
CIG,Companhia Energética de Minas Gerais - CEMIG,Utilities,Utilities - Regulated Electric,NYSE,2.36,5070885,6751208960,0.0759,2.09,2.13,3.5815,8.68,-19.1,5.27,-2.41,0.0,85.0,3,2.76,1.87,-14.49,0.0,,8,,20261007
BILI,Bilibili Inc.,Communication Services,Internet Content & Information,NASDAQ,14.9,2840042,6137759744,0.4398,16.42,21.89,-3.4665,-22.14,-53.94,-65.41,-50.58,0.0,10.0,4,36.4,14.31,-59.07,0.0,,8,,20261007
SLOIF,Soitec SA,Technology,Semiconductor Equipment & Materials,PNK,187.5,2233,6709251584,9.1868,147.38,106.98,4.3676,56.76,202.0,252.88,186.04,0.0,83.75,2,226.22,24.57,-17.12,0.0,,8,,20261007
LOTMY,Lottomatica Group S.p.A.,Consumer Cyclical,Gambling,PNK,28.38,50585,6567725056,0.842,29.06,28.06,-0.8079,-8.22,-20.96,-7.32,-12.32,0.0,77.0,3,33.1,21.65,-14.26,0.0,,8,,20261007
EGIEY,Engie Brasil Energia S.A.,Utilities,Utilities - Renewable,OID,6.32,47185,8951531520,0.3169,5.83,6.24,1.5489,-3.37,-18.9,2.81,-6.33,0.0,65.0,3,9.5,5.22,-33.47,0.0,,8,,20261007
VLVCY,Volvo Car AB (publ.),Consumer Cyclical,Auto Manufacturers,PNK,2.74,377,4137066240,0.124,3.95,4.95,-9.7811,-40.81,-63.32,-54.95,-54.35,0.0,3.75,4,7.66,2.74,-64.26,0.0,,8,,20261007
OPHLY,"Ono Pharmaceutical Co., Ltd.",Healthcare,Drug Manufacturers - General,PNK,4.75,44246,6696848896,0.171,5.04,4.99,-1.72,-10.72,-28.99,7.32,-9.9,0.0,48.25,3,5.75,3.71,-17.39,0.0,,8,,20261007
DPMLF,DPM Metals Inc.,Basic Materials,Gold,PNK,38.37,79489,8417175040,1.9882,43.25,37.04,-2.4565,12.99,-17.38,50.67,17.43,0.0,60.0,3,52.37,20.45,-26.73,0.0,,8,,20261007
UMICY,Umicore SA,Industrials,Waste Management,PNK,5.87,40326,5650869760,0.1451,6.4,5.81,-3.6545,-0.89,6.85,19.72,10.07,0.0,61.25,3,7.68,4.08,-23.57,0.0,,8,,20261007
VLVOF,Volvo Car AB (publ.),Consumer Cyclical,Auto Manufacturers,PNK,1.45,831,4328413184,0.0347,1.88,2.42,-12.37,-37.65,-58.62,-53.8,-51.45,0.0,3.75,4,3.7,1.45,-60.81,0.0,,8,,20261007
CPXWF,Capital Power Corporation,Utilities,Utilities - Independent Power Producers,PNK,44.55,37579,6997914112,0.5319,45.28,46.02,-1.3791,-19.02,-24.27,-24.13,-22.9,0.0,27.75,4,53.84,40.86,-17.25,0.0,,8,,20261007
STAG,"STAG Industrial, Inc.",Real Estate,REIT - Industrial,NYSE,36.12,1686535,7108692992,0.5788,36.82,37.21,-1.217,-10.21,-19.64,-13.83,-14.96,0.0,35.25,4,42.61,35.39,-15.23,0.0,,8,,20261007
CSCCF,Capstone Copper Corp.,Basic Materials,Copper,PNK,10.1,295773,7715888128,0.5037,10.64,9.81,-1.0622,15.17,7.63,-5.9,4.1,0.0,65.0,3,13.32,6.8,-24.17,0.0,,8,,20261007
FPRUY,Fraport AG,Industrials,Airports & Air Services,PNK,36.12,23,6679939072,0.1,38.4,40.22,-22.7745,-17.74,-35.06,-34.1,-30.35,0.0,0.0,4,45.66,36.12,-20.89,0.0,,8,,20261007
DVDCF,Davide Campari-Milano N.V.,Consumer Defensive,Beverages - Wineries & Distilleries,PNK,6.88,923,8251612672,0.026,6.78,6.81,3.9062,1.39,-21.24,-10.39,-11.24,0.0,75.0,3,7.9,6.07,-12.91,0.0,,8,,20261007
SUMCF,Sumco Corporation,Technology,Semiconductor Equipment & Materials,PNK,23.12,3893,8099800576,1.5301,21.4,17.51,1.1259,-22.21,88.91,76.78,56.28,0.0,63.75,2,36.43,7.09,-36.54,0.0,,8,,20261007
WILLF,Demant A/S,Healthcare,Medical Devices,PNK,49.25,177,9606431744,0.3306,44.72,36.87,13.7052,17.64,45.38,19.65,28.15,0.0,75.0,2,45.55,28.08,8.12,0.0,,8,,20261007
CDP,COPT Defense Properties,Real Estate,REIT - Office,NYSE,33.68,867165,3901641216,0.6693,35.54,32.55,-2.7809,-11.41,-9.24,3.63,-4.63,0.0,33.75,3,38.9,27.06,-13.42,0.0,,8,,20261007
SWQGF,Swissquote Group Holding SA,Financial Services,Capital Markets,PNK,49.29,1,7387739136,0.0047,49.13,51.82,34.6168,-3.31,-18.06,-38.7,-22.63,0.0,62.0,3,490.08,49.01,-89.94,0.0,,8,,20261007
PLLIF,Pirelli & C. S.p.A.,Consumer Cyclical,Auto Parts,PNK,8.34,88,9047915520,0.0134,8.09,7.2,18.9007,1.95,9.75,-0.1,3.86,0.0,75.0,2,8.34,6.03,0.0,0.0,,8,,20261007
QGEN,Qiagen N.V.,Healthcare,Diagnostics & Research,NYSE,45.65,2752893,9426497536,1.4441,43.25,42.2,1.6647,15.35,-4.0,-19.25,-5.26,0.0,90.0,2,57.82,32.53,-21.05,0.0,,8,,20261007
HTCMF,"Hitachi Construction Machinery Co., Ltd.",Industrials,Farm & Heavy Construction Machinery,PNK,37.0,7,7708998656,4.8461,-41.62,2.67,16.2237,-182.4,-196.08,-65.71,-140.51,0.0,62.0,3,37.0,28.8,0.0,0.0,,8,,20261007
THNPF,Technip Energies N.V.,Energy,Oil & Gas Equipment & Services,PNK,31.41,25,5440388608,0.205,34.54,38.31,-15.2457,-26.55,-43.73,-50.28,-42.06,0.0,0.0,4,47.91,31.41,-34.44,0.0,,8,,20261007
RGEDF,Gedeon Richter PLC,Healthcare,Drug Manufacturers - Specialty & Generic,PNK,37.93,543,6917854720,1.0184,40.38,-271.93,-2.4072,-6.9,-124.86,-125.94,-95.8,0.0,61.25,3,45.28,29.0,-16.23,0.0,,8,,20261007
IFSUF,Infrastrutture Wireless Italiane S.p.A.,Real Estate,Real Estate Services,PNK,7.44,83,6714531328,0.0609,7.31,7.93,2.1255,-3.34,-16.42,-47.3,-25.5,0.0,62.0,3,11.99,6.82,-37.95,0.0,,8,,20261007
VIST,"Vista Energy, S.A.B. de C.V.",Energy,Oil & Gas E&P,NYSE,66.06,1053711,7307385856,2.5939,69.84,65.02,-1.4558,-3.54,-24.59,73.64,19.97,0.0,60.0,3,81.44,33.9,-18.89,0.0,,8,,20261007
TYOYY,"Taiyo Yuden Co., Ltd.",Technology,Electronic Components,PNK,17.68,40230,9363072000,0.9283,15.32,13.06,2.5474,-30.95,129.18,188.67,112.95,0.0,61.25,2,35.44,4.96,-50.12,0.0,,8,,20261007
TTEK,"Tetra Tech, Inc.",Industrials,Engineering & Construction,NASDAQ,33.38,2536079,8546763264,0.8996,35.24,32.91,-2.0688,3.85,-10.28,-17.93,-9.81,0.0,62.5,3,43.14,25.81,-22.62,0.0,,8,,20261007
SLAB,Silicon Laboratories Inc.,Technology,Semiconductors,NASDAQ,222.62,285253,7428107776,1.0304,219.57,203.5,2.9552,-2.81,-12.77,48.11,14.07,0.0,85.0,2,223.5,115.51,-0.39,0.0,,8,,20261007
DNPLY,"Dai Nippon Printing Co., Ltd.",Industrials,Conglomerates,PNK,9.5,6962,8189284864,0.3579,9.66,9.33,-0.4464,-1.97,-10.83,-5.78,-6.59,0.0,47.0,3,10.66,7.66,-10.88,0.0,,8,,20261007
LGFRY,Longfor Group Holdings Limited,Real Estate,Real Estate - Development,PNK,6.73,98867,4642725376,0.271,7.86,10.01,-4.1566,-20.44,-48.75,-70.43,-50.35,0.0,5.0,4,14.05,6.64,-52.1,0.0,,8,,20261007
MOS,The Mosaic Company,Basic Materials,Agricultural Inputs,NYSE,20.94,7938975,6656735232,1.0246,23.38,24.09,-2.3852,-2.52,-37.89,-54.81,-35.81,0.0,33.75,1,36.0,19.8,-41.83,0.0,,8,,20261007
KNSL,"Kinsale Capital Group, Inc.",Financial Services,Insurance - Property & Casualty,NYSE,336.45,245587,7663800832,9.5268,363.03,354.28,-2.7898,-7.46,-21.19,-45.33,-27.41,0.0,45.75,4,485.0,287.2,-30.63,0.0,,8,,20261007
VSOGF,"Vista Energy, S.A.B. de C.V.",Energy,Oil & Gas E&P,PNK,72.25,5,7992107520,0.0609,72.68,67.05,-7.0583,-7.55,-13.08,101.58,34.17,0.0,37.0,3,77.66,33.05,-6.97,0.0,,8,,20261007
LTH,"Life Time Group Holdings, Inc.",Consumer Cyclical,Leisure,NYSE,40.38,2975626,9023393792,1.3322,42.7,33.92,-1.743,-7.48,24.41,30.67,18.94,0.0,37.5,3,47.23,24.14,-14.51,0.0,,8,,20261007
SHTDF,Sinopharm Group Co. Ltd.,Healthcare,Medical Distribution,PNK,1.86,27109,6022865920,0.0742,2.05,2.34,-2.6044,-17.46,-49.38,-35.01,-35.65,0.0,2.5,4,2.7,1.72,-31.11,0.0,,8,,20261007
PMOIF,Harbour Energy plc,Energy,Oil & Gas E&P,PNK,3.8,3652,5689858048,0.0519,3.49,3.39,5.9971,24.91,-16.6,26.67,11.08,0.0,76.25,2,4.34,2.5,-12.44,0.0,,8,,20261007
GMINF,G Mining Ventures Corp.,Basic Materials,Gold,OQX,35.08,101364,10394423296,1.6786,35.61,33.58,-0.3144,19.62,-23.84,48.41,15.92,0.0,72.0,3,43.26,17.92,-18.92,0.0,,8,,20261007
SDXOF,Sodexo S.A.,Industrials,Specialty Business Services,PNK,63.04,87,9190306816,0.2257,64.49,55.73,-6.4062,1.06,1.16,-12.36,-4.27,0.0,62.0,3,67.3,47.01,-6.33,0.0,,8,,20261007
DIFTY,"Daito Trust Construction Co.,Ltd.",Real Estate,Real Estate - Diversified,PNK,4.95,90648,6449499136,0.214,5.2,5.27,-1.1512,-4.78,-36.01,-23.75,-23.3,0.0,59.0,3,6.17,4.41,-19.77,0.0,,8,,20261007
TELDY,Telefónica Deutschland Holding AG,Communication Services,Telecom Services,PNK,11.75,0,6990203904,0.0,11.75,12.16,0.0,-3.88,-24.63,-19.11,-17.24,0.0,49.0,3,12.56,11.55,-6.45,0.0,,8,,20261007
PLXS,Plexus Corp.,Technology,Electronic Components,NASDAQ,272.63,257950,7266162176,7.7415,254.87,232.95,2.2935,-2.24,12.37,70.14,31.82,0.0,61.25,2,307.06,132.03,-11.21,0.0,,8,,20261007
AKBTY,Akbank T.A.S.,Financial Services,Banks - Regional,OQX,2.68,17866,6968000000,0.1705,2.85,3.18,-1.0102,-14.24,-29.15,-22.16,-22.63,0.0,16.25,4,4.24,2.51,-36.79,0.0,,8,,20261007
JAPSY,"Japan Airlines Co., Ltd.",Industrials,Airlines,PNK,9.46,25692,8132340224,0.1503,9.52,8.96,-0.3682,-2.73,-1.96,-21.24,-9.87,0.0,67.0,3,10.53,7.55,-10.16,0.0,,8,,20261007
TSUKY,"Toyo Suisan Kaisha, Ltd.",Consumer Defensive,Packaged Foods,PNK,60.7,3592,6008373760,4.4108,64.55,67.81,-0.8723,-14.79,-31.42,-32.9,-27.85,0.0,17.5,4,86.9,58.02,-30.15,0.0,,8,,20261007
ICGUF,ICG plc,Financial Services,Asset Management,PNK,22.8,0,6626685952,0.0015,22.8,23.95,0.0,-4.78,-14.08,-34.77,-20.03,0.0,49.0,3,27.72,20.65,-17.75,0.0,,8,,20261007
PCOR,"Procore Technologies, Inc.",Technology,Software - Application,NYSE,54.39,3091332,8264850944,2.3472,55.97,54.66,-0.675,19.26,-21.55,-42.85,-19.87,0.0,61.5,4,82.31,38.03,-33.92,0.0,,8,,20261007
ST,Sensata Technologies Holding plc,Technology,Scientific & Technical Instruments,NYSE,43.92,1465878,6391934464,1.2001,43.48,41.11,0.3667,-4.5,7.41,25.54,11.69,0.0,60.0,2,53.89,28.16,-18.5,0.0,,8,,20261007
RHP,"Ryman Hospitality Properties, Inc.",Real Estate,REIT - Hotel & Motel,NYSE,120.91,684168,8340890624,2.7521,123.74,108.57,-1.0301,-6.47,12.5,21.32,11.28,0.0,47.0,3,137.46,83.82,-12.04,0.0,,8,,20261007
IVTJY,Investec Group,Financial Services,Capital Markets,PNK,16.03,189,5023900672,0.3856,16.73,15.17,-1.8135,-6.61,-9.6,-1.98,-5.8,0.0,67.0,3,19.6,13.51,-18.19,0.0,,8,,20261007
GKOS,Glaukos Corporation,Healthcare,Medical Devices,NYSE,161.59,792628,9531213824,6.2155,172.39,135.53,-1.738,0.86,21.66,67.19,34.67,0.0,58.75,3,191.62,73.16,-15.67,0.0,,8,,20261007
DCCPY,DCC Energy plc,Energy,Oil & Gas Refining & Marketing,PNK,45.85,20,7833393152,0.0327,44.51,45.85,40.9101,3.61,2.99,2.99,3.15,0.0,75.0,3,45.85,41.75,-0.0,0.0,,8,,20261007
HR,Healthcare Realty Trust Incorporated,Real Estate,REIT - Healthcare Facilities,NYSE,17.04,3791361,5912842752,0.3413,19.03,18.45,-5.8333,-21.16,-20.03,-17.42,-19.27,0.0,13.25,4,22.04,16.31,-22.69,0.0,,8,,20261007
ZJLMF,"Zhejiang Leapmotor Technology Co., Ltd.",Consumer Cyclical,Auto Manufacturers,PNK,4.3,462,6113794560,0.0614,4.58,4.3,-4.4921,-11.41,-37.83,-37.83,-31.23,0.0,25.0,3,6.37,4.16,-32.5,0.0,,8,,20261007
NXE,NexGen Energy Ltd.,Energy,Uranium,NYSE,9.43,4662417,6322872832,0.3875,9.96,10.9,-1.3751,-2.06,-35.77,-9.53,-16.85,0.0,30.0,3,13.96,7.33,-32.45,0.0,,8,,20261007
AVT,"Avnet, Inc.",Technology,Electronics & Computer Distribution,NASDAQ,106.37,1230272,8730102784,3.7288,94.18,76.57,3.2691,23.52,52.66,91.7,60.99,0.0,88.75,2,108.63,44.25,-2.08,0.0,,8,,20261007
DKDRF,NewMed Energy - Limited Partnership,Energy,Oil & Gas E&P,PNK,5.31,536,6231781888,0.0699,5.42,5.77,-1.6259,-4.69,-19.21,-4.08,-9.53,0.0,49.0,3,7.32,4.88,-27.47,0.0,,8,,20261007
MTDR,Matador Resources Company,Energy,Oil & Gas E&P,NYSE,52.91,1937065,6547835392,1.8214,54.56,52.54,-0.9074,-3.8,-35.54,3.62,-11.94,0.0,72.0,3,66.84,37.14,-20.84,0.0,,8,,20261007
UMICF,Umicore SA,Industrials,Waste Management,PNK,24.55,1514,5908383744,0.2469,25.73,23.71,-4.7793,-7.36,4.28,19.55,7.48,0.0,62.0,3,31.15,16.18,-21.19,0.0,,8,,20261007
TRNO,Terreno Realty Corporation,Real Estate,REIT - Industrial,NYSE,64.23,752425,6999163392,1.0168,66.78,64.29,-2.5072,-8.83,-14.84,-3.21,-8.68,0.0,35.25,4,78.94,55.92,-18.63,0.0,,8,,20261007
AIIXY,AIXTRON SE,Technology,Semiconductor Equipment & Materials,PNK,88.21,170,5066766848,1.3967,85.02,84.89,2.2827,-16.03,-8.1,137.49,48.15,0.0,52.5,2,143.05,28.52,-38.34,0.0,,8,,20261007
DITTF,"Daito Trust Construction Co.,Ltd.",Real Estate,Real Estate - Diversified,PNK,18.51,11,6029304832,0.0545,18.53,19.23,-0.3118,-2.55,-23.23,-28.52,-20.17,0.0,49.0,3,24.13,14.38,-23.29,0.0,,8,,20261007
IMVT,"Immunovant, Inc.",Healthcare,Biotechnology,NASDAQ,32.11,1218279,6632407040,1.4228,38.88,31.8,-4.7619,-25.12,11.69,72.32,26.74,0.0,32.5,3,45.42,16.04,-29.3,0.0,,8,,20261007
NDBKY,Nedbank Group Limited,Financial Services,Banks - Regional,PNK,17.24,20617,7901686784,0.4343,17.85,16.21,-1.413,3.88,-3.28,22.89,8.98,0.0,69.5,3,20.28,13.22,-14.99,0.0,,8,,20261007
VAL,Valaris Limited,Energy,Oil & Gas Drilling,NYSE,82.0,1086409,5693736448,3.1874,83.13,82.56,-0.3556,0.77,-36.54,39.8,3.33,0.0,57.75,3,114.12,46.7,-28.15,0.0,,8,,20261007
LEA,Lear Corporation,Consumer Cyclical,Auto Parts,NYSE,122.0,639582,6017620992,3.3946,125.16,127.33,-0.9313,-10.84,-14.21,2.61,-6.64,0.0,35.25,4,150.33,96.04,-18.85,0.0,,8,,20261007
OTGLY,CD Projekt Red S.A.,Communication Services,Electronic Gaming & Multimedia,PNK,16.84,16114,6729972224,0.4951,16.38,16.75,0.9347,4.61,-16.66,-28.1,-15.92,0.0,87.5,3,20.5,14.16,-17.85,0.0,,8,,20261007
SUOPY,Sumco Corporation,Technology,Semiconductor Equipment & Materials,PNK,47.06,17228,8229201920,1.8225,42.34,34.65,2.5888,-19.6,96.2,101.51,69.38,0.0,61.25,2,69.37,14.55,-32.16,0.0,,8,,20261007
SHTDY,Sinopharm Group Co. Ltd.,Healthcare,Medical Distribution,PNK,9.53,148368,5947970560,0.3192,10.12,11.35,-1.8575,-17.19,-43.83,-33.88,-33.19,0.0,11.25,4,14.87,9.05,-35.91,0.0,,8,,20261007
BCKIY,Babcock International Group PLC,Industrials,Engineering & Construction,PNK,12.15,20630,6144013312,0.3828,14.36,15.91,-5.7781,-18.25,-47.56,-48.48,-40.6,0.0,15.0,4,21.15,12.04,-42.55,0.0,,8,,20261007
PB,"Prosperity Bancshares, Inc.",Financial Services,Banks - Regional,NYSE,67.1,1010457,8063860736,1.2438,71.19,69.47,-3.2917,-8.7,-17.43,-12.18,-13.15,0.0,15.75,4,77.2,61.07,-13.08,0.0,,8,,20261007
BBUC,Brookfield Business Corporation,Industrials,Conglomerates,NYSE,26.2,337822,5382580736,0.6916,27.65,31.93,-2.0919,-15.34,-38.89,-40.13,-33.5,0.0,8.75,4,38.25,24.8,-31.5,0.0,,8,,20261007
AIXXF,AIXTRON SE,Technology,Semiconductor Equipment & Materials,PNK,44.0,6077,5014458880,1.7952,42.96,42.83,0.582,-10.72,-3.51,134.77,50.0,0.0,70.0,2,71.52,14.95,-38.48,0.0,,8,,20261007
MYRG,MYR Group Inc.,Industrials,Engineering & Construction,NASDAQ,324.51,276729,5052377600,13.0127,306.26,330.25,1.4022,-27.47,-6.44,44.95,8.86,0.0,50.75,3,503.57,190.14,-35.56,0.0,,8,,20261007
BRKRP,Bruker Corporation,Healthcare,Medical Devices,NASDAQ,445.04,7469,0,15.7746,434.99,370.32,0.6371,0.79,37.27,38.11,28.49,0.0,88.75,2,484.9,264.3,-8.22,0.0,,8,,20261007
BRKR,Bruker Corporation,Healthcare,Medical Devices,NASDAQ,60.5,2208728,9217738752,3.1675,58.94,49.39,0.493,1.06,46.48,46.62,35.18,0.0,87.5,2,66.98,32.37,-9.67,0.0,,8,,20261007
HBRIY,Harbour Energy plc,Energy,Oil & Gas E&P,PNK,3.63,48084,5435312128,0.1423,3.56,3.41,0.5021,11.29,-24.05,12.99,-0.4,0.0,82.5,2,4.48,2.51,-18.97,0.0,,8,,20261007
FAF,First American Financial Corporation,Financial Services,Insurance - Specialty,NYSE,62.31,811346,6361851392,1.8867,70.82,66.18,-4.5084,-14.96,-14.56,-17.41,-15.8,0.0,20.75,4,79.87,56.2,-21.99,0.0,,8,,20261007
VIPS,Vipshop Holdings Limited,Consumer Cyclical,Internet Retail,NYSE,12.75,2575661,6062624768,0.3207,13.6,14.88,-2.6356,-11.92,-30.13,-52.26,-34.43,0.0,10.0,4,20.59,12.02,-38.08,0.0,,8,,20261007
CDNAF,"Canadian Tire Corporation, Limited",Consumer Cyclical,Specialty Retail,PNK,135.06,19476,7014043136,3.3697,139.32,133.58,-1.264,-4.07,-18.49,-4.49,-9.28,0.0,50.75,3,165.78,102.83,-18.53,0.0,,8,,20261007
LKQ,LKQ Corporation,Consumer Cyclical,Auto Parts,NASDAQ,22.39,3233687,5664716288,0.6385,24.21,27.58,-2.8488,-14.67,-39.23,-43.12,-34.65,0.0,6.25,4,37.13,21.17,-39.7,0.0,,8,,20261007
SPXSY,Spirax Group plc,Industrials,Specialty Industrial Machinery,PNK,49.46,10403,7299888128,1.1154,48.32,47.64,1.0214,10.67,-8.62,-14.01,-5.95,0.0,90.0,2,54.08,42.56,-8.54,0.0,,8,,20261007
STKAF,Stockland,Real Estate,REIT - Diversified,PNK,2.76,203,6869394944,0.1053,2.94,3.16,-1.6792,-5.32,-24.1,-48.5,-29.17,0.0,28.75,4,4.29,2.46,-35.66,0.0,,8,,20261007
SNROY,"Sanrio Company, Ltd.",Consumer Cyclical,Specialty Retail,PNK,16.65,856,10093480960,0.12,15.76,13.41,7.4439,18.99,-7.48,-33.18,-11.14,0.0,75.0,2,19.98,9.59,-16.67,0.0,,8,,20261007
KCDMF,"Kimberly-Clark de México, S. A. B. de C. V.",Consumer Defensive,Household & Personal Products,OID,2.01,656,6002199552,0.0239,2.28,2.27,-11.288,-12.02,-38.06,-15.1,-22.37,0.0,26.25,3,2.6,1.9,-22.69,0.0,,8,,20261007
SHMXY,Shimadzu Corporation,Technology,Scientific & Technical Instruments,PNK,13.07,157,7555784192,0.136,12.56,12.29,3.8227,14.44,-11.49,-15.77,-6.72,0.0,51.25,3,16.77,10.41,-22.03,0.0,,8,,20261007
RAL,Ralliant Corporation,Technology,Electronic Components,NYSE,73.86,1485142,8171871232,2.1628,67.21,56.89,3.0765,3.7,56.28,49.67,40.49,0.0,67.5,2,75.41,37.27,-2.06,0.0,,8,,20261007
LNC,Lincoln National Corporation,Financial Services,Insurance - Life,NYSE,42.08,2011523,8056103936,1.1919,43.34,38.86,-1.061,5.15,4.67,-10.43,-1.25,0.0,73.25,3,47.67,32.18,-11.73,0.0,,8,,20261007
SEOJF,Stora Enso Oyj,Consumer Cyclical,Packaging & Containers,OQX,12.0,1,9463439360,0.0618,9.96,10.26,33.0651,34.96,-8.77,26.25,16.17,0.0,75.0,3,12.55,8.56,-4.38,0.0,,8,,20261007
JBTM,JBT Marel Corporation,Industrials,Specialty Industrial Machinery,NYSE,108.69,566432,5638491136,3.374,117.86,134.93,-2.7175,-26.47,-31.96,-42.41,-34.77,0.0,8.75,4,170.19,104.45,-36.14,0.0,,8,,20261007
FSS,Federal Signal Corporation,Industrials,Farm & Heavy Construction Machinery,NYSE,118.14,432425,7211456000,3.6687,119.22,115.45,-0.2935,-5.47,-9.69,-17.43,-11.73,0.0,50.75,3,134.51,101.19,-12.17,0.0,,8,,20261007
GDS,GDS Holdings Limited,Technology,Information Technology Services,NASDAQ,31.03,1566642,6217717760,1.5283,32.05,37.52,-0.6689,-10.23,-38.23,-39.38,-31.69,0.0,22.0,4,48.61,26.97,-36.17,0.0,,8,,20261007
SGHC,Super Group (SGHC) Limited,Consumer Cyclical,Gambling,NYSE,11.43,2556860,5807318016,0.4327,13.08,12.1,-3.8229,-30.79,-7.29,-35.26,-24.35,0.0,20.75,4,15.86,8.46,-27.93,0.0,,8,,20261007
CHVKF,"China Vanke Co., Ltd.",Real Estate,Real Estate - Development,PNK,0.35,1607,5728799744,0.0054,0.31,0.39,6.1108,-3.02,-28.67,-67.54,-37.81,0.0,51.25,3,0.7,0.3,-50.51,0.0,,8,,20261007
UOLGY,UOL Group Limited,Real Estate,Real Estate - Development,PNK,25.08,6637,5313267200,0.4466,28.46,30.49,-7.5632,-21.07,-36.48,-14.57,-23.86,0.0,8.75,4,38.25,24.3,-34.43,0.0,,8,,20261007
NVTS,Navitas Semiconductor Corporation,Technology,Semiconductors,NASDAQ,11.97,14117501,3142789120,0.8193,12.07,13.25,-0.1173,-15.18,20.89,35.39,17.67,0.0,36.5,4,34.17,6.85,-64.97,0.0,,8,,20261007
TOTDF,TOTO LTD.,Industrials,Building Products & Equipment,PNK,41.08,140,6000871936,0.7261,39.48,39.03,2.1993,-22.48,9.98,41.22,14.36,0.0,50.0,2,60.92,23.95,-32.56,0.0,,8,,20261007
MORN,"Morningstar, Inc.",Financial Services,Financial Data & Stock Exchanges,NASDAQ,195.69,340868,7341030912,6.8391,201.55,184.96,-0.8575,14.47,-7.36,-30.18,-11.03,0.0,74.5,3,228.95,141.49,-14.53,0.0,,8,,20261007
PCVX,"Vaxcyte, Inc.",Healthcare,Biotechnology,NASDAQ,66.7,1367303,9925311488,4.8385,59.15,55.41,1.5612,8.83,-8.88,38.68,14.57,0.0,80.0,2,90.75,39.87,-26.5,0.0,,8,,20261007
THG,"The Hanover Insurance Group, Inc.",Financial Services,Insurance - Property & Casualty,NYSE,220.04,310985,7661840896,4.3021,224.31,194.11,-0.9919,-0.66,7.68,4.46,4.31,0.0,74.5,3,236.07,166.54,-6.79,0.0,,8,,20261007
CBC,"Central Bancompany, Inc.",Financial Services,Banks - Regional,NASDAQ,32.14,1009587,7697694720,0.7296,32.29,27.63,-0.2016,0.72,15.03,18.62,12.89,0.0,74.5,3,33.82,22.5,-4.96,0.0,,8,,20261007
TOTDY,TOTO LTD.,Industrials,Building Products & Equipment,PNK,39.5,12736,6495873536,0.95,39.06,39.22,0.4621,-25.14,-1.75,30.88,5.45,0.0,63.75,3,60.09,23.84,-34.27,0.0,,8,,20261007
UOLGF,UOL Group Limited,Real Estate,Real Estate - Development,PNK,6.61,4,5605623808,0.0606,7.81,7.89,-19.7484,-22.51,-38.03,3.46,-17.55,0.0,0.0,4,9.18,5.6,-27.94,0.0,,8,,20261007
SZCRF,SCOR SE,Financial Services,Insurance - Reinsurance,PNK,38.25,146,6833874944,0.0073,38.22,35.56,4.53,5.55,-17.24,-5.51,-6.85,0.0,75.0,2,38.25,30.41,0.0,0.0,,8,,20261007
NEU,NewMarket Corporation,Basic Materials,Specialty Chemicals,NYSE,926.28,123346,8518447104,21.8561,897.67,742.89,1.309,14.51,26.53,-6.41,10.35,0.0,86.25,2,981.66,580.03,-5.64,0.0,,8,,20261007
OMRNY,OMRON Corporation,Technology,Electronic Components,PNK,41.03,20021,8067703808,0.9718,39.75,33.62,1.3136,11.98,25.13,24.4,21.55,0.0,88.75,2,45.24,23.23,-9.31,0.0,,8,,20261007
CHYM,"Chime Financial, Inc.",Technology,Software - Application,NASDAQ,27.65,7509771,10467878912,1.2328,29.95,23.53,-1.868,27.01,25.76,14.81,21.69,0.0,57.5,3,35.55,15.88,-22.22,0.0,,8,,20261007
MDNDF,"McDonald's Holdings Company (Japan), Ltd.",Consumer Cyclical,Restaurants,PNK,47.86,4,6363401216,0.0162,47.78,45.35,4.9914,-10.94,-4.83,-2.74,-5.52,0.0,50.0,2,51.0,42.0,-6.16,0.0,,8,,20261007
THNOF,Technology One Limited,Technology,Software - Application,PNK,20.6,74,6818922496,0.1486,21.82,20.48,-8.1974,-7.49,-6.42,22.77,4.99,0.0,25.0,3,26.21,14.97,-21.4,0.0,,8,,20261007
EPRT,"Essential Properties Realty Trust, Inc.",Real Estate,REIT - Retail,NYSE,25.58,1864360,5546915328,0.4871,28.89,30.11,-6.7868,-21.73,-36.04,-28.28,-29.36,0.0,5.0,4,34.73,25.37,-26.35,0.0,,8,,20261007
PPC,Pilgrim's Pride Corporation,Consumer Defensive,Packaged Foods,NASDAQ,27.89,1548767,6640846848,1.1586,29.11,33.46,-1.0494,-2.99,-40.44,-49.18,-34.57,0.0,32.75,4,44.84,25.0,-37.8,0.0,,8,,20261007
SBFFY,SBM Offshore N.V.,Energy,Oil & Gas Equipment & Services,PNK,41.7,57,6888055296,0.0302,40.6,37.53,36.4963,17.38,-17.22,48.12,17.57,0.0,75.0,2,44.15,23.52,-5.55,0.0,,8,,20261007
IDCC,"InterDigital, Inc.",Technology,Software - Application,NASDAQ,339.29,225212,8755720192,10.9534,331.2,316.5,0.7388,21.93,-10.7,-16.71,-4.95,0.0,85.0,2,412.6,249.14,-17.77,0.0,,8,,20261007
CELC,Celcuity Inc.,Healthcare,Biotechnology,NCM,71.25,1179714,3486398464,4.6216,86.86,104.16,-3.378,-39.35,-57.13,23.39,-20.48,0.0,6.25,4,151.02,45.03,-52.82,0.0,,8,,20261007
DOX,Amdocs Limited,Technology,Software - Infrastructure,NASDAQ,58.49,1133738,6107233280,1.4059,58.82,63.12,-0.2348,10.28,-28.85,-43.99,-25.12,0.0,57.75,4,85.63,49.74,-31.69,0.0,,8,,20261007
SSDOY,"Shiseido Company, Limited",Consumer Defensive,Household & Personal Products,PNK,20.37,59523,8140348416,0.6596,22.14,19.21,-2.6825,13.79,-24.74,0.82,-4.88,0.0,58.75,3,23.91,13.6,-14.81,0.0,,8,,20261007
KIGRY,KION GROUP AG,Industrials,Farm & Heavy Construction Machinery,PNK,9.96,12185,5294072832,0.3441,11.83,13.81,-5.4387,-20.34,-35.62,-58.34,-40.89,0.0,7.5,4,20.54,9.89,-51.51,0.0,,8,,20261007
POOL,Pool Corporation,Industrials,Industrial Distribution,NASDAQ,158.24,776973,5750560256,4.7184,181.4,205.53,-4.9083,-26.78,-39.14,-65.28,-46.5,0.0,3.75,4,305.63,157.4,-48.22,0.0,,8,,20261007
BCKIF,Babcock International Group PLC,Industrials,Engineering & Construction,PNK,12.61,1177,6173386752,0.1716,14.32,15.88,-9.9828,-14.06,-46.82,-45.3,-38.02,0.0,1.25,4,21.05,12.35,-40.1,0.0,,8,,20261007
GRFS,"Grifols, S.A.",Healthcare,Drug Manufacturers - General,NASDAQ,7.52,583270,5117965312,0.1531,7.71,8.06,-1.2503,-1.91,-24.69,-41.08,-25.55,0.0,59.0,4,9.9,6.96,-24.04,0.0,,8,,20261007
AWI,"Armstrong World Industries, Inc.",Industrials,Building Products & Equipment,NYSE,164.87,429280,6967871488,3.7637,171.78,171.52,-1.8369,3.94,-19.42,-33.24,-19.11,0.0,57.75,4,206.08,150.28,-20.0,0.0,,8,,20261007
CSXXY,CAR Group Limited,Communication Services,Internet Content & Information,PNK,30.0,258,5686054400,0.3707,36.36,35.81,-17.1682,-17.75,-23.01,-54.92,-34.46,0.0,0.0,4,50.85,28.03,-41.0,0.0,,8,,20261007
DCCPF,DCC Energy plc,Energy,Oil & Gas Refining & Marketing,PNK,82.84,45,7076535296,0.1662,84.62,72.91,-10.7227,-1.8,19.38,15.31,12.45,0.0,62.0,3,85.87,57.8,-3.53,0.0,,8,,20261007
LNTH,"Lantheus Holdings, Inc.",Healthcare,Drug Manufacturers - Specialty & Generic,NASDAQ,99.95,1335461,6526722560,0.5527,100.53,88.42,-1.0506,-11.15,9.23,68.0,27.64,0.0,44.5,3,111.86,49.67,-10.65,0.0,,8,,20261007
VLOUF,Vallourec S.A.,Basic Materials,Steel,PNK,20.55,90,5477569536,0.1268,21.49,23.41,-7.3882,-11.96,-40.35,-9.23,-20.8,0.0,12.0,4,31.81,17.7,-35.4,0.0,,8,,20261007
MIDD,The Middleby Corporation,Industrials,Specialty Industrial Machinery,NASDAQ,105.92,597489,4789950976,2.8576,115.73,121.32,-3.434,-24.67,-21.43,-22.68,-22.74,0.0,7.5,4,148.55,89.16,-28.7,0.0,,8,,20261007
FBASF,Fibra UNO,Real Estate,REIT - Diversified,PNK,1.68,3723,6334059008,0.0338,1.72,1.68,-1.1925,-5.89,-16.89,-14.82,-13.31,0.0,39.5,3,2.16,1.39,-22.17,0.0,,8,,20261007
OR,OR Royalties Inc.,Basic Materials,Gold,NYSE,34.47,974220,6462983168,1.1049,34.75,36.82,-0.2518,13.37,-32.53,-29.75,-19.94,0.0,57.75,3,48.06,27.54,-28.28,0.0,,8,,20261007
GIFLF,"Grifols, S.A.",Healthcare,Drug Manufacturers - General,PNK,11.13,264,7574860800,0.0245,11.34,11.28,-8.617,2.76,-12.53,-36.88,-18.45,0.0,49.0,4,13.9,10.13,-19.93,0.0,,8,,20261007
HTCMY,"Hitachi Construction Machinery Co., Ltd.",Industrials,Farm & Heavy Construction Machinery,PNK,72.6,23,7563152384,0.1363,69.72,68.63,21.1313,5.52,-5.75,2.36,0.31,0.0,75.0,2,87.04,55.92,-16.59,0.0,,8,,20261007
PUODY,"Promotora y Operadora de Infraestructura, S. A. B. de C. V.",Industrials,Infrastructure Operations,PNK,302.81,109,5533868032,5.6577,308.97,315.22,-1.0896,-10.45,-23.68,2.25,-10.0,0.0,29.0,4,359.88,246.68,-15.86,0.0,,8,,20261007
SZHFY,Sojitz Corporation,Industrials,Conglomerates,PNK,379.77,0,7901503488,0.9919,348.79,379.77,31.2324,19.86,-22.04,-9.33,-6.48,0.0,75.0,3,418.56,306.9,-9.27,0.0,,8,,20261007
SCRYY,SCOR SE,Financial Services,Insurance - Reinsurance,PNK,3.64,5646,6503347712,0.1083,3.93,3.56,-2.6397,-6.13,-10.08,-10.18,-9.14,0.0,58.75,3,4.17,2.95,-12.71,0.0,,8,,20261007
KCDMY,"Kimberly-Clark de México, S. A. B. de C. V.",Consumer Defensive,Household & Personal Products,OID,10.62,42473,6342622720,0.3256,11.24,11.07,-1.915,-7.51,-25.48,-8.44,-14.17,0.0,25.75,4,12.84,8.25,-17.29,0.0,,8,,20261007
SULZF,Sulzer AG,Industrials,Specialty Industrial Machinery,PNK,188.4,26,6378807808,0.5042,179.36,188.26,17.9262,11.32,-28.63,-15.14,-13.25,0.0,75.0,3,227.14,162.27,-17.06,0.0,,8,,20261007
HRIBF,"HORIBA, Ltd.",Technology,Scientific & Technical Instruments,PNK,137.0,2,5756953088,0.551,152.79,57.04,-28.6584,-19.56,2143.25,-1584.52,111.44,0.0,25.0,3,166.67,74.0,-17.8,0.0,,8,,20261007
MSA,MSA Safety Incorporated,Industrials,Security & Protection Services,NYSE,182.45,260538,7038608384,3.7001,185.52,175.98,-0.8287,4.52,-8.06,-11.56,-6.32,0.0,69.5,3,208.92,151.11,-12.67,0.0,,8,,20261007
MNESP,MSA Safety Incorporated,Industrials,Security & Protection Services,PNK,37.5,0,0,0.0031,37.34,36.65,50.2639,-2.36,-10.75,-28.62,-15.8,0.0,75.0,2,45.0,36.0,-16.67,0.0,,8,,20261007
TEX,Terex Corporation,Industrials,Farm & Heavy Construction Machinery,NYSE,56.77,1218652,6488811008,2.3275,61.99,61.95,-2.2444,-16.22,-23.05,-8.54,-15.54,0.0,20.75,4,74.69,41.7,-23.99,0.0,,8,,20261007
SKHHY,Sonic Healthcare Limited,Healthcare,Diagnostics & Research,PNK,13.05,130653,6556280320,0.4136,14.17,14.18,-2.7061,-15.64,-19.1,-21.86,-19.34,0.0,20.75,4,17.49,12.75,-25.39,0.0,,8,,20261007
TXNM,"TXNM Energy, Inc.",Utilities,Utilities - Regulated Electric,NYSE,58.55,1258895,6447863296,0.3564,57.85,57.87,1.9502,-0.2,-18.31,-11.85,-11.2,0.0,86.25,3,59.53,55.64,-1.65,0.0,,8,,20261007
SNROF,"Sanrio Company, Ltd.",Consumer Cyclical,Specialty Retail,PNK,7.2,574,8729497600,0.0937,7.78,15.42,-6.2168,0.01,2.07,-102.77,-40.38,0.0,25.0,4,53.88,5.04,-86.64,0.0,,8,,20261007
LSTR,"Landstar System, Inc.",Industrials,Integrated Freight & Logistics,NASDAQ,169.05,425661,5737037312,4.4113,176.25,174.67,-1.6312,-21.6,-17.0,23.51,-1.95,0.0,32.75,4,228.46,121.12,-26.0,0.0,,8,,20261007
KGFHY,Kingfisher plc,Consumer Cyclical,Home Improvement Retail,OQX,8.74,167132,7143405568,0.2409,8.54,8.19,0.8244,15.11,-0.22,-7.3,0.78,0.0,86.25,2,10.17,7.18,-14.06,0.0,,8,,20261007
KGFHF,Kingfisher plc,Consumer Cyclical,Home Improvement Retail,OQX,4.32,2651,7061673984,0.0904,4.2,4.13,1.3025,8.31,-2.65,-7.85,-1.99,0.0,76.25,2,5.21,3.55,-17.08,0.0,,8,,20261007
PAYC,"Paycom Software, Inc.",Technology,Software - Application,NYSE,222.44,797844,10025731072,7.3946,216.15,154.95,0.8509,56.09,61.07,-6.44,32.82,0.0,86.25,2,244.98,104.9,-9.2,0.0,,8,,20261007
BZ,Kanzhun Limited,Communication Services,Internet Content & Information,NASDAQ,15.11,6153346,6610711040,0.5124,15.4,15.1,-0.5583,4.92,0.34,-50.41,-18.81,0.0,73.25,3,24.65,12.57,-38.7,0.0,,8,,20261007
VLOWY,Vallourec S.A.,Basic Materials,Steel,PNK,4.16,95600,5544207360,0.1731,4.34,4.46,-1.0115,-12.09,-27.76,-2.57,-13.77,0.0,29.0,4,6.65,3.5,-37.44,0.0,,8,,20261007
SRUUF,Sprott Physical Uranium Trust Fund,Energy,Uranium,OQX,19.78,469050,6807410176,0.5019,19.42,19.83,0.727,1.17,-18.02,-14.92,-11.98,0.0,77.0,3,24.77,16.42,-20.15,0.0,,8,,20261007
TELDF,Telefónica Deutschland Holding AG,Communication Services,Telecom Services,PNK,2.26,0,6878848000,0.0,2.26,2.28,0.0,-4.78,-20.39,-32.92,-21.5,0.0,49.0,3,2.75,1.89,-17.71,0.0,,8,,20261007
VFC,V.F. Corporation,Consumer Cyclical,Apparel Manufacturing,NYSE,14.45,7615090,5680794112,0.5019,14.0,16.95,0.889,-13.95,-32.48,-20.38,-23.01,0.0,38.75,3,22.27,12.46,-35.11,0.0,,8,,20261007
AROC,"Archrock, Inc.",Energy,Oil & Gas Equipment & Services,NYSE,30.83,1744096,5405676544,0.9989,32.27,33.47,-1.4374,-26.33,-29.89,8.54,-13.63,0.0,32.75,4,42.23,22.88,-27.0,0.0,,8,,20261007
YACAF,Yancoal Australia Ltd,Energy,Thermal Coal,PNK,4.36,8369,5851110912,0.1563,4.24,4.45,0.7933,11.18,-44.88,4.11,-11.27,0.0,72.0,3,6.14,3.22,-29.05,0.0,,8,,20261007
OGC,OceanaGold Corporation,Basic Materials,Gold,NYSE,26.71,554250,5941573120,1.0956,28.37,30.39,-1.5114,5.64,-34.79,3.67,-9.3,0.0,33.75,3,43.33,20.18,-38.36,0.0,,8,,20261007
NPO,Enpro Inc.,Industrials,Specialty Industrial Machinery,NYSE,332.06,189580,7028939776,11.0159,311.72,289.75,1.8461,-0.76,11.91,28.52,15.39,0.0,62.5,2,390.42,202.0,-14.95,0.0,,8,,20261007
SWX,"Southwest Gas Holdings, Inc.",Utilities,Utilities - Regulated Gas,NYSE,83.32,564939,6036188672,1.472,87.74,86.67,-3.0023,-12.67,-23.8,-8.26,-14.8,0.0,20.75,4,94.47,76.74,-11.8,0.0,,8,,20261007
HXL,Hexcel Corporation,Industrials,Aerospace & Defense,NYSE,86.01,927501,6504373760,2.3849,94.2,89.77,-3.4348,-17.33,-10.79,16.37,-1.56,0.0,18.25,4,111.74,60.82,-23.03,0.0,,8,,20261007
BCUCY,Brunello Cucinelli S.p.A.,Consumer Cyclical,Luxury Goods,PNK,8.93,29517,6072400384,0.2921,9.68,9.64,-2.5576,-4.67,-14.75,-31.36,-18.87,0.0,23.25,4,12.47,7.87,-28.39,0.0,,8,,20261007
GECFF,Gecina,Real Estate,REIT - Office,PNK,72.83,157,5388596736,0.2524,80.3,84.51,-29.6086,-14.65,-26.57,-44.41,-30.73,0.0,0.0,4,99.4,72.83,-26.73,0.0,,8,,20261007
RGEN,Repligen Corporation,Healthcare,Medical Instruments & Supplies,NASDAQ,174.86,1138896,9868333056,8.8337,171.69,143.75,0.3586,22.47,32.89,-0.11,17.09,0.0,87.5,2,198.87,100.99,-12.07,0.0,,8,,20261007
KYMR,"Kymera Therapeutics, Inc.",Healthcare,Biotechnology,NASDAQ,105.98,688234,8717659136,5.5277,114.38,93.28,-1.5194,-11.94,5.75,65.36,25.17,0.0,47.0,3,130.05,55.26,-18.51,0.0,,8,,20261007
CAG,"Conagra Brands, Inc.",Consumer Defensive,Packaged Foods,NYSE,13.45,13073764,6421185024,0.4464,15.09,15.19,-3.6791,-5.99,-28.75,-41.73,-28.25,0.0,32.5,4,20.32,12.53,-33.81,0.0,,8,,20261007
BRBOF,Brembo N.V.,Consumer Cyclical,Auto Parts,PNK,11.52,9,3499241984,0.05,11.66,11.57,-2.7259,-15.48,-5.95,-12.57,-10.98,0.0,24.0,4,13.84,9.33,-16.76,0.0,,8,,20261007
TRSBF,3SBio Inc.,Healthcare,Biotechnology,PNK,2.15,0,5337746944,0.0005,2.15,2.37,0.0,9.27,-37.09,-47.52,-29.67,0.0,62.0,3,3.9,2.0,-44.87,0.0,,8,,20261007
SBFFF,SBM Offshore N.V.,Energy,Oil & Gas Equipment & Services,PNK,41.45,6,6846760448,0.0543,39.62,36.78,33.8066,4.3,-1.48,36.89,15.31,0.0,75.0,2,44.1,26.0,-6.01,0.0,,8,,20261007
CORT,Corcept Therapeutics Incorporated,Healthcare,Biotechnology,NCM,119.57,1305789,12925325312,5.4168,114.1,70.31,1.0096,23.87,168.03,17.97,71.96,0.0,87.5,2,126.38,28.66,-5.39,0.0,,8,,20261007
INGR,Ingredion Incorporated,Consumer Defensive,Packaged Foods,NYSE,96.75,644831,6101440000,1.8022,100.44,105.21,-2.0464,-5.15,-31.91,-35.01,-26.46,0.0,34.0,4,123.49,93.97,-21.65,0.0,,8,,20261007
AACAY,AAC Technologies Holdings Inc.,Technology,Communication Equipment,PNK,4.96,17306,5603379200,0.1339,5.18,4.96,-1.6749,-3.55,-3.32,-33.51,-15.45,0.0,57.75,3,6.35,3.82,-21.89,0.0,,8,,20261007
LNWO,"Light & Wonder, Inc.",Consumer Cyclical,Gambling,PNK,76.44,21092,5715814400,2.1958,85.83,89.45,-4.2761,-2.24,-28.59,-27.42,-21.53,0.0,35.0,4,122.65,70.0,-37.68,0.0,,8,,20261007
CCOHF,China State Construction International Holdings Limited,Industrials,Engineering & Construction,PNK,0.95,207,5018105344,0.0022,0.97,1.08,-8.6877,-19.19,-36.89,-9.72,-21.6,0.0,12.0,4,1.22,0.88,-22.13,0.0,,8,,20261007
CENX,Century Aluminum Company,Basic Materials,Aluminum,NASDAQ,37.18,1878579,3680570880,1.7268,43.48,50.55,-3.6509,-21.66,-62.47,6.8,-24.56,0.0,5.0,4,70.43,25.4,-47.21,0.0,,8,,20261007
VSH,"Vishay Intertechnology, Inc.",Technology,Semiconductors,NYSE,37.84,4456983,5803867648,1.8047,32.73,30.69,2.831,-14.81,81.55,120.81,73.16,0.0,65.0,2,69.47,11.77,-45.53,0.0,,8,,20261007
SYRE,"Spyre Therapeutics, Inc.",Healthcare,Biotechnology,NASDAQ,80.11,1132170,7063600128,5.522,95.39,68.16,-2.7671,-20.81,37.68,386.48,162.58,0.0,37.5,3,110.17,16.0,-27.29,0.0,,8,,20261007
GPTGF,The GPT Group,Real Estate,REIT - Diversified,PNK,2.93,60,5612642304,0.0298,3.38,3.43,-14.9494,-23.84,-15.61,-33.96,-25.01,0.0,0.0,4,3.83,2.84,-23.5,0.0,,8,,20261007
STWD,"Starwood Property Trust, Inc.",Real Estate,REIT - Mortgage,NYSE,12.93,4547323,4910412800,0.3141,15.05,16.02,-6.7339,-23.46,-39.02,-42.88,-36.67,0.0,2.5,4,19.06,12.77,-32.16,0.0,,8,,20261007
CLF,Cleveland-Cliffs Inc.,Basic Materials,Steel,NYSE,12.25,18619918,6989115392,0.6582,11.91,11.37,0.5135,24.03,21.86,-21.6,5.02,0.0,86.25,2,16.7,7.73,-26.65,0.0,,8,,20261007
S,"SentinelOne, Inc.",Technology,Software - Infrastructure,NYSE,25.8,7981868,8979666944,1.0799,21.81,16.79,3.6957,40.08,74.04,26.06,46.36,0.0,93.75,2,26.34,11.81,-2.03,0.0,,8,,20261007
MTLPF,Metlen Energy & Metals PLC,Utilities,Utilities - Diversified,PNK,57.3,5,8150395904,1.146,57.3,57.3,0.0,-0.73,-0.73,-0.73,-0.73,0.0,62.0,3,57.5,57.3,-0.35,0.0,,8,,20261007
STEP,StepStone Group Inc.,Financial Services,Asset Management,NASDAQ,45.16,1189747,5829430784,2.0037,47.67,50.68,-1.2549,2.16,-20.6,-47.77,-25.78,0.0,31.25,4,77.8,38.85,-41.95,0.0,,8,,20261007
UEC,Uranium Energy Corp.,Energy,Uranium,NYSE,10.11,8720312,5010360832,0.6046,10.79,13.01,-1.1231,-2.97,-41.67,-41.14,-31.78,0.0,3.75,4,20.34,8.91,-50.29,0.0,,8,,20261007
ROAD,"Construction Partners, Inc.",Industrials,Engineering & Construction,NASDAQ,93.89,872404,5328779264,4.0754,103.68,113.48,-2.4031,-12.64,-30.8,-42.95,-31.12,0.0,7.5,4,151.0,87.65,-37.82,0.0,,8,,20261007
PTGX,"Protagonist Therapeutics, Inc.",Healthcare,Biotechnology,NASDAQ,138.69,632660,8974392320,4.9894,145.13,111.72,-1.2915,-5.76,14.89,96.25,42.27,0.0,70.75,3,160.81,64.5,-13.76,0.0,,8,,20261007
PRIM,Primoris Services Corporation,Industrials,Engineering & Construction,NYSE,84.97,1287045,4610041856,3.8253,77.79,118.29,1.8763,-9.74,-61.63,-55.39,-46.16,0.0,37.5,3,205.5,65.0,-58.65,0.0,,8,,20261007
TMNSF,Temenos AG,Technology,Software - Application,PNK,83.15,6,5764847104,0.1558,80.45,85.84,17.3578,0.62,-28.65,-13.25,-15.17,0.0,63.25,3,97.58,75.31,-14.79,0.0,,8,,20261007
COMP,"Compass, Inc.",Real Estate,Real Estate Services,NYSE,9.29,13002515,7131418624,0.4798,10.99,10.08,-3.5393,-22.71,20.29,0.97,1.81,0.0,18.25,4,13.96,6.37,-33.43,0.0,,8,,20261007
AN,"AutoNation, Inc.",Consumer Cyclical,Auto & Truck Dealerships,NYSE,158.14,496348,5228235776,7.2524,194.82,198.15,-5.0576,-20.51,-37.06,-47.2,-36.98,0.0,7.5,4,235.81,152.86,-32.94,0.0,,8,,20261007
TFPM,Triple Flag Precious Metals Corp.,Basic Materials,Other Precious Metals & Mining,NYSE,30.68,516273,6320173056,0.9958,32.2,33.08,-1.5217,6.17,-31.7,-14.1,-15.19,0.0,60.25,4,41.7,26.61,-26.43,0.0,,8,,20261007
KUMBF,Kumba Iron Ore Limited,Basic Materials,Steel,PNK,19.77,0,6329818112,0.0528,17.08,10.7,50.8992,62.67,67.22,453.06,220.42,0.0,75.0,2,21.74,15.68,-9.06,0.0,,8,,20261007
EFGIF,EFG International AG,Financial Services,Banks - Diversified,PNK,19.5,1,5867272704,0.0196,20.28,22.18,-39.7306,-11.03,-27.36,-16.94,-19.11,0.0,12.0,4,25.12,19.5,-22.39,0.0,,8,,20261007
RADLY,Raia Drogasil S.A.,Healthcare,Pharmaceutical Retailers,PNK,4.27,149519,7466249728,0.1782,3.69,4.12,3.2451,19.86,-24.8,1.17,-3.25,0.0,82.5,3,5.34,3.1,-20.07,0.0,,8,,20261007
LAD,"Lithia Motors, Inc.",Consumer Cyclical,Auto & Truck Dealerships,NYSE,292.51,298573,6430281728,13.9144,353.94,310.67,-4.4152,-8.03,-6.51,-25.83,-14.62,0.0,18.25,4,439.49,239.78,-33.44,0.0,,8,,20261007
RSI,"Rush Street Interactive, Inc.",Consumer Cyclical,Gambling,NYSE,20.56,2943712,5021718528,1.1445,24.77,24.01,-3.6819,-41.98,-25.58,-10.93,-23.82,0.0,6.25,4,34.53,15.51,-40.46,0.0,,8,,20261007
DFILF,DFI Retail Group Holdings Limited,Consumer Defensive,Grocery Stores,PNK,3.65,0,4940825088,0.0008,3.63,3.95,27.4983,-3.05,-36.27,32.65,-0.4,0.0,62.0,3,5.2,2.47,-29.81,0.0,,8,,20261007
ZLNDY,Zalando SE,Consumer Cyclical,Internet Retail,PNK,12.54,37125,6125103616,0.2741,13.56,13.47,-3.7381,-21.07,-14.37,-38.16,-25.56,0.0,22.0,4,17.37,10.84,-27.81,0.0,,8,,20261007
LDSCY,Land Securities Group Plc,Real Estate,REIT - Diversified,PNK,8.12,94525,6727426560,0.1787,9.03,8.43,-5.1176,-11.66,-5.95,-13.69,-10.47,0.0,19.5,4,9.98,6.88,-18.64,0.0,,8,,20261007
CEVMY,CTS Eventim AG & Co. KGaA,Communication Services,Entertainment,PNK,15.51,605,5955299840,0.3644,16.17,17.34,-1.8002,-3.42,-10.96,-52.03,-25.5,0.0,39.5,4,24.43,12.87,-36.51,0.0,,8,,20261007
FLR,Fluor Corporation,Industrials,Engineering & Construction,NYSE,52.0,2407450,6954535424,1.9668,52.54,48.9,-0.2765,0.25,-9.81,2.89,-2.22,0.0,70.75,3,58.35,39.33,-10.88,0.0,,8,,20261007
SMBMF,Seatrium Limited,Energy,Oil & Gas Equipment & Services,PNK,1.64,598,5574476800,0.0413,1.63,1.72,0.4288,-4.19,-24.2,-25.11,-19.56,0.0,42.0,3,2.14,1.12,-23.13,0.0,,8,,20261007
GMKKY,"Gruma, S.A.B. de C.V.",Consumer Defensive,Packaged Foods,PNK,15.31,663,5136947712,0.8231,14.99,17.19,0.3886,-14.07,-40.56,-34.52,-31.52,0.0,27.5,3,19.75,12.85,-22.48,0.0,,8,,20261007
KLAR,Klarna Group plc,Financial Services,Credit Services,NYSE,13.25,5823307,5023870976,0.5186,15.53,17.87,-4.3954,-35.15,-16.86,-85.11,-48.73,0.0,6.25,4,44.75,12.06,-70.39,0.0,,8,,20261007
IMCDY,IMCD N.V.,Basic Materials,Specialty Chemicals,PNK,54.93,28847,6353237504,1.0576,55.59,50.66,-0.6287,10.62,-11.5,-15.34,-7.51,0.0,70.75,3,61.56,39.76,-10.77,0.0,,8,,20261007
AXTA,Axalta Coating Systems Ltd.,Basic Materials,Specialty Chemicals,NYSE,33.4,1776506,7148268544,0.8556,35.02,32.18,-1.8887,-2.2,9.04,0.64,2.87,0.0,45.75,3,38.61,24.94,-13.49,0.0,,8,,20261007
URBN,"Urban Outfitters, Inc.",Consumer Cyclical,Apparel Retail,NASDAQ,80.25,1133951,6874229760,2.4924,77.25,72.26,1.2036,13.2,5.18,-7.52,2.1,0.0,86.25,2,85.43,59.54,-6.06,0.0,,8,,20261007
MHK,"Mohawk Industries, Inc.",Consumer Cyclical,"Furnishings, Fixtures & Appliances",NYSE,126.05,976656,8538393088,4.0187,128.89,115.36,-0.707,12.45,10.38,-20.09,-1.29,0.0,73.25,3,140.3,92.99,-10.16,0.0,,8,,20261007
FNB,F.N.B. Corporation,Financial Services,Banks - Regional,NYSE,17.28,4776241,6099856896,0.3265,18.3,17.67,-3.139,-10.24,-15.94,-8.21,-11.43,0.0,19.5,4,19.59,14.46,-11.79,0.0,,8,,20261007
GTX,Garrett Motion Inc.,Consumer Cyclical,Auto Parts,NASDAQ,26.09,2475246,4865612800,0.8279,27.55,24.77,-1.7589,-22.7,26.14,78.79,34.99,0.0,36.25,3,36.25,12.26,-28.03,0.0,,8,,20261007
MGHTF,Mercury NZ Limited,Utilities,Utilities - Renewable,PNK,4.37,0,6279395840,0.0024,4.28,4.03,38.3855,0.16,-5.36,3.14,-0.58,0.0,75.0,2,4.37,2.02,-0.0,0.0,,8,,20261007
UGP,Ultrapar Participações S.A.,Energy,Oil & Gas Refining & Marketing,NYSE,7.74,4017449,8247898624,0.2661,6.82,5.48,3.4599,35.78,20.55,85.11,50.18,0.0,87.5,2,8.28,3.6,-6.52,0.0,,8,,20261007
DLKGF,Delek Group Ltd.,Energy,Oil & Gas E&P,PNK,29.78,39,5407113728,1.1292,28.15,227.85,1.4478,-94.43,-109.46,-105.54,-104.13,0.0,25.0,3,381.31,26.31,-92.19,0.0,,8,,20261007
GTES,Gates Industrial Corporation Ltd.,Industrials,Specialty Industrial Machinery,NYSE,28.25,1829922,7151520256,0.8573,26.67,25.42,1.8459,5.06,6.66,-7.92,0.43,0.0,63.75,2,30.34,20.88,-6.89,0.0,,8,,20261007
GGPSF,Greatland Resources Limited,Basic Materials,Gold,PNK,6.85,2490,4621471744,0.3857,8.13,4.93,-3.3221,-17.45,3347.45,7079.26,3998.95,0.0,53.75,3,10.99,0.23,-37.67,0.0,,8,,20261007
WWNTY,Want Want China Holdings Limited,Consumer Defensive,Packaged Foods,PNK,19.68,32,4590806016,0.298,20.22,25.27,-1.8097,-8.61,-44.91,-61.74,-42.57,0.0,12.0,4,33.0,16.6,-40.36,0.0,,8,,20261007
GBCI,"Glacier Bancorp, Inc.",Financial Services,Banks - Regional,NYSE,43.58,1062331,5674637312,0.8989,46.37,47.06,-3.0987,-17.37,-22.97,-23.92,-21.95,0.0,22.0,4,54.58,39.9,-20.15,0.0,,8,,20261007
SQNNY,"Square Enix Holdings Co., Ltd.",Communication Services,Electronic Gaming & Multimedia,PNK,9.11,510,6571507712,0.2814,9.31,8.55,-0.7122,18.83,-6.31,-38.82,-13.03,0.0,64.5,3,11.66,6.75,-21.87,0.0,,8,,20261007
OMF,"OneMain Holdings, Inc.",Financial Services,Credit Services,NYSE,56.18,982326,6463029760,1.376,61.63,57.96,-3.9627,-5.04,-10.68,-10.29,-9.11,0.0,17.0,4,71.93,45.78,-21.9,0.0,,8,,20261007
DBX,"Dropbox, Inc.",Technology,Software - Infrastructure,NASDAQ,33.73,4205820,7334339584,1.2542,34.49,28.25,-0.6026,12.22,24.14,-2.99,10.31,0.0,75.75,3,38.17,21.7,-11.63,0.0,,8,,20261007
EXP,Eagle Materials Inc.,Basic Materials,Building Materials,NYSE,171.54,444642,5262044672,4.7854,193.98,206.27,-4.6894,-20.42,-25.89,-44.19,-31.85,0.0,8.75,4,245.53,167.32,-30.13,0.0,,8,,20261007
PNDRY,Pandora A/S,Consumer Cyclical,Luxury Goods,PNK,14.68,25250,8784586752,0.349,15.69,12.16,-2.8806,-6.65,42.18,-21.75,4.4,0.0,65.0,3,17.46,8.25,-15.92,0.0,,8,,20261007
INGM,Ingram Micro Holding Corporation,Technology,Information Technology Services,NYSE,28.17,1506360,6480139264,1.0057,27.85,25.73,0.3231,-2.17,-9.42,12.12,1.01,0.0,63.75,2,31.69,19.03,-11.11,0.0,,8,,20261007
BSDGY,Bosideng International Holdings Limited,Consumer Cyclical,Apparel Manufacturing,PNK,25.27,37,5877855232,0.1477,27.76,26.75,-16.8321,1.83,-16.12,-28.47,-16.57,0.0,12.0,4,33.25,22.98,-24.0,0.0,,8,,20261007
SSRM,SSR Mining Inc.,Basic Materials,Gold,NASDAQ,34.28,2724562,6990010880,1.4616,34.05,29.55,0.1544,16.9,-13.5,29.27,11.21,0.0,85.0,2,39.44,18.19,-13.08,0.0,,8,,20261007
TKCOF,"Toho Co., Ltd.",Communication Services,Entertainment,PNK,10.25,21,8526475264,0.1556,4.08,0.06,39.6349,-620.7,-560.95,1001.4,49.05,0.0,62.0,3,12.93,7.34,-20.7,0.0,,8,,20261007
RYN,Rayonier Inc.,Real Estate,REIT - Specialty,NYSE,18.09,3194224,5413424128,0.4517,20.32,20.76,-4.9328,-17.44,-30.12,-42.68,-31.98,0.0,7.5,4,26.75,17.71,-32.37,0.0,,8,,20261007
BTG,B2Gold Corp.,Basic Materials,Gold,NYSE,5.21,24254370,6882778624,0.2048,5.11,4.75,0.4836,33.55,-7.92,-13.83,0.08,0.0,87.5,2,6.29,3.57,-17.17,0.0,,8,,20261007
KTWIY,Kurita Water Industries Ltd.,Industrials,Pollution & Treatment Controls,PNK,97.0,338,5223291904,1.0913,102.16,97.0,-4.7325,-15.89,2590.71,2590.1,1938.82,0.0,27.5,3,122.41,3.58,-20.76,0.0,,8,,20261007
CPB,The Campbell's Company,Consumer Defensive,Packaged Foods,NASDAQ,19.0,6990606,5666459136,0.6543,21.66,22.4,-4.0624,-17.27,-25.07,-54.4,-34.85,0.0,10.0,4,32.04,18.9,-40.7,0.0,,8,,20261007
VSNT,"Versant Media Group, Inc.",Communication Services,Entertainment,NASDAQ,31.47,1718373,4379682304,1.1089,36.42,36.47,-4.4618,-16.32,-34.16,-44.47,-33.82,0.0,10.0,4,59.0,27.17,-46.66,0.0,,8,,20261007
ALKS,Alkermes plc,Healthcare,Drug Manufacturers - Specialty & Generic,NASDAQ,41.65,1828987,6987340288,1.4779,46.53,39.23,-3.2994,-28.06,7.35,16.42,2.13,0.0,33.75,3,55.67,27.0,-25.18,0.0,,8,,20261007
DSGX,The Descartes Systems Group Inc.,Technology,Software - Application,NASDAQ,78.62,585175,6725827584,2.8195,78.21,74.64,0.144,5.33,-5.58,-33.95,-14.2,0.0,90.0,2,98.35,62.56,-20.06,0.0,,8,,20261007
KTWIF,Kurita Water Industries Ltd.,Industrials,Pollution & Treatment Controls,PNK,48.1,37,5180213248,0.1508,49.69,49.25,-10.5156,-24.39,-18.62,25.97,-2.23,0.0,24.0,4,60.37,34.5,-20.32,0.0,,8,,20261007
MONOY,"MonotaRO Co., Ltd.",Consumer Cyclical,Internet Retail,PNK,13.36,67160,6568859648,0.4054,12.17,12.41,2.9237,5.63,1.69,-23.72,-7.49,0.0,87.5,3,16.76,10.26,-20.29,0.0,,8,,20261007
NNCHY,Nissan Chemical Corporation,Basic Materials,Chemicals,PNK,52.44,50,6995136512,0.8375,49.43,43.33,3.5922,2.57,8.42,23.27,12.9,0.0,75.0,2,57.3,31.68,-8.49,0.0,,8,,20261007
SATLF,"ZOZO, Inc.",Consumer Cyclical,Internet Retail,PNK,6.9,13,6006938624,1.0922,-11.72,0.85,17.045,-151.09,-164.17,-95.69,-133.51,0.0,62.0,3,9.37,6.52,-26.36,0.0,,8,,20261007
EDNMY,Edenred SE,Financial Services,Credit Services,PNK,15.4,13895,4925489152,0.3946,16.49,12.51,-2.7513,8.46,42.69,10.5,21.26,0.0,57.5,3,17.8,8.6,-13.48,0.0,,8,,20261007
BSDGF,Bosideng International Holdings Limited,Consumer Cyclical,Apparel Manufacturing,PNK,0.49,3790,5698751488,0.0358,0.56,0.54,-1.7681,-17.77,-27.65,-34.96,-28.11,0.0,20.75,4,0.69,0.42,-28.49,0.0,,8,,20261007
AUGO,Aura Minerals Inc.,Basic Materials,Gold,NASDAQ,86.67,954312,7266138624,4.3216,79.37,72.08,1.6901,41.45,-19.24,128.86,55.17,0.0,85.0,2,110.32,29.11,-21.44,0.0,,8,,20261007
DELKY,Delek Group Ltd.,Energy,Oil & Gas E&P,PNK,27.97,633,5078474240,0.5284,27.95,28.65,0.0333,9.14,-22.26,15.31,0.62,0.0,64.5,3,54.0,23.78,-48.2,0.0,,8,,20261007
PCCWY,PCCW Limited,Communication Services,Telecom Services,PNK,6.56,387,5082532352,0.0953,6.79,6.91,-2.364,-5.08,-24.66,-14.27,-15.61,0.0,25.25,4,8.31,6.26,-21.06,0.0,,8,,20261007
SCOTF,Scout24 SE,Communication Services,Internet Content & Information,PNK,76.49,1,5409027072,0.3909,83.81,96.91,-18.7241,-13.9,-50.69,-55.36,-43.36,0.0,0.0,4,126.25,76.49,-39.41,0.0,,8,,20261007
SFGYY,Sony Financial Group Inc.,Financial Services,Insurance - Life,PNK,4.67,86604,6265688576,0.1805,4.96,4.76,-1.6032,-1.92,-13.36,-30.13,-17.21,0.0,54.5,3,5.69,4.05,-17.93,0.0,,8,,20261007
PHJMF,PT Hanjaya Mandala Sampoerna Tbk,Consumer Defensive,Tobacco,PNK,0.06,40741,6979084288,0.0012,0.04,0.05,12.6712,15.22,-18.78,32.32,10.16,0.0,75.0,3,0.08,0.03,-25.0,0.0,,8,,20261007
LB,LandBridge Company LLC,Energy,Oil & Gas E&P,NYSE,85.65,274828,6709427712,3.086,82.79,70.46,0.9263,5.23,1.6,34.4,15.63,0.0,86.25,2,91.69,43.75,-6.59,0.0,,8,,20261007
FSV,FirstService Corporation,Real Estate,Real Estate Services,NASDAQ,128.81,206673,5625102848,3.1813,137.6,143.17,-2.7632,-13.65,-28.22,-48.84,-32.82,0.0,10.0,4,189.05,119.41,-31.86,0.0,,8,,20261007
MTHRY,"M3, Inc.",Healthcare,Health Information Services,PNK,5.72,119354,7622658048,0.3225,5.47,5.4,0.7845,-6.67,-7.71,-43.87,-21.91,0.0,60.0,3,8.85,3.97,-35.37,0.0,,8,,20261007
PCTY,Paylocity Holding Corporation,Technology,Software - Application,NASDAQ,146.16,696138,8092294656,4.4165,147.24,125.04,-0.2436,22.08,18.73,-23.77,2.57,0.0,72.0,3,161.93,92.99,-9.74,0.0,,8,,20261007
LW,"Lamb Weston Holdings, Inc.",Consumer Defensive,Packaged Foods,NYSE,47.91,1731579,6586817536,1.9252,50.02,45.24,-1.0962,-0.13,1.21,-39.15,-15.27,0.0,47.0,3,67.07,37.62,-28.57,0.0,,8,,20261007
CTXAY,Ampol Limited,Energy,Oil & Gas Refining & Marketing,PNK,59.54,4584,7094253568,1.3392,57.71,47.09,1.3638,30.79,15.32,35.5,27.26,0.0,86.25,2,66.1,37.3,-9.92,0.0,,8,,20261007
SOMMY,"Sumitomo Chemical Company, Limited",Basic Materials,Chemicals,PNK,19.05,623,6105320448,0.3341,17.46,16.73,4.75,8.95,-3.88,-1.73,0.19,0.0,80.0,2,20.6,13.83,-7.52,0.0,,8,,20261007
LNNGY,Li Ning Company Limited,Consumer Cyclical,Leisure,PNK,39.53,22771,4087107328,2.2356,42.54,54.8,-1.3471,-18.34,-59.07,-43.03,-42.47,0.0,22.5,4,74.18,37.49,-46.71,0.0,,8,,20261007
TTAN,"ServiceTitan, Inc.",Technology,Software - Application,NASDAQ,68.67,2294077,6624450560,4.2379,78.21,74.77,-2.2513,-16.75,-9.61,-50.13,-27.6,0.0,25.75,4,111.36,53.0,-38.34,0.0,,8,,20261007
GLAPF,Glanbia plc,Consumer Defensive,Packaged Foods,PNK,22.33,587,5396965888,0.5211,25.65,22.65,-6.3808,-26.62,-4.27,17.16,-1.28,0.0,15.75,4,28.81,15.99,-22.49,0.0,,8,,20261007
GATX,GATX Corporation,Industrials,Rental & Leasing Services,NYSE,170.88,224275,6032928256,4.4826,177.66,178.46,-1.5122,-5.96,-21.24,-19.06,-16.55,0.0,48.5,1,205.56,150.42,-16.87,0.0,,8,,20261007
OSCR,"Oscar Health, Inc.",Healthcare,Healthcare Plans,NYSE,32.34,5166946,9981579264,1.6021,30.93,22.1,0.8817,0.19,130.56,31.63,58.4,0.0,87.5,2,34.48,10.69,-6.21,0.0,,8,,20261007
RYTM,"Rhythm Pharmaceuticals, Inc.",Healthcare,Biotechnology,NASDAQ,90.77,646395,6249702912,3.8727,104.91,98.68,-3.6516,-25.46,-14.04,-26.01,-21.68,0.0,22.0,4,122.2,74.5,-25.72,0.0,,8,,20261007
VNO,Vornado Realty Trust,Real Estate,REIT - Office,NYSE,33.52,1455751,6638597120,0.956,36.96,33.35,-3.5952,-16.71,9.99,-34.15,-14.34,0.0,35.0,3,41.6,24.57,-19.42,0.0,,8,,20261007
MIRM,"Mirum Pharmaceuticals, Inc.",Healthcare,Biotechnology,NASDAQ,79.25,689471,5145876992,3.7314,96.87,98.38,-4.7212,-43.14,-35.93,-9.04,-26.98,0.0,5.0,4,130.0,63.23,-39.04,0.0,,8,,20261007
GIGNF,Genting Singapore Limited,Consumer Cyclical,Resorts & Casinos,PNK,0.52,0,6273094144,0.0002,0.51,0.5,37.4408,-1.6,-6.24,-22.6,-11.62,0.0,75.0,2,0.61,0.44,-14.75,0.0,,8,,20261007
DFYFF,Definity Financial Corporation,Financial Services,Insurance - Property & Casualty,PNK,49.33,1385,5924819968,0.1771,53.38,51.25,-22.8866,-8.63,-19.0,-21.55,-17.43,0.0,12.0,4,57.26,45.54,-13.85,0.0,,8,,20261007
SCCTY,Scout24 SE,Communication Services,Internet Content & Information,PNK,38.58,27688,5393950720,1.7409,43.24,44.14,-2.6747,-12.61,-25.96,-56.35,-34.78,0.0,12.5,4,64.15,35.68,-39.86,0.0,,8,,20261007
MDA,MDA Space Ltd.,Industrials,Aerospace & Defense,NYSE,30.25,1494996,4904456704,1.3155,30.96,30.25,-0.5428,-26.55,-12.98,-19.67,-19.05,0.0,50.75,3,49.37,23.23,-38.73,0.0,,8,,20261007
PACS,"PACS Group, Inc.",Healthcare,Medical Care Facilities,NYSE,42.81,804609,6778348032,1.5746,43.86,39.05,-0.6638,-7.53,13.14,195.03,80.73,0.0,44.5,3,49.49,10.31,-13.5,0.0,,8,,20261007
ACT,"Enact Holdings, Inc.",Financial Services,Insurance - Specialty,NASDAQ,46.32,395761,6368243200,1.1345,48.25,43.39,-1.7049,-0.93,-6.75,10.93,1.78,0.0,72.0,3,50.56,34.64,-8.39,0.0,,8,,20261007
UBSI,"United Bankshares, Inc.",Financial Services,Banks - Regional,NASDAQ,46.06,985731,6272144384,0.7938,47.38,43.48,-1.6574,-2.28,-8.36,10.71,0.79,0.0,72.0,3,49.62,34.1,-7.17,0.0,,8,,20261007
EDNMF,Edenred SE,Financial Services,Credit Services,PNK,25.2,0,4778869760,0.0002,25.2,23.3,0.0,-4.78,-3.92,-10.9,-6.93,0.0,62.0,3,48.6,20.6,-48.15,0.0,,8,,20261007
SKSUF,"Sekisui Chemical Co., Ltd.",Industrials,Conglomerates,PNK,15.7,34,6339674624,2.3452,-20.37,-0.96,15.381,-172.94,-178.42,-76.7,-136.36,0.0,63.25,3,19.69,14.69,-20.26,0.0,,8,,20261007
TGTX,"TG Therapeutics, Inc.",Healthcare,Biotechnology,NCM,52.19,2016839,7989431808,2.2502,53.59,41.54,-0.6239,-13.59,37.52,24.51,19.54,0.0,57.75,3,59.3,26.76,-11.99,0.0,,8,,20261007
MSM,"MSC Industrial Direct Co., Inc.",Industrials,Industrial Distribution,NYSE,130.32,680801,0,3.0592,122.06,104.9,2.6995,4.74,27.33,29.35,22.49,0.0,74.5,2,132.33,78.8,-1.52,0.0,,8,,20261007
AZIHF,Azimut Holding S.p.A.,Financial Services,Asset Management,PNK,42.49,595,6185397760,1.2628,45.16,42.01,-2.1084,-7.51,3.06,-1.68,-1.48,0.0,52.5,3,48.3,35.82,-12.02,0.0,,8,,20261007
CHDN,Churchill Downs Incorporated,Consumer Cyclical,Gambling,NASDAQ,78.21,1033352,5451255808,2.7812,84.84,90.84,-2.3825,-13.09,-30.42,-35.87,-28.27,0.0,10.0,4,118.35,73.98,-33.92,0.0,,8,,20261007
SGHDY,"SG Holdings Co.,Ltd.",Industrials,Integrated Freight & Logistics,PNK,9.65,0,5758517248,0.0002,9.65,9.46,0.0,-3.88,-10.12,-17.37,-11.46,0.0,62.0,3,11.22,8.93,-14.01,0.0,,8,,20261007
SKHCF,Sonic Healthcare Limited,Healthcare,Diagnostics & Research,PNK,13.86,84,6884726784,0.2595,13.68,13.49,0.7093,8.55,-10.06,-13.83,-6.91,0.0,75.0,2,16.1,11.67,-13.91,0.0,,8,,20261007
ACA,"Arcosa, Inc.",Industrials,Engineering & Construction,NYSE,146.5,677958,7194147328,0.4592,145.52,127.51,2.1231,-3.97,19.26,41.26,22.25,0.0,83.75,2,147.04,89.03,-0.37,0.0,,8,,20261007
NBCLF,"Nitto Boseki Co., Ltd.",Consumer Cyclical,Textile Manufacturing,PNK,24.81,3903,4516055040,1.6794,9.83,24.81,8.9169,161.86,98.48,1737.91,770.1,0.0,88.75,3,40.4,13.2,-38.59,0.0,,8,,20261007
GRGDF,Groupe Dynamite Inc.,Consumer Cyclical,Apparel Retail,PNK,36.62,6330,3983721472,0.4457,41.27,51.45,-10.4469,-2.7,-54.49,-32.04,-32.56,0.0,26.25,4,70.53,32.22,-48.08,0.0,,8,,20261007
WH,"Wyndham Hotels & Resorts, Inc.",Consumer Cyclical,Lodging,NYSE,72.65,1265928,5391437824,2.0818,72.1,77.36,0.2639,-10.04,-28.27,-26.52,-23.01,0.0,45.75,3,90.35,66.87,-19.59,0.0,,8,,20261007
ETSY,"Etsy, Inc.",Consumer Cyclical,Internet Retail,NYSE,71.39,3019096,6552298496,2.9522,77.94,65.86,-2.2181,-12.31,13.57,-19.04,-5.94,0.0,35.0,3,87.97,44.0,-18.85,0.0,,8,,20261007
MRCY,"Mercury Systems, Inc.",Industrials,Aerospace & Defense,NASDAQ,82.8,696612,5039504896,3.505,91.95,91.98,-2.6114,-31.12,-11.98,-18.51,-19.38,0.0,19.5,4,128.45,65.04,-35.54,0.0,,8,,20261007
TAL,TAL Education Group,Consumer Defensive,Education & Training Services,NYSE,12.6,4558326,6989235712,0.3611,11.89,11.08,1.9601,19.36,-6.08,-4.87,0.76,0.0,90.0,2,13.37,8.88,-5.76,0.0,,8,,20261007
OUT,OUTFRONT Media Inc.,Real Estate,REIT - Specialty,NYSE,29.07,1666254,5120251392,0.6546,29.39,28.49,-0.4919,-16.17,-10.8,49.73,12.07,0.0,48.25,3,34.96,16.97,-16.85,0.0,,8,,20261007
VOPKY,Koninklijke Vopak N.V.,Energy,Oil & Gas Midstream,PNK,55.58,47,6333964288,0.1361,54.25,50.34,9.7782,1.18,-9.29,13.33,2.38,0.0,75.0,2,57.92,42.45,-4.04,0.0,,8,,20261007
SLFPY,Aberdeen Group Plc,Financial Services,Asset Management,PNK,13.13,42,5878772224,0.0337,13.27,11.87,-4.1129,-0.04,6.42,8.65,5.69,0.0,62.0,3,13.6,10.03,-3.46,0.0,,8,,20261007
RKWBF,Rockwool A/S,Industrials,Building Products & Equipment,PNK,28.03,36,5810512384,0.6679,31.39,29.17,-5.0277,-17.17,0.74,-25.08,-14.07,0.0,37.0,3,38.05,26.02,-26.32,0.0,,8,,20261007
SMBMY,Seatrium Limited,Energy,Oil & Gas Equipment & Services,PNK,15.41,21,5221505024,0.0132,15.57,16.0,-12.6135,-1.16,-15.11,-29.81,-17.5,0.0,49.0,1,20.68,15.0,-25.51,0.0,,8,,20261007
ZLDSF,Zalando SE,Consumer Cyclical,Internet Retail,PNK,26.4,7,6447477760,0.0035,26.26,27.72,41.4729,-2.35,-31.63,-26.34,-22.19,0.0,62.0,3,31.01,22.73,-14.87,0.0,,8,,20261007
CAR,"Avis Budget Group, Inc.",Industrials,Rental & Leasing Services,NASDAQ,112.65,423163,3979446016,5.9648,130.65,155.83,-3.0171,-31.24,-74.63,-44.79,-51.85,0.0,10.0,4,847.7,85.96,-86.71,0.0,,8,,20261007
BYD,Boyd Gaming Corporation,Consumer Cyclical,Resorts & Casinos,NYSE,70.41,995309,5115667968,1.9203,77.97,82.88,-3.9354,-23.49,-33.93,-35.48,-31.94,0.0,8.75,4,91.41,65.0,-22.97,0.0,,8,,20261007
EAT,"Brinker International, Inc.",Consumer Cyclical,Restaurants,NYSE,190.44,1211710,7975867392,9.2413,219.34,170.36,-3.1272,4.07,9.54,32.76,17.46,0.0,58.75,3,254.99,100.3,-25.31,0.0,,8,,20261007
ONEXF,Onex Corporation,Financial Services,Asset Management,PNK,73.73,11670,5624602624,1.2565,79.05,78.65,-4.2331,-7.62,-17.74,-32.78,-21.23,0.0,45.75,4,92.45,69.26,-20.25,0.0,,8,,20261007
TFX,Teleflex Incorporated,Healthcare,Medical Instruments & Supplies,NYSE,124.74,644667,5285532672,3.8169,132.76,123.55,-2.1018,-8.85,-10.24,-21.32,-14.33,0.0,30.0,3,145.0,100.18,-13.97,0.0,,8,,20261007
WKCMF,Wacker Chemie AG,Basic Materials,Specialty Chemicals,PNK,99.41,47,4938488320,0.4704,104.03,100.37,-9.8195,-9.47,-13.4,14.4,-1.3,0.0,25.25,4,122.41,73.2,-18.79,0.0,,8,,20261007
HLPPF,Hang Lung Properties Limited,Real Estate,Real Estate Services,PNK,0.93,6,6139637248,0.0013,0.98,1.1,-40.1762,-23.82,-37.82,-30.72,-31.48,0.0,0.0,4,1.2,0.91,-22.75,0.0,,8,,20261007
KIROY,Kumba Iron Ore Limited,Basic Materials,Steel,PNK,4.49,44928,4313159680,0.1616,4.99,6.04,-3.0726,-21.18,-46.53,-41.4,-38.14,0.0,12.5,4,8.47,4.43,-46.99,0.0,,8,,20261007
WAWIF,Wallenius Wilhelmsen ASA,Industrials,Marine Shipping,PNK,17.5,139,7400244736,0.0478,16.57,13.35,19.5528,24.46,25.35,81.91,47.75,0.0,75.0,2,17.75,7.29,-1.41,0.0,,8,,20261007
SNDR,"Schneider National, Inc.",Industrials,Trucking,NYSE,31.6,764430,5539508224,0.9766,34.1,31.47,-2.5643,-16.62,-2.98,29.69,6.68,0.0,35.0,3,39.27,20.11,-19.53,0.0,,8,,20261007
SFRRF,Sandfire Resources Limited,Basic Materials,Copper,PNK,15.47,65,7239257088,0.0533,15.14,13.15,6.2734,5.08,13.53,74.55,35.82,0.0,75.0,2,16.5,9.5,-6.24,0.0,,8,,20261007
PREKF,PrairieSky Royalty Ltd.,Energy,Oil & Gas E&P,PNK,23.46,49847,5453112832,0.4425,24.91,23.0,-3.278,-2.61,-17.47,12.09,-1.93,0.0,60.0,3,28.07,17.09,-16.42,0.0,,8,,20261007
LOAR,Loar Holdings Inc.,Industrials,Aerospace & Defense,NYSE,61.28,659285,5741229568,2.5167,68.88,67.21,-3.0204,-19.86,-13.56,-39.87,-25.66,0.0,18.25,4,83.43,53.15,-26.55,0.0,,8,,20261007
CHE,Chemed Corporation,Healthcare,Medical Care Facilities,NYSE,509.84,160096,6663588864,12.6984,523.19,455.02,-1.0514,1.63,12.65,-2.1,3.99,0.0,72.0,3,557.0,365.21,-8.47,0.0,,8,,20261007
APPF,"AppFolio, Inc.",Technology,Software - Application,NASDAQ,203.31,363190,7200628736,7.8389,207.94,185.45,-0.5906,10.42,11.01,-36.31,-8.06,0.0,74.5,3,265.02,142.56,-23.29,0.0,,8,,20261007
VOPKF,Koninklijke Vopak N.V.,Energy,Oil & Gas Midstream,PNK,55.35,671,6307752448,0.1539,54.63,52.04,4.6492,-1.61,-13.43,4.98,-3.11,0.0,75.0,2,56.35,42.85,-1.77,0.0,,8,,20261007
XYIGY,Xinyi Glass Holdings Limited,Basic Materials,Building Materials,PNK,21.08,117,4665399808,0.3054,22.74,23.25,-5.4463,2.3,-34.52,-18.36,-18.85,0.0,38.25,3,29.99,19.75,-29.73,0.0,,8,,20261007
TOITF,Topicus.com Inc.,Technology,Software - Infrastructure,PNK,61.52,29752,13114875904,2.1273,69.42,71.88,-3.7154,-10.29,-27.64,-59.52,-36.05,0.0,7.5,4,114.25,59.25,-46.15,0.0,,8,,20261007
PUTKF,PT United Tractors Tbk,Basic Materials,Other Industrial Metals & Mining,PNK,1.6,0,5588950016,0.0,1.6,1.62,0.0,-4.78,-19.71,-6.85,-10.83,0.0,49.0,3,1.82,1.45,-12.09,0.0,,8,,20261007
MTHRF,"M3, Inc.",Healthcare,Health Information Services,PNK,10.36,98,6905035776,0.0071,10.02,10.59,48.4834,16.4,-24.57,-42.42,-21.47,0.0,62.0,3,15.25,8.55,-32.05,0.0,,8,,20261007
CZR,"Caesars Entertainment, Inc.",Consumer Cyclical,Resorts & Casinos,NASDAQ,29.65,3975714,6042080768,0.1072,29.71,27.21,-0.5802,-5.35,-7.23,-8.95,-7.45,0.0,45.75,3,30.88,17.86,-3.98,0.0,,8,,20261007
CDEVY,City Developments Limited,Real Estate,Real Estate - Development,PNK,5.57,2215,4976247808,0.2454,6.12,6.39,-2.2335,-13.67,-28.17,-13.33,-18.61,0.0,27.5,3,8.2,5.04,-32.07,0.0,,8,,20261007
MAC,The Macerich Company,Real Estate,REIT - Retail,NYSE,22.95,3266857,6770947072,0.4787,23.65,21.54,-1.4722,-11.42,-1.51,13.75,2.12,0.0,47.0,3,26.68,16.03,-13.98,0.0,,8,,20261007
TKMCY,TKMS AG & Co KGaA,Unknown,Unknown,PNK,9.3,745,0,0.6796,9.3,9.3,0.0,-0.99,-0.99,-0.99,-0.99,0.0,63.32,3,12.71,8.31,-26.83,0.0,,8,,20261007
NJR,New Jersey Resources Corporation,Utilities,Utilities - Regulated Gas,NYSE,51.55,659815,5230672384,0.9712,53.57,53.07,-2.0764,-14.42,-26.19,-3.76,-14.27,0.0,27.75,4,60.86,43.46,-15.3,0.0,,8,,20261007
RRR,"Red Rock Resorts, Inc.",Consumer Cyclical,Resorts & Casinos,NASDAQ,52.05,896742,5308461056,1.9307,57.16,58.53,-2.6463,-22.19,-24.48,-28.62,-25.56,0.0,8.75,4,68.99,47.49,-24.55,0.0,,8,,20261007
MNTHY,Minth Group Limited,Consumer Cyclical,Auto Parts,PNK,58.45,2298,3423513600,1.2129,66.24,81.84,-6.4193,-24.16,-51.97,-52.97,-45.42,0.0,7.5,4,118.24,57.97,-50.56,0.0,,8,,20261007
FLG,"Flagstar Bank, National Association",Financial Services,Banks - Regional,NYSE,11.56,4517975,4798473216,0.2721,13.24,13.6,-6.1645,-25.22,-33.97,-21.21,-26.68,0.0,3.75,4,15.44,10.57,-25.13,0.0,,8,,20261007
IBP,"Installed Building Products, Inc.",Consumer Cyclical,Residential Construction,NYSE,192.85,388736,5125794304,8.7257,223.07,253.21,-3.4637,-14.82,-44.9,-37.06,-34.25,0.0,10.0,4,349.0,186.64,-44.74,0.0,,8,,20261007
ASAAF,AT & S Austria Technologie & Systemtechnik Aktiengesellschaft,Technology,Electronic Components,PNK,256.0,83,9945600000,8.7186,184.91,118.94,8.1534,11.68,335.72,884.53,474.23,0.0,52.5,2,261.24,25.56,-2.0,0.0,,8,,20261007
MRUWY,"Maruwa Co.,Ltd.",Technology,Electronic Components,PNK,15.58,40443,192254816,0.6492,14.06,15.58,2.3412,1.71,-13.56,-13.56,-9.74,0.0,62.5,3,18.41,11.86,-15.36,0.0,,8,,20261007
SRRK,Scholar Rock Holding Corporation,Healthcare,Biotechnology,NASDAQ,42.45,1470114,5169785344,2.5583,51.89,48.39,-3.688,-29.02,-33.71,-4.38,-20.81,0.0,6.25,4,61.76,27.07,-31.27,0.0,,8,,20261007
POR,Portland General Electric Company,Utilities,Utilities - Regulated Electric,NYSE,44.27,1220171,5206494720,0.9821,47.89,49.27,-3.6908,-19.02,-34.23,-10.52,-20.94,0.0,6.25,4,54.62,43.15,-18.95,0.0,,8,,20261007
NXST,"Nexstar Media Group, Inc.",Communication Services,Broadcasting,NASDAQ,157.36,348526,4847993856,5.7061,176.48,193.15,-3.3517,-14.58,-33.85,-36.42,-30.06,0.0,6.25,4,254.3,153.17,-38.12,0.0,,8,,20261007
PCWLF,PCCW Limited,Communication Services,Telecom Services,PNK,0.66,1062,5113523712,0.0247,0.69,0.69,-1.078,-6.03,-19.37,-15.38,-14.44,0.0,29.0,4,0.81,0.61,-18.52,0.0,,8,,20261007
ENIC,Enel Chile S.A.,Utilities,Utilities - Renewable,NYSE,4.36,618293,6031324160,0.1156,4.4,4.23,-0.3269,-5.69,-7.54,0.87,-3.71,0.0,42.0,3,4.74,3.62,-8.02,0.0,,8,,20261007
PSN,Parsons Corporation,Technology,Information Technology Services,NYSE,42.1,1403228,4496506880,1.6528,46.11,55.63,-2.4238,-30.44,-43.94,-69.55,-50.81,0.0,8.75,4,89.5,36.26,-52.96,0.0,,8,,20261007
CE,Celanese Corporation,Basic Materials,Chemicals,NYSE,44.85,1811439,4922239488,1.8669,45.21,51.25,-0.1934,-9.89,-48.15,-18.08,-26.56,0.0,19.5,4,70.7,35.13,-36.56,0.0,,8,,20261007
SFGRF,Sony Financial Group Inc.,Financial Services,Insurance - Life,PNK,0.98,388,6582326784,0.2529,-2.55,1.53,13.9716,-139.59,-156.28,-106.44,-132.17,0.0,37.0,3,1.11,0.63,-11.6,0.0,,8,,20261007
PEGA,Pegasystems Inc.,Technology,Software - Application,NASDAQ,34.6,2558873,5688410624,1.3629,34.07,39.14,0.3899,5.27,-36.72,-54.93,-33.51,0.0,61.25,3,68.1,25.1,-49.19,0.0,,8,,20261007
PIPR,Piper Sandler Companies,Financial Services,Capital Markets,NYSE,65.66,651782,4640211456,2.4184,73.63,78.52,-3.2936,-11.91,-34.44,-38.77,-30.54,0.0,6.25,4,95.06,62.96,-30.93,0.0,,8,,20261007
TMSNY,Temenos AG,Technology,Software - Application,PNK,80.24,1619,5401977344,1.6909,86.38,88.61,-3.6326,-10.95,-27.81,-17.51,-19.48,0.0,22.0,4,107.27,74.88,-25.2,0.0,,8,,20261007
KMX,"CarMax, Inc.",Consumer Cyclical,Auto & Truck Dealerships,NYSE,55.29,2559893,7848017408,2.5174,59.16,48.33,-1.5374,5.14,8.88,1.43,4.97,0.0,61.25,3,65.28,30.26,-15.3,0.0,,8,,20261007
DFIHY,DFI Retail Group Holdings Limited,Consumer Defensive,Grocery Stores,PNK,16.41,9,4442681856,0.0818,17.97,18.76,-19.016,-23.26,-41.05,-10.07,-24.21,0.0,0.0,4,21.5,13.88,-23.67,0.0,,8,,20261007
PTCT,"PTC Therapeutics, Inc.",Healthcare,Biotechnology,NASDAQ,63.7,1149529,5316452864,2.1719,69.04,72.04,-2.4579,-32.86,-27.23,-20.23,-25.84,0.0,7.5,4,90.87,61.23,-29.9,0.0,,8,,20261007
ABCB,Ameris Bancorp,Financial Services,Banks - Regional,NYSE,79.95,433712,5365223424,1.4771,84.99,83.01,-3.4092,-13.79,-17.86,-8.24,-12.99,0.0,22.0,4,93.22,68.8,-14.24,0.0,,8,,20261007
HPHTF,Hamamatsu Photonics K.K.,Technology,Electronic Components,PNK,14.68,169,4237213184,0.0927,14.68,13.58,-0.095,-6.95,7.18,9.55,4.6,0.0,37.0,3,19.0,9.15,-22.76,0.0,,8,,20261007
CACC,Credit Acceptance Corporation,Financial Services,Credit Services,NASDAQ,536.58,124085,5570011648,17.681,577.31,530.65,-2.3034,-19.47,1.87,-7.24,-7.11,0.0,33.75,3,668.86,401.9,-19.78,0.0,,8,,20261007
GLAPY,Glanbia plc,Consumer Defensive,Packaged Foods,PNK,123.07,33,5546331136,0.1062,126.0,110.97,-27.5955,-18.27,7.58,41.07,14.51,0.0,37.0,3,143.5,79.41,-14.24,0.0,,8,,20261007
GNGBY,Getinge AB (publ),Healthcare,Medical Devices,PNK,25.1,1657,6782002176,0.2904,24.96,22.12,0.4687,17.01,10.36,-0.92,7.51,0.0,83.75,2,25.98,18.99,-3.39,0.0,,8,,20261007
RKGRY,RENK Group AG,Industrials,Aerospace & Defense,PNK,8.5,222,4249999872,0.2727,10.38,8.5,-6.8811,-24.37,-52.03,-47.45,-43.29,0.0,25.0,3,13.11,7.84,-35.16,0.0,,8,,20261007
OTEX,Open Text Corporation,Technology,Software - Application,NASDAQ,22.71,1462228,5510862336,0.6833,23.82,24.01,-1.6198,-3.01,-14.15,-55.26,-27.81,0.0,64.0,4,39.9,19.78,-43.08,0.0,,8,,20261007
SIGCY,SIG Group AG,Consumer Cyclical,Packaging & Containers,PNK,15.99,942,6066964992,0.286,17.04,15.76,-3.6456,-6.89,-7.47,42.76,12.76,0.0,33.75,3,19.11,9.99,-16.32,0.0,,8,,20261007
PATH,"UiPath, Inc.",Technology,Software - Infrastructure,NYSE,13.1,67246015,6827136000,0.694,14.67,12.65,-2.2591,9.93,0.85,-16.12,-3.67,0.0,61.25,3,19.84,9.2,-33.97,0.0,,8,,20261007
SRTTY,"ZOZO, Inc.",Consumer Cyclical,Internet Retail,PNK,6.82,8647,5937293312,0.1876,7.19,7.12,-1.9584,-10.44,-23.53,-44.77,-28.75,0.0,43.25,4,9.37,5.74,-27.21,0.0,,8,,20261007
NOVTU,Novanta Inc.,Technology,Scientific & Technical Instruments,NASDAQ,64.41,27032,0,1.8024,62.48,59.91,1.0682,-1.56,7.35,22.05,11.0,0.0,61.25,2,76.95,47.57,-16.3,0.0,,8,,20261007
NOVT,Novanta Inc.,Technology,Scientific & Technical Instruments,NASDAQ,149.1,392335,5638629376,5.4735,147.52,140.67,0.288,-4.44,10.55,24.96,12.57,0.0,62.5,2,176.38,98.27,-15.47,0.0,,8,,20261007
GVA,Granite Construction Incorporated,Industrials,Engineering & Construction,NYSE,120.92,750889,5372099584,3.3854,119.87,126.9,0.3091,-20.43,-18.46,-6.53,-14.18,0.0,48.25,3,162.08,97.26,-25.39,0.0,,8,,20261007
MSSMY,MISUMI Group Inc.,Industrials,Tools & Accessories,PNK,13.03,376,6820763648,0.1663,11.55,10.37,8.8755,-2.83,35.24,48.74,31.12,0.0,50.0,2,13.03,6.64,-0.0,0.0,,8,,20261007
BLCO,Bausch + Lomb Corporation,Healthcare,Medical Instruments & Supplies,NYSE,17.18,393498,6136098816,0.4175,17.13,16.64,0.1317,-1.66,-10.87,-4.65,-6.08,0.0,85.0,2,18.91,13.77,-9.17,0.0,,8,,20261007
AMTM,"Amentum Holdings, Inc.",Industrials,Specialty Business Services,NYSE,18.77,2009598,4589385728,0.6422,20.63,25.46,-2.899,-14.88,-48.4,-45.34,-38.8,0.0,10.0,4,38.11,17.72,-50.75,0.0,,8,,20261007
ESTC,Elastic N.V.,Technology,Software - Application,NYSE,94.6,2282907,9932175360,3.8808,84.04,65.26,2.7199,52.68,71.1,-7.14,35.2,0.0,90.0,2,108.0,42.05,-12.41,0.0,,8,,20261007
CGON,"CG Oncology, Inc.",Healthcare,Biotechnology,NASDAQ,63.64,901266,5641073664,3.5418,73.78,64.19,-2.8631,-13.6,-27.62,42.14,3.79,0.0,48.25,3,80.97,35.8,-21.4,0.0,,8,,20261007
IFS,Intercorp Financial Services Inc.,Financial Services,Banks - Regional,NYSE,54.26,225784,5990179328,1.2992,55.62,50.2,-1.0444,-10.04,-5.96,20.18,3.48,0.0,52.0,3,61.38,38.29,-11.6,0.0,,8,,20261007
HPHTY,Hamamatsu Photonics K.K.,Technology,Electronic Components,PNK,7.82,332,4512956928,0.0841,7.29,6.78,6.2346,-5.86,18.32,18.17,12.22,0.0,50.0,2,9.56,4.93,-18.3,0.0,,8,,20261007
BKH,Black Hills Corporation,Utilities,Utilities - Regulated Gas,NYSE,70.74,867856,5394147328,1.4771,71.92,71.59,-0.7969,-6.82,-20.01,4.48,-6.92,0.0,31.5,4,78.69,59.91,-10.1,0.0,,8,,20261007
RMSYF,Ramsay Health Care Limited,Healthcare,Medical Care Facilities,PNK,36.62,7,5770745344,0.0762,33.38,26.93,42.4937,17.29,27.7,37.56,29.04,0.0,75.0,2,36.62,20.0,-0.0,0.0,,8,,20261007
JBHIF,JB Hi-Fi Limited,Consumer Cyclical,Specialty Retail,PNK,57.93,28,6333717504,0.0515,56.55,55.92,26.7717,14.17,-17.75,-34.04,-16.28,0.0,75.0,2,81.23,50.17,-28.68,0.0,,8,,20261007
RNKGF,RENK Group AG,Industrials,Aerospace & Defense,PNK,49.98,129,5090417152,0.175,53.55,58.78,-20.4012,-12.67,-37.42,-67.96,-43.45,0.0,0.0,4,96.97,46.43,-48.46,0.0,,8,,20261007
EMLZF,Emmi AG,Consumer Defensive,Packaged Foods,PNK,1017.74,1,5444715520,2.4879,1053.48,1006.63,-14.3641,-9.21,-11.27,-14.2,-11.93,0.0,37.0,3,1099.16,856.9,-7.41,0.0,,8,,20261007
USAR,"USA Rare Earth, Inc.",Basic Materials,Other Industrial Metals & Mining,NASDAQ,13.74,12207438,5153551872,0.8577,16.68,19.29,-3.4309,-30.31,-24.93,-64.75,-42.2,0.0,5.0,4,43.98,11.45,-68.76,0.0,,8,,20261007
CPA,"Copa Holdings, S.A.",Industrials,Airlines,NYSE,138.31,301789,5645734400,3.9239,132.73,129.59,1.4211,-9.68,8.38,2.87,1.66,0.0,62.5,2,160.47,107.44,-13.81,0.0,,8,,20261007
SLFPF,Aberdeen Group Plc,Financial Services,Asset Management,PNK,3.2,757,5605653504,0.0244,3.23,2.98,-1.3779,-5.71,9.73,0.84,2.32,0.0,38.25,3,3.44,2.45,-6.98,0.0,,8,,20261007
ZGN,Ermenegildo Zegna N.V.,Consumer Cyclical,Apparel Manufacturing,NYSE,12.5,1092723,3361117184,0.4208,13.27,12.09,-1.8366,-11.22,2.91,4.13,-0.13,0.0,38.75,3,15.95,8.64,-21.63,0.0,,8,,20261007
BAFBF,Balfour Beatty plc,Industrials,Engineering & Construction,PNK,12.19,178,5710894592,0.1321,11.82,10.65,2.821,4.06,2.28,38.43,17.18,0.0,76.25,2,13.33,7.91,-8.55,0.0,,8,,20261007
TKMSF,TKMS AG & Co KGaA,Industrials,Aerospace & Defense,PNK,88.65,170,5631371264,0.6241,88.65,88.65,0.0,-9.81,-9.81,-9.81,-9.81,0.0,63.25,3,97.0,88.65,-8.61,0.0,,8,,20261007
KOF,"Coca-Cola FEMSA, S.A.B. de C.V.",Consumer Defensive,Beverages - Non-Alcoholic,NYSE,107.2,130229,0,2.3832,110.3,104.09,-1.3012,-1.11,-8.02,17.13,3.77,0.0,73.25,3,117.09,80.22,-8.45,0.0,,8,,20261007
COCSF,"Coca-Cola FEMSA, S.A.B. de C.V.",Consumer Defensive,Beverages - Non-Alcoholic,PNK,10.6,1204,23981000704,0.4058,11.14,10.63,-1.317,-4.86,-11.0,8.93,-1.49,0.0,55.25,3,12.24,7.85,-13.36,0.0,,8,,20261007
FINN,"First National of Nebraska, Inc.",Financial Services,Banks - Regional,OID,19200.0,57,5188416000,52.6715,19324.91,17802.44,-2.3715,-3.52,-12.39,21.83,3.52,0.0,64.5,3,19850.0,13700.0,-3.27,0.0,,8,,20261007
MNTHF,Minth Group Limited,Consumer Cyclical,Auto Parts,PNK,2.63,235,3080869376,0.0336,3.22,3.31,-17.4275,-31.83,-39.22,-36.27,-36.19,0.0,0.0,4,5.54,2.63,-52.53,0.0,,8,,20261007
TKECF,"Tokyo Electric Power Company Holdings, Incorporated",Utilities,Utilities - Renewable,PNK,3.39,504,5433160192,0.0634,3.34,3.65,0.7284,13.34,-35.08,-40.63,-25.19,0.0,63.25,3,6.0,2.7,-43.5,0.0,,8,,20261007
SHJBF,"Shanghai Junshi Biosciences Co., Ltd.",Healthcare,Biotechnology,PNK,3.35,0,4841863680,0.0,3.35,3.18,0.0,-3.88,-6.52,-37.81,-18.37,0.0,62.0,3,4.23,2.99,-20.78,0.0,,8,,20261007
COIHY,Croda International Plc,Basic Materials,Specialty Chemicals,PNK,22.1,6647,6159453184,0.3204,21.9,19.7,0.6158,10.45,0.52,1.12,3.24,0.0,85.0,2,23.81,16.68,-7.18,0.0,,8,,20261007
BRTHY,"Brother Industries, Ltd.",Industrials,Business Equipment & Supplies,PNK,62.11,63,7665420288,0.3063,57.75,45.68,14.2455,31.07,49.99,59.78,49.18,0.0,75.0,2,62.11,31.75,0.0,0.0,,8,,20261007
ESNT,Essent Group Ltd.,Financial Services,Insurance - Specialty,NYSE,61.89,669014,5562456064,1.5752,66.69,62.33,-3.0502,-7.75,-14.39,-14.99,-12.97,0.0,35.25,1,70.37,55.34,-12.05,0.0,,8,,20261007
MCY,Mercury General Corporation,Financial Services,Insurance - Property & Casualty,NYSE,103.0,293554,0,2.1716,103.44,97.13,-0.2008,-10.95,-3.86,2.41,-3.12,0.0,49.5,3,113.06,74.29,-8.9,0.0,,8,,20261007
BYCRF,"Baycurrent, Inc.",Industrials,Consulting Services,PNK,48.82,118,7209506304,1.3357,15.06,-3.04,25.2748,-444.73,-516.99,940.2,83.95,0.0,63.25,3,58.65,28.17,-16.75,0.0,,8,,20261007
ESAB,ESAB Corporation,Industrials,Metal Fabrication,NYSE,71.83,808776,4463226880,3.053,77.0,97.34,-1.6918,-21.65,-42.66,-56.27,-42.85,0.0,7.5,4,137.42,64.83,-47.73,0.0,,8,,20261007
PECO,"Phillips Edison & Company, Inc.",Real Estate,REIT - Retail,NASDAQ,37.54,943734,5309903360,0.6258,39.09,38.51,-2.4848,-14.58,-18.08,-2.54,-10.99,0.0,31.5,4,44.38,32.98,-15.4,0.0,,8,,20261007
SBSNY,Vend Marketplaces ASA,Communication Services,Internet Content & Information,PNK,20.35,7693,4041223936,0.7173,25.1,25.91,-6.6278,-23.31,-37.52,-58.97,-42.55,0.0,5.0,4,45.0,18.0,-54.78,0.0,,8,,20261007
COGT,"Cogent Biosciences, Inc.",Healthcare,Biotechnology,NASDAQ,30.38,1961839,5271688704,1.3677,35.65,36.28,-3.8501,-28.77,-33.49,75.09,11.12,0.0,8.75,4,43.73,13.78,-30.53,0.0,,8,,20261007
RGLXY,RTL Group S.A.,Communication Services,Broadcasting,PNK,3.0,261,4526494208,0.0764,3.57,3.74,-7.4976,-27.86,-23.83,-34.45,-29.08,0.0,0.0,4,5.26,3.0,-42.97,0.0,,8,,20261007
MGY,Magnolia Oil & Gas Corporation,Energy,Oil & Gas E&P,NYSE,23.94,5018287,6576200192,0.7846,25.8,26.52,-2.37,-13.16,-42.82,-13.74,-23.77,0.0,22.0,4,32.76,21.07,-26.92,0.0,,8,,20261007
BBRYF,Burberry Group plc,Consumer Cyclical,Luxury Goods,PNK,15.53,126,5563098112,0.0267,15.88,16.13,-13.0246,-0.41,-10.1,-18.95,-11.22,0.0,49.0,4,18.37,13.34,-15.46,0.0,,8,,20261007
WILWY,Wallenius Wilhelmsen ASA,Industrials,Marine Shipping,PNK,37.0,24,7823115776,0.4121,30.54,24.62,15.674,44.76,52.9,100.43,69.88,0.0,75.0,2,39.0,14.01,-5.13,0.0,,8,,20261007
CWST,"Casella Waste Systems, Inc.",Industrials,Waste Management,NASDAQ,82.06,577968,5222302208,2.9046,89.34,91.09,-2.5058,-21.79,-23.17,-28.27,-24.86,0.0,19.5,4,107.96,74.05,-23.99,0.0,,8,,20261007
SYNA,Synaptics Incorporated,Technology,Semiconductors,NASDAQ,119.39,834431,4739948544,4.7535,101.42,99.26,3.7801,-8.01,44.83,54.93,35.66,0.0,61.25,2,149.11,58.28,-19.93,0.0,,8,,20261007
ATDRF,Autotrader Group plc,Communication Services,Internet Content & Information,PNK,5.96,130,4561664000,0.0285,6.39,6.6,-15.3029,-13.34,-18.64,-60.26,-33.97,0.0,12.0,4,11.25,5.79,-47.04,0.0,,8,,20261007
AVTR,"Avantor, Inc.",Healthcare,Medical Instruments & Supplies,NYSE,15.43,9379032,10436216832,0.5002,14.53,10.78,1.8069,53.31,74.09,-9.7,35.38,0.0,88.75,2,16.38,7.26,-5.77,0.0,,8,,20261007
ZEGLF,Zegona Communications plc,Communication Services,Telecom Services,PNK,22.17,289,4987403264,0.1953,21.7,22.17,2.4212,0.1,-11.74,-11.74,-8.78,0.0,75.0,3,24.75,18.95,-10.42,0.0,,8,,20261007
TKECY,"Tokyo Electric Power Company Holdings, Incorporated",Utilities,Utilities - Renewable,PNK,3.3,1223,5288916992,0.0399,3.35,3.74,-1.2881,14.79,-41.14,-45.47,-28.89,0.0,40.75,4,5.8,2.76,-43.1,0.0,,8,,20261007
SSMXY,Sysmex Corporation,Healthcare,Medical Devices,PNK,11.91,88012,7170317824,0.4206,11.65,9.75,0.61,17.37,15.04,-19.49,1.81,0.0,86.25,2,12.9,8.01,-7.67,0.0,,8,,20261007
SSMXF,Sysmex Corporation,Healthcare,Medical Devices,PNK,12.04,164,7248583168,0.0477,11.11,9.44,19.4571,32.72,25.56,-12.2,12.25,0.0,75.0,2,12.5,7.97,-3.68,0.0,,8,,20261007
IVCGF,Iveco Group N.V.,Industrials,Farm & Heavy Construction Machinery,PNK,15.96,698,4250894848,0.1489,16.08,18.59,-0.809,-3.81,-46.51,-43.3,-34.55,0.0,45.75,4,23.0,15.59,-30.61,0.0,,8,,20261007
CRC,California Resources Corporation,Energy,Oil & Gas E&P,NYSE,52.47,837590,4660380160,1.5756,52.88,55.64,-0.2627,-4.3,-41.14,-15.42,-21.64,0.0,59.0,3,71.98,43.24,-27.1,0.0,,8,,20261007
BLTE,"Belite Bio, Inc",Healthcare,Biotechnology,NCM,155.61,182753,6266748416,6.497,165.74,161.01,-1.5589,-2.61,-27.13,88.16,25.11,0.0,45.75,3,200.0,76.23,-22.19,0.0,,8,,20261007
MATX,"Matson, Inc.",Industrials,Marine Shipping,NYSE,224.78,292859,6721699328,7.34,220.55,183.15,0.5761,5.22,15.44,108.33,50.04,0.0,88.75,2,240.87,86.97,-6.68,0.0,,8,,20261007
MTG,MGIC Investment Corporation,Financial Services,Insurance - Specialty,NYSE,27.36,2000653,5612215296,0.7433,30.01,27.62,-3.5592,-6.98,-16.42,-15.98,-13.88,0.0,47.0,3,31.89,24.69,-14.21,0.0,,8,,20261007
KRG,Kite Realty Group Trust,Real Estate,REIT - Retail,NYSE,24.13,2386134,4951392256,0.429,26.09,25.73,-4.5604,-19.72,-19.7,-3.13,-13.08,0.0,17.0,4,29.92,21.33,-19.35,0.0,,8,,20261007
CROX,"Crocs, Inc.",Consumer Cyclical,Footwear & Accessories,NASDAQ,120.22,1048464,5763957248,4.1139,123.84,106.76,-0.8791,-6.59,14.1,23.94,12.86,0.0,49.5,3,141.28,73.21,-14.91,0.0,,8,,20261007
HWC,Hancock Whitney Corporation,Financial Services,Banks - Regional,NASDAQ,72.72,826932,5833820672,1.4402,75.19,69.45,-1.7144,-5.51,-5.64,2.05,-2.53,0.0,47.0,3,80.13,54.05,-9.25,0.0,,8,,20261007
TKMTY,"Tokyo Metro Co., Ltd.",Industrials,Railroads,PNK,8.87,104,5149894144,0.0011,8.87,9.95,0.0,2.34,-39.38,-47.67,-32.26,0.0,50.0,3,13.36,8.35,-33.61,0.0,,8,,20261007
OBDC,Blue Owl Capital Corporation,Financial Services,Asset Management,NYSE,10.03,3678231,4977943040,0.2065,10.83,10.69,-3.8851,-8.64,-21.17,-28.07,-20.8,0.0,43.25,4,13.57,9.98,-26.11,0.0,,8,,20261007
ARKAF,Arkema S.A.,Basic Materials,Specialty Chemicals,PNK,58.84,7,4442531328,0.6119,68.21,65.0,-15.3181,-19.02,-23.12,-22.17,-21.72,0.0,12.0,4,77.9,58.84,-24.47,0.0,,8,,20261007
ARKAY,Arkema S.A.,Basic Materials,Specialty Chemicals,PNK,61.76,1090,4598065152,0.8522,67.67,64.8,-6.9332,-5.96,-22.05,-16.25,-15.71,0.0,42.0,3,79.36,56.28,-22.18,0.0,,8,,20261007
NEXPF,Nexi S.p.A.,Technology,Software - Infrastructure,PNK,4.74,6,5568176128,0.0016,4.67,4.43,44.2164,3.11,15.49,-25.09,-3.84,0.0,75.0,2,5.83,3.25,-18.63,0.0,,8,,20261007
KLIC,"Kulicke and Soffa Industries, Inc.",Technology,Semiconductor Equipment & Materials,NASDAQ,97.92,843581,5124066816,4.0331,87.88,83.24,2.4905,-10.59,27.61,127.98,58.21,0.0,65.0,2,135.8,35.02,-27.89,0.0,,8,,20261007
SEI,"Solaris Energy Infrastructure, Inc.",Energy,Oil & Gas Equipment & Services,NYSE,79.7,3037422,8019920384,4.0784,60.69,61.47,4.6604,15.72,24.79,62.35,37.55,0.0,88.75,3,86.19,38.5,-7.53,0.0,,8,,20261007
GXO,"GXO Logistics, Inc.",Industrials,Integrated Freight & Logistics,NYSE,46.4,1434795,5321364480,1.3947,47.12,52.4,-0.5162,-11.76,-31.68,-31.32,-26.55,0.0,18.25,4,66.85,43.61,-30.59,0.0,,8,,20261007
GNGBF,Getinge AB (publ),Healthcare,Medical Devices,PNK,23.39,6,6370723840,0.1333,23.65,22.66,-1.9389,11.88,-18.09,-6.29,-5.88,0.0,62.0,3,25.0,20.05,-6.44,0.0,,8,,20261007
OZKAP,Bank OZK,Financial Services,Banks - Regional,NASDAQ,14.75,33646,0,0.2585,15.71,15.89,-3.6957,-10.99,-24.93,-28.64,-22.93,0.0,17.0,4,17.82,14.6,-17.23,0.0,,8,,20261007
OZK,Bank OZK,Financial Services,Banks - Regional,NASDAQ,44.58,1187356,4860897280,1.0044,49.27,47.95,-4.672,-13.62,-21.33,-27.29,-21.78,0.0,23.25,4,53.39,42.37,-16.5,0.0,,8,,20261007
BEPC,Brookfield Renewable Corporation,Utilities,Utilities - Renewable,NYSE,29.65,1793914,5504312832,0.8245,31.5,36.51,-2.2458,-21.22,-44.32,-31.56,-33.44,0.0,6.25,4,45.18,27.57,-34.37,0.0,,8,,20261007
LEGN,Legend Biotech Corporation,Healthcare,Biotechnology,NASDAQ,18.72,2365166,3640823040,0.9088,19.76,22.38,-1.1495,-37.61,-14.72,-59.28,-38.27,0.0,7.5,4,37.5,16.24,-50.08,0.0,,8,,20261007
BTLCY,British Land Company PLC,Real Estate,REIT - Diversified,PNK,5.33,38365,5464436224,0.1119,5.61,5.3,-2.5267,-7.87,-5.36,0.6,-3.6,0.0,40.0,3,6.0,4.5,-11.17,0.0,,8,,20261007
M,"Macy's, Inc.",Consumer Cyclical,Department Stores,NYSE,22.46,5657740,5866027008,0.7726,23.0,21.25,-0.6986,-4.99,7.32,10.05,5.34,0.0,49.5,3,26.59,16.41,-15.53,0.0,,8,,20261007
MUR,Murphy Oil Corporation,Energy,Oil & Gas E&P,NYSE,37.79,1656796,5417180160,1.3407,36.72,35.48,0.7967,5.59,-28.68,11.5,-4.04,0.0,88.75,2,43.34,26.49,-12.81,0.0,,8,,20261007
TMICF,Trend Micro Incorporated,Technology,Software - Infrastructure,PNK,38.8,69,5035942400,0.0694,36.31,37.09,35.8529,8.15,-1.56,-45.0,-16.51,0.0,75.0,3,53.39,33.1,-27.33,0.0,,8,,20261007
SIGIP,"Selective Insurance Group, Inc.",Financial Services,Insurance - Property & Casualty,NASDAQ,15.01,7241,0,0.2339,15.39,15.79,-1.6102,-7.76,-22.37,-30.91,-22.13,0.0,39.0,4,18.6,14.75,-19.3,0.0,,8,,20261007
SIGI,"Selective Insurance Group, Inc.",Financial Services,Insurance - Property & Casualty,NASDAQ,84.82,479631,5052652544,1.6932,90.7,86.36,-3.4746,-16.93,-10.68,-14.06,-13.6,0.0,18.25,4,100.4,72.78,-15.52,0.0,,8,,20261007
BXSL,Blackstone Secured Lending Fund,Financial Services,Asset Management,NYSE,23.52,1479198,5479456256,0.402,23.68,22.9,-0.4046,0.28,-13.03,-16.71,-11.17,0.0,72.0,3,28.59,22.47,-17.73,0.0,,8,,20261007
GCHEF,"Grupo Comercial Chedraui, S.A.B. de C.V.",Consumer Defensive,Grocery Stores,PNK,4.75,365,4556393984,0.031,5.19,5.36,-14.2595,-12.01,-22.1,-30.75,-23.04,0.0,0.0,4,7.95,4.75,-40.25,0.0,,8,,20261007
LQDA,Liquidia Corporation,Healthcare,Drug Manufacturers - Specialty & Generic,NCM,25.91,2251562,2319175168,5.7382,69.63,54.12,-7.6197,-72.18,-49.43,-2.16,-36.21,0.0,10.0,4,93.61,21.94,-72.32,0.0,,8,,20261007
HIMS,"Hims & Hers Health, Inc.",Healthcare,Drug Manufacturers - Specialty & Generic,NYSE,29.47,12121714,6875745792,1.6509,29.31,27.48,0.0976,-23.08,32.35,-61.58,-19.08,0.0,61.25,3,65.3,13.74,-54.87,0.0,,8,,20261007
G,Genpact Limited,Technology,Information Technology Services,NYSE,33.45,2201956,5593743360,1.0557,35.09,36.04,-1.5525,9.85,-28.56,-35.19,-21.61,0.0,56.5,4,48.64,26.85,-31.23,0.0,,8,,20261007
TEO,Telecom Argentina S.A.,Communication Services,Telecom Services,NYSE,12.69,265918,0,0.6001,13.32,12.51,-1.0522,-6.94,-8.05,51.98,16.24,0.0,52.0,3,16.34,6.93,-22.34,0.0,,8,,20261007
BURBY,Burberry Group plc,Consumer Cyclical,Luxury Goods,PNK,13.68,47757,4900398080,0.2959,14.5,15.24,-2.7816,-10.11,-24.18,-34.11,-24.63,0.0,6.25,4,18.55,13.13,-26.25,0.0,,8,,20261007
CGASY,China Resources Gas Group Limited,Utilities,Utilities - Regulated Gas,PNK,19.68,0,4433114112,0.0143,19.42,22.54,18.4319,-1.88,-40.65,-33.57,-28.12,0.0,50.0,3,26.91,16.68,-26.87,0.0,,8,,20261007
NICE,NICE Ltd.,Technology,Software - Application,NASDAQ,115.33,558382,6758013952,4.9798,105.13,104.93,2.049,14.36,-15.61,-34.22,-15.56,0.0,86.25,2,140.18,83.1,-17.73,0.0,,8,,20261007
AUB,Atlantic Union Bankshares Corporation,Financial Services,Banks - Regional,NYSE,38.14,1113100,5446960128,0.7365,40.48,38.35,-3.184,-10.2,-12.3,-6.51,-9.46,0.0,20.75,4,43.62,30.87,-12.56,0.0,,8,,20261007
VCTR,"Victory Capital Holdings, Inc.",Financial Services,Asset Management,NASDAQ,113.85,628753,7002864640,3.7901,110.31,84.51,0.9343,24.82,64.26,60.88,53.05,0.0,87.5,2,123.55,57.03,-7.85,0.0,,8,,20261007
ARGTF,Artemis Gold Inc.,Basic Materials,Other Precious Metals & Mining,OQX,27.56,37492,6426737664,1.0719,28.41,27.0,-0.7955,19.5,-23.0,-12.75,-8.27,0.0,72.0,3,35.59,20.85,-22.57,0.0,,8,,20261007
BGC,"BGC Group, Inc.",Financial Services,Capital Markets,NASDAQ,11.85,3131667,5634278400,0.4148,11.65,10.59,0.4889,7.0,-6.58,12.04,4.26,0.0,91.25,2,12.89,8.27,-8.07,0.0,,8,,20261007
EPAM,"EPAM Systems, Inc.",Technology,Information Technology Services,NYSE,109.31,1400726,5638972416,5.1085,109.61,129.58,-0.0579,22.34,-37.34,-46.75,-26.18,0.0,48.25,4,222.53,73.06,-50.88,0.0,,8,,20261007
HLPPY,Hang Lung Properties Limited,Real Estate,Real Estate Services,OID,4.17,9700,4339371008,0.1034,4.44,5.08,-2.601,-10.17,-40.5,-37.11,-31.56,0.0,3.75,4,6.52,4.03,-36.04,0.0,,8,,20261007
HOMB,"Home BancShares, Inc.",Financial Services,Banks - Regional,NYSE,28.55,1606276,5711416832,0.4876,29.97,28.14,-2.9107,-2.82,-13.12,-12.97,-10.48,0.0,43.25,3,31.7,25.5,-9.94,0.0,,8,,20261007
RANJF,Randstad N.V.,Industrials,Staffing & Employment Services,PNK,44.65,3,7833871872,0.1247,40.42,35.08,33.9578,35.41,58.4,-10.24,25.2,0.0,75.0,2,44.65,25.2,0.0,0.0,,8,,20261007
MC,Moelis & Company,Financial Services,Capital Markets,NYSE,56.05,861398,4152234240,2.021,64.3,64.52,-4.0809,-17.13,-19.35,-32.23,-23.95,0.0,3.75,4,78.22,51.06,-28.34,0.0,,8,,20261007
WTBDY,Whitbread plc,Consumer Cyclical,Lodging,PNK,8.38,12530,5602584576,0.1498,8.09,8.14,1.9238,4.19,-12.18,-38.88,-18.77,0.0,60.0,3,10.96,7.42,-23.54,0.0,,8,,20261007
RANJY,Randstad N.V.,Industrials,Staffing & Employment Services,PNK,19.78,13996,6940828160,0.3572,21.72,16.95,-5.4434,19.08,32.33,-19.85,8.15,0.0,61.25,3,23.45,12.46,-15.65,0.0,,8,,20261007
GLNG,Golar LNG Limited,Energy,Oil & Gas Midstream,NASDAQ,50.03,1302062,5107912704,1.2998,50.62,48.33,-0.4527,-7.11,-25.97,12.42,-5.9,0.0,70.75,3,57.79,35.02,-13.43,0.0,,8,,20261007
WTM,"White Mountains Insurance Group, Ltd.",Financial Services,Insurance - Property & Casualty,NYSE,2037.25,19812,4862347264,35.07,2089.39,2127.56,-1.4868,-10.78,-26.84,-6.99,-14.88,0.0,32.75,4,2333.0,1830.13,-12.68,0.0,,8,,20261007
LNNGF,Li Ning Company Limited,Consumer Cyclical,Leisure,PNK,1.55,392,4006461184,0.0279,1.7,2.17,-5.5121,-13.34,-56.03,-41.48,-39.54,0.0,1.25,4,2.85,1.55,-45.61,0.0,,8,,20261007
BLSH,Bullish,Technology,Software - Infrastructure,NYSE,33.38,1494347,5062022144,2.3172,31.2,33.35,0.9408,26.12,-30.03,-66.17,-30.45,0.0,86.25,3,70.5,20.55,-52.65,0.0,,8,,20261007
BRLAF,British Land Company PLC,Real Estate,REIT - Diversified,PNK,5.19,107,5310652928,0.0342,5.55,5.28,-10.4841,-4.97,-18.01,-4.11,-9.19,0.0,13.25,4,6.24,4.39,-16.83,0.0,,8,,20261007
RUSHB,"Rush Enterprises, Inc.",Consumer Cyclical,Auto & Truck Dealerships,NASDAQ,56.54,158882,6599938048,1.7209,52.78,46.21,2.1856,7.88,8.13,33.84,18.35,0.0,88.75,2,57.38,31.81,-1.46,0.0,,8,,20261007
RUSHA,"Rush Enterprises, Inc.",Consumer Cyclical,Auto & Truck Dealerships,NASDAQ,47.05,671096,5492166144,1.2453,50.61,46.63,-2.8614,-7.25,-12.71,20.47,1.92,0.0,32.5,3,55.74,30.45,-15.59,0.0,,8,,20261007
LYFT,"Lyft, Inc.",Technology,Software - Application,NASDAQ,15.76,10645442,5965794304,0.5143,16.24,15.37,-0.93,-0.89,-4.33,-46.01,-20.14,0.0,65.25,3,25.54,12.46,-38.29,0.0,,8,,20261007
PLUG,Plug Power Inc.,Industrials,Electrical Equipment & Parts,NCM,1.86,52790675,2598783232,0.1017,2.1,2.46,-2.3784,-29.17,-44.97,-68.86,-50.58,0.0,3.75,4,4.33,1.7,-57.04,0.0,,8,,20261007
HLHLY,Holmen AB (publ),Basic Materials,Paper & Paper Products,PNK,16.18,0,4869264896,0.0008,16.18,17.38,0.0,-3.88,-25.32,36.32,4.69,0.0,49.0,3,25.0,10.9,-35.26,0.0,,8,,20261007
MARA,"MARA Holdings, Inc.",Financial Services,Capital Markets,NCM,10.97,47188139,4237703424,0.8063,11.22,10.98,-0.3049,-13.51,3.65,-59.39,-25.86,0.0,30.25,4,23.45,6.66,-53.22,0.0,,8,,20261007
AUOTY,AUO Corporation,Technology,Electronic Components,PNK,11.63,71950,8777276416,0.5262,8.97,6.65,5.0538,24.23,119.04,130.1,99.76,0.0,90.0,2,12.74,3.25,-8.71,0.0,,8,,20261007
BC,Brunswick Corporation,Consumer Cyclical,Recreational Vehicles,NYSE,64.98,731990,4210537216,2.1402,74.3,77.93,-4.3548,-18.01,-29.45,-17.5,-21.81,0.0,10.0,4,90.25,58.56,-28.0,0.0,,8,,20261007
AMDLY,"Amada Co., Ltd.",Industrials,Specialty Industrial Machinery,PNK,74.66,0,5706114048,0.0011,74.66,61.18,0.0,-4.78,39.56,44.63,30.5,0.0,62.0,3,74.66,46.0,0.0,0.0,,8,,20261007
EUTLF,Eutelsat Communications S.A.,Communication Services,Telecom Services,PNK,1.63,6235,2014072576,0.0856,2.16,2.64,-6.2203,-46.56,-57.96,-75.34,-62.06,0.0,7.5,4,5.36,1.63,-69.59,0.0,,8,,20261007
EQPT,EquipmentShare.com Inc.,Industrials,Rental & Leasing Services,NASDAQ,18.9,3228034,4788805632,1.1873,18.73,18.9,0.1455,9.21,-20.96,-55.87,-27.38,0.0,74.5,3,35.5,15.71,-46.76,0.0,,8,,20261007
MAAS,Maase Inc.,Technology,Information Technology Services,NASDAQ,11.95,262526,5284533760,1.8919,16.46,10.93,-2.3816,-19.6,91.98,243.35,124.63,0.0,36.25,3,24.9,2.85,-52.01,0.0,,8,,20261007
XENE,Xenon Pharmaceuticals Inc.,Healthcare,Biotechnology,NASDAQ,36.57,1450220,3541454592,2.2862,55.29,53.04,-8.1879,-52.5,-55.35,-25.35,-42.64,0.0,6.25,4,72.66,35.75,-49.67,0.0,,8,,20261007
ALM,Almonty Industries Inc.,Basic Materials,Other Industrial Metals & Mining,NCM,13.04,6592707,3761788672,1.0161,14.99,15.75,-1.9162,-17.56,-37.23,89.31,18.3,0.0,7.5,4,24.41,5.43,-46.58,0.0,,8,,20261007
FUPBY,Fuchs SE,Basic Materials,Specialty Chemicals,PNK,12.27,9673,6429480448,0.1726,11.8,11.03,2.702,4.58,-0.02,-4.84,-0.8,0.0,83.75,2,12.42,9.27,-1.21,0.0,,8,,20261007
ACLLF,ATCO Ltd.,Utilities,Utilities - Diversified,OQX,57.02,29384,6416317440,0.9674,53.35,49.01,3.7889,3.7,-2.61,42.87,17.16,0.0,57.5,2,58.91,36.0,-3.21,0.0,,8,,20261007
SBRA,"Sabra Health Care REIT, Inc.",Real Estate,REIT - Healthcare Facilities,NASDAQ,19.12,2648275,4884448256,0.3816,20.33,19.52,-3.1656,-7.88,-20.39,-5.71,-11.39,0.0,19.5,4,22.77,17.17,-16.03,0.0,,8,,20261007
ENGGY,"Enagás, S.A.",Utilities,Utilities - Regulated Gas,PNK,9.08,2732,4727012352,0.0756,9.58,9.05,-6.6718,-10.29,-23.66,2.47,-9.86,0.0,28.75,3,10.29,7.45,-11.76,0.0,,8,,20261007
WEX,WEX Inc.,Technology,Software - Infrastructure,NYSE,171.48,647034,5844314624,5.8214,188.6,161.88,-2.941,10.54,-10.1,-10.27,-5.01,0.0,58.75,3,203.99,125.29,-15.94,0.0,,8,,20261007
RICOY,"Ricoh Company, Ltd.",Industrials,Business Equipment & Supplies,PNK,11.06,73,6190125568,0.0767,10.04,9.27,13.3228,18.66,13.2,8.44,12.66,0.0,75.0,2,11.06,8.0,0.0,0.0,,8,,20261007
FND,"Floor & Decor Holdings, Inc.",Consumer Cyclical,Home Improvement Retail,NYSE,46.96,2430104,5000769024,1.94,52.11,56.39,-2.656,-17.75,-20.23,-53.92,-33.09,0.0,11.25,4,77.46,42.64,-39.38,0.0,,8,,20261007
TSHXY,Tosoh Corporation,Basic Materials,Chemicals,PNK,8.43,12,5187956224,0.0215,8.64,8.43,-9.8005,1.03,-4.25,-4.25,-2.93,0.0,62.0,3,9.18,8.03,-8.22,0.0,,8,,20261007
ATOGF,AUTO1 Group SE,Consumer Cyclical,Auto & Truck Dealerships,PNK,17.68,483,3911346432,0.3665,23.51,25.76,-15.9096,-43.95,-17.73,-67.12,-44.04,0.0,0.0,4,35.42,17.6,-50.09,0.0,,8,,20261007
HLBBF,H. Lundbeck A/S,Healthcare,Drug Manufacturers - Specialty & Generic,PNK,6.76,53,6706928640,0.0164,6.71,6.58,3.3247,-2.36,-4.21,-23.92,-11.63,0.0,75.0,2,7.3,5.7,-7.4,0.0,,8,,20261007
NCSYF,NICE Ltd.,Technology,Software - Application,PNK,105.08,13,6157392384,0.2943,99.56,98.49,18.7468,14.56,-21.78,-43.19,-21.26,0.0,75.0,2,141.42,83.97,-25.7,0.0,,8,,20261007
BCPC,Balchem Corporation,Basic Materials,Specialty Chemicals,NASDAQ,165.29,199596,5269117952,3.2983,172.01,168.08,-2.0376,-5.21,-21.56,-3.13,-10.1,0.0,59.0,3,183.9,139.17,-10.12,0.0,,8,,20261007
LBRT,Liberty Energy Inc.,Energy,Oil & Gas Equipment & Services,NYSE,20.12,4315734,3283411712,0.9458,19.57,24.7,0.5786,-22.09,-47.52,40.57,-5.92,0.0,36.25,3,34.48,11.52,-41.64,0.0,,8,,20261007
ETCMY,Eutelsat Communications S.A.,Communication Services,Telecom Services,PNK,0.46,22945,2171900416,0.0403,0.57,0.68,-2.7686,-45.01,-46.27,-73.71,-56.93,0.0,11.25,4,1.47,0.4,-68.78,0.0,,8,,20261007
HASI,"HA Sustainable Infrastructure Capital, Inc.",Financial Services,Asset Management,NYSE,36.57,1010815,4699090944,0.9205,38.15,36.93,-1.7158,-5.83,-19.82,7.4,-5.43,0.0,35.25,4,44.13,27.28,-17.13,0.0,,8,,20261007
LINRF,Liontown Limited,Basic Materials,Other Industrial Metals & Mining,PNK,0.57,7844,1827409152,0.0351,0.8,1.2,-6.4114,-50.38,-70.0,-20.94,-45.47,0.0,7.5,4,1.9,0.55,-69.87,0.0,,8,,20261007
GOLF,Acushnet Holdings Corp.,Consumer Cyclical,Leisure,NYSE,82.96,357493,4845282304,2.129,88.21,94.04,-2.4643,-30.04,-30.33,-13.54,-23.54,0.0,10.0,4,119.65,75.16,-30.66,0.0,,8,,20261007
OGS,"ONE Gas, Inc.",Utilities,Utilities - Regulated Gas,NYSE,73.15,542677,4597936640,1.3623,77.45,80.03,-3.1588,-10.48,-35.62,-22.86,-24.23,0.0,15.75,4,90.78,70.37,-19.42,0.0,,8,,20261007
DLB,"Dolby Laboratories, Inc.",Industrials,Specialty Business Services,NYSE,58.46,930950,5475877376,1.5514,60.38,59.11,-1.2389,13.11,-22.1,-33.74,-17.95,0.0,59.0,4,71.34,48.26,-18.05,0.0,,8,,20261007
YKLTY,"Yakult Honsha Co.,Ltd.",Consumer Defensive,Beverages - Non-Alcoholic,PNK,8.8,398,5011876352,0.0823,8.79,8.5,0.1046,-6.01,-21.54,-6.28,-11.56,0.0,75.0,2,10.34,7.02,-14.89,0.0,,8,,20261007
CGHLY,China Gas Holdings Limited,Utilities,Utilities - Regulated Gas,PNK,17.75,95,3868188416,0.1427,17.34,21.13,2.8881,-2.04,-39.05,-42.77,-31.29,0.0,50.0,3,28.28,15.45,-37.23,0.0,,8,,20261007
RITM,Rithm Capital Corp.,Real Estate,REIT - Mortgage,NYSE,8.66,5753187,4835804672,0.2124,9.52,9.37,-4.0697,-5.68,-22.43,-31.44,-21.84,0.0,44.5,4,12.15,8.43,-28.72,0.0,,8,,20261007
ALFFF,"Sigma Foods, S.A.B. de C.V.",Consumer Defensive,Packaged Foods,PNK,1.07,1352,5943272960,0.0027,1.0,0.95,25.7807,21.1,-4.95,17.09,10.38,0.0,75.0,2,1.1,0.75,-2.73,0.0,,8,,20261007
BMA,Banco Macro S.A.,Financial Services,Banks - Regional,NYSE,68.55,291496,4383021056,2.9611,77.84,81.82,-3.137,-29.14,-25.71,47.67,2.78,0.0,7.5,4,106.15,42.06,-35.42,0.0,,8,,20261007
IRDM,Iridium Communications Inc.,Communication Services,Telecom Services,NASDAQ,49.04,1200100,5197335552,1.0292,47.87,37.11,1.1364,-7.32,28.86,149.15,67.93,0.0,62.5,2,57.18,15.65,-14.24,0.0,,8,,20261007
HWDJF,Howden Joinery Group Plc,Consumer Cyclical,"Furnishings, Fixtures & Appliances",PNK,9.51,404,5168496128,0.1731,10.57,10.82,-6.1433,-16.64,-27.15,-31.11,-26.1,0.0,1.25,4,12.2,9.51,-22.05,0.0,,8,,20261007
CNVVY,Convatec Group PLC,Healthcare,Medical Instruments & Supplies,PNK,11.59,33173,5550389760,0.2258,12.11,11.9,-2.3177,-2.93,-14.77,-25.62,-16.15,0.0,62.75,4,14.09,10.45,-17.76,0.0,,8,,20261007
CGHOF,China Gas Holdings Limited,Utilities,Utilities - Regulated Gas,PNK,0.7,21,3813706752,0.0019,0.74,0.88,-21.8705,-28.21,-43.01,-44.93,-40.08,0.0,0.0,4,1.0,0.69,-30.0,0.0,,8,,20261007
CHH,"Choice Hotels International, Inc.",Consumer Cyclical,Lodging,NYSE,103.06,551385,4688765440,3.2502,103.98,105.66,-0.283,-7.64,-18.67,-17.68,-15.51,0.0,36.5,4,123.82,84.04,-16.77,0.0,,8,,20261007
SR,Spire Inc.,Utilities,Utilities - Regulated Gas,NYSE,78.17,482854,4620848128,1.5905,80.2,83.09,-1.2782,-5.88,-33.66,-18.83,-20.79,0.0,34.0,4,95.31,74.84,-17.98,0.0,,8,,20261007
JREIF,Japan Real Estate Investment Corporation,Real Estate,REIT - Office,PNK,769.2,2,5602529792,136.4078,-1528.58,262.98,16.8449,-154.04,-156.91,-97.41,-132.39,0.0,62.0,3,852.68,658.41,-9.79,0.0,,8,,20261007
NFPDF,"Nissin Foods Holdings Co.,Ltd.",Consumer Defensive,Packaged Foods,PNK,18.12,22,5194227712,0.0299,18.25,18.49,-4.2781,0.49,-27.07,-21.64,-18.01,0.0,49.0,3,20.73,16.46,-12.59,0.0,,8,,20261007
PAGP,"Plains GP Holdings, L.P.",Energy,Oil & Gas Midstream,NASDAQ,26.24,1630236,6113931264,0.5092,26.74,23.42,-0.9835,2.07,-6.52,38.85,13.78,0.0,70.75,3,28.7,16.68,-8.57,0.0,,8,,20261007
TLPFF,Teleperformance SE,Industrials,Specialty Business Services,PNK,83.0,195,4956282368,0.5362,80.38,67.45,4.8857,35.45,30.07,0.61,19.63,0.0,77.5,2,90.52,51.9,-8.31,0.0,,8,,20261007
ADT,ADT Inc.,Industrials,Security & Protection Services,NYSE,6.36,7575549,4646356992,0.1681,7.08,7.07,-4.3105,-9.53,-20.86,-43.1,-26.93,0.0,5.0,4,8.89,6.03,-28.43,0.0,,8,,20261007
RNSHF,Renishaw plc,Technology,Scientific & Technical Instruments,PNK,67.06,36,4879114240,0.1796,67.06,67.06,0.0,-4.23,-4.23,-4.23,-4.23,0.0,62.0,3,73.71,66.35,-9.02,0.0,,8,,20261007
HLUBF,H. Lundbeck A/S,Healthcare,Drug Manufacturers - Specialty & Generic,PNK,6.4,64,6793347584,0.0382,5.82,5.08,15.2194,12.48,14.6,36.63,22.88,0.0,75.0,2,6.79,4.82,-5.7,0.0,,8,,20261007
THKLY,"THK Co., Ltd.",Industrials,Specialty Industrial Machinery,PNK,21.76,1568,4709079552,0.4939,20.95,18.85,1.6368,-5.33,23.35,40.81,23.16,0.0,57.5,2,25.7,11.93,-15.33,0.0,,8,,20261007
ENGGF,"Enagás, S.A.",Utilities,Utilities - Regulated Gas,PNK,17.6,162,5140886016,0.1707,19.69,18.05,-12.2279,-23.49,-12.95,-9.58,-14.24,0.0,12.0,4,21.65,16.02,-18.71,0.0,,8,,20261007
BLFBY,Balfour Beatty plc,Industrials,Engineering & Construction,PNK,24.0,2017,5621881856,0.9391,24.77,22.41,-0.822,0.41,-4.66,28.01,9.68,0.0,70.75,3,27.84,16.48,-13.79,0.0,,8,,20261007
USSJY,"USS Co., Ltd.",Consumer Cyclical,Auto & Truck Dealerships,PNK,25.88,59,5874194432,0.0486,25.48,23.61,8.0394,1.94,5.68,-6.96,-0.31,0.0,75.0,2,26.96,19.72,-4.02,0.0,,8,,20261007
TMICY,Trend Micro Incorporated,Technology,Software - Infrastructure,PNK,44.34,9764,5754992128,1.0851,39.55,37.81,4.4186,11.11,12.79,-34.11,-6.39,0.0,88.75,2,52.39,31.09,-15.37,0.0,,8,,20261007
KYSEF,KYUDEN Holdings Inc.,Utilities,Utilities - Independent Power Producers,PNK,13.8,84,6524338688,1.3854,-7.46,-1.78,15.3448,-268.17,-266.69,24.46,-150.6,0.0,63.25,3,14.15,9.47,-2.47,0.0,,8,,20261007
TOSCF,Tosoh Corporation,Basic Materials,Chemicals,PNK,16.0,1,4926248960,2.8612,-30.0,-66.27,16.0773,-150.94,-162.48,-129.52,-146.41,0.0,62.0,3,17.25,16.0,-7.25,0.0,,8,,20261007
SEKEY,Seiko Epson Corporation,Technology,Computer Hardware,PNK,10.41,10523,6721867264,0.2089,9.93,7.91,2.304,16.13,44.64,43.97,37.24,0.0,86.25,2,10.76,5.75,-3.25,0.0,,8,,20261007
PSMT,"PriceSmart, Inc.",Consumer Defensive,Discount Stores,NASDAQ,172.0,248249,5308009984,3.9973,175.23,162.12,-0.8075,-13.47,-4.25,23.09,4.38,0.0,45.75,3,199.84,111.68,-13.93,0.0,,8,,20261007
GNTX,Gentex Corporation,Consumer Cyclical,Auto Parts,NASDAQ,21.55,2386809,4540225536,0.4655,22.99,23.23,-3.0925,-12.53,-16.81,-37.96,-24.2,0.0,19.5,4,26.99,20.48,-20.16,0.0,,8,,20261007
PMNXF,Perseus Mining Limited,Basic Materials,Gold,PNK,4.26,13623,5649235968,0.1096,4.31,3.83,-0.4488,27.66,-2.1,15.89,12.54,0.0,65.75,3,4.89,0.01,-12.88,0.0,,8,,20261007
GLBE,Global-E Online Ltd.,Consumer Cyclical,Internet Retail,NASDAQ,38.7,1457236,6500338176,1.4846,39.59,35.57,-0.5987,2.78,7.11,-8.25,-0.11,0.0,75.75,3,43.99,26.84,-12.03,0.0,,8,,20261007
IEP,Icahn Enterprises L.P.,Energy,Oil & Gas Refining & Marketing,NASDAQ,6.63,997459,4713367040,0.1361,6.92,6.79,-2.1641,-7.66,-20.96,-15.31,-15.38,0.0,32.75,4,9.32,6.51,-28.86,0.0,,8,,20261007
LGMMY,LEG Immobilien SE,Real Estate,Real Estate Services,PNK,13.0,19,3996120576,0.0539,14.41,15.69,-26.1029,-17.79,-28.9,-49.17,-34.23,0.0,0.0,4,22.0,9.27,-40.91,0.0,,8,,20261007
PRM,"Perimeter Solutions, Inc.",Basic Materials,Specialty Chemicals,NYSE,28.62,1403307,4684720128,1.3414,31.45,29.65,-2.1093,-20.08,-0.32,10.55,-0.91,0.0,25.75,4,38.17,19.7,-25.02,0.0,,8,,20261007
BIPC,Brookfield Infrastructure Corporation,Utilities,Utilities - Regulated Gas,NYSE,37.72,1085734,4640148480,0.9491,37.95,40.92,-0.2403,-7.88,-23.83,-26.53,-20.92,0.0,35.25,4,51.72,34.18,-27.07,0.0,,8,,20261007
IPGP,IPG Photonics Corporation,Technology,Semiconductor Equipment & Materials,NASDAQ,83.69,471335,3559715840,3.1345,80.28,101.36,1.0894,-22.95,-44.79,-18.82,-28.94,0.0,32.5,3,155.82,69.41,-46.29,0.0,,8,,20261007
QS,QuantumScape Corporation,Consumer Cyclical,Auto Parts,NASDAQ,4.65,18733406,2878877952,0.2316,5.39,7.26,-3.1965,-34.64,-43.9,-88.47,-59.41,0.0,6.25,4,19.07,4.46,-75.62,0.0,,8,,20261007
TCLHF,TCL Electronics Holdings Limited,Technology,Consumer Electronics,PNK,2.3,871,6176004096,0.0663,2.08,1.79,3.3594,16.27,2.27,46.61,23.51,0.0,76.25,2,2.5,1.07,-8.0,0.0,,8,,20261007
HLNE,Hamilton Lane Incorporated,Financial Services,Asset Management,NASDAQ,86.5,662311,5797408768,3.4681,96.04,101.35,-2.7514,5.52,-27.92,-48.26,-27.7,0.0,33.75,4,155.66,71.88,-44.43,0.0,,8,,20261007
TVAVF,The Tel-Aviv Stock Exchange Ltd.,Financial Services,Financial Data & Stock Exchanges,PNK,44.25,683,4105772032,0.7186,39.82,44.67,6.1606,-0.66,-20.71,69.43,20.36,0.0,37.0,3,63.0,22.0,-29.76,0.0,,8,,20261007
SITE,"SiteOne Landscape Supply, Inc.",Industrials,Industrial Distribution,NYSE,90.47,888485,3949503488,3.0619,95.12,119.53,-1.5191,-21.09,-49.03,-46.71,-41.12,0.0,20.75,4,168.56,85.92,-46.33,0.0,,8,,20261007
TLPFY,Teleperformance SE,Industrials,Specialty Business Services,PNK,39.29,6544,4692345856,1.0062,39.99,33.42,-0.6947,30.38,25.06,-6.13,13.92,0.0,77.0,3,43.95,25.7,-10.6,0.0,,8,,20261007
JDSPY,JD Sports Fashion Plc,Consumer Cyclical,Apparel Retail,OQX,1.08,8441,5082953216,0.0414,1.11,1.04,-0.6341,-1.92,4.91,-37.11,-13.61,0.0,44.5,3,1.34,0.84,-19.7,0.0,,8,,20261007
YMATF,Azbil Corporation,Industrials,Specialty Industrial Machinery,PNK,9.73,9,4852015104,1.8074,-19.63,-5.7,16.2457,-145.33,-168.48,-73.47,-124.69,0.0,62.0,3,10.74,8.85,-9.4,0.0,,8,,20261007
AVAL,Grupo Aval Acciones y Valores S.A.,Financial Services,Banks - Regional,NYSE,4.97,144965,5900253184,0.1529,5.18,4.65,-1.3798,-1.12,0.7,29.88,11.92,0.0,72.0,3,6.2,3.35,-19.84,0.0,,8,,20261007
JAN,"Janus Living, Inc.",Real Estate,REIT - Residential,NYSE,28.56,1665846,8873100288,0.8069,30.29,28.56,-2.1444,-6.91,3.94,1.63,0.3,0.0,57.5,3,32.83,22.76,-13.01,0.0,,8,,20261007
CNX,CNX Resources Corporation,Energy,Oil & Gas E&P,NYSE,33.24,1724846,4917646336,0.9048,34.93,36.48,-1.8655,-4.6,-35.14,-16.58,-20.08,0.0,32.75,4,43.62,30.78,-23.8,0.0,,8,,20261007
TKC,Turkcell Iletisim Hizmetleri A.S.,Communication Services,Telecom Services,NYSE,5.17,2303703,4500883456,0.1183,5.28,5.93,-0.942,-13.6,-32.04,-29.15,-26.27,0.0,25.75,4,7.18,4.82,-27.99,0.0,,8,,20261007
LPL,"LG Display Co., Ltd.",Technology,Consumer Electronics,NYSE,3.09,2774776,3089999872,0.1101,3.18,4.01,-0.8303,-23.89,-40.16,-60.24,-44.12,0.0,20.75,4,5.83,2.76,-47.0,0.0,,8,,20261007
WHD,"Cactus, Inc.",Energy,Oil & Gas Equipment & Services,NYSE,64.17,782222,4474777088,2.1136,67.32,56.79,-1.4897,14.91,4.74,54.83,27.31,0.0,70.75,3,74.07,33.2,-13.37,0.0,,8,,20261007
IPGDF,IGO Limited,Basic Materials,Other Industrial Metals & Mining,PNK,5.6,84,4240699904,0.0267,5.47,5.74,4.8199,-5.61,-10.08,47.6,14.11,0.0,62.0,3,7.12,3.25,-21.4,0.0,,8,,20261007
OLLI,"Ollie's Bargain Outlet Holdings, Inc.",Consumer Defensive,Discount Stores,NASDAQ,87.75,1799934,5212560896,2.9374,77.63,89.17,3.4439,37.03,-27.45,-50.9,-20.71,0.0,74.5,3,133.28,60.29,-34.16,0.0,,8,,20261007
NAVN,"Navan, Inc.",Technology,Software - Application,NASDAQ,21.34,3550374,5557159936,1.1743,25.49,18.68,-3.5351,-21.16,52.49,-9.14,9.43,0.0,37.5,3,30.88,8.11,-30.89,0.0,,8,,20261007
DNTUY,Dentsu Group Inc.,Communication Services,Advertising Agencies,PNK,23.9,212,6204109824,0.1084,22.1,19.89,16.5742,9.85,18.42,-4.51,7.1,0.0,75.0,2,24.25,16.38,-1.44,0.0,,8,,20261007
IIDDY,IGO Limited,Basic Materials,Other Industrial Metals & Mining,PNK,9.01,18,3411491584,0.0929,9.87,10.5,-9.2331,-25.61,-30.53,24.72,-7.2,0.0,0.0,4,11.98,6.4,-24.79,0.0,,8,,20261007
DUOL,"Duolingo, Inc.",Technology,Software - Application,NASDAQ,148.13,1157746,6901838336,6.709,143.26,127.0,0.7254,11.34,35.06,-71.76,-13.6,0.0,87.5,2,353.0,87.89,-58.04,0.0,,8,,20261007
KYSEY,KYUDEN Holdings Inc.,Utilities,Utilities - Independent Power Producers,PNK,12.61,1657,5961732096,1.313,13.16,11.83,-0.4179,11.33,-10.08,8.3,2.63,0.0,69.5,3,19.0,9.8,-33.63,0.0,,8,,20261007
OMAB,"Grupo Aeroportuario del Centro Norte, S.A.B. de C.V.",Industrials,Airports & Air Services,NASDAQ,94.64,99426,4568384000,2.8254,102.02,107.39,-2.6128,-16.58,-31.3,-19.15,-22.76,0.0,6.25,4,134.99,92.33,-29.89,0.0,,8,,20261007
ATDRY,Autotrader Group plc,Communication Services,Internet Content & Information,PNK,1.49,350977,4563486208,0.0443,1.64,1.63,-3.3707,-9.7,-21.24,-58.71,-33.34,0.0,15.75,4,2.69,1.37,-44.61,0.0,,8,,20261007
UWMC,UWM Holdings Corporation,Financial Services,Mortgage Finance,NYSE,1.2,16500473,1928353920,0.0992,1.44,2.97,-2.3742,-45.67,-84.11,-95.65,-79.12,0.0,8.75,4,6.15,0.93,-80.49,0.0,,8,,20261007
MAQAF,Atlas Arteria Limited,Industrials,Infrastructure Operations,PNK,2.95,41,4287805952,0.0395,3.35,3.37,-10.0188,-21.68,-22.06,-34.58,-26.97,0.0,0.0,4,4.09,2.69,-27.87,0.0,,8,,20261007
JMPLY,Johnson Matthey Plc,Basic Materials,Specialty Chemicals,PNK,64.72,1289,3957850368,1.332,61.32,59.18,2.5514,9.48,3.7,-2.81,2.54,0.0,76.25,2,87.6,56.22,-26.12,0.0,,8,,20261007
HRB,"H&R Block, Inc.",Consumer Cyclical,Personal Services,NYSE,42.63,2140692,5221879296,1.4904,46.84,38.15,-2.8219,5.19,15.2,-31.67,-6.05,0.0,58.75,3,58.67,28.16,-27.34,0.0,,8,,20261007
ZHEXF,"Zhejiang Expressway Co., Ltd.",Industrials,Infrastructure Operations,PNK,0.73,5271,4508659712,0.0113,0.79,0.87,-5.4507,-15.75,-41.94,-37.46,-33.6,0.0,6.25,4,1.1,0.71,-33.64,0.0,,8,,20261007
LPX,Louisiana-Pacific Corporation,Industrials,Building Products & Equipment,NYSE,66.89,1158726,4677176832,2.394,70.01,75.99,-1.3035,-11.62,-22.27,-42.52,-27.71,0.0,25.75,4,100.34,62.18,-33.34,0.0,,8,,20261007
ALH,Alliance Laundry Holdings Inc.,Consumer Cyclical,"Furnishings, Fixtures & Appliances",NYSE,21.59,1186414,4291856384,0.6906,23.5,23.51,-2.7723,-19.88,-21.92,-30.35,-24.78,0.0,23.25,4,28.23,18.64,-23.52,0.0,,8,,20261007
OTF,Blue Owl Technology Finance Corp.,Financial Services,Asset Management,NYSE,9.36,2461828,4288614912,0.2371,10.39,10.72,-4.341,-8.86,-27.84,-42.58,-28.99,0.0,30.0,4,15.0,9.36,-37.6,0.0,,8,,20261007
STVN,Stevanato Group S.p.A.,Healthcare,Medical Instruments & Supplies,NYSE,19.86,374339,5424286208,0.8627,21.08,18.2,-1.413,-1.98,27.34,-40.96,-7.31,0.0,61.25,3,27.99,12.89,-29.05,0.0,,8,,20261007
DSVSF,Discovery Mining Ltd.,Basic Materials,Silver,OQX,8.32,419750,6773454336,0.5702,8.35,7.05,-0.0571,30.29,0.59,112.8,52.89,0.0,72.0,3,9.79,3.25,-15.02,0.0,,8,,20261007
SMFRF,"Sumitomo Forestry Co., Ltd.",Consumer Cyclical,Residential Construction,PNK,7.72,292,4730697728,0.0455,8.21,-7.71,-10.7938,-13.65,-162.96,-92.74,-97.55,0.0,26.25,3,12.17,7.49,-36.61,0.0,,8,,20261007
CIGI,Colliers International Group Inc.,Real Estate,Real Estate Services,NASDAQ,87.61,237903,4477205504,2.8582,97.7,109.16,-3.5302,-15.65,-37.58,-61.15,-41.52,0.0,8.75,4,171.51,87.36,-48.92,0.0,,8,,20261007
KOTMY,"Koito Manufacturing Co., Ltd.",Consumer Cyclical,Auto Parts,PNK,17.26,346,4444271104,0.1254,16.41,16.1,6.812,4.12,-7.5,-1.76,-2.3,0.0,75.0,2,18.34,13.7,-5.88,0.0,,8,,20261007
PUMSY,PUMA SE,Consumer Cyclical,Footwear & Accessories,PNK,2.42,9117,3665623040,0.0627,2.78,2.8,-5.6792,-26.97,-24.62,-19.62,-23.21,0.0,8.75,4,3.46,1.71,-30.06,0.0,,8,,20261007
BTDPF,Barratt Redrow plc,Consumer Cyclical,Residential Construction,PNK,3.91,190,5370354176,0.0574,3.99,4.07,-1.4187,6.94,-2.41,-42.27,-16.02,0.0,50.25,4,5.46,3.25,-28.39,0.0,,8,,20261007
CBUMF,China National Building Material Company Limited,Basic Materials,Building Materials,PNK,0.47,26012,3543663104,0.0027,0.48,0.54,-3.6785,-21.3,-16.01,-29.73,-22.82,0.0,12.0,4,0.9,0.42,-48.1,0.0,,8,,20261007
CWSRF,Chartwell Retirement Residences,Real Estate,REIT - Healthcare Facilities,PNK,14.15,68128,4665576448,0.111,14.95,15.0,-7.2437,-17.24,-24.29,-15.9,-19.17,0.0,17.0,4,16.83,13.73,-15.92,0.0,,8,,20261007
AX,"Axos Financial, Inc.",Financial Services,Banks - Regional,NYSE,89.03,348720,5062068224,2.2043,95.37,92.32,-2.8761,-11.64,-18.98,-13.14,-14.81,0.0,20.75,4,105.74,74.89,-15.8,0.0,,8,,20261007
PUTKY,PT United Tractors Tbk,Basic Materials,Other Industrial Metals & Mining,PNK,29.7,25384,5187244032,0.9351,27.75,30.78,2.0824,5.14,-33.76,-22.05,-19.35,0.0,72.0,3,39.0,23.18,-23.85,0.0,,8,,20261007
DLPTF,"Liaoning Port Co., Ltd.",Industrials,Marine Shipping,PNK,0.05,30,1178588416,0.0015,0.09,0.11,-29.3281,-59.32,-73.33,-62.12,-65.34,0.0,0.0,4,0.15,0.05,-67.08,0.0,,8,,20261007
CMBT,Cmb.Tech NV,Energy,Oil & Gas Midstream,NYSE,19.68,985834,5710540800,0.5191,18.18,14.29,2.8956,22.19,46.15,103.41,63.06,0.0,91.25,2,20.82,8.88,-5.48,0.0,,8,,20261007
SON,Sonoco Products Company,Consumer Cyclical,Packaging & Containers,NYSE,48.02,1108348,4747977728,1.2633,53.62,51.28,-4.4305,-16.05,-28.17,-2.04,-14.69,0.0,19.5,4,60.67,38.65,-20.85,0.0,,8,,20261007
MIAX,"Miami International Holdings, Inc.",Financial Services,Capital Markets,NYSE,30.79,1418781,3055319296,1.6944,40.98,42.53,-6.0131,-31.22,-44.27,-44.52,-41.11,0.0,3.75,4,57.14,30.71,-46.11,0.0,,8,,20261007
MKTX,MarketAxess Holdings Inc.,Financial Services,Capital Markets,NASDAQ,164.03,1048254,5773395968,0.5393,161.2,155.28,5.243,35.92,-24.49,-19.61,-7.43,0.0,85.0,2,195.97,108.75,-16.3,0.0,,8,,20261007
FNCNF,Fincantieri S.p.A.,Industrials,Aerospace & Defense,PNK,13.59,496,4887345152,0.1853,14.49,15.61,-4.8335,8.76,-30.51,-68.58,-35.92,0.0,28.75,4,31.46,11.2,-56.81,0.0,,8,,20261007
LBRDA,Liberty Broadband Corporation,Communication Services,Telecom Services,NASDAQ,35.99,250420,5177567232,1.7146,32.53,45.5,2.0204,-44.56,-31.2,-82.24,-54.95,0.0,33.75,3,64.03,26.14,-43.79,0.0,,8,,20261007
SXT,Sensient Technologies Corporation,Basic Materials,Specialty Chemicals,NYSE,132.91,424729,5657023488,3.0906,130.64,110.08,0.7347,7.05,26.4,24.57,20.83,0.0,85.0,2,138.82,82.6,-4.26,0.0,,8,,20261007
BDVSY,The Bidvest Group Limited,Industrials,Conglomerates,PNK,27.13,12062,4610576896,0.563,28.64,28.26,-2.6746,-9.0,-14.14,-6.15,-9.66,0.0,25.75,4,32.0,25.2,-15.22,0.0,,8,,20261007
WFG,West Fraser Timber Co. Ltd.,Basic Materials,Lumber & Wood Production,NYSE,63.3,219779,4956632064,2.1986,68.88,66.3,-2.5384,-7.42,-18.14,-23.92,-17.77,0.0,48.25,3,76.99,57.34,-17.78,0.0,,8,,20261007
ACMR,"ACM Research, Inc.",Technology,Semiconductor Equipment & Materials,NASDAQ,75.35,1055365,5248067072,5.004,76.29,67.42,-0.1877,-27.95,61.01,63.63,39.82,0.0,45.75,3,127.19,28.46,-40.76,0.0,,8,,20261007
CRSP,CRISPR Therapeutics AG,Healthcare,Biotechnology,NASDAQ,54.0,1570196,5221403648,3.1047,54.73,53.29,-0.2365,-13.56,-10.13,-37.96,-22.12,0.0,73.25,3,78.48,44.12,-31.19,0.0,,8,,20261007
FMMFF,Fuji Corporation,Industrials,Specialty Industrial Machinery,PNK,47.47,6,4173233664,0.4159,47.02,36.91,1.0861,-9.27,36.07,176.33,80.84,0.0,50.0,2,50.42,16.52,-5.85,0.0,,8,,20261007
PMMAF,PUMA SE,Consumer Cyclical,Footwear & Accessories,PNK,23.6,73,3505995008,0.4088,28.41,28.47,-11.7715,-28.65,-22.89,-26.13,-25.63,0.0,1.25,4,35.0,17.41,-32.57,0.0,,8,,20261007
VOYJF,Valmet Oyj,Industrials,Specialty Industrial Machinery,PNK,31.17,3,6641570816,0.0801,28.47,28.98,33.678,24.46,-20.73,-26.87,-11.89,0.0,75.0,3,36.05,24.72,-13.55,0.0,,8,,20261007
MTPOF,Metropolitan Bank & Trust Company,Financial Services,Banks - Regional,PNK,0.98,2720,4389252608,0.081,0.02,-0.01,11.8024,-277.39,-284.22,-26.43,-179.4,0.0,75.75,3,1.45,0.85,-32.88,0.0,,8,,20261007
RLI,RLI Corp.,Financial Services,Insurance - Property & Casualty,NYSE,56.04,740107,5142957056,1.3234,61.38,57.21,-4.034,-12.2,-17.22,-23.32,-18.4,0.0,18.25,4,67.12,47.26,-16.51,0.0,,8,,20261007
TCCHF,Technogym S.p.A.,Consumer Cyclical,Leisure,PNK,24.0,0,4782992384,0.0001,24.0,20.0,0.0,-3.88,6.79,57.13,24.26,0.0,62.0,3,24.25,14.0,-1.03,0.0,,8,,20261007
ACHR,Archer Aviation Inc.,Industrials,Aerospace & Defense,NYSE,4.65,31240604,3580624640,0.2861,5.59,6.17,-3.2712,-8.7,-31.7,-77.49,-44.27,0.0,36.25,4,14.62,4.3,-68.19,0.0,,8,,20261007
RDN,Radian Group Inc.,Financial Services,Insurance - Specialty,NYSE,34.11,1354928,4512798208,0.9304,35.87,34.91,-1.8876,-13.16,-17.64,-16.87,-16.21,0.0,32.75,4,41.05,30.53,-16.91,0.0,,8,,20261007
ACLS,"Axcelis Technologies, Inc.",Technology,Semiconductor Equipment & Materials,NASDAQ,141.15,373873,4358921728,6.1916,124.4,120.48,2.7049,-0.56,26.93,41.44,25.86,0.0,63.75,2,193.78,73.6,-27.16,0.0,,8,,20261007
VSECU,VSE Corporation,Industrials,Aerospace & Defense,NASDAQ,44.99,33122,0,1.5243,51.79,44.99,-4.4625,-19.56,-26.01,-24.04,-23.61,0.0,35.0,3,68.1,38.45,-33.94,0.0,,8,,20261007
VSEC,VSE Corporation,Industrials,Aerospace & Defense,NASDAQ,168.48,402220,4728386560,8.8818,200.98,198.5,-3.6587,-23.16,-28.06,-14.92,-21.58,0.0,7.5,4,247.85,154.67,-32.02,0.0,,8,,20261007
MTPOY,Metropolitan Bank & Trust Company,Financial Services,Banks - Regional,PNK,21.0,40,4722286592,0.2999,20.44,21.34,1.8708,-4.44,-23.27,-34.11,-22.9,0.0,37.0,3,27.3,18.2,-23.08,0.0,,8,,20261007
AUTSF,AutoStore Holdings Ltd.,Industrials,Specialty Industrial Machinery,PNK,1.68,129,5629868032,0.0152,1.68,1.68,0.0,-3.62,-3.62,-3.62,-3.62,0.0,62.0,3,1.76,1.62,-4.55,0.0,,8,,20261007
BTDPY,Barratt Redrow plc,Consumer Cyclical,Residential Construction,PNK,8.2,28671,5631317504,0.2554,8.3,8.21,-0.3952,8.32,2.83,-37.83,-12.06,0.0,56.5,4,11.24,6.38,-27.05,0.0,,8,,20261007
GSISF,Genesis Minerals Limited,Basic Materials,Gold,PNK,5.0,5048,5874962432,0.1889,5.28,4.72,-1.4984,17.89,5.34,13.75,11.84,0.0,51.25,3,6.54,3.49,-23.55,0.0,,8,,20261007
AYYLF,Ayala Corporation,Industrials,Conglomerates,PNK,8.0,79,5047236608,0.0132,8.0,8.03,-0.182,18.71,-26.86,-39.14,-20.38,0.0,49.0,3,10.3,6.55,-22.33,0.0,,8,,20261007
BKEAY,"The Bank of East Asia, Limited",Financial Services,Banks - Regional,PNK,2.35,885,6219451904,0.1031,2.2,1.84,1.4611,47.66,14.28,45.53,35.13,0.0,78.75,2,2.69,1.5,-12.64,0.0,,8,,20261007
XXI,"Twenty One Capital, Inc.",Consumer Defensive,Education & Training Services,NYSE,6.53,1938200,4254157824,0.414,5.66,6.73,2.0953,19.84,-13.29,-90.81,-36.02,0.0,72.0,3,24.28,4.15,-73.11,0.0,,8,,20261007
GHC,Graham Holdings Company,Industrials,Conglomerates,NYSE,1157.67,29726,4902649344,25.5383,1161.39,1127.54,-0.1456,-4.72,-10.65,-17.32,-11.83,0.0,48.25,3,1262.35,929.76,-8.29,0.0,,8,,20261007
PBF,PBF Energy Inc.,Energy,Oil & Gas Refining & Marketing,NYSE,82.88,3370101,9824333824,4.5999,72.47,48.51,2.2634,52.48,62.57,160.95,99.4,0.0,91.25,2,85.08,25.62,-2.59,0.0,,8,,20261007
WHITF,Whitehaven Coal Limited,Energy,Thermal Coal,PNK,5.38,7610,4414513152,0.274,5.44,5.68,-0.2343,2.61,-36.01,7.15,-9.09,0.0,57.75,3,6.85,0.01,-21.46,0.0,,8,,20261007
EMAT,Evolution Metals & Technologies Corp.,Basic Materials,Other Industrial Metals & Mining,NASDAQ,1.92,921823,1204225152,0.4327,3.19,1.92,-2.9407,-69.16,-95.05,-103.76,-92.06,0.0,35.0,3,24.09,1.88,-92.03,0.0,,8,,20261007
GAERF,"Grupo Aeroportuario del Centro Norte, S.A.B. de C.V.",Industrials,Airports & Air Services,PNK,12.03,67,4646583808,0.1865,12.64,9.86,-3.2801,-21.75,72.97,191.4,96.66,0.0,37.0,3,17.82,10.36,-32.48,0.0,,8,,20261007
QNTPF,XtalPi Holdings Limited,Unknown,Unknown,PNK,1.0,16203,0,0.0897,1.08,1.0,-0.979,-50.91,-54.31,-44.08,-49.36,0.0,27.5,3,2.0,0.8,-50.25,0.0,,8,,20261007
LAZ,"Lazard, Inc.",Financial Services,Capital Markets,NYSE,36.36,1674167,3543302912,1.5726,41.01,44.7,-2.9543,-14.58,-28.52,-44.5,-31.42,0.0,6.25,4,58.75,35.16,-38.11,0.0,,8,,20261007
DNTH,"Dianthus Therapeutics, Inc.",Healthcare,Biotechnology,NCM,85.4,815907,4776795648,4.6582,104.0,81.6,-3.9921,-17.7,-19.71,126.74,39.37,0.0,27.5,3,117.88,32.22,-27.55,0.0,,8,,20261007
PSMMY,Persimmon Plc,Consumer Cyclical,Residential Construction,PNK,32.74,7090,5257482240,0.8957,31.33,31.46,1.5769,17.66,-1.29,-8.96,0.38,0.0,85.0,3,41.84,26.71,-21.75,0.0,,8,,20261007
SEB,Seaboard Corporation,Industrials,Conglomerates,NYSE,4112.69,12428,3939113984,135.7496,4219.29,4811.99,-0.7852,-13.96,-47.43,-1.91,-20.86,0.0,22.0,4,5989.37,3140.01,-31.33,0.0,,8,,20261007
NTSK,"Netskope, Inc.",Technology,Software - Infrastructure,NASDAQ,19.64,5578796,8024663040,1.0155,15.53,12.79,4.0456,59.99,87.52,-32.84,32.49,0.0,92.5,2,24.98,7.67,-21.38,0.0,,8,,20261007
TGS,Transportadora de Gas del Sur S.A.,Energy,Oil & Gas Integrated,NYSE,27.04,221271,4070931968,0.9157,28.47,30.21,-1.5661,-12.96,-40.56,10.05,-13.42,0.0,10.0,4,36.35,20.36,-25.61,0.0,,8,,20261007
BOOT,"Boot Barn Holdings, Inc.",Consumer Cyclical,Apparel Retail,NYSE,124.32,680734,3765011712,5.2651,146.19,164.42,-4.1534,-25.31,-35.83,-45.13,-36.92,0.0,11.25,4,210.25,119.21,-40.87,0.0,,8,,20261007
XMTR,"Xometry, Inc.",Industrials,Industrial Distribution,NASDAQ,110.66,754893,6343426560,5.2809,92.82,72.89,3.3774,18.84,143.13,97.12,93.65,0.0,91.25,2,112.94,35.86,-2.02,0.0,,8,,20261007
PAM,Pampa Energía S.A.,Industrials,Conglomerates,NYSE,81.48,171589,4367634944,2.5181,82.06,83.18,-0.2314,-5.97,-25.96,16.34,-4.04,0.0,34.0,4,94.5,58.5,-13.78,0.0,,8,,20261007
ZETA,Zeta Global Holdings Corp.,Technology,Software - Infrastructure,NYSE,32.95,7716655,8213038592,1.4777,28.96,21.42,2.7005,47.34,90.82,52.79,64.74,0.0,87.5,2,34.8,14.37,-5.32,0.0,,8,,20261007
NNNN,Anbio Biotechnology,Healthcare,Medical Instruments & Supplies,NASDAQ,4.9,148717,215066880,0.694,7.58,20.01,-3.8616,-62.13,-100.88,-102.44,-91.82,0.0,13.75,4,44.73,4.66,-89.05,0.0,,8,,20261007
PTEN,"Patterson-UTI Energy, Inc.",Energy,Oil & Gas Drilling,NASDAQ,11.41,8365712,4351601152,0.4858,11.44,9.94,-0.0583,13.79,-15.45,96.47,36.63,0.0,69.5,3,13.39,5.24,-14.79,0.0,,8,,20261007
HSKCF,HASEKO Corporation,Consumer Cyclical,Residential Construction,PNK,17.62,0,4666772480,2.6559,-27.38,4.56,16.9436,-158.3,-193.42,-91.29,-143.79,0.0,62.0,3,17.62,12.74,0.0,0.0,,8,,20261007
ATAT,Atour Lifestyle Holdings Limited,Consumer Cyclical,Lodging,NASDAQ,32.21,916082,4450969600,0.8899,33.85,35.45,-1.8486,-3.62,-26.69,-26.09,-20.68,0.0,61.5,4,43.17,30.77,-25.39,0.0,,8,,20261007
MEOH,Methanex Corporation,Basic Materials,Chemicals,NASDAQ,60.81,848920,4704521216,1.9151,58.01,54.28,1.4609,20.01,-22.86,42.43,13.97,0.0,91.25,2,66.75,32.0,-8.9,0.0,,8,,20261007
ASB,Associated Banc-Corp,Financial Services,Banks - Regional,NYSE,28.9,1899610,5457755136,0.5531,30.32,28.03,-2.5626,-7.1,-7.53,-2.58,-5.44,0.0,44.5,3,32.46,23.86,-10.97,0.0,,8,,20261007
FCN,"FTI Consulting, Inc.",Industrials,Consulting Services,NYSE,137.61,422098,3799629056,4.5743,148.63,162.02,-2.4093,-16.78,-44.2,-31.67,-32.33,0.0,8.75,4,189.3,129.12,-27.31,0.0,,8,,20261007
RIOCF,RioCan Real Estate Investment Trust,Real Estate,REIT - Retail,PNK,14.39,259395,4196349696,0.1941,15.01,14.69,-3.1737,-14.68,-15.56,-8.24,-12.41,0.0,29.0,4,16.55,12.54,-13.05,0.0,,8,,20261007
GMVHF,Entain Plc,Consumer Cyclical,Gambling,PNK,5.46,19528,3694026240,0.4044,6.96,7.83,-3.726,-29.04,-46.78,-71.87,-52.38,0.0,15.0,4,11.71,5.3,-53.39,0.0,,8,,20261007
LAUR,"Laureate Education, Inc.",Consumer Defensive,Education & Training Services,NASDAQ,38.25,1027814,5268913152,1.0362,37.39,35.2,0.8325,-8.04,-7.27,12.03,0.26,0.0,62.5,2,40.92,24.98,-6.54,0.0,,8,,20261007
BB,BlackBerry Limited,Technology,Software - Infrastructure,NYSE,9.58,15415184,5623769088,0.4996,8.36,6.43,2.435,-18.63,156.51,95.21,88.21,0.0,62.5,2,13.59,3.12,-29.51,0.0,,8,,20261007
NNI,"Nelnet, Inc.",Financial Services,Credit Services,NYSE,124.32,131673,4448099840,2.2305,127.66,130.67,-1.499,-10.21,-23.17,-20.81,-18.99,0.0,34.0,4,144.38,116.62,-13.89,0.0,,8,,20261007
MDU,"MDU Resources Group, Inc.",Utilities,Utilities - Regulated Gas,NYSE,18.95,1651018,3986122240,0.3653,19.51,20.4,-1.5208,-13.13,-29.77,-7.71,-16.78,0.0,31.5,4,22.98,18.18,-17.54,0.0,,8,,20261007
SPHR,Sphere Entertainment Co.,Communication Services,Entertainment,NYSE,105.38,687828,3784576000,7.275,146.9,129.21,-5.7065,-35.03,-33.97,49.67,-0.78,0.0,7.5,4,181.63,57.01,-41.98,0.0,,8,,20261007
GMVHY,Entain Plc,Consumer Cyclical,Gambling,PNK,5.58,42479,3571148288,0.1535,6.72,7.54,-7.4386,-23.4,-43.46,-69.15,-48.72,0.0,7.5,4,11.26,5.34,-50.44,0.0,,8,,20261007
FFIN,"First Financial Bankshares, Inc.",Financial Services,Banks - Regional,NASDAQ,31.92,752878,4575013888,0.6212,33.43,32.17,-2.4352,-10.21,-12.8,-19.91,-14.99,0.0,34.0,4,36.52,28.12,-12.6,0.0,,8,,20261007
MRVGF,Mirvac Group,Real Estate,REIT - Diversified,PNK,1.11,0,4300385280,0.0,1.11,1.16,0.0,-3.88,-20.65,-36.32,-22.73,0.0,49.0,3,1.72,1.11,-35.54,0.0,,8,,20261007
MAIN,Main Street Capital Corporation,Financial Services,Asset Management,NYSE,54.77,533281,5121458688,0.9785,56.43,54.38,-1.6974,4.09,-13.19,-23.78,-13.11,0.0,72.0,3,65.23,48.95,-16.04,0.0,,8,,20261007
DNLZY,Dyno Nobel Limited,Basic Materials,Specialty Chemicals,PNK,2.87,2226,5026992640,0.0932,2.71,2.45,1.7686,2.71,10.88,20.63,12.74,0.0,86.25,2,2.98,1.85,-3.69,0.0,,8,,20261007
UNF,UniFirst Corporation,Industrials,Specialty Business Services,NYSE,251.72,243369,4552147968,6.668,276.6,253.91,-3.7312,-12.21,-19.7,32.27,2.96,0.0,22.0,4,306.67,147.66,-17.92,0.0,,8,,20261007
SPGNY,Springer Nature AG & Co. KGaA,Communication Services,Publishing,PNK,11.44,162,2275290112,0.101,11.18,11.44,2.6062,-1.01,3.01,3.01,2.0,0.0,75.0,3,13.87,10.17,-17.52,0.0,,8,,20261007
ALK,"Alaska Air Group, Inc.",Industrials,Airlines,NYSE,39.89,2788563,4451848192,1.5202,43.06,45.31,-2.0846,-20.85,-10.77,-36.58,-23.61,0.0,8.75,4,60.63,33.03,-34.21,0.0,,8,,20261007
NEXXY,Nexi S.p.A.,Technology,Software - Infrastructure,PNK,4.52,947,5309737984,0.0433,4.79,4.52,-6.1247,2.58,4.84,4.84,4.28,0.0,50.0,3,5.17,4.0,-12.57,0.0,,8,,20261007
MBRFY,MBRF Global Foods Company S.A.,Consumer Defensive,Packaged Foods,PNK,3.52,120778,4895768576,0.1986,3.29,3.41,1.1518,16.18,-23.9,-12.91,-9.49,0.0,80.0,3,4.81,2.5,-26.82,0.0,,8,,20261007
MIR,"Mirion Technologies, Inc.",Industrials,Specialty Industrial Machinery,NYSE,16.27,3868171,4051923968,0.7296,15.48,19.05,1.0861,-5.81,-33.47,-46.28,-31.68,0.0,37.5,3,30.28,14.04,-46.26,0.0,,8,,20261007
LGND,Ligand Pharmaceuticals Incorporated,Healthcare,Biotechnology,NASDAQ,296.94,264217,5919679488,9.8926,291.85,242.84,0.5145,-10.48,26.0,46.39,25.03,0.0,61.25,2,326.63,175.89,-9.09,0.0,,8,,20261007
REYN,Reynolds Consumer Products Inc.,Consumer Cyclical,Packaging & Containers,NASDAQ,22.32,1367717,4704854528,0.5239,23.72,22.92,-2.6701,-17.13,-11.88,-23.63,-17.89,0.0,20.75,4,27.32,20.44,-18.3,0.0,,8,,20261007
AQN,Algonquin Power & Utilities Corp.,Utilities,Utilities - Diversified,NYSE,5.06,4061406,3895703552,0.1013,5.47,5.9,-4.0762,-14.68,-34.37,-26.89,-26.46,0.0,8.75,4,7.11,4.91,-28.83,0.0,,8,,20261007
EBC,"Eastern Bankshares, Inc.",Financial Services,Banks - Regional,NASDAQ,21.2,2401949,4844445184,0.4127,22.16,20.57,-2.3177,-6.24,-10.99,1.92,-4.64,0.0,47.0,3,23.77,16.61,-10.83,0.0,,8,,20261007
HSHZY,Hoshizaki Corporation,Industrials,Specialty Industrial Machinery,PNK,8.98,283,5021061120,0.0177,8.88,8.46,5.883,3.66,-14.1,-20.15,-12.08,0.0,75.0,2,9.71,7.91,-7.47,0.0,,8,,20261007
CNVVF,Convatec Group PLC,Healthcare,Medical Instruments & Supplies,PNK,2.91,1546,5574334464,0.07,3.02,2.96,-1.5517,3.22,-16.45,-14.95,-10.93,0.0,50.25,4,3.65,2.3,-20.27,0.0,,8,,20261007
CSW,"CSW Industrials, Inc.",Industrials,Specialty Industrial Machinery,NYSE,296.89,144693,4837373440,9.7642,313.16,291.69,-1.6659,4.72,-7.31,1.66,-0.71,0.0,58.75,3,355.48,230.45,-16.48,0.0,,8,,20261007
DIOD,Diodes Incorporated,Technology,Semiconductors,NASDAQ,107.74,568687,4961610240,4.6285,93.53,84.73,3.0703,11.36,28.24,87.23,47.62,0.0,90.0,2,125.99,42.28,-14.49,0.0,,8,,20261007
INDV,"Indivior Pharmaceuticals, Inc.",Healthcare,Drug Manufacturers - Specialty & Generic,NASDAQ,35.9,2059914,4237346560,0.9781,36.65,35.74,-0.7642,-16.98,-0.96,37.27,10.32,0.0,47.0,3,42.81,22.78,-16.14,0.0,,8,,20261007
PI,"Impinj, Inc.",Technology,Semiconductors,NASDAQ,184.16,411796,5626900480,7.2264,171.29,144.22,1.7805,23.87,62.71,-18.23,20.62,0.0,87.5,2,247.06,87.36,-25.46,0.0,,8,,20261007
CUYTY,Colruyt Group N.V.,Consumer Defensive,Grocery Stores,PNK,10.25,628,4874909696,0.0966,10.68,9.64,-4.4062,-4.65,-9.35,-4.83,-6.37,0.0,62.0,3,11.52,9.13,-10.99,0.0,,8,,20261007
CHEOY,Cochlear Limited,Healthcare,Medical Devices,PNK,45.3,27118,5925141504,1.4004,46.92,55.07,-1.1601,1.16,-43.28,-68.23,-42.15,0.0,50.75,4,98.49,31.82,-54.01,0.0,,8,,20261007
DNPUF,"Sumitomo Pharma Co., Ltd.",Healthcare,Drug Manufacturers - Specialty & Generic,PNK,9.79,46,4391729664,0.0292,9.13,11.32,22.7013,-0.74,-30.66,-38.15,-26.18,0.0,50.0,3,19.2,8.41,-49.01,0.0,,8,,20261007
UFPI,"UFP Industries, Inc.",Basic Materials,Lumber & Wood Production,NASDAQ,79.0,438093,4357757952,2.2659,84.75,90.31,-2.5393,-8.4,-31.26,-30.59,-25.28,0.0,11.25,4,118.0,75.2,-33.05,0.0,,8,,20261007
FLIDY,FLSmidth & Co. A/S,Industrials,Specialty Industrial Machinery,PNK,9.21,237,4884003840,0.1036,8.56,8.09,6.253,14.06,1.61,24.54,13.89,0.0,75.0,2,9.49,6.53,-2.95,0.0,,8,,20261007
MTN,"Vail Resorts, Inc.",Consumer Cyclical,Resorts & Casinos,NYSE,145.2,769667,5174244864,4.889,143.41,135.17,0.3654,-3.69,-5.09,-19.23,-10.39,0.0,65.0,2,163.34,118.51,-11.11,0.0,,8,,20261007
RELY,"Remitly Global, Inc.",Technology,Software - Infrastructure,NASDAQ,23.2,3490587,4911070208,1.0338,23.86,19.6,-0.6337,-4.35,26.04,26.96,18.81,0.0,47.0,3,27.48,12.08,-15.57,0.0,,8,,20261007
HISEF,"Hisense Home Appliances Group Co., Ltd.",Consumer Cyclical,"Furnishings, Fixtures & Appliances",PNK,2.7,250,4148107520,0.0124,2.81,2.02,-8.6793,-18.08,55.02,40.14,30.8,0.0,37.0,3,3.56,2.39,-24.07,0.0,,8,,20261007
CSTM,Constellium SE,Basic Materials,Aluminum,NYSE,25.5,1592647,3455956992,0.8815,26.94,27.48,-1.6381,-18.54,-24.76,47.48,5.69,0.0,19.5,4,36.99,14.39,-31.06,0.0,,8,,20261007
IBOC,International Bancshares Corporation,Financial Services,Banks - Regional,NASDAQ,68.94,332915,4287482880,1.0894,71.59,70.81,-2.4325,-11.45,-16.73,-15.24,-14.81,0.0,32.75,4,78.46,63.2,-12.13,0.0,,8,,20261007
GTLB,GitLab Inc.,Technology,Software - Infrastructure,NASDAQ,51.63,4729092,8602333184,2.1276,44.23,32.45,3.4769,57.89,104.24,-7.61,47.91,0.0,88.75,2,55.55,18.73,-7.06,0.0,,8,,20261007
TTCIF,Titan S.A.,Basic Materials,Building Materials,PNK,62.9,304,4696167424,0.0739,61.88,63.06,13.8018,-1.61,-26.6,25.29,0.4,0.0,62.0,3,69.93,44.3,-10.06,0.0,,8,,20261007
EXLS,"ExlService Holdings, Inc.",Technology,Information Technology Services,NASDAQ,35.41,2224340,5368598528,1.0327,35.6,32.97,-0.1846,24.55,-3.67,-35.46,-9.33,0.0,72.0,3,43.88,24.85,-19.3,0.0,,8,,20261007
UUUU,Energy Fuels Inc.,Energy,Uranium,NYSE,11.26,7017281,2981350400,0.616,13.11,17.1,-2.9992,-19.09,-54.22,-49.52,-43.55,0.0,2.5,4,27.9,10.61,-59.64,0.0,,8,,20261007
MIMTF,Mitsubishi Materials Corporation,Basic Materials,Other Industrial Metals & Mining,PNK,32.0,17,4181678080,0.0483,30.58,29.54,29.3814,19.45,-16.17,63.97,24.79,0.0,75.0,2,39.0,18.0,-17.95,0.0,,8,,20261007
BKEAF,"The Bank of East Asia, Limited",Financial Services,Banks - Regional,PNK,2.37,220,6272383488,0.0143,2.14,1.75,16.2864,68.05,27.14,48.26,45.81,0.0,75.0,2,2.54,1.41,-6.69,0.0,,8,,20261007
ONDS,Ondas Inc.,Technology,Communication Equipment,NCM,7.41,79785800,4314863104,0.4082,7.98,9.44,-1.3898,-6.24,-41.03,-42.9,-33.08,0.0,7.5,4,15.28,4.95,-51.51,0.0,,8,,20261007
FBIN,"Fortune Brands Innovations, Inc.",Industrials,Building Products & Equipment,NYSE,39.35,2324123,4694195712,1.4006,43.9,45.7,-3.2477,-23.68,-12.14,-41.48,-26.76,0.0,7.5,4,64.84,32.34,-39.31,0.0,,8,,20261007
WSC,WillScot Holdings Corporation,Industrials,Rental & Leasing Services,NCM,17.36,2714150,3145475072,0.7217,20.78,22.06,-4.7364,-35.45,-23.06,-36.58,-31.56,0.0,5.0,4,29.77,14.91,-41.69,0.0,,8,,20261007
HSSKY,HASEKO Corporation,Consumer Cyclical,Residential Construction,PNK,17.85,15,4727689216,0.0003,17.86,17.85,-23.1844,-3.94,-2.71,-2.71,-3.02,0.0,49.0,3,17.86,17.39,-0.06,0.0,,8,,20261007
EPR,EPR Properties,Real Estate,REIT - Specialty,NYSE,55.27,784642,4234174976,1.0717,58.99,55.51,-3.471,-10.64,-9.72,-14.94,-12.04,0.0,19.5,4,64.97,48.11,-14.93,0.0,,8,,20261007
RMLRF,Ramelius Resources Limited,Basic Materials,Gold,PNK,2.65,6693,4997161984,0.1552,2.65,2.67,0.0039,21.41,-22.42,-17.3,-9.41,0.0,69.5,3,3.89,1.83,-31.88,0.0,,8,,20261007
NRSDY,Nordic Semiconductor ASA,Technology,Semiconductors,PNK,18.55,231,3669100288,0.0473,17.55,16.88,21.0396,-6.68,0.27,-6.28,-4.09,0.0,75.0,2,23.4,12.6,-20.73,0.0,,8,,20261007
YADGF,Yadea Group Holdings Ltd.,Consumer Cyclical,Auto Manufacturers,PNK,1.07,16,3268848128,0.0157,0.99,0.66,5.2619,20.53,103.12,22.39,50.18,0.0,75.0,2,2.0,0.8,-46.5,0.0,,8,,20261007
TFSL,TFS Financial Corporation,Financial Services,Banks - Regional,NASDAQ,16.57,831118,4646936064,0.3282,17.14,15.25,-1.7518,-7.5,1.03,16.16,4.95,0.0,44.5,3,19.49,12.54,-14.98,0.0,,8,,20261007
TNEYF,Tamarack Valley Energy Ltd.,Energy,Oil & Gas E&P,PNK,9.4,389134,4451783168,0.2338,9.54,8.33,-0.6092,22.03,-4.75,99.18,43.52,0.0,73.25,3,10.48,4.24,-10.31,0.0,,8,,20261007
MTRN,Materion Corporation,Basic Materials,Other Industrial Metals & Mining,NYSE,312.15,313918,6503246848,13.3286,254.57,201.16,4.3202,21.0,88.39,134.05,89.81,0.0,88.75,2,324.99,109.61,-3.95,0.0,,8,,20261007
BECTY,Bechtle AG,Technology,Information Technology Services,PNK,8.17,39,5147100160,0.0539,8.48,8.06,-5.7132,7.27,11.65,-27.11,-4.95,0.0,63.25,3,11.25,6.0,-27.38,0.0,,8,,20261007
AYALY,Ayala Corporation,Industrials,Conglomerates,PNK,9.25,1146,5835867136,0.4912,7.91,8.16,2.7283,13.89,-22.87,1.86,-3.79,0.0,77.5,3,15.31,6.34,-39.58,0.0,,8,,20261007
TRKNY,Türk Telekomünikasyon Anonim Sirketi,Communication Services,Telecom Services,PNK,3.11,338,5444250112,0.1797,2.62,3.06,2.7071,17.22,-3.13,9.3,6.93,0.0,50.0,3,4.31,1.98,-27.82,0.0,,8,,20261007
KEN,Kenon Holdings Ltd.,Utilities,Utilities - Independent Power Producers,NYSE,61.52,17571,0,1.8736,65.32,72.98,-2.0284,-13.73,-42.55,24.68,-8.45,0.0,10.0,4,95.93,46.68,-35.87,0.0,,8,,20261007
SHC,Sotera Health Company,Healthcare,Diagnostics & Research,NASDAQ,18.25,2555112,5208089600,0.4704,18.67,17.0,-0.8919,-0.31,5.88,-3.26,0.68,0.0,73.25,3,19.85,13.09,-8.06,0.0,,8,,20261007
PFSI,"PennyMac Financial Services, Inc.",Financial Services,Mortgage Finance,NYSE,62.76,579935,3260480512,2.0038,71.76,90.68,-4.4918,-26.92,-47.3,-66.05,-49.7,0.0,6.25,4,160.36,60.79,-60.86,0.0,,8,,20261007
KVYO,"Klaviyo, Inc.",Technology,Software - Application,NYSE,16.6,5916256,4968045056,0.9159,17.56,19.07,-1.0534,-4.78,-29.73,-53.56,-33.02,0.0,8.75,4,33.35,12.53,-50.23,0.0,,8,,20261007
RTMVF,Rightmove plc,Communication Services,Internet Content & Information,PNK,5.6,51,4057355776,0.0517,6.43,6.07,-16.0254,-8.9,-15.99,-56.92,-30.59,0.0,37.0,4,9.44,5.29,-40.68,0.0,,8,,20261007
MWH,"SOLV Energy, Inc.",Utilities,Utilities - Renewable,NASDAQ,26.52,1792079,5367296000,1.3185,26.95,26.52,-0.3249,-13.24,-25.14,-29.45,-23.89,0.0,50.75,3,48.4,23.36,-45.21,0.0,,8,,20261007
HCC,"Warrior Met Coal, Inc.",Basic Materials,Coking Coal,NYSE,92.42,636966,4879968768,3.7478,95.03,90.34,-0.6955,13.95,-19.24,26.88,7.5,0.0,68.25,3,111.42,61.87,-17.05,0.0,,8,,20261007
LASR,"nLIGHT, Inc.",Technology,Semiconductors,NASDAQ,40.03,1206822,2309338368,1.9648,47.45,57.89,-3.7763,-36.56,-49.43,12.08,-21.61,0.0,11.25,4,86.95,28.05,-53.96,0.0,,8,,20261007
NDCVF,Nordic Semiconductor ASA,Technology,Semiconductors,PNK,19.8,2912,3916344064,0.3303,17.99,17.13,5.4904,11.01,8.96,6.31,8.41,0.0,77.5,2,23.29,12.25,-14.98,0.0,,8,,20261007
NWE,"NorthWestern Energy Group, Inc.",Utilities,Utilities - Regulated Electric,NASDAQ,68.92,411921,4239810048,1.423,69.7,68.35,-0.5506,-5.86,-18.01,6.41,-5.2,0.0,47.0,3,75.18,57.12,-8.33,0.0,,8,,20261007
CVLT,"Commvault Systems, Inc.",Technology,Software - Application,NASDAQ,154.98,601482,6423078400,5.6265,138.48,115.84,2.9321,0.71,76.9,-31.72,14.4,0.0,62.5,2,178.93,71.75,-13.39,0.0,,8,,20261007
CUYTF,Colruyt Group N.V.,Consumer Defensive,Grocery Stores,PNK,37.68,0,5314840576,0.0002,37.68,40.79,0.0,-4.78,-33.34,-32.23,-25.76,0.0,49.0,3,44.7,37.68,-15.7,0.0,,8,,20261007
RMVEY,Rightmove plc,Communication Services,Internet Content & Information,PNK,12.16,13487,4405129216,0.3494,12.96,12.13,-2.2804,-1.21,-8.9,-51.22,-23.9,0.0,60.0,3,18.73,10.59,-35.08,0.0,,8,,20261007
CNO,"CNO Financial Group, Inc.",Financial Services,Insurance - Life,NYSE,54.04,865157,4999854592,1.0833,54.48,47.21,-0.4085,-1.31,11.72,20.98,12.16,0.0,74.5,3,57.59,38.22,-6.16,0.0,,8,,20261007
NPIFF,Northland Power Inc.,Utilities,Utilities - Renewable,PNK,16.34,288959,4272943616,0.2138,15.39,15.29,4.4605,3.26,-22.62,-21.95,-15.88,0.0,87.5,2,18.44,11.43,-11.39,0.0,,8,,20261007
OLED,Universal Display Corporation,Technology,Electronic Components,NASDAQ,79.66,736675,3661718272,2.6457,82.13,94.42,-0.9339,-4.16,-30.34,-61.1,-36.1,0.0,23.25,4,153.38,73.23,-48.06,0.0,,8,,20261007
POST,"Post Holdings, Inc.",Consumer Defensive,Packaged Foods,NYSE,73.32,947931,3222912768,2.0421,80.83,93.95,-3.6796,-19.43,-45.5,-49.33,-40.52,0.0,7.5,4,117.28,71.45,-37.48,0.0,,8,,20261007
KPDCF,Keppel DC REIT,Real Estate,REIT - Office,PNK,1.65,1126,4529621504,0.0189,1.67,1.7,-0.9174,-2.37,-20.69,-29.86,-19.78,0.0,25.25,4,2.2,1.51,-25.0,0.0,,8,,20261007
CHEOF,Cochlear Limited,Healthcare,Medical Devices,PNK,90.86,67,5933643776,0.6781,92.04,111.87,-1.7347,2.22,-47.08,-67.89,-43.08,0.0,37.0,4,197.11,64.39,-53.9,0.0,,8,,20261007
EIFZF,Exchange Income Corporation,Industrials,Airlines,PNK,83.66,7104,4717173760,1.2462,88.11,79.46,-3.5677,-13.49,-6.59,44.1,11.96,0.0,26.25,3,95.53,52.9,-12.43,0.0,,8,,20261007
CAI,"Caris Life Sciences, Inc.",Healthcare,Biotechnology,NASDAQ,27.45,4869475,7760998912,1.809,24.99,21.23,1.3648,53.74,27.64,-31.28,10.6,0.0,90.0,2,33.66,14.19,-18.42,0.0,,8,,20261007
CYGIY,"CyberAgent, Inc.",Communication Services,Advertising Agencies,PNK,3.75,42,3803243008,0.0387,4.16,4.29,-10.5853,-24.57,-29.5,-55.18,-38.54,0.0,0.0,4,6.0,3.75,-37.5,0.0,,8,,20261007
MAPGF,Mapletree Logistics Trust,Real Estate,REIT - Industrial,PNK,0.85,817,4337297408,0.0198,0.92,0.96,-3.5322,-16.24,-21.64,-36.95,-26.41,0.0,1.25,4,1.16,0.81,-26.72,0.0,,8,,20261007
MAT,"Mattel, Inc.",Consumer Cyclical,Leisure,NASDAQ,15.93,5352484,4551201280,0.7628,14.41,15.84,1.9964,16.18,-8.31,-29.47,-10.65,0.0,61.25,3,22.48,12.4,-29.14,0.0,,8,,20261007
AD,"Array Digital Infrastructure, Inc.",Communication Services,Telecom Services,NYSE,34.32,204557,2967957504,0.8508,35.81,37.31,-1.7494,-5.99,-28.51,-14.42,-17.24,0.0,55.25,3,60.82,33.12,-43.57,0.0,,8,,20261007
OPEN,Opendoor Technologies Inc.,Real Estate,Real Estate Services,NASDAQ,2.27,47217692,2204376832,0.148,3.13,4.6,-5.8128,-57.39,-68.89,-89.69,-74.33,0.0,5.0,4,9.6,2.25,-76.35,0.0,,8,,20261007
WYGPY,Worley Limited,Energy,Oil & Gas Equipment & Services,PNK,6.66,2760,3247816704,0.0889,7.11,7.91,-5.0141,-14.67,-32.65,-45.09,-33.13,0.0,1.25,4,9.91,6.21,-32.8,0.0,,8,,20261007
MONDY,Mondi plc,Basic Materials,Paper & Paper Products,PNK,21.06,25520,4641601536,0.4947,22.93,22.12,-3.7829,9.33,-24.07,-42.01,-22.9,0.0,49.5,4,26.8,17.87,-21.42,0.0,,8,,20261007
MCARY,"Mercari, Inc.",Consumer Cyclical,Internet Retail,PNK,11.2,178,3655245824,0.1128,13.31,12.1,-18.6879,-22.73,-26.98,31.26,-2.62,0.0,12.0,4,15.2,6.88,-26.32,0.0,,8,,20261007
CUZ,Cousins Properties Incorporated,Real Estate,REIT - Office,NYSE,27.66,1493676,4553584128,0.6342,28.84,26.16,-1.8663,-11.58,8.51,-16.78,-6.63,0.0,50.75,3,32.95,21.03,-16.05,0.0,,8,,20261007
CRGY,Crescent Energy Company,Energy,Oil & Gas E&P,NYSE,13.62,5913573,5358150144,0.4719,13.06,11.38,1.1887,38.65,-17.45,39.49,19.35,0.0,86.25,2,15.47,7.68,-11.96,0.0,,8,,20261007
REZI,"Resideo Technologies, Inc.",Industrials,Industrial Distribution,NYSE,18.92,2466200,2872952320,0.7099,20.69,23.41,-2.4914,-19.17,-41.17,-54.61,-41.05,0.0,10.0,4,31.52,17.51,-39.97,0.0,,8,,20261007
ACIW,"ACI Worldwide, Inc.",Technology,Software - Infrastructure,NASDAQ,50.71,922768,5119439872,1.3428,52.6,46.67,-1.4096,-14.03,5.57,-23.1,-10.8,0.0,47.0,3,61.08,38.05,-16.98,0.0,,8,,20261007
COCO,"The Vita Coco Company, Inc.",Consumer Defensive,Beverages - Non-Alcoholic,NASDAQ,54.48,1180453,3152439040,2.4255,60.2,61.39,-2.3576,-25.17,-8.1,10.45,-4.94,0.0,11.25,4,85.83,38.07,-36.53,0.0,,8,,20261007
FELE,"Franklin Electric Co., Inc.",Industrials,Specialty Industrial Machinery,NASDAQ,99.25,278253,4387987968,2.0312,101.23,99.8,-0.9733,-6.51,-14.37,-13.52,-12.06,0.0,31.5,4,115.82,89.54,-14.31,0.0,,8,,20261007
LMND,"Lemonade, Inc.",Financial Services,Insurance - Property & Casualty,NYSE,46.3,1226895,3583463168,1.9979,50.31,61.44,-2.006,-39.6,-38.98,-32.75,-36.64,0.0,8.75,4,99.9,43.28,-53.65,0.0,,8,,20261007
TCBIO,"Texas Capital Bancshares, Inc.",Financial Services,Banks - Regional,NASDAQ,18.5,19809,0,0.3916,19.74,20.3,-3.1744,-13.56,-30.92,-26.65,-24.87,0.0,22.0,4,22.95,17.96,-19.37,0.0,,8,,20261007
TCBI,"Texas Capital Bancshares, Inc.",Financial Services,Banks - Regional,NASDAQ,92.97,488421,4041811968,1.7325,97.4,98.37,-2.5543,-12.97,-23.12,-7.49,-14.33,0.0,31.5,4,108.92,75.41,-14.64,0.0,,8,,20261007
MNODF,Mondi plc,Basic Materials,Paper & Paper Products,PNK,11.15,917,5411890176,0.0152,11.35,11.02,-12.9039,11.27,-19.64,-38.58,-19.49,0.0,62.0,3,13.3,9.7,-16.17,0.0,,8,,20261007
LION,Lionsgate Studios Corp.,Unknown,Unknown,NYSE,11.35,2681782,3377302528,0.4093,11.69,11.38,-0.8287,-21.2,-2.85,56.94,16.48,0.0,37.75,4,16.7,5.88,-32.04,0.0,,8,,20261007
PTITF,PT Indosat Tbk,Communication Services,Telecom Services,PNK,0.11,31,4892886016,0.0,0.11,0.12,0.0,-24.68,-29.66,-47.49,-35.54,0.0,37.0,3,0.15,0.11,-24.73,0.0,,8,,20261007
TBBB,BBB Foods Inc.,Consumer Defensive,Discount Stores,NYSE,54.24,676114,6539324928,1.6397,48.53,39.85,3.4834,27.51,29.45,92.8,54.31,0.0,88.75,2,54.74,23.81,-0.91,0.0,,8,,20261007
NHKGF,"NHK Spring Co., Ltd.",Consumer Cyclical,Auto Parts,PNK,20.8,2,4213980672,1.7777,-9.94,-2.93,17.2948,-248.57,-368.62,71.87,-162.41,0.0,62.0,3,24.51,14.16,-15.14,0.0,,8,,20261007
ANDG,Andersen Group Inc.,Consumer Cyclical,Personal Services,NYSE,57.12,482826,1059028224,2.2136,52.27,36.02,2.1893,40.2,80.59,125.77,88.56,0.0,85.0,2,58.18,18.12,-1.82,0.0,,8,,20261007
KNTNF,K92 Mining Inc.,Basic Materials,Gold,OQX,19.67,81856,4833141760,0.7684,20.18,18.62,-0.6613,23.18,-6.19,37.1,18.47,0.0,77.0,3,24.87,11.64,-20.91,0.0,,8,,20261007
RBSFY,Rubis,Energy,Oil & Gas Refining & Marketing,PNK,7.75,357,4005049856,0.1684,7.96,7.75,-1.2383,2.47,-21.86,0.96,-6.65,0.0,62.0,3,8.76,6.54,-11.53,0.0,,8,,20261007
SGBAF,SES S.A.,Communication Services,Broadcasting,PNK,4.68,830,1892844928,0.1237,5.76,7.45,-8.7245,-52.19,-54.14,-57.29,-54.91,0.0,1.25,4,11.4,4.59,-58.95,0.0,,8,,20261007
BCO,The Brink's Company,Industrials,Security & Protection Services,NYSE,103.5,478951,4262236416,3.3281,109.84,111.39,-1.9043,-4.82,-17.59,-26.74,-18.06,0.0,22.0,4,136.37,91.05,-24.1,0.0,,8,,20261007
AMVIF,Aumovio SE,Consumer Cyclical,Auto Parts,PNK,40.96,6224,0,1.8569,40.96,40.96,0.0,-5.69,-5.69,-5.69,-5.69,0.0,77.0,3,46.09,37.86,-11.13,0.0,,8,,20261007
AIR,AAR Corp.,Industrials,Aerospace & Defense,NYSE,104.03,499096,4181403904,5.5268,128.63,117.56,-4.4514,-26.74,-27.42,9.5,-12.48,0.0,10.0,4,154.0,76.1,-32.45,0.0,,8,,20261007
SAIC,Science Applications International Corporation,Technology,Information Technology Services,NASDAQ,124.59,442766,5220026368,3.7595,126.95,107.45,-0.627,5.6,5.57,6.62,6.0,0.0,74.5,3,142.66,81.08,-12.67,0.0,,8,,20261007
AGLXY,AGL Energy Limited,Utilities,Utilities - Independent Power Producers,PNK,5.75,2317,3868296704,0.1565,5.96,6.17,-1.3475,-5.28,-36.09,-17.16,-20.81,0.0,50.25,3,7.57,5.54,-24.04,0.0,,8,,20261007
HRI,Herc Holdings Inc.,Industrials,Rental & Leasing Services,NYSE,134.73,615359,4504218112,7.6786,149.23,140.0,-1.8887,-8.11,25.74,-10.52,2.77,0.0,20.75,4,188.35,88.45,-28.47,0.0,,8,,20261007
CBT,Cabot Corporation,Basic Materials,Specialty Chemicals,NYSE,77.11,425278,3981266944,2.0534,82.26,78.32,-2.5056,-11.24,-14.62,-12.6,-12.97,0.0,23.25,4,94.53,58.33,-18.43,0.0,,8,,20261007
ELFIF,E-L Financial Corporation Limited,Financial Services,Insurance - Life,PNK,12.42,5643,4285970688,0.1249,12.53,12.07,-0.8502,0.53,-12.59,-4.13,-5.92,0.0,70.75,3,13.92,11.02,-10.78,0.0,,8,,20261007
FTDR,"Frontdoor, Inc.",Consumer Cyclical,Personal Services,NASDAQ,78.77,549571,5426725888,2.5478,79.82,67.34,-0.4133,2.93,24.46,-3.05,8.07,0.0,74.5,3,93.43,48.47,-15.69,0.0,,8,,20261007
MZDAF,Mazda Motor Corporation,Consumer Cyclical,Auto Manufacturers,PNK,6.4,281,4038209536,0.1413,7.18,7.05,-5.4941,-6.92,-10.57,-16.38,-11.98,0.0,39.5,3,9.35,6.04,-31.55,0.0,,8,,20261007
CYAGF,"CyberAgent, Inc.",Communication Services,Advertising Agencies,PNK,8.06,2,4089246976,1.0781,-10.38,-12.18,17.1082,-165.51,-183.82,-158.94,-169.29,0.0,62.0,3,13.0,7.25,-37.97,0.0,,8,,20261007
MTH,Meritage Homes Corporation,Consumer Cyclical,Residential Construction,NYSE,62.82,810825,4094236416,2.1286,68.14,68.71,-2.4983,-19.92,-14.48,-31.25,-22.55,0.0,24.5,4,85.38,58.03,-26.42,0.0,,8,,20261007
VVV,Valvoline Inc.,Consumer Cyclical,Auto & Truck Dealerships,NYSE,30.87,2375565,3937038848,1.035,32.32,34.25,-1.3993,-22.83,-26.88,-31.35,-27.66,0.0,34.0,4,41.08,26.21,-24.85,0.0,,8,,20261007
RDNT,"RadNet, Inc.",Healthcare,Diagnostics & Research,NASDAQ,70.28,715698,5530878464,2.5867,72.8,65.47,-0.9743,2.37,9.98,-27.16,-6.78,0.0,73.25,3,85.84,50.82,-18.13,0.0,,8,,20261007
HNGE,"Hinge Health, Inc.",Healthcare,Health Information Services,NYSE,98.35,1794187,7936295936,3.9492,89.46,61.66,2.2513,6.35,139.9,74.08,80.18,0.0,85.0,2,100.36,30.08,-2.0,0.0,,8,,20261007
NINOF,Nikon Corporation,Consumer Cyclical,Leisure,PNK,11.24,66,3704291584,0.5452,2.33,1.12,16.3467,642.9,624.26,-9432.04,-3393.6,0.0,76.25,2,14.5,9.83,-22.45,0.0,,8,,20261007
BKGFF,The Berkeley Group Holdings plc,Consumer Cyclical,Residential Construction,PNK,44.79,2,4069191680,0.2287,46.43,48.28,-7.1575,-8.58,-37.86,-25.91,-25.76,0.0,49.0,4,58.82,42.33,-23.84,0.0,,8,,20261007
HSYDF,Harmonic Drive Systems Inc.,Industrials,Specialty Industrial Machinery,PNK,41.98,3437,3974301184,2.6398,30.61,23.76,4.3096,11.56,103.12,379.99,190.98,0.0,61.25,2,57.16,16.2,-26.55,0.0,,8,,20261007
MRP,"Millrose Properties, Inc.",Real Estate,REIT - Residential,NYSE,23.17,1599574,3847330304,0.9614,28.02,27.58,-5.0491,-19.83,-30.13,-37.2,-30.38,0.0,7.5,4,33.49,21.85,-30.82,0.0,,8,,20261007
CVSA,Covista Inc.,Consumer Defensive,Education & Training Services,NYSE,127.37,357248,4312774656,3.8364,128.27,117.76,-0.2345,-7.44,-7.97,-31.9,-17.41,0.0,77.0,3,156.26,86.97,-18.49,0.0,,8,,20261007
SMDPY,"Sumitomo Pharma Co., Ltd.",Healthcare,Drug Manufacturers - Specialty & Generic,PNK,10.32,736,4631727104,0.075,9.54,11.05,10.4156,7.74,-46.18,-23.17,-23.5,0.0,62.0,3,24.48,7.84,-57.82,0.0,,8,,20261007
MANE,"Veradermics, Incorporated",Healthcare,Biotechnology,NYSE,108.96,725226,4552363520,6.3191,107.54,108.96,0.2255,-12.64,73.35,174.21,92.2,0.0,63.75,3,131.24,32.0,-16.98,0.0,,8,,20261007
KBR,"KBR, Inc.",Industrials,Engineering & Construction,NYSE,34.61,1473236,4363205120,1.0639,36.58,37.25,-1.8475,-8.93,-26.26,-43.41,-28.79,0.0,22.0,4,47.62,29.94,-27.32,0.0,,8,,20261007
CNR,"Core Natural Resources, Inc.",Energy,Thermal Coal,NYSE,90.21,523862,4477686784,3.1462,92.37,90.89,-0.6866,7.34,-28.32,-15.66,-14.34,0.0,57.75,3,114.8,74.75,-21.42,0.0,,8,,20261007
SFBS,"ServisFirst Bancshares, Inc.",Financial Services,Banks - Regional,NYSE,38.72,570845,4233839360,0.9868,42.69,40.19,-4.0227,-12.1,-14.15,-20.3,-16.1,0.0,19.5,4,46.04,33.6,-15.9,0.0,,8,,20261007
COLD,"Americold Realty Trust, Inc.",Real Estate,REIT - Industrial,NYSE,13.86,3689917,3975697664,0.4821,14.35,13.26,-1.0265,-15.19,6.32,-3.47,-2.98,0.0,48.25,3,16.88,10.1,-17.89,0.0,,8,,20261007
ANIOY,"Acerinox, S.A.",Basic Materials,Steel,PNK,9.56,1276,4808763904,0.0903,10.11,8.47,-6.1301,0.22,18.84,28.19,17.92,0.0,52.5,3,10.74,6.22,-10.99,0.0,,8,,20261007
MZDAY,Mazda Motor Corporation,Consumer Cyclical,Auto Manufacturers,PNK,3.38,30289,4265358848,0.108,3.64,3.6,-2.3816,-5.95,-13.16,-23.0,-15.29,0.0,45.75,4,4.55,3.1,-25.71,0.0,,8,,20261007
USAC,"USA Compression Partners, LP",Energy,Oil & Gas Equipment & Services,NYSE,25.84,331709,3745336064,0.5979,26.33,25.96,-0.8256,-7.2,-21.68,2.68,-8.32,0.0,32.75,4,30.55,21.85,-15.42,0.0,,8,,20261007
UPCHY,Uni-President China Holdings Ltd,Consumer Defensive,Beverages - Non-Alcoholic,PNK,89.5,14,3865804032,0.2694,93.62,92.12,-15.2994,-1.31,-20.21,-24.77,-17.31,0.0,49.0,4,117.05,85.53,-23.54,0.0,,8,,20261007
GRTUF,Granite Real Estate Investment Trust,Real Estate,REIT - Industrial,OQX,58.38,6194,3624463360,0.524,63.27,63.04,-9.3342,-19.32,-19.85,-6.89,-14.53,0.0,15.75,4,72.03,50.0,-18.95,0.0,,8,,20261007
MNSO,MINISO Group Holding Limited,Consumer Cyclical,Specialty Retail,NYSE,8.91,849712,2609253632,0.2728,10.41,14.34,-5.4869,-29.33,-62.11,-75.51,-59.28,0.0,7.5,4,23.1,8.55,-61.43,0.0,,8,,20261007
HAFN,Hafnia Limited,Industrials,Marine Shipping,NYSE,10.13,1864568,5422904832,0.3547,8.36,7.02,4.9825,42.35,20.24,69.89,45.63,0.0,90.0,2,10.42,5.17,-2.78,0.0,,8,,20261007
KC,Kingsoft Cloud Holdings Limited,Technology,Software - Application,NASDAQ,9.35,1470695,2799106560,0.3533,10.51,12.27,-3.2939,-15.9,-49.88,-56.4,-43.99,0.0,7.5,4,18.52,8.35,-49.51,0.0,,8,,20261007
KKKUF,"Kakaku.com, Inc.",Communication Services,Internet Content & Information,PNK,24.36,12,4883162624,0.1418,23.63,17.85,5.1496,13.26,85.95,9.25,37.1,0.0,75.0,2,26.15,11.15,-6.83,0.0,,8,,20261007
WYGPF,Worley Limited,Energy,Oil & Gas Equipment & Services,PNK,6.6,181,3218557184,0.059,7.51,8.22,-15.4346,-32.25,-35.13,-44.01,-37.97,0.0,0.0,4,9.57,6.6,-31.03,0.0,,8,,20261007
CRNLF,Capricorn Metals Ltd,Basic Materials,Gold,PNK,10.23,367,4674290176,0.3013,11.27,9.68,-3.4748,5.86,16.44,13.93,12.79,0.0,50.0,3,13.75,6.57,-25.64,0.0,,8,,20261007
SOOBF,Sapporo Breweries Limited,Consumer Defensive,Beverages - Brewers,PNK,11.9,7,4638728704,0.0305,12.11,-0.98,-7.2035,-4.51,-257.77,72.5,-62.35,0.0,62.0,3,13.0,8.42,-8.5,0.0,,8,,20261007
HKMPY,Hikma Pharmaceuticals PLC,Healthcare,Drug Manufacturers - Specialty & Generic,PNK,42.5,414,4398071808,0.3735,43.2,39.44,-1.8852,-7.1,3.49,-28.23,-11.84,0.0,63.25,3,50.56,31.8,-15.94,0.0,,8,,20261007
AMVOY,Aumovio SE,Consumer Cyclical,Auto Parts,PNK,8.26,4907,4132105984,0.3894,8.47,8.78,-0.5268,-4.23,-10.81,-21.52,-13.45,0.0,31.5,4,14.78,7.12,-44.11,0.0,,8,,20261007
TDS,"Telephone and Data Systems, Inc.",Communication Services,Telecom Services,NYSE,35.15,1296103,4046327552,1.055,35.15,40.11,0.0038,-3.61,-40.0,-28.4,-26.26,0.0,58.75,3,49.12,31.51,-28.44,0.0,,8,,20261007
SLM,SLM Corporation,Financial Services,Credit Services,NASDAQ,22.58,2347583,4245039872,0.6857,25.66,23.88,-4.4851,-9.84,-14.54,-33.9,-21.11,0.0,20.75,4,31.06,17.77,-27.3,0.0,,8,,20261007
SLMBP,SLM Corporation,Financial Services,Credit Services,NASDAQ,74.17,2306,32312974978,0.4042,73.74,72.13,1.0547,-2.76,-15.93,-11.18,-10.74,0.0,83.75,2,76.27,70.58,-2.75,0.0,,8,,20261007
BKGFY,The Berkeley Group Holdings plc,Consumer Cyclical,Residential Construction,PNK,8.58,62144,3897049344,0.2013,9.3,9.76,-3.5748,-6.64,-17.72,-37.11,-22.71,0.0,5.0,4,12.54,8.09,-31.58,0.0,,8,,20261007
VNT,Vontier Corporation,Technology,Scientific & Technical Instruments,NYSE,32.84,1427361,4439968256,0.8165,32.49,34.1,0.434,10.46,-25.7,-38.13,-21.64,0.0,70.75,3,48.2,27.25,-31.87,0.0,,8,,20261007
CITAF,"COSCO SHIPPING Development Co., Ltd.",Industrials,Aerospace & Defense,PNK,0.11,126,1508215296,0.0017,0.09,0.09,12.0597,41.7,-1.72,-12.17,4.95,0.0,75.0,2,0.15,0.1,-23.57,0.0,,8,,20261007
FMCKM,Federal Home Loan Mortgage Corporation,Financial Services,Mortgage Finance,OQB,5.04,7993,16235502673,0.226,6.99,9.03,-8.6325,-39.75,-62.78,-81.02,-64.32,0.0,7.5,4,14.0,5.01,-64.0,0.0,,8,,20261007
FMCKP,Federal Home Loan Mortgage Corporation,Financial Services,Mortgage Finance,OQB,10.09,233,32503219384,0.1671,13.43,16.66,-19.9732,-34.37,-56.46,-78.9,-59.91,0.0,0.0,4,26.26,10.0,-61.58,0.0,,8,,20261007
FMCCJ,Federal Home Loan Mortgage Corporation,Financial Services,Mortgage Finance,OQB,9.0,2025,28991969280,0.3083,11.38,13.9,-7.7115,-28.18,-50.03,-76.16,-55.02,0.0,10.0,4,21.2,8.9,-57.55,0.0,,8,,20261007
FREJO,Federal Home Loan Mortgage Corporation PFD 5.1% SAL,Unknown,Unknown,OQB,14.01,7,45130553164,0.0395,15.09,17.28,-27.4012,-21.58,-36.32,-58.39,-41.46,0.0,0.0,4,23.63,14.01,-40.71,0.0,,8,,20261007
FMCCL,Federal Home Loan Mortgage Corporation,Financial Services,Mortgage Finance,OQB,8.77,2781,28251064873,0.4144,11.4,14.35,-6.3519,-34.34,-58.3,-77.43,-59.96,0.0,7.5,4,21.98,8.75,-60.1,0.0,,8,,20261007
FMCCK,Federal Home Loan Mortgage Corporation,Financial Services,Mortgage Finance,OQB,9.96,584,32084446126,0.137,12.55,16.42,-18.911,-36.42,-60.13,-79.73,-62.04,0.0,0.0,4,26.5,9.96,-62.42,0.0,,8,,20261007
FMCCT,Federal Home Loan Mortgage Corporation,Financial Services,Mortgage Finance,OQB,10.45,5567,33662897049,0.3232,13.9,17.85,-10.6705,-36.61,-60.4,-81.52,-62.9,0.0,8.75,4,29.2,10.45,-64.21,0.0,,8,,20261007
FMCKK,Federal Home Loan Mortgage Corporation PFD,Unknown,Unknown,OQB,9.45,3556,0,0.1466,12.24,15.43,-19.0078,-34.78,-54.93,-78.19,-59.19,0.0,0.0,4,25.0,9.45,-62.2,0.0,,8,,20261007
FMCKJ,Federal Home Loan Mortgage Corporation,Financial Services,Mortgage Finance,OQB,6.85,193635,22066109644,0.3416,8.77,10.91,-5.6134,-33.87,-56.51,-75.65,-58.51,0.0,7.5,4,16.98,6.48,-59.66,0.0,,8,,20261007
FMCCG,Federal Home Loan Mortgage Corporation,Financial Services,Mortgage Finance,OQB,9.24,1160,29765087723,0.3271,11.28,13.88,-6.2215,-25.06,-45.8,-74.98,-52.28,0.0,3.75,4,21.74,8.76,-57.5,0.0,,8,,20261007
FMCKI,Federal Home Loan Mortgage Corporation,Financial Services,Mortgage Finance,OQB,5.51,3709,17756293359,0.1989,7.03,9.1,-7.6143,-34.81,-58.21,-77.99,-60.27,0.0,5.0,4,14.48,5.4,-61.93,0.0,,8,,20261007
FMCCN,Federal Home Loan Mortgage Corporation,Financial Services,Mortgage Finance,OQB,9.0,651,28991969280,0.2801,11.26,13.94,-8.0684,-26.04,-54.4,-76.03,-55.96,0.0,5.0,4,21.64,8.75,-58.41,0.0,,8,,20261007
FMCCH,Federal Home Loan Mortgage Corporation,Financial Services,Mortgage Finance,OQB,9.51,746,30634848276,0.2473,12.41,15.59,-11.713,-36.85,-55.38,-78.8,-60.11,0.0,5.0,4,24.83,9.42,-61.7,0.0,,8,,20261007
FREGP,Federal Home Loan Mortgage Corporation,Financial Services,Mortgage Finance,OQB,11.38,110,36658734858,0.0788,13.05,16.56,-21.2312,-28.35,-49.56,-74.81,-54.36,0.0,0.0,4,26.55,11.38,-57.14,0.0,,8,,20261007
FMCKL,Federal Home Loan Mortgage Corporation,Financial Services,Mortgage Finance,OQB,5.69,46506,18316481507,0.2128,7.1,9.27,-6.6598,-38.6,-55.01,-78.12,-60.15,0.0,3.75,4,14.5,5.1,-60.79,0.0,,8,,20261007
FMCCI,Federal Home Loan Mortgage Corporation,Financial Services,Mortgage Finance,OQB,9.0,9181,28991969280,0.402,11.25,13.82,-5.6051,-25.69,-52.94,-76.62,-55.6,0.0,10.0,4,21.84,8.8,-58.79,0.0,,8,,20261007
FMCCM,Federal Home Loan Mortgage Corporation,Financial Services,Mortgage Finance,OQB,9.62,2146,30989193461,0.2961,11.51,14.16,-6.3889,-21.13,-52.21,-73.51,-52.96,0.0,7.5,4,21.5,9.22,-55.26,0.0,,8,,20261007
FMCCP,Federal Home Loan Mortgage Corporation,Financial Services,Mortgage Finance,OQB,10.15,3887,32696497459,0.2118,13.55,17.02,-16.0339,-37.11,-56.51,-79.99,-61.05,0.0,1.25,4,27.25,10.11,-62.75,0.0,,8,,20261007
FMCC,Federal Home Loan Mortgage Corporation,Financial Services,Mortgage Finance,OQB,3.79,1858009,2463725824,0.2911,5.06,6.36,-4.3555,-33.67,-51.7,-86.51,-61.12,0.0,7.5,4,12.1,3.4,-68.68,0.0,,8,,20261007
FREJP,Federal Home Loan Mortgage Corporation PFD 5.30%,Unknown,Unknown,OQB,9.87,206,0,0.1282,12.46,15.74,-20.162,-36.68,-52.96,-76.46,-58.29,0.0,0.0,4,25.0,10.0,-60.5,0.0,,8,,20261007
FMCKO,Federal Home Loan Mortgage Corporation,Financial Services,Mortgage Finance,OQB,5.5,6181,17717314560,0.1648,7.19,9.28,-10.2311,-36.03,-59.64,-79.74,-61.78,0.0,3.75,4,14.5,5.5,-62.07,0.0,,8,,20261007
FMCCO,Federal Home Loan Mortgage Corporation,Financial Services,Mortgage Finance,OQB,10.69,176,34436015493,0.1048,12.88,16.73,-20.8604,-33.75,-52.63,-75.67,-57.13,0.0,0.0,4,27.52,10.69,-61.16,0.0,,8,,20261007
FREJN,Federal Home Loan Mortgage Corporation,Financial Services,Mortgage Finance,OQB,11.72,23,37763649275,0.1327,14.7,17.28,-22.4352,-30.86,-47.73,-71.7,-53.1,0.0,0.0,4,25.95,11.72,-54.82,0.0,,8,,20261007
FMCKN,Federal Home Loan Mortgage Corporation,Financial Services,Mortgage Finance,OQB,6.15,4837,19811179315,0.1356,7.63,9.66,-10.936,-32.34,-58.19,-75.55,-58.67,0.0,3.75,4,14.7,5.85,-58.16,0.0,,8,,20261007
FMCCS,Federal Home Loan Mortgage Corporation,Financial Services,Mortgage Finance,OQB,9.53,2167,30699273277,0.3239,11.65,14.91,-6.5548,-31.19,-53.06,-76.24,-56.86,0.0,5.0,4,23.19,9.5,-58.9,0.0,,8,,20261007
SMR,NuScale Power Corporation,Industrials,Specialty Industrial Machinery,NYSE,8.02,33247331,3291324160,0.5661,8.99,11.86,-1.7156,-13.23,-31.23,-97.69,-53.31,0.0,8.75,4,57.42,7.21,-86.03,0.0,,8,,20261007
PHI,PLDT Inc.,Communication Services,Telecom Services,NYSE,18.09,165523,0,0.458,18.27,19.27,-0.3994,-0.22,-28.6,-14.84,-16.0,0.0,32.75,4,24.51,16.71,-26.19,0.0,,8,,20261007
FHI,"Federated Hermes, Inc.",Financial Services,Asset Management,NYSE,56.56,598317,4222785536,1.3936,60.86,56.59,-3.0835,-5.16,-17.88,-5.43,-9.72,0.0,20.75,4,67.2,46.66,-15.83,0.0,,8,,20261007
LOPE,"Grand Canyon Education, Inc.",Consumer Defensive,Education & Training Services,NASDAQ,155.55,332200,4054416384,4.1899,149.83,158.48,1.3645,-1.55,-27.98,-46.07,-28.61,0.0,74.5,3,223.04,134.27,-30.26,0.0,,8,,20261007
ATHOF,Athabasca Oil Corporation,Energy,Oil & Gas E&P,PNK,8.59,434768,4134366976,0.2908,7.6,7.21,3.4013,8.69,-10.32,61.28,23.07,0.0,85.0,2,10.68,4.35,-19.57,0.0,,8,,20261007
AMMHF,AMMB Holdings Berhad,Financial Services,Banks - Regional,PNK,1.25,0,4156246528,0.0001,1.25,1.28,0.0,-3.88,-33.23,12.92,-7.44,0.0,49.0,3,1.8,1.2,-30.28,0.0,,8,,20261007
STNG,Scorpio Tankers Inc.,Energy,Oil & Gas Midstream,NYSE,86.23,860281,4318515200,2.8464,80.55,73.42,1.9953,7.37,-1.45,35.46,15.52,0.0,90.0,2,90.06,48.93,-4.25,0.0,,8,,20261007
LIMAF,Linamar Corporation,Consumer Cyclical,Auto Parts,PNK,67.57,12259,3985536000,0.8282,71.99,67.74,-5.3351,-8.01,-4.37,9.1,0.11,0.0,19.5,4,80.02,50.04,-15.56,0.0,,8,,20261007
NAMS,NewAmsterdam Pharma Company N.V.,Healthcare,Biotechnology,NASDAQ,22.27,1337100,2603451648,1.3826,25.35,31.04,-2.2242,-42.62,-53.11,-45.06,-47.27,0.0,10.0,4,42.2,21.02,-47.23,0.0,,8,,20261007
PLNT,"Planet Fitness, Inc.",Consumer Cyclical,Leisure,NYSE,42.25,2210033,3204629760,1.9021,49.65,67.13,-3.8926,-23.04,-61.87,-75.69,-57.69,0.0,10.0,4,114.26,37.03,-63.02,0.0,,8,,20261007
INSW,"International Seaways, Inc.",Energy,Oil & Gas Midstream,NYSE,116.46,615993,5768416768,4.3957,98.64,73.98,4.055,33.96,57.01,170.66,96.71,0.0,93.75,2,120.0,42.26,-2.95,0.0,,8,,20261007
BRC,Brady Corporation,Industrials,Security & Protection Services,NYSE,85.11,221551,3991592192,2.2125,90.17,86.48,-2.289,-9.25,-12.25,-7.41,-9.56,0.0,22.0,4,99.29,70.57,-14.28,0.0,,8,,20261007
TVTX,"Travere Therapeutics, Inc.",Healthcare,Biotechnology,NASDAQ,55.98,1526023,5276734976,2.5055,62.25,45.22,-2.5008,-8.86,57.98,109.52,61.88,0.0,58.75,3,68.73,22.59,-18.55,0.0,,8,,20261007
PSUS,"Pershing Square USA, Ltd.",Financial Services,Asset Management,NYSE,37.74,345768,0,0.7696,38.47,37.74,-0.9478,-3.57,-17.77,-17.77,-14.22,0.0,74.5,3,44.0,35.71,-14.23,0.0,,8,,20261007
BDC,Belden Inc.,Technology,Communication Equipment,NYSE,113.21,454716,4424041984,4.1456,119.01,119.05,-1.3979,2.23,-21.36,-21.57,-15.55,0.0,56.5,4,159.99,98.0,-29.24,0.0,,8,,20261007
AZZ,AZZ Inc.,Industrials,Specialty Business Services,NYSE,141.59,262539,4254991872,3.5506,141.18,135.89,0.1149,-6.01,-8.85,13.86,0.95,0.0,61.25,2,162.2,92.98,-12.71,0.0,,8,,20261007
ACDVF,Air Canada,Industrials,Airlines,OQX,18.15,234784,4587327488,0.9653,19.8,15.93,-1.7114,-1.01,21.38,20.56,15.46,0.0,63.75,3,22.52,12.03,-19.42,0.0,,8,,20261007
APEMY,Aperam S.A.,Basic Materials,Steel,PNK,46.62,254,3378261504,0.8394,52.94,48.95,-7.5347,-4.88,0.38,16.1,5.35,0.0,39.5,3,61.65,35.3,-24.38,0.0,,8,,20261007
EE,"Excelerate Energy, Inc.",Energy,Oil & Gas Midstream,NYSE,34.6,371692,3923712512,1.3552,36.87,35.44,-1.6746,-17.13,-14.52,17.33,-2.43,0.0,19.5,4,43.17,24.89,-19.86,0.0,,8,,20261007
CLSK,"CleanSpark, Inc.",Financial Services,Capital Markets,NCM,12.29,20360107,3156281856,0.8698,12.86,12.58,-0.6565,-5.67,16.87,-40.57,-11.74,0.0,30.25,4,23.61,8.0,-47.95,0.0,,8,,20261007
FULTP,Fulton Financial Corporation,Financial Services,Banks - Regional,NASDAQ,17.21,11841,0,0.2893,17.38,17.68,-0.5933,-6.78,-20.63,-25.72,-19.2,0.0,37.75,4,20.15,16.79,-14.59,0.0,,8,,20261007
FULT,Fulton Financial Corporation,Financial Services,Banks - Regional,NASDAQ,22.4,1707182,4276486144,0.4282,23.52,21.73,-2.6047,-9.26,-9.32,8.8,-2.06,0.0,45.75,3,25.23,16.6,-11.22,0.0,,8,,20261007
KNF,Knife River Corporation,Basic Materials,Building Materials,NYSE,53.23,865058,3021516800,2.36,61.98,76.23,-3.7085,-37.92,-47.92,-44.45,-44.03,0.0,10.0,4,96.28,49.16,-44.71,0.0,,8,,20261007
FNNTF,flatexDEGIRO SE,Financial Services,Capital Markets,PNK,33.9,133,3627242752,0.4612,40.31,38.79,-13.8946,-23.07,-36.29,-11.87,-23.22,0.0,1.25,4,43.25,32.5,-21.62,0.0,,8,,20261007
PVH,PVH Corp.,Consumer Cyclical,Apparel Manufacturing,NYSE,78.21,940557,3608439808,2.5778,77.85,76.1,0.1407,-1.35,-24.05,-23.85,-18.29,0.0,63.75,3,100.75,59.6,-22.37,0.0,,8,,20261007
KNSA,"Kiniksa Pharmaceuticals International, plc",Healthcare,Drug Manufacturers - Specialty & Generic,NASDAQ,77.09,598456,6014871040,2.503,77.54,56.57,-0.1803,14.26,38.74,82.61,50.17,0.0,73.25,3,82.94,35.2,-7.05,0.0,,8,,20261007
CRK,"Comstock Resources, Inc.",Energy,Oil & Gas E&P,NYSE,13.65,2531544,4007920384,0.6501,13.77,16.92,-0.184,-6.72,-48.13,-53.98,-40.12,0.0,24.5,4,28.1,12.12,-51.42,0.0,,8,,20261007
LBTYA,Liberty Global Ltd.,Communication Services,Telecom Services,NASDAQ,9.14,2572866,3117540352,0.3104,10.26,11.27,-3.5994,-18.31,-44.89,-39.95,-36.27,0.0,6.25,4,13.52,8.8,-32.4,0.0,,8,,20261007
LBTYB,Liberty Global Ltd.,Communication Services,Telecom Services,NASDAQ,12.56,11565,4284059904,0.4914,12.62,13.04,-0.1282,9.4,-25.75,-8.93,-10.23,0.0,57.75,3,29.01,10.2,-56.7,0.0,,8,,20261007
LBTYK,Liberty Global Ltd.,Communication Services,Telecom Services,NASDAQ,8.95,1517428,3051027968,0.2913,10.01,11.01,-3.6261,-17.55,-43.25,-42.28,-36.44,0.0,7.5,4,13.12,8.65,-31.78,0.0,,8,,20261007
RITPF,RIT Capital Partners Plc,Financial Services,Asset Management,PNK,33.0,160,4073604864,0.2444,35.09,31.72,-8.5467,-0.65,-4.99,2.63,-0.86,0.0,50.0,3,36.34,27.14,-9.19,0.0,,8,,20261007
HKMPF,Hikma Pharmaceuticals PLC,Healthcare,Drug Manufacturers - Specialty & Generic,PNK,21.1,523,4367026688,0.0427,21.83,19.89,-17.1218,0.12,3.22,-21.05,-7.26,0.0,62.0,3,25.34,16.34,-16.73,0.0,,8,,20261007
JGCCY,JGC Holdings Corporation,Industrials,Engineering & Construction,PNK,29.0,53,3510101504,0.167,27.37,28.08,9.7588,-21.8,-3.75,34.48,7.03,0.0,50.0,3,34.95,20.11,-17.02,0.0,,8,,20261007
ITVPY,ITV plc,Communication Services,Broadcasting,PNK,8.92,14889,3258779392,0.2483,9.6,10.28,-2.7188,-13.29,-25.49,-25.7,-22.52,0.0,10.0,4,11.98,8.67,-25.54,0.0,,8,,20261007
GTMEF,"Globe Telecom, Inc.",Communication Services,Telecom Services,PNK,28.2,0,4078610432,0.003,28.09,34.91,37.7281,-3.31,-50.58,-49.47,-38.32,0.0,50.0,3,41.95,28.2,-32.78,0.0,,8,,20261007
SKT,Tanger Inc.,Real Estate,REIT - Retail,NYSE,34.94,912567,4176793600,0.6677,37.48,36.15,-3.8077,-14.87,-17.21,-11.39,-14.3,0.0,18.25,4,42.53,31.13,-17.85,0.0,,8,,20261007
DNP,DNP Select Income Fund Inc.,Financial Services,Asset Management,NYSE,9.74,733486,3689537536,0.1963,10.42,10.17,-3.4502,-13.91,-20.11,-12.4,-15.48,0.0,19.5,4,11.16,9.23,-12.72,0.0,,8,,20261007
PSKRF,Protector Forsikring ASA,Financial Services,Insurance - Property & Casualty,PNK,50.5,3,4156898560,0.0707,50.77,44.02,-3.8723,6.81,18.07,740.78,304.34,0.0,62.0,3,53.4,11.5,-5.43,0.0,,8,,20261007
IRT,"Independence Realty Trust, Inc.",Real Estate,REIT - Residential,NYSE,14.73,3165804,3560037632,0.3081,15.74,15.92,-3.2687,-16.34,-19.29,-23.3,-20.16,0.0,23.25,4,17.79,14.34,-17.2,0.0,,8,,20261007
CAAP,Corporación América Airports S.A.,Industrials,Airports & Air Services,NYSE,25.22,241501,4120227328,0.8714,24.11,24.96,1.2694,1.63,-16.57,28.9,6.17,0.0,86.25,3,30.5,17.36,-17.31,0.0,,8,,20261007
TREX,"Trex Company, Inc.",Industrials,Building Products & Equipment,NYSE,44.86,1839671,4569672704,1.5623,45.53,42.19,-0.4304,-6.9,7.76,-32.54,-12.02,0.0,45.75,3,54.3,29.77,-17.38,0.0,,8,,20261007
TNL,Travel + Leisure Co.,Consumer Cyclical,Travel Services,NYSE,62.82,736868,3849740544,1.7521,68.86,69.91,-3.4483,-17.57,-28.65,-12.58,-19.45,0.0,11.25,4,81.0,58.07,-22.44,0.0,,8,,20261007
SRAD,Sportradar Group AG,Technology,Software - Application,NASDAQ,12.18,2391311,3604691200,0.5919,12.94,15.82,-1.2886,-29.41,-45.28,-71.57,-51.83,0.0,12.5,4,27.85,11.39,-56.27,0.0,,8,,20261007
LIVN,LivaNova PLC,Healthcare,Medical Devices,NASDAQ,74.93,651638,4116169984,2.2246,79.07,71.48,-1.8621,-13.97,-0.86,22.72,5.3,0.0,33.75,3,85.76,48.82,-12.63,0.0,,8,,20261007
MMYT,MakeMyTrip Limited,Consumer Cyclical,Travel Services,NASDAQ,43.37,800812,4079324160,2.1804,54.44,54.14,-5.0766,-28.65,-5.46,-71.76,-37.78,0.0,8.75,4,96.6,32.67,-55.1,0.0,,8,,20261007
THO,"THOR Industries, Inc.",Consumer Cyclical,Recreational Vehicles,NYSE,67.63,698037,3490679040,2.4186,74.96,84.5,-3.0301,-11.26,-29.47,-54.2,-34.81,0.0,8.75,4,122.83,65.9,-44.94,0.0,,8,,20261007
DOO,BRP Inc.,Consumer Cyclical,Recreational Vehicles,NASDAQ,56.09,263406,3990464768,1.9673,61.26,64.59,-2.6304,-7.65,-40.78,-34.34,-29.92,0.0,8.75,4,81.89,48.83,-31.51,0.0,,8,,20261007
NCTKF,Nabtesco Corporation,Industrials,Specialty Industrial Machinery,PNK,30.61,49,3558460672,0.1149,29.0,28.69,14.0371,-19.94,5.19,18.14,4.09,0.0,51.25,2,37.0,22.77,-17.27,0.0,,8,,20261007
MNDY,monday.com Ltd.,Technology,Software - Application,NASDAQ,84.29,1387314,3563285504,4.8368,88.83,87.94,-0.939,-0.74,7.57,-71.76,-26.24,0.0,47.0,4,210.49,57.5,-59.96,0.0,,8,,20261007
PJT,PJT Partners Inc.,Financial Services,Capital Markets,NYSE,139.65,430868,5948699136,5.0805,165.29,159.16,-5.0464,-15.14,-19.9,-39.4,-26.51,0.0,5.0,4,195.62,127.73,-28.61,0.0,,8,,20261007
NCTKY,Nabtesco Corporation,Industrials,Specialty Industrial Machinery,PNK,15.35,4963,3952553216,0.9217,15.08,15.01,0.2918,-11.75,-1.08,21.72,5.37,0.0,60.0,2,19.46,8.44,-21.12,0.0,,8,,20261007
BCHHF,Bucher Industries AG,Industrials,Specialty Industrial Machinery,PNK,379.66,0,3725764864,0.0225,379.66,420.4,0.0,-7.77,-36.54,-32.61,-27.77,0.0,37.0,3,476.0,379.66,-20.24,0.0,,8,,20261007
AGLNF,AGL Energy Limited,Utilities,Utilities - Independent Power Producers,PNK,5.26,696,3538650880,0.0736,5.71,5.9,-6.0671,-12.55,-35.48,-13.12,-20.8,0.0,25.0,3,7.17,5.21,-26.64,0.0,,8,,20261007
TSLTF,TransAlta Corporation,Utilities,Utilities - Independent Power Producers,PNK,18.77,19,0,0.0064,18.56,17.77,31.6675,-1.82,-13.04,6.6,-2.38,0.0,75.0,2,20.0,16.68,-6.17,0.0,,8,,20261007
TORXF,Torex Gold Resources Inc.,Basic Materials,Gold,OQX,51.8,42009,4796399616,1.7552,47.37,46.33,2.525,32.0,-8.7,5.28,7.07,0.0,91.25,2,62.56,32.3,-17.2,0.0,,8,,20261007
