ticker,name,sector,industry,exchange,close,avg_volume_50d,market_cap,atr14,sma50,sma200,atr_extension,rs_3m,rs_6m,rs_12m,rs_score,rs_percentile,trend_strength,stage,52w_high,52w_low,pct_from_52w_high,rts_composite,rts_grade,rts_grade_rank,colour_band,run_date
OCS,Oculis Holding AG,Healthcare,Biotechnology,NASDAQ,8.72,263122,537048000,0.5353,11.37,20.01,-4.9423,-41.13,-85.75,-68.05,-67.51,0.0,7.5,4,34.48,8.31,-74.71,0.0,,8,,20261007
MQ,"Marqeta, Inc.",Technology,Software - Infrastructure,NASDAQ,16.55,977420,1741093760,0.5301,16.46,16.69,0.17,2.41,-15.09,-36.71,-19.36,0.0,48.25,3,22.28,14.8,-25.72,0.0,,8,,20261007
FLO,"Flowers Foods, Inc.",Consumer Defensive,Packaged Foods,NYSE,5.74,6611037,1217209600,0.2217,6.52,8.11,-3.5261,-34.77,-45.44,-70.08,-52.63,0.0,8.75,4,13.11,5.4,-56.22,0.0,,8,,20261007
AMRC,"Ameresco, Inc.",Industrials,Engineering & Construction,NYSE,22.68,659957,1203541760,1.2786,23.18,27.43,-0.3909,-14.92,-24.32,-56.92,-35.01,0.0,20.75,4,44.93,18.38,-49.52,0.0,,8,,20261007
HGRAF,HydroGraph Clean Power Inc.,Basic Materials,Specialty Chemicals,OQB,2.27,1116781,822680448,0.3026,3.81,4.06,-5.0872,-33.06,-63.95,20.49,-22.45,0.0,5.0,4,8.37,1.58,-72.88,0.0,,8,,20261007
VLXGF,Volex plc,Industrials,Electrical Equipment & Parts,PNK,8.58,1143,1558001280,0.1149,7.95,7.18,5.4753,22.85,20.82,63.04,38.21,0.0,76.25,2,9.53,4.8,-9.97,0.0,,8,,20261007
MQY,"BlackRock MuniYield Quality Fund, Inc.",Financial Services,Asset Management,NYSE,9.94,662504,1495295104,0.159,10.74,11.03,-5.0232,-17.44,-26.76,-26.12,-24.17,0.0,22.0,4,11.94,9.8,-16.75,0.0,,8,,20261007
LMPMY,Lee & Man Paper Manufacturing Limited,Basic Materials,Paper & Paper Products,PNK,3.95,107,1696525056,0.0563,4.68,4.15,-12.951,2.72,-16.98,-4.87,-7.21,0.0,37.0,3,5.65,3.21,-30.09,0.0,,8,,20261007
CNXN,"PC Connection, Inc.",Technology,Electronics & Computer Distribution,NASDAQ,92.39,146651,2331748096,2.1996,84.11,69.35,3.7654,18.87,33.03,35.16,30.34,0.0,90.0,2,93.89,54.97,-1.6,0.0,,8,,20261007
PEB,Pebblebrook Hotel Trust,Real Estate,REIT - Hotel & Motel,NYSE,18.98,2161542,2134335872,0.5066,18.38,15.3,1.182,2.09,30.24,54.4,32.87,0.0,63.75,2,19.93,9.99,-4.77,0.0,,8,,20261007
AIP,"Arteris, Inc.",Technology,Semiconductors,NASDAQ,24.13,684449,1186040192,1.2074,24.79,24.68,-0.5458,-34.76,14.39,102.09,37.18,0.0,35.25,4,50.26,12.06,-51.99,0.0,,8,,20261007
HTZ,"Hertz Global Holdings, Inc.",Industrials,Rental & Leasing Services,NASDAQ,2.06,28195138,734289856,0.1368,1.99,4.08,0.5177,-0.21,-83.75,-84.72,-63.25,0.0,32.5,3,8.18,1.45,-74.82,0.0,,8,,20261007
AGIO,"Agios Pharmaceuticals, Inc.",Healthcare,Biotechnology,NASDAQ,31.72,1047533,1893743616,1.298,33.23,31.07,-1.1635,-30.6,-28.44,-39.35,-33.34,0.0,47.0,3,46.0,22.24,-31.04,0.0,,8,,20261007
TILE,"Interface, Inc.",Consumer Cyclical,"Furnishings, Fixtures & Appliances",NASDAQ,35.05,476981,2025906048,0.9284,36.1,31.43,-1.1276,4.36,22.69,9.66,12.9,0.0,74.5,3,40.5,24.4,-13.46,0.0,,8,,20261007
CAPR,"Capricor Therapeutics, Inc.",Healthcare,Biotechnology,NASDAQ,7.75,6744881,450577152,0.8782,7.51,22.51,0.271,-69.95,-94.54,-12.38,-55.53,0.0,30.0,3,40.37,2.96,-80.8,0.0,,8,,20261007
BLDP,Ballard Power Systems Inc.,Industrials,Electrical Equipment & Parts,NASDAQ,2.06,3962914,723246848,0.0949,2.35,2.97,-3.032,-41.0,-32.95,-59.32,-45.51,0.0,5.0,4,6.57,1.92,-68.65,0.0,,8,,20261007
NMRSF,"Namura Shipbuilding Co., Ltd.",Industrials,Aerospace & Defense,PNK,30.12,119,2094891392,1.5934,3.12,0.83,16.9496,32222.17,27027.62,97881.23,56667.7,0.0,78.75,2,36.36,22.1,-17.15,0.0,,8,,20261007
NKRKF,Nokian Renkaat Oyj,Consumer Cyclical,Auto Parts,PNK,17.5,82,2413739264,0.0092,17.43,13.38,7.927,19.78,33.52,81.79,49.39,0.0,75.0,2,19.26,9.0,-9.14,0.0,,8,,20261007
SHLS,"Shoals Technologies Group, Inc.",Technology,Solar,NASDAQ,8.49,4987456,1428866560,0.458,7.79,8.58,1.5251,-17.93,13.67,-17.79,-6.82,0.0,53.25,3,13.18,5.43,-35.58,0.0,,8,,20261007
NKRKY,Nokian Renkaat Oyj,Consumer Cyclical,Auto Parts,PNK,8.28,5130,2284086784,0.1387,8.97,6.86,-4.944,9.74,38.63,63.51,41.36,0.0,53.75,3,9.63,4.24,-14.02,0.0,,8,,20261007
INVA,"Innoviva, Inc.",Healthcare,Biotechnology,NASDAQ,20.83,825310,1504873472,0.476,20.98,21.77,-0.3235,-11.91,-29.31,1.49,-12.64,0.0,34.0,4,25.15,16.52,-17.18,0.0,,8,,20261007
SGML,Sigma Lithium Corporation,Basic Materials,Other Industrial Metals & Mining,NCM,9.71,1957133,1093038336,0.7105,10.69,13.38,-1.3826,-20.56,-52.41,11.96,-18.7,0.0,12.5,4,24.48,4.62,-60.33,0.0,,8,,20261007
CASBF,CanSino Biologics Inc.,Healthcare,Drug Manufacturers - Specialty & Generic,PNK,4.9,90,1210514688,0.169,3.69,3.78,7.1325,83.68,8.16,-47.58,4.75,0.0,76.25,3,6.99,2.6,-29.9,0.0,,8,,20261007
CMPNF,Champion Real Estate Investment Trust,Real Estate,REIT - Retail,PNK,0.27,207,1913956992,0.0037,0.33,0.32,-16.3925,-25.37,-31.69,-0.28,-17.55,0.0,1.25,4,0.34,0.23,-20.59,0.0,,8,,20261007
PAYO,Payoneer Global Inc.,Technology,Software - Infrastructure,NASDAQ,7.15,3583500,2422783488,0.0294,7.13,5.98,0.7687,-3.86,29.87,-1.04,9.07,0.0,82.5,2,7.19,4.08,-0.56,0.0,,8,,20261007
PLYGF,PolyPeptide Group AG,Healthcare,Drug Manufacturers - Specialty & Generic,PNK,54.42,26,1796753024,0.0438,52.36,42.96,46.9787,22.67,35.59,41.86,34.87,0.0,75.0,2,54.42,31.5,-0.0,0.0,,8,,20261007
PRCT,PROCEPT BioRobotics Corporation,Healthcare,Medical Devices,NASDAQ,17.51,1463636,1002861824,1.0584,19.86,24.54,-2.2159,-16.32,-43.28,-69.0,-46.83,0.0,8.75,4,38.11,16.66,-54.05,0.0,,8,,20261007
HLIT,Harmonic Inc.,Technology,Communication Equipment,NASDAQ,11.22,1515456,1223725568,0.428,11.69,11.53,-1.1092,-23.06,0.83,-12.72,-10.56,0.0,32.75,4,17.68,8.47,-36.54,0.0,,8,,20261007
NUVB,Nuvation Bio Inc.,Healthcare,Biotechnology,NYSE,4.88,5711563,1713481472,0.3063,6.28,5.74,-4.5746,-21.64,-10.58,13.86,-3.57,0.0,7.5,4,9.75,3.36,-49.95,0.0,,8,,20261007
WBTN,WEBTOON Entertainment Inc.,Communication Services,Internet Content & Information,NASDAQ,10.2,404968,1384252928,0.4748,9.87,11.11,0.6946,-15.54,-19.95,-61.07,-35.29,0.0,60.25,3,19.01,7.85,-46.34,0.0,,8,,20261007
IMKTA,"Ingles Markets, Incorporated",Consumer Defensive,Grocery Stores,NASDAQ,85.42,114848,1622499584,1.8462,85.1,84.8,0.1738,-10.76,-26.15,1.42,-11.27,0.0,61.25,2,95.62,67.11,-10.67,0.0,,8,,20261007
IIPR,"Innovative Industrial Properties, Inc.",Real Estate,REIT - Industrial,NYSE,50.26,356438,1385735936,1.2135,54.65,51.31,-3.6206,-21.95,-11.34,-14.97,-15.45,0.0,22.0,4,65.38,44.58,-23.13,0.0,,8,,20261007
FMC,FMC Corporation,Basic Materials,Agricultural Inputs,NYSE,9.03,3773001,1404580352,0.5533,10.57,12.96,-2.7913,-21.51,-66.78,-88.92,-64.32,0.0,7.5,4,31.33,8.33,-71.18,0.0,,8,,20261007
TRVG,trivago N.V.,Communication Services,Internet Content & Information,NASDAQ,4.42,157342,311868384,0.4819,5.5,3.96,-2.2486,-22.01,34.16,23.54,15.87,0.0,58.75,3,6.8,2.59,-35.0,0.0,,8,,20261007
PVLA,"Palvella Therapeutics, Inc.",Healthcare,Biotechnology,NASDAQ,128.0,210347,1844276096,6.9465,148.32,124.11,-2.9254,-16.62,-12.14,76.91,22.36,0.0,44.5,3,161.38,65.93,-20.68,0.0,,8,,20261007
TSLX,"Sixth Street Specialty Lending, Inc.",Financial Services,Asset Management,NYSE,17.27,466753,1646576000,0.4006,17.98,17.81,-1.7693,0.19,-18.52,-32.37,-19.38,0.0,60.25,4,23.19,16.04,-25.53,0.0,,8,,20261007
KRKNF,Kraken Robotics Inc.,Technology,Scientific & Technical Instruments,OQB,3.37,838409,1251658880,0.2033,3.8,5.14,-2.1129,-26.22,-63.72,-22.07,-37.69,0.0,7.5,4,8.13,2.85,-58.55,0.0,,8,,20261007
DCOM,"Dime Commercial Bancshares, Inc.",Financial Services,Banks - Regional,NYSE,39.47,305500,1742860928,0.725,40.49,36.4,-1.4014,-2.3,-4.56,16.75,4.53,0.0,70.75,3,41.97,25.63,-5.96,0.0,,8,,20261007
GABC,"German American Bancorp, Inc.",Financial Services,Banks - Regional,NASDAQ,49.06,142457,1843616384,0.8758,49.82,44.42,-0.8695,1.22,-3.44,11.21,3.59,0.0,73.25,3,52.23,37.19,-6.07,0.0,,8,,20261007
RNDOF,Round One Corporation,Consumer Cyclical,Leisure,PNK,7.93,25,2083265920,0.2742,3.72,1.56,15.3362,159.28,828.25,6908.47,3093.1,0.0,75.0,2,9.0,5.29,-11.94,0.0,,8,,20261007
BDJ,BlackRock Enhanced Equity Dividend Trust,Financial Services,Asset Management,NYSE,9.45,439493,1672127232,0.1189,9.65,9.13,-1.7213,-4.55,-7.48,-3.96,-5.34,0.0,70.75,3,9.95,8.42,-5.03,0.0,,8,,20261007
GPEAF,Great Portland Estates Plc,Real Estate,REIT - Office,PNK,4.01,0,1617673088,0.0,4.01,4.03,0.0,-3.88,-8.65,-14.74,-9.89,0.0,49.0,3,5.27,3.71,-23.91,0.0,,8,,20261007
STMRF,Stanmore Resources Limited,Basic Materials,Coking Coal,OQX,1.82,349,1640532736,0.0301,1.92,1.82,-3.2169,16.65,-19.27,19.2,5.1,0.0,51.25,3,2.35,1.3,-22.55,0.0,,8,,20261007
SREMF,Sunrise Energy Metals Limited,Industrials,Pollution & Treatment Controls,OQX,13.6,45784,2305230080,1.1473,12.88,9.35,0.625,17.59,109.79,238.35,138.16,0.0,83.75,2,16.86,2.52,-19.35,0.0,,8,,20261007
NVRI,Enviri Corporation,Industrials,Waste Management,NYSE,19.94,353986,562110976,0.8274,21.31,20.0,-1.6515,-17.36,-16.1,48.91,9.59,0.0,20.75,4,24.2,11.15,-17.6,0.0,,8,,20261007
TCBK,TriCo Bancshares,Financial Services,Banks - Regional,NASDAQ,52.11,363446,1665781120,0.9547,54.46,51.01,-2.4622,-4.72,-10.82,4.1,-3.33,0.0,48.25,3,61.71,40.44,-15.56,0.0,,8,,20261007
STAA,STAAR Surgical Company,Healthcare,Medical Instruments & Supplies,NASDAQ,22.15,1009937,1110689280,1.0365,23.0,23.64,-0.822,-26.09,-13.76,-36.06,-25.76,0.0,35.25,4,35.87,15.59,-38.25,0.0,,8,,20261007
TGLVY,Top Glove Corporation Bhd.,Healthcare,Medical Instruments & Supplies,PNK,0.77,411,1542088320,0.0314,0.62,0.64,4.6301,-0.25,-6.64,25.42,7.78,0.0,75.0,3,0.93,0.47,-17.55,0.0,,8,,20261007
BST,BlackRock Science and Technology Trust,Financial Services,Asset Management,NYSE,51.04,96953,1772109824,1.0844,47.46,41.43,3.298,9.34,30.03,23.26,22.15,0.0,87.5,2,52.32,34.87,-2.45,0.0,,8,,20261007
STBA,"S&T Bancorp, Inc.",Financial Services,Banks - Regional,NASDAQ,48.81,268092,1721308672,0.8836,50.27,45.1,-1.6546,-2.67,-3.76,17.32,4.95,0.0,72.0,3,53.5,34.38,-8.77,0.0,,8,,20261007
STGW,Stagwell Inc.,Communication Services,Advertising Agencies,NASDAQ,8.5,1322390,2078041344,0.2801,8.64,6.82,-0.502,6.04,16.78,38.0,22.59,0.0,69.5,3,9.55,4.29,-10.99,0.0,,8,,20261007
ASAN,"Asana, Inc.",Technology,Software - Application,NYSE,9.29,6328340,2127132288,0.5996,9.17,8.35,0.2061,26.44,31.06,-49.62,-2.37,0.0,88.75,2,15.48,5.38,-39.99,0.0,,8,,20261007
SLSR,Solaris Resources Inc.,Basic Materials,Other Precious Metals & Mining,NYSE,7.13,166992,1191220608,0.3363,7.82,8.83,-2.0506,-12.9,-36.26,-3.05,-17.13,0.0,8.75,4,11.48,5.19,-37.89,0.0,,8,,20261007
PMREF,Primaris Real Estate Investment Trust,Real Estate,REIT - Retail,PNK,15.54,26260,2142201984,0.1024,15.55,14.29,-0.1035,-4.17,4.24,26.64,11.1,0.0,39.5,3,46.44,10.44,-66.54,0.0,,8,,20261007
LILAK,Liberty Latin America Ltd.,Communication Services,Telecom Services,NASDAQ,8.86,1366166,1735673984,0.2765,8.48,6.4,1.3866,14.47,35.93,36.85,30.93,0.0,88.75,2,8.92,4.61,-0.67,0.0,,8,,20261007
LILA,Liberty Latin America Ltd.,Communication Services,Telecom Services,NASDAQ,8.89,466793,1741551104,0.2542,8.55,6.38,1.3535,13.91,39.07,40.56,33.38,0.0,90.0,2,8.98,4.58,-1.06,0.0,,8,,20261007
LILAB,Liberty Latin America Ltd.,Communication Services,Telecom Services,PNK,7.45,9,1459454976,0.002,7.36,8.62,43.0096,-1.13,-45.43,-34.25,-29.88,0.0,50.0,3,10.74,7.02,-30.63,0.0,,8,,20261007
ZD,"Ziff Davis, Inc.",Communication Services,Advertising Agencies,NASDAQ,54.77,614385,1877910400,1.664,55.53,45.45,-0.4589,0.59,8.62,21.83,11.9,0.0,75.75,3,60.48,22.45,-9.44,0.0,,8,,20261007
SESPF,SeSa S.p.A.,Technology,Information Technology Services,PNK,104.0,0,1574774400,0.0464,102.96,101.65,22.3632,-2.59,0.18,-30.65,-12.84,0.0,75.0,2,121.95,89.0,-14.72,0.0,,8,,20261007
CNXC,Concentrix Corporation,Technology,Information Technology Services,NASDAQ,24.84,1611330,1513948288,2.2235,27.07,29.03,-1.003,13.34,-26.34,-63.73,-31.37,0.0,33.75,4,49.37,19.12,-49.69,0.0,,8,,20261007
REX,REX American Resources Corporation,Basic Materials,Chemicals,NYSE,44.04,199554,1461055232,1.3946,43.0,41.81,0.743,-12.04,-22.77,21.56,-2.36,0.0,62.5,2,53.36,30.31,-17.47,0.0,,8,,20261007
FBYD,"Falcon's Beyond Global, Inc.",Industrials,Conglomerates,NASDAQ,8.77,129534,425033664,0.7875,8.83,10.81,-0.0702,-55.26,-45.02,-43.35,-46.91,0.0,25.75,4,29.02,3.71,-69.78,0.0,,8,,20261007
BFSAF,Befesa S.A.,Industrials,Waste Management,PNK,40.7,0,1628000000,0.0009,40.7,36.68,0.0,-3.88,3.18,47.57,19.17,0.0,62.0,3,40.7,25.35,0.0,0.0,,8,,20261007
LWSCF,Sienna Senior Living Inc.,Healthcare,Medical Care Facilities,PNK,13.64,66817,1447634560,0.1023,15.02,15.58,-13.4732,-18.75,-32.54,-14.86,-22.02,0.0,1.25,4,17.58,13.0,-22.41,0.0,,8,,20261007
RXRX,"Recursion Pharmaceuticals, Inc.",Healthcare,Biotechnology,NASDAQ,4.63,19476419,2482935040,0.3227,3.49,3.58,3.5419,19.68,26.36,-33.34,0.81,0.0,88.75,3,7.18,2.77,-35.52,0.0,,8,,20261007
AEVA,"Aeva Technologies, Inc.",Technology,Software - Infrastructure,NASDAQ,14.57,1590717,1015612928,1.0277,17.26,17.31,-2.6191,-37.01,-2.69,-28.56,-21.62,0.0,10.0,4,31.3,8.83,-53.45,0.0,,8,,20261007
AVAH,Aveanna Healthcare Holdings Inc.,Healthcare,Medical Care Facilities,NASDAQ,12.22,3027625,2667512320,0.4989,12.3,8.86,-0.1535,22.65,70.68,23.92,39.97,0.0,73.25,3,14.71,5.93,-16.93,0.0,,8,,20261007
WWUEY,Wüstenrot & Württembergische AG,Financial Services,Insurance - Life,PNK,8.86,1,1657568512,0.0006,8.88,8.59,-41.9749,-5.55,-12.5,-7.08,-8.59,0.0,37.0,3,9.16,8.29,-3.28,0.0,,8,,20261007
KMMPF,Killam Apartment REIT,Real Estate,REIT - Residential,PNK,12.1,5124,1484253312,0.0429,12.79,12.39,-16.0301,-10.41,-12.72,-17.36,-14.0,0.0,13.25,4,13.57,11.1,-10.86,0.0,,8,,20261007
CMPS,COMPASS Pathways plc,Healthcare,Medical Care Facilities,NASDAQ,11.56,3309312,1600792064,0.7406,13.37,9.98,-2.4505,-22.0,89.88,62.11,50.8,0.0,57.5,3,15.87,4.88,-27.16,0.0,,8,,20261007
CRLFF,Cardinal Energy Ltd.,Energy,Oil & Gas E&P,PNK,8.73,473941,1530347648,0.2262,8.46,7.72,1.2102,10.06,-14.32,44.48,15.29,0.0,85.0,2,9.68,5.1,-9.81,0.0,,8,,20261007
ATAI,AtaiBeckley Inc.,Healthcare,Biotechnology,NASDAQ,7.35,15022175,2725855232,0.0688,7.35,7.35,0.0,-1.02,-1.02,-1.02,-1.02,0.0,72.0,3,7.45,3.27,-1.34,0.0,,8,,20261007
TFIN,"Triumph Financial, Inc.",Financial Services,Banks - Regional,NYSE,61.97,241492,1480744448,1.7661,69.76,67.5,-4.4131,-21.74,-16.72,9.03,-7.68,0.0,18.25,4,83.52,46.43,-25.8,0.0,,8,,20261007
GLUE,"Monte Rosa Therapeutics, Inc.",Healthcare,Biotechnology,NASDAQ,9.87,1313968,842043264,0.7337,14.31,18.12,-6.0488,-63.76,-61.13,9.84,-33.4,0.0,8.75,4,25.77,7.43,-61.7,0.0,,8,,20261007
ABCL,AbCellera Biologics Inc.,Healthcare,Biotechnology,NASDAQ,13.15,6689401,4261222656,0.8308,10.86,6.08,2.7575,80.43,279.7,105.21,160.09,0.0,87.5,2,15.02,2.75,-12.42,0.0,,8,,20261007
NHNKY,Nihon Kohden Corporation,Healthcare,Medical Devices,PNK,10.16,16212,1625319552,0.2047,9.74,9.87,2.0749,4.76,-12.06,-30.23,-15.12,0.0,81.25,3,14.21,8.12,-28.5,0.0,,8,,20261007
BFC,Bank First Corporation,Financial Services,Banks - Regional,NCM,150.33,78789,1666499328,2.866,152.57,142.16,-0.7814,-0.81,-9.6,1.23,-3.07,0.0,72.0,3,159.1,119.08,-5.51,0.0,,8,,20261007
HOPE,"Hope Bancorp, Inc.",Financial Services,Banks - Regional,NASDAQ,13.48,962701,1721959936,0.2774,13.92,12.44,-1.6041,-1.1,-2.89,13.22,4.0,0.0,70.75,3,14.59,9.8,-7.61,0.0,,8,,20261007
SLCJY,SLC Agrícola S.A.,Consumer Defensive,Farm Products,PNK,3.55,25726,1760659072,0.1129,3.05,3.09,4.4697,33.89,-14.68,20.95,11.72,0.0,81.25,3,3.94,2.4,-9.9,0.0,,8,,20261007
TSHA,"Taysha Gene Therapies, Inc.",Healthcare,Biotechnology,NASDAQ,4.39,3211387,1430409216,0.2718,5.57,5.44,-4.3545,-37.14,-22.72,-25.45,-27.42,0.0,6.25,4,7.3,3.69,-39.86,0.0,,8,,20261007
EBRCZ,"EBR Systems, Inc.",Healthcare,Medical Devices,PNK,0.23,5715,169655680,0.0046,0.22,0.42,0.6421,-30.06,-70.92,-92.01,-69.14,0.0,25.0,3,1.5,0.16,-84.99,0.0,,8,,20261007
FDMDF,4DMedical Limited,Healthcare,Medical Devices,PNK,3.0,645,1806094080,0.0452,2.76,2.81,5.2764,3.26,-23.25,92.76,29.78,0.0,50.0,3,5.0,0.87,-40.0,0.0,,8,,20261007
VRNO,Verano Holdings Corp.,Healthcare,Drug Manufacturers - Specialty & Generic,OQX,5.29,118258,387323040,0.2496,5.8,5.92,-2.0366,-15.42,-24.32,-46.19,-30.84,0.0,15.0,4,9.75,3.91,-45.74,0.0,,8,,20261007
ABXXF,Abaxx Technologies Inc.,Technology,Software - Application,OQX,13.76,70645,533738976,1.0668,15.25,27.94,-1.396,-30.48,-85.51,-62.68,-62.62,0.0,10.0,4,52.5,10.79,-73.79,0.0,,8,,20261007
SATL,Satellogic Inc.,Industrials,Aerospace & Defense,NCM,5.51,5294629,847106880,0.475,5.15,5.15,0.7621,11.71,-39.5,39.75,5.0,0.0,86.25,3,12.0,1.25,-54.08,0.0,,8,,20261007
INTA,"Intapp, Inc.",Technology,Software - Application,NASDAQ,37.03,664146,2833207808,1.5369,38.02,30.28,-0.6457,31.51,30.83,-23.52,9.26,0.0,73.25,3,47.93,19.01,-22.74,0.0,,8,,20261007
CET,Central Securities Corporation,Financial Services,Asset Management,NYSE,56.41,28290,1666873984,0.8687,55.1,52.6,1.5071,2.77,-4.95,-3.0,-2.24,0.0,91.25,2,57.39,47.82,-1.71,0.0,,8,,20261007
BAK,Braskem S.A.,Basic Materials,Chemicals,NYSE,1.67,2056941,377343200,0.1271,1.9,3.15,-1.7966,-36.89,-71.61,-50.06,-54.31,0.0,8.75,4,5.39,1.4,-69.05,0.0,,8,,20261007
APPN,Appian Corporation,Technology,Software - Infrastructure,NASDAQ,37.25,847195,2668128000,2.0235,35.93,28.02,0.6508,48.7,33.76,6.41,26.55,0.0,87.5,2,46.06,18.63,-19.13,0.0,,8,,20261007
FISK,"Empire State Realty OP, L.P.",Real Estate,REIT - Office,PCX,4.18,637,1171207680,0.0551,4.51,5.29,-5.9311,-27.02,-34.45,-65.34,-44.95,0.0,1.25,4,7.99,3.84,-47.68,0.0,,8,,20261007
CLVT,Clarivate Plc,Technology,Information Technology Services,NYSE,1.47,4851090,939648320,0.1017,1.91,2.37,-4.3715,-38.26,-58.29,-79.89,-61.92,0.0,7.5,4,3.87,1.43,-62.02,0.0,,8,,20261007
BELGF,Bellevue Gold Limited,Basic Materials,Gold,PNK,1.08,4043,1610822528,0.0268,1.1,1.1,-0.8383,15.37,-21.76,12.0,1.03,0.0,50.25,3,1.49,0.71,-27.51,0.0,,8,,20261007
RES,"RPC, Inc.",Energy,Oil & Gas Equipment & Services,NYSE,6.04,1633893,1338808320,0.2089,6.06,6.28,-0.1192,3.24,-31.01,11.88,-5.29,0.0,59.0,3,8.16,4.18,-25.98,0.0,,8,,20261007
FSUN,FirstSun Capital Bancorp,Financial Services,Banks - Regional,NASDAQ,39.19,318731,1722414848,0.8838,39.8,37.84,-0.6867,0.63,-7.95,-18.13,-9.88,0.0,72.0,3,42.34,29.95,-7.44,0.0,,8,,20261007
GTBIF,Green Thumb Industries Inc.,Healthcare,Drug Manufacturers - Specialty & Generic,OQX,6.67,556933,1457987200,0.3331,7.32,7.31,-1.9648,-14.52,-17.11,-39.2,-25.3,0.0,52.0,3,10.43,5.29,-36.05,0.0,,8,,20261007
OPRA,Opera Limited,Communication Services,Internet Content & Information,NASDAQ,17.28,346465,1536492416,0.5118,18.72,16.54,-2.822,-15.89,-2.46,-16.46,-11.42,0.0,35.0,3,20.78,11.71,-16.84,0.0,,8,,20261007
NBR,Nabors Industries Ltd.,Energy,Oil & Gas Drilling,NYSE,81.22,234035,1233860352,3.4497,86.77,82.38,-1.6074,-4.16,-22.06,72.18,20.11,0.0,45.75,3,112.9,36.66,-28.06,0.0,,8,,20261007
IMTX,Immatics N.V.,Healthcare,Biotechnology,NCM,7.5,581474,1141688064,0.4466,8.98,9.83,-3.32,-29.63,-45.61,-37.89,-38.53,0.0,7.5,4,12.41,7.4,-39.56,0.0,,8,,20261007
DMRA,"Damora Therapeutics, Inc.",Healthcare,Biotechnology,NCM,19.55,532803,1206929408,1.6654,27.02,26.04,-4.4874,-33.77,-38.66,398.16,137.29,0.0,6.25,4,38.33,4.95,-48.99,0.0,,8,,20261007
DXC,DXC Technology Company,Technology,Information Technology Services,NYSE,11.83,3192428,1890181888,0.522,11.08,11.62,1.4392,18.71,-25.78,-31.95,-17.13,0.0,85.0,3,15.68,7.9,-24.55,0.0,,8,,20261007
PRGO,Perrigo Company plc,Healthcare,Drug Manufacturers - Specialty & Generic,NYSE,14.0,2810603,1942769408,0.65,13.4,11.85,0.9178,31.04,20.04,-51.09,-5.66,0.0,85.0,2,22.02,9.23,-36.42,0.0,,8,,20261007
XHR,"Xenia Hotels & Resorts, Inc.",Real Estate,REIT - Hotel & Motel,NYSE,18.06,757084,1786644736,0.4349,18.68,16.92,-1.4282,-12.77,6.21,22.15,7.84,0.0,52.0,3,22.06,11.75,-18.13,0.0,,8,,20261007
VSTS,Vestis Corporation,Industrials,Rental & Leasing Services,NYSE,13.92,1414138,1839668608,0.5588,13.53,10.74,0.7001,-6.47,57.87,157.97,81.82,0.0,62.5,2,16.9,4.5,-17.63,0.0,,8,,20261007
VIR,"Vir Biotechnology, Inc.",Healthcare,Biotechnology,NASDAQ,11.6,1863501,1962905088,0.6091,10.25,9.08,2.2103,6.44,7.72,84.77,38.22,0.0,86.25,2,11.94,4.82,-2.85,0.0,,8,,20261007
PTTMF,PT TIMAH Tbk,Basic Materials,Other Industrial Metals & Mining,PNK,0.27,118,3237667840,0.0371,0.2,-57.93,1.7754,26.05,-118.48,-118.09,-82.19,0.0,75.0,2,0.27,0.06,0.0,0.0,,8,,20261007
NWL,Newell Brands Inc.,Consumer Defensive,Household & Personal Products,NASDAQ,5.55,7738926,2363745024,0.2366,5.79,4.59,-1.0021,6.16,42.06,-7.65,13.2,0.0,70.75,3,7.13,3.07,-22.16,0.0,,8,,20261007
DAO,"Youdao, Inc.",Consumer Defensive,Education & Training Services,NYSE,16.87,62943,2035106304,0.7894,15.97,12.37,1.1394,15.04,57.5,57.87,47.03,0.0,90.0,2,18.94,8.38,-10.93,0.0,,8,,20261007
GRGTF,Grainger plc,Real Estate,Real Estate Services,PNK,2.2,222,1631539840,0.0104,2.43,2.3,-21.6638,1.38,-16.03,-23.74,-14.76,0.0,37.0,3,2.8,2.09,-21.43,0.0,,8,,20261007
TNIEF,tonies SE,Consumer Cyclical,Leisure,PNK,12.79,249,1582769920,0.0958,13.73,12.83,-9.8243,-15.37,-11.69,25.08,2.1,0.0,12.0,4,15.14,9.29,-15.52,0.0,,8,,20261007
LINC,Lincoln Educational Services Corporation,Consumer Defensive,Education & Training Services,NASDAQ,22.74,875579,721346432,1.2775,28.31,36.11,-4.3575,-62.78,-63.87,-17.5,-45.05,0.0,11.25,4,56.34,17.29,-59.64,0.0,,8,,20261007
TPRKY,Travis Perkins plc,Industrials,Industrial Distribution,PNK,7.66,6884,1622695936,0.1548,8.23,7.93,-3.6621,1.35,-11.85,-23.55,-13.23,0.0,42.0,3,9.78,6.78,-21.68,0.0,,8,,20261007
BORAY,"Bora Pharmaceuticals Co., Ltd.",Healthcare,Drug Manufacturers - Specialty & Generic,OQX,2.45,141,312534560,0.4462,3.24,2.45,-1.7749,-6.37,-6.37,-6.37,-6.37,0.0,38.25,3,7.0,2.39,-65.0,0.0,,8,,20261007
RHUHF,Richelieu Hardware Ltd.,Industrials,Tools & Accessories,PNK,25.68,15398,1412099328,0.1109,25.59,28.09,0.8411,-12.54,-29.97,-10.41,-17.79,0.0,37.0,3,32.78,23.44,-21.66,0.0,,8,,20261007
ITMPF,ITM Power Plc,Industrials,Specialty Industrial Machinery,PNK,1.28,5084,893811200,0.0465,1.39,1.35,-2.4059,-20.62,35.06,3.08,8.35,0.0,23.25,4,2.85,0.8,-55.09,0.0,,8,,20261007
EVTC,"EVERTEC, Inc.",Technology,Software - Infrastructure,NYSE,29.05,427344,1790070912,0.9614,29.5,28.18,-0.4642,-0.45,-14.35,-27.96,-16.32,0.0,44.5,3,34.41,21.81,-15.58,0.0,,8,,20261007
ESBA,"Empire State Realty OP, L.P.",Real Estate,REIT - Office,PCX,4.3,6071,1204830976,0.1895,4.4,5.25,-0.5313,-25.64,-28.76,-58.82,-40.0,0.0,19.5,4,7.93,3.79,-45.78,0.0,,8,,20261007
OGCP,"Empire State Realty OP, L.P.",Real Estate,REIT - Office,PCX,4.1,1087,1148792320,0.0979,4.46,5.29,-3.6797,-27.51,-33.38,-61.16,-43.03,0.0,1.25,4,8.09,3.76,-49.32,0.0,,8,,20261007
COUR,"Coursera, Inc.",Consumer Defensive,Education & Training Services,NYSE,5.12,6129722,1353728000,0.2464,5.57,5.9,-1.8451,-15.58,-34.01,-67.72,-42.89,0.0,7.5,4,10.77,4.53,-52.46,0.0,,8,,20261007
CBLUF,China BlueChemical Ltd.,Basic Materials,Agricultural Inputs,PNK,0.22,0,1728749952,0.0,0.22,0.27,0.0,-4.78,-54.56,-40.61,-36.53,0.0,37.0,3,0.38,0.22,-42.11,0.0,,8,,20261007
IMDXF,Imdex Limited,Industrials,Farm & Heavy Construction Machinery,PNK,2.25,171,1170636416,0.0175,2.55,2.72,-17.22,-27.86,-36.39,-14.46,-25.49,0.0,0.0,4,3.19,2.02,-29.47,0.0,,8,,20261007
SNLRF,Sanlorenzo S.p.A.,Consumer Cyclical,Recreational Vehicles,PNK,40.06,42,1419561088,0.2474,43.39,39.85,-13.4972,-7.08,-5.78,-18.07,-11.02,0.0,25.0,3,44.72,32.43,-10.42,0.0,,8,,20261007
DCH,Dauch Corporation,Consumer Cyclical,Auto Parts,NYSE,5.85,3301573,1389986944,0.3037,6.15,6.32,-0.9903,10.15,-15.97,-23.62,-12.5,0.0,57.75,4,9.25,4.92,-36.76,0.0,,8,,20261007
GHRS,GH Research PLC,Healthcare,Biotechnology,NASDAQ,21.52,289737,1477182080,1.3056,27.5,21.06,-4.5815,-24.63,27.81,46.6,22.22,0.0,31.25,3,31.44,12.04,-31.55,0.0,,8,,20261007
MBX,"MBX Biosciences, Inc.",Healthcare,Biotechnology,NASDAQ,56.92,562815,2741272576,3.4584,63.03,43.8,-1.7658,-12.59,69.76,223.37,110.62,0.0,36.25,3,72.64,12.94,-21.64,0.0,,8,,20261007
WKC,World Kinect Corporation,Energy,Oil & Gas Refining & Marketing,NYSE,36.52,1184855,1868057216,0.9143,36.17,29.36,0.3877,4.03,38.17,26.71,25.05,0.0,88.75,2,41.2,22.21,-11.36,0.0,,8,,20261007
NVAX,"Novavax, Inc.",Healthcare,Biotechnology,NASDAQ,11.32,5086890,1867185536,0.8692,9.27,8.94,2.354,16.29,23.07,1.99,12.94,0.0,88.75,2,13.39,6.2,-15.46,0.0,,8,,20261007
PRXXF,Paradox Interactive AB (publ),Communication Services,Electronic Gaming & Multimedia,PNK,15.32,56,1598589824,0.0739,14.9,12.06,5.6696,5.23,66.73,4.95,26.65,0.0,75.0,2,19.1,12.5,-19.79,0.0,,8,,20261007
SLVM,Sylvamo Corporation,Basic Materials,Paper & Paper Products,NYSE,32.91,303936,1308509568,1.2924,36.0,40.52,-2.3872,-17.21,-36.78,-40.73,-33.47,0.0,7.5,4,56.8,31.58,-42.06,0.0,,8,,20261007
FRUYF,"Furuya Metal Co., Ltd.",Technology,Electronic Components,PNK,20.72,0,509697568,0.0822,20.72,-88.18,0.0,-3.88,-132.55,-131.2,-99.84,0.0,75.0,3,60.32,20.52,-65.65,0.0,,8,,20261007
VPG,"Vishay Precision Group, Inc.",Technology,Scientific & Technical Instruments,NYSE,77.91,482342,1037794752,3.8323,70.0,71.82,2.0644,-32.61,47.94,122.79,57.74,0.0,62.5,3,151.78,29.08,-48.67,0.0,,8,,20261007
QURE,uniQure N.V.,Healthcare,Biotechnology,NASDAQ,23.06,1943068,1599589504,2.8909,42.56,29.73,-6.7458,-51.76,15.76,-75.69,-37.7,0.0,11.25,4,71.5,8.73,-67.75,0.0,,8,,20261007
PGEN,"Precigen, Inc.",Healthcare,Biotechnology,NASDAQ,7.55,5008309,2691657984,0.472,7.12,5.04,0.9157,31.01,64.47,114.63,76.17,0.0,87.5,2,8.98,2.99,-15.92,0.0,,8,,20261007
ECVT,Ecovyst Inc.,Basic Materials,Specialty Chemicals,NYSE,10.37,1297853,1135187328,0.2858,10.49,11.81,-0.4199,-18.07,-39.07,2.77,-17.09,0.0,22.0,4,15.09,7.41,-31.26,0.0,,8,,20261007
ACKAY,Arçelik Anonim Sirketi,Consumer Cyclical,"Furnishings, Fixtures & Appliances",PNK,7.87,334,1063596224,0.1053,9.66,12.08,-17.0401,-27.01,-56.76,-60.93,-50.99,0.0,0.0,4,16.29,7.87,-51.69,0.0,,8,,20261007
QFIN,"Qfin Holdings, Inc.",Financial Services,Credit Services,NASDAQ,6.37,2069085,774482688,0.331,9.58,12.62,-9.7069,-59.22,-62.76,-93.55,-74.19,0.0,7.5,4,29.09,6.25,-78.1,0.0,,8,,20261007
AMLX,"Amylyx Pharmaceuticals, Inc.",Healthcare,Drug Manufacturers - Specialty & Generic,NASDAQ,28.04,2323520,3519385856,1.5435,29.69,18.67,-1.0688,52.04,53.56,91.27,68.26,0.0,57.5,3,41.14,10.83,-31.84,0.0,,8,,20261007
ARDX,"Ardelyx, Inc.",Healthcare,Biotechnology,NASDAQ,3.31,4042817,854600832,0.1337,3.89,5.61,-4.3113,-43.82,-63.15,-54.75,-54.96,0.0,7.5,4,8.4,3.23,-60.6,0.0,,8,,20261007
BOBS,"Bob's Discount Furniture, Inc.",Consumer Cyclical,Specialty Retail,NYSE,14.68,947195,1918486272,0.8202,16.43,14.68,-2.1329,-4.23,21.29,-29.62,-5.45,0.0,37.5,3,23.49,9.74,-37.51,0.0,,8,,20261007
DV,"DoubleVerify Holdings, Inc.",Communication Services,Advertising Agencies,NYSE,13.48,3566562,2105339136,0.0748,13.08,11.11,5.3356,15.58,14.95,1.83,9.86,0.0,83.75,2,13.65,7.64,-1.25,0.0,,8,,20261007
AMTD,AMTD IDEA Group,Financial Services,Asset Management,NYSE,0.73,10193,58237900,0.0553,0.75,0.94,-0.4702,-27.55,-45.08,-55.62,-44.91,0.0,29.5,4,1.65,0.65,-56.0,0.0,,8,,20261007
GAM,"General American Investors Company, Inc.",Financial Services,Asset Management,NYSE,64.46,19031,1536217856,0.8847,65.91,62.97,-1.6426,-4.41,-10.23,-3.62,-6.13,0.0,75.75,3,68.57,56.24,-5.99,0.0,,8,,20261007
MLLGF,Mullen Group Ltd.,Industrials,Trucking,PNK,18.99,34596,1827617664,0.3114,18.76,14.97,0.7264,18.78,36.7,75.93,47.91,0.0,77.5,2,20.35,9.47,-6.68,0.0,,8,,20261007
BY,"Byline Bancorp, Inc.",Financial Services,Banks - Regional,NYSE,37.34,266193,1687260928,0.6497,38.27,34.14,-1.4271,-2.4,-2.41,19.47,6.34,0.0,56.5,3,40.03,25.57,-6.72,0.0,,8,,20261007
LAR,Lithium Argentina AG,Basic Materials,Other Industrial Metals & Mining,NYSE,5.58,1821495,915678016,0.2773,6.23,7.48,-2.33,-29.07,-41.17,17.43,-14.7,0.0,8.75,4,12.05,3.62,-53.69,0.0,,8,,20261007
QCRH,"QCR Holdings, Inc.",Financial Services,Banks - Regional,NASDAQ,99.02,118306,1621513216,2.1028,101.76,92.84,-1.3026,0.14,-6.01,14.5,3.73,0.0,72.0,3,108.11,66.65,-8.41,0.0,,8,,20261007
LZB,La-Z-Boy Incorporated,Consumer Cyclical,"Furnishings, Fixtures & Appliances",NYSE,29.66,647067,1187965184,0.8825,34.14,35.62,-5.073,-26.99,-23.38,-29.1,-26.57,0.0,7.5,4,44.9,28.79,-33.94,0.0,,8,,20261007
FUGRF,Fugro N.V.,Energy,Oil & Gas Equipment & Services,PNK,9.36,21,1042089600,0.0317,10.06,12.07,-22.1452,-35.21,-41.47,-25.12,-33.37,0.0,0.0,4,15.02,9.36,-37.68,0.0,,8,,20261007
CNOB,"ConnectOne Bancorp, Inc.",Financial Services,Banks - Regional,NASDAQ,30.4,397106,1529722880,0.6006,31.89,29.39,-2.4832,-7.39,-6.65,4.98,-2.18,0.0,47.0,3,34.14,23.2,-10.95,0.0,,8,,20261007
CNOBP,"ConnectOne Bancorp, Inc.",Financial Services,Banks - Regional,NASDAQ,25.21,4909,0,0.0679,25.18,24.37,0.4582,-2.7,-13.79,-6.21,-7.99,0.0,85.0,2,25.51,23.82,-1.18,0.0,,8,,20261007
QQQX,Nuveen Nasdaq 100 Dynamic Overwrite Fund,Financial Services,Asset Management,NASDAQ,30.96,100143,1511677184,0.4754,29.92,28.1,2.1844,1.02,-1.35,5.83,2.12,0.0,86.25,2,31.87,25.35,-2.86,0.0,,8,,20261007
FLTLF,Flow Traders Ltd.,Financial Services,Capital Markets,PNK,28.75,202,1267043072,0.3014,31.97,31.43,-10.6734,-6.26,-29.18,-19.57,-19.61,0.0,37.0,3,34.29,26.33,-16.17,0.0,,8,,20261007
CCS,"Century Communities, Inc.",Real Estate,Real Estate - Development,NYSE,58.89,259803,1674396928,2.011,65.47,62.1,-3.2733,-11.79,-12.71,-24.29,-17.11,0.0,23.25,4,76.0,47.27,-22.51,0.0,,8,,20261007
XIORF,Xior Student Housing NV,Real Estate,REIT - Residential,PNK,25.95,299,1211971200,0.392,30.45,31.29,-11.4747,-18.7,-33.51,-38.55,-31.83,0.0,5.0,4,35.58,24.55,-27.04,0.0,,8,,20261007
LKFN,Lakeland Financial Corporation,Financial Services,Banks - Regional,NASDAQ,57.98,173985,1441257600,1.1308,60.45,59.22,-2.185,-5.33,-18.73,-23.76,-17.39,0.0,36.5,4,64.55,54.36,-10.18,0.0,,8,,20261007
WEN,The Wendy's Company,Consumer Cyclical,Restaurants,NASDAQ,6.16,7986781,1174526720,0.2841,7.57,7.36,-4.9524,-21.39,-26.95,-49.05,-34.4,0.0,7.5,4,10.12,5.94,-39.13,0.0,,8,,20261007
INBX,"Inhibrx Biosciences, Inc.",Healthcare,Biotechnology,NASDAQ,93.41,298258,1374776704,6.5603,102.46,91.19,-1.3792,-8.58,31.03,144.34,66.45,0.0,56.25,3,155.29,28.16,-39.85,0.0,,8,,20261007
OERLY,OC Oerlikon Corporation AG,Industrials,Specialty Industrial Machinery,PNK,13.05,228,2175393792,0.0381,12.79,9.36,6.825,32.05,49.12,123.28,74.52,0.0,75.0,2,15.49,6.95,-15.75,0.0,,8,,20261007
GSHD,"Goosehead Insurance, Inc.",Financial Services,Insurance Brokers,NASDAQ,43.39,495296,1550680192,3.0115,60.53,53.23,-5.6924,-28.52,-21.63,-57.58,-37.73,0.0,10.0,4,79.85,33.68,-45.66,0.0,,8,,20261007
GBX,"The Greenbrier Companies, Inc.",Industrials,Railroads,NYSE,40.09,413250,1240371968,1.1359,44.63,48.57,-3.9938,-17.67,-33.47,-28.13,-27.38,0.0,5.0,4,59.19,38.23,-32.27,0.0,,8,,20261007
TRIN,Trinity Capital Inc.,Financial Services,Asset Management,NYSE,17.38,968471,1645774208,0.315,17.82,15.87,-1.3928,-1.42,4.1,11.82,5.81,0.0,69.5,3,18.89,14.13,-8.02,0.0,,8,,20261007
SFRGY,Salvatore Ferragamo S.p.A.,Consumer Cyclical,Luxury Goods,PNK,3.89,19942,1300036224,0.1645,5.17,4.8,-7.7257,-41.55,-28.83,-4.45,-22.26,0.0,8.75,4,6.72,3.21,-42.04,0.0,,8,,20261007
AGTEF,AGTech Holdings Limited,Consumer Cyclical,Gambling,PNK,0.12,17225,1429792256,0.0057,0.16,0.09,-7.0289,16.7,25.07,2100.83,853.28,0.0,50.0,3,0.21,0.01,-42.23,0.0,,8,,20261007
BRAI,Braiin Limited,Technology,Computer Hardware,NASDAQ,4.71,213368,970675520,0.4087,5.5,4.71,-1.9313,-18.36,-55.9,-83.52,-57.56,0.0,35.0,3,33.0,4.19,-85.73,0.0,,8,,20261007
KELTF,Kelt Exploration Ltd.,Energy,Oil & Gas E&P,PNK,7.6,57330,1542564352,0.1952,7.36,6.64,1.2293,9.85,-3.11,37.74,16.47,0.0,86.25,2,8.24,4.35,-7.77,0.0,,8,,20261007
SFRGF,Salvatore Ferragamo S.p.A.,Consumer Cyclical,Luxury Goods,PNK,10.69,6,1762216448,0.0174,9.91,9.74,45.3376,15.39,-13.41,76.78,29.86,0.0,75.0,2,10.7,5.5,-0.0,0.0,,8,,20261007
KARO,Karooooo Ltd.,Technology,Software - Application,NCM,61.6,100214,1903027200,2.0849,63.98,52.21,-1.1431,4.44,8.83,-6.45,1.62,0.0,75.75,3,68.8,41.25,-10.47,0.0,,8,,20261007
ITAYY,PT Indo Tambangraya Megah Tbk,Energy,Thermal Coal,PNK,2.88,195,1587888512,0.0035,2.82,2.81,18.832,-5.93,-23.5,-3.24,-11.0,0.0,50.0,2,3.72,2.28,-22.58,0.0,,8,,20261007
KSS,Kohl's Corporation,Consumer Cyclical,Department Stores,NYSE,19.63,3903550,2225579520,0.9093,18.29,16.64,1.4779,19.59,35.62,1.92,18.13,0.0,88.75,2,25.22,11.38,-22.16,0.0,,8,,20261007
NKOKF,"Noritsu Koki Co., Ltd.",Technology,Consumer Electronics,PNK,12.44,0,1301683584,0.018,12.44,-9.39,0.0,-3.88,-169.59,-70.09,-88.36,0.0,62.0,3,13.54,6.67,-8.09,0.0,,8,,20261007
WACLY,Wacoal Holdings Corp.,Consumer Cyclical,Apparel Manufacturing,PNK,117.94,128,1166121856,2.0897,129.64,137.34,-5.6012,-19.49,-30.02,-58.72,-38.87,0.0,1.25,4,194.53,110.0,-39.37,0.0,,8,,20261007
IMCR,Immunocore Holdings plc,Healthcare,Biotechnology,NASDAQ,29.55,445669,1521784064,1.1956,33.77,32.12,-3.5325,-17.3,-26.32,-31.3,-26.06,0.0,17.0,4,40.72,27.55,-27.42,0.0,,8,,20261007
SISXF,Savaria Corporation,Industrials,Specialty Industrial Machinery,PNK,21.3,10882,1503743360,0.2595,20.64,19.7,2.535,2.17,-11.2,31.16,9.09,0.0,52.5,2,22.88,14.52,-6.91,0.0,,8,,20261007
WBI,WaterBridge Infrastructure LLC,Energy,Oil & Gas Equipment & Services,NYSE,30.1,636639,3716032000,1.2132,31.44,28.07,-1.1008,-16.29,-4.13,-0.57,-5.75,0.0,47.0,3,36.89,18.64,-18.41,0.0,,8,,20261007
CRRSF,Cirrus Aircraft Limited,Unknown,Unknown,PNK,5.12,2870,0,0.3038,5.1,5.12,0.07,-41.02,44.45,41.38,21.85,0.0,56.25,3,8.7,4.0,-41.15,0.0,,8,,20261007
BTT,Blackrock Municipal 2030 Target Term Trust,Financial Services,Asset Management,NYSE,21.85,90704,1390215296,0.2102,22.28,22.43,-2.0659,-8.57,-21.61,-18.04,-16.92,0.0,35.25,4,23.24,21.3,-5.98,0.0,,8,,20261007
RLJ,RLJ Lodging Trust,Real Estate,REIT - Hotel & Motel,NYSE,11.18,1779600,1712181248,0.2777,11.14,9.25,0.1442,-2.4,40.43,51.76,34.26,0.0,65.0,2,12.89,6.54,-13.27,0.0,,8,,20261007
OBK,"Origin Bancorp, Inc.",Financial Services,Banks - Regional,NYSE,52.82,172152,1629479936,0.9892,53.63,46.8,-0.8207,0.42,6.81,37.94,17.66,0.0,72.0,3,55.57,32.12,-4.95,0.0,,8,,20261007
CBL,"CBL & Associates Properties, Inc.",Real Estate,REIT - Retail,NYSE,50.0,253504,1547137792,1.5961,54.82,45.07,-3.0203,-7.28,6.7,58.67,23.99,0.0,32.5,3,60.4,28.04,-17.22,0.0,,8,,20261007
IDRSF,Idorsia Ltd,Healthcare,Biotechnology,PNK,5.38,2062,1447519872,0.0874,6.7,5.69,-15.0818,-36.63,4.65,0.44,-7.36,0.0,12.0,4,8.19,3.82,-34.31,0.0,,8,,20261007
NOMD,Nomad Foods Limited,Consumer Defensive,Packaged Foods,NYSE,10.97,1511065,1533509120,0.3445,11.36,10.79,-1.1351,-6.52,-2.88,-28.68,-14.11,0.0,43.25,3,13.08,8.99,-16.13,0.0,,8,,20261007
ENVX,Enovix Corporation,Industrials,Electrical Equipment & Parts,NASDAQ,2.7,7230595,592511040,0.2054,3.46,5.62,-3.7021,-52.1,-70.22,-95.02,-75.61,0.0,7.5,4,14.21,2.48,-81.0,0.0,,8,,20261007
ARI,"Apollo Commercial Real Estate Finance, Inc.",Real Estate,REIT - Mortgage,NYSE,6.25,3891304,801325568,0.1156,6.63,6.72,-3.3284,-9.1,-26.21,-18.41,-18.81,0.0,18.25,4,11.24,6.11,-44.4,0.0,,8,,20261007
DPBSF,Dampskibsselskabet Norden A/S,Industrials,Marine Shipping,PNK,59.9,19,1634327040,0.227,55.03,48.5,21.4686,13.18,7.78,51.06,26.44,0.0,75.0,2,59.9,35.5,0.0,0.0,,8,,20261007
AMVMF,AMG Critical Materials N.V.,Basic Materials,Other Industrial Metals & Mining,PNK,32.5,1217,1156548224,0.9089,35.9,39.71,-3.7399,-20.25,-39.33,-24.59,-28.66,0.0,3.75,4,49.22,27.7,-33.97,0.0,,8,,20261007
ELUXY,AB Electrolux (publ),Consumer Cyclical,"Furnishings, Fixtures & Appliances",PNK,4.94,4221,1975975552,0.1278,5.76,6.61,-6.425,-9.23,-45.46,-33.81,-31.74,0.0,6.25,4,19.83,4.63,-75.09,0.0,,8,,20261007
ALKEF,Alkane Resources Ltd,Basic Materials,Gold,OQX,1.29,432941,1762404096,0.0563,1.22,1.09,1.1798,33.12,3.66,57.0,32.36,0.0,83.75,2,1.45,0.56,-11.03,0.0,,8,,20261007
SLS,"SELLAS Life Sciences Group, Inc.",Healthcare,Biotechnology,NCM,11.34,6773109,2290064384,0.8602,12.33,7.87,-1.1474,-22.37,132.66,488.74,236.34,0.0,37.5,3,15.88,1.39,-28.59,0.0,,8,,20261007
CBLUY,China BlueChemical Ltd.,Basic Materials,Agricultural Inputs,PNK,16.95,0,1562790016,0.0013,16.95,14.03,0.0,-3.88,39.82,40.97,29.35,0.0,62.0,3,19.78,11.19,-14.31,0.0,,8,,20261007
PBT,Permian Basin Royalty Trust,Energy,Oil & Gas Midstream,NYSE,33.55,139098,1563725056,1.2676,33.2,25.22,0.2774,19.31,31.5,71.98,44.64,0.0,93.75,2,37.0,16.25,-9.32,0.0,,8,,20261007
HLMN,Hillman Solutions Corp.,Industrials,Tools & Accessories,NASDAQ,7.04,1525515,1369596800,0.2408,7.84,8.3,-3.3113,-12.87,-29.56,-41.24,-30.06,0.0,7.5,4,10.85,6.66,-35.12,0.0,,8,,20261007
AGL,"agilon health, inc.",Healthcare,Medical Care Facilities,NYSE,83.4,294338,1400386944,5.4772,90.14,58.86,-1.2303,-30.18,383.93,177.55,197.85,0.0,35.0,3,133.04,7.48,-37.31,0.0,,8,,20261007
TRS,TriMas Corporation,Consumer Cyclical,Packaging & Containers,NASDAQ,38.97,370470,1398004864,0.9094,39.16,38.29,-0.213,-9.26,-10.86,-13.9,-11.68,0.0,50.75,3,45.43,30.43,-14.22,0.0,,8,,20261007
PICS,PicS N.V.,Technology,Software - Infrastructure,NASDAQ,12.46,445993,1614660864,0.8155,10.7,12.46,2.1621,9.22,-3.84,-47.55,-18.06,0.0,60.0,3,19.95,8.08,-37.54,0.0,,8,,20261007
ATRC,"AtriCure, Inc.",Healthcare,Medical Instruments & Supplies,NASDAQ,53.68,1090784,2730502912,2.4776,49.86,36.48,1.5406,54.7,67.03,36.53,51.75,0.0,91.25,2,61.7,25.36,-13.0,0.0,,8,,20261007
GENI,Genius Sports Limited,Communication Services,Internet Content & Information,NYSE,6.22,6489231,1664639616,0.4338,7.09,6.62,-2.0071,-7.13,28.26,-65.63,-18.14,0.0,22.0,4,12.39,3.83,-49.8,0.0,,8,,20261007
KDK,"Kodiak AI, Inc.",Technology,Software - Infrastructure,NASDAQ,1.72,2320742,345063264,0.2706,3.58,6.77,-6.8723,-70.99,-96.59,-94.53,-89.36,0.0,5.0,4,11.35,1.51,-84.85,0.0,,8,,20261007
ARLO,"Arlo Technologies, Inc.",Industrials,Building Products & Equipment,NYSE,12.8,1250530,1377450368,0.5098,13.63,13.49,-1.621,-4.78,-28.32,-43.47,-28.5,0.0,18.25,4,19.94,11.05,-35.81,0.0,,8,,20261007
TNC,Tennant Company,Industrials,Specialty Industrial Machinery,NYSE,68.17,199314,1162251008,2.1661,71.01,76.29,-1.3118,-24.79,-24.71,-33.93,-28.42,0.0,19.5,4,91.93,60.18,-25.85,0.0,,8,,20261007
YSWY,"Yesway, Inc.",Consumer Defensive,Grocery Stores,NASDAQ,20.25,327633,631507584,0.9507,22.34,20.25,-2.1958,-4.73,-14.72,-14.72,-12.22,0.0,58.75,3,29.08,18.92,-30.36,0.0,,8,,20261007
MAZE,"Maze Therapeutics, Inc.",Healthcare,Biotechnology,NASDAQ,26.43,562661,1468164480,1.6789,26.93,32.86,-0.2988,-22.16,-25.49,-20.18,-22.53,0.0,17.0,4,53.65,21.95,-50.74,0.0,,8,,20261007
ALPKF,"ALPEK, S.A.B. de C.V.",Basic Materials,Specialty Chemicals,PNK,0.85,21817,1782397056,0.0112,0.78,0.65,6.4749,6.96,14.5,43.2,24.1,0.0,77.5,2,0.91,0.45,-7.09,0.0,,8,,20261007
BCAX,Bicara Therapeutics Inc.,Healthcare,Biotechnology,NASDAQ,16.56,603806,1095823744,1.2407,23.23,21.3,-5.3762,-47.66,-41.0,-20.49,-34.46,0.0,5.0,4,30.99,13.7,-46.56,0.0,,8,,20261007
BHVN,Biohaven Ltd.,Healthcare,Biotechnology,NYSE,12.08,2631522,1824608768,0.9538,14.02,12.06,-2.0379,-32.18,11.67,-41.27,-20.47,0.0,35.0,3,18.57,7.48,-34.93,0.0,,8,,20261007
AHCO,AdaptHealth Corp.,Healthcare,Medical Devices,NCM,5.77,2861755,785032384,0.2642,6.3,9.57,-2.0214,-47.02,-70.46,-54.2,-58.1,0.0,12.5,4,13.43,5.21,-57.04,0.0,,8,,20261007
HBNB,Hotel101 Global Holdings Corp.,Real Estate,Real Estate Services,NCM,4.62,7101,1081229568,0.3189,5.2,6.48,-1.8277,-21.54,-57.99,32.81,-12.56,0.0,6.25,4,10.43,3.03,-55.7,0.0,,8,,20261007
CSWC,Capital Southwest Corporation,Financial Services,Asset Management,NASDAQ,23.67,624815,1508580608,0.3745,24.03,22.42,-0.9725,-1.41,-8.16,3.5,-1.81,0.0,68.25,3,25.75,19.37,-8.08,0.0,,8,,20261007
XTEPY,Xtep International Holdings Limited,Consumer Cyclical,Apparel Retail,PNK,44.25,76,1209376384,0.4713,44.31,52.88,-0.1326,-9.17,-35.57,-52.81,-35.86,0.0,14.5,4,79.84,41.03,-44.58,0.0,,8,,20261007
WLDN,"Willdan Group, Inc.",Industrials,Engineering & Construction,NASDAQ,73.91,236271,1125803904,2.6977,80.53,90.41,-2.4543,-6.61,-24.04,-36.64,-24.72,0.0,30.0,4,137.0,64.67,-46.05,0.0,,8,,20261007
TRRSF,Trisura Group Ltd.,Financial Services,Insurance - Specialty,PNK,28.42,7203,1368889856,0.3677,30.04,31.33,-4.413,-15.55,-25.26,-14.41,-18.49,0.0,15.75,4,37.27,25.9,-23.75,0.0,,8,,20261007
SWDHY,Skyworth Group Limited,Technology,Consumer Electronics,PNK,13.13,14,826400768,0.1548,15.92,14.97,-18.0519,-33.29,-10.56,-9.41,-15.78,0.0,0.0,4,23.2,12.2,-43.41,0.0,,8,,20261007
TTI,"TETRA Technologies, Inc.",Energy,Oil & Gas Equipment & Services,NYSE,6.14,1829726,909166848,0.2616,7.05,9.1,-3.4883,-38.97,-43.44,-6.85,-27.69,0.0,8.75,4,12.54,5.4,-51.04,0.0,,8,,20261007
URGN,UroGen Pharma Ltd.,Healthcare,Biotechnology,NASDAQ,41.43,831803,2025121792,1.8922,43.86,30.12,-1.2855,4.16,111.0,120.43,88.06,0.0,58.75,3,50.81,15.86,-18.46,0.0,,8,,20261007
GCT,GigaCloud Technology Inc.,Technology,Software - Infrastructure,NASDAQ,54.76,638761,1955492480,2.4189,50.78,42.35,1.6472,57.52,14.78,78.04,50.77,0.0,85.0,2,56.27,25.39,-2.68,0.0,,8,,20261007
AUSDF,Perenti Limited,Basic Materials,Other Industrial Metals & Mining,PNK,1.8,0,1679865216,0.0003,1.8,1.74,0.0,-4.78,4.51,-17.68,-6.69,0.0,62.0,3,2.0,1.3,-10.0,0.0,,8,,20261007
WGS,GeneDx Holdings Corp.,Healthcare,Diagnostics & Research,NASDAQ,71.52,725371,2132907904,6.2002,81.83,77.73,-1.6625,4.21,-11.86,-57.2,-25.98,0.0,49.5,4,170.87,32.21,-58.14,0.0,,8,,20261007
FRRFF,4imprint Group plc,Communication Services,Advertising Agencies,PNK,57.63,76,1616235008,0.3137,52.84,49.96,15.2717,19.28,3.83,26.41,16.72,0.0,76.25,2,59.73,41.68,-3.52,0.0,,8,,20261007
PPTTF,Perpetual Limited,Financial Services,Asset Management,PNK,10.44,0,1208960256,0.0135,10.04,10.75,29.8394,2.54,-20.72,-20.7,-14.9,0.0,62.0,3,12.6,10.44,-17.14,0.0,,8,,20261007
HCSG,"Healthcare Services Group, Inc.",Healthcare,Medical Care Facilities,NASDAQ,21.13,716104,1450198272,0.5589,21.95,21.11,-1.4603,-16.33,-6.51,11.96,-1.58,0.0,45.75,3,25.75,15.13,-17.94,0.0,,8,,20261007
PGENY,Pigeon Corporation,Consumer Defensive,Household & Personal Products,PNK,3.21,193,1533768192,0.0359,3.12,2.78,2.5483,-1.23,4.68,10.72,5.62,0.0,76.25,2,3.38,2.21,-5.03,0.0,,8,,20261007
AAT,"American Assets Trust, Inc.",Real Estate,REIT - Diversified,NYSE,21.5,440075,1667808128,0.3769,22.15,20.68,-1.7297,-17.49,-1.81,-5.23,-7.1,0.0,47.0,3,25.97,17.72,-17.21,0.0,,8,,20261007
JJSF,J&J Snack Foods Corp.,Consumer Defensive,Packaged Foods,NASDAQ,79.44,215626,1484066944,1.9499,82.96,80.89,-1.8033,0.77,-19.58,-32.42,-19.63,0.0,59.0,4,98.63,68.87,-19.46,0.0,,8,,20261007
LUCK,Lucky Strike Entertainment Corporation,Consumer Cyclical,Leisure,NYSE,5.29,83147,721175168,0.2662,6.09,7.53,-2.9938,-29.13,-54.23,-65.96,-52.65,0.0,7.5,4,10.32,5.1,-48.74,0.0,,8,,20261007
NCKAF,Nickel Asia Corporation,Basic Materials,Other Industrial Metals & Mining,PNK,0.08,65,1052635840,0.0002,0.08,0.05,-36.6218,-28.32,-18.76,521.54,194.97,0.0,25.0,3,0.1,0.05,-24.44,0.0,,8,,20261007
ENOV,Enovis Corporation,Healthcare,Medical Devices,NYSE,18.2,1450320,1049584896,1.0179,22.67,23.71,-4.389,-27.76,-37.97,-60.84,-44.56,0.0,7.5,4,34.28,17.3,-46.91,0.0,,8,,20261007
NNE,NANO Nuclear Energy Inc.,Industrials,Specialty Industrial Machinery,NCM,16.49,1915366,885482368,1.0047,17.49,23.26,-0.9986,-17.81,-36.78,-80.61,-49.57,0.0,7.5,4,60.87,14.71,-72.91,0.0,,8,,20261007
PYTCY,Playtech plc,Consumer Cyclical,Gambling,PNK,9.98,2522,1386461568,0.1409,10.63,9.42,-4.6059,20.87,-15.83,-9.14,-3.98,0.0,53.75,3,12.73,6.23,-21.6,0.0,,8,,20261007
ALMR,"Alamar Biosciences, Inc.",Healthcare,Medical Devices,NASDAQ,32.26,365358,2238610688,2.8306,31.15,32.26,0.3912,22.73,36.37,36.37,32.96,0.0,87.5,3,39.61,18.85,-18.56,0.0,,8,,20261007
BMCLF,BAIC Motor Corporation Limited,Consumer Cyclical,Auto Manufacturers,PNK,0.09,60,745426432,0.0004,0.1,0.18,-24.4861,-36.4,-78.17,-83.86,-70.0,0.0,0.0,4,0.28,0.09,-66.18,0.0,,8,,20261007
RBCAA,"Republic Bancorp, Inc.",Financial Services,Banks - Regional,NASDAQ,93.29,106775,1831670016,1.738,95.47,80.57,-1.2555,2.12,12.31,15.57,11.07,0.0,72.0,3,102.22,63.97,-8.74,0.0,,8,,20261007
HYT,"BlackRock Corporate High Yield Fund, Inc.",Financial Services,Asset Management,NYSE,7.81,939168,1528085632,0.0783,8.09,8.19,-3.6073,-10.49,-22.23,-25.58,-20.63,0.0,29.0,4,9.55,7.7,-18.22,0.0,,8,,20261007
RYZ,Ryerson Holding Corporation,Industrials,Metal Fabrication,NYSE,26.55,468328,1377909120,1.0259,25.86,26.03,0.6691,-2.36,0.6,-6.51,-2.98,0.0,58.75,3,32.0,19.34,-17.03,0.0,,8,,20261007
NFJ,"Virtus Dividend, Interest & Premium Strategy Fund",Financial Services,Asset Management,NYSE,14.73,226823,1386118912,0.2015,15.18,13.76,-2.2354,-4.57,2.02,6.18,2.04,0.0,73.25,3,15.75,12.25,-6.48,0.0,,8,,20261007
LLESY,Lendlease Group,Real Estate,Real Estate - Diversified,PNK,1.74,135,1203035520,0.0477,2.05,2.4,-6.5279,-17.67,-47.85,-68.93,-48.74,0.0,2.5,4,3.74,1.74,-53.48,0.0,,8,,20261007
RVLV,"Revolve Group, Inc.",Consumer Cyclical,Internet Retail,NYSE,21.21,844004,1517693056,0.7751,22.62,24.04,-1.8155,-9.15,-27.67,-22.86,-21.12,0.0,12.5,4,31.68,17.35,-33.05,0.0,,8,,20261007
TOWCF,TOWA Corporation,Technology,Semiconductor Equipment & Materials,PNK,16.8,891,1200506624,0.433,15.07,11.49,3.9858,-15.42,-33.13,-7435.16,-2989.51,0.0,53.75,2,23.35,11.66,-28.05,0.0,,8,,20261007
SNMSF,Spin Master Corp.,Consumer Cyclical,Leisure,PNK,14.34,10938,1434262144,0.1926,14.5,14.01,-0.8176,-8.57,-7.21,-14.63,-10.52,0.0,42.0,3,16.61,12.65,-13.67,0.0,,8,,20261007
LOMA,Loma Negra Compañía Industrial Argentina Sociedad Anónima,Basic Materials,Building Materials,NYSE,9.69,399956,1130790272,0.3406,9.93,11.03,-0.7134,-17.48,-34.15,11.87,-11.58,0.0,20.75,4,13.2,7.43,-26.59,0.0,,8,,20261007
DOLE,Dole plc,Consumer Defensive,Farm Products,NYSE,12.72,974995,1201516032,0.2581,13.36,14.27,-2.4651,-13.73,-33.21,-21.37,-23.6,0.0,20.75,4,16.57,12.52,-23.23,0.0,,8,,20261007
EYE,"National Vision Holdings, Inc.",Consumer Cyclical,Specialty Retail,NASDAQ,16.74,2154198,1323620224,0.6948,18.42,22.25,-2.4187,-18.54,-49.58,-59.69,-45.86,0.0,11.25,4,30.02,14.75,-44.24,0.0,,8,,20261007
CRI,"Carter's, Inc.",Consumer Cyclical,Apparel Retail,NYSE,33.83,1265962,1241939456,1.1946,34.21,35.9,-0.3205,-14.85,-21.38,-1.04,-11.61,0.0,35.25,4,44.44,27.15,-23.87,0.0,,8,,20261007
SUPIF,Supermarket Income REIT plc,Industrials,Consulting Services,PNK,1.16,35,0,0.0013,1.14,1.16,13.2844,3.07,-8.69,48.96,17.31,0.0,75.0,3,1.26,0.75,-7.94,0.0,,8,,20261007
CGIFF,Chemtrade Logistics Income Fund,Basic Materials,Chemicals,OQX,10.22,30138,1146284928,0.1275,10.95,11.25,-5.6993,-17.73,-33.59,-7.64,-19.25,0.0,19.5,4,13.5,9.39,-24.3,0.0,,8,,20261007
MAN,ManpowerGroup Inc.,Industrials,Staffing & Employment Services,NYSE,51.87,1105796,2412243712,2.4485,57.63,37.94,-2.3544,32.23,68.77,21.17,40.59,0.0,61.25,3,63.88,25.15,-18.8,0.0,,8,,20261007
GSL,"Global Ship Lease, Inc.",Industrials,Marine Shipping,NYSE,45.5,321312,1639612160,1.0736,44.05,38.97,1.3494,11.1,4.91,41.29,21.01,0.0,86.25,2,46.57,27.28,-2.3,0.0,,8,,20261007
BIREF,Birchcliff Energy Ltd.,Energy,Oil & Gas E&P,PNK,4.75,161871,1303654912,0.1298,4.53,4.77,1.6651,-0.11,-16.99,-2.77,-7.08,0.0,64.0,3,5.9,4.07,-19.49,0.0,,8,,20261007
MRTN,"Marten Transport, Ltd.",Industrials,Trucking,NASDAQ,12.87,668014,1050052160,0.3367,14.12,14.35,-3.7239,-29.54,-23.7,5.7,-13.4,0.0,8.75,4,18.48,9.35,-30.36,0.0,,8,,20261007
UVV,Universal Corporation,Consumer Defensive,Tobacco,NYSE,42.7,314151,1063198272,0.9477,45.99,50.54,-3.4755,-21.53,-34.49,-35.69,-31.73,0.0,6.25,4,59.38,41.1,-28.09,0.0,,8,,20261007
BLKB,"Blackbaud, Inc.",Technology,Software - Application,NASDAQ,43.51,535265,1974923008,1.5716,44.7,42.26,-0.7558,47.19,-6.44,-48.66,-9.92,0.0,74.5,3,70.71,25.58,-38.47,0.0,,8,,20261007
ORC,"Orchid Island Capital, Inc.",Real Estate,REIT - Mortgage,NYSE,5.07,5082307,1000855104,0.1588,6.14,6.41,-6.7188,-25.88,-40.13,-31.79,-33.23,0.0,3.75,4,8.4,4.97,-39.64,0.0,,8,,20261007
WZZZY,Wizz Air Holdings Plc,Industrials,Airlines,PNK,3.81,182,1576790144,0.0558,3.6,3.76,3.6709,-8.7,8.73,-16.57,-5.75,0.0,51.25,3,5.42,2.9,-29.75,0.0,,8,,20261007
TRTPF,Trustpilot Group plc,Technology,Software - Application,PNK,3.0,122,1151662080,0.0242,3.41,2.9,-17.0094,-18.17,-12.92,-20.48,-17.26,0.0,25.0,3,3.72,1.71,-19.3,0.0,,8,,20261007
GRPFF,"Grupo Televisa, S.A.B.",Communication Services,Telecom Services,PNK,0.45,189,1185885056,0.0069,0.52,0.56,-10.591,-22.96,-38.28,-35.86,-33.48,0.0,0.0,4,0.65,0.45,-30.77,0.0,,8,,20261007
BRDNF,Breedon Group plc,Basic Materials,Building Materials,PNK,4.12,101,1431803904,0.0506,4.01,4.21,2.2824,-4.21,-16.43,-37.84,-21.94,0.0,62.0,3,5.41,3.9,-23.75,0.0,,8,,20261007
OI,"O-I Glass, Inc.",Consumer Cyclical,Packaging & Containers,NYSE,5.75,3524492,883543552,0.2614,6.71,10.3,-3.6566,-44.38,-62.96,-73.24,-62.43,0.0,3.75,4,16.91,5.3,-66.0,0.0,,8,,20261007
BCTCF,OSL Group Limited,Financial Services,Capital Markets,PNK,1.25,4,1123908096,0.0145,1.44,1.87,-12.9499,-20.55,-58.09,-54.53,-47.28,0.0,0.0,4,2.7,0.01,-53.7,0.0,,8,,20261007
CNL,Collective Mining Ltd.,Basic Materials,Gold,NASDAQ,12.22,113717,1133315840,0.7253,14.02,15.58,-2.482,-1.83,-51.79,-25.59,-28.82,0.0,31.25,3,21.97,9.77,-44.38,0.0,,8,,20261007
HKBNF,HKBN Ltd.,Communication Services,Telecom Services,PNK,0.91,0,1350994944,0.0,0.91,0.61,0.0,-3.88,156.17,401.92,214.46,0.0,62.0,3,0.91,0.4,0.0,0.0,,8,,20261007
NRP,Natural Resource Partners L.P.,Energy,Thermal Coal,NYSE,110.24,38653,1460725376,2.5009,107.0,109.2,1.2968,7.54,-27.12,-12.66,-12.67,0.0,87.5,3,128.6,95.51,-14.28,0.0,,8,,20261007
PAHC,Phibro Animal Health Corporation,Healthcare,Drug Manufacturers - Specialty & Generic,NASDAQ,36.61,238034,1486424704,1.3407,35.83,41.03,0.5847,8.43,-52.52,-20.95,-24.66,0.0,62.5,3,60.08,28.25,-39.06,0.0,,8,,20261007
LIND,"Lindblad Expeditions Holdings, Inc.",Consumer Cyclical,Travel Services,NCM,36.08,857807,2367558400,1.4046,30.17,22.57,4.2067,36.16,92.21,171.43,109.88,0.0,93.75,2,36.36,11.37,-0.77,0.0,,8,,20261007
EOPSF,Electro Optic Systems Holdings Limited,Industrials,Aerospace & Defense,PNK,7.91,26200,1801995264,0.4094,6.52,7.91,3.3938,23.63,6.18,15.6,14.31,0.0,88.75,3,9.02,4.01,-12.31,0.0,,8,,20261007
SPH,"Suburban Propane Partners, L.P.",Utilities,Utilities - Regulated Gas,NYSE,17.08,198156,1139447552,0.3264,17.38,18.39,-0.9151,-8.81,-30.62,-18.96,-20.5,0.0,35.25,4,20.8,16.25,-17.88,0.0,,8,,20261007
WWW,"Wolverine World Wide, Inc.",Consumer Cyclical,Footwear & Accessories,NYSE,19.31,785576,1584700928,0.6646,19.55,17.75,-0.3567,11.11,1.7,-39.7,-12.51,0.0,70.75,3,27.73,13.47,-30.36,0.0,,8,,20261007
TV,"Grupo Televisa, S.A.B.",Communication Services,Telecom Services,NYSE,2.28,1122055,1201696768,0.0941,2.6,2.86,-3.4095,-20.96,-40.7,-27.91,-30.65,0.0,8.75,4,3.49,2.18,-34.67,0.0,,8,,20261007
TBLA,Taboola.com Ltd.,Communication Services,Internet Content & Information,NASDAQ,3.23,2432611,872601920,0.137,3.88,4.08,-4.7696,-45.29,-20.31,-19.5,-26.23,0.0,7.5,4,5.71,2.83,-43.43,0.0,,8,,20261007
CCEC,Capital Clean Energy Carriers Corp.,Industrials,Marine Shipping,NASDAQ,20.79,8101,1251809536,0.8124,22.2,21.25,-1.7295,-10.34,-3.52,-17.54,-10.83,0.0,22.0,4,24.0,16.77,-13.37,0.0,,8,,20261007
PRG,"PROG Holdings, Inc.",Industrials,Rental & Leasing Services,NYSE,31.28,559268,1245933440,1.1923,38.28,35.42,-5.8723,-32.23,-5.13,-18.49,-17.25,0.0,5.0,4,47.73,25.8,-34.46,0.0,,8,,20261007
CRML,Critical Metals Corp.,Basic Materials,Other Industrial Metals & Mining,NASDAQ,7.36,7951849,1081101184,0.5891,6.96,9.59,0.6709,-17.68,-24.18,-25.44,-23.06,0.0,31.25,3,32.15,5.12,-77.11,0.0,,8,,20261007
GRWXF,Molten Ventures Plc,Unknown,Unknown,PNK,9.3,647,1558641024,0.3187,9.3,9.3,0.0,11.23,11.23,11.23,11.23,0.0,64.5,3,9.52,7.5,-2.31,0.0,,8,,20261007
MLTX,MoonLake Immunotherapeutics,Healthcare,Biotechnology,NCM,10.95,1406836,931918208,0.6571,14.81,16.74,-5.8806,-47.36,-54.67,12.22,-26.09,0.0,7.5,4,23.29,8.8,-52.98,0.0,,8,,20261007
NSSC,"Napco Security Technologies, Inc.",Industrials,Security & Protection Services,NASDAQ,36.64,377635,1310555520,1.0044,36.88,39.25,-0.2364,-8.1,-29.72,-30.39,-24.58,0.0,36.5,4,51.77,33.91,-29.23,0.0,,8,,20261007
DFH,"Dream Finders Homes, Inc.",Consumer Cyclical,Residential Construction,NYSE,9.74,778041,881812032,0.7215,13.21,15.5,-4.8111,-42.54,-46.2,-80.81,-59.13,0.0,6.25,4,24.91,9.71,-60.91,0.0,,8,,20261007
MUC,"BlackRock MuniHoldings California Quality Fund, Inc.",Financial Services,Asset Management,NYSE,9.76,497132,1220079872,0.1424,10.32,10.44,-3.9601,-14.53,-22.88,-22.13,-20.49,0.0,18.25,4,11.16,9.54,-12.54,0.0,,8,,20261007
ATUUF,Tenaz Energy Corp.,Energy,Oil & Gas E&P,PNK,46.99,12965,1556120832,1.4989,45.04,38.06,1.3013,37.46,-14.22,204.84,86.32,0.0,82.5,2,54.15,16.45,-13.22,0.0,,8,,20261007
IDT,IDT Corporation,Communication Services,Telecom Services,NYSE,80.31,241460,1994794752,2.8845,69.16,56.58,3.8649,29.3,46.24,45.15,41.57,0.0,86.25,2,82.31,45.72,-2.43,0.0,,8,,20261007
DMLP,"Dorchester Minerals, L.P.",Energy,Oil & Gas E&P,NASDAQ,29.12,164281,1429296384,0.5937,28.29,25.5,1.402,11.21,-8.19,12.08,4.77,0.0,88.75,2,30.54,20.85,-4.65,0.0,,8,,20261007
FCEL,"FuelCell Energy, Inc.",Industrials,Electrical Equipment & Parts,NASDAQ,20.65,8486066,1651054080,1.5682,18.47,14.43,1.3882,-13.16,210.56,84.58,104.24,0.0,61.25,2,37.88,5.71,-45.49,0.0,,8,,20261007
FCELB,"FuelCell Energy, Inc.",Industrials,Electrical Equipment & Parts,PNK,480.0,166,3733713600,14.7965,485.86,411.26,-0.396,3.24,11.54,44.62,22.7,0.0,45.75,3,548.0,297.5,-12.41,0.0,,8,,20261007
ARDT,"Ardent Health, Inc.",Healthcare,Medical Care Facilities,NYSE,10.68,442671,1506370304,0.3777,10.85,9.72,-0.447,0.44,-0.38,-41.5,-16.62,0.0,74.5,3,15.48,7.71,-31.01,0.0,,8,,20261007
UAN,"CVR Partners, LP",Basic Materials,Agricultural Inputs,NYSE,125.28,37273,1324164224,3.0486,125.78,113.33,-0.1656,6.79,-14.64,35.22,10.66,0.0,72.0,3,139.5,89.2,-10.19,0.0,,8,,20261007
FOR,Forestar Group Inc.,Real Estate,Real Estate - Development,NYSE,26.31,145157,1342039680,0.7864,27.81,27.42,-1.9014,-16.67,-12.39,-20.34,-16.64,0.0,19.5,4,32.06,22.81,-17.94,0.0,,8,,20261007
CHYCF,Chiyoda Corporation,Industrials,Engineering & Construction,PNK,3.88,3,1005631872,0.0008,3.89,5.41,-11.956,-9.94,-79.19,92.7,6.88,0.0,12.0,4,9.95,1.85,-61.01,0.0,,8,,20261007
TUYA,Tuya Inc.,Technology,Software - Infrastructure,NYSE,1.73,639358,1060681472,0.0559,1.77,2.06,-0.7544,-12.27,-44.53,-48.88,-38.21,0.0,19.5,4,2.7,1.6,-35.93,0.0,,8,,20261007
AI,"C3.ai, Inc.",Technology,Software - Infrastructure,NYSE,11.24,4973928,1807165568,0.4851,10.34,10.23,1.8604,22.08,9.97,-59.01,-14.59,0.0,86.25,2,20.05,7.67,-43.95,0.0,,8,,20261007
CHNFF,China Foods Limited,Consumer Defensive,Beverages - Non-Alcoholic,PNK,0.47,0,0,0.0,0.47,0.37,0.0,-3.88,32.69,33.84,24.01,0.0,62.0,3,0.5,0.42,-5.86,0.0,,8,,20261007
ATVDY,"Atresmedia Corporación de Medios de Comunicación, S.A.",Communication Services,Entertainment,PNK,6.41,581,1442267904,0.0732,6.12,5.71,3.848,15.61,1.37,-7.53,1.37,0.0,77.5,2,7.05,5.05,-9.15,0.0,,8,,20261007
TSIOF,361 Degrees International Limited,Consumer Cyclical,Footwear & Accessories,PNK,0.52,66,1134998272,0.0027,0.58,0.65,-19.4661,-8.37,-38.28,-40.27,-31.6,0.0,0.0,4,0.93,0.52,-43.56,0.0,,8,,20261007
LRCDF,Laurentian Bank of Canada,Financial Services,Banks - Regional,PNK,28.88,28,1293625856,0.0208,28.54,28.38,16.5644,-1.4,-16.34,11.15,-1.61,0.0,75.0,2,29.61,22.56,-2.47,0.0,,8,,20261007
AHG,Akso Health Group,Healthcare,Medical Distribution,NCM,1.17,107203,1002343872,0.1121,1.03,1.52,1.2234,-31.65,-67.47,-44.55,-49.35,0.0,36.25,3,2.5,0.68,-53.2,0.0,,8,,20261007
NPKI,NPK International Inc.,Industrials,Building Products & Equipment,NYSE,12.01,809731,1019767872,0.3949,12.96,13.99,-2.4037,-20.5,-34.97,-10.06,-21.39,0.0,7.5,4,16.5,10.73,-27.21,0.0,,8,,20261007
IAUX,i-80 Gold Corp.,Basic Materials,Gold,NYSE,1.61,9598904,1394101760,0.0778,1.67,1.61,-0.8351,13.6,-21.79,51.8,16.49,0.0,54.0,3,2.24,0.89,-28.12,0.0,,8,,20261007
BTSNY,Betsson AB (publ),Consumer Cyclical,Gambling,PNK,9.55,0,1292165504,0.0,9.55,10.25,0.0,-3.88,-18.99,-61.3,-32.14,0.0,49.0,3,18.28,8.77,-47.76,0.0,,8,,20261007
MYI,"BlackRock MuniYield Quality Fund III, Inc.",Financial Services,Asset Management,NYSE,9.64,446801,1178910464,0.1608,10.35,10.56,-4.4234,-15.51,-25.94,-24.14,-22.61,0.0,17.0,4,11.46,9.42,-15.88,0.0,,8,,20261007
WINA,Winmark Corporation,Consumer Cyclical,Specialty Retail,NASDAQ,295.85,66345,1062743232,10.3515,325.07,388.13,-2.8225,-29.78,-48.41,-57.97,-47.58,0.0,10.0,4,498.87,280.05,-40.7,0.0,,8,,20261007
ARRY,"Array Technologies, Inc.",Technology,Solar,NASDAQ,4.06,6734725,625271232,0.2243,4.63,7.45,-2.5294,-40.74,-59.34,-72.91,-60.12,0.0,8.75,4,12.23,3.76,-66.8,0.0,,8,,20261007
UMH,"UMH Properties, Inc.",Real Estate,REIT - Residential,NYSE,15.42,634556,1316646016,0.2616,15.79,15.2,-1.4015,-1.65,-12.14,-5.55,-6.88,0.0,72.0,3,16.77,13.93,-8.05,0.0,,8,,20261007
FKRAF,Fiskars Oyj Abp,Consumer Cyclical,"Furnishings, Fixtures & Appliances",PNK,14.18,121,1117085696,0.2204,15.72,15.22,-6.9937,-8.64,-23.04,-20.95,-18.6,0.0,38.25,3,16.46,13.46,-13.85,0.0,,8,,20261007
PLTK,Playtika Holding Corp.,Communication Services,Electronic Gaming & Multimedia,NASDAQ,2.29,1453979,873447616,0.1047,2.57,3.24,-2.7055,-41.69,-45.85,-55.4,-48.63,0.0,8.75,4,4.42,2.07,-48.19,0.0,,8,,20261007
WABC,Westamerica Bancorporation,Financial Services,Banks - Regional,NASDAQ,58.73,192003,1357317888,1.1664,59.2,54.43,-0.3998,-2.09,-5.29,9.19,1.3,0.0,75.75,3,63.61,44.93,-7.67,0.0,,8,,20261007
GIII,"G-III Apparel Group, Ltd.",Consumer Cyclical,Apparel Manufacturing,NASDAQ,26.78,615268,1148232960,0.8059,31.09,30.79,-5.3484,-25.26,-23.0,-18.94,-21.94,0.0,11.25,4,37.54,24.61,-28.66,0.0,,8,,20261007
HMMCF,Hemlo Mining Corp.,Basic Materials,Gold,OQX,4.01,54813,1188443648,0.2477,4.98,4.57,-3.9098,-0.76,-28.47,365.84,136.18,0.0,31.25,3,6.54,0.83,-38.69,0.0,,8,,20261007
ARSTY,Ariston Holding N.V.,Industrials,Building Products & Equipment,PNK,17.8,7,6540758528,0.0318,16.68,17.8,35.2931,8.83,-2.94,-2.94,0.0,0.0,75.0,3,18.0,15.79,-1.12,0.0,,8,,20261007
CDRE,"Cadre Holdings, Inc.",Industrials,Aerospace & Defense,NYSE,25.5,401963,1091928832,1.0854,29.77,33.35,-3.9343,-16.04,-36.45,-47.34,-35.7,0.0,10.0,4,48.76,24.42,-47.7,0.0,,8,,20261007
ACDC,ProFrac Holding Corp.,Energy,Oil & Gas Equipment & Services,NASDAQ,4.88,1554461,887848512,0.3353,4.76,5.52,0.3328,-8.81,-40.41,-0.77,-16.65,0.0,36.25,3,8.22,3.08,-40.69,0.0,,8,,20261007
LADR,Ladder Capital Corp,Real Estate,REIT - Mortgage,NYSE,8.68,1226263,1101190912,0.1873,9.35,9.65,-3.5781,-12.96,-24.94,-28.42,-23.34,0.0,3.75,4,11.48,8.48,-24.39,0.0,,8,,20261007
LIFZF,Labrador Iron Ore Royalty Corporation,Basic Materials,Steel,PNK,16.35,34690,1046400000,0.5039,18.61,20.19,-4.4939,-19.4,-41.05,-35.04,-33.24,0.0,10.0,4,23.29,15.3,-29.8,0.0,,8,,20261007
BRELY,Brazilian Rare Earths Limited,Basic Materials,Other Precious Metals & Mining,OQX,12.85,330,683575040,0.5014,13.0,14.38,-0.3034,-7.21,-16.34,4.39,-5.77,0.0,40.75,3,24.16,11.73,-46.81,0.0,,8,,20261007
HLF,Herbalife Ltd.,Consumer Defensive,Packaged Foods,NYSE,12.58,1542395,1318426496,0.448,12.23,14.05,0.7786,-4.7,-28.54,27.59,-0.13,0.0,35.0,3,20.4,7.56,-38.33,0.0,,8,,20261007
LYPHF,Luye Pharma Group Ltd.,Healthcare,Drug Manufacturers - Specialty & Generic,PNK,0.27,12976,1078519296,0.0002,0.27,0.32,0.0,28.4,-46.67,-16.28,-15.75,0.0,50.0,3,0.4,0.2,-31.65,0.0,,8,,20261007
WLFC,Willis Lease Finance Corporation,Industrials,Rental & Leasing Services,NASDAQ,42.85,234881,1024108480,2.416,56.51,60.93,-5.6522,-46.4,-47.43,-22.78,-37.31,0.0,5.0,4,81.54,38.0,-47.45,0.0,,8,,20261007
THYKF,thyssenkrupp nucera AG & Co. KGaA,Industrials,Specialty Industrial Machinery,PNK,9.56,812,1402200064,0.0242,9.12,9.5,18.1632,10.85,-16.94,-27.33,-14.15,0.0,75.0,3,13.18,8.0,-27.46,0.0,,8,,20261007
SLCVF,"Sitios Latinoamérica, S.A.B. de C.V.",Industrials,Engineering & Construction,PNK,0.39,22,1855633152,0.0027,0.31,0.29,31.2843,46.12,7.62,4.84,16.13,0.0,75.0,2,0.39,0.23,-0.0,0.0,,8,,20261007
CMP,"Compass Minerals International, Inc.",Basic Materials,Other Industrial Metals & Mining,NYSE,22.7,420590,952965824,0.7988,25.22,25.82,-3.1584,-26.75,-19.83,3.07,-12.4,0.0,6.25,4,34.5,16.4,-34.2,0.0,,8,,20261007
CSIQ,Canadian Solar Inc.,Technology,Solar,NASDAQ,11.54,1955275,783528512,0.6834,13.42,16.57,-2.7496,-26.54,-23.49,-41.75,-31.56,0.0,6.25,4,34.59,10.34,-66.64,0.0,,8,,20261007
MSDL,Morgan Stanley Direct Lending Fund,Financial Services,Asset Management,NYSE,13.48,452447,1133736960,0.2505,14.44,14.34,-3.8516,-13.39,-18.21,-24.1,-19.36,0.0,18.25,4,17.91,13.43,-24.73,0.0,,8,,20261007
NBITF,Norbit ASA,Technology,Scientific & Technical Instruments,PNK,17.49,3,0,0.3498,17.49,17.49,0.0,-1.42,-1.42,-1.42,-1.42,0.0,62.0,3,17.49,17.49,-0.0,0.0,,8,,20261007
SEPN,"Septerna, Inc.",Healthcare,Biotechnology,NASDAQ,35.67,391115,1664966656,1.9698,39.22,30.98,-1.8021,-6.78,24.82,54.81,28.91,0.0,60.0,3,51.1,17.55,-30.2,0.0,,8,,20261007
SQZZF,Serica Energy plc,Energy,Oil & Gas E&P,PNK,3.52,2567,1379529088,0.0519,3.15,2.87,7.1475,19.16,-2.99,20.36,11.89,0.0,76.25,2,3.67,1.3,-4.09,0.0,,8,,20261007
AFMJF,Alphamin Resources Corp.,Basic Materials,Other Industrial Metals & Mining,PNK,1.02,261554,1313529984,0.038,1.05,0.94,-0.7163,-0.7,17.84,18.95,13.65,0.0,43.25,3,1.2,0.67,-15.0,0.0,,8,,20261007
RDWR,Radware Ltd.,Technology,Software - Infrastructure,NASDAQ,30.64,289154,1289407360,1.0748,28.62,27.13,1.8789,-4.02,-8.88,-4.57,-5.94,0.0,62.5,2,32.79,21.68,-6.56,0.0,,8,,20261007
GUZOF,"Grupo Herdez, S.A.B. de C.V.",Consumer Defensive,Packaged Foods,PNK,2.9,90,932514816,0.0031,2.95,3.71,-16.9178,-6.14,-55.03,-35.87,-35.14,0.0,12.0,4,5.23,2.9,-44.55,0.0,,8,,20261007
ATEC,"Alphatec Holdings, Inc.",Healthcare,Medical Devices,NASDAQ,10.54,2167118,1620939392,0.4705,9.77,11.44,1.6409,9.66,-23.22,-42.17,-22.58,0.0,70.75,3,23.29,6.82,-54.74,0.0,,8,,20261007
ADTN,"ADTRAN Holdings, Inc.",Technology,Communication Equipment,NASDAQ,7.62,1980340,620888320,0.3332,7.63,11.31,-0.03,-45.57,-61.1,-35.3,-46.9,0.0,22.0,4,19.98,6.73,-61.86,0.0,,8,,20261007
PFBC,Preferred Bank,Financial Services,Banks - Regional,NASDAQ,104.54,121227,1239124736,2.4252,104.47,96.16,0.0269,-2.68,-2.65,3.22,-0.31,0.0,86.25,2,112.26,81.5,-6.88,0.0,,8,,20261007
BLGFF,Baillie Gifford US Growth Trust PLC,Unknown,Unknown,PNK,5.0,2382,0,0.1467,4.37,5.0,4.3099,49.16,49.16,49.16,49.16,0.0,67.0,3,5.31,3.65,-5.84,0.0,,8,,20261007
VTOL,Bristow Group Inc.,Energy,Oil & Gas Equipment & Services,NYSE,40.31,242949,1194869120,1.2002,43.94,43.66,-3.0214,-12.58,-35.06,-6.53,-18.03,0.0,19.5,4,50.38,35.03,-19.99,0.0,,8,,20261007
BHRB,Burke & Herbert Financial Services Corp.,Financial Services,Banks - Regional,NCM,69.2,123862,1396942592,1.3837,71.39,66.12,-1.5827,-3.54,-6.93,1.06,-2.89,0.0,43.25,3,75.09,57.42,-7.84,0.0,,8,,20261007
DFDDF,DFDS A/S,Industrials,Marine Shipping,PNK,21.5,31,1161350144,0.0059,21.24,18.41,44.0603,0.29,17.89,21.5,14.94,0.0,75.0,2,21.5,14.17,0.0,0.0,,8,,20261007
KMTS,"Kestra Medical Technologies, Ltd.",Healthcare,Medical Instruments & Supplies,NASDAQ,27.1,364177,1614124672,1.4779,25.97,23.61,0.7626,-3.66,20.26,-8.49,2.78,0.0,87.5,2,30.0,17.34,-9.67,0.0,,8,,20261007
INSP,"Inspire Medical Systems, Inc.",Healthcare,Medical Devices,NYSE,68.2,798629,1971687552,3.5323,63.98,60.84,1.1942,33.56,6.54,-28.62,-0.77,0.0,87.5,2,147.03,38.91,-53.61,0.0,,8,,20261007
MUX,McEwen Inc.,Basic Materials,Other Precious Metals & Mining,NYSE,18.1,1105975,1110590080,0.8283,19.1,21.17,-1.2045,-1.41,-34.48,-13.71,-17.9,0.0,33.75,3,29.7,14.93,-39.06,0.0,,8,,20261007
SVV,"Savers Value Village, Inc.",Consumer Cyclical,Specialty Retail,NYSE,9.2,1432425,1409757952,0.3686,10.16,9.43,-2.6079,-7.73,-2.03,-48.35,-21.98,0.0,19.5,4,13.88,6.91,-33.72,0.0,,8,,20261007
IRPSY,IRPC Public Company Limited,Energy,Oil & Gas Refining & Marketing,PNK,6.21,0,1267497728,0.0027,6.13,4.78,28.6923,-1.93,62.72,65.46,47.65,0.0,75.0,2,8.62,3.5,-27.96,0.0,,8,,20261007
EMO,ClearBridge Energy Midstream Opportunity Fund Inc,Financial Services,Asset Management,NYSE,51.05,39421,1021746752,1.3161,52.53,48.96,-1.1262,-1.71,-14.43,7.37,-2.53,0.0,68.25,3,56.33,41.54,-9.37,0.0,,8,,20261007
ASST,"Strive, Inc.",Financial Services,Asset Management,NASDAQ,29.75,6535846,3002934784,1.7839,21.71,15.65,4.5056,135.33,202.32,-60.46,80.46,0.0,86.25,2,43.0,7.02,-30.81,0.0,,8,,20261007
SATA,"Strive, Inc.",Financial Services,Asset Management,NASDAQ,100.01,336815,0,0.2398,98.17,92.44,7.6708,2.52,-9.54,10.32,1.42,0.0,92.5,2,101.35,79.01,-1.32,0.0,,8,,20261007
AFYA,Afya Limited,Consumer Defensive,Education & Training Services,NASDAQ,13.91,233173,1231174400,0.5298,13.78,14.12,0.2607,-10.89,-26.02,-23.93,-21.4,0.0,44.5,3,16.16,11.62,-13.89,0.0,,8,,20261007
ALX,"Alexander's, Inc.",Real Estate,REIT - Retail,NYSE,245.49,35930,1253788672,4.961,259.57,243.68,-2.8382,-12.73,-8.83,-9.1,-9.91,0.0,36.25,3,289.43,201.28,-15.18,0.0,,8,,20261007
ATLCZ,Atlanticus Holdings Corporation 9.25% Senior Notes due 2029,Unknown,Unknown,NASDAQ,25.13,15436,0,0.157,24.93,24.3,1.2829,-3.4,-13.34,-8.98,-9.11,0.0,83.75,2,25.89,24.72,-2.94,0.0,,8,,20261007
ATLCP,Atlanticus Holdings Corporation,Financial Services,Credit Services,NASDAQ,23.5,3939,0,0.2052,23.86,23.22,-1.745,-6.21,-9.12,-12.58,-9.78,0.0,62.75,3,24.9,20.46,-5.62,0.0,,8,,20261007
ATLC,Atlanticus Holdings Corporation,Financial Services,Credit Services,NASDAQ,93.07,141204,1411875456,3.528,95.9,78.13,-0.8014,-5.19,47.5,46.38,33.88,0.0,49.5,3,114.34,47.5,-18.6,0.0,,8,,20261007
PDS,Precision Drilling Corporation,Energy,Oil & Gas Drilling,NYSE,84.72,109587,1066410496,3.0951,84.87,86.13,-0.0475,-0.52,-30.16,28.19,0.59,0.0,61.5,3,103.8,53.42,-18.38,0.0,,8,,20261007
TEN,Tsakos Energy Navigation Limited,Energy,Oil & Gas Midstream,NYSE,50.47,332673,1520540160,1.9892,44.15,36.56,3.1784,27.35,15.02,115.47,58.29,0.0,87.5,2,53.84,20.5,-6.26,0.0,,8,,20261007
PRGS,Progress Software Corporation,Technology,Software - Infrastructure,NASDAQ,37.2,554851,1520519936,1.8563,41.91,36.73,-2.535,-6.26,9.41,-37.1,-13.12,0.0,62.5,3,47.25,23.82,-21.27,0.0,,8,,20261007
FTRE,Fortrea Holdings Inc.,Healthcare,Biotechnology,NASDAQ,20.78,1432831,1976178048,1.1508,18.88,15.23,1.6545,17.31,99.72,102.22,80.12,0.0,88.75,2,23.51,8.55,-11.61,0.0,,8,,20261007
ACNDF,CapitaLand India Trust,Real Estate,Real Estate Services,PNK,0.74,37085,1040841152,0.0367,0.77,0.84,-0.8279,-8.68,-23.91,-35.45,-24.72,0.0,24.5,4,1.24,0.69,-40.32,0.0,,8,,20261007
AOSL,Alpha and Omega Semiconductor Limited,Technology,Semiconductors,NASDAQ,29.94,590664,907333888,1.4241,28.18,30.18,1.2373,-24.66,11.0,-11.58,-6.95,0.0,52.0,3,54.34,17.01,-44.9,0.0,,8,,20261007
ICFI,"ICF International, Inc.",Industrials,Consulting Services,NASDAQ,83.09,208598,1490126336,2.3996,86.48,78.4,-1.4116,2.55,4.63,-28.77,-9.25,0.0,69.5,3,98.03,58.83,-15.24,0.0,,8,,20261007
UAMY,United States Antimony Corporation,Basic Materials,Other Industrial Metals & Mining,NYSE,3.99,6070295,597180800,0.2732,5.09,7.54,-4.0151,-45.05,-69.7,-66.19,-62.14,0.0,2.5,4,19.71,3.85,-79.76,0.0,,8,,20261007
AAVVF,Advantage Energy Ltd.,Energy,Oil & Gas E&P,PNK,7.44,67418,1245721728,0.2932,7.65,7.67,-0.7054,-8.03,-17.97,-30.15,-20.36,0.0,34.0,4,9.5,3.56,-21.68,0.0,,8,,20261007
DSGR,"Distribution Solutions Group, Inc.",Industrials,Industrial Distribution,NASDAQ,35.05,242793,1621252608,0.1025,34.81,29.72,2.3136,25.04,13.08,0.54,11.05,0.0,88.75,2,35.1,19.02,-0.14,0.0,,8,,20261007
DSL,DoubleLine Income Solutions Fund,Financial Services,Asset Management,NYSE,9.9,624480,1134253312,0.1137,10.33,10.42,-3.7842,-11.5,-22.06,-26.2,-21.07,0.0,34.0,4,12.34,9.81,-19.77,0.0,,8,,20261007
AVBP,"ArriVent BioPharma, Inc.",Healthcare,Biotechnology,NASDAQ,15.09,527061,744053632,2.611,29.55,27.32,-5.5371,-59.6,-58.88,-41.62,-52.15,0.0,11.25,4,35.83,11.37,-57.88,0.0,,8,,20261007
ENR,"Energizer Holdings, Inc.",Industrials,Electrical Equipment & Parts,NYSE,21.59,1004850,1478342656,0.7986,21.49,19.77,0.1231,4.2,14.73,-25.0,-3.79,0.0,87.5,2,25.35,15.75,-14.83,0.0,,8,,20261007
IPX,IperionX Limited,Basic Materials,Other Industrial Metals & Mining,NCM,17.01,307858,616170496,1.2224,21.09,32.58,-3.3357,-33.49,-56.27,-86.85,-62.81,0.0,8.75,4,61.45,15.34,-72.32,0.0,,8,,20261007
WBTNF,Weebit Nano Limited,Technology,Semiconductors,PNK,2.48,28420,602000768,0.2253,2.81,3.6,-1.4502,-54.88,-19.98,-22.66,-29.77,0.0,10.0,4,6.5,2.15,-61.85,0.0,,8,,20261007
PEBO,Peoples Bancorp Inc.,Financial Services,Banks - Regional,NASDAQ,36.73,330007,598550208,0.7985,39.82,35.0,-3.8698,-6.44,-7.2,11.25,0.37,0.0,47.0,3,42.29,27.49,-13.15,0.0,,8,,20261007
FRBP,FRANKLIN BSP CAP CORP,Financial Services,Asset Management,PNK,8.35,212,1371725184,0.0499,8.24,8.53,2.133,4.33,-28.34,-25.01,-18.84,0.0,62.0,3,11.0,7.0,-24.09,0.0,,8,,20261007
GOLD,"Gold.com, Inc.",Financial Services,Capital Markets,NYSE,41.57,524701,1209539456,1.7247,43.45,43.28,-1.0918,-1.48,-20.19,44.71,10.45,0.0,56.5,3,66.7,23.0,-37.68,0.0,,8,,20261007
VLTAF,Voltalia SA,Utilities,Utilities - Renewable,PNK,5.22,8,683690752,0.0737,7.3,8.15,-28.1735,-42.76,-54.91,-43.14,-47.17,0.0,0.0,4,9.57,5.22,-45.45,0.0,,8,,20261007
TMP,Tompkins Financial Corporation,Financial Services,Banks - Regional,NYSE,97.81,106014,1406791936,2.2807,98.47,85.99,-0.2899,3.36,3.77,36.75,16.86,0.0,70.75,3,102.59,61.88,-4.66,0.0,,8,,20261007
AMAL,Amalgamated Financial Corp.,Financial Services,Banks - Regional,NASDAQ,47.65,209884,1424742144,1.0508,48.6,42.3,-0.8995,1.38,0.04,61.3,24.88,0.0,73.25,3,51.59,25.13,-7.64,0.0,,8,,20261007
CXM,"Sprinklr, Inc.",Technology,Software - Application,NYSE,5.16,3369352,1198004096,0.2507,6.28,5.97,-4.45,-9.58,-31.62,-51.27,-33.97,0.0,13.75,4,8.28,4.71,-37.64,0.0,,8,,20261007
XPEL,"XPEL, Inc.",Consumer Cyclical,Auto Parts,NCM,45.15,212732,1244819328,1.4445,47.41,46.92,-1.5665,-3.77,-16.63,16.66,-0.1,0.0,30.25,4,55.91,31.88,-19.25,0.0,,8,,20261007
YELP,Yelp Inc.,Communication Services,Internet Content & Information,NYSE,18.14,1189665,984342016,0.8688,22.2,24.71,-4.6736,-33.73,-47.9,-60.65,-49.45,0.0,10.0,4,34.49,17.27,-47.41,0.0,,8,,20261007
HROW,"Harrow, Inc.",Healthcare,Drug Manufacturers - Specialty & Generic,NASDAQ,30.35,552423,1137756160,1.3556,36.82,40.21,-4.7753,-37.44,-33.12,-50.87,-41.3,0.0,7.5,4,54.85,28.54,-44.67,0.0,,8,,20261007
ALGGY,"Alliance Global Group, Inc.",Industrials,Conglomerates,PNK,6.65,80,1155613568,0.0153,6.92,6.96,-17.7392,-2.0,-32.87,-10.42,-16.17,0.0,49.0,3,8.53,5.51,-22.04,0.0,,8,,20261007
SBET,"Sharplink, Inc.",Financial Services,Capital Markets,NCM,9.5,8534442,2063624192,0.5699,8.03,7.39,2.5813,70.17,33.46,-65.42,3.09,0.0,86.25,2,18.05,4.46,-47.37,0.0,,8,,20261007
DTTLY,Datatec Limited,Technology,Information Technology Services,OQX,9.48,115,1150133632,0.0604,9.47,9.22,0.2207,4.36,-19.05,28.79,5.94,0.0,75.0,2,10.75,7.55,-11.81,0.0,,8,,20261007
WVE,"Wave Life Sciences, Inc.",Healthcare,Biotechnology,NASDAQ,3.52,3086756,693609600,0.2439,4.87,8.56,-5.5544,-48.37,-69.2,-68.44,-63.69,0.0,1.25,4,21.73,3.48,-83.8,0.0,,8,,20261007
TOLWF,Trican Well Service Ltd.,Energy,Oil & Gas Equipment & Services,PNK,4.37,126132,914787904,0.1174,4.39,4.79,-0.205,-10.96,-33.52,-17.95,-21.65,0.0,32.75,4,6.0,3.7,-27.17,0.0,,8,,20261007
MPLT,"MapLight Therapeutics, Inc.",Healthcare,Biotechnology,NASDAQ,9.69,866015,538528704,0.8674,11.98,21.4,-2.6443,-79.63,-78.64,-62.09,-72.27,0.0,7.5,4,40.43,8.92,-76.03,0.0,,8,,20261007
TAOFF,IperionX Limited,Basic Materials,Other Industrial Metals & Mining,PNK,2.0,1398,724480320,0.0263,2.2,3.31,-7.7853,-29.81,-31.98,-77.81,-49.77,0.0,1.25,4,5.8,1.6,-65.52,0.0,,8,,20261007
NSP,"Insperity, Inc.",Industrials,Staffing & Employment Services,NYSE,46.42,503017,1773024512,2.1598,50.45,37.71,-1.8665,2.21,53.18,-16.3,12.64,0.0,61.25,3,55.9,18.57,-16.96,0.0,,8,,20261007
HKEPF,"Hokkaido Electric Power Company, Incorporated",Utilities,Utilities - Renewable,PNK,7.07,19,1452339200,0.9138,-6.82,-0.57,15.2071,-197.13,-193.98,-64.49,-142.97,0.0,62.0,3,7.6,5.19,-6.94,0.0,,8,,20261007
LEFUF,Leon's Furniture Limited,Consumer Cyclical,Specialty Retail,PNK,17.1,3257,1175648640,0.1653,17.47,18.18,-2.233,-3.78,-25.18,-32.43,-22.73,0.0,56.5,4,21.31,16.56,-19.76,0.0,,8,,20261007
JFR,Nuveen Floating Rate Income Fund,Financial Services,Asset Management,NYSE,7.38,664981,1187939584,0.095,7.5,7.27,-1.226,-5.95,-13.16,-14.07,-11.72,0.0,45.75,3,8.15,7.16,-9.45,0.0,,8,,20261007
CCO,"Clear Channel Outdoor Holdings, Inc.",Communication Services,Advertising Agencies,NYSE,2.4,6808868,1221825280,0.0252,2.38,2.34,0.7301,-5.19,-17.52,44.49,10.37,0.0,55.0,2,2.44,1.27,-1.64,0.0,,8,,20261007
IRS,IRSA Inversiones y Representaciones Sociedad Anónima,Real Estate,Real Estate Services,NYSE,14.27,157459,1207234816,0.5439,14.9,15.39,-1.1608,-11.45,-31.56,6.41,-11.34,0.0,31.5,4,19.14,10.87,-25.44,0.0,,8,,20261007
FGROY,FirstGroup plc,Industrials,Railroads,PNK,2.35,110,1213334528,0.0058,2.35,2.33,0.3803,-8.86,-22.25,-37.67,-25.07,0.0,75.0,2,3.1,2.0,-24.19,0.0,,8,,20261007
BCCMY,BAIC Motor Corporation Limited,Consumer Cyclical,Auto Manufacturers,PNK,0.92,100,734806144,0.0049,1.03,1.67,-22.2858,-23.11,-65.8,-81.77,-61.52,0.0,0.0,4,2.6,0.88,-64.74,0.0,,8,,20261007
VIA,"Via Transportation, Inc.",Technology,Software - Application,NYSE,30.83,794173,2512818176,1.3612,26.37,20.58,3.2748,67.26,75.48,-50.65,22.97,0.0,88.75,2,55.2,12.95,-44.15,0.0,,8,,20261007
CHYCY,Chiyoda Corporation,Industrials,Engineering & Construction,PNK,4.08,33,1057468544,0.0005,4.08,5.61,0.0,-13.09,-53.5,91.56,14.62,0.0,25.0,3,9.87,1.95,-58.66,0.0,,8,,20261007
MTRBF,Metro Bank Holdings PLC,Financial Services,Banks - Regional,PNK,2.15,824,1448314240,0.0037,2.13,1.88,4.3528,-12.5,42.12,21.03,20.03,0.0,50.0,2,2.54,1.3,-15.27,0.0,,8,,20261007
YUPRF,Yuexiu Property Company Limited,Real Estate,Real Estate - Development,PNK,0.5,0,2013099008,0.0002,0.5,0.43,0.0,-3.88,5.86,93.84,38.62,0.0,62.0,3,0.53,0.25,-4.96,0.0,,8,,20261007
MALJF,Magellan Aerospace Corporation,Industrials,Aerospace & Defense,PNK,23.49,4271,1380049280,0.367,24.98,20.11,-4.0472,-11.61,18.53,73.54,33.0,0.0,27.5,3,32.54,11.28,-27.81,0.0,,8,,20261007
CTBI,"Community Trust Bancorp, Inc.",Financial Services,Banks - Regional,NASDAQ,76.11,117904,1382763008,1.3963,76.43,66.69,-0.2295,3.5,4.64,24.97,12.49,0.0,72.0,3,79.92,50.25,-4.77,0.0,,8,,20261007
PRSU,"Pursuit Attractions and Hospitality, Inc.",Consumer Cyclical,Travel Services,NYSE,52.73,231473,1437638912,1.398,49.08,43.18,2.6108,-6.49,14.68,30.07,15.54,0.0,66.25,2,56.52,32.03,-6.71,0.0,,8,,20261007
UFCS,"United Fire Group, Inc.",Financial Services,Insurance - Property & Casualty,NASDAQ,54.87,150803,1407753856,1.7179,53.79,44.55,0.629,0.89,25.99,63.09,34.56,0.0,87.5,2,56.74,29.85,-3.3,0.0,,8,,20261007
COAG,"Hemab Therapeutics Holdings, Inc.",Healthcare,Biotechnology,NASDAQ,28.37,453766,1325222784,2.7723,43.72,28.37,-5.5367,-21.07,-25.22,-25.22,-24.18,0.0,28.75,3,55.42,23.0,-48.81,0.0,,8,,20261007
AVLN,Avalyn Pharma Inc.,Healthcare,Biotechnology,NASDAQ,25.43,237842,1127390592,2.1511,33.24,25.43,-3.6322,-16.91,-22.73,-22.73,-21.27,0.0,57.5,3,40.17,24.15,-36.69,0.0,,8,,20261007
DTTLF,Datatec Limited,Technology,Information Technology Services,OQX,5.58,0,1353954816,0.0025,5.58,3.47,0.0,63.68,112.69,358.83,198.89,0.0,75.0,3,5.58,3.46,-0.0,0.0,,8,,20261007
QKIE,QKI Emulsion Inc.,Financial Services,Shell Companies,OID,2.89,710,1047725312,0.3341,2.5,1.85,1.1749,20.87,61.84,117.28,73.78,0.0,81.25,2,3.1,0.23,-6.77,0.0,,8,,20261007
BRETF,Brazilian Rare Earths Limited,Basic Materials,Other Precious Metals & Mining,OQX,2.26,4196,633147392,0.0711,2.74,2.26,-6.7629,-30.98,-52.16,-52.16,-46.87,0.0,25.0,3,4.3,2.26,-47.44,0.0,,8,,20261007
TROX,Tronox Holdings plc,Basic Materials,Chemicals,NYSE,3.87,2447203,618039104,0.2175,5.09,6.69,-5.6227,-40.0,-76.74,-19.64,-44.72,0.0,5.0,4,10.59,2.86,-63.46,0.0,,8,,20261007
DQ,Daqo New Energy Corp.,Technology,Semiconductor Equipment & Materials,NYSE,11.08,859760,749740800,0.4932,12.74,18.74,-3.3611,-11.51,-65.84,-79.42,-57.69,0.0,5.0,4,36.59,10.87,-69.72,0.0,,8,,20261007
SBH,"Sally Beauty Holdings, Inc.",Consumer Cyclical,Specialty Retail,NYSE,16.26,1327695,1522298368,0.5538,16.29,14.89,-0.0534,8.85,1.4,-19.72,-5.19,0.0,73.25,3,17.92,11.54,-9.26,0.0,,8,,20261007
NEO,"NeoGenomics, Inc.",Healthcare,Diagnostics & Research,NCM,16.51,2363006,2149145344,1.0587,17.38,12.39,-0.8189,11.16,86.06,63.75,58.41,0.0,74.5,3,20.15,7.07,-18.06,0.0,,8,,20261007
MNSAF,Mineros S.A.,Basic Materials,Gold,OQX,7.44,21392,2205404416,0.9419,6.07,4.75,1.4554,59.64,82.0,106.49,86.21,0.0,83.75,2,10.6,3.05,-29.81,0.0,,8,,20261007
PAHGF,Pets at Home Group Plc,Consumer Cyclical,Specialty Retail,PNK,2.72,167,1168510720,0.0013,2.69,2.62,24.8247,0.63,4.91,-25.43,-8.29,0.0,75.0,2,3.25,2.19,-16.38,0.0,,8,,20261007
ZBIO,"Zenas BioPharma, Inc.",Healthcare,Biotechnology,NASDAQ,26.94,745660,1755860992,1.9083,31.06,25.19,-2.1573,-11.12,1.06,6.13,0.04,0.0,57.5,3,44.6,13.5,-39.6,0.0,,8,,20261007
OMGGF,Omai Gold Mines Corp.,Basic Materials,Gold,OQB,1.49,260461,1006364032,0.0931,1.92,1.6,-4.5995,-11.07,3.55,49.46,18.26,0.0,45.75,3,2.3,0.73,-35.22,0.0,,8,,20261007
EOS,Eaton Vance Enhanced Equity Income Fund II,Financial Services,Asset Management,NYSE,21.56,134973,1149493248,0.2519,21.35,21.25,0.8473,-4.25,-10.12,-19.52,-12.41,0.0,62.5,2,24.35,19.44,-11.46,0.0,,8,,20261007
ITRN,Ituran Location and Control Ltd.,Technology,Scientific & Technical Instruments,NASDAQ,52.17,128846,1034822144,1.2172,51.97,51.67,0.1605,-8.49,-15.64,36.49,7.0,0.0,61.25,2,68.3,35.0,-23.62,0.0,,8,,20261007
OLMA,"Olema Pharmaceuticals, Inc.",Healthcare,Biotechnology,NASDAQ,7.92,1073131,692981056,0.5116,10.31,15.81,-4.671,-40.23,-66.85,-46.32,-51.98,0.0,6.25,4,36.26,6.65,-78.16,0.0,,8,,20261007
ELKEF,Elkem ASA,Basic Materials,Specialty Chemicals,PNK,3.4,1,1232661888,0.0,3.4,3.17,0.0,-3.88,-8.51,26.43,6.62,0.0,62.0,3,3.4,2.37,0.0,0.0,,8,,20261007
ATEX,Anterix Inc.,Communication Services,Telecom Services,NCM,83.41,326053,1635652352,4.4599,87.76,59.98,-0.9746,-25.28,83.92,252.21,123.94,0.0,43.25,3,113.0,17.58,-26.19,0.0,,8,,20261007
FQVTY,Fevertree Drinks PLC,Consumer Defensive,Beverages - Non-Alcoholic,PNK,11.0,60,1192881152,0.037,10.93,10.92,1.897,-4.84,-12.37,-11.09,-9.97,0.0,75.0,2,12.4,9.99,-11.29,0.0,,8,,20261007
GILT,Gilat Satellite Networks Ltd.,Technology,Communication Equipment,NASDAQ,9.22,552065,710213440,0.4143,10.39,14.38,-2.8233,-29.27,-68.76,-49.23,-51.07,0.0,11.25,4,20.93,8.74,-55.95,0.0,,8,,20261007
RPGSF,Rockpoint Gas Storage Inc.,Utilities,Utilities - Regulated Gas,PNK,17.19,6722,0,0.1292,17.19,17.19,0.0,0.88,0.88,0.88,0.88,0.0,62.0,3,17.19,16.23,0.0,0.0,,8,,20261007
SUUIF,Superior Plus Corp.,Utilities,Utilities - Regulated Gas,PNK,5.0,117282,1073000000,0.0588,5.2,5.25,-3.4815,-14.11,-12.68,-29.23,-19.66,0.0,29.0,4,6.24,4.34,-19.87,0.0,,8,,20261007
SILXF,Silex Systems Limited,Technology,Semiconductors,OQX,3.05,5751,800083328,0.1973,3.5,4.11,-2.2932,-20.06,-36.79,-52.92,-39.06,0.0,6.25,4,7.25,2.7,-57.93,0.0,,8,,20261007
TDOC,"Teladoc Health, Inc.",Healthcare,Health Information Services,NYSE,5.77,4317742,1048316800,0.2465,6.48,6.55,-2.8913,-41.16,-10.32,-53.64,-35.36,0.0,7.5,4,9.89,4.4,-41.64,0.0,,8,,20261007
SILXY,Silex Systems Limited,Technology,Semiconductors,OQX,15.99,7464,891521472,0.643,17.21,20.43,-1.9001,-12.3,-31.31,-47.79,-33.15,0.0,10.0,4,35.5,13.91,-54.96,0.0,,8,,20261007
SCL,Stepan Company,Basic Materials,Specialty Chemicals,NYSE,62.39,141431,1418283136,1.6171,62.94,54.91,-0.3414,8.78,9.22,13.23,10.71,0.0,72.0,3,68.0,41.82,-8.25,0.0,,8,,20261007
MGRT,Mega Fortune Company Limited,Technology,Information Technology Services,NCM,108.0,16158,1484999936,5.6561,105.66,65.85,0.4141,32.59,271.81,2109.13,946.93,0.0,90.0,2,170.0,4.04,-36.47,0.0,,8,,20261007
ABTC,American Bitcoin Corp,Financial Services,Capital Markets,NCM,8.45,1662703,615326528,0.7077,7.93,14.38,0.7404,39.42,-54.18,-109.6,-52.95,0.0,57.5,3,109.95,4.92,-92.31,0.0,,8,,20261007
PNTG,"The Pennant Group, Inc.",Healthcare,Medical Care Facilities,NASDAQ,39.96,304861,1395591168,1.4237,39.32,34.32,0.4474,-2.85,12.0,36.83,18.22,0.0,62.5,2,42.74,22.25,-6.52,0.0,,8,,20261007
XZO,"Exzeo Group, Inc.",Financial Services,Insurance - Diversified,NYSE,15.04,262000,1354892288,0.7982,16.01,16.5,-1.2216,-18.84,-13.75,-44.64,-27.38,0.0,23.25,4,24.6,12.36,-38.86,0.0,,8,,20261007
BOMXF,"Bolsa Mexicana de Valores, S.A.B. de C.V.",Financial Services,Financial Data & Stock Exchanges,PNK,2.15,3123,1185920000,0.0416,2.22,2.14,-1.6624,-0.41,-15.42,-15.29,-11.62,0.0,65.75,3,2.3,1.82,-6.52,0.0,,8,,20261007
VZLA,Vizsla Silver Corp.,Basic Materials,Other Industrial Metals & Mining,NYSE,3.53,5210380,1253350656,0.1953,3.8,3.96,-1.3991,14.48,-9.49,-37.81,-14.83,0.0,33.75,4,7.19,2.88,-50.9,0.0,,8,,20261007
IRMD,IRADIMED CORPORATION,Healthcare,Medical Devices,NASDAQ,84.82,127380,1084592512,2.211,86.97,93.23,-0.9725,-16.51,-27.64,3.03,-12.59,0.0,32.75,4,107.9,71.34,-21.39,0.0,,8,,20261007
XFABF,X-FAB Silicon Foundries SE,Technology,Semiconductors,PNK,7.2,1257,944872064,0.0758,7.0,7.3,2.6084,-22.02,12.84,-31.6,-13.65,0.0,38.25,3,17.05,5.16,-57.77,0.0,,8,,20261007
LSPD,Lightspeed Commerce Inc.,Technology,Software - Application,NYSE,10.14,766674,1311097856,0.2885,10.18,9.96,-0.1463,-4.58,-4.46,-32.32,-15.64,0.0,48.25,3,13.71,7.83,-26.07,0.0,,8,,20261007
EDN,Empresa Distribuidora y Comercializadora Norte Sociedad Anónima,Utilities,Utilities - Regulated Electric,NYSE,20.94,87389,996203456,1.0862,23.49,26.31,-2.3481,-19.93,-50.13,17.25,-15.63,0.0,3.75,4,36.7,15.35,-42.94,0.0,,8,,20261007
IART,Integra LifeSciences Holdings Corporation,Healthcare,Medical Devices,NASDAQ,13.32,897396,1035929728,0.871,16.49,14.05,-3.6431,-27.79,23.98,-27.68,-9.62,0.0,25.75,4,20.49,8.7,-34.99,0.0,,8,,20261007
OPFI,OppFi Inc.,Financial Services,Credit Services,NYSE,6.18,864403,526586944,0.2552,7.4,8.66,-4.7877,-36.79,-40.26,-60.66,-47.55,0.0,7.5,4,11.69,5.91,-47.13,0.0,,8,,20261007
BV,"BrightView Holdings, Inc.",Industrials,Specialty Business Services,NYSE,10.49,1062325,971373952,0.3477,11.23,12.51,-2.125,-31.11,-26.6,-42.21,-33.97,0.0,5.0,4,15.0,9.81,-30.07,0.0,,8,,20261007
TRIP,"Tripadvisor, Inc.",Consumer Cyclical,Travel Services,NASDAQ,8.52,3674671,998538496,0.386,10.13,11.49,-4.1616,-40.28,-39.53,-64.02,-49.51,0.0,8.75,4,17.82,8.02,-52.19,0.0,,8,,20261007
VITBF,Vitec Software Group AB (publ),Unknown,Unknown,PNK,26.73,764,0,0.8803,27.5,26.73,-0.8662,-48.1,-83.63,-83.63,-74.75,0.0,40.75,3,39.35,22.79,-32.06,0.0,,8,,20261007
FQVTF,Fevertree Drinks PLC,Consumer Defensive,Beverages - Non-Alcoholic,PNK,11.13,698,1206978816,0.116,11.12,10.99,0.109,6.68,-4.42,-15.85,-6.22,0.0,76.25,2,13.05,9.55,-14.71,0.0,,8,,20261007
PBTDF,Plover Bay Technologies Limited,Technology,Communication Equipment,PNK,0.88,525,975716928,0.0071,0.98,0.86,-13.4217,-12.45,-10.27,46.86,12.04,0.0,51.25,3,1.48,0.76,-40.41,0.0,,8,,20261007
BLFS,"BioLife Solutions, Inc.",Healthcare,Medical Instruments & Supplies,NCM,38.61,1121860,1888929920,1.0532,35.87,26.69,2.6,37.22,83.05,27.53,49.38,0.0,90.0,2,39.76,17.86,-2.89,0.0,,8,,20261007
BFLY,"Butterfly Network, Inc.",Healthcare,Medical Devices,NYSE,8.7,6196015,2316680960,0.7162,8.46,5.73,0.3368,13.75,96.03,255.72,139.33,0.0,87.5,2,10.21,1.9,-14.79,0.0,,8,,20261007
WYFI,"WhiteFiber, Inc.",Technology,Information Technology Services,NCM,17.33,2307485,673237888,1.4853,21.16,21.56,-2.5762,-57.61,16.93,-62.13,-33.33,0.0,6.25,4,46.87,10.51,-63.03,0.0,,8,,20261007
SIFY,Sify Technologies Limited,Communication Services,Telecom Services,NCM,13.34,33182,966277760,0.4786,14.38,14.63,-2.1724,-16.55,-17.65,-16.84,-17.05,0.0,23.25,4,17.85,10.09,-25.27,0.0,,8,,20261007
AUTLF,Austal Limited,Industrials,Aerospace & Defense,PNK,3.05,7895,1287326336,0.1308,2.97,3.46,0.5993,5.33,-23.47,-60.34,-31.02,0.0,53.75,3,6.35,2.4,-51.97,0.0,,8,,20261007
SG,"Sweetgreen, Inc.",Consumer Cyclical,Restaurants,NYSE,9.14,5790677,1088037632,0.4498,6.94,6.92,4.8853,11.65,41.85,-6.75,14.86,0.0,90.0,2,10.63,4.49,-14.02,0.0,,8,,20261007
FMBH,"First Mid Bancshares, Inc.",Financial Services,Banks - Regional,NASDAQ,49.51,130456,1317060608,0.8836,50.61,44.85,-1.2396,0.38,-1.06,17.56,6.74,0.0,72.0,3,53.36,34.16,-7.22,0.0,,8,,20261007
ELMTY,Elementis plc,Basic Materials,Specialty Chemicals,PNK,9.0,5,1271542656,0.0783,8.37,8.16,8.0392,17.71,-6.73,-13.59,-3.36,0.0,75.0,2,9.93,7.31,-9.37,0.0,,8,,20261007
NAK,Northern Dynasty Minerals Ltd.,Basic Materials,Other Industrial Metals & Mining,NYSE,1.3,4008500,730758144,0.0892,1.52,1.78,-2.4495,-24.03,-32.69,-19.19,-25.13,0.0,5.0,4,2.98,1.08,-56.38,0.0,,8,,20261007
TK,Teekay Corporation Ltd.,Energy,Oil & Gas Midstream,NYSE,14.7,552389,1289063040,0.5306,13.12,11.45,2.9805,28.61,9.06,75.18,40.4,0.0,90.0,2,15.25,7.8,-3.61,0.0,,8,,20261007
NDTAF,Northern Data AG,Technology,Information Technology Services,PNK,9.25,9,593819264,0.0139,9.24,11.78,0.4896,-4.42,-39.58,-68.22,-42.25,0.0,25.0,3,18.95,6.38,-51.19,0.0,,8,,20261007
RCAT,"Red Cat Holdings, Inc.",Industrials,Aerospace & Defense,NCM,6.34,8306917,968209088,0.3997,8.2,10.94,-4.6513,-35.64,-66.3,-68.49,-59.51,0.0,5.0,4,18.78,5.77,-66.24,0.0,,8,,20261007
DMZPY,Domino's Pizza Enterprises Limited,Consumer Cyclical,Restaurants,PNK,6.43,106,1244973824,0.1016,6.66,6.47,-2.2501,10.78,0.8,31.3,15.5,0.0,50.25,4,8.74,4.42,-26.43,0.0,,8,,20261007
WZZAF,Wizz Air Holdings Plc,Industrials,Airlines,PNK,11.14,0,1548836608,0.0,11.14,12.59,0.0,-4.78,-26.58,-40.79,-26.82,0.0,37.0,3,16.77,11.14,-33.56,0.0,,8,,20261007
SMNR,"Semnur Pharmaceuticals, Inc.",Healthcare,Biotechnology,PNK,0.42,8612,96687832,0.1633,0.62,5.52,-1.2312,-40.16,-113.53,-113.01,-94.98,0.0,11.25,4,23.0,0.13,-98.17,0.0,,8,,20261007
TMLDF,Tasmea Limited,Industrials,Engineering & Construction,PNK,7.65,745,2160058368,0.1649,7.65,7.65,0.0,11.13,11.13,11.13,11.13,0.0,63.25,3,8.52,6.2,-10.21,0.0,,8,,20261007
JKS,"JinkoSolar Holding Co., Ltd.",Technology,Solar,NYSE,9.09,727467,476045024,0.5779,13.11,19.57,-6.9601,-45.37,-77.46,-77.86,-69.6,0.0,3.75,4,31.88,8.92,-71.49,0.0,,8,,20261007
MRNFF,Meren Energy Inc.,Energy,Oil & Gas E&P,OQX,1.41,314125,953322560,0.043,1.54,1.5,-3.0125,-5.97,-35.01,-3.44,-15.12,0.0,47.0,3,1.85,1.19,-23.78,0.0,,8,,20261007
CSR,Centerspace,Real Estate,REIT - Residential,NYSE,55.45,228246,981386496,1.1912,54.4,58.85,0.8789,-3.38,-24.07,-18.65,-16.73,0.0,70.75,3,69.61,52.0,-20.34,0.0,,8,,20261007
TNGRF,Thungela Resources Limited,Energy,Thermal Coal,PNK,7.51,4170,954497600,0.2617,7.3,7.54,0.8115,24.48,-43.61,22.7,-0.06,0.0,72.0,3,10.72,4.25,-29.94,0.0,,8,,20261007
NAT,Nordic American Tankers Limited,Energy,Oil & Gas Midstream,NYSE,8.22,3953185,1740590464,0.3344,7.01,5.36,3.6211,36.1,31.14,158.08,83.15,0.0,91.25,2,8.71,3.1,-5.63,0.0,,8,,20261007
SMSZF,"SMS Co., Ltd.",Healthcare,Health Information Services,PNK,8.56,0,702608640,0.0001,8.56,-1.62,0.0,-3.88,-18.18,-157.91,-70.5,0.0,62.0,3,13.05,8.56,-34.41,0.0,,8,,20261007
RMIX,"Suncrete, Inc.",Basic Materials,Building Materials,NASDAQ,11.55,350942,848761344,0.8321,15.79,11.55,-5.1003,-43.7,-8.89,-15.25,-20.13,0.0,30.0,3,25.5,9.2,-54.71,0.0,,8,,20261007
PSEC,Prospect Capital Corporation,Financial Services,Asset Management,NASDAQ,1.83,4641134,976884864,0.0625,2.16,2.27,-5.2546,-18.36,-40.83,-37.65,-33.94,0.0,6.25,4,3.13,1.8,-41.53,0.0,,8,,20261007
ORZCF,Orezone Gold Corporation,Basic Materials,Gold,OQX,2.35,204793,1570041984,0.0966,2.01,1.76,3.5588,43.95,18.64,106.13,59.97,0.0,92.5,2,2.4,0.89,-2.08,0.0,,8,,20261007
CHRHF,Chervon Holdings Limited,Industrials,Tools & Accessories,PNK,4.0,950,2035015296,0.1268,2.67,2.08,10.468,111.73,148.96,42.51,97.07,0.0,77.5,2,4.06,1.93,-1.48,0.0,,8,,20261007
SHPPF,Redcare Pharmacy NV,Healthcare,Pharmaceutical Retailers,PNK,64.8,0,1303228800,0.0047,64.8,60.15,0.0,-3.88,25.24,-48.3,-11.46,0.0,62.0,3,94.28,45.18,-31.27,0.0,,8,,20261007
GIC,Global Industrial Company,Industrials,Industrial Distribution,NYSE,43.44,131140,1662062080,1.014,39.59,33.32,3.7991,29.07,21.21,7.81,17.82,0.0,88.75,2,44.36,26.4,-2.07,0.0,,8,,20261007
ULCC,"Frontier Group Holdings, Inc.",Industrials,Airlines,NASDAQ,6.25,3182655,1438848640,0.3026,6.22,5.37,0.0876,-17.49,53.87,18.79,22.0,0.0,60.0,2,8.4,3.02,-25.64,0.0,,8,,20261007
AGBK,AGI Inc,Financial Services,Banks - Regional,NYSE,6.67,260476,1741304832,0.3235,6.34,6.67,1.0343,-10.44,-19.97,-51.42,-30.17,0.0,55.0,3,12.21,5.28,-45.37,0.0,,8,,20261007
ARYTF,Aryt Industries Ltd.,Industrials,Aerospace & Defense,PNK,4.67,112,475912736,0.1393,4.98,7.1,-2.2309,-16.84,-65.13,-51.49,-47.6,0.0,25.0,4,20.8,4.67,-77.55,0.0,,8,,20261007
TTAPY,TTW Public Company Limited,Utilities,Utilities - Regulated Water,PNK,15.16,15,1209767936,0.1357,14.99,14.43,1.2435,-1.42,-7.34,-2.54,-3.94,0.0,75.0,2,16.1,12.96,-5.84,0.0,,8,,20261007
MRVI,"Maravai LifeSciences Holdings, Inc.",Healthcare,Biotechnology,NASDAQ,7.85,3291907,2907307776,0.4586,7.13,4.9,1.565,31.51,152.84,136.37,115.92,0.0,88.75,2,9.42,2.54,-16.67,0.0,,8,,20261007
KSKGF,Kingsgate Consolidated Limited,Basic Materials,Gold,PNK,3.2,1634,852508864,0.0487,3.5,3.84,-6.0667,-11.21,-13.0,0.41,-7.19,0.0,25.0,3,5.28,2.0,-39.39,0.0,,8,,20261007
LNN,Lindsay Corporation,Industrials,Farm & Heavy Construction Machinery,NYSE,114.73,140181,1166676224,3.0174,115.4,117.35,-0.2206,-1.22,-9.55,-35.36,-17.79,0.0,44.75,4,148.0,97.27,-22.48,0.0,,8,,20261007
BYITY,Bytes Technology Group plc,Technology,Software - Infrastructure,PNK,11.58,9,1332332032,0.0178,11.32,9.85,14.4955,15.31,10.52,-5.47,5.32,0.0,75.0,2,11.58,9.15,-0.0,0.0,,8,,20261007
BVHMY,Vistry Group PLC,Consumer Cyclical,Residential Construction,PNK,3.23,350,1026712512,0.083,3.63,5.33,-4.7612,-8.53,-45.76,-79.03,-49.76,0.0,26.25,4,10.28,2.98,-68.58,0.0,,8,,20261007
EKZRF,Eckert & Ziegler SE,Healthcare,Medical Devices,PNK,15.57,12,974316480,0.0203,16.54,15.57,-47.7955,-17.38,-17.0,-17.0,-17.1,0.0,25.0,3,18.1,15.57,-13.98,0.0,,8,,20261007
MCB,Metropolitan Bank Holding Corp.,Financial Services,Banks - Regional,NYSE,88.73,132192,1100054912,1.9659,91.03,88.92,-1.1697,-12.04,-14.66,2.77,-7.03,0.0,32.75,4,102.04,64.66,-13.05,0.0,,8,,20261007
ASGTF,Altus Group Limited,Real Estate,Real Estate Services,PNK,31.27,18288,1070095296,0.3397,33.33,33.6,-6.0672,-8.8,-28.25,-46.66,-30.75,0.0,14.5,4,46.99,27.8,-33.45,0.0,,8,,20261007
FBAK,First National Bank Alaska,Financial Services,Banks - Regional,OQX,326.0,210,1032404480,8.5903,328.23,312.45,-0.2592,0.93,-6.37,9.46,1.78,0.0,68.25,3,343.0,257.01,-4.96,0.0,,8,,20261007
AKTS,"Aktis Oncology, Inc.",Healthcare,Biotechnology,NASDAQ,17.86,371766,993364288,1.176,23.15,17.86,-4.4962,-42.53,-11.96,-33.39,-28.18,0.0,32.5,3,34.19,14.72,-47.76,0.0,,8,,20261007
ASA,ASA Gold and Precious Metals Limited,Financial Services,Asset Management,NYSE,57.06,54120,1047439936,2.0961,58.38,61.93,-0.6281,8.23,-28.94,7.61,-5.03,0.0,57.75,3,83.2,43.2,-31.42,0.0,,8,,20261007
ARAFF,Arafura Rare Earths Limited,Basic Materials,Other Industrial Metals & Mining,PNK,0.12,347600,759210496,0.0144,0.14,0.18,-1.1218,-26.65,-59.26,-34.34,-41.14,0.0,6.25,4,0.37,0.11,-66.22,0.0,,8,,20261007
SBR,Sabine Royalty Trust,Energy,Oil & Gas Midstream,NYSE,72.35,32696,1054815616,1.3426,72.54,71.15,-0.1398,-5.18,-20.25,-15.5,-14.58,0.0,60.25,3,79.86,65.31,-9.4,0.0,,8,,20261007
FHNGY,The Foschini Group Limited,Consumer Cyclical,Department Stores,PNK,3.12,136,983733056,0.0326,3.2,3.87,-2.3603,-23.21,-37.47,-66.96,-45.7,0.0,13.25,4,6.4,2.93,-51.25,0.0,,8,,20261007
EVLV,"Evolv Technologies Holdings, Inc.",Industrials,Security & Protection Services,NCM,4.68,1984811,841798144,0.1773,5.24,5.88,-3.1741,-27.42,-41.94,-54.94,-43.51,0.0,6.25,4,8.81,4.46,-46.88,0.0,,8,,20261007
NURPF,Neuren Pharmaceuticals Limited,Healthcare,Biotechnology,PNK,14.28,485,1809977344,0.1888,15.07,11.35,-4.2104,3.18,57.14,-19.63,12.94,0.0,50.0,3,17.25,7.7,-17.23,0.0,,8,,20261007
CNMD,CONMED Corporation,Healthcare,Medical Devices,NYSE,44.48,492916,1332231552,1.6644,48.03,40.97,-2.1309,27.64,10.0,-25.26,0.31,0.0,61.25,3,53.66,31.44,-17.11,0.0,,8,,20261007
HFWA,Heritage Financial Corporation,Financial Services,Banks - Regional,NASDAQ,27.69,402059,1132951936,0.5402,28.84,27.17,-2.1298,-7.5,-13.22,0.37,-6.35,0.0,45.75,3,31.25,21.32,-11.39,0.0,,8,,20261007
UTZ,"Utz Brands, Inc.",Consumer Defensive,Packaged Foods,NYSE,14.27,3484444,1264510592,0.0478,14.15,9.9,2.6006,77.35,70.13,0.19,43.96,0.0,82.5,2,14.33,6.78,-0.42,0.0,,8,,20261007
CDNA,"CareDx, Inc.",Healthcare,Diagnostics & Research,NASDAQ,63.79,1261512,3300126208,3.4578,51.46,29.23,3.5668,126.76,242.23,302.27,237.38,0.0,95.0,2,72.51,13.95,-12.03,0.0,,8,,20261007
ASTE,"Astec Industries, Inc.",Industrials,Farm & Heavy Construction Machinery,NASDAQ,41.26,231265,949911552,1.3553,43.43,51.2,-1.6011,-29.7,-43.86,-33.36,-36.12,0.0,22.0,4,65.69,39.38,-37.19,0.0,,8,,20261007
BVHMF,Vistry Group PLC,Consumer Cyclical,Residential Construction,PNK,3.52,7008,1118894080,0.0773,3.71,5.26,-2.504,2.14,-38.0,-76.34,-43.3,0.0,28.75,4,10.39,2.98,-66.12,0.0,,8,,20261007
HQH,Abrdn Healthcare Investors,Financial Services,Asset Management,NYSE,19.33,216293,1105525888,0.5613,22.04,19.35,-4.8197,-13.94,-6.68,-0.6,-6.06,0.0,43.25,3,24.85,17.14,-22.21,0.0,,8,,20261007
CPPKF,Faraday Copper Corp.,Basic Materials,Copper,OQX,3.82,74629,1124316032,0.215,3.93,3.46,-0.5074,-6.93,3.65,204.42,81.31,0.0,49.5,3,4.83,1.19,-20.83,0.0,,8,,20261007
LIFE,Ethos Technologies Inc.,Financial Services,Insurance Brokers,NASDAQ,35.05,1400757,2234768896,2.6386,34.05,35.05,0.3807,80.67,160.06,94.88,114.14,0.0,85.0,3,42.55,9.45,-17.63,0.0,,8,,20261007
DEC,Diversified Energy Company,Energy,Oil & Gas Integrated,NYSE,14.03,847033,968592128,0.3981,14.1,13.93,-0.169,-2.16,-32.4,-6.65,-14.54,0.0,74.5,3,18.9,12.33,-25.77,0.0,,8,,20261007
HTLD,"Heartland Express, Inc.",Industrials,Trucking,NASDAQ,11.33,725226,876178432,0.4078,12.18,12.18,-2.0898,-28.55,-12.96,13.06,-6.45,0.0,22.0,4,16.64,7.0,-31.91,0.0,,8,,20261007
MEQYF,Mainstreet Equity Corp.,Real Estate,Real Estate Services,PNK,117.5,381,1088312064,0.3262,120.96,125.29,-10.5976,-6.86,-25.53,-30.25,-22.75,0.0,25.25,4,145.11,117.01,-19.03,0.0,,8,,20261007
CIMN,Chimera Investment Corporation ,Unknown,Unknown,NYSE,25.05,10350,0,0.106,25.09,24.48,-0.3726,-3.41,-14.58,-9.64,-9.81,0.0,77.0,3,25.76,24.37,-2.76,0.0,,8,,20261007
CIM,Chimera Investment Corporation,Real Estate,REIT - Mortgage,NYSE,9.2,981293,770148672,0.2503,10.84,11.71,-6.5451,-30.69,-41.82,-38.32,-37.63,0.0,3.75,4,14.18,9.11,-35.12,0.0,,8,,20261007
TDAY,"USA TODAY Co., Inc.",Communication Services,Publishing,NYSE,7.35,2331606,1079111808,0.3019,6.93,6.95,1.4063,-18.0,-13.78,59.01,14.28,0.0,61.25,3,9.21,3.42,-20.2,0.0,,8,,20261007
REAL,"The RealReal, Inc.",Consumer Cyclical,Luxury Goods,NASDAQ,9.41,2901338,1144925184,0.4413,10.51,11.52,-2.502,-14.9,-16.72,-32.05,-22.4,0.0,12.5,4,17.39,8.05,-45.89,0.0,,8,,20261007
DYLLF,Deep Yellow Limited,Energy,Uranium,OQX,0.82,49375,798881024,0.06,1.01,1.24,-3.1668,-14.67,-50.45,-56.07,-43.75,0.0,7.5,4,2.1,0.0,-60.95,0.0,,8,,20261007
FLTCF,Filtronic plc,Technology,Communication Equipment,PNK,4.06,220234,892967424,0.3276,3.31,3.37,2.3025,17.14,27.26,109.39,57.58,0.0,62.5,3,8.5,1.66,-52.24,0.0,,8,,20261007
SVC,Service Properties Trust,Real Estate,REIT - Hotel & Motel,NASDAQ,6.49,1627228,840516544,0.2446,7.42,8.58,-3.7933,-28.61,-15.3,-67.44,-39.48,0.0,7.5,4,12.65,5.65,-48.7,0.0,,8,,20261007
COLL,"Collegium Pharmaceutical, Inc.",Healthcare,Drug Manufacturers - Specialty & Generic,NASDAQ,21.88,744741,712316736,0.9381,26.22,35.48,-4.6221,-43.71,-51.99,-54.46,-50.91,0.0,10.0,4,50.79,21.43,-56.92,0.0,,8,,20261007
LNZNF,Lenzing Aktiengesellschaft,Consumer Cyclical,Textile Manufacturing,PNK,24.5,6,1284760448,0.0558,26.25,27.82,-31.2713,-19.14,-18.08,-33.91,-24.68,0.0,0.0,4,32.21,24.33,-23.94,0.0,,8,,20261007
CBLNY,Mersen S.A.,Industrials,Electrical Equipment & Parts,PNK,9.78,124,1187266816,0.0708,8.74,7.36,14.6992,4.78,78.26,70.59,56.82,0.0,75.0,2,11.25,5.05,-13.07,0.0,,8,,20261007
RJET,Republic Airways Holdings Inc.,Industrials,Airlines,NASDAQ,17.59,89404,823555008,0.746,18.84,19.03,-1.6745,-17.05,-23.08,-24.61,-22.18,0.0,24.5,4,26.7,15.37,-34.12,0.0,,8,,20261007
SMGRF,Summerset Group Holdings Limited,Healthcare,Medical Care Facilities,PNK,4.29,19,1013722752,0.0238,4.66,5.45,-15.4369,-11.87,-42.44,-70.38,-45.97,0.0,0.0,4,7.2,4.29,-40.42,0.0,,8,,20261007
DEA,"Easterly Government Properties, Inc.",Real Estate,REIT - Office,NYSE,23.27,403593,1140365184,0.4545,24.06,22.84,-1.7273,-9.88,-8.7,-6.0,-7.91,0.0,44.5,3,25.96,20.56,-10.36,0.0,,8,,20261007
ROCK,"Gibraltar Industries, Inc.",Industrials,Building Products & Equipment,NASDAQ,40.8,319262,1211102592,1.8146,44.98,44.29,-2.3028,-5.89,-12.73,-55.21,-28.01,0.0,22.0,4,75.08,33.56,-45.66,0.0,,8,,20261007
AIAI,AIAI Holdings Corporation,Industrials,Conglomerates,NASDAQ,3.62,544961,256461376,0.5236,4.18,3.62,-1.078,-76.28,-80.67,-80.67,-79.57,0.0,40.0,3,19.57,3.03,-81.5,0.0,,8,,20261007
JNDOF,JINS HOLDINGS Inc.,Healthcare,Medical Instruments & Supplies,PNK,38.43,1,897164160,0.0083,38.43,32.67,0.0,-23.39,50.14,51.25,32.2,0.0,50.0,3,47.22,22.75,-18.61,0.0,,8,,20261007
ORRAF,Orora Limited,Consumer Cyclical,Packaging & Containers,PNK,0.95,100,1166523008,0.0022,0.98,1.1,-11.1131,4.15,-43.86,-43.47,-31.7,0.0,37.0,4,1.46,0.9,-34.73,0.0,,8,,20261007
PZZA,"Papa John's International, Inc.",Consumer Cyclical,Restaurants,NASDAQ,19.58,1408287,644606656,0.7629,23.22,31.53,-4.775,-47.0,-61.93,-74.72,-63.31,0.0,7.5,4,55.74,18.92,-64.87,0.0,,8,,20261007
CEVA,"CEVA, Inc.",Technology,Semiconductors,NASDAQ,36.17,762193,1018332736,1.6402,31.14,29.83,3.0679,-23.61,68.43,11.41,22.61,0.0,66.25,2,51.6,17.02,-29.9,0.0,,8,,20261007
PHGPY,Pets at Home Group Plc,Consumer Cyclical,Specialty Retail,PNK,11.4,80,1225485056,0.043,10.33,10.53,24.7753,5.52,-15.57,0.18,-4.0,0.0,75.0,3,11.4,9.56,-0.0,0.0,,8,,20261007
AOD,Abrdn Total Dynamic Dividend Fund,Financial Services,Asset Management,NYSE,10.2,404789,1075756672,0.1674,10.4,9.74,-1.2132,-2.61,-4.01,3.04,-0.84,0.0,67.0,3,10.85,8.76,-5.99,0.0,,8,,20261007
ASM,Avino Silver & Gold Mines Ltd.,Basic Materials,Other Precious Metals & Mining,NYSE,5.57,3665518,946093824,0.3122,6.57,7.0,-3.2018,-7.57,-36.02,-15.47,-20.69,0.0,30.0,3,11.99,4.05,-53.54,0.0,,8,,20261007
SVAUF,StorageVault Canada Inc.,Real Estate,Real Estate Services,PNK,2.91,18060,1064042688,0.0251,3.18,3.33,-10.8001,-16.54,-29.16,-39.51,-30.14,0.0,1.25,4,3.78,2.88,-23.02,0.0,,8,,20261007
CFPZF,Canfor Corporation,Basic Materials,Lumber & Wood Production,PNK,10.14,17909,1191474432,0.3398,10.8,9.96,-1.9533,1.96,-16.46,-6.0,-7.67,0.0,58.75,3,11.85,7.83,-14.43,0.0,,8,,20261007
JBIO,"Jade Biosciences, Inc.",Healthcare,Biotechnology,NCM,13.41,893766,852840960,1.0751,19.21,18.31,-5.3938,-45.26,-36.81,33.68,-10.73,0.0,7.5,4,28.0,8.36,-52.11,0.0,,8,,20261007
GRRMY,Gerresheimer AG,Healthcare,Medical Instruments & Supplies,PNK,8.3,51,1146728064,0.0181,7.97,7.11,18.0742,-3.28,25.17,-41.58,-8.64,0.0,75.0,2,11.21,4.71,-25.96,0.0,,8,,20261007
FPF,First Trust Intermediate Duration Preferred & Income Fund,Financial Services,Asset Management,NYSE,15.77,140682,959570304,0.2423,16.97,17.35,-4.9349,-14.92,-25.98,-26.15,-23.28,0.0,18.25,4,19.36,15.62,-18.54,0.0,,8,,20261007
VULNF,Vulcan Energy Resources Limited,Basic Materials,Other Industrial Metals & Mining,PNK,1.25,1332,598325888,0.0622,1.78,2.37,-8.5315,-47.79,-60.58,-84.56,-66.98,0.0,3.75,4,5.43,1.19,-76.98,0.0,,8,,20261007
UVSP,Univest Financial Corporation,Financial Services,Banks - Regional,NASDAQ,41.37,236089,1141016320,0.7214,42.42,38.26,-1.4574,-8.5,-1.9,24.42,6.98,0.0,48.25,3,45.46,28.04,-9.0,0.0,,8,,20261007
DBVT,DBV Technologies S.A.,Healthcare,Biotechnology,NCM,9.98,321626,627227968,0.6393,13.11,17.77,-4.9001,-45.2,-69.98,-40.31,-51.92,0.0,11.25,4,26.18,9.82,-61.89,0.0,,8,,20261007
IRCUF,Irish Continental Group plc,Industrials,Marine Shipping,PNK,8.91,12576,1322537856,0.0353,8.76,7.76,4.1609,22.51,6.18,15.31,13.91,0.0,75.0,2,9.49,6.44,-6.11,0.0,,8,,20261007
FINV,FinVolution Group,Financial Services,Credit Services,NYSE,3.01,840544,710642944,0.1232,3.86,4.66,-6.9381,-40.87,-54.12,-73.34,-58.5,0.0,8.75,4,7.35,2.89,-59.05,0.0,,8,,20261007
LZ,"LegalZoom.com, Inc.",Industrials,Specialty Business Services,NASDAQ,5.77,2867001,988198016,0.2615,6.19,6.88,-1.5906,-25.52,-22.46,-61.33,-38.77,0.0,12.5,4,12.4,5.22,-53.47,0.0,,8,,20261007
INDI,"indie Semiconductor, Inc.",Technology,Semiconductors,NCM,2.85,5772007,660655296,0.1807,3.49,3.72,-3.5329,-39.56,-20.17,-51.09,-37.38,0.0,5.0,4,6.05,2.32,-52.89,0.0,,8,,20261007
GRRMF,Gerresheimer AG,Healthcare,Medical Instruments & Supplies,PNK,29.05,32,1003386944,0.1432,31.03,33.49,-13.8327,-15.56,13.86,-60.52,-23.25,0.0,0.0,4,51.41,19.16,-43.49,0.0,,8,,20261007
MMI,"Marcus & Millichap, Inc.",Real Estate,Real Estate Services,NYSE,28.6,141463,1083110784,0.8013,30.8,28.4,-2.7465,-11.74,-9.07,-16.91,-12.87,0.0,35.0,3,33.55,24.43,-14.75,0.0,,8,,20261007
AORT,"Artivion, Inc.",Healthcare,Medical Devices,NYSE,21.84,639015,1064835840,1.0251,25.77,31.45,-3.8387,-12.16,-56.77,-64.47,-48.7,0.0,10.0,4,48.25,19.16,-54.74,0.0,,8,,20261007
LNRCF,LunR Royalties Corp.,Basic Materials,Other Industrial Metals & Mining,PNK,12.81,26780,1548601728,1.222,14.51,12.81,-1.3938,-5.48,-54.73,20.37,-12.38,0.0,58.75,3,27.0,9.45,-52.56,0.0,,8,,20261007
SHAZ,SharonAI Holdings Inc.,Technology,Information Technology Services,NCM,48.12,1850598,1722864512,4.5731,56.37,48.12,-1.8032,-41.6,63.63,37.39,26.82,0.0,35.0,3,97.48,16.55,-50.64,0.0,,8,,20261007
UVE,"Universal Insurance Holdings, Inc.",Financial Services,Insurance - Property & Casualty,NYSE,43.51,189470,1210898688,0.9946,43.48,37.38,0.0272,-0.21,9.67,38.98,18.92,0.0,83.75,2,45.15,27.89,-3.63,0.0,,8,,20261007
MRCHF,"H.U. Group Holdings, Inc.",Healthcare,Diagnostics & Research,PNK,20.95,84,1136869760,0.2309,21.75,20.46,-3.4676,-3.0,-21.92,-29.46,-20.21,0.0,62.0,3,28.06,18.6,-25.34,0.0,,8,,20261007
UPWK,Upwork Inc.,Communication Services,Internet Content & Information,NASDAQ,8.36,3247144,1044192128,0.2967,8.72,11.65,-1.2228,-7.12,-42.57,-69.27,-44.39,0.0,23.25,4,22.84,7.44,-63.4,0.0,,8,,20261007
DLX,Deluxe Corporation,Industrials,Conglomerates,NYSE,22.54,423271,1033600768,0.6719,24.05,24.89,-2.2519,-9.21,-34.86,3.08,-13.27,0.0,20.75,4,32.07,17.76,-29.72,0.0,,8,,20261007
IGIC,International General Insurance Holdings Ltd.,Financial Services,Insurance - Diversified,NCM,24.94,96868,1059119552,0.5628,26.16,25.12,-2.1738,-16.09,-19.38,-4.96,-12.79,0.0,30.25,4,29.59,20.82,-15.7,0.0,,8,,20261007
OSBC,"Old Second Bancorp, Inc.",Financial Services,Banks - Regional,NASDAQ,25.05,462146,1274436608,0.4773,25.27,21.99,-0.4585,5.83,1.59,29.44,13.79,0.0,73.25,3,26.06,16.65,-3.88,0.0,,8,,20261007
EYPT,"EyePoint, Inc.",Healthcare,Biotechnology,NASDAQ,3.17,3917106,273292480,0.3923,6.66,12.4,-8.8844,-82.15,-95.42,-94.59,-91.77,0.0,3.75,4,19.11,3.05,-83.41,0.0,,8,,20261007
GPRE,Green Plains Inc.,Basic Materials,Chemicals,NASDAQ,15.16,1474992,1062645184,0.5644,15.38,14.87,-0.388,-13.62,-22.22,39.42,4.59,0.0,47.0,3,19.65,8.93,-22.85,0.0,,8,,20261007
TGONF,Tetragon Financial Group Limited,Unknown,Unknown,PNK,14.39,7237,1210199040,0.102,13.75,14.03,6.245,4.8,-15.97,-41.08,-20.82,0.0,76.25,3,19.62,11.97,-26.66,0.0,,8,,20261007
DGIPF,DigiPlus Interactive Corp.,Unknown,Unknown,PNK,0.13,118960,0,0.0212,0.15,0.22,-0.8977,-35.53,-68.1,-102.16,-73.58,0.0,12.5,4,0.48,0.11,-72.25,0.0,,8,,20261007
NWPX,"NWPX Infrastructure, Inc.",Basic Materials,Steel,NASDAQ,105.48,165029,1016532096,3.2842,110.6,98.65,-1.5577,-25.0,15.14,84.59,32.88,0.0,49.5,3,152.03,49.25,-30.62,0.0,,8,,20261007
TSHTY,Toshiba Tec Corporation,Technology,Computer Hardware,PNK,9.39,1371,995107264,0.1351,9.5,9.3,-0.8295,-8.96,-14.45,-23.35,-16.64,0.0,63.25,3,12.59,8.01,-25.42,0.0,,8,,20261007
EVV,Eaton Vance Limited Duration Income Fund,Financial Services,Asset Management,NYSE,8.43,552432,979595200,0.0953,8.84,9.06,-4.3147,-12.6,-24.68,-26.42,-22.36,0.0,31.5,4,10.23,8.31,-17.6,0.0,,8,,20261007
EVO,Evotec SE,Healthcare,Drug Manufacturers - Specialty & Generic,NASDAQ,1.63,102810,579284288,0.0726,1.82,2.68,-2.6612,-46.15,-55.6,-77.03,-61.81,0.0,11.25,4,4.27,1.5,-61.83,0.0,,8,,20261007
SMSSY,"SMS Co., Ltd.",Healthcare,Health Information Services,PNK,8.28,106,1635706880,0.2047,7.69,6.01,2.8968,10.53,69.15,36.68,41.51,0.0,80.0,2,8.9,4.42,-7.01,0.0,,8,,20261007
OCFC,OceanFirst Financial Corp.,Financial Services,Banks - Regional,NASDAQ,16.75,973528,1618807424,0.3892,18.55,18.4,-4.6225,-14.03,-27.12,-19.75,-20.9,0.0,15.75,4,20.61,16.16,-18.73,0.0,,8,,20261007
ELE,Elemental Royalty Corporation,Basic Materials,Gold,NCM,18.16,347339,1392882944,0.9159,19.99,18.78,-2.0031,11.44,-21.91,-12.19,-9.69,0.0,44.5,3,26.96,12.58,-32.64,0.0,,8,,20261007
ALNT,Allient Inc.,Technology,Electronic Components,NASDAQ,117.24,245071,1993374464,5.3216,101.37,78.85,2.9817,30.57,79.22,150.98,95.76,0.0,88.75,2,121.42,42.42,-3.44,0.0,,8,,20261007
TMVWF,TeamViewer SE,Technology,Software - Application,PNK,7.68,33,1205500032,0.0009,7.66,6.8,18.2849,-0.86,22.97,-47.15,-11.04,0.0,75.0,2,10.89,5.17,-29.48,0.0,,8,,20261007
BNGRF,Savencia SA,Consumer Defensive,Packaged Foods,PNK,62.49,7,806094528,1.2244,81.16,75.17,-15.2488,-28.9,-29.9,1.8,-16.97,0.0,0.0,4,82.35,52.3,-24.12,0.0,,8,,20261007
PXED,"Phoenix Education Partners, Inc.",Consumer Defensive,Education & Training Services,NYSE,25.24,107241,909835776,0.9878,27.58,29.3,-2.3718,-30.67,-36.27,-49.74,-40.26,0.0,8.75,4,47.08,23.52,-46.39,0.0,,8,,20261007
LQDT,"Liquidity Services, Inc.",Consumer Cyclical,Internet Retail,NASDAQ,41.51,224651,1300575360,1.2535,41.91,35.83,-0.3207,4.72,12.79,33.16,18.92,0.0,73.25,3,45.0,21.67,-7.76,0.0,,8,,20261007
SMPL,The Simply Good Foods Company,Consumer Defensive,Packaged Foods,NCM,9.96,2352975,880874432,0.374,10.53,13.69,-1.5349,-27.21,-49.85,-77.32,-55.18,0.0,8.75,4,25.66,9.38,-61.18,0.0,,8,,20261007
AMN,"AMN Healthcare Services, Inc.",Healthcare,Medical Care Facilities,NYSE,36.73,693967,1422552576,1.2424,34.37,26.12,1.8972,9.72,78.37,61.23,54.35,0.0,88.75,2,38.44,14.97,-4.45,0.0,,8,,20261007
MGAWY,Megaworld Corporation,Real Estate,Real Estate - Development,PNK,6.74,85,1092886912,0.0366,6.81,6.65,-1.9983,2.3,-14.89,-18.41,-12.0,0.0,62.0,3,7.93,6.16,-15.01,0.0,,8,,20261007
KRNGY,Karoon Energy Ltd,Energy,Oil & Gas E&P,PNK,2.2,39,767147008,0.0113,2.29,2.22,-7.8947,12.82,-28.42,-18.12,-13.99,0.0,49.0,3,2.94,1.76,-25.17,0.0,,8,,20261007
ABR,"Arbor Realty Trust, Inc.",Real Estate,REIT - Mortgage,NYSE,3.49,4355713,707521600,0.183,4.71,6.03,-6.6901,-31.48,-68.26,-85.73,-66.05,0.0,2.5,4,12.36,3.4,-71.76,0.0,,8,,20261007
LGIH,"LGI Homes, Inc.",Consumer Cyclical,Residential Construction,NASDAQ,46.09,297744,1070775808,2.2141,54.1,50.47,-3.6191,-24.03,7.42,-30.99,-15.81,0.0,20.75,4,66.25,33.55,-30.43,0.0,,8,,20261007
MNXBF,"Monex Group, Inc.",Financial Services,Capital Markets,PNK,4.16,34,1045672896,0.8389,-9.56,3.96,16.3513,-139.86,-152.78,-105.86,-130.78,0.0,62.0,3,5.61,3.85,-25.85,0.0,,8,,20261007
LSDAF,Lassonde Industries Inc.,Consumer Defensive,Beverages - Non-Alcoholic,PNK,162.57,15,1105307136,0.4589,160.3,158.37,4.9392,2.27,-20.01,-10.01,-10.44,0.0,75.0,2,168.47,148.56,-3.5,0.0,,8,,20261007
MDEVY,Melco International Development Limited,Consumer Cyclical,Resorts & Casinos,PNK,2.4,8,1091958144,0.0024,2.32,2.58,31.9905,-10.5,-30.91,-39.61,-29.29,0.0,37.0,3,3.57,2.14,-32.77,0.0,,8,,20261007
XERS,"Xeris Biopharma Holdings, Inc.",Healthcare,Drug Manufacturers - Specialty & Generic,NASDAQ,10.07,2187252,1835965440,0.5569,8.53,7.23,2.7636,11.37,52.77,5.13,23.36,0.0,86.25,2,11.33,5.25,-11.12,0.0,,8,,20261007
HYLN,Hyliion Holdings Corp.,Consumer Cyclical,Auto Parts,NYSE,4.04,2567982,721532736,0.3099,3.85,3.31,0.6293,-5.03,118.86,73.79,69.86,0.0,91.25,2,8.49,1.56,-52.41,0.0,,8,,20261007
SAFT,"Safety Insurance Group, Inc.",Financial Services,Insurance - Property & Casualty,NASDAQ,103.94,207723,1525889280,0.3027,103.02,80.89,3.033,30.75,24.87,35.84,30.73,0.0,86.25,2,104.01,67.04,-0.07,0.0,,8,,20261007
FMBL,Farmers & Merchants Bank of Long Beach,Financial Services,Banks - Regional,OQX,9710.0,103,1174074880,55.5564,9824.01,8813.04,-2.0522,1.47,-0.94,21.03,8.45,0.0,80.75,3,9994.98,7000.0,-2.85,0.0,,8,,20261007
HMH,HMH Holding Inc.,Energy,Oil & Gas Equipment & Services,NASDAQ,18.9,203190,225803376,0.9555,19.54,18.9,-0.6721,-7.0,-15.22,-21.47,-15.67,0.0,48.25,3,24.5,16.32,-22.86,0.0,,8,,20261007
SAEYY,Redcare Pharmacy NV,Healthcare,Pharmaceutical Retailers,PNK,8.2,126,1649147392,0.1312,7.12,6.71,8.2284,4.72,86.82,-21.68,22.89,0.0,50.0,3,10.1,3.59,-18.81,0.0,,8,,20261007
LPTH,"LightPath Technologies, Inc.",Technology,Electronic Components,NCM,10.87,2961496,761294080,0.6969,11.27,12.15,-0.5788,-18.99,-19.6,22.22,-2.72,0.0,22.0,4,18.94,5.83,-42.61,0.0,,8,,20261007
GTM,ZoomInfo Technologies Inc.,Technology,Software - Application,NASDAQ,3.65,6435479,1062551680,0.2067,3.87,5.33,-1.0887,20.22,-55.85,-82.66,-47.56,0.0,36.25,4,12.31,2.54,-70.35,0.0,,8,,20261007
IVA,Inventiva S.A.,Healthcare,Biotechnology,NASDAQ,3.46,1385215,817323456,0.2779,4.28,5.01,-2.9434,-25.96,-53.99,-64.69,-51.26,0.0,6.25,4,7.98,3.1,-56.66,0.0,,8,,20261007
EVEX,"Eve Holding, Inc.",Industrials,Aerospace & Defense,NYSE,1.71,989273,595911616,0.117,2.3,2.93,-5.0825,-36.92,-52.25,-80.42,-59.68,0.0,8.75,4,5.16,1.67,-66.86,0.0,,8,,20261007
CCB,Coastal Financial Corporation,Financial Services,Banks - Regional,NASDAQ,40.76,265084,623070656,2.3033,46.83,74.77,-2.636,-51.44,-67.45,-80.39,-68.63,0.0,8.75,4,120.05,35.56,-66.05,0.0,,8,,20261007
DPZUF,Domino's Pizza Enterprises Limited,Consumer Cyclical,Restaurants,PNK,14.25,152,1350142848,0.1404,13.74,13.03,3.6046,28.7,-5.19,56.85,28.1,0.0,75.0,2,15.6,8.27,-8.65,0.0,,8,,20261007
CRVS,"Corvus Pharmaceuticals, Inc.",Healthcare,Biotechnology,NASDAQ,10.56,989052,888317184,0.7179,13.39,14.18,-3.9476,-39.11,-45.19,29.2,-13.92,0.0,5.0,4,26.95,6.39,-60.82,0.0,,8,,20261007
PGY,Pagaya Technologies Ltd.,Technology,Software - Infrastructure,NCM,18.05,2646026,1505836288,1.0851,20.4,16.9,-2.1622,0.65,30.02,-56.28,-11.84,0.0,58.75,3,31.54,10.4,-42.77,0.0,,8,,20261007
FUBO,FuboTV Inc.,Communication Services,Broadcasting,NYSE,8.83,1415023,266703760,0.5656,10.02,14.12,-2.1008,-12.42,-47.92,-99.09,-59.51,0.0,32.5,4,52.68,7.95,-83.24,0.0,,8,,20261007
TNLIY,Trainline plc,Consumer Cyclical,Travel Services,PNK,5.63,4,948372864,0.0055,5.78,6.06,-27.9805,-8.01,-28.85,-34.39,-25.85,0.0,25.25,4,6.81,5.25,-17.36,0.0,,8,,20261007
MLKN,"MillerKnoll, Inc.",Consumer Cyclical,"Furnishings, Fixtures & Appliances",NASDAQ,20.72,654049,1425531648,0.817,22.09,18.94,-1.6802,1.41,30.32,5.82,13.29,0.0,31.25,3,24.71,13.77,-16.15,0.0,,8,,20261007
IQ,"iQIYI, Inc.",Communication Services,Entertainment,NASDAQ,1.01,7901173,974674944,0.0551,1.09,1.35,-1.4769,-8.59,-42.27,-76.78,-47.65,0.0,15.0,4,2.5,0.86,-59.6,0.0,,8,,20261007
BJCHY,Beijing Capital International Airport Company Limited,Industrials,Airports & Air Services,PNK,0.86,68,790366272,0.0096,0.96,1.17,-10.4374,-16.9,-51.88,-66.76,-49.09,0.0,1.25,4,2.18,0.83,-60.41,0.0,,8,,20261007
GHM,Graham Corporation,Industrials,Specialty Industrial Machinery,NYSE,88.28,199290,1036145280,3.8333,94.06,90.9,-1.5085,-22.0,-14.74,39.88,5.29,0.0,22.0,4,125.82,52.57,-29.84,0.0,,8,,20261007
SAFE,Safehold Inc.,Real Estate,REIT - Diversified,NYSE,12.1,391830,856876992,0.376,14.32,14.54,-5.9069,-27.83,-28.42,-35.19,-30.98,0.0,7.5,4,17.45,11.6,-30.66,0.0,,8,,20261007
HSLV,Highlander Silver Corp.,Basic Materials,Silver,NYSE,5.18,572946,1054251328,0.2918,5.27,5.18,-0.3139,7.59,-32.16,-38.08,-24.59,0.0,74.5,3,6.97,3.88,-25.68,0.0,,8,,20261007
RZLV,Rezolve AI PLC,Technology,Software - Infrastructure,NASDAQ,2.15,13352177,896268160,0.1203,2.43,2.63,-2.3679,-23.34,-44.13,-86.01,-55.68,0.0,6.25,4,6.32,2.05,-65.98,0.0,,8,,20261007
MPZZF,MPC Container Ships ASA,Industrials,Marine Shipping,PNK,3.02,11138,1473972352,0.0511,2.77,2.38,4.8805,16.02,18.49,67.37,37.43,0.0,81.25,2,3.09,1.55,-2.27,0.0,,8,,20261007
MLXEF,Metals X Limited,Basic Materials,Other Industrial Metals & Mining,PNK,1.28,22899,1267541248,0.0635,1.3,1.03,-0.3853,37.44,27.94,123.83,68.67,0.0,68.25,3,1.55,0.51,-17.42,0.0,,8,,20261007
PRCH,"Porch Group, Inc.",Financial Services,Insurance - Property & Casualty,NCM,17.17,1544190,1949135616,0.8685,16.45,11.25,0.8273,10.84,113.87,-16.79,35.85,0.0,86.25,2,18.37,6.36,-6.53,0.0,,8,,20261007
MHPSY,MHP SE,Consumer Defensive,Farm Products,PNK,7.0,101,749267456,0.0772,7.96,8.35,-12.4487,-14.46,-31.25,-9.82,-18.48,0.0,25.0,3,9.98,5.96,-29.86,0.0,,8,,20261007
MNKD,MannKind Corporation,Healthcare,Biotechnology,NASDAQ,3.71,4498145,1192930048,0.2185,3.85,3.96,-0.6361,-17.49,25.58,-53.27,-16.73,0.0,29.0,4,6.51,2.23,-43.01,0.0,,8,,20261007
HTROF,Hexatronic Group AB (publ),Technology,Communication Equipment,PNK,4.35,119,963301632,0.0056,4.32,3.74,5.638,2.21,17.75,95.16,44.83,0.0,75.0,2,5.09,1.8,-14.56,0.0,,8,,20261007
ALVO,Alvotech,Healthcare,Drug Manufacturers - Specialty & Generic,NASDAQ,6.14,1034822,2190856448,0.3382,4.85,4.19,3.801,75.81,62.34,-43.88,23.22,0.0,86.25,2,9.04,2.94,-32.12,0.0,,8,,20261007
TMVWY,TeamViewer SE,Technology,Software - Application,PNK,3.84,444,1138308480,0.058,3.69,3.18,2.557,26.73,27.23,-42.23,-0.68,0.0,76.25,2,5.07,2.4,-24.26,0.0,,8,,20261007
UPBD,"Upbound Group, Inc.",Technology,Software - Application,NASDAQ,15.36,969466,895478848,0.5668,17.89,18.16,-4.4725,-25.43,-26.65,-43.78,-33.2,0.0,3.75,4,23.98,15.13,-35.95,0.0,,8,,20261007
ACVA,ACV Auctions Inc.,Consumer Cyclical,Auto & Truck Dealerships,NYSE,10.44,7717639,1772964864,0.208,8.54,6.92,9.1479,44.58,106.7,-14.51,42.69,0.0,83.75,2,10.5,4.07,-0.57,0.0,,8,,20261007
BJCHF,Beijing Capital International Airport Company Limited,Industrials,Airports & Air Services,PNK,0.18,446,915835840,0.0024,0.18,0.26,-1.2479,-4.78,-64.24,-67.68,-50.75,0.0,12.0,4,0.4,0.18,-55.0,0.0,,8,,20261007
CHY,Calamos Convertible and High Income Fund,Financial Services,Asset Management,NASDAQ,11.96,174539,962015232,0.2653,12.55,11.95,-2.2258,-13.81,-8.86,-1.08,-6.98,0.0,44.5,3,13.91,10.41,-14.02,0.0,,8,,20261007
OCSL,Oaktree Specialty Lending Corporation,Financial Services,Asset Management,NASDAQ,11.7,490742,1030600576,0.2347,12.32,11.57,-2.6418,-4.01,-13.96,-15.6,-12.13,0.0,56.25,3,14.31,10.63,-18.24,0.0,,8,,20261007
BRBR,"BellRing Brands, Inc.",Consumer Defensive,Packaged Foods,NYSE,7.69,3740500,894179328,0.4623,10.13,14.89,-5.2761,-46.43,-69.68,-95.7,-74.27,0.0,6.25,4,35.67,7.33,-78.44,0.0,,8,,20261007
GLDAF,GlobalData Plc,Industrials,Consulting Services,PNK,0.8,19,527040704,0.0123,0.98,1.24,-14.2662,-26.94,-38.97,-65.93,-46.75,0.0,0.0,4,1.7,0.76,-52.65,0.0,,8,,20261007
RXT,"Rackspace Technology, Inc.",Technology,Software - Infrastructure,NASDAQ,4.02,9512946,1024588864,0.3091,3.81,3.02,0.668,-43.69,327.39,148.55,163.08,0.0,65.0,2,8.6,0.39,-53.26,0.0,,8,,20261007
HIVE,HIVE Digital Technologies Ltd.,Financial Services,Capital Markets,NCM,2.9,17064589,795404352,0.1874,2.95,2.9,-0.2722,-15.27,30.7,-52.51,-14.08,0.0,30.25,4,7.84,1.73,-63.01,0.0,,8,,20261007
CBLNF,Mersen S.A.,Industrials,Electrical Equipment & Parts,PNK,47.67,68,1157403008,0.0449,46.11,36.44,34.6363,8.54,47.14,48.29,37.95,0.0,75.0,2,48.47,29.46,-1.65,0.0,,8,,20261007
PURR,Hyperliquid Strategies Inc.,Financial Services,Capital Markets,NCM,12.5,18116136,3478391296,1.0171,10.33,7.06,2.1331,55.89,136.84,205.36,144.01,0.0,86.25,2,14.76,3.01,-15.31,0.0,,8,,20261007
JWLLF,Jamieson Wellness Inc.,Consumer Defensive,Packaged Foods,PNK,32.01,6491,1328124928,0.0706,31.97,27.05,0.5491,5.57,12.4,8.61,9.17,0.0,77.5,2,33.15,23.88,-3.44,0.0,,8,,20261007
HBT,"HBT Financial, Inc.",Financial Services,Banks - Regional,NASDAQ,36.29,132176,1319708032,0.6801,36.02,30.05,0.397,10.65,14.73,32.42,20.79,0.0,86.25,2,37.51,22.36,-3.25,0.0,,8,,20261007
RSTCF,"RS Technologies Co., Ltd.",Technology,Semiconductors,PNK,38.17,24,1015184896,0.0281,38.21,38.17,-1.302,-23.94,-15.33,-15.33,-17.48,0.0,37.0,3,51.17,38.17,-25.41,0.0,,8,,20261007
SVRA,Savara Inc.,Healthcare,Biotechnology,NASDAQ,4.65,1801984,952911552,0.2409,5.35,5.51,-2.9051,-31.9,-38.33,15.56,-15.17,0.0,8.75,4,7.0,3.34,-33.62,0.0,,8,,20261007
CMRF,"CIM Group, Inc.",Real Estate,REIT - Diversified,PNK,2.1,3064,1003176256,0.0678,2.25,2.19,-2.1563,-3.59,-28.59,195975.15,78379.15,0.0,37.0,1,3.6,0.0,-41.67,0.0,,8,,20261007
RERE,ATRenew Inc.,Consumer Cyclical,Internet Retail,NYSE,3.76,882804,832805632,0.1133,4.12,4.68,-3.1452,-12.85,-32.94,-29.24,-26.44,0.0,3.75,4,6.47,3.5,-41.89,0.0,,8,,20261007
APYRF,Allied Properties Real Estate Investment Trust,Real Estate,REIT - Office,PNK,4.26,47789,884266432,0.1315,6.06,7.16,-13.6947,-44.36,-56.06,-88.72,-66.2,0.0,2.5,4,14.07,4.23,-69.72,0.0,,8,,20261007
TNDM,"Tandem Diabetes Care, Inc.",Healthcare,Medical Devices,NASDAQ,16.16,1990119,1124391808,1.0549,19.49,19.38,-3.1575,1.82,-30.38,-7.82,-13.31,0.0,33.75,4,29.65,12.26,-45.5,0.0,,8,,20261007
PDM,"Piedmont Realty Trust, Inc.",Real Estate,REIT - Office,NYSE,9.03,1306496,1129949312,0.2436,9.46,8.53,-1.7548,-8.41,18.45,-14.36,-1.39,0.0,47.0,3,10.13,6.32,-10.86,0.0,,8,,20261007
CWAFF,China Water Affairs Group Limited,Utilities,Utilities - Regulated Water,PNK,0.62,0,1012424704,0.0,0.62,0.65,0.0,-4.78,-27.61,-36.1,-25.3,0.0,49.0,3,0.8,0.62,-22.5,0.0,,8,,20261007
CRON,Cronos Group Inc.,Healthcare,Drug Manufacturers - Specialty & Generic,NASDAQ,3.29,1143068,1210236288,0.0999,3.21,2.8,0.7698,14.68,11.57,9.65,11.58,0.0,86.25,2,3.61,2.28,-8.95,0.0,,8,,20261007
PLOW,"Douglas Dynamics, Inc.",Consumer Cyclical,Auto Parts,NYSE,40.68,250834,938774208,1.0159,41.26,42.05,-0.5703,-9.96,-21.88,15.94,-3.77,0.0,34.0,4,55.0,28.52,-26.04,0.0,,8,,20261007
TWFG,"TWFG, Inc.",Financial Services,Insurance Brokers,NASDAQ,25.01,158173,322137120,1.0359,27.22,23.29,-2.1288,-8.96,13.48,-28.61,-8.97,0.0,35.0,3,31.3,16.56,-20.1,0.0,,8,,20261007
GNK,Genco Shipping & Trading Limited,Industrials,Marine Shipping,NYSE,27.28,504623,1189042560,0.8453,26.23,22.87,1.2437,7.04,2.82,53.35,24.09,0.0,83.75,2,28.42,15.55,-4.01,0.0,,8,,20261007
MOGLF,Mongolian Mining Corporation,Basic Materials,Coking Coal,OQX,1.05,3940,1074597632,0.0215,1.17,1.25,-5.4348,26.47,-40.42,-52.05,-28.35,0.0,26.25,4,1.85,0.73,-43.24,0.0,,8,,20261007
CII,"BlackRock Enhanced Large Cap Core Fund, Inc.",Financial Services,Asset Management,NYSE,24.28,78064,1061135744,0.3395,24.18,23.17,0.2919,-6.97,-4.44,5.37,-1.15,0.0,58.75,2,26.17,20.43,-7.22,0.0,,8,,20261007
WTBFA,W.T.B. Financial Corporation,Financial Services,Banks - Regional,OID,680.6,11,1669191808,0.8075,667.14,645.84,16.6741,-7.29,0.22,0.39,-1.59,0.0,75.0,2,724.0,565.0,-5.99,0.0,,8,,20261007
WTBFB,W.T.B. Financial Corporation,Financial Services,Banks - Regional,OID,459.99,1312,1159591040,3.7138,455.62,402.95,1.1773,9.54,3.32,30.5,15.75,0.0,86.25,2,465.0,316.6,-1.08,0.0,,8,,20261007
ETW,Eaton Vance Tax-Managed Global Buy-Write Opportunities Fund,Financial Services,Asset Management,NYSE,9.53,265034,1034936832,0.1069,9.62,9.11,-0.8244,-2.5,-7.17,-4.29,-4.85,0.0,69.5,3,9.95,8.46,-4.22,0.0,,8,,20261007
SDTHF,Sdiptech AB (publ),Industrials,Conglomerates,PNK,26.56,153,1009065792,0.0129,26.16,23.41,31.2875,-1.38,8.17,5.99,4.91,0.0,75.0,2,26.67,21.02,-0.41,0.0,,8,,20261007
AAXBF,AirAsia Group Berhad,Industrials,Airlines,PNK,0.12,1390,396747040,0.037,0.12,0.12,0.0,-60.67,-60.67,-60.67,-60.67,0.0,62.0,3,0.55,0.12,-78.54,0.0,,8,,20261007
CHI,Calamos Convertible Opportunities and Income Fund,Financial Services,Asset Management,NASDAQ,11.77,166329,951855360,0.2698,12.38,11.64,-2.2782,-13.0,-9.99,0.45,-6.57,0.0,42.0,3,13.5,10.26,-12.81,0.0,,8,,20261007
ODC,Oil-Dri Corporation of America,Basic Materials,Specialty Chemicals,NYSE,88.13,123382,1276123008,2.7675,90.94,77.1,-1.015,-18.12,10.68,29.34,10.94,0.0,49.5,3,107.0,45.61,-17.64,0.0,,8,,20261007
THRM,Gentherm Incorporated,Consumer Cyclical,Auto Parts,NASDAQ,31.0,767025,1688724352,1.6451,36.58,32.54,-3.3908,-8.98,0.73,-25.51,-12.19,0.0,19.5,4,48.35,27.0,-35.88,0.0,,8,,20261007
COGNY,Cogna Educação S.A.,Consumer Defensive,Education & Training Services,PNK,0.52,7401,1043397760,0.0227,0.43,0.53,4.1505,22.2,-25.35,-25.88,-13.68,0.0,68.25,3,0.89,0.35,-41.51,0.0,,8,,20261007
OXBDF,Oxford Biomedica plc,Healthcare,Biotechnology,PNK,7.65,879,925989824,0.166,6.95,8.38,4.1864,-9.03,-15.93,-20.9,-16.2,0.0,40.75,3,12.61,5.8,-39.33,0.0,,8,,20261007
GLGDF,GoGold Resources Inc.,Basic Materials,Other Precious Metals & Mining,OQX,2.84,412201,1231185280,0.1492,2.86,2.4,-0.1434,26.1,28.37,35.84,30.79,0.0,68.25,3,3.29,1.57,-13.68,0.0,,8,,20261007
VOBIF,Vobile Group Limited,Technology,Software - Application,OQX,0.26,79,674935296,0.0001,0.26,0.42,0.0,-6.68,-62.72,-81.7,-56.3,0.0,25.0,3,0.8,0.26,-67.42,0.0,,8,,20261007
SBGI,"Sinclair, Inc.",Communication Services,Broadcasting,NASDAQ,12.96,493545,937242112,0.4385,13.65,13.88,-1.5631,-12.8,-19.43,-22.0,-18.8,0.0,19.5,4,17.88,12.23,-27.52,0.0,,8,,20261007
GLIBK,Liberty Capital Corporation,Communication Services,Telecom Services,NASDAQ,23.73,398912,946945472,0.7752,24.83,30.1,-1.4155,-0.38,-52.9,-54.04,-40.23,0.0,44.5,4,41.17,19.3,-42.37,0.0,,8,,20261007
GLIBA,Liberty Capital Corporation,Communication Services,Telecom Services,NASDAQ,23.65,46971,943753024,0.7586,25.13,30.28,-1.954,-1.73,-52.68,-54.73,-40.76,0.0,32.5,4,41.87,19.61,-43.52,0.0,,8,,20261007
KURA,"Kura Oncology, Inc.",Healthcare,Biotechnology,NASDAQ,10.53,1788441,936755264,0.5226,11.19,9.81,-1.254,-17.9,0.61,-7.64,-7.32,0.0,55.0,3,13.9,7.36,-24.24,0.0,,8,,20261007
LTGHY,Life Healthcare Group Holdings Limited,Healthcare,Medical Care Facilities,PNK,2.9,43065,1037496128,0.1267,2.84,2.73,0.4411,8.06,-10.1,-10.56,-5.74,0.0,83.75,2,3.36,2.24,-13.69,0.0,,8,,20261007
GSBD,"Goldman Sachs BDC, Inc.",Financial Services,Asset Management,NYSE,9.03,892131,1016498624,0.1977,9.27,8.68,-1.2272,0.18,-13.2,-13.19,-9.85,0.0,72.0,3,10.38,8.36,-12.96,0.0,,8,,20261007
HNTIF,Hunting PLC,Energy,Oil & Gas Equipment & Services,PNK,5.23,1276,757880320,0.0239,5.66,5.99,-17.8263,-13.54,-37.6,-2.94,-17.72,0.0,0.0,4,7.5,4.23,-30.27,0.0,,8,,20261007
OPY,Oppenheimer Holdings Inc.,Financial Services,Capital Markets,NYSE,120.58,120957,1291171200,4.604,116.9,99.53,0.7985,2.71,7.25,54.23,24.91,0.0,88.75,2,125.88,63.81,-4.21,0.0,,8,,20261007
RNP,"Cohen & Steers REIT and Preferred Income Fund, Inc.",Financial Services,Asset Management,NYSE,18.35,110928,880801472,0.2575,19.76,19.82,-5.4865,-13.36,-24.36,-28.19,-23.14,0.0,17.0,4,21.95,18.11,-16.4,0.0,,8,,20261007
EXMRF,Exmar NV,Energy,Oil & Gas Equipment & Services,PNK,12.5,0,993952512,0.0001,12.5,11.89,0.0,-3.88,-8.05,-0.99,-4.18,0.0,62.0,3,13.5,11.6,-7.41,0.0,,8,,20261007
SDGR,"Schrödinger, Inc.",Healthcare,Health Information Services,NASDAQ,28.9,1621484,2161882624,2.1649,21.93,16.09,3.2174,74.84,134.95,22.68,75.01,0.0,90.0,2,33.78,10.95,-14.45,0.0,,8,,20261007
BUR,Burford Capital Limited,Financial Services,Asset Management,NYSE,3.62,1831880,794936064,0.1933,4.16,5.86,-2.809,-20.0,-37.96,-86.95,-53.07,0.0,8.75,4,11.7,3.51,-69.06,0.0,,8,,20261007
HPK,"HighPeak Energy, Inc.",Energy,Oil & Gas E&P,NASDAQ,8.22,482042,1039442048,0.4701,7.81,6.54,0.8762,5.7,-2.84,-2.98,-0.76,0.0,88.75,2,9.13,3.85,-9.96,0.0,,8,,20261007
ASIC,Ategrity Specialty Insurance Company Holdings,Financial Services,Insurance - Property & Casualty,NYSE,25.51,73887,1222615936,0.9374,26.04,21.88,-0.562,0.46,7.76,26.53,13.44,0.0,69.5,3,29.0,16.35,-12.03,0.0,,8,,20261007
TBN,Tamboran Resources Corporation,Energy,Oil & Gas E&P,NYSE,34.68,132585,1212413056,1.5481,36.19,33.41,-0.9759,2.06,-42.29,10.2,-10.21,0.0,73.25,3,52.21,22.34,-33.58,0.0,,8,,20261007
TBNRL,Tamboran Resources Corporation,Energy,Oil & Gas E&P,PNK,0.21,1575,1449441920,0.0102,0.19,0.16,1.4764,8.17,0.27,55.72,24.43,0.0,51.25,2,0.21,0.09,0.0,0.0,,8,,20261007
MBC,"MasterBrand, Inc.",Consumer Cyclical,"Furnishings, Fixtures & Appliances",NYSE,7.1,2344732,1444782464,0.3658,8.12,9.28,-2.7954,-22.7,-31.77,-64.25,-42.5,0.0,8.75,4,13.96,6.27,-49.12,0.0,,8,,20261007
APC,ARKO Petroleum Corp.,Energy,Oil & Gas Refining & Marketing,NCM,16.32,150395,776346048,0.7261,18.19,16.32,-2.5799,-17.63,-25.97,-18.47,-20.89,0.0,32.5,3,21.72,14.5,-24.86,0.0,,8,,20261007
NBN,Northeast Bank,Financial Services,Banks - Regional,NASDAQ,125.32,113176,1077904256,3.5863,130.05,121.98,-1.3181,-6.87,-12.59,14.78,-0.21,0.0,47.0,3,142.31,80.75,-11.94,0.0,,8,,20261007
CFFN,"Capitol Federal Financial, Inc.",Financial Services,Banks - Regional,NASDAQ,8.52,887562,1051107776,0.1753,8.71,7.75,-1.109,-0.01,-1.56,25.16,9.52,0.0,69.5,3,9.26,5.97,-7.99,0.0,,8,,20261007
OMDA,"Omada Health, Inc.",Healthcare,Health Information Services,NASDAQ,20.73,1386142,1269022208,1.0353,21.76,17.35,-0.999,-14.57,48.4,-22.97,4.11,0.0,47.0,3,26.91,10.28,-22.98,0.0,,8,,20261007
CVHSY,Cablevisión Holding S.A.,Communication Services,Telecom Services,OID,5.7,5431,1029662656,0.1261,5.39,4.92,2.4944,9.22,-2.46,105.02,43.45,0.0,76.25,2,5.95,2.75,-4.2,0.0,,8,,20261007
DAKT,"Daktronics, Inc.",Technology,Electronic Components,NASDAQ,17.85,555267,858453760,0.5361,19.09,20.51,-2.3215,-15.53,-26.96,-28.07,-24.55,0.0,8.75,4,28.27,16.77,-36.86,0.0,,8,,20261007
INNV,InnovAge Holding Corp.,Healthcare,Medical Care Facilities,NASDAQ,9.0,440919,1228062848,0.4957,10.5,8.74,-3.0337,-26.65,-4.71,61.97,16.47,0.0,33.75,3,12.64,3.94,-28.8,0.0,,8,,20261007
NMAX,"Newsmax, Inc.",Communication Services,Broadcasting,NYSE,10.01,1059085,1292898176,0.5746,10.1,7.94,-0.1483,13.82,65.56,-38.92,10.84,0.0,73.25,3,12.65,5.11,-20.87,0.0,,8,,20261007
TYG,Tortoise Energy Infrastructure Corporation,Financial Services,Asset Management,NYSE,39.19,144000,995425984,0.8441,41.81,42.68,-3.1079,-11.37,-31.2,-15.42,-19.93,0.0,24.5,4,51.18,37.45,-23.43,0.0,,8,,20261007
CSBTF,Kuros Biosciences AG,Healthcare,Medical Devices,PNK,24.0,60,952157568,0.1485,25.84,28.75,-12.3551,-4.18,-31.82,-43.59,-29.62,0.0,0.0,4,42.81,22.0,-43.94,0.0,,8,,20261007
HEPS,D-Market Elektronik Hizmetler ve Ticaret A.S.,Consumer Cyclical,Internet Retail,NASDAQ,2.46,298090,878774016,0.0974,2.67,2.73,-2.1262,-21.95,-25.95,-27.89,-25.73,0.0,11.25,4,3.33,2.15,-26.13,0.0,,8,,20261007
DFIN,"Donnelley Financial Solutions, Inc.",Technology,Software - Application,NYSE,49.57,237638,1218697472,1.5932,48.43,46.9,0.7181,7.52,-17.91,-24.46,-14.17,0.0,85.0,2,56.26,36.11,-11.89,0.0,,8,,20261007
SBSI,"Southside Bancshares, Inc.",Financial Services,Banks - Regional,NYSE,30.19,135196,898204224,0.6348,31.74,31.86,-2.4449,-14.4,-22.29,-5.51,-13.61,0.0,27.75,4,36.2,26.32,-16.6,0.0,,8,,20261007
HMNTY,Hemnet Group AB (publ),Communication Services,Internet Content & Information,PNK,6.4,252,572391936,0.1529,8.89,11.61,-16.2596,-32.05,-60.5,-90.54,-65.4,0.0,3.75,4,25.48,6.4,-74.88,0.0,,8,,20261007
DPUKY,Domino's Pizza Group plc,Consumer Cyclical,Restaurants,PNK,5.8,1215,1105357696,0.1093,5.54,5.0,2.3563,13.33,11.3,-2.53,6.27,0.0,78.75,2,5.84,4.41,-0.68,0.0,,8,,20261007
CTYMF,Catalyst Metals Limited,Basic Materials,Gold,PNK,4.8,1140,1265611392,0.0565,4.53,4.57,4.7856,24.95,-7.15,-31.27,-8.77,0.0,75.0,3,7.16,3.23,-32.96,0.0,,8,,20261007
MSEXP,Middlesex Water Company PFD 7%,Unknown,Unknown,PNK,492.0,1,0,0.2328,497.82,566.7,-25.0053,-21.0,-36.02,-23.7,-27.34,0.0,12.0,4,662.5,492.0,-25.74,0.0,,8,,20261007
MSEX,Middlesex Water Company,Utilities,Utilities - Regulated Water,NASDAQ,52.9,151881,996844800,1.1507,56.6,53.39,-3.2166,-7.72,-17.94,-16.27,-14.72,0.0,18.25,4,62.18,44.17,-14.92,0.0,,8,,20261007
BBN,BlackRock Taxable Municipal Bond Trust,Financial Services,Asset Management,NYSE,14.34,182418,886104640,0.1799,15.29,15.52,-5.2583,-13.55,-26.43,-24.39,-22.39,0.0,22.0,4,17.45,14.22,-17.82,0.0,,8,,20261007
JVTSF,Juventus Football Club S.p.A.,Communication Services,Entertainment,PNK,2.07,814,863260288,0.0725,2.32,2.56,-3.3978,-16.32,-28.78,-54.95,-36.13,0.0,0.0,4,3.5,1.98,-40.94,0.0,,8,,20261007
KBDC,"Kayne Anderson BDC, Inc.",Financial Services,Asset Management,NYSE,12.61,366219,832736768,0.2409,12.95,13.16,-1.3972,-9.2,-22.99,-13.18,-15.62,0.0,32.75,4,15.87,12.55,-20.54,0.0,,8,,20261007
NWHUF,Vital Infrastructure Property Trust,Real Estate,REIT - Healthcare Facilities,PNK,3.68,100946,907567296,0.0351,3.82,3.87,-3.8898,-10.83,-21.05,-12.0,-14.87,0.0,29.0,4,4.4,3.34,-16.36,0.0,,8,,20261007
NLST,"Netlist, Inc.",Technology,Electronics & Computer Distribution,OQB,6.66,2573864,2328223744,0.4897,4.96,2.67,3.4715,128.9,331.22,522.71,357.24,0.0,87.5,2,7.0,0.45,-4.86,0.0,,8,,20261007
EQRLF,EQ Resources Limited,Basic Materials,Other Industrial Metals & Mining,PNK,0.28,463473,1453830400,0.0324,0.27,0.28,0.4304,39.5,-4.95,286.83,122.88,0.0,83.75,3,0.41,0.06,-31.65,0.0,,8,,20261007
SENEB,Seneca Foods Corporation,Consumer Defensive,Packaged Foods,NASDAQ,180.23,151,1220239488,2.1062,185.67,151.14,-2.5814,-5.47,2.97,44.69,17.55,0.0,62.0,3,208.53,108.68,-13.57,0.0,,8,,20261007
ESRT,"Empire State Realty Trust, Inc.",Real Estate,REIT - Diversified,NYSE,4.43,2984153,1357112064,0.1506,4.51,5.37,-0.5153,-22.22,-30.81,-59.14,-39.99,0.0,22.0,4,8.04,3.93,-44.9,0.0,,8,,20261007
CPAC,Cementos Pacasmayo S.A.A.,Basic Materials,Building Materials,NYSE,12.29,53263,1052286592,0.2246,12.17,11.15,0.5155,-1.07,-1.85,55.67,21.35,0.0,88.75,2,12.74,6.25,-3.53,0.0,,8,,20261007
DXYZ,Destiny Tech100 Inc.,Financial Services,Asset Management,NYSE,31.57,1055117,1504542080,1.4524,30.46,31.78,0.7648,22.21,-2.2,-9.85,0.84,0.0,72.0,3,72.87,19.71,-56.68,0.0,,8,,20261007
MFAO,"MFA Financial, Inc. 9.000% Seni",Unknown,Unknown,NYSE,25.19,9363,0,0.1089,25.19,24.54,0.0358,-3.45,-14.6,-9.4,-9.73,0.0,85.0,2,25.75,24.18,-2.17,0.0,,8,,20261007
MFA,"MFA Financial, Inc.",Real Estate,REIT - Mortgage,NYSE,7.28,1620103,735920192,0.1766,8.29,8.67,-5.693,-22.37,-36.53,-24.78,-28.29,0.0,3.75,4,10.43,7.21,-30.2,0.0,,8,,20261007
SUCEF,"Sumitomo Osaka Cement Co., Ltd.",Basic Materials,Building Materials,PNK,32.44,3,3084193792,0.0399,31.02,28.11,35.499,3.68,7.19,4.56,5.26,0.0,75.0,2,32.44,25.16,-0.0,0.0,,8,,20261007
VRTS,"Virtus Investment Partners, Inc.",Financial Services,Asset Management,NYSE,132.02,134101,874327552,4.9555,152.88,145.74,-4.21,-17.99,-13.2,-44.52,-26.93,0.0,20.75,4,195.0,121.61,-32.3,0.0,,8,,20261007
LXRX,"Lexicon Pharmaceuticals, Inc.",Healthcare,Biotechnology,NCM,1.75,2914943,778672896,0.1136,2.18,1.85,-3.7662,-27.69,-9.41,6.44,-7.64,0.0,19.5,4,2.68,1.1,-34.7,0.0,,8,,20261007
OPK,"OPKO Health, Inc.",Healthcare,Diagnostics & Research,NASDAQ,1.46,3350087,1089639296,0.0639,1.51,1.32,-0.7638,-1.23,6.0,-24.09,-7.84,0.0,69.5,3,1.75,0.98,-16.57,0.0,,8,,20261007
TRUP,"Trupanion, Inc.",Financial Services,Insurance - Property & Casualty,NASDAQ,24.68,470595,1082776064,1.0578,26.84,27.39,-2.0452,-11.44,-21.88,-60.91,-34.88,0.0,22.0,4,46.98,21.16,-47.47,0.0,,8,,20261007
KODK,Eastman Kodak Company,Industrials,Specialty Business Services,NYSE,9.87,849325,966340864,0.3278,9.44,9.21,1.3122,16.47,-31.51,28.76,4.59,0.0,88.75,2,14.87,5.78,-33.62,0.0,,8,,20261007
JCAP,"Jefferson Capital, Inc.",Financial Services,Credit Services,NASDAQ,19.86,324377,1140471168,0.6124,20.82,19.78,-1.5669,7.69,-15.02,-2.88,-4.49,0.0,69.5,3,24.44,15.5,-18.74,0.0,,8,,20261007
LUXE,LuxExperience B.V.,Consumer Cyclical,Luxury Goods,NYSE,10.0,200755,1396998272,0.4893,8.33,8.28,3.4225,26.8,9.09,8.91,13.45,0.0,90.0,2,11.38,6.54,-12.13,0.0,,8,,20261007
CRAI,"CRA International, Inc.",Industrials,Consulting Services,NASDAQ,171.43,135826,1076042112,5.6838,170.23,167.26,0.2105,6.97,-13.55,-28.94,-14.58,0.0,85.0,2,227.29,132.17,-24.58,0.0,,8,,20261007
ESQ,"Esquire Financial Holdings, Inc.",Financial Services,Banks - Regional,NCM,116.44,167885,1409457664,3.4132,121.63,112.7,-1.5209,-5.58,-13.65,-1.44,-6.75,0.0,60.25,3,134.81,92.1,-13.63,0.0,,8,,20261007
CCORF,Canaccord Genuity Group Inc.,Financial Services,Capital Markets,PNK,10.22,22720,1042470208,0.1672,10.2,9.35,0.0989,-3.31,3.67,13.46,5.84,0.0,58.75,2,11.0,6.4,-7.09,0.0,,8,,20261007
STK,Columbia Seligman Premium Technology Growth Fund,Financial Services,Asset Management,NYSE,56.26,56718,995524608,1.2351,51.97,46.04,3.4707,6.77,27.61,48.58,30.79,0.0,90.0,2,58.46,32.5,-3.76,0.0,,8,,20261007
MRCBF,Morguard Corporation,Real Estate,Real Estate - Diversified,PNK,80.5,6,859600576,0.174,84.31,85.05,-21.9253,-12.24,-23.24,-19.52,-19.0,0.0,25.25,4,90.06,80.26,-10.62,0.0,,8,,20261007
GOOS,Canada Goose Holdings Inc.,Consumer Cyclical,Apparel Manufacturing,NYSE,7.64,791742,746127040,0.2333,8.18,10.42,-2.304,-23.76,-46.16,-65.38,-48.25,0.0,7.5,4,14.6,7.36,-47.67,0.0,,8,,20261007
OILSF,Saturn Oil & Gas Inc.,Energy,Oil & Gas E&P,OQX,5.27,131584,938149568,0.2241,4.53,3.79,3.2906,23.44,1.81,148.49,65.89,0.0,85.0,2,5.57,1.63,-5.39,0.0,,8,,20261007
HNTIY,Hunting PLC,Energy,Oil & Gas Equipment & Services,PNK,5.2,386,752808448,0.3791,5.57,5.47,-0.9923,-8.32,-29.46,18.0,-5.19,0.0,18.25,4,7.36,4.01,-29.42,0.0,,8,,20261007
DVSPF,Dividend 15 Split Corp.,Unknown,Unknown,PNK,5.88,4568,257850353,0.0718,6.22,5.66,-4.7406,-11.45,-0.78,12.03,1.68,0.0,26.25,3,6.88,4.75,-14.53,0.0,,8,,20261007
EQBK,"Equity Bancshares, Inc.",Financial Services,Banks - Regional,NYSE,47.5,116288,978143296,0.9926,49.56,46.74,-2.077,-4.88,-13.95,1.88,-5.35,0.0,44.5,3,52.27,38.6,-9.13,0.0,,8,,20261007
YALA,Yalla Group Limited,Technology,Software - Application,NYSE,5.44,294898,825949696,0.1049,5.46,6.18,-0.2327,-4.22,-35.86,-45.24,-31.7,0.0,47.0,4,7.83,5.01,-30.52,0.0,,8,,20261007
ACEL,"Accel Entertainment, Inc.",Consumer Cyclical,Gambling,NYSE,10.94,310966,890438272,0.2512,11.69,11.74,-2.9758,-16.84,-21.97,-19.29,-19.62,0.0,20.75,4,14.0,9.55,-21.86,0.0,,8,,20261007
RCKHF,Rockhopper Exploration plc,Energy,Oil & Gas E&P,PNK,0.7,4529,716488384,0.0439,0.95,0.99,-5.6055,-31.1,-59.46,-46.97,-47.37,0.0,1.25,4,1.31,0.64,-46.56,0.0,,8,,20261007
APEI,"American Public Education, Inc.",Consumer Defensive,Education & Training Services,NASDAQ,46.22,300217,845897408,1.8006,45.72,48.95,0.2754,-25.1,-37.96,2.78,-18.45,0.0,47.0,3,61.59,30.2,-24.96,0.0,,8,,20261007
NPK,"National Presto Industries, Inc.",Industrials,Aerospace & Defense,NYSE,148.96,98895,1062988608,4.3777,145.03,133.06,0.8985,16.05,-10.46,10.03,4.36,0.0,88.75,2,158.17,91.28,-5.82,0.0,,8,,20261007
USPH,"U.S. Physical Therapy, Inc.",Healthcare,Medical Care Facilities,NYSE,83.63,203425,1247985152,2.4073,80.29,75.52,1.3886,14.92,-5.58,-21.22,-6.71,0.0,86.25,2,93.5,58.19,-10.56,0.0,,8,,20261007
BCNAF,Barco NV,Technology,Electronic Components,PNK,9.0,6,732495040,0.0022,9.0,10.96,0.0,-18.17,-38.95,-59.03,-41.79,0.0,25.0,3,16.32,8.91,-44.87,0.0,,8,,20261007
PYCXF,PYC Therapeutics Limited,Healthcare,Biotechnology,PNK,1.75,382,1721143296,0.0078,1.51,1.18,30.9339,50.98,45.37,89.78,64.53,0.0,75.0,2,1.8,0.85,-2.78,0.0,,8,,20261007
CVLG,"Covenant Logistics Group, Inc.",Industrials,Trucking,NYSE,33.09,209439,839750656,1.2452,34.79,33.3,-1.3656,-31.91,1.24,36.74,7.16,0.0,31.5,4,49.88,18.0,-33.66,0.0,,8,,20261007
BCX,Blackrock Resources & Commodities Strategy Trust,Financial Services,Asset Management,NYSE,12.0,156341,914857088,0.2284,12.45,11.83,-1.9852,1.1,-17.48,7.97,-2.66,0.0,69.5,3,13.86,9.68,-13.42,0.0,,8,,20261007
HBNC,"Horizon Bancorp, Inc.",Financial Services,Banks - Regional,NASDAQ,19.31,579287,991462656,0.3852,19.64,18.16,-0.8581,-3.88,-2.85,8.3,1.35,0.0,45.75,3,21.04,14.97,-8.22,0.0,,8,,20261007
SENEA,Seneca Foods Corporation,Consumer Defensive,Packaged Foods,NASDAQ,171.42,100396,1160591744,6.092,184.93,152.15,-2.2176,-8.35,-9.27,36.78,9.38,0.0,61.25,3,210.0,99.58,-18.37,0.0,,8,,20261007
KOPN,Kopin Corporation,Technology,Electronic Components,NCM,4.88,3884254,907058368,0.269,4.54,3.68,1.2484,19.08,74.87,55.37,53.12,0.0,85.0,2,6.61,1.81,-26.17,0.0,,8,,20261007
OXLC,Oxford Lane Capital Corp.,Financial Services,Asset Management,NASDAQ,8.68,931668,850902592,0.1923,9.08,9.02,-2.0698,-2.75,-17.37,-47.36,-25.71,0.0,54.0,4,16.94,8.01,-48.76,0.0,,8,,20261007
BTZ,BlackRock Credit Allocation Income Trust,Financial Services,Asset Management,NYSE,9.43,355161,880049664,0.1113,9.79,9.85,-3.2551,-10.16,-20.36,-23.05,-18.89,0.0,31.5,4,11.18,9.25,-15.65,0.0,,8,,20261007
LXU,"LSB Industries, Inc.",Basic Materials,Chemicals,NYSE,10.17,795558,732214592,0.4232,10.54,11.66,-0.8799,-13.98,-48.3,-4.55,-22.22,0.0,22.0,4,17.22,8.12,-40.94,0.0,,8,,20261007
AEBI,Aebi Schmidt Holding AG,Industrials,Farm & Heavy Construction Machinery,NASDAQ,11.32,378800,878468736,0.5359,12.24,12.57,-1.7118,-5.28,-2.44,-25.65,-12.44,0.0,20.75,4,15.96,8.91,-29.07,0.0,,8,,20261007
VLERF,Valeura Energy Inc.,Energy,Oil & Gas E&P,OQX,10.77,40012,1143921152,0.31,9.75,8.65,3.2859,32.24,-16.34,99.02,41.95,0.0,91.25,2,11.33,4.34,-4.94,0.0,,8,,20261007
RIOFF,Rio2 Limited,Basic Materials,Gold,OQX,2.27,404565,1246174464,0.1396,2.38,2.23,-0.7894,17.92,-2.73,43.32,20.85,0.0,69.5,3,3.02,1.26,-24.83,0.0,,8,,20261007
CSYJF,CSE Global Limited,Technology,Communication Equipment,PNK,0.96,109,701811776,0.004,0.99,0.99,-8.474,-10.94,-10.24,70.19,21.76,0.0,24.0,4,1.51,0.52,-36.42,0.0,,8,,20261007
BJRI,"BJ's Restaurants, Inc.",Consumer Cyclical,Restaurants,NASDAQ,61.33,464345,1304720000,2.2798,63.93,49.27,-1.1393,-1.48,47.15,76.9,46.89,0.0,49.5,3,74.6,28.46,-17.79,0.0,,8,,20261007
AVR,Anteris Technologies Global Corp.,Healthcare,Medical Devices,NASDAQ,7.05,870744,686262528,0.385,8.44,7.27,-3.6234,-32.17,13.74,45.9,15.12,0.0,19.5,4,11.05,3.3,-36.23,0.0,,8,,20261007
MCBS,"MetroCity Bankshares, Inc.",Financial Services,Banks - Regional,NASDAQ,34.86,78626,999089088,0.6578,35.33,31.67,-0.7082,-4.45,-0.95,13.46,3.94,0.0,45.75,3,37.46,24.53,-6.94,0.0,,8,,20261007
UELKY,Ülker Bisküvi Sanayi A.S.,Consumer Defensive,Confectioners,PNK,18.5,42,683160320,0.1539,20.28,24.21,-11.5985,-35.11,-46.38,-43.12,-42.26,0.0,0.0,4,29.12,17.0,-36.47,0.0,,8,,20261007
LIFNF,Lifenet Insurance Company,Financial Services,Insurance - Life,PNK,11.61,0,932751104,0.0001,11.61,11.81,0.0,-3.88,-25.3,245.78,88.49,0.0,49.0,3,12.5,3.2,-7.12,0.0,,8,,20261007
UTL,Unitil Corporation,Utilities,Utilities - Diversified,NYSE,51.18,127140,933352960,1.1,52.88,51.3,-1.5454,-6.44,-22.22,-4.24,-11.08,0.0,31.5,4,57.26,46.77,-10.62,0.0,,8,,20261007
RHLD,"Resolute Holdings Management, Inc.",Industrials,Specialty Business Services,NYSE,115.64,147619,904257984,6.0405,128.07,149.83,-2.0584,-22.62,-40.24,31.5,-7.14,0.0,6.25,4,236.19,70.06,-51.04,0.0,,8,,20261007
CBGPY,Close Brothers Group plc,Financial Services,Banks - Regional,PNK,10.36,41,780744512,0.0455,11.31,12.02,-20.8939,-5.92,-18.0,-38.53,-23.19,0.0,12.0,4,14.33,9.04,-27.7,0.0,,8,,20261007
AZTA,"Azenta, Inc.",Healthcare,Medical Instruments & Supplies,NASDAQ,39.35,848185,1723860096,2.1996,33.07,28.24,2.8571,55.77,62.47,3.59,37.24,0.0,91.25,2,46.41,15.93,-15.21,0.0,,8,,20261007
BOW,Bowhead Specialty Holdings Inc.,Financial Services,Insurance - Property & Casualty,NYSE,33.78,330838,1112839808,0.1806,33.47,27.91,1.7322,1.72,28.09,16.0,16.66,0.0,83.75,2,35.07,21.21,-3.68,0.0,,8,,20261007
MGLUY,Magazine Luiza S.A.,Consumer Cyclical,Specialty Retail,PNK,7.57,1652,1466040448,0.2901,4.26,5.55,11.4114,123.92,-6.82,-0.63,28.34,0.0,76.25,3,8.53,2.88,-11.25,0.0,,8,,20261007
PML,PIMCO Municipal Income Fund II,Financial Services,Asset Management,NYSE,6.54,532442,820560704,0.1222,7.05,7.28,-4.1948,-16.73,-28.12,-29.27,-25.73,0.0,5.0,4,8.01,6.39,-18.35,0.0,,8,,20261007
CGJTF,Cargojet Inc.,Industrials,Airlines,PNK,61.11,9087,904419392,1.2201,61.05,61.66,0.0523,-3.79,-15.28,-24.4,-16.06,0.0,45.75,3,73.11,46.64,-16.41,0.0,,8,,20261007
MJDLF,Major Drilling Group International Inc.,Basic Materials,Other Industrial Metals & Mining,PNK,12.03,28242,989302528,0.3551,11.67,11.5,1.0167,17.6,-19.2,22.37,6.63,0.0,90.0,2,13.56,8.09,-11.28,0.0,,8,,20261007
RFAFF,RFA Financial Inc.,Real Estate,Real Estate Services,OQX,17.51,434,799861312,0.0714,18.16,10.07,-9.0777,-10.94,341.59,309.53,240.64,0.0,37.0,3,20.3,4.2,-13.74,0.0,,8,,20261007
PAKTY,PT Map Aktif Adiperkasa Tbk,Consumer Cyclical,Specialty Retail,PNK,1.23,0,1752995968,0.0001,1.23,0.95,0.0,-3.88,52.11,53.27,38.57,0.0,62.0,3,2.5,0.72,-50.8,0.0,,8,,20261007
SPTX,"Seaport Therapeutics, Inc.",Healthcare,Biotechnology,NASDAQ,17.37,180446,929825728,1.8695,22.48,17.37,-2.7314,-23.08,-21.11,-21.11,-21.6,0.0,57.5,3,28.38,14.85,-38.79,0.0,,8,,20261007
AMC,"AMC Entertainment Holdings, Inc.",Communication Services,Entertainment,NYSE,2.95,33323946,2633183744,0.2032,2.67,1.85,1.3619,49.67,111.69,-21.27,43.0,0.0,88.75,2,3.4,0.93,-13.24,0.0,,8,,20261007
INR,"Infinity Natural Resources, Inc.",Energy,Oil & Gas E&P,NYSE,13.5,291979,251667376,0.5419,13.87,14.88,-0.6824,-2.04,-41.37,-18.63,-22.44,0.0,60.25,4,19.59,11.13,-31.07,0.0,,8,,20261007
MYN,"BlackRock MuniYield New York Quality Fund, Inc.",Financial Services,Asset Management,NYSE,8.92,252515,839582016,0.1591,9.39,9.6,-2.9363,-14.88,-23.42,-22.89,-21.08,0.0,37.75,4,10.26,8.68,-13.06,0.0,,8,,20261007
POGHF,Pilot Corporation,Industrials,Business Equipment & Supplies,PNK,13.81,49,1450004352,0.1521,12.68,-1.78,7.4423,28.25,-264.72,27.22,-74.7,0.0,76.25,2,32.45,8.77,-57.45,0.0,,8,,20261007
PCRX,"Pacira BioSciences, Inc.",Healthcare,Drug Manufacturers - Specialty & Generic,NASDAQ,24.76,581501,974254592,0.7961,25.21,23.88,-0.5658,-7.76,-8.88,-18.0,-12.25,0.0,47.0,3,27.66,18.8,-10.48,0.0,,8,,20261007
PHAR,Pharming Group N.V.,Healthcare,Biotechnology,NASDAQ,9.68,23138,685132288,0.4409,11.06,14.42,-3.1383,-37.09,-59.83,-57.7,-53.29,0.0,10.0,4,21.34,9.62,-54.64,0.0,,8,,20261007
PMT,PennyMac Mortgage Investment Trust,Real Estate,REIT - Mortgage,NYSE,8.03,1583125,700234944,0.2406,9.1,10.48,-4.4353,-24.88,-45.46,-44.57,-39.96,0.0,3.75,4,13.81,7.64,-41.85,0.0,,8,,20261007
PMTU,PennyMac Mortgage Investment Tr,Unknown,Unknown,NYSE,25.36,2666,0,0.1429,25.23,24.62,0.8842,-2.96,-14.77,-9.26,-9.62,0.0,90.0,2,26.26,25.02,-3.43,0.0,,8,,20261007
NRGV,"Energy Vault Holdings, Inc.",Utilities,Utilities - Renewable,NYSE,3.88,4492062,705537536,0.279,3.77,4.12,0.3936,4.52,10.12,-1.51,4.07,0.0,74.5,3,6.64,2.5,-41.61,0.0,,8,,20261007
IDWM,"IDW Media Holdings, Inc.",Communication Services,Publishing,OQB,33.22,21,9606427,0.5794,37.53,34.3,-7.4315,-1.77,-15.77,-35.45,-20.14,0.0,38.25,3,41.28,32.0,-19.53,0.0,,8,,20261007
PPTDF,PeptiDream Inc.,Healthcare,Biotechnology,PNK,6.95,404,893545664,0.0841,6.66,7.95,3.4352,-0.27,-29.1,-55.05,-32.27,0.0,52.5,3,12.85,5.88,-45.91,0.0,,8,,20261007
BFST,"Business First Bancshares, Inc.",Financial Services,Banks - Regional,NASDAQ,30.74,218409,1000583424,0.4986,31.27,28.72,-1.0642,-0.58,-6.55,16.7,4.24,0.0,72.0,3,32.52,22.56,-5.49,0.0,,8,,20261007
CCOI,"Cogent Communications Holdings, Inc.",Communication Services,Telecom Services,NASDAQ,9.31,1822081,476818528,0.7359,9.91,16.98,-0.8119,-29.3,-72.45,-95.21,-70.77,0.0,13.75,4,45.69,7.13,-79.62,0.0,,8,,20261007
VYX,NCR Voyix Corporation,Technology,Information Technology Services,NYSE,6.73,2506521,929210432,0.4134,7.94,8.06,-2.9348,-20.55,-11.27,-64.97,-35.07,0.0,5.0,4,12.25,6.02,-45.06,0.0,,8,,20261007
CCNE,CNB Financial Corporation,Financial Services,Banks - Regional,NASDAQ,33.83,151340,1002074560,0.6834,34.25,30.72,-0.6077,-1.59,-6.43,26.64,8.01,0.0,72.0,3,36.17,22.8,-6.47,0.0,,8,,20261007
CCNEP,CNB Financial Corporation,Financial Services,Banks - Regional,NASDAQ,24.74,1073,0,0.1478,24.81,24.31,-0.471,-4.05,-15.43,-12.52,-11.42,0.0,73.25,3,25.5,23.57,-2.98,0.0,,8,,20261007
ROOT,"Root, Inc.",Financial Services,Insurance - Property & Casualty,NASDAQ,47.17,231900,730816640,1.9171,52.73,56.32,-2.8995,-33.54,-12.93,-63.31,-38.23,0.0,6.25,4,91.0,40.91,-48.16,0.0,,8,,20261007
FMCB,Farmers & Merchants Bancorp,Financial Services,Banks - Regional,OQX,1450.0,185,1003318784,24.8527,1421.74,1266.63,1.1371,6.34,8.31,24.79,14.41,0.0,86.25,2,1540.0,985.25,-5.84,0.0,,8,,20261007
RPC,"Ridgepost Capital, Inc",Financial Services,Asset Management,NYSE,7.97,560500,878600320,0.2802,8.3,8.43,-1.1883,2.99,-3.19,-43.15,-17.63,0.0,31.5,4,11.47,6.79,-30.51,0.0,,8,,20261007
CPF,Central Pacific Financial Corp.,Financial Services,Banks - Regional,NYSE,36.28,162532,934116800,0.7832,37.65,34.52,-1.7477,-7.47,-5.76,6.28,-1.37,0.0,43.25,3,40.99,27.38,-11.49,0.0,,8,,20261007
TRON,Tron Inc.,Consumer Cyclical,Leisure,NCM,1.29,876028,611952896,0.0976,1.58,1.7,-2.9254,-17.02,-60.41,-73.19,-54.68,0.0,6.25,4,4.65,1.12,-72.26,0.0,,8,,20261007
EVC,Entravision Communications Corporation,Communication Services,Advertising Agencies,NYSE,6.7,1485828,618331648,0.3937,8.71,6.42,-5.1003,-47.21,95.04,190.8,97.78,0.0,30.0,3,13.74,1.95,-51.24,0.0,,8,,20261007
SLI,Standard Lithium Ltd.,Basic Materials,Other Industrial Metals & Mining,NYSE,1.73,1779363,426936608,0.1184,2.21,3.48,-4.0748,-36.13,-68.2,-75.48,-63.09,0.0,5.0,4,6.4,1.68,-72.97,0.0,,8,,20261007
PHGUF,Pharming Group N.V.,Healthcare,Biotechnology,PNK,1.11,95,782098304,0.0011,1.15,1.44,-39.2633,-19.78,-45.6,-44.01,-38.51,0.0,12.0,4,2.17,1.1,-49.08,0.0,,8,,20261007
PHAT,"Phathom Pharmaceuticals, Inc.",Healthcare,Biotechnology,NASDAQ,6.78,1380880,548508352,0.4246,8.52,11.32,-4.088,-48.56,-60.08,-62.15,-58.03,0.0,8.75,4,18.31,6.52,-62.97,0.0,,8,,20261007
BAGFF,A.G. BARR p.l.c.,Consumer Defensive,Beverages - Non-Alcoholic,PNK,8.44,0,929259200,0.0001,8.44,8.33,0.0,-3.88,-14.97,-22.71,-15.3,0.0,62.0,3,9.15,6.6,-7.76,0.0,,8,,20261007
OCINF,OCI N.V.,Basic Materials,Agricultural Inputs,PNK,4.85,143,1023202304,0.0089,4.8,4.32,5.9902,4.21,-1.63,-10.61,-3.76,0.0,75.0,2,5.0,3.36,-3.0,0.0,,8,,20261007
MBWM,Mercantile Bank Corporation,Financial Services,Banks - Regional,NASDAQ,58.83,118290,1016931200,1.2379,60.1,53.86,-1.03,0.71,-4.13,17.3,5.66,0.0,72.0,3,62.95,42.75,-6.54,0.0,,8,,20261007
HTD,John Hancock Tax-Advantaged Dividend Income Fund,Financial Services,Asset Management,NYSE,22.46,68107,795798720,0.4363,24.43,24.26,-4.5042,-16.22,-25.76,-19.82,-21.0,0.0,14.5,4,26.35,21.9,-14.76,0.0,,8,,20261007
ACNFF,Acomo N.V.,Consumer Defensive,Food Distribution,PNK,26.7,248,793076672,0.0928,27.36,28.28,-7.0602,2.12,-24.93,-13.56,-13.62,0.0,50.25,3,33.6,25.46,-20.54,0.0,,8,,20261007
NRK,Nuveen New York AMT-Free Quality Municipal Income Fund,Financial Services,Asset Management,NYSE,9.24,359945,806054208,0.1825,9.94,10.01,-3.8169,-16.1,-25.57,-19.17,-20.64,0.0,19.5,4,10.9,9.01,-15.23,0.0,,8,,20261007
HAFC,Hanmi Financial Corporation,Financial Services,Banks - Regional,NASDAQ,31.68,239228,939288448,0.5781,31.7,29.19,-0.042,-3.64,1.32,15.26,5.66,0.0,49.5,3,33.5,22.85,-5.43,0.0,,8,,20261007
GDRX,"GoodRx Holdings, Inc.",Healthcare,Health Information Services,NASDAQ,3.27,1277573,1115545344,0.1164,3.44,2.76,-1.4391,5.69,40.73,-45.49,-2.52,0.0,72.0,3,5.81,1.77,-43.72,0.0,,8,,20261007
FSBC,Five Star Bancorp,Financial Services,Banks - Regional,NASDAQ,43.32,193701,1062926080,0.926,45.48,41.86,-2.3309,-13.07,-5.73,20.6,2.96,0.0,42.0,3,50.26,30.68,-13.81,0.0,,8,,20261007
JBSS,"John B. Sanfilippo & Son, Inc.",Consumer Defensive,Packaged Foods,NASDAQ,67.76,135904,792350272,1.8438,74.47,75.51,-3.6392,-24.75,-32.76,-6.83,-20.39,0.0,11.25,4,92.08,59.07,-26.41,0.0,,8,,20261007
SCSC,"ScanSource, Inc.",Technology,Electronics & Computer Distribution,NASDAQ,60.94,265239,1227502976,1.8954,56.72,46.04,2.2267,13.25,45.17,20.48,27.31,0.0,85.0,2,66.78,33.76,-8.75,0.0,,8,,20261007
PSIX,"Power Solutions International, Inc.",Industrials,Specialty Industrial Machinery,NCM,47.93,435930,1105527040,2.3952,39.47,54.54,3.5332,33.55,-42.08,-65.74,-32.64,0.0,61.25,3,106.5,25.28,-55.0,0.0,,8,,20261007
MOMO,Hello Group Inc.,Communication Services,Internet Content & Information,NASDAQ,4.77,733698,685142208,0.1372,5.4,5.9,-4.5882,-25.67,-35.5,-50.78,-39.16,0.0,7.5,4,7.34,4.61,-35.05,0.0,,8,,20261007
DRMTY,Dr. Martens plc,Consumer Cyclical,Footwear & Accessories,PNK,1.85,471,885382272,0.0144,2.01,1.85,-11.2829,-5.8,-0.38,-0.38,-1.73,0.0,25.0,3,2.47,1.8,-25.1,0.0,,8,,20261007
ARHS,"Arhaus, Inc.",Consumer Cyclical,Specialty Retail,NASDAQ,9.92,1377563,1406177152,0.4751,8.88,8.23,2.1814,23.72,39.43,-23.31,10.41,0.0,90.0,2,12.08,5.57,-17.88,0.0,,8,,20261007
AIO,Virtus Artificial Intelligence & Technology Opportunities Fund,Financial Services,Asset Management,NYSE,25.71,71020,885427712,0.5501,25.43,23.84,0.5123,-5.25,3.69,4.19,1.66,0.0,60.0,2,28.6,20.91,-10.1,0.0,,8,,20261007
ETON,"Eton Pharmaceuticals, Inc.",Healthcare,Drug Manufacturers - Specialty & Generic,NASDAQ,54.77,601939,1565498368,3.4218,55.12,32.5,-0.1026,46.64,99.77,157.14,109.44,0.0,72.0,3,66.37,14.27,-17.48,0.0,,8,,20261007
NOPMF,Neo Performance Materials Inc.,Basic Materials,Specialty Chemicals,OQX,21.34,52163,985856128,1.041,23.86,20.28,-2.4206,-24.56,30.44,17.17,11.38,0.0,35.0,3,34.99,11.1,-39.01,0.0,,8,,20261007
BBDC,"Barings BDC, Inc.",Financial Services,Asset Management,NYSE,8.51,660628,891055552,0.167,8.8,8.31,-1.7101,-0.06,-10.6,-6.38,-6.28,0.0,68.25,3,9.54,7.96,-10.8,0.0,,8,,20261007
EVTZF,Evertz Technologies Limited,Technology,Communication Equipment,PNK,8.96,1998,678434112,0.1387,10.59,10.88,-11.7266,-31.42,-37.98,5.86,-18.81,0.0,1.25,4,14.72,8.41,-39.13,0.0,,8,,20261007
AMPL,"Amplitude, Inc.",Technology,Software - Application,NCM,14.79,1911951,1847508608,0.6483,12.68,9.17,3.2534,63.1,101.96,28.18,62.73,0.0,91.25,2,15.13,5.51,-2.25,0.0,,8,,20261007
PSNL,"Personalis, Inc.",Healthcare,Diagnostics & Research,NASDAQ,16.03,3563734,1711216640,0.515,15.57,10.61,0.8978,8.83,141.02,100.72,91.85,0.0,86.25,2,18.89,4.96,-15.14,0.0,,8,,20261007
SBNC,"Southern BancShares (N.C.), Inc.",Financial Services,Banks - Regional,OID,13250.0,4,1006244736,26.3048,13213.68,12099.39,1.3807,0.43,-3.95,17.81,5.85,0.0,75.0,2,13500.0,9600.0,-1.85,0.0,,8,,20261007
SBNCM,"Southern BancShares (N.C.), Inc.",Financial Services,Banks - Regional,OID,11.75,1,0,0.0202,12.39,12.67,-31.4073,-15.11,-22.92,-27.01,-22.6,0.0,12.0,4,14.0,11.75,-16.07,0.0,,8,,20261007
JANX,"Janux Therapeutics, Inc.",Healthcare,Biotechnology,NASDAQ,16.79,839488,1026486464,0.7476,17.13,15.02,-0.4549,-4.0,-6.32,-47.72,-22.3,0.0,73.25,3,35.34,12.12,-52.49,0.0,,8,,20261007
SCHL,Scholastic Corporation,Communication Services,Publishing,NASDAQ,37.01,396968,681333504,1.426,38.18,37.95,-0.8196,-22.5,-22.94,14.28,-7.94,0.0,36.5,4,48.07,26.38,-23.01,0.0,,8,,20261007
AMTB,Amerant Bancorp Inc.,Financial Services,Banks - Regional,NYSE,29.06,374538,1138857216,0.7647,29.18,24.2,-0.1522,11.77,7.42,41.11,21.98,0.0,72.0,3,30.6,15.62,-5.03,0.0,,8,,20261007
DRTS,Alpha Tau Medical Ltd.,Healthcare,Biotechnology,NCM,14.48,578390,1339083648,0.605,14.21,9.9,0.4433,8.52,84.02,218.29,118.85,0.0,88.75,2,15.79,3.43,-8.3,0.0,,8,,20261007
BH,Biglari Holdings Inc.,Consumer Cyclical,Restaurants,NYSE,369.87,152916,1177842816,14.2953,373.33,355.31,-0.2424,-13.17,-8.57,-5.83,-8.62,0.0,52.0,3,483.6,234.92,-23.52,0.0,,8,,20261007
BDIMF,Black Diamond Group Limited,Industrials,Rental & Leasing Services,OQX,14.59,13593,996628352,0.2386,13.14,12.52,6.0632,4.44,12.46,25.9,15.83,0.0,67.0,2,15.35,9.7,-4.95,0.0,,8,,20261007
AWF,AllianceBernstein Global High Income Fund,Financial Services,Asset Management,NYSE,9.63,301275,830391808,0.0894,9.9,9.93,-2.9918,-7.8,-20.7,-23.93,-18.77,0.0,29.0,4,11.13,9.48,-13.48,0.0,,8,,20261007
MDCKF,CHAPTERS Group AG,Technology,Software - Application,PNK,46.0,12169,1044286208,0.9944,49.92,42.01,-3.9431,5.27,-0.12,-15.66,-4.99,0.0,52.5,3,56.3,30.18,-18.29,0.0,,8,,20261007
PMETF,PMET Resources Inc.,Basic Materials,Other Industrial Metals & Mining,OQX,3.03,34673,563406656,0.1132,3.26,3.9,-2.0238,-24.19,-22.59,-13.52,-19.36,0.0,12.5,4,5.93,2.17,-48.9,0.0,,8,,20261007
SHEN,Shenandoah Telecommunications Company,Communication Services,Telecom Services,NASDAQ,11.5,699131,636693824,0.5228,12.22,13.55,-1.3752,-15.91,-39.58,-33.64,-31.29,0.0,8.75,4,17.35,9.67,-33.72,0.0,,8,,20261007
TRST,TrustCo Bank Corp NY,Financial Services,Banks - Regional,NASDAQ,55.13,131859,938739328,1.387,56.44,49.2,-0.9467,-0.91,4.74,38.82,16.96,0.0,72.0,3,59.28,34.31,-7.0,0.0,,8,,20261007
NEWP,New Pacific Metals Corp.,Basic Materials,Silver,NYSE,6.39,695815,1185932160,0.3638,6.23,4.86,0.4508,63.82,27.44,118.12,72.81,0.0,85.0,2,7.55,1.98,-15.36,0.0,,8,,20261007
SHMWF,"ShinMaywa Industries, Ltd.",Industrials,Conglomerates,PNK,13.3,0,879706496,1.5402,-12.8,-2.58,16.9455,-188.6,-204.06,-42.14,-135.43,0.0,80.75,3,19.18,11.74,-30.66,0.0,,8,,20261007
OMZNF,Osisko Metals Incorporated,Basic Materials,Other Industrial Metals & Mining,OQX,1.23,137142,1095544320,0.0482,1.23,1.05,-0.0603,-0.54,17.05,266.7,112.51,0.0,70.75,3,1.42,0.32,-13.1,0.0,,8,,20261007
MFIC,MidCap Financial Investment Corporation,Financial Services,Asset Management,NASDAQ,8.5,559479,700167296,0.1783,9.19,9.93,-3.8867,-15.34,-40.36,-36.13,-32.41,0.0,7.5,4,12.5,8.48,-32.0,0.0,,8,,20261007
METCB,"Ramaco Resources, Inc.",Basic Materials,Coking Coal,NASDAQ,4.47,80647,284664224,0.3897,6.01,9.59,-3.9508,-49.18,-74.99,-91.47,-75.13,0.0,5.0,4,21.59,4.19,-79.29,0.0,,8,,20261007
METC,"Ramaco Resources, Inc.",Basic Materials,Coking Coal,NASDAQ,8.22,2050511,523476512,0.6718,10.68,14.44,-3.6601,-37.57,-64.31,-95.9,-70.26,0.0,6.25,4,57.8,7.87,-85.78,0.0,,8,,20261007
INMD,InMode Ltd.,Healthcare,Medical Devices,NASDAQ,13.99,520750,805042944,0.1945,14.81,14.39,-4.2192,-8.03,-16.29,-25.33,-17.84,0.0,22.0,4,16.74,12.72,-16.43,0.0,,8,,20261007
ANNX,"Annexon, Inc.",Healthcare,Biotechnology,NASDAQ,4.03,3236240,764003968,0.2547,4.72,5.35,-2.6899,-37.16,-51.5,8.66,-23.85,0.0,7.5,4,7.18,2.54,-43.87,0.0,,8,,20261007
CLDHF,CapitaLand China Trust,Real Estate,REIT - Retail,PNK,0.48,151,848879232,0.0006,0.48,0.52,-0.4291,-1.16,-33.78,-27.17,-22.98,0.0,49.0,4,0.62,0.48,-22.7,0.0,,8,,20261007
BSLAF,Basler Aktiengesellschaft,Technology,Consumer Electronics,PNK,26.35,7,810460928,0.1273,27.73,22.84,-10.8081,-26.95,59.36,46.67,32.71,0.0,37.0,3,35.1,14.9,-24.93,0.0,,8,,20261007
ABX,"Abacus Global Management, Inc.",Financial Services,Insurance - Life,NYSE,8.39,597911,820476992,0.3835,9.26,9.16,-2.2644,-32.64,-14.56,23.63,-3.8,0.0,17.0,4,12.44,5.0,-32.56,0.0,,8,,20261007
NXP,Nuveen Select Tax-Free Income Portfolio,Financial Services,Asset Management,NYSE,13.22,211028,833067712,0.2231,13.83,13.93,-2.7224,-11.46,-23.47,-21.88,-19.83,0.0,34.0,4,14.65,12.87,-9.76,0.0,,8,,20261007
PTVLF,Pet Valu Holdings Ltd.,Consumer Cyclical,Specialty Retail,PNK,12.6,9121,846926336,0.1418,13.34,15.61,-5.2106,-7.98,-33.2,-66.63,-40.27,0.0,2.5,4,25.5,12.17,-50.59,0.0,,8,,20261007
CRTO,Criteo S.A.,Communication Services,Advertising Agencies,NASDAQ,14.8,405714,725163904,0.5696,17.63,18.58,-4.9736,-39.95,-38.65,-49.0,-43.12,0.0,6.25,4,25.29,14.28,-41.48,0.0,,8,,20261007
CAPL,CrossAmerica Partners LP,Energy,Oil & Gas Refining & Marketing,NYSE,21.67,37790,827214464,0.5059,22.45,21.23,-1.5322,-6.83,-10.06,-0.39,-5.38,0.0,70.75,3,24.63,19.67,-12.02,0.0,,8,,20261007
LOT,Lotus Technology Inc.,Consumer Cyclical,Auto Manufacturers,NASDAQ,0.75,279101,486011360,0.0784,0.98,1.17,-2.9731,-43.72,-56.2,-82.42,-63.57,0.0,6.25,4,2.17,0.75,-65.39,0.0,,8,,20261007
DOCMF,Dr. Martens plc,Consumer Cyclical,Footwear & Accessories,PNK,0.87,6154,832737920,0.0183,1.07,0.96,-10.8196,-14.01,-11.19,-46.76,-26.12,0.0,37.0,3,1.27,0.81,-31.5,0.0,,8,,20261007
PXMFF,Philex Mining Corporation,Basic Materials,Other Industrial Metals & Mining,PNK,0.21,25356,1350351744,0.0008,0.19,0.15,30.3365,102.05,45.82,155.01,103.55,0.0,75.0,2,0.22,0.09,-4.1,0.0,,8,,20261007
JMIA,Jumia Technologies AG,Consumer Cyclical,Internet Retail,NYSE,6.8,1647652,908655744,0.2859,6.68,8.11,0.4233,-4.93,-16.83,-58.85,-30.66,0.0,57.5,3,14.72,5.69,-53.8,0.0,,8,,20261007
WWLNF,Worldline SA,Technology,Software - Infrastructure,PNK,11.6,20,656070272,0.0031,11.6,14.37,0.0,-8.25,26.17,-77.49,-23.9,0.0,25.0,3,36.02,8.04,-67.79,0.0,,8,,20261007
PCN,PIMCO Corporate & Income Strategy Fund,Financial Services,Asset Management,NYSE,10.79,424406,816705856,0.1752,11.34,11.48,-3.1294,-11.28,-23.78,-27.79,-22.26,0.0,34.0,4,13.49,10.44,-20.01,0.0,,8,,20261007
CODI,Compass Diversified,Industrials,Conglomerates,NYSE,11.02,649380,829100416,0.3672,11.26,9.28,-0.64,4.55,-4.11,46.07,18.13,0.0,70.75,3,13.25,4.58,-16.83,0.0,,8,,20261007
ORIC,"ORIC Pharmaceuticals, Inc.",Healthcare,Biotechnology,NASDAQ,11.98,1477262,1241758720,0.7655,12.97,10.87,-1.2916,5.13,16.28,-14.09,1.35,0.0,57.5,3,14.93,7.23,-19.76,0.0,,8,,20261007
AVTX,"Avalo Therapeutics, Inc.",Healthcare,Biotechnology,NCM,13.59,934850,728831552,0.9678,17.96,16.68,-4.5186,-34.03,-33.42,-16.26,-26.71,0.0,5.0,4,24.27,12.51,-44.0,0.0,,8,,20261007
ABUS,Arbutus Biopharma Corporation,Healthcare,Biotechnology,NASDAQ,4.48,4653603,686676032,0.1735,4.84,4.54,-2.0732,-18.96,-18.33,-15.39,-17.31,0.0,45.75,3,5.45,3.5,-17.8,0.0,,8,,20261007
DMPZF,Domino's Pizza Group plc,Consumer Cyclical,Restaurants,PNK,2.68,199,1021502912,0.02,2.65,2.38,1.407,9.35,-2.55,-4.65,-0.41,0.0,75.0,2,2.82,2.2,-4.96,0.0,,8,,20261007
STBGY,Scandinavian Tobacco Group A/S,Consumer Defensive,Tobacco,PNK,5.6,359,882134400,0.0335,5.59,5.79,0.2585,3.81,-7.55,-32.89,-14.85,0.0,62.0,3,8.0,4.85,-30.0,0.0,,8,,20261007
BCSF,"Bain Capital Specialty Finance, Inc.",Financial Services,Asset Management,NYSE,10.82,428995,701877248,0.2394,11.56,11.95,-3.0825,-16.13,-25.82,-28.39,-24.43,0.0,20.75,4,14.7,10.82,-26.39,0.0,,8,,20261007
CRF,"Cornerstone Total Return Fund, Inc.",Financial Services,Asset Management,NYSE,6.25,1471212,1064147968,0.0931,6.42,6.62,-1.8629,-12.85,-19.2,-24.26,-19.63,0.0,32.75,4,8.25,6.05,-24.24,0.0,,8,,20261007
GUNGF,"GungHo Online Entertainment, Inc.",Communication Services,Electronic Gaming & Multimedia,PNK,15.8,0,827396800,0.0003,15.8,15.43,0.0,-3.88,-43.48,-139.98,-72.18,0.0,62.0,3,21.15,15.8,-25.3,0.0,,8,,20261007
ARKO,Arko Corp.,Consumer Cyclical,Specialty Retail,NCM,4.2,905473,471180000,0.1711,5.0,6.0,-4.6803,-52.53,-42.98,-21.99,-36.97,0.0,7.5,4,8.76,3.71,-52.03,0.0,,8,,20261007
MGTX,MeiraGTx Holdings plc,Healthcare,Biotechnology,NASDAQ,10.6,771142,1018055744,0.5992,12.82,10.12,-3.7111,-29.81,-7.32,7.77,-6.91,0.0,33.75,3,15.35,6.62,-30.94,0.0,,8,,20261007
SANA,"Sana Biotechnology, Inc.",Healthcare,Biotechnology,NASDAQ,2.75,3075449,823241728,0.1991,3.41,3.57,-3.3286,-35.68,-31.48,-48.23,-39.23,0.0,6.25,4,6.55,2.61,-58.02,0.0,,8,,20261007
LYTS,LSI Industries Inc.,Technology,Electronic Components,NASDAQ,20.94,358118,780252416,0.6761,21.66,21.83,-1.0589,-20.16,-6.88,-26.23,-17.94,0.0,36.5,4,27.36,17.21,-23.46,0.0,,8,,20261007
SPIR,"Spire Global, Inc.",Industrials,Specialty Business Services,NYSE,10.98,683034,429483200,0.7372,12.48,13.76,-2.0391,-37.21,-48.26,-37.7,-41.28,0.0,10.0,4,25.93,6.6,-57.66,0.0,,8,,20261007
LMB,"Limbach Holdings, Inc.",Industrials,Building Products & Equipment,NCM,51.35,358963,612146752,2.5233,50.47,74.43,0.3487,-38.23,-54.53,-60.12,-52.69,0.0,40.0,3,114.95,40.74,-55.33,0.0,,8,,20261007
CGEM,"Cullinan Therapeutics, Inc.",Healthcare,Biotechnology,NASDAQ,16.25,847775,1045763840,1.2369,19.39,15.42,-2.5346,-16.61,-9.43,157.75,55.65,0.0,63.75,3,23.19,5.71,-29.93,0.0,,8,,20261007
BFS,"Saul Centers, Inc.",Real Estate,REIT - Retail,NYSE,29.9,113575,1038397184,0.6641,32.48,33.07,-3.88,-20.04,-26.95,-15.87,-20.79,0.0,19.5,4,38.42,29.16,-22.18,0.0,,8,,20261007
HNRG,Hallador Energy Company,Utilities,Utilities - Independent Power Producers,NCM,14.81,727892,698193152,0.7023,15.27,17.16,-0.6501,-12.73,-24.09,-40.86,-27.96,0.0,20.75,4,24.7,13.19,-40.04,0.0,,8,,20261007
JBGS,JBG SMITH Properties,Real Estate,REIT - Diversified,NYSE,10.86,879876,838722048,0.374,11.68,14.2,-2.2015,-29.22,-41.94,-64.92,-47.95,0.0,10.0,4,21.86,9.93,-50.32,0.0,,8,,20261007
AVO,"Mission Produce, Inc.",Consumer Defensive,Food Distribution,NASDAQ,12.75,829080,1117899648,0.4086,12.87,12.91,-0.2873,-10.33,-33.95,-12.56,-19.49,0.0,32.75,4,15.53,10.07,-17.9,0.0,,8,,20261007
TDVXF,Dynavox Group AB (publ),Healthcare,Medical Instruments & Supplies,PNK,7.5,336,795489536,0.0688,7.58,8.54,-1.1044,5.74,-41.98,-51.51,-33.86,0.0,40.75,4,11.33,5.51,-33.8,0.0,,8,,20261007
SMP,"Standard Motor Products, Inc.",Consumer Cyclical,Auto Parts,NYSE,37.56,156156,836208832,0.9826,38.31,38.12,-0.7655,-3.06,-10.94,-23.76,-14.1,0.0,30.25,4,46.0,34.27,-18.35,0.0,,8,,20261007
PHK,PIMCO High Income Fund,Financial Services,Asset Management,NYSE,4.2,1175237,786193728,0.0801,4.4,4.44,-2.5322,-12.56,-23.0,-22.39,-20.15,0.0,31.5,4,5.0,4.04,-16.0,0.0,,8,,20261007
WGO,"Winnebago Industries, Inc.",Consumer Cyclical,Recreational Vehicles,NYSE,24.95,555665,705308864,0.9637,29.4,33.34,-4.6211,-17.18,-36.84,-42.86,-34.33,0.0,6.25,4,50.16,24.6,-50.26,0.0,,8,,20261007
SGCFF,Sagicor Financial Company Ltd.,Financial Services,Insurance - Life,PNK,5.82,3906,790745344,0.0453,6.21,6.46,-8.5112,-6.63,-27.22,21.68,-2.51,0.0,37.0,3,7.65,4.32,-23.92,0.0,,8,,20261007
HRVFF,Harvia Oyj,Consumer Cyclical,Leisure,PNK,48.99,21,915488896,0.1473,49.57,45.75,-3.9694,4.98,12.12,3.65,6.95,0.0,62.0,3,51.9,37.95,-5.61,0.0,,8,,20261007
XNCR,"Xencor, Inc.",Healthcare,Biotechnology,NASDAQ,24.36,1298488,1811248896,1.3226,24.39,15.97,-0.0259,43.22,79.11,89.29,74.21,0.0,69.5,3,30.61,10.38,-20.42,0.0,,8,,20261007
REPX,"Riley Exploration Permian, Inc.",Energy,Oil & Gas E&P,NYSE,42.87,257928,949732672,1.4394,38.96,33.63,2.713,23.69,-9.07,48.69,22.23,0.0,91.25,2,45.31,24.08,-5.39,0.0,,8,,20261007
FMNB,Farmers National Banc Corp.,Financial Services,Banks - Regional,NCM,15.24,392400,902636736,0.2709,15.58,13.96,-1.2637,4.16,-3.76,-5.69,-2.55,0.0,70.75,3,16.46,12.12,-7.41,0.0,,8,,20261007
MYE,"Myers Industries, Inc.",Consumer Cyclical,Packaging & Containers,NYSE,31.83,368415,1197383168,0.989,32.24,25.26,-0.4172,-0.72,33.71,76.47,42.21,0.0,45.75,3,37.45,15.54,-15.01,0.0,,8,,20261007
CRCT,"Cricut, Inc.",Technology,Computer Hardware,NASDAQ,6.38,724879,1336255360,0.2091,5.71,4.65,3.1835,44.29,39.27,-6.08,22.38,0.0,90.0,2,6.66,3.73,-4.2,0.0,,8,,20261007
MATW,Matthews International Corporation,Industrials,Conglomerates,NASDAQ,19.42,796514,606159808,0.6805,21.92,25.06,-3.6666,-29.88,-42.23,-35.96,-36.64,0.0,10.0,4,30.93,18.54,-37.21,0.0,,8,,20261007
IPMLF,Imperial Metals Corporation,Basic Materials,Copper,PNK,5.98,25859,1064439360,0.2164,6.25,6.17,-1.2329,19.65,-13.31,7.85,3.39,0.0,61.5,3,10.28,4.08,-41.83,0.0,,8,,20261007
UBSFY,Ubisoft Entertainment SA,Communication Services,Electronic Gaming & Multimedia,PNK,1.1,100890,764478656,0.0342,1.17,1.12,-2.1625,-20.16,10.63,-70.67,-29.59,0.0,19.5,4,2.24,0.8,-50.89,0.0,,8,,20261007
CAC,Camden National Corporation,Financial Services,Banks - Regional,NASDAQ,56.76,94898,959076416,1.3886,57.49,50.65,-0.5235,3.4,-1.24,35.79,14.73,0.0,73.25,3,60.59,35.0,-6.32,0.0,,8,,20261007
AGNT,"AGNT, Inc",Real Estate,Real Estate Services,NASDAQ,3.82,1559236,627717376,0.2149,4.03,5.81,-0.958,-24.13,-50.46,-80.9,-56.05,0.0,13.75,4,12.23,3.4,-68.76,0.0,,8,,20261007
WRDLY,Worldline SA,Technology,Software - Infrastructure,PNK,5.67,468,709234560,0.1743,7.23,4.13,-8.933,-8.68,1590.57,542.75,771.63,0.0,50.0,3,68.0,0.27,-91.66,0.0,,8,,20261007
OMER,Omeros Corporation,Healthcare,Biotechnology,NASDAQ,18.51,1750707,1339907840,0.831,17.26,13.09,1.5021,75.98,49.8,286.47,151.01,0.0,85.0,2,21.24,4.06,-12.85,0.0,,8,,20261007
RYSKF,Reysas Tasimacilik ve Lojistik Ticaret A.S.,Industrials,Integrated Freight & Logistics,PNK,0.5,34041,1000000000,0.0106,0.51,0.46,-0.9338,7.23,0.16,11.67,6.53,0.0,63.25,3,0.63,0.31,-20.69,0.0,,8,,20261007
ODTX,"Odyssey Therapeutics, Inc.",Healthcare,Biotechnology,NCM,18.13,270463,871301056,2.0068,22.56,18.13,-2.2066,11.74,4.26,4.26,6.13,0.0,60.0,3,29.05,15.1,-37.59,0.0,,8,,20261007
BRBI,BRBI BR Partners S.A.,Financial Services,Capital Markets,NCM,13.69,564,359347776,0.2631,10.75,12.77,11.1609,16.08,-23.26,-4.3,-5.84,0.0,77.5,3,16.61,9.09,-17.58,0.0,,8,,20261007
FREKF,freee K.K.,Technology,Software - Application,PNK,23.32,1119,1382156544,0.1357,20.55,15.62,20.3624,103.73,68.34,-10.57,45.62,0.0,75.0,2,23.93,10.2,-2.57,0.0,,8,,20261007
EVMN,"Evommune, Inc.",Healthcare,Biotechnology,NYSE,6.61,677666,239890864,0.6914,11.48,18.85,-7.0368,-54.89,-92.12,-84.81,-79.89,0.0,5.0,4,33.2,6.08,-80.09,0.0,,8,,20261007
NBBK,"NB Bancorp, Inc.",Financial Services,Banks - Regional,NCM,22.46,310784,984163200,0.4529,22.63,21.21,-0.3849,5.65,-15.32,11.02,0.46,0.0,74.5,3,23.47,16.84,-4.3,0.0,,8,,20261007
CRSR,"Corsair Gaming, Inc.",Technology,Computer Hardware,NASDAQ,13.64,1551912,1475533824,0.5924,12.48,8.34,1.9577,49.17,124.35,52.19,76.69,0.0,85.0,2,14.98,4.48,-8.93,0.0,,8,,20261007
GERN,Geron Corporation,Healthcare,Biotechnology,NASDAQ,1.21,10222387,777392832,0.061,1.41,1.44,-3.313,-27.22,-49.24,-28.05,-35.26,0.0,5.0,4,2.01,1.04,-39.8,0.0,,8,,20261007
MSBPF,"Mitsubishi Pencil Co., Ltd.",Industrials,Business Equipment & Supplies,PNK,14.66,0,733135424,0.0139,14.66,0.48,0.0,-3.88,-277.32,81.65,-65.37,0.0,50.0,3,17.25,12.24,-15.01,0.0,,8,,20261007
MPB,"Mid Penn Bancorp, Inc.",Financial Services,Banks - Regional,NASDAQ,36.36,125092,921188480,0.7194,37.11,33.75,-1.0478,2.9,-7.16,12.04,3.03,0.0,73.25,3,39.15,26.56,-7.13,0.0,,8,,20261007
JSEJF,JSE Limited,Financial Services,Financial Data & Stock Exchanges,PNK,9.43,40,783694336,0.0334,9.33,9.47,2.9889,-4.46,-18.78,4.16,-6.03,0.0,62.0,3,11.13,7.74,-15.27,0.0,,8,,20261007
WKPPF,Workspace Group Plc,Real Estate,REIT - Office,PNK,5.12,8,987324224,0.0029,5.0,5.11,43.3286,7.53,-24.89,-23.48,-16.22,0.0,75.0,3,6.0,4.26,-14.58,0.0,,8,,20261007
CTMX,"CytomX Therapeutics, Inc.",Healthcare,Biotechnology,NASDAQ,2.56,3376138,557822144,0.1737,3.17,4.04,-3.5402,-37.94,-59.25,-40.1,-46.26,0.0,6.25,4,8.21,2.48,-68.82,0.0,,8,,20261007
NUTX,Nutex Health Inc.,Healthcare,Medical Care Facilities,NCM,218.4,149573,1495597312,10.3698,190.67,147.71,2.6745,16.86,93.46,84.77,70.84,0.0,87.5,2,226.0,83.99,-3.36,0.0,,8,,20261007
DRUG,Bright Minds Biosciences Inc.,Healthcare,Biotechnology,NCM,48.25,155322,475940928,3.1588,68.13,76.12,-6.2938,-35.73,-56.01,-27.08,-39.37,0.0,6.25,4,123.75,47.6,-61.01,0.0,,8,,20261007
THFF,First Financial Corporation,Financial Services,Banks - Regional,NASDAQ,74.39,106045,884638144,1.553,77.96,69.03,-2.3015,-4.49,-1.47,23.67,7.83,0.0,47.0,3,84.17,51.21,-11.62,0.0,,8,,20261007
MCRUF,Morgan Advanced Materials plc,Industrials,Specialty Industrial Machinery,PNK,3.4,1222,939810304,0.0155,3.27,3.01,8.2147,20.32,-1.43,-4.94,2.6,0.0,75.0,2,3.47,2.58,-2.02,0.0,,8,,20261007
CERT,"Certara, Inc.",Healthcare,Health Information Services,NASDAQ,9.27,3079465,1414034560,0.4408,8.35,7.19,2.0918,36.96,46.16,-46.75,6.7,0.0,91.25,2,13.52,4.45,-31.43,0.0,,8,,20261007
OBE,Obsidian Energy Ltd.,Energy,Oil & Gas E&P,NYSE,10.62,829578,708625536,0.5693,11.14,9.68,-0.906,16.18,-9.97,40.13,16.6,0.0,73.25,3,14.59,5.44,-27.21,0.0,,8,,20261007
WEST,Westrock Coffee Company,Consumer Defensive,Packaged Foods,NASDAQ,8.25,376011,805425920,0.2819,8.07,6.45,0.6553,10.44,53.45,52.08,42.15,0.0,86.25,2,10.19,3.59,-19.04,0.0,,8,,20261007
TSAT,Telesat Corporation,Technology,Communication Equipment,NASDAQ,47.66,197873,2448645376,2.7811,47.22,41.58,0.1597,0.94,-8.13,41.99,14.19,0.0,85.0,2,61.54,23.01,-22.55,0.0,,8,,20261007
EPC,Edgewell Personal Care Company,Consumer Defensive,Household & Personal Products,NYSE,26.87,608496,1238409216,0.9302,27.77,22.74,-0.9626,-0.87,12.56,17.57,11.2,0.0,47.0,3,29.95,15.73,-10.28,0.0,,8,,20261007
NX,Quanex Building Products Corporation,Industrials,Building Products & Equipment,NYSE,18.85,391203,863824064,0.9265,20.06,18.65,-1.3096,13.48,-12.51,12.62,4.04,0.0,55.0,3,23.33,11.04,-19.2,0.0,,8,,20261007
CPPTL,Copper Property CTL Pass Through Trust,Unknown,Unknown,PNK,10.32,29704,0,0.1373,10.56,10.57,-1.7633,-9.98,-17.44,-32.47,-21.58,0.0,32.75,4,12.29,10.05,-16.03,0.0,,8,,20261007
AMPH,"Amphastar Pharmaceuticals, Inc.",Healthcare,Drug Manufacturers - Specialty & Generic,NASDAQ,25.91,467309,1102158080,0.9016,22.74,22.35,3.5157,32.46,7.12,-20.82,2.28,0.0,87.5,2,29.52,16.65,-12.23,0.0,,8,,20261007
QDEL,QuidelOrtho Corporation,Healthcare,Medical Devices,NASDAQ,12.57,1478879,861993088,0.8055,13.43,17.81,-1.0699,-31.91,-34.87,-75.75,-50.48,0.0,11.25,4,35.58,9.92,-64.67,0.0,,8,,20261007
HDL,Super Hi International Holding Ltd.,Consumer Cyclical,Restaurants,NASDAQ,11.9,676,700149696,0.258,12.74,14.3,-3.262,-8.27,-35.27,-50.86,-34.76,0.0,3.75,4,18.51,10.68,-35.7,0.0,,8,,20261007
IMSR,Terrestrial Energy Inc.,Utilities,Utilities - Regulated Electric,NASDAQ,3.93,1590390,416325568,0.3009,4.95,6.76,-3.4061,-39.12,-52.73,-94.77,-66.14,0.0,2.5,4,31.5,3.66,-87.52,0.0,,8,,20261007
ANZLY,Air New Zealand Limited,Industrials,Airlines,PNK,1.02,658,659646656,0.0277,1.13,1.25,-4.0197,-16.85,-19.56,-55.1,-33.1,0.0,0.0,4,2.1,1.0,-51.43,0.0,,8,,20261007
EOI,Eaton Vance Enhanced Equity Income Fund,Financial Services,Asset Management,NYSE,19.97,67520,818804864,0.238,19.77,19.33,0.8499,-1.35,-10.48,-14.37,-9.75,0.0,83.75,2,21.1,18.04,-5.36,0.0,,8,,20261007
LBRX,LB Pharmaceuticals Inc,Healthcare,Biotechnology,NASDAQ,34.26,339610,1105199360,2.0571,43.85,31.05,-4.6624,-4.52,16.63,109.97,48.68,0.0,55.0,3,50.16,14.32,-31.7,0.0,,8,,20261007
PFLT,PennantPark Floating Rate Capital Ltd.,Financial Services,Asset Management,NYSE,6.73,938450,667736448,0.1412,7.12,7.68,-2.7698,-7.09,-32.65,-30.35,-25.34,0.0,31.25,4,9.75,6.72,-30.97,0.0,,8,,20261007
GGN,"GAMCO Global Gold, Natural Resources & Income Trust",Financial Services,Asset Management,NYSE,5.29,518667,826428992,0.0896,5.36,5.15,-0.8045,5.98,-17.57,-8.52,-8.06,0.0,69.5,3,5.88,4.63,-10.03,0.0,,8,,20261007
BTGO,"BitGo Holdings, Inc.",Financial Services,Capital Markets,NYSE,7.19,1609998,845153024,0.5419,6.59,7.19,1.1056,39.31,-29.02,-74.61,-30.17,0.0,85.0,3,24.5,4.65,-70.65,0.0,,8,,20261007
PSYTF,Pason Systems Inc.,Energy,Oil & Gas Equipment & Services,OQX,10.08,32096,781061312,0.1265,9.92,9.38,1.2441,11.06,-9.75,2.72,0.44,0.0,77.5,2,11.33,8.11,-11.03,0.0,,8,,20261007
UMAC,"Unusual Machines, Inc.",Technology,Computer Hardware,NYSE,22.36,3605338,1117027456,1.7828,24.44,18.78,-1.1666,3.66,51.26,18.83,26.39,0.0,60.0,3,34.93,7.25,-35.98,0.0,,8,,20261007
GSM,Ferroglobe PLC,Basic Materials,Other Industrial Metals & Mining,NCM,4.34,1512898,810974656,0.1824,4.11,4.26,1.2584,26.42,-10.55,-30.31,-9.21,0.0,86.25,3,5.74,3.08,-24.39,0.0,,8,,20261007
ATXRF,ATEX Resources Inc.,Basic Materials,Gold,OQX,1.57,96436,591040384,0.0775,1.79,2.22,-2.7812,-1.73,-51.4,-35.52,-32.63,0.0,5.0,4,3.47,1.5,-54.76,0.0,,8,,20261007
EIG,"Employers Holdings, Inc.",Financial Services,Insurance - Specialty,NYSE,48.9,175504,878268800,1.0412,49.0,44.73,-0.0946,-8.52,-1.04,0.78,-2.18,0.0,47.0,3,52.59,35.73,-7.02,0.0,,8,,20261007
BPMUF,Basilea Pharmaceutica AG,Healthcare,Biotechnology,PNK,76.25,6,944879232,0.1594,73.06,68.63,20.0325,21.72,-11.39,-5.13,-0.61,0.0,75.0,2,77.4,59.29,-1.49,0.0,,8,,20261007
ADAM,"Adamas Trust, Inc.",Real Estate,REIT - Mortgage,NASDAQ,7.72,984553,693871936,0.2217,8.97,8.03,-5.6205,-15.82,-7.91,8.08,-3.49,0.0,14.5,4,10.36,6.45,-25.48,0.0,,8,,20261007
ADAMH,"Adamas Trust, Inc.",Unknown,Unknown,NASDAQ,25.03,26606,0,0.0913,24.95,24.38,0.9088,-3.13,-14.39,-7.52,-8.82,0.0,82.5,2,25.99,24.49,-3.69,0.0,,8,,20261007
ADAMN,"Adamas Trust, Inc.",Real Estate,REIT - Mortgage,NASDAQ,23.96,7650,0,0.3612,24.06,22.38,-0.2682,-2.67,-5.66,1.82,-1.92,0.0,72.0,3,25.16,21.01,-4.77,0.0,,8,,20261007
ADAML,"Adamas Trust, Inc.",Real Estate,REIT - Mortgage,NASDAQ,24.33,13376,0,0.1993,24.44,23.17,-0.5511,-3.05,-9.83,0.39,-4.05,0.0,72.0,3,25.2,21.98,-3.45,0.0,,8,,20261007
ADAMM,"Adamas Trust, Inc.",Real Estate,REIT - Mortgage,NASDAQ,25.06,13458,0,0.1703,24.83,23.94,1.3316,-1.56,-10.55,-5.29,-6.2,0.0,86.25,2,25.8,23.78,-2.87,0.0,,8,,20261007
ADAMZ,"Adamas Trust, Inc.",Real Estate,REIT - Mortgage,NASDAQ,16.71,10360,0,0.2968,17.74,17.84,-3.4637,-14.15,-19.79,-25.27,-20.57,0.0,17.0,4,20.44,16.45,-18.25,0.0,,8,,20261007
FCBC,"First Community Bankshares, Inc.",Financial Services,Banks - Regional,NASDAQ,47.79,89734,903724608,0.9988,48.09,42.12,-0.3044,6.19,-3.91,31.15,12.64,0.0,73.25,3,50.17,31.21,-4.74,0.0,,8,,20261007
EFOR,"Everforth, Inc.",Technology,Information Technology Services,NYSE,35.97,838566,1474770048,1.8518,31.83,33.01,2.2338,97.75,-25.57,-43.71,-1.99,0.0,87.5,3,54.94,16.9,-34.53,0.0,,8,,20261007
MEGI,NYLI CBRE Global Infrastructure Megatrends Term Fund,Financial Services,Asset Management,NYSE,13.56,132934,705764608,0.2675,14.42,14.22,-3.2196,-14.05,-22.44,-16.81,-18.09,0.0,17.0,4,15.89,13.24,-14.66,0.0,,8,,20261007
BOZTY,Boozt AB (publ),Consumer Cyclical,Apparel Retail,PNK,15.12,0,881537984,0.001,15.12,12.53,0.0,-4.78,30.55,43.35,26.84,0.0,62.0,3,15.5,9.39,-2.45,0.0,,8,,20261007
EGBN,"Eagle Bancorp, Inc.",Financial Services,Banks - Regional,NCM,28.24,278801,860867392,0.6307,28.01,26.31,0.3612,3.09,-9.92,17.29,4.21,0.0,86.25,2,29.29,15.03,-3.58,0.0,,8,,20261007
DOMVF,Dogus Otomotiv Servis ve Ticaret A.S.,Consumer Cyclical,Auto & Truck Dealerships,PNK,4.54,0,998800000,0.0749,0.64,6.13,52.053,-147.29,-99.68,-99.83,-111.64,0.0,37.0,3,8.11,4.03,-44.02,0.0,,8,,20261007
MTUS,Metallus Inc.,Basic Materials,Steel,NYSE,20.92,363434,870853760,0.7308,19.97,18.95,1.3056,6.08,11.16,6.48,8.02,0.0,72.0,2,22.58,14.19,-7.35,0.0,,8,,20261007
ABSI,Absci Corporation,Healthcare,Biotechnology,NASDAQ,10.27,3426606,1762476032,0.8249,9.13,5.94,1.383,-12.26,232.93,186.17,152.93,0.0,61.25,2,12.05,2.24,-14.81,0.0,,8,,20261007
CCBG,"Capital City Bank Group, Inc.",Financial Services,Banks - Regional,NASDAQ,49.26,76327,843000960,0.9218,50.75,46.22,-1.6208,-1.87,-8.85,1.57,-2.94,0.0,45.75,3,53.6,38.27,-8.1,0.0,,8,,20261007
NAVI,Navient Corporation,Financial Services,Credit Services,NASDAQ,8.93,1216753,837489600,0.3319,9.13,8.97,-0.6135,7.64,-9.67,-45.64,-19.73,0.0,57.75,4,13.48,7.33,-33.75,0.0,,8,,20261007
WLKP,Westlake Chemical Partners LP,Basic Materials,Chemicals,NYSE,21.59,29960,760958528,0.3436,21.46,21.18,0.3819,-5.81,-18.29,-7.41,-10.82,0.0,61.25,2,23.88,17.75,-9.59,0.0,,8,,20261007
GO,Grocery Outlet Holding Corp.,Consumer Defensive,Grocery Stores,NASDAQ,11.41,2478684,1130554112,0.4982,11.08,9.3,0.672,6.65,44.45,-48.4,-2.14,0.0,83.75,2,16.37,5.66,-30.3,0.0,,8,,20261007
VLRS,"Controladora Vuela Compañía de Aviación, S.A.B. de C.V.",Industrials,Airlines,NYSE,6.5,466885,747183872,0.2654,7.08,7.98,-2.1922,-27.95,-24.03,-23.88,-24.95,0.0,6.25,4,10.8,5.79,-39.81,0.0,,8,,20261007
AGFMF,AGF Management Limited,Financial Services,Asset Management,PNK,10.64,22473,672979072,0.2779,14.71,13.61,-14.6315,-33.13,-44.11,-14.37,-29.47,0.0,3.75,4,17.03,9.51,-37.52,0.0,,8,,20261007
MRAM,"Everspin Technologies, Inc.",Technology,Semiconductors,NASDAQ,17.76,1101578,432456160,1.0782,16.68,16.42,1.0028,-2.65,71.98,38.25,39.83,0.0,61.25,2,51.5,7.35,-65.51,0.0,,8,,20261007
WRLD,World Acceptance Corporation,Financial Services,Credit Services,NASDAQ,176.96,92530,824706688,5.211,184.43,161.12,-1.434,-13.78,2.75,-16.9,-9.24,0.0,47.0,3,227.68,110.0,-22.28,0.0,,8,,20261007
SPRY,"ARS Pharmaceuticals, Inc.",Healthcare,Biotechnology,NASDAQ,4.3,1872441,427126336,0.2922,5.2,8.05,-3.1022,-51.75,-66.08,-76.02,-66.47,0.0,7.5,4,13.15,3.98,-67.34,0.0,,8,,20261007
GRCLF,GrainCorp Limited,Consumer Defensive,Farm Products,PNK,4.55,4393,1011572672,0.1428,4.33,4.14,1.5562,30.24,-19.49,-33.55,-12.68,0.0,76.25,2,6.15,3.2,-26.02,0.0,,8,,20261007
CGRIF,"Canadian General Investments, Limited",Unknown,Unknown,PNK,36.7,212,765602385,0.3684,37.65,36.46,-2.5868,-4.09,-10.34,-4.54,-6.46,0.0,63.25,3,39.45,31.5,-6.97,0.0,,8,,20261007
HTB,"HomeTrust Bancshares, Inc.",Financial Services,Banks - Regional,NYSE,46.47,193292,768321344,0.9712,47.92,45.66,-1.4967,-7.45,-11.4,-2.06,-6.68,0.0,49.5,3,52.5,38.3,-11.49,0.0,,8,,20261007
NB,NioCorp Developments Ltd.,Basic Materials,Other Industrial Metals & Mining,NASDAQ,3.52,3036987,513390688,0.1804,4.18,5.15,-3.6375,-29.4,-42.09,-73.34,-51.42,0.0,3.75,4,12.58,3.4,-72.02,0.0,,8,,20261007
UBSFF,Ubisoft Entertainment SA,Communication Services,Electronic Gaming & Multimedia,PNK,5.98,771,831196864,0.1025,6.02,5.84,-0.392,-16.19,11.79,-66.69,-26.6,0.0,40.75,3,11.36,4.5,-47.36,0.0,,8,,20261007
AURA,"Aura Biosciences, Inc.",Healthcare,Biotechnology,NASDAQ,6.17,750271,639858688,0.2998,7.1,6.64,-3.1155,-19.68,-25.72,-15.69,-20.2,0.0,19.5,4,9.54,4.73,-35.29,0.0,,8,,20261007
PSTL,"Postal Realty Trust, Inc.",Real Estate,REIT - Office,NYSE,22.69,316212,903072384,0.5506,23.2,20.96,-0.9353,-9.98,2.13,37.76,13.36,0.0,49.5,3,25.22,14.25,-10.03,0.0,,8,,20261007
ACGP,"Associated Capital Group, Inc.",Financial Services,Asset Management,OQX,31.35,4269,638072960,0.3935,33.35,36.84,-5.0832,-11.11,-39.36,-27.13,-27.41,0.0,2.5,4,41.14,31.35,-23.8,0.0,,8,,20261007
SSII,"SS Innovations International, Inc.",Healthcare,Medical Devices,NCM,2.76,64865,552000000,0.2023,3.42,4.16,-3.2871,-28.11,-61.04,-79.29,-60.11,0.0,8.75,4,10.0,2.62,-72.4,0.0,,8,,20261007
LAES,SEALSQ Corp,Technology,Semiconductors,NASDAQ,2.42,9029487,544331968,0.1069,2.45,3.16,-0.2937,-19.57,-4.63,-65.52,-32.72,0.0,23.25,4,8.71,1.99,-72.22,0.0,,8,,20261007
SSYS,Stratasys Ltd.,Technology,Computer Hardware,NASDAQ,8.56,654617,749744768,0.2942,8.18,8.89,1.3088,-2.63,-12.18,-44.14,-22.58,0.0,49.5,3,12.81,7.34,-33.18,0.0,,8,,20261007
PSGTF,PT Semen Indonesia (Persero) Tbk,Basic Materials,Building Materials,PNK,0.07,0,483973280,0.0,0.07,0.12,0.0,-4.78,-75.03,-76.5,-58.06,0.0,37.0,3,0.17,0.07,-58.82,0.0,,8,,20261007
VOR,Vor Biopharma Inc.,Healthcare,Biotechnology,NASDAQ,18.31,1025765,992143360,1.2576,21.93,16.8,-2.8809,-14.63,-10.12,-68.8,-34.72,0.0,56.25,3,34.63,6.5,-47.13,0.0,,8,,20261007
KOP,Koppers Holdings Inc.,Basic Materials,Specialty Chemicals,NYSE,46.03,177025,870499456,1.4098,46.99,40.09,-0.6778,-7.48,7.26,54.38,22.42,0.0,48.25,3,53.0,25.0,-13.15,0.0,,8,,20261007
ANZFF,Air New Zealand Limited,Industrials,Airlines,PNK,0.18,4168,577837568,0.0072,0.24,0.27,-8.0928,-30.32,-52.08,-65.12,-51.85,0.0,1.25,4,0.38,0.18,-53.11,0.0,,8,,20261007
SPFI,"South Plains Financial, Inc.",Financial Services,Banks - Regional,NASDAQ,42.76,127639,805560064,0.8956,44.18,42.05,-1.59,-1.28,-17.98,-5.87,-8.96,0.0,70.75,3,46.94,35.34,-8.9,0.0,,8,,20261007
NBPVF,Neuberger Private Equity Partners Limited,Unknown,Unknown,PNK,19.5,717,951611700,0.1111,19.93,19.78,-3.8855,-5.39,-10.39,-18.94,-12.56,0.0,25.25,4,22.0,17.55,-11.36,0.0,,8,,20261007
KRO,"Kronos Worldwide, Inc.",Basic Materials,Specialty Chemicals,NYSE,7.86,421179,904666496,0.3523,7.96,6.56,-0.2972,29.66,5.04,24.45,18.96,0.0,69.5,3,9.17,4.08,-14.29,0.0,,8,,20261007
WHTCF,WELL Health Technologies Corp.,Healthcare,Medical Care Facilities,OQX,3.12,40774,798554688,0.0726,3.05,3.01,0.9099,-0.01,-5.29,-37.68,-16.92,0.0,88.75,2,4.31,2.44,-27.61,0.0,,8,,20261007
TIGR,UP Fintech Holding Limited,Financial Services,Capital Markets,NASDAQ,4.52,2155363,812900992,0.184,4.83,6.33,-1.6594,-7.37,-46.81,-73.32,-47.55,0.0,7.5,4,11.35,4.0,-60.18,0.0,,8,,20261007
BVS,Bioventus Inc.,Healthcare,Medical Devices,NASDAQ,13.1,632652,894797440,0.4981,13.71,10.34,-1.2186,3.4,29.41,68.93,38.72,0.0,74.5,3,15.89,6.37,-17.57,0.0,,8,,20261007
BBSI,"Barrett Business Services, Inc.",Industrials,Staffing & Employment Services,NASDAQ,31.28,233789,758076416,1.0564,33.71,33.25,-2.3029,-20.92,-11.45,-47.27,-28.15,0.0,23.25,4,45.53,25.33,-31.3,0.0,,8,,20261007
SUPV,Grupo Supervielle S.A.,Financial Services,Banks - Regional,NYSE,7.44,553009,703141056,0.3635,8.29,9.48,-2.343,-26.95,-37.65,32.63,-6.86,0.0,8.75,4,13.55,4.74,-45.09,0.0,,8,,20261007
GSBC,"Great Southern Bancorp, Inc.",Financial Services,Banks - Regional,NASDAQ,79.2,100166,863082496,1.4638,79.17,69.94,0.0186,-0.79,3.99,14.92,7.16,0.0,85.0,2,82.91,53.76,-4.47,0.0,,8,,20261007
CADNF,Cascades Inc.,Consumer Cyclical,Packaging & Containers,PNK,12.58,47579,1292092032,0.1499,12.0,9.29,3.8647,49.32,39.72,67.73,53.33,0.0,82.5,2,13.2,6.82,-4.7,0.0,,8,,20261007
NXDR,"Nextdoor Holdings, Inc.",Communication Services,Internet Content & Information,NYSE,2.42,2284569,922958272,0.105,2.4,2.02,0.179,2.3,49.27,-0.2,17.74,0.0,88.75,2,3.72,1.33,-34.95,0.0,,8,,20261007
MARIF,Marimaca Copper Corp.,Basic Materials,Copper,OQX,5.93,24821,801480576,0.1836,5.9,6.49,0.1645,6.27,-19.95,-46.66,-24.08,0.0,74.5,3,9.87,4.89,-39.92,0.0,,8,,20261007
HZO,"MarineMax, Inc.",Consumer Cyclical,Specialty Retail,NYSE,52.39,713045,1157124096,0.2654,49.19,34.94,12.0662,44.06,72.0,68.5,63.62,0.0,85.0,2,52.56,21.42,-0.32,0.0,,8,,20261007
HBIA,Hills Bancorporation,Financial Services,Banks - Regional,OID,46.75,289,815167616,0.1208,46.73,43.91,0.2053,0.16,-6.94,-0.43,-2.56,0.0,75.0,2,49.74,38.77,-6.01,0.0,,8,,20261007
LMRI,"Lumexa Imaging Holdings, Inc.",Healthcare,Medical Devices,NASDAQ,10.71,434363,1028963008,0.5275,11.26,11.68,-1.0471,-16.7,-0.05,-56.44,-26.77,0.0,31.5,4,19.45,6.45,-44.94,0.0,,8,,20261007
ASC,Ardmore Shipping Corporation,Industrials,Marine Shipping,NYSE,18.82,601190,767905216,0.6447,17.54,15.03,1.99,18.43,13.34,50.28,29.39,0.0,86.25,2,20.03,10.31,-6.04,0.0,,8,,20261007
IBTA,"Ibotta, Inc.",Technology,Software - Application,NYSE,40.96,230311,951337984,1.7982,37.59,30.65,1.8758,26.54,8.98,19.22,17.47,0.0,85.0,2,43.43,19.1,-5.69,0.0,,8,,20261007
CWH,"Camping World Holdings, Inc.",Consumer Cyclical,Auto & Truck Dealerships,NYSE,4.53,2101937,289140640,0.3697,6.05,7.92,-4.1013,-33.55,-47.67,-89.75,-60.97,0.0,7.5,4,17.15,3.96,-73.59,0.0,,8,,20261007
THQ,Abrdn Healthcare Opportunities Fund,Financial Services,Asset Management,NYSE,17.53,155911,726398976,0.3193,18.93,17.91,-4.3819,-9.28,-10.66,-9.45,-9.83,0.0,43.25,3,20.39,16.28,-14.03,0.0,,8,,20261007
APOG,"Apogee Enterprises, Inc.",Industrials,Building Products & Equipment,NASDAQ,40.0,234692,834731776,1.5258,39.46,37.68,0.3536,0.11,2.37,-25.03,-9.16,0.0,56.25,3,50.88,30.75,-21.38,0.0,,8,,20261007
CRESY,"Cresud Sociedad Anónima, Comercial, Inmobiliaria, Financiera y Agropecuaria",Industrials,Conglomerates,NASDAQ,12.13,261756,860322688,0.4672,11.57,11.69,1.1926,10.31,-19.68,21.12,4.13,0.0,85.0,3,14.21,8.69,-14.64,0.0,,8,,20261007
FFC,Flaherty & Crumrine Preferred Securities Income Fund Inc.,Financial Services,Asset Management,NYSE,14.85,107864,715441792,0.1985,15.61,15.58,-3.8485,-11.57,-20.31,-21.93,-18.77,0.0,29.0,4,17.0,14.68,-12.65,0.0,,8,,20261007
NXRT,"NexPoint Residential Trust, Inc.",Real Estate,REIT - Residential,NYSE,20.18,509512,1041364672,0.8085,22.7,25.85,-3.1116,-29.87,-33.05,-48.51,-38.44,0.0,8.75,4,32.36,18.14,-37.64,0.0,,8,,20261007
IPZYF,IP Group Plc,Financial Services,Asset Management,PNK,0.91,0,799855360,0.0,0.91,0.85,0.0,-3.88,-5.78,16.49,3.6,0.0,75.0,3,0.91,0.68,-0.0,0.0,,8,,20261007
SMBC,"Southern Missouri Bancorp, Inc.",Financial Services,Banks - Regional,NASDAQ,71.61,91476,788660928,1.2605,74.3,68.33,-2.1316,-8.44,-9.41,23.48,3.99,0.0,47.0,3,79.86,47.6,-10.33,0.0,,8,,20261007
PGC,Peapack-Gladstone Financial Corporation,Financial Services,Banks - Regional,NASDAQ,44.18,175865,783220928,0.9679,45.43,39.8,-1.2885,-6.63,0.76,42.95,15.79,0.0,48.25,3,49.14,24.71,-10.09,0.0,,8,,20261007
TMCR,The Metals Royalty Company Inc.,Basic Materials,Other Industrial Metals & Mining,NCM,3.15,88006,212354176,0.6054,5.46,3.15,-3.8111,-50.56,-93.33,-93.33,-82.64,0.0,30.0,3,21.38,3.05,-85.27,0.0,,8,,20261007
TXO,"TXO Partners, L.P.",Energy,Oil & Gas E&P,NYSE,13.96,164939,774031872,0.3952,14.11,12.28,-0.3855,4.8,-3.44,-8.72,-3.49,0.0,73.25,3,15.58,10.12,-10.39,0.0,,8,,20261007
WOOF,"Petco Health and Wellness Company, Inc.",Consumer Cyclical,Specialty Retail,NASDAQ,2.22,2068592,635851008,0.097,2.59,2.72,-3.8134,-19.06,-35.95,-59.71,-41.23,0.0,3.75,4,3.88,2.14,-42.78,0.0,,8,,20261007
PHIG,"PHI Group, Inc.",Industrials,Airports & Air Services,PNK,31.25,3951,759690112,0.2343,31.07,30.4,0.7687,0.28,-19.91,-5.02,-8.91,0.0,76.25,2,32.5,25.0,-3.85,0.0,,8,,20261007
ARREF,Amerigo Resources Ltd.,Basic Materials,Copper,OQX,6.18,174993,997710080,0.2958,5.71,4.44,1.5957,37.43,60.65,226.37,121.13,0.0,85.0,2,6.46,1.86,-4.33,0.0,,8,,20261007
VTS,"Vitesse Energy, Inc.",Energy,Oil & Gas E&P,NYSE,16.96,490979,714089152,0.4623,16.61,17.32,0.752,3.79,-23.86,-37.76,-22.51,0.0,74.5,3,23.49,15.0,-27.8,0.0,,8,,20261007
GFR,Greenfire Resources Ltd.,Energy,Oil & Gas E&P,NYSE,6.21,796025,1492969088,0.2878,6.27,5.92,-0.2182,3.41,-19.9,13.34,-0.78,0.0,74.5,3,7.16,4.15,-13.27,0.0,,8,,20261007
MCDIF,Mcdermott International Ltd.,Industrials,Engineering & Construction,PNK,4.36,46589,733590016,0.1042,4.39,18.95,-0.2994,-86.71,-101.35,-94.11,-94.79,0.0,13.25,4,28.75,4.0,-84.83,0.0,,8,,20261007
GRNCY,GrainCorp Limited,Consumer Defensive,Farm Products,PNK,7.24,20,804811584,0.0009,7.21,7.24,30.7115,-2.63,-34.08,-36.89,-27.34,0.0,75.0,3,10.49,7.1,-30.98,0.0,,8,,20261007
ENPSF,Enplas Corporation,Technology,Electronic Components,PNK,63.25,115,571255808,2.4572,23.6,19.47,16.1362,143.81,116.92,1309.07,600.5,0.0,75.0,2,110.0,29.71,-42.5,0.0,,8,,20261007
MPZAF,Mips AB (publ),Consumer Cyclical,Leisure,PNK,37.63,10,997119232,0.3706,28.79,34.2,23.8519,35.49,-28.8,-27.65,-12.27,0.0,76.25,3,44.6,25.0,-15.63,0.0,,8,,20261007
NMFCZ,New Mountain Finance Corporation 8.250% Notes due 2028,Unknown,Unknown,NASDAQ,25.39,9061,0,0.0997,25.23,24.65,1.5575,-3.24,-14.47,-9.06,-9.5,0.0,87.5,2,25.68,25.0,-1.13,0.0,,8,,20261007
NMFC,New Mountain Finance Corporation,Financial Services,Asset Management,NASDAQ,6.84,527671,646054400,0.1494,7.13,7.38,-1.9452,-4.14,-27.84,-33.11,-24.02,0.0,56.5,4,9.84,6.73,-30.49,0.0,,8,,20261007
CLRPF,Clarity Pharmaceuticals Ltd,Healthcare,Biotechnology,PNK,1.5,4736,559621824,0.0737,1.68,1.99,-2.4285,-13.54,-50.6,-72.63,-50.15,0.0,2.5,4,3.6,1.23,-58.33,0.0,,8,,20261007
VCVOF,VinaCapital Vietnam Opportunity Fund Limited,Unknown,Unknown,PNK,5.59,4113,1084784249,0.0443,5.92,6.12,-7.3549,-12.99,-32.78,-29.78,-26.63,0.0,13.25,4,6.73,5.24,-16.94,0.0,,8,,20261007
SAFLY,Safilo Group S.p.A.,Healthcare,Medical Instruments & Supplies,PNK,4.75,15,922621440,0.0035,4.59,4.12,45.8683,22.45,1.31,23.09,15.31,0.0,75.0,2,4.75,3.39,0.0,0.0,,8,,20261007
SYBJF,Security Bank Corporation,Financial Services,Banks - Regional,PNK,0.99,0,762322816,0.0,0.99,0.42,0.0,-3.88,-405.8,2495.47,855.19,0.0,62.0,3,1.38,0.97,-28.26,0.0,,8,,20261007
SNTNF,Santana Minerals Limited,Basic Materials,Other Precious Metals & Mining,PNK,0.37,3,361675552,0.0004,0.37,0.26,0.0,-55.37,3550.82,3551.97,2649.73,0.0,50.0,3,0.76,0.01,-51.48,0.0,,8,,20261007
ANRO,"Alto Neuroscience, Inc.",Healthcare,Biotechnology,NYSE,23.69,548034,929645440,1.8425,30.76,23.78,-3.8366,-13.98,-7.82,226.16,84.23,0.0,42.0,3,37.48,5.22,-36.79,0.0,,8,,20261007
CXOXF,Core Lithium Ltd,Basic Materials,Other Industrial Metals & Mining,PNK,0.23,15736,744464384,0.0164,0.23,0.2,-0.0322,13.22,15.44,202.59,89.74,0.0,67.0,3,0.3,0.06,-23.33,0.0,,8,,20261007
HLFFF,HelloFresh SE,Consumer Defensive,Grocery Stores,PNK,2.89,1557,418492064,0.0498,3.42,4.84,-10.7905,-45.62,-54.63,-83.81,-64.05,0.0,1.25,4,9.2,2.89,-68.62,0.0,,8,,20261007
SCZM,Santacruz Silver Mining Ltd.,Basic Materials,Other Industrial Metals & Mining,NCM,8.96,484019,833192960,0.5771,8.89,8.99,0.1161,38.81,-4.79,2.17,8.9,0.0,72.0,3,17.64,4.68,-49.22,0.0,,8,,20261007
CGBD,"Carlyle Secured Lending, Inc.",Financial Services,Asset Management,NASDAQ,10.5,527452,722448128,0.2373,10.82,10.61,-1.353,-0.53,-16.66,-21.74,-14.66,0.0,57.75,4,13.28,9.95,-20.93,0.0,,8,,20261007
KFRC,Kforce Inc.,Industrials,Staffing & Employment Services,NYSE,50.68,257040,907628096,1.79,54.87,41.52,-2.34,-8.23,55.11,58.25,40.53,0.0,37.5,3,61.68,24.49,-17.83,0.0,,8,,20261007
JSVGF,Johnson Service Group PLC,Unknown,Unknown,PNK,1.8,2075,642941120,0.0052,1.9,1.67,-19.5398,-11.58,-10.27,38.79,9.03,0.0,25.0,3,2.05,1.18,-12.2,0.0,,8,,20261007
BRSP,"BrightSpire Capital, Inc.",Real Estate,REIT - Mortgage,NYSE,3.79,1480841,479526624,0.1117,4.43,5.06,-5.6892,-30.73,-46.19,-37.81,-38.97,0.0,6.25,4,6.17,3.73,-38.52,0.0,,8,,20261007
RLMD,"Relmada Therapeutics, Inc.",Healthcare,Biotechnology,NCM,3.28,1340709,349877088,0.2184,4.46,5.45,-5.3813,-53.61,-70.19,23.7,-28.49,0.0,5.0,4,8.0,1.8,-59.0,0.0,,8,,20261007
BIOA,"BioAge Labs, Inc.",Healthcare,Drug Manufacturers - Specialty & Generic,NASDAQ,6.29,874341,288691552,0.5471,9.95,16.64,-6.6974,-78.16,-83.06,-5.55,-50.83,0.0,5.0,4,25.95,5.04,-75.77,0.0,,8,,20261007
CGNT,Cognyte Software Ltd.,Technology,Software - Infrastructure,NASDAQ,8.83,566266,652053440,0.2882,8.72,8.86,0.374,-6.78,-18.56,-13.05,-13.41,0.0,53.25,3,12.31,6.29,-28.27,0.0,,8,,20261007
MRVSY,Minerva S.A.,Consumer Defensive,Packaged Foods,OID,3.4,3711,842959808,0.1487,3.04,3.42,2.3976,11.1,-4.65,-46.34,-17.39,0.0,68.25,3,5.39,2.45,-36.92,0.0,,8,,20261007
ANPMF,Andean Precious Metals Corp.,Basic Materials,Silver,OQX,4.18,75018,622856768,0.247,4.73,5.37,-2.2389,3.61,-34.0,-48.37,-30.34,0.0,32.5,4,9.15,3.61,-54.32,0.0,,8,,20261007
VLSOF,Velesto Energy Berhad,Energy,Oil & Gas Drilling,PNK,0.05,3812,433075840,0.0048,0.05,0.05,0.0,-49.42,-49.42,-49.42,-49.42,0.0,62.0,3,0.1,0.05,-47.34,0.0,,8,,20261007
EH,EHang Holdings Limited,Industrials,Aerospace & Defense,NASDAQ,4.1,728800,310965984,0.2007,4.9,8.97,-4.0018,-31.96,-80.64,-96.2,-74.69,0.0,7.5,4,19.04,4.01,-78.47,0.0,,8,,20261007
HELFY,HelloFresh SE,Consumer Defensive,Grocery Stores,PNK,0.61,21919,353696096,0.0245,0.79,1.17,-7.1887,-47.23,-62.3,-87.85,-68.75,0.0,6.25,4,2.24,0.59,-72.77,0.0,,8,,20261007
TLOFF,Talon Metals Corp.,Basic Materials,Other Industrial Metals & Mining,OID,6.46,312144,1053381952,0.3729,5.75,5.07,1.8927,76.17,24.14,110.59,71.73,0.0,82.5,2,8.17,2.59,-20.93,0.0,,8,,20261007
NIE,Virtus Equity & Convertible Income Fund,Financial Services,Asset Management,NYSE,25.28,63512,700482624,0.4264,25.42,24.63,-0.3243,-6.69,-6.92,-6.3,-6.61,0.0,47.0,3,27.24,22.78,-7.2,0.0,,8,,20261007
AUCTF,Aucnet Inc.,Consumer Cyclical,Internet Retail,PNK,7.64,0,693105664,0.0099,7.64,-2.94,0.0,-3.88,-197.05,-84.72,-103.83,0.0,62.0,3,7.76,4.48,-1.55,0.0,,8,,20261007
SRRTF,Slate Grocery REIT,Real Estate,REIT - Retail,PNK,12.48,90490,739605824,0.5982,11.45,11.38,1.7151,-2.91,-3.72,6.79,0.69,0.0,65.0,2,13.51,6.6,-7.62,0.0,,8,,20261007
MCEM,The Monarch Cement Company,Basic Materials,Building Materials,OQX,267.97,468,994289856,7.7719,265.9,260.67,0.2658,-8.34,-8.05,1.12,-4.45,0.0,61.25,2,299.75,207.0,-10.6,0.0,,8,,20261007
IVR,Invesco Mortgage Capital Inc.,Real Estate,REIT - Mortgage,NYSE,5.72,2948270,623480000,0.1644,6.82,7.32,-6.7103,-27.41,-40.36,-25.21,-31.06,0.0,2.5,4,9.5,5.65,-39.79,0.0,,8,,20261007
FECCF,Frontera Energy Corporation,Energy,Oil & Gas E&P,OQX,5.81,17957,414351616,0.1578,6.11,5.0,-1.8959,-12.66,-4.03,187.41,70.39,0.0,48.25,3,11.87,3.55,-51.01,0.0,,8,,20261007
GRNT,"Granite Ridge Resources, Inc.",Energy,Oil & Gas E&P,NYSE,4.61,1150842,608060096,0.1627,4.83,4.82,-1.3216,-3.21,-38.85,-25.5,-24.6,0.0,59.0,4,6.14,4.18,-24.98,0.0,,8,,20261007
PEO,"Adams Natural Resources Fund, Inc.",Financial Services,Asset Management,NYSE,28.23,57500,791238144,0.5304,28.05,25.47,0.3458,8.18,-9.7,24.07,8.28,0.0,86.25,2,29.75,20.75,-5.11,0.0,,8,,20261007
BTO,John Hancock Financial Opportunities Fund,Financial Services,Asset Management,NYSE,36.31,41678,720138432,0.7957,38.64,36.41,-2.927,-8.96,-18.4,-6.96,-11.47,0.0,20.75,4,42.0,32.01,-13.55,0.0,,8,,20261007
GROY,Gold Royalty Corp.,Basic Materials,Gold,NYSE,2.97,1995501,688091776,0.1173,3.15,3.53,-1.541,9.45,-35.82,-40.13,-26.23,0.0,33.75,4,5.46,2.45,-45.55,0.0,,8,,20261007
GDOT,Green Dot Corporation,Financial Services,Credit Services,NYSE,12.4,362151,706616192,0.2547,13.14,12.56,-2.9042,-11.05,-7.07,-22.8,-14.36,0.0,18.25,4,13.75,10.1,-9.82,0.0,,8,,20261007
CBRL,"Cracker Barrel Old Country Store, Inc.",Consumer Cyclical,Restaurants,NASDAQ,56.32,939339,1258888832,2.5852,53.93,39.13,0.9257,11.72,82.05,13.19,36.92,0.0,58.75,2,60.26,24.85,-6.54,0.0,,8,,20261007
MITK,"Mitek Systems, Inc.",Technology,Software - Application,NCM,17.47,671900,788287872,0.7739,17.82,15.19,-0.4582,-10.19,9.11,62.43,25.61,0.0,48.25,3,21.05,8.53,-17.01,0.0,,8,,20261007
NOAH,Noah Holdings Limited,Financial Services,Asset Management,NYSE,7.76,106471,532691104,0.1972,8.34,9.06,-2.9571,-17.28,-28.92,-42.69,-31.52,0.0,7.5,4,12.45,7.64,-37.67,0.0,,8,,20261007
FTK,"Flotek Industries, Inc.",Energy,Oil & Gas Equipment & Services,NYSE,29.97,543028,1085526144,1.8345,28.28,21.34,0.9187,25.02,79.43,70.58,62.29,0.0,86.25,2,39.67,13.19,-24.45,0.0,,8,,20261007
CHXMF,Troilus Mining Corp.,Basic Materials,Other Industrial Metals & Mining,OQX,1.31,237482,739931968,0.0826,1.47,1.34,-1.8977,9.13,-4.87,29.02,12.19,0.0,43.25,3,1.83,0.88,-28.42,0.0,,8,,20261007
MAMTF,MCAN Mortgage Corporation,Financial Services,Mortgage Finance,PNK,14.5,853,593258560,0.134,16.53,16.61,-15.1489,-24.99,-27.04,-19.94,-23.69,0.0,0.0,4,18.64,14.5,-22.21,0.0,,8,,20261007
QNC,Quantum eMotion Corp.,Technology,Software - Infrastructure,NYSE,1.63,891923,357654048,0.1781,1.97,1.63,-1.9128,-46.98,-44.01,-71.22,-55.64,0.0,32.5,3,4.44,1.46,-63.29,0.0,,8,,20261007
ORRF,"Orrstown Financial Services, Inc.",Financial Services,Banks - Regional,NCM,41.33,104426,812945664,0.8907,42.24,38.25,-1.0214,0.2,-6.05,8.7,1.42,0.0,72.0,3,43.81,31.87,-5.66,0.0,,8,,20261007
GRPN,"Groupon, Inc.",Communication Services,Internet Content & Information,NASDAQ,18.84,1305792,766134208,1.1097,21.14,17.64,-2.0759,-30.98,37.83,-35.62,-8.75,0.0,37.5,3,29.9,9.17,-36.99,0.0,,8,,20261007
ADSE,ADS-TEC Energy PLC,Industrials,Electrical Equipment & Parts,NCM,9.86,18692,741333760,0.5587,11.45,11.56,-2.8432,-22.89,-33.78,-31.79,-30.26,0.0,15.0,4,13.5,9.18,-26.96,0.0,,8,,20261007
COVCF,COVER Corporation,Technology,Software - Application,PNK,9.5,157,605817984,0.1172,10.1,9.86,-5.099,-7.14,-7.9,-41.0,-20.95,0.0,37.0,3,13.3,7.3,-28.57,0.0,,8,,20261007
NNCSF,Nanosonics Limited,Healthcare,Medical Instruments & Supplies,PNK,2.04,711,609105344,0.008,2.08,2.4,-5.8456,-24.94,-25.81,-46.24,-33.76,0.0,12.0,4,3.06,1.93,-33.41,0.0,,8,,20261007
MPZAY,Mips AB (publ),Consumer Cyclical,Leisure,PNK,19.81,113,1049850176,0.0901,20.48,15.8,-7.4006,57.88,21.46,22.62,31.03,0.0,62.0,3,24.22,12.0,-18.21,0.0,,8,,20261007
COHTF,Cohort plc,Industrials,Aerospace & Defense,PNK,16.47,0,757199360,0.0018,16.42,14.43,23.8354,-3.14,9.8,-33.51,-10.76,0.0,75.0,2,19.95,12.31,-17.47,0.0,,8,,20261007
TOTZF,Total Energy Services Inc.,Energy,Oil & Gas Equipment & Services,PNK,24.48,20701,891072000,0.757,22.25,16.75,2.9471,46.01,35.4,122.22,72.78,0.0,88.75,2,26.74,9.3,-8.45,0.0,,8,,20261007
NUFMF,Nufarm Limited,Basic Materials,Agricultural Inputs,OQX,2.1,551,806940864,0.0252,2.11,1.78,-0.2861,4.6,24.07,22.32,18.5,0.0,63.25,3,2.55,0.99,-17.65,0.0,,8,,20261007
RDVT,"Red Violet, Inc.",Technology,Software - Application,NCM,78.02,229004,1251984896,2.7158,73.06,54.79,1.8277,13.13,90.78,33.94,48.63,0.0,88.75,2,81.8,33.4,-4.62,0.0,,8,,20261007
TMQ,Trilogy Metals Inc.,Basic Materials,Other Industrial Metals & Mining,NYSE,2.97,1321358,538642816,0.1619,3.42,4.01,-2.7602,-10.19,-40.62,25.11,-6.72,0.0,17.0,4,11.29,2.81,-73.69,0.0,,8,,20261007
SXC,"SunCoke Energy, Inc.",Basic Materials,Coking Coal,NYSE,10.04,1334981,852143488,0.3544,9.6,7.88,1.2478,20.16,42.33,8.95,23.43,0.0,87.5,2,10.68,5.52,-5.99,0.0,,8,,20261007
NKLR,Terra Innovatum Global N.V.,Utilities,Utilities - Regulated Electric,NASDAQ,3.6,437958,397803264,0.3236,5.0,5.15,-4.3312,-28.51,-34.67,-88.03,-54.48,0.0,3.75,4,21.91,3.28,-83.57,0.0,,8,,20261007
VTXPF,Victrex plc,Basic Materials,Specialty Chemicals,PNK,10.94,11,953926528,0.0114,10.4,8.74,47.8216,16.13,25.58,3.27,14.29,0.0,75.0,2,10.99,7.74,-0.44,0.0,,8,,20261007
CBLL,"CeriBell, Inc.",Healthcare,Medical Devices,NASDAQ,24.34,370084,934122944,0.9135,22.9,20.39,1.5722,20.68,17.42,74.89,41.22,0.0,85.0,2,25.63,10.85,-5.02,0.0,,8,,20261007
SMBK,"SmartFinancial, Inc.",Financial Services,Banks - Regional,NYSE,51.25,122082,876296704,1.1146,51.44,43.99,-0.1697,6.73,7.82,29.52,16.23,0.0,74.5,3,54.14,33.01,-5.34,0.0,,8,,20261007
NLLSY,Nel ASA,Industrials,Specialty Industrial Machinery,PNK,6.4,58,392115168,0.0854,6.91,7.57,-5.9546,-21.34,-21.89,-25.59,-23.23,0.0,0.0,4,11.62,6.0,-44.92,0.0,,8,,20261007
RVI,Robinhood Ventures Fund I,Financial Services,Asset Management,NYSE,27.03,216974,736492288,0.9375,27.46,27.03,-0.458,-16.79,-13.28,11.94,-4.07,0.0,52.0,3,77.39,21.0,-65.07,0.0,,8,,20261007
MAKO,Mako Mining Corp.,Basic Materials,Gold,NCM,9.09,176837,796337728,0.3974,9.64,7.87,-1.377,16.91,21.93,39.59,27.74,0.0,58.75,3,11.1,4.96,-18.11,0.0,,8,,20261007
IGR,CBRE Global Real Estate Income Fund,Financial Services,Asset Management,NYSE,11.47,244410,580227456,0.1661,,,,168.6,200.61,228.34,203.7,0.0,17.0,3,15.48,11.42,-25.9,0.0,,8,,20261007
RMT,"Royce Micro-Cap Trust, Inc.",Financial Services,Asset Management,NYSE,13.63,107439,738630208,0.2312,13.68,12.55,-0.2082,-4.67,1.79,23.08,8.69,0.0,48.25,3,14.78,9.52,-7.78,0.0,,8,,20261007
JBI,"Janus International Group, Inc.",Industrials,Building Products & Equipment,NYSE,4.32,1772257,589402624,0.1874,4.82,5.59,-2.6923,-20.57,-32.9,-74.52,-46.46,0.0,7.5,4,10.32,4.01,-58.14,0.0,,8,,20261007
LPKFF,LPKF Laser & Electronics SE,Industrials,Specialty Industrial Machinery,PNK,18.4,26676,450736448,1.0662,16.2,15.48,2.0639,-11.52,139.64,112.04,90.81,0.0,57.5,2,33.69,6.19,-45.38,0.0,,8,,20261007
RTWFF,RTW Biotech Opportunities Ltd,Unknown,Unknown,PNK,2.35,355,0,0.0091,2.45,2.24,-11.3524,-8.67,2.72,25.31,8.91,0.0,37.0,3,2.68,1.56,-12.5,0.0,,8,,20261007
DSP,Viant Technology Inc.,Technology,Software - Application,NASDAQ,11.93,359488,793629120,0.7178,12.51,11.63,-0.8146,-11.06,-9.73,19.61,1.67,0.0,60.25,3,14.8,8.11,-19.39,0.0,,8,,20261007
RA,Brookfield Real Assets Income Fund Inc.,Financial Services,Asset Management,NYSE,11.6,196515,640954496,0.1276,12.25,12.28,-5.1315,-12.53,-24.1,-21.8,-20.29,0.0,20.75,4,13.59,11.41,-14.64,0.0,,8,,20261007
FWRG,"First Watch Restaurant Group, Inc.",Consumer Cyclical,Restaurants,NASDAQ,10.61,1139698,654768896,0.4896,11.74,12.81,-2.3041,-19.28,-21.53,-52.42,-33.33,0.0,7.5,4,18.82,9.88,-43.63,0.0,,8,,20261007
TBLD,Thornburg Income Builder Opportunities Trust,Financial Services,Asset Management,NASDAQ,20.24,60688,649176960,0.3465,21.48,21.13,-3.6072,-10.67,-21.39,-11.37,-14.7,0.0,17.0,4,23.02,19.48,-12.1,0.0,,8,,20261007
SLRC,SLR Investment Corp.,Financial Services,Asset Management,NASDAQ,11.43,372395,623559488,0.1961,12.2,13.14,-3.9078,-12.89,-36.78,-32.76,-29.2,0.0,5.0,4,16.36,11.42,-30.13,0.0,,8,,20261007
FDUS,Fidus Investment Corporation,Financial Services,Asset Management,NASDAQ,18.88,327964,750868992,0.3102,19.28,18.03,-1.2763,-5.56,-6.3,-13.72,-9.08,0.0,45.75,3,21.15,16.87,-10.73,0.0,,8,,20261007
QNST,"QuinStreet, Inc.",Communication Services,Advertising Agencies,NASDAQ,15.02,976078,859495360,0.7093,17.79,14.34,-3.9017,-12.86,4.43,-19.31,-9.39,0.0,38.75,3,22.29,10.29,-32.62,0.0,,8,,20261007
CAZGF,Catapult Sports Ltd,Technology,Scientific & Technical Instruments,PNK,2.11,4266,666708288,0.0536,2.36,2.46,-4.6937,2.28,-28.78,-67.27,-36.41,0.0,2.5,4,4.67,1.85,-54.86,0.0,,8,,20261007
CYRX,"Cryoport, Inc.",Industrials,Integrated Freight & Logistics,NCM,17.8,619503,901553920,0.6289,16.15,12.63,2.6257,11.87,74.49,66.21,55.52,0.0,91.25,2,18.36,7.61,-3.05,0.0,,8,,20261007
NLLSF,Nel ASA,Industrials,Specialty Industrial Machinery,PNK,0.19,3338,312466784,0.0231,0.19,0.24,0.1219,-22.17,-32.81,-36.13,-31.48,0.0,27.5,3,0.43,0.05,-55.4,0.0,,8,,20261007
ALRS,Alerus Financial Corporation,Financial Services,Banks - Regional,NCM,32.36,186984,806654784,0.7458,32.8,27.64,-0.5838,2.61,15.94,34.11,19.88,0.0,73.25,3,34.4,20.31,-5.93,0.0,,8,,20261007
PIAGF,Piaggio & C. SpA,Consumer Cyclical,Auto Manufacturers,PNK,2.25,3760,791488768,0.0165,2.19,2.0,3.6945,15.4,10.08,-17.7,0.3,0.0,75.0,2,2.5,1.8,-10.0,0.0,,8,,20261007
RSKD,Riskified Ltd.,Technology,Software - Application,NYSE,7.79,1691465,1028573952,0.3196,6.34,5.07,4.5498,45.32,71.68,47.02,55.23,0.0,87.5,2,8.17,3.7,-4.65,0.0,,8,,20261007
ALPIB,Alpine Banks of Colorado,Financial Services,Banks - Regional,OQX,48.8,3163,654409600,0.2658,49.61,46.78,-3.0299,-2.61,-17.0,40.24,9.49,0.0,70.75,3,50.87,32.29,-4.06,0.0,,8,,20261007
DC,Dakota Gold Corp.,Basic Materials,Gold,NYSE,5.88,1388974,788937216,0.3012,5.93,5.62,-0.1534,33.25,-6.14,13.28,11.48,0.0,72.0,3,7.25,3.79,-18.9,0.0,,8,,20261007
ASPI,ASP Isotopes Inc.,Basic Materials,Specialty Chemicals,NCM,2.85,3972026,436931712,0.2328,3.65,5.22,-3.4374,-47.09,-48.76,-87.16,-63.7,0.0,2.5,4,14.49,2.51,-80.33,0.0,,8,,20261007
IBCP,Independent Bank Corporation,Financial Services,Banks - Regional,NASDAQ,35.79,195717,794512832,0.6617,37.0,34.77,-1.8305,-2.15,-11.41,2.03,-3.72,0.0,60.25,3,39.24,29.83,-8.79,0.0,,8,,20261007
PGGCY,Piaggio & C. SpA,Consumer Cyclical,Auto Manufacturers,PNK,9.38,3,824907200,0.0172,8.84,8.53,31.2283,17.61,-11.0,-9.84,-3.38,0.0,75.0,2,9.38,7.94,0.0,0.0,,8,,20261007
ODD,Oddity Tech Ltd.,Consumer Defensive,Household & Personal Products,NASDAQ,19.25,1122569,887897600,1.2294,15.66,19.08,2.9197,11.75,7.61,-85.2,-28.48,0.0,87.5,3,59.96,9.25,-67.9,0.0,,8,,20261007
SGP,"SpyGlass Pharma, Inc.",Healthcare,Biotechnology,NASDAQ,24.78,112733,828840960,1.5241,26.28,24.78,-0.9867,16.34,-1.17,-19.83,-4.26,0.0,60.0,3,32.44,17.06,-23.61,0.0,,8,,20261007
YNGFF,Yangzijiang Financial Holding Ltd.,Financial Services,Asset Management,PNK,0.15,261,538092800,0.0006,0.16,0.23,-12.6639,-16.48,-37.14,-100.39,-57.27,0.0,12.0,4,0.95,0.14,-83.78,0.0,,8,,20261007
FISI,"Financial Institutions, Inc.",Financial Services,Banks - Regional,NASDAQ,39.28,145096,774065792,0.8169,40.67,35.49,-1.7029,0.4,1.51,32.7,13.71,0.0,73.25,3,42.97,25.61,-8.59,0.0,,8,,20261007
ARAAF,Aclara Resources Inc.,Basic Materials,Other Industrial Metals & Mining,OID,2.49,47779,617628544,0.1759,2.66,2.68,-0.9615,-13.84,-14.16,6.21,-5.93,0.0,23.25,4,4.0,1.45,-37.75,0.0,,8,,20261007
HSTM,"HealthStream, Inc.",Healthcare,Health Information Services,NASDAQ,31.31,190518,957957248,0.75,29.11,24.58,2.9281,6.46,34.0,-2.6,12.48,0.0,92.5,2,31.84,19.5,-1.66,0.0,,8,,20261007
CCD,Calamos Dynamic Convertible and Income Fund,Financial Services,Asset Management,NASDAQ,23.64,63103,676566400,0.5346,24.24,22.94,-1.1314,-8.79,-7.65,4.53,-3.06,0.0,48.25,3,26.99,19.98,-12.41,0.0,,8,,20261007
BTBT,"Bit Digital, Inc.",Financial Services,Capital Markets,NCM,1.52,27461134,548162944,0.1217,1.53,1.72,-0.074,-13.76,-2.75,-74.25,-34.1,0.0,43.25,4,4.55,1.18,-66.59,0.0,,8,,20261007
CSHR,CoinShares PLC,Financial Services,Capital Markets,NASDAQ,4.96,262925,653629824,0.3412,5.3,4.96,-1.0088,18.91,-42.94,-61.9,-35.06,0.0,60.0,3,10.43,3.51,-52.44,0.0,,8,,20261007
HRTG,"Heritage Insurance Holdings, Inc.",Financial Services,Insurance - Property & Casualty,NYSE,34.17,295473,1015956608,0.8783,33.36,27.9,0.9192,20.62,9.87,20.66,16.87,0.0,87.5,2,36.5,20.48,-6.38,0.0,,8,,20261007
CSV,"Carriage Services, Inc.",Consumer Cyclical,Personal Services,NYSE,32.89,167233,522368704,1.049,34.25,40.63,-1.2926,-18.93,-47.44,-48.22,-40.62,0.0,20.75,4,52.1,30.11,-36.87,0.0,,8,,20261007
NTGR,"NETGEAR, Inc.",Technology,Communication Equipment,NASDAQ,23.04,344529,626204672,0.7629,22.42,23.08,0.8142,-0.05,-23.58,-48.05,-27.48,0.0,50.75,3,36.86,19.0,-37.49,0.0,,8,,20261007
LUOYF,Triumph New Energy Company Limited,Basic Materials,Building Materials,PNK,0.34,6,220239728,0.0012,0.39,0.5,-36.3492,-29.31,-59.74,-58.58,-51.67,0.0,0.0,4,0.58,0.3,-41.55,0.0,,8,,20261007
CLNFF,Calian Group Ltd.,Industrials,Aerospace & Defense,PNK,58.35,1260,672353728,0.6483,57.91,54.34,0.6748,-5.16,-2.17,49.15,17.61,0.0,77.5,2,68.02,33.53,-14.22,0.0,,8,,20261007
ALLO,"Allogene Therapeutics, Inc.",Healthcare,Biotechnology,NASDAQ,1.46,5798293,504416704,0.0864,1.86,1.99,-4.6491,-35.91,-63.06,-7.9,-34.21,0.0,2.5,4,4.46,1.04,-67.26,0.0,,8,,20261007
NABL,"N-able, Inc.",Technology,Information Technology Services,NYSE,4.42,2564758,834962432,0.2337,4.03,4.73,1.6825,-3.4,-25.14,-61.66,-34.31,0.0,50.75,3,8.73,2.92,-49.4,0.0,,8,,20261007
PKE,Park Aerospace Corp.,Industrials,Aerospace & Defense,NYSE,30.06,256648,653841408,1.0481,32.79,30.22,-2.6005,-21.64,-16.15,37.58,3.97,0.0,22.0,4,39.86,18.25,-24.59,0.0,,8,,20261007
ZNOG,"Zion Oil & Gas, Inc.",Energy,Oil & Gas E&P,OQX,0.43,1647014,507861376,0.0271,0.43,0.41,-0.1779,-0.85,-6.65,132.97,50.65,0.0,65.75,3,0.7,0.15,-39.13,0.0,,8,,20261007
CTO,"CTO Realty Growth, Inc.",Real Estate,REIT - Diversified,NYSE,20.53,371393,769576448,0.3453,21.05,19.44,-1.5161,-7.25,-7.33,18.99,3.22,0.0,43.25,3,22.71,15.07,-9.6,0.0,,8,,20261007
SLDP,"Solid Power, Inc.",Consumer Cyclical,Auto Parts,NASDAQ,2.35,3219971,536225824,0.1118,2.34,3.18,0.0474,-6.04,-36.04,-63.28,-39.43,0.0,61.25,3,8.86,1.98,-73.48,0.0,,8,,20261007
SWBI,"Smith & Wesson Brands, Inc.",Industrials,Aerospace & Defense,NASDAQ,14.52,527164,651072192,0.3703,13.77,13.41,2.0232,-9.36,-19.43,34.88,4.81,0.0,65.0,2,17.56,8.14,-17.31,0.0,,8,,20261007
VELO,"Velo3D, Inc.",Technology,Computer Hardware,NCM,9.57,1492782,307667040,0.9154,11.83,14.23,-2.4743,-35.18,-18.73,150.39,44.81,0.0,8.75,4,31.75,3.75,-69.86,0.0,,8,,20261007
GDRZF,Gold Reserve Ltd.,Basic Materials,Gold,OQX,5.14,147447,761070336,0.1566,4.77,4.28,2.3378,6.48,9.72,199.61,84.86,0.0,95.0,2,5.6,1.15,-8.21,0.0,,8,,20261007
DGTCF,Digital Core REIT,Real Estate,REIT - Specialty,PNK,0.44,1580,572195456,0.0056,0.48,0.48,-7.3745,-8.4,-28.53,-23.14,-21.34,0.0,37.0,4,0.59,0.44,-25.04,0.0,,8,,20261007
DSGN,"Design Therapeutics, Inc.",Healthcare,Biotechnology,NASDAQ,11.97,613941,749102400,0.6978,13.81,12.05,-2.6336,-26.44,-20.83,78.23,17.39,0.0,20.75,4,17.25,5.28,-30.61,0.0,,8,,20261007
BBOT,"BridgeBio Oncology Therapeutics, Inc.",Healthcare,Biotechnology,NASDAQ,3.5,472182,280609920,0.3788,7.16,8.98,-9.6742,-65.98,-77.12,-89.36,-79.23,0.0,6.25,4,14.87,3.48,-76.46,0.0,,8,,20261007
MRLN,"Merlin, Inc.",Industrials,Aerospace & Defense,NASDAQ,1.56,2150731,157665744,0.2437,3.04,7.37,-6.0596,-68.42,-94.02,-102.73,-91.1,0.0,8.75,4,17.0,1.53,-90.82,0.0,,8,,20261007
ASGOF,Asante Gold Corporation,Basic Materials,Gold,OQX,0.51,92167,461830080,0.029,0.67,0.88,-5.3863,-14.39,-55.73,-86.77,-57.81,0.0,26.25,4,1.85,0.44,-72.49,0.0,,8,,20261007
EGHSF,Enghouse Systems Limited,Technology,Software - Application,PNK,11.77,28509,634414336,0.1504,12.08,12.22,-2.0291,-0.11,-16.94,-36.97,-20.74,0.0,57.75,4,15.93,10.73,-26.11,0.0,,8,,20261007
FOXF,Fox Factory Holding Corp.,Consumer Cyclical,Auto Parts,NASDAQ,19.39,535933,814981056,0.8085,19.87,18.26,-0.5925,12.74,5.67,-41.93,-11.6,0.0,69.5,3,25.43,13.08,-23.75,0.0,,8,,20261007
SKYH,Sky Harbour Group Corporation,Real Estate,Real Estate - Development,NYSE,9.36,178361,764052160,0.283,10.34,9.74,-3.4665,-11.74,-25.18,-23.79,-21.27,0.0,17.0,4,11.7,8.22,-19.97,0.0,,8,,20261007
HIPO,Hippo Holdings Inc.,Financial Services,Insurance - Property & Casualty,NYSE,32.48,174855,857127040,0.9333,32.26,28.97,0.2359,7.96,8.59,-28.54,-6.42,0.0,88.75,2,38.73,24.08,-16.13,0.0,,8,,20261007
TRNS,"Transcat, Inc.",Industrials,Specialty Business Services,NASDAQ,89.8,123567,840510976,3.2941,88.38,79.46,0.4317,-2.87,0.13,6.65,1.99,0.0,66.25,2,100.0,50.23,-10.2,0.0,,8,,20261007
INN,"Summit Hotel Properties, Inc.",Real Estate,REIT - Hotel & Motel,NYSE,5.99,981034,646042240,0.1727,6.03,5.31,-0.2412,-8.88,22.22,-0.04,5.54,0.0,49.5,3,7.17,3.98,-16.46,0.0,,8,,20261007
NTCPF,NorthIsle Copper and Gold Inc.,Basic Materials,Other Industrial Metals & Mining,OQX,2.58,417123,856708928,0.1722,2.89,2.33,-1.7717,11.44,-2.46,130.4,54.16,0.0,57.5,3,3.41,0.93,-24.34,0.0,,8,,20261007
SHBI,"Shore Bancshares, Inc.",Financial Services,Banks - Regional,NASDAQ,22.65,198945,755882048,0.4477,23.34,20.5,-1.5302,-2.21,0.72,25.4,9.86,0.0,73.25,3,24.89,14.93,-9.0,0.0,,8,,20261007
SOLTF,"Nxera Pharma Co., Ltd.",Healthcare,Biotechnology,PNK,7.82,93,714101696,0.1367,6.38,5.99,10.5005,26.37,29.83,-5.39,14.88,0.0,76.25,2,8.35,4.9,-6.35,0.0,,8,,20261007
KRNT,Kornit Digital Ltd.,Industrials,Specialty Industrial Machinery,NASDAQ,18.15,290892,779843200,0.6339,16.38,15.5,2.7956,13.31,1.5,15.49,10.05,0.0,86.25,2,19.78,11.93,-8.24,0.0,,8,,20261007
BOE,BlackRock Enhanced Global Dividend Trust,Financial Services,Asset Management,NYSE,11.78,107493,654969472,0.171,12.15,11.52,-2.1378,-5.67,-8.86,-8.42,-7.89,0.0,69.5,3,12.58,10.59,-6.36,0.0,,8,,20261007
PFN,PIMCO Income Strategy Fund II,Financial Services,Asset Management,NYSE,6.32,542417,624536128,0.1123,6.71,6.71,-3.4743,-13.22,-21.89,-23.64,-20.42,0.0,19.5,4,7.65,6.15,-17.39,0.0,,8,,20261007
VEL,"Velocity Financial, Inc.",Financial Services,Mortgage Finance,NYSE,14.87,138512,587089216,0.5147,17.23,18.18,-4.5877,-19.86,-37.12,-35.16,-32.02,0.0,8.75,4,21.39,14.18,-30.5,0.0,,8,,20261007
SERV,Serve Robotics Inc.,Industrials,Integrated Freight & Logistics,NCM,4.77,3657811,413594784,0.2595,4.77,8.05,-0.0077,-23.79,-59.38,-81.32,-59.26,0.0,20.75,4,18.64,4.17,-74.41,0.0,,8,,20261007
AHRT,AH REALTY TRUST INC,Real Estate,REIT - Diversified,NYSE,6.04,849257,579291584,0.1621,6.37,6.21,-2.0511,-16.94,-4.82,-22.87,-15.07,0.0,22.0,4,7.33,5.13,-17.6,0.0,,8,,20261007
SVCTF,Senvest Capital Inc.,Financial Services,Asset Management,PNK,309.0,45,768034880,1.1678,309.34,278.7,-0.2905,5.58,2.39,-1.02,1.82,0.0,62.0,3,323.0,239.92,-4.33,0.0,,8,,20261007
SB,"Safe Bulkers, Inc.",Industrials,Marine Shipping,NYSE,8.58,1174712,976691200,0.3265,8.3,6.68,0.8675,22.68,16.24,79.57,43.18,0.0,91.25,2,9.31,4.14,-7.84,0.0,,8,,20261007
HAYPY,Hays plc,Industrials,Staffing & Employment Services,PNK,4.5,0,707907392,0.0002,4.5,5.58,0.0,-3.88,-56.03,-60.84,-44.92,0.0,37.0,3,8.07,3.89,-44.23,0.0,,8,,20261007
YITJF,YIT Oyj,Industrials,Engineering & Construction,PNK,2.91,0,671391040,0.0002,2.91,4.75,0.0,-3.88,-73.76,-72.6,-55.83,0.0,37.0,3,6.55,2.91,-55.57,0.0,,8,,20261007
FEIM,"Frequency Electronics, Inc.",Technology,Communication Equipment,NASDAQ,87.13,358149,982241472,4.5859,73.15,61.15,3.0484,43.96,38.95,131.91,77.38,0.0,86.25,2,89.76,26.05,-2.93,0.0,,8,,20261007
RSVR,"Reservoir Media, Inc.",Communication Services,Entertainment,NASDAQ,9.57,65033,629843072,0.3041,9.76,9.36,-0.6212,-10.77,-19.51,5.02,-7.51,0.0,47.0,3,13.39,7.07,-28.53,0.0,,8,,20261007
BLMN,"Bloomin' Brands, Inc.",Consumer Cyclical,Restaurants,NASDAQ,8.34,2169433,713650368,0.5033,9.51,7.63,-2.3221,2.56,28.57,-5.43,8.47,0.0,32.5,3,12.63,5.19,-33.97,0.0,,8,,20261007
AVNBF,Avon Technologies Plc,Industrials,Aerospace & Defense,PNK,24.0,3,706839552,0.0111,23.46,23.89,49.0176,1.95,-21.62,-32.27,-19.99,0.0,75.0,3,28.1,21.28,-14.59,0.0,,8,,20261007
EVER,"EverQuote, Inc.",Communication Services,Internet Content & Information,NASDAQ,19.39,755747,685887872,1.133,23.5,20.83,-3.6284,-26.59,7.45,-30.61,-16.28,0.0,23.25,4,28.73,13.88,-32.51,0.0,,8,,20261007
MRRDF,Meridian Mining Plc,Basic Materials,Other Industrial Metals & Mining,OQX,1.64,33110,799195968,0.074,1.32,1.26,4.3266,39.08,20.2,75.27,46.95,0.0,85.0,2,1.75,0.71,-6.29,0.0,,8,,20261007
HSHP,Himalaya Shipping Ltd.,Industrials,Marine Shipping,NYSE,17.78,389843,838682624,0.6247,16.73,13.36,1.6827,16.57,21.39,120.97,60.01,0.0,90.0,2,19.55,7.37,-9.05,0.0,,8,,20261007
SVMB,"Jingbo Technology, Inc.",Technology,Software - Application,OID,1.0,88,555315392,0.0085,0.81,1.37,22.1082,-3.88,-65.55,-97.46,-62.9,0.0,25.0,3,5.11,0.66,-80.43,0.0,,8,,20261007
AXG,Solowin Holdings,Financial Services,Capital Markets,NCM,0.11,3422638,23844920,0.1638,2.03,3.25,-11.6926,-101.36,-115.79,-113.65,-111.33,0.0,5.0,4,4.75,0.1,-97.64,0.0,,8,,20261007
BZH,"Beazer Homes USA, Inc.",Consumer Cyclical,Residential Construction,NYSE,33.41,721581,891366208,0.1195,33.22,26.43,1.6007,2.96,49.78,15.86,24.51,0.0,80.0,2,34.54,17.83,-3.27,0.0,,8,,20261007
OIO,OIO Group,Industrials,Waste Management,NCM,1.8,128490,626439808,0.2533,1.85,5.52,-0.2077,-21.45,-99.43,-102.6,-81.2,0.0,20.75,4,12.03,1.36,-85.04,0.0,,8,,20261007
ACP,Abrdn Income Credit Strategies Fund,Financial Services,Asset Management,NYSE,4.37,722175,548306880,0.0797,4.8,4.9,-5.352,-17.97,-27.17,-27.56,-25.02,0.0,11.25,4,5.81,4.34,-24.78,0.0,,8,,20261007
OFRM,"Once Upon A Farm, PBC",Consumer Defensive,Packaged Foods,NYSE,16.73,451714,702503616,0.7166,16.8,16.73,-0.0927,-13.71,-15.83,-34.21,-22.65,0.0,49.5,3,27.0,14.0,-38.04,0.0,,8,,20261007
NGVC,"Natural Grocers by Vitamin Cottage, Inc.",Consumer Defensive,Grocery Stores,NYSE,29.84,142761,687688256,1.0229,29.18,27.9,0.6438,-15.15,-5.27,-41.82,-22.36,0.0,62.5,2,41.07,23.47,-27.34,0.0,,8,,20261007
RWTN,"Redwood Trust, Inc. 9.125% Seni",Unknown,Unknown,NYSE,22.21,6911,0,0.5695,24.28,23.97,-3.6392,-13.16,-24.46,-18.99,-19.45,0.0,19.5,4,25.77,21.83,-13.82,0.0,,8,,20261007
