ticker,name,sector,industry,exchange,close,avg_volume_50d,market_cap,atr14,sma50,sma200,atr_extension,rs_3m,rs_6m,rs_12m,rs_score,rs_percentile,trend_strength,stage,52w_high,52w_low,pct_from_52w_high,rts_composite,rts_grade,rts_grade_rank,colour_band,run_date
RDEIY,"Redeia Corporación, S.A.",Utilities,Utilities - Regulated Electric,PNK,8.72,76614,9410552832,0.1355,8.6,8.47,0.9022,0.82,-11.33,-26.98,-14.55,0.0,87.5,2,11.04,8.08,-21.01,0.0,,8,,20260814
NXSNF,"NextVision Stabilized Systems, Ltd.",Industrials,Security & Protection Services,PNK,69.01,182,6383339008,0.8843,83.82,83.97,-16.7494,-37.51,-37.85,2.64,-21.57,0.0,1.25,4,123.19,39.19,-43.98,0.0,,8,,20260814
EVKIY,Evonik Industries AG,Basic Materials,Specialty Chemicals,PNK,10.3,16919,9599600640,0.3591,9.49,8.52,2.2636,-0.02,12.23,-10.33,0.15,0.0,93.75,2,10.66,7.24,-3.38,0.0,,8,,20260814
BZZUF,Buzzi S.p.A.,Basic Materials,Building Materials,PNK,48.0,429,8472559104,0.2508,49.98,54.78,-7.8907,-15.17,-26.53,-31.92,-25.84,0.0,13.25,4,63.8,46.5,-24.76,0.0,,8,,20260814
UHAL,U-Haul Holding Company,Industrials,Rental & Leasing Services,NYSE,74.21,235422,14507625472,1.8635,67.02,55.49,3.859,37.6,39.57,7.09,26.09,0.0,88.75,2,76.45,41.95,-2.93,0.0,,8,,20260814
QABSY,Qantas Airways Limited,Industrials,Airlines,PNK,35.47,36843,10749767680,0.6441,35.37,33.19,0.1487,4.61,-12.7,-21.99,-12.08,0.0,92.5,2,41.65,28.15,-14.84,0.0,,8,,20260814
DAR,Darling Ingredients Inc.,Consumer Defensive,Packaged Foods,NYSE,67.04,2259430,10579107840,2.2376,58.99,50.69,3.5965,-0.24,26.05,95.68,47.33,0.0,86.25,2,67.67,29.15,-0.93,0.0,,8,,20260814
LINE,"Lineage, Inc.",Real Estate,REIT - Industrial,NASDAQ,41.75,1010866,10468722688,1.4819,42.64,37.48,-0.6023,2.17,-3.22,-17.01,-7.39,0.0,72.0,3,45.75,31.33,-8.74,0.0,,8,,20260814
ASMVF,ASMPT Limited,Technology,Semiconductor Equipment & Materials,PNK,21.0,24,8807169024,0.0927,20.87,14.22,1.4395,-2.51,120.59,198.49,120.97,0.0,75.0,2,22.6,7.44,-7.08,0.0,,8,,20260814
CCOEF,"Capcom Co., Ltd.",Communication Services,Electronic Gaming & Multimedia,PNK,24.0,12646,10039411712,0.2856,20.39,22.54,12.6424,-0.0,7.72,-36.83,-12.03,0.0,51.25,3,28.5,16.45,-15.79,0.0,,8,,20260814
LZRFY,Localiza Rent a Car S.A.,Industrials,Rental & Leasing Services,OQX,6.4,27754,7069535744,0.3961,7.56,8.48,-2.9296,-38.71,-45.15,-21.57,-34.11,0.0,3.75,4,11.76,5.98,-45.58,0.0,,8,,20260814
SIMO,Silicon Motion Technology Corporation,Technology,Semiconductors,NASDAQ,268.9,1074174,9117794304,25.4871,280.27,172.0,-0.4461,-1.91,80.59,233.98,121.32,0.0,48.25,3,355.0,71.35,-24.25,0.0,,8,,20260814
RIOT,"Riot Platforms, Inc.",Financial Services,Capital Markets,NCM,19.01,18225817,7135548416,2.1444,23.14,18.5,-1.9237,-26.8,19.35,42.35,17.01,0.0,37.5,3,30.32,11.16,-37.29,0.0,,8,,20260814
ACM,AECOM,Industrials,Engineering & Construction,NYSE,63.11,2170412,8122031616,2.9746,69.84,89.24,-2.261,-25.54,-50.52,-69.19,-51.74,0.0,11.25,4,135.52,60.35,-53.43,0.0,,8,,20260814
REGMF,"RemeGen Co., Ltd.",Healthcare,Biotechnology,PNK,12.05,4,6791479808,0.0019,12.05,11.01,0.0,-11.72,2.62,114.71,43.87,0.0,50.0,3,12.85,5.06,-6.23,0.0,,8,,20260814
ONBPP,Old National Bancorp,Financial Services,Banks - Regional,NASDAQ,24.9,8895,0,0.124,24.61,24.17,2.3741,-2.81,-9.8,-16.75,-10.83,0.0,90.0,2,25.6,24.41,-2.73,0.0,,8,,20260814
ONB,Old National Bancorp Common Stock,Financial Services,Banks - Regional,NASDAQ,27.17,4120400,10394426368,0.4679,25.79,23.43,2.9519,7.86,-5.32,11.07,4.53,0.0,87.5,2,27.36,19.39,-0.69,0.0,,8,,20260814
ONBPO,Old National Bancorp - Deposita,Financial Services,Banks - Regional,NASDAQ,25.0,5937,0,0.1471,24.57,24.17,2.9002,-2.98,-9.27,-16.37,-10.54,0.0,86.25,2,25.46,24.53,-1.8,0.0,,8,,20260814
SCRPF,Sembcorp Industries Ltd,Utilities,Utilities - Diversified,PNK,4.34,683,7726999040,0.0336,4.7,4.79,-10.8387,-23.06,-17.65,-48.53,-31.35,0.0,12.0,4,5.9,4.11,-26.44,0.0,,8,,20260814
ACLIF,Accelleron Industries AG,Industrials,Specialty Industrial Machinery,PNK,91.6,25,8614149120,0.5157,97.77,87.39,-11.973,-21.68,7.92,-22.04,-11.47,0.0,25.0,3,109.3,77.0,-16.19,0.0,,8,,20260814
SSB,SouthState Bank Corporation,Financial Services,Banks - Regional,NYSE,111.59,834306,10821388288,2.0587,100.94,95.69,5.1745,14.3,-7.07,0.85,1.44,0.0,91.25,2,111.79,84.48,-0.18,0.0,,8,,20260814
ALBKY,Alpha Bank S.A.,Financial Services,Banks - Regional,PNK,1.25,19024,11542898688,0.044,1.14,1.03,2.4362,15.75,-7.44,9.19,5.01,0.0,83.75,2,1.26,0.73,-0.79,0.0,,8,,20260814
JSAIY,J Sainsbury plc,Consumer Defensive,Grocery Stores,OQX,18.67,78262,10166055936,0.3146,17.75,17.47,2.9404,8.47,-8.42,1.86,-0.09,0.0,92.5,2,19.9,15.87,-6.18,0.0,,8,,20260814
TX,Ternium S.A. Ternium S.A.,Basic Materials,Steel,NYSE,53.81,600117,0,1.6218,47.66,41.63,3.7933,15.08,13.56,49.91,28.48,0.0,87.5,2,55.66,31.64,-3.32,0.0,,8,,20260814
MDDNF,Meridian Energy Limited,Utilities,Utilities - Renewable,PNK,3.28,147,8655175680,0.0041,3.38,3.28,-23.3602,-11.1,-6.79,-21.33,-13.68,0.0,38.25,3,3.62,2.84,-9.39,0.0,,8,,20260814
NCLTY,"Nitori Holdings Co., Ltd.",Consumer Cyclical,"Furnishings, Fixtures & Appliances",PNK,9.31,205829,10521372672,0.4053,7.96,8.3,3.3232,25.21,-12.26,-18.12,-5.23,0.0,88.75,3,11.56,6.9,-19.46,0.0,,8,,20260814
AXTI,"AXT, Inc.",Technology,Semiconductor Equipment & Materials,NASDAQ,81.64,10291620,5341148672,10.2057,69.19,50.25,1.2196,-33.03,214.77,3623.24,1516.21,0.0,63.75,2,143.16,2.05,-42.97,0.0,,8,,20260814
EQUEY,Equatorial S.A.,Utilities,Utilities - Regulated Electric,PNK,7.51,2658,9434804224,0.0239,7.52,7.63,-0.5353,-18.91,-15.83,-6.13,-12.72,0.0,24.0,4,9.59,6.3,-21.69,0.0,,8,,20260814
CNM,"Core & Main, Inc.",Industrials,Industrial Distribution,NYSE,45.98,2328170,8898970624,1.3769,46.88,50.56,-0.6503,-11.27,-31.4,-51.3,-34.33,0.0,35.25,4,67.18,41.88,-31.56,0.0,,8,,20260814
ACDSF,CapitaLand Ascendas REIT,Real Estate,REIT - Industrial,PNK,1.94,24656,9690716160,0.0122,1.93,2.0,0.6897,-9.21,-25.85,-32.55,-24.37,0.0,37.0,3,2.32,1.72,-16.38,0.0,,8,,20260814
HDALF,Haidilao International Holding Ltd.,Consumer Cyclical,Restaurants,PNK,1.63,22500,9474689024,0.0578,1.57,1.77,1.1174,-23.41,-25.6,-28.51,-26.22,0.0,42.0,3,2.41,1.35,-32.37,0.0,,8,,20260814
ALV,"Autoliv, Inc.",Consumer Cyclical,Auto Parts,NYSE,122.11,726437,8942996480,2.8523,121.9,117.85,0.074,-3.2,-12.14,-12.13,-9.9,0.0,88.75,2,132.17,99.16,-7.61,0.0,,8,,20260814
CEF,CEF,Unknown,Unknown,NYSE,44.53,717766,0,1.0986,42.13,45.94,2.1838,-19.43,-27.19,18.4,-7.02,0.0,48.25,3,61.38,30.58,-27.45,0.0,,8,,20260814
AGX,"Argan, Inc.",Industrials,Engineering & Construction,NYSE,578.22,336588,8106208768,41.0827,644.5,497.2,-1.6134,-20.69,43.94,119.68,58.08,0.0,35.0,3,805.75,197.0,-28.24,0.0,,8,,20260814
AAL,American Airlines Group Inc. Common Stock,Industrials,Airlines,NASDAQ,14.83,109182040,9817014272,0.6461,15.73,13.89,-1.387,12.74,-9.01,-8.6,-3.41,0.0,58.75,3,18.79,10.09,-21.08,0.0,,8,,20260814
GMWKF,GMWKF,Consumer Cyclical,Leisure,PNK,261.25,262,0,13.5049,269.98,250.74,-0.6461,-6.86,0.15,3.58,-0.23,0.0,49.5,3,300.0,185.0,-12.92,0.0,,8,,20260814
SMNNY,Shimano Inc.,Consumer Cyclical,Leisure,PNK,12.61,95741,10717351936,0.3132,11.1,10.73,4.8072,14.7,-6.68,-10.2,-2.74,0.0,85.0,2,13.12,9.36,-3.89,0.0,,8,,20260814
IFUUF,Infratil Limited,Industrials,Conglomerates,PNK,9.65,640,9643364352,0.0618,9.12,7.35,8.5707,32.51,22.45,59.98,39.98,0.0,76.25,2,9.65,5.4,-0.0,0.0,,8,,20260814
SSAAF,SSAB AB (publ),Basic Materials,Steel,PNK,9.33,30,9298442240,0.0077,9.35,8.24,-1.9888,1.64,3.54,39.58,17.48,0.0,62.0,3,9.99,5.76,-6.61,0.0,,8,,20260814
ZIONP,"Zions Bancorporation, National Association",Financial Services,Banks - Regional,NASDAQ,18.53,4393,0,0.1457,18.46,19.12,0.5003,-6.13,-16.3,-36.26,-21.74,0.0,53.25,3,23.4,18.08,-20.79,0.0,,8,,20260814
ZION,"Zions Bancorporation, National Association",Financial Services,Banks - Regional,NASDAQ,72.2,1625961,10537832448,1.3387,68.2,59.97,2.9866,15.18,0.74,20.99,12.45,0.0,87.5,2,73.34,46.19,-1.55,0.0,,8,,20260814
PSO,Pearson plc,Communication Services,Publishing,NYSE,16.15,829124,9716777984,0.3671,16.1,14.12,0.134,4.58,21.88,-8.77,5.29,0.0,87.5,2,17.75,12.02,-9.01,0.0,,8,,20260814
NRKBF,NKT A/S,Industrials,Electrical Equipment & Parts,PNK,158.3,1,8461206528,0.0812,155.75,130.34,31.4114,19.74,13.22,71.97,38.35,0.0,75.0,2,158.3,87.75,0.0,0.0,,8,,20260814
GWKSY,Games Workshop Group,Consumer Cyclical,Leisure,PNK,26.44,435,8737056768,0.6065,27.59,26.04,-1.8898,-10.15,-2.31,-0.31,-3.47,0.0,37.0,3,30.04,19.01,-11.98,0.0,,8,,20260814
AOMFF,Alstom SA,Industrials,Railroads,PNK,18.75,2241,8674051072,0.2496,18.49,24.88,1.0306,-9.47,-56.16,-40.55,-38.25,0.0,26.25,3,35.21,17.06,-46.75,0.0,,8,,20260814
ALSN,"Allison Transmission Holdings, Inc.",Consumer Cyclical,Auto Parts,NYSE,125.87,1131904,10394097664,4.3734,117.83,110.47,1.8388,-3.29,-2.44,21.93,7.09,0.0,86.25,2,137.62,76.01,-8.54,0.0,,8,,20260814
ZLIOY,"Zoomlion Heavy Industry Science and Technology Co., Ltd.",Industrials,Farm & Heavy Construction Machinery,PNK,8.24,46,10580100096,0.2202,9.32,9.93,-4.9131,-13.89,-25.03,-11.36,-16.78,0.0,1.25,4,14.92,7.6,-44.77,0.0,,8,,20260814
ASR,Grupo Aeroportuario del Sureste,Industrials,Airports & Air Services,NYSE,264.58,71320,0,7.7243,286.62,311.03,-2.8528,-19.39,-39.67,-36.5,-33.33,0.0,7.5,4,381.52,259.01,-30.65,0.0,,8,,20260814
CUBE,CubeSmart,Real Estate,REIT - Industrial,NYSE,41.48,2108417,9389286400,0.8736,40.76,38.06,0.8264,-2.29,-0.68,-10.25,-4.91,0.0,86.25,2,43.26,35.09,-4.11,0.0,,8,,20260814
ADC,Agree Realty Corporation,Real Estate,REIT - Retail,NYSE,74.74,1218951,9322090496,1.362,,,,-6.76,-13.03,-16.44,-12.83,0.0,17.0,3,82.08,69.56,-8.94,0.0,,8,,20260814
ALSMY,Alstom SA,Industrials,Railroads,PNK,1.82,2094856,8419611648,0.0429,1.8,2.45,0.3873,-13.82,-58.94,-48.6,-43.52,0.0,33.75,3,3.51,1.65,-48.15,0.0,,8,,20260814
CIFR,Cipher Digital Inc.,Technology,Information Technology Services,NASDAQ,17.85,27366108,7410373120,2.5065,22.15,18.61,-1.7153,-23.93,-3.66,242.67,89.8,0.0,24.5,4,30.14,5.0,-40.76,0.0,,8,,20260814
LKNCY,Luckin Coffee Inc.,Consumer Cyclical,Restaurants,OID,35.31,1330903,10108853248,1.5092,32.12,34.2,2.1148,0.12,-18.06,-30.49,-18.48,0.0,88.75,3,43.64,27.22,-19.09,0.0,,8,,20260814
FROG,JFrog Ltd.,Technology,Software - Application,NASDAQ,96.17,2771833,11648083968,5.8763,85.72,62.25,1.7785,34.08,75.18,97.28,73.75,0.0,86.25,2,99.22,34.05,-3.07,0.0,,8,,20260814
UZAPF,Flughafen Zürich AG,Industrials,Airports & Air Services,PNK,293.89,70,9021700096,5.5557,300.63,301.31,-1.2134,-1.26,-17.96,-19.16,-14.27,0.0,51.5,4,351.79,268.75,-16.46,0.0,,8,,20260814
LLYVK,"Liberty Live Holdings, Inc.",Communication Services,Entertainment,NASDAQ,108.86,396938,10015705088,2.7412,102.0,92.99,2.5019,8.61,13.34,2.65,7.88,0.0,91.25,2,109.7,76.94,-0.77,0.0,,8,,20260814
LLYVA,"Liberty Live Holdings, Inc.",Communication Services,Entertainment,NASDAQ,104.99,261766,9659643904,2.7072,98.41,90.32,2.4288,7.38,11.4,1.1,6.28,0.0,91.25,2,106.03,74.38,-0.98,0.0,,8,,20260814
KIKOF,Kikkoman Corporation,Consumer Defensive,Packaged Foods,PNK,10.2,4,9462943744,0.0101,9.8,9.01,39.8202,4.6,3.93,-6.7,-0.16,0.0,75.0,2,10.2,8.27,-0.0,0.0,,8,,20260814
SAIL,"SailPoint, Inc.",Technology,Software - Infrastructure,NASDAQ,19.53,4560353,11077084160,0.963,15.83,16.2,3.8439,62.78,15.64,-16.95,14.39,0.0,92.5,3,24.0,10.3,-18.62,0.0,,8,,20260814
SEOAY,Stora Enso Oyj,Consumer Cyclical,Packaging & Containers,OQX,11.08,49716,8737908736,0.2287,11.03,11.7,0.2247,-6.26,-26.59,-26.19,-21.35,0.0,49.5,3,14.41,9.92,-23.11,0.0,,8,,20260814
CRPAY,CORPORACION ACCIONA ENERGIAS RE,Utilities,Utilities - Renewable,PNK,12.33,39,8003388928,0.0331,12.83,12.33,-15.1475,-7.42,-22.44,-28.9,-21.27,0.0,37.0,3,16.51,12.0,-25.32,0.0,,8,,20260814
ICLR,ICON Public Limited Company,Healthcare,Diagnostics & Research,NASDAQ,163.15,978695,12587708416,7.4709,160.62,147.33,0.3391,31.87,-6.92,-20.22,-2.54,0.0,87.5,2,203.91,66.57,-19.99,0.0,,8,,20260814
INPOY,InPost S.A.,Industrials,Integrated Freight & Logistics,PNK,8.78,5336,8778602496,0.1394,8.78,8.0,-0.017,-4.37,-16.42,-6.55,-9.46,0.0,50.75,3,9.17,5.28,-4.25,0.0,,8,,20260814
FLS,Flowserve Corporation,Industrials,Specialty Industrial Machinery,NYSE,80.87,1985951,10279611392,2.7427,74.91,74.54,2.1725,9.33,-17.44,33.91,9.79,0.0,88.75,2,92.41,48.71,-12.49,0.0,,8,,20260814
SARO,"StandardAero, Inc.",Industrials,Aerospace & Defense,NYSE,27.9,3770690,9232652288,1.1066,27.86,27.93,0.0396,-1.18,-22.26,-21.99,-16.88,0.0,75.75,3,34.48,23.83,-19.08,0.0,,8,,20260814
IMIUY,IMIUY,Industrials,Specialty Industrial Machinery,PNK,41.63,5832,9876551680,1.0095,39.24,41.63,2.3686,4.33,3.12,3.12,3.42,0.0,86.25,3,43.28,34.07,-3.81,0.0,,8,,20260814
SNEX,StoneX Group Inc.,Financial Services,Capital Markets,NASDAQ,67.1,1274796,8093382656,3.886,78.21,59.58,-2.8603,-18.11,5.62,41.15,13.9,0.0,37.5,3,94.66,36.45,-29.11,0.0,,8,,20260814
MXL,"MaxLinear, Inc.",Technology,Semiconductors,NASDAQ,84.84,4056950,7694410240,8.5092,82.71,43.69,0.2498,-8.47,335.04,409.2,278.83,0.0,65.0,2,128.3,12.77,-33.87,0.0,,8,,20260814
SHZHY,Shenzhou International Group Holdings Limited,Consumer Cyclical,Textile Manufacturing,PNK,5.25,20045,7892341760,0.2319,5.51,6.88,-1.1284,-13.92,-48.83,-47.55,-39.59,0.0,22.0,4,9.4,4.93,-44.15,0.0,,8,,20260814
BVN,Buenaventura Mining Company Inc,Basic Materials,Other Precious Metals & Mining,NYSE,33.74,1086493,0,1.5189,31.68,31.51,1.3543,-15.9,-23.72,66.23,14.21,0.0,61.25,2,44.67,18.01,-24.47,0.0,,8,,20260814
KT,KT Corporation,Communication Services,Telecom Services,NYSE,19.12,1760393,9106160640,0.419,18.2,19.81,2.2051,-14.58,-24.64,-28.49,-23.66,0.0,49.5,3,24.58,17.13,-22.21,0.0,,8,,20260814
W,Wayfair Inc.,Consumer Cyclical,Internet Retail,NYSE,101.63,3833038,13920063488,5.9416,89.31,88.4,2.0734,64.36,2.61,14.04,22.62,0.0,83.75,2,119.98,55.6,-15.29,0.0,,8,,20260814
FLGZY,Flughafen Zürich AG,Industrials,Airports & Air Services,PNK,11.64,248,8931571712,0.0586,11.89,11.93,-4.2833,-3.37,-14.65,-21.35,-14.51,0.0,50.25,1,13.66,11.0,-14.8,0.0,,8,,20260814
ADRZY,Andritz AG,Industrials,Specialty Industrial Machinery,PNK,18.24,870,8937490432,0.3008,17.98,16.28,0.8545,-10.28,-3.02,1.86,-2.88,0.0,75.0,2,20.33,13.59,-10.28,0.0,,8,,20260814
WIGBY,WiseTech Global Limited,Technology,Software - Application,PNK,24.31,209,8175518208,0.1518,24.61,34.42,-1.9843,-23.63,-42.59,-92.26,-57.72,0.0,13.25,4,76.06,20.0,-68.04,0.0,,8,,20260814
KRYS,"Krystal Biotech, Inc.",Healthcare,Biotechnology,NASDAQ,332.27,413779,9834805248,15.1134,339.62,276.54,-0.4864,0.92,9.42,116.44,50.1,0.0,74.5,3,382.54,136.73,-13.14,0.0,,8,,20260814
GGB,Gerdau S.A.,Basic Materials,Steel,NYSE,4.74,16380608,9300478976,0.1491,4.6,4.09,0.939,-5.72,0.49,39.98,14.73,0.0,87.5,2,5.18,2.85,-8.49,0.0,,8,,20260814
FRHC,Freedom Holdings Corp.,Financial Services,Financial Conglomerates,NCM,146.45,161424,9341703168,6.7744,148.34,139.57,-0.2793,-1.97,7.42,-41.05,-14.32,0.0,72.0,3,181.88,107.97,-19.48,0.0,,8,,20260814
SPHXF,"SM Prime Holdings, Inc.",Real Estate,Real Estate - Diversified,PNK,0.27,421,7647019520,0.0021,0.29,0.02,-9.8036,-379.93,-334.06,-314.64,-337.76,0.0,50.0,3,0.46,0.27,-42.3,0.0,,8,,20260814
LGN,Legence Corp.,Industrials,Engineering & Construction,NASDAQ,66.38,1467840,10902882304,4.9646,74.73,60.77,-1.6833,-37.48,11.39,98.22,33.91,0.0,36.25,3,107.24,26.96,-38.1,0.0,,8,,20260814
TTC,Toro Company (The),Industrials,Tools & Accessories,NYSE,98.38,790712,0,2.3963,93.97,88.49,1.8401,-1.22,-11.52,12.68,0.74,0.0,85.0,2,105.19,67.64,-6.47,0.0,,8,,20260814
RGTI,"Rigetti Computing, Inc.",Technology,Computer Hardware,NCM,18.82,37293932,6281527296,1.2121,17.8,20.62,0.8449,-6.37,10.99,-12.55,-2.77,0.0,52.0,3,58.15,12.53,-67.64,0.0,,8,,20260814
DDS,"Dillard's, Inc.",Consumer Cyclical,Department Stores,NYSE,560.88,129916,0,28.0561,575.49,600.11,-0.5209,-4.49,-25.83,1.25,-9.66,0.0,69.0,3,741.98,492.28,-24.41,0.0,,8,,20260814
GZPZY,Gaztransport & Technigaz SA,Energy,Oil & Gas Equipment & Services,PNK,46.0,681,8528254464,0.8557,44.97,42.45,1.2033,-7.75,1.99,3.39,0.11,0.0,65.75,2,48.95,36.36,-6.04,0.0,,8,,20260814
NCLTF,"Nitori Holdings Co., Ltd.",Consumer Cyclical,"Furnishings, Fixtures & Appliances",PNK,15.15,46,10300999680,0.1169,15.18,16.01,-0.2377,1.34,-37.45,-106.56,-55.39,0.0,49.0,4,103.31,13.25,-85.34,0.0,,8,,20260814
CFR,"Cullen/Frost Bankers, Inc.",Financial Services,Banks - Regional,NYSE,170.08,601995,10570265600,3.2931,155.27,138.51,4.4962,21.06,4.85,19.01,14.57,0.0,90.0,2,170.34,119.0,-0.16,0.0,,8,,20260814
GZPZF,Gaztransport & Technigaz SA,Energy,Oil & Gas Equipment & Services,PNK,228.26,38,8463736320,1.6437,228.56,213.81,-0.1828,-8.1,-7.92,30.48,7.39,0.0,38.25,3,246.86,147.38,-7.53,0.0,,8,,20260814
INPOF,InPost S.A.,Industrials,Integrated Freight & Logistics,PNK,17.47,18,8733608960,0.0005,17.47,16.08,0.0,-7.23,-4.58,51.44,17.16,0.0,50.0,3,18.02,9.99,-3.05,0.0,,8,,20260814
STN,Stantec Inc.,Industrials,Engineering & Construction,NYSE,73.7,460690,8283857920,2.0999,70.93,87.7,1.3214,-19.29,-40.28,-55.6,-41.16,0.0,38.75,3,114.52,66.26,-35.64,0.0,,8,,20260814
PRI,"Primerica, Inc.",Financial Services,Insurance - Life,NYSE,313.69,194554,9654547456,6.5276,296.3,269.12,2.6642,10.65,5.37,0.52,4.75,0.0,87.5,2,327.28,230.09,-4.15,0.0,,8,,20260814
SHMDF,Shimano Inc.,Consumer Cyclical,Leisure,PNK,128.0,48,10878834688,2.5462,106.03,104.48,8.6294,21.58,0.2,-17.97,-1.72,0.0,78.75,2,130.0,94.15,-1.54,0.0,,8,,20260814
AYI,Acuity Inc.,Industrials,Electrical Equipment & Parts,NYSE,358.43,377562,10729798656,11.1432,331.68,321.0,2.4005,18.55,-3.97,-6.19,0.77,0.0,88.75,2,380.17,257.04,-5.72,0.0,,8,,20260814
AVAV,"AeroVironment, Inc.",Industrials,Aerospace & Defense,NASDAQ,192.81,1636090,9757734912,11.0834,163.22,226.33,2.6701,12.63,-32.56,-46.05,-26.66,0.0,40.0,3,417.86,135.2,-53.86,0.0,,8,,20260814
ELPC,Companhia Paranaense de Energia,Utilities,Utilities - Regulated Electric,NYSE,10.46,393609,7765531648,0.2902,11.49,10.94,-3.562,-19.96,-13.06,3.47,-8.17,0.0,19.5,4,13.7,8.0,-23.63,0.0,,8,,20260814
XP,XP Inc.,Financial Services,Capital Markets,NASDAQ,15.82,5533991,8173836800,0.5388,16.13,17.88,-0.5739,-19.43,-34.22,-29.74,-28.73,0.0,19.5,4,23.13,14.8,-31.6,0.0,,8,,20260814
YMM,Full Truck Alliance Co. Ltd.,Technology,Software - Application,NYSE,8.81,8798898,9214328832,0.2921,8.72,9.53,0.3083,-4.07,-21.86,-43.79,-26.18,0.0,77.0,3,14.07,7.46,-37.38,0.0,,8,,20260814
ASGLY,AGC Inc.,Industrials,Conglomerates,PNK,7.49,7343,7646176256,0.3886,8.32,7.46,-2.1401,-0.09,-19.96,-3.59,-8.44,0.0,38.75,3,10.69,6.02,-29.93,0.0,,8,,20260814
NIABY,NIBE Industrier AB (publ),Industrials,Building Products & Equipment,PNK,4.17,782,8406996992,0.0406,3.84,3.97,8.2556,-21.51,-16.72,-31.43,-23.8,0.0,50.0,3,5.0,3.33,-16.6,0.0,,8,,20260814
FR,"First Industrial Realty Trust, Inc.",Real Estate,REIT - Industrial,NYSE,62.87,1130848,8614382592,1.2811,63.55,59.6,-0.532,-3.69,-5.24,12.05,2.06,0.0,72.0,3,69.88,48.38,-10.03,0.0,,8,,20260814
KIKOY,Kikkoman Corporation,Consumer Defensive,Packaged Foods,PNK,22.1,85,10251523072,0.1597,20.13,18.8,12.3027,15.37,1.19,-4.94,2.28,0.0,75.0,2,24.0,15.73,-7.92,0.0,,8,,20260814
WEGRY,The Weir Group PLC,Industrials,Specialty Industrial Machinery,PNK,18.32,35933,9512184832,0.512,17.0,19.16,2.5705,3.23,-37.7,-11.08,-16.82,0.0,70.75,3,24.85,15.38,-26.28,0.0,,8,,20260814
XNGSF,ENN Energy Holdings Limited,Utilities,Utilities - Regulated Gas,PNK,6.29,5558,9561951232,0.137,5.95,7.97,2.4464,-22.09,-38.44,-51.0,-39.38,0.0,26.25,3,9.78,4.88,-35.69,0.0,,8,,20260814
CRUS,"Cirrus Logic, Inc.",Technology,Semiconductors,NASDAQ,121.09,655322,6068734976,5.1545,146.45,140.77,-4.9193,-35.78,-25.75,-6.56,-20.58,0.0,8.75,4,180.42,109.88,-32.88,0.0,,8,,20260814
AKBLF,ALK-Abelló A/S,Healthcare,Biotechnology,PNK,37.92,26,8401378816,0.0636,39.22,35.09,-20.5805,1.15,-2.17,14.39,5.28,0.0,62.0,3,40.65,28.95,-6.73,0.0,,8,,20260814
CHWY,"Chewy, Inc.",Consumer Cyclical,Internet Retail,NYSE,22.42,9276745,9179290624,0.9014,20.88,26.64,1.7091,-1.3,-26.33,-60.22,-33.63,0.0,63.75,3,43.5,17.4,-48.46,0.0,,8,,20260814
RYAN,"Ryan Specialty Holdings, Inc.",Financial Services,Insurance - Specialty,NYSE,41.82,2378901,16310053888,1.8531,39.26,42.46,1.3817,27.69,-18.59,-51.61,-20.23,0.0,77.0,3,60.34,29.28,-30.69,0.0,,8,,20260814
HLTOY,Hellenic Telecommunications Organization S.A.,Communication Services,Telecom Services,PNK,11.42,12117,9388464128,0.2808,10.92,9.93,1.7852,4.87,10.53,4.58,6.74,0.0,85.0,2,11.8,8.96,-3.22,0.0,,8,,20260814
COLB,"Columbia Banking System, Inc.",Financial Services,Banks - Regional,NASDAQ,32.69,2920354,9248074752,0.6339,31.35,28.81,2.1103,7.24,-9.11,19.76,6.53,0.0,91.25,2,33.68,23.83,-2.94,0.0,,8,,20260814
PSPSF,PSP Swiss Property AG,Real Estate,Real Estate Services,PNK,180.89,6,8352495104,0.0623,182.76,187.19,-30.044,-14.83,-13.1,-18.74,-15.79,0.0,24.0,4,220.0,166.25,-17.78,0.0,,8,,20260814
BROS,Dutch Bros Inc.,Consumer Cyclical,Restaurants,NYSE,52.02,3569395,9087031296,2.9258,63.49,57.63,-3.9212,2.63,-15.59,-46.55,-23.42,0.0,45.75,3,74.65,44.58,-30.31,0.0,,8,,20260814
WAL,Western Alliance Bancorporation,Financial Services,Banks - Regional,NYSE,82.32,1037627,8981183488,1.9576,81.07,80.45,0.6392,1.84,-24.7,-14.45,-13.96,0.0,86.25,2,97.23,65.82,-15.33,0.0,,8,,20260814
MBLY,Mobileye Global Inc.,Consumer Cyclical,Auto Parts,NASDAQ,8.92,6710140,7583673344,0.4528,8.89,9.55,0.0592,-18.1,-19.67,-59.12,-35.06,0.0,45.75,3,15.81,6.47,-43.58,0.0,,8,,20260814
NNN,"NNN REIT, Inc.",Real Estate,REIT - Retail,NYSE,46.0,1689780,8751416320,0.7891,,,,1.15,-3.11,-5.29,-2.92,0.0,19.5,3,50.0,38.9,-8.0,0.0,,8,,20260814
MLSPF,Melrose Industries PLC,Industrials,Specialty Industrial Machinery,PNK,6.62,46564,8249165312,0.4176,6.44,7.42,0.4348,-7.93,-37.58,-43.19,-32.41,0.0,41.25,3,9.6,5.79,-31.04,0.0,,8,,20260814
ALGM,"Allegro MicroSystems, Inc.",Technology,Semiconductors,NASDAQ,44.39,2846506,8274386944,3.334,50.25,38.6,-1.7585,-8.29,-9.1,17.06,1.57,0.0,36.25,3,71.77,22.41,-38.15,0.0,,8,,20260814
SALRY,SalMar ASA,Consumer Defensive,Farm Products,PNK,13.69,20127,7422069248,0.2812,13.21,14.15,1.7114,-8.61,-22.27,-2.83,-11.08,0.0,47.0,3,16.17,11.04,-15.34,0.0,,8,,20260814
MTLHY,Mitsubishi Chemical Group Corporation,Basic Materials,Specialty Chemicals,PNK,37.0,51,10054290432,0.1285,35.3,31.37,13.201,20.59,-2.82,18.68,11.63,0.0,75.0,2,38.74,26.51,-4.49,0.0,,8,,20260814
GAP,"Gap, Inc. (The)",Consumer Cyclical,Apparel Retail,NYSE,20.6,7929467,0,0.6802,20.26,23.82,0.4963,-8.33,-37.12,-15.65,-21.33,0.0,40.0,3,29.36,18.11,-29.84,0.0,,8,,20260814
TKHVY,Türk Hava Yollari Anonim Ortakligi,Industrials,Airlines,PNK,64.15,69,8852209664,0.4423,68.94,68.38,-10.834,-14.79,-21.98,-40.43,-27.56,0.0,37.0,4,81.75,60.44,-21.53,0.0,,8,,20260814
YOKEF,Yokogawa Electric Corporation,Industrials,Specialty Industrial Machinery,PNK,36.29,16,9081294848,0.1261,33.87,9.85,19.1839,3.13,-399.28,617.21,107.92,0.0,75.0,2,36.29,19.1,0.0,0.0,,8,,20260814
DNOPY,Dino Polska S.A.,Consumer Defensive,Grocery Stores,PNK,8.76,90733,8588304384,0.2912,8.01,9.98,2.5588,-1.57,-34.03,-111.42,-56.87,0.0,40.0,3,15.62,7.16,-43.92,0.0,,8,,20260814
PRMB,Primo Brands Corporation,Consumer Defensive,Beverages - Non-Alcoholic,NYSE,24.7,3535288,8940009472,0.9494,23.99,20.26,0.7496,-0.19,19.74,-16.69,0.18,0.0,83.75,2,26.21,14.36,-5.76,0.0,,8,,20260814
MSGS,Madison Square Garden Sports Corp.,Communication Services,Entertainment,NYSE,407.17,241772,9803069440,12.8977,389.02,312.84,1.4072,13.04,33.33,81.09,47.36,0.0,83.75,2,438.93,191.33,-7.24,0.0,,8,,20260814
NEMKY,Nemetschek SE,Technology,Software - Application,PNK,13.63,981,7865109504,0.9727,13.9,17.28,-0.2751,-15.18,-36.52,-77.72,-47.66,0.0,17.0,4,31.07,11.25,-56.13,0.0,,8,,20260814
KRMN,Karman Holdings Inc.,Industrials,Aerospace & Defense,NYSE,62.01,3553203,8218415104,3.714,51.04,74.14,2.9528,0.14,-48.85,12.26,-12.16,0.0,40.0,3,118.38,43.68,-47.62,0.0,,8,,20260814
SBYSF,Sibanye Stillwater Limited,Basic Materials,Other Precious Metals & Mining,PNK,2.08,124,5980668416,0.0161,2.36,3.11,-17.3381,-41.33,-58.12,-28.33,-42.01,0.0,0.0,4,5.54,1.78,-62.45,0.0,,8,,20260814
ENS,EnerSys,Industrials,Electrical Equipment & Parts,NYSE,203.4,550735,7335666176,10.4842,209.2,180.36,-0.553,-19.29,3.23,91.07,32.73,0.0,43.25,3,244.3,97.03,-16.74,0.0,,8,,20260814
IESFY,Interconexión Eléctrica S.A. E.S.P.,Utilities,Utilities - Regulated Electric,OQX,213.3,82,9685621760,11.2536,220.5,191.48,-0.6398,1.53,-6.38,47.7,17.23,0.0,64.5,3,300.0,111.94,-28.9,0.0,,8,,20260814
EMN,Eastman Chemical Company,Basic Materials,Specialty Chemicals,NYSE,74.07,1216972,8468172800,1.943,70.73,68.45,1.7216,-4.92,-15.75,3.0,-5.54,0.0,65.0,2,83.47,56.11,-11.26,0.0,,8,,20260814
LEVI,Levi Strauss & Co.,Consumer Cyclical,Apparel Manufacturing,NYSE,22.55,2643356,8678379520,0.7068,,,,-0.85,-9.18,-9.73,-7.32,0.0,19.5,3,25.7,17.72,-12.26,0.0,,8,,20260814
CNRAF,Vicinity Centres,Real Estate,REIT - Retail,PNK,1.85,340,5846823936,0.0075,1.82,1.6,4.5855,-8.36,31.3,-9.49,5.07,0.0,50.0,2,1.9,1.26,-2.63,0.0,,8,,20260814
SNPTF,Sunny Optical Technology (Group) Company Limited,Technology,Electronic Components,PNK,6.99,14,7504185344,0.0483,8.3,8.05,-27.238,-16.02,-21.26,-49.49,-31.24,0.0,0.0,4,11.62,6.61,-39.91,0.0,,8,,20260814
HSIC,"Henry Schein, Inc.",Healthcare,Medical Distribution,NASDAQ,89.77,1403543,10004555776,2.1826,83.99,77.22,2.6494,24.84,-0.39,12.95,11.25,0.0,88.75,2,92.18,61.95,-2.61,0.0,,8,,20260814
FDS,FactSet Research Systems Inc.,Financial Services,Financial Data & Stock Exchanges,NYSE,283.49,942390,10082476032,11.8409,253.36,246.26,2.5445,24.69,28.44,-47.8,-2.99,0.0,88.75,2,387.75,185.0,-26.89,0.0,,8,,20260814
KNTK,Kinetik Holdings Inc.,Energy,Oil & Gas Midstream,NYSE,53.44,1018875,9042040832,1.6065,48.04,42.25,3.3629,7.73,18.23,15.91,14.68,0.0,86.25,2,54.12,31.33,-1.26,0.0,,8,,20260814
ENPH,"Enphase Energy, Inc.",Technology,Solar,NASDAQ,40.48,6858490,5349215232,2.5666,44.96,40.23,-1.7468,-19.72,-22.85,-3.42,-14.3,0.0,37.5,3,73.74,25.78,-45.1,0.0,,8,,20260814
SSL,Sasol Ltd.,Basic Materials,Specialty Chemicals,NYSE,11.53,1427600,0,0.3714,11.36,9.73,0.4555,-18.72,51.78,111.64,58.1,0.0,63.75,2,14.37,5.24,-19.76,0.0,,8,,20260814
ARE,Alexandria Real Estate Equities,Real Estate,REIT - Office,NYSE,48.14,1863198,8284666880,1.7471,50.56,49.63,-1.3844,0.74,-24.31,-54.37,-30.07,0.0,62.75,4,88.24,39.41,-45.44,0.0,,8,,20260814
BRRLY,Barry Callebaut AG,Consumer Defensive,Confectioners,PNK,14.03,43538,7694970368,0.403,13.97,15.45,0.1732,-12.05,-37.37,-0.31,-16.22,0.0,43.25,3,19.72,11.44,-28.83,0.0,,8,,20260814
CMHHY,China Merchants Port Holdings Company Limited,Industrials,Marine Shipping,PNK,18.5,51,7766317056,0.1677,17.64,19.22,5.1224,-11.26,-14.14,-26.85,-18.5,0.0,38.25,3,21.81,16.45,-15.18,0.0,,8,,20260814
WEIGF,The Weir Group PLC,Industrials,Specialty Industrial Machinery,PNK,36.66,98,9656918016,0.1751,33.08,37.44,20.4605,2.64,-28.6,-9.24,-13.05,0.0,62.0,3,48.94,30.55,-25.09,0.0,,8,,20260814
HESM,Hess Midstream LP,Energy,Oil & Gas Midstream,NYSE,40.53,1258430,8356408832,0.7913,38.34,35.62,2.7711,0.21,4.05,-17.28,-5.44,0.0,83.75,2,41.8,31.63,-3.04,0.0,,8,,20260814
CCOEY,"Capcom Co., Ltd.",Communication Services,Electronic Gaming & Multimedia,PNK,13.12,168293,10980606976,0.4403,10.31,11.06,6.3848,13.18,18.39,-25.68,-0.54,0.0,91.25,3,14.79,8.63,-11.26,0.0,,8,,20260814
TYCMY,Tingyi (Cayman Islands) Holding Corp.,Consumer Defensive,Packaged Foods,PNK,34.34,29172,9677898752,1.6134,28.37,28.97,3.7009,11.16,-0.35,1.34,3.2,0.0,86.25,3,35.95,23.63,-4.48,0.0,,8,,20260814
STJPF,St. James's Place plc,Financial Services,Asset Management,PNK,14.13,67,7129054720,0.0705,15.43,17.47,-18.5025,-24.67,-46.05,-36.65,-36.95,0.0,0.0,4,21.03,14.13,-32.82,0.0,,8,,20260814
VFS,VinFast Auto Ltd.,Consumer Cyclical,Auto Manufacturers,NASDAQ,3.17,466358,7416329728,0.1187,3.12,3.42,0.4171,-27.74,-17.85,-32.34,-26.12,0.0,52.0,3,5.29,2.78,-40.02,0.0,,8,,20260814
MTCH,"Match Group, Inc.",Communication Services,Internet Content & Information,NASDAQ,37.95,3262809,8852464640,1.2698,37.16,33.63,0.6226,1.38,5.33,-15.6,-4.03,0.0,90.0,2,41.4,28.81,-8.33,0.0,,8,,20260814
SFOSF,"Shanghai Fosun Pharmaceutical (Group) Co., Ltd.",Healthcare,Drug Manufacturers - Specialty & Generic,PNK,1.95,130,7337246720,0.0176,2.12,2.63,-9.5311,-30.73,-38.52,-39.61,-37.01,0.0,0.0,4,3.5,1.95,-44.29,0.0,,8,,20260814
ICL,ICL Group Ltd.,Basic Materials,Agricultural Inputs,NYSE,5.55,1309469,0,0.1287,5.29,5.43,2.0457,-19.19,-12.01,-31.99,-21.8,0.0,62.5,3,6.97,4.76,-20.37,0.0,,8,,20260814
Z,"Zillow Group, Inc.",Communication Services,Internet Content & Information,NASDAQ,34.78,4464491,7821150720,2.0521,33.14,50.04,0.8013,-17.68,-49.19,-79.63,-53.49,0.0,41.25,3,93.88,29.23,-62.95,0.0,,8,,20260814
ZG,"Zillow Group, Inc.",Communication Services,Internet Content & Information,NASDAQ,35.16,1345462,7906603520,2.0388,33.35,49.8,0.8867,-18.79,-47.28,-77.83,-52.38,0.0,40.0,3,90.22,29.03,-61.03,0.0,,8,,20260814
TKR,The Timken Company,Industrials,Tools & Accessories,NYSE,133.5,1043922,9251128320,4.8218,136.68,106.42,-0.6596,8.81,10.88,59.06,29.63,0.0,75.75,3,146.37,70.57,-8.79,0.0,,8,,20260814
CMHHF,China Merchants Port Holdings Company Limited,Industrials,Marine Shipping,PNK,1.96,1754,8228098048,0.0997,1.85,1.91,1.103,-5.29,-12.3,-14.68,-11.5,0.0,51.25,3,2.34,1.35,-16.24,0.0,,8,,20260814
XNGSY,ENN Energy Holdings Limited,Utilities,Utilities - Regulated Gas,PNK,23.81,58683,6618315264,0.5937,23.18,30.33,1.0543,-25.03,-41.78,-48.59,-40.32,0.0,42.5,3,39.4,20.55,-39.57,0.0,,8,,20260814
BYCBF,Barry Callebaut AG,Consumer Defensive,Confectioners,PNK,1400.0,20,7675781632,10.3187,1408.33,1544.94,-0.8071,-13.1,-32.42,-8.56,-18.05,0.0,25.25,4,1908.75,1220.45,-26.65,0.0,,8,,20260814
FNMA,Federal National Mortgage Association,Financial Services,Mortgage Finance,OQB,6.22,3942569,7203304448,0.3,6.29,8.07,-0.2433,-25.33,-36.98,-60.93,-43.65,0.0,25.75,4,15.99,3.6,-61.1,0.0,,8,,20260814
FNMAH,Federal National Mortgage Association,Financial Services,Mortgage Finance,OQB,7.25,10127,41606590464,0.3731,7.97,10.1,-1.9374,-30.17,-47.43,-67.45,-51.12,0.0,10.0,4,14.5,6.45,-50.0,0.0,,8,,20260814
FNMAJ,Federal National Mortgage Association,Financial Services,Mortgage Finance,OQB,8.1,17014,46484606707,0.2973,8.53,10.93,-1.4374,-26.78,-45.11,-66.12,-48.93,0.0,8.75,4,15.77,6.95,-48.64,0.0,,8,,20260814
FNMAT,Federal National Mortgage Association,Financial Services,Mortgage Finance,OQB,8.8,93980,50501793657,0.2703,8.76,11.18,0.1314,-23.67,-40.95,-67.48,-47.24,0.0,37.5,3,16.65,7.8,-47.15,0.0,,8,,20260814
FNMAI,Federal National Mortgage Association,Financial Services,Mortgage Finance,OQB,7.75,19372,44476010496,0.2005,8.2,10.59,-2.2388,-31.04,-46.83,-71.65,-52.81,0.0,6.25,4,15.6,7.25,-50.3,0.0,,8,,20260814
FNMFO,Federal National Mortgage Association,Financial Services,Mortgage Finance,OQB,31500.0,24,180773462016000,550.6336,35960.0,43439.25,-8.0998,-25.78,-43.23,-61.4,-46.14,0.0,2.5,4,63000.0,30200.0,-50.0,0.0,,8,,20260814
FNMAP,Federal National Mortgage Association,Financial Services,Mortgage Finance,OQB,12.8,14074,0,0.44,12.43,16.67,0.8346,-21.62,-45.77,-66.93,-48.19,0.0,35.0,3,24.79,10.61,-48.37,0.0,,8,,20260814
FNMFN,Federal National Mortgage Association,Financial Services,Mortgage Finance,OQB,15.95,17104,91534497926,0.3704,16.93,21.66,-2.6576,-27.85,-45.95,-67.03,-49.86,0.0,5.0,4,31.0,14.27,-48.55,0.0,,8,,20260814
FNMAK,Federal National Mortgage Association,Financial Services,Mortgage Finance,OQB,14.75,693,84647890944,0.2935,15.11,19.29,-1.2226,-20.22,-40.0,-59.99,-43.05,0.0,18.25,4,27.5,12.75,-46.36,0.0,,8,,20260814
FNMAG,Federal National Mortgage Association,Financial Services,Mortgage Finance,OQB,15.65,732,89812844812,0.2262,15.73,19.87,-0.3457,-19.84,-37.67,-57.29,-41.06,0.0,14.5,4,28.33,13.51,-44.76,0.0,,8,,20260814
FNMFM,Federal National Mortgage Association,Financial Services,Mortgage Finance,OQB,13.61,1829,78105611300,0.3002,13.97,18.66,-1.1907,-25.67,-51.93,-57.68,-47.66,0.0,14.5,4,26.5,12.12,-48.64,0.0,,8,,20260814
FNMAO,Federal National Mortgage Association,Financial Services,Mortgage Finance,OQB,12.5,1848,71735500800,0.3354,12.65,16.56,-0.4622,-24.98,-47.93,-56.46,-45.6,0.0,19.5,4,26.36,10.7,-52.58,0.0,,8,,20260814
FNMAL,Federal National Mortgage Association,Financial Services,Mortgage Finance,OQB,12.9,770,74031034636,0.3154,13.64,17.98,-2.3434,-25.5,-44.57,-71.59,-50.61,0.0,5.0,4,27.04,11.69,-52.29,0.0,,8,,20260814
FNMAS,Federal National Mortgage Association,Financial Services,Mortgage Finance,OQB,10.13,541199,58134450505,0.3095,10.62,12.93,-1.5692,-25.0,-39.58,-64.95,-46.08,0.0,23.25,4,17.99,9.2,-43.69,0.0,,8,,20260814
FNMAN,Federal National Mortgage Association,Financial Services,Mortgage Finance,OQB,14.56,2220,83557513739,0.3201,15.19,19.37,-1.9744,-24.84,-41.54,-58.22,-44.04,0.0,23.25,4,27.62,12.92,-47.28,0.0,,8,,20260814
FNMAM,Federal National Mortgage Association,Financial Services,Mortgage Finance,OQB,14.95,19985,85795657862,0.4577,15.18,19.7,-0.5095,-20.88,-42.88,-61.1,-44.67,0.0,18.25,4,28.85,12.6,-48.18,0.0,,8,,20260814
ASXFY,ASX Limited,Financial Services,Financial Data & Stock Exchanges,PNK,41.35,39954,8080197120,1.1181,37.1,37.43,3.8016,-7.36,-6.46,-23.34,-13.44,0.0,57.5,3,45.74,32.12,-9.6,0.0,,8,,20260814
EDU,New Oriental Education & Techno,Consumer Defensive,Education & Training Services,NYSE,52.54,694417,0,1.9661,49.38,53.41,1.6096,-3.31,-23.96,-6.57,-11.84,0.0,74.5,3,64.97,44.25,-19.13,0.0,,8,,20260814
LUNR,"Intuitive Machines, Inc.",Industrials,Aerospace & Defense,NASDAQ,19.01,13111430,3050198272,1.6476,18.58,19.31,0.2603,-51.98,6.37,59.5,13.04,0.0,52.0,3,46.75,7.78,-59.34,0.0,,8,,20260814
NE,Noble Corporation plc,Energy,Oil & Gas Drilling,NYSE,45.1,1565522,7199863808,1.59,42.08,39.85,1.9012,-15.91,-2.35,54.66,17.06,0.0,68.75,2,54.98,26.2,-17.97,0.0,,8,,20260814
TEM,"Tempus AI, Inc.",Healthcare,Health Information Services,NASDAQ,52.1,6012177,9400650752,3.3731,51.54,57.47,0.166,10.52,-11.96,-46.89,-20.31,0.0,74.5,3,104.32,40.77,-50.06,0.0,,8,,20260814
RTLLF,RATIONAL Aktiengesellschaft,Industrials,Specialty Industrial Machinery,PNK,732.09,27,8418038784,8.7788,756.75,768.85,-2.8092,-12.95,-19.61,-30.02,-22.11,0.0,50.25,4,887.11,695.8,-17.47,0.0,,8,,20260814
SCVPY,The Siam Cement Public Company Limited,Industrials,Conglomerates,PNK,8.56,43,10272000000,0.0374,7.82,6.09,19.8116,4.05,66.12,58.24,47.45,0.0,75.0,2,8.56,4.9,0.0,0.0,,8,,20260814
NDRBF,NIBE Industrier AB (publ),Industrials,Building Products & Equipment,PNK,4.13,382,8996382720,0.0451,3.79,3.96,7.5669,-14.16,-9.85,-35.77,-21.3,0.0,50.0,3,4.87,3.5,-15.2,0.0,,8,,20260814
CIADY,China Mengniu Dairy Company Limited,Consumer Defensive,Packaged Foods,PNK,22.83,9541,8825518080,0.4826,21.92,20.26,1.8758,0.95,-9.41,-11.68,-7.73,0.0,81.25,2,24.81,17.81,-7.98,0.0,,8,,20260814
FRO,Frontline plc,Energy,Oil & Gas Midstream,NYSE,41.21,2767885,9174289408,1.4518,37.97,30.78,2.2294,11.98,34.88,113.91,60.77,0.0,86.25,2,43.1,18.43,-4.39,0.0,,8,,20260814
EGO,Eldorado Gold Corporation,Basic Materials,Gold,NYSE,39.73,2610380,10361994240,1.8612,32.27,34.53,4.0054,6.63,-21.1,54.94,16.25,0.0,88.75,3,51.16,21.84,-22.34,0.0,,8,,20260814
ALNPY,ANA Holdings Inc.,Industrials,Airlines,PNK,3.99,3343,8632440832,0.167,3.72,3.81,1.5978,8.27,-16.39,-21.83,-12.4,0.0,82.5,3,4.48,3.3,-10.94,0.0,,8,,20260814
IGGHY,IG Group Holdings plc,Financial Services,Capital Markets,PNK,19.65,137,6477315584,0.3756,23.12,18.86,-9.2277,-12.16,-13.12,21.5,0.97,0.0,51.25,3,25.0,13.35,-21.4,0.0,,8,,20260814
CIBEY,Commercial International Bank Egypt (CIB) S.A.E.,Financial Services,Banks - Regional,OQX,2.64,13082,8710094848,0.0516,2.58,2.43,1.0978,-3.35,-15.41,15.03,-0.22,0.0,85.0,2,2.87,1.75,-8.01,0.0,,8,,20260814
PPRQF,Choice Properties Real Estate Investment Trust,Real Estate,REIT - Retail,PNK,11.25,20654,8187181056,0.225,,,,-5.56,-11.93,-12.62,-10.61,0.0,12.0,3,11.81,9.86,-4.74,0.0,,8,,20260814
MANH,"Manhattan Associates, Inc.",Technology,Software - Application,NASDAQ,197.39,752037,11508817920,9.3825,159.34,155.87,4.0555,38.04,20.55,-27.28,5.79,0.0,91.25,2,220.59,119.06,-10.52,0.0,,8,,20260814
ORA,"Ormat Technologies, Inc.",Utilities,Utilities - Renewable,NYSE,114.76,894732,7057389056,4.055,116.86,115.66,-0.5176,-12.37,-18.65,9.79,-5.7,0.0,39.0,4,146.39,87.33,-21.61,0.0,,8,,20260814
NEXNY,Nexans S.A.,Industrials,Electrical Equipment & Parts,PNK,80.24,860,7019149824,1.068,81.47,76.72,-1.1497,-19.69,-14.66,-19.38,-17.8,0.0,43.25,3,97.43,64.44,-17.64,0.0,,8,,20260814
FITGF,FIT Hon Teng Limited,Technology,Electronic Components,PNK,0.66,9238,4674901504,0.0548,0.85,0.81,-3.5462,-54.53,-8.34,36.8,-1.83,0.0,6.25,4,1.4,0.47,-53.04,0.0,,8,,20260814
CPBLF,ALS Limited,Industrials,Consulting Services,PNK,15.77,4,9021801472,0.0103,16.01,14.75,-22.9603,6.95,-15.25,19.67,4.27,0.0,62.0,3,18.19,10.95,-13.28,0.0,,8,,20260814
AGCO,AGCO Corporation,Industrials,Farm & Heavy Construction Machinery,NYSE,101.33,767451,7096314880,3.9031,112.72,114.22,-2.9179,-19.79,-36.25,-29.81,-29.56,0.0,11.25,4,143.78,98.8,-29.52,0.0,,8,,20260814
REXR,"Rexford Industrial Realty, Inc.",Real Estate,REIT - Industrial,NYSE,36.23,2637140,8283426304,0.869,35.18,36.6,1.2118,-3.03,-15.81,-19.72,-14.18,0.0,69.5,3,44.38,32.14,-18.36,0.0,,8,,20260814
SFM,"Sprouts Farmers Market, Inc. Common Stock",Consumer Defensive,Grocery Stores,NASDAQ,82.5,2137366,7692929024,3.759,82.04,79.6,0.1214,-10.49,13.07,-67.97,-25.23,0.0,66.25,3,152.25,64.75,-45.81,0.0,,8,,20260814
ASGLF,AGC Inc.,Industrials,Conglomerates,PNK,38.35,34,8145301504,0.8168,-1.55,-1.23,48.8491,-166.53,-185.28,-93.46,-143.86,0.0,62.0,3,38.35,30.0,-0.0,0.0,,8,,20260814
VIRT,"Virtu Financial, Inc.",Financial Services,Capital Markets,NYSE,60.02,1242151,5299806720,2.4708,58.52,44.84,0.6063,11.73,42.03,21.52,26.25,0.0,88.75,2,68.02,31.55,-11.76,0.0,,8,,20260814
ACKDF,Auckland International Airport Limited,Industrials,Airports & Air Services,PNK,4.85,643,8221378560,0.1181,5.04,4.93,-1.5838,-10.26,-20.5,-22.93,-18.91,0.0,51.5,3,5.59,3.99,-13.24,0.0,,8,,20260814
CDNTF,"Canadian Tire Corporation, Limited",Consumer Cyclical,Specialty Retail,PNK,155.7,6,8191827968,3.114,,,,-10.6,-16.94,-41.59,-25.22,0.0,13.25,3,236.05,150.14,-34.04,0.0,,8,,20260814
CHOLF,China Oilfield Services Limited,Energy,Oil & Gas Equipment & Services,PNK,0.9,98,4294432768,0.0034,0.95,1.02,-14.7698,-20.82,-21.4,-18.51,-20.1,0.0,0.0,4,1.23,0.86,-26.83,0.0,,8,,20260814
MTLHF,Mitsubishi Chemical Group Corporation,Basic Materials,Specialty Chemicals,PNK,6.26,50,8505386496,0.0047,6.33,6.14,-15.6593,-1.92,-3.22,-0.05,-1.63,0.0,62.0,3,7.25,4.91,-13.66,0.0,,8,,20260814
NXDCF,NEXTDC Limited,Technology,Information Technology Services,PNK,10.86,817,8256220160,0.1205,10.24,9.9,5.0906,-0.03,-2.46,-0.33,-1.0,0.0,50.0,3,12.29,7.52,-11.66,0.0,,8,,20260814
SKPJF,SKY Perfect JSAT Corporation,Communication Services,Broadcasting,PNK,22.38,3,6343064576,0.0473,22.73,-1.06,-7.5423,214.15,-252.53,-41.86,-51.59,0.0,62.0,3,28.0,7.0,-20.09,0.0,,8,,20260814
CHRD,Chord Energy Corporation,Energy,Oil & Gas E&P,NASDAQ,137.32,821153,7511112192,5.1938,128.81,114.81,1.6383,-6.38,24.31,19.11,14.56,0.0,67.5,2,151.95,84.25,-9.63,0.0,,8,,20260814
HALO,"Halozyme Therapeutics, Inc.",Healthcare,Biotechnology,NASDAQ,98.66,2009393,11197713408,3.2643,79.07,71.11,6.0004,33.65,10.22,33.44,25.37,0.0,88.75,2,104.78,61.23,-5.84,0.0,,8,,20260814
AUKNY,Auckland International Airport Limited,Industrials,Airports & Air Services,PNK,26.4,125,8980920320,0.1114,24.82,24.2,14.1912,1.59,-5.84,-5.18,-3.72,0.0,75.0,2,29.59,20.69,-10.78,0.0,,8,,20260814
STBFY,Suntory Beverage & Food Limited,Consumer Defensive,Beverages - Non-Alcoholic,PNK,14.56,99474,8998070272,0.2666,14.01,14.74,2.0815,-2.96,-25.28,-32.92,-22.76,0.0,73.25,3,16.91,12.83,-13.92,0.0,,8,,20260814
SM,SM Energy Company,Energy,Oil & Gas E&P,NYSE,33.75,3953988,8027574784,1.5054,29.99,25.15,2.4988,4.17,43.7,7.59,19.37,0.0,77.0,2,35.88,17.45,-5.94,0.0,,8,,20260814
ALBHF,Alibaba Health Information Technology Limited,Healthcare,Pharmaceutical Retailers,PNK,0.44,340,7117132288,0.0068,0.41,0.59,4.5467,-20.14,-55.72,-50.71,-44.82,0.0,25.0,3,0.9,0.4,-51.11,0.0,,8,,20260814
KLYCY,Kunlun Energy Company Limited,Energy,Oil & Gas Refining & Marketing,PNK,9.0,5912,7759650304,0.2374,8.67,9.39,1.3975,-14.34,-23.36,-30.64,-24.02,0.0,40.75,3,11.76,7.77,-23.47,0.0,,8,,20260814
ELEEF,Element Fleet Management Corp.,Industrials,Rental & Leasing Services,PNK,20.49,99503,8113883136,0.4617,20.65,23.24,-0.3483,-0.41,-33.48,-45.94,-30.2,0.0,49.5,4,27.57,18.47,-25.68,0.0,,8,,20260814
NSANF,"Nissan Motor Co., Ltd.",Consumer Cyclical,Auto Manufacturers,PNK,2.06,10933,7202547712,0.1703,2.11,2.35,-0.2771,-18.07,-36.94,-25.36,-27.59,0.0,15.75,4,3.28,1.8,-37.2,0.0,,8,,20260814
FKKFY,"Fukuoka Financial Group, Inc.",Financial Services,Banks - Regional,PNK,22.4,625,8466355712,1.1288,22.12,19.14,0.2444,4.29,-15.84,40.92,11.89,0.0,78.75,2,25.99,12.88,-13.81,0.0,,8,,20260814
CORZ,"Core Scientific, Inc.",Technology,Software - Infrastructure,NASDAQ,20.18,12766448,6484650496,1.7572,23.85,19.81,-2.087,-23.05,0.89,23.99,4.14,0.0,32.5,3,30.46,13.13,-33.75,0.0,,8,,20260814
YOU,"Clear Secure, Inc.",Technology,Software - Application,NYSE,45.45,1480954,6171568128,3.1151,53.42,45.24,-2.5597,-22.79,28.35,16.79,10.94,0.0,33.75,3,69.07,29.43,-34.2,0.0,,8,,20260814
ACI,"Albertsons Companies, Inc.",Consumer Defensive,Grocery Stores,NYSE,12.42,8608759,6027745280,0.5191,13.55,15.98,-2.1823,-26.25,-40.28,-56.55,-43.28,0.0,13.75,4,20.0,10.86,-37.9,0.0,,8,,20260814
OSK,Oshkosh Corporation,Industrials,Farm & Heavy Construction Machinery,NYSE,152.89,803537,9439389696,5.6642,143.77,142.16,1.611,9.72,-22.82,-7.19,-8.44,0.0,86.25,2,180.49,116.77,-15.29,0.0,,8,,20260814
ZWS,Zurn Elkay Water Solutions Corporation,Industrials,Pollution & Treatment Controls,NYSE,50.97,997372,8454093312,1.4391,49.14,48.06,1.27,-5.14,-15.0,-6.73,-9.23,0.0,87.5,2,55.0,43.06,-7.33,0.0,,8,,20260814
CWEN,"Clearway Energy, Inc.",Utilities,Utilities - Renewable,NYSE,34.14,1329069,8420152832,1.1087,35.09,35.79,-0.8605,-15.61,-23.03,-4.03,-13.57,0.0,34.0,4,41.74,27.67,-18.21,0.0,,8,,20260814
TAP,Molson Coors Beverage Company,Consumer Defensive,Beverages - Brewers,NYSE,42.77,3179745,7974635008,1.3045,40.52,43.74,1.7215,-0.84,-26.51,-35.2,-23.57,0.0,75.75,3,54.82,38.04,-21.98,0.0,,8,,20260814
DUFRY,Avolta AG,Consumer Cyclical,Specialty Retail,PNK,6.07,49804,8589577216,0.1261,6.18,5.85,-0.8397,1.74,-14.83,-9.84,-8.69,0.0,69.5,3,6.81,5.12,-10.87,0.0,,8,,20260814
SHBBF,SYENSQO SA,Basic Materials,Chemicals,PNK,95.82,544,9770177536,1.1569,80.36,75.5,13.3574,32.89,-13.17,-12.5,-1.39,0.0,78.75,2,98.2,48.08,-2.43,0.0,,8,,20260814
SBSW,Sibanye Stillwater Limited,Basic Materials,Other Precious Metals & Mining,NYSE,10.77,5237088,7790698496,0.4172,9.24,12.4,3.6657,-22.19,-45.42,7.75,-18.35,0.0,37.5,3,21.29,7.1,-49.41,0.0,,8,,20260814
SSDOF,"Shiseido Company, Limited",Consumer Defensive,Household & Personal Products,PNK,22.5,180,8991548416,0.2671,18.23,18.41,15.9919,5.11,11.77,21.23,13.89,0.0,50.0,3,22.5,15.05,0.0,0.0,,8,,20260814
BLDR,"Builders FirstSource, Inc.",Industrials,Building Products & Equipment,NYSE,72.51,2483119,7801819136,3.7643,76.5,93.8,-1.0588,-5.81,-56.3,-67.12,-48.01,0.0,11.25,4,151.03,65.1,-51.99,0.0,,8,,20260814
AMG,"Affiliated Managers Group, Inc.",Financial Services,Asset Management,NYSE,374.37,306885,0,11.6697,354.29,304.55,1.7205,18.98,10.44,54.02,30.01,0.0,90.0,2,392.92,215.0,-4.72,0.0,,8,,20260814
CMC,Commercial Metals Company,Industrials,Metal Fabrication,NYSE,71.63,1249895,0,2.3146,70.13,68.63,0.6494,-4.29,-25.57,10.99,-5.63,0.0,61.25,2,84.87,53.08,-15.6,0.0,,8,,20260814
SOBO,South Bow Corporation,Energy,Oil & Gas Midstream,NYSE,36.79,800730,7673957376,0.847,36.4,31.38,0.4589,0.14,17.38,15.04,12.14,0.0,85.0,2,38.94,25.02,-5.52,0.0,,8,,20260814
NSANY,"Nissan Motor Co., Ltd.",Consumer Cyclical,Auto Manufacturers,PNK,4.15,233912,7254993920,0.1293,4.13,4.65,0.116,-13.06,-32.51,-31.38,-27.19,0.0,37.5,3,6.06,3.72,-31.52,0.0,,8,,20260814
ALBBY,Alibaba Health Information Technology Limited,Healthcare,Pharmaceutical Retailers,PNK,8.85,495,7157571072,0.2878,8.23,11.81,2.1416,-20.18,-49.92,-46.66,-41.18,0.0,27.5,3,19.45,7.83,-54.5,0.0,,8,,20260814
BOKF,BOK Financial Corporation,Financial Services,Banks - Regional,NASDAQ,146.07,264412,8876217344,2.149,137.76,127.03,3.8665,7.73,-4.33,24.07,10.05,0.0,88.75,2,146.38,102.72,-0.21,0.0,,8,,20260814
NXPRF,Nexans S.A.,Industrials,Electrical Equipment & Parts,PNK,149.24,103,6527529984,0.6938,166.94,152.87,-25.5188,-30.2,-15.93,-14.96,-19.11,0.0,12.0,4,201.32,136.79,-25.87,0.0,,8,,20260814
FLY,Firefly Aerospace Inc.,Industrials,Aerospace & Defense,NASDAQ,26.67,6243658,4464681984,2.1461,26.14,27.45,0.2459,-41.1,24.85,-69.17,-29.24,0.0,50.75,3,62.17,16.0,-57.1,0.0,,8,,20260814
MYTKY,Magyar Telekom Telecommunicatio,Communication Services,Telecom Services,PNK,8.43,10035,7541443584,0.2851,8.66,12.96,-0.8019,0.09,30.23,-89.78,-25.31,0.0,50.75,4,29.6,5.22,-71.52,0.0,,8,,20260814
AOS,A. O. Smith Corporation,Industrials,Specialty Industrial Machinery,NYSE,62.17,1752525,8449436160,1.8296,,,,2.23,-34.6,-33.32,-24.88,0.0,24.5,3,81.87,54.16,-24.06,0.0,,8,,20260814
ESALF,"Eisai Co., Ltd.",Healthcare,Drug Manufacturers - Specialty & Generic,PNK,28.71,67,8102995456,0.4054,25.91,28.51,6.9119,-10.03,-4.13,-20.9,-12.31,0.0,50.0,3,35.83,23.88,-19.87,0.0,,8,,20260814
PTBRY,PT Bank Negara Indonesia (Persero) Tbk,Financial Services,Banks - Regional,PNK,10.15,5408,7566855168,0.5212,9.77,11.4,0.7375,-17.35,-29.96,-40.97,-31.21,0.0,33.75,3,15.49,8.38,-34.44,0.0,,8,,20260814
TKAMY,thyssenkrupp AG,Industrials,Conglomerates,PNK,15.99,22104,10062365696,0.4498,13.35,12.14,5.8668,26.87,0.94,15.85,13.39,0.0,90.0,2,17.02,8.16,-6.05,0.0,,8,,20260814
JINFF,China Gold International Resources Corp. Ltd.,Basic Materials,Other Precious Metals & Mining,PNK,24.87,7550,9858810880,1.1196,19.72,20.77,4.5997,7.37,-11.44,143.34,55.17,0.0,77.5,3,31.82,9.66,-21.84,0.0,,8,,20260814
UBTRF,UBTECH ROBOTICS CORP LTD,Unknown,Unknown,PNK,11.6,8042,0,0.6111,11.6,11.6,0.0,4.66,4.66,4.66,4.66,0.0,76.47,3,21.47,9.5,-45.97,0.0,,8,,20260814
HCXLF,Hiscox Ltd,Financial Services,Insurance - Property & Casualty,PNK,24.5,372,7821877760,0.1303,24.47,20.48,0.2626,8.6,7.28,19.72,12.58,0.0,75.0,2,25.26,17.0,-3.01,0.0,,8,,20260814
IDA,"IDACORP, Inc.",Utilities,Utilities - Regulated Electric,NYSE,142.61,577669,8248854016,3.1448,144.43,136.92,-0.5797,-6.61,-5.71,-5.76,-5.95,0.0,74.5,3,154.91,122.3,-7.94,0.0,,8,,20260814
EMLAF,Empire Company Limited,Consumer Defensive,Grocery Stores,PNK,35.48,38295,7941405184,0.4076,35.2,34.83,0.69,-0.52,-11.36,-35.76,-18.41,0.0,78.75,2,41.9,32.56,-15.32,0.0,,8,,20260814
WILYY,Demant A/S,Healthcare,Medical Devices,PNK,23.0,154,9701336064,0.2065,20.42,17.25,12.4682,22.14,38.35,-8.82,15.43,0.0,77.5,2,23.32,13.45,-1.37,0.0,,8,,20260814
WJRYF,West Japan Railway Company,Industrials,Railroads,PNK,18.01,440,8196059648,0.2613,17.5,19.5,1.9678,-2.1,-41.28,-45.03,-32.99,0.0,62.0,3,25.03,15.46,-28.05,0.0,,8,,20260814
FBBPF,FIBRA Prologis,Real Estate,REIT - Industrial,PNK,4.38,5480,7306735104,0.1681,4.5,4.47,-0.6865,-13.03,-26.72,-2.53,-13.62,0.0,30.25,4,5.18,3.59,-15.41,0.0,,8,,20260814
WFRD,Weatherford International plc,Energy,Oil & Gas Equipment & Services,NASDAQ,94.79,1279932,6794704896,3.4398,88.97,90.17,1.6896,-17.0,-19.16,54.91,11.01,0.0,63.75,3,113.15,54.69,-16.23,0.0,,8,,20260814
HCXLY,Hiscox Ltd,Financial Services,Insurance - Property & Casualty,PNK,49.35,1156,7877748224,1.4682,49.52,49.35,-0.1188,10.22,11.16,11.16,10.93,0.0,68.25,3,53.42,36.78,-7.62,0.0,,8,,20260814
ASXFF,ASX Limited,Financial Services,Financial Data & Stock Exchanges,PNK,42.12,482,8230663168,0.6362,37.1,36.89,7.8916,-10.44,-9.2,-28.77,-17.34,0.0,50.0,2,46.39,30.9,-9.2,0.0,,8,,20260814
DVCMY,Davide Campari-Milano N.V.,Consumer Defensive,Beverages - Wineries & Distilleries,PNK,6.96,132595,8347561472,0.1844,6.39,6.73,3.0686,3.47,-18.23,-31.64,-18.17,0.0,87.5,3,8.12,6.0,-14.29,0.0,,8,,20260814
YOKEY,Yokogawa Electric Corporation,Industrials,Specialty Industrial Machinery,PNK,70.85,45,8864834560,0.5037,67.99,67.4,5.6842,-4.65,-5.77,3.84,-1.65,0.0,76.25,2,79.89,53.36,-11.32,0.0,,8,,20260814
SDXAY,Sodexo S.A.,Industrials,Specialty Business Services,PNK,13.04,92924,9514995712,0.2326,12.15,10.92,3.8043,21.44,3.24,-15.51,0.29,0.0,86.25,2,13.3,9.08,-1.95,0.0,,8,,20260814
BIO,"Bio-Rad Laboratories, Inc.",Healthcare,Medical Devices,NYSE,356.26,359108,9525742592,11.0267,308.65,297.43,4.3177,40.85,8.34,11.65,17.79,0.0,91.25,2,365.0,236.73,-2.39,0.0,,8,,20260814
CRL,Charles River Laboratories Inte,Healthcare,Diagnostics & Research,NYSE,280.05,923758,13489371136,10.0658,221.94,191.04,5.773,60.57,41.75,64.61,55.6,0.0,86.25,2,288.02,144.26,-2.77,0.0,,8,,20260814
WJRYY,West Japan Railway Company,Industrials,Railroads,PNK,18.03,92772,8205161472,0.6763,17.29,19.16,1.0877,-3.3,-35.02,-45.51,-31.28,0.0,73.25,3,23.87,15.08,-24.47,0.0,,8,,20260814
CELH,"Celsius Holdings, Inc.",Consumer Defensive,Beverages - Non-Alcoholic,NCM,29.09,10053746,7360789504,1.7557,29.13,39.16,-0.0246,-3.76,-49.03,-69.84,-46.03,0.0,25.75,4,66.74,23.56,-56.41,0.0,,8,,20260814
NFG,National Fuel Gas Company,Energy,Oil & Gas Integrated,NYSE,81.92,750688,7786094080,1.6287,78.92,82.53,1.8441,-1.43,-14.84,-27.61,-16.6,0.0,78.25,3,97.06,75.17,-15.6,0.0,,8,,20260814
CAMT,Camtek Ltd.,Technology,Semiconductor Equipment & Materials,NASDAQ,165.38,533538,7717983232,11.2472,159.31,149.69,0.5401,-6.93,-8.39,68.99,22.93,0.0,62.5,2,215.99,75.75,-23.43,0.0,,8,,20260814
KEX,Kirby Corporation,Industrials,Marine Shipping,NYSE,138.62,603356,7319135744,3.9777,139.13,128.85,-0.128,-10.39,2.61,15.96,4.7,0.0,48.25,3,157.69,79.52,-12.09,0.0,,8,,20260814
PDI,PIMCO Dynamic Income Fund,Financial Services,Asset Management,NYSE,15.75,2682264,7269639680,0.146,16.0,16.26,-1.71,-6.86,-23.38,-26.11,-20.34,0.0,31.5,4,20.17,15.74,-21.91,0.0,,8,,20260814
TBVPF,Thai Beverage Public Company Limited,Consumer Defensive,Beverages - Wineries & Distilleries,PNK,0.37,991,9386194944,0.0024,0.34,0.34,11.2597,9.9,0.96,-24.4,-6.95,0.0,75.0,3,0.4,0.3,-7.5,0.0,,8,,20260814
ESE,ESCO Technologies Inc.,Technology,Scientific & Technical Instruments,NYSE,305.86,251708,7923967488,12.7657,321.14,270.73,-1.1966,-2.57,1.32,35.28,13.93,0.0,74.5,3,362.15,182.85,-15.54,0.0,,8,,20260814
UGI,UGI Corporation,Utilities,Utilities - Regulated Gas,NYSE,35.37,1606977,7586686464,0.7747,35.19,35.81,0.2261,4.9,-15.74,-18.17,-11.55,0.0,72.0,3,41.34,31.62,-14.44,0.0,,8,,20260814
CBSH,"Commerce Bancshares, Inc.",Financial Services,Banks - Regional,NASDAQ,60.27,1216080,8644657152,0.957,57.24,52.69,3.1609,13.57,-2.18,-16.39,-3.93,0.0,91.25,2,60.92,46.99,-1.07,0.0,,8,,20260814
SSD,"Simpson Manufacturing Company, ",Basic Materials,Lumber & Wood Production,NYSE,193.78,308974,7942011392,5.6808,194.05,182.17,-0.0471,-0.73,-13.32,-15.59,-11.08,0.0,74.5,3,213.49,156.32,-9.23,0.0,,8,,20260814
BIRK,Birkenstock Holding plc,Consumer Cyclical,Footwear & Accessories,NYSE,39.35,2274479,6999885824,2.2204,43.01,40.54,-1.6491,-4.77,-10.6,-41.55,-21.52,0.0,44.5,4,53.53,31.12,-26.49,0.0,,8,,20260814
BZQIY,Bezeq The Israel Telecommunication Corp. Ltd,Communication Services,Telecom Services,PNK,11.24,95,6200060928,0.0719,12.3,12.02,-14.7363,-18.05,-29.11,0.37,-14.55,0.0,12.0,4,14.1,8.4,-20.28,0.0,,8,,20260814
RIG,Transocean Ltd (Switzerland),Energy,Oil & Gas Drilling,NYSE,5.76,38300832,6433229824,0.2417,5.37,5.42,1.5971,-20.68,-19.04,69.64,16.03,0.0,62.5,3,7.66,2.76,-24.8,0.0,,8,,20260814
GNZUF,"Guangzhou Automobile Group Co., Ltd.",Consumer Cyclical,Auto Manufacturers,PNK,0.28,1608,2855178496,0.0048,0.28,0.4,-0.462,-30.05,-53.66,-57.73,-49.39,0.0,12.0,4,0.56,0.24,-50.0,0.0,,8,,20260814
SKPJY,SKY Perfect JSAT Corporation,Communication Services,Broadcasting,PNK,27.55,16,3905059840,0.2585,36.61,23.76,-35.0356,-32.62,270.49,273.1,195.76,0.0,25.0,3,54.67,7.25,-49.6,0.0,,8,,20260814
OMRNF,OMRON Corporation,Technology,Electronic Components,PNK,31.68,23,6229219328,0.1817,36.31,2.09,-25.4959,-22.67,-237.98,22.52,-79.95,0.0,25.0,3,38.55,26.5,-17.82,0.0,,8,,20260814
ECG,"Everus Construction Group, Inc.",Industrials,Engineering & Construction,NYSE,141.04,607909,7198907904,8.6409,142.56,118.25,-0.1759,-19.2,26.35,74.29,34.14,0.0,48.25,3,171.58,72.43,-17.8,0.0,,8,,20260814
BYDIF,BYD Electronic (International) Company Limited,Technology,Electronic Components,PNK,3.1,22764,6962935808,0.2372,3.06,3.85,0.1492,-20.81,-38.83,-57.93,-41.97,0.0,30.0,3,5.79,2.41,-46.46,0.0,,8,,20260814
TOPPY,TOPPAN Holdings Inc.,Industrials,Conglomerates,PNK,16.63,2780,9340742656,0.6239,14.95,15.0,2.6904,-8.59,-1.85,-4.32,-4.52,0.0,55.0,3,18.11,10.77,-8.17,0.0,,8,,20260814
YAMHF,"Yamaha Motor Co., Ltd.",Consumer Cyclical,Auto Manufacturers,PNK,12.0,532,11648761856,0.301,8.24,7.4,12.4969,77.03,60.95,49.04,60.21,0.0,80.0,2,12.0,6.6,0.0,0.0,,8,,20260814
BPHLY,Bank of the Philippine Islands,Financial Services,Banks - Regional,PNK,34.58,2279,9157411840,1.8518,32.74,34.88,0.996,16.36,-24.9,-36.5,-19.23,0.0,67.0,3,44.49,27.0,-22.27,0.0,,8,,20260814
BYDIY,BYD Electronic (International) Company Limited,Technology,Electronic Components,PNK,163.4,537,7340281856,22.0501,156.21,190.93,0.3259,-19.59,-36.62,-51.68,-38.39,0.0,41.25,3,289.23,125.41,-43.51,0.0,,8,,20260814
IBRX,"ImmunityBio, Inc.",Healthcare,Biotechnology,NASDAQ,7.57,12069756,8022960640,0.4064,7.65,6.16,-0.1993,-11.15,-0.21,146.72,55.83,0.0,50.75,3,12.43,1.95,-39.1,0.0,,8,,20260814
TECH,Bio-Techne Corporation,Healthcare,Biotechnology,NASDAQ,72.4,4912198,11280692224,0.5944,65.65,59.89,11.3636,47.68,-1.55,21.27,19.89,0.0,85.0,2,72.42,43.2,-0.03,0.0,,8,,20260814
KYKOF,"Kyowa Kirin Co., Ltd.",Healthcare,Drug Manufacturers - Specialty & Generic,PNK,14.43,0,7552735232,0.0011,14.43,14.86,0.0,-9.88,-16.42,-40.19,-24.29,0.0,37.0,3,18.0,12.42,-19.86,0.0,,8,,20260814
THNPY,Technip Energies N.V.,Energy,Oil & Gas Equipment & Services,PNK,36.36,8012,6297756160,0.8295,38.37,39.4,-2.4213,-19.42,-16.98,-42.82,-27.93,0.0,23.25,4,49.18,33.61,-26.07,0.0,,8,,20260814
VLY,Valley National Bancorp,Financial Services,Banks - Regional,NASDAQ,15.01,6652941,8294604800,0.2789,14.44,12.7,2.0299,8.69,-1.04,42.41,18.77,0.0,88.75,2,15.2,9.64,-1.25,0.0,,8,,20260814
VLYPO,Valley National Bancorp,Financial Services,Banks - Regional,NASDAQ,24.74,7250,8201112004,0.1516,24.77,24.31,-0.2064,-4.7,-10.2,-16.51,-11.35,0.0,70.75,3,25.74,24.1,-3.89,0.0,,8,,20260814
VLYPP,Valley National Bancorp,Financial Services,Banks - Regional,NASDAQ,25.09,5053,8317134330,0.0887,24.83,24.43,2.8829,-4.13,-9.44,-15.64,-10.59,0.0,86.25,2,26.11,24.42,-3.91,0.0,,8,,20260814
VLYPN,Valley National Bancorp,Financial Services,Banks - Regional,NASDAQ,25.67,12408,0,0.1668,25.64,25.13,0.1692,-4.55,-9.97,-14.26,-10.33,0.0,83.75,2,26.61,25.19,-3.55,0.0,,8,,20260814
KNCRY,Konecranes Plc,Industrials,Farm & Heavy Construction Machinery,PNK,8.0,232,7604569600,0.0652,7.7,8.13,4.6065,-11.94,-22.97,-12.31,-15.95,0.0,38.25,3,10.21,3.13,-21.63,0.0,,8,,20260814
TYEKF,thyssenkrupp AG,Industrials,Conglomerates,PNK,15.76,882,10185469952,0.3235,13.15,11.59,8.0589,26.6,3.16,20.08,15.79,0.0,75.0,2,16.1,8.0,-2.11,0.0,,8,,20260814
NCLH,Norwegian Cruise Line Holdings Ltd.,Consumer Cyclical,Travel Services,NYSE,19.01,17937216,8729160704,0.8118,19.65,20.08,-0.7921,15.3,-32.8,-44.94,-25.63,0.0,60.25,4,27.18,14.53,-30.06,0.0,,8,,20260814
BCHMY,Bachem Holding AG,Healthcare,Biotechnology,PNK,9.24,6219,6924043776,0.4916,9.1,8.33,0.2763,-12.91,-6.55,-8.12,-8.77,0.0,60.0,2,12.54,5.97,-26.32,0.0,,8,,20260814
VBREY,Vibra Energia SA,Consumer Cyclical,Specialty Retail,PNK,12.99,39130,7748400640,0.4566,12.5,11.31,1.0634,-10.98,-3.91,59.62,19.74,0.0,87.5,2,14.54,6.96,-10.66,0.0,,8,,20260814
VCX,"Fundrise Growth Tech Fund, LLC",Financial Services,Asset Management,NYSE,34.4,271537,0,6.6603,72.35,34.4,-5.6984,-88.32,-73.12,-73.12,-76.92,0.0,32.5,3,575.0,28.71,-94.02,0.0,,8,,20260814
VOYA,"Voya Financial, Inc.",Financial Services,Financial Conglomerates,NYSE,101.52,1131177,9197341696,2.3192,94.55,78.47,3.0063,22.14,22.1,23.35,22.61,0.0,92.5,2,103.85,64.5,-2.24,0.0,,8,,20260814
SPXSF,Spirax Group plc,Industrials,Specialty Industrial Machinery,PNK,98.97,19,7327133184,0.4919,92.15,92.51,13.865,-3.92,-12.8,-1.54,-6.08,0.0,50.0,3,108.0,87.0,-8.36,0.0,,8,,20260814
NOV,NOV Inc.,Energy,Oil & Gas Equipment & Services,NYSE,21.14,3804170,7535947264,0.6652,19.65,18.33,2.2341,-0.77,-2.73,56.06,21.28,0.0,60.0,2,21.55,12.09,-1.9,0.0,,8,,20260814
KNCRF,Konecranes Plc,Industrials,Farm & Heavy Construction Machinery,PNK,30.29,79,7198200832,0.0557,31.16,67.05,-15.634,-16.03,-80.84,-89.89,-68.26,0.0,12.0,4,113.4,30.29,-73.29,0.0,,8,,20260814
JXN,Jackson Financial Inc.,Financial Services,Insurance - Life,NYSE,135.32,636091,9165053952,3.8162,115.72,108.08,5.1359,19.19,3.26,31.3,18.46,0.0,87.5,2,137.99,89.67,-1.93,0.0,,8,,20260814
GGAL,Grupo Financiero Galicia S.A.,Financial Services,Banks - Regional,NCM,43.37,1143385,7349195264,2.126,50.13,48.12,-3.1785,-5.67,-23.42,-34.29,-23.33,0.0,48.25,3,62.52,25.89,-30.63,0.0,,8,,20260814
FIGR,"Figure Technology Solutions, Inc.",Financial Services,Capital Markets,NASDAQ,31.43,3769098,7028667904,2.2367,29.21,37.07,0.9932,-31.31,-22.32,-18.33,-22.97,0.0,36.25,3,78.0,24.11,-59.71,0.0,,8,,20260814
CAE,CAE Inc.,Industrials,Aerospace & Defense,NASDAQ,26.18,776290,8418956288,0.8449,25.64,27.74,0.6415,-4.94,-30.86,-31.56,-24.66,0.0,75.75,3,34.24,22.76,-23.54,0.0,,8,,20260814
SCABY,Svenska Cellulosa Aktiebolaget SCA (publ),Basic Materials,Paper & Paper Products,PNK,11.9,2580,8354363904,0.3215,10.88,11.88,3.1453,-7.59,-18.33,-33.22,-21.6,0.0,51.25,3,14.35,9.45,-17.11,0.0,,8,,20260814
KGS,"Kodiak Gas Services, Inc.",Energy,Oil & Gas Equipment & Services,NYSE,65.35,1911559,6595050496,3.1308,65.82,53.21,-0.1495,-18.17,17.34,84.17,35.2,0.0,47.0,3,77.68,32.55,-15.87,0.0,,8,,20260814
ATR,"AptarGroup, Inc.",Healthcare,Medical Instruments & Supplies,NYSE,132.1,480120,8399067648,3.066,125.58,124.57,2.1257,5.23,-16.35,-27.91,-15.58,0.0,86.25,2,146.91,103.23,-10.08,0.0,,8,,20260814
HQY,"HealthEquity, Inc.",Healthcare,Health Information Services,NASDAQ,104.73,911824,8755654656,3.1139,94.43,89.05,3.307,22.99,19.63,-10.64,8.36,0.0,90.0,2,107.62,72.76,-2.69,0.0,,8,,20260814
SVCBF,Svenska Cellulosa Aktiebolaget SCA (publ),Basic Materials,Paper & Paper Products,PNK,11.17,669,7845165568,0.0434,10.63,12.09,12.4355,-4.83,-28.29,-41.66,-27.77,0.0,49.0,3,13.54,9.97,-17.53,0.0,,8,,20260814
SLOIY,Soitec SA,Technology,Semiconductor Equipment & Materials,PNK,78.19,5677,5588974080,4.1287,66.91,42.02,2.7328,-18.72,321.37,160.92,172.17,0.0,63.75,2,114.37,13.13,-31.63,0.0,,8,,20260814
AXS,Axis Capital Holdings Limited,Financial Services,Insurance - Specialty,NYSE,101.2,723756,7384191488,2.9055,105.85,101.87,-1.6006,-2.13,-13.44,-17.4,-12.2,0.0,64.0,3,119.99,88.07,-15.66,0.0,,8,,20260814
ESAIY,"Eisai Co., Ltd.",Healthcare,Drug Manufacturers - Specialty & Generic,PNK,7.59,224858,8568685056,0.1937,6.6,7.24,5.1023,-2.3,-4.12,-21.41,-10.58,0.0,88.75,3,9.22,5.69,-17.68,0.0,,8,,20260814
YMHAY,"Yamaha Motor Co., Ltd.",Consumer Cyclical,Auto Manufacturers,PNK,25.1,4609,12182663168,0.8884,17.02,15.3,9.0907,67.58,64.54,44.03,57.1,0.0,83.75,2,25.1,13.05,0.0,0.0,,8,,20260814
STHRF,Strathcona Resources Ltd.,Energy,Oil & Gas E&P,PNK,31.14,48138,6689519104,1.0741,29.39,27.09,1.6295,-8.78,40.88,2.61,13.16,0.0,56.25,2,40.52,18.23,-23.15,0.0,,8,,20260814
CIG,Comp En De Mn Cemig,Utilities,Utilities - Regulated Electric,NYSE,1.93,6279095,0,0.0579,2.09,2.11,-2.6897,-16.15,-23.23,-19.07,-19.79,0.0,13.25,4,2.76,1.88,-30.07,0.0,,8,,20260814
BILI,Bilibili Inc.,Communication Services,Internet Content & Information,NASDAQ,17.44,2941483,7298740736,0.6117,17.79,23.96,-0.5667,-26.79,-58.02,-45.84,-45.34,0.0,24.5,4,36.4,15.79,-52.09,0.0,,8,,20260814
SLOIF,Soitec SA,Technology,Semiconductor Equipment & Materials,PNK,151.83,8169,5426358272,11.6377,136.47,85.37,1.32,-25.76,299.11,236.68,192.92,0.0,60.0,2,226.22,24.57,-32.88,0.0,,8,,20260814
LOTMY,LOTMY,Consumer Cyclical,Gambling,PNK,28.38,10218,6606050816,0.6327,28.79,27.07,-0.6489,-9.47,7.77,-17.94,-6.82,0.0,43.25,3,33.1,21.65,-14.26,0.0,,8,,20260814
EGIEY,Engie Brasil Energia S.A.,Utilities,Utilities - Renewable,OID,5.43,58550,7690951680,0.1942,6.36,6.28,-4.8129,-27.49,-28.37,-22.25,-25.7,0.0,7.5,4,9.5,5.05,-42.84,0.0,,8,,20260814
VLVCY,Volvo Car AB (publ.),Consumer Cyclical,Auto Manufacturers,PNK,4.45,242,6724847616,0.0934,4.26,5.54,2.0695,-14.83,-29.89,-4.38,-15.92,0.0,26.25,3,7.66,3.73,-41.91,0.0,,8,,20260814
OPHLY,"Ono Pharmaceutical Co., Ltd.",Healthcare,Drug Manufacturers - General,PNK,4.99,41232,7035215360,0.1018,4.83,4.84,1.5423,-8.58,-20.4,6.76,-6.58,0.0,57.5,3,5.75,3.55,-13.22,0.0,,8,,20260814
DPMLF,DPM Metals Inc.,Basic Materials,Gold,PNK,44.74,66382,9814553600,1.7705,35.26,33.42,5.3547,23.18,2.74,132.4,59.72,0.0,88.75,2,46.28,17.25,-3.33,0.0,,8,,20260814
UMICY,Umicore SA,Industrials,Waste Management,PNK,6.72,36359,6469138944,0.1872,6.25,5.45,2.5063,-0.12,4.14,49.26,21.12,0.0,63.75,2,7.68,3.72,-12.5,0.0,,8,,20260814
VLVOF,Volvo Car AB (publ.),Consumer Cyclical,Auto Manufacturers,PNK,2.04,685,6059778560,0.0198,2.11,2.75,-3.4566,-20.92,-52.13,-31.06,-35.9,0.0,13.25,4,3.7,1.87,-44.76,0.0,,8,,20260814
CPXWF,Capital Power Corporation,Utilities,Utilities - Independent Power Producers,PNK,48.72,40254,7652937728,0.6981,50.33,46.51,-2.3046,0.31,2.19,-8.78,-2.67,0.0,68.25,3,53.84,39.08,-9.51,0.0,,8,,20260814
STAG,"STAG Industrial, Inc.",Real Estate,REIT - Industrial,NYSE,36.75,1528358,7232681984,0.7554,38.38,37.66,-2.1623,-9.02,-16.65,-13.02,-13.29,0.0,57.75,3,42.61,34.33,-13.75,0.0,,8,,20260814
CSCCF,Capstone Copper Corp.,Basic Materials,Copper,PNK,10.89,352277,8319408128,0.5095,9.8,9.45,2.1341,4.45,-19.77,50.25,14.29,0.0,86.25,2,13.32,6.45,-18.24,0.0,,8,,20260814
FPRUY,Fraport AG,Industrials,Airports & Air Services,PNK,39.7,50,7342015488,0.3049,39.96,41.1,-0.8658,-11.77,-14.82,-29.55,-19.95,0.0,49.0,4,45.66,38.5,-13.05,0.0,,8,,20260814
DVDCF,Davide Campari-Milano N.V.,Consumer Defensive,Beverages - Wineries & Distilleries,PNK,7.0,3537,8395536384,0.0864,6.39,6.76,7.0995,-0.94,-15.89,-30.15,-17.86,0.0,51.25,3,8.1,6.07,-13.58,0.0,,8,,20260814
SUMCF,Sumco Corporation,Technology,Semiconductor Equipment & Materials,PNK,23.0,13064,8043843584,2.7479,25.28,15.11,-0.8295,-5.68,94.7,154.29,93.44,0.0,67.5,3,36.43,7.09,-36.87,0.0,,8,,20260814
WILLF,Demant A/S,Healthcare,Medical Devices,PNK,44.88,241,9464496128,0.3977,39.74,34.77,12.9259,20.4,9.62,-10.31,4.34,0.0,77.5,2,45.0,28.08,-0.27,0.0,,8,,20260814
CDP,COPT Defense Properties,Real Estate,REIT - Office,NYSE,36.95,1004954,4280452864,0.7177,35.72,31.46,1.7206,12.53,5.72,15.37,11.28,0.0,87.5,2,38.9,27.06,-5.01,0.0,,8,,20260814
SWQGF,Swissquote Group Holding SA,Financial Services,Capital Markets,PNK,49.01,12,7345472000,0.0025,49.01,54.12,0.0,-6.42,-32.7,-49.73,-32.94,0.0,49.0,3,490.08,49.01,-90.0,0.0,,8,,20260814
PLLIF,Pirelli & C. S.p.A.,Consumer Cyclical,Auto Parts,PNK,7.33,103,7954354176,0.1466,,,,6.17,-13.66,-11.86,-7.98,0.0,12.0,3,8.22,6.03,-10.8,0.0,,8,,20260814
QGEN,Qiagen N.V.,Healthcare,Diagnostics & Research,NYSE,42.95,2662746,8868960256,1.0955,39.58,42.63,3.0777,27.53,-27.12,-32.98,-15.8,0.0,83.75,3,57.82,32.53,-25.72,0.0,,8,,20260814
HTCMF,"Hitachi Construction Machinery Co., Ltd.",Industrials,Farm & Heavy Construction Machinery,PNK,33.85,27,7200052736,0.0481,33.21,-18.39,13.2372,-3.42,-163.33,-89.87,-93.97,0.0,75.0,2,35.5,24.97,-4.66,0.0,,8,,20260814
THNPF,Technip Energies N.V.,Energy,Oil & Gas Equipment & Services,PNK,34.2,74,5923632128,0.2145,38.74,39.5,-21.1872,-23.63,-20.07,-49.42,-32.7,0.0,0.0,4,49.0,34.18,-30.2,0.0,,8,,20260814
RGEDF,Gedeon Richter PLC,Healthcare,Drug Manufacturers - Specialty & Generic,PNK,41.5,1038,7569208320,2.9695,25.76,-362.11,5.302,-112.7,-122.1,-134.08,-124.54,0.0,70.75,3,45.28,27.17,-8.35,0.0,,8,,20260814
IFSUF,Infrastrutture Wireless Italiane S.p.A.,Real Estate,Real Estate Services,PNK,7.45,271,6726980608,0.0572,7.4,8.22,1.0211,-10.84,-27.49,-57.4,-35.29,0.0,37.0,3,12.69,6.82,-41.25,0.0,,8,,20260814
VIST,"Vista Energy, S.A.B. de C.V.",Energy,Oil & Gas E&P,NYSE,68.31,893787,7563105792,2.792,67.26,60.86,0.3754,-6.84,9.5,35.54,15.83,0.0,67.5,2,81.44,31.63,-16.12,0.0,,8,,20260814
TYOYY,"Taiyo Yuden Co., Ltd.",Technology,Electronic Components,PNK,17.2,41332,8610107392,1.6711,22.3,11.42,-3.0533,49.13,177.58,234.76,168.34,0.0,62.5,3,35.44,4.86,-51.47,0.0,,8,,20260814
TTEK,"Tetra Tech, Inc.",Industrials,Engineering & Construction,NASDAQ,36.51,3364445,9348182016,1.1088,30.7,32.59,5.2436,18.69,-25.18,-23.17,-13.41,0.0,93.75,3,43.14,25.81,-15.37,0.0,,8,,20260814
SLAB,Silicon Laboratories Inc.,Technology,Semiconductors,NASDAQ,218.41,395540,7287633920,1.2829,218.35,186.0,0.0496,-4.73,-6.14,50.95,17.05,0.0,88.75,2,220.9,115.51,-1.13,0.0,,8,,20260814
DNPLY,"Dai Nippon Printing Co., Ltd.",Industrials,Conglomerates,PNK,10.38,10633,8909749248,0.4479,9.06,9.07,2.9469,-4.26,-5.89,2.81,-2.0,0.0,91.25,3,10.66,7.66,-2.63,0.0,,8,,20260814
LGFRY,Longfor Group Holdings Limited,Real Estate,Real Estate - Development,PNK,8.36,73630,5736987648,0.3701,8.76,10.96,-1.0935,-39.3,-50.14,-57.16,-50.24,0.0,28.25,4,15.49,7.54,-46.03,0.0,,8,,20260814
MOS,The Mosaic Company,Basic Materials,Agricultural Inputs,NYSE,21.61,8691420,6869725184,0.9673,22.1,24.4,-0.5095,-7.78,-40.61,-52.28,-37.07,0.0,48.25,4,36.99,19.8,-41.58,0.0,,8,,20260814
KNSL,"Kinsale Capital Group, Inc.",Financial Services,Insurance - Property & Casualty,NYSE,379.19,316543,8637350912,12.4517,335.91,360.3,3.4757,21.34,-15.2,-36.59,-14.62,0.0,96.25,3,485.0,287.2,-21.82,0.0,,8,,20260814
VSOGF,"Vista Energy, S.A.B. de C.V.",Energy,Oil & Gas E&P,PNK,75.0,24,8303805440,0.0123,75.0,62.5,0.0,3.62,12.62,47.21,24.21,0.0,75.0,3,77.66,33.05,-3.43,0.0,,8,,20260814
LTH,"Life Time Group Holdings, Inc.",Consumer Cyclical,Leisure,NYSE,45.26,2914390,10113887232,1.4769,39.85,30.75,3.6637,34.67,40.13,44.56,40.54,0.0,87.5,2,47.23,24.14,-4.18,0.0,,8,,20260814
SHTDF,Sinopharm Group Co. Ltd.,Healthcare,Medical Distribution,PNK,2.13,16,6646998016,0.0017,2.19,2.43,-36.8395,-18.79,-22.6,-35.65,-26.86,0.0,12.0,4,2.7,2.13,-21.11,0.0,,8,,20260814
PMOIF,Harbour Energy plc,Energy,Oil & Gas E&P,PNK,3.45,6308,5410613248,0.0812,3.22,3.26,2.775,-12.04,-4.0,-8.36,-7.76,0.0,52.5,3,4.34,2.5,-20.51,0.0,,8,,20260814
GMINF,G Mining Ventures Corp.,Basic Materials,Gold,OQX,35.88,89917,10629610496,1.914,29.63,30.92,3.2628,-14.6,-10.8,155.14,54.62,0.0,62.5,3,43.26,12.48,-17.07,0.0,,8,,20260814
SDXOF,Sodexo S.A.,Industrials,Specialty Business Services,PNK,62.85,503,9172046848,0.2042,58.15,53.83,23.0319,17.41,-1.38,-16.96,-2.92,0.0,75.0,2,62.85,47.01,-0.0,0.0,,8,,20260814
DIFTY,"Daito Trust Construction Co.,Ltd.",Real Estate,Real Estate - Diversified,PNK,5.04,232553,6560482816,0.2172,4.88,5.18,0.731,-17.32,-21.16,-33.22,-25.03,0.0,43.25,3,7.0,4.41,-27.98,0.0,,8,,20260814
TELDY,Telefónica Deutschland Holding AG,Communication Services,Telecom Services,PNK,11.75,1,6990203904,0.0007,11.75,12.24,0.0,-11.94,-19.14,-25.52,-19.89,0.0,37.0,3,12.56,11.55,-6.45,0.0,,8,,20260814
PLXS,Plexus Corp.,Technology,Electronic Components,NASDAQ,267.41,314685,7127037952,12.7635,273.42,212.17,-0.4706,-6.89,15.87,83.1,37.07,0.0,47.0,3,307.06,126.86,-12.91,0.0,,8,,20260814
AKBTY,Akbank T.A.S.,Financial Services,Banks - Regional,OQX,2.65,21454,6890000384,0.1624,2.96,3.18,-1.8962,-21.95,-41.2,-46.73,-38.6,0.0,5.0,4,4.24,2.51,-37.5,0.0,,8,,20260814
JAPSY,"Japan Airlines Co., Ltd.",Industrials,Airlines,PNK,9.47,94991,8138357760,0.1666,8.86,8.93,3.6555,7.65,-18.83,-34.58,-18.51,0.0,81.25,3,11.0,7.55,-13.94,0.0,,8,,20260814
TSUKY,"Toyo Suisan Kaisha, Ltd.",Consumer Defensive,Packaged Foods,PNK,65.67,5209,6366833664,4.7079,64.72,68.64,0.2016,-10.67,-24.09,-30.19,-23.18,0.0,47.0,3,86.9,58.14,-24.43,0.0,,8,,20260814
ICGUF,ICG plc,Financial Services,Asset Management,PNK,22.8,8,6583896064,0.0285,23.95,24.84,-40.4497,-4.17,-30.98,-41.49,-28.48,0.0,24.0,4,27.72,20.65,-17.75,0.0,,8,,20260814
PCOR,"Procore Technologies, Inc.",Technology,Software - Application,NYSE,59.8,3188761,9086929920,2.8261,47.12,58.43,4.4867,14.08,5.95,-27.23,-5.29,0.0,93.75,3,82.31,38.03,-27.35,0.0,,8,,20260814
ST,Sensata Technologies Holding plc,Technology,Scientific & Technical Instruments,NYSE,46.23,1963435,6728122368,1.7369,47.38,38.98,-0.6647,-2.66,16.34,36.37,19.6,0.0,48.25,3,53.89,28.16,-14.21,0.0,,8,,20260814
RHP,"Ryman Hospitality Properties, Inc.",Real Estate,REIT - Hotel & Motel,NYSE,125.52,728188,7921475584,3.6195,124.88,102.81,0.1766,11.25,18.59,19.23,17.01,0.0,91.25,2,137.46,83.82,-8.69,0.0,,8,,20260814
IVTJY,Investec Group,Financial Services,Capital Markets,PNK,16.9,6,7657688576,0.008,17.12,15.08,-27.2342,5.73,12.4,7.2,8.65,0.0,62.0,3,17.34,13.51,-2.51,0.0,,8,,20260814
GKOS,Glaukos Corporation,Healthcare,Medical Devices,NYSE,184.53,1033538,10884305920,7.0104,147.73,120.92,5.2491,31.03,50.44,94.8,63.33,0.0,87.5,2,189.89,73.16,-2.82,0.0,,8,,20260814
DCCPY,DCC Energy plc,Energy,Oil & Gas Refining & Marketing,PNK,42.54,33,7267885568,0.094,42.54,42.54,0.0,-4.41,-4.41,-4.41,-4.41,0.0,62.0,3,44.74,41.75,-4.92,0.0,,8,,20260814
HR,Healthcare Realty Trust Incorporated,Real Estate,REIT - Healthcare Facilities,NYSE,19.25,3958838,6679707648,0.3872,20.17,18.13,-2.3692,-7.99,4.18,0.06,-0.51,0.0,70.75,3,22.04,16.23,-12.66,0.0,,8,,20260814
ZJLMF,ZJLMF,Consumer Cyclical,Auto Manufacturers,PNK,4.65,837,0,0.1002,4.68,4.65,-0.3177,-32.49,-32.49,-32.49,-32.49,0.0,49.0,3,6.37,4.16,-27.0,0.0,,8,,20260814
NXE,NexGen Energy Ltd.,Energy,Uranium,NYSE,10.39,5573059,6966558720,0.4375,9.8,10.68,1.3412,-19.55,-25.84,28.01,-2.73,0.0,50.75,3,13.96,6.26,-25.57,0.0,,8,,20260814
AVT,"Avnet, Inc.",Technology,Electronics & Computer Distribution,NASDAQ,95.71,1307035,7850524672,3.871,89.1,67.64,1.7075,10.66,33.13,65.28,40.37,0.0,85.0,2,100.0,44.25,-4.29,0.0,,8,,20260814
DKDRF,NewMed Energy - Limited Partnership,Energy,Oil & Gas E&P,PNK,5.2,370,6103836160,0.1058,5.51,5.75,-2.8901,-18.05,-30.07,-8.45,-18.42,0.0,13.25,4,7.32,4.68,-28.96,0.0,,8,,20260814
MTDR,Matador Resources Company,Energy,Oil & Gas E&P,NYSE,53.69,1922293,6644363776,2.0116,51.04,49.51,1.3159,-9.94,4.21,-2.78,-2.12,0.0,65.0,2,66.84,37.14,-19.67,0.0,,8,,20260814
UMICF,Umicore SA,Industrials,Waste Management,PNK,26.16,974,6295858688,1.0468,25.26,22.34,0.857,-10.64,-0.91,41.7,13.7,0.0,50.0,2,31.15,15.05,-16.02,0.0,,8,,20260814
TRNO,Terreno Realty Corporation,Real Estate,REIT - Industrial,NYSE,68.22,914019,7433954816,1.5816,67.99,63.38,0.146,-0.63,-7.36,8.07,0.5,0.0,86.25,2,78.94,53.58,-13.58,0.0,,8,,20260814
AIIXY,AIXTRON SE,Technology,Semiconductor Equipment & Materials,PNK,101.3,624,5818654208,3.0646,108.01,76.39,-2.1901,-10.19,103.81,179.06,105.41,0.0,27.5,3,143.05,28.52,-29.19,0.0,,8,,20260814
DITTF,"Daito Trust Construction Co.,Ltd.",Real Estate,Real Estate - Diversified,PNK,19.06,290,6202519552,0.0534,18.8,19.29,4.8878,-10.71,-32.36,-104.37,-55.75,0.0,37.0,3,114.87,14.38,-83.41,0.0,,8,,20260814
IMVT,"Immunovant, Inc.",Healthcare,Biotechnology,NASDAQ,41.82,1714356,8638032896,1.5542,37.54,28.85,2.7545,38.63,39.66,147.31,82.46,0.0,88.75,2,42.92,14.47,-2.56,0.0,,8,,20260814
NDBKY,Nedbank Group Limited,Financial Services,Banks - Regional,PNK,18.39,28748,8428771328,0.4271,16.73,15.92,3.886,12.6,-1.61,24.36,12.33,0.0,90.0,2,20.28,11.88,-9.32,0.0,,8,,20260814
VAL,Valaris Limited,Energy,Oil & Gas Drilling,NYSE,85.62,982788,5945094144,3.6098,80.82,77.14,1.3301,-17.3,-10.32,58.67,15.53,0.0,61.25,2,114.12,43.53,-24.97,0.0,,8,,20260814
LEA,Lear Corporation,Consumer Cyclical,Auto Parts,NYSE,124.95,673506,8318516736,4.366,136.52,124.11,-2.6491,-13.85,-21.7,10.52,-6.85,0.0,37.5,3,150.33,96.04,-16.88,0.0,,8,,20260814
OTGLY,CD Projekt S.A.,Communication Services,Electronic Gaming & Multimedia,PNK,17.66,26496,7057678336,0.5678,15.63,16.89,3.5706,-8.41,-12.35,-23.0,-15.62,0.0,66.25,3,20.5,14.16,-13.85,0.0,,8,,20260814
SUOPY,Sumco Corporation,Technology,Semiconductor Equipment & Materials,PNK,50.12,11951,8764292096,3.5372,49.95,29.96,0.0469,2.9,113.1,176.75,111.01,0.0,87.5,2,69.37,14.55,-27.75,0.0,,8,,20260814
SHTDY,Sinopharm Group Co. Ltd.,Healthcare,Medical Distribution,PNK,10.65,133679,6692465152,0.2331,10.6,11.82,0.2095,-9.64,-30.36,-31.17,-25.5,0.0,68.25,3,14.87,10.0,-28.38,0.0,,8,,20260814
BCKIY,Babcock International Group PLC,Industrials,Engineering & Construction,PNK,16.19,22267,7978479104,0.3733,14.29,16.24,5.0867,20.84,-23.17,2.69,-1.83,0.0,75.75,3,21.15,12.15,-23.45,0.0,,8,,20260814
PB,"Prosperity Bancshares, Inc.",Financial Services,Banks - Regional,NYSE,75.05,1135872,9019267072,1.3254,72.24,69.13,2.1219,5.27,-10.44,-5.61,-4.58,0.0,86.25,2,77.2,61.07,-2.78,0.0,,8,,20260814
BBUC,Brookfield Business Corporation,Industrials,Conglomerates,NYSE,29.37,449861,6033831936,0.992,31.19,33.45,-1.8302,-12.78,-33.28,-20.33,-22.98,0.0,10.0,4,38.25,28.14,-23.22,0.0,,8,,20260814
AIXXF,AIXTRON SE,Technology,Semiconductor Equipment & Materials,PNK,47.96,7112,5409209344,2.844,54.78,38.14,-2.3996,-22.53,86.43,161.91,89.38,0.0,37.5,3,71.52,13.9,-32.94,0.0,,8,,20260814
MYRG,MYR Group Inc.,Industrials,Engineering & Construction,NASDAQ,334.39,296558,5206201856,19.7592,409.13,315.56,-3.7825,-31.99,11.4,58.06,19.22,0.0,28.75,3,503.57,171.51,-33.6,0.0,,8,,20260814
BRKRP,Bruker Corporation,Healthcare,Medical Devices,NASDAQ,425.41,13654,0,15.5999,432.77,352.0,-0.472,22.21,20.47,55.19,34.79,0.0,78.25,3,474.99,250.0,-10.44,0.0,,8,,20260814
BRKR,Bruker Corporation,Healthcare,Medical Devices,NASDAQ,57.7,2522667,8791132160,3.1556,58.21,46.27,-0.1621,28.18,24.91,67.36,42.71,0.0,77.0,3,65.3,28.53,-11.64,0.0,,8,,20260814
HBRIY,Harbour Energy plc,Energy,Oil & Gas E&P,PNK,3.49,40909,5473345024,0.1512,3.34,3.32,0.9765,-12.91,2.74,-4.83,-4.2,0.0,65.0,2,4.48,2.51,-22.1,0.0,,8,,20260814
FAF,First American Corporation (New,Financial Services,Insurance - Specialty,NYSE,73.86,929725,7541106176,1.951,70.17,65.19,1.8917,3.52,1.9,-1.4,0.98,0.0,87.5,2,79.87,56.2,-7.52,0.0,,8,,20260814
VIPS,Vipshop Holdings Limited,Consumer Cyclical,Internet Retail,NYSE,14.18,2474779,6810236416,0.3982,14.12,15.91,0.1426,-8.42,-30.1,-26.91,-23.41,0.0,61.25,3,21.08,12.65,-32.73,0.0,,8,,20260814
CDNAF,"Canadian Tire Corporation, Limited",Consumer Cyclical,Specialty Retail,PNK,142.57,15527,7501021184,0.7911,,,,0.73,-2.94,1.68,-0.17,0.0,25.75,3,152.9,102.83,-6.76,0.0,,8,,20260814
LKQ,LKQ Corporation,Consumer Cyclical,Auto Parts,NASDAQ,25.42,3162637,6431312896,0.9309,25.47,28.86,-0.0505,-13.76,-36.49,-33.28,-29.52,0.0,28.25,4,37.13,21.17,-31.54,0.0,,8,,20260814
SPXSY,Spirax Group plc,Industrials,Specialty Industrial Machinery,PNK,48.83,10483,7206905856,1.1095,46.61,47.03,2.0036,-9.54,-14.35,-2.88,-8.56,0.0,88.75,3,54.08,42.56,-9.71,0.0,,8,,20260814
STKAF,Stockland,Real Estate,REIT - Diversified,PNK,3.17,1722,8583704064,0.0606,2.74,3.35,7.1788,5.67,-22.0,-36.57,-20.91,0.0,37.0,3,4.29,2.46,-25.99,0.0,,8,,20260814
SNROY,SNROY,Consumer Cyclical,Specialty Retail,PNK,16.0,949,9699441664,0.1807,13.16,13.64,15.7255,34.07,13.09,-38.81,-2.43,0.0,75.0,3,20.01,9.59,-20.04,0.0,,8,,20260814
KCDMF,"Kimberly-Clark de México, S. A. B. de C. V.",Consumer Defensive,Household & Personal Products,OID,2.34,609,6987634688,0.0331,2.21,2.22,3.8038,-3.85,-8.5,-2.49,-4.93,0.0,78.75,3,2.6,1.88,-10.0,0.0,,8,,20260814
SHMXY,SHMXY,Technology,Scientific & Technical Instruments,PNK,13.0,294,7512443392,0.0564,12.18,12.86,14.5906,1.46,-6.47,-9.59,-5.73,0.0,75.0,3,16.77,10.41,-22.48,0.0,,8,,20260814
RAL,Ralliant Corporation,Technology,Electronic Components,NYSE,72.29,1678772,7998166528,2.7547,67.9,53.07,1.5938,40.7,63.42,38.11,47.62,0.0,86.25,2,75.41,37.27,-4.14,0.0,,8,,20260814
LNC,Lincoln National Corporation,Financial Services,Insurance - Life,NYSE,45.46,1889837,8703195136,1.3073,39.54,38.38,4.5257,26.97,4.9,1.56,9.08,0.0,87.5,2,47.67,32.18,-4.64,0.0,,8,,20260814
SEOJF,Stora Enso Oyj,Consumer Cyclical,Packaging & Containers,OQX,8.73,8,6884652032,0.0021,8.73,9.98,0.0,-26.68,-32.95,-18.77,-25.71,0.0,25.0,3,12.55,8.56,-30.44,0.0,,8,,20260814
JBTM,JBT Marel Corporation,Industrials,Specialty Industrial Machinery,NYSE,120.18,559811,6234555904,5.3585,132.43,139.61,-2.2858,-14.09,-40.14,-34.4,-31.34,0.0,38.75,4,170.19,113.67,-29.38,0.0,,8,,20260814
FSS,Federal Signal Corporation,Industrials,Farm & Heavy Construction Machinery,NYSE,125.85,533325,7682086912,4.756,119.25,114.73,1.3887,2.08,-4.38,-22.31,-9.94,0.0,86.25,2,134.51,101.19,-6.44,0.0,,8,,20260814
GDS,GDS Holdings Limited,Technology,Information Technology Services,NASDAQ,34.41,2413653,6894993920,1.6854,32.43,37.86,1.1767,-24.95,-38.14,-30.11,-31.63,0.0,47.0,3,48.61,26.97,-29.21,0.0,,8,,20260814
SGHC,Super Group (SGHC) Limited,Consumer Cyclical,Gambling,NYSE,13.3,3074095,6757421568,0.5015,13.88,11.85,-1.1479,-2.12,38.6,0.63,13.23,0.0,72.0,3,15.86,8.46,-16.14,0.0,,8,,20260814
CHVKF,"China Vanke Co., Ltd.",Real Estate,Real Estate - Development,PNK,0.3,296,4863686656,0.0039,0.33,0.43,-9.5963,-29.49,-52.19,-74.88,-55.59,0.0,0.0,4,0.7,0.3,-57.99,0.0,,8,,20260814
UOLGY,UOL Group Limited,Real Estate,Real Estate - Development,PNK,29.12,7954,6169022976,0.7499,30.32,30.03,-1.5962,-14.42,-28.97,12.83,-8.61,0.0,39.0,4,38.25,22.2,-23.87,0.0,,8,,20260814
NVTS,Navitas Semiconductor Corporation,Technology,Semiconductors,NASDAQ,14.45,23737083,3772800768,1.3059,16.08,12.75,-1.2447,-39.29,58.08,74.61,40.35,0.0,38.75,3,34.17,5.44,-57.71,0.0,,8,,20260814
TOTDF,TOTO LTD.,Industrials,Building Products & Equipment,PNK,40.66,280,6686638592,0.8275,48.8,36.56,-9.8416,-21.11,0.29,28.07,6.05,0.0,52.5,3,60.92,23.95,-33.26,0.0,,8,,20260814
MORN,"Morningstar, Inc.",Financial Services,Financial Data & Stock Exchanges,NASDAQ,207.41,450250,7780689920,7.9898,177.25,187.59,3.7754,12.78,14.99,-42.26,-8.46,0.0,91.25,3,266.05,141.49,-22.04,0.0,,8,,20260814
PCVX,"Vaxcyte, Inc.",Healthcare,Biotechnology,NASDAQ,58.07,1442895,8641122304,2.3196,54.18,52.59,1.6785,2.28,-7.97,71.02,26.19,0.0,88.75,2,65.0,29.87,-10.66,0.0,,8,,20260814
THG,"The Hanover Insurance Group, Inc.",Financial Services,Insurance - Property & Casualty,NYSE,225.29,325411,7844646912,4.8275,211.3,185.74,2.8988,13.94,20.21,12.98,15.75,0.0,90.0,2,236.07,165.5,-4.57,0.0,,8,,20260814
CBC,"Central Bancompany, Inc.",Financial Services,Banks - Regional,NASDAQ,32.67,758416,7833225216,0.8927,30.7,32.67,2.2121,14.85,22.09,21.09,19.88,0.0,92.5,3,33.82,22.5,-3.39,0.0,,8,,20260814
TOTDY,TOTO LTD.,Industrials,Building Products & Equipment,PNK,41.62,29219,6844512768,1.3829,47.65,36.7,-4.3632,-14.51,-1.21,33.93,9.52,0.0,33.75,3,60.09,23.84,-30.74,0.0,,8,,20260814
UOLGF,UOL Group Limited,Real Estate,Real Estate - Development,PNK,8.04,0,6813380096,0.0005,8.04,7.54,0.0,-3.82,-15.08,31.17,6.24,0.0,75.0,3,9.18,5.6,-12.41,0.0,,8,,20260814
SZCRF,SCOR SE,Financial Services,Insurance - Reinsurance,PNK,38.2,320,6824941568,0.1047,35.86,34.17,22.3283,-4.32,12.38,-15.1,-2.79,0.0,50.0,2,38.2,30.41,0.0,0.0,,8,,20260814
NEU,NewMarket Corporation,Basic Materials,Specialty Chemicals,NYSE,961.92,117511,8846206976,26.3161,812.05,716.34,5.695,35.4,23.47,9.23,20.75,0.0,93.75,2,961.98,580.03,-0.01,0.0,,8,,20260814
OMRNY,OMRON Corporation,Technology,Electronic Components,PNK,43.85,55867,8622198784,1.4201,36.57,31.02,5.1278,5.12,25.38,45.98,28.56,0.0,87.5,2,45.24,23.23,-3.07,0.0,,8,,20260814
CHYM,"Chime Financial, Inc.",Technology,Software - Application,NASDAQ,32.02,6412380,12122295296,1.5512,21.73,21.71,6.6336,79.28,42.35,-14.54,28.82,0.0,92.5,2,33.41,15.88,-4.16,0.0,,8,,20260814
MDNDF,"McDonald's Holdings Company (Japan), Ltd.",Consumer Cyclical,Restaurants,PNK,47.86,6,6363401216,0.2918,49.3,44.23,-4.9491,8.22,0.72,-4.75,0.41,0.0,62.0,3,51.0,40.0,-6.16,0.0,,8,,20260814
THNOF,Technology One Limited,Technology,Software - Application,PNK,22.9,44,7580258304,0.0719,21.81,20.99,15.207,6.53,13.95,31.97,19.3,0.0,78.75,2,26.21,14.97,-12.63,0.0,,8,,20260814
EPRT,"Essential Properties Realty Trust, Inc.",Real Estate,REIT - Retail,NYSE,31.06,1808496,6735229952,0.569,30.79,30.68,0.4718,-5.06,-13.4,-15.19,-12.03,0.0,85.0,2,34.73,28.95,-10.57,0.0,,8,,20260814
PPC,Pilgrim's Pride Corporation,Consumer Defensive,Packaged Foods,NASDAQ,27.9,1551664,6643227648,1.063,28.34,35.14,-0.4106,-7.93,-47.84,-64.78,-44.64,0.0,28.25,4,48.48,25.9,-42.45,0.0,,8,,20260814
SBFFY,SBM Offshore N.V.,Energy,Oil & Gas Equipment & Services,PNK,39.52,145,6513846272,0.22,37.74,35.17,8.0989,-12.74,1.23,31.19,9.72,0.0,50.0,2,44.15,23.52,-10.49,0.0,,8,,20260814
IDCC,"InterDigital, Inc.",Technology,Software - Application,NASDAQ,343.65,334722,8868234240,12.4718,283.73,321.51,4.8046,22.52,-20.78,8.06,1.58,0.0,90.0,3,412.6,249.14,-16.71,0.0,,8,,20260814
CELC,Celcuity Inc.,Healthcare,Biotechnology,NCM,92.0,1528012,4486498304,6.1652,94.29,104.89,-0.371,-32.06,-27.2,77.33,13.4,0.0,23.25,4,151.02,44.42,-39.08,0.0,,8,,20260814
DOX,Amdocs Limited Ordinary Shares,Technology,Software - Infrastructure,NASDAQ,58.22,1425616,0,1.938,54.72,67.19,1.8036,-11.19,-31.5,-55.89,-36.18,0.0,40.0,3,88.46,49.74,-34.18,0.0,,8,,20260814
SSDOY,"Shiseido Company, Limited",Consumer Defensive,Household & Personal Products,PNK,22.37,70003,8939596800,0.8223,18.14,17.97,5.1383,-1.14,9.04,4.71,4.77,0.0,87.5,2,23.35,13.6,-4.2,0.0,,8,,20260814
KIGRY,KION GROUP AG,Industrials,Farm & Heavy Construction Machinery,PNK,12.03,13669,6394347008,0.2741,11.59,14.96,1.62,-16.84,-46.82,-51.44,-41.17,0.0,31.25,3,20.54,10.26,-41.43,0.0,,8,,20260814
POOL,Pool Corporation,Industrials,Industrial Distribution,NASDAQ,194.84,968206,7080631296,7.7036,197.93,217.95,-0.4016,7.81,-39.58,-58.05,-35.12,0.0,50.75,4,336.15,172.68,-42.04,0.0,,8,,20260814
BCKIF,Babcock International Group PLC,Industrials,Engineering & Construction,PNK,15.45,2632,7613804544,0.2662,14.23,16.23,4.5803,-9.65,-28.67,-0.48,-12.64,0.0,63.25,3,21.05,12.35,-26.6,0.0,,8,,20260814
GRFS,"Grifols, S.A.",Healthcare,Drug Manufacturers - General,NASDAQ,7.78,673985,5294916096,0.2044,7.49,8.28,1.4095,-4.19,-30.16,-48.0,-30.81,0.0,48.25,3,10.77,6.96,-27.76,0.0,,8,,20260814
AWI,"Armstrong World Industries, Inc.",Industrials,Building Products & Equipment,NYSE,182.2,484246,7700286464,4.8111,162.85,175.26,4.0219,9.21,-20.76,-25.67,-15.23,0.0,91.25,3,206.08,150.28,-11.59,0.0,,8,,20260814
CSXXY,CAR Group Limited,Communication Services,Internet Content & Information,PNK,40.13,450,7602891776,0.9752,36.63,37.75,3.5951,3.39,10.36,-42.38,-12.48,0.0,76.25,3,57.95,28.03,-30.75,0.0,,8,,20260814
DCCPF,DCC Energy plc,Energy,Oil & Gas Refining & Marketing,PNK,85.64,41,7315722752,0.243,81.84,68.61,15.6228,5.66,23.06,18.02,16.7,0.0,75.0,2,85.64,57.8,-0.0,0.0,,8,,20260814
LNTH,"Lantheus Holdings, Inc.",Healthcare,Drug Manufacturers - Specialty & Generic,NASDAQ,100.95,1303433,6589245440,2.1755,103.65,80.06,-1.2426,2.03,42.34,53.3,36.65,0.0,75.75,3,111.86,49.67,-9.75,0.0,,8,,20260814
VLOUF,Vallourec S.A.,Basic Materials,Steel,PNK,21.4,67,5689540608,0.3646,24.72,22.84,-9.1124,-34.56,-10.2,-14.65,-18.07,0.0,13.25,4,31.81,16.88,-32.73,0.0,,8,,20260814
MIDD,The Middleby Corporation,Industrials,Specialty Industrial Machinery,NASDAQ,117.91,729001,5331241472,4.6087,132.13,119.19,-3.0863,-11.48,-21.46,-0.76,-10.68,0.0,48.25,3,148.55,89.16,-20.63,0.0,,8,,20260814
FBASF,Fibra UNO,Real Estate,REIT - Diversified,PNK,1.85,5024,7101824000,0.0333,1.73,1.64,3.6885,-0.02,-1.79,10.74,3.67,0.0,76.25,2,2.16,1.33,-14.35,0.0,,8,,20260814
OR,OR Royalties Inc.,Basic Materials,Gold,NYSE,33.36,996680,6254862336,1.1663,31.93,36.44,1.2251,-21.29,-32.98,-13.09,-22.1,0.0,50.75,3,48.06,27.54,-30.59,0.0,,8,,20260814
GIFLF,"Grifols, S.A.",Healthcare,Drug Manufacturers - General,PNK,11.76,369,8003626496,0.0773,10.68,11.57,14.0087,6.54,-11.46,-37.94,-17.55,0.0,75.0,3,13.9,10.13,-15.4,0.0,,8,,20260814
HTCMY,"Hitachi Construction Machinery Co., Ltd.",Industrials,Farm & Heavy Construction Machinery,PNK,65.82,19,7001144320,0.0322,65.82,66.31,0.0,-16.15,-26.83,-15.62,-19.68,0.0,37.0,3,87.04,55.92,-24.38,0.0,,8,,20260814
PUODY,"Promotora y Operadora de Infraestructura, S. A. B. de C. V.",Industrials,Infrastructure Operations,PNK,296.21,95,5550544896,4.6613,318.63,307.89,-4.8096,-12.67,-25.21,-12.88,-17.14,0.0,14.5,4,359.88,246.68,-17.69,0.0,,8,,20260814
SZHFY,Sojitz Corporation,Industrials,Conglomerates,PNK,306.91,0,6385576960,0.3479,312.03,306.91,-14.7077,-23.74,-28.21,-29.29,-27.52,0.0,37.0,3,418.56,306.9,-26.67,0.0,,8,,20260814
SCRYY,SCOR SE,Financial Services,Insurance - Reinsurance,PNK,3.97,7182,7092937216,0.0892,3.76,3.38,2.3244,1.28,9.1,-4.84,1.57,0.0,85.0,2,4.12,2.95,-3.64,0.0,,8,,20260814
KCDMY,"Kimberly-Clark de México, S. A. B. de C. V.",Consumer Defensive,Household & Personal Products,OID,11.54,47769,6892078080,0.3087,11.09,10.92,1.444,-1.75,-14.38,-0.01,-5.47,0.0,91.25,2,12.84,8.25,-10.12,0.0,,8,,20260814
SULZF,Sulzer AG,Industrials,Specialty Industrial Machinery,PNK,169.6,35,5742281728,0.3964,176.07,185.17,-16.3346,-16.47,-20.93,-26.13,-21.89,0.0,24.0,4,227.14,162.27,-25.33,0.0,,8,,20260814
HRIBF,"HORIBA, Ltd.",Technology,Scientific & Technical Instruments,PNK,162.47,3,6826408448,1.1992,103.63,26.39,49.0638,2424.57,2884.07,-2233.6,722.13,0.0,75.0,2,166.67,61.03,-2.52,0.0,,8,,20260814
MSA,MSA Safety Incorporated,Industrials,Security & Protection Services,NYSE,189.13,323150,7296311808,5.0945,172.49,171.55,3.2666,7.26,-14.73,-13.28,-8.65,0.0,85.0,2,208.92,151.11,-9.47,0.0,,8,,20260814
MNESP,MSA Safety Incorporated,Industrials,Security & Protection Services,PNK,,5,0,,,,,,,,,0.0,12.0,3,48.2,36.0,,0.0,,8,,20260814
TEX,Terex Corporation,Industrials,Farm & Heavy Construction Machinery,NYSE,67.92,1364088,7763255808,2.912,65.97,59.46,0.6705,1.2,-1.22,18.73,7.37,0.0,86.25,2,74.69,41.7,-9.06,0.0,,8,,20260814
SKHHY,Sonic Healthcare Limited,Healthcare,Diagnostics & Research,PNK,15.78,120216,7927823872,0.5471,14.62,14.64,2.1122,9.62,-12.31,-35.42,-16.07,0.0,88.75,3,19.25,12.94,-18.03,0.0,,8,,20260814
TXNM,"TXNM Energy, Inc.",Utilities,Utilities - Regulated Electric,NYSE,57.4,1456962,5914847232,0.3776,57.5,57.98,-0.2686,-8.4,-14.44,-19.86,-15.1,0.0,35.25,4,59.53,55.64,-3.58,0.0,,8,,20260814
SNROF,"Sanrio Company, Ltd.",Consumer Cyclical,Specialty Retail,PNK,7.53,569,9711565824,0.3204,6.73,21.83,2.4985,23.92,-88.67,-105.86,-67.4,0.0,55.0,3,55.52,5.04,-86.44,0.0,,8,,20260814
LSTR,"Landstar System, Inc.",Industrials,Integrated Freight & Logistics,NASDAQ,190.19,510282,6454463488,6.4804,202.59,166.17,-1.9132,3.02,4.93,30.97,14.87,0.0,37.5,3,228.46,119.32,-16.75,0.0,,8,,20260814
KGFHY,Kingfisher plc,Consumer Cyclical,Home Improvement Retail,OQX,8.86,138083,7248263680,0.1718,7.88,8.06,5.6753,12.43,-16.54,2.22,-1.8,0.0,87.5,3,10.17,6.53,-12.88,0.0,,8,,20260814
KGFHF,Kingfisher plc,Consumer Cyclical,Home Improvement Retail,OQX,4.48,658,7330073088,0.0587,3.91,4.1,9.6683,3.57,-14.04,0.27,-3.91,0.0,76.25,3,5.21,3.24,-14.01,0.0,,8,,20260814
PAYC,"Paycom Software, Inc.",Technology,Software - Application,NYSE,218.13,976875,9831473152,10.3202,151.75,145.34,6.4318,52.71,57.0,-27.4,22.17,0.0,88.75,2,234.6,104.9,-7.02,0.0,,8,,20260814
BZ,KANZHUN LIMITED - American Depo,Communication Services,Internet Content & Information,NASDAQ,15.51,3666435,6931214848,0.6538,14.56,16.73,1.4467,3.11,-27.01,-49.1,-28.32,0.0,79.5,3,25.26,12.57,-38.6,0.0,,8,,20260814
VLOWY,Vallourec S.A.,Basic Materials,Steel,PNK,4.22,209033,5609781248,0.3018,4.64,4.3,-1.3808,-24.1,-9.23,-7.88,-12.41,0.0,25.75,4,6.65,3.44,-36.54,0.0,,8,,20260814
SRUUF,Sprott Physical Uranium Trust Fund,Energy,Uranium,OQX,19.41,461974,6037877760,0.536,18.86,19.6,1.0263,-8.05,-19.85,-5.22,-11.05,0.0,47.0,3,24.77,16.01,-21.64,0.0,,8,,20260814
TELDF,Telefónica Deutschland Holding AG,Communication Services,Telecom Services,PNK,2.26,51,6878848000,0.001,2.25,2.27,11.9337,-12.41,-14.84,-39.64,-24.15,0.0,37.0,3,2.75,1.89,-17.71,0.0,,8,,20260814
VFC,V.F. Corporation,Consumer Cyclical,Apparel Manufacturing,NYSE,14.87,8267622,5845911040,0.6417,16.38,17.5,-2.3599,-20.45,-40.9,5.42,-17.26,0.0,10.0,4,22.27,12.6,-33.23,0.0,,8,,20260814
AROC,"Archrock, Inc.",Energy,Oil & Gas Equipment & Services,NYSE,34.69,1916661,6082481664,1.3239,36.21,31.96,-1.1449,-9.59,-3.13,30.39,8.66,0.0,44.5,3,42.23,22.88,-17.85,0.0,,8,,20260814
YACAF,Yancoal Australia Ltd,Energy,Thermal Coal,PNK,4.06,7974,5448510976,0.2003,4.18,4.32,-0.616,-23.51,-22.24,-30.07,-25.69,0.0,32.75,4,6.14,3.22,-33.93,0.0,,8,,20260814
OGC,OceanaGold Corporation,Basic Materials,Gold,NYSE,28.6,424043,6361999360,1.1283,25.71,29.62,2.5594,-17.66,-34.44,52.13,4.38,0.0,53.25,3,43.33,16.25,-33.99,0.0,,8,,20260814
NPO,Enpro Inc.,Industrials,Specialty Industrial Machinery,NYSE,343.34,254982,7267710976,14.6392,337.48,272.79,0.4003,3.8,14.32,38.06,21.18,0.0,85.0,2,390.42,202.0,-12.06,0.0,,8,,20260814
SWX,"Southwest Gas Holdings, Inc.",Utilities,Utilities - Regulated Gas,NYSE,92.6,534595,6708486144,1.7451,90.01,85.64,1.4837,-0.63,0.88,-1.55,-0.47,0.0,86.25,2,94.47,75.75,-1.98,0.0,,8,,20260814
HXL,Hexcel Corporation,Industrials,Aerospace & Defense,NYSE,104.07,1022267,7870133248,3.2795,99.37,85.93,1.4336,5.45,8.91,50.76,24.78,0.0,86.25,2,111.74,60.05,-6.86,0.0,,8,,20260814
BCUCY,Brunello Cucinelli S.p.A.,Consumer Cyclical,Luxury Goods,PNK,10.25,58143,6969999872,0.4079,9.71,9.82,1.3163,2.26,-6.06,-30.57,-13.78,0.0,83.75,3,12.55,7.87,-18.35,0.0,,8,,20260814
GECFF,Gecina,Real Estate,REIT - Office,PNK,87.54,38,6483251712,0.4939,85.48,87.5,4.1744,0.52,-18.04,-37.89,-21.34,0.0,51.25,3,101.2,76.94,-13.5,0.0,,8,,20260814
RGEN,Repligen Corporation,Healthcare,Medical Instruments & Supplies,NASDAQ,166.83,1164543,9415154688,6.8134,141.42,140.19,3.729,41.42,3.85,25.68,21.97,0.0,90.0,2,175.77,100.99,-5.09,0.0,,8,,20260814
KYMR,"Kymera Therapeutics, Inc.",Healthcare,Biotechnology,NASDAQ,117.39,841429,9656217600,5.1462,101.97,83.9,2.9957,34.3,36.09,165.81,87.53,0.0,92.5,2,130.05,39.84,-9.73,0.0,,8,,20260814
CAG,"ConAgra Brands, Inc.",Consumer Defensive,Packaged Foods,NYSE,15.62,17552293,7475194880,0.461,14.07,15.43,3.3526,11.54,-33.33,-35.37,-22.93,0.0,92.5,3,20.32,12.53,-23.13,0.0,,8,,20260814
BRBOF,Brembo N.V.,Consumer Cyclical,Auto Parts,PNK,12.9,6,4103656192,0.0044,12.87,11.39,5.9092,-12.52,7.89,0.85,-0.03,0.0,75.0,2,13.84,9.33,-6.79,0.0,,8,,20260814
TRSBF,3SBio Inc.,Healthcare,Biotechnology,PNK,2.15,714,5358253056,0.0031,2.19,2.9,-12.9854,-30.05,-27.03,-69.68,-44.85,0.0,12.0,4,4.42,2.0,-51.3,0.0,,8,,20260814
SBFFF,SBM Offshore N.V.,Energy,Oil & Gas Equipment & Services,PNK,38.8,12,6395172864,0.0713,38.16,34.18,8.9858,-13.22,0.83,25.18,7.06,0.0,50.0,2,44.1,25.87,-12.02,0.0,,8,,20260814
CORT,Corcept Therapeutics Incorporated,Healthcare,Biotechnology,NCM,114.47,1126004,12374024192,4.9215,91.15,63.2,4.7386,118.29,164.63,35.14,101.25,0.0,87.5,2,122.21,28.66,-6.33,0.0,,8,,20260814
INGR,Ingredion Incorporated,Consumer Defensive,Packaged Foods,NYSE,105.2,861804,6634330624,2.2098,100.06,107.44,2.3239,-5.36,-22.86,-37.3,-24.26,0.0,49.5,3,130.48,94.44,-19.37,0.0,,8,,20260814
AACAY,AAC Technologies Holdings Inc.,Technology,Communication Equipment,PNK,5.44,16874,6287611392,0.1752,5.38,4.91,0.3688,6.17,5.97,-21.83,-5.1,0.0,62.5,3,6.51,3.82,-16.44,0.0,,8,,20260814
LNWO,"Light & Wonder, Inc.",Consumer Cyclical,Gambling,PNK,94.95,24548,7254037504,3.6561,81.89,90.06,3.5715,10.51,-28.7,-2.79,-8.53,0.0,86.25,3,122.65,70.0,-22.58,0.0,,8,,20260814
CCOHF,China State Construction International Holdings Limited,Industrials,Engineering & Construction,PNK,1.0,191,5282216448,0.0119,1.07,1.08,-6.118,-19.52,-27.03,-47.47,-33.33,0.0,12.0,4,1.3,0.88,-23.08,0.0,,8,,20260814
CENX,Century Aluminum Company,Basic Materials,Aluminum,NASDAQ,46.72,2181940,4624966656,3.0174,49.97,48.09,-1.0764,-27.65,-26.52,79.85,15.75,0.0,22.0,4,70.43,20.91,-33.66,0.0,,8,,20260814
VSH,"Vishay Intertechnology, Inc.",Technology,Semiconductors,NYSE,35.08,7305154,5380541440,3.4297,46.3,27.46,-3.2723,-13.59,62.25,120.44,66.57,0.0,37.5,3,69.47,11.77,-49.5,0.0,,8,,20260814
SYRE,"Spyre Therapeutics, Inc.",Healthcare,Biotechnology,NASDAQ,103.63,1275922,9137446912,6.0606,92.02,55.25,1.9162,30.31,192.69,560.39,299.17,0.0,87.5,2,108.14,14.51,-4.17,0.0,,8,,20260814
GPTGF,The GPT Group,Real Estate,REIT - Diversified,PNK,3.41,158,6532119552,0.014,3.49,3.46,-5.7962,-3.94,-16.91,-27.8,-18.02,0.0,49.0,4,3.83,2.84,-10.97,0.0,,8,,20260814
STWD,"Starwood Property Trust, Inc.",Real Estate,REIT - Mortgage,NYSE,16.3,3885593,6190233600,0.3381,16.44,16.84,-0.4217,-6.81,-17.27,-30.95,-20.13,0.0,31.5,4,20.84,15.51,-21.79,0.0,,8,,20260814
CLF,Cleveland-Cliffs Inc.,Basic Materials,Steel,NYSE,11.9,21427909,6789426176,0.6095,11.29,11.39,1.0015,4.84,-3.97,-9.77,-4.09,0.0,61.25,3,16.7,7.73,-28.74,0.0,,8,,20260814
S,"SentinelOne, Inc.",Technology,Software - Infrastructure,NYSE,23.11,7909974,7922193920,0.9544,18.07,15.72,5.2856,35.94,59.07,12.72,34.75,0.0,91.25,2,23.95,11.81,-3.51,0.0,,8,,20260814
STEP,StepStone Group Inc.,Financial Services,Asset Management,NASDAQ,50.4,1510762,6505830400,2.6658,44.39,53.54,2.2541,-13.14,-29.86,-34.03,-27.35,0.0,53.25,3,77.8,38.85,-35.21,0.0,,8,,20260814
UEC,Uranium Energy Corp.,Energy,Uranium,NYSE,11.21,9790650,0,0.5667,10.64,13.35,1.0143,-28.34,-40.86,-12.03,-26.2,0.0,38.75,3,20.34,8.91,-44.89,0.0,,8,,20260814
ROAD,"Construction Partners, Inc.",Industrials,Engineering & Construction,NASDAQ,121.55,913198,6898637824,6.0907,110.77,115.09,1.7707,-15.54,-16.49,-14.88,-15.61,0.0,62.5,3,151.0,93.42,-19.5,0.0,,8,,20260814
PTGX,"Protagonist Therapeutics, Inc.",Healthcare,Biotechnology,NASDAQ,155.1,683740,10036255744,5.6398,126.34,99.86,5.0988,44.57,73.68,180.51,109.14,0.0,87.5,2,155.53,54.18,-0.28,0.0,,8,,20260814
PRIM,Primoris Services Corporation,Industrials,Engineering & Construction,NYSE,83.3,1990188,4519436288,5.3559,93.93,128.46,-1.9843,-32.4,-61.17,-48.07,-48.74,0.0,8.75,4,205.5,65.0,-59.46,0.0,,8,,20260814
TMNSF,Temenos AG,Technology,Software - Application,PNK,78.89,4,5764847104,0.11,81.14,86.68,-20.4313,-24.88,-17.73,-38.58,-27.86,0.0,24.0,4,97.58,75.31,-19.15,0.0,,8,,20260814
COMP,"Compass, Inc.",Real Estate,Real Estate Services,NYSE,13.02,13468746,9994733568,0.6409,11.06,9.91,3.0604,55.49,3.46,31.59,27.72,0.0,86.25,2,13.96,6.37,-6.7,0.0,,8,,20260814
AN,"AutoNation, Inc.",Consumer Cyclical,Auto & Truck Dealerships,NYSE,209.41,412161,6923263488,6.9105,198.79,201.03,1.5369,-0.83,-12.95,-16.47,-11.33,0.0,90.0,3,235.81,176.62,-11.2,0.0,,8,,20260814
TFPM,Triple Flag Precious Metals Corp.,Basic Materials,Other Precious Metals & Mining,NYSE,31.47,648062,6482914816,1.1339,29.51,32.8,1.7266,-16.52,-24.01,-3.87,-14.08,0.0,49.5,3,41.7,24.75,-24.53,0.0,,8,,20260814
KUMBF,Kumba Iron Ore Limited,Basic Materials,Steel,PNK,19.77,2,6329818112,0.0027,19.77,13.0,0.0,7.08,200.62,1940.63,848.24,0.0,75.0,3,22.32,17.56,-11.42,0.0,,8,,20260814
EFGIF,EFG International AG,Financial Services,Banks - Diversified,PNK,21.0,1,6318124032,0.0024,21.0,22.09,0.0,-12.16,-26.89,39.33,3.28,0.0,37.0,3,25.12,20.0,-16.42,0.0,,8,,20260814
RADLY,Raia Drogasil S.A.,Healthcare,Pharmaceutical Retailers,PNK,3.41,140811,5962508800,0.232,3.57,4.21,-0.6741,-24.57,-44.51,-16.67,-28.39,0.0,24.5,4,5.34,3.07,-36.17,0.0,,8,,20260814
LAD,"Lithia Motors, Inc.",Consumer Cyclical,Auto & Truck Dealerships,NYSE,377.55,323854,8299725312,14.4208,326.38,304.69,3.5486,26.67,2.25,7.13,10.31,0.0,88.75,2,439.49,239.78,-14.09,0.0,,8,,20260814
RSI,"Rush Street Interactive, Inc.",Consumer Cyclical,Gambling,NYSE,25.58,2761803,6247838720,1.4268,29.43,22.8,-2.6953,-12.46,34.5,14.31,14.69,0.0,60.0,3,34.53,15.51,-25.92,0.0,,8,,20260814
DFILF,DFI Retail Group Holdings Limited,Consumer Defensive,Grocery Stores,PNK,3.65,98,4942362624,0.007,3.77,3.85,-17.1165,-10.92,-26.12,58.84,11.66,0.0,24.0,4,5.2,2.47,-29.81,0.0,,8,,20260814
ZLNDY,Zalando SE,Consumer Cyclical,Internet Retail,PNK,13.64,41519,6662393856,0.4511,14.8,13.56,-2.5644,10.26,-5.3,-23.12,-8.54,0.0,62.5,3,17.37,10.84,-21.47,0.0,,8,,20260814
LDSCY,Land Securities Group Plc,Real Estate,REIT - Diversified,PNK,9.8,109629,7301484544,0.2247,9.0,8.23,3.5761,21.38,-0.49,9.47,8.96,0.0,83.75,2,9.95,6.88,-1.51,0.0,,8,,20260814
CEVMY,CTS Eventim AG & Co. KGaA,Communication Services,Entertainment,PNK,16.42,1339,6304708096,0.3312,15.5,18.52,2.7702,-0.63,-27.87,-68.56,-37.34,0.0,25.0,3,30.5,12.87,-46.16,0.0,,8,,20260814
FLR,Fluor Corporation,Industrials,Engineering & Construction,NYSE,52.37,2648180,7004019200,2.5588,50.9,47.25,0.575,14.59,-3.93,1.83,3.0,0.0,86.25,2,57.93,39.33,-9.6,0.0,,8,,20260814
SMBMF,Seatrium Limited,Energy,Oil & Gas Equipment & Services,PNK,1.61,2165,5455870976,0.0236,1.61,1.72,0.14,-16.05,-31.23,-36.81,-29.67,0.0,37.0,3,2.31,1.12,-30.3,0.0,,8,,20260814
GMKKY,"Gruma, S.A.B. de C.V.",Consumer Defensive,Packaged Foods,PNK,15.9,304,5333232128,0.3454,16.79,17.59,-2.5988,-15.31,-20.01,-37.35,-25.77,0.0,13.25,4,19.75,14.99,-19.52,0.0,,8,,20260814
KLAR,Klarna Group plc,Financial Services,Credit Services,NYSE,20.79,4735072,7860979200,0.894,18.81,21.32,2.2159,22.2,2.24,-70.72,-21.95,0.0,78.25,3,47.48,12.06,-56.21,0.0,,8,,20260814
IMCDY,IMCD N.V.,Basic Materials,Specialty Chemicals,PNK,55.8,70967,6589417472,1.2072,50.85,48.86,4.1042,-6.91,-12.42,-18.92,-13.64,0.0,61.25,2,61.56,39.76,-9.36,0.0,,8,,20260814
AXTA,Axalta Coating Systems Ltd.,Basic Materials,Specialty Chemicals,NYSE,37.31,2235737,7985086464,0.9717,34.06,31.21,3.3422,26.14,-3.41,8.23,8.63,0.0,87.5,2,38.61,24.94,-3.37,0.0,,8,,20260814
URBN,"Urban Outfitters, Inc.",Consumer Cyclical,Apparel Retail,NASDAQ,77.81,1182591,6663265280,2.7594,73.56,70.8,1.5418,8.48,-3.15,-21.34,-7.52,0.0,90.0,2,84.35,59.54,-7.75,0.0,,8,,20260814
MHK,"Mohawk Industries, Inc.",Consumer Cyclical,"Furnishings, Fixtures & Appliances",NYSE,140.1,823920,9490114560,4.3947,116.46,112.38,5.3796,33.47,-6.44,-7.03,3.3,0.0,92.5,2,143.13,92.99,-2.12,0.0,,8,,20260814
FNB,F.N.B. Corporation,Financial Services,Banks - Regional,NYSE,19.48,5119933,6934177280,0.336,18.72,17.36,2.2634,6.55,-8.0,11.04,3.25,0.0,91.25,2,19.59,14.46,-0.56,0.0,,8,,20260814
GTX,Garrett Motion Inc.,Consumer Cyclical,Auto Parts,NASDAQ,29.0,2685474,5408308736,1.2237,32.1,22.96,-2.5313,-12.12,27.53,112.45,51.58,0.0,33.75,3,36.25,12.26,-20.0,0.0,,8,,20260814
MGHTF,Mercury NZ Limited,Utilities,Utilities - Renewable,PNK,4.37,0,6194007552,0.0002,4.37,4.02,0.0,-5.49,-1.49,-3.49,-3.29,0.0,75.0,3,4.37,2.02,-0.0,0.0,,8,,20260814
UGP,Ultrapar Participacoes S.A. (Ne,Energy,Oil & Gas Refining & Marketing,NYSE,6.16,3700116,6554352640,0.195,5.55,5.01,3.1032,-2.96,6.91,79.44,33.46,0.0,85.0,2,6.59,3.11,-6.53,0.0,,8,,20260814
DLKGF,Delek Group Ltd.,Energy,Oil & Gas E&P,PNK,27.0,35,4902352896,7.4702,211.43,276.99,-24.6886,-98.94,-105.39,-111.62,-106.27,0.0,0.0,4,381.31,26.31,-92.92,0.0,,8,,20260814
GTES,Gates Industrial Corporation Ltd.,Industrials,Specialty Industrial Machinery,NYSE,27.76,2017972,7027476480,1.1177,27.12,24.66,0.5737,1.57,-9.69,-5.71,-5.28,0.0,83.75,2,30.34,20.88,-8.5,0.0,,8,,20260814
GGPSF,GREATLAND RES LTD.,Basic Materials,Gold,PNK,8.48,3414,5724552704,0.4174,8.18,3.46,0.7392,-27.64,4256.49,10502.53,5683.87,0.0,53.75,2,10.99,0.23,-22.79,0.0,,8,,20260814
WWNTY,Want Want China Holdings Limited,Consumer Defensive,Packaged Foods,PNK,21.23,13,4991280128,0.05,23.29,28.1,-41.1122,-29.01,-43.04,-62.82,-47.45,0.0,0.0,4,38.05,21.23,-44.2,0.0,,8,,20260814
GBCI,"Glacier Bancorp, Inc.",Financial Services,Banks - Regional,NYSE,49.93,1146588,6501483008,1.1492,49.79,46.56,0.1233,1.1,-17.36,-6.12,-8.25,0.0,90.0,2,54.58,39.9,-8.52,0.0,,8,,20260814
SQNNY,"Square Enix Holdings Co., Ltd.",Communication Services,Electronic Gaming & Multimedia,PNK,8.99,738,6484945920,0.3416,7.97,8.55,2.9907,2.6,-22.82,-51.6,-27.98,0.0,81.25,3,12.88,6.75,-30.18,0.0,,8,,20260814
OMF,"OneMain Holdings, Inc.",Financial Services,Credit Services,NYSE,65.68,1078572,7555923968,1.485,59.01,57.39,4.4897,20.28,-0.85,3.16,6.03,0.0,93.75,2,71.93,45.78,-8.69,0.0,,8,,20260814
DBX,"Dropbox, Inc.",Technology,Software - Infrastructure,NASDAQ,34.42,4096488,7484374528,1.3818,29.7,27.29,3.4136,27.92,25.03,4.66,17.6,0.0,90.0,2,36.3,21.7,-5.18,0.0,,8,,20260814
EXP,Eagle Materials Inc.,Basic Materials,Building Materials,NYSE,208.52,481795,6396418560,7.2542,215.22,211.78,-0.924,-3.41,-20.38,-30.15,-20.04,0.0,62.75,4,245.53,171.99,-15.07,0.0,,8,,20260814
PNDRY,Pandora A/S,Consumer Cyclical,Luxury Goods,PNK,15.77,41201,9436848128,0.4114,13.97,11.9,4.3835,49.63,42.15,-41.09,10.73,0.0,87.5,2,17.88,8.25,-11.8,0.0,,8,,20260814
INGM,Ingram Micro Holding Corporation,Technology,Information Technology Services,NYSE,28.55,1246412,6585397248,1.0715,28.6,24.54,-0.05,3.41,20.3,31.13,20.41,0.0,73.25,3,31.69,18.77,-9.91,0.0,,8,,20260814
BSDGY,Bosideng International Holdings Limited,Consumer Cyclical,Apparel Manufacturing,PNK,31.0,47,7218797056,0.1436,28.51,28.65,17.3234,9.33,-13.17,-5.4,-4.44,0.0,75.0,3,33.25,22.98,-6.77,0.0,,8,,20260814
SSRM,SSR Mining Inc.,Basic Materials,Gold,NASDAQ,32.19,3163112,6563840512,1.5201,28.46,26.91,2.4519,-15.37,8.07,83.44,32.36,0.0,60.0,2,36.52,15.99,-11.86,0.0,,8,,20260814
TKCOF,"Toho Co., Ltd.",Communication Services,Entertainment,PNK,8.8,27,7320291328,0.0177,8.19,3.66,34.3442,-10.52,-398.4,-886.41,-496.64,0.0,50.0,2,12.93,7.34,-31.92,0.0,,8,,20260814
RYN,Rayonier Inc. REIT,Real Estate,REIT - Specialty,NYSE,21.57,2665487,0,0.538,21.39,21.23,0.3424,1.9,-14.16,-30.73,-16.77,0.0,87.5,2,27.34,19.49,-21.1,0.0,,8,,20260814
BTG,B2Gold Corp,Basic Materials,Gold,NYSE,5.14,23010522,6790303232,0.2089,4.1,4.57,4.972,-4.69,-11.26,12.62,-0.06,0.0,63.75,3,6.29,3.57,-18.28,0.0,,8,,20260814
KTWIY,Kurita Water Industries Ltd.,Industrials,Pollution & Treatment Controls,PNK,115.97,688,6270813696,2.5525,110.49,115.97,2.1485,6.38,3120.47,3120.47,2341.95,0.0,76.25,3,122.41,3.58,-5.26,0.0,,8,,20260814
CPB,The Campbell's Company,Consumer Defensive,Packaged Foods,NASDAQ,23.17,8429504,0,0.6928,22.15,23.94,1.4767,13.07,-31.93,-45.99,-26.3,0.0,75.75,3,34.17,19.56,-32.19,0.0,,8,,20260814
VSNT,"Versant Media Group, Inc.",Communication Services,Entertainment,NASDAQ,39.65,1959516,5518093824,1.4576,37.49,39.65,1.483,-8.29,28.72,-26.32,-2.55,0.0,63.75,3,59.0,27.17,-32.8,0.0,,8,,20260814
ALKS,Alkermes plc,Healthcare,Drug Manufacturers - Specialty & Generic,NASDAQ,49.06,2108630,8230466048,1.8913,49.15,36.1,-0.046,33.03,28.35,60.49,42.37,0.0,74.5,3,55.67,25.17,-11.87,0.0,,8,,20260814
DSGX,The Descartes Systems Group Inc.,Technology,Software - Application,NASDAQ,77.24,536850,6618759168,3.141,73.42,76.37,1.2169,6.86,2.12,-46.89,-16.3,0.0,88.75,3,109.0,62.56,-29.14,0.0,,8,,20260814
KTWIF,Kurita Water Industries Ltd.,Industrials,Pollution & Treatment Controls,PNK,52.75,29,5704672256,0.2639,54.24,47.67,-5.6616,-5.27,10.91,12.6,7.54,0.0,62.0,3,60.37,32.89,-12.62,0.0,,8,,20260814
APGE,"Apogee Therapeutics, Inc.",Healthcare,Biotechnology,NASDAQ,134.55,2722467,10183785472,0.808,120.3,85.73,17.6296,53.76,104.09,257.0,152.67,0.0,92.5,2,134.88,35.39,-0.24,0.0,,8,,20260814
MONOY,"MonotaRO Co., Ltd.",Consumer Cyclical,Internet Retail,PNK,11.64,91887,5724232704,0.4809,11.67,12.81,-0.0565,-8.97,-29.49,-59.37,-36.31,0.0,57.75,4,19.29,10.26,-39.66,0.0,,8,,20260814
NNCHY,Nissan Chemical Corporation,Basic Materials,Chemicals,PNK,48.7,114,6496827392,0.7908,46.75,39.99,2.4735,10.09,11.66,26.21,17.09,0.0,62.0,2,51.18,31.68,-4.83,0.0,,8,,20260814
SATLF,"ZOZO, Inc.",Consumer Cyclical,Internet Retail,PNK,7.02,33,6144616448,0.007,7.02,-4.16,-0.5857,-2.48,-162.31,-84.31,-91.15,0.0,62.0,3,10.15,6.52,-30.86,0.0,,8,,20260814
EDNMY,Edenred SE,Financial Services,Credit Services,PNK,16.19,12285,4942332416,0.4865,13.92,11.47,4.6582,33.93,48.72,-8.25,22.23,0.0,86.25,2,17.0,8.6,-4.76,0.0,,8,,20260814
BSDGF,Bosideng International Holdings Limited,Consumer Cyclical,Apparel Manufacturing,PNK,0.62,3674,7230439936,0.0258,0.58,0.58,1.6202,5.16,-16.05,-14.41,-10.09,0.0,81.25,3,0.69,0.42,-9.74,0.0,,8,,20260814
AUGO,Aura Minerals Inc.,Basic Materials,Gold,NASDAQ,76.02,1032722,6373276160,4.1481,62.14,63.69,3.3472,-10.52,-6.42,175.19,65.2,0.0,65.0,3,110.32,26.63,-31.09,0.0,,8,,20260814
DELKY,Delek Group Ltd.,Energy,Oil & Gas E&P,PNK,26.35,641,47843332096,0.5619,29.56,30.04,-5.711,-29.85,-22.82,15.06,-9.42,0.0,1.25,4,54.0,20.12,-51.2,0.0,,8,,20260814
PCCWY,PCCW Limited,Communication Services,Telecom Services,PNK,6.95,279,5384694784,0.2108,7.12,7.05,-0.7997,-11.7,-17.36,-21.71,-17.69,0.0,49.0,3,8.31,6.4,-16.37,0.0,,8,,20260814
SCOTF,Scout24 SE,Communication Services,Internet Content & Information,PNK,85.0,1,6010816000,0.02,84.61,103.0,19.4678,-1.35,-37.68,-15.28,-19.64,0.0,50.0,3,126.25,80.0,-32.67,0.0,,8,,20260814
SFGYY,Sony Financial Group Inc.,Financial Services,Insurance - Life,PNK,4.83,254606,6480358912,0.1544,4.55,4.74,1.7952,4.24,-14.3,-26.44,-14.52,0.0,95.0,3,5.69,4.05,-15.11,0.0,,8,,20260814
PHJMF,PT Hanjaya Mandala Sampoerna Tbk,Consumer Defensive,Tobacco,PNK,0.05,18706,5687953920,0.0042,0.05,0.05,0.2201,-7.48,-14.67,-25.39,-17.16,0.0,37.0,3,0.08,0.03,-38.87,0.0,,8,,20260814
LB,LandBridge Company LLC,Energy,Oil & Gas Equipment & Services,NYSE,78.69,365459,6060468736,4.3741,73.09,65.94,1.2804,11.93,26.03,30.46,24.28,0.0,83.75,2,88.0,43.75,-10.58,0.0,,8,,20260814
FSV,FirstService Corporation,Real Estate,Real Estate Services,NASDAQ,140.81,222490,6184732672,4.4852,141.35,146.94,-0.1202,2.16,-26.38,-51.36,-29.24,0.0,61.5,4,209.66,119.41,-32.84,0.0,,8,,20260814
MTHRY,"M3, Inc.",Healthcare,Health Information Services,PNK,5.16,211217,6887878144,0.3184,5.35,5.76,-0.5957,16.71,-20.82,-53.46,-24.49,0.0,45.75,4,8.85,3.97,-41.69,0.0,,8,,20260814
PCTY,Paylocity Holding Corporation,Technology,Software - Application,NASDAQ,148.28,787446,8209670656,6.6354,121.88,124.98,3.9791,29.67,19.56,-39.39,-1.49,0.0,88.75,3,182.83,92.99,-18.9,0.0,,8,,20260814
LW,"Lamb Weston Holdings, Inc.",Consumer Defensive,Packaged Foods,NYSE,53.07,1666046,7296230912,1.669,47.0,47.13,3.6397,27.24,-6.0,-17.06,-2.11,0.0,88.75,3,67.07,37.62,-20.87,0.0,,8,,20260814
CTXAY,Ampol Limited,Energy,Oil & Gas Refining & Marketing,PNK,56.07,1446,6680799232,1.3121,50.73,44.98,4.0728,8.73,24.09,37.45,25.59,0.0,86.25,2,56.37,37.3,-0.54,0.0,,8,,20260814
SOMMY,"Sumitomo Chemical Company, Limited",Basic Materials,Chemicals,PNK,16.64,724,5497431552,0.4004,16.65,16.11,-0.0275,-3.64,-16.09,3.02,-5.34,0.0,37.0,3,20.6,13.28,-19.22,0.0,,8,,20260814
LNNGY,Li Ning Company Limited,Consumer Cyclical,Leisure,PNK,46.2,12812,4713175552,1.2066,49.67,58.89,-2.8722,-30.45,-45.1,-33.9,-36.96,0.0,15.0,4,74.18,45.03,-37.72,0.0,,8,,20260814
TTAN,"ServiceTitan, Inc.",Technology,Software - Application,NASDAQ,90.4,1643379,8623940608,5.2943,76.01,78.55,2.7187,51.78,27.04,-31.68,9.74,0.0,88.75,3,119.99,54.17,-24.66,0.0,,8,,20260814
GLAPF,Glanbia plc,Consumer Defensive,Packaged Foods,PNK,27.5,780,6646509568,0.3231,26.5,20.84,3.1043,10.01,28.82,67.06,39.42,0.0,75.0,2,28.81,14.58,-4.55,0.0,,8,,20260814
GATX,GATX Corporation,Industrials,Rental & Leasing Services,NYSE,180.64,235430,6377505280,4.2727,177.09,175.31,0.832,-8.21,-16.25,-2.01,-8.54,0.0,86.25,2,205.56,150.42,-12.12,0.0,,8,,20260814
OSCR,"Oscar Health, Inc.",Healthcare,Healthcare Plans,NYSE,32.76,6447093,10111209472,1.8483,29.42,19.39,1.8093,37.48,124.39,97.71,91.99,0.0,90.0,2,33.27,10.69,-1.53,0.0,,8,,20260814
RYTM,"Rhythm Pharmaceuticals, Inc.",Healthcare,Biotechnology,NASDAQ,115.48,780795,7951038464,5.0764,103.87,99.23,2.2879,21.03,-0.51,-0.99,4.69,0.0,88.75,2,122.2,74.5,-5.5,0.0,,8,,20260814
VNO,Vornado Realty Trust,Real Estate,REIT - Office,NYSE,39.0,1720196,7723904512,1.1507,38.58,33.14,0.3685,20.36,13.38,-15.19,3.7,0.0,87.5,2,43.37,24.57,-10.08,0.0,,8,,20260814
MIRM,"Mirum Pharmaceuticals, Inc.",Healthcare,Biotechnology,NASDAQ,100.64,864790,6137150976,5.1927,109.03,93.48,-1.6166,-11.28,-13.03,29.35,4.36,0.0,58.75,3,130.0,63.23,-22.58,0.0,,8,,20260814
GIGNF,Genting Singapore Limited,Consumer Cyclical,Resorts & Casinos,PNK,0.52,287,6285797376,0.0007,0.51,0.52,11.9412,-17.59,-14.25,-28.95,-20.97,0.0,37.0,3,0.61,0.44,-14.75,0.0,,8,,20260814
DFYFF,DEFINITY FINL CORP.,Financial Services,Insurance - Property & Casualty,PNK,57.26,1741,6882979840,0.1994,52.1,50.71,25.8487,12.15,-2.77,-20.88,-6.28,0.0,75.0,2,57.26,45.54,-0.0,0.0,,8,,20260814
SCCTY,Scout24 SE,Communication Services,Internet Content & Information,PNK,44.59,20690,6306406400,1.2821,43.3,46.0,1.0075,5.78,-27.09,-57.27,-30.94,0.0,69.5,3,70.1,40.4,-36.39,0.0,,8,,20260814
MDA,MDA Space Ltd.,Industrials,Aerospace & Defense,NYSE,35.21,1609853,5706252288,1.9828,35.79,35.21,-0.2908,-11.14,-2.86,-2.86,-4.93,0.0,49.5,3,49.37,23.23,-28.68,0.0,,8,,20260814
PACS,"PACS Group, Inc.",Healthcare,Medical Care Facilities,NYSE,44.44,919645,7036434432,2.5067,41.96,34.92,0.9901,34.03,3.87,275.73,120.15,0.0,90.0,2,49.49,7.5,-10.2,0.0,,8,,20260814
ACT,"Enact Holdings, Inc.",Financial Services,Insurance - Specialty,NASDAQ,49.94,345559,6865933824,1.0343,45.22,41.43,4.5618,11.9,6.6,14.31,11.01,0.0,92.5,2,50.26,34.64,-0.64,0.0,,8,,20260814
UBSI,"United Bankshares, Inc.",Financial Services,Banks - Regional,NASDAQ,49.27,976188,6711193600,0.7464,46.35,41.65,3.9074,11.42,-1.11,19.91,10.43,0.0,88.75,2,49.62,34.1,-0.71,0.0,,8,,20260814
EDNMF,Edenred SE,Financial Services,Credit Services,PNK,25.2,3,4795212288,0.0045,25.2,23.48,0.0,14.27,9.1,-41.64,-9.9,0.0,75.0,3,48.6,20.6,-48.15,0.0,,8,,20260814
SKSUF,"Sekisui Chemical Co., Ltd.",Industrials,Conglomerates,PNK,14.9,12,6018250752,0.0087,14.79,-6.36,12.7713,-16.88,-168.26,-71.37,-91.66,0.0,50.0,3,19.69,14.69,-24.31,0.0,,8,,20260814
TGTX,"TG Therapeutics, Inc. Common Stock",Healthcare,Biotechnology,NCM,48.74,2389262,7461294080,2.1802,51.71,37.31,-1.3603,9.43,56.33,57.59,45.11,0.0,60.0,3,59.3,26.76,-17.81,0.0,,8,,20260814
MSM,"MSC Industrial Direct Company, ",Industrials,Industrial Distribution,NYSE,123.82,765116,0,3.4406,119.94,97.38,1.1267,10.94,21.25,26.05,20.59,0.0,85.0,2,130.46,78.8,-5.09,0.0,,8,,20260814
AZIHF,Azimut Holding S.p.A.,Financial Services,Asset Management,PNK,45.18,589,6441908224,0.8275,42.19,40.78,3.6186,2.25,-7.45,11.11,2.4,0.0,55.0,2,46.07,34.25,-1.93,0.0,,8,,20260814
CHDN,Churchill Downs Incorporated,Consumer Cyclical,Gambling,NASDAQ,90.82,992764,6330176000,2.993,87.08,95.06,1.2485,0.12,-16.1,-32.83,-18.74,0.0,50.75,3,118.35,79.4,-23.26,0.0,,8,,20260814
SGHDY,"SG Holdings Co.,Ltd.",Industrials,Integrated Freight & Logistics,PNK,9.65,16,5758517248,0.0034,9.52,9.43,39.6627,-1.5,-15.75,-42.11,-22.73,0.0,75.0,2,12.31,8.93,-21.61,0.0,,8,,20260814
SKHCF,Sonic Healthcare Limited,Healthcare,Diagnostics & Research,PNK,14.25,32,7546719744,0.195,13.52,14.06,3.7258,-6.08,-22.47,-46.58,-28.02,0.0,76.25,3,19.3,12.0,-26.17,0.0,,8,,20260814
ACA,"Arcosa, Inc.",Industrials,Engineering & Construction,NYSE,145.4,711303,7140129792,0.8779,139.93,119.06,6.2346,6.95,2.51,28.66,14.08,0.0,82.5,2,146.92,89.03,-1.03,0.0,,8,,20260814
NBCLF,"Nitto Boseki Co., Ltd.",Consumer Cyclical,Textile Manufacturing,PNK,20.71,4097,3769750016,2.3489,22.39,20.71,-0.7152,-41.97,211.61,540.16,279.63,0.0,40.0,3,40.4,13.2,-48.74,0.0,,8,,20260814
GRGDF,GROUPE DYNAMITE INC.,Consumer Cyclical,Apparel Retail,PNK,47.3,15506,5176499200,0.947,40.89,52.93,6.7644,-35.05,-24.94,53.53,3.92,0.0,25.0,3,70.53,27.39,-32.94,0.0,,8,,20260814
WH,"Wyndham Hotels & Resorts, Inc.",Consumer Cyclical,Lodging,NYSE,73.63,1405330,5464164352,2.3104,78.91,77.89,-2.2868,-15.07,-17.13,-33.63,-23.22,0.0,25.75,4,90.35,69.21,-18.51,0.0,,8,,20260814
ETSY,"Etsy, Inc.",Consumer Cyclical,Internet Retail,NYSE,79.9,3004577,7333361664,3.3889,77.53,62.29,0.6982,28.2,32.54,7.99,21.63,0.0,91.25,2,87.97,44.0,-9.18,0.0,,8,,20260814
MRCY,"Mercury Systems, Inc.",Industrials,Aerospace & Defense,NASDAQ,111.12,679461,6672009728,5.8864,109.36,89.07,0.2995,15.57,17.7,87.15,44.94,0.0,86.25,2,128.45,62.78,-13.49,0.0,,8,,20260814
TAL,TAL Education Group,Consumer Defensive,Education & Training Services,NYSE,11.65,4171575,0,0.4294,10.37,11.02,2.989,-0.39,-17.82,-18.29,-13.65,0.0,87.5,3,13.37,8.88,-12.86,0.0,,8,,20260814
OUT,OUTFRONT Media Inc.,Real Estate,REIT - Specialty,NYSE,30.24,1887340,5326329856,0.9206,31.84,27.12,-1.7422,-10.58,4.43,66.44,25.48,0.0,38.75,3,34.96,16.97,-13.5,0.0,,8,,20260814
VOPKY,Koninklijke Vopak N.V.,Energy,Oil & Gas Midstream,PNK,56.56,22,6445646336,0.321,53.16,48.59,10.5906,10.98,7.11,-3.2,3.95,0.0,75.0,2,56.66,42.45,-0.18,0.0,,8,,20260814
SLFPY,Aberdeen Group Plc,Financial Services,Asset Management,PNK,13.6,38,6258536448,0.0253,13.13,11.55,18.435,5.93,4.49,11.25,7.55,0.0,75.0,2,13.6,9.9,0.0,0.0,,8,,20260814
RKWBF,Rockwool A/S,Industrials,Building Products & Equipment,PNK,29.45,63,6088268288,0.0697,31.12,28.56,-24.0034,-1.79,-7.61,-47.6,-22.15,0.0,50.0,3,43.56,27.49,-32.39,0.0,,8,,20260814
SMBMY,Seatrium Limited,Energy,Oil & Gas Equipment & Services,PNK,15.41,55,5221505024,0.1921,15.58,16.08,-0.8745,-26.47,-9.61,-39.13,-25.64,0.0,24.0,4,20.68,15.0,-25.51,0.0,,8,,20260814
ZLDSF,Zalando SE,Consumer Cyclical,Internet Retail,PNK,26.0,4,6349788672,0.0098,26.0,28.47,0.0,8.9,-27.44,-39.54,-23.19,0.0,62.0,3,31.01,22.73,-16.16,0.0,,8,,20260814
CAR,"Avis Budget Group, Inc.",Industrials,Rental & Leasing Services,NASDAQ,137.85,703966,4869655040,8.3689,162.39,157.51,-2.932,-14.1,3.65,-33.51,-15.65,0.0,13.75,4,847.7,85.96,-83.74,0.0,,8,,20260814
BYD,Boyd Gaming Corporation,Consumer Cyclical,Resorts & Casinos,NYSE,84.13,999866,6112499712,2.1507,86.7,83.91,-1.1957,-3.38,-10.39,-19.63,-12.33,0.0,77.0,3,91.41,76.33,-7.96,0.0,,8,,20260814
EAT,"Brinker International, Inc.",Consumer Cyclical,Restaurants,NYSE,237.15,1047617,10170840064,10.3157,182.23,153.18,5.3244,64.59,26.05,32.86,38.41,0.0,90.0,2,253.71,100.3,-6.53,0.0,,8,,20260814
ONEXF,Onex Corporation,Financial Services,Asset Management,PNK,84.93,10738,6479010816,1.8218,77.46,79.17,4.1002,-4.77,-4.06,-20.61,-10.86,0.0,62.5,3,92.45,69.26,-8.13,0.0,,8,,20260814
TFX,Teleflex Incorporated,Healthcare,Medical Instruments & Supplies,NYSE,137.17,555812,5812221440,4.8255,131.88,121.08,1.0953,0.74,17.39,-6.02,3.86,0.0,86.25,2,145.0,100.18,-5.4,0.0,,8,,20260814
WKCMF,Wacker Chemie AG,Basic Materials,Specialty Chemicals,PNK,105.4,51,5236059648,1.2672,109.31,95.4,-3.0894,-8.59,3.88,12.49,4.2,0.0,39.5,3,122.41,72.6,-13.9,0.0,,8,,20260814
HLPPF,Hang Lung Properties Limited,Real Estate,Real Estate Services,PNK,0.95,3,6139637248,0.0186,1.14,1.14,-10.1631,-22.59,-32.86,-22.34,-26.08,0.0,1.25,4,1.2,0.91,-20.67,0.0,,8,,20260814
KIROY,Kumba Iron Ore Limited,Basic Materials,Steel,PNK,5.2,54551,4995196416,0.2363,5.84,6.46,-2.6966,-29.37,-44.87,-26.81,-33.77,0.0,12.5,4,8.47,5.07,-38.61,0.0,,8,,20260814
WAWIF,Wallenius Wilhelmsen ASA,Industrials,Marine Shipping,PNK,16.3,116,6892798976,0.134,14.23,12.04,15.414,22.11,18.75,47.18,30.96,0.0,75.0,2,16.3,7.29,-0.0,0.0,,8,,20260814
SNDR,"Schneider National, Inc.",Industrials,Trucking,NYSE,36.1,984491,6328361984,1.262,36.45,29.43,-0.2765,16.02,10.54,29.51,19.5,0.0,70.75,3,39.27,20.11,-8.07,0.0,,8,,20260814
SFRRF,Sandfire Resources Limited,Basic Materials,Copper,PNK,15.14,289,7069644288,0.0974,13.95,12.4,12.1871,16.31,7.47,92.85,43.83,0.0,75.0,2,15.5,7.4,-2.32,0.0,,8,,20260814
PREKF,PrairieSky Royalty Ltd.,Energy,Oil & Gas E&P,PNK,25.2,63946,5857564160,0.4301,23.77,21.93,3.3274,-3.54,4.92,24.12,10.48,0.0,69.5,2,27.36,16.75,-7.89,0.0,,8,,20260814
LOAR,Loar Holdings Inc.,Industrials,Aerospace & Defense,NYSE,77.41,710951,7252425216,3.5436,71.47,67.87,1.6756,21.16,5.95,-8.71,3.89,0.0,88.75,2,83.43,53.15,-7.22,0.0,,8,,20260814
CHE,Chemed Corporation,Healthcare,Medical Care Facilities,NYSE,532.88,195129,6964720640,13.5932,482.78,439.29,3.6854,21.34,6.75,-0.12,7.65,0.0,90.0,2,557.0,365.21,-4.33,0.0,,8,,20260814
APPF,"AppFolio, Inc.",Technology,Software - Application,NASDAQ,204.21,407679,7232504320,9.3332,173.19,190.94,3.3232,22.7,-1.36,-51.12,-15.25,0.0,91.25,3,288.74,142.56,-29.27,0.0,,8,,20260814
VOPKF,Koninklijke Vopak N.V.,Energy,Oil & Gas Midstream,PNK,54.5,3503,6210885632,0.1192,53.67,50.08,6.9508,0.86,-0.03,-16.26,-6.3,0.0,75.0,2,56.35,42.85,-3.28,0.0,,8,,20260814
XYIGY,Xinyi Glass Holdings Limited,Basic Materials,Building Materials,PNK,21.33,108,4722955776,0.6553,22.56,23.48,-1.8734,-14.75,-30.76,-13.65,-19.92,0.0,12.0,4,29.99,20.0,-28.86,0.0,,8,,20260814
TOITF,Topicus.com Inc.,Technology,Software - Infrastructure,PNK,73.43,30825,15653858304,3.017,69.48,76.64,1.3106,6.31,-2.11,-66.07,-25.59,0.0,74.5,3,129.35,60.5,-43.23,0.0,,8,,20260814
PUTKF,PT United Tractors Tbk,Basic Materials,Other Industrial Metals & Mining,PNK,1.6,0,5588950016,0.0001,1.6,1.6,0.0,-10.38,-14.16,-5.65,-9.81,0.0,37.0,3,1.82,1.4,-12.09,0.0,,8,,20260814
MTHRF,"M3, Inc.",Healthcare,Health Information Services,PNK,10.17,87,6787763712,0.095,8.68,11.42,15.6657,-13.28,-24.18,-50.54,-32.0,0.0,26.25,3,15.25,8.55,-33.31,0.0,,8,,20260814
CZR,"Caesars Entertainment, Inc.",Consumer Cyclical,Resorts & Casinos,NASDAQ,29.75,6729154,6060680704,0.2873,29.75,25.64,0.0014,1.85,31.6,0.56,11.75,0.0,83.75,2,30.88,17.86,-3.66,0.0,,8,,20260814
CDEVY,City Developments Limited,Real Estate,Real Estate - Development,PNK,5.92,2172,5288938496,0.2251,6.16,6.28,-1.061,-14.23,-31.93,-1.96,-15.52,0.0,25.25,4,8.2,4.75,-27.8,0.0,,8,,20260814
MAC,The Macerich Company,Real Estate,REIT - Retail,NYSE,24.71,3671567,7290200064,0.6567,24.75,20.44,-0.0618,9.67,19.31,30.01,21.18,0.0,77.0,3,26.68,16.03,-7.38,0.0,,8,,20260814
NJR,New Jersey Resources Corporation,Utilities,Utilities - Regulated Gas,NYSE,55.6,687059,5641617408,1.2758,56.46,51.89,-0.6722,-4.81,-3.16,-0.2,-2.39,0.0,73.25,3,60.86,43.46,-8.64,0.0,,8,,20260814
RRR,"Red Rock Resorts, Inc.",Consumer Cyclical,Resorts & Casinos,NASDAQ,63.66,782172,6492538880,2.1562,62.76,58.82,0.4182,16.34,-12.94,-6.39,-3.0,0.0,87.5,2,68.99,50.52,-7.73,0.0,,8,,20260814
MNTHY,Minth Group Limited,Consumer Cyclical,Auto Parts,PNK,73.54,2040,4307285504,3.255,73.82,86.04,-0.0863,-31.39,-34.39,-20.76,-28.19,0.0,20.75,4,118.24,62.81,-37.8,0.0,,8,,20260814
FLG,"Flagstar Bank, National Association",Financial Services,Banks - Regional,NYSE,14.25,4702166,5915073024,0.3056,14.53,13.37,-0.9301,-3.79,-11.97,0.46,-4.95,0.0,73.25,3,15.44,10.57,-7.71,0.0,,8,,20260814
IBP,"Installed Building Products, In",Consumer Cyclical,Residential Construction,NYSE,240.23,437482,6385115136,11.133,222.94,261.43,1.553,11.44,-37.69,-28.84,-21.87,0.0,72.0,3,349.0,193.11,-31.17,0.0,,8,,20260814
ASAAF,AT & S Austria Technologie & Systemtechnik Aktiengesellschaft,Technology,Electronic Components,PNK,191.5,191,7439775232,7.1639,196.09,88.59,-0.6411,53.96,429.04,1406.12,726.1,0.0,65.75,3,261.24,12.52,-26.7,0.0,,8,,20260814
MRUWY,MARUWA CO LTD.,Technology,Electronic Components,PNK,15.11,43679,186455088,0.8648,15.11,15.11,0.0,-15.73,-15.73,-15.73,-15.73,0.0,73.25,3,18.41,11.86,-17.91,0.0,,8,,20260814
SRRK,Scholar Rock Holding Corporation,Healthcare,Biotechnology,NASDAQ,52.52,1337562,6396163072,2.492,50.36,45.47,0.8687,3.34,-2.71,41.17,16.35,0.0,85.0,2,58.49,27.07,-10.21,0.0,,8,,20260814
POR,Portland General Electric Company,Utilities,Utilities - Regulated Electric,NYSE,50.76,1216259,5969768960,1.0629,50.7,49.59,0.0547,0.8,-10.0,2.88,-2.15,0.0,85.0,2,54.62,41.8,-7.07,0.0,,8,,20260814
NXST,"Nexstar Media Group, Inc.",Communication Services,Broadcasting,NASDAQ,189.57,389348,5840329728,7.4919,180.08,197.93,1.2671,-10.91,-32.11,-18.0,-21.17,0.0,55.75,3,254.3,154.47,-25.45,0.0,,8,,20260814
PCWLF,PCCW Limited,Communication Services,Telecom Services,PNK,0.68,869,5268478464,0.0299,0.7,0.7,-0.5379,-14.82,-18.79,-13.99,-15.88,0.0,29.0,4,0.81,0.63,-16.05,0.0,,8,,20260814
ENIC,Enel Chile S.A.,Utilities,Utilities - Regulated Electric,NYSE,4.53,580996,6266490880,0.1265,4.41,4.1,0.9188,-2.37,-5.57,19.44,5.23,0.0,87.5,2,4.74,3.34,-4.43,0.0,,8,,20260814
PSN,Parsons Corporation,Technology,Information Technology Services,NYSE,47.9,1437582,5115978240,3.0365,53.61,62.04,-1.8799,-7.0,-43.53,-61.47,-41.57,0.0,13.75,4,89.5,36.26,-46.48,0.0,,8,,20260814
CE,Celanese Corporation,Basic Materials,Chemicals,NYSE,45.66,1861661,5011136000,2.0131,47.83,50.13,-1.0796,-28.55,-29.35,-27.94,-28.59,0.0,32.75,4,70.7,35.13,-35.42,0.0,,8,,20260814
SFGRF,SFGRF,Financial Services,Insurance - Life,PNK,0.92,5532,6185858048,0.0347,0.89,-1.22,0.9885,-1.56,-143.07,-145.65,-108.72,0.0,75.0,2,1.11,0.63,-16.93,0.0,,8,,20260814
PEGA,Pegasystems Inc.,Technology,Software - Application,NASDAQ,32.32,2596708,5313567744,1.678,31.39,43.59,0.5547,-5.98,-27.44,-58.54,-34.51,0.0,43.75,3,68.1,25.1,-52.54,0.0,,8,,20260814
PIPR,Piper Sandler Companies,Financial Services,Capital Markets,NYSE,76.5,593624,5406277120,2.6619,76.26,80.45,0.0914,-9.39,-28.57,-25.99,-22.74,0.0,52.0,3,95.06,68.7,-19.53,0.0,,8,,20260814
TMSNY,Temenos AG,Technology,Software - Application,PNK,91.6,2058,6166764032,2.1472,84.64,89.28,3.2404,-6.31,-5.15,-20.83,-11.71,0.0,63.75,3,107.27,74.5,-14.61,0.0,,8,,20260814
KMX,CarMax Inc,Consumer Cyclical,Auto & Truck Dealerships,NYSE,59.92,3171591,0,2.0205,53.69,44.26,3.0837,48.05,16.5,-14.17,12.12,0.0,86.25,2,62.56,30.26,-4.22,0.0,,8,,20260814
DFIHY,DFI Retail Group Holdings Limited,Consumer Defensive,Grocery Stores,PNK,20.5,0,5551694336,0.001,20.5,18.82,0.0,-10.38,12.14,-3.35,0.31,0.0,50.0,3,21.5,15.92,-4.65,0.0,,8,,20260814
PTCT,"PTC Therapeutics, Inc. Common Stock",Healthcare,Biotechnology,NASDAQ,71.7,1712209,5984139264,2.8073,77.09,73.22,-1.9201,-11.98,-15.78,34.81,5.4,0.0,48.25,3,90.87,47.94,-21.1,0.0,,8,,20260814
ABCB,Ameris Bancorp,Financial Services,Banks - Regional,NYSE,89.77,500325,6024216576,1.6473,88.37,81.19,0.8509,0.5,-7.32,11.97,2.35,0.0,91.25,2,93.22,68.8,-3.7,0.0,,8,,20260814
HPHTF,Hamamatsu Photonics K.K.,Technology,Electronic Components,PNK,14.68,398,4237213184,0.1544,15.64,12.77,-6.2679,-3.82,16.49,-3.16,3.55,0.0,25.0,3,19.0,9.15,-22.76,0.0,,8,,20260814
CACC,Credit Acceptance Corporation,Financial Services,Credit Services,NASDAQ,587.27,158901,6096203264,20.9308,591.5,506.14,-0.2022,7.28,4.15,3.6,4.71,0.0,73.25,3,668.86,401.9,-12.2,0.0,,8,,20260814
GLAPY,Glanbia plc,Consumer Defensive,Packaged Foods,PNK,132.58,106,6408685568,0.5052,134.28,103.49,-3.3659,23.98,22.76,65.23,40.05,0.0,62.0,3,143.5,79.41,-7.61,0.0,,8,,20260814
GNGBY,Getinge AB (publ),Healthcare,Medical Devices,PNK,24.98,1946,6803519488,0.2812,21.94,21.58,10.8201,16.72,-0.07,1.71,4.84,0.0,87.5,2,25.22,18.99,-0.96,0.0,,8,,20260814
RKGRY,RENK GROUP AG,Industrials,Aerospace & Defense,PNK,11.6,248,5800000000,0.206,10.7,11.6,4.376,4.41,-21.77,-21.77,-15.23,0.0,51.25,3,13.23,9.36,-12.32,0.0,,8,,20260814
OTEX,Open Text Corporation,Technology,Software - Application,NASDAQ,24.54,2278929,5954934784,1.0558,23.19,26.29,1.2791,-3.52,-13.47,-40.65,-21.86,0.0,75.75,3,39.9,19.78,-38.5,0.0,,8,,20260814
SIGCY,SIG Group AG,Consumer Cyclical,Packaging & Containers,PNK,18.42,1525,7116125696,0.2748,16.66,14.71,6.3872,3.95,5.8,-14.39,-2.74,0.0,77.5,2,19.11,9.73,-3.66,0.0,,8,,20260814
PATH,"UiPath, Inc.",Technology,Software - Infrastructure,NYSE,16.01,64430653,8295105536,0.8779,11.99,12.73,4.578,61.53,28.64,23.96,34.99,0.0,93.75,3,19.84,9.2,-19.3,0.0,,8,,20260814
SRTTY,"ZOZO, Inc.",Consumer Cyclical,Internet Retail,PNK,7.33,11303,6418245632,0.2397,6.85,7.34,1.9921,6.69,-8.52,-50.47,-21.5,0.0,63.25,3,10.4,5.74,-29.52,0.0,,8,,20260814
NOVTU,Novanta Inc.,Technology,Scientific & Technical Instruments,NASDAQ,69.08,40104,0,2.7328,,69.08,,-1.79,-1.64,32.87,12.13,0.0,48.25,3,75.59,47.57,-8.61,0.0,,8,,20260814
NOVT,Novanta Inc.,Technology,Scientific & Technical Instruments,NASDAQ,166.58,513733,6299683840,7.445,155.71,135.09,1.4599,13.72,3.09,20.82,12.84,0.0,87.5,2,176.38,98.27,-5.56,0.0,,8,,20260814
GVA,Granite Construction Incorporated,Industrials,Engineering & Construction,NYSE,127.1,947725,5562469376,5.1989,134.93,124.33,-1.506,-15.2,-16.07,-2.8,-10.54,0.0,35.0,3,162.08,97.26,-21.58,0.0,,8,,20260814
MSSMY,MISUMI Group Inc.,Industrials,Tools & Accessories,PNK,11.81,445,6231158784,0.2777,11.85,9.55,-0.1605,-0.28,10.95,30.18,15.84,0.0,67.0,3,13.0,6.64,-9.15,0.0,,8,,20260814
BLCO,Bausch + Lomb Corporation,Healthcare,Medical Instruments & Supplies,NYSE,17.05,423987,6089667072,0.4975,16.09,16.4,1.9324,1.08,-11.64,1.81,-3.08,0.0,91.25,3,18.91,13.77,-9.86,0.0,,8,,20260814
AMTM,"Amentum Holdings, Inc.",Industrials,Specialty Business Services,NYSE,21.47,2042330,5249552384,1.0646,21.91,26.51,-0.4161,-17.12,-45.8,-38.74,-35.81,0.0,25.75,4,38.11,19.8,-43.66,0.0,,8,,20260814
ESTC,Elastic N.V.,Technology,Software - Application,NYSE,86.68,2107314,9010527232,3.8116,63.74,64.35,6.0184,66.77,28.87,-6.86,24.05,0.0,93.75,3,96.07,42.05,-9.77,0.0,,8,,20260814
CGON,"CG Oncology, Inc.",Healthcare,Biotechnology,NASDAQ,75.03,1033069,6650687488,3.4964,67.85,57.96,2.0527,2.96,34.42,178.74,84.28,0.0,90.0,2,79.39,24.85,-5.49,0.0,,8,,20260814
IFS,Intercorp Financial Services Inc.,Financial Services,Banks - Regional,NYSE,54.69,305198,6037650432,1.9771,56.43,47.13,-0.8825,17.78,-1.67,28.78,15.37,0.0,69.5,3,61.38,38.0,-10.9,0.0,,8,,20260814
HPHTY,Hamamatsu Photonics K.K.,Technology,Electronic Components,PNK,8.23,225,4753763328,0.1007,7.84,6.37,3.89,5.38,35.64,26.32,24.35,0.0,50.0,2,9.56,4.93,-13.94,0.0,,8,,20260814
BKH,Black Hills Corporation,Utilities,Utilities - Regulated Gas,NYSE,74.29,929869,5664846336,1.6075,73.4,71.34,0.5553,-3.16,-6.54,3.79,-1.56,0.0,70.75,2,78.69,58.06,-5.59,0.0,,8,,20260814
RMSYF,Ramsay Health Care Limited,Healthcare,Medical Care Facilities,PNK,29.58,9,5770745344,0.0561,27.8,24.41,31.7175,12.73,7.14,-6.43,3.11,0.0,75.0,2,30.0,20.0,-1.4,0.0,,8,,20260814
JBHIF,JB Hi-Fi Limited,Consumer Cyclical,Specialty Retail,PNK,57.93,65,6333717504,0.5672,51.86,58.48,10.7079,-7.25,-10.83,-39.95,-21.58,0.0,37.0,3,81.23,50.17,-28.68,0.0,,8,,20260814
RNKGF,RENK GROUP AG,Industrials,Aerospace & Defense,PNK,57.57,273,5863451648,0.8808,53.66,61.47,4.4342,6.17,-29.27,-39.11,-24.35,0.0,37.0,3,104.2,46.43,-44.75,0.0,,8,,20260814
EMLZF,Emmi AG,Consumer Defensive,Packaged Foods,PNK,1075.0,0,5751045632,0.46,1074.85,995.81,0.3191,5.4,0.24,-13.96,-4.15,0.0,75.0,2,1099.16,856.9,-2.2,0.0,,8,,20260814
USAR,"USA Rare Earth, Inc.",Basic Materials,Other Industrial Metals & Mining,NASDAQ,20.0,13777880,4894402048,1.4214,18.98,19.16,0.7201,-23.48,-9.74,-4.0,-10.88,0.0,63.75,3,43.98,11.45,-54.52,0.0,,8,,20260814
CPA,"Copa Holdings, S.A.",Industrials,Airlines,NYSE,135.87,335033,6144880128,4.8916,143.6,128.44,-1.581,12.22,-21.72,-1.83,-5.28,0.0,57.5,3,160.47,107.44,-15.33,0.0,,8,,20260814
SLFPF,Aberdeen Group Plc,Financial Services,Asset Management,PNK,3.29,687,6056054272,0.0258,3.23,2.87,2.5146,2.94,-0.56,2.33,1.47,0.0,75.0,2,3.44,2.45,-4.36,0.0,,8,,20260814
ZGN,Ermenegildo Zegna N.V.,Consumer Cyclical,Apparel Manufacturing,NYSE,13.76,1224514,3691973888,0.6357,14.03,11.57,-0.4264,5.87,19.96,53.94,30.03,0.0,75.75,3,15.95,7.85,-13.73,0.0,,8,,20260814
BAFBF,Balfour Beatty plc,Industrials,Engineering & Construction,PNK,12.11,146,5779773440,0.0987,10.97,10.08,11.5194,4.15,15.45,51.06,26.87,0.0,50.0,2,12.11,7.91,-0.0,0.0,,8,,20260814
KOF,Coca Cola Femsa S.A.B. de C.V.,Consumer Defensive,Beverages - Non-Alcoholic,NYSE,108.94,136203,0,2.4719,105.91,99.5,1.225,-0.63,-13.02,8.28,-1.4,0.0,90.0,2,116.36,80.22,-6.38,0.0,,8,,20260814
COCSF,"Coca-Cola FEMSA, S.A.B. de C.V.",Consumer Defensive,Beverages - Non-Alcoholic,PNK,11.57,990,24311881728,0.3831,10.85,10.2,1.8796,3.74,-8.39,11.65,2.66,0.0,78.75,2,12.24,7.57,-5.45,0.0,,8,,20260814
FINN,"First National of Nebraska, Inc.",Financial Services,Banks - Regional,OID,19250.0,61,5201927680,147.4978,18743.17,16734.84,3.4362,4.5,5.39,24.25,12.71,0.0,82.5,2,19300.0,12900.0,-0.26,0.0,,8,,20260814
MNTHF,Minth Group Limited,Consumer Cyclical,Auto Parts,PNK,3.66,580,4287371776,0.0903,3.22,3.34,4.8253,-15.91,-0.3,26.42,6.48,0.0,51.25,3,5.54,2.94,-33.94,0.0,,8,,20260814
TKECF,"Tokyo Electric Power Company Holdings, Incorporated",Utilities,Utilities - Renewable,PNK,3.11,829,4984403456,0.1171,3.15,3.96,-0.3193,-23.45,-32.03,-50.35,-37.21,0.0,14.5,4,6.0,2.7,-48.17,0.0,,8,,20260814
SHJBF,"Shanghai Junshi Biosciences Co., Ltd.",Healthcare,Biotechnology,PNK,3.35,0,4841863680,0.0002,3.35,3.34,0.0,-5.49,-1.02,46.62,16.92,0.0,75.0,3,4.23,1.97,-20.78,0.0,,8,,20260814
COIHY,Croda International Plc,Basic Materials,Specialty Chemicals,PNK,22.05,7243,6145517568,0.3029,20.47,19.16,5.2324,9.38,-1.18,10.33,6.07,0.0,85.0,2,22.4,16.26,-1.56,0.0,,8,,20260814
BRTHY,"Brother Industries, Ltd.",Industrials,Business Equipment & Supplies,PNK,58.15,91,7191018496,0.6542,47.83,41.47,15.7778,38.21,31.27,46.63,39.15,0.0,75.0,2,58.15,31.75,0.0,0.0,,8,,20260814
ESNT,Essent Group Ltd.,Financial Services,Insurance - Specialty,NYSE,69.57,760685,6252673536,1.6057,63.26,61.57,3.9307,8.58,-2.33,-6.35,-1.21,0.0,92.5,2,70.0,55.34,-0.61,0.0,,8,,20260814
MCY,Mercury General Corporation,Financial Services,Insurance - Property & Casualty,NYSE,105.38,294246,0,2.8251,105.44,94.21,-0.0209,1.44,1.79,27.74,12.09,0.0,73.25,3,113.06,73.05,-6.79,0.0,,8,,20260814
BYCRF,"Baycurrent, Inc.",Industrials,Consulting Services,PNK,44.18,63,6524293120,0.4755,38.12,16.67,12.7387,27.42,-688.7,-3861.88,-1778.94,0.0,75.0,2,62.0,28.17,-28.74,0.0,,8,,20260814
ESAB,ESAB Corporation,Industrials,Metal Fabrication,NYSE,84.81,715154,5269751296,4.3076,91.15,105.1,-1.4724,-17.35,-48.46,-46.56,-39.92,0.0,12.5,4,137.42,82.19,-38.28,0.0,,8,,20260814
PECO,"Phillips Edison & Company, Inc.",Real Estate,REIT - Retail,NASDAQ,40.5,1004411,5728585216,0.7875,41.5,37.76,-1.265,-2.49,-2.57,3.74,-0.03,0.0,72.0,3,44.38,32.98,-8.73,0.0,,8,,20260814
SBSNY,Vend Marketplaces ASA,Communication Services,Internet Content & Information,PNK,26.5,9783,5349651968,0.9654,25.32,26.95,1.2246,-4.75,-20.92,-54.36,-30.25,0.0,49.5,3,45.0,18.0,-41.11,0.0,,8,,20260814
COGT,"Cogent Biosciences, Inc.",Healthcare,Biotechnology,NASDAQ,37.93,2552146,6581802496,2.0087,37.46,35.6,0.2363,5.95,-12.52,222.89,86.26,0.0,90.0,2,43.73,11.53,-13.26,0.0,,8,,20260814
RGLXY,RTL Group S.A.,Communication Services,Broadcasting,PNK,3.6,406,5431792640,0.0211,3.74,3.68,-6.5878,-30.42,-16.46,-23.27,-22.68,0.0,24.0,4,5.27,3.24,-31.69,0.0,,8,,20260814
MGY,Magnolia Oil & Gas Corporation,Energy,Oil & Gas E&P,NYSE,26.24,4223622,6362991616,0.8988,25.98,25.81,0.2848,-12.41,-14.18,-8.45,-11.45,0.0,61.25,2,32.76,21.07,-19.9,0.0,,8,,20260814
BBRYF,Burberry Group plc,Consumer Cyclical,Luxury Goods,PNK,16.42,98,5881818624,0.0652,15.77,16.28,10.033,-6.15,-20.83,-24.88,-18.78,0.0,50.0,3,18.37,13.34,-10.62,0.0,,8,,20260814
WILWY,Wallenius Wilhelmsen ASA,Industrials,Marine Shipping,PNK,28.5,26,6025913856,0.1632,26.46,22.34,12.4964,13.91,17.44,54.47,31.37,0.0,75.0,2,30.0,14.01,-5.0,0.0,,8,,20260814
CWST,"Casella Waste Systems, Inc.",Industrials,Waste Management,NASDAQ,90.72,684764,5773425152,3.0051,91.18,91.8,-0.1546,3.82,-24.96,-31.63,-20.43,0.0,59.0,3,107.96,74.05,-15.97,0.0,,8,,20260814
SYNA,Synaptics Incorporated,Technology,Semiconductors,NASDAQ,108.63,1004003,4248191488,5.9778,121.67,93.47,-2.1812,-14.61,13.58,45.98,19.49,0.0,36.25,3,149.11,58.28,-27.15,0.0,,8,,20260814
ATDRF,Autotrader Group plc,Communication Services,Internet Content & Information,PNK,6.5,281,5070481408,0.0371,6.42,7.22,2.2738,-15.33,-18.69,-65.35,-36.51,0.0,38.25,3,11.58,5.79,-43.87,0.0,,8,,20260814
AVTR,"Avantor, Inc.",Healthcare,Medical Instruments & Supplies,NYSE,13.66,10445904,9239061504,0.5188,11.05,10.2,5.0373,61.76,9.64,-10.54,14.6,0.0,87.5,2,15.93,7.26,-14.25,0.0,,8,,20260814
ZEGLF,ZEGONA COMMUNICATIONS PLC,Communication Services,Telecom Services,PNK,20.33,119,4585619968,0.1322,21.3,20.33,-7.3135,-19.6,-19.6,-19.6,-19.6,0.0,49.0,3,24.58,18.95,-17.27,0.0,,8,,20260814
TKECY,"Tokyo Electric Power Company Holdings, Incorporated",Utilities,Utilities - Renewable,PNK,3.25,3032,5208781824,0.0899,3.14,4.03,1.222,-23.42,-31.42,-53.3,-38.17,0.0,33.75,3,5.8,2.76,-43.97,0.0,,8,,20260814
SSMXY,Sysmex Corporation,Healthcare,Medical Devices,PNK,11.99,123162,7218481152,0.4914,9.66,9.43,4.7503,37.63,10.26,-36.56,-1.63,0.0,88.75,2,13.57,8.01,-11.64,0.0,,8,,20260814
SSMXF,Sysmex Corporation,Healthcare,Medical Devices,PNK,10.4,20,6261234176,0.0521,9.26,9.22,21.895,17.64,-6.48,-45.29,-15.97,0.0,75.0,2,13.92,7.97,-25.29,0.0,,8,,20260814
IVCGF,Iveco Group N.V.,Industrials,Farm & Heavy Construction Machinery,PNK,16.0,477,4261548800,0.0877,15.97,19.65,0.3262,-8.45,-41.68,-49.63,-36.55,0.0,27.5,3,23.0,15.59,-30.43,0.0,,8,,20260814
CRC,California Resources Corporation,Energy,Oil & Gas E&P,NYSE,53.31,794738,4734988800,1.7454,54.2,54.63,-0.5098,-15.36,-15.68,-7.71,-12.41,0.0,36.5,4,71.98,43.24,-25.94,0.0,,8,,20260814
BLTE,"Belite Bio, Inc",Healthcare,Biotechnology,NCM,162.8,213858,6525853184,7.4062,151.25,152.87,1.5596,1.85,-23.51,109.78,36.15,0.0,88.75,3,200.0,60.0,-18.6,0.0,,8,,20260814
MATX,"Matson, Inc.",Industrials,Marine Shipping,NYSE,217.3,300500,6498021376,7.6833,201.87,160.37,2.008,14.4,22.26,80.95,43.77,0.0,85.0,2,230.74,86.97,-5.82,0.0,,8,,20260814
MTG,MGIC Investment Corporation,Financial Services,Insurance - Specialty,NYSE,31.16,1808208,6391689728,0.6462,27.99,27.19,4.9058,14.77,6.58,-5.93,3.62,0.0,91.25,2,31.89,24.69,-2.29,0.0,,8,,20260814
KRG,Kite Realty Group Trust,Real Estate,REIT - Retail,NYSE,26.45,2497211,5427448320,0.5364,28.07,24.93,-3.0118,-5.09,-2.94,9.86,1.64,0.0,58.75,3,29.92,21.32,-11.6,0.0,,8,,20260814
CROX,"Crocs, Inc.",Consumer Cyclical,Footwear & Accessories,NASDAQ,131.72,1152035,6315325440,5.6485,128.21,99.33,0.6207,25.89,44.17,51.88,42.68,0.0,88.75,2,141.28,73.21,-6.77,0.0,,8,,20260814
HWC,Hancock Whitney Corporation,Financial Services,Banks - Regional,NASDAQ,79.78,930325,6400195072,1.5152,74.39,66.78,3.5588,13.33,-2.41,17.81,9.61,0.0,91.25,2,80.13,54.05,-0.44,0.0,,8,,20260814
TKMTY,TOKYO METRO CO LTD.,Industrials,Railroads,PNK,8.87,461,5149894144,0.0176,8.68,8.87,10.6228,-14.42,-29.76,-47.84,-33.16,0.0,50.0,3,13.36,8.35,-33.61,0.0,,8,,20260814
OBDC,Blue Owl Capital Corporation,Financial Services,Asset Management,NYSE,11.72,3858164,5816699392,0.2617,10.93,11.14,3.0163,3.13,-6.17,-29.75,-13.28,0.0,87.5,3,14.44,10.52,-18.84,0.0,,8,,20260814
ARKAF,Arkema S.A.,Basic Materials,Specialty Chemicals,PNK,68.44,54,5174773760,0.0199,68.57,62.56,-6.6711,5.54,6.59,-20.89,-4.67,0.0,62.0,3,77.9,59.0,-12.14,0.0,,8,,20260814
ARKAY,Arkema S.A.,Basic Materials,Specialty Chemicals,PNK,71.81,1206,5429580288,0.9162,66.67,62.72,5.6076,-2.8,-1.17,-17.79,-8.23,0.0,57.5,2,79.36,56.28,-9.51,0.0,,8,,20260814
NEXPF,Nexi S.p.A.,Technology,Software - Infrastructure,PNK,4.5,19,5286243328,0.0042,4.57,4.56,-16.3683,-2.28,1.28,-44.39,-17.88,0.0,36.0,4,6.08,3.25,-26.05,0.0,,8,,20260814
KLIC,"Kulicke and Soffa Industries, Inc.",Technology,Semiconductor Equipment & Materials,NASDAQ,99.09,1082843,5185291776,7.1595,106.58,75.04,-1.0469,-9.65,20.21,148.45,64.04,0.0,40.0,3,135.8,35.02,-27.03,0.0,,8,,20260814
SEI,"Solaris Energy Infrastructure, Inc.",Energy,Oil & Gas Equipment & Services,NYSE,63.3,2903387,6369648640,4.8258,66.67,58.93,-0.699,-22.26,7.31,87.18,31.86,0.0,35.0,3,86.19,24.57,-26.56,0.0,,8,,20260814
GXO,"GXO Logistics, Inc.",Industrials,Integrated Freight & Logistics,NYSE,48.58,1455938,5589060608,1.9131,50.21,53.37,-0.8525,-9.69,-29.57,-26.67,-23.44,0.0,61.5,4,66.85,45.4,-27.33,0.0,,8,,20260814
GNGBF,Getinge AB (publ),Healthcare,Medical Devices,PNK,22.49,1,6125591552,0.0644,20.78,22.11,26.5082,-8.92,-22.36,-17.3,-16.98,0.0,75.0,3,24.75,20.05,-9.13,0.0,,8,,20260814
OZKAP,Bank OZK,Financial Services,Banks - Regional,NASDAQ,16.17,24237,0,0.1297,16.24,16.2,-0.5559,-7.58,-12.63,-23.78,-15.83,0.0,37.75,4,17.85,15.76,-9.41,0.0,,8,,20260814
OZK,Bank OZK,Financial Services,Banks - Regional,NASDAQ,52.49,1152004,5723384832,0.9295,50.58,47.12,2.054,6.14,-8.15,-9.58,-5.15,0.0,90.0,2,53.66,42.37,-2.18,0.0,,8,,20260814
BEPC,Brookfield Renewable Corporation,Utilities,Utilities - Renewable,NYSE,35.5,1639633,6588773888,1.0791,35.59,38.65,-0.0801,-8.5,-29.15,-11.64,-16.98,0.0,35.25,4,45.18,31.82,-21.43,0.0,,8,,20260814
LEGN,Legend Biotech Corporation,Healthcare,Biotechnology,NASDAQ,20.37,2716056,3947084032,1.2604,26.68,24.07,-5.003,-25.65,6.03,-68.14,-31.56,0.0,8.75,4,38.35,16.24,-46.89,0.0,,8,,20260814
BTLCY,British Land Company PLC,Real Estate,REIT - Diversified,PNK,5.84,10172,5924130816,0.1002,5.55,5.17,2.8628,7.74,-5.08,5.47,2.35,0.0,85.0,2,6.0,4.26,-2.67,0.0,,8,,20260814
M,"Macy's, Inc.",Consumer Cyclical,Department Stores,NYSE,23.41,6055946,6157718528,0.9069,24.01,21.07,-0.6625,23.14,-3.01,68.73,32.22,0.0,74.5,3,26.59,12.65,-11.96,0.0,,8,,20260814
MUR,Murphy Oil Corporation,Energy,Oil & Gas E&P,NYSE,34.57,1796793,4955594752,1.5246,36.05,34.36,-0.9707,-15.34,-4.01,36.07,9.19,0.0,52.0,3,43.34,21.86,-20.24,0.0,,8,,20260814
TMICF,Trend Micro Incorporated,Technology,Software - Infrastructure,PNK,34.36,6,4458481152,0.0396,35.91,39.29,-39.0904,-1.93,-27.19,-65.45,-36.18,0.0,12.0,4,58.29,33.1,-41.06,0.0,,8,,20260814
SIGIP,"Selective Insurance Group, Inc.",Financial Services,Insurance - Property & Casualty,NASDAQ,15.77,32800,0,0.1296,15.9,16.23,-1.0301,-9.95,-17.57,-26.39,-19.2,0.0,36.5,4,18.7,15.45,-15.69,0.0,,8,,20260814
SIGI,"Selective Insurance Group, Inc.",Financial Services,Insurance - Property & Casualty,NASDAQ,94.37,576100,5621537792,2.1952,94.16,84.26,0.0949,6.55,-4.89,0.03,-0.06,0.0,88.75,2,100.4,72.78,-6.01,0.0,,8,,20260814
BXSL,Blackstone Secured Lending Fund,Financial Services,Asset Management,NYSE,24.68,1712590,5749701120,0.5207,23.41,23.66,2.4375,1.74,-10.2,-31.49,-15.73,0.0,88.75,3,30.36,22.47,-18.71,0.0,,8,,20260814
GCHEF,"Grupo Comercial Chedraui, S.A.B. de C.V.",Consumer Defensive,Grocery Stores,PNK,5.43,317,5208677376,0.0407,5.17,5.36,6.4104,-14.23,-16.7,-32.78,-22.52,0.0,51.25,3,8.4,4.85,-35.36,0.0,,8,,20260814
LQDA,Liquidia Corporation,Healthcare,Drug Manufacturers - Specialty & Generic,NCM,74.44,1926253,6663042048,5.5237,77.65,47.73,-0.5814,24.4,72.52,186.75,106.18,0.0,75.75,3,93.61,21.15,-20.48,0.0,,8,,20260814
HIMS,"Hims & Hers Health, Inc.",Healthcare,Drug Manufacturers - Specialty & Generic,NYSE,28.15,16962540,6567772160,2.3251,31.74,29.26,-1.5443,12.1,63.6,-63.47,-0.1,0.0,52.0,4,65.3,13.74,-56.89,0.0,,8,,20260814
G,Genpact Limited,Technology,Information Technology Services,NYSE,33.86,2583600,5689645056,1.3108,31.46,37.72,1.8333,3.54,-25.32,-43.99,-25.57,0.0,65.0,3,48.64,26.85,-30.39,0.0,,8,,20260814
TEO,Telecom Argentina SA,Communication Services,Telecom Services,NYSE,13.34,483425,0,0.5599,13.61,12.25,-0.4793,10.12,-6.51,9.02,3.86,0.0,72.0,3,16.34,6.43,-18.36,0.0,,8,,20260814
BURBY,Burberry Group plc,Consumer Cyclical,Luxury Goods,PNK,14.6,46229,5229875200,0.4265,15.01,15.63,-0.9571,-14.37,-21.39,-32.51,-24.08,0.0,35.25,4,18.55,13.3,-21.29,0.0,,8,,20260814
CGASY,China Resources Gas Group Limited,Utilities,Utilities - Regulated Gas,PNK,19.68,49,4433114112,0.0882,20.45,23.83,-8.6948,-13.43,-36.67,-40.33,-32.33,0.0,12.0,4,26.91,16.68,-26.87,0.0,,8,,20260814
NICE,NICE Ltd.,Technology,Software - Application,NASDAQ,102.26,672027,5992148480,4.8726,95.12,107.0,1.4652,12.51,-22.72,-52.74,-25.92,0.0,79.5,3,153.68,83.1,-33.46,0.0,,8,,20260814
AUB,Atlantic Union Bankshares Corporation,Financial Services,Banks - Regional,NYSE,42.88,1119388,6123902976,0.7907,40.79,36.93,2.6493,12.82,-6.89,16.0,7.19,0.0,87.5,2,43.62,30.87,-1.7,0.0,,8,,20260814
VCTR,"Victory Capital Holdings, Inc.",Financial Services,Asset Management,NASDAQ,118.24,535135,7272584192,3.4754,93.96,75.19,6.9853,33.25,48.82,49.24,45.1,0.0,93.75,2,118.81,57.03,-0.48,0.0,,8,,20260814
ARGTF,Artemis Gold Inc.,Basic Materials,Other Precious Metals & Mining,OQX,28.37,45133,6615622656,1.2802,24.01,26.35,3.4068,2.55,-21.12,21.24,1.74,0.0,90.0,3,35.59,19.72,-20.3,0.0,,8,,20260814
BGC,"BGC Group, Inc.",Financial Services,Capital Markets,NASDAQ,11.2,3206135,5325224960,0.3939,11.19,10.03,0.0193,-5.45,6.9,-12.14,-3.8,0.0,86.25,2,12.89,8.27,-13.11,0.0,,8,,20260814
EPAM,"EPAM Systems, Inc.",Technology,Information Technology Services,NYSE,100.5,1985116,5184491520,5.7527,92.15,143.68,1.4511,-2.04,-59.72,-59.58,-45.25,0.0,43.75,3,222.53,73.06,-54.84,0.0,,8,,20260814
HLPPY,Hang Lung Properties Limited,Real Estate,Real Estate Services,OID,4.55,7214,4734805504,0.123,4.65,5.28,-0.7894,-25.58,-33.6,-29.66,-30.02,0.0,22.0,4,6.52,4.26,-30.21,0.0,,8,,20260814
HOMB,"Home BancShares, Inc.",Financial Services,Banks - Regional,NYSE,31.39,1802980,6279557632,0.4925,29.0,27.62,4.8542,16.16,-6.38,-5.5,-0.39,0.0,93.75,2,31.7,25.5,-0.98,0.0,,8,,20260814
RANJF,Randstad N.V.,Industrials,Staffing & Employment Services,PNK,37.35,182,6553081856,0.121,33.72,34.42,30.028,27.66,-11.58,-19.48,-4.93,0.0,75.0,3,43.66,25.2,-14.45,0.0,,8,,20260814
MC,Moelis & Company,Financial Services,Capital Markets,NYSE,68.41,935258,5067874304,2.7977,66.78,64.52,0.582,2.92,-16.22,-21.51,-13.55,0.0,87.5,2,78.22,51.06,-12.54,0.0,,8,,20260814
WTBDY,Whitbread plc,Consumer Cyclical,Lodging,PNK,8.33,26774,5569156096,0.1187,8.0,8.28,2.7376,3.52,-19.53,-38.83,-21.49,0.0,83.75,3,11.06,7.42,-24.68,0.0,,8,,20260814
RANJY,Randstad N.V.,Industrials,Staffing & Employment Services,PNK,23.03,31487,8081257472,0.5693,17.79,16.27,9.2074,44.85,26.62,-21.23,12.04,0.0,91.25,2,24.38,12.46,-5.54,0.0,,8,,20260814
GLNG,Golar LNG Limited,Energy,Oil & Gas Midstream,NASDAQ,52.49,1335650,5342419968,1.467,50.28,45.96,1.5046,-12.43,10.36,9.57,4.34,0.0,62.5,2,57.79,35.02,-9.17,0.0,,8,,20260814
WTM,"White Mountains Insurance Group, Ltd.",Financial Services,Insurance - Property & Casualty,NYSE,2137.12,20917,5100709376,49.4283,2104.06,2104.85,0.6689,-5.11,-10.59,-1.13,-5.44,0.0,86.25,3,2333.0,1648.0,-8.4,0.0,,8,,20260814
LNNGF,Li Ning Company Limited,Consumer Cyclical,Leisure,PNK,1.65,1367,4208192000,0.0626,1.99,2.33,-5.4033,-39.73,-53.23,-45.07,-46.59,0.0,1.25,4,2.85,1.65,-42.11,0.0,,8,,20260814
BLSH,Bullish,Technology,Software - Infrastructure,NYSE,24.39,1591670,3698703104,1.691,24.6,35.17,-0.1235,-42.22,-37.64,-85.85,-58.07,0.0,24.5,4,75.49,20.55,-67.69,0.0,,8,,20260814
BRLAF,British Land Company PLC,Real Estate,REIT - Diversified,PNK,6.24,225,5473158656,0.079,5.5,5.17,9.4096,21.1,5.4,5.33,9.3,0.0,75.0,2,6.24,4.2,-0.0,0.0,,8,,20260814
RUSHB,"Rush Enterprises, Inc.",Consumer Cyclical,Auto & Truck Dealerships,NASDAQ,80.27,86400,9369950208,2.3424,73.9,64.14,2.7206,11.42,7.95,24.09,15.27,0.0,85.0,2,81.52,47.71,-1.53,0.0,,8,,20260814
RUSHA,"Rush Enterprises, Inc.",Consumer Cyclical,Auto & Truck Dealerships,NASDAQ,82.23,517685,9598742528,2.3934,73.85,65.27,3.4994,9.24,-0.37,25.36,12.33,0.0,87.5,2,83.61,45.67,-1.65,0.0,,8,,20260814
LYFT,"Lyft, Inc.",Technology,Software - Application,NASDAQ,17.48,13326491,6616883712,0.7038,15.21,16.28,3.2202,29.91,19.39,-1.83,13.53,0.0,90.0,3,25.54,12.46,-31.56,0.0,,8,,20260814
PLUG,Plug Power Inc.,Industrials,Electrical Equipment & Parts,NCM,2.32,61754680,3241492992,0.173,2.44,2.5,-0.7109,-42.82,12.91,18.04,1.03,0.0,23.25,4,4.58,1.41,-49.34,0.0,,8,,20260814
HLHLY,HLHLY,Basic Materials,Paper & Paper Products,PNK,16.18,13,4869264896,0.0137,16.18,16.31,0.0,-13.59,-45.83,29.92,-7.47,0.0,37.0,3,25.0,10.9,-35.26,0.0,,8,,20260814
MARA,"MARA Holdings, Inc.",Financial Services,Capital Markets,NCM,9.2,43651320,3553953536,0.9186,12.37,11.3,-3.4484,-34.81,12.34,-63.71,-29.87,0.0,11.25,4,23.45,6.66,-60.77,0.0,,8,,20260814
AUOTY,AUO Corporation,Technology,Electronic Components,PNK,8.04,48990,6067867648,0.2034,,,,21.5,67.18,67.86,56.03,0.0,20.75,3,10.5,3.25,-23.43,0.0,,8,,20260814
BC,Brunswick Corporation,Consumer Cyclical,Recreational Vehicles,NYSE,82.67,683511,5356803072,2.9149,81.17,77.18,0.5155,-0.74,-16.56,25.73,4.31,0.0,88.75,2,90.25,58.56,-8.4,0.0,,8,,20260814
AMDLY,"Amada Co., Ltd.",Industrials,Specialty Industrial Machinery,PNK,74.66,0,5753703424,0.0214,74.66,55.71,0.0,52.62,45.11,37.91,44.11,0.0,75.0,3,74.66,46.0,0.0,0.0,,8,,20260814
EUTLF,Eutelsat Communications S.A.,Communication Services,Telecom Services,PNK,2.52,17943,2968106752,0.1081,2.84,2.87,-3.0025,-30.51,-10.79,-56.1,-33.85,0.0,8.75,4,5.36,1.72,-52.99,0.0,,8,,20260814
EQPT,EquipmentShare.com Inc.,Industrials,Rental & Leasing Services,NASDAQ,20.63,2807825,5227146240,1.3758,19.68,20.63,0.6894,-25.35,-50.89,-49.88,-44.1,0.0,65.0,3,35.5,15.71,-41.89,0.0,,8,,20260814
MAAS,Maase Inc.,Financial Services,Asset Management,NASDAQ,16.66,115241,7366645248,2.3744,15.93,8.58,0.309,69.54,156.68,354.17,213.89,0.0,87.5,2,24.9,2.85,-33.09,0.0,,8,,20260814
XENE,Xenon Pharmaceuticals Inc.,Healthcare,Biotechnology,NASDAQ,62.35,1333574,6027097088,2.2768,60.43,50.87,0.842,6.5,34.48,63.32,39.02,0.0,86.25,2,72.66,35.6,-14.19,0.0,,8,,20260814
ALM,Almonty Industries Inc.,Basic Materials,Other Industrial Metals & Mining,NCM,15.09,6014451,4353174528,1.2371,15.2,14.14,-0.0883,-21.78,3.61,197.31,74.74,0.0,47.0,3,24.41,3.97,-38.18,0.0,,8,,20260814
FUPBY,Fuchs SE,Basic Materials,Specialty Chemicals,PNK,11.31,12867,5926440448,0.1934,11.33,10.84,-0.1131,-3.48,-9.33,-25.04,-14.15,0.0,74.5,3,12.44,9.27,-9.08,0.0,,8,,20260814
ACLLF,ATCO Ltd.,Utilities,Utilities - Diversified,OQX,55.22,34508,6213768192,0.9863,53.17,46.44,2.077,5.78,15.89,31.73,19.7,0.0,83.75,2,58.06,34.71,-4.89,0.0,,8,,20260814
SBRA,"Sabra Health Care REIT, Inc.",Real Estate,REIT - Healthcare Facilities,NASDAQ,20.32,3171335,5191003136,0.5941,19.77,19.31,0.9267,-5.61,-2.87,-7.72,-5.5,0.0,86.25,2,22.77,17.17,-10.76,0.0,,8,,20260814
ENGGY,"Enagás, S.A.",Utilities,Utilities - Regulated Gas,PNK,9.66,2977,5028957696,0.057,9.66,8.69,-0.0701,-2.33,4.79,6.78,3.81,0.0,64.5,3,10.29,7.45,-6.12,0.0,,8,,20260814
WEX,WEX Inc.,Technology,Software - Infrastructure,NYSE,191.78,686672,6536171520,6.6809,158.02,154.43,5.0529,31.22,5.59,-9.21,6.08,0.0,92.5,2,199.69,125.29,-3.96,0.0,,8,,20260814
RICOY,"Ricoh Company, Ltd.",Industrials,Business Equipment & Supplies,PNK,9.55,101,5367575040,0.0619,9.3,8.98,4.0062,5.45,-13.75,-13.86,-9.0,0.0,76.25,2,10.72,8.0,-10.91,0.0,,8,,20260814
FND,"Floor & Decor Holdings, Inc.",Consumer Cyclical,Home Improvement Retail,NYSE,58.57,2654050,6237117440,2.7765,55.49,58.84,1.1104,17.48,-29.91,-48.62,-25.55,0.0,73.25,3,92.41,42.64,-36.62,0.0,,8,,20260814
TSHXY,Tosoh Corporation,Basic Materials,Chemicals,PNK,9.18,18,5652870656,0.0809,8.16,9.18,12.6414,0.39,4.73,4.73,3.64,0.0,62.0,3,9.18,8.03,0.0,0.0,,8,,20260814
ATOGF,AUTO1 Group SE,Consumer Cyclical,Auto & Truck Dealerships,PNK,25.0,179,5503925760,0.3925,26.85,27.46,-4.7149,9.45,-33.95,-37.82,-24.65,0.0,38.25,4,35.42,17.6,-29.43,0.0,,8,,20260814
HLBBF,H. Lundbeck A/S,Healthcare,Drug Manufacturers - Specialty & Generic,PNK,6.05,56,6002502656,0.0924,6.73,6.62,-7.3627,-21.23,-14.05,-6.92,-13.0,0.0,12.0,4,7.55,5.51,-19.87,0.0,,8,,20260814
NCSYF,NICE Ltd.,Technology,Software - Application,PNK,95.96,19,5622839296,0.24,90.29,101.73,23.6187,-6.99,-25.46,-62.45,-35.64,0.0,62.0,3,153.75,83.97,-37.59,0.0,,8,,20260814
BCPC,Balchem Corporation,Basic Materials,Specialty Chemicals,NASDAQ,178.51,224138,5690545152,4.3679,166.81,164.75,2.6794,7.04,-8.86,-10.47,-5.53,0.0,91.25,2,183.9,139.17,-2.93,0.0,,8,,20260814
LBRT,Liberty Energy Inc.,Energy,Oil & Gas Equipment & Services,NYSE,22.01,4331991,3591843328,1.321,24.03,24.43,-1.53,-38.92,-22.25,74.38,12.23,0.0,27.0,4,34.48,9.9,-36.16,0.0,,8,,20260814
ETCMY,Eutelsat Communications S.A.,Communication Services,Telecom Services,PNK,0.68,50470,3194248192,0.0335,0.75,0.75,-2.138,-23.94,-10.51,-49.97,-29.65,0.0,18.25,4,1.47,0.45,-53.88,0.0,,8,,20260814
HASI,"HA Sustainable Infrastructure Capital, Inc.",Financial Services,Asset Management,NYSE,42.12,1010617,5412242432,1.1,38.65,35.92,3.1554,-1.36,4.71,48.84,20.85,0.0,63.75,2,44.13,26.51,-4.55,0.0,,8,,20260814
LINRF,Liontown Limited,Basic Materials,Other Industrial Metals & Mining,PNK,0.87,10510,2754381824,0.0466,1.16,1.21,-6.2178,-57.62,-39.88,37.01,-13.56,0.0,6.25,4,1.9,0.52,-54.4,0.0,,8,,20260814
GOLF,Acushnet Holdings Corp.,Consumer Cyclical,Leisure,NYSE,90.06,364293,5259958272,4.4157,103.25,93.12,-2.9865,-2.28,-24.8,-1.8,-9.97,0.0,45.75,3,119.65,73.09,-24.73,0.0,,8,,20260814
OGS,"ONE Gas, Inc.",Utilities,Utilities - Regulated Gas,NYSE,80.98,657243,5090101248,1.7299,78.35,81.0,1.5228,-9.17,-11.81,-11.88,-11.18,0.0,49.5,3,90.78,73.91,-10.8,0.0,,8,,20260814
DLB,"Dolby Laboratories, Inc.",Industrials,Specialty Business Services,NYSE,62.39,921808,5843995648,1.7092,53.56,60.0,5.1635,7.87,-20.16,-34.09,-18.72,0.0,93.75,3,75.66,48.26,-17.54,0.0,,8,,20260814
YKLTY,"Yakult Honsha Co.,Ltd.",Consumer Defensive,Beverages - Non-Alcoholic,PNK,8.65,2558,4962259968,0.0749,8.43,8.3,2.9945,-17.01,-7.49,-16.94,-13.65,0.0,51.25,2,10.34,7.02,-16.34,0.0,,8,,20260814
CGHLY,China Gas Holdings Limited,Utilities,Utilities - Regulated Gas,PNK,18.1,85,3944462592,0.1761,19.17,23.72,-6.0506,-29.07,-45.7,-55.11,-45.31,0.0,0.0,4,28.28,16.89,-36.0,0.0,,8,,20260814
RITM,Rithm Capital Corp.,Real Estate,REIT - Mortgage,NYSE,10.36,5595029,5785096704,0.2351,9.36,9.76,4.2466,10.22,-10.66,-29.27,-12.88,0.0,87.5,3,12.74,8.43,-18.68,0.0,,8,,20260814
ALFFF,"Sigma Foods, S.A.B. de C.V.",Consumer Defensive,Packaged Foods,PNK,0.98,727,5443371520,0.0105,0.89,0.9,8.8817,0.1,4.2,9.24,5.19,0.0,50.0,3,1.1,0.74,-10.91,0.0,,8,,20260814
BMA,Banco Macro S.A.,Financial Services,Banks - Regional,NYSE,77.61,278161,4962308096,4.3264,90.32,82.79,-2.9372,2.55,-28.54,-12.03,-14.16,0.0,48.25,3,106.15,38.3,-26.89,0.0,,8,,20260814
IRDM,Iridium Communications Inc.,Communication Services,Telecom Services,NASDAQ,50.2,2386006,5319211520,1.8603,48.04,31.35,1.16,15.44,136.7,93.35,89.05,0.0,87.5,2,57.18,15.65,-12.21,0.0,,8,,20260814
HWDJF,Howden Joinery Group Plc,Consumer Cyclical,"Furnishings, Fixtures & Appliances",PNK,11.55,350,6312381440,0.1092,10.79,10.9,6.9266,6.43,-10.63,-21.12,-10.56,0.0,76.25,3,12.2,9.6,-5.33,0.0,,8,,20260814
CNVVY,Convatec Group PLC,Healthcare,Medical Instruments & Supplies,PNK,12.53,32250,6111418368,0.2636,11.51,12.04,3.8514,8.46,-9.72,-20.7,-9.56,0.0,91.25,3,14.09,10.45,-11.09,0.0,,8,,20260814
CGHOF,China Gas Holdings Limited,Utilities,Utilities - Regulated Gas,PNK,0.69,4,6319856640,0.0187,0.94,0.97,-13.6248,-35.32,-41.36,-52.15,-44.16,0.0,0.0,4,1.16,0.69,-40.52,0.0,,8,,20260814
CHH,"Choice Hotels International, Inc.",Consumer Cyclical,Lodging,NYSE,104.44,630720,4751549440,3.9782,109.54,103.72,-1.282,-4.82,-15.01,-35.73,-20.75,0.0,74.5,3,124.24,84.04,-15.94,0.0,,8,,20260814
SR,Spire Inc.,Utilities,Utilities - Regulated Gas,NYSE,82.84,554651,4896904704,1.7838,80.31,84.53,1.4163,-7.68,-13.77,-9.82,-10.67,0.0,48.25,3,95.31,73.91,-13.08,0.0,,8,,20260814
JREIF,Japan Real Estate Investment Corporation,Real Estate,REIT - Office,PNK,769.2,2,5602529792,2.8009,705.37,-551.2,22.7894,3.5,-158.39,-98.39,-93.92,0.0,75.0,2,920.4,658.41,-16.43,0.0,,8,,20260814
NFPDF,"Nissin Foods Holdings Co.,Ltd.",Consumer Defensive,Packaged Foods,PNK,18.2,33,5215721472,0.0295,17.63,18.65,19.3007,-14.73,-22.23,-29.14,-23.12,0.0,37.0,3,20.73,16.46,-12.23,0.0,,8,,20260814
PAGP,"Plains GP Holdings, L.P.",Energy,Oil & Gas Midstream,NASDAQ,25.84,1499422,6020731392,0.4715,24.59,21.52,2.6519,6.46,15.21,23.78,16.45,0.0,87.5,2,26.78,16.68,-3.51,0.0,,8,,20260814
TLPFF,Teleperformance SE,Industrials,Specialty Business Services,PNK,80.22,1114,4790277120,1.1832,66.81,64.58,11.336,7.22,21.94,-20.49,1.29,0.0,51.25,2,90.52,51.9,-11.38,0.0,,8,,20260814
ADT,ADT Inc.,Industrials,Security & Protection Services,NYSE,7.49,8923091,5471888384,0.2012,6.93,7.34,2.7686,5.94,-18.56,-31.54,-17.63,0.0,88.75,3,8.94,6.24,-16.17,0.0,,8,,20260814
HLUBF,H. Lundbeck A/S,Healthcare,Drug Manufacturers - Specialty & Generic,PNK,5.43,25,5763730432,0.0053,5.53,4.75,-18.8734,-6.76,5.86,26.86,11.11,0.0,62.0,3,6.41,4.59,-15.29,0.0,,8,,20260814
THKLY,"THK Co., Ltd.",Industrials,Specialty Industrial Machinery,PNK,24.26,633,5445294592,0.8122,22.7,17.33,1.9247,10.9,34.87,51.15,35.39,0.0,67.0,2,25.7,11.93,-5.6,0.0,,8,,20260814
ENGGF,"Enagás, S.A.",Utilities,Utilities - Regulated Gas,PNK,19.55,66,5088826368,0.1369,20.32,17.26,-5.6035,11.82,12.09,-4.32,5.46,0.0,62.0,3,21.65,16.02,-9.7,0.0,,8,,20260814
BLFBY,Balfour Beatty Plc,Industrials,Engineering & Construction,PNK,27.19,2387,6488523776,0.969,23.78,21.12,3.5187,12.36,21.71,62.14,35.55,0.0,85.0,2,27.19,13.51,0.0,0.0,,8,,20260814
USSJY,"USS Co., Ltd.",Consumer Cyclical,Auto & Truck Dealerships,PNK,25.8,79,5857122304,0.0785,24.98,22.88,10.4388,13.51,5.86,-18.02,-1.78,0.0,76.25,2,25.93,19.72,-0.5,0.0,,8,,20260814
TMICY,Trend Micro Incorporated,Technology,Software - Infrastructure,PNK,36.16,8667,4692386816,1.4674,38.98,39.82,-1.9203,-4.47,-15.18,-59.11,-30.08,0.0,45.75,4,60.28,31.09,-40.01,0.0,,8,,20260814
KYSEF,"Kyushu Electric Power Company, Incorporated",Utilities,Utilities - Independent Power Producers,PNK,11.05,32,5224198656,0.0416,10.58,-1.79,11.2366,-8.98,-198.2,-57.72,-94.7,0.0,50.0,3,12.55,9.47,-11.95,0.0,,8,,20260814
TOSCF,Tosoh Corporation,Basic Materials,Chemicals,PNK,16.0,4,4926248960,0.0132,16.0,40.07,0.0,-11.92,-86.15,-136.66,-87.8,0.0,25.0,3,17.25,15.49,-7.25,0.0,,8,,20260814
SEKEY,Seiko Epson Corporation,Technology,Computer Hardware,PNK,9.89,17108,6338060800,0.2813,8.99,7.17,3.1996,21.07,34.38,32.09,30.13,0.0,88.75,2,10.38,5.75,-4.72,0.0,,8,,20260814
PSMT,"PriceSmart, Inc.",Consumer Defensive,Discount Stores,NASDAQ,180.22,292037,5561683456,6.356,184.83,152.46,-0.7258,9.52,3.48,39.53,19.41,0.0,72.0,3,199.84,105.46,-9.82,0.0,,8,,20260814
GNTX,Gentex Corporation,Consumer Cyclical,Auto Parts,NASDAQ,23.87,2508487,5029011456,0.6445,24.4,23.25,-0.8214,-1.88,-10.84,-31.7,-16.95,0.0,74.5,3,29.38,20.48,-18.75,0.0,,8,,20260814
PMNXF,Perseus Mining Limited,Basic Materials,Gold,PNK,3.91,5896,5189084160,0.2659,3.47,3.64,1.6443,-7.73,-10.27,47.05,13.29,0.0,55.0,3,4.72,0.01,-17.16,0.0,,8,,20260814
GLBE,Global-E Online Ltd.,Consumer Cyclical,Internet Retail,NASDAQ,42.36,1668817,7115098624,1.7235,36.49,35.3,3.4045,36.34,16.6,-1.12,14.45,0.0,91.25,2,43.99,26.84,-3.71,0.0,,8,,20260814
IEP,Icahn Enterprises L.P.,Energy,Oil & Gas Refining & Marketing,NASDAQ,7.42,891650,5274990080,0.158,7.45,7.21,-0.2,-6.2,-10.46,-19.59,-13.05,0.0,73.25,3,9.52,7.08,-22.06,0.0,,8,,20260814
LGMMY,LEG Immobilien SE,Real Estate,Real Estate Services,PNK,14.95,20,4595538432,0.0397,15.43,16.63,-12.084,-7.32,-34.65,-45.39,-32.11,0.0,37.0,4,22.0,9.27,-32.05,0.0,,8,,20260814
PRM,"Perimeter Solutions, Inc.",Basic Materials,Specialty Chemicals,NYSE,33.9,1671209,5548986880,2.0756,34.19,28.76,-0.1386,0.13,12.49,65.14,30.46,0.0,77.0,3,38.17,18.04,-11.19,0.0,,8,,20260814
BIPC,Brookfield Infrastructure Corporation,Utilities,Utilities - Regulated Gas,NYSE,40.44,1069258,4974337536,1.1367,40.16,42.66,0.2486,-1.83,-29.79,-17.29,-17.8,0.0,73.25,3,51.72,34.18,-21.81,0.0,,8,,20260814
IPGP,IPG Photonics Corporation,Technology,Semiconductor Equipment & Materials,NASDAQ,85.79,458367,3649038336,6.0266,103.01,101.9,-2.8574,-22.38,-35.41,-9.2,-21.67,0.0,8.75,4,155.82,71.38,-44.94,0.0,,8,,20260814
QS,QuantumScape Corporation,Consumer Cyclical,Auto Parts,NASDAQ,6.19,24363274,3807748096,0.3678,6.53,8.75,-0.9214,-32.06,-34.84,-56.15,-42.67,0.0,12.5,4,19.07,4.77,-67.54,0.0,,8,,20260814
TCLHF,TCL Electronics Holdings Limited,Technology,Consumer Electronics,PNK,2.05,1633,5167676416,0.0591,1.89,1.63,2.743,2.16,11.01,39.6,20.24,0.0,77.5,2,2.34,1.07,-12.39,0.0,,8,,20260814
HLNE,Hamilton Lane Incorporated,Financial Services,Asset Management,NASDAQ,104.24,918024,6978564096,4.1868,85.59,107.39,4.4543,13.3,-33.72,-54.35,-30.22,0.0,79.5,3,159.47,71.88,-34.63,0.0,,8,,20260814
TVAVF,The Tel-Aviv Stock Exchange Ltd.,Financial Services,Financial Data & Stock Exchanges,PNK,37.0,1091,3475254784,1.4081,43.93,42.1,-4.9231,-40.74,-28.24,48.41,-0.7,0.0,5.0,4,63.0,21.79,-41.27,0.0,,8,,20260814
SITE,"SiteOne Landscape Supply, Inc.",Industrials,Industrial Distribution,NYSE,98.6,884767,4304421376,4.2399,104.92,126.16,-1.4909,-24.16,-44.77,-48.66,-41.18,0.0,12.5,4,168.56,90.07,-41.5,0.0,,8,,20260814
TLPFY,Teleperformance SE,Industrials,Specialty Business Services,PNK,40.34,6775,4817745408,1.2287,33.23,32.02,5.7882,1.56,23.53,-18.16,1.36,0.0,66.25,2,43.95,25.7,-8.21,0.0,,8,,20260814
JDSPY,JD Sports Fashion Plc,Consumer Cyclical,Apparel Retail,OQX,1.22,6938,5831907328,0.035,1.13,1.04,2.6692,17.77,2.07,-18.61,-2.28,0.0,85.0,2,1.39,0.84,-12.23,0.0,,8,,20260814
YMATF,Azbil Corporation,Industrials,Specialty Industrial Machinery,PNK,10.27,4,5145269760,0.0174,10.21,-0.97,3.2839,8.62,-213.19,94.53,-34.65,0.0,75.0,2,10.74,8.85,-4.38,0.0,,8,,20260814
AVAL,Grupo Aval Acciones y Valores S.A.,Financial Services,Banks - Regional,NYSE,5.3,257732,6292021248,0.2217,,,,21.81,6.29,57.38,30.61,0.0,22.0,3,6.2,3.09,-14.52,0.0,,8,,20260814
JAN,"Janus Living, Inc.",Real Estate,REIT - Residential,NYSE,30.63,1678800,6615252480,1.0268,28.37,30.63,2.2053,8.09,10.8,10.8,10.13,0.0,85.0,3,32.83,22.76,-6.7,0.0,,8,,20260814
CNX,CNX Resources Corporation,Energy,Oil & Gas E&P,NYSE,35.72,1796682,5284546560,0.9437,33.81,36.88,2.0248,-6.36,-20.83,-0.14,-8.94,0.0,48.25,3,43.62,27.72,-18.11,0.0,,8,,20260814
TKC,Turkcell Iletisim Hizmetleri A.S.,Communication Services,Telecom Services,NYSE,5.46,2212417,4753350656,0.1224,5.76,6.05,-2.4314,-24.27,-30.73,-30.8,-29.15,0.0,23.25,4,7.18,5.29,-23.96,0.0,,8,,20260814
LPL,"LG Display Co., Ltd.",Technology,Consumer Electronics,NYSE,3.5,2781638,3500000000,0.1791,3.86,4.26,-1.9917,-26.61,-24.82,-37.23,-30.23,0.0,3.75,4,5.83,2.76,-39.97,0.0,,8,,20260814
WHD,"Cactus, Inc.",Energy,Oil & Gas Equipment & Services,NYSE,73.28,829480,5875547648,2.375,57.74,52.12,6.5416,24.66,14.62,69.67,39.15,0.0,90.0,2,74.04,33.2,-1.03,0.0,,8,,20260814
IPGDF,IGO Limited,Basic Materials,Other Industrial Metals & Mining,PNK,5.75,161,4354290176,0.1364,5.9,5.49,-1.0677,-7.77,-14.69,67.27,19.82,0.0,38.25,3,7.12,3.15,-19.3,0.0,,8,,20260814
OLLI,"Ollie's Bargain Outlet Holdings, Inc.",Consumer Defensive,Discount Stores,NASDAQ,76.49,2082506,4624072192,3.1326,73.88,97.63,0.8346,-4.28,-44.5,-66.57,-43.27,0.0,40.0,3,140.54,60.29,-45.57,0.0,,8,,20260814
NAVN,"Navan, Inc.",Technology,Software - Application,NASDAQ,29.25,4235396,7440460800,1.4627,24.65,29.25,3.1491,57.04,161.65,31.13,83.29,0.0,90.0,3,29.99,8.11,-2.45,0.0,,8,,20260814
DNTUY,Dentsu Group Inc.,Communication Services,Advertising Agencies,PNK,23.0,1070,5970486272,0.3133,20.24,19.71,8.8054,21.09,11.12,-15.61,2.92,0.0,76.25,2,23.56,16.38,-2.38,0.0,,8,,20260814
IIDDY,IGO Limited,Basic Materials,Other Industrial Metals & Mining,PNK,9.41,32,3562945024,0.0492,10.85,10.0,-29.2282,-14.57,-34.14,9.85,-11.65,0.0,12.0,4,11.98,6.11,-21.45,0.0,,8,,20260814
DUOL,"Duolingo, Inc.",Technology,Software - Application,NASDAQ,132.83,1354070,6188963840,8.9826,127.17,138.2,0.6302,21.68,8.74,-81.0,-23.92,0.0,77.0,3,371.63,87.89,-64.26,0.0,,8,,20260814
KYSEY,"Kyushu Electric Power Company, Incorporated",Utilities,Utilities - Independent Power Producers,PNK,13.18,2433,6231216128,1.0368,11.11,11.27,1.996,8.0,4.17,35.8,17.78,0.0,82.5,3,14.06,8.29,-6.26,0.0,,8,,20260814
OMAB,"Grupo Aeroportuario del Centro Norte, S.A.B. de C.V.",Industrials,Airports & Air Services,NASDAQ,103.39,82427,4990756864,3.0471,106.82,107.31,-1.126,-6.78,-29.08,-21.71,-20.56,0.0,59.0,3,134.99,95.69,-23.41,0.0,,8,,20260814
ATDRY,Autotrader Group plc,Communication Services,Internet Content & Information,PNK,1.77,948080,5522839040,0.0425,1.61,1.77,3.818,-2.31,-2.53,-57.35,-24.4,0.0,85.0,3,2.76,1.37,-35.87,0.0,,8,,20260814
UWMC,UWM Holdings Corporation,Financial Services,Mortgage Finance,NYSE,1.59,23715148,4556926464,0.1703,2.0,3.62,-2.387,-49.15,-78.19,-90.02,-75.67,0.0,13.75,4,7.14,0.93,-77.73,0.0,,8,,20260814
MAQAF,Atlas Arteria Limited,Industrials,Infrastructure Operations,PNK,3.3,382,4796528640,0.0384,3.49,3.33,-4.9269,-12.25,-15.02,-30.11,-20.36,0.0,37.0,3,4.09,2.69,-19.32,0.0,,8,,20260814
JMPLY,Johnson Matthey Plc,Basic Materials,Specialty Chemicals,PNK,49.5,1362,4155162368,2.0255,54.4,54.89,-2.418,-16.88,-33.06,-14.59,-21.63,0.0,25.75,4,65.7,47.08,-24.66,0.0,,8,,20260814
HRB,"H&R Block, Inc.",Consumer Cyclical,Personal Services,NYSE,53.92,2357877,6834910208,2.3286,40.82,38.01,5.6248,45.89,56.13,-21.54,22.5,0.0,91.25,2,58.67,28.16,-8.1,0.0,,8,,20260814
ZHEXF,"Zhejiang Expressway Co., Ltd.",Industrials,Infrastructure Operations,PNK,0.77,1624,4755708928,0.0255,0.83,0.91,-2.4787,-22.03,-33.85,-46.62,-36.0,0.0,2.5,4,1.1,0.74,-30.0,0.0,,8,,20260814
LPX,Louisiana-Pacific Corporation,Industrials,Building Products & Equipment,NYSE,73.89,1160282,5166640640,3.2406,75.14,78.83,-0.3846,-3.6,-36.91,-40.64,-30.08,0.0,61.5,4,101.28,66.12,-27.04,0.0,,8,,20260814
GBTG,"Global Business Travel Group, Inc.",Consumer Cyclical,Travel Services,NYSE,9.46,2477659,4941652992,0.0289,9.4,7.62,2.1775,-4.54,59.85,2.78,20.92,0.0,81.25,2,9.54,4.96,-0.84,0.0,,8,,20260814
ALH,Alliance Laundry Holdings Inc.,Consumer Cyclical,"Furnishings, Fixtures & Appliances",NYSE,25.47,598919,5062211072,1.071,26.02,23.87,-0.51,-5.01,-5.81,-14.01,-8.89,0.0,73.25,3,28.23,18.64,-9.78,0.0,,8,,20260814
OTF,Blue Owl Technology Finance Corp.,Financial Services,Asset Management,NYSE,11.46,2501470,5250804224,0.3429,10.49,11.5,2.8296,4.45,-17.93,-31.95,-17.94,0.0,74.5,3,15.82,9.75,-27.56,0.0,,8,,20260814
STVN,Stevanato Group S.p.A.,Healthcare,Medical Instruments & Supplies,NYSE,21.06,363045,5752037376,0.8301,18.97,18.57,2.5155,10.34,18.81,-33.74,-4.33,0.0,92.5,2,28.0,12.89,-24.79,0.0,,8,,20260814
DSVSF,Discovery Mining Ltd.,Basic Materials,Silver,OQX,8.18,468482,6659478528,0.489,6.27,6.32,3.8976,0.93,-2.85,185.25,73.33,0.0,90.0,3,9.11,2.69,-10.23,0.0,,8,,20260814
SMFRF,"Sumitomo Forestry Co., Ltd.",Consumer Cyclical,Residential Construction,PNK,8.39,1224,5144595968,0.2547,-1.02,-3.23,36.9481,-154.49,-150.64,-95.87,-129.69,0.0,62.0,3,12.17,7.49,-31.06,0.0,,8,,20260814
CIGI,Colliers International Group Inc.,Real Estate,Real Estate Services,NASDAQ,105.41,225380,5386853888,3.8464,97.63,119.29,2.0233,4.71,-38.74,-55.98,-34.77,0.0,63.75,3,171.51,88.38,-38.54,0.0,,8,,20260814
KOTMY,"Koito Manufacturing Co., Ltd.",Consumer Cyclical,Auto Parts,PNK,15.4,312,3965340160,0.2737,16.27,15.76,-3.1636,-14.66,-18.6,-12.92,-15.35,0.0,13.25,4,18.34,13.68,-16.02,0.0,,8,,20260814
PUMSY,PUMA SE,Consumer Cyclical,Footwear & Accessories,PNK,2.97,12691,4498719232,0.0641,3.12,2.69,-2.3897,-4.02,-0.73,24.1,8.38,0.0,74.5,3,3.46,1.71,-14.16,0.0,,8,,20260814
BTDPF,Barratt Redrow plc,Consumer Cyclical,Residential Construction,PNK,3.95,14,5495601152,0.0127,3.63,4.3,25.5294,13.07,-36.53,-42.95,-26.7,0.0,62.0,3,5.46,3.25,-27.66,0.0,,8,,20260814
CBUMF,China National Building Material Company Limited,Basic Materials,Building Materials,PNK,0.51,29875,3885728512,0.0372,0.58,0.55,-1.8713,-38.78,-17.31,2.04,-14.94,0.0,23.25,4,0.9,0.42,-43.09,0.0,,8,,20260814
CWSRF,Chartwell Retirement Residences,Real Estate,REIT - Healthcare Facilities,PNK,15.05,64959,4962327040,0.1785,15.67,14.96,-3.4531,-5.48,-14.37,-4.95,-8.38,0.0,65.75,3,16.83,12.99,-10.58,0.0,,8,,20260814
AX,"Axos Financial, Inc.",Financial Services,Banks - Regional,NYSE,102.16,377040,5795950592,2.5031,95.39,89.94,2.7039,14.22,-9.42,-2.87,-0.89,0.0,85.0,2,105.74,74.89,-3.39,0.0,,8,,20260814
PUTKY,PT United Tractors Tbk,Basic Materials,Other Industrial Metals & Mining,PNK,26.16,42898,4568966144,0.6324,26.41,31.66,-0.3953,-21.54,-29.75,-35.19,-29.87,0.0,17.0,4,39.0,23.18,-32.92,0.0,,8,,20260814
DLPTF,"Liaoning Port Co., Ltd.",Industrials,Marine Shipping,PNK,0.12,1495,2828612096,0.0006,0.11,0.11,14.726,3.36,-27.52,8.94,-5.22,0.0,75.0,2,0.15,0.06,-21.0,0.0,,8,,20260814
CMBT,Cmb.Tech NV,Energy,Oil & Gas Midstream,NYSE,17.24,1301293,5002526720,0.5249,15.34,12.47,3.6158,16.42,31.45,77.53,46.12,0.0,88.75,2,17.72,7.78,-2.71,0.0,,8,,20260814
SON,Sonoco Products Company,Consumer Cyclical,Packaging & Containers,NYSE,58.27,1220362,5761446400,1.5654,53.89,48.82,2.8002,9.89,5.7,10.61,8.71,0.0,91.25,2,60.67,38.65,-3.96,0.0,,8,,20260814
MIAX,"Miami International Holdings, Inc.",Financial Services,Capital Markets,NYSE,43.52,1907758,4318528512,1.9364,41.73,43.58,0.9234,-21.89,-7.17,19.87,-0.03,0.0,49.5,3,57.14,28.99,-23.84,0.0,,8,,20260814
MKTX,MarketAxess Holdings Inc.,Financial Services,Capital Markets,NASDAQ,162.57,961140,5721308672,3.1095,127.29,156.9,11.3458,7.29,-16.58,-34.65,-17.84,0.0,86.25,3,195.97,108.75,-17.04,0.0,,8,,20260814
FNCNF,Fincantieri S.p.A.,Industrials,Aerospace & Defense,PNK,14.95,845,5370071552,0.2343,13.44,17.14,6.4409,6.66,-35.53,-46.52,-29.38,0.0,51.25,3,31.9,11.2,-53.13,0.0,,8,,20260814
LBRDP,Liberty Broadband Corporation,Communication Services,Telecom Services,NASDAQ,22.0,9701,0,0.2699,21.58,22.52,1.5494,-0.88,-17.61,-27.78,-17.5,0.0,74.5,3,25.03,21.05,-12.11,0.0,,8,,20260814
LBRDK,Liberty Broadband Corporation,Communication Services,Telecom Services,NASDAQ,36.33,1911645,0,1.6967,32.48,44.02,2.2705,0.12,-46.87,-60.87,-40.72,0.0,40.0,3,65.72,26.25,-44.72,0.0,,8,,20260814
LBRDA,Liberty Broadband Corporation,Communication Services,Telecom Services,NASDAQ,36.3,217037,5222163968,1.6391,32.44,43.92,2.3534,0.21,-46.71,-60.67,-40.56,0.0,40.0,3,65.4,26.14,-44.5,0.0,,8,,20260814
LBRDB,Liberty Broadband Corporation,Communication Services,Telecom Services,OQB,33.16,161,4889213440,0.6849,32.44,44.06,1.055,-8.26,-45.42,-71.76,-46.67,0.0,30.0,3,69.62,26.99,-52.37,0.0,,8,,20260814
SXT,Sensient Technologies Corporation,Basic Materials,Specialty Chemicals,NYSE,133.47,497780,5680858624,3.9402,120.43,103.09,3.3099,8.48,21.29,-7.34,6.64,0.0,87.5,2,133.66,82.6,-0.14,0.0,,8,,20260814
BDVSY,The Bidvest Group Limited,Industrials,Conglomerates,PNK,30.37,12182,5161195520,0.4999,29.42,28.34,1.9024,2.84,-11.34,-6.06,-5.68,0.0,87.5,2,32.0,24.08,-5.09,0.0,,8,,20260814
WFG,West Fraser Timber Co. Ltd.,Basic Materials,Lumber & Wood Production,NYSE,70.76,213467,5540779008,2.3419,68.27,64.89,1.0628,12.06,-17.19,-23.32,-12.33,0.0,88.75,2,76.99,57.34,-8.09,0.0,,8,,20260814
ACMR,"ACM Research, Inc.",Technology,Semiconductor Equipment & Materials,NASDAQ,80.42,1530164,5601188352,7.7521,90.98,59.73,-1.362,22.23,15.05,212.77,95.93,0.0,58.75,3,127.19,24.14,-36.77,0.0,,8,,20260814
CRSP,CRISPR Therapeutics AG,Healthcare,Biotechnology,NASDAQ,53.55,1656146,5177891840,2.0864,52.3,53.23,0.5985,2.11,-5.12,-28.31,-12.59,0.0,62.5,3,78.48,44.12,-31.77,0.0,,8,,20260814
FMMFF,Fuji Corporation,Industrials,Specialty Industrial Machinery,PNK,50.34,1,4425544192,0.0196,50.34,31.38,0.0,56.4,191.49,176.6,151.76,0.0,75.0,3,50.42,16.52,-0.16,0.0,,8,,20260814
PMMAF,PUMA SE,Consumer Cyclical,Footwear & Accessories,PNK,29.91,100,4443551232,0.5229,31.55,27.33,-3.1416,0.83,-1.82,19.68,7.44,0.0,51.25,3,35.0,17.41,-14.54,0.0,,8,,20260814
VOYJF,Valmet Oyj,Industrials,Specialty Industrial Machinery,PNK,24.72,16,6641632768,0.0155,25.09,30.23,-23.8528,-29.87,-35.49,-52.58,-40.92,0.0,12.0,4,36.05,24.72,-31.43,0.0,,8,,20260814
MTPOF,Metropolitan Bank & Trust Company,Financial Services,Banks - Regional,PNK,1.12,3003,5059592704,0.1046,1.14,-0.24,-0.1858,-7.66,-174.9,248.11,36.11,0.0,73.25,3,1.53,0.85,-26.51,0.0,,8,,20260814
RLI,RLI Corp.,Financial Services,Insurance - Property & Casualty,NYSE,63.77,946837,5852362240,1.792,58.58,56.86,2.8952,32.47,-1.75,-19.1,-0.14,0.0,92.5,2,69.19,47.26,-7.83,0.0,,8,,20260814
TCCHF,Technogym S.p.A.,Consumer Cyclical,Leisure,PNK,24.0,1,4782992384,0.0022,24.0,18.06,0.0,-4.94,61.47,50.72,40.57,0.0,75.0,3,24.25,14.0,-1.03,0.0,,8,,20260814
ACHR,Archer Aviation Inc.,Industrials,Aerospace & Defense,NYSE,6.62,44374587,5097577472,0.524,5.22,6.7,2.6629,-0.76,-16.63,-56.82,-28.74,0.0,50.75,3,14.62,4.3,-54.72,0.0,,8,,20260814
RDN,Radian Group Inc.,Financial Services,Insurance - Specialty,NYSE,37.26,1312270,4976296448,0.9884,36.79,34.87,0.4746,-5.33,3.05,-10.33,-4.39,0.0,91.25,2,41.05,31.5,-9.23,0.0,,8,,20260814
ACLS,"Axcelis Technologies, Inc.",Technology,Semiconductor Equipment & Materials,NASDAQ,140.15,546627,4328040448,9.7277,151.38,112.94,-1.154,-20.38,51.51,53.28,34.24,0.0,38.75,3,193.78,73.6,-27.68,0.0,,8,,20260814
VSECU,VSE Corporation,Industrials,Aerospace & Defense,NASDAQ,60.02,53366,0,1.8685,,60.02,,19.09,-0.38,7.34,7.57,0.0,48.25,3,68.1,38.45,-11.86,0.0,,8,,20260814
VSEC,VSE Corporation,Industrials,Aerospace & Defense,NASDAQ,241.82,479120,6786671616,12.107,207.4,194.18,2.8431,21.25,5.63,34.67,21.15,0.0,87.5,2,247.85,154.67,-2.43,0.0,,8,,20260814
MTPOY,Metropolitan Bank & Trust Company,Financial Services,Banks - Regional,PNK,20.1,33,4519902720,0.1949,21.32,22.29,-6.2355,-17.91,-24.91,-44.41,-30.96,0.0,37.0,4,27.3,19.15,-26.37,0.0,,8,,20260814
BTDPY,Barratt Redrow plc,Consumer Cyclical,Residential Construction,PNK,8.84,127482,6148116992,0.1954,7.49,8.55,6.9133,16.17,-29.51,-32.09,-19.12,0.0,82.5,3,11.24,6.38,-21.37,0.0,,8,,20260814
GSISF,Genesis Minerals Limited,Basic Materials,Gold,PNK,5.39,3599,6324132864,0.2274,4.18,4.51,5.3285,4.94,-6.39,89.0,34.6,0.0,81.25,3,6.19,2.69,-12.92,0.0,,8,,20260814
AYYLF,Ayala Corporation,Industrials,Conglomerates,PNK,8.5,72,5362706432,0.1245,7.11,7.98,11.1501,1.7,-4.72,-40.96,-17.61,0.0,50.0,3,10.3,6.55,-17.48,0.0,,8,,20260814
BKEAY,"The Bank of East Asia, Limited",Financial Services,Banks - Regional,PNK,2.25,625,5948603904,0.0667,1.8,1.78,6.7814,24.03,11.16,21.56,18.53,0.0,75.0,2,2.35,1.4,-4.26,0.0,,8,,20260814
XXI,"Twenty One Capital, Inc.",Consumer Defensive,Education & Training Services,NYSE,4.78,1452348,1657741568,0.3083,5.19,8.32,-1.3414,-44.8,-33.78,-105.69,-65.3,0.0,12.5,4,28.29,4.15,-83.1,0.0,,8,,20260814
GHC,Graham Holdings Company,Industrials,Conglomerates,NYSE,1191.2,20391,5044645888,34.5179,1163.66,1111.56,0.7977,2.79,-5.63,0.02,-1.27,0.0,87.5,2,1262.35,929.76,-5.64,0.0,,8,,20260814
PBF,PBF Energy Inc.,Energy,Oil & Gas Refining & Marketing,NYSE,71.85,2936267,8516872192,4.0551,54.39,41.3,4.3068,72.72,101.97,200.35,134.01,0.0,88.75,2,74.74,22.13,-3.87,0.0,,8,,20260814
WHITF,Whitehaven Coal Limited,Energy,Thermal Coal,PNK,5.4,9937,4440548352,0.6589,5.3,5.51,0.1524,-10.54,-26.34,-3.19,-13.13,0.0,44.5,3,6.85,0.01,-21.17,0.0,,8,,20260814
EMAT,Evolution Metals & Technologies Corp.,Basic Materials,Other Industrial Metals & Mining,NASDAQ,3.03,125648,1884025728,0.5026,5.47,3.03,-4.8574,-73.28,-67.61,-97.23,-80.88,0.0,28.75,3,24.09,2.15,-87.42,0.0,,8,,20260814
GAERF,"Grupo Aeroportuario del Centro Norte, S.A.B. de C.V.",Industrials,Airports & Air Services,PNK,13.54,92,5228733952,0.1705,13.78,8.39,-1.3804,89.06,66.31,241.85,142.21,0.0,62.0,3,17.82,10.36,-24.02,0.0,,8,,20260814
LAZ,"Lazard, Inc.",Financial Services,Capital Markets,NYSE,44.64,2128532,4350193664,1.8485,43.4,46.78,0.6683,-8.19,-33.33,-34.42,-27.48,0.0,49.5,3,58.75,38.67,-24.02,0.0,,8,,20260814
DNTH,"Dianthus Therapeutics, Inc.",Healthcare,Biotechnology,NCM,115.96,1056811,6486150144,5.88,96.38,69.72,3.3299,29.16,115.41,490.44,243.86,0.0,88.75,2,116.45,19.84,-0.42,0.0,,8,,20260814
PSMMY,Persimmon Plc,Consumer Cyclical,Residential Construction,PNK,32.35,56158,5193831424,0.7179,28.64,31.69,5.1617,4.4,-26.23,-13.16,-13.34,0.0,88.75,3,41.84,26.71,-22.68,0.0,,8,,20260814
SEB,Seaboard Corporation,Industrials,Conglomerates,NYSE,4364.15,9230,4179960832,176.0084,4695.14,4785.73,-1.8806,-10.2,-32.95,0.77,-13.78,0.0,20.75,4,5989.37,3140.01,-27.14,0.0,,8,,20260814
NTSK,"Netskope, Inc.",Technology,Software - Infrastructure,NASDAQ,15.81,5900130,6386033152,0.9012,11.82,13.59,4.4307,40.75,23.04,-48.23,-1.04,0.0,91.25,3,27.99,7.67,-43.52,0.0,,8,,20260814
TGS,Transportadora de Gas del Sur S.A.,Energy,Oil & Gas Integrated,NYSE,28.1,298814,4230516992,1.2017,30.18,30.58,-1.7289,-12.48,-18.52,-24.25,-19.3,0.0,22.0,4,36.35,19.74,-22.7,0.0,,8,,20260814
BOOT,"Boot Barn Holdings, Inc.",Consumer Cyclical,Apparel Retail,NYSE,163.32,742754,4946120704,7.0527,163.26,174.08,0.0091,1.39,-32.25,-24.84,-20.88,0.0,79.5,3,210.25,133.18,-22.32,0.0,,8,,20260814
XMTR,"Xometry, Inc.",Industrials,Industrial Distribution,NASDAQ,96.26,856461,5517967360,5.0764,90.57,66.01,1.121,9.26,27.58,100.22,52.06,0.0,87.5,2,106.08,35.86,-9.26,0.0,,8,,20260814
PAM,Pampa Energía S.A.,Industrials,Conglomerates,NYSE,78.93,194785,4230945536,2.8828,83.54,84.0,-1.6,-8.91,-17.86,-17.54,-15.49,0.0,43.25,3,94.5,54.95,-16.48,0.0,,8,,20260814
ZETA,Zeta Global Holdings Corp.,Technology,Software - Infrastructure,NYSE,29.05,9634924,7240933376,1.5996,21.95,19.26,4.4413,71.18,79.36,35.82,59.9,0.0,91.25,2,29.89,14.37,-2.81,0.0,,8,,20260814
NNNN,Anbio Biotechnology,Healthcare,Medical Instruments & Supplies,NASDAQ,8.74,41933,383609088,1.7496,13.89,23.63,-2.9432,-70.8,-74.89,-106.07,-86.34,0.0,15.0,4,54.95,8.3,-84.09,0.0,,8,,20260814
PTEN,"Patterson-UTI Energy, Inc.",Energy,Oil & Gas Drilling,NASDAQ,11.37,9212138,4336346112,0.5128,10.19,8.92,2.3107,-9.38,28.05,92.17,44.34,0.0,63.75,2,13.08,5.1,-13.07,0.0,,8,,20260814
HSKCF,Haseko Corp.,Consumer Cyclical,Residential Construction,PNK,17.62,1,4666772480,0.0057,17.62,-12.23,0.0,-3.14,-159.99,-104.75,-98.68,0.0,75.0,3,17.62,12.74,0.0,0.0,,8,,20260814
ATAT,Atour Lifestyle Holdings Limited,Consumer Cyclical,Lodging,NASDAQ,34.19,955093,4724577280,1.0736,33.19,36.52,0.929,-15.3,-24.16,-24.13,-21.93,0.0,52.0,3,43.17,30.77,-20.81,0.0,,8,,20260814
MEOH,Methanex Corporation,Basic Materials,Chemicals,NASDAQ,56.12,908690,4341682176,2.1732,53.57,49.93,1.1723,-16.4,6.01,49.1,17.64,0.0,63.75,2,66.75,32.0,-15.93,0.0,,8,,20260814
ASB,Associated Banc-Corp,Financial Services,Banks - Regional,NYSE,32.33,1993479,6105509888,0.5947,30.25,27.23,3.493,11.56,0.09,16.39,9.48,0.0,90.0,2,32.46,23.86,-0.4,0.0,,8,,20260814
FCN,"FTI Consulting, Inc.",Industrials,Consulting Services,NYSE,151.85,480353,4192817920,5.1563,155.32,165.74,-0.6723,-9.83,-26.43,-32.46,-24.69,0.0,65.25,1,189.3,137.65,-19.78,0.0,,8,,20260814
RIOCF,RioCan Real Estate Investment Trust,Real Estate,REIT - Retail,PNK,15.6,126924,4541408768,0.191,,,,-5.42,-3.01,2.47,-1.42,0.0,22.0,3,16.55,12.54,-5.74,0.0,,8,,20260814
GMVHF,Entain Plc,Consumer Cyclical,Gambling,PNK,7.62,17056,4876100096,0.491,7.6,8.5,0.043,0.69,-18.2,-69.08,-33.83,0.0,68.75,3,12.46,6.74,-38.86,0.0,,8,,20260814
LAUR,"Laureate Education, Inc.",Consumer Defensive,Education & Training Services,NASDAQ,37.62,1211298,5182130688,1.2145,37.01,33.93,0.5033,9.77,-6.23,27.11,11.11,0.0,86.25,2,40.92,24.98,-8.08,0.0,,8,,20260814
BB,BlackBerry Limited,Technology,Software - Infrastructure,NYSE,8.9,30842320,5216293376,0.5409,9.57,5.73,-1.2306,39.98,146.44,114.36,106.99,0.0,58.75,3,13.59,3.12,-34.51,0.0,,8,,20260814
NNI,"Nelnet, Inc.",Financial Services,Credit Services,NYSE,127.79,133874,4572254720,3.8193,131.78,131.5,-1.0456,-0.72,-13.57,-18.1,-12.17,0.0,60.25,3,144.38,116.62,-11.49,0.0,,8,,20260814
MDU,"MDU Resources Group, Inc.",Utilities,Utilities - Regulated Gas,NYSE,20.65,1664235,4343716352,0.5013,20.87,20.6,-0.4419,-14.11,-8.45,5.57,-4.26,0.0,48.25,3,22.98,15.76,-10.14,0.0,,8,,20260814
SPHR,Sphere Entertainment Co.,Communication Services,Entertainment,NYSE,168.0,724443,6033486336,8.7514,151.99,116.58,1.8292,27.1,64.52,293.79,146.87,0.0,91.25,2,181.63,39.15,-7.5,0.0,,8,,20260814
GMVHY,Entain Plc,Consumer Cyclical,Gambling,PNK,7.48,68029,4786512896,0.2007,7.42,8.32,0.3023,0.37,-23.4,-63.05,-33.32,0.0,62.5,3,12.14,6.85,-38.39,0.0,,8,,20260814
FFIN,"First Financial Bankshares, Inc.",Financial Services,Banks - Regional,NASDAQ,35.28,894808,5056593920,0.6305,34.21,31.86,1.6904,7.54,-8.98,-16.99,-8.05,0.0,88.75,2,38.12,28.12,-7.45,0.0,,8,,20260814
MRVGF,Mirvac Group,Real Estate,REIT - Diversified,PNK,1.11,135,4372013056,0.0005,1.09,1.21,36.0895,-6.5,-27.53,-39.35,-27.0,0.0,37.0,3,1.72,1.11,-35.54,0.0,,8,,20260814
MAIN,Main Street Capital Corporation,Financial Services,Asset Management,NYSE,58.8,680067,5498297856,1.3174,52.96,54.63,4.4359,7.99,-14.15,-27.39,-13.91,0.0,90.0,3,67.48,48.95,-12.86,0.0,,8,,20260814
DNLZY,Dyno Nobel Limited,Basic Materials,Specialty Chemicals,PNK,2.7,2090,4730775552,0.1043,2.64,2.32,0.6082,13.59,10.13,36.33,21.48,0.0,82.5,2,2.81,1.47,-3.91,0.0,,8,,20260814
UNF,UniFirst Corporation,Industrials,Specialty Business Services,NYSE,286.76,193143,5185817088,4.9403,277.01,233.11,1.9726,8.51,31.42,44.52,30.93,0.0,86.25,2,306.67,147.66,-6.49,0.0,,8,,20260814
SPGNY,Springer Nature AG & Co. KGaA,Communication Services,Publishing,PNK,10.23,126,2034634240,0.0251,10.84,10.23,-24.2111,-8.61,-8.61,-8.61,-8.61,0.0,37.0,3,11.87,10.17,-13.82,0.0,,8,,20260814
ALK,"Alaska Air Group, Inc.",Industrials,Airlines,NYSE,45.96,3169490,5129279488,2.2049,47.96,45.86,-0.9073,13.23,-35.05,-33.56,-22.39,0.0,73.25,3,65.88,33.03,-30.24,0.0,,8,,20260814
NEXXY,Nexi S.p.A.,Technology,Software - Infrastructure,PNK,4.83,1354,5673901056,0.0797,4.83,4.83,0.0,13.04,13.04,13.04,13.04,0.0,63.25,3,4.95,4.0,-2.42,0.0,,8,,20260814
MBRFY,MBRF Global Foods Company S.A.,Consumer Defensive,Packaged Foods,PNK,3.0,219693,4180255744,0.1753,3.09,3.46,-0.4929,-18.32,-30.28,-48.93,-34.75,0.0,18.25,4,5.39,2.5,-44.34,0.0,,8,,20260814
MIR,"Mirion Technologies, Inc.",Industrials,Specialty Industrial Machinery,NYSE,15.89,4217943,3957208320,0.7852,16.69,20.99,-1.0132,-21.63,-44.97,-48.87,-40.7,0.0,23.25,4,30.28,14.11,-47.52,0.0,,8,,20260814
LGND,Ligand Pharmaceuticals Incorporated,Healthcare,Biotechnology,NASDAQ,294.6,362608,5872930304,11.5419,285.36,224.07,0.8002,28.33,45.13,73.13,52.13,0.0,86.25,2,326.63,149.51,-9.81,0.0,,8,,20260814
REYN,Reynolds Consumer Products Inc.,Consumer Cyclical,Packaging & Containers,NASDAQ,26.25,1179516,5533263360,0.6267,25.15,23.21,1.7526,17.55,5.06,-3.63,4.71,0.0,87.5,2,27.32,20.44,-3.92,0.0,,8,,20260814
AQN,Algonquin Power & Utilities Corp.,Utilities,Utilities - Diversified,NYSE,5.89,4497408,4534722048,0.1342,5.82,6.04,0.5278,-5.53,-19.73,-17.42,-15.26,0.0,49.5,3,7.11,5.32,-17.16,0.0,,8,,20260814
EBC,"Eastern Bankshares, Inc.",Financial Services,Banks - Regional,NASDAQ,23.62,3254761,5398585344,0.426,21.95,19.9,3.9415,15.85,-3.4,36.37,17.32,0.0,88.75,2,23.75,15.71,-0.53,0.0,,8,,20260814
HSHZY,Hoshizaki Corporation,Industrials,Specialty Industrial Machinery,PNK,9.3,816,5210200064,0.0472,8.55,8.49,15.8577,9.46,1.05,-20.83,-5.6,0.0,75.0,2,10.14,7.91,-8.28,0.0,,8,,20260814
CNVVF,Convatec Group PLC,Healthcare,Medical Instruments & Supplies,PNK,3.29,2251,6418696704,0.0433,2.82,2.98,10.9492,4.54,-4.54,-27.25,-11.35,0.0,76.25,3,3.65,2.3,-9.86,0.0,,8,,20260814
CSW,"CSW Industrials, Inc.",Industrials,Specialty Industrial Machinery,NYSE,345.15,152943,5623696896,13.7488,,,,26.69,-2.93,7.09,8.48,0.0,25.75,3,355.48,230.45,-2.91,0.0,,8,,20260814
DIOD,Diodes Incorporated,Technology,Semiconductors,NASDAQ,103.48,633808,4765430272,7.1943,100.0,76.1,0.4841,-12.88,56.87,80.07,48.71,0.0,61.25,2,125.99,42.28,-17.87,0.0,,8,,20260814
INDV,"Indivior Pharmaceuticals, Inc.",Healthcare,Drug Manufacturers - Specialty & Generic,NASDAQ,39.01,2001696,4603712000,1.4996,39.27,35.0,-0.1708,-3.53,3.82,51.58,21.09,0.0,73.25,3,42.81,22.22,-8.88,0.0,,8,,20260814
PI,"Impinj, Inc.",Technology,Semiconductors,NASDAQ,172.65,443979,5275218944,9.1826,143.12,144.26,3.2162,7.02,42.03,-10.88,12.11,0.0,86.25,3,247.06,87.36,-30.12,0.0,,8,,20260814
CUYTY,Colruyt Group N.V.,Consumer Defensive,Grocery Stores,PNK,10.71,756,5093686272,0.0861,10.41,9.68,3.5031,7.96,1.31,-26.13,-8.0,0.0,76.25,2,11.43,9.13,-6.26,0.0,,8,,20260814
CHEOY,Cochlear Limited,Healthcare,Medical Devices,PNK,46.84,67395,6126570496,1.1345,40.81,63.69,5.3153,22.56,-59.71,-76.3,-45.78,0.0,63.75,3,104.65,31.82,-55.24,0.0,,8,,20260814
DNPUF,"Sumitomo Pharma Co., Ltd.",Healthcare,Drug Manufacturers - Specialty & Generic,PNK,8.41,77,3772670464,0.0292,9.02,12.24,-20.921,-25.63,-47.94,-8.24,-26.48,0.0,0.0,4,19.2,8.41,-56.2,0.0,,8,,20260814
UFPI,"UFP Industries, Inc.",Basic Materials,Lumber & Wood Production,NASDAQ,89.87,496404,4957363200,3.1351,86.92,92.12,0.9397,3.36,-33.14,-29.94,-22.74,0.0,74.5,3,118.0,77.89,-23.84,0.0,,8,,20260814
FLIDY,FLSmidth & Co. A/S,Industrials,Specialty Industrial Machinery,PNK,8.09,138,4324093440,0.1265,7.64,7.8,3.5843,5.54,-17.4,11.2,-0.22,0.0,77.5,3,9.2,6.07,-12.07,0.0,,8,,20260814
MTN,"Vail Resorts, Inc.",Consumer Cyclical,Resorts & Casinos,NYSE,148.3,748756,5284452352,4.8723,142.23,134.77,1.2468,16.48,-3.91,-16.96,-4.03,0.0,90.0,2,165.5,118.51,-10.39,0.0,,8,,20260814
RELY,"Remitly Global, Inc.",Technology,Software - Infrastructure,NASDAQ,26.3,3748658,5537756160,1.1951,22.52,17.79,3.1589,5.88,85.7,13.43,36.84,0.0,88.75,2,27.15,12.08,-3.13,0.0,,8,,20260814
HISEF,"Hisense Home Appliances Group Co., Ltd.",Consumer Cyclical,"Furnishings, Fixtures & Appliances",PNK,2.72,143,4172754432,0.0448,2.5,1.8,4.9808,61.1,80.62,31.8,56.21,0.0,75.0,2,3.56,2.59,-23.62,0.0,,8,,20260814
CSTM,Constellium SE,Basic Materials,Aluminum,NYSE,29.6,1924727,4011620864,1.2035,31.09,25.64,-1.2345,-16.58,7.37,102.87,39.58,0.0,49.5,3,36.99,13.58,-19.98,0.0,,8,,20260814
IBOC,International Bancshares Corporation,Financial Services,Banks - Regional,NASDAQ,73.38,363487,4563613184,1.371,75.12,70.6,-1.2718,-4.71,-11.52,-14.33,-10.94,0.0,73.25,3,78.46,63.2,-6.47,0.0,,8,,20260814
GTLB,GitLab Inc.,Technology,Software - Infrastructure,NASDAQ,42.62,5456925,7198517760,2.1753,32.53,31.75,4.6393,84.55,29.52,-19.09,23.83,0.0,90.0,2,52.38,18.73,-18.63,0.0,,8,,20260814
TTCIF,Titan S.A.,Basic Materials,Building Materials,PNK,61.0,181,4559147008,0.0539,60.32,60.21,12.6274,0.59,-23.88,22.71,0.87,0.0,75.0,2,69.93,44.3,-12.77,0.0,,8,,20260814
EXLS,"ExlService Holdings, Inc.",Technology,Information Technology Services,NASDAQ,34.81,2658851,5278388736,1.3288,29.52,33.85,3.9852,10.04,-0.52,-40.69,-13.95,0.0,93.75,3,45.08,24.85,-22.77,0.0,,8,,20260814
UUUU,Energy Fuels Inc.,Energy,Uranium,NYSE,15.1,8942908,3774471424,0.8708,13.69,17.57,1.6143,-26.6,-43.67,37.06,-7.11,0.0,41.25,3,27.9,8.16,-45.88,0.0,,8,,20260814
MIMTF,Mitsubishi Materials Corporation,Basic Materials,Other Industrial Metals & Mining,PNK,32.0,30,4181678080,0.4925,28.61,27.28,6.8916,-8.61,-1.54,79.4,29.07,0.0,51.25,2,39.0,16.0,-17.95,0.0,,8,,20260814
BKEAF,"The Bank of East Asia, Limited",Financial Services,Banks - Regional,PNK,2.03,183,5366962176,0.0279,1.59,1.68,15.7452,12.98,10.09,9.34,10.52,0.0,76.25,3,2.07,1.41,-1.93,0.0,,8,,20260814
ONDS,Ondas Inc.,Technology,Communication Equipment,NCM,9.24,87906670,5271903232,0.6873,8.38,9.37,1.2454,-21.61,-11.55,140.78,46.87,0.0,52.0,3,15.28,3.2,-39.53,0.0,,8,,20260814
FBIN,"Fortune Brands Innovations, Inc.",Industrials,Building Products & Equipment,NYSE,47.84,2656937,5706997248,2.1899,47.32,47.24,0.2388,22.26,-32.7,-35.94,-20.26,0.0,86.25,2,64.84,32.34,-26.22,0.0,,8,,20260814
WSC,WillScot Holdings Corporation,Industrials,Rental & Leasing Services,NCM,23.76,2250324,4305097216,1.2463,26.45,22.06,-2.1546,-16.08,-2.0,-24.38,-14.47,0.0,58.75,3,29.77,14.91,-20.19,0.0,,8,,20260814
HSSKY,HASEKO Corporation,Consumer Cyclical,Residential Construction,PNK,17.86,3,4730337792,0.0011,17.86,17.86,0.0,-2.81,-2.81,-2.81,-2.81,0.0,62.0,3,17.86,17.39,0.0,0.0,,8,,20260814
EPR,EPR Properties,Real Estate,REIT - Specialty,NYSE,61.25,674188,4692296192,1.3536,,,,1.26,-2.91,0.44,-0.53,0.0,24.5,3,64.97,48.11,-5.73,0.0,,8,,20260814
RMLRF,Ramelius Resources Limited,Basic Materials,Gold,PNK,2.53,11385,4779453952,0.1215,2.23,2.6,2.4945,-5.33,-28.9,38.83,4.08,0.0,44.5,3,3.89,1.68,-34.96,0.0,,8,,20260814
NRSDY,Nordic Semiconductor ASA,Technology,Semiconductors,PNK,17.0,423,3362517760,0.1995,18.34,16.12,-6.7408,-28.22,19.61,2.49,0.8,0.0,26.25,3,23.4,12.6,-27.35,0.0,,8,,20260814
YADGF,Yadea Group Holdings Ltd.,Consumer Cyclical,Auto Manufacturers,PNK,0.86,516,2611086336,0.0045,0.77,0.59,20.8317,72.38,96.75,31.13,64.41,0.0,75.0,2,2.26,0.86,-61.95,0.0,,8,,20260814
TFSL,TFS Financial Corporation,Financial Services,Banks - Regional,NASDAQ,17.64,934062,4947010048,0.3881,17.35,14.71,0.7402,15.39,9.91,26.98,18.11,0.0,85.0,2,19.49,12.54,-9.49,0.0,,8,,20260814
TNEYF,Tamarack Valley Energy Ltd.,Energy,Oil & Gas E&P,PNK,9.4,201211,4465338368,0.3574,9.16,7.47,0.6664,-0.39,22.34,121.97,56.51,0.0,88.75,2,10.48,3.61,-10.31,0.0,,8,,20260814
MTRN,Materion Corporation,Basic Materials,Other Industrial Metals & Mining,NYSE,283.14,383587,5898861056,17.2205,253.51,175.26,1.7205,34.27,76.26,143.81,92.78,0.0,86.25,2,304.58,107.72,-7.04,0.0,,8,,20260814
BECTY,Bechtle AG,Technology,Information Technology Services,PNK,9.1,76,5733000192,0.1166,7.7,8.16,12.0214,19.05,-5.48,-20.39,-5.31,0.0,76.25,3,11.25,6.0,-19.11,0.0,,8,,20260814
AYALY,Ayala Corporation,Industrials,Conglomerates,PNK,9.34,862,5892667904,0.3455,7.26,8.07,6.0334,22.14,-1.83,-32.75,-8.2,0.0,50.0,3,15.31,6.34,-38.99,0.0,,8,,20260814
TRKNY,Türk Telekomünikasyon Anonim Sirketi,Communication Services,Telecom Services,PNK,2.87,220,5013750272,0.1482,2.81,3.04,0.3973,-38.63,-10.55,-21.52,-21.96,0.0,38.25,3,4.31,2.18,-33.53,0.0,,8,,20260814
KEN,Kenon Holdings Ltd.,Utilities,Utilities - Independent Power Producers,NYSE,66.49,25293,0,2.2141,69.19,70.84,-1.2185,-31.31,-18.51,38.61,1.14,0.0,35.25,4,95.93,41.5,-30.69,0.0,,8,,20260814
SHC,Sotera Health Company,Healthcare,Diagnostics & Research,NASDAQ,18.89,2906188,5390729728,0.5123,17.3,16.58,3.0978,17.14,-3.97,12.03,7.71,0.0,88.75,2,19.85,13.09,-4.84,0.0,,8,,20260814
PFSI,"PennyMac Financial Services, Inc.",Financial Services,Mortgage Finance,NYSE,78.03,602616,4053780992,2.8491,81.67,102.23,-1.2767,-16.65,-29.6,-42.7,-31.6,0.0,25.75,4,160.36,71.68,-51.34,0.0,,8,,20260814
KVYO,"Klaviyo, Inc.",Technology,Software - Application,NYSE,18.49,6308417,5533683712,1.4229,16.39,21.1,1.4755,24.99,-21.89,-61.15,-25.87,0.0,65.0,3,36.23,12.53,-48.96,0.0,,8,,20260814
RTMVF,Rightmove plc,Communication Services,Internet Content & Information,PNK,6.9,190,5084052480,0.0575,6.03,6.31,15.103,9.53,5.12,-57.32,-18.76,0.0,75.0,3,10.27,5.29,-32.81,0.0,,8,,20260814
MWH,"SOLV Energy, Inc.",Utilities,Utilities - Renewable,NASDAQ,32.0,2147351,6476532224,2.0962,31.03,32.0,0.4614,-33.9,-11.03,-11.03,-16.75,0.0,60.0,3,48.4,23.83,-33.88,0.0,,8,,20260814
HCC,"Warrior Met Coal, Inc.",Basic Materials,Coking Coal,NYSE,98.2,783077,5185164800,4.274,87.97,86.34,2.3937,7.46,-7.72,39.11,14.81,0.0,63.75,2,110.39,54.66,-11.04,0.0,,8,,20260814
LASR,"nLIGHT, Inc.",Technology,Semiconductors,NASDAQ,52.6,1298267,3034504192,6.371,65.87,56.18,-2.0831,-39.45,-16.88,67.76,11.34,0.0,23.25,4,86.95,24.87,-39.51,0.0,,8,,20260814
NDCVF,Nordic Semiconductor ASA,Technology,Semiconductors,PNK,18.0,3819,3560313088,0.3086,18.15,16.23,-0.4984,-25.25,0.39,12.05,-1.36,0.0,44.5,3,23.29,12.25,-22.71,0.0,,8,,20260814
NWE,"NorthWestern Energy Group, Inc.",Utilities,Utilities - Regulated Electric,NASDAQ,71.81,484554,4417596416,1.601,70.74,67.58,0.6685,-2.85,-3.73,12.01,2.79,0.0,85.0,2,75.18,54.89,-4.48,0.0,,8,,20260814
CVLT,"Commvault Systems, Inc.",Technology,Software - Application,NASDAQ,147.09,771875,6095874048,6.978,135.71,113.74,1.6299,36.15,54.94,-43.05,11.05,0.0,87.5,2,198.18,71.75,-25.78,0.0,,8,,20260814
CUYTF,Colruyt Group N.V.,Consumer Defensive,Grocery Stores,PNK,37.68,0,5314840576,0.0046,37.68,42.08,0.0,-20.29,-27.79,-38.95,-30.38,0.0,25.0,3,44.7,37.68,-15.7,0.0,,8,,20260814
RMVEY,Rightmove Plc,Communication Services,Internet Content & Information,PNK,13.85,39133,5102473216,0.3347,12.02,12.63,5.482,17.07,4.52,-56.44,-16.73,0.0,88.75,3,20.93,10.59,-33.83,0.0,,8,,20260814
CNO,"CNO Financial Group, Inc.",Financial Services,Insurance - Life,NYSE,55.28,777853,5114580992,1.0041,52.03,44.57,3.2328,16.18,17.98,30.77,22.65,0.0,88.75,2,57.59,37.36,-4.01,0.0,,8,,20260814
NPIFF,Northland Power Inc.,Utilities,Utilities - Renewable,PNK,15.54,271991,4063741696,0.2061,,,,-12.47,-2.86,-24.42,-13.88,0.0,23.25,3,18.44,11.43,-15.73,0.0,,8,,20260814
OLED,Universal Display Corporation,Technology,Electronic Components,NASDAQ,88.92,752983,4087371008,3.3197,85.27,103.1,1.0986,-8.47,-43.38,-56.78,-40.01,0.0,37.5,3,153.38,76.42,-42.03,0.0,,8,,20260814
POST,"Post Holdings, Inc.",Consumer Defensive,Packaged Foods,NYSE,80.95,926696,3668862976,3.4944,88.53,98.5,-2.1693,-24.76,-41.42,-48.21,-39.97,0.0,13.75,4,117.28,75.4,-30.98,0.0,,8,,20260814
KPDCF,Keppel DC REIT,Real Estate,REIT - Office,PNK,1.95,672,4772830208,0.0224,1.74,1.73,9.5503,1.87,4.18,-10.59,-2.31,0.0,63.25,3,2.2,1.51,-11.36,0.0,,8,,20260814
CHEOF,Cochlear Limited,Healthcare,Medical Devices,PNK,93.0,1248,6082099200,1.2443,80.51,130.39,10.036,21.18,-60.99,-77.31,-46.97,0.0,50.0,3,207.71,64.39,-55.23,0.0,,8,,20260814
EIFZF,Exchange Income Corporation,Industrials,Airlines,PNK,95.0,5108,5356580352,0.6557,,,,28.2,19.63,73.3,43.24,0.0,14.5,3,97.0,50.77,-2.06,0.0,,8,,20260814
CAI,"Caris Life Sciences, Inc.",Healthcare,Biotechnology,NASDAQ,21.8,3635948,6162439168,1.1233,17.79,21.27,3.5683,24.63,-14.43,-51.27,-19.4,0.0,87.5,3,42.5,14.19,-48.71,0.0,,8,,20260814
CYGIY,"CyberAgent, Inc.",Communication Services,Advertising Agencies,PNK,4.01,46,4070991360,0.0748,4.28,4.66,-3.5463,1.31,-25.4,-47.35,-27.5,0.0,25.0,4,6.25,3.75,-35.78,0.0,,8,,20260814
MAPGF,Mapletree Logistics Trust,Real Estate,REIT - Industrial,PNK,0.94,927,4830639104,0.0153,0.98,0.98,-2.3562,-0.11,-21.53,-26.38,-18.11,0.0,51.5,4,1.16,0.83,-18.97,0.0,,8,,20260814
MAT,"Mattel, Inc.",Consumer Cyclical,Leisure,NASDAQ,15.03,4528579,4294071040,0.4795,14.25,16.91,1.6249,-5.01,-42.69,-35.45,-30.37,0.0,40.0,3,22.48,12.73,-33.14,0.0,,8,,20260814
AD,"Array Digital Infrastructure, Inc.",Communication Services,Telecom Services,NYSE,35.98,334587,3111512576,0.8957,36.77,36.47,-0.8785,-18.55,-19.49,-17.19,-18.34,0.0,39.0,4,77.13,33.71,-53.35,0.0,,8,,20260814
OPEN,Opendoor Technologies Inc.,Real Estate,Real Estate Services,NASDAQ,3.64,58175832,3534771712,0.2919,4.29,5.39,-2.22,-22.6,-31.46,28.7,-5.18,0.0,10.0,4,10.87,3.06,-66.51,0.0,,8,,20260814
WYGPY,Worley Limited,Energy,Oil & Gas Equipment & Services,PNK,7.56,2970,3947627776,0.2008,8.08,8.37,-2.6075,-18.08,-29.73,-28.08,-26.16,0.0,14.5,4,9.99,6.49,-24.32,0.0,,8,,20260814
MONDY,Mondi plc,Basic Materials,Paper & Paper Products,PNK,23.84,74154,5254310400,0.6225,20.46,22.32,5.4269,7.44,-17.46,-39.43,-20.02,0.0,85.0,3,29.18,17.87,-18.3,0.0,,8,,20260814
MCARY,"Mercari, Inc.",Consumer Cyclical,Internet Retail,PNK,14.0,737,4626170880,0.1181,13.15,11.1,7.1975,8.51,19.47,75.32,39.07,0.0,75.0,2,14.57,6.88,-3.91,0.0,,8,,20260814
CUZ,Cousins Properties Incorporated,Real Estate,REIT - Office,NYSE,29.7,1638188,4888681472,0.7027,29.74,25.63,-0.05,8.87,7.72,-6.45,2.34,0.0,73.25,3,32.95,21.03,-9.86,0.0,,8,,20260814
CRGY,Crescent Energy Company,Energy,Oil & Gas E&P,NYSE,12.2,6276101,4799517696,0.4563,10.84,10.57,2.9827,-7.13,5.12,14.53,5.82,0.0,62.5,2,14.29,7.68,-14.63,0.0,,8,,20260814
REZI,"Resideo Technologies, Inc.",Industrials,Industrial Distribution,NYSE,20.5,2266849,3104238336,1.5848,23.17,24.29,-1.6831,-6.1,-31.74,-31.99,-25.43,0.0,35.0,4,31.52,18.59,-34.96,0.0,,8,,20260814
ACIW,"ACI Worldwide, Inc.",Technology,Software - Infrastructure,NASDAQ,53.44,1036204,5395047936,2.1381,51.32,45.82,0.9933,20.88,15.29,-3.23,9.28,0.0,88.75,2,61.08,38.05,-12.51,0.0,,8,,20260814
COCO,"The Vita Coco Company, Inc.",Consumer Defensive,Beverages - Non-Alcoholic,NASDAQ,65.21,1119443,3773321216,3.228,72.17,59.12,-2.1559,-15.29,-0.83,77.83,27.02,0.0,37.5,3,85.83,32.88,-24.02,0.0,,8,,20260814
FELE,"Franklin Electric Co., Inc.",Industrials,Specialty Industrial Machinery,NASDAQ,105.77,295677,4676246528,2.8155,104.33,98.77,0.5121,1.82,-13.95,-7.14,-7.29,0.0,85.0,2,115.82,89.54,-8.68,0.0,,8,,20260814
LMND,"Lemonade, Inc.",Financial Services,Insurance - Property & Casualty,NYSE,52.64,1525614,4074157824,3.3882,59.59,65.55,-2.0513,-5.29,-35.93,-25.71,-24.18,0.0,13.75,4,99.9,46.16,-47.31,0.0,,8,,20260814
TCBIO,"Texas Capital Bancshares, Inc.",Financial Services,Banks - Regional,NASDAQ,20.54,15704,0,0.2035,20.5,20.66,0.1943,-8.14,-13.61,-16.59,-13.44,0.0,49.5,3,22.95,19.78,-10.48,0.0,,8,,20260814
TCBI,"Texas Capital Bancshares, Inc.",Financial Services,Banks - Regional,NASDAQ,101.02,508864,4391780352,1.9466,101.33,96.87,-0.157,-2.1,-15.71,3.07,-4.8,0.0,78.25,3,108.92,75.41,-7.25,0.0,,8,,20260814
MNODF,Mondi plc,Basic Materials,Paper & Paper Products,PNK,11.62,256,5640014848,0.072,10.12,11.1,20.7873,6.98,-12.9,-45.53,-20.98,0.0,75.0,3,15.08,9.7,-22.94,0.0,,8,,20260814
LION,Lionsgate Studios Corp.,Unknown,Unknown,NYSE,11.99,3348630,3567740416,0.6137,13.84,10.53,-3.014,-7.24,17.72,66.23,30.88,0.0,30.0,3,16.7,5.88,-28.2,0.0,,8,,20260814
PTITF,PT Indosat Tbk,Communication Services,Telecom Services,PNK,0.11,80,4892886016,0.0006,0.13,0.13,-28.2281,-16.6,-27.96,-54.21,-35.62,0.0,0.0,4,0.16,0.11,-29.81,0.0,,8,,20260814
TBBB,BBB Foods Inc.,Consumer Defensive,Discount Stores,NYSE,47.79,750387,5761695232,2.1153,41.32,36.01,3.0599,25.65,12.34,61.97,35.52,0.0,88.75,2,50.18,23.81,-4.76,0.0,,8,,20260814
NHKGF,"NHK Spring Co., Ltd.",Consumer Cyclical,Auto Parts,PNK,24.51,3,4965608960,0.024,24.19,-1.79,13.189,67.6,-235.16,-7.31,-68.33,0.0,75.0,2,24.51,11.85,0.0,0.0,,8,,20260814
ANDG,Andersen Group Inc.,Consumer Cyclical,Personal Services,NYSE,48.89,356224,5499427840,2.5425,41.57,48.89,2.8783,28.12,120.23,91.45,85.69,0.0,87.5,3,50.76,18.12,-3.68,0.0,,8,,20260814
KNTNF,K92 Mining Inc.,Basic Materials,Gold,OQX,20.45,71900,5024796672,0.8602,16.63,17.39,4.4435,-6.7,-15.59,65.92,19.24,0.0,65.0,3,24.87,10.24,-17.77,0.0,,8,,20260814
RBSFY,Rubis,Energy,Oil & Gas Refining & Marketing,PNK,7.87,333,4066217728,0.1594,7.69,7.52,1.1337,-9.91,-10.08,4.02,-4.4,0.0,51.25,2,8.76,6.12,-10.16,0.0,,8,,20260814
SGBAF,SES S.A.,Communication Services,Broadcasting,PNK,6.21,2106,2572398592,0.2669,8.33,7.66,-7.9606,-34.02,-36.85,-34.79,-35.32,0.0,3.75,4,11.4,5.52,-45.53,0.0,,8,,20260814
BCO,Brinks Company (The),Industrials,Security & Protection Services,NYSE,114.27,510945,4705756160,4.0655,106.75,112.22,1.8503,3.84,-24.42,-13.9,-13.15,0.0,87.5,3,136.37,91.05,-16.21,0.0,,8,,20260814
AMVIF,AMVIF,Unknown,Unknown,PNK,46.46,4313,0,2.6729,46.46,46.46,0.0,14.79,14.79,14.79,14.79,0.0,69.14,3,53.5,0.0,-13.16,0.0,,8,,20260814
AIR,AAR Corp.,Industrials,Aerospace & Defense,NYSE,145.25,439120,5847596544,6.075,134.74,109.75,1.7295,24.82,15.65,69.21,39.36,0.0,88.75,2,154.0,71.67,-5.68,0.0,,8,,20260814
SAIC,Science Applications International Corporation,Technology,Information Technology Services,NASDAQ,126.68,542043,5355627520,3.8657,114.74,100.39,3.0877,31.89,17.38,-13.05,8.84,0.0,87.5,2,128.0,81.08,-1.03,0.0,,8,,20260814
AGLXY,AGL Energy Limited,Utilities,Utilities - Independent Power Producers,PNK,6.25,1030,4204670464,0.1082,5.96,6.3,2.635,-10.58,-10.9,-26.83,-17.19,0.0,39.5,3,7.57,5.21,-17.44,0.0,,8,,20260814
HRI,Herc Holdings Inc.,Industrials,Rental & Leasing Services,NYSE,173.51,550016,5800689664,7.8913,150.67,139.01,2.8938,19.84,-16.02,35.95,13.73,0.0,87.5,2,188.35,88.45,-7.88,0.0,,8,,20260814
CBT,Cabot Corporation,Basic Materials,Specialty Chemicals,NYSE,87.88,546843,4537332736,3.0909,87.73,75.26,0.0477,-0.78,6.7,-7.82,-0.98,0.0,93.75,2,94.53,58.33,-7.03,0.0,,8,,20260814
ELFIF,E-L Financial Corporation Limited,Financial Services,Insurance - Life,PNK,12.74,8311,4403489280,0.1377,12.1,11.8,4.6511,-6.66,-5.05,5.32,-1.3,0.0,60.0,2,13.92,10.64,-8.48,0.0,,8,,20260814
FTDR,"Frontdoor, Inc.",Consumer Cyclical,Personal Services,NASDAQ,86.47,589825,5957204992,3.42,74.11,62.85,3.6129,30.29,42.72,34.37,36.27,0.0,90.0,2,93.43,48.47,-7.45,0.0,,8,,20260814
MZDAF,Mazda Motor Corporation,Consumer Cyclical,Auto Manufacturers,PNK,7.27,422,4587153408,0.0585,7.08,7.15,3.2995,11.15,-21.36,-4.31,-6.41,0.0,75.0,3,9.35,6.04,-22.25,0.0,,8,,20260814
CYAGF,"CyberAgent, Inc.",Communication Services,Advertising Agencies,PNK,8.4,1,4259632128,0.0714,8.83,9.0,-5.9778,-5.49,-15.8,-461.3,-191.42,0.0,49.0,4,13.0,7.25,-35.38,0.0,,8,,20260814
MTH,Meritage Homes Corporation,Consumer Cyclical,Residential Construction,NYSE,73.08,910622,4762923008,2.6829,74.38,69.36,-0.4844,10.04,-14.24,-19.26,-10.18,0.0,74.5,3,85.38,58.03,-14.41,0.0,,8,,20260814
VVV,Valvoline Inc.,Consumer Cyclical,Auto & Truck Dealerships,NYSE,34.19,2127930,4360458240,1.2309,37.57,34.28,-2.7483,-6.18,-20.04,-34.15,-22.22,0.0,50.75,3,41.33,28.5,-17.28,0.0,,8,,20260814
RDNT,"RadNet, Inc.",Healthcare,Diagnostics & Research,NASDAQ,76.35,834946,6008535552,3.1711,62.49,66.54,4.3716,31.3,-2.06,19.89,15.06,0.0,91.25,3,85.84,50.82,-11.06,0.0,,8,,20260814
HNGE,"Hinge Health, Inc.",Healthcare,Health Information Services,NYSE,88.49,1930240,7140648448,4.5055,77.28,53.07,2.4878,56.37,162.69,32.93,84.21,0.0,90.0,2,93.13,30.08,-4.98,0.0,,8,,20260814
NINOF,Nikon Corporation,Consumer Cyclical,Leisure,PNK,13.35,383,4399361024,0.0975,12.65,5.48,7.2013,-7.87,-1124.43,1080.79,36.8,0.0,50.0,2,14.5,9.48,-7.9,0.0,,8,,20260814
BKGFF,The Berkeley Group Holdings plc,Consumer Cyclical,Residential Construction,PNK,42.35,11,3876485888,0.1238,44.96,48.55,-21.0658,-9.22,-27.02,-38.01,-26.97,0.0,1.25,4,58.82,42.33,-28.0,0.0,,8,,20260814
HSYDF,Harmonic Drive Systems Inc.,Industrials,Specialty Industrial Machinery,PNK,43.12,5682,4081558784,4.035,44.63,26.09,-0.375,-5.22,196.77,669.14,335.22,0.0,45.75,3,57.16,15.0,-24.57,0.0,,8,,20260814
MRP,"Millrose Properties, Inc.",Real Estate,REIT - Residential,NYSE,30.33,1510435,5036233216,0.6554,28.61,28.5,2.6168,11.61,-11.22,-15.75,-7.32,0.0,86.25,2,36.0,26.3,-15.75,0.0,,8,,20260814
CVSA,Covista Inc.,Consumer Defensive,Education & Training Services,NYSE,132.01,342687,4493464576,6.4164,125.59,113.1,1.0007,-3.91,16.17,-14.84,-1.26,0.0,91.25,2,156.26,86.97,-15.52,0.0,,8,,20260814
SMDPY,"Sumitomo Pharma Co., Ltd.",Healthcare,Drug Manufacturers - Specialty & Generic,PNK,8.93,63,4005939200,0.1419,9.12,11.34,-1.3315,-18.96,-52.15,-27.41,-33.96,0.0,12.0,4,24.48,7.84,-63.52,0.0,,8,,20260814
MANE,"Veradermics, Incorporated",Healthcare,Biotechnology,NYSE,112.71,704369,4709039104,7.5893,108.65,112.71,0.5356,-1.05,191.91,184.83,140.84,0.0,87.5,3,131.24,32.0,-14.12,0.0,,8,,20260814
KBR,"KBR, Inc.",Industrials,Engineering & Construction,NYSE,38.37,1813748,4837219328,1.3465,35.66,38.48,2.0126,13.44,-24.7,-45.0,-23.29,0.0,77.0,3,52.23,29.94,-26.54,0.0,,8,,20260814
CNR,"Core Natural Resources, Inc.",Energy,Thermal Coal,NYSE,95.94,638877,4762102272,3.5453,86.04,88.57,2.7929,6.31,-10.66,3.37,-0.81,0.0,75.75,3,114.8,68.78,-16.43,0.0,,8,,20260814
SFBS,"ServisFirst Bancshares, Inc.",Financial Services,Banks - Regional,NYSE,91.33,290588,4993240576,1.9116,85.1,78.0,3.2594,14.05,-5.54,-2.92,0.41,0.0,92.5,2,92.08,67.2,-0.81,0.0,,8,,20260814
COLD,"Americold Realty Trust, Inc.",Real Estate,REIT - Industrial,NYSE,14.88,4335224,4268281600,0.5582,14.88,12.79,-0.0036,-1.6,8.35,-13.29,-2.79,0.0,74.5,3,16.88,10.1,-11.85,0.0,,8,,20260814
ANIOY,"Acerinox, S.A.",Basic Materials,Steel,PNK,10.2,1490,5082838528,0.144,9.42,7.78,5.4426,14.73,25.38,52.71,33.65,0.0,78.75,2,10.74,5.87,-5.03,0.0,,8,,20260814
MZDAY,Mazda Motor Corporation,Consumer Cyclical,Auto Manufacturers,PNK,3.62,39983,4568224256,0.0898,3.48,3.59,1.5783,9.64,-19.41,-12.15,-9.24,0.0,85.0,3,4.55,3.1,-20.44,0.0,,8,,20260814
USAC,"USA Compression Partners, LP",Energy,Oil & Gas Equipment & Services,NYSE,26.62,244398,3858392064,0.7607,26.11,25.14,0.6717,-6.26,-8.84,-4.34,-6.4,0.0,62.5,2,30.55,21.85,-12.86,0.0,,8,,20260814
UPCHY,Uni-President China Holdings Ltd,Consumer Defensive,Beverages - Non-Alcoholic,PNK,97.36,24,4205303552,0.8414,89.94,93.64,8.8228,4.58,-8.41,-34.91,-15.76,0.0,75.0,3,117.05,85.53,-16.82,0.0,,8,,20260814
GRTUF,Granite Real Estate Investment Trust,Real Estate,REIT - Industrial,OQX,65.49,2856,4065880320,0.1271,,,,-3.43,-8.69,2.1,-3.06,0.0,15.75,3,72.03,50.0,-9.08,0.0,,8,,20260814
MNSO,MINISO Group Holding Limited,Consumer Cyclical,Specialty Retail,NYSE,11.8,670593,3522307328,0.339,12.35,16.34,-1.6352,-22.82,-49.17,-63.19,-48.19,0.0,25.75,4,26.74,11.12,-55.87,0.0,,8,,20260814
HAFN,Hafnia Limited,Industrials,Marine Shipping,NYSE,7.74,1623998,3868307200,0.2286,7.36,6.7,1.6739,-14.98,16.66,36.57,16.71,0.0,58.75,2,9.54,5.17,-18.83,0.0,,8,,20260814
KC,Kingsoft Cloud Holdings Limited,Technology,Software - Application,NASDAQ,11.71,1528141,3505618688,0.5605,10.57,12.62,2.0364,-39.51,-31.64,-34.62,-34.8,0.0,50.75,3,18.52,8.35,-36.77,0.0,,8,,20260814
KKKUF,"Kakaku.com, Inc.",Communication Services,Internet Content & Information,PNK,22.67,495,4544830464,0.065,21.34,16.41,20.569,40.56,56.33,-5.24,27.76,0.0,75.0,2,22.68,11.15,-0.0,0.0,,8,,20260814
WYGPF,Worley Limited,Energy,Oil & Gas Equipment & Services,PNK,7.72,56,3995161088,0.0551,8.58,8.48,-15.5491,-19.18,-31.02,-33.89,-29.21,0.0,12.0,4,9.57,7.16,-19.33,0.0,,8,,20260814
JTKWY,Just Eat Takeaway.com N.V.,Unknown,Unknown,PNK,4.36,3138,4349872640,0.1888,3.97,4.23,2.0224,-5.01,-12.4,-30.31,-17.72,0.0,55.0,3,5.68,2.5,-23.31,0.0,,8,,20260814
CRNLF,Capricorn Metals Ltd,Basic Materials,Gold,PNK,11.5,403,5253059584,0.238,9.31,9.17,9.1862,5.3,9.92,74.5,34.6,0.0,53.75,2,12.06,5.88,-4.64,0.0,,8,,20260814
SOOBF,Sapporo Breweries Limited,Consumer Defensive,Beverages - Brewers,PNK,12.25,123,4777168896,0.1799,3.88,-1.95,46.5416,-249.24,-256.44,71.75,-123.36,0.0,62.0,3,12.51,8.42,-2.07,0.0,,8,,20260814
HKMPY,Hikma Pharmaceuticals PLC,Healthcare,Drug Manufacturers - Specialty & Generic,PNK,46.34,414,4814567424,0.4669,41.81,39.8,9.7104,12.93,-1.79,-22.92,-6.56,0.0,77.5,2,50.56,31.8,-8.35,0.0,,8,,20260814
AMVOY,AUMOVIO SE,Consumer Cyclical,Auto Parts,PNK,8.83,4945,4417251328,0.4038,8.67,8.85,0.3911,2.92,-25.04,-10.74,-12.33,0.0,68.25,3,14.78,7.12,-40.26,0.0,,8,,20260814
TDS,"Telephone and Data Systems, Inc",Communication Services,Telecom Services,NYSE,35.21,1175188,4053234176,1.2426,36.4,40.78,-0.9561,-23.9,-35.58,-31.96,-31.21,0.0,25.75,4,49.12,31.51,-28.32,0.0,,8,,20260814
SLM,SLM Corporation,Financial Services,Credit Services,NASDAQ,28.03,2769688,5269640192,0.8018,24.74,24.41,4.0987,24.31,-6.74,-33.41,-9.64,0.0,90.0,2,33.01,17.77,-15.09,0.0,,8,,20260814
SLMBP,SLM Corporation,Financial Services,Credit Services,NASDAQ,74.6,3546,32500309338,0.5981,74.56,72.76,0.0718,-3.49,-8.56,-16.83,-10.6,0.0,88.75,2,77.5,70.58,-3.74,0.0,,8,,20260814
BKGFY,The Berkeley Group Holdings plc,Consumer Cyclical,Residential Construction,PNK,9.9,76941,4530957312,0.2123,9.32,9.97,2.7307,4.35,-25.5,-24.49,-17.63,0.0,78.25,3,12.54,8.09,-21.05,0.0,,8,,20260814
VNT,Vontier Corporation,Technology,Scientific & Technical Instruments,NYSE,32.84,1810720,4439968256,1.0636,30.42,35.13,2.2785,4.39,-35.23,-41.98,-28.02,0.0,75.75,3,48.2,27.25,-31.87,0.0,,8,,20260814
CITAF,"COSCO SHIPPING Development Co., Ltd.",Industrials,Aerospace & Defense,PNK,0.12,887,1518214016,0.0006,0.11,0.12,10.991,-7.96,-15.48,-39.07,-23.04,0.0,37.0,3,0.17,0.11,-32.59,0.0,,8,,20260814
FMCKM,Federal Home Loan Mortgage Corporation,Financial Services,Mortgage Finance,OQB,7.49,38109,24127760363,0.2232,8.02,10.2,-2.3537,-27.95,-44.52,-62.75,-47.67,0.0,10.0,4,14.14,6.79,-47.03,0.0,,8,,20260814
FMCKP,Federal Home Loan Mortgage Corporation,Financial Services,Mortgage Finance,OQB,15.0,419,48319948800,0.1368,14.83,18.82,1.2415,-17.6,-38.61,-52.49,-38.91,0.0,25.0,3,26.5,13.76,-43.4,0.0,,8,,20260814
FMCCJ,Federal Home Loan Mortgage Corporation,Financial Services,Mortgage Finance,OQB,12.52,1551,40331052073,0.3021,12.17,15.5,1.1493,-24.22,-42.54,-55.38,-43.09,0.0,32.5,3,22.79,10.62,-45.06,0.0,,8,,20260814
FREJO,Federal Home Loan Mortgage Corporation PFD 5.1% SAL,Unknown,Unknown,OQB,15.58,6,50188008806,0.0236,16.34,18.89,-32.263,-11.31,-30.76,-35.37,-27.74,0.0,12.0,4,24.75,15.58,-37.05,0.0,,8,,20260814
FMCCL,Federal Home Loan Mortgage Corporation,Financial Services,Mortgage Finance,OQB,12.71,2608,40943103406,0.393,12.49,16.15,0.5598,-21.56,-41.02,-55.69,-42.02,0.0,33.75,3,23.01,10.69,-44.76,0.0,,8,,20260814
FMCCK,Federal Home Loan Mortgage Corporation,Financial Services,Mortgage Finance,OQB,13.27,745,42747049513,0.2274,14.45,18.85,-5.1748,-26.74,-48.18,-61.51,-48.15,0.0,2.5,4,27.2,11.89,-51.21,0.0,,8,,20260814
FMCCT,Federal Home Loan Mortgage Corporation,Financial Services,Mortgage Finance,OQB,15.0,5280,48319948800,0.5492,15.77,20.42,-1.3939,-24.65,-46.27,-59.18,-46.03,0.0,22.0,4,29.67,13.44,-49.44,0.0,,8,,20260814
FMCKK,Federal Home Loan Mortgage Corporation PFD,Unknown,Unknown,OQB,13.0,4296,0,0.2075,13.73,17.59,-3.506,-24.98,-41.41,-58.97,-44.33,0.0,5.0,4,25.56,11.9,-49.14,0.0,,8,,20260814
FMCKJ,Federal Home Loan Mortgage Corporation,Financial Services,Mortgage Finance,OQB,9.65,173670,31085832499,0.2988,10.01,12.19,-1.2069,-24.86,-36.96,-64.71,-45.03,0.0,25.75,4,16.98,8.74,-43.17,0.0,,8,,20260814
FMCCG,Federal Home Loan Mortgage Corporation,Financial Services,Mortgage Finance,OQB,12.0,1282,38655959040,0.3546,12.17,15.47,-0.4862,-22.92,-42.58,-65.75,-46.93,0.0,20.75,4,22.53,10.5,-46.74,0.0,,8,,20260814
FMCKI,Federal Home Loan Mortgage Corporation,Financial Services,Mortgage Finance,OQB,7.45,12317,23998907289,0.1766,8.02,10.27,-3.2034,-30.99,-44.96,-66.13,-49.94,0.0,3.75,4,14.67,7.0,-49.2,0.0,,8,,20260814
FMCCN,Federal Home Loan Mortgage Corporation,Financial Services,Mortgage Finance,OQB,12.25,629,39461291520,0.2447,11.96,15.55,1.1989,-25.4,-42.42,-56.75,-43.9,0.0,27.5,3,22.5,10.7,-45.56,0.0,,8,,20260814
FMCCH,Federal Home Loan Mortgage Corporation,Financial Services,Mortgage Finance,OQB,13.0,1012,41877288960,0.3998,14.07,17.67,-2.6654,-25.73,-44.81,-57.21,-45.0,0.0,5.0,4,25.0,12.0,-48.0,0.0,,8,,20260814
FREGP,Federal Home Loan Mortgage Corporation,Financial Services,Mortgage Finance,OQB,13.7,150,44132219289,0.1089,14.7,18.79,-9.2042,-23.89,-45.82,-49.42,-41.78,0.0,2.5,4,26.55,12.37,-48.4,0.0,,8,,20260814
FMCKL,Federal Home Loan Mortgage Corporation,Financial Services,Mortgage Finance,OQB,7.64,13322,24598075772,0.2012,8.29,10.52,-3.2669,-28.51,-43.27,-64.7,-48.15,0.0,5.0,4,14.96,7.04,-48.96,0.0,,8,,20260814
FMCCI,Federal Home Loan Mortgage Corporation,Financial Services,Mortgage Finance,OQB,12.3,3370,39622358630,0.3453,12.08,15.38,0.6267,-21.89,-40.96,-63.97,-45.4,0.0,33.75,3,22.69,10.0,-45.79,0.0,,8,,20260814
FMCCM,Federal Home Loan Mortgage Corporation,Financial Services,Mortgage Finance,OQB,12.64,1709,40717611294,0.3522,12.46,15.74,0.5076,-20.55,-41.21,-56.98,-42.36,0.0,32.5,3,23.0,10.58,-45.04,0.0,,8,,20260814
FMCCP,Federal Home Loan Mortgage Corporation,Financial Services,Mortgage Finance,OQB,15.13,346,48738722058,0.1136,15.25,19.29,-1.0689,-19.27,-41.87,-54.83,-41.4,0.0,12.0,4,28.32,14.1,-46.57,0.0,,8,,20260814
FMCC,Federal Home Loan Mortgage Corporation,Financial Services,Mortgage Finance,OQB,5.56,2034956,3614331136,0.2848,5.71,7.32,-0.5148,-25.28,-35.57,-53.52,-40.17,0.0,25.75,4,14.99,3.4,-62.91,0.0,,8,,20260814
FREJP,Federal Home Loan Mortgage Corporation PFD 5.30%,Unknown,Unknown,OQB,12.93,391,0,0.0994,14.43,18.01,-15.0417,-20.21,-45.57,-51.59,-41.64,0.0,0.0,4,25.0,12.93,-48.28,0.0,,8,,20260814
FMCKO,Federal Home Loan Mortgage Corporation,Financial Services,Mortgage Finance,OQB,7.95,6320,25609572249,0.2038,8.17,10.61,-1.0796,-26.63,-41.61,-63.85,-46.76,0.0,18.25,4,15.0,6.92,-47.0,0.0,,8,,20260814
FMCCO,Federal Home Loan Mortgage Corporation,Financial Services,Mortgage Finance,OQB,13.72,277,44196647362,0.1211,14.84,19.03,-9.2255,-32.36,-44.29,-59.4,-47.35,0.0,0.0,4,27.52,12.8,-50.15,0.0,,8,,20260814
FREJN,Federal Home Loan Mortgage Corporation,Financial Services,Mortgage Finance,OQB,15.61,29,50284958945,0.0135,16.15,19.25,-39.9475,-15.18,-34.0,-46.35,-34.23,0.0,12.0,4,27.0,15.61,-42.19,0.0,,8,,20260814
FMCKN,Federal Home Loan Mortgage Corporation,Financial Services,Mortgage Finance,OQB,7.95,9082,25609572249,0.0969,8.6,10.89,-6.7462,-27.72,-42.73,-63.19,-47.16,0.0,1.25,4,14.7,7.11,-45.92,0.0,,8,,20260814
FMCCS,Federal Home Loan Mortgage Corporation,Financial Services,Mortgage Finance,OQB,13.0,998,41877288960,0.1712,13.32,16.75,-1.8842,-23.42,-42.35,-64.95,-46.65,0.0,14.5,4,25.19,11.79,-48.39,0.0,,8,,20260814
SMR,NuScale Power Corporation,Industrials,Specialty Industrial Machinery,NYSE,9.39,32359943,3853557760,0.7196,9.44,14.8,-0.0711,-26.17,-47.44,-96.54,-61.76,0.0,28.25,4,57.42,7.21,-83.65,0.0,,8,,20260814
PHI,PLDT Inc. Sponsored,Communication Services,Telecom Services,NYSE,19.31,184980,0,0.39,18.65,20.31,1.6845,-9.54,-28.52,-37.49,-27.36,0.0,69.5,3,24.51,17.05,-21.22,0.0,,8,,20260814
FHI,"Federated Hermes, Inc.",Financial Services,Asset Management,NYSE,64.13,652204,4787963392,1.7694,58.77,54.37,3.0286,10.51,9.36,5.29,8.02,0.0,88.75,2,67.2,46.66,-4.57,0.0,,8,,20260814
LOPE,"Grand Canyon Education, Inc.",Consumer Defensive,Education & Training Services,NASDAQ,144.2,344422,3758578176,5.0212,147.32,162.67,-0.6212,-16.25,-26.73,-50.45,-33.6,0.0,23.25,4,223.04,134.27,-35.35,0.0,,8,,20260814
ATHOF,Athabasca Oil Corporation,Energy,Oil & Gas E&P,PNK,7.61,360409,3662693120,0.2654,7.61,6.73,0.0045,-17.2,8.52,62.42,23.65,0.0,57.5,2,10.68,4.0,-28.75,0.0,,8,,20260814
AMMHF,AMMB Holdings Berhad,Financial Services,Banks - Regional,PNK,1.25,0,4158417664,0.0013,1.21,1.23,35.4537,-20.54,-27.74,64.52,10.97,0.0,75.0,3,1.8,0.9,-30.28,0.0,,8,,20260814
STNG,Scorpio Tankers Inc.,Energy,Oil & Gas Midstream,NYSE,79.41,829662,3976960256,2.692,76.67,69.14,1.0197,-11.46,6.2,54.21,20.99,0.0,62.5,2,87.39,44.63,-9.13,0.0,,8,,20260814
LIMAF,Linamar Corporation,Consumer Cyclical,Auto Parts,PNK,74.63,8059,4401961472,0.7917,73.25,64.69,1.7466,0.67,3.32,24.74,11.23,0.0,78.75,2,76.96,50.04,-3.03,0.0,,8,,20260814
ORLA,Orla Mining Ltd,Basic Materials,Gold,NYSE,9.44,3385655,3542952192,0.5186,10.86,13.66,-2.7364,-41.44,-51.66,-45.19,-46.52,0.0,10.0,4,21.98,8.43,-57.05,0.0,,8,,20260814
NAMS,NewAmsterdam Pharma Company N.V.,Healthcare,Biotechnology,NASDAQ,26.98,1183341,3154069248,1.5413,31.0,33.45,-2.6056,-36.07,-35.44,-12.72,-26.51,0.0,8.75,4,42.2,23.05,-36.07,0.0,,8,,20260814
PLNT,"Planet Fitness, Inc.",Consumer Cyclical,Leisure,NYSE,50.36,2070766,3819767040,1.9109,52.14,77.86,-0.9339,-1.23,-57.55,-75.96,-50.83,0.0,52.0,4,114.26,37.03,-55.93,0.0,,8,,20260814
INSW,"International Seaways, Inc.",Energy,Oil & Gas Midstream,NYSE,97.05,563809,4807013888,3.8713,86.0,66.32,2.8548,10.75,61.86,137.89,79.5,0.0,91.25,2,98.23,41.25,-1.2,0.0,,8,,20260814
BRC,Brady Corporation,Industrials,Security & Protection Services,NYSE,94.14,312412,0,2.3886,90.15,84.22,1.6723,18.25,-10.49,11.68,5.56,0.0,90.0,2,99.29,70.57,-5.19,0.0,,8,,20260814
TVTX,"Travere Therapeutics, Inc.",Healthcare,Biotechnology,NASDAQ,62.14,1882677,5857383424,2.7886,55.9,39.87,2.2379,34.63,92.83,234.79,135.06,0.0,90.0,2,66.24,17.05,-6.19,0.0,,8,,20260814
PSUS,"Pershing Square USA, Ltd.",Financial Services,Asset Management,NYSE,40.26,451972,0,0.877,38.0,40.26,2.5727,-6.64,-10.95,-10.95,-9.87,0.0,57.5,3,44.0,35.71,-8.5,0.0,,8,,20260814
BDC,Belden Inc,Technology,Communication Equipment,NYSE,135.9,564972,5310726144,4.9901,114.93,119.33,4.2015,17.3,-15.85,-8.7,-4.7,0.0,88.75,3,159.99,98.0,-15.06,0.0,,8,,20260814
AZZ,AZZ Inc.,Industrials,Specialty Business Services,NYSE,151.35,295180,4548294656,4.6278,148.43,128.79,0.6301,-3.29,1.46,15.02,5.69,0.0,85.0,2,162.2,92.98,-6.69,0.0,,8,,20260814
ACDVF,Air Canada,Industrials,Airlines,OQX,21.5,221237,6021268480,1.3897,17.26,14.69,3.0504,48.57,30.09,31.16,35.14,0.0,96.25,2,22.52,12.03,-4.55,0.0,,8,,20260814
APEMY,Aperam S.A.,Basic Materials,Steel,PNK,56.19,206,4071739904,1.1736,54.97,46.27,1.0402,-2.29,5.53,80.46,33.55,0.0,56.25,2,61.65,30.0,-8.86,0.0,,8,,20260814
EE,"Excelerate Energy, Inc.",Energy,Oil & Gas Midstream,NYSE,36.63,337795,4153919232,1.3534,36.48,33.53,0.111,-2.45,-17.37,29.06,4.93,0.0,87.5,2,43.17,22.86,-15.16,0.0,,8,,20260814
CLSK,"CleanSpark, Inc.",Financial Services,Capital Markets,NCM,12.09,23036082,3104918528,1.2533,14.39,12.77,-1.8336,-17.55,15.3,-0.45,0.79,0.0,22.0,4,23.61,8.0,-48.79,0.0,,8,,20260814
FULTP,Fulton Financial Corporation,Financial Services,Banks - Regional,NASDAQ,17.6,13775,0,0.1929,17.94,18.17,-1.7636,-7.34,-14.4,-24.18,-16.55,0.0,37.75,4,20.83,17.4,-15.51,0.0,,8,,20260814
FULT,Fulton Financial Corporation,Financial Services,Banks - Regional,NASDAQ,24.64,1906538,4717598720,0.4337,23.7,20.79,2.1766,12.42,-2.13,20.49,10.56,0.0,87.5,2,25.23,16.6,-2.34,0.0,,8,,20260814
KNF,Knife River Corporation,Basic Materials,Building Materials,NYSE,66.4,638885,3769091072,3.5302,78.34,78.25,-3.3826,-27.78,-27.84,-47.77,-35.8,0.0,7.5,4,96.28,58.72,-31.03,0.0,,8,,20260814
FNNTF,flatexDEGIRO SE,Financial Services,Capital Markets,PNK,43.25,3,4627676672,0.0684,40.64,37.44,38.1028,6.6,21.47,13.25,14.46,0.0,75.0,2,43.25,31.25,0.0,0.0,,8,,20260814
PVH,PVH Corp.,Consumer Cyclical,Apparel Manufacturing,NYSE,82.47,1076627,0,3.1806,80.93,76.76,0.4826,-6.24,11.52,-9.85,-1.47,0.0,62.5,2,100.75,59.6,-18.14,0.0,,8,,20260814
KNSA,"Kiniksa Pharmaceuticals International, plc",Healthcare,Drug Manufacturers - Specialty & Generic,NASDAQ,76.75,759908,5988343296,3.3333,62.84,49.45,4.1737,26.21,60.59,115.53,73.97,0.0,87.5,2,82.94,32.89,-7.46,0.0,,8,,20260814
CRK,"Comstock Resources, Inc.",Energy,Oil & Gas E&P,NYSE,14.06,2573683,4128304896,0.5968,13.49,18.61,0.9511,-9.54,-41.25,-32.05,-29.64,0.0,40.0,3,28.1,12.12,-49.96,0.0,,8,,20260814
LBTYA,Liberty Global Ltd.,Communication Services,Telecom Services,NASDAQ,10.47,2142175,3571186688,0.3486,11.02,11.44,-1.5812,-18.46,-22.29,-28.27,-23.72,0.0,27.0,4,13.52,9.43,-22.56,0.0,,8,,20260814
LBTYB,Liberty Global Ltd.,Communication Services,Telecom Services,NASDAQ,11.89,3033,4055531008,0.7506,12.76,12.71,-1.1534,-31.65,-47.21,-20.1,-32.48,0.0,20.75,4,29.01,10.2,-59.01,0.0,,8,,20260814
LBTYK,Liberty Global Ltd.,Communication Services,Telecom Services,NASDAQ,10.22,1327287,3485914880,0.3381,10.67,11.23,-1.3377,-18.08,-24.89,-32.02,-26.04,0.0,32.75,4,13.12,9.3,-22.1,0.0,,8,,20260814
RITPF,RIT Capital Partners Plc,Financial Services,Asset Management,PNK,36.34,172,4497422848,0.3136,32.37,30.27,12.6471,8.26,7.9,18.11,12.08,0.0,76.25,2,36.34,26.25,0.0,0.0,,8,,20260814
HKMPF,Hikma Pharmaceuticals PLC,Healthcare,Drug Manufacturers - Specialty & Generic,PNK,22.28,193,4629111808,0.1362,20.43,19.72,13.5823,10.09,-2.49,-37.53,-13.36,0.0,75.0,2,25.34,16.34,-12.09,0.0,,8,,20260814
JGCCY,JGC Holdings Corporation,Industrials,Engineering & Construction,PNK,28.01,62,3390274048,0.2498,30.59,27.06,-10.3234,-17.81,-12.88,20.58,-0.73,0.0,25.0,3,34.95,18.12,-19.86,0.0,,8,,20260814
ITVPY,ITV plc,Communication Services,Broadcasting,PNK,9.97,43137,3704332032,0.3422,10.45,10.35,-1.4142,-16.15,-21.28,-26.68,-22.16,0.0,37.75,4,11.98,8.67,-16.78,0.0,,8,,20260814
GTMEF,"Globe Telecom, Inc.",Communication Services,Telecom Services,PNK,28.2,1,4078610432,0.0167,28.2,38.1,0.0,-38.51,-46.01,-57.17,-48.6,0.0,25.0,3,41.95,28.2,-32.78,0.0,,8,,20260814
SKT,Tanger Inc.,Real Estate,REIT - Retail,NYSE,38.45,1034737,4596385792,0.8735,,,,2.04,1.57,2.44,2.04,0.0,20.75,3,42.53,31.13,-9.59,0.0,,8,,20260814
DNP,DNP Select Income Fund Inc.,Financial Services,Asset Management,NYSE,10.98,662600,4137496832,0.1167,,,,-0.96,-1.0,-2.39,-1.55,0.0,23.25,3,11.16,9.69,-1.61,0.0,,8,,20260814
PSKRF,Protector Forsikring ASA,Financial Services,Insurance - Specialty,PNK,48.62,11,4002146560,0.06,46.99,38.89,27.2008,-0.81,4.0,702.44,282.17,0.0,75.0,2,53.4,11.5,-8.95,0.0,,8,,20260814
IRT,"Independence Realty Trust, Inc.",Real Estate,REIT - Residential,NYSE,17.03,3017291,4115916288,0.3865,16.62,16.19,1.0507,-0.63,-8.64,-20.08,-11.21,0.0,88.75,2,18.18,14.6,-6.33,0.0,,8,,20260814
CAAP,Corporación América Airports S.A.,Industrials,Airports & Air Services,NYSE,24.48,193745,6328503296,0.8467,25.66,25.65,-1.394,-7.75,-29.6,-6.45,-14.88,0.0,60.25,3,30.5,17.36,-19.74,0.0,,8,,20260814
TREX,"Trex Company, Inc.",Industrials,Building Products & Equipment,NYSE,49.63,2095983,5055569408,2.1086,45.94,40.66,1.7494,20.36,0.87,-40.17,-10.67,0.0,86.25,2,66.06,29.77,-24.87,0.0,,8,,20260814
TNL,Travel + Leisure Co.,Consumer Cyclical,Travel Services,NYSE,75.49,807888,4626184192,1.9999,74.56,69.94,0.4671,14.37,-7.35,9.38,4.77,0.0,87.5,2,81.0,57.86,-6.8,0.0,,8,,20260814
SRAD,Sportradar Group AG,Technology,Software - Application,NASDAQ,13.82,2659187,4090051584,0.6766,14.68,17.81,-1.2658,3.72,-33.29,-74.29,-40.44,0.0,37.5,4,32.22,11.55,-57.11,0.0,,8,,20260814
LIVN,LivaNova PLC,Healthcare,Medical Devices,NASDAQ,82.22,723367,4516635648,2.9166,79.64,67.37,0.8834,12.03,12.6,45.16,25.48,0.0,92.5,2,85.76,48.82,-4.13,0.0,,8,,20260814
MMYT,MakeMyTrip Limited,Consumer Cyclical,Travel Services,NASDAQ,60.42,1040225,5683024384,2.6716,52.8,59.0,2.8536,25.24,-10.39,-59.28,-21.04,0.0,86.25,3,104.43,32.67,-42.14,0.0,,8,,20260814
THO,"THOR Industries, Inc.",Consumer Cyclical,Recreational Vehicles,NYSE,79.0,744161,4112532480,2.8109,76.19,89.9,0.9989,1.27,-45.84,-37.99,-30.92,0.0,63.75,3,122.83,69.71,-35.68,0.0,,8,,20260814
DOO,BRP Inc.,Consumer Cyclical,Recreational Vehicles,NASDAQ,64.51,234359,4731578368,1.8619,61.03,66.12,1.8687,8.32,-30.64,3.94,-7.07,0.0,75.75,3,81.89,48.83,-21.22,0.0,,8,,20260814
NCTKF,Nabtesco Corporation,Industrials,Specialty Industrial Machinery,PNK,28.57,58,3347961600,0.32,31.99,27.65,-10.6776,9.99,-10.5,56.31,21.35,0.0,26.25,3,37.0,15.81,-22.78,0.0,,8,,20260814
MNDY,monday.com Ltd.,Technology,Software - Application,NASDAQ,87.52,1657982,3699830784,6.3079,81.47,102.71,0.9593,16.13,5.33,-73.17,-23.37,0.0,66.25,3,220.8,57.5,-60.36,0.0,,8,,20260814
PJT,PJT Partners Inc.,Financial Services,Capital Markets,NYSE,174.36,445650,7427248640,6.5708,162.25,160.4,1.843,8.61,-4.6,-23.82,-8.99,0.0,91.25,2,195.62,127.73,-10.87,0.0,,8,,20260814
NCTKY,Nabtesco Corporation,Industrials,Specialty Industrial Machinery,PNK,16.42,2880,4079289856,1.1015,16.06,14.54,0.3259,-6.12,-17.07,41.97,9.28,0.0,60.0,2,19.46,8.44,-15.61,0.0,,8,,20260814
BCHHF,Bucher Industries AG,Industrials,Specialty Industrial Machinery,PNK,379.66,1,3725764864,0.3764,389.17,432.32,-25.2697,-25.73,-25.16,-45.04,-33.25,0.0,12.0,4,495.77,379.66,-23.42,0.0,,8,,20260814
AGLNF,AGL Energy Limited,Utilities,Utilities - Independent Power Producers,PNK,5.95,764,4002846208,0.0421,5.85,6.23,2.3234,-14.89,-20.26,-28.67,-22.28,0.0,37.0,3,7.17,5.21,-17.02,0.0,,8,,20260814
TSLTF,TransAlta Corporation,Utilities,Utilities - Independent Power Producers,PNK,18.82,5,0,0.001,18.82,17.54,0.0,-2.47,5.31,0.91,1.61,0.0,75.0,3,20.0,16.68,-5.9,0.0,,8,,20260814
TORXF,Torex Gold Resources Inc.,Basic Materials,Gold,OQX,45.63,41741,4225091328,1.94,40.86,45.48,2.4599,-14.83,-19.86,29.92,1.31,0.0,63.75,3,62.56,28.89,-27.06,0.0,,8,,20260814
