ticker,name,sector,industry,exchange,close,avg_volume_50d,market_cap,atr14,sma50,sma200,atr_extension,rs_3m,rs_6m,rs_12m,rs_score,rs_percentile,trend_strength,stage,52w_high,52w_low,pct_from_52w_high,rts_composite,rts_grade,rts_grade_rank,colour_band,run_date
OCS,Oculis Holding AG,Healthcare,Biotechnology,NASDAQ,13.14,668620,729637440,0.663,12.17,21.52,1.4581,-61.42,-67.82,-47.31,-58.02,0.0,33.75,3,34.48,10.52,-61.89,0.0,,8,,20260817
MQ,"Marqeta, Inc.",Technology,Software - Infrastructure,NASDAQ,15.52,1223797,1615613952,0.7657,16.42,17.18,-1.176,-3.02,-17.5,-61.45,-31.46,0.0,50.75,4,25.83,14.8,-39.92,0.0,,8,,20260817
FLO,"Flowers Foods, Inc.",Consumer Defensive,Packaged Foods,NYSE,7.31,7134829,1549670528,0.3046,7.78,9.01,-1.5311,-1.33,-40.25,-73.2,-43.7,0.0,8.75,4,16.07,6.8,-54.51,0.0,,8,,20260817
AMRC,"Ameresco, Inc.",Industrials,Engineering & Construction,NYSE,28.5,631091,1512387072,1.8858,25.51,29.39,1.5851,-18.52,-26.73,18.58,-6.55,0.0,49.5,3,44.93,18.38,-36.57,0.0,,8,,20260817
HGRAF,HydroGraph Clean Power Inc.,Basic Materials,Specialty Chemicals,OQB,4.9,1151307,1717824256,0.4275,4.08,3.82,1.9232,-4.8,80.01,116.73,73.5,0.0,61.25,2,8.37,1.0,-41.46,0.0,,8,,20260817
VLXGF,Volex plc,Industrials,Electrical Equipment & Parts,PNK,7.54,6608,1379698944,0.1152,7.33,6.65,1.7824,-20.83,7.96,34.54,11.4,0.0,51.25,2,9.53,4.73,-20.9,0.0,,8,,20260817
MQY,"BlackRock MuniYield Quality Fund, Inc.",Financial Services,Asset Management,NYSE,11.24,380387,807409856,0.0789,11.33,11.14,-1.1615,-3.18,-14.81,-13.38,-11.33,0.0,65.75,3,11.94,10.84,-5.86,0.0,,8,,20260817
LMPMY,Lee & Man Paper Manufacturing Limited,Basic Materials,Paper & Paper Products,PNK,5.65,85,2456739840,0.085,4.16,3.93,17.4905,37.35,5.32,77.28,42.11,0.0,76.25,2,5.72,3.0,-1.22,0.0,,8,,20260817
CNXN,"PC Connection, Inc.",Technology,Electronics & Computer Distribution,NASDAQ,78.55,153212,1982452864,2.613,77.0,64.72,0.5922,17.75,10.2,5.25,10.11,0.0,86.25,2,88.31,54.97,-11.05,0.0,,8,,20260817
PEB,Pebblebrook Hotel Trust,Real Estate,REIT - Hotel & Motel,NYSE,18.14,2531401,2046966912,0.5801,18.57,14.03,-0.7367,24.28,28.52,58.31,39.38,0.0,73.25,3,19.93,9.9,-8.98,0.0,,8,,20260817
AIP,"Arteris, Inc.",Technology,Semiconductors,NASDAQ,27.83,931716,1367903104,2.4246,34.72,23.28,-2.8405,-22.24,76.42,172.43,90.16,0.0,35.0,3,50.26,8.42,-44.63,0.0,,8,,20260817
HTZ,"Hertz Global Holdings, Inc.",Industrials,Rental & Leasing Services,NASDAQ,2.16,29613593,769935040,0.3117,2.77,4.68,-1.9588,-65.74,-71.08,-79.91,-73.28,0.0,10.0,4,8.18,1.45,-73.59,0.0,,8,,20260817
AGIO,"Agios Pharmaceuticals, Inc. Common Stock",Healthcare,Biotechnology,NASDAQ,33.63,1140590,2007774336,1.7039,35.09,31.09,-0.8585,14.58,6.34,-29.45,-5.91,0.0,72.0,3,46.0,22.24,-26.89,0.0,,8,,20260817
TILE,"Interface, Inc.",Consumer Cyclical,"Furnishings, Fixtures & Appliances",NASDAQ,38.04,537595,2198729472,1.3268,33.96,29.84,3.0719,30.95,0.2,21.65,16.47,0.0,88.75,2,40.5,24.4,-6.07,0.0,,8,,20260817
CAPR,"Capricor Therapeutics, Inc.",Healthcare,Biotechnology,NASDAQ,7.45,4174524,432911936,1.4612,17.83,23.19,-7.1035,-78.92,-80.75,-25.37,-58.14,0.0,13.75,4,40.37,2.96,-81.55,0.0,,8,,20260817
BLDP,Ballard Power Systems Inc.,Industrials,Electrical Equipment & Parts,NASDAQ,2.6,7818698,783916864,0.1935,3.33,3.11,-3.7803,-46.37,6.99,20.95,-0.77,0.0,7.5,4,6.57,1.82,-60.43,0.0,,8,,20260817
NMRSF,NAMURA SHIPBUILDING CO,Industrials,Aerospace & Defense,PNK,26.84,118,1866588928,0.2583,23.74,17.08,11.9938,3.33,128.54,3077.6,1276.86,0.0,75.0,2,36.36,21.11,-26.18,0.0,,8,,20260817
NKRKF,Nokian Renkaat Oyj,Consumer Cyclical,Auto Parts,PNK,17.44,129,2386153472,0.0798,14.84,12.04,32.6109,40.46,19.55,77.06,47.78,0.0,75.0,2,17.44,9.0,0.0,0.0,,8,,20260817
SHLS,"Shoals Technologies Group, Inc.",Technology,Solar,NASDAQ,8.23,5633161,1385108480,0.705,9.64,8.79,-2.0,-25.13,-33.57,58.17,5.24,0.0,23.25,4,13.18,5.4,-37.56,0.0,,8,,20260817
NKRKY,Nokian Renkaat Oyj,Consumer Cyclical,Auto Parts,PNK,8.81,3327,2438566144,0.1626,7.64,6.08,7.18,51.9,19.87,78.3,51.25,0.0,82.5,2,8.9,4.24,-1.01,0.0,,8,,20260817
INVA,"Innoviva, Inc.",Healthcare,Biotechnology,NASDAQ,20.96,847658,1514265344,0.5611,21.92,21.7,-1.7124,-9.4,-21.6,-20.75,-18.21,0.0,34.0,4,25.15,16.52,-16.66,0.0,,8,,20260817
SGML,Sigma Lithium Corporation,Basic Materials,Other Industrial Metals & Mining,NCM,11.43,2257445,1280898944,0.7706,11.86,13.02,-0.5575,-36.85,-28.32,81.17,13.34,0.0,23.25,4,24.48,4.62,-53.31,0.0,,8,,20260817
CASBF,CanSino Biologics Inc.,Healthcare,Drug Manufacturers - Specialty & Generic,PNK,3.14,95,642313856,0.0129,2.95,4.01,14.7453,-22.56,-44.27,-71.48,-49.72,0.0,25.0,3,6.99,2.6,-55.01,0.0,,8,,20260817
CMPNF,Champion Real Estate Investment Trust,Real Estate,REIT - Retail,PNK,0.34,46,1907400832,0.0001,0.34,0.3,0.0,5.64,-4.88,19.95,7.68,0.0,75.0,3,0.34,0.23,0.0,0.0,,8,,20260817
PAYO,Payoneer Global Inc.,Technology,Software - Infrastructure,NASDAQ,7.13,7257303,2416006656,0.0529,6.94,5.72,3.5084,42.87,18.51,-16.44,10.62,0.0,83.75,2,7.18,4.08,-0.7,0.0,,8,,20260817
PLYGF,PLYGF,Healthcare,Drug Manufacturers - Specialty & Generic,PNK,54.42,27,1796753024,0.5855,44.93,39.43,16.2086,4.81,40.93,37.22,30.42,0.0,50.0,2,54.42,31.5,-0.0,0.0,,8,,20260817
PRCT,PROCEPT BioRobotics Corporation,Healthcare,Medical Devices,NASDAQ,21.09,1657824,1200418432,1.3702,21.19,26.77,-0.0704,-24.06,-38.05,-68.56,-46.76,0.0,25.75,4,42.43,16.66,-50.29,0.0,,8,,20260817
HLIT,Harmonic Inc.,Technology,Communication Equipment,NASDAQ,13.43,2961219,1464192384,0.7693,13.27,11.24,0.2096,2.3,11.81,29.94,16.68,0.0,60.0,2,17.68,8.47,-24.04,0.0,,8,,20260817
NUVB,Nuvation Bio Inc.,Healthcare,Biotechnology,NYSE,6.48,6608253,2275278592,0.3789,5.9,5.82,1.5228,45.2,-1.63,113.65,56.19,0.0,88.75,2,9.75,2.57,-33.54,0.0,,8,,20260817
WBTN,WEBTOON Entertainment Inc.,Communication Services,Internet Content & Information,NASDAQ,8.43,352417,1144044416,0.5491,10.47,11.85,-3.7094,-35.05,-34.49,-69.85,-48.77,0.0,8.75,4,22.47,7.85,-62.48,0.0,,8,,20260817
IMKTA,"Ingles Markets, Incorporated",Consumer Defensive,Grocery Stores,NASDAQ,86.52,139114,1643393408,2.7456,89.47,82.95,-1.0732,-4.2,-16.75,15.69,-0.64,0.0,77.0,3,95.62,63.69,-9.52,0.0,,8,,20260817
IIPR,"Innovative Industrial Properties, Inc.",Real Estate,REIT - Industrial,NYSE,55.8,366470,1617941120,1.6305,60.22,51.37,-2.7116,1.77,16.18,-0.13,6.05,0.0,57.5,3,65.38,44.58,-14.65,0.0,,8,,20260817
FMC,FMC Corporation,Basic Materials,Agricultural Inputs,NYSE,10.18,3977053,1274809216,0.5545,11.05,13.61,-1.569,-32.46,-42.11,-92.87,-60.0,0.0,7.5,4,40.84,9.95,-75.07,0.0,,8,,20260817
TRVG,trivago N.V.,Communication Services,Internet Content & Information,NASDAQ,5.01,96780,353497888,0.3365,5.11,3.5,-0.2892,65.72,59.34,23.66,46.66,0.0,69.5,3,5.91,2.59,-15.23,0.0,,8,,20260817
PVLA,"Palvella Therapeutics, Inc.",Healthcare,Biotechnology,NASDAQ,153.52,252653,2211978752,8.6327,138.17,113.88,1.7787,29.58,74.34,211.88,118.17,0.0,86.25,2,161.38,46.08,-4.87,0.0,,8,,20260817
TSLX,"Sixth Street Specialty Lending, Inc.",Financial Services,Asset Management,NYSE,18.44,621250,1752161536,0.4655,17.3,18.55,2.4498,1.85,-12.94,-37.43,-19.04,0.0,78.25,3,24.79,16.04,-25.62,0.0,,8,,20260817
KRKNF,Kraken Robotics Inc.,Technology,Scientific & Technical Instruments,OQB,4.39,1067458,1348498432,0.2676,4.59,5.24,-0.7658,-21.97,-32.64,39.68,-1.05,0.0,22.0,4,8.13,2.39,-46.0,0.0,,8,,20260817
DCOM,"Dime Commercial Bancshares, Inc.",Financial Services,Banks - Regional,NYSE,40.88,319903,1805121664,0.7879,39.95,34.17,1.1789,10.38,3.59,21.83,12.58,0.0,88.75,2,41.97,25.63,-2.6,0.0,,8,,20260817
GABC,"German American Bancorp, Inc.",Financial Services,Banks - Regional,NASDAQ,50.94,170970,1914159744,0.9414,47.76,42.55,3.3797,18.29,5.55,9.65,10.37,0.0,87.5,2,52.23,37.19,-2.47,0.0,,8,,20260817
RNDOF,Round One Corporation,Consumer Cyclical,Leisure,PNK,7.65,29,2010976000,0.0862,5.51,2.05,24.7928,276.29,1239.12,4424.6,2272.61,0.0,75.0,2,11.05,5.29,-30.77,0.0,,8,,20260817
BDJ,BlackRock Enhanced Equity Dividend Trust,Financial Services,Asset Management,NYSE,9.85,515225,1742905216,0.0929,9.48,8.97,3.9367,7.65,-5.81,0.01,-0.12,0.0,85.0,2,9.95,8.42,-1.01,0.0,,8,,20260817
GPEAF,Great Portland Estates Plc,Real Estate,REIT - Office,PNK,4.01,100,1617673088,0.0004,4.01,4.11,2.481,4.68,-24.93,-39.43,-23.32,0.0,62.0,3,5.27,3.71,-23.91,0.0,,8,,20260817
STMRF,Stanmore Resources Limited,Basic Materials,Coking Coal,OQX,1.73,2170,1559407488,0.0204,1.77,1.72,-1.743,1.28,-25.84,-8.82,-12.25,0.0,62.0,3,2.16,1.17,-19.91,0.0,,8,,20260817
SREMF,Sunrise Energy Metals Limited,Industrials,Pollution & Treatment Controls,OQX,12.6,57551,2134917888,0.8683,11.21,7.58,1.6005,25.82,74.04,1310.68,556.64,0.0,91.25,2,14.5,0.93,-13.1,0.0,,8,,20260817
NVRI,Enviri Corporation,Industrials,Waste Management,NYSE,20.91,945875,587649408,1.1639,21.91,19.03,-0.8571,3.04,-3.42,86.31,34.09,0.0,70.75,3,24.2,9.55,-13.6,0.0,,8,,20260817
TCBK,TriCo Bancshares,Financial Services,Banks - Regional,NASDAQ,57.46,312137,1836802560,1.0724,55.68,50.01,1.6587,13.79,1.98,15.44,10.31,0.0,83.75,2,61.71,40.44,-6.89,0.0,,8,,20260817
STAA,STAAR Surgical Company,Healthcare,Medical Instruments & Supplies,NASDAQ,24.09,872372,1199404928,1.4866,26.75,24.25,-1.7924,-29.68,35.69,-36.81,-9.65,0.0,25.75,4,35.87,15.59,-32.84,0.0,,8,,20260817
TGLVY,Top Glove Corporation Bhd.,Healthcare,Medical Instruments & Supplies,PNK,0.57,987,1106699136,0.0267,0.66,0.62,-3.2003,-37.12,-14.5,-26.47,-24.94,0.0,13.25,4,0.93,0.46,-38.48,0.0,,8,,20260817
BST,BlackRock Science and Technology Trust,Financial Services,Asset Management,NYSE,50.08,107458,1738778624,1.085,47.14,41.26,2.711,6.95,15.11,18.93,14.6,0.0,91.25,2,51.3,34.87,-2.38,0.0,,8,,20260817
STBA,"S&T Bancorp, Inc.",Financial Services,Banks - Regional,NASDAQ,51.0,264470,1798540032,0.8461,49.63,43.4,1.6152,12.98,3.82,16.43,11.15,0.0,85.0,2,53.5,34.38,-4.67,0.0,,8,,20260817
STGW,Stagwell Inc.,Communication Services,Advertising Agencies,NASDAQ,8.7,1524696,2126936448,0.3656,7.66,6.24,2.8367,39.0,62.53,36.19,46.11,0.0,90.0,2,9.55,4.29,-8.9,0.0,,8,,20260817
ASAN,"Asana, Inc.",Technology,Software - Application,NYSE,8.83,5987470,2035401728,0.6072,7.73,9.06,1.8124,37.62,2.86,-57.05,-12.42,0.0,77.0,3,15.71,5.38,-43.79,0.0,,8,,20260817
SLSR,Solaris Resources Inc.,Basic Materials,Other Precious Metals & Mining,NYSE,8.02,157682,1339914496,0.3818,8.14,8.72,-0.3033,-23.46,-31.26,29.62,-4.96,0.0,35.25,4,11.48,4.89,-30.14,0.0,,8,,20260817
PMREF,Primaris Real Estate Investment Trust,Real Estate,REIT - Retail,PNK,15.71,6614,2274538752,0.117,15.57,13.49,1.256,8.82,11.62,25.05,16.29,0.0,75.0,2,46.44,10.44,-66.16,0.0,,8,,20260817
LILAK,Liberty Latin America Ltd.,Communication Services,Telecom Services,NASDAQ,8.44,1657159,1653395968,0.3125,7.17,5.9,4.0665,64.92,45.34,39.8,48.02,0.0,91.25,2,8.84,4.61,-4.51,0.0,,8,,20260817
LILA,Liberty Latin America Ltd.,Communication Services,Telecom Services,NASDAQ,8.51,821888,1667108992,0.3187,7.23,5.86,4.0242,69.67,48.32,44.57,52.16,0.0,92.5,2,8.9,4.58,-4.38,0.0,,8,,20260817
LILAB,Liberty Latin America Ltd.,Communication Services,Telecom Services,PNK,7.25,0,1420274944,0.0015,7.25,9.15,0.0,-4.03,-47.06,8.91,-13.91,0.0,50.0,3,10.74,5.55,-32.5,0.0,,8,,20260817
ZD,"Ziff Davis, Inc.",Communication Services,Advertising Agencies,NASDAQ,54.31,647638,1862138368,2.0963,51.14,41.43,1.5112,29.26,64.13,28.81,41.29,0.0,82.5,2,58.06,22.45,-6.46,0.0,,8,,20260817
SESPF,SeSa S.p.A.,Technology,Information Technology Services,PNK,104.0,4,1574626944,0.0162,104.0,106.13,0.0,12.0,-14.68,-36.15,-16.6,0.0,62.0,3,121.95,89.0,-14.72,0.0,,8,,20260817
CNXC,Concentrix Corporation,Technology,Information Technology Services,NASDAQ,23.33,1678596,1423558144,1.566,24.44,30.47,-0.7104,-2.26,-34.53,-71.43,-41.22,0.0,23.25,4,57.88,19.12,-59.69,0.0,,8,,20260817
REX,REX American Resources Corporation,Basic Materials,Chemicals,NYSE,45.13,195551,1486479232,1.2847,44.61,40.06,0.4082,-14.65,22.12,43.04,21.29,0.0,61.25,2,53.36,27.45,-15.42,0.0,,8,,20260817
FBYD,"Falcon's Beyond Global, Inc.",Industrials,Conglomerates,NASDAQ,10.16,140551,497963552,1.1099,13.32,11.86,-2.8454,-8.5,107.17,27.73,46.48,0.0,10.0,4,29.02,3.71,-64.99,0.0,,8,,20260817
BFSAF,Befesa S.A.,Industrials,Waste Management,PNK,40.7,146,1628000000,0.0133,40.46,34.85,18.0602,16.51,2.22,42.46,21.89,0.0,75.0,2,40.7,25.35,0.0,0.0,,8,,20260817
LWSCF,Sienna Senior Living Inc.,Healthcare,Medical Care Facilities,PNK,15.75,47606,1820613248,0.0766,15.8,15.53,-0.5881,-6.37,-16.61,-1.88,-8.16,0.0,63.25,3,17.58,12.79,-10.41,0.0,,8,,20260817
RXRX,"Recursion Pharmaceuticals, Inc.",Healthcare,Biotechnology,NASDAQ,3.11,20645598,1667803008,0.1656,3.27,3.75,-0.9757,1.34,-24.83,-65.99,-34.75,0.0,24.5,4,7.18,2.77,-56.69,0.0,,8,,20260817
AEVA,"Aeva Technologies, Inc.",Technology,Software - Infrastructure,NASDAQ,23.75,2192111,1655511808,2.5543,21.35,16.83,0.9405,11.19,60.95,57.71,47.22,0.0,62.5,2,31.3,8.83,-24.12,0.0,,8,,20260817
AVAH,Aveanna Healthcare Holdings Inc.,Healthcare,Medical Care Facilities,NASDAQ,12.69,2269330,2763313408,0.5867,9.02,8.11,6.2466,59.58,46.09,55.12,53.07,0.0,91.25,2,12.69,5.93,-0.0,0.0,,8,,20260817
WWUEY,Wüstenrot & Württembergische AG,Financial Services,Insurance - Life,PNK,8.86,1,1661244928,0.0077,8.99,8.45,-16.8618,-1.4,-8.88,-11.76,-8.16,0.0,62.0,3,9.16,8.29,-3.28,0.0,,8,,20260817
KMMPF,Killam Apartment REIT,Real Estate,REIT - Residential,PNK,13.23,4431,1623785600,0.0306,13.24,12.27,-0.1121,-0.83,-4.91,-13.51,-7.33,0.0,62.0,3,13.57,11.1,-2.48,0.0,,8,,20260817
CMPS,COMPASS Pathways plc,Healthcare,Medical Care Facilities,NASDAQ,13.72,3927782,1899901952,0.7994,12.62,8.6,1.3733,27.5,122.21,202.45,130.63,0.0,88.75,2,15.4,3.97,-10.91,0.0,,8,,20260817
CRLFF,Cardinal Energy Ltd.,Energy,Oil & Gas E&P,PNK,8.47,375327,1488596864,0.2043,7.87,7.27,2.9425,-8.66,14.61,49.5,22.75,0.0,65.0,2,9.68,5.08,-12.5,0.0,,8,,20260817
ATAI,AtaiBeckley Inc.,Healthcare,Biotechnology,NASDAQ,7.24,11778619,2685060096,0.1351,5.79,4.48,10.7313,75.52,88.86,59.42,73.75,0.0,91.25,2,7.28,3.27,-0.55,0.0,,8,,20260817
TFIN,"Triumph Financial, Inc.",Financial Services,Banks - Regional,NYSE,77.78,256127,1858516992,2.3598,76.38,65.64,0.5939,21.46,12.0,19.72,17.46,0.0,86.25,2,83.52,46.43,-6.87,0.0,,8,,20260817
GLUE,"Monte Rosa Therapeutics, Inc.",Healthcare,Biotechnology,NASDAQ,15.38,1395362,1312120064,1.2413,20.12,18.44,-3.8147,-20.06,-28.11,232.43,78.12,0.0,11.25,4,25.77,4.3,-40.32,0.0,,8,,20260817
ABCL,AbCellera Biologics Inc.,Healthcare,Biotechnology,NASDAQ,11.2,8135119,3434048256,0.8203,6.72,4.64,5.4646,169.04,247.35,127.76,179.94,0.0,92.5,2,11.64,2.75,-3.82,0.0,,8,,20260817
NHNKY,Nihon Kohden Corporation,Healthcare,Medical Devices,PNK,9.26,22393,1497341568,0.2432,9.18,10.05,0.3478,2.28,-34.11,-44.55,-29.19,0.0,77.0,3,14.21,8.12,-34.83,0.0,,8,,20260817
BFC,Bank First Corporation,Financial Services,Banks - Regional,NCM,156.88,98604,1739110144,3.5581,148.8,137.95,2.2709,6.77,-5.67,7.44,2.68,0.0,91.25,2,159.09,119.08,-1.39,0.0,,8,,20260817
HOPE,"Hope Bancorp, Inc.",Financial Services,Banks - Regional,NASDAQ,14.36,1055370,1834372736,0.2542,13.48,11.83,3.4495,17.48,6.87,21.35,15.31,0.0,90.0,2,14.59,9.8,-1.58,0.0,,8,,20260817
SLCJY,SLC Agrícola S.A.,Consumer Defensive,Farm Products,PNK,2.62,62274,1300990848,0.1175,2.69,2.98,-0.5534,-27.74,-27.18,-22.39,-25.41,0.0,22.0,4,3.94,2.4,-33.5,0.0,,8,,20260817
TSHA,"Taysha Gene Therapies, Inc.",Healthcare,Biotechnology,NASDAQ,6.21,3095524,2023426304,0.4048,6.08,5.32,0.3192,-0.61,22.54,90.09,43.78,0.0,90.0,2,7.3,2.71,-14.93,0.0,,8,,20260817
EBRCZ,EBR SYS INC.,Healthcare,Medical Devices,PNK,0.24,8639,177780128,0.0075,0.26,0.51,-3.0411,-54.01,-75.23,-78.66,-71.3,0.0,1.25,4,1.5,0.18,-84.27,0.0,,8,,20260817
FDMDF,4DMedical Limited,Healthcare,Medical Devices,PNK,2.4,905,1918951296,0.0964,2.75,2.51,-3.6131,-8.03,-4.97,697.95,275.43,0.0,39.5,3,5.0,0.29,-52.0,0.0,,8,,20260817
VRNO,Verano Holdings Corp.,Unknown,Unknown,OQX,5.83,176135,430942720,0.352,5.72,5.85,0.3051,5.2,-6.97,-43.4,-18.5,0.0,49.5,3,9.75,3.91,-40.21,0.0,,8,,20260817
ABXXF,Abaxx Technologies Inc.,Technology,Software - Application,OQX,17.34,89911,667963968,1.636,21.34,31.14,-2.4445,-61.09,-59.96,30.18,-24.19,0.0,10.0,4,52.5,11.64,-66.97,0.0,,8,,20260817
SATL,Satellogic Inc.,Industrials,Aerospace & Defense,NCM,5.81,7886266,893228864,0.4663,5.04,4.52,1.6445,-45.76,71.09,35.05,27.46,0.0,65.0,2,12.0,1.25,-51.58,0.0,,8,,20260817
INTA,"Intapp, Inc.",Technology,Software - Application,NASDAQ,38.49,941846,2944914432,1.9536,28.82,30.77,4.9503,78.57,51.75,-28.32,26.43,0.0,95.0,3,47.93,19.01,-19.7,0.0,,8,,20260817
CET,Central Securities Corporation,Financial Services,Asset Management,NYSE,54.9,35591,1622254592,0.705,53.1,51.49,2.5563,-0.09,-6.72,-4.64,-4.23,0.0,83.75,2,55.99,47.82,-1.95,0.0,,8,,20260817
BAK,Braskem S.A.,Basic Materials,Chemicals,NYSE,2.01,2172983,800953216,0.1723,2.64,3.34,-3.6466,-63.78,-61.46,-51.34,-57.99,0.0,10.0,4,5.39,1.83,-62.74,0.0,,8,,20260817
APPN,Appian Corporation,Technology,Software - Infrastructure,NASDAQ,34.91,909329,2500519424,2.0925,26.05,28.21,4.2364,73.95,38.71,-3.71,30.55,0.0,92.5,3,46.06,18.63,-24.21,0.0,,8,,20260817
FISK,"Empire State Realty OP, L.P.",Real Estate,REIT - Office,PCX,4.69,164,1312839424,0.0995,5.31,5.8,-6.1873,-17.44,-43.42,-54.34,-41.29,0.0,1.25,4,8.16,4.49,-42.52,0.0,,8,,20260817
CLVT,Clarivate Plc,Technology,Information Technology Services,NYSE,1.89,6758029,1208964992,0.16,2.14,2.66,-1.5484,-26.7,-9.52,-77.28,-40.92,0.0,11.25,4,4.56,1.66,-58.55,0.0,,8,,20260817
BELGF,Bellevue Gold Limited,Basic Materials,Gold,PNK,1.14,6543,1699347328,0.0279,0.95,1.05,6.7646,-7.01,-23.36,74.83,20.0,0.0,53.75,3,1.49,0.56,-23.48,0.0,,8,,20260817
RES,"RPC, Inc.",Energy,Oil & Gas Equipment & Services,NYSE,6.57,1565596,1456286592,0.2312,6.02,6.14,2.3634,-9.21,0.4,31.25,10.33,0.0,65.0,3,8.16,4.18,-19.49,0.0,,8,,20260817
FSUN,FirstSun Capital Bancorp,Financial Services,Banks - Regional,NASDAQ,40.98,280259,2023521280,1.0326,37.51,36.86,3.3601,14.05,-9.37,-8.27,-3.07,0.0,90.0,2,42.34,29.95,-3.21,0.0,,8,,20260817
GTBIF,Green Thumb Industries Inc.,Healthcare,Drug Manufacturers - Specialty & Generic,OQX,7.24,512495,1582582784,0.3035,7.4,7.19,-0.5108,-1.37,-10.06,-37.24,-18.76,0.0,49.5,3,10.43,5.29,-30.58,0.0,,8,,20260817
OPRA,Opera Limited,Communication Services,Internet Content & Information,NASDAQ,19.62,331819,1757029248,0.6712,19.05,15.63,0.8447,7.05,47.69,12.45,23.43,0.0,88.75,2,21.06,11.71,-6.84,0.0,,8,,20260817
NBR,Nabors Industries Ltd.,Energy,Oil & Gas Drilling,NYSE,96.71,283845,1431312256,4.2193,86.04,76.09,2.5284,-12.93,28.07,166.95,73.37,0.0,63.75,2,112.9,31.1,-14.34,0.0,,8,,20260817
IMTX,Immatics N.V.,Healthcare,Biotechnology,NCM,9.25,452379,1264226816,0.4619,9.47,10.05,-0.4784,-19.7,-19.93,35.65,2.36,0.0,36.5,4,12.41,5.05,-25.46,0.0,,8,,20260817
DMRA,"Damora Therapeutics, Inc.",Healthcare,Biotechnology,NCM,31.09,576970,1919357312,1.9189,27.26,24.92,1.9945,21.58,-7.17,784.49,316.68,0.0,83.75,2,38.33,2.45,-18.88,0.0,,8,,20260817
DXC,DXC Technology Company,Technology,Information Technology Services,NYSE,10.39,4946780,1660100608,0.5634,9.73,12.06,1.1707,11.42,-36.34,-45.73,-28.16,0.0,65.0,3,15.68,7.9,-33.74,0.0,,8,,20260817
PRGO,Perrigo Company plc,Healthcare,Drug Manufacturers - Specialty & Generic,NYSE,12.82,3430337,1773874816,0.6102,10.88,11.99,3.172,19.17,-21.45,-62.01,-27.52,0.0,87.5,3,24.61,9.23,-47.91,0.0,,8,,20260817
XHR,"Xenia Hotels & Resorts, Inc.",Real Estate,REIT - Hotel & Motel,NYSE,19.07,812087,1886562304,0.5154,20.02,16.17,-1.8401,15.88,9.3,26.85,17.96,0.0,74.5,3,22.06,11.75,-13.55,0.0,,8,,20260817
VSTS,Vestis Corporation,Industrials,Rental & Leasing Services,NYSE,13.41,1455858,1772267008,0.5977,14.21,9.43,-1.3429,6.65,48.92,167.87,85.93,0.0,52.5,3,16.9,3.98,-20.65,0.0,,8,,20260817
VIR,"Vir Biotechnology, Inc.",Healthcare,Biotechnology,NASDAQ,9.39,1837459,1588937856,0.4147,9.28,8.23,0.2587,2.02,11.76,90.36,40.77,0.0,61.25,2,11.66,4.25,-19.47,0.0,,8,,20260817
PTTMF,PT TIMAH Tbk,Basic Materials,Other Industrial Metals & Mining,PNK,0.21,29,2491804928,0.4399,-22.72,-70.31,52.1245,-104.26,-114.79,-122.46,-115.23,0.0,62.0,3,0.22,0.02,-3.57,0.0,,8,,20260817
NWL,Newell Brands Inc.,Consumer Defensive,Household & Personal Products,NASDAQ,6.04,11556190,2572435968,0.3628,5.38,4.22,1.8165,55.64,19.16,-1.33,20.08,0.0,85.0,2,7.13,3.07,-15.29,0.0,,8,,20260817
DAO,"Youdao, Inc.",Consumer Defensive,Education & Training Services,NYSE,16.29,81051,1965138304,1.1166,14.03,11.33,2.0219,28.15,65.98,62.3,55.05,0.0,88.75,2,18.94,8.3,-13.99,0.0,,8,,20260817
GRGTF,Grainger plc,Real Estate,Real Estate Services,PNK,2.49,483,1840765184,0.0082,2.23,2.28,31.2249,15.4,-16.22,-28.41,-13.19,0.0,75.0,3,2.8,2.09,-11.07,0.0,,8,,20260817
TNIEF,tonies SE,Consumer Cyclical,Leisure,PNK,15.14,243,1936283264,0.1599,13.34,12.24,11.2602,26.2,-1.58,99.48,45.79,0.0,75.0,2,15.14,6.84,0.0,0.0,,8,,20260817
LINC,Lincoln Educational Services Corporation,Consumer Defensive,Education & Training Services,NASDAQ,28.72,690832,911040896,2.811,44.6,35.48,-5.6476,-46.31,-14.56,28.61,-5.23,0.0,8.75,4,56.34,17.29,-49.02,0.0,,8,,20260817
TPRKY,Travis Perkins plc,Industrials,Industrial Distribution,PNK,8.8,6919,1864024320,0.1754,7.65,7.93,6.552,22.17,-21.88,-13.93,-7.69,0.0,80.0,3,9.78,6.78,-10.03,0.0,,8,,20260817
BORAY,"Bora Pharmaceuticals Co., Ltd.",Healthcare,Drug Manufacturers - Specialty & Generic,OQX,2.59,20,330359712,0.0518,2.59,2.59,0.0,-0.78,-0.78,-0.78,-0.78,0.0,62.0,3,2.59,2.25,-0.0,0.0,,8,,20260817
RHUHF,Richelieu Hardware Ltd.,Industrials,Tools & Accessories,PNK,26.33,17760,1443992576,0.1824,26.6,28.22,-1.4552,-10.24,-31.22,-16.74,-20.18,0.0,25.25,4,32.78,23.44,-19.68,0.0,,8,,20260817
ITMPF,ITM Power Plc,Industrials,Specialty Industrial Machinery,PNK,1.43,18167,986988416,0.0661,1.54,1.28,-1.6525,-39.36,60.24,20.45,19.43,0.0,37.5,3,2.85,0.8,-49.82,0.0,,8,,20260817
EVTC,"EVERTEC, Inc.",Technology,Software - Infrastructure,NYSE,30.39,577759,1815879808,1.2714,28.63,28.16,1.3872,24.02,1.99,-38.54,-8.72,0.0,90.0,2,37.38,21.81,-18.7,0.0,,8,,20260817
ESBA,"Empire State Realty OP, L.P.",Real Estate,REIT - Office,PCX,4.52,5567,1265252480,0.2558,5.2,5.76,-2.6411,-17.68,-41.28,-59.72,-42.76,0.0,7.5,4,8.3,4.37,-45.54,0.0,,8,,20260817
OGCP,"Empire State Realty OP, L.P.",Real Estate,REIT - Office,PCX,4.7,1027,1315638528,0.1712,5.35,5.79,-3.7759,-13.92,-39.31,-57.7,-40.32,0.0,5.0,4,8.18,4.5,-42.54,0.0,,8,,20260817
COUR,"Coursera, Inc.",Consumer Defensive,Education & Training Services,NYSE,5.54,7148766,1586426752,0.3062,5.61,6.37,-0.2201,0.12,-20.36,-74.54,-36.91,0.0,49.5,4,12.32,5.0,-55.03,0.0,,8,,20260817
CBLUF,China BlueChemical Ltd.,Basic Materials,Agricultural Inputs,PNK,0.22,500,1728749952,0.0006,0.25,0.28,-50.4448,-35.28,-29.95,-50.75,-39.6,0.0,0.0,4,0.38,0.22,-42.11,0.0,,8,,20260817
IMDXF,Imdex Limited,Industrials,Farm & Heavy Construction Machinery,PNK,2.77,420,1417801856,0.0183,2.83,2.65,-3.0273,-14.33,-1.77,35.7,10.08,0.0,37.0,3,3.19,1.95,-13.17,0.0,,8,,20260817
SNLRF,Sanlorenzo S.p.A.,Consumer Cyclical,Recreational Vehicles,PNK,44.14,56,1563301888,0.1518,43.07,38.27,7.0374,3.47,4.75,7.23,5.42,0.0,75.0,2,44.72,32.43,-1.29,0.0,,8,,20260817
DCH,Dauch Corporation,Consumer Cyclical,Auto Parts,NYSE,6.8,3759233,1615711360,0.3216,5.83,6.35,3.017,2.12,-20.15,-4.29,-8.24,0.0,63.75,3,9.25,4.92,-26.49,0.0,,8,,20260817
GHRS,GH Research PLC,Healthcare,Biotechnology,NASDAQ,29.98,307903,2057895808,1.5782,26.3,18.81,2.3335,35.36,90.01,113.55,85.76,0.0,90.0,2,31.44,11.83,-4.64,0.0,,8,,20260817
MBX,"MBX Biosciences, Inc.",Healthcare,Biotechnology,NASDAQ,68.25,783117,3286926592,4.0609,55.1,37.58,3.2385,89.47,65.59,405.89,207.68,0.0,85.0,2,72.64,9.63,-6.04,0.0,,8,,20260817
WKC,World Kinect Corporation,Energy,Oil & Gas Refining & Marketing,NYSE,35.64,1145677,1823043712,1.0685,34.93,27.47,0.6643,21.33,21.17,21.87,21.49,0.0,86.25,2,41.2,22.21,-13.5,0.0,,8,,20260817
NVAX,"Novavax, Inc.",Healthcare,Biotechnology,NASDAQ,8.07,4129309,1331111936,0.3304,8.49,8.43,-1.262,-15.73,-21.18,-35.55,-25.57,0.0,36.5,4,11.97,6.2,-32.58,0.0,,8,,20260817
PRXXF,Paradox Interactive AB (publ),Communication Services,Electronic Gaming & Multimedia,PNK,14.44,81,1525618944,0.202,13.9,11.49,2.6867,-7.03,52.49,5.26,18.72,0.0,76.25,2,19.1,12.5,-24.38,0.0,,8,,20260817
SLVM,Sylvamo Corporation,Basic Materials,Paper & Paper Products,NYSE,36.43,338556,1448465664,1.6005,38.61,42.67,-1.3646,-6.29,-41.42,-36.11,-30.51,0.0,35.0,4,56.8,35.53,-35.86,0.0,,8,,20260817
FRUYF,"Furuya Metal Co., Ltd.",Technology,Electronic Components,PNK,20.72,0,509697568,1.1001,-35.38,20.72,50.9937,-118.39,-128.92,-131.14,-127.18,0.0,62.0,3,60.32,20.52,-65.65,0.0,,8,,20260817
VPG,"Vishay Precision Group, Inc.",Technology,Scientific & Technical Instruments,NYSE,76.23,628345,1013935296,8.6633,109.25,66.34,-3.8118,-26.47,58.53,152.0,74.67,0.0,37.5,3,151.78,26.74,-49.78,0.0,,8,,20260817
QURE,uniQure N.V.,Healthcare,Biotechnology,NASDAQ,47.97,1924095,3327506944,2.3456,40.99,27.63,2.9777,72.54,120.06,182.86,133.3,0.0,86.25,2,71.5,8.73,-32.91,0.0,,8,,20260817
PGEN,"Precigen, Inc.",Healthcare,Biotechnology,NASDAQ,6.55,5230830,2345130752,0.4072,5.5,4.43,2.5718,43.39,18.92,232.92,110.64,0.0,87.5,2,7.32,2.62,-10.52,0.0,,8,,20260817
ECVT,Ecovyst Inc.,Basic Materials,Specialty Chemicals,NYSE,10.39,1698627,1137376768,0.4009,12.07,11.54,-4.196,-33.44,-24.52,-2.25,-17.84,0.0,20.75,4,15.09,7.41,-31.12,0.0,,8,,20260817
ACKAY,Arçelik Anonim Sirketi,Consumer Cyclical,"Furnishings, Fixtures & Appliances",PNK,9.9,795,1299188608,0.1202,11.1,12.73,-10.0068,-25.02,-53.79,-63.48,-50.47,0.0,1.25,4,17.0,9.9,-41.76,0.0,,8,,20260817
QFIN,"Qfin Holdings, Inc.",Financial Services,Credit Services,NASDAQ,11.94,1505711,1453717504,0.5045,14.03,15.19,-4.1355,-11.45,-32.57,-82.1,-47.1,0.0,12.5,4,32.69,11.31,-63.48,0.0,,8,,20260817
AMLX,"Amylyx Pharmaceuticals, Inc.",Healthcare,Drug Manufacturers - Specialty & Generic,NASDAQ,21.43,1670627,2387795968,1.3403,18.11,15.21,2.4794,50.85,38.29,137.05,80.94,0.0,85.0,2,24.6,7.63,-12.89,0.0,,8,,20260817
ARDX,"Ardelyx, Inc.",Healthcare,Biotechnology,NASDAQ,4.06,4068300,1048241536,0.2214,5.18,5.99,-5.0708,-39.63,-54.84,-51.61,-49.75,0.0,7.5,4,8.4,3.86,-51.67,0.0,,8,,20260817
BOBS,"Bob's Discount Furniture, Inc.",Consumer Cyclical,Specialty Retail,NYSE,18.34,1046988,2396801024,0.9946,15.66,18.34,2.6985,51.62,-20.88,-6.88,2.85,0.0,91.25,3,23.49,9.74,-21.92,0.0,,8,,20260817
DV,"DoubleVerify Holdings, Inc.",Communication Services,Advertising Agencies,NYSE,13.3,3889982,2041073792,0.3835,11.33,10.65,5.1354,42.0,26.8,-34.65,6.02,0.0,86.25,2,16.44,7.64,-19.1,0.0,,8,,20260817
AMTD,AMTD IDEA Group,Financial Services,Asset Management,NYSE,0.75,17651,71581128,0.0433,0.89,0.99,-3.0932,-31.58,-39.71,-41.15,-38.25,0.0,10.0,4,1.65,0.71,-54.29,0.0,,8,,20260817
GAM,"General American Investors Company, Inc.",Financial Services,Asset Management,NYSE,67.71,26882,1613672320,0.7901,64.53,61.57,4.0263,1.0,-2.92,6.8,1.95,0.0,88.75,2,68.57,56.24,-1.25,0.0,,8,,20260817
MLLGF,Mullen Group Ltd.,Industrials,Trucking,PNK,19.39,23911,1866114048,0.2543,17.32,13.59,8.1214,19.42,45.7,79.39,52.6,0.0,81.25,2,20.35,9.47,-4.72,0.0,,8,,20260817
BY,"Byline Bancorp, Inc.",Financial Services,Banks - Regional,NYSE,39.15,293520,1777772544,0.6504,37.34,32.38,2.7833,18.44,6.0,23.34,16.04,0.0,90.0,2,40.03,25.57,-2.2,0.0,,8,,20260817
LAR,Lithium Argentina AG,Basic Materials,Other Industrial Metals & Mining,NYSE,6.6,1959024,1083059968,0.3999,7.37,7.24,-1.9367,-38.54,-18.42,74.72,13.8,0.0,23.25,4,12.05,2.97,-45.23,0.0,,8,,20260817
QCRH,"QCR Holdings, Inc.",Financial Services,Banks - Regional,NASDAQ,104.84,114616,1716819328,2.2433,98.92,89.38,2.6389,15.03,-0.19,17.14,10.55,0.0,91.25,2,108.11,66.65,-3.02,0.0,,8,,20260817
LZB,La-Z-Boy Incorporated,Consumer Cyclical,"Furnishings, Fixtures & Appliances",NYSE,41.52,529133,1661265408,1.1186,39.79,36.49,1.5492,17.04,-4.19,-10.81,-1.53,0.0,88.75,2,44.9,29.03,-7.53,0.0,,8,,20260817
FUGRF,Fugro N.V.,Energy,Oil & Gas Equipment & Services,PNK,9.48,51,1055449664,0.1852,13.04,12.16,-19.2125,-36.31,-41.24,-44.81,-41.43,0.0,0.0,4,15.31,9.48,-38.08,0.0,,8,,20260817
CNOB,"ConnectOne Bancorp, Inc.",Financial Services,Banks - Regional,NASDAQ,32.78,443241,1779802496,0.6407,32.56,28.2,0.3508,9.13,5.67,17.96,11.45,0.0,85.0,2,34.14,23.2,-3.98,0.0,,8,,20260817
CNOBP,"ConnectOne Bancorp, Inc.",Financial Services,Banks - Regional,NASDAQ,25.05,6269,0,0.083,24.77,23.97,3.3894,-0.68,-8.98,-9.63,-7.17,0.0,83.75,2,25.46,23.11,-1.63,0.0,,8,,20260817
QQQX,Nuveen Nasdaq 100 Dynamic Overwrite Fund,Financial Services,Asset Management,NASDAQ,30.78,111888,1502888448,0.4655,29.96,27.97,1.7556,-0.84,3.34,2.69,2.03,0.0,86.25,2,31.87,25.35,-3.42,0.0,,8,,20260817
FLTLF,Flow Traders Ltd.,Financial Services,Capital Markets,PNK,32.03,388,1411596160,0.1698,29.74,30.54,13.4975,-8.89,-13.96,-10.69,-11.39,0.0,50.0,3,34.29,26.33,-6.6,0.0,,8,,20260817
CCS,"Century Communities, Inc.",Real Estate,Real Estate - Development,NYSE,70.24,325991,1997126784,2.5252,66.07,61.7,1.6513,35.41,-15.82,-13.0,-1.89,0.0,88.75,2,76.0,47.27,-7.58,0.0,,8,,20260817
XIORF,Xior Student Housing NV,Real Estate,REIT - Residential,PNK,31.49,468,1470195072,0.1826,31.17,31.65,1.7321,-5.04,-19.5,-28.05,-19.3,0.0,63.25,3,35.58,29.18,-11.5,0.0,,8,,20260817
LKFN,Lakeland Financial Corporation,Financial Services,Banks - Regional,NASDAQ,61.82,198437,1536711680,1.2705,61.3,58.74,0.412,4.09,-11.52,-19.39,-10.77,0.0,86.25,2,69.4,54.36,-10.92,0.0,,8,,20260817
WEN,The Wendy's Company,Consumer Cyclical,Restaurants,NASDAQ,8.62,17144351,1643308288,0.4415,7.51,7.52,2.5077,4.67,5.62,-33.78,-10.38,0.0,90.0,3,10.84,6.07,-20.48,0.0,,8,,20260817
INBX,"Inhibrx Biosciences, Inc.",Healthcare,Biotechnology,NASDAQ,92.01,304046,1354171904,6.1685,90.63,86.4,0.2233,-20.11,7.45,263.21,102.86,0.0,61.25,2,155.29,22.4,-40.75,0.0,,8,,20260817
OERLY,OC Oerlikon Corporation AG,Industrials,Specialty Industrial Machinery,PNK,12.73,245,2122050816,0.1686,10.92,8.07,10.7148,42.97,43.0,91.39,62.35,0.0,75.0,2,14.14,6.94,-9.97,0.0,,8,,20260817
HLX,"Helix Energy Solutions Group, Inc.",Energy,Oil & Gas Equipment & Services,NYSE,10.54,1549856,1553410944,0.3593,9.37,8.62,3.2649,0.07,8.62,62.49,28.03,0.0,62.5,2,10.75,5.61,-1.95,0.0,,8,,20260817
GSHD,"Goosehead Insurance, Inc.",Financial Services,Insurance Brokers,NASDAQ,64.4,578530,3055863552,3.5008,52.98,55.55,3.2625,66.25,18.33,-46.65,4.32,0.0,90.0,3,90.16,33.68,-28.57,0.0,,8,,20260817
GBX,"The Greenbrier Companies, Inc.",Industrials,Railroads,NYSE,45.78,477156,1416418816,1.4016,48.41,48.55,-1.8751,-8.02,-32.84,-19.86,-21.45,0.0,47.0,3,59.19,38.23,-22.66,0.0,,8,,20260817
TRINZ,Trinity Capital Inc. 7.875% Notes due 2029,Unknown,Unknown,NASDAQ,25.31,6312,0,0.0828,25.31,25.31,0.0,-4.25,-4.25,-4.25,-4.25,0.0,79.5,3,25.66,24.91,-1.36,0.0,,8,,20260817
TRIN,Trinity Capital Inc.,Financial Services,Asset Management,NYSE,17.92,1065750,1610786688,0.3728,17.24,15.16,1.8294,4.68,9.74,8.19,7.86,0.0,86.25,2,18.57,14.13,-3.47,0.0,,8,,20260817
SFRGY,Salvatore Ferragamo S.p.A.,Consumer Cyclical,Luxury Goods,PNK,5.91,22019,1901177344,0.3081,5.81,4.72,0.3121,22.79,25.49,103.17,55.89,0.0,80.0,2,6.72,2.58,-12.05,0.0,,8,,20260817
AGTEF,AGTech Holdings Limited,Consumer Cyclical,Gambling,PNK,0.16,2019,1848829696,0.0034,0.11,0.06,15.4136,96.47,617.1,681.28,512.62,0.0,75.0,2,0.16,0.01,0.0,0.0,,8,,20260817
BRAI,Braiin Limited,Technology,Computer Hardware,NASDAQ,5.46,432746,1125241728,0.5916,6.19,5.46,-1.2302,-28.86,-42.0,-77.23,-52.81,0.0,41.25,3,33.0,4.19,-83.45,0.0,,8,,20260817
KELTF,Kelt Exploration Ltd.,Energy,Oil & Gas E&P,PNK,6.93,49530,1406790016,0.1431,6.74,6.23,1.3412,-7.82,1.64,21.74,7.31,0.0,55.0,2,8.24,4.35,-15.9,0.0,,8,,20260817
SFRGF,Salvatore Ferragamo S.p.A.,Consumer Cyclical,Luxury Goods,PNK,8.9,1,1473909248,0.0013,8.9,8.97,0.0,-17.17,-25.11,39.68,2.79,0.0,37.0,3,10.15,5.5,-12.32,0.0,,8,,20260817
KARO,Karooooo Ltd.,Technology,Software - Application,NCM,62.21,114709,1921872128,2.5033,56.1,48.68,2.4392,33.5,17.16,15.37,20.53,0.0,91.25,2,67.14,41.25,-7.34,0.0,,8,,20260817
ITAYY,PT Indo Tambangraya Megah Tbk,Energy,Thermal Coal,PNK,2.82,455,1554807424,0.0332,2.78,2.74,1.2574,-6.79,-2.67,-17.6,-9.67,0.0,50.0,3,3.72,2.28,-24.19,0.0,,8,,20260817
KSS,Kohl's Corporation,Consumer Cyclical,Department Stores,NYSE,19.28,4701882,2186351872,0.9212,17.96,16.96,1.4344,60.29,-15.07,16.35,16.34,0.0,90.0,2,25.22,11.38,-23.55,0.0,,8,,20260817
NKOKF,"Noritsu Koki Co., Ltd.",Technology,Consumer Electronics,PNK,12.44,4,1319314432,0.2413,0.09,-3.92,51.223,-151.4,-165.97,-74.78,-125.85,0.0,62.0,3,13.54,6.67,-8.09,0.0,,8,,20260817
WACLY,Wacoal Holdings Corp.,Consumer Cyclical,Apparel Manufacturing,PNK,135.51,206,1359519744,4.6542,135.85,143.63,-0.0728,-11.8,-26.53,-53.98,-33.83,0.0,27.75,4,200.04,115.5,-32.26,0.0,,8,,20260817
IMCR,Immunocore Holdings plc,Healthcare,Biotechnology,NASDAQ,35.05,538864,1805026432,1.3349,32.12,32.55,2.1966,18.33,-3.76,-14.93,-2.71,0.0,88.75,3,40.72,27.55,-13.91,0.0,,8,,20260817
SISXF,Savaria Corporation,Industrials,Specialty Industrial Machinery,PNK,21.0,5479,1509542784,0.2493,21.02,18.95,-0.0797,-1.13,0.7,17.72,7.05,0.0,63.25,3,22.78,14.52,-7.81,0.0,,8,,20260817
WBI,WaterBridge Infrastructure LLC,Energy,Oil & Gas Equipment & Services,NYSE,31.78,1179927,1762300160,1.4396,32.59,26.69,-0.5649,-1.18,13.3,21.21,12.84,0.0,73.25,3,36.89,18.64,-13.85,0.0,,8,,20260817
CRRSF,CIRRUS AIRCRAFT LTD.,Unknown,Unknown,PNK,5.82,4162,0,0.2151,4.97,5.82,3.9447,-37.8,43.7,43.7,23.33,0.0,57.5,3,8.87,4.0,-34.39,0.0,,8,,20260817
BTT,Blackrock Municipal 2030 Target Term Trust,Financial Services,Asset Management,NYSE,22.57,82125,1436025472,0.1382,22.57,22.45,0.0339,-3.79,-13.74,-17.26,-12.66,0.0,58.75,2,23.24,22.15,-2.88,0.0,,8,,20260817
RLJ,RLJ Lodging Trust,Real Estate,REIT - Hotel & Motel,NYSE,11.07,1955482,1695335040,0.3738,11.51,8.65,-1.1841,20.47,24.06,42.7,30.62,0.0,73.25,3,12.89,6.54,-14.12,0.0,,8,,20260817
OBK,"Origin Bancorp, Inc.",Financial Services,Banks - Regional,NYSE,53.66,156274,1655393664,1.0558,51.71,43.69,1.85,13.75,9.97,25.07,16.96,0.0,90.0,2,55.57,32.12,-3.44,0.0,,8,,20260817
CBL,"CBL & Associates Properties, Inc.",Real Estate,REIT - Retail,NYSE,56.94,295575,1761880448,1.8733,53.5,41.52,1.8344,21.14,47.1,77.8,52.89,0.0,87.5,2,60.4,28.04,-5.73,0.0,,8,,20260817
IDRSF,Idorsia Ltd,Healthcare,Biotechnology,PNK,7.75,3087,2054652416,0.1693,7.24,5.32,3.0368,30.75,48.6,99.71,64.58,0.0,76.25,2,8.19,3.3,-5.37,0.0,,8,,20260817
NOMD,Nomad Foods Limited,Consumer Defensive,Packaged Foods,NYSE,11.38,1416937,1590823552,0.4231,11.11,10.84,0.6329,13.04,-22.78,-40.62,-20.96,0.0,83.75,2,15.91,8.99,-28.47,0.0,,8,,20260817
ENVX,Enovix Corporation,Industrials,Electrical Equipment & Parts,NASDAQ,3.6,6451858,788917440,0.4104,5.3,6.62,-4.1569,-45.96,-53.21,-86.89,-64.87,0.0,10.0,4,14.21,3.52,-74.7,0.0,,8,,20260817
ARI,"Apollo Commercial Real Estate Finance, Inc.",Real Estate,REIT - Mortgage,NYSE,6.83,4076793,875688576,0.1504,6.81,6.63,0.1095,-7.0,-11.68,-8.17,-9.1,0.0,62.5,2,11.24,6.43,-39.23,0.0,,8,,20260817
DPBSF,Dampskibsselskabet Norden A/S,Industrials,Marine Shipping,PNK,50.78,8,1419698176,0.0057,50.83,45.22,-8.9124,3.26,9.2,36.97,18.82,0.0,62.0,3,51.41,35.5,-1.23,0.0,,8,,20260817
AMVMF,AMG Critical Materials N.V.,Basic Materials,Other Industrial Metals & Mining,PNK,39.1,1095,1279320320,1.2237,37.89,38.9,0.9848,-22.63,-24.06,15.94,-7.7,0.0,53.75,3,49.22,27.7,-20.57,0.0,,8,,20260817
ELUXY,AB Electrolux (publ),Consumer Cyclical,"Furnishings, Fixtures & Appliances",PNK,6.1,5538,2475041280,0.2147,5.9,6.78,0.9466,5.5,-50.82,-27.47,-27.4,0.0,33.75,3,19.83,4.63,-69.24,0.0,,8,,20260817
ALKEF,Alkane Resources Ltd,Basic Materials,Gold,OQX,1.13,533259,1543811456,0.056,1.01,1.0,2.148,0.81,-13.94,84.32,29.05,0.0,58.75,2,1.35,0.56,-16.3,0.0,,8,,20260817
SLS,"SELLAS Life Sciences Group, Inc.",Healthcare,Biotechnology,NCM,13.0,9177824,2625294336,1.0741,11.2,5.94,1.674,78.81,248.18,717.58,393.6,0.0,90.0,2,15.88,1.39,-18.14,0.0,,8,,20260817
CBLUY,China BlueChemical Ltd.,Basic Materials,Agricultural Inputs,PNK,16.95,7,1562790016,0.0184,16.9,12.91,2.8695,-15.47,45.21,35.87,26.3,0.0,50.0,2,19.78,11.19,-14.31,0.0,,8,,20260817
PBT,Permian Basin Royalty Trust,Energy,Oil & Gas Midstream,NYSE,32.92,139353,1534361472,1.7826,28.32,22.49,2.5801,9.04,61.67,90.85,60.19,0.0,91.25,2,35.42,14.81,-7.06,0.0,,8,,20260817
HLMN,Hillman Solutions Corp.,Industrials,Tools & Accessories,NASDAQ,8.82,1554608,1715886720,0.3584,8.13,8.53,1.9391,14.53,-25.73,-35.92,-19.74,0.0,83.75,3,10.85,6.96,-18.71,0.0,,8,,20260817
AGL,"agilon health, inc.",Healthcare,Medical Care Facilities,NYSE,96.86,341579,1626396672,10.0972,106.43,46.3,-0.9479,13.71,959.3,244.38,436.94,0.0,63.75,3,133.04,7.48,-27.19,0.0,,8,,20260817
TRS,TriMas Corporation,Consumer Cyclical,Packaging & Containers,NASDAQ,39.14,468498,1404103296,1.3387,41.03,37.28,-1.4135,-1.78,-5.7,-14.81,-8.37,0.0,49.5,3,45.43,30.43,-13.85,0.0,,8,,20260817
PICS,PicS N.V.,Technology,Software - Infrastructure,NASDAQ,10.22,361253,1324384768,0.8609,11.32,10.22,-1.2773,-7.47,-39.93,-58.13,-39.1,0.0,58.75,3,19.95,8.32,-48.77,0.0,,8,,20260817
ATRC,"AtriCure, Inc.",Healthcare,Medical Instruments & Supplies,NASDAQ,44.77,904417,2277284096,1.6938,34.14,33.4,6.2768,54.41,23.18,5.3,23.84,0.0,91.25,2,45.86,25.36,-2.38,0.0,,8,,20260817
GENI,Genius Sports Limited,Communication Services,Internet Content & Information,NYSE,7.76,6809956,2154385152,0.4975,6.77,7.23,1.9937,78.22,20.09,-61.02,2.18,0.0,90.0,3,13.73,3.83,-43.48,0.0,,8,,20260817
KDK,"Kodiak AI, Inc.",Technology,Software - Infrastructure,NASDAQ,4.15,1120325,832565440,0.299,4.95,7.47,-2.6771,-53.63,-65.74,-66.19,-62.89,0.0,12.5,4,11.35,3.97,-63.44,0.0,,8,,20260817
ARLO,"Arlo Technologies, Inc.",Industrials,Building Products & Equipment,NYSE,13.71,1293051,1475378432,0.7214,13.51,13.82,0.2769,6.48,6.11,-38.54,-11.66,0.0,74.5,3,19.94,11.05,-31.24,0.0,,8,,20260817
TNC,Tennant Company,Industrials,Specialty Industrial Machinery,NYSE,67.57,183406,1152021504,3.8857,84.16,77.46,-4.2684,-20.79,-31.87,-38.06,-31.58,0.0,12.5,4,91.93,60.18,-26.5,0.0,,8,,20260817
YSWY,"Yesway, Inc.",Consumer Defensive,Grocery Stores,NASDAQ,25.03,466766,1581764480,1.3859,21.18,25.03,2.7756,-7.94,8.98,8.98,4.75,0.0,62.5,3,29.08,18.92,-13.93,0.0,,8,,20260817
MAZE,"Maze Therapeutics, Inc.",Healthcare,Biotechnology,NASDAQ,27.95,564266,1552599296,1.4656,27.66,34.49,0.1979,2.21,-54.6,84.37,15.19,0.0,61.25,3,53.65,12.81,-47.9,0.0,,8,,20260817
ALPKF,"ALPEK, S.A.B. de C.V.",Basic Materials,Specialty Chemicals,PNK,0.74,143,1558862720,0.0044,0.73,0.61,2.9361,5.71,32.42,19.21,20.46,0.0,75.0,2,0.77,0.45,-3.05,0.0,,8,,20260817
BCAX,Bicara Therapeutics Inc.,Healthcare,Biotechnology,NASDAQ,24.94,725120,1650353024,1.5736,25.93,20.34,-0.631,17.23,63.36,98.98,66.08,0.0,75.75,3,30.99,10.29,-19.52,0.0,,8,,20260817
BHVN,Biohaven Ltd.,Healthcare,Biotechnology,NYSE,14.46,2842904,2184092928,0.7572,14.17,11.46,0.383,56.77,11.72,-20.66,10.03,0.0,81.25,2,18.57,7.48,-22.12,0.0,,8,,20260817
AHCO,AdaptHealth Corp.,Healthcare,Medical Devices,NCM,5.81,2204975,775107200,0.5675,9.45,10.24,-6.4211,-50.3,-56.98,-59.91,-56.48,0.0,11.25,4,13.43,5.21,-56.74,0.0,,8,,20260817
HBNB,Hotel101 Global Holdings Corp.,Real Estate,Real Estate Services,NCM,5.45,5677,1275476480,0.1992,5.45,6.73,0.0221,-14.72,-39.99,152.74,43.42,0.0,31.25,3,10.43,1.89,-47.75,0.0,,8,,20260817
CSWC,Capital Southwest Corporation,Financial Services,Asset Management,NASDAQ,24.64,668280,1570402432,0.3973,23.53,21.81,2.7922,2.55,0.14,0.65,0.95,0.0,85.0,2,25.37,19.37,-2.88,0.0,,8,,20260817
XTEPY,Xtep International Holdings Limited,Consumer Cyclical,Apparel Retail,PNK,46.05,70,1258440192,1.0824,49.75,59.88,-3.4233,-18.7,-44.74,-53.0,-41.54,0.0,2.5,4,84.94,44.24,-45.79,0.0,,8,,20260817
WLDN,"Willdan Group, Inc.",Industrials,Engineering & Construction,NASDAQ,83.47,309277,1271422592,3.7968,80.42,93.19,0.8035,-14.19,-42.8,-51.77,-39.24,0.0,33.75,3,137.0,64.67,-39.07,0.0,,8,,20260817
TRRSF,Trisura Group Ltd.,Financial Services,Insurance - Specialty,PNK,30.25,9908,1428937216,0.3685,30.6,31.03,-0.96,-3.63,-30.17,-22.66,-20.53,0.0,52.75,3,37.27,25.9,-18.84,0.0,,8,,20260817
SWDHY,Skyworth Group Limited,Technology,Consumer Electronics,PNK,16.38,24,1030955392,0.0805,18.39,14.35,-24.9784,30.23,19.7,12.55,19.47,0.0,25.0,3,23.2,12.2,-29.4,0.0,,8,,20260817
TTI,"TETRA Technologies, Inc.",Industrials,Conglomerates,NYSE,8.42,1739301,1246772864,0.4728,9.26,9.33,-1.7765,-24.76,-36.97,91.5,17.47,0.0,25.75,4,12.54,3.89,-32.85,0.0,,8,,20260817
URGN,UroGen Pharma Ltd.,Healthcare,Biotechnology,NASDAQ,49.14,764751,2394184192,2.3128,38.22,26.48,4.7202,62.03,129.13,123.21,109.99,0.0,88.75,2,49.67,15.86,-1.07,0.0,,8,,20260817
GCT,GigaCloud Technology Inc.,Technology,Software - Infrastructure,NASDAQ,50.28,717006,1795510656,2.4216,38.52,39.27,4.8547,34.63,28.78,36.34,33.27,0.0,90.0,3,56.27,25.15,-10.65,0.0,,8,,20260817
AUSDF,Perenti Limited,Basic Materials,Other Industrial Metals & Mining,PNK,1.8,79,1607856640,0.004,1.74,1.75,14.8299,12.1,-24.56,61.96,19.21,0.0,75.0,3,2.0,0.98,-10.0,0.0,,8,,20260817
WGS,GeneDx Holdings Corp.,Healthcare,Diagnostics & Research,NASDAQ,77.39,992287,2307966464,4.9977,65.55,88.35,2.369,85.11,-28.09,-58.15,-11.81,0.0,67.5,3,170.87,32.21,-54.71,0.0,,8,,20260817
FRRFF,4imprint Group plc,Communication Services,Advertising Agencies,PNK,49.54,268,1389350656,0.0827,48.73,48.3,9.7937,-1.7,-21.91,-1.32,-8.62,0.0,75.0,2,57.0,41.68,-13.09,0.0,,8,,20260817
PPTTF,Perpetual Limited,Financial Services,Asset Management,PNK,10.44,2,1207816320,0.0114,11.0,11.59,-49.244,-19.28,-25.17,-28.07,-24.86,0.0,12.0,4,14.05,10.44,-25.69,0.0,,8,,20260817
HCSG,"Healthcare Services Group, Inc.",Healthcare,Medical Care Facilities,NASDAQ,21.59,744298,1481769216,0.7606,23.07,20.49,-1.9501,-3.2,-13.94,21.94,3.1,0.0,61.25,3,25.75,15.04,-16.16,0.0,,8,,20260817
PGENY,Pigeon Corporation,Consumer Defensive,Household & Personal Products,PNK,3.32,88,1528990080,0.0255,3.07,2.69,9.6563,15.39,31.05,-5.23,12.63,0.0,75.0,2,3.5,2.21,-5.14,0.0,,8,,20260817
AAT,"American Assets Trust, Inc.",Real Estate,REIT - Diversified,NYSE,22.65,437472,1757317248,0.5132,24.24,20.31,-3.0959,5.86,12.06,2.94,6.86,0.0,61.25,3,25.97,17.72,-12.78,0.0,,8,,20260817
JJSF,J&J Snack Foods Corp.,Consumer Defensive,Packaged Foods,NASDAQ,87.44,247587,1633613184,2.9396,78.63,82.22,2.9989,18.94,-10.56,-40.74,-15.26,0.0,91.25,3,116.32,68.87,-24.82,0.0,,8,,20260817
LUCK,Lucky Strike Entertainment Corporation,Consumer Cyclical,Leisure,NYSE,6.7,108850,913760256,0.2903,7.37,7.97,-2.3161,-22.54,-27.18,-51.36,-35.69,0.0,8.75,4,11.19,5.71,-40.13,0.0,,8,,20260817
NCKAF,Nickel Asia Corporation,Basic Materials,Other Industrial Metals & Mining,PNK,0.08,56,1109614080,0.0013,0.1,0.03,-15.0339,-24.38,-236.44,551.41,131.72,0.0,25.0,3,0.1,0.05,-20.35,0.0,,8,,20260817
ENOV,Enovis Corporation,Healthcare,Medical Devices,NYSE,24.74,1194472,1426743296,1.5903,24.97,25.2,-0.1456,-2.95,-0.3,-35.29,-14.96,0.0,65.25,4,34.28,19.14,-27.83,0.0,,8,,20260817
NNE,NANO Nuclear Energy Inc.,Industrials,Specialty Industrial Machinery,NCM,19.59,2644888,1051946624,1.3871,19.89,26.5,-0.2138,-26.19,-34.91,-65.48,-44.96,0.0,22.0,4,60.87,14.71,-67.82,0.0,,8,,20260817
PYTCY,Playtech plc,Consumer Cyclical,Gambling,PNK,10.45,1559,1451922560,0.0772,9.62,8.69,10.7351,10.82,20.29,-17.21,2.92,0.0,76.25,2,12.73,6.23,-17.9,0.0,,8,,20260817
ALMR,"Alamar Biosciences, Inc.",Healthcare,Medical Devices,NASDAQ,32.13,314703,2229589760,2.445,25.72,32.13,2.6223,44.36,36.96,36.96,38.81,0.0,86.25,3,38.54,18.85,-16.63,0.0,,8,,20260817
BMCLF,BAIC Motor Corporation Limited,Consumer Cyclical,Auto Manufacturers,PNK,0.11,230,1198292992,0.0013,0.13,0.2,-19.4753,-42.43,-68.71,-79.95,-66.63,0.0,0.0,4,0.3,0.11,-63.51,0.0,,8,,20260817
RBCAA,"Republic Bancorp, Inc.",Financial Services,Banks - Regional,NASDAQ,96.76,108782,1899800576,2.4226,91.79,76.16,2.0497,24.15,21.66,15.6,19.86,0.0,86.25,2,102.22,63.97,-5.34,0.0,,8,,20260817
HYT,"BlackRock Corporate High Yield Fund, Inc.",Financial Services,Asset Management,NYSE,8.35,777645,1361450752,0.0558,8.34,8.36,0.2087,-3.46,-14.16,-24.78,-15.73,0.0,42.0,3,9.73,8.22,-14.18,0.0,,8,,20260817
RYZ,Ryerson Holding Corporation,Industrials,Metal Fabrication,NYSE,29.2,480170,1515440640,1.3013,27.95,25.63,0.9574,9.05,-8.77,9.11,2.84,0.0,87.5,2,32.0,19.34,-8.75,0.0,,8,,20260817
NFJ,"Virtus Dividend, Interest & Premium Strategy Fund",Financial Services,Asset Management,NYSE,15.73,187477,1480220672,0.1591,15.14,13.44,3.7398,6.6,5.25,14.55,9.31,0.0,90.0,2,15.74,12.25,-0.06,0.0,,8,,20260817
LLESY,Lendlease Group,Real Estate,Real Estate - Diversified,PNK,2.1,338,1589049728,0.0637,2.04,2.7,0.9418,-11.93,-53.07,-58.96,-45.14,0.0,27.5,3,3.79,1.78,-44.59,0.0,,8,,20260817
RVLV,"Revolve Group, Inc.",Consumer Cyclical,Internet Retail,NYSE,23.14,935943,1644916608,0.9971,23.43,24.46,-0.286,19.54,-21.71,-14.45,-8.49,0.0,57.75,3,31.68,17.35,-26.96,0.0,,8,,20260817
TOWCF,TOWA Corporation,Technology,Semiconductor Equipment & Materials,PNK,16.15,3223,1211761408,0.7691,18.41,8.86,-2.9447,-12.06,-7148.92,-7903.57,-5666.57,0.0,28.75,3,23.35,11.66,-30.84,0.0,,8,,20260817
SNMSF,Spin Master Corp.,Consumer Cyclical,Leisure,PNK,15.11,9558,1511276160,0.2091,14.64,14.07,2.2485,6.2,-8.11,-29.32,-13.02,0.0,81.25,2,16.94,12.65,-10.8,0.0,,8,,20260817
LOMA,Loma Negra Compañía Industrial Argentina Sociedad Anónima,Basic Materials,Building Materials,NYSE,9.34,435769,1089946624,0.4759,11.35,11.39,-4.232,-16.98,-31.95,-35.45,-29.61,0.0,8.75,4,13.2,7.04,-29.24,0.0,,8,,20260817
DOLE,Dole plc,Consumer Defensive,Farm Products,NYSE,12.93,1140003,1221352448,0.3718,13.96,14.47,-2.7599,-12.55,-31.71,-28.21,-25.52,0.0,11.25,4,16.57,12.52,-21.97,0.0,,8,,20260817
EYE,"National Vision Holdings, Inc.",Consumer Cyclical,Specialty Retail,NASDAQ,18.47,2210509,1460201984,1.0019,19.57,23.94,-1.0996,1.04,-48.49,-40.65,-32.97,0.0,36.25,4,30.02,14.75,-38.47,0.0,,8,,20260817
CRI,"Carter's, Inc.",Consumer Cyclical,Apparel Retail,NYSE,37.82,951477,1388417024,1.5916,39.88,35.93,-1.2957,8.99,-18.18,27.36,6.83,0.0,62.5,3,44.44,24.71,-14.9,0.0,,8,,20260817
SUPIF,Supermarket Income REIT plc,Industrials,Consulting Services,PNK,1.1,0,0,0.0004,1.09,1.1,28.3289,-2.61,26.9,40.63,25.02,0.0,75.0,3,1.26,0.75,-12.7,0.0,,8,,20260817
CGIFF,Chemtrade Logistics Income Fund,Basic Materials,Chemicals,OQX,11.96,24608,1323499136,0.2304,11.56,11.12,1.7171,-6.83,-12.23,29.08,5.65,0.0,61.25,2,13.5,8.85,-11.41,0.0,,8,,20260817
MAN,ManpowerGroup Inc.,Industrials,Staffing & Employment Services,NYSE,56.77,1254377,2640221952,2.3934,44.11,32.53,5.2887,118.89,88.76,23.53,70.2,0.0,90.0,2,59.86,25.15,-5.16,0.0,,8,,20260817
GSL,"Global Ship Lease, Inc.",Industrials,Marine Shipping,NYSE,43.38,345629,1563217024,1.1563,40.56,37.3,2.4403,3.01,3.39,32.16,14.8,0.0,85.0,2,44.69,27.28,-2.93,0.0,,8,,20260817
LEG,"Leggett & Platt, Incorporated",Consumer Cyclical,"Furnishings, Fixtures & Appliances",NYSE,9.56,2412335,1305790848,0.384,10.6,10.61,-2.6984,0.49,-31.22,-16.92,-17.57,0.0,43.25,3,13.0,8.34,-26.46,0.0,,8,,20260817
BIREF,Birchcliff Energy Ltd.,Energy,Oil & Gas E&P,PNK,4.59,102761,1259742336,0.1042,4.53,4.89,0.5775,-8.74,-22.79,-19.59,-18.0,0.0,47.0,3,5.9,4.07,-22.2,0.0,,8,,20260817
MRTN,"Marten Transport, Ltd.",Industrials,Trucking,NASDAQ,15.27,809035,1246973824,0.436,16.62,13.78,-3.0862,-6.08,2.38,7.03,2.13,0.0,33.75,3,18.48,9.35,-17.37,0.0,,8,,20260817
UVV,Universal Corporation,Consumer Defensive,Tobacco,NYSE,44.32,289748,1103534976,1.4357,51.38,51.59,-4.9167,-20.59,-28.34,-31.96,-27.85,0.0,7.5,4,59.38,43.36,-25.36,0.0,,8,,20260817
BLKB,"Blackbaud, Inc.",Technology,Software - Application,NASDAQ,43.39,821522,1969476224,2.3277,33.83,44.94,4.1087,35.85,-25.53,-51.75,-20.67,0.0,79.5,3,70.71,25.58,-38.64,0.0,,8,,20260817
ORC,"Orchid Island Capital, Inc.",Real Estate,REIT - Mortgage,NYSE,6.67,5059403,1331355008,0.1208,6.57,6.64,0.7958,-3.18,-16.83,-8.25,-9.99,0.0,62.5,3,8.4,6.31,-20.6,0.0,,8,,20260817
WZZZY,Wizz Air Holdings Plc,Industrials,Airlines,PNK,3.62,83,1497614848,0.01,3.73,3.77,-10.99,-6.0,-40.65,-40.28,-31.84,0.0,49.0,4,5.42,2.9,-33.25,0.0,,8,,20260817
TRTPF,Trustpilot Group PLC,Technology,Software - Application,PNK,3.6,48,1387444864,0.0024,3.54,2.81,24.35,-2.05,80.03,-8.55,24.08,0.0,75.0,2,3.72,1.71,-3.16,0.0,,8,,20260817
GRPFF,"Grupo Televisa, S.A.B.",Communication Services,Telecom Services,PNK,0.55,80,1449415040,0.0001,0.55,0.57,-28.2491,-3.85,-29.95,-25.9,-21.8,0.0,24.0,4,0.65,0.48,-15.38,0.0,,8,,20260817
BRDNF,BREEDON GRP PLC,Basic Materials,Building Materials,PNK,3.94,173,1367538176,0.0069,3.96,4.3,-2.2736,-22.28,-31.86,-56.82,-39.45,0.0,24.0,4,6.25,3.9,-36.96,0.0,,8,,20260817
OI,"O-I Glass, Inc.",Consumer Cyclical,Packaging & Containers,NYSE,6.62,3348806,1017227456,0.4148,8.6,11.51,-4.7823,-25.52,-69.18,-72.7,-59.67,0.0,11.25,4,16.91,6.58,-60.85,0.0,,8,,20260817
BCTCF,OSL Group Limited,Financial Services,Capital Markets,PNK,1.5,22,1348921984,0.0007,1.5,1.99,2.8181,-32.74,-57.24,-56.34,-50.75,0.0,25.0,3,2.7,0.01,-44.44,0.0,,8,,20260817
CNL,Collective Mining Ltd.,Basic Materials,Gold,NASDAQ,14.63,64345,1356825728,0.8827,13.28,15.04,1.5329,-19.85,-24.65,30.78,-1.28,0.0,52.0,3,21.97,9.77,-33.41,0.0,,8,,20260817
HKBNF,HKBN Ltd.,Communication Services,Telecom Services,PNK,0.91,0,1350994944,0.0005,0.91,0.48,0.0,16.4,159.8,397.23,218.92,0.0,75.0,3,0.91,0.4,0.0,0.0,,8,,20260817
NRP,Natural Resource Partners L.P.,Energy,Thermal Coal,NYSE,103.94,55050,1377247872,2.5895,100.49,108.57,1.3316,-6.88,-29.88,-17.59,-19.21,0.0,49.5,3,128.6,95.51,-19.18,0.0,,8,,20260817
PAHC,Phibro Animal Health Corporation,Healthcare,Drug Manufacturers - Specialty & Generic,NASDAQ,34.63,284666,1404756096,1.3617,33.38,42.14,0.915,-3.62,-47.24,-6.42,-20.01,0.0,61.25,3,60.08,28.25,-42.36,0.0,,8,,20260817
LIND,"Lindblad Expeditions Holdings, Inc.",Consumer Cyclical,Travel Services,NCM,32.77,891482,2150357248,1.3907,27.7,19.53,3.6431,65.73,47.81,120.35,81.3,0.0,86.25,2,35.0,11.37,-6.37,0.0,,8,,20260817
EOPSF,Electro Optic Systems Holdings Limited,Industrials,Aerospace & Defense,PNK,6.19,72122,1372336384,0.5014,6.06,6.19,0.2654,-3.38,31.97,-11.42,5.78,0.0,62.5,3,9.02,4.01,-31.37,0.0,,8,,20260817
SPH,"Suburban Propane Partners, L.P.",Utilities,Utilities - Regulated Gas,NYSE,17.49,220000,1166799616,0.4471,17.71,18.51,-0.493,-15.81,-24.64,-20.43,-20.75,0.0,36.5,4,20.8,16.53,-15.91,0.0,,8,,20260817
WWW,"Wolverine World Wide, Inc.",Consumer Cyclical,Footwear & Accessories,NYSE,19.83,981937,1625852672,0.9842,18.12,17.4,1.7332,25.17,0.05,-50.0,-13.69,0.0,85.0,2,32.8,13.47,-39.54,0.0,,8,,20260817
TV,"Grupo Televisa, S.A.B.",Communication Services,Telecom Services,NYSE,2.85,913470,1502120960,0.0945,2.78,2.91,0.7067,-4.8,-27.84,0.15,-10.88,0.0,74.5,3,3.49,2.33,-18.34,0.0,,8,,20260817
TBLA,Taboola.com Ltd.,Communication Services,Internet Content & Information,NASDAQ,3.89,3223027,1050904512,0.2805,4.85,4.13,-3.4387,-24.95,2.45,-3.62,-6.83,0.0,27.0,4,5.71,2.83,-31.87,0.0,,8,,20260817
CCEC,Capital Clean Energy Carriers Corp.,Industrials,Marine Shipping,NASDAQ,22.69,13672,1367975040,0.6517,21.9,20.9,1.2183,4.27,-12.71,-9.71,-7.26,0.0,91.25,2,24.0,16.77,-5.46,0.0,,8,,20260817
PRG,"PROG Holdings, Inc.",Industrials,Rental & Leasing Services,NYSE,42.16,544870,1679301632,1.6321,42.62,34.18,-0.2826,22.6,13.53,6.28,12.9,0.0,70.75,3,47.73,25.8,-11.67,0.0,,8,,20260817
CRML,Critical Metals Corp.,Basic Materials,Other Industrial Metals & Mining,NASDAQ,6.57,6373870,965059136,0.5519,7.97,9.94,-2.5373,-46.04,-42.83,-8.82,-30.03,0.0,12.5,4,32.15,5.12,-79.56,0.0,,8,,20260817
GRWXF,Molten Ventures Plc,Unknown,Unknown,PNK,9.1,1462,1515584640,0.2297,9.1,9.1,0.0,9.88,9.88,9.88,9.88,0.0,65.33,3,9.1,7.5,0.0,0.0,,8,,20260817
MLTX,MoonLake Immunotherapeutics,Healthcare,Biotechnology,NCM,16.35,1205691,1391494400,0.9462,18.83,16.59,-2.6182,-11.64,-10.26,-91.34,-43.04,0.0,23.25,4,62.75,5.95,-73.94,0.0,,8,,20260817
NSSC,"Napco Security Technologies, Inc.",Industrials,Security & Protection Services,NASDAQ,38.06,384951,1359782400,1.1215,37.29,40.22,0.6892,0.71,-27.07,3.01,-8.09,0.0,74.5,3,48.12,29.88,-20.91,0.0,,8,,20260817
DFH,"Dream Finders Homes, Inc.",Consumer Cyclical,Residential Construction,NYSE,15.08,688959,1368116096,0.9871,15.29,16.63,-0.2077,10.31,-42.3,-67.35,-39.17,0.0,60.25,4,31.5,12.2,-52.12,0.0,,8,,20260817
MUC,"BlackRock MuniHoldings California Quality Fund, Inc.",Financial Services,Asset Management,NYSE,10.69,345343,1006826048,0.0821,10.73,10.49,-0.522,-2.53,-11.75,-10.66,-9.01,0.0,68.25,3,11.16,10.08,-4.21,0.0,,8,,20260817
ATUUF,Tenaz Energy Corp.,Energy,Oil & Gas E&P,PNK,41.25,13901,1366034944,0.9454,36.72,32.78,4.7884,-3.78,24.89,176.48,78.36,0.0,58.75,2,49.8,14.01,-17.17,0.0,,8,,20260817
IDT,IDT Corporation,Communication Services,Telecom Services,NYSE,66.46,202211,1652764928,1.7737,60.98,53.1,3.088,23.17,22.74,-14.5,7.95,0.0,90.0,2,69.15,45.72,-3.89,0.0,,8,,20260817
DMLP,"Dorchester Minerals, L.P.",Energy,Oil & Gas E&P,NASDAQ,28.11,202509,1379959552,0.5432,25.62,24.05,4.5885,1.74,3.71,5.67,4.0,0.0,88.75,2,28.95,20.85,-2.9,0.0,,8,,20260817
FCEL,"FuelCell Energy, Inc.",Industrials,Electrical Equipment & Parts,NASDAQ,22.36,11828396,1787775744,2.829,21.66,12.7,0.2482,-0.12,195.76,407.47,231.47,0.0,86.25,2,37.88,3.78,-40.97,0.0,,8,,20260817
FCELB,"FuelCell Energy, Inc.",Industrials,Electrical Equipment & Parts,PNK,498.0,158,3873727860,20.0357,462.9,382.65,1.7517,18.19,28.22,68.16,41.69,0.0,87.5,2,548.0,297.5,-9.12,0.0,,8,,20260817
ARDT,"Ardent Health, Inc.",Healthcare,Medical Care Facilities,NYSE,10.89,558072,1535989888,0.4794,10.2,9.69,1.4323,3.02,-0.5,-33.94,-13.0,0.0,86.25,2,15.48,7.71,-29.65,0.0,,8,,20260817
UAN,"CVR Partners, LP",Basic Materials,Agricultural Inputs,NYSE,122.29,45074,1292561024,3.4832,112.79,106.21,2.7282,-5.6,8.38,34.29,15.25,0.0,87.5,2,139.5,84.13,-12.34,0.0,,8,,20260817
FOR,Forestar Group Inc.,Real Estate,Real Estate - Development,NYSE,29.16,146130,1487673984,0.8716,29.45,27.08,-0.3359,9.46,-17.73,-14.51,-9.65,0.0,77.0,3,32.06,22.81,-9.05,0.0,,8,,20260817
CHYCF,Chiyoda Corporation,Industrials,Engineering & Construction,PNK,3.88,20,1005631872,0.0112,4.12,5.06,-21.2488,-21.83,-75.57,88.01,3.3,0.0,0.0,4,9.95,1.85,-61.01,0.0,,8,,20260817
TUYA,Tuya Inc.,Technology,Software - Infrastructure,NYSE,1.78,929906,1091336960,0.0628,1.81,2.12,-0.4812,-24.26,-32.05,-45.67,-35.55,0.0,23.25,4,2.88,1.61,-38.19,0.0,,8,,20260817
AI,"C3.ai, Inc.",Technology,Software - Infrastructure,NYSE,9.7,6255146,1507858048,0.4954,9.55,11.0,0.3008,7.34,-23.96,-67.12,-33.4,0.0,40.0,3,20.22,7.67,-52.03,0.0,,8,,20260817
CHNFF,CHNFF,Consumer Defensive,Beverages - Non-Alcoholic,PNK,0.47,40,0,0.0007,0.44,0.34,43.5094,72.73,38.08,28.74,43.01,0.0,75.0,2,0.5,0.42,-5.86,0.0,,8,,20260817
TWO,Two Harbors Investment Corp.,Real Estate,REIT - Mortgage,NYSE,12.01,2296759,1262668544,0.0501,12.05,10.84,-0.7447,-6.79,-2.25,13.67,2.98,0.0,44.5,3,14.17,8.78,-15.24,0.0,,8,,20260817
ATVDY,"Atresmedia Corporación de Medios de Comunicación, S.A.",Communication Services,Entertainment,PNK,6.53,795,1470415232,0.0879,5.63,5.66,10.2333,10.79,-1.35,-0.1,2.19,0.0,78.75,3,7.05,5.05,-7.38,0.0,,8,,20260817
TSIOF,361 Degrees International Limited,Consumer Cyclical,Footwear & Accessories,PNK,0.61,185,1253353728,0.0075,0.57,0.69,5.9423,-7.21,-30.92,-50.25,-32.72,0.0,25.0,3,0.93,0.54,-34.25,0.0,,8,,20260817
LRCDF,Laurentian Bank of Canada,Financial Services,Banks - Regional,PNK,28.88,1295,1281979648,0.0274,28.57,27.97,11.4021,-4.48,-14.73,10.48,-2.09,0.0,51.25,2,29.61,21.69,-2.47,0.0,,8,,20260817
AHG,Akso Health Group,Healthcare,Medical Distribution,NCM,1.21,10493,1036612096,0.1371,1.43,1.63,-1.5744,-34.86,-26.26,-51.59,-38.54,0.0,12.5,4,2.5,1.1,-51.6,0.0,,8,,20260817
NPKI,NPK International Inc.,Industrials,Building Products & Equipment,NYSE,14.32,990825,1215909632,0.547,14.33,13.94,-0.0219,-11.15,-14.77,22.07,0.87,0.0,47.0,3,16.5,9.65,-13.21,0.0,,8,,20260817
IAUX,i-80 Gold Corp.,Basic Materials,Gold,NYSE,1.65,9879317,1428737792,0.0824,1.44,1.5,2.5248,6.69,-28.89,135.88,45.91,0.0,63.75,3,2.24,0.67,-26.34,0.0,,8,,20260817
BTSNY,Betsson AB (publ),Consumer Cyclical,Gambling,PNK,9.55,0,1292165504,0.0001,9.55,11.21,0.0,-4.03,-22.71,-65.99,-35.35,0.0,37.0,3,18.28,8.77,-47.76,0.0,,8,,20260817
MYI,"BlackRock MuniYield Quality Fund III, Inc.",Financial Services,Asset Management,NYSE,10.77,276206,715852352,0.0884,10.81,10.65,-0.4744,-3.16,-14.87,-12.03,-10.81,0.0,68.25,3,11.46,10.35,-6.02,0.0,,8,,20260817
WINA,Winmark Corporation,Consumer Cyclical,Specialty Retail,NASDAQ,349.78,47412,1256468864,14.5447,378.66,405.49,-1.9858,-4.92,-36.76,-36.74,-28.79,0.0,11.25,4,527.37,325.06,-33.67,0.0,,8,,20260817
ARRY,"Array Technologies, Inc.",Technology,Solar,NASDAQ,4.98,6589372,766055424,0.3997,6.45,8.1,-3.6694,-49.28,-69.31,-39.22,-52.27,0.0,7.5,4,12.23,4.77,-59.28,0.0,,8,,20260817
UMH,"UMH Properties, Inc.",Real Estate,REIT - Residential,NYSE,16.14,631724,1374582272,0.3489,15.46,15.15,1.9572,3.38,-10.68,-15.75,-9.19,0.0,87.5,2,16.66,13.93,-3.12,0.0,,8,,20260817
FKRAF,Fiskars Oyj Abp,Consumer Cyclical,"Furnishings, Fixtures & Appliances",PNK,16.26,140,1203449984,0.273,15.26,14.97,3.662,-5.28,-0.73,-15.73,-7.87,0.0,52.5,2,17.16,13.63,-5.24,0.0,,8,,20260817
PLTK,Playtika Holding Corp.,Communication Services,Electronic Gaming & Multimedia,NASDAQ,2.26,1636017,862005056,0.2466,3.56,3.54,-5.2563,-41.5,-45.25,-54.69,-48.09,0.0,11.25,4,4.42,2.26,-48.87,0.0,,8,,20260817
WABC,Westamerica Bancorporation,Financial Services,Banks - Regional,NASDAQ,59.5,193217,1375113600,1.2192,58.76,52.28,0.608,6.72,1.95,3.02,3.57,0.0,86.25,2,63.61,44.93,-6.46,0.0,,8,,20260817
GIII,"G-III Apparel Group, Ltd.",Consumer Cyclical,Apparel Manufacturing,NASDAQ,33.77,561901,1424775680,0.9349,34.75,30.76,-1.043,13.08,-1.19,11.93,7.63,0.0,73.25,3,37.54,24.61,-10.04,0.0,,8,,20260817
HMMCF,HEMLO MINING CORP.,Basic Materials,Gold,OQX,5.09,52533,1508523264,0.2738,4.26,3.95,3.0408,7.81,-12.14,3272.23,1306.59,0.0,62.5,2,6.54,0.15,-22.17,0.0,,8,,20260817
ARSTY,ARSTY,Industrials,Building Products & Equipment,PNK,15.86,3,5830545408,0.0054,15.83,15.86,6.3819,-13.51,-14.12,-14.12,-13.97,0.0,50.0,3,17.99,15.79,-11.81,0.0,,8,,20260817
CDRE,"Cadre Holdings, Inc.",Industrials,Aerospace & Defense,NYSE,33.3,385216,1425930496,1.5903,30.16,35.71,1.9766,7.39,-34.48,-5.86,-12.57,0.0,77.0,3,48.76,25.73,-31.71,0.0,,8,,20260817
ACDC,ProFrac Holding Corp.,Energy,Oil & Gas Equipment & Services,NASDAQ,5.28,1633850,961608256,0.4621,5.31,5.41,-0.0619,-32.27,-17.41,29.3,-2.44,0.0,37.75,4,8.22,3.08,-35.77,0.0,,8,,20260817
LADR,Ladder Capital Corp,Real Estate,REIT - Mortgage,NYSE,9.88,1087769,1253429248,0.243,9.86,10.0,0.0922,-2.6,-14.23,-25.1,-15.67,0.0,48.25,3,11.92,9.38,-17.11,0.0,,8,,20260817
LIFZF,Labrador Iron Ore Royalty Corporation,Basic Materials,Steel,PNK,19.34,38461,1237760000,0.5627,19.29,20.59,0.0898,-8.89,-25.24,-19.67,-18.92,0.0,42.0,3,23.29,18.02,-16.96,0.0,,8,,20260817
BRELY,Brazilian Rare Earths Ltd.,Basic Materials,Other Precious Metals & Mining,OQX,17.1,341,958125760,0.4008,16.06,16.27,2.5871,-22.36,5.14,94.32,33.94,0.0,52.5,3,24.16,6.89,-29.22,0.0,,8,,20260817
HLF,Herbalife Ltd.,Consumer Defensive,Packaged Foods,NYSE,11.99,1614374,1242996224,0.5375,12.26,13.82,-0.4986,-11.35,-38.53,7.1,-13.48,0.0,28.25,4,20.4,7.56,-41.23,0.0,,8,,20260817
LYPHF,Luye Pharma Group Ltd.,Healthcare,Drug Manufacturers - Specialty & Generic,PNK,0.27,79314,1078519296,0.0026,0.25,0.33,7.2558,-12.51,-43.05,-20.97,-26.58,0.0,25.0,3,0.4,0.2,-31.65,0.0,,8,,20260817
WLFC,Willis Lease Finance Corporation,Industrials,Rental & Leasing Services,NASDAQ,58.43,357348,1235450496,4.034,,,,-72.27,-84.16,-85.06,-81.55,0.0,24.5,3,81.54,38.0,-28.34,0.0,,8,,20260817
THYKF,thyssenkrupp nucera AG & Co. KGaA,Industrials,Specialty Industrial Machinery,PNK,9.09,691,1333612288,0.0442,9.03,9.63,1.275,-10.56,-24.62,-37.64,-26.31,0.0,37.0,3,13.18,8.0,-31.01,0.0,,8,,20260817
SLCVF,SLCVF,Industrials,Engineering & Construction,PNK,0.26,348,1237088896,0.0003,0.26,0.28,11.3051,-14.69,-27.89,94.95,24.55,0.0,37.0,3,0.32,0.12,-18.75,0.0,,8,,20260817
CMP,"Compass Minerals International, Inc.",Basic Materials,Other Industrial Metals & Mining,NYSE,25.76,533093,1081427328,1.4092,29.29,24.76,-2.5058,-17.03,-6.56,16.33,-0.02,0.0,35.0,3,34.5,16.4,-25.33,0.0,,8,,20260817
HTSUY,HTSUY,Healthcare,Drug Manufacturers - Specialty & Generic,PNK,2.94,8,0,0.0061,2.94,5.69,0.0,-59.82,-70.35,-77.82,-70.71,0.0,25.0,3,6.79,2.94,-56.73,0.0,,8,,20260817
CSIQ,Canadian Solar Inc.,Technology,Solar,NASDAQ,14.79,2476933,1004192960,0.9708,15.35,18.74,-0.5785,-22.08,-37.66,5.5,-16.5,0.0,20.75,4,34.59,9.41,-57.24,0.0,,8,,20260817
MSDL,Morgan Stanley Direct Lending Fund,Financial Services,Asset Management,NYSE,15.36,531370,1291854592,0.3365,15.15,14.94,0.6227,-1.03,-10.48,-22.93,-13.1,0.0,87.5,2,18.17,13.66,-15.47,0.0,,8,,20260817
NBITF,NBITF,Unknown,Unknown,PNK,18.15,650,0,1.0296,18.15,18.15,0.0,-27.52,-27.52,-27.52,-27.52,0.0,63.25,3,24.47,16.44,-25.83,0.0,,8,,20260817
SEPN,"Septerna, Inc.",Healthcare,Biotechnology,NASDAQ,44.2,436495,2063121152,2.9261,35.61,28.19,2.9358,52.53,57.57,256.96,136.06,0.0,90.0,2,51.1,10.74,-13.5,0.0,,8,,20260817
SQZZF,Serica Energy plc,Energy,Oil & Gas E&P,PNK,2.16,1204,846529280,0.0815,2.86,2.72,-8.6476,-37.57,-18.56,-29.01,-27.49,0.0,0.0,4,3.66,1.3,-40.98,0.0,,8,,20260817
AFMJF,Alphamin Resources Corp.,Basic Materials,Other Industrial Metals & Mining,PNK,1.09,336567,1403674240,0.0505,1.03,0.88,1.2075,16.13,17.62,30.41,22.36,0.0,87.5,2,1.2,0.65,-9.17,0.0,,8,,20260817
RDWR,Radware Ltd.,Technology,Software - Infrastructure,NASDAQ,28.86,231124,1214500608,1.219,28.94,26.17,-0.0674,-1.58,-10.57,-2.07,-4.92,0.0,47.0,3,32.79,21.68,-11.99,0.0,,8,,20260817
GUZOF,"Grupo Herdez, S.A.B. de C.V.",Consumer Defensive,Packaged Foods,PNK,3.0,96,964516416,0.0128,3.06,3.89,-4.6912,-21.95,-46.38,-17.55,-28.74,0.0,12.0,4,5.23,2.88,-42.64,0.0,,8,,20260817
ATEC,"Alphatec Holdings, Inc.",Healthcare,Medical Devices,NASDAQ,9.45,2699746,1459562624,0.4674,8.98,13.25,1.0115,18.57,-43.21,-60.44,-34.65,0.0,63.75,3,23.29,6.82,-59.42,0.0,,8,,20260817
ADTN,"ADTRAN Holdings, Inc.",Technology,Communication Equipment,NASDAQ,8.65,2423238,705221568,0.6313,11.79,11.47,-4.9686,-46.75,-28.5,-24.32,-31.39,0.0,8.75,4,19.98,7.11,-56.68,0.0,,8,,20260817
PFBC,Preferred Bank,Financial Services,Banks - Regional,NASDAQ,107.47,117362,1273854336,2.3652,104.03,94.52,1.4543,14.85,6.21,-2.35,4.95,0.0,87.5,2,112.26,81.5,-4.27,0.0,,8,,20260817
BLGFF,Baillie Gifford Us Growth Trust Plc,Unknown,Unknown,PNK,4.25,4844,0,0.2009,4.08,4.25,0.8294,21.19,21.19,21.19,21.19,0.0,72.0,3,5.31,3.65,-19.96,0.0,,8,,20260817
VTOL,Bristow Group Inc.,Energy,Oil & Gas Equipment & Services,NYSE,46.15,227274,1367978368,1.4794,43.72,42.61,1.6441,5.35,-8.85,0.36,-1.62,0.0,88.75,2,50.38,35.03,-8.4,0.0,,8,,20260817
BHRB,Burke & Herbert Financial Services Corp.,Financial Services,Banks - Regional,NCM,72.33,174467,1460128000,1.5324,69.89,64.61,1.5911,13.76,-6.19,3.95,2.85,0.0,86.25,2,75.09,57.42,-3.68,0.0,,8,,20260817
DFDDF,DFDS A/S,Industrials,Marine Shipping,PNK,20.64,17,1114761088,0.0122,20.53,17.15,9.0753,17.36,9.02,17.26,14.4,0.0,75.0,2,21.5,14.17,-4.01,0.0,,8,,20260817
KMTS,"Kestra Medical Technologies, Ltd.",Healthcare,Medical Instruments & Supplies,NASDAQ,27.82,372864,1630338816,1.5483,23.67,23.59,2.6829,22.51,-12.71,53.94,22.76,0.0,90.0,2,30.0,15.42,-7.27,0.0,,8,,20260817
INSP,"Inspire Medical Systems, Inc.",Healthcare,Medical Devices,NYSE,57.22,995780,1654251776,2.6082,49.54,67.64,2.943,38.07,-18.19,-53.48,-18.24,0.0,63.75,3,147.03,38.91,-61.08,0.0,,8,,20260817
MUX,McEwen Inc.,Basic Materials,Other Precious Metals & Mining,NYSE,18.85,1126869,1126100736,0.985,18.16,20.91,0.7025,-22.16,-40.62,60.29,4.36,0.0,48.25,3,29.7,9.87,-36.53,0.0,,8,,20260817
SVV,"Savers Value Village, Inc.",Consumer Cyclical,Specialty Retail,NYSE,10.56,1241958,1618157056,0.5893,10.07,9.28,0.8241,43.31,-20.4,-26.0,-6.71,0.0,88.75,2,13.89,6.91,-23.97,0.0,,8,,20260817
IRPSY,IRPC Public Company Limited,Energy,Oil & Gas Refining & Marketing,PNK,6.21,4,1267497728,0.0021,6.21,4.37,0.0,13.43,66.19,128.45,77.9,0.0,75.0,3,6.21,2.5,0.0,0.0,,8,,20260817
EMO,ClearBridge Energy Midstream Opportunity Fund Inc,Financial Services,Asset Management,NYSE,53.88,44690,1078388224,0.9725,50.65,47.43,3.3246,0.21,-2.65,2.05,-0.06,0.0,85.0,2,54.9,41.54,-1.86,0.0,,8,,20260817
ASST,"Strive, Inc.",Financial Services,Asset Management,NASDAQ,13.2,4042062,1127833088,0.834,12.85,15.05,0.4231,-26.18,44.52,-106.56,-33.59,0.0,41.25,3,252.0,7.02,-94.76,0.0,,8,,20260817
SATA,"Strive, Inc.",Financial Services,Asset Management,NASDAQ,99.48,420579,0,1.2258,95.67,99.48,3.1089,-2.03,1.25,8.54,3.34,0.0,85.0,3,101.35,79.01,-1.85,0.0,,8,,20260817
AFYA,Afya Limited,Consumer Defensive,Education & Training Services,NASDAQ,13.79,104640,1261131648,0.4464,14.23,14.16,-0.9956,-6.09,-11.59,-27.75,-16.68,0.0,37.75,4,16.5,13.0,-16.41,0.0,,8,,20260817
ALX,"Alexander's, Inc.",Real Estate,REIT - Retail,NYSE,267.22,35032,1364770048,7.362,266.56,234.64,0.0892,13.36,6.69,7.69,8.76,0.0,85.0,2,289.43,201.28,-7.67,0.0,,8,,20260817
ATLCZ,Atlanticus Holdings Corporation 9.25% Senior Notes due 2029,Unknown,Unknown,NASDAQ,25.43,14835,0,0.128,25.25,24.55,1.4022,-1.7,-9.9,-11.33,-8.42,0.0,82.5,2,25.89,24.72,-1.78,0.0,,8,,20260817
ATLCP,Atlanticus Holdings Corporation,Financial Services,Credit Services,NASDAQ,24.23,5133,0,0.165,24.27,23.42,-0.286,-1.75,-12.14,-8.03,-7.9,0.0,74.5,3,25.0,20.46,-3.1,0.0,,8,,20260817
ATLC,Atlanticus Holdings Corporation,Financial Services,Credit Services,NASDAQ,100.14,168870,1519127552,5.8025,99.36,71.94,0.1344,24.98,79.12,40.0,49.94,0.0,90.0,2,114.34,47.5,-12.42,0.0,,8,,20260817
PDS,Precision Drilling Corporation,Energy,Oil & Gas Drilling,NYSE,88.61,109956,1138872832,3.1059,82.58,81.72,1.9405,-11.53,-12.5,39.86,8.69,0.0,65.0,2,103.8,52.53,-14.63,0.0,,8,,20260817
TEN,Tsakos Energy Navigation Limited,Energy,Oil & Gas Midstream,NYSE,42.16,272929,1270179840,1.4509,38.07,32.65,2.8215,-3.14,38.8,95.26,50.9,0.0,63.75,2,45.85,19.85,-8.05,0.0,,8,,20260817
PRGS,Progress Software Corporation,Technology,Software - Infrastructure,NASDAQ,42.86,720029,1757814784,1.7275,37.18,36.85,3.2891,49.32,3.39,-25.78,3.2,0.0,90.0,2,47.37,23.82,-9.52,0.0,,8,,20260817
FTRE,Fortrea Holdings Inc.,Healthcare,Biotechnology,NASDAQ,18.1,1475498,1721310080,1.1611,17.76,14.09,0.2951,27.7,70.94,107.98,74.95,0.0,88.75,2,21.39,7.4,-15.38,0.0,,8,,20260817
ACNDF,CapitaLand India Trust,Real Estate,Real Estate Services,PNK,0.83,12500,1234140,0.039,0.8,0.87,0.7279,-1.56,-40.45,-25.21,-24.63,0.0,72.0,3,1.24,0.73,-33.06,0.0,,8,,20260817
AOSL,Alpha and Omega Semiconductor Limited,Technology,Semiconductors,NASDAQ,31.07,792324,929912000,2.9583,37.43,29.29,-2.1499,-24.87,23.24,-6.31,-0.61,0.0,36.25,3,54.34,17.01,-42.82,0.0,,8,,20260817
ICFI,"ICF International, Inc.",Industrials,Consulting Services,NASDAQ,86.5,273043,1551281024,3.4767,77.7,77.57,2.5324,37.01,-1.15,-32.67,-4.22,0.0,87.5,2,101.71,58.83,-14.95,0.0,,8,,20260817
UAMY,United States Antimony Corporation,Basic Materials,Other Industrial Metals & Mining,NYSE,5.62,7800390,841141888,0.5554,6.42,7.84,-1.4444,-39.53,-40.19,14.95,-17.97,0.0,15.0,4,19.71,3.93,-71.49,0.0,,8,,20260817
AAVVF,Advantage Energy Ltd.,Energy,Oil & Gas E&P,PNK,7.97,135672,1334462592,0.1644,7.48,7.85,2.9546,4.08,-12.54,-16.4,-9.93,0.0,87.5,3,9.5,6.72,-16.11,0.0,,8,,20260817
DSGR,"Distribution Solutions Group, Inc.",Industrials,Industrial Distribution,NASDAQ,34.87,166340,1612926592,0.3393,30.77,28.43,12.0729,24.54,-0.87,-14.62,-0.02,0.0,82.5,2,35.06,19.02,-0.54,0.0,,8,,20260817
DSL,DoubleLine Income Solutions Fund,Financial Services,Asset Management,NYSE,10.78,499441,1235076352,0.0978,10.74,10.65,0.3865,-2.99,-14.54,-23.08,-15.07,0.0,70.75,3,12.67,10.49,-14.92,0.0,,8,,20260817
AVBP,"ArriVent BioPharma, Inc.",Healthcare,Biotechnology,NASDAQ,29.01,568167,1430417152,1.6428,31.64,25.93,-1.6038,-0.71,15.22,34.67,19.02,0.0,63.75,3,35.83,17.0,-19.03,0.0,,8,,20260817
ENR,"Energizer Holdings, Inc.",Industrials,Electrical Equipment & Parts,NYSE,22.36,1084090,1531294208,0.9282,21.11,19.73,1.3448,30.72,-12.57,-37.63,-11.77,0.0,87.5,2,30.29,15.75,-26.18,0.0,,8,,20260817
IPX,IperionX Limited,Basic Materials,Other Industrial Metals & Mining,NCM,24.55,286161,889039168,1.4811,26.66,35.2,-1.4215,-36.96,-53.69,-59.48,-51.83,0.0,11.25,4,61.45,20.09,-60.05,0.0,,8,,20260817
WBTNF,Weebit Nano Limited,Technology,Semiconductors,PNK,3.3,41745,793411712,0.2913,4.45,3.62,-3.9409,-30.37,-24.34,104.89,25.84,0.0,17.0,4,6.5,1.52,-49.23,0.0,,8,,20260817
PEBO,Peoples Bancorp Inc.,Financial Services,Banks - Regional,NASDAQ,41.07,275358,1476150912,0.66,38.66,33.14,3.6526,20.81,11.2,22.93,18.3,0.0,90.0,2,42.29,27.49,-2.88,0.0,,8,,20260817
FRBP,FRANKLIN BSP CAP CORP,Financial Services,Asset Management,PNK,8.51,291,1368185088,0.0969,7.99,8.93,5.3835,-12.55,-25.69,-37.07,-26.96,0.0,37.0,3,11.0,7.0,-22.64,0.0,,8,,20260817
GOLD,"Gold.com, Inc.",Financial Services,Capital Markets,NYSE,45.39,412014,1316508544,1.6252,41.65,41.22,2.3034,8.93,-34.68,74.02,19.7,0.0,87.5,2,66.7,22.0,-31.95,0.0,,8,,20260817
VLTAF,Voltalia SA,Utilities,Utilities - Renewable,PNK,8.54,10,1118253952,0.0053,8.63,8.27,-17.1867,-0.52,-11.05,-0.84,-4.33,0.0,37.0,3,9.57,7.07,-10.76,0.0,,8,,20260817
TMP,Tompkins Financial Corporation,Financial Services,Banks - Regional,NYSE,100.28,90550,1442317696,2.2142,94.25,80.66,2.7223,18.26,9.05,34.07,21.36,0.0,87.5,2,102.59,61.88,-2.25,0.0,,8,,20260817
AMAL,Amalgamated Financial Corp.,Financial Services,Banks - Regional,NASDAQ,50.82,153562,1519525504,1.0051,46.97,38.97,3.8313,23.71,9.79,54.39,31.11,0.0,87.5,2,51.59,25.13,-1.49,0.0,,8,,20260817
CXM,"Sprinklr, Inc.",Technology,Software - Application,NYSE,6.7,3424046,1569332736,0.2724,5.76,6.22,3.4438,32.09,10.29,-40.03,-4.39,0.0,92.5,3,8.85,4.71,-24.25,0.0,,8,,20260817
XPEL,"XPEL, Inc.",Consumer Cyclical,Auto Parts,NCM,49.99,263812,1378399488,2.0904,46.17,46.21,1.8303,15.7,-20.87,11.38,1.17,0.0,92.5,3,55.91,31.5,-10.58,0.0,,8,,20260817
YELP,Yelp Inc.,Communication Services,Internet Content & Information,NYSE,23.07,1240229,1251861760,1.4247,24.92,26.36,-1.2954,5.9,-12.97,-49.07,-22.69,0.0,37.5,4,34.49,19.6,-33.11,0.0,,8,,20260817
HROW,"Harrow, Inc.",Healthcare,Drug Manufacturers - Specialty & Generic,NASDAQ,39.47,704633,1479832704,2.0895,40.68,41.13,-0.5778,21.68,-31.16,-22.47,-14.47,0.0,60.25,4,54.85,28.54,-28.03,0.0,,8,,20260817
ALGGY,"Alliance Global Group, Inc.",Industrials,Conglomerates,PNK,7.3,106,1303323648,0.0565,6.62,6.77,12.0292,-1.93,-5.61,-11.11,-6.89,0.0,50.0,3,8.53,5.51,-14.42,0.0,,8,,20260817
SBET,"Sharplink, Inc.",Financial Services,Capital Markets,NCM,6.51,8787522,1412561408,0.3384,5.73,7.78,2.3165,-7.93,-18.9,-93.42,-45.96,0.0,41.25,3,21.21,4.46,-69.31,0.0,,8,,20260817
EWIIF,Edinburgh Worldwide Investment Trust Plc,Unknown,Unknown,PNK,3.46,4614,0,0.1512,3.31,3.46,1.0103,9.99,49.67,49.67,39.75,0.0,77.5,3,3.85,2.0,-10.01,0.0,,8,,20260817
DTTLY,Datatec Limited,Technology,Information Technology Services,OQX,9.03,0,1095538688,0.0049,8.87,8.97,32.545,-0.92,-20.13,37.09,7.56,0.0,75.0,3,9.86,6.0,-8.42,0.0,,8,,20260817
WVE,"Wave Life Sciences, Inc.",Healthcare,Biotechnology,NASDAQ,5.09,3254019,1002975232,0.3451,5.85,9.49,-2.1905,-29.62,-73.8,-64.0,-58.83,0.0,10.0,4,21.73,5.01,-76.58,0.0,,8,,20260817
TOLWF,Trican Well Service Ltd.,Energy,Oil & Gas Equipment & Services,PNK,4.48,118983,937814592,0.1099,4.7,4.75,-1.9803,-26.04,-28.1,-15.05,-22.36,0.0,32.75,4,6.0,3.7,-25.33,0.0,,8,,20260817
MPLT,"MapLight Therapeutics, Inc.",Healthcare,Biotechnology,NASDAQ,11.24,789080,521518720,2.4062,27.14,22.22,-6.6056,-65.15,-48.72,-52.38,-54.29,0.0,10.0,4,40.43,9.1,-72.19,0.0,,8,,20260817
TAOFF,IperionX Limited,Basic Materials,Other Industrial Metals & Mining,PNK,2.3,606,832908352,0.0332,2.85,3.7,-16.5884,-48.62,-64.47,-69.86,-62.66,0.0,0.0,4,5.8,2.2,-60.34,0.0,,8,,20260817
NSP,"Insperity, Inc.",Industrials,Staffing & Employment Services,NYSE,50.46,716006,1927333376,2.8186,45.41,35.25,1.79,65.15,91.77,-17.22,41.52,0.0,85.0,2,57.22,18.57,-11.81,0.0,,8,,20260817
HKEPF,"Hokkaido Electric Power Company, Incorporated",Utilities,Utilities - Renewable,PNK,5.69,311,1168442496,0.0087,5.68,-2.19,1.6144,-19.99,-173.22,-56.08,-88.05,0.0,50.0,3,7.75,5.19,-26.53,0.0,,8,,20260817
LEFUF,Leon's Furniture Limited,Consumer Cyclical,Specialty Retail,PNK,17.62,2530,1211399424,0.2105,17.25,18.71,1.7585,-4.5,-23.94,-34.51,-23.31,0.0,45.75,3,22.1,16.56,-20.27,0.0,,8,,20260817
JFR,Nuveen Floating Rate Income Fund,Financial Services,Asset Management,NYSE,7.64,591774,1229791104,0.058,7.56,7.28,1.4258,0.78,-8.95,-18.17,-10.21,0.0,83.75,2,8.45,7.16,-9.59,0.0,,8,,20260817
CCO,"Clear Channel Outdoor Holdings, Inc.",Communication Services,Advertising Agencies,NYSE,2.32,8249022,1181097728,0.0279,2.4,2.26,-3.0117,-7.73,-16.87,80.61,24.41,0.0,52.75,3,2.44,1.16,-4.92,0.0,,8,,20260817
IRS,IRSA Inversiones y Representaciones Sociedad Anónima,Real Estate,Real Estate Services,NYSE,14.64,148340,1238713728,0.4749,15.46,15.46,-1.7207,4.7,-17.69,-27.82,-16.14,0.0,42.0,3,19.14,10.87,-23.51,0.0,,8,,20260817
FGROY,FirstGroup plc,Industrials,Railroads,PNK,2.44,212,1175324928,0.0236,2.21,2.38,9.9,9.87,-12.7,-37.27,-16.88,0.0,75.0,3,3.1,2.0,-21.29,0.0,,8,,20260817
BCCMY,BAIC Motor Corporation Limited,Consumer Cyclical,Auto Manufacturers,PNK,1.13,342,909740864,0.0022,1.23,1.93,-41.2319,-38.8,-66.26,-78.89,-64.45,0.0,0.0,4,2.96,1.03,-61.66,0.0,,8,,20260817
VIA,"Via Transportation, Inc.",Technology,Software - Application,NYSE,25.42,1010985,2164311040,1.3785,18.69,22.69,4.8818,67.54,27.13,-67.49,-0.62,0.0,91.25,3,56.31,12.95,-54.86,0.0,,8,,20260817
CHYCY,Chiyoda Corporation,Industrials,Engineering & Construction,PNK,4.08,53,1192243968,0.0076,4.25,5.43,-22.8038,-26.76,-73.22,87.51,2.69,0.0,12.0,4,9.87,1.95,-58.66,0.0,,8,,20260817
MTRBF,Metro Bank Holdings PLC,Financial Services,Banks - Regional,PNK,2.14,4015,1442188544,0.0522,2.22,1.75,-1.5654,5.62,6.15,18.72,11.05,0.0,62.0,3,2.54,1.3,-15.63,0.0,,8,,20260817
YUPRF,Yuexiu Property Company Limited,Real Estate,Real Estate - Development,PNK,0.5,4,2013099008,0.0024,0.45,0.41,21.075,20.01,9.48,89.15,43.98,0.0,75.0,2,0.53,0.25,-4.96,0.0,,8,,20260817
MALJF,Magellan Aerospace Corporation,Industrials,Aerospace & Defense,PNK,30.31,5367,1780727808,0.9986,24.58,18.08,5.7427,50.24,88.49,145.29,101.65,0.0,87.5,2,32.54,10.85,-6.85,0.0,,8,,20260817
CTBI,"Community Trust Bancorp, Inc.",Financial Services,Banks - Regional,NASDAQ,78.48,116570,1425821056,1.4073,73.84,63.35,3.2942,18.7,11.53,23.39,18.07,0.0,91.25,2,79.92,50.25,-1.8,0.0,,8,,20260817
PRSU,"Pursuit Attractions and Hospitality, Inc.",Consumer Cyclical,Travel Services,NYSE,47.99,272795,1317290240,1.7261,50.87,40.62,-1.6673,10.01,17.11,19.64,16.35,0.0,65.0,3,56.52,32.03,-15.09,0.0,,8,,20260817
UFCS,"United Fire Group, Inc.",Financial Services,Insurance - Property & Casualty,NASDAQ,53.4,150806,1372670592,1.5643,51.16,41.37,1.431,6.82,22.46,56.17,32.03,0.0,90.0,2,55.82,29.74,-4.34,0.0,,8,,20260817
COAG,"Hemab Therapeutics Holdings, Inc.",Healthcare,Biotechnology,NASDAQ,53.59,322719,2502942720,3.9834,39.55,53.59,3.5257,86.11,50.12,50.12,59.12,0.0,90.0,3,55.42,23.0,-3.3,0.0,,8,,20260817
AVLN,Avalyn Pharma Inc.,Healthcare,Biotechnology,NASDAQ,38.25,334540,1695740928,2.4307,30.06,38.25,3.37,21.38,21.91,21.91,21.78,0.0,90.0,3,39.99,24.15,-4.35,0.0,,8,,20260817
DTTLF,Datatec Limited,Technology,Information Technology Services,OQX,5.58,3,1353954816,0.0334,4.3,2.78,38.4177,126.84,116.31,340.77,208.73,0.0,75.0,2,5.58,3.45,-0.0,0.0,,8,,20260817
QKIE,QKI Emulsion Inc.,Financial Services,Shell Companies,OID,2.0,540,1047725312,0.1314,2.29,1.61,-2.23,9.48,52.73,22.75,29.93,0.0,52.5,3,2.4,0.23,-16.67,0.0,,8,,20260817
BRETF,Brazilian Rare Earths Limited,Basic Materials,Other Precious Metals & Mining,OQX,3.05,266,854468864,0.0532,3.15,3.05,-1.8032,-32.69,-33.52,-33.52,-33.31,0.0,50.25,3,4.3,2.35,-29.07,0.0,,8,,20260817
TROX,Tronox Holdings plc,Basic Materials,Chemicals,NYSE,5.78,2790190,923066240,0.4363,6.46,6.51,-1.5479,-31.9,-38.77,38.14,-6.29,0.0,11.25,4,10.59,2.86,-45.42,0.0,,8,,20260817
DQ,Daqo New Energy Corp.,Technology,Semiconductor Equipment & Materials,NYSE,14.24,967104,963565760,0.7108,13.31,22.19,1.3022,-26.52,-56.7,-54.15,-48.14,0.0,33.75,3,36.59,11.38,-61.08,0.0,,8,,20260817
SBH,"Sally Beauty Holdings, Inc.",Consumer Cyclical,Specialty Retail,NYSE,16.24,1499398,1520425984,0.6834,14.71,14.65,2.2404,31.67,-14.43,1.07,3.29,0.0,90.0,2,17.92,11.54,-9.38,0.0,,8,,20260817
NEO,"NeoGenomics, Inc.",Healthcare,Diagnostics & Research,NCM,16.16,2773137,2076163072,0.7036,13.99,11.17,3.0807,91.32,28.06,139.51,88.46,0.0,87.5,2,16.92,5.94,-4.49,0.0,,8,,20260817
MNSAF,Mineros S.A.,Basic Materials,Gold,OQX,5.63,18655,1668874496,0.3425,4.76,4.3,2.5381,44.7,-6.9,167.23,75.65,0.0,90.0,2,6.91,2.04,-18.52,0.0,,8,,20260817
PAHGF,Pets at Home Group Plc,Consumer Cyclical,Specialty Retail,PNK,2.61,1043,1140131200,0.0091,2.58,2.63,3.1822,14.72,-15.82,-31.37,-14.4,0.0,62.0,3,3.49,2.19,-25.21,0.0,,8,,20260817
ZBIO,"Zenas BioPharma, Inc.",Healthcare,Biotechnology,NASDAQ,30.5,808509,1987890048,1.9396,26.97,26.01,1.8208,61.5,1.59,60.85,40.27,0.0,85.0,2,44.6,13.5,-31.61,0.0,,8,,20260817
OMGGF,Omai Gold Mines Corp.,Basic Materials,Gold,OQB,2.19,180288,1479152512,0.1012,1.74,1.42,4.4936,9.86,30.24,225.28,103.16,0.0,88.75,2,2.25,0.61,-2.67,0.0,,8,,20260817
EOS,Eaton Vance Enhanced Equity Income Fund II,Financial Services,Asset Management,NYSE,21.99,126483,1172419200,0.2753,21.59,21.41,1.4459,-4.36,-9.04,-21.89,-13.01,0.0,60.0,3,24.49,19.44,-10.21,0.0,,8,,20260817
ITRN,Ituran Location and Control Ltd.,Technology,Scientific & Technical Instruments,NASDAQ,52.83,158877,1044984960,2.0709,58.04,49.71,-2.5164,-11.68,1.74,15.47,3.88,0.0,30.0,3,68.3,32.71,-22.65,0.0,,8,,20260817
OLMA,"Olema Pharmaceuticals, Inc.",Healthcare,Biotechnology,NASDAQ,10.77,1436896,942349248,0.6799,11.22,17.58,-0.6669,-25.55,-66.26,83.62,3.87,0.0,27.0,4,36.26,5.34,-70.3,0.0,,8,,20260817
ELKEF,Elkem ASA,Basic Materials,Specialty Chemicals,PNK,3.4,48,1232661888,0.0004,3.4,3.03,0.0,7.69,-4.88,21.74,8.91,0.0,75.0,3,3.4,2.35,0.0,0.0,,8,,20260817
ATEX,Anterix Inc.,Communication Services,Telecom Services,NCM,91.57,458898,1795668096,7.3374,92.13,48.68,-0.076,55.68,173.2,301.05,194.96,0.0,70.75,3,113.0,17.58,-18.96,0.0,,8,,20260817
FQVTY,Fevertree Drinks PLC,Consumer Defensive,Beverages - Non-Alcoholic,PNK,12.0,42,1345897600,0.0995,10.96,10.94,10.4529,9.1,-14.64,-30.7,-15.13,0.0,75.0,2,15.0,9.99,-20.0,0.0,,8,,20260817
GILT,Gilat Satellite Networks Ltd.,Technology,Communication Equipment,NASDAQ,11.24,765682,865813312,0.6516,12.2,14.77,-1.4723,-30.81,-32.31,5.88,-16.66,0.0,8.75,4,20.93,8.52,-46.3,0.0,,8,,20260817
SUUIF,Superior Plus Corp.,Utilities,Utilities - Regulated Gas,PNK,5.46,49995,1171715968,0.0771,5.67,5.31,-2.7262,-5.31,-17.13,-8.55,-10.74,0.0,42.0,3,6.24,4.34,-12.5,0.0,,8,,20260817
SILXF,Silex Systems Limited,Technology,Semiconductors,OQX,3.78,7888,1103230464,0.1831,3.62,4.52,0.8518,-16.73,-38.2,14.25,-11.85,0.0,37.5,3,7.25,2.3,-47.86,0.0,,8,,20260817
TDOC,"Teladoc Health, Inc.",Healthcare,Health Information Services,NYSE,6.54,4855575,1188213504,0.4398,8.07,6.78,-3.4873,-1.97,26.71,-31.54,-3.76,0.0,45.75,4,9.89,4.4,-33.85,0.0,,8,,20260817
SILXY,Silex Systems Limited,Technology,Semiconductors,OQX,18.96,7248,1083165440,0.6181,18.03,22.48,1.5015,-12.53,-36.21,17.9,-8.65,0.0,36.25,3,35.5,11.21,-46.59,0.0,,8,,20260817
SCL,Stepan Company,Basic Materials,Specialty Chemicals,NYSE,64.72,145285,1470006400,1.8535,58.2,51.92,3.5152,27.76,-15.53,11.5,6.1,0.0,85.0,2,68.0,41.82,-4.82,0.0,,8,,20260817
MGRT,Mega Fortune Company Limited,Technology,Information Technology Services,NCM,100.0,16008,1375000064,6.1003,84.51,47.26,2.5399,-30.54,696.35,3033.43,1449.46,0.0,67.5,2,170.0,2.92,-41.18,0.0,,8,,20260817
ABTC,American Bitcoin Corp,Financial Services,Capital Markets,NCM,7.12,1286387,867356352,0.6669,8.3,22.77,-1.7627,-62.04,-71.93,-114.4,-86.45,0.0,11.25,4,217.8,4.92,-96.73,0.0,,8,,20260817
PNTG,"The Pennant Group, Inc.",Healthcare,Medical Care Facilities,NASDAQ,39.18,289588,1368521088,1.4531,37.88,32.18,0.8927,5.41,8.61,37.49,19.36,0.0,87.5,2,42.69,22.25,-8.22,0.0,,8,,20260817
XZO,"Exzeo Group, Inc.",Financial Services,Insurance - Diversified,NYSE,15.49,206606,1395430912,0.9017,15.5,15.49,-0.0058,10.95,-9.85,-41.25,-17.21,0.0,75.75,3,24.6,12.36,-37.03,0.0,,8,,20260817
BOMXF,"Bolsa Mexicana de Valores, S.A.B. de C.V.",Financial Services,Financial Data & Stock Exchanges,PNK,2.15,4066,1185920000,0.0193,2.12,2.09,1.7606,-1.44,-12.52,-19.23,-12.44,0.0,76.25,2,2.3,1.82,-6.52,0.0,,8,,20260817
VZLA,Vizsla Silver Corp.,Basic Materials,Other Industrial Metals & Mining,NYSE,3.65,5636093,1281216256,0.1828,3.36,4.08,1.5665,-0.52,-18.89,-12.82,-11.87,0.0,36.25,3,7.19,2.88,-49.24,0.0,,8,,20260817
IRMD,IRADIMED CORPORATION,Healthcare,Medical Devices,NASDAQ,88.02,143625,1125510912,3.1446,93.72,93.73,-1.8126,-2.74,-25.17,6.39,-6.94,0.0,44.5,3,107.9,67.84,-18.42,0.0,,8,,20260817
XFABF,X-FAB Silicon Foundries SE,Technology,Semiconductors,PNK,8.4,6975,1102350720,0.4207,9.0,7.1,-1.4248,4.35,41.86,-24.04,6.12,0.0,25.0,3,17.05,5.16,-50.73,0.0,,8,,20260817
LSPD,Lightspeed Commerce Inc.,Technology,Software - Application,NYSE,10.23,1170777,1322734720,0.4262,10.1,10.27,0.3139,12.58,2.36,-38.44,-11.41,0.0,77.0,3,13.71,7.83,-25.41,0.0,,8,,20260817
EDN,Empresa Distribuidora y Comercializadora Norte Sociedad Anónima,Utilities,Utilities - Regulated Electric,NYSE,23.02,109166,1095157760,1.3649,25.47,27.95,-1.7982,-2.17,-32.85,-37.51,-27.05,0.0,18.25,1,36.7,14.38,-37.28,0.0,,8,,20260817
IART,Integra LifeSciences Holdings Corporation,Healthcare,Medical Devices,NASDAQ,17.66,945638,1373462400,0.9096,18.0,13.45,-0.378,20.45,42.07,8.53,23.25,0.0,73.25,3,20.49,8.7,-13.81,0.0,,8,,20260817
OPFI,OppFi Inc.,Financial Services,Credit Services,NYSE,7.02,857206,598161920,0.503,8.93,9.21,-3.7924,-23.27,-35.15,-54.72,-40.01,0.0,33.75,4,12.45,6.5,-43.61,0.0,,8,,20260817
BV,"BrightView Holdings, Inc.",Industrials,Specialty Business Services,NYSE,11.35,946096,1057820032,0.5293,13.3,12.78,-3.6761,-14.51,-30.91,-44.39,-32.2,0.0,35.0,4,15.25,10.42,-25.57,0.0,,8,,20260817
TRIP,"Tripadvisor, Inc.",Consumer Cyclical,Travel Services,NASDAQ,10.17,3890304,1183393024,0.7143,13.06,12.53,-4.0417,2.7,-8.11,-64.72,-28.05,0.0,36.25,4,20.16,9.01,-49.55,0.0,,8,,20260817
VITBF,VITBF,Unknown,Unknown,PNK,25.9,686,0,1.0151,27.92,25.9,-1.9911,-43.88,-85.29,-85.29,-74.93,0.0,30.0,3,41.5,22.79,-37.59,0.0,,8,,20260817
FQVTF,Fevertree Drinks PLC,Consumer Defensive,Beverages - Non-Alcoholic,PNK,11.84,1714,1329073920,0.1126,10.97,10.96,7.7244,10.4,-22.45,-27.99,-16.45,0.0,76.25,2,13.05,9.55,-9.27,0.0,,8,,20260817
PBTDF,Plover Bay Technologies Limited,Technology,Communication Equipment,PNK,1.03,372,1139442560,0.0109,0.94,0.78,7.7959,11.16,-0.03,102.86,43.92,0.0,96.25,2,1.48,0.76,-30.41,0.0,,8,,20260817
BLFS,"BioLife Solutions, Inc.",Healthcare,Medical Instruments & Supplies,NCM,35.45,1132351,1733742720,1.0642,29.54,24.74,5.5507,65.96,45.53,18.88,39.98,0.0,91.25,2,35.46,17.86,-0.03,0.0,,8,,20260817
BFLY,"Butterfly Network, Inc.",Healthcare,Medical Devices,NYSE,9.02,8317316,2401892608,0.6818,7.46,4.72,2.2814,130.71,182.77,518.59,304.08,0.0,90.0,2,10.05,1.34,-10.25,0.0,,8,,20260817
WYFI,"WhiteFiber, Inc.",Technology,Information Technology Services,NCM,30.35,2284806,1179040512,3.4684,29.96,22.06,0.1136,20.61,42.34,48.99,39.57,0.0,60.0,3,46.87,10.51,-35.25,0.0,,8,,20260817
SIFY,Sify Technologies Limited,Communication Services,Telecom Services,NCM,15.5,63195,1122736512,0.6096,15.28,14.15,0.3691,-6.26,-10.95,62.08,19.44,0.0,63.75,2,17.85,7.4,-13.17,0.0,,8,,20260817
AUTLF,Austal Limited,Industrials,Aerospace & Defense,PNK,2.92,7190,1245118976,0.1339,2.79,3.7,1.0053,-4.37,-48.94,-56.54,-40.84,0.0,32.5,3,6.35,2.4,-54.02,0.0,,8,,20260817
SG,"Sweetgreen, Inc.",Consumer Cyclical,Restaurants,NYSE,5.88,6284800,699962944,0.5132,7.34,6.76,-2.8478,-32.12,0.46,-56.87,-30.62,0.0,11.25,4,10.63,4.49,-44.68,0.0,,8,,20260817
FMBH,"First Mid Bancshares, Inc.",Financial Services,Banks - Regional,NASDAQ,51.95,147988,1381969408,0.9502,49.04,42.87,3.0575,19.51,6.78,15.75,13.55,0.0,88.75,2,53.36,34.16,-2.64,0.0,,8,,20260817
ELMTY,Elementis plc,Basic Materials,Specialty Chemicals,PNK,7.46,0,1060969664,0.0049,7.4,8.07,11.704,-4.06,-35.86,-32.94,-26.74,0.0,37.0,3,9.92,7.31,-24.8,0.0,,8,,20260817
NAK,Northern Dynasty Minerals Ltd.,Basic Materials,Other Industrial Metals & Mining,NYSE,1.61,6120743,902100992,0.103,1.76,1.85,-1.4082,-25.88,-39.4,57.76,2.84,0.0,7.5,4,2.98,0.79,-45.97,0.0,,8,,20260817
TK,Teekay Corporation Ltd.,Energy,Oil & Gas Midstream,NYSE,12.85,592067,1126834176,0.4623,11.34,10.6,3.2636,0.28,7.7,66.34,29.3,0.0,67.5,2,14.38,7.38,-10.64,0.0,,8,,20260817
NDTAF,Northern Data AG,Technology,Information Technology Services,PNK,9.25,40,593819264,0.1858,9.65,12.7,-2.1685,-24.57,-48.49,-90.88,-59.47,0.0,12.0,4,30.0,6.38,-69.17,0.0,,8,,20260817
RCAT,"Red Cat Holdings, Inc.",Industrials,Aerospace & Defense,NCM,10.44,12637958,1594337920,0.8383,9.54,10.99,1.0739,5.21,-22.12,-9.71,-10.32,0.0,49.5,3,18.78,5.77,-44.41,0.0,,8,,20260817
DMZPY,Domino's Pizza Enterprises Limited,Consumer Cyclical,Restaurants,PNK,6.78,122,1195705472,0.1163,5.87,6.47,7.7858,15.68,-30.07,-18.49,-14.0,0.0,75.0,3,8.74,3.96,-22.47,0.0,,8,,20260817
WZZAF,Wizz Air Holdings Plc,Industrials,Airlines,PNK,11.14,8,1548114944,0.0004,11.14,13.12,0.0,-4.12,-48.12,-51.87,-38.62,0.0,37.0,3,16.77,11.14,-33.56,0.0,,8,,20260817
SMNR,"Semnur Pharmaceuticals, Inc.",Healthcare,Biotechnology,PNK,0.66,28143,152168240,0.213,1.2,7.05,-2.5352,-93.77,-105.68,-114.16,-106.09,0.0,13.75,4,23.0,0.25,-97.13,0.0,,8,,20260817
TMLDF,TASMEA LTD.,Unknown,Unknown,PNK,5.91,3133,0,0.3246,5.31,5.91,1.854,103.03,18.31,18.31,39.49,0.0,80.0,3,7.75,2.6,-23.74,0.0,,8,,20260817
JKS,"JinkoSolar Holding Co., Ltd.",Technology,Solar,NYSE,16.62,726067,870392576,0.7859,16.41,21.74,0.2701,-31.59,-46.13,-38.21,-39.32,0.0,33.75,3,31.88,14.55,-47.87,0.0,,8,,20260817
MRNFF,Meren Energy Inc.,Energy,Oil & Gas E&P,OQX,1.62,142024,1095306880,0.0507,1.46,1.47,3.213,-7.4,-16.06,23.12,1.78,0.0,58.75,3,1.85,1.19,-12.43,0.0,,8,,20260817
CSR,Centerspace,Real Estate,REIT - Residential,NYSE,54.64,165056,966863104,1.4657,55.95,60.81,-0.8943,-22.1,-25.63,-16.44,-21.07,0.0,24.5,4,69.61,53.81,-21.51,0.0,,8,,20260817
TNGRF,Thungela Resources Limited,Energy,Thermal Coal,PNK,6.57,3751,836254400,0.2735,6.52,7.04,0.1972,-22.68,-21.01,5.22,-10.94,0.0,45.75,3,10.72,4.25,-38.71,0.0,,8,,20260817
NAT,Nordic American Tankers Limited,Energy,Oil & Gas Midstream,NYSE,6.82,3842333,1444139520,0.2557,6.06,4.83,2.9541,25.26,47.64,139.0,78.59,0.0,87.5,2,6.85,2.82,-0.44,0.0,,8,,20260817
SMSZF,"SMS Co., Ltd.",Healthcare,Health Information Services,PNK,8.56,0,702608640,0.0018,8.56,-6.78,0.0,-4.03,-155.44,-162.6,-120.45,0.0,62.0,3,13.05,8.56,-34.41,0.0,,8,,20260817
RMIX,"Suncrete, Inc.",Basic Materials,Building Materials,NASDAQ,17.68,385856,1708112896,1.3443,19.71,17.68,-1.5101,-4.57,41.3,41.3,29.83,0.0,58.75,3,25.5,9.2,-30.67,0.0,,8,,20260817
PSEC,Prospect Capital Corporation,Financial Services,Asset Management,NASDAQ,2.21,5046604,1107226880,0.0702,2.2,2.36,0.0723,1.41,-34.12,-26.74,-22.29,0.0,57.75,3,3.13,2.11,-29.39,0.0,,8,,20260817
ORZCF,Orezone Gold Corporation,Basic Materials,Gold,OQX,1.97,152083,1313926784,0.0893,1.68,1.57,3.2747,9.07,-9.15,116.22,45.55,0.0,63.75,2,2.3,0.75,-14.35,0.0,,8,,20260817
CHRHF,Chervon Holdings Limited,Industrials,Tools & Accessories,PNK,2.55,24,1297322240,0.0159,2.29,2.14,16.2592,38.16,-6.49,8.03,10.48,0.0,75.0,2,3.6,1.93,-29.17,0.0,,8,,20260817
SHPPF,Redcare Pharmacy NV,Healthcare,Pharmaceutical Retailers,PNK,64.8,1,1307622144,0.0629,62.05,62.14,43.6599,39.39,-23.94,-78.0,-29.73,0.0,75.0,3,148.22,45.18,-56.28,0.0,,8,,20260817
GIC,Global Industrial Company,Industrials,Industrial Distribution,NYSE,38.61,126733,1471363072,1.0587,34.66,31.26,3.7278,29.68,8.32,-7.84,7.2,0.0,88.75,2,40.71,26.4,-5.16,0.0,,8,,20260817
ULCC,"Frontier Group Holdings, Inc.",Industrials,Airlines,NASDAQ,6.35,4220727,1461870208,0.4519,6.84,5.11,-1.0754,28.88,4.75,22.21,17.77,0.0,58.75,3,8.4,3.02,-24.45,0.0,,8,,20260817
AGBK,AGI Inc,Financial Services,Banks - Regional,NYSE,6.08,338638,1587849216,0.3251,6.86,6.08,-2.4024,-18.15,-54.47,-55.7,-45.88,0.0,35.0,3,12.21,5.99,-50.2,0.0,,8,,20260817
ARYTF,Aryt Industries Ltd.,Industrials,Aerospace & Defense,PNK,7.9,50,803631616,0.0693,9.3,13.54,-20.1965,-33.75,-73.32,-28305.87,-11356.45,0.0,0.0,4,20.8,0.1,-62.02,0.0,,8,,20260817
TTAPY,TTW Public Company Limited,Utilities,Utilities - Regulated Water,PNK,15.1,9,1196999936,0.0014,15.09,14.48,10.7657,3.78,-12.96,-5.42,-5.76,0.0,75.0,2,15.35,12.96,-1.6,0.0,,8,,20260817
MRVI,"Maravai LifeSciences Holdings, Inc.",Healthcare,Biotechnology,NASDAQ,5.68,2836469,2103631616,0.3334,6.05,4.16,-1.1062,28.86,74.06,85.4,67.3,0.0,56.25,3,7.44,2.28,-23.66,0.0,,8,,20260817
KSKGF,Kingsgate Consolidated Limited,Basic Materials,Gold,PNK,3.42,2079,909884736,0.1177,3.3,3.71,0.9904,-32.8,-28.44,63.73,7.34,0.0,39.5,3,5.28,1.77,-35.23,0.0,,8,,20260817
LNN,Lindsay Corporation,Industrials,Farm & Heavy Construction Machinery,NYSE,114.04,165703,1159659648,3.0305,115.79,117.31,-0.5767,3.47,-29.14,-39.1,-24.97,0.0,60.25,4,148.0,97.27,-22.95,0.0,,8,,20260817
BYITY,Bytes Technology Group plc,Technology,Software - Infrastructure,PNK,11.25,12,1304320768,0.0277,10.55,9.65,25.5242,20.23,12.3,-50.92,-11.01,0.0,75.0,2,16.2,9.15,-30.53,0.0,,8,,20260817
BVHMY,VISTRY GROUP PLC.,Consumer Cyclical,Residential Construction,PNK,3.43,290,1090926464,0.0696,3.47,6.18,-0.5748,-17.67,-74.62,-81.96,-63.32,0.0,12.0,4,10.28,2.98,-66.59,0.0,,8,,20260817
EKZRF,Eckert & Ziegler SE,Healthcare,Medical Devices,PNK,18.0,1,1126377472,0.0015,17.93,18.0,45.4662,-3.35,-3.35,-3.35,-3.35,0.0,62.0,3,18.1,18.0,-0.55,0.0,,8,,20260817
MCB,Metropolitan Bank Holding Corp.,Financial Services,Banks - Regional,NYSE,93.34,141856,1157208576,2.3698,95.0,85.76,-0.7014,2.73,-13.13,5.93,-1.54,0.0,70.75,3,102.04,64.66,-8.53,0.0,,8,,20260817
ASGTF,Altus Group Limited,Real Estate,Real Estate Services,PNK,34.0,20648,1163518976,0.7671,32.91,34.65,1.4236,9.46,7.04,-43.79,-12.69,0.0,65.75,3,46.99,27.8,-27.64,0.0,,8,,20260817
FBAK,First National Bank Alaska,Financial Services,Banks - Regional,OQX,338.0,250,1070407104,7.849,322.48,305.68,1.9769,-3.9,-1.12,11.51,3.24,0.0,61.25,2,343.0,257.01,-1.46,0.0,,8,,20260817
AKTS,"Aktis Oncology, Inc.",Healthcare,Biotechnology,NASDAQ,24.72,363648,1374914048,1.5078,24.74,24.72,-0.0151,21.64,25.25,-1.56,13.63,0.0,74.5,3,34.19,14.72,-27.7,0.0,,8,,20260817
ASA,ASA Gold and Precious Metals Limited,Financial Services,Asset Management,NYSE,59.63,88316,1120325888,2.1445,53.88,60.2,2.6792,-12.69,-30.5,55.56,8.38,0.0,53.25,3,83.2,33.9,-28.33,0.0,,8,,20260817
ARAFF,Arafura Rare Earths Limited,Basic Materials,Other Industrial Metals & Mining,PNK,0.16,404491,971598848,0.021,0.16,0.19,-0.0954,-35.24,-19.82,-6.84,-18.48,0.0,19.5,4,0.37,0.1,-56.76,0.0,,8,,20260817
SBR,Sabine Royalty Trust,Energy,Oil & Gas Midstream,NYSE,72.69,36758,1059772608,1.3694,73.04,71.71,-0.2529,-10.04,-6.87,-12.57,-9.94,0.0,49.5,3,84.39,65.31,-13.86,0.0,,8,,20260817
FHNGY,The Foschini Group Limited,Consumer Cyclical,Department Stores,PNK,3.39,77,1068863872,0.047,3.54,4.22,-3.0882,-0.81,-39.38,-64.08,-39.62,0.0,14.5,4,6.4,2.93,-47.03,0.0,,8,,20260817
EVLV,"Evolv Technologies Holdings, Inc.",Industrials,Security & Protection Services,NCM,5.47,2306266,983896576,0.2588,5.79,6.17,-1.2239,-8.84,-17.64,-46.91,-27.15,0.0,15.0,4,8.81,4.87,-37.91,0.0,,8,,20260817
NURPF,Neuren Pharmaceuticals Limited,Healthcare,Biotechnology,PNK,17.0,148,2155157504,0.2289,12.28,10.95,20.6261,87.52,57.94,16.72,48.85,0.0,76.25,2,17.25,7.7,-1.45,0.0,,8,,20260817
CNMD,CONMED Corporation,Healthcare,Medical Devices,NYSE,49.25,627185,1475099008,2.0802,40.57,40.07,4.171,33.97,3.88,-27.22,-1.03,0.0,87.5,2,56.64,31.44,-13.05,0.0,,8,,20260817
HFWA,Heritage Financial Corporation,Financial Services,Banks - Regional,NASDAQ,29.6,355959,1211100544,0.5975,29.25,26.17,0.585,9.85,-6.76,7.76,3.2,0.0,86.25,2,31.25,21.32,-5.28,0.0,,8,,20260817
UTZ,"Utz Brands, Inc.",Consumer Defensive,Packaged Foods,NYSE,14.15,3533341,2037065216,0.2405,9.95,9.16,17.4639,97.84,45.96,-10.87,36.19,0.0,85.0,2,14.19,6.78,-0.28,0.0,,8,,20260817
CDNA,"CareDx, Inc.",Healthcare,Diagnostics & Research,NASDAQ,46.38,1035782,2399433472,2.1689,33.23,22.54,6.0625,122.81,128.81,261.22,180.27,0.0,85.0,2,49.76,11.27,-6.79,0.0,,8,,20260817
ASTE,"Astec Industries, Inc.",Industrials,Farm & Heavy Construction Machinery,NASDAQ,43.25,223332,994431232,2.2459,52.94,51.63,-4.3157,-12.59,-40.4,-25.54,-27.5,0.0,10.0,4,65.69,40.47,-34.16,0.0,,8,,20260817
BVHMF,Vistry Group PLC,Consumer Cyclical,Residential Construction,PNK,3.72,12914,1181440000,0.1113,3.5,6.08,1.9843,-5.62,-77.1,-77.68,-59.46,0.0,31.25,3,10.39,2.98,-64.2,0.0,,8,,20260817
HQH,Abrdn Healthcare Investors,Financial Services,Asset Management,NYSE,23.67,216669,1353740288,0.4594,21.37,18.99,5.0066,17.76,12.71,43.69,26.37,0.0,92.5,2,24.36,16.1,-2.83,0.0,,8,,20260817
CPPKF,Faraday Copper Corp.,Basic Materials,Copper,OQX,4.16,80080,1215847552,0.2545,4.03,3.03,0.4925,-8.17,59.46,351.59,159.4,0.0,62.5,2,4.83,0.88,-13.78,0.0,,8,,20260817
LIFE,Ethos Technologies Inc.,Financial Services,Insurance Brokers,NASDAQ,35.17,769112,3370638336,2.2682,21.11,35.17,6.2009,57.2,227.85,96.8,132.77,0.0,97.5,3,35.69,9.45,-1.46,0.0,,8,,20260817
DEC,Diversified Energy Company,Energy,Oil & Gas Integrated,NYSE,14.39,1021504,994184832,0.4789,13.51,14.04,1.8397,-13.53,-0.34,-18.39,-10.86,0.0,61.25,3,18.9,12.33,-23.86,0.0,,8,,20260817
HTLD,"Heartland Express, Inc.",Industrials,Trucking,NASDAQ,12.82,686543,991404032,0.5192,14.34,11.51,-2.9213,-8.28,0.1,34.37,11.71,0.0,36.25,3,16.64,7.0,-22.96,0.0,,8,,20260817
MEQYF,Mainstreet Equity Corp.,Real Estate,Real Estate Services,PNK,121.78,379,1131289728,1.0628,120.98,127.5,0.7567,-3.8,-20.25,-38.27,-23.35,0.0,62.0,3,146.61,118.0,-16.94,0.0,,8,,20260817
CIMN,Chimera Investment Corporation ,Unknown,Unknown,NYSE,25.06,7591,0,0.0851,24.81,24.19,2.9377,-3.03,-10.04,-12.19,-9.15,0.0,88.75,2,25.76,24.37,-2.72,0.0,,8,,20260817
CIM,Chimera Investment Corporation,Real Estate,REIT - Mortgage,NYSE,11.74,724498,982004224,0.2787,12.69,12.31,-3.4171,-12.07,-24.54,-23.86,-21.15,0.0,22.0,4,14.88,11.46,-21.1,0.0,,8,,20260817
TDAY,"USA TODAY Co., Inc.",Communication Services,Publishing,NYSE,7.17,1827127,1052684608,0.4338,8.16,6.69,-2.2825,-7.78,6.36,47.58,19.31,0.0,61.25,3,9.21,3.42,-22.15,0.0,,8,,20260817
REAL,"The RealReal, Inc.",Consumer Cyclical,Luxury Goods,NASDAQ,11.08,3246062,1348115968,0.6928,11.4,12.15,-0.4662,17.49,-17.17,19.66,6.23,0.0,59.0,3,17.39,7.21,-36.29,0.0,,8,,20260817
DYLLF,Deep Yellow Limited,Energy,Uranium,OQX,1.04,49443,993686336,0.0848,0.97,1.25,0.8818,-20.16,-53.92,-16.67,-30.58,0.0,38.75,3,2.1,0.0,-50.48,0.0,,8,,20260817
FLTCF,Filtronic plc,Technology,Communication Equipment,PNK,3.35,481154,736808064,0.2734,3.77,3.1,-1.5228,-43.78,9.68,52.92,13.61,0.0,45.0,3,8.5,1.59,-60.59,0.0,,8,,20260817
SVC,Service Properties Trust,Real Estate,REIT - Hotel & Motel,NASDAQ,8.09,1835907,1047731776,0.3527,8.33,8.92,-0.6821,-6.76,-39.81,-55.79,-37.94,0.0,31.5,4,15.05,5.65,-46.25,0.0,,8,,20260817
COLL,"Collegium Pharmaceutical, Inc.",Healthcare,Drug Manufacturers - Specialty & Generic,NASDAQ,28.07,495567,910416192,1.8068,34.25,39.12,-3.4192,-22.95,-52.03,-47.0,-42.75,0.0,13.75,4,50.79,25.47,-44.73,0.0,,8,,20260817
LNZNF,Lenzing Aktiengesellschaft,Consumer Cyclical,Textile Manufacturing,PNK,27.07,3,1168320512,0.0566,28.21,28.08,-20.1111,-10.24,-28.75,-21.69,-21.3,0.0,24.0,4,32.21,24.33,-15.96,0.0,,8,,20260817
CBLNY,Mersen S.A.,Industrials,Electrical Equipment & Parts,PNK,8.2,57,996484352,0.0392,8.82,6.68,-15.8872,-2.41,21.18,34.88,20.76,0.0,25.0,3,11.25,5.05,-27.11,0.0,,8,,20260817
RJET,Republic Airways Holdings Inc.,Industrials,Airlines,NASDAQ,20.22,167561,946690240,1.1136,19.11,19.53,0.9991,-4.8,-1.61,-0.77,-2.07,0.0,58.75,3,26.7,15.37,-24.27,0.0,,8,,20260817
SMGRF,Summerset Group Holdings Limited,Healthcare,Medical Care Facilities,PNK,4.72,19,1145173504,0.003,4.71,5.92,3.626,0.39,-45.53,-70.19,-43.91,0.0,50.0,3,9.45,4.52,-50.05,0.0,,8,,20260817
DEA,"Easterly Government Properties, Inc.",Real Estate,REIT - Office,NYSE,24.53,398933,1202112512,0.5635,24.26,22.22,0.4724,3.71,-5.52,-1.5,-1.6,0.0,86.25,2,25.96,20.56,-5.51,0.0,,8,,20260817
ROCK,"Gibraltar Industries, Inc.",Industrials,Building Products & Equipment,NASDAQ,47.53,364445,1409831040,2.405,43.93,46.03,1.496,29.54,-27.11,-44.0,-19.7,0.0,86.25,3,75.08,33.56,-36.69,0.0,,8,,20260817
AIAI,AIAI Holdings Corporation,Industrials,Conglomerates,NASDAQ,5.01,295748,352273120,0.9873,10.02,5.01,-5.0754,-71.31,-70.34,-70.34,-70.58,0.0,49.5,3,19.57,3.82,-74.4,0.0,,8,,20260817
JNDOF,JINS HOLDINGS Inc.,Healthcare,Medical Instruments & Supplies,PNK,38.43,1,897164160,0.1192,42.83,29.85,-36.8827,-22.65,54.36,49.46,33.15,0.0,25.0,3,47.22,22.75,-18.61,0.0,,8,,20260817
ORRAF,Orora Limited,Consumer Cyclical,Packaging & Containers,PNK,1.0,12,1225342848,0.0023,0.94,1.18,26.9707,-27.7,-36.07,-29.91,-31.51,0.0,25.0,3,1.46,0.9,-31.51,0.0,,8,,20260817
PZZA,"Papa John's International, Inc.",Consumer Cyclical,Restaurants,NASDAQ,23.23,1228659,764770816,1.3697,31.69,34.96,-6.1785,-37.02,-39.88,-69.95,-51.19,0.0,6.25,4,55.74,23.11,-58.32,0.0,,8,,20260817
CEVA,"CEVA, Inc.",Technology,Semiconductors,NASDAQ,32.71,864475,920919680,3.0214,40.14,28.59,-2.4599,-15.21,30.35,14.6,12.66,0.0,36.25,3,51.6,17.02,-36.61,0.0,,8,,20260817
PHGPY,Pets at Home Group Plc,Consumer Cyclical,Specialty Retail,PNK,9.96,161,1087711488,0.0099,10.13,10.42,-17.4946,1.77,-24.91,-19.31,-16.0,0.0,49.0,3,11.28,9.56,-11.7,0.0,,8,,20260817
AOD,Abrdn Total Dynamic Dividend Fund,Financial Services,Asset Management,NYSE,10.78,419148,1136713216,0.1141,10.34,9.61,3.8452,2.07,-3.29,12.42,4.34,0.0,86.25,2,10.81,8.76,-0.28,0.0,,8,,20260817
ASM,Avino Silver & Gold Mines Ltd.,Basic Materials,Other Precious Metals & Mining,NYSE,7.2,3802124,1258293376,0.3969,6.16,6.73,2.621,-3.96,-40.39,68.34,12.21,0.0,62.5,3,11.99,3.66,-39.95,0.0,,8,,20260817
SVAUF,StorageVault Canada Inc.,Real Estate,Real Estate Services,PNK,3.24,15751,1185034752,0.0285,3.34,3.39,-3.6242,2.06,-24.9,-26.45,-18.78,0.0,55.25,4,3.78,3.0,-14.29,0.0,,8,,20260817
CFPZF,Canfor Corporation,Basic Materials,Lumber & Wood Production,PNK,10.77,18958,1292526464,0.2835,10.08,9.54,2.4205,17.66,-17.09,-6.9,-4.33,0.0,81.25,2,11.83,7.83,-8.96,0.0,,8,,20260817
JBIO,"Jade Biosciences, Inc.",Healthcare,Biotechnology,NCM,23.45,1125867,1491358848,1.5504,20.18,17.14,2.1088,-6.36,44.32,198.78,93.43,0.0,62.5,2,28.0,6.71,-16.25,0.0,,8,,20260817
GRRMY,Gerresheimer AG,Healthcare,Medical Instruments & Supplies,PNK,7.61,62,1051397632,0.0779,7.66,7.1,-0.6495,-5.19,25.57,-61.98,-17.14,0.0,63.25,3,13.2,4.71,-42.33,0.0,,8,,20260817
FPF,First Trust Intermediate Duration Preferred & Income Fund,Financial Services,Asset Management,NYSE,17.85,97832,1086133760,0.1665,17.72,17.7,0.7519,-3.83,-15.86,-18.07,-13.74,0.0,60.0,2,19.75,17.21,-9.62,0.0,,8,,20260817
VULNF,Vulcan Energy Resources Limited,Basic Materials,Other Industrial Metals & Mining,PNK,2.08,1214,995614272,0.1169,2.12,2.73,-0.3414,-29.22,-40.44,-37.11,-36.3,0.0,14.5,4,5.43,1.76,-61.69,0.0,,8,,20260817
UVSP,Univest Financial Corporation,Financial Services,Banks - Regional,NASDAQ,43.06,240829,1187627904,0.7846,43.2,36.37,-0.1773,10.22,10.68,23.47,15.68,0.0,70.75,3,45.46,28.04,-5.28,0.0,,8,,20260817
DBVT,DBV Technologies S.A.,Healthcare,Biotechnology,NCM,14.67,318258,921948096,0.7816,15.21,18.13,-0.6897,-30.14,-43.75,28.26,-11.54,0.0,24.5,4,26.18,8.7,-43.98,0.0,,8,,20260817
IRCUF,Irish Continental Group plc,Industrials,Marine Shipping,PNK,9.1,11056,1351048576,0.0804,7.71,7.41,17.2492,9.72,10.96,21.41,14.83,0.0,75.0,2,9.1,6.43,0.0,0.0,,8,,20260817
FINV,FinVolution Group,Financial Services,Credit Services,NYSE,4.37,719645,1031730752,0.1468,4.78,4.95,-2.7586,-12.61,-30.05,-68.44,-41.05,0.0,8.75,4,9.72,4.27,-55.06,0.0,,8,,20260817
LZ,"LegalZoom.com, Inc.",Industrials,Specialty Business Services,NASDAQ,5.44,2889935,931680640,0.4681,6.65,7.54,-2.5914,-14.13,-34.75,-70.15,-43.76,0.0,37.5,4,12.4,5.22,-56.13,0.0,,8,,20260817
INDI,"indie Semiconductor, Inc.",Technology,Semiconductors,NCM,4.71,6231275,995169280,0.3838,3.93,3.86,2.043,7.61,11.66,-20.7,-2.3,0.0,63.75,3,6.05,2.32,-22.15,0.0,,8,,20260817
GRRMF,Gerresheimer AG,Healthcare,Medical Instruments & Supplies,PNK,31.14,38,1075575552,0.3631,31.76,37.05,-1.6956,-5.39,-53.99,-61.15,-44.7,0.0,12.0,4,51.41,19.16,-39.43,0.0,,8,,20260817
MMI,"Marcus & Millichap, Inc.",Real Estate,Real Estate Services,NYSE,31.03,194895,1175137280,0.8751,30.73,28.25,0.3403,5.31,7.26,-19.11,-3.78,0.0,87.5,2,33.62,24.43,-7.7,0.0,,8,,20260817
AORT,"Artivion, Inc.",Healthcare,Medical Devices,NYSE,28.32,752667,1380776192,1.2101,24.33,35.04,3.298,19.57,-36.56,-55.19,-29.98,0.0,66.25,3,48.25,19.16,-41.31,0.0,,8,,20260817
LNRCF,LUNR ROYALTIES CORP,Unknown,Unknown,PNK,14.3,26887,0,1.4892,14.03,14.3,0.1813,-18.42,-5.31,37.23,8.43,0.0,62.5,3,27.0,9.45,-47.04,0.0,,8,,20260817
SHAZ,SharonAI Holdings Inc.,Technology,Information Technology Services,NCM,76.9,1687901,2753289472,8.2006,68.38,76.9,1.0395,37.79,129.4,129.4,106.5,0.0,66.25,3,97.48,16.55,-21.11,0.0,,8,,20260817
UVE,"Universal Insurance Holdings, Inc.",Financial Services,Insurance - Property & Casualty,NYSE,42.69,206787,1188077824,1.3049,40.83,35.43,1.4248,5.77,24.69,57.87,33.23,0.0,87.5,2,45.15,23.32,-5.45,0.0,,8,,20260817
MRCHF,"H.U. Group Holdings, Inc.",Healthcare,Diagnostics & Research,PNK,22.95,70,1252977536,0.2442,20.5,21.11,10.0333,10.4,2.65,-18.35,-3.81,0.0,76.25,3,28.06,18.6,-18.21,0.0,,8,,20260817
UPWK,Upwork Inc.,Communication Services,Internet Content & Information,NASDAQ,8.19,3695033,1022958528,0.5072,8.84,13.41,-1.2819,-4.56,-52.03,-61.35,-43.89,0.0,38.75,4,22.84,7.44,-64.14,0.0,,8,,20260817
DLX,Deluxe Corporation,Industrials,Conglomerates,NYSE,24.27,418364,1112932096,0.8632,24.65,24.47,-0.4347,1.33,-20.16,11.41,-2.16,0.0,59.0,3,32.07,17.76,-24.32,0.0,,8,,20260817
IGIC,International General Insurance Holdings Ltd.,Financial Services,Insurance - Diversified,NCM,26.24,90459,1114326144,0.7997,26.93,24.55,-0.8599,1.03,-3.77,-6.55,-3.68,0.0,72.0,3,29.59,20.82,-11.31,0.0,,8,,20260817
OSBC,"Old Second Bancorp, Inc.",Financial Services,Banks - Regional,NASDAQ,25.83,407662,1314119680,0.4385,23.66,20.87,4.9551,21.98,12.41,26.13,20.29,0.0,91.25,2,26.05,16.65,-0.84,0.0,,8,,20260817
EYPT,"EyePoint, Inc.",Healthcare,Biotechnology,NASDAQ,4.87,1478245,408307104,1.6336,13.01,14.12,-4.9827,-65.37,-76.3,-76.25,-73.55,0.0,12.5,4,19.11,3.95,-74.52,0.0,,8,,20260817
GPRE,Green Plains Inc.,Basic Materials,Chemicals,NASDAQ,16.14,1446117,1131338496,0.8255,15.93,13.97,0.258,-10.64,3.87,65.24,24.79,0.0,74.5,2,19.65,7.53,-17.86,0.0,,8,,20260817
TGONF,Tetragon Financial Group Limited,Unknown,Unknown,PNK,13.2,10803,1110119936,0.1003,13.1,14.95,0.9809,-2.49,-27.38,-46.71,-28.89,0.0,51.25,3,19.62,11.97,-32.72,0.0,,8,,20260817
DGIPF,DigiPlus Interactive Corp.,Unknown,Unknown,PNK,0.19,37764,0,0.0216,0.18,0.19,0.4256,7.66,-34.22,-94.3,-47.78,0.0,61.25,3,0.81,0.14,-76.83,0.0,,8,,20260817
NWPX,"NWPX Infrastructure, Inc.",Basic Materials,Steel,NASDAQ,117.04,195830,1127938176,5.9676,130.88,90.37,-2.3196,0.83,42.8,102.48,56.18,0.0,57.5,3,152.03,49.25,-23.02,0.0,,8,,20260817
TSHTY,Toshiba Tec Corporation,Technology,Computer Hardware,PNK,10.2,709,1081265024,0.2205,9.54,9.28,2.9845,10.55,-12.02,-16.87,-8.32,0.0,51.25,3,12.59,8.01,-18.96,0.0,,8,,20260817
EVV,Eaton Vance Limited Duration Income Fund,Financial Services,Asset Management,NYSE,9.13,414954,1060937536,0.076,9.13,9.23,-0.0011,-3.15,-17.88,-22.47,-16.03,0.0,55.25,4,10.41,8.97,-12.3,0.0,,8,,20260817
EVO,Evotec SE,Healthcare,Drug Manufacturers - Specialty & Generic,NASDAQ,1.96,53333,696562688,0.0887,2.36,2.94,-4.5375,-32.21,-58.1,-69.82,-56.32,0.0,6.25,4,4.27,1.9,-54.1,0.0,,8,,20260817
SMSSY,"SMS Co., Ltd.",Healthcare,Health Information Services,PNK,7.23,30,1428675456,0.0345,7.02,5.57,6.0298,35.58,44.92,-7.79,21.5,0.0,75.0,2,7.96,4.42,-9.15,0.0,,8,,20260817
OCFC,OceanFirst Financial Corp.,Financial Services,Banks - Regional,NASDAQ,19.64,1033232,1898112000,0.4008,18.98,18.4,1.651,4.23,-11.51,-4.21,-4.66,0.0,88.75,2,20.61,16.92,-4.71,0.0,,8,,20260817
ELE,Elemental Royalty Corporation,Basic Materials,Other Precious Metals & Mining,NCM,21.24,388450,1367495552,0.9386,16.43,17.67,5.1262,10.86,-6.79,22.89,9.5,0.0,68.75,3,26.96,12.58,-21.22,0.0,,8,,20260817
ALNT,Allient Inc.,Technology,Electronic Components,NASDAQ,113.02,285685,1920945792,6.1368,94.12,70.43,3.079,79.6,55.8,136.35,93.97,0.0,85.0,2,118.67,41.75,-4.76,0.0,,8,,20260817
TMVWF,TeamViewer SE,Technology,Software - Application,PNK,7.65,22,1200791168,0.0105,7.45,6.66,18.8404,18.93,3.31,-46.39,-12.66,0.0,75.0,2,11.14,5.17,-31.33,0.0,,8,,20260817
BNGRF,Savencia SA,Consumer Defensive,Packaged Foods,PNK,82.35,3,1062776704,0.0159,82.27,71.26,4.9164,13.11,2.58,35.74,18.48,0.0,75.0,2,82.35,52.3,-0.0,0.0,,8,,20260817
PXED,"Phoenix Education Partners, Inc.",Consumer Defensive,Education & Training Services,NYSE,26.89,120532,969313920,1.297,30.44,30.11,-2.7393,-12.57,-17.63,-44.06,-26.94,0.0,12.5,4,47.08,23.52,-42.88,0.0,,8,,20260817
LQDT,"Liquidity Services, Inc.",Consumer Cyclical,Internet Retail,NASDAQ,42.71,205545,1338173440,1.5562,39.03,33.12,2.3673,24.78,25.05,41.76,31.67,0.0,86.25,2,43.82,21.67,-2.53,0.0,,8,,20260817
SMPL,The Simply Good Foods Company,Consumer Defensive,Packaged Foods,NCM,10.84,2385375,958702720,0.5417,11.86,15.33,-1.8838,-9.61,-46.44,-84.69,-52.53,0.0,11.25,4,30.36,9.88,-64.3,0.0,,8,,20260817
AMN,"AMN Healthcare Services, Inc.",Healthcare,Medical Care Facilities,NYSE,34.54,945009,1337734016,1.9834,32.9,23.07,0.8252,15.93,98.62,63.87,64.05,0.0,87.5,2,37.22,14.97,-7.2,0.0,,8,,20260817
MGAWY,Megaworld Corporation,Real Estate,Real Estate - Development,PNK,7.32,91,1186933632,0.0258,6.73,6.91,22.8841,4.09,-21.43,-20.75,-14.78,0.0,75.0,3,7.93,6.16,-7.69,0.0,,8,,20260817
KRNGY,Karoon Energy Ltd,Energy,Oil & Gas E&P,PNK,2.41,34,845424000,0.0198,2.22,2.14,9.4206,-13.57,23.38,-14.07,-0.84,0.0,51.25,2,2.86,1.76,-15.61,0.0,,8,,20260817
ABR,"Arbor Realty Trust, Inc.",Real Estate,REIT - Mortgage,NYSE,5.0,4217827,1013641280,0.1753,4.98,6.65,0.125,-12.92,-42.51,-72.05,-46.93,0.0,33.75,3,12.58,4.73,-60.25,0.0,,8,,20260817
LGIH,"LGI Homes, Inc. Common Stock",Consumer Cyclical,Residential Construction,NASDAQ,58.62,370567,1362813696,2.854,58.01,49.68,0.2146,40.26,-17.57,-30.97,-8.47,0.0,87.5,2,69.5,33.55,-15.65,0.0,,8,,20260817
MNXBF,"Monex Group, Inc.",Financial Services,Capital Markets,PNK,4.04,66,1015509248,0.0118,4.1,-4.36,-5.1643,-9.42,-149.49,-104.1,-96.32,0.0,37.0,3,6.15,3.85,-34.31,0.0,,8,,20260817
LSDAF,Lassonde Industries Inc.,Consumer Defensive,Beverages - Non-Alcoholic,PNK,157.01,19,1066423872,0.2299,156.52,157.9,2.1168,-0.84,-15.29,-20.06,-13.59,0.0,37.0,3,168.47,113.91,-6.8,0.0,,8,,20260817
MDEVY,Melco International Development Limited,Consumer Cyclical,Resorts & Casinos,PNK,2.14,17,973662656,0.0105,2.3,2.69,-14.8343,-8.03,-43.23,-52.68,-38.21,0.0,0.0,4,3.57,2.14,-40.06,0.0,,8,,20260817
XERS,"Xeris Biopharma Holdings, Inc.",Healthcare,Drug Manufacturers - Specialty & Generic,NASDAQ,8.52,1858320,1553369088,0.3765,7.9,7.03,1.6498,31.74,10.99,-4.42,10.01,0.0,90.0,2,10.08,5.25,-15.48,0.0,,8,,20260817
HYLN,Hyliion Holdings Corp.,Consumer Cyclical,Auto Parts,NYSE,4.09,5034038,730462656,0.5077,4.8,2.97,-1.408,-17.22,86.55,120.88,74.34,0.0,32.5,3,8.49,1.47,-51.83,0.0,,8,,20260817
BOPCF,BioPharma Credit PLC,Unknown,Unknown,PNK,0.99,360323,905384737,0.0442,0.99,0.99,0.0,-40.1,-40.1,-40.1,-40.1,0.0,63.25,3,1.02,0.85,-2.91,0.0,,8,,20260817
SAFT,"Safety Insurance Group, Inc.",Financial Services,Insurance - Property & Casualty,NASDAQ,103.36,207496,1517374592,1.3631,83.68,76.12,14.4397,42.65,19.67,24.91,27.51,0.0,87.5,2,103.75,67.04,-0.38,0.0,,8,,20260817
FMBL,Farmers & Merchants Bank of Long Beach,Financial Services,Banks - Regional,OQX,9800.01,96,1184958336,99.5026,9264.74,8489.42,5.3795,11.55,3.36,52.06,24.89,0.0,90.0,2,9889.0,5700.0,-0.9,0.0,,8,,20260817
HMH,HMH Holding Inc.,Energy,Oil & Gas Equipment & Services,NASDAQ,21.25,295122,933603392,1.1502,19.81,21.25,1.2528,-6.83,-8.01,-8.01,-7.71,0.0,65.0,3,24.5,16.32,-13.27,0.0,,8,,20260817
SAEYY,Redcare Pharmacy NV,Healthcare,Pharmaceutical Retailers,PNK,7.29,23,1471074816,0.0243,7.03,6.81,10.8346,17.57,-22.28,-60.81,-27.73,0.0,75.0,2,11.97,3.59,-39.1,0.0,,8,,20260817
LPTH,"LightPath Technologies, Inc.",Technology,Electronic Components,NCM,14.8,3545980,929283264,1.2293,12.97,11.58,1.4886,23.67,14.53,285.46,125.19,0.0,61.25,2,18.94,3.36,-21.86,0.0,,8,,20260817
GTM,ZoomInfo Technologies Inc.,Technology,Software - Application,NASDAQ,3.76,10756032,1094573824,0.2754,3.16,6.43,2.1657,-7.39,-54.82,-83.79,-54.55,0.0,36.25,3,12.51,2.54,-69.94,0.0,,8,,20260817
IVA,Inventiva S.A.,Healthcare,Biotechnology,NASDAQ,4.7,1012680,1110237056,0.2173,4.21,5.02,2.252,-18.4,-37.76,-9.76,-21.72,0.0,50.75,3,7.98,3.35,-41.12,0.0,,8,,20260817
EVEX,"Eve Holding, Inc.",Industrials,Aerospace & Defense,NYSE,2.66,1097609,926973696,0.1884,2.57,3.3,0.4639,-15.84,-25.57,-60.95,-37.29,0.0,37.5,3,5.16,2.1,-48.45,0.0,,8,,20260817
CCB,Coastal Financial Corporation,Financial Services,Banks - Regional,NASDAQ,48.94,217262,748112832,3.8358,67.69,85.81,-4.8878,-33.26,-55.31,-75.76,-57.98,0.0,13.75,4,120.05,36.61,-59.23,0.0,,8,,20260817
DPZUF,Domino's Pizza Enterprises Limited,Consumer Cyclical,Restaurants,PNK,13.8,138,1196652928,0.1087,12.11,13.0,15.5489,18.36,-15.11,-1.71,-1.38,0.0,76.25,3,15.6,8.27,-11.54,0.0,,8,,20260817
CRVS,"Corvus Pharmaceuticals, Inc.",Healthcare,Biotechnology,NASDAQ,14.91,1316577,1254243200,0.7279,13.7,13.34,1.6684,16.32,-34.04,186.29,66.68,0.0,90.0,2,26.95,5.03,-44.68,0.0,,8,,20260817
PGY,Pagaya Technologies Ltd.,Technology,Software - Infrastructure,NCM,20.93,3621032,1746102912,1.2286,17.7,17.57,2.633,49.78,54.44,-58.69,8.02,0.0,83.75,2,44.99,10.4,-53.48,0.0,,8,,20260817
FUBO,FuboTV Inc.,Communication Services,Broadcasting,NYSE,10.27,1514887,310197920,0.7448,9.47,19.18,1.0722,1.96,-50.07,-98.0,-56.24,0.0,40.0,3,56.64,7.95,-81.87,0.0,,8,,20260817
TNLIY,Trainline plc,Consumer Cyclical,Travel Services,PNK,5.87,1,1009106432,0.0002,5.87,6.22,0.0,-4.03,-21.39,-35.52,-22.7,0.0,37.0,3,6.81,5.87,-13.8,0.0,,8,,20260817
MLKN,"MillerKnoll, Inc.",Consumer Cyclical,"Furnishings, Fixtures & Appliances",NASDAQ,23.34,819435,1589996416,0.8406,20.38,17.93,3.5187,58.47,-4.55,-8.05,9.81,0.0,87.5,2,24.71,13.77,-5.54,0.0,,8,,20260817
IQ,"iQIYI, Inc.",Communication Services,Entertainment,NASDAQ,1.33,6491356,1283482880,0.0623,1.16,1.55,2.7799,9.85,-40.05,-51.5,-32.15,0.0,65.0,3,2.84,0.95,-53.17,0.0,,8,,20260817
BJCHY,Beijing Capital International Airport Company Limited,Industrials,Airports & Air Services,PNK,0.97,241,899167552,0.0028,0.96,1.31,1.8392,-12.47,-46.26,-58.74,-42.8,0.0,25.0,3,2.18,0.89,-55.5,0.0,,8,,20260817
GHM,Graham Corporation,Industrials,Specialty Industrial Machinery,NYSE,115.48,268322,1355392640,5.8434,107.93,85.69,1.2918,12.7,22.89,109.14,54.84,0.0,86.25,2,125.82,46.58,-8.22,0.0,,8,,20260817
SAFE,Safehold Inc.,Real Estate,REIT - Diversified,NYSE,14.98,326470,1060827840,0.4699,15.95,14.62,-2.0563,2.08,-15.95,-19.69,-12.94,0.0,60.0,3,17.45,12.76,-14.15,0.0,,8,,20260817
HSLV,Highlander Silver Corp.,Basic Materials,Silver,NYSE,5.26,471093,1070007232,0.2899,4.67,5.26,2.0518,-9.68,-35.63,-35.63,-29.15,0.0,63.75,3,6.97,3.88,-24.53,0.0,,8,,20260817
RZLV,Rezolve AI PLC,Technology,Software - Infrastructure,NASDAQ,2.61,13167191,1040939968,0.1396,2.56,2.77,0.371,-2.45,1.04,-36.11,-14.69,0.0,52.0,3,8.45,2.05,-69.11,0.0,,8,,20260817
MPZZF,MPC Container Ships ASA,Industrials,Marine Shipping,PNK,2.8,12667,1366596864,0.0678,2.54,2.17,3.8246,11.14,26.06,30.22,23.99,0.0,80.0,2,2.85,1.55,-1.75,0.0,,8,,20260817
MLXEF,Metals X Limited,Basic Materials,Other Industrial Metals & Mining,PNK,1.32,29121,1177497856,0.085,1.04,0.89,3.3457,5.38,32.89,215.62,99.11,0.0,57.5,2,1.45,0.36,-8.65,0.0,,8,,20260817
PRCH,"Porch Group, Inc.",Financial Services,Insurance - Property & Casualty,NCM,16.76,1889717,1902592512,0.9422,13.46,10.17,3.4993,57.15,82.23,-16.72,36.38,0.0,87.5,2,19.44,6.36,-13.77,0.0,,8,,20260817
MHPSY,MHP SE,Consumer Defensive,Farm Products,PNK,7.75,38,829546112,0.0142,8.31,7.99,-39.0966,-26.38,-18.17,2.08,-12.12,0.0,12.0,4,9.98,5.96,-22.34,0.0,,8,,20260817
MNKD,MannKind Corporation,Healthcare,Biotechnology,NASDAQ,3.9,5170622,1245624960,0.2187,3.95,4.25,-0.2341,21.41,-45.03,-15.73,-16.7,0.0,61.5,4,6.51,2.23,-40.09,0.0,,8,,20260817
HTROF,Hexatronic Group AB (publ),Technology,Communication Equipment,PNK,4.32,145,956658240,0.0714,4.4,3.35,-1.1294,-19.18,18.36,65.3,27.75,0.0,37.0,3,5.09,1.8,-15.14,0.0,,8,,20260817
ALVO,Alvotech,Healthcare,Drug Manufacturers - Specialty & Generic,NASDAQ,3.88,853185,1312292992,0.222,3.67,4.22,0.9521,12.42,-30.32,-75.35,-37.65,0.0,74.5,3,9.25,2.94,-58.05,0.0,,8,,20260817
TMVWY,TeamViewer SE,Technology,Software - Application,PNK,3.7,1553,1163464448,0.0448,3.22,3.11,10.7441,17.28,5.96,-50.56,-13.82,0.0,76.25,2,5.69,2.4,-34.95,0.0,,8,,20260817
UPBD,"Upbound Group, Inc.",Technology,Software - Application,NASDAQ,19.42,1007446,1132174464,0.7614,19.98,18.52,-0.7312,10.98,-14.15,-30.64,-14.46,0.0,72.0,3,28.03,15.82,-30.72,0.0,,8,,20260817
ACVA,ACV Auctions Inc.,Consumer Cyclical,Auto & Truck Dealerships,NYSE,7.62,3678193,1293936768,0.5418,7.14,6.66,0.8856,23.91,1.34,-53.64,-15.01,0.0,87.5,2,12.21,4.07,-37.59,0.0,,8,,20260817
BJCHF,Beijing Capital International Airport Company Limited,Industrials,Airports & Air Services,PNK,0.18,354,1076107008,0.0009,0.19,0.28,-7.7604,-18.32,-60.01,-68.78,-53.1,0.0,12.0,4,0.41,0.18,-56.1,0.0,,8,,20260817
CHY,Calamos Convertible and High Income Fund,Financial Services,Asset Management,NASDAQ,13.44,185864,1079639296,0.215,13.01,11.71,1.9968,4.74,3.6,15.45,8.62,0.0,88.75,2,13.91,10.41,-3.38,0.0,,8,,20260817
OCSL,Oaktree Specialty Lending Corporation,Financial Services,Asset Management,NASDAQ,12.85,577117,1131899008,0.2929,12.01,11.81,2.8677,4.46,-0.97,-14.2,-4.9,0.0,85.0,2,14.31,10.63,-10.2,0.0,,8,,20260817
BRBR,"BellRing Brands, Inc.",Consumer Defensive,Packaged Foods,NYSE,10.18,5236829,1183712000,0.8175,11.53,18.6,-1.6528,7.72,-56.24,-95.39,-55.91,0.0,35.0,4,43.02,7.82,-76.34,0.0,,8,,20260817
GLDAF,GlobalData Plc,Industrials,Consulting Services,PNK,0.98,41,640830144,0.0045,1.15,1.3,-38.6285,-34.56,-53.76,-81.7,-60.13,0.0,0.0,4,2.45,0.98,-60.12,0.0,,8,,20260817
RXT,"Rackspace Technology, Inc.",Technology,Software - Infrastructure,NASDAQ,3.95,17301483,1006747776,0.5411,5.17,2.61,-2.246,-36.93,826.54,205.32,362.18,0.0,35.0,3,8.6,0.39,-54.07,0.0,,8,,20260817
HIVE,HIVE Digital Technologies Ltd.,Financial Services,Capital Markets,NCM,3.07,28007874,840070336,0.2562,3.33,3.02,-1.017,9.32,24.98,15.31,17.2,0.0,33.75,3,7.84,1.73,-60.84,0.0,,8,,20260817
CBLNF,Mersen S.A.,Industrials,Electrical Equipment & Parts,PNK,47.67,69,1158595328,0.6014,42.06,33.15,9.3325,10.83,50.76,80.46,52.66,0.0,75.0,2,48.47,28.64,-1.65,0.0,,8,,20260817
PURR,Hyperliquid Strategies Inc.,Financial Services,Capital Markets,NCM,7.15,13820470,1434030464,0.4489,7.56,7.15,-0.9098,-2.51,51.57,69.42,45.19,0.0,35.0,3,11.62,3.01,-38.47,0.0,,8,,20260817
JWLLF,Jamieson Wellness Inc.,Consumer Defensive,Packaged Foods,PNK,32.77,2241,1359658112,0.2908,28.82,25.71,13.5753,29.49,15.72,18.13,20.12,0.0,76.25,2,32.78,23.88,-0.03,0.0,,8,,20260817
HBT,"HBT Financial, Inc.",Financial Services,Banks - Regional,NASDAQ,36.94,163896,1343345664,0.7537,,,,32.46,15.28,29.42,25.23,0.0,25.75,3,37.51,22.36,-1.52,0.0,,8,,20260817
RSTCF,"RS Technologies Co., Ltd.",Technology,Semiconductors,PNK,38.17,175,1015184896,0.3761,43.09,38.17,-13.0776,-11.3,-15.27,-15.27,-14.28,0.0,25.0,3,51.17,38.17,-25.41,0.0,,8,,20260817
SVRA,Savara Inc.,Healthcare,Biotechnology,NASDAQ,5.37,1766908,1103320320,0.281,5.62,5.49,-0.9038,-1.64,-21.91,77.75,23.02,0.0,56.5,3,7.0,2.92,-23.34,0.0,,8,,20260817
CMRF,"CIM Group, Inc.",Real Estate,REIT - Diversified,PNK,2.1,3424,1003176256,0.0633,2.18,2.1,-1.1925,-11.63,-15.71,192461.77,76976.3,0.0,37.0,3,3.6,0.0,-41.67,0.0,,8,,20260817
RERE,ATRenew Inc.,Consumer Cyclical,Internet Retail,NYSE,4.56,1108687,1009998336,0.1822,4.08,4.74,2.6328,0.75,-31.36,-11.09,-15.23,0.0,50.75,3,6.47,3.5,-29.52,0.0,,8,,20260817
APYRF,Allied Properties Real Estate Investment Trust,Real Estate,REIT - Office,PNK,6.64,39727,1299880320,0.0844,7.06,7.89,-5.0004,-9.58,-14.81,-67.37,-34.53,0.0,5.0,4,15.91,6.46,-58.27,0.0,,8,,20260817
TNDM,"Tandem Diabetes Care, Inc. Common Stock",Healthcare,Medical Devices,NASDAQ,22.25,2298709,1548473984,1.249,17.53,19.34,3.7794,53.74,5.06,78.81,46.73,0.0,91.25,3,29.65,10.25,-24.94,0.0,,8,,20260817
PDM,"Piedmont Realty Trust, Inc.",Real Estate,REIT - Office,NYSE,9.36,1054045,1171243136,0.2652,9.42,8.34,-0.218,15.2,-0.48,-0.51,3.43,0.0,74.5,3,10.13,6.32,-7.6,0.0,,8,,20260817
CWAFF,China Water Affairs Group Limited,Utilities,Utilities - Regulated Water,PNK,0.62,96,1012424704,0.0001,0.62,0.68,0.0,-12.86,-23.38,-38.05,-26.62,0.0,37.0,3,0.8,0.62,-22.5,0.0,,8,,20260817
CRON,Cronos Group Inc.,Healthcare,Drug Manufacturers - Specialty & Generic,NASDAQ,3.15,1167548,1160500608,0.1058,2.82,2.67,3.1104,14.97,7.22,3.87,7.82,0.0,86.25,2,3.43,2.28,-8.16,0.0,,8,,20260817
PLOW,"Douglas Dynamics, Inc.",Consumer Cyclical,Auto Parts,NYSE,41.98,270683,968774400,1.781,45.99,40.63,-2.2532,-9.31,-13.23,14.32,-1.23,0.0,33.75,3,55.0,28.52,-23.67,0.0,,8,,20260817
TWFG,"TWFG, Inc.",Financial Services,Insurance Brokers,NASDAQ,26.08,184883,1409670784,1.2122,24.8,23.27,1.0527,43.89,13.95,-29.15,4.19,0.0,88.75,2,29.99,16.56,-13.04,0.0,,8,,20260817
GNK,Genco Shipping & Trading Limited,Industrials,Marine Shipping,NYSE,26.22,342459,1142840704,0.9083,24.87,21.72,1.4887,3.71,12.43,45.03,23.29,0.0,88.75,2,27.25,15.55,-3.78,0.0,,8,,20260817
MOGLF,Mongolian Mining Corporation,Basic Materials,Coking Coal,OQX,1.15,4288,930963072,0.0292,0.93,1.27,7.5343,-5.74,-41.78,-10.07,-20.08,0.0,37.0,3,1.85,0.73,-37.84,0.0,,8,,20260817
CII,"BlackRock Enhanced Large Cap Core Fund, Inc.",Financial Services,Asset Management,NYSE,24.68,78938,1011474048,0.4194,24.56,22.77,0.2759,-3.13,-0.52,9.99,3.03,0.0,61.25,2,26.17,20.43,-5.69,0.0,,8,,20260817
WTBFA,W.T.B. Financial Corporation,Financial Services,Banks - Regional,OID,680.0,9,1667720448,10.8045,669.42,628.55,0.9791,-6.63,-6.88,2.92,-2.9,0.0,50.0,2,724.0,554.0,-6.08,0.0,,8,,20260817
WTBFB,W.T.B. Financial Corporation,Financial Services,Banks - Regional,OID,459.97,896,1159540736,4.9624,415.54,383.17,8.9534,10.73,4.54,29.68,16.14,0.0,95.0,2,460.23,310.0,-0.06,0.0,,8,,20260817
ETW,Eaton Vance Tax-Managed Global Buy-Write Opportunities Fund,Financial Services,Asset Management,NYSE,9.84,264017,1068602240,0.0938,9.42,8.96,4.4946,4.74,-4.35,-0.77,-0.65,0.0,88.75,2,9.91,8.46,-0.71,0.0,,8,,20260817
SDTHF,Sdiptech AB (publ),Industrials,Conglomerates,PNK,25.91,4,984371072,0.0087,25.91,22.59,0.0,19.23,5.45,-1.71,6.03,0.0,75.0,3,26.67,21.02,-2.85,0.0,,8,,20260817
AAXBF,AirAsia Group Berhad,Unknown,Unknown,PNK,0.29,2638,0,0.0522,0.29,0.29,0.0,-40.6,-40.6,-40.6,-40.6,0.0,63.25,3,0.5,0.22,-42.51,0.0,,8,,20260817
CHI,Calamos Convertible Opportunities and Income Fund,Financial Services,Asset Management,NASDAQ,13.26,171095,1070171968,0.2339,12.8,11.33,1.9666,7.49,4.84,20.91,11.93,0.0,88.75,2,13.5,10.1,-1.78,0.0,,8,,20260817
ODC,Oil-Dri Corporation of America,Basic Materials,Specialty Chemicals,NYSE,92.54,127250,1340750592,3.7351,96.56,70.82,-1.0756,16.5,30.95,34.58,28.79,0.0,74.5,3,107.0,45.61,-13.51,0.0,,8,,20260817
THRM,Gentherm Incorporated,Consumer Cyclical,Auto Parts,NASDAQ,43.34,417054,1330763776,1.9057,37.99,34.43,2.807,38.85,20.62,1.23,17.42,0.0,87.5,2,48.35,27.0,-10.36,0.0,,8,,20260817
COGNY,Cogna Educação S.A.,Consumer Defensive,Education & Training Services,PNK,0.36,5425,718441280,0.0246,0.42,0.57,-2.6043,-35.76,-60.09,-53.05,-51.19,0.0,2.5,4,0.89,0.35,-59.66,0.0,,8,,20260817
OXBDF,Oxford Biomedica plc,Healthcare,Biotechnology,PNK,6.88,1083,968355392,0.0928,7.86,8.69,-10.5683,-24.03,-53.91,-11.81,-29.6,0.0,0.0,4,12.61,6.72,-45.44,0.0,,8,,20260817
GLGDF,GoGold Resources Inc.,Basic Materials,Other Precious Metals & Mining,OQX,2.78,440927,1204993664,0.1436,2.29,2.19,3.379,9.93,11.77,46.33,25.13,0.0,62.5,2,3.04,1.53,-8.55,0.0,,8,,20260817
VOBIF,Vobile Group Limited,Technology,Software - Application,OQX,0.26,90,662680448,0.0009,0.3,0.48,-46.783,-38.01,-66.42,-82.45,-65.73,0.0,0.0,4,0.85,0.26,-69.44,0.0,,8,,20260817
SBGI,"Sinclair, Inc.",Communication Services,Broadcasting,NASDAQ,14.25,535714,1028359552,0.6518,14.06,14.3,0.2863,-1.22,-15.27,-17.04,-12.47,0.0,73.25,3,17.88,12.46,-20.3,0.0,,8,,20260817
GLIBK,Liberty Capital Corporation,Communication Services,Telecom Services,NASDAQ,25.57,804603,1020370624,1.1599,22.46,31.64,2.6821,-3.57,-46.63,-46.65,-35.87,0.0,41.25,3,41.17,19.3,-37.9,0.0,,8,,20260817
GLIBA,Liberty Capital Corporation,Communication Services,Telecom Services,NASDAQ,26.14,98174,1043116480,1.1068,22.76,31.78,3.0575,-2.65,-44.89,-44.88,-34.33,0.0,40.0,3,41.87,19.61,-37.57,0.0,,8,,20260817
KURA,"Kura Oncology, Inc.",Healthcare,Biotechnology,NASDAQ,11.28,1774650,1003475712,0.5756,10.2,9.64,1.883,17.54,21.8,49.78,31.93,0.0,88.75,2,12.49,6.95,-9.69,0.0,,8,,20260817
LTGHY,Life Healthcare Group Holdings Limited,Healthcare,Medical Care Facilities,PNK,2.82,51624,1016030656,0.1253,2.58,2.67,1.9082,5.27,-8.25,-29.81,-13.49,0.0,90.0,3,3.36,2.24,-16.07,0.0,,8,,20260817
GSBD,"Goldman Sachs BDC, Inc.",Financial Services,Asset Management,NYSE,9.78,970441,1100925440,0.2501,9.04,8.84,2.9634,8.45,0.02,-19.13,-5.54,0.0,87.5,2,11.53,8.36,-15.18,0.0,,8,,20260817
HNTIF,Hunting PLC,Energy,Oil & Gas Equipment & Services,PNK,6.4,329,931025216,0.0637,6.14,5.95,4.1253,-11.28,-15.03,20.51,0.12,0.0,50.0,2,7.5,4.18,-14.67,0.0,,8,,20260817
OPY,Oppenheimer Holdings Inc.,Financial Services,Capital Markets,NYSE,118.26,118616,1266328704,4.348,109.9,90.55,1.9218,20.75,24.34,46.6,32.35,0.0,86.25,2,123.24,63.81,-4.04,0.0,,8,,20260817
RNP,"Cohen & Steers REIT and Preferred Income Fund, Inc.",Financial Services,Asset Management,NYSE,20.45,111451,981601664,0.2275,20.31,19.89,0.6327,-2.59,-14.82,-20.2,-13.91,0.0,69.5,2,22.58,19.27,-9.43,0.0,,8,,20260817
EXMRF,Exmar NV,Energy,Oil & Gas Equipment & Services,PNK,12.5,1,993952512,0.0011,12.5,11.63,0.0,6.11,-4.42,-22.01,-8.83,0.0,75.0,3,13.5,11.6,-7.41,0.0,,8,,20260817
SDGR,"Schrödinger, Inc.",Healthcare,Health Information Services,NASDAQ,17.4,1280175,1301617920,0.7926,15.99,15.05,1.7756,40.81,38.69,-31.67,11.08,0.0,91.25,2,23.02,10.95,-24.41,0.0,,8,,20260817
BUR,Burford Capital Limited,Financial Services,Asset Management,NYSE,4.27,2182811,937625792,0.202,4.25,6.72,0.1218,-11.73,-67.85,-89.26,-62.38,0.0,41.25,3,14.14,3.59,-69.79,0.0,,8,,20260817
HPK,"HighPeak Energy, Inc.",Energy,Oil & Gas E&P,NASDAQ,7.88,648556,996448064,0.5655,7.27,6.15,1.0801,6.18,40.87,-15.16,9.79,0.0,88.75,2,9.13,3.85,-13.68,0.0,,8,,20260817
ASIC,Ategrity Specialty Insurance Company Holdings,Financial Services,Insurance - Property & Casualty,NYSE,24.09,70062,1154559744,1.0648,23.23,20.48,0.809,20.32,24.59,-5.21,11.6,0.0,86.25,2,26.0,16.35,-7.35,0.0,,8,,20260817
TBN,Tamboran Resources Corporation,Energy,Oil & Gas E&P,NYSE,37.35,202222,1301886976,1.4312,33.58,31.13,2.637,-1.07,20.43,57.48,29.88,0.0,66.25,2,52.21,19.55,-28.46,0.0,,8,,20260817
TBNRL,Tamboran Resources Corporation,Energy,Oil & Gas E&P,PNK,0.19,1419,1359400064,0.0015,0.19,0.15,4.2499,4.3,35.44,122.03,62.29,0.0,75.0,2,0.21,0.08,-5.06,0.0,,8,,20260817
MBC,"MasterBrand, Inc.",Consumer Cyclical,"Furnishings, Fixtures & Appliances",NYSE,8.99,2955703,1829379456,0.4499,8.98,9.89,0.0329,22.02,-36.32,-53.45,-28.59,0.0,75.75,3,14.22,6.61,-36.78,0.0,,8,,20260817
APC,ARKO Petroleum Corp.,Energy,Oil & Gas Refining & Marketing,NCM,19.5,159529,1610119424,0.804,19.58,19.5,-0.099,-10.0,-4.08,-1.35,-4.47,0.0,49.5,3,21.72,17.0,-10.22,0.0,,8,,20260817
NBN,Northeast Bank,Financial Services,Banks - Regional,NASDAQ,134.01,141306,1146503808,4.1345,130.24,114.93,0.9113,11.56,-2.75,8.47,5.32,0.0,91.25,2,142.31,80.75,-5.83,0.0,,8,,20260817
CFFN,"Capitol Federal Financial, Inc.",Financial Services,Banks - Regional,NASDAQ,8.72,806354,1075781632,0.1841,8.46,7.33,1.4293,12.26,2.58,28.64,15.42,0.0,87.5,2,9.26,5.97,-5.83,0.0,,8,,20260817
OMDA,"Omada Health, Inc.",Healthcare,Health Information Services,NASDAQ,23.75,1276638,1439392512,1.203,21.02,16.9,2.2687,38.62,96.05,-4.77,41.37,0.0,83.75,2,26.91,10.28,-11.76,0.0,,8,,20260817
CVHSY,Cablevisión Holding S.A.,Communication Services,Telecom Services,OID,5.0,1398,957405696,0.0019,5.0,4.71,0.0,1.53,-4.09,-17.58,-8.08,0.0,75.0,3,5.51,2.75,-9.26,0.0,,8,,20260817
DAKT,"Daktronics, Inc.",Technology,Electronic Components,NASDAQ,19.94,468779,963218176,0.7302,20.11,20.57,-0.2315,-0.07,-41.4,-4.66,-16.37,0.0,57.75,3,28.27,15.59,-29.47,0.0,,8,,20260817
INNV,InnovAge Holding Corp.,Healthcare,Medical Care Facilities,NASDAQ,10.67,340679,1448307456,0.5439,10.65,7.84,0.0401,45.06,13.69,181.14,88.51,0.0,85.0,2,12.64,3.26,-15.59,0.0,,8,,20260817
NMAX,"Newsmax, Inc.",Communication Services,Broadcasting,NYSE,10.36,1244020,1338104320,0.6282,8.33,7.6,3.2363,39.09,77.91,-34.73,23.15,0.0,87.5,2,15.94,5.11,-35.01,0.0,,8,,20260817
TYG,Tortoise Energy Infrastructure Corporation,Financial Services,Asset Management,NYSE,44.31,182829,1125930112,0.6285,42.83,43.07,2.3482,-7.2,-14.48,-5.85,-9.21,0.0,60.0,3,51.18,40.35,-13.42,0.0,,8,,20260817
CSBTF,Kuros Biosciences AG,Healthcare,Medical Devices,PNK,29.62,20,1175076864,0.2342,25.81,30.84,16.2865,15.64,-22.0,-39.07,-19.42,0.0,62.0,3,42.81,22.72,-30.81,0.0,,8,,20260817
HEPS,D-Market Elektronik Hizmetler ve Ticaret A.S.,Consumer Cyclical,Internet Retail,NASDAQ,2.74,245917,978797120,0.1093,2.86,2.69,-1.1301,2.23,-9.76,-29.8,-14.78,0.0,72.0,3,3.33,2.15,-17.72,0.0,,8,,20260817
DFIN,"Donnelley Financial Solutions, Inc.",Technology,Software - Application,NYSE,47.72,315001,1173214592,2.114,44.87,46.56,1.3474,18.99,8.05,-35.02,-6.45,0.0,88.75,3,57.88,36.11,-17.55,0.0,,8,,20260817
SBSI,"Southside Bancshares, Inc.",Financial Services,Banks - Regional,NYSE,32.72,128358,975317120,0.6979,33.8,31.68,-1.5504,-1.22,-12.67,-8.98,-8.33,0.0,73.25,3,36.2,26.32,-9.61,0.0,,8,,20260817
HMNTY,Hemnet Group AB (publ),Communication Services,Internet Content & Information,PNK,10.0,424,904078464,0.0853,8.85,13.6,13.4694,-25.74,-45.36,-85.76,-56.61,0.0,26.25,3,28.5,7.01,-64.91,0.0,,8,,20260817
DPUKY,Domino's Pizza Group plc,Consumer Cyclical,Restaurants,PNK,5.54,1511,1011973952,0.0757,5.08,4.8,6.0885,3.83,0.01,-12.21,-3.92,0.0,77.5,2,5.94,4.41,-6.73,0.0,,8,,20260817
CTYMF,Catalyst Metals Limited,Basic Materials,Gold,PNK,4.76,983,1107409792,0.1031,3.95,4.54,7.8282,15.24,-26.27,-5.64,-7.64,0.0,76.25,3,7.16,3.23,-33.53,0.0,,8,,20260817
MSEXP,Middlesex Water Company PFD 7%,Unknown,Unknown,PNK,492.0,1,0,3.3538,566.72,586.14,-22.2776,-24.44,-30.68,-32.77,-29.96,0.0,0.0,4,662.5,492.0,-25.74,0.0,,8,,20260817
MSEX,Middlesex Water Company,Utilities,Utilities - Regulated Water,NASDAQ,58.02,164133,1093325696,1.4178,55.67,52.8,1.6576,10.62,-7.77,-8.75,-3.57,0.0,86.25,2,62.18,44.17,-6.69,0.0,,8,,20260817
BBN,BlackRock Taxable Municipal Bond Trust,Financial Services,Asset Management,NYSE,15.73,144820,971996160,0.1274,15.78,15.78,-0.3903,-2.73,-15.48,-16.33,-12.63,0.0,64.0,3,17.45,15.47,-9.86,0.0,,8,,20260817
JVTSF,Juventus Football Club S.p.A.,Communication Services,Entertainment,PNK,2.41,651,1005051968,0.0602,2.41,2.68,0.0027,-5.21,-30.55,-46.98,-30.79,0.0,25.0,3,3.7,2.25,-34.86,0.0,,8,,20260817
KBDC,"Kayne Anderson BDC, Inc.",Financial Services,Asset Management,NYSE,13.32,311620,879623552,0.3209,13.65,13.66,-1.0343,-11.45,-12.84,-23.55,-16.78,0.0,37.75,4,15.87,13.06,-16.07,0.0,,8,,20260817
NWHUF,Vital Infrastructure Property Trust,Real Estate,REIT - Healthcare Facilities,PNK,3.94,98493,960023872,0.0413,3.89,3.86,1.1222,-2.14,-16.72,-3.47,-7.78,0.0,80.0,2,4.4,3.34,-10.45,0.0,,8,,20260817
NLST,"Netlist, Inc.",Technology,Electronics & Computer Distribution,OQB,6.03,1851401,2013379072,0.4689,3.03,1.83,6.3947,101.0,444.39,642.16,437.65,0.0,90.0,2,7.0,0.45,-13.86,0.0,,8,,20260817
EQRLF,EQ RESOURCES LTD,Basic Materials,Other Industrial Metals & Mining,PNK,0.23,571851,1180765440,0.0211,0.19,0.23,1.7446,9.85,26.95,213.54,97.31,0.0,82.5,3,0.28,0.06,-18.25,0.0,,8,,20260817
SENEB,Seneca Foods Corporation,Consumer Defensive,Packaged Foods,NASDAQ,188.8,146,1278262272,3.5294,166.63,137.8,6.2806,32.04,42.77,58.95,46.56,0.0,77.5,2,196.63,103.07,-3.98,0.0,,8,,20260817
ESRT,"Empire State Realty Trust, Inc.",Real Estate,REIT - Diversified,NYSE,4.66,2160970,1427571584,0.1842,5.29,5.86,-3.4359,-17.62,-38.64,-56.72,-40.62,0.0,10.0,4,8.07,4.61,-42.26,0.0,,8,,20260817
CPAC,Cementos Pacasmayo S.A.A.,Basic Materials,Building Materials,NYSE,11.8,65687,1010332160,0.3217,11.65,10.24,0.4631,8.73,-3.12,68.57,28.52,0.0,86.25,2,12.7,6.07,-7.09,0.0,,8,,20260817
DXYZ,Destiny Tech100 Inc.,Financial Services,Asset Management,NYSE,34.0,3357703,1035832576,2.1607,27.39,30.65,3.0591,-33.4,-0.61,-0.82,-8.89,0.0,66.25,3,72.87,19.71,-53.34,0.0,,8,,20260817
MFAO,"MFA Financial, Inc. 9.000% Seni",Unknown,Unknown,NYSE,25.15,7588,0,0.0854,24.85,24.23,3.6028,-1.43,-9.99,-12.29,-8.77,0.0,85.0,2,25.75,24.18,-2.31,0.0,,8,,20260817
MFA,"MFA Financial, Inc.",Real Estate,REIT - Mortgage,NYSE,9.11,1543948,920911040,0.1733,9.22,9.07,-0.6279,-3.25,-14.63,-12.05,-10.75,0.0,56.5,3,10.57,8.8,-13.81,0.0,,8,,20260817
SUCEF,"Sumitomo Osaka Cement Co., Ltd.",Basic Materials,Building Materials,PNK,30.0,0,825240512,0.0037,30.0,27.44,0.0,15.2,0.65,-4.81,2.1,0.0,75.0,3,30.0,25.16,0.0,0.0,,8,,20260817
VRTS,"Virtus Investment Partners, Inc.",Financial Services,Asset Management,NYSE,168.14,134620,1123532032,5.1646,154.46,146.94,2.6491,18.84,11.65,-31.05,-3.63,0.0,90.0,2,203.61,121.61,-17.42,0.0,,8,,20260817
LXRX,"Lexicon Pharmaceuticals, Inc.",Healthcare,Biotechnology,NCM,2.34,3211669,1041196864,0.145,2.25,1.72,0.6471,0.13,64.69,77.17,53.54,0.0,87.5,2,2.68,1.03,-12.69,0.0,,8,,20260817
OPK,"OPKO Health, Inc.",Healthcare,Diagnostics & Research,NASDAQ,1.36,3579679,1015006464,0.0746,1.38,1.28,-0.2037,18.83,-3.37,-20.39,-4.63,0.0,73.25,3,1.73,0.98,-21.39,0.0,,8,,20260817
TRUP,"Trupanion, Inc.",Financial Services,Insurance - Property & Casualty,NASDAQ,29.99,441029,1308177920,1.3831,25.59,29.32,3.1833,29.5,-6.68,-60.53,-19.17,0.0,87.5,3,49.26,21.16,-39.12,0.0,,8,,20260817
KODK,Eastman Kodak Company,Industrials,Specialty Business Services,NYSE,9.97,953351,976063040,0.4273,8.96,8.89,2.3663,-1.91,16.05,49.88,25.09,0.0,61.25,2,14.87,5.73,-32.95,0.0,,8,,20260817
JCAP,"Jefferson Capital, Inc.",Financial Services,Credit Services,NASDAQ,23.65,354200,1358113920,0.8138,18.99,19.81,5.7314,24.78,-1.08,14.34,11.55,0.0,91.25,3,24.44,15.5,-3.23,0.0,,8,,20260817
LUXE,LuxExperience B.V.,Consumer Cyclical,Luxury Goods,NYSE,7.69,218158,1055541696,0.4138,7.82,8.43,-0.3113,-3.48,-40.77,-24.16,-24.8,0.0,61.5,4,11.38,6.54,-32.43,0.0,,8,,20260817
CRAI,"CRA International, Inc.",Industrials,Consulting Services,NASDAQ,164.21,161540,1030723200,7.5885,160.69,170.35,0.4639,14.87,-7.39,-31.34,-11.4,0.0,74.5,3,227.29,132.17,-27.75,0.0,,8,,20260817
ESQ,"Esquire Financial Holdings, Inc.",Financial Services,Banks - Regional,NCM,124.09,131850,1502057600,4.1223,120.51,109.3,0.8686,14.98,3.16,5.59,7.09,0.0,83.75,2,134.81,92.1,-7.96,0.0,,8,,20260817
CCORF,Canaccord Genuity Group Inc.,Financial Services,Capital Markets,PNK,10.5,37077,1081715072,0.1572,10.27,8.98,1.4486,16.51,5.65,21.67,14.77,0.0,78.75,2,11.0,6.4,-4.55,0.0,,8,,20260817
STK,Columbia Seligman Premium Technology Growth Fund,Financial Services,Asset Management,NYSE,53.24,71722,940289152,1.523,51.2,43.39,1.3396,2.67,22.7,57.87,31.76,0.0,62.5,2,58.46,30.36,-8.93,0.0,,8,,20260817
MRCBF,Morguard Corporation,Real Estate,Real Estate - Diversified,PNK,87.14,6,953035392,0.0065,87.12,85.1,3.0914,-7.12,-11.14,-16.72,-12.36,0.0,50.0,2,90.06,82.43,-3.24,0.0,,8,,20260817
GOOS,Canada Goose Holdings Inc.,Consumer Cyclical,Apparel Manufacturing,NYSE,8.46,691317,826208768,0.305,9.41,11.39,-3.1098,-18.0,-43.34,-46.74,-38.36,0.0,10.0,4,15.4,8.46,-45.05,0.0,,8,,20260817
OILSF,Saturn Oil & Gas Inc.,Energy,Oil & Gas E&P,OQX,4.42,114238,788086016,0.2184,4.08,3.28,1.5451,-21.56,77.4,120.4,69.86,0.0,61.25,2,5.57,1.63,-20.65,0.0,,8,,20260817
HNTIY,Hunting PLC,Energy,Oil & Gas Equipment & Services,PNK,6.05,371,880109760,0.2323,6.11,5.4,-0.256,-10.32,16.65,18.13,10.5,0.0,43.25,3,7.36,4.01,-17.8,0.0,,8,,20260817
DVSPF,Dividend 15 Split Corp.,Unknown,Unknown,PNK,6.6,4966,289423855,0.0787,6.35,5.54,3.1864,12.46,9.55,24.07,16.09,0.0,81.25,2,6.88,4.7,-4.07,0.0,,8,,20260817
EQBK,"Equity Bancshares, Inc.",Financial Services,Banks - Regional,NYSE,51.37,126738,1057836160,1.0602,49.21,45.77,2.0333,11.39,-2.37,10.93,6.39,0.0,82.5,2,52.27,38.6,-1.72,0.0,,8,,20260817
YALA,Yalla Group Limited,Technology,Software - Application,NYSE,5.34,312706,810766848,0.1433,5.38,6.47,-0.2903,-23.4,-38.94,-52.58,-40.51,0.0,24.5,4,8.1,5.01,-34.07,0.0,,8,,20260817
ACEL,"Accel Entertainment, Inc.",Consumer Cyclical,Gambling,NYSE,12.19,301874,989748416,0.3354,12.5,11.53,-0.9379,0.56,-1.25,-14.4,-6.06,0.0,73.25,3,14.0,9.55,-12.93,0.0,,8,,20260817
RCKHF,Rockhopper Exploration plc,Energy,Oil & Gas E&P,PNK,1.0,4083,859723776,0.008,0.96,1.01,4.5573,0.46,-8.68,-22.12,-11.77,0.0,38.25,3,1.35,0.88,-25.93,0.0,,8,,20260817
APEI,"American Public Education, Inc.",Consumer Defensive,Education & Training Services,NASDAQ,44.31,299108,810941440,2.8275,51.9,47.23,-2.6846,-21.7,-14.57,33.91,3.04,0.0,20.75,4,61.59,28.86,-28.06,0.0,,8,,20260817
NPK,"National Presto Industries, Inc.",Industrials,Aerospace & Defense,NYSE,144.17,116191,1033128384,4.201,128.15,124.19,3.8135,-0.32,2.74,18.81,8.4,0.0,62.5,2,149.86,91.28,-3.8,0.0,,8,,20260817
USPH,"U.S. Physical Therapy, Inc.",Healthcare,Medical Care Facilities,NYSE,78.48,231498,1171133440,3.2596,72.22,74.94,1.9208,21.07,-22.46,-27.55,-13.62,0.0,88.75,3,93.5,58.19,-16.06,0.0,,8,,20260817
BCNAF,Barco NV,Technology,Electronic Components,PNK,9.0,31,732495040,0.0314,9.89,11.82,-28.3972,-23.85,-46.11,-63.94,-47.67,0.0,0.0,4,16.32,8.91,-44.87,0.0,,8,,20260817
PYCXF,PYC THERAPEUTICS LTD.,Healthcare,Biotechnology,PNK,1.5,909,1475265664,0.027,1.09,1.05,15.3442,35.33,6.26,102.55,52.04,0.0,75.0,2,1.5,0.85,0.0,0.0,,8,,20260817
CVLG,"Covenant Logistics Group, Inc.",Industrials,Trucking,NYSE,35.44,206090,899388416,1.6872,42.53,30.91,-4.1994,-1.22,10.61,26.45,13.99,0.0,58.75,3,49.88,18.0,-28.95,0.0,,8,,20260817
BCX,Blackrock Resources & Commodities Strategy Trust,Financial Services,Asset Management,NYSE,12.75,188472,972035648,0.2163,11.6,11.38,5.3254,4.42,-13.58,21.75,5.05,0.0,88.75,2,13.86,9.54,-8.01,0.0,,8,,20260817
HBNC,"Horizon Bancorp, Inc.",Financial Services,Banks - Regional,NASDAQ,20.36,637104,1045374464,0.3847,19.93,17.75,1.106,11.79,1.1,9.45,7.11,0.0,86.25,2,21.04,14.84,-3.23,0.0,,8,,20260817
SENEA,Seneca Foods Corporation,Consumer Defensive,Packaged Foods,NASDAQ,189.5,141124,1283001600,7.478,169.54,139.29,2.6695,31.71,34.48,60.54,44.21,0.0,90.0,2,196.39,99.58,-3.51,0.0,,8,,20260817
KOPN,Kopin Corporation,Technology,Electronic Components,NCM,5.32,6140946,988842304,0.4308,4.26,3.33,2.456,0.55,127.88,157.4,107.86,0.0,62.5,2,6.61,1.68,-19.52,0.0,,8,,20260817
OXLC,Oxford Lane Capital Corp.,Financial Services,Asset Management,NASDAQ,9.4,1047240,917906624,0.2121,8.84,9.74,2.6234,-6.25,-4.76,-45.68,-21.5,0.0,52.0,3,19.05,8.01,-50.66,0.0,,8,,20260817
BTZ,BlackRock Credit Allocation Income Trust,Financial Services,Asset Management,NYSE,10.2,290843,951909440,0.0808,10.01,10.0,2.3886,-0.25,-14.34,-18.77,-12.59,0.0,87.5,2,11.18,9.7,-8.77,0.0,,8,,20260817
LXU,"LSB Industries, Inc.",Basic Materials,Chemicals,NYSE,10.5,866362,755973760,0.4568,11.03,11.36,-1.1647,-32.39,-7.34,15.41,-4.5,0.0,35.25,4,17.22,7.59,-39.02,0.0,,8,,20260817
AEBI,Aebi Schmidt Holding AG,Industrials,Farm & Heavy Construction Machinery,NASDAQ,12.4,311535,962280256,0.7529,12.59,12.55,-0.2486,-1.17,-33.69,-18.25,-19.38,0.0,59.0,3,15.96,8.91,-22.31,0.0,,8,,20260817
VLERF,Valeura Energy Inc.,Energy,Oil & Gas E&P,OQX,9.15,51601,971854912,0.2822,8.16,7.76,3.5234,-12.0,0.36,34.8,11.05,0.0,63.75,2,11.33,4.34,-19.24,0.0,,8,,20260817
RIOFF,Rio2 Limited,Basic Materials,Gold,OQX,2.3,440309,1256708992,0.1414,1.97,2.09,2.3672,-6.9,-13.58,61.25,18.02,0.0,62.5,3,3.02,1.13,-23.84,0.0,,8,,20260817
CSYJF,CSE Global Limited,Technology,Information Technology Services,PNK,1.03,169,670903168,0.0019,1.04,0.94,-3.1636,-35.82,-12.5,57.77,9.78,0.0,37.0,3,1.51,0.5,-31.79,0.0,,8,,20260817
BJRI,"BJ's Restaurants, Inc.",Consumer Cyclical,Restaurants,NASDAQ,66.27,505472,1409812224,2.718,61.32,44.84,1.8217,52.76,49.53,65.76,56.83,0.0,87.5,2,74.6,28.46,-11.17,0.0,,8,,20260817
AVR,Anteris Technologies Global Corp.,Healthcare,Medical Instruments & Supplies,NASDAQ,9.42,1272524,918058816,0.5034,9.12,6.52,0.5923,26.39,51.83,110.88,69.09,0.0,87.5,2,11.05,3.3,-14.79,0.0,,8,,20260817
MCBS,"MetroCity Bankshares, Inc.",Financial Services,Banks - Regional,NASDAQ,36.16,88411,1040729216,0.9072,35.25,30.05,1.0069,11.97,12.67,8.94,11.0,0.0,88.75,2,37.46,24.53,-3.47,0.0,,8,,20260817
UELKY,Ülker Bisküvi Sanayi A.S.,Consumer Defensive,Confectioners,PNK,18.75,16,692392192,0.3785,25.49,25.24,-17.8032,-30.99,-38.99,-46.81,-40.12,0.0,0.0,4,29.12,18.75,-35.61,0.0,,8,,20260817
LIFNF,Lifenet Insurance Company,Financial Services,Insurance - Life,PNK,11.61,4,932751104,0.001,11.61,10.29,0.0,-11.97,-19.91,240.68,86.31,0.0,50.0,3,12.5,3.2,-7.12,0.0,,8,,20260817
UTL,Unitil Corporation,Utilities,Utilities - Diversified,NYSE,54.06,134256,985874624,1.314,53.23,50.83,0.6321,2.97,-11.25,-7.94,-6.37,0.0,85.0,2,57.26,44.61,-5.59,0.0,,8,,20260817
RHLD,"Resolute Holdings Management, Inc.",Industrials,Specialty Business Services,NYSE,136.86,167874,1130113536,8.5856,132.19,157.57,0.5445,28.33,-40.53,111.23,37.39,0.0,61.25,3,236.19,55.08,-42.06,0.0,,8,,20260817
CBGPY,Close Brothers Group plc,Financial Services,Banks - Regional,PNK,11.58,64,872631104,0.0578,11.46,12.0,2.0998,-9.11,-27.36,-43.37,-29.2,0.0,38.25,3,14.33,9.04,-19.19,0.0,,8,,20260817
AZTA,"Azenta, Inc.",Healthcare,Medical Instruments & Supplies,NASDAQ,33.58,847167,1471085824,1.2852,26.8,28.08,5.2784,104.81,3.39,-11.36,22.85,0.0,92.5,3,41.73,15.93,-19.53,0.0,,8,,20260817
BOW,Bowhead Specialty Holdings Inc.,Financial Services,Insurance - Property & Casualty,NYSE,33.45,256682,1101943552,0.8568,30.46,26.67,3.4898,13.61,25.09,-12.49,7.19,0.0,88.75,2,35.07,21.21,-4.62,0.0,,8,,20260817
MGLUY,Magazine Luiza S.A.,Consumer Cyclical,Specialty Retail,PNK,3.14,446,608891904,0.1483,3.69,5.91,-3.7076,-44.18,-75.72,-51.75,-58.25,0.0,5.0,4,8.58,2.88,-63.41,0.0,,8,,20260817
PML,PIMCO Municipal Income Fund II,Financial Services,Asset Management,NYSE,7.39,422574,491390656,0.0604,7.41,7.39,-0.3162,-3.33,-17.01,-11.23,-11.28,0.0,42.0,3,8.01,7.1,-7.74,0.0,,8,,20260817
CGJTF,Cargojet Inc.,Industrials,Integrated Freight & Logistics,PNK,65.0,7111,961990848,0.9339,60.57,60.56,4.7469,4.09,-23.63,-33.23,-20.54,0.0,81.25,2,74.76,46.64,-13.06,0.0,,8,,20260817
MJDLF,Major Drilling Group International Inc.,Basic Materials,Other Industrial Metals & Mining,PNK,12.1,42862,995055616,0.2908,10.84,10.99,4.334,-1.65,-14.43,61.1,18.98,0.0,61.25,3,13.56,6.3,-10.77,0.0,,8,,20260817
RFAFF,RFA Financial Inc,Real Estate,REIT - Diversified,OQX,18.47,1123,854480960,0.1465,18.19,7.8,1.8848,266.06,395.69,367.0,351.81,0.0,76.25,2,20.3,4.2,-9.01,0.0,,8,,20260817
PAKTY,PT Map Aktif Adiperkasa TBK,Consumer Cyclical,Specialty Retail,PNK,1.23,67,1752995968,0.001,1.23,0.86,1.9085,50.56,57.5,51.34,53.3,0.0,75.0,2,2.5,0.72,-50.8,0.0,,8,,20260817
SPTX,"Seaport Therapeutics, Inc.",Healthcare,Biotechnology,NASDAQ,24.4,176888,1306145408,1.4234,20.4,24.4,2.8115,40.35,15.49,15.49,21.7,0.0,90.0,3,25.07,14.85,-2.67,0.0,,8,,20260817
AMC,"AMC Entertainment Holdings, Inc.",Communication Services,Entertainment,NYSE,2.44,44298214,2177955328,0.1909,2.27,1.79,0.8949,85.82,84.44,-40.87,34.66,0.0,88.75,2,3.18,0.93,-23.27,0.0,,8,,20260817
INR,"Infinity Natural Resources, Inc.",Energy,Oil & Gas E&P,NYSE,13.85,372350,258192096,0.6268,13.04,14.69,1.2849,-14.87,-29.23,-21.92,-22.71,0.0,50.75,3,19.59,11.13,-29.28,0.0,,8,,20260817
MYN,"BlackRock MuniYield New York Quality Fund, Inc.",Financial Services,Asset Management,NYSE,9.76,142975,373936928,0.0938,9.88,9.7,-1.2421,-3.57,-13.5,-10.37,-9.76,0.0,56.5,3,10.26,9.15,-4.87,0.0,,8,,20260817
POGHF,Pilot Corporation,Industrials,Business Equipment & Supplies,PNK,11.02,18,1157206144,0.4191,3.75,-2.38,17.3529,-230.56,-216.1,-7.44,-136.25,0.0,62.0,3,32.45,8.77,-66.04,0.0,,8,,20260817
PCRX,"Pacira BioSciences, Inc.",Healthcare,Drug Manufacturers - Specialty & Generic,NASDAQ,23.24,555909,926390272,0.9991,24.77,23.62,-1.5278,-2.15,-7.19,-28.13,-14.31,0.0,48.25,3,27.66,18.8,-15.98,0.0,,8,,20260817
PHAR,Pharming Group N.V.,Healthcare,Biotechnology,NASDAQ,11.79,12612,834474112,0.7213,12.65,15.32,-1.1913,-13.55,-37.48,-17.53,-23.52,0.0,15.0,4,21.34,9.62,-44.75,0.0,,8,,20260817
PMT,PennyMac Mortgage Investment Trust,Real Estate,REIT - Mortgage,NYSE,9.62,1408446,838886720,0.2711,9.82,10.89,-0.7547,-7.5,-32.07,-30.53,-25.31,0.0,22.0,4,13.81,9.05,-30.34,0.0,,8,,20260817
PMTU,PennyMac Mortgage Investment Tr,Unknown,Unknown,NYSE,25.75,1401,0,0.1415,25.53,24.86,1.5657,-1.7,-9.88,-11.26,-8.39,0.0,86.25,2,26.26,25.02,-1.94,0.0,,8,,20260817
NRGV,"Energy Vault Holdings, Inc.",Utilities,Utilities - Renewable,NYSE,3.82,5666041,692333952,0.3543,3.72,4.07,0.2834,-40.38,5.81,122.18,40.81,0.0,47.0,3,6.64,1.4,-42.51,0.0,,8,,20260817
IDWM,"IDW Media Holdings, Inc.",Communication Services,Publishing,OQB,32.55,40,9412679,0.0162,32.34,33.62,12.706,-3.26,-17.4,-53.9,-28.47,0.0,37.0,3,44.0,32.0,-26.02,0.0,,8,,20260817
PPTDF,PeptiDream Inc.,Healthcare,Biotechnology,PNK,6.0,114,866546432,0.0296,6.13,8.65,-4.5465,-18.56,-56.98,-67.66,-51.65,0.0,12.0,4,12.85,5.88,-53.31,0.0,,8,,20260817
BFST,"Business First Bancshares, Inc.",Financial Services,Banks - Regional,NASDAQ,32.11,251217,1045176768,0.5957,30.38,27.7,2.8959,15.98,-1.58,12.7,8.52,0.0,88.75,2,32.52,22.56,-1.28,0.0,,8,,20260817
CCOI,"Cogent Communications Holdings, Inc.",Communication Services,Telecom Services,NASDAQ,10.75,1396301,550569152,1.127,13.05,19.55,-2.0396,-39.49,-73.23,-88.66,-70.97,0.0,13.75,4,45.69,9.0,-76.47,0.0,,8,,20260817
VYX,NCR Voyix Corporation,Technology,Information Technology Services,NYSE,7.7,2334716,1063138240,0.4963,7.96,8.53,-0.5287,10.81,-32.8,-60.21,-32.86,0.0,62.75,4,13.82,6.02,-44.28,0.0,,8,,20260817
CCNE,CNB Financial Corporation,Financial Services,Banks - Regional,NASDAQ,34.85,170783,1032287744,0.7358,33.83,29.33,1.3808,14.52,4.98,20.8,13.69,0.0,90.0,2,36.17,22.8,-3.65,0.0,,8,,20260817
CCNEP,CNB Financial Corporation,Financial Services,Banks - Regional,NASDAQ,25.04,1043,0,0.1248,24.53,24.04,4.0869,-0.76,-9.65,-11.48,-8.16,0.0,80.0,2,25.5,23.57,-1.8,0.0,,8,,20260817
ROOT,"Root, Inc.",Financial Services,Insurance - Property & Casualty,NASDAQ,49.7,265669,770014656,3.7502,56.53,61.38,-1.8206,-15.64,-30.48,-67.42,-41.55,0.0,16.25,4,104.47,40.91,-52.43,0.0,,8,,20260817
FMCB,Farmers & Merchants Bancorp,Financial Services,Banks - Regional,OQX,1464.0,145,1013006016,19.4047,1345.91,1200.13,6.0859,4.48,10.86,22.04,13.74,0.0,90.0,2,1464.41,985.25,-0.03,0.0,,8,,20260817
RPC,"Ridgepost Capital, Inc",Financial Services,Asset Management,NYSE,8.53,486469,940333888,0.396,8.31,8.75,0.5676,-1.04,-14.97,-53.11,-26.74,0.0,75.75,3,12.9,6.79,-33.88,0.0,,8,,20260817
CPF,Central Pacific Financial Corp.,Financial Services,Banks - Regional,NYSE,38.4,152033,988701440,0.8415,38.06,33.39,0.4071,10.28,0.64,17.38,9.74,0.0,83.75,2,40.99,27.38,-6.32,0.0,,8,,20260817
TRON,Tron Inc.,Consumer Cyclical,Leisure,NCM,1.5,688469,711573120,0.0987,1.55,1.77,-0.5267,-33.71,1.45,-99.64,-47.78,0.0,25.75,4,7.11,1.12,-78.91,0.0,,8,,20260817
EVC,Entravision Communications Corporation,Communication Services,Advertising Agencies,NYSE,8.89,2172408,820443072,0.7914,10.8,5.53,-2.413,9.36,198.4,252.55,172.8,0.0,58.75,3,13.74,1.95,-35.3,0.0,,8,,20260817
SLI,Standard Lithium Ltd.,Basic Materials,Other Industrial Metals & Mining,NYSE,2.29,1762448,565135744,0.1433,2.63,3.79,-2.4069,-45.32,-58.36,-41.34,-48.29,0.0,8.75,4,6.4,1.91,-64.22,0.0,,8,,20260817
PHGUF,Pharming Group N.V.,Healthcare,Biotechnology,PNK,1.1,5377,835181824,0.0154,1.24,1.52,-9.1115,-16.14,-61.63,-27.31,-36.53,0.0,0.0,4,2.17,1.1,-49.31,0.0,,8,,20260817
PHAT,"Phathom Pharmaceuticals, Inc.",Healthcare,Biotechnology,NASDAQ,9.28,1324708,750760640,0.6509,10.45,12.43,-1.8031,-32.43,-36.81,-32.59,-34.03,0.0,15.0,4,18.31,8.21,-49.32,0.0,,8,,20260817
BAGFF,A.G. BARR p.l.c.,Consumer Defensive,Beverages - Non-Alcoholic,PNK,8.44,24,936634560,0.0016,8.37,8.42,43.783,-3.53,-9.58,8.62,-0.79,0.0,75.0,3,9.15,6.6,-7.76,0.0,,8,,20260817
OCINF,OCI N.V.,Basic Materials,Specialty Chemicals,PNK,4.65,61,981008448,0.0079,4.49,4.14,20.3708,3.79,-2.86,-37.7,-15.13,0.0,75.0,2,9.02,3.36,-48.45,0.0,,8,,20260817
MBWM,Mercantile Bank Corporation,Financial Services,Banks - Regional,NASDAQ,61.14,139911,1056861632,1.4747,57.71,51.57,2.3281,18.71,1.16,12.65,10.14,0.0,90.0,2,62.39,42.75,-2.0,0.0,,8,,20260817
HTD,John Hancock Tax-Advantaged Dividend Income Fund,Financial Services,Asset Management,NYSE,25.46,65324,902094208,0.3584,25.36,24.21,0.2688,-1.47,-10.35,-8.84,-7.53,0.0,87.5,2,26.35,23.15,-3.38,0.0,,8,,20260817
ACNFF,Acomo N.V.,Consumer Defensive,Food Distribution,PNK,27.2,213,807928320,0.2917,26.5,28.54,2.4156,-15.06,-19.32,-10.32,-14.66,0.0,37.0,3,33.6,25.08,-19.05,0.0,,8,,20260817
NRK,Nuveen New York AMT-Free Quality Municipal Income Fund,Financial Services,Asset Management,NYSE,10.45,254538,911608896,0.1121,10.45,10.02,0.0165,-2.63,-7.58,-1.82,-4.04,0.0,85.0,2,10.8,9.3,-3.24,0.0,,8,,20260817
HAFC,Hanmi Financial Corporation,Financial Services,Banks - Regional,NASDAQ,32.2,253961,954706048,0.5829,31.71,28.34,0.8329,6.87,8.18,17.35,11.52,0.0,86.25,2,33.5,22.85,-3.88,0.0,,8,,20260817
GDRX,"GoodRx Holdings, Inc.",Healthcare,Health Information Services,NASDAQ,3.72,1413985,1269060864,0.1844,3.04,2.67,3.6759,48.29,56.7,-16.05,25.5,0.0,90.0,2,5.81,1.77,-35.97,0.0,,8,,20260817
FSBC,Five Star Bancorp,Financial Services,Banks - Regional,NASDAQ,46.86,166712,1149785728,1.2156,46.76,40.04,0.0834,11.84,2.98,31.73,16.69,0.0,85.0,2,50.26,29.48,-6.76,0.0,,8,,20260817
JBSS,"John B. Sanfilippo & Son, Inc.",Consumer Defensive,Packaged Foods,NASDAQ,83.79,128019,979469504,2.5516,83.0,76.51,0.3077,7.05,-7.4,20.29,7.29,0.0,90.0,2,92.08,59.07,-9.0,0.0,,8,,20260817
SCSC,"ScanSource, Inc.",Technology,Electronics & Computer Distribution,NASDAQ,51.71,220585,1050981312,1.9665,52.68,43.18,-0.4927,18.0,30.83,-3.34,13.95,0.0,75.75,3,59.6,33.76,-13.24,0.0,,8,,20260817
PSIX,"Power Solutions International, Inc. Common Stock",Industrials,Specialty Industrial Machinery,NCM,39.5,534788,911085248,2.8307,35.72,58.56,1.3342,-2.87,-73.95,-72.49,-55.59,0.0,35.0,3,119.7,25.28,-67.0,0.0,,8,,20260817
MOMO,Hello Group Inc.,Communication Services,Internet Content & Information,NASDAQ,5.72,677367,845115136,0.132,5.82,6.14,-0.728,-10.98,-22.26,-46.8,-29.26,0.0,34.0,4,8.59,5.32,-33.44,0.0,,8,,20260817
DRMTY,Dr. Martens plc,Consumer Cyclical,Footwear & Accessories,PNK,2.34,300,1182057216,0.037,2.34,2.34,0.0,25.23,25.23,25.23,25.23,0.0,62.0,3,2.47,1.8,-5.26,0.0,,8,,20260817
ARHS,"Arhaus, Inc.",Consumer Cyclical,Specialty Retail,NASDAQ,9.53,1341038,1348876800,0.5059,7.95,8.34,3.1195,60.94,-5.83,-40.29,-2.92,0.0,85.0,3,12.86,5.57,-25.89,0.0,,8,,20260817
AIO,Virtus Artificial Intelligence & Technology Opportunities Fund,Financial Services,Asset Management,NYSE,26.95,77395,928132160,0.5246,26.27,23.18,1.2881,0.12,10.16,4.5,5.39,0.0,60.0,2,28.6,20.91,-5.77,0.0,,8,,20260817
ETON,"Eton Pharmaceuticals, Inc.",Healthcare,Drug Manufacturers - Specialty & Generic,NASDAQ,61.73,501288,1764436992,3.784,39.48,25.21,5.8798,99.2,247.69,248.51,210.89,0.0,86.25,2,62.87,14.27,-1.81,0.0,,8,,20260817
NOPMF,Neo Performance Materials Inc.,Basic Materials,Specialty Chemicals,OQX,26.51,63367,1224697600,2.1029,26.0,18.36,0.242,9.04,64.94,98.27,64.3,0.0,81.25,2,34.99,11.1,-24.24,0.0,,8,,20260817
BBDC,"Barings BDC, Inc.",Financial Services,Asset Management,NYSE,9.39,734198,983197632,0.2016,8.53,8.39,4.2628,7.72,-4.15,-11.27,-4.03,0.0,87.5,2,9.92,7.96,-5.34,0.0,,8,,20260817
EVTZF,Evertz Technologies Limited,Technology,Communication Equipment,PNK,11.87,677,897181504,0.1037,12.12,10.72,-2.4085,-2.62,-1.93,39.29,14.38,0.0,63.25,3,14.72,8.65,-19.36,0.0,,8,,20260817
AMPL,"Amplitude, Inc.",Technology,Software - Application,NCM,12.61,2527817,1672328704,0.6615,8.9,8.65,5.6127,103.28,84.96,-10.13,51.51,0.0,90.0,2,13.58,5.51,-7.14,0.0,,8,,20260817
PSNL,"Personalis, Inc.",Healthcare,Diagnostics & Research,NASDAQ,13.89,3876056,1483450240,0.7772,12.7,9.29,1.5322,113.59,55.25,176.94,118.51,0.0,88.75,2,16.39,4.44,-15.25,0.0,,8,,20260817
SBNC,"Southern BancShares (N.C.), Inc.",Financial Services,Banks - Regional,OID,13500.0,1,1025230528,89.6923,12530.0,11563.25,10.8147,11.41,-1.94,31.18,14.64,0.0,76.25,2,13500.0,8950.0,0.0,0.0,,8,,20260817
SBNCM,"Southern BancShares (N.C.), Inc.",Financial Services,Banks - Regional,OID,13.5,14,0,0.0099,13.14,13.11,36.1396,2.46,-13.05,-19.03,-11.57,0.0,75.0,2,14.5,12.6,-6.9,0.0,,8,,20260817
JANX,"Janux Therapeutics, Inc.",Healthcare,Biotechnology,NASDAQ,16.26,1034883,994083904,0.6211,15.24,16.32,1.6391,9.45,9.82,-56.0,-16.6,0.0,77.0,3,35.34,12.12,-53.99,0.0,,8,,20260817
SCHL,Scholastic Corporation,Communication Services,Publishing,NASDAQ,41.48,342083,782419648,1.6005,43.79,36.66,-1.4456,-0.32,8.35,41.93,19.61,0.0,62.5,3,48.07,22.69,-13.71,0.0,,8,,20260817
AMTB,Amerant Bancorp Inc.,Financial Services,Banks - Regional,NYSE,29.02,357932,1137289600,0.7818,26.28,22.29,3.5065,25.74,16.3,23.44,21.52,0.0,87.5,2,30.6,15.62,-5.16,0.0,,8,,20260817
DRTS,Alpha Tau Medical Ltd.,Healthcare,Biotechnology,NCM,14.15,816704,1308565760,0.7997,11.94,8.04,2.7635,31.78,82.32,321.06,165.18,0.0,86.25,2,14.75,3.0,-4.07,0.0,,8,,20260817
BH,Biglari Holdings Inc.,Consumer Cyclical,Restaurants,NYSE,391.3,110448,1228298496,20.4419,376.78,347.58,0.7105,41.51,-15.31,14.61,10.86,0.0,87.5,2,483.6,234.92,-19.09,0.0,,8,,20260817
BDIMF,Black Diamond Group Limited,Industrials,Rental & Leasing Services,OQX,13.84,13561,878842880,0.3179,13.35,11.98,1.5548,5.9,3.05,41.78,19.26,0.0,77.5,2,15.35,8.2,-9.84,0.0,,8,,20260817
AWF,AllianceBernstein Global High Income Fund,Financial Services,Asset Management,NYSE,10.16,331177,876093504,0.0674,10.08,10.09,1.239,-1.93,-14.78,-23.09,-14.89,0.0,82.5,3,11.43,9.85,-11.11,0.0,,8,,20260817
MDCKF,CHAPTERS GROUP AG,Technology,Software - Application,PNK,53.07,11931,1265398400,1.228,43.62,40.62,7.6954,38.56,34.68,-11.8,17.06,0.0,81.25,2,53.75,30.18,-1.26,0.0,,8,,20260817
PMETF,PMET Resources Inc.,Basic Materials,Other Industrial Metals & Mining,OQX,3.57,35275,663815808,0.1993,3.68,3.86,-0.5405,-32.53,-25.79,-5.52,-19.37,0.0,35.25,4,5.93,2.17,-39.8,0.0,,8,,20260817
SHEN,Shenandoah Telecommunications Company,Communication Services,Telecom Services,NASDAQ,12.62,434719,698702272,0.6751,13.53,13.41,-1.3453,-25.48,-16.41,-19.9,-20.08,0.0,25.75,4,17.35,9.67,-27.26,0.0,,8,,20260817
TRST,TrustCo Bank Corp NY,Financial Services,Banks - Regional,NASDAQ,56.8,123322,967175616,1.3417,55.13,46.62,1.2454,13.46,12.29,43.8,25.19,0.0,87.5,2,58.98,34.31,-3.7,0.0,,8,,20260817
NEWP,New Pacific Metals Corp.,Basic Materials,Silver,NYSE,6.66,791291,1232565248,0.3581,4.66,4.19,5.5829,20.15,69.03,289.98,145.19,0.0,93.75,2,7.03,1.55,-5.26,0.0,,8,,20260817
SHMWF,"ShinMaywa Industries, Ltd.",Industrials,Conglomerates,PNK,13.3,3,879706496,0.0023,13.3,-2.15,0.0,-2.66,-202.47,-42.34,-88.46,0.0,75.0,3,19.18,11.74,-30.66,0.0,,8,,20260817
OMZNF,Osisko Metals Incorporated,Basic Materials,Other Industrial Metals & Mining,OQX,1.26,157376,1118911872,0.0568,1.21,0.89,0.9168,-6.36,28.62,272.03,117.24,0.0,62.5,2,1.42,0.28,-10.99,0.0,,8,,20260817
MFIC,MidCap Financial Investment Corporation,Financial Services,Asset Management,NASDAQ,9.7,573870,799014464,0.2364,9.84,10.53,-0.6042,-14.11,-21.19,-37.03,-25.76,0.0,35.25,4,13.34,9.28,-27.29,0.0,,8,,20260817
TALK,"Talkspace, Inc.",Healthcare,Health Information Services,NCM,5.25,1991600,870574976,0.0215,5.21,4.54,1.7037,-2.88,24.33,81.77,40.5,0.0,81.25,2,5.25,2.49,0.0,0.0,,8,,20260817
METCB,"Ramaco Resources, Inc.",Basic Materials,Coking Coal,NASDAQ,6.31,65638,399979776,0.5932,8.19,10.85,-3.1769,-41.07,-65.71,-82.95,-66.45,0.0,8.75,4,21.59,5.8,-70.77,0.0,,8,,20260817
METC,"Ramaco Resources, Inc.",Basic Materials,Coking Coal,NASDAQ,12.23,1742069,775238144,0.9415,12.13,16.01,0.1081,-20.51,-39.73,-75.75,-49.33,0.0,37.5,3,57.8,8.56,-78.84,0.0,,8,,20260817
INMD,InMode Ltd.,Healthcare,Medical Devices,NASDAQ,15.02,726204,864313472,0.2765,14.66,14.34,1.3054,3.36,-8.98,-18.62,-9.75,0.0,86.25,2,16.74,12.72,-10.27,0.0,,8,,20260817
ANNX,"Annexon, Inc.",Healthcare,Biotechnology,NASDAQ,5.13,3619990,840512256,0.3339,5.35,5.24,-0.6573,-6.34,-9.03,94.42,33.02,0.0,31.5,4,7.18,2.03,-28.55,0.0,,8,,20260817
CLDHF,CapitaLand China Trust,Real Estate,REIT - Retail,PNK,0.49,140,861003648,0.0018,0.47,0.54,11.6002,-18.42,-28.95,-29.17,-26.41,0.0,37.0,3,0.62,0.49,-21.6,0.0,,8,,20260817
BSLAF,Basler Ag,Technology,Consumer Electronics,PNK,29.38,7,903656192,0.2483,30.82,20.91,-5.8151,67.16,67.96,176.82,111.31,0.0,62.0,3,35.1,9.88,-16.3,0.0,,8,,20260817
ABX,"Abacus Global Management, Inc.",Financial Services,Insurance - Life,NYSE,9.12,624879,891865280,0.547,10.14,8.71,-1.8729,-4.47,-5.37,28.55,8.43,0.0,60.0,3,12.44,5.0,-26.69,0.0,,8,,20260817
NXP,Nuveen Select Tax-Free Income Portfolio,Financial Services,Asset Management,NYSE,14.25,133604,897973888,0.1081,14.21,14.01,0.3528,-3.6,-13.48,-14.32,-11.35,0.0,81.25,2,14.65,13.89,-2.73,0.0,,8,,20260817
PTVLF,Pet Valu Holdings Ltd.,Consumer Cyclical,Specialty Retail,PNK,14.42,10304,969260160,0.0956,13.42,17.08,10.4567,12.44,-44.44,-66.1,-38.88,0.0,50.0,3,28.11,12.23,-48.7,0.0,,8,,20260817
CRTO,Criteo S.A. American Depositary Shares,Communication Services,Advertising Agencies,NASDAQ,17.82,444745,895357504,1.146,19.68,19.28,-1.6192,6.16,-13.88,-47.62,-22.37,0.0,50.75,4,25.29,15.57,-29.54,0.0,,8,,20260817
CAPL,CrossAmerica Partners LP,Energy,Oil & Gas Refining & Marketing,NYSE,24.07,43577,918374784,0.6702,21.82,20.63,3.3548,2.34,-4.8,6.33,1.44,0.0,86.25,2,24.63,19.67,-2.27,0.0,,8,,20260817
LOT,Lotus Technology Inc.,Consumer Cyclical,Auto Manufacturers,NASDAQ,1.09,106200,706466496,0.0923,1.05,1.24,0.4544,-26.94,-15.74,-66.71,-38.93,0.0,38.75,3,2.3,0.81,-52.61,0.0,,8,,20260817
DOCMF,Dr. Martens plc,Consumer Cyclical,Footwear & Accessories,PNK,1.21,11866,1158128896,0.0131,1.01,0.97,14.9377,35.37,17.87,-1.83,14.36,0.0,75.0,2,1.35,0.81,-10.7,0.0,,8,,20260817
PXMFF,Philex Mining Corporation,Basic Materials,Other Industrial Metals & Mining,PNK,0.16,13775,1023575296,0.0052,0.12,0.13,7.5305,38.64,-3.95,31.52,20.89,0.0,50.0,3,0.19,0.08,-15.55,0.0,,8,,20260817
JMIA,Jumia Technologies AG,Consumer Cyclical,Internet Retail,NYSE,6.33,1900756,783987072,0.3397,6.51,8.86,-0.5228,-14.37,-46.02,-38.92,-35.27,0.0,20.75,4,14.72,5.69,-57.0,0.0,,8,,20260817
WWLNF,Worldline SA,Technology,Software - Infrastructure,PNK,11.6,69,655272448,0.0417,12.47,16.67,-20.764,-2.16,-51.12,-88.73,-53.93,0.0,0.0,4,36.02,8.04,-67.79,0.0,,8,,20260817
PCN,PIMCO Corporate & Income Strategy Fund,Financial Services,Asset Management,NYSE,11.75,320446,877972480,0.1017,11.59,11.65,1.5819,-1.88,-16.62,-17.75,-13.39,0.0,83.75,3,13.49,11.4,-12.9,0.0,,8,,20260817
CODI,Compass Diversified,Industrials,Conglomerates,NYSE,12.1,839141,910355264,0.645,10.52,8.36,2.4463,-3.72,75.42,41.29,41.98,0.0,63.75,2,13.25,4.58,-8.68,0.0,,8,,20260817
ORIC,"ORIC Pharmaceuticals, Inc.",Healthcare,Biotechnology,NASDAQ,13.38,1714603,1386872576,0.7965,10.74,10.59,3.3204,59.37,20.0,13.61,27.29,0.0,88.75,2,14.93,7.23,-10.38,0.0,,8,,20260817
AVTX,"Avalo Therapeutics, Inc.",Healthcare,Biotechnology,NCM,19.95,1404201,1069918272,1.152,17.81,16.68,1.8585,7.66,25.96,101.77,51.71,0.0,90.0,2,24.27,8.41,-17.8,0.0,,8,,20260817
ABUS,Arbutus Biopharma Corporation,Healthcare,Biotechnology,NASDAQ,4.71,1991100,931863360,0.1788,4.55,4.46,0.9062,6.28,4.4,18.63,10.56,0.0,88.75,2,5.38,3.35,-12.45,0.0,,8,,20260817
DMPZF,Domino's Pizza Group plc,Consumer Cyclical,Restaurants,PNK,2.68,1575,1021502912,0.011,2.47,2.3,18.6431,16.75,13.15,-19.7,0.91,0.0,75.0,2,2.8,2.2,-4.29,0.0,,8,,20260817
STBGY,Scandinavian Tobacco Group A/S,Consumer Defensive,Tobacco,PNK,5.49,348,864642048,0.0533,5.2,5.97,5.4431,-3.75,-37.22,-40.22,-30.05,0.0,38.25,3,8.0,4.85,-31.38,0.0,,8,,20260817
BCSF,"Bain Capital Specialty Finance, Inc.",Financial Services,Asset Management,NYSE,12.06,339108,782314240,0.3412,12.57,12.57,-1.4906,-11.49,-18.77,-30.17,-21.51,0.0,32.75,4,15.84,11.82,-23.86,0.0,,8,,20260817
CRF,"Cornerstone Total Return Fund, Inc.",Financial Services,Asset Management,NYSE,6.66,1143887,1080250368,0.1005,6.93,6.83,-2.7275,-7.46,-15.74,-18.21,-14.66,0.0,60.25,3,8.25,6.55,-19.27,0.0,,8,,20260817
GUNGF,"GungHo Online Entertainment, Inc.",Communication Services,Electronic Gaming & Multimedia,PNK,15.8,1,827396800,0.0049,15.8,0.2,0.0,-30.15,-38.09,-145.08,-78.9,0.0,50.0,3,21.15,15.8,-25.3,0.0,,8,,20260817
ARKO,Arko Corp.,Consumer Cyclical,Specialty Retail,NCM,4.86,927272,545222592,0.4264,7.43,6.05,-6.0364,-34.97,-36.44,-21.32,-30.02,0.0,7.5,4,8.76,3.71,-44.49,0.0,,8,,20260817
MGTX,MeiraGTx Holdings plc,Healthcare,Biotechnology,NASDAQ,13.77,873975,1322512000,0.7295,11.97,9.3,2.4644,34.85,73.07,43.97,51.88,0.0,88.75,2,15.35,6.62,-10.29,0.0,,8,,20260817
SANA,"Sana Biotechnology, Inc.",Healthcare,Biotechnology,NASDAQ,3.68,3283617,1101647232,0.2204,3.35,3.73,1.5008,15.07,-18.35,-13.84,-8.19,0.0,77.0,3,6.55,2.61,-43.82,0.0,,8,,20260817
LYTS,LSI Industries Inc.,Technology,Electronic Components,NASDAQ,24.75,387212,908632000,0.8359,24.7,21.65,0.0634,1.33,-3.61,7.77,2.18,0.0,87.5,2,27.36,17.21,-9.54,0.0,,8,,20260817
SPIR,"Spire Global, Inc.",Industrials,Specialty Business Services,NYSE,13.74,1177640,531896672,1.1217,14.93,13.15,-1.0641,-36.14,30.54,12.53,6.67,0.0,40.0,3,25.93,6.6,-47.01,0.0,,8,,20260817
LMB,"Limbach Holdings, Inc.",Industrials,Building Products & Equipment,NCM,45.06,302143,537340224,4.1415,71.49,79.48,-6.3822,-42.73,-62.82,-81.99,-65.46,0.0,11.25,4,128.57,43.6,-64.95,0.0,,8,,20260817
CGEM,"Cullinan Therapeutics, Inc.",Healthcare,Biotechnology,NASDAQ,20.59,989361,1265421184,1.1545,17.08,13.63,3.0435,26.09,63.71,150.51,89.03,0.0,85.0,2,21.13,5.68,-2.55,0.0,,8,,20260817
BFS,"Saul Centers, Inc.",Real Estate,REIT - Retail,NYSE,34.27,96204,1190162944,0.8742,35.62,32.6,-1.5387,0.77,-10.94,-8.2,-6.92,0.0,72.0,3,38.42,29.16,-10.8,0.0,,8,,20260817
HNRG,Hallador Energy Company,Utilities,Utilities - Independent Power Producers,NCM,16.19,804385,763250944,0.9019,16.23,18.08,-0.0468,-15.6,-33.35,-26.78,-26.29,0.0,23.25,4,24.7,13.65,-34.45,0.0,,8,,20260817
JBGS,JBG SMITH Properties,Real Estate,REIT - Diversified,NYSE,11.39,635219,879654208,0.5319,13.83,15.26,-4.5784,-23.5,-40.53,-61.66,-44.72,0.0,11.25,4,24.3,10.77,-53.13,0.0,,8,,20260817
AVO,"Mission Produce, Inc.",Consumer Defensive,Food Distribution,NASDAQ,12.95,1353701,1143741440,0.4462,12.41,12.77,1.2142,3.57,-23.82,-15.07,-13.47,0.0,88.75,3,15.53,10.07,-16.61,0.0,,8,,20260817
TDVXF,Dynavox Group AB (publ),Healthcare,Medical Instruments & Supplies,PNK,7.9,496,705334080,0.1151,6.94,8.97,8.3076,-15.81,-29.43,-61.36,-38.8,0.0,25.0,3,13.55,5.51,-41.7,0.0,,8,,20260817
TBPH,"Theravance Biopharma, Inc.",Healthcare,Biotechnology,NASDAQ,16.92,647624,878465280,0.0931,16.84,17.19,0.8098,-1.06,-26.8,15.09,-3.61,0.0,69.5,3,21.03,13.08,-19.54,0.0,,8,,20260817
SMP,"Standard Motor Products, Inc.",Consumer Cyclical,Auto Parts,NYSE,38.76,140375,865909696,1.259,38.58,37.9,0.1465,0.85,-25.06,-18.08,-15.79,0.0,87.5,2,46.0,34.27,-15.74,0.0,,8,,20260817
PHK,PIMCO High Income Fund,Financial Services,Asset Management,NYSE,4.55,834782,848423488,0.0469,4.56,4.49,-0.1176,-0.47,-15.33,-15.71,-11.77,0.0,68.25,3,5.04,4.41,-9.72,0.0,,8,,20260817
WGO,"Winnebago Industries, Inc.",Consumer Cyclical,Recreational Vehicles,NYSE,31.58,734488,892731584,1.1756,30.29,34.91,1.0957,6.12,-44.52,-25.41,-24.21,0.0,78.25,3,50.16,26.8,-37.04,0.0,,8,,20260817
SGCFF,Sagicor Financial Company Ltd.,Financial Services,Insurance - Life,PNK,6.24,2250,849674880,0.047,6.05,6.46,4.0372,-15.58,-23.32,-5.98,-14.45,0.0,37.0,3,7.65,4.32,-18.43,0.0,,8,,20260817
HRVFF,Harvia Oyj,Consumer Cyclical,Leisure,PNK,50.83,38,949921920,0.3571,46.06,44.89,13.3447,8.09,-7.71,-7.35,-3.61,0.0,75.0,2,50.83,37.95,0.0,0.0,,8,,20260817
XNCR,"Xencor, Inc. Common Stock",Healthcare,Biotechnology,NASDAQ,23.12,960116,1719050624,1.2021,16.94,14.22,5.1419,101.26,85.54,181.09,127.69,0.0,88.75,2,23.47,7.13,-1.49,0.0,,8,,20260817
REPX,"Riley Exploration Permian, Inc.",Energy,Oil & Gas E&P,NYSE,37.1,258077,804919616,1.2087,33.94,30.94,2.6166,-3.0,22.88,22.42,16.23,0.0,65.0,2,41.53,24.08,-10.67,0.0,,8,,20260817
FMNB,Farmers National Banc Corp.,Financial Services,Banks - Regional,NCM,16.12,443541,955070912,0.2719,14.94,13.67,4.3345,14.51,7.42,-3.02,5.02,0.0,88.75,2,16.46,12.12,-2.07,0.0,,8,,20260817
MYE,"Myers Industries, Inc.",Consumer Cyclical,Packaging & Containers,NYSE,33.04,454283,1242901120,1.2966,30.86,22.92,1.6776,45.39,37.43,85.64,58.7,0.0,87.5,2,37.45,15.54,-11.78,0.0,,8,,20260817
CRCT,"Cricut, Inc.",Technology,Computer Hardware,NASDAQ,5.51,620122,1156541568,0.2776,4.66,4.45,3.0554,36.35,6.96,-19.31,3.8,0.0,88.75,2,6.93,3.73,-20.49,0.0,,8,,20260817
MATW,Matthews International Corporation,Industrials,Conglomerates,NASDAQ,23.0,402753,717656064,1.1119,26.13,25.67,-2.8121,-17.1,-24.01,-22.43,-21.65,0.0,12.5,4,30.93,21.95,-25.64,0.0,,8,,20260817
IPMLF,Imperial Metals Corporation,Basic Materials,Copper,PNK,6.3,47469,1122525696,0.1991,5.14,5.96,5.849,33.36,-31.91,69.23,24.86,0.0,87.5,3,10.28,3.23,-38.72,0.0,,8,,20260817
UBSFY,Ubisoft Entertainment SA,Communication Services,Electronic Gaming & Multimedia,PNK,1.2,158769,815671552,0.057,1.18,1.18,0.3933,-0.45,1.45,-63.71,-25.09,0.0,83.75,3,2.4,0.8,-50.0,0.0,,8,,20260817
CAC,Camden National Corporation,Financial Services,Banks - Regional,NASDAQ,58.38,103869,986449664,1.3968,54.63,47.63,2.6871,19.49,4.5,32.39,19.4,0.0,88.75,2,60.59,35.0,-3.65,0.0,,8,,20260817
AGNT,"AGNT, Inc",Real Estate,Real Estate Services,NASDAQ,4.25,1435461,710251200,0.2849,4.55,6.95,-1.0375,-15.32,-56.31,-79.09,-55.17,0.0,15.0,4,12.23,3.69,-65.24,0.0,,8,,20260817
WRDLY,Worldline SA,Technology,Software - Infrastructure,PNK,7.51,420,447695808,0.2222,6.07,2.83,6.4856,0.69,1966.27,794.88,1006.32,0.0,50.0,2,74.4,0.27,-89.9,0.0,,8,,20260817
OMER,Omeros Corporation,Healthcare,Biotechnology,NASDAQ,17.36,2092440,1256436096,0.9376,11.04,11.33,6.7384,36.91,34.56,300.23,141.42,0.0,92.5,3,18.14,3.94,-4.3,0.0,,8,,20260817
RYSKF,Reysas Tasimacilik ve Lojistik Ticaret A.S.,Industrials,Integrated Freight & Logistics,PNK,0.49,30398,980000000,0.0165,0.48,0.43,0.3285,12.63,-0.34,-12.46,-1.95,0.0,76.25,2,0.58,0.31,-15.52,0.0,,8,,20260817
ODTX,"Odyssey Therapeutics, Inc.",Healthcare,Biotechnology,NCM,20.86,296846,1002500928,1.5589,18.26,20.86,1.6692,16.9,22.02,22.02,20.74,0.0,77.0,3,23.08,15.1,-9.62,0.0,,8,,20260817
BRBI,BRBI BR Partners S.A.,Financial Services,Capital Markets,NCM,9.13,762,239770800,0.1838,11.29,13.53,-11.7538,-37.3,-49.45,-76.93,-57.4,0.0,2.5,4,67.01,9.13,-86.37,0.0,,8,,20260817
FREKF,freee K.K.,Technology,Software - Application,PNK,20.78,1157,1233945344,0.433,13.78,15.3,16.1622,57.05,47.53,-44.75,13.0,0.0,77.5,3,27.0,10.2,-23.04,0.0,,8,,20260817
EVMN,"Evommune, Inc.",Healthcare,Biotechnology,NYSE,14.25,804440,517162592,0.9222,15.38,14.25,-1.2277,-42.63,-68.8,-45.79,-53.05,0.0,41.25,3,33.2,10.47,-57.08,0.0,,8,,20260817
NBBK,"NB Bancorp, Inc.",Financial Services,Banks - Regional,NCM,22.91,280312,1003881536,0.4606,21.47,20.62,3.1264,15.07,-9.69,4.81,2.3,0.0,88.75,2,23.47,16.84,-2.39,0.0,,8,,20260817
CRSR,"Corsair Gaming, Inc.",Technology,Computer Hardware,NASDAQ,12.24,2831066,1324086016,0.9258,10.01,7.25,2.4065,77.34,66.33,16.71,49.23,0.0,86.25,2,14.98,4.48,-18.28,0.0,,8,,20260817
GERN,Geron Corporation,Healthcare,Biotechnology,NASDAQ,1.53,11844167,981527040,0.1016,1.38,1.41,1.4996,13.8,-21.21,-15.61,-10.22,0.0,85.0,3,2.01,1.04,-23.88,0.0,,8,,20260817
MSBPF,"Mitsubishi Pencil Co., Ltd.",Industrials,Business Equipment & Supplies,PNK,14.66,5,733135424,0.1997,6.68,-1.51,39.9864,-246.03,-298.21,1.71,-165.2,0.0,62.0,3,17.25,12.24,-15.01,0.0,,8,,20260817
MPB,"Mid Penn Bancorp, Inc.",Financial Services,Banks - Regional,NASDAQ,38.19,173975,967425280,0.8005,35.5,32.41,3.3543,18.64,0.68,16.92,11.66,0.0,87.5,2,39.15,26.56,-2.46,0.0,,8,,20260817
JSEJF,JSE Limited,Financial Services,Financial Data & Stock Exchanges,PNK,8.9,22,814443776,0.0085,9.16,9.2,-31.1782,-23.49,-15.23,31.47,1.38,0.0,24.0,4,11.13,5.81,-20.04,0.0,,8,,20260817
WKPPF,Workspace Group Plc,Real Estate,REIT - Office,PNK,5.12,81,987324224,0.0389,4.59,5.15,13.8187,-10.73,-22.07,-28.17,-21.67,0.0,37.0,3,6.0,4.26,-14.58,0.0,,8,,20260817
CTMX,"CytomX Therapeutics, Inc.",Healthcare,Biotechnology,NASDAQ,3.45,4001456,751752512,0.1596,3.37,4.19,0.5164,-9.23,-49.09,74.89,10.47,0.0,38.75,3,8.21,1.89,-57.98,0.0,,8,,20260817
NUTX,Nutex Health Inc.,Healthcare,Medical Care Facilities,NCM,188.41,139911,1290226560,13.1673,161.85,136.16,2.017,44.38,75.02,48.41,56.71,0.0,87.5,2,204.0,77.21,-7.64,0.0,,8,,20260817
DRUG,Bright Minds Biosciences Inc.,Healthcare,Biotechnology,NCM,79.48,312461,779862656,3.9937,71.1,76.53,2.0986,-2.21,-11.91,65.71,21.56,0.0,61.25,3,123.75,38.0,-35.77,0.0,,8,,20260817
THFF,First Financial Corporation,Financial Services,Banks - Regional,NASDAQ,81.61,108058,970497664,1.8094,77.06,65.99,2.5142,21.2,9.93,29.11,20.42,0.0,91.25,2,84.17,51.21,-3.04,0.0,,8,,20260817
MCRUF,Morgan Advanced Materials plc,Industrials,Specialty Industrial Machinery,PNK,3.47,165,959159296,0.0391,2.92,2.88,13.9473,13.67,5.0,0.83,5.5,0.0,75.0,2,3.47,2.58,0.0,0.0,,8,,20260817
CERT,"Certara, Inc.",Healthcare,Health Information Services,NASDAQ,8.0,4264693,1220310272,0.3786,6.82,7.34,3.1116,73.77,6.91,-48.2,1.58,0.0,92.5,3,13.88,4.45,-42.36,0.0,,8,,20260817
OBE,Obsidian Energy Ltd.,Energy,Oil & Gas E&P,NYSE,11.57,785467,772014784,0.5608,9.63,8.71,3.4662,-18.91,36.91,81.85,40.93,0.0,65.0,2,14.59,5.44,-20.7,0.0,,8,,20260817
WEST,Westrock Coffee Company,Consumer Defensive,Packaged Foods,NASDAQ,8.3,637788,810307328,0.445,8.13,5.79,0.3733,-6.58,51.73,7.15,19.32,0.0,66.25,2,10.19,3.59,-18.55,0.0,,8,,20260817
TSAT,Telesat Corporation,Technology,Communication Equipment,NASDAQ,50.55,283414,2597185280,4.3198,44.8,38.26,1.3308,-7.61,77.25,106.88,67.89,0.0,62.5,2,61.54,19.59,-17.86,0.0,,8,,20260817
EPC,Edgewell Personal Care Company,Consumer Defensive,Household & Personal Products,NYSE,28.06,869917,1293254912,1.2299,26.36,21.07,1.3781,72.63,16.11,3.09,25.03,0.0,86.25,2,29.95,15.73,-6.31,0.0,,8,,20260817
NX,Quanex Building Products Corporation,Industrials,Building Products & Equipment,NYSE,20.74,394125,952545984,0.9005,18.2,17.55,2.822,20.65,-18.95,-22.39,-10.43,0.0,90.0,2,22.98,11.04,-9.75,0.0,,8,,20260817
CPPTL,Copper Property CTL Pass Through Trust,Unknown,Unknown,PNK,10.81,29178,0,0.0879,10.64,10.76,1.8782,-5.26,-7.83,-32.48,-17.05,0.0,81.25,3,12.63,10.4,-14.41,0.0,,8,,20260817
AMPH,"Amphastar Pharmaceuticals, Inc.",Healthcare,Drug Manufacturers - Specialty & Generic,NASDAQ,20.86,562625,887341568,0.8546,19.84,22.77,1.1919,17.04,-38.3,-52.7,-30.23,0.0,72.0,3,31.26,16.65,-33.27,0.0,,8,,20260817
QDEL,QuidelOrtho Corporation,Healthcare,Medical Devices,NASDAQ,14.58,1646338,999829696,1.2871,15.74,20.11,-0.9,36.48,-52.11,-64.95,-35.1,0.0,41.25,4,35.58,9.92,-59.02,0.0,,8,,20260817
HDL,Super Hi International Holding Ltd.,Consumer Cyclical,Restaurants,NASDAQ,14.1,838,829596096,0.2793,12.96,15.19,4.0879,-9.69,-33.37,-48.07,-33.33,0.0,39.5,3,21.2,12.0,-33.51,0.0,,8,,20260817
IMSR,Terrestrial Energy Inc.,Utilities,Utilities - Regulated Electric,NASDAQ,5.82,2463654,751664384,0.4442,6.13,7.91,-0.7008,-25.08,-31.27,-70.83,-45.54,0.0,12.5,4,31.5,4.38,-81.52,0.0,,8,,20260817
ANZLY,Air New Zealand Limited,Industrials,Airlines,PNK,1.19,536,770234432,0.0445,1.18,1.34,0.3185,-3.1,-37.72,-48.18,-33.25,0.0,26.25,3,2.1,1.03,-43.29,0.0,,8,,20260817
EOI,Eaton Vance Enhanced Equity Income Fund,Financial Services,Asset Management,NYSE,20.17,70912,827005248,0.2332,19.5,19.26,2.8769,0.26,-10.3,-18.45,-10.92,0.0,83.75,2,21.58,18.04,-6.53,0.0,,8,,20260817
LBRX,LB Pharmaceuticals Inc,Healthcare,Biotechnology,NASDAQ,46.23,316330,1491341696,2.7756,35.25,26.42,3.9573,51.07,84.13,148.43,101.59,0.0,88.75,2,49.14,13.36,-5.92,0.0,,8,,20260817
PFLT,PennantPark Floating Rate Capital Ltd.,Financial Services,Asset Management,NYSE,7.26,1172829,720321920,0.1949,7.23,7.96,0.1594,-16.31,-22.64,-40.68,-28.27,0.0,47.0,3,10.3,6.83,-29.51,0.0,,8,,20260817
GGN,"GAMCO Global Gold, Natural Resources & Income Trust",Financial Services,Asset Management,NYSE,5.4,584812,843613760,0.091,4.94,5.07,5.0692,0.13,-15.21,4.49,-3.49,0.0,63.75,3,5.88,4.43,-8.16,0.0,,8,,20260817
BTGO,"BitGo Holdings, Inc.",Financial Services,Capital Markets,NYSE,5.55,1558164,652378240,0.3848,5.19,5.55,0.9438,-42.37,-62.36,-82.5,-65.42,0.0,61.25,3,24.5,4.65,-77.35,0.0,,8,,20260817
PSYTF,Pason Systems Inc.,Energy,Oil & Gas Equipment & Services,OQX,10.49,47283,813420544,0.2105,9.22,9.15,6.0546,-0.75,0.79,3.19,1.37,0.0,58.75,2,11.33,7.89,-7.41,0.0,,8,,20260817
UMAC,"Unusual Machines, Inc.",Technology,Computer Hardware,NYSE,30.15,6084045,1506188544,2.9372,22.43,16.37,2.6296,81.31,139.0,184.65,142.84,0.0,91.25,2,34.93,7.25,-13.67,0.0,,8,,20260817
GSM,Ferroglobe PLC,Basic Materials,Other Industrial Metals & Mining,NCM,4.29,1760285,801631616,0.203,3.64,4.29,3.1931,3.95,-32.05,-16.02,-16.64,0.0,49.5,3,5.74,3.08,-25.26,0.0,,8,,20260817
ATXRF,ATEX Resources Inc.,Basic Materials,Gold,OQX,1.96,116348,737271296,0.0877,1.78,2.23,2.0322,-19.14,-49.89,1.37,-21.7,0.0,35.0,3,3.47,1.43,-43.52,0.0,,8,,20260817
EIG,"Employers Holdings, Inc.",Financial Services,Insurance - Specialty,NYSE,48.09,241608,863720768,1.1102,48.87,42.93,-0.7014,10.51,1.84,-2.69,2.2,0.0,70.75,3,52.59,35.73,-8.56,0.0,,8,,20260817
BPMUF,Basilea Pharmaceutica AG,Healthcare,Biotechnology,PNK,65.5,6,878741504,0.2145,61.66,65.74,17.909,-9.1,-22.31,-25.04,-20.1,0.0,37.0,3,74.0,59.29,-11.49,0.0,,8,,20260817
ADAM,"Adamas Trust, Inc.",Real Estate,REIT - Mortgage,NASDAQ,10.12,839482,909583424,0.2517,9.18,7.85,3.7451,14.87,18.14,46.98,28.86,0.0,83.75,2,10.36,6.45,-2.32,0.0,,8,,20260817
ADAMH,"Adamas Trust, Inc.",Unknown,Unknown,NASDAQ,25.44,21777,0,0.0732,25.33,24.64,1.4657,-2.01,-9.96,-9.88,-7.94,0.0,88.75,2,25.99,24.49,-2.12,0.0,,8,,20260817
ADAMN,"Adamas Trust, Inc.",Real Estate,REIT - Mortgage,NASDAQ,24.71,7811,0,0.3039,23.73,22.12,3.239,2.19,1.39,3.28,2.35,0.0,87.5,2,24.95,21.01,-0.97,0.0,,8,,20260817
ADAML,"Adamas Trust, Inc.",Real Estate,REIT - Mortgage,NASDAQ,24.91,10972,0,0.165,24.28,22.92,3.7917,0.28,-3.89,0.03,-1.28,0.0,85.0,2,25.0,21.75,-0.37,0.0,,8,,20260817
ADAMM,"Adamas Trust, Inc.",Real Estate,REIT - Mortgage,NASDAQ,25.43,15956,0,0.1191,24.95,24.11,4.0457,-1.24,-8.48,-6.59,-5.92,0.0,86.25,2,25.62,23.78,-0.74,0.0,,8,,20260817
ADAMZ,"Adamas Trust, Inc.",Real Estate,REIT - Mortgage,NASDAQ,18.62,7525,0,0.2478,18.68,18.27,-0.2409,-0.41,-14.27,-8.95,-8.68,0.0,69.5,3,21.72,17.25,-14.26,0.0,,8,,20260817
FCBC,"First Community Bankshares, Inc.",Financial Services,Banks - Regional,NASDAQ,49.18,90254,930009920,1.2218,45.48,39.21,3.0318,15.5,11.18,20.57,16.02,0.0,90.0,2,50.0,31.21,-1.64,0.0,,8,,20260817
EFOR,"Everforth, Inc.",Technology,Information Technology Services,NYSE,30.86,1077050,1265260032,1.784,22.33,35.14,4.7791,67.02,-39.45,-60.23,-21.14,0.0,72.5,3,54.94,16.9,-43.83,0.0,,8,,20260817
MEGI,NYLI CBRE Global Infrastructure Megatrends Term Fund,Financial Services,Asset Management,NYSE,15.19,129822,790602048,0.2255,15.13,14.2,0.2802,-0.31,-10.35,-4.69,-5.58,0.0,83.75,2,15.89,13.42,-4.41,0.0,,8,,20260817
BOZTY,Boozt AB (publ),Consumer Cyclical,Apparel Retail,PNK,15.12,40,912186176,0.0148,14.7,11.77,28.4329,45.3,34.77,34.64,37.35,0.0,75.0,2,15.5,9.05,-2.45,0.0,,8,,20260817
EGBN,"Eagle Bancorp, Inc.",Financial Services,Banks - Regional,NCM,28.55,290262,870317376,0.7382,27.8,24.66,1.018,11.91,-5.14,34.13,14.83,0.0,87.5,2,29.29,15.03,-2.53,0.0,,8,,20260817
DOMVF,Dogus Otomotiv Servis ve Ticaret A.S.,Consumer Cyclical,Auto & Truck Dealerships,PNK,4.54,1,998800000,1.0025,-9.77,9.62,14.2704,-152.93,-96.06,-104.52,-113.66,0.0,37.0,3,8.11,4.03,-44.02,0.0,,8,,20260817
MTUS,Metallus Inc.,Basic Materials,Steel,NYSE,22.03,382401,913127744,0.8113,20.03,18.53,2.4619,18.48,-7.51,17.08,8.82,0.0,88.75,2,22.58,14.19,-2.44,0.0,,8,,20260817
ABSI,Absci Corporation,Healthcare,Biotechnology,NASDAQ,9.24,5104462,1585713408,0.6719,8.78,4.89,0.6861,75.32,248.41,186.87,180.52,0.0,88.75,2,12.05,2.24,-23.35,0.0,,8,,20260817
CCBG,"Capital City Bank Group, Inc.",Financial Services,Banks - Regional,NASDAQ,51.97,94570,889377984,1.2268,49.8,44.76,1.7655,10.2,8.93,8.7,9.16,0.0,91.25,2,53.6,38.27,-3.04,0.0,,8,,20260817
NAVI,Navient Corporation,Financial Services,Credit Services,NASDAQ,9.16,1173980,859059840,0.4161,8.48,9.51,1.638,10.1,-11.9,-46.85,-20.38,0.0,75.75,3,13.87,7.33,-33.96,0.0,,8,,20260817
WLKP,Westlake Chemical Partners LP,Basic Materials,Chemicals,NYSE,21.66,30922,763425728,0.441,21.78,20.48,-0.2633,-7.09,-8.01,-13.13,-9.83,0.0,49.5,3,23.88,17.75,-9.3,0.0,,8,,20260817
GO,Grocery Outlet Holding Corp.,Consumer Defensive,Grocery Stores,NASDAQ,11.49,2718114,1138480896,0.5023,9.67,9.32,3.6279,46.26,-0.03,-58.66,-11.91,0.0,90.0,2,19.23,5.66,-40.25,0.0,,8,,20260817
VLRS,"Controladora Vuela Compañía de Aviación, S.A.B. de C.V.",Industrials,Airlines,NYSE,7.6,616912,873630400,0.3477,8.24,8.03,-1.8452,6.6,-38.92,7.45,-8.99,0.0,48.25,3,10.8,5.7,-29.63,0.0,,8,,20260817
AGFMF,AGF Management Limited,Financial Services,Asset Management,PNK,16.7,37054,1061945216,0.2185,15.15,12.95,7.0775,31.89,8.78,76.07,41.48,0.0,82.5,2,17.03,8.53,-1.94,0.0,,8,,20260817
MRAM,"Everspin Technologies, Inc.",Technology,Semiconductors,NASDAQ,19.85,2227051,483347680,1.667,19.15,15.01,0.4211,-51.97,66.03,201.11,90.56,0.0,62.5,2,51.5,5.86,-61.46,0.0,,8,,20260817
WRLD,World Acceptance Corporation,Financial Services,Credit Services,NASDAQ,190.0,131104,886004224,8.1744,190.49,153.87,-0.0594,19.24,30.93,-9.79,11.72,0.0,69.5,3,227.68,110.0,-16.55,0.0,,8,,20260817
SPRY,"ARS Pharmaceuticals, Inc.",Healthcare,Biotechnology,NASDAQ,6.24,2050530,620551424,0.4899,7.51,8.76,-2.5896,-20.76,-43.43,-78.01,-51.59,0.0,11.25,4,15.09,4.91,-58.65,0.0,,8,,20260817
GRCLF,GrainCorp Limited,Consumer Defensive,Farm Products,PNK,4.2,4767,855946048,0.1694,3.64,4.27,3.294,6.09,-6.88,-28.7,-12.36,0.0,65.75,3,6.15,3.2,-31.71,0.0,,8,,20260817
CGRIF,"Canadian General Investments, Limited",Unknown,Unknown,PNK,38.98,241,813165668,0.2443,36.97,35.67,8.2256,-2.61,-4.97,8.99,1.2,0.0,53.75,2,38.98,28.92,-0.0,0.0,,8,,20260817
HTB,"HomeTrust Bancshares, Inc.",Financial Services,Banks - Regional,NYSE,47.8,124333,797934016,1.2544,48.98,44.57,-0.9434,0.89,-4.37,0.32,-1.18,0.0,73.25,3,52.5,38.3,-8.95,0.0,,8,,20260817
NB,NioCorp Developments Ltd.,Basic Materials,Other Industrial Metals & Mining,NASDAQ,4.81,3584840,700273664,0.3346,4.77,5.54,0.1058,-16.71,-31.01,-17.24,-21.93,0.0,36.25,3,12.58,3.5,-61.76,0.0,,8,,20260817
UBSFF,Ubisoft Entertainment SA,Communication Services,Electronic Gaming & Multimedia,PNK,5.75,838,781685184,0.2447,5.94,6.12,-0.7951,2.65,-3.98,-67.42,-27.7,0.0,27.75,4,11.73,4.5,-50.98,0.0,,8,,20260817
AURA,"Aura Biosciences, Inc.",Healthcare,Biotechnology,NASDAQ,7.68,570958,794391680,0.4192,7.02,6.46,1.5724,-5.58,23.94,-11.42,2.42,0.0,65.0,2,9.54,4.73,-19.45,0.0,,8,,20260817
PSTL,"Postal Realty Trust, Inc.",Real Estate,REIT - Office,NYSE,22.75,333711,857817856,0.6524,23.38,19.46,-0.9618,-3.42,9.35,43.96,20.0,0.0,73.25,3,25.22,14.25,-9.79,0.0,,8,,20260817
ACGP,"Associated Capital Group, Inc.",Financial Services,Asset Management,OQX,33.51,5912,691933888,0.1564,34.8,37.57,-8.2557,-17.41,-29.7,-29.46,-26.53,0.0,18.25,4,41.14,30.25,-18.55,0.0,,8,,20260817
SSII,"SS Innovations International, Inc.",Healthcare,Medical Devices,NCM,3.76,66316,753449280,0.2625,3.67,4.73,0.3402,-7.39,-26.7,-65.43,-37.36,0.0,32.5,3,10.0,3.11,-62.4,0.0,,8,,20260817
LAES,SEALSQ Corp,Technology,Semiconductors,NASDAQ,2.9,17023603,646044608,0.1735,2.82,3.6,0.476,-3.76,-38.61,-21.13,-22.91,0.0,37.5,3,8.71,1.99,-66.7,0.0,,8,,20260817
SSYS,Stratasys Ltd.,Technology,Computer Hardware,NASDAQ,8.84,824414,767435776,0.4001,8.48,9.11,0.8882,-1.53,-33.36,-25.25,-22.16,0.0,48.25,3,12.81,7.34,-30.99,0.0,,8,,20260817
PSGTF,PT Semen Indonesia (Persero) Tbk,Basic Materials,Building Materials,PNK,0.07,93,795790336,0.0004,0.09,0.14,-42.6765,-61.1,-69.04,-75.47,-69.63,0.0,0.0,4,0.17,0.07,-58.82,0.0,,8,,20260817
VOR,Vor Biopharma Inc.,Healthcare,Biotechnology,NASDAQ,23.01,1168369,1361324416,1.4017,18.39,15.23,3.2968,49.15,62.03,-64.19,8.32,0.0,88.75,2,50.2,6.5,-54.16,0.0,,8,,20260817
KOP,Koppers Holdings Inc.,Basic Materials,Specialty Chemicals,NYSE,47.45,182948,897353920,2.2107,46.93,37.04,0.2374,12.1,25.03,35.29,25.9,0.0,88.75,2,53.0,25.0,-10.47,0.0,,8,,20260817
ANZFF,Air New Zealand Limited,Industrials,Airlines,PNK,0.26,1495,776054912,0.0014,0.25,0.29,7.8045,-7.59,-34.22,-45.42,-32.04,0.0,51.25,3,0.39,0.22,-34.66,0.0,,8,,20260817
SPFI,"South Plains Financial, Inc.",Financial Services,Banks - Regional,NASDAQ,45.35,149379,854353344,0.9889,43.2,40.93,2.1727,12.88,-5.62,-4.63,-0.6,0.0,83.75,2,46.94,35.34,-3.39,0.0,,8,,20260817
NBPVF,Neuberger Private Equity Partners Limited,Unknown,Unknown,PNK,20.25,709,988212150,0.1547,19.98,19.85,1.7177,4.55,-14.66,-16.52,-10.6,0.0,75.0,2,22.0,17.55,-7.95,0.0,,8,,20260817
KRO,"Kronos Worldwide, Inc.",Basic Materials,Specialty Chemicals,NYSE,8.09,370558,931138944,0.5413,6.75,5.95,2.4806,15.9,15.97,15.04,15.58,0.0,86.25,2,8.9,4.08,-9.1,0.0,,8,,20260817
WHTCF,WELL Health Technologies Corp.,Healthcare,Medical Care Facilities,OQX,3.12,48343,798554688,0.0692,3.04,3.0,1.2082,3.68,-5.53,-35.45,-15.2,0.0,55.0,3,4.31,2.44,-27.61,0.0,,8,,20260817
TIGR,UP Fintech Holding Limited,Financial Services,Capital Markets,NASDAQ,4.84,4345795,864911232,0.1927,4.71,7.13,0.6691,-26.23,-53.66,-74.68,-55.21,0.0,37.5,3,13.55,4.0,-64.28,0.0,,8,,20260817
BVS,Bioventus Inc.,Healthcare,Medical Devices,NASDAQ,13.88,762427,1167195264,0.7626,11.33,9.19,3.3418,27.28,57.34,63.19,52.16,0.0,92.5,2,15.89,6.25,-12.67,0.0,,8,,20260817
BBSI,"Barrett Business Services, Inc.",Industrials,Staffing & Employment Services,NASDAQ,31.33,257577,759288192,1.6108,36.33,33.85,-3.1011,-0.24,-14.3,-53.38,-26.42,0.0,47.0,4,49.65,25.33,-36.9,0.0,,8,,20260817
SUPV,Grupo Supervielle S.A.,Financial Services,Banks - Regional,NYSE,7.98,686543,754175488,0.503,9.62,10.04,-3.2549,1.6,-38.08,-40.28,-29.04,0.0,31.25,3,13.55,4.54,-41.11,0.0,,8,,20260817
GSBC,"Great Southern Bancorp, Inc.",Financial Services,Banks - Regional,NASDAQ,80.39,104569,876050560,1.8772,78.03,66.75,1.2578,15.52,12.96,16.3,14.93,0.0,88.75,2,82.91,53.76,-3.04,0.0,,8,,20260817
CADNF,Cascades Inc.,Consumer Cyclical,Packaging & Containers,PNK,12.54,30054,1271808000,0.2647,9.08,8.65,13.0711,54.48,14.95,65.63,45.1,0.0,83.75,2,12.94,6.54,-3.09,0.0,,8,,20260817
NXDR,"Nextdoor Holdings, Inc.",Communication Services,Internet Content & Information,NYSE,2.52,2694191,974857984,0.1224,2.31,1.93,1.6995,19.34,43.56,12.91,25.25,0.0,83.75,2,3.72,1.33,-32.26,0.0,,8,,20260817
MARIF,Marimaca Copper Corp.,Basic Materials,Copper,OQX,5.68,24088,766687808,0.1854,5.37,6.8,1.6563,-8.86,-45.91,-41.8,-35.0,0.0,35.0,3,9.87,4.89,-42.45,0.0,,8,,20260817
HZO,"MarineMax, Inc.",Consumer Cyclical,Specialty Retail,NYSE,52.25,485701,1154032000,1.9418,36.92,29.98,7.8944,53.44,66.11,81.62,69.15,0.0,88.75,2,52.46,21.42,-0.4,0.0,,8,,20260817
HBIA,Hills Bancorporation,Financial Services,Banks - Regional,OID,49.0,151,856310080,0.7247,53.13,75.5,-5.7026,-47.82,-53.11,-55.8,-52.86,0.0,2.5,4,99.01,44.0,-50.51,0.0,,8,,20260817
LMRI,"Lumexa Imaging Holdings, Inc.",Healthcare,Medical Devices,NASDAQ,11.81,687427,1134713472,0.6925,10.82,11.81,1.4342,63.19,-31.7,-49.28,-15.01,0.0,87.5,3,19.45,6.45,-39.28,0.0,,8,,20260817
ASC,Ardmore Shipping Corporation,Industrials,Marine Shipping,NYSE,18.07,640158,738193344,0.7065,16.35,14.51,2.4383,-7.05,23.09,57.34,29.26,0.0,63.75,2,20.03,10.31,-9.79,0.0,,8,,20260817
IBTA,"Ibotta, Inc.",Technology,Software - Application,NYSE,35.94,225370,834743360,2.7111,31.99,28.23,1.4586,11.85,53.69,31.03,34.17,0.0,62.5,2,40.48,19.1,-11.23,0.0,,8,,20260817
CWH,"Camping World Holdings, Inc.",Consumer Cyclical,Auto & Truck Dealerships,NYSE,6.22,2354817,642494336,0.3657,6.73,8.81,-1.3903,-10.99,-59.76,-84.74,-57.56,0.0,11.25,4,18.34,5.49,-66.09,0.0,,8,,20260817
THQ,Abrdn Healthcare Opportunities Fund,Financial Services,Asset Management,NYSE,19.53,210075,809273920,0.2715,18.67,17.81,3.1654,6.45,-5.28,13.95,5.34,0.0,88.75,2,20.39,16.28,-4.22,0.0,,8,,20260817
APOG,"Apogee Enterprises, Inc.",Industrials,Building Products & Equipment,NASDAQ,42.18,249124,880224640,1.325,40.87,37.2,0.9894,20.09,-10.66,-21.7,-7.39,0.0,90.0,2,50.88,30.75,-17.1,0.0,,8,,20260817
CRESY,"Cresud Sociedad Anónima, Comercial, Inmobiliaria, Financiera y Agropecuaria",Industrials,Conglomerates,NASDAQ,10.58,279698,750388608,0.3637,11.18,11.56,-1.6374,-5.27,-24.05,-15.6,-15.97,0.0,22.0,4,14.21,8.19,-25.55,0.0,,8,,20260817
FFC,Flaherty & Crumrine Preferred Securities Income Fund Inc.,Financial Services,Asset Management,NYSE,16.22,106979,781445440,0.128,16.02,15.81,1.5543,-0.07,-14.11,-13.71,-10.44,0.0,81.25,2,17.0,14.98,-4.59,0.0,,8,,20260817
NXRT,"NexPoint Residential Trust, Inc.",Real Estate,REIT - Residential,NYSE,23.97,253591,1236943104,0.7387,26.82,27.63,-3.8588,-17.9,-30.2,-38.37,-30.39,0.0,11.25,4,34.87,23.73,-31.26,0.0,,8,,20260817
IPZYF,IP Group Plc,Financial Services,Asset Management,PNK,0.91,170,799855360,0.0006,0.89,0.81,31.442,4.97,-0.39,11.39,5.66,0.0,75.0,2,0.91,0.68,-0.0,0.0,,8,,20260817
SMBC,"Southern Missouri Bancorp, Inc.",Financial Services,Banks - Regional,NASDAQ,76.35,104809,840698176,1.5417,75.22,65.29,0.7329,10.21,5.18,19.85,12.3,0.0,86.25,2,79.86,47.6,-4.4,0.0,,8,,20260817
PGC,Peapack-Gladstone Financial Corporation,Financial Services,Banks - Regional,NASDAQ,46.71,190358,828072640,1.2311,46.12,36.58,0.483,7.25,23.95,54.21,31.88,0.0,87.5,2,49.14,24.71,-4.95,0.0,,8,,20260817
TMCR,The Metals Royalty Company Inc.,Basic Materials,Other Industrial Metals & Mining,NCM,6.57,65830,406040320,0.7759,7.12,6.57,-0.7117,-56.81,-67.66,-67.66,-64.95,0.0,38.75,3,21.38,5.14,-69.27,0.0,,8,,20260817
TXO,"TXO Partners, L.P.",Energy,Oil & Gas E&P,NYSE,13.85,174779,767932800,0.4037,12.74,11.77,2.7586,9.48,5.24,-13.26,-1.1,0.0,90.0,2,14.71,10.12,-5.85,0.0,,8,,20260817
WOOF,"Petco Health and Wellness Company, Inc.",Consumer Cyclical,Specialty Retail,NASDAQ,2.7,1935135,771026176,0.125,2.7,2.82,-0.004,3.2,-6.37,-42.18,-18.3,0.0,60.25,4,4.19,2.24,-35.56,0.0,,8,,20260817
PHIG,"PHI Group, Inc.",Industrials,Airports & Air Services,PNK,30.0,2827,729302528,0.2182,30.34,29.8,-1.577,-3.19,-7.03,-9.82,-7.19,0.0,65.75,3,32.5,25.0,-7.69,0.0,,8,,20260817
ARREF,Amerigo Resources Ltd.,Basic Materials,Copper,OQX,5.57,140720,899230656,0.2946,4.88,3.91,2.3332,16.04,24.45,274.77,122.48,0.0,87.5,2,6.2,1.49,-10.16,0.0,,8,,20260817
VTS,"Vitesse Energy, Inc.",Energy,Oil & Gas E&P,NYSE,16.63,536272,700194752,0.4236,15.94,18.13,1.625,-12.55,-34.28,-49.7,-35.02,0.0,50.75,3,27.15,15.0,-38.75,0.0,,8,,20260817
GFR,Greenfire Resources Ltd.,Energy,Oil & Gas E&P,NYSE,6.45,218162,809013952,0.3782,6.0,5.66,1.1919,3.78,-1.65,20.31,8.49,0.0,86.25,2,7.16,4.14,-9.92,0.0,,8,,20260817
MCDIF,Mcdermott International Ltd.,Industrials,Engineering & Construction,PNK,4.55,54141,731920896,0.7177,14.49,22.11,-13.856,-87.49,-97.21,-75.76,-86.2,0.0,0.0,4,28.75,4.0,-84.17,0.0,,8,,20260817
GRNCY,GrainCorp Limited,Consumer Defensive,Farm Products,PNK,7.15,35,794807040,0.0052,7.11,7.15,8.4755,-21.79,-37.51,-37.78,-33.69,0.0,50.0,3,10.49,7.1,-31.84,0.0,,8,,20260817
ENPSF,Enplas Corporation,Technology,Electronic Components,PNK,71.75,153,648025344,1.83,78.45,56.9,-3.6633,-30.22,100.25,-1028.72,-383.96,0.0,26.25,3,110.0,29.71,-34.77,0.0,,8,,20260817
MPZAF,Mips AB (publ),Consumer Cyclical,Leisure,PNK,26.0,20,688769152,0.0392,25.91,36.32,2.2599,-12.43,-52.8,-59.96,-45.57,0.0,25.0,3,44.6,25.0,-41.7,0.0,,8,,20260817
NMFCZ,New Mountain Finance Corporation 8.250% Notes due 2028,Unknown,Unknown,NASDAQ,25.15,11514,0,0.0797,24.98,24.38,2.182,-2.78,-9.62,-13.92,-9.63,0.0,88.75,2,25.68,25.0,-2.06,0.0,,8,,20260817
NMFC,New Mountain Finance Corporation,Financial Services,Asset Management,NASDAQ,7.47,629537,705559360,0.2069,7.25,7.85,1.0582,-9.4,-17.19,-38.07,-23.6,0.0,47.0,3,10.71,6.73,-30.25,0.0,,8,,20260817
CLRPF,Clarity Pharmaceuticals Ltd,Healthcare,Biotechnology,PNK,2.04,13140,690200256,0.1412,1.65,2.15,2.7603,-10.46,-17.51,-38.23,-24.04,0.0,44.5,3,3.6,1.23,-43.39,0.0,,8,,20260817
VCVOF,VinaCapital Vietnam Opportunity Fund Limited,Unknown,Unknown,PNK,6.22,5862,1207040719,0.1742,5.94,6.16,1.6225,-5.3,-14.88,-26.61,-17.18,0.0,60.0,3,6.81,5.24,-8.66,0.0,,8,,20260817
SAFLY,Safilo Group S.p.A.,Healthcare,Medical Instruments & Supplies,PNK,4.75,30,928482624,0.0462,3.9,3.97,18.4258,17.76,4.19,85.71,40.19,0.0,75.0,3,4.75,2.29,0.0,0.0,,8,,20260817
SYBJF,Security Bank Corporation,Financial Services,Banks - Regional,PNK,0.99,0,762322816,0.0004,0.99,0.19,0.0,-2.39,-384.94,2490.78,860.99,0.0,50.0,3,1.38,0.97,-28.26,0.0,,8,,20260817
SNTNF,SNTNF,Basic Materials,Other Precious Metals & Mining,PNK,0.37,3,361675552,0.006,0.58,0.2,-35.1259,3564.15,3556.21,3546.87,3554.46,0.0,25.0,3,0.76,0.01,-51.48,0.0,,8,,20260817
ANRO,"Alto Neuroscience, Inc.",Healthcare,Biotechnology,NYSE,33.6,517500,1318534656,2.1287,25.88,20.58,3.6254,38.89,90.36,952.34,422.29,0.0,90.0,2,34.34,3.05,-2.15,0.0,,8,,20260817
CXOXF,Core Lithium Ltd,Basic Materials,Other Industrial Metals & Mining,PNK,0.23,17780,747701184,0.0135,0.19,0.18,3.0722,-16.27,50.81,170.09,81.75,0.0,57.5,2,0.3,0.06,-23.0,0.0,,8,,20260817
HLFFF,HelloFresh SE,Consumer Defensive,Grocery Stores,PNK,3.94,2169,693734336,0.1593,4.39,5.55,-2.8396,-20.3,-57.45,-82.73,-58.28,0.0,7.5,4,9.7,3.49,-59.38,0.0,,8,,20260817
SCZM,Santacruz Silver Mining Ltd.,Basic Materials,Other Industrial Metals & Mining,NCM,8.75,512669,811481088,0.4991,6.92,8.53,3.6659,-13.33,-25.63,95.44,25.87,0.0,65.0,3,17.64,3.46,-50.41,0.0,,8,,20260817
CGBD,"Carlyle Secured Lending, Inc.",Financial Services,Asset Management,NASDAQ,11.26,572682,774739648,0.28,10.53,10.94,2.5951,-0.92,-12.74,-27.05,-15.51,0.0,61.25,3,14.04,9.95,-19.77,0.0,,8,,20260817
KFRC,Kforce Inc.,Industrials,Staffing & Employment Services,NYSE,57.06,229667,1021887552,2.3421,53.48,37.38,1.5284,40.86,87.65,64.54,66.71,0.0,87.5,2,61.68,24.49,-7.49,0.0,,8,,20260817
JSVGF,Johnson Service Group PLC,Unknown,Unknown,PNK,1.95,35,709936704,0.0004,1.95,1.54,0.0,9.85,56.02,49.0,41.67,0.0,75.0,3,2.05,1.18,-4.88,0.0,,8,,20260817
BRSP,"BrightSpire Capital, Inc.",Real Estate,REIT - Mortgage,NYSE,4.86,1552030,614907520,0.1343,5.27,5.38,-3.0252,-16.97,-24.01,-23.15,-21.91,0.0,22.0,4,6.17,4.82,-21.17,0.0,,8,,20260817
RLMD,"Relmada Therapeutics, Inc.",Healthcare,Biotechnology,NCM,4.77,1773585,508815168,0.3345,5.83,5.37,-3.183,-35.67,14.29,664.7,261.96,0.0,12.5,4,8.0,0.59,-40.38,0.0,,8,,20260817
BIOA,"BioAge Labs, Inc.",Healthcare,Drug Manufacturers - Specialty & Generic,NASDAQ,10.4,838409,477327840,1.6901,19.2,16.76,-5.2069,-47.97,-61.86,106.93,9.13,0.0,13.75,4,25.95,4.38,-59.93,0.0,,8,,20260817
CGNT,Cognyte Software Ltd.,Technology,Software - Infrastructure,NASDAQ,8.95,668704,661408448,0.3492,8.82,8.87,0.3797,-13.38,12.83,-18.61,-6.3,0.0,61.25,3,12.31,6.29,-27.29,0.0,,8,,20260817
MRVSY,Minerva S.A.,Consumer Defensive,Packaged Foods,OID,2.44,3066,605836096,0.0623,2.96,3.7,-8.3003,-31.77,-58.61,-55.99,-50.85,0.0,2.5,4,5.39,2.44,-54.64,0.0,,8,,20260817
ANPMF,Andean Precious Metals Corp.,Basic Materials,Silver,OQX,4.98,106184,750054080,0.3241,4.32,5.52,2.0463,-15.43,-38.6,24.27,-7.66,0.0,49.5,3,9.15,3.21,-45.57,0.0,,8,,20260817
EH,EHang Holdings Limited,Industrials,Aerospace & Defense,NASDAQ,5.71,1103412,433077024,0.3106,5.98,10.79,-0.8806,-44.31,-64.63,-88.87,-69.25,0.0,23.25,4,20.2,4.88,-71.73,0.0,,8,,20260817
HELFY,HelloFresh SE,Consumer Defensive,Grocery Stores,PNK,0.84,7253,481686720,0.0283,1.02,1.34,-6.5044,-32.94,-58.01,-80.55,-60.75,0.0,7.5,4,2.37,0.84,-64.48,0.0,,8,,20260817
TLOFF,Talon Metals Corp.,Basic Materials,Other Industrial Metals & Mining,OID,5.44,250916,876045184,0.3093,4.19,4.5,4.0395,9.77,-9.32,71.78,27.89,0.0,62.5,3,6.82,2.5,-20.23,0.0,,8,,20260817
NIE,Virtus Equity & Convertible Income Fund,Financial Services,Asset Management,NYSE,26.78,63246,742046080,0.3518,26.28,24.75,1.4101,-2.3,-2.93,0.49,-1.41,0.0,83.75,2,27.24,22.78,-1.69,0.0,,8,,20260817
AUCTF,Aucnet Inc.,Consumer Cyclical,Internet Retail,PNK,7.64,0,693105664,0.1323,0.92,-0.13,50.7994,-161.22,-193.42,-89.41,-143.76,0.0,62.0,3,7.76,4.48,-1.55,0.0,,8,,20260817
SRRTF,Slate Grocery REIT,Real Estate,REIT - Retail,PNK,11.99,18975,712721792,0.2937,12.23,11.28,-0.8316,4.18,-4.76,0.99,-0.23,0.0,72.0,3,13.51,9.88,-11.25,0.0,,8,,20260817
MCEM,The Monarch Cement Company,Basic Materials,Building Materials,OQX,268.0,383,994401152,6.4926,278.86,253.56,-1.6723,-12.09,-5.49,-1.26,-5.45,0.0,44.5,3,299.75,207.0,-10.59,0.0,,8,,20260817
IVR,Invesco Mortgage Capital Inc.,Real Estate,REIT - Mortgage,NYSE,7.52,2642283,769943488,0.1341,7.65,7.57,-0.9932,-6.07,-19.4,-2.84,-9.45,0.0,30.25,4,9.5,7.1,-20.84,0.0,,8,,20260817
FECCF,Frontera Energy Corporation,Energy,Oil & Gas E&P,OQX,6.2,109770,432004960,0.1761,6.07,4.28,0.7293,14.07,52.34,148.07,81.07,0.0,85.0,2,11.87,3.55,-47.75,0.0,,8,,20260817
GRNT,"Granite Ridge Resources, Inc.",Energy,Oil & Gas E&P,NYSE,5.26,918191,693795264,0.1712,4.71,4.92,3.2116,-7.16,-5.05,-13.65,-9.02,0.0,63.75,3,6.14,4.18,-14.4,0.0,,8,,20260817
PEO,"Adams Natural Resources Fund, Inc.",Financial Services,Asset Management,NYSE,27.94,68554,783110016,0.4738,25.69,24.01,4.7477,2.94,-0.46,23.85,10.11,0.0,91.25,2,28.88,20.75,-3.25,0.0,,8,,20260817
BTO,John Hancock Financial Opportunities Fund,Financial Services,Asset Management,NYSE,41.02,44314,812884160,0.7146,39.43,35.94,2.221,12.9,-3.47,1.56,2.63,0.0,86.25,2,42.0,32.01,-2.33,0.0,,8,,20260817
GROY,Gold Royalty Corp.,Basic Materials,Gold,NYSE,3.2,2020761,741378304,0.1195,2.77,3.63,3.5677,-8.42,-39.35,-16.9,-22.63,0.0,40.0,3,5.46,2.45,-41.34,0.0,,8,,20260817
GDOT,Green Dot Corporation,Financial Services,Credit Services,NYSE,13.45,451843,766450688,0.2662,13.23,12.39,0.8167,1.69,-1.01,-23.6,-9.37,0.0,88.75,2,15.41,10.1,-12.72,0.0,,8,,20260817
CBRL,"Cracker Barrel Old Country Store, Inc.",Consumer Cyclical,Restaurants,NASDAQ,59.04,1221345,1319630208,2.5336,51.19,34.92,3.0996,88.39,76.61,-24.22,39.23,0.0,90.0,2,63.15,24.85,-6.51,0.0,,8,,20260817
MITK,"Mitek Systems, Inc.",Technology,Software - Application,NCM,18.53,966487,836117632,0.9916,17.89,13.68,0.649,25.14,24.35,63.25,40.11,0.0,85.0,2,21.05,8.53,-11.97,0.0,,8,,20260817
NOAH,Noah Holdings Limited,Financial Services,Asset Management,NYSE,8.54,95485,586234816,0.2272,8.74,9.22,-0.8996,-9.9,-31.69,-38.54,-28.98,0.0,34.0,4,12.84,8.14,-33.49,0.0,,8,,20260817
FTK,"Flotek Industries, Inc.",Energy,Oil & Gas Equipment & Services,NYSE,28.66,384812,1038077440,3.0853,26.3,19.32,0.7659,41.35,51.82,117.5,75.48,0.0,86.25,2,39.67,10.95,-27.75,0.0,,8,,20260817
CHXMF,Troilus Mining Corp.,Basic Materials,Other Industrial Metals & Mining,OQX,1.44,150533,798125248,0.0545,1.25,1.25,3.481,-2.67,-21.33,141.16,48.33,0.0,63.75,2,1.7,0.52,-15.09,0.0,,8,,20260817
MAMTF,MCAN Mortgage Corporation,Financial Services,Mortgage Finance,PNK,16.95,653,650947840,0.2215,17.87,16.6,-4.1508,-6.5,-11.8,-7.68,-8.83,0.0,51.25,3,18.64,14.62,-9.08,0.0,,8,,20260817
QNC,Quantum eMotion Corp.,Technology,Software - Infrastructure,NYSE,2.23,1680972,489194368,0.1608,2.61,2.23,-2.3774,-22.21,-54.17,-54.17,-46.18,0.0,37.5,3,4.44,1.9,-49.77,0.0,,8,,20260817
ORRF,"Orrstown Financial Services, Inc.",Financial Services,Banks - Regional,NCM,43.03,134866,846384000,0.9353,40.93,36.95,2.2464,18.32,2.13,9.9,9.29,0.0,87.5,2,43.81,31.87,-1.78,0.0,,8,,20260817
GRPN,"Groupon, Inc.",Communication Services,Internet Content & Information,NASDAQ,20.3,1692874,825505472,1.8436,23.22,17.32,-1.5843,11.46,48.72,-51.97,-0.87,0.0,58.75,3,29.9,9.17,-32.11,0.0,,8,,20260817
ADSE,ADS-TEC Energy PLC,Industrials,Electrical Equipment & Parts,NCM,12.0,13474,901556736,0.5448,11.84,11.57,0.2999,-0.45,0.13,-18.48,-7.46,0.0,92.5,2,13.5,7.89,-11.11,0.0,,8,,20260817
COVCF,COVER Corporation,Technology,Software - Application,PNK,9.75,216,621760576,0.2485,9.48,9.97,1.0785,12.04,-20.54,-56.72,-26.87,0.0,37.0,3,15.97,7.3,-38.95,0.0,,8,,20260817
NNCSF,Nanosonics Limited,Healthcare,Medical Instruments & Supplies,PNK,2.19,140,618745472,0.012,2.36,2.53,-14.1227,-12.21,-30.15,-32.75,-26.7,0.0,0.0,4,3.06,2.01,-28.37,0.0,,8,,20260817
MPZAY,Mips AB (publ),Consumer Cyclical,Leisure,PNK,21.55,215,1141767296,0.3921,16.3,14.83,13.3895,41.09,37.35,30.2,35.42,0.0,77.5,2,24.22,12.0,-11.02,0.0,,8,,20260817
COHTF,COHTF,Industrials,Aerospace & Defense,PNK,16.47,14,754775360,0.0129,15.83,15.11,48.8207,23.01,12.48,-38.35,-5.22,0.0,75.0,2,19.95,12.31,-17.47,0.0,,8,,20260817
TOTZF,Total Energy Services Inc.,Energy,Oil & Gas Equipment & Services,PNK,22.22,47533,810296512,0.7896,16.8,14.31,6.8619,17.4,69.54,123.21,77.97,0.0,63.75,2,22.22,8.83,-0.0,0.0,,8,,20260817
NUFMF,Nufarm Limited,Basic Materials,Agricultural Inputs,OQX,1.94,659,737774528,0.0025,1.95,1.65,-4.1732,1.4,8.22,-7.6,0.19,0.0,62.0,3,2.22,0.99,-12.61,0.0,,8,,20260817
RDVT,"Red Violet, Inc.",Technology,Software - Application,NCM,68.04,219583,1091836160,3.523,62.95,51.17,1.4449,46.36,53.53,33.53,43.74,0.0,90.0,2,74.2,33.4,-8.3,0.0,,8,,20260817
TMQ,Trilogy Metals Inc.,Basic Materials,Other Industrial Metals & Mining,NYSE,3.72,1881825,642613760,0.1811,3.45,4.17,1.5019,-14.51,-25.79,117.33,34.28,0.0,40.0,3,11.29,1.5,-67.05,0.0,,8,,20260817
SXC,"SunCoke Energy, Inc.",Basic Materials,Coking Coal,NYSE,9.51,1618369,807159808,0.4177,8.74,7.4,1.8331,20.0,8.76,8.33,11.4,0.0,90.0,2,9.92,5.52,-4.13,0.0,,8,,20260817
NKLR,Terra Innovatum Global N.V.,Utilities,Utilities - Regulated Electric,NASDAQ,5.99,359635,661900416,0.4581,5.19,5.32,1.7549,-9.06,24.32,-67.38,-20.71,0.0,61.25,3,21.91,3.73,-72.65,0.0,,8,,20260817
VTXPF,Victrex plc,Basic Materials,Specialty Chemicals,PNK,9.12,91,794591168,0.0091,8.73,8.3,43.5546,11.72,-5.48,-15.03,-5.0,0.0,75.0,2,10.1,7.74,-9.7,0.0,,8,,20260817
CBLL,"CeriBell, Inc.",Healthcare,Medical Devices,NASDAQ,24.4,373722,936425600,1.0216,19.03,18.9,5.2516,44.89,9.48,85.82,48.87,0.0,90.0,2,24.43,10.85,-0.12,0.0,,8,,20260817
SMBK,"SmartFinancial, Inc.",Financial Services,Banks - Regional,NYSE,51.97,115577,888607616,1.2888,48.24,41.41,2.8922,25.18,11.87,26.24,20.95,0.0,90.0,2,54.14,33.01,-4.01,0.0,,8,,20260817
NLLSY,Nel ASA,Industrials,Specialty Industrial Machinery,PNK,6.7,133,410495520,0.0639,8.05,7.6,-21.1764,-36.49,-17.82,-29.97,-27.35,0.0,0.0,4,11.62,6.49,-42.34,0.0,,8,,20260817
RVI,Robinhood Ventures Fund I,Financial Services,Asset Management,NYSE,28.55,489985,777907968,1.8451,31.33,28.55,-1.5074,-51.98,20.43,20.43,2.32,0.0,36.25,3,77.39,21.0,-63.11,0.0,,8,,20260817
MAKO,Mako Mining Corp.,Basic Materials,Gold,NCM,9.84,171109,861636160,0.5192,7.8,7.06,3.9212,15.05,18.32,106.65,52.83,0.0,77.0,2,10.28,4.18,-4.28,0.0,,8,,20260817
IGR,CBRE Global Real Estate Income Fund,Financial Services,Asset Management,NYSE,4.71,518043,713093184,0.0701,4.59,4.4,1.7072,1.67,-13.02,-10.17,-8.21,0.0,82.5,2,5.28,4.15,-10.8,0.0,,8,,20260817
RMT,"Royce Micro-Cap Trust, Inc.",Financial Services,Asset Management,NYSE,14.61,136891,781321152,0.2474,14.05,12.05,2.2729,7.11,11.97,38.71,21.45,0.0,88.75,2,14.78,9.52,-1.15,0.0,,8,,20260817
JBI,"Janus International Group, Inc.",Industrials,Building Products & Equipment,NYSE,5.11,1663245,697186944,0.2189,5.3,5.97,-0.8672,1.44,-41.97,-72.09,-43.17,0.0,52.0,4,10.8,4.26,-52.69,0.0,,8,,20260817
LPKFF,LPKF Laser & Electronics SE,Industrials,Specialty Industrial Machinery,PNK,17.1,78356,418890944,1.4242,20.96,14.11,-2.708,-39.03,83.75,62.54,44.57,0.0,31.25,3,33.69,6.19,-49.24,0.0,,8,,20260817
RTWFF,RTW Biotech Opportunities Ltd,Unknown,Unknown,PNK,2.44,2375,0,0.0032,2.34,2.1,29.8037,6.56,-4.35,57.28,23.03,0.0,75.0,2,2.44,1.36,0.0,0.0,,8,,20260817
DSP,Viant Technology Inc.,Technology,Software - Application,NASDAQ,12.61,294508,840422912,0.8448,12.08,11.24,0.6301,14.72,17.97,11.19,14.44,0.0,90.0,2,14.8,8.11,-14.8,0.0,,8,,20260817
RA,Brookfield Real Assets Income Fund Inc.,Financial Services,Asset Management,NYSE,12.66,144038,699524416,0.1023,12.62,12.36,0.3484,-1.14,-14.12,-13.96,-10.81,0.0,88.75,2,13.59,12.5,-6.84,0.0,,8,,20260817
FWRG,"First Watch Restaurant Group, Inc.",Consumer Cyclical,Restaurants,NASDAQ,12.31,1215103,759680128,0.6295,12.23,13.84,0.1326,10.86,-35.66,-52.37,-30.71,0.0,62.5,3,19.53,9.97,-36.97,0.0,,8,,20260817
TBLD,Thornburg Income Builder Opportunities Trust,Financial Services,Asset Management,NASDAQ,22.3,48730,715265600,0.3237,21.78,20.81,1.6005,-1.12,-9.64,-2.46,-4.64,0.0,90.0,2,23.02,19.48,-3.15,0.0,,8,,20260817
SLRC,SLR Investment Corp.,Financial Services,Asset Management,NASDAQ,12.67,396579,691207168,0.2989,12.75,13.84,-0.2728,-6.68,-24.83,-35.07,-24.39,0.0,59.0,4,16.83,12.13,-24.72,0.0,,8,,20260817
FDUS,Fidus Investment Corporation,Financial Services,Asset Management,NASDAQ,19.48,356317,739350976,0.4412,19.35,18.24,0.2877,2.44,-3.87,-18.6,-8.18,0.0,85.0,2,21.67,16.87,-10.11,0.0,,8,,20260817
QNST,"QuinStreet, Inc.",Communication Services,Advertising Agencies,NASDAQ,20.17,841454,1158960256,0.9597,15.73,13.73,4.6286,74.05,65.39,13.91,46.97,0.0,86.25,2,22.29,10.29,-9.49,0.0,,8,,20260817
CAZGF,Catapult Sports Ltd,Technology,Scientific & Technical Instruments,PNK,2.65,3955,837335168,0.072,2.43,2.7,3.0574,22.52,-8.56,-57.08,-20.2,0.0,67.0,3,5.19,1.99,-48.94,0.0,,8,,20260817
CYRX,"Cryoport, Inc.",Industrials,Integrated Freight & Logistics,NCM,15.32,788322,775944192,0.6408,15.4,11.32,-0.1189,11.79,69.53,51.98,48.08,0.0,73.25,3,16.89,7.61,-9.3,0.0,,8,,20260817
NLLSF,Nel ASA,Industrials,Specialty Industrial Machinery,PNK,0.22,11764,404368768,0.0185,0.22,0.24,-0.0584,-42.92,-18.91,-35.44,-31.53,0.0,27.75,4,0.43,0.05,-48.36,0.0,,8,,20260817
ALRS,Alerus Financial Corporation,Financial Services,Banks - Regional,NCM,33.49,232535,834009472,0.8887,31.63,25.82,2.0899,22.25,20.83,36.41,27.42,0.0,87.5,2,34.4,20.31,-2.65,0.0,,8,,20260817
PIAGF,Piaggio & C. SpA,Consumer Cyclical,Auto Manufacturers,PNK,2.25,251,704596096,0.0323,2.04,2.04,6.5633,13.15,-7.42,-20.17,-7.38,0.0,75.0,3,2.5,1.8,-10.0,0.0,,8,,20260817
RSKD,Riskified Ltd.,Technology,Software - Application,NYSE,6.3,1116341,842964416,0.2783,5.2,4.75,3.9428,31.86,26.37,2.16,18.06,0.0,88.75,2,6.61,3.7,-4.69,0.0,,8,,20260817
ALPIB,Alpine Banks of Colorado,Financial Services,Banks - Regional,OQX,50.25,3887,673854144,0.4619,48.28,44.48,4.2617,2.19,-3.75,55.27,21.34,0.0,86.25,2,50.87,28.5,-1.21,0.0,,8,,20260817
DC,Dakota Gold Corp.,Basic Materials,Gold,NYSE,6.13,1538930,822480448,0.2725,4.83,5.36,4.7794,2.74,-8.97,32.5,10.55,0.0,65.0,3,7.25,3.74,-15.45,0.0,,8,,20260817
ASPI,ASP Isotopes Inc.,Basic Materials,Chemicals,NCM,4.02,4819945,506131872,0.3313,5.14,5.88,-3.3827,-35.49,-36.93,-83.1,-55.04,0.0,8.75,4,14.49,3.51,-72.26,0.0,,8,,20260817
IBCP,Independent Bank Corporation,Financial Services,Banks - Regional,NASDAQ,38.38,183650,790725376,0.6765,36.32,33.9,3.0384,13.36,-7.51,4.11,2.36,0.0,87.5,2,39.24,29.83,-2.19,0.0,,8,,20260817
PGGCY,Piaggio & C. SpA,Consumer Cyclical,Auto Manufacturers,PNK,8.52,1,750394880,0.0166,8.1,8.71,25.1962,-9.37,-19.89,-25.04,-19.32,0.0,62.0,3,9.0,7.94,-5.33,0.0,,8,,20260817
ODD,Oddity Tech Ltd.,Consumer Defensive,Household & Personal Products,NASDAQ,12.09,1399280,557645824,1.0018,14.35,23.55,-2.251,-9.23,-70.88,-100.41,-67.28,0.0,36.25,4,64.23,9.25,-81.18,0.0,,8,,20260817
SGP,"SpyGlass Pharma, Inc.",Healthcare,Biotechnology,NASDAQ,25.78,113841,862288960,1.43,21.04,25.78,3.3129,6.27,-22.58,-14.82,-12.27,0.0,91.25,3,32.44,17.06,-20.53,0.0,,8,,20260817
YNGFF,Yangzijiang Financial Holding Ltd.,Financial Services,Asset Management,PNK,0.17,91,599333568,0.0007,0.17,0.29,-3.2158,-18.78,-50.85,-98.91,-62.05,0.0,12.0,4,0.95,0.16,-81.96,0.0,,8,,20260817
FISI,"Financial Institutions, Inc.",Financial Services,Banks - Regional,NASDAQ,41.56,164900,818996352,0.8621,39.53,33.8,2.35,19.13,9.17,42.8,25.11,0.0,87.5,2,42.97,25.61,-3.28,0.0,,8,,20260817
ARAAF,Aclara Resources Inc.,Basic Materials,Other Industrial Metals & Mining,OID,2.87,71167,711885120,0.1633,2.81,2.54,0.3907,-18.61,13.62,149.62,59.96,0.0,67.5,2,4.0,1.01,-28.25,0.0,,8,,20260817
HSTM,"HealthStream, Inc.",Healthcare,Health Information Services,NASDAQ,28.02,212653,819303552,1.0816,27.56,23.78,0.4212,18.83,24.45,-12.51,8.26,0.0,88.75,2,31.11,19.5,-9.93,0.0,,8,,20260817
CCD,Calamos Dynamic Convertible and Income Fund,Financial Services,Asset Management,NASDAQ,26.06,76151,744869312,0.559,25.06,22.37,1.7898,5.79,5.25,19.86,11.23,0.0,85.0,2,26.99,19.98,-3.45,0.0,,8,,20260817
BTBT,"Bit Digital, Inc.",Financial Services,Capital Markets,NCM,1.6,25695945,577013632,0.1219,1.64,1.9,-0.2928,-16.16,-23.03,-70.97,-40.49,0.0,25.75,4,4.55,1.18,-64.84,0.0,,8,,20260817
CSHR,CoinShares PLC,Financial Services,Capital Markets,NASDAQ,5.32,233106,701070720,0.3174,4.32,5.32,3.1584,-15.09,-56.44,-56.44,-46.1,0.0,65.0,3,10.43,3.51,-48.99,0.0,,8,,20260817
HRTG,"Heritage Insurance Holdings, Inc.",Financial Services,Insurance - Property & Casualty,NYSE,34.17,409674,1015956608,1.3312,27.13,26.77,5.2885,48.33,21.04,33.61,32.89,0.0,93.75,2,36.5,20.48,-6.38,0.0,,8,,20260817
CSV,"Carriage Services, Inc.",Consumer Cyclical,Personal Services,NYSE,34.76,156369,552068608,1.5952,38.13,42.26,-2.1156,-24.15,-32.99,-45.61,-35.83,0.0,12.5,4,52.1,33.33,-33.28,0.0,,8,,20260817
NTGR,"NETGEAR, Inc.",Technology,Communication Equipment,NASDAQ,22.61,374917,614517632,1.0418,23.54,24.04,-0.8888,-13.45,-10.88,-28.69,-18.65,0.0,36.5,4,36.86,19.0,-38.66,0.0,,8,,20260817
LUOYF,Triumph New Energy Company Limited,Basic Materials,Building Materials,PNK,0.46,0,295331712,0.0001,0.46,0.54,0.0,-25.66,-36.18,-43.34,-36.42,0.0,25.0,3,0.58,0.46,-21.62,0.0,,8,,20260817
CLNFF,Calian Group Ltd.,Industrials,Specialty Business Services,PNK,58.87,1517,677721024,1.8802,58.84,50.89,0.0155,-5.1,8.76,40.87,18.14,0.0,52.5,2,68.02,33.53,-13.45,0.0,,8,,20260817
ALLO,"Allogene Therapeutics, Inc.",Healthcare,Biotechnology,NASDAQ,2.08,7945351,717921472,0.1224,1.95,1.91,1.028,-0.8,1.62,73.26,29.67,0.0,65.0,2,4.46,1.03,-53.36,0.0,,8,,20260817
NABL,"N-able, Inc.",Technology,Information Technology Services,NYSE,3.27,2247867,617721024,0.3867,3.95,5.36,-1.7696,-8.34,-52.82,-78.33,-51.9,0.0,36.25,4,8.73,2.92,-62.56,0.0,,8,,20260817
PKE,Park Aerospace Corp.,Industrials,Aerospace & Defense,NYSE,37.49,344703,815452992,1.8044,34.91,28.21,1.4316,6.84,45.61,95.88,56.03,0.0,85.0,2,39.86,17.44,-5.95,0.0,,8,,20260817
ZNOG,"Zion Oil & Gas, Inc.",Energy,Oil & Gas E&P,OQX,0.41,3220124,479429888,0.0275,0.45,0.36,-1.7007,-12.76,-10.09,54.96,15.26,0.0,32.5,3,0.7,0.15,-42.14,0.0,,8,,20260817
CTO,"CTO Realty Growth, Inc.",Real Estate,REIT - Diversified,NYSE,21.91,398304,821306304,0.4013,21.51,18.98,1.0073,6.88,6.32,22.91,13.1,0.0,85.0,2,22.71,15.07,-3.52,0.0,,8,,20260817
SLDP,"Solid Power, Inc.",Consumer Cyclical,Auto Parts,NASDAQ,2.35,4785914,536225824,0.1366,2.45,3.75,-0.7584,-23.2,-49.38,-77.37,-54.03,0.0,27.0,4,8.86,1.98,-73.48,0.0,,8,,20260817
SWBI,"Smith & Wesson Brands, Inc.",Industrials,Aerospace & Defense,NASDAQ,14.15,677427,634481472,0.3984,14.87,12.74,-1.8177,-11.75,8.68,60.35,24.24,0.0,49.5,3,17.56,7.86,-19.42,0.0,,8,,20260817
VELO,"Velo3D, Inc.",Technology,Computer Hardware,NCM,15.6,3316532,501365504,1.6988,15.59,13.29,0.0044,-20.91,25.68,151.03,64.17,0.0,63.75,2,31.75,2.81,-50.88,0.0,,8,,20260817
GDRZF,Gold Reserve Ltd.,Basic Materials,Gold,OQX,4.7,75188,694984448,0.1419,4.63,3.69,0.4679,-8.69,13.78,44.95,20.63,0.0,60.0,2,5.6,1.15,-16.07,0.0,,8,,20260817
DGTCF,Digital Core REIT,Real Estate,REIT - Specialty,PNK,0.54,5130,703094080,0.0067,0.47,0.49,10.1277,10.9,-6.25,-6.68,-2.14,0.0,50.0,3,0.59,0.45,-7.89,0.0,,8,,20260817
DSGN,"Design Therapeutics, Inc.",Healthcare,Biotechnology,NASDAQ,15.1,920182,944982976,0.7549,13.07,11.06,2.6849,0.28,36.01,171.51,81.28,0.0,92.5,2,17.25,4.68,-12.46,0.0,,8,,20260817
BBOT,"BridgeBio Oncology Therapeutics, Inc.",Healthcare,Biotechnology,NASDAQ,9.04,398354,724775360,0.5218,8.32,10.01,1.3842,1.43,-33.58,-30.64,-23.65,0.0,74.5,3,14.87,7.0,-39.21,0.0,,8,,20260817
MRLN,"Merlin, Inc.",Industrials,Aerospace & Defense,NASDAQ,3.54,2540996,357274624,0.4515,4.89,8.8,-2.9991,-51.32,-80.34,-87.17,-75.82,0.0,13.75,4,17.0,3.27,-79.21,0.0,,8,,20260817
ASGOF,Asante Gold Corporation,Basic Materials,Gold,OQX,0.78,83694,708123840,0.0351,0.58,1.02,5.8091,-6.51,-52.07,-51.31,-40.38,0.0,35.0,3,1.85,0.44,-57.71,0.0,,8,,20260817
EGHSF,Enghouse Systems Limited,Technology,Software - Application,PNK,12.0,19793,652457536,0.2196,11.56,12.57,2.0224,-4.73,-15.83,-43.43,-24.1,0.0,44.5,3,16.58,10.73,-27.62,0.0,,8,,20260817
FOXF,Fox Factory Holding Corp. Common Stock,Consumer Cyclical,Auto Parts,NASDAQ,20.55,596785,863737024,1.0292,18.42,17.74,2.0674,23.7,-6.14,-52.73,-17.32,0.0,85.0,2,30.56,13.08,-32.76,0.0,,8,,20260817
SKYH,Sky Harbour Group Corporation,Real Estate,Real Estate - Development,NYSE,10.28,179670,786707264,0.4601,10.09,9.61,0.4038,13.77,2.48,-25.06,-5.71,0.0,86.25,2,11.7,8.22,-12.11,0.0,,8,,20260817
HIPO,Hippo Holdings Inc.,Financial Services,Insurance - Property & Casualty,NYSE,32.64,160206,861349376,1.1804,28.85,29.06,3.2136,20.5,1.56,-15.53,-0.54,0.0,82.5,3,38.98,24.08,-16.26,0.0,,8,,20260817
TRNS,"Transcat, Inc.",Industrials,Specialty Business Services,NASDAQ,93.84,170322,878324800,4.5707,90.04,74.28,0.8305,20.04,9.91,-5.95,6.1,0.0,90.0,2,100.0,50.23,-6.16,0.0,,8,,20260817
INN,"Summit Hotel Properties, Inc.",Real Estate,REIT - Hotel & Motel,NYSE,5.95,1523706,641728064,0.2326,6.58,5.22,-2.6896,8.75,20.27,-5.83,6.95,0.0,56.25,3,7.17,3.98,-17.02,0.0,,8,,20260817
NTCPF,NorthIsle Copper and Gold Inc.,Basic Materials,Other Industrial Metals & Mining,OQX,2.79,410838,926441024,0.1488,2.24,2.05,3.67,25.63,20.58,207.49,96.61,0.0,87.5,2,2.94,0.8,-5.1,0.0,,8,,20260817
SHBI,"Shore Bancshares, Inc.",Financial Services,Banks - Regional,NASDAQ,23.64,221746,788920576,0.4846,23.1,19.49,1.1218,20.13,7.1,29.13,19.17,0.0,87.5,2,24.89,14.93,-5.02,0.0,,8,,20260817
SOLTF,"Nxera Pharma Co., Ltd.",Healthcare,Biotechnology,PNK,5.01,46,457792672,0.0506,5.9,5.76,-17.6523,-29.14,-22.46,-37.37,-30.1,0.0,0.0,4,7.31,4.9,-31.5,0.0,,8,,20260817
KRNT,Kornit Digital Ltd.,Industrials,Specialty Industrial Machinery,NASDAQ,17.7,244725,760507712,0.735,15.96,14.97,2.366,8.27,-5.1,-6.73,-2.41,0.0,86.25,2,19.78,11.93,-10.52,0.0,,8,,20260817
BOE,BlackRock Enhanced Global Dividend Trust,Financial Services,Asset Management,NYSE,12.47,101598,693333568,0.1521,11.93,11.34,3.5167,5.4,-5.12,-2.27,-1.35,0.0,86.25,2,12.58,10.59,-0.87,0.0,,8,,20260817
PFN,PIMCO Income Strategy Fund II,Financial Services,Asset Management,NYSE,7.03,460067,693158720,0.0584,6.92,6.8,1.9634,1.36,-12.5,-15.84,-10.37,0.0,85.0,2,7.67,6.53,-8.34,0.0,,8,,20260817
VEL,"Velocity Financial, Inc.",Financial Services,Mortgage Finance,NYSE,17.9,97130,706718016,0.5036,17.72,18.52,0.359,0.68,-23.35,-26.87,-18.75,0.0,72.0,3,21.39,16.65,-16.34,0.0,,8,,20260817
SERV,Serve Robotics Inc.,Industrials,Integrated Freight & Logistics,NCM,4.9,4775488,424866784,0.4163,5.85,9.16,-2.2887,-45.34,-62.66,-73.0,-62.46,0.0,10.0,4,18.64,4.32,-73.71,0.0,,8,,20260817
AHRT,AH REALTY TRUST INC,Real Estate,REIT - Diversified,NYSE,6.66,853191,638755264,0.1421,6.9,6.31,-1.6926,-0.03,-12.67,-19.77,-12.35,0.0,68.25,3,7.71,5.13,-13.62,0.0,,8,,20260817
SVCTF,Senvest Capital Inc.,Financial Services,Asset Management,PNK,305.0,61,738412288,2.4831,285.31,268.93,7.9307,7.87,0.93,0.28,2.41,0.0,78.75,2,307.7,239.92,-0.88,0.0,,8,,20260817
SB,"Safe Bulkers, Inc.",Industrials,Marine Shipping,NYSE,8.1,849209,824851136,0.2719,7.0,6.02,4.0325,12.53,25.02,76.16,42.35,0.0,87.5,2,8.12,4.14,-0.25,0.0,,8,,20260817
HAYPY,Hays plc,Industrials,Staffing & Employment Services,PNK,4.5,5,706492032,0.0028,4.47,6.1,9.3184,11.65,-52.23,-65.53,-41.58,0.0,50.0,3,8.07,3.89,-44.23,0.0,,8,,20260817
YITJF,YITJF,Industrials,Engineering & Construction,PNK,2.91,0,671391040,0.0024,2.91,5.39,0.0,-4.03,-70.13,-77.29,-56.47,0.0,25.0,3,6.55,2.91,-55.57,0.0,,8,,20260817
FEIM,"Frequency Electronics, Inc.",Technology,Communication Equipment,NASDAQ,78.84,286183,863852544,5.1613,67.81,53.84,2.1362,33.08,54.81,137.87,82.6,0.0,88.75,2,80.6,25.54,-2.18,0.0,,8,,20260817
RSVR,"Reservoir Media, Inc.",Communication Services,Entertainment,NASDAQ,9.8,63374,646121280,0.305,10.23,8.99,-1.4049,-7.87,14.17,7.48,5.98,0.0,73.25,3,13.39,7.07,-26.81,0.0,,8,,20260817
BLMN,"Bloomin' Brands, Inc.",Consumer Cyclical,Restaurants,NASDAQ,10.69,2195653,915287616,0.6717,8.71,7.18,2.9418,27.79,51.21,31.76,37.57,0.0,87.5,2,12.63,5.19,-15.36,0.0,,8,,20260817
AVNBF,Avon Technologies Plc,Industrials,Aerospace & Defense,PNK,22.49,1,626731072,0.0038,22.49,23.97,0.0,-6.78,-19.09,-36.41,-22.94,0.0,37.0,3,28.1,21.28,-19.97,0.0,,8,,20260817
EVER,"EverQuote, Inc.",Communication Services,Internet Content & Information,NASDAQ,23.65,709440,833420096,1.3361,23.72,21.29,-0.054,30.5,47.38,-19.85,16.27,0.0,73.25,3,28.73,13.88,-17.68,0.0,,8,,20260817
MRRDF,Meridian Mining Plc,Basic Materials,Other Industrial Metals & Mining,OQX,1.19,21814,577761088,0.039,1.14,1.19,1.1899,-25.22,-16.21,72.33,16.95,0.0,53.75,3,1.56,0.59,-23.72,0.0,,8,,20260817
HSHP,Himalaya Shipping Ltd.,Industrials,Marine Shipping,NYSE,16.34,313050,770349312,0.6139,14.76,11.89,2.5727,5.06,31.83,115.32,58.53,0.0,87.5,2,16.69,7.12,-2.1,0.0,,8,,20260817
SVMB,"Jingbo Technology, Inc.",Technology,Software - Application,OID,0.66,156,366508160,0.0146,0.94,1.61,-19.2755,-49.03,-36.75,-108.8,-68.64,0.0,0.0,4,5.11,0.66,-87.08,0.0,,8,,20260817
AXG,Solowin Holdings,Financial Services,Capital Markets,NCM,2.65,154564,511725152,0.1188,3.16,3.57,-4.3232,-31.19,-47.85,-62.11,-49.39,0.0,3.75,4,4.83,2.35,-45.13,0.0,,8,,20260817
BZH,"Beazer Homes USA, Inc.",Consumer Cyclical,Residential Construction,NYSE,33.17,604127,873811712,0.7143,30.5,24.46,3.7375,45.15,5.77,9.77,17.21,0.0,86.25,2,34.54,17.83,-3.97,0.0,,8,,20260817
OIO,OIO Group,Industrials,Waste Management,NCM,1.9,77330,662982144,0.2725,2.09,7.29,-0.6884,3.48,-94.78,-98.03,-71.51,0.0,32.5,4,12.96,1.5,-85.3,0.0,,8,,20260817
ACP,Abrdn Income Credit Strategies Fund,Financial Services,Asset Management,NYSE,5.14,472204,644919296,0.056,5.11,5.02,0.4584,-4.55,-15.49,-19.11,-14.2,0.0,61.25,2,5.99,4.99,-14.19,0.0,,8,,20260817
OFRM,"Once Upon A Farm, PBC",Consumer Defensive,Packaged Foods,NYSE,17.44,517535,732316992,1.1367,17.93,17.44,-0.4339,4.4,-34.38,-29.62,-22.78,0.0,75.75,3,27.0,14.0,-35.41,0.0,,8,,20260817
NGVC,"Natural Grocers by Vitamin Cottage, Inc.",Consumer Defensive,Grocery Stores,NYSE,27.85,136204,641827008,1.4754,31.19,28.05,-2.261,-6.18,-9.04,-47.93,-23.88,0.0,54.5,4,41.58,23.47,-33.02,0.0,,8,,20260817
GSHRF,Gold X2 Mining Inc,Basic Materials,Gold,PNK,6.54,18201,517683680,0.3154,6.54,6.54,0.0,42.84,42.84,42.84,42.84,0.0,75.75,3,8.77,0.76,-25.39,0.0,,8,,20260817
RWTN,"Redwood Trust, Inc. 9.125% Seni",Unknown,Unknown,NYSE,24.5,6696,0,0.1841,24.29,23.77,1.1615,-4.08,-11.37,-10.64,-9.26,0.0,80.0,2,25.77,23.45,-4.92,0.0,,8,,20260817
RWT,"Redwood Trust, Inc.",Real Estate,REIT - Mortgage,NYSE,4.8,2548085,602939712,0.1609,4.85,5.16,-0.3098,-8.66,-35.81,-30.49,-26.89,0.0,35.25,4,6.97,4.19,-31.13,0.0,,8,,20260817
HOVVB,"Hovnanian Enterprises, Inc.",Consumer Cyclical,Residential Construction,PNK,110.0,0,644555648,0.0013,110.0,110.05,0.0,-4.85,-8.03,-17.37,-10.97,0.0,49.0,3,125.0,105.0,-12.0,0.0,,8,,20260817
HOVNP,"Hovnanian Enterprises, Inc. PFD DEP1/1000A",Unknown,Unknown,NASDAQ,19.75,4724,2910478500,0.1914,20.09,19.8,-1.7816,-7.79,-17.21,-10.96,-12.35,0.0,34.0,4,21.9,18.52,-9.82,0.0,,8,,20260817
HOV,"Hovnanian Enterprises, Inc.",Consumer Cyclical,Residential Construction,NYSE,130.69,134543,765790720,5.9768,129.94,117.73,0.125,31.11,-13.51,-37.44,-11.93,0.0,87.5,2,162.06,91.52,-19.36,0.0,,8,,20260817
KRUS,"Kura Sushi USA, Inc.",Consumer Cyclical,Restaurants,NASDAQ,50.62,351062,615024704,2.3252,49.82,56.93,0.3438,-4.48,-39.48,-56.26,-37.44,0.0,38.75,3,87.99,42.62,-42.47,0.0,,8,,20260817
WTI,"W&T Offshore, Inc.",Energy,Oil & Gas E&P,NYSE,3.75,4773741,566036032,0.2243,3.49,2.87,1.1411,-25.68,52.92,96.74,50.8,0.0,65.0,2,5.08,1.5,-26.18,0.0,,8,,20260817
DGICB,Donegal Group Inc.,Financial Services,Insurance - Property & Casualty,NASDAQ,24.74,5254,918331008,1.1662,22.25,18.14,2.1314,25.29,42.68,58.3,44.58,0.0,85.0,2,29.99,14.02,-17.51,0.0,,8,,20260817
THSGF,Thesis Gold & Silver Inc.,Basic Materials,Other Industrial Metals & Mining,OQX,2.62,53422,730845184,0.1036,2.12,2.05,4.8585,-0.21,15.76,231.49,98.06,0.0,62.5,2,2.88,0.72,-9.09,0.0,,8,,20260817
XNDU,Xanadu Quantum Technologies Limited,Technology,Software - Infrastructure,NASDAQ,11.25,2754467,3422520320,0.7507,11.41,11.25,-0.2147,-22.08,22.25,22.25,11.17,0.0,47.0,3,42.44,6.97,-73.49,0.0,,8,,20260817
TIPT,Tiptree Financial Inc. Class A Common Stock,Financial Services,Asset Management,NCM,17.79,253098,662494144,0.3784,17.87,17.5,-0.2014,2.76,-12.52,-40.55,-19.91,0.0,77.0,3,27.41,15.49,-35.1,0.0,,8,,20260817
