ticker,name,sector,industry,exchange,close,avg_volume_50d,market_cap,atr14,sma50,sma200,atr_extension,rs_3m,rs_6m,rs_12m,rs_score,rs_percentile,trend_strength,stage,52w_high,52w_low,pct_from_52w_high,rts_composite,rts_grade,rts_grade_rank,colour_band,run_date
RDEIY,"Redeia Corporación, S.A.",Utilities,Utilities - Regulated Electric,PNK,8.66,76495,9345801216,0.1272,8.65,8.46,0.117,4.13,-18.59,-26.48,-16.07,0.0,88.75,2,11.04,8.08,-21.56,0.0,,8,,20260817
NXSNF,"NextVision Stabilized Systems, Ltd.",Industrials,Security & Protection Services,PNK,69.01,186,6383339008,0.8267,82.84,84.27,-16.7296,-36.11,-39.64,4.35,-21.16,0.0,1.25,4,123.19,39.19,-43.98,0.0,,8,,20260817
EVKIY,Evonik Industries AG,Basic Materials,Specialty Chemicals,PNK,10.38,16940,9599600640,0.3814,9.49,8.53,2.3155,-1.51,3.17,-7.26,-2.18,0.0,93.75,2,10.66,7.24,-2.67,0.0,,8,,20260817
BZZUF,Buzzi S.p.A.,Basic Materials,Building Materials,PNK,48.0,437,8472559104,0.218,49.87,54.69,-8.5822,-13.55,-26.62,-29.96,-24.69,0.0,13.25,4,63.8,46.5,-24.76,0.0,,8,,20260817
UHAL,U-Haul Holding Company,Industrials,Rental & Leasing Services,NYSE,73.76,234288,14419653632,1.7955,68.27,55.82,3.058,46.75,34.5,5.41,25.93,0.0,88.75,2,76.45,41.95,-3.52,0.0,,8,,20260817
QABSY,Qantas Airways Limited,Industrials,Airlines,PNK,35.02,36198,10598447104,0.6944,35.6,33.22,-0.8385,10.31,-16.41,-26.59,-13.8,0.0,74.5,3,41.65,28.15,-15.92,0.0,,8,,20260817
DAR,Darling Ingredients Inc.,Consumer Defensive,Packaged Foods,NYSE,67.67,2259096,10678522880,2.1526,59.27,51.29,3.9017,3.7,18.85,97.58,46.56,0.0,85.0,2,67.95,29.15,-0.41,0.0,,8,,20260817
LINE,"Lineage, Inc.",Real Estate,REIT - Industrial,NASDAQ,40.8,1008064,10230512640,1.4621,42.66,37.53,-1.2711,1.25,-3.05,-16.52,-7.36,0.0,69.5,3,45.75,31.33,-10.82,0.0,,8,,20260817
ASMVF,ASMPT Limited,Technology,Semiconductor Equipment & Materials,PNK,21.0,24,8807169024,0.0815,20.82,14.44,2.2414,-6.61,57.93,189.89,94.58,0.0,50.0,2,22.6,7.44,-7.08,0.0,,8,,20260817
CCOEF,"Capcom Co., Ltd.",Communication Services,Electronic Gaming & Multimedia,PNK,24.0,12646,10039411712,0.2293,20.36,22.46,15.8651,4.03,-6.52,-34.15,-14.94,0.0,76.25,3,28.5,16.45,-15.79,0.0,,8,,20260817
LZRFY,Localiza Rent a Car S.A.,Industrials,Rental & Leasing Services,OQX,6.46,29956,7135812608,0.4044,7.47,8.48,-2.4916,-28.35,-46.34,-16.36,-29.85,0.0,6.25,4,11.76,5.98,-45.07,0.0,,8,,20260817
SIMO,Silicon Motion Technology Corporation,Technology,Semiconductors,NASDAQ,272.7,1079745,9246644224,24.2973,279.84,172.86,-0.2939,0.3,86.98,245.13,128.57,0.0,49.5,3,355.0,71.35,-23.18,0.0,,8,,20260817
RIOT,"Riot Platforms, Inc.",Financial Services,Capital Markets,NCM,20.04,18274301,7520189440,2.0765,22.99,18.5,-1.4214,-19.49,17.73,42.46,18.32,0.0,37.5,3,30.32,11.16,-33.91,0.0,,8,,20260817
ACM,AECOM,Industrials,Engineering & Construction,NYSE,62.22,2178962,8007491584,2.8448,69.51,87.97,-2.5612,-17.16,-42.91,-68.64,-46.77,0.0,11.25,4,135.52,60.35,-54.09,0.0,,8,,20260817
REGMF,"RemeGen Co., Ltd.",Healthcare,Biotechnology,PNK,12.05,0,6791479808,0.0015,12.05,11.03,0.0,-10.26,0.75,116.43,44.27,0.0,50.0,3,12.85,5.06,-6.23,0.0,,8,,20260817
ONBPP,Old National Bancorp,Financial Services,Banks - Regional,NASDAQ,24.91,8812,0,0.1271,24.62,24.19,2.2551,-2.14,-11.02,-14.73,-10.29,0.0,88.75,2,25.6,24.41,-2.7,0.0,,8,,20260817
ONB,Old National Bancorp Common Stock,Financial Services,Banks - Regional,NASDAQ,27.07,4102679,10356169728,0.447,26.04,23.56,2.3136,12.14,-3.31,7.31,4.8,0.0,90.0,2,27.36,19.39,-1.06,0.0,,8,,20260817
ONBPO,Old National Bancorp,Financial Services,Banks - Regional,NASDAQ,24.95,5924,0,0.1405,24.58,24.19,2.6098,-1.53,-11.03,-14.6,-10.08,0.0,85.0,2,25.46,24.53,-1.99,0.0,,8,,20260817
SCRPF,Sembcorp Industries Ltd,Utilities,Utilities - Diversified,PNK,4.34,683,7726999040,0.0259,4.64,4.79,-11.6976,-20.25,-18.98,-45.85,-30.04,0.0,12.0,4,5.9,4.11,-26.44,0.0,,8,,20260817
ACLIF,Accelleron Industries AG,Industrials,Specialty Industrial Machinery,PNK,91.6,25,8614149120,0.4746,97.7,87.7,-12.8546,-20.23,6.05,-20.77,-11.25,0.0,25.0,3,109.3,77.0,-16.19,0.0,,8,,20260817
SSB,SouthState Bank Corporation,Financial Services,Banks - Regional,NYSE,110.82,832746,10746718208,1.973,101.88,96.02,4.5327,16.1,-6.18,-4.65,0.0,0.0,90.0,2,112.2,84.48,-1.23,0.0,,8,,20260817
ALBKY,Alpha Bank S.A.,Financial Services,Banks - Regional,PNK,1.26,19227,11542898688,0.044,1.15,1.03,2.5759,17.97,2.96,1.45,6.11,0.0,85.0,2,1.28,0.73,-1.56,0.0,,8,,20260817
JSAIY,J Sainsbury plc,Consumer Defensive,Grocery Stores,OQX,18.05,77787,9828457472,0.3332,18.0,17.51,0.159,10.4,-18.93,-2.95,-5.21,0.0,90.0,2,19.9,15.87,-9.3,0.0,,8,,20260817
TX,Ternium S.A.,Basic Materials,Steel,NYSE,54.35,602287,10669322240,1.5592,47.55,41.88,4.3636,22.24,14.23,52.4,31.5,0.0,90.0,2,55.66,31.64,-2.35,0.0,,8,,20260817
MDDNF,Meridian Energy Limited,Utilities,Utilities - Renewable,PNK,3.28,147,8655175680,0.0036,3.37,3.28,-24.8402,-10.47,-6.89,-20.03,-13.04,0.0,38.25,3,3.62,2.84,-9.39,0.0,,8,,20260817
NCLTY,"Nitori Holdings Co., Ltd.",Consumer Cyclical,"Furnishings, Fixtures & Appliances",PNK,9.1,204737,10284048384,0.4105,7.97,8.3,2.7555,15.41,-29.91,-21.79,-15.33,0.0,90.0,3,11.56,6.9,-21.28,0.0,,8,,20260817
AXTI,"AXT, Inc.",Technology,Semiconductor Equipment & Materials,NASDAQ,95.97,10289529,6293061120,10.6301,68.99,50.7,2.5378,-27.27,281.98,4321.92,1820.64,0.0,63.75,2,143.16,2.06,-32.96,0.0,,8,,20260817
EQUEY,Equatorial S.A.,Utilities,Utilities - Regulated Electric,PNK,7.51,2658,8794091520,0.0405,7.51,7.66,0.0592,-11.66,-18.28,-5.82,-11.64,0.0,37.0,3,9.59,6.3,-21.69,0.0,,8,,20260817
CNM,"Core & Main, Inc.",Industrials,Industrial Distribution,NYSE,45.34,2326756,8775105536,1.3034,46.32,50.37,-0.7542,-7.86,-36.01,-50.85,-34.91,0.0,36.5,4,67.18,41.88,-32.51,0.0,,8,,20260817
ACDSF,CapitaLand Ascendas REIT,Real Estate,REIT - Industrial,PNK,1.94,24638,9690716160,0.0118,1.93,2.0,0.9871,-4.03,-23.48,-29.77,-21.14,0.0,37.0,3,2.32,1.72,-16.38,0.0,,8,,20260817
HDALF,Haidilao International Holding Ltd.,Consumer Cyclical,Restaurants,PNK,1.58,22495,8719038464,0.0551,1.55,1.77,0.4544,-22.92,-33.12,-28.78,-28.83,0.0,30.0,3,2.41,1.35,-34.44,0.0,,8,,20260817
ALV,"Autoliv, Inc.",Consumer Cyclical,Auto Parts,NYSE,120.76,718003,8844126208,2.7235,121.1,117.96,-0.1266,1.14,-15.83,-17.33,-12.19,0.0,48.25,3,132.17,99.16,-8.63,0.0,,8,,20260817
CEF,CEF,Unknown,Unknown,NYSE,45.07,714251,8334681088,1.0701,41.72,46.03,3.1301,-10.67,-24.35,24.35,-1.45,0.0,52.0,3,61.38,30.58,-26.57,0.0,,8,,20260817
AGX,"Argan, Inc.",Industrials,Engineering & Construction,NYSE,589.27,336061,8261122048,38.491,637.94,502.92,-1.2645,-23.15,30.04,142.56,61.75,0.0,35.0,3,805.75,197.0,-26.87,0.0,,8,,20260817
AAL,American Airlines Group Inc. Common Stock,Industrials,Airlines,NASDAQ,14.43,109328275,9552226304,0.6303,15.75,13.89,-2.0922,12.42,-9.98,-8.57,-3.82,0.0,58.75,3,18.79,10.09,-23.2,0.0,,8,,20260817
GMWKF,Games Workshop Group PLC,Consumer Cyclical,Leisure,PNK,255.0,248,8426434048,12.536,270.08,252.08,-1.2028,-8.16,-1.55,-1.67,-3.25,0.0,36.25,3,300.0,185.0,-15.0,0.0,,8,,20260817
SMNNY,Shimano Inc.,Consumer Cyclical,Leisure,PNK,12.23,91843,10394386432,0.3078,11.25,10.74,3.1902,9.82,-2.86,-13.09,-3.78,0.0,83.75,2,13.12,9.36,-6.78,0.0,,8,,20260817
IFUUF,Infratil Limited,Industrials,Conglomerates,PNK,9.65,640,9643364352,0.0551,9.13,7.41,9.4022,33.96,29.95,61.69,43.65,0.0,76.25,2,9.65,5.4,-0.0,0.0,,8,,20260817
SSAAF,SSAB AB (publ),Basic Materials,Steel,PNK,9.33,30,9298442240,0.0058,9.35,8.29,-4.2036,-2.84,2.21,40.26,16.17,0.0,62.0,3,9.99,5.88,-6.61,0.0,,8,,20260817
ZIONP,"Zions Bancorporation, National Association",Financial Services,Banks - Regional,NASDAQ,18.41,4457,0,0.1432,18.44,19.09,-0.2145,-6.64,-18.34,-36.53,-22.69,0.0,39.0,4,23.4,18.08,-21.32,0.0,,8,,20260817
ZION,"Zions Bancorporation, National Association",Financial Services,Banks - Regional,NASDAQ,71.58,1623390,10447341568,1.3279,68.88,60.35,2.0359,16.05,4.59,16.06,12.04,0.0,88.75,2,73.34,46.19,-2.4,0.0,,8,,20260817
PSO,Pearson plc,Communication Services,Publishing,NYSE,16.15,830738,9716777984,0.3436,16.09,14.06,0.1667,6.8,17.87,-6.65,5.3,0.0,87.5,2,17.75,12.02,-9.01,0.0,,8,,20260817
NRKBF,NKT A/S,Industrials,Electrical Equipment & Parts,PNK,158.3,1,8461206528,0.065,157.66,130.94,9.808,21.2,11.35,73.69,38.75,0.0,75.0,2,158.3,87.75,0.0,0.0,,8,,20260817
GWKSY,Games Workshop Group,Consumer Cyclical,Leisure,PNK,27.08,403,8946890752,0.6026,27.59,26.09,-0.8563,-6.93,-3.48,4.61,-1.11,0.0,37.0,3,30.04,19.01,-9.87,0.0,,8,,20260817
AOMFF,Alstom SA,Industrials,Railroads,PNK,18.76,2369,8674051072,0.2293,18.38,24.77,1.6771,-13.14,-61.17,-46.25,-43.2,0.0,27.5,3,35.21,17.06,-46.72,0.0,,8,,20260817
ALSN,"Allison Transmission Holdings, Inc.",Consumer Cyclical,Auto Parts,NYSE,127.11,1128391,10496494592,4.0685,118.06,111.21,2.224,4.12,-5.49,23.53,8.52,0.0,88.75,2,137.62,76.01,-7.64,0.0,,8,,20260817
ZLIOY,"Zoomlion Heavy Industry Science and Technology Co., Ltd.",Industrials,Farm & Heavy Construction Machinery,PNK,8.24,46,10580100096,0.1975,9.25,9.93,-5.1253,-28.23,-44.84,-9.3,-26.47,0.0,0.0,4,14.92,7.6,-44.77,0.0,,8,,20260817
ASR,Grupo Aeroportuario del Sureste,Industrials,Airports & Air Services,NYSE,263.0,70600,7898434048,7.4686,284.57,310.49,-2.8885,-14.31,-42.19,-37.21,-33.23,0.0,7.5,4,381.52,259.01,-31.07,0.0,,8,,20260817
CUBE,CubeSmart,Real Estate,REIT - Industrial,NYSE,41.14,2103977,9312325632,0.8497,40.94,38.08,0.2406,3.89,-5.26,-10.4,-5.03,0.0,86.25,2,43.26,35.09,-4.9,0.0,,8,,20260817
ADC,Agree Realty Corporation,Real Estate,REIT - Retail,NYSE,74.54,1225087,9297144832,1.2609,76.5,74.31,-1.5538,-3.64,-16.47,-13.37,-12.02,0.0,69.5,3,82.08,69.56,-9.19,0.0,,8,,20260817
ALSMY,Alstom SA,Industrials,Railroads,PNK,1.8,2091687,8327088128,0.0432,1.79,2.44,0.2177,-11.54,-60.53,-47.96,-43.25,0.0,32.5,3,3.51,1.65,-48.72,0.0,,8,,20260817
CIFR,Cipher Digital Inc.,Technology,Information Technology Services,NASDAQ,18.5,27589916,7678068224,2.4,22.01,18.6,-1.4639,-13.8,-1.27,226.61,86.75,0.0,24.5,4,30.14,5.29,-38.62,0.0,,8,,20260817
LKNCY,Luckin Coffee Inc.,Consumer Cyclical,Restaurants,OID,35.9,1328693,10277764096,1.4693,32.22,34.07,2.5048,7.42,-15.45,-27.13,-14.4,0.0,92.5,3,43.64,27.22,-17.74,0.0,,8,,20260817
FROG,JFrog Ltd.,Technology,Software - Application,NASDAQ,94.64,2783053,11462770688,5.4895,85.6,62.96,1.6459,38.25,69.19,100.35,73.92,0.0,86.25,2,99.22,34.05,-4.62,0.0,,8,,20260817
UZAPF,Flughafen Zürich AG,Industrials,Airports & Air Services,PNK,278.71,70,9078921216,6.3795,299.59,301.1,-3.273,-7.05,-21.93,-22.33,-18.37,0.0,39.5,4,351.79,268.75,-20.77,0.0,,8,,20260817
LLYVK,"Liberty Live Holdings, Inc.",Communication Services,Entertainment,NASDAQ,105.7,395217,9724967936,2.7596,102.38,93.16,1.2021,1.42,-0.54,-7.69,-2.91,0.0,90.0,2,109.75,76.94,-3.69,0.0,,8,,20260817
LLYVA,"Liberty Live Holdings, Inc.",Communication Services,Entertainment,NASDAQ,101.89,263487,9374428160,2.7476,98.71,90.46,1.1558,0.75,-1.6,-8.66,-3.84,0.0,88.75,2,106.06,74.38,-3.93,0.0,,8,,20260817
KIKOF,Kikkoman Corporation,Consumer Defensive,Packaged Foods,PNK,10.2,4,9462943744,0.0075,9.87,9.04,43.3583,10.57,2.6,-4.02,1.95,0.0,75.0,2,10.2,8.27,-0.0,0.0,,8,,20260817
SAIL,"SailPoint, Inc.",Technology,Software - Infrastructure,NASDAQ,18.59,4525987,10543931392,0.9484,15.65,16.1,3.0951,32.9,2.83,-27.38,-1.74,0.0,90.0,3,24.0,10.3,-22.54,0.0,,8,,20260817
SEOAY,Stora Enso Oyj,Consumer Cyclical,Packaging & Containers,OQX,10.9,49490,8595957760,0.239,11.0,11.7,-0.4185,-4.89,-34.9,-23.54,-22.85,0.0,34.0,4,14.41,9.92,-24.36,0.0,,8,,20260817
CRPAY,CORPORACION ACCIONA ENERGIAS RE,Utilities,Utilities - Renewable,PNK,12.33,39,8003388928,0.0269,12.68,12.95,-13.0625,-21.47,-35.37,-28.67,-29.22,0.0,24.0,4,16.51,12.0,-25.32,0.0,,8,,20260817
ICLR,ICON Public Limited Company,Healthcare,Diagnostics & Research,NASDAQ,169.45,973540,13073780736,7.472,162.51,147.07,0.9288,40.8,68.27,-24.5,24.29,0.0,88.75,2,203.91,66.57,-16.9,0.0,,8,,20260817
INPOY,InPost S.A.,Industrials,Integrated Freight & Logistics,PNK,8.91,5210,8878586880,0.1384,8.78,8.01,0.8824,-3.12,-14.95,-8.63,-9.46,0.0,63.75,2,9.17,5.28,-2.88,0.0,,8,,20260817
FLS,Flowserve Corporation,Industrials,Specialty Industrial Machinery,NYSE,80.97,1974270,10292322304,2.5944,74.75,74.96,2.399,20.0,-23.12,33.59,10.34,0.0,87.5,3,92.41,48.71,-12.38,0.0,,8,,20260817
SARO,"StandardAero, Inc.",Industrials,Aerospace & Defense,NYSE,27.39,3777272,9063882752,1.0548,27.97,27.91,-0.5518,0.52,-22.78,-23.88,-17.39,0.0,64.0,3,34.48,23.83,-20.56,0.0,,8,,20260817
IMIUY,IMI plc,Industrials,Specialty Industrial Machinery,PNK,42.05,6487,9876551680,0.9913,39.28,42.05,2.7965,10.68,4.83,4.83,6.29,0.0,88.75,3,43.28,34.07,-2.84,0.0,,8,,20260817
SNEX,StoneX Group Inc.,Financial Services,Capital Markets,NASDAQ,68.41,1271489,8251391488,3.7182,78.14,59.87,-2.6167,-11.69,6.86,47.92,18.65,0.0,37.5,3,94.66,36.45,-27.73,0.0,,8,,20260817
MXL,"MaxLinear, Inc.",Technology,Semiconductors,NASDAQ,84.76,4009022,7687155200,8.2771,82.53,44.04,0.2699,-13.01,320.06,424.3,278.49,0.0,63.75,2,128.3,12.77,-33.94,0.0,,8,,20260817
SHZHY,Shenzhou International Group Holdings Limited,Consumer Cyclical,Textile Manufacturing,PNK,5.29,20066,8238101504,0.2327,5.48,6.83,-0.8115,-16.41,-46.12,-48.07,-39.47,0.0,23.25,4,9.4,4.93,-43.72,0.0,,8,,20260817
BVN,Buenaventura Mining Company Inc,Basic Materials,Other Precious Metals & Mining,NYSE,33.96,1060830,8625393664,1.4313,31.47,31.72,1.7375,-5.76,-21.88,70.36,19.04,0.0,63.75,3,44.67,18.03,-23.98,0.0,,8,,20260817
KT,KT Corporation,Communication Services,Telecom Services,NYSE,19.0,1769009,9049009152,0.4125,18.19,19.8,1.9717,-7.76,-33.29,-29.34,-25.33,0.0,48.25,3,24.58,17.13,-22.7,0.0,,8,,20260817
W,Wayfair Inc.,Consumer Cyclical,Internet Retail,NYSE,103.08,3800916,14118668288,5.8203,90.22,88.37,2.2094,72.25,11.17,9.27,25.68,0.0,85.0,2,119.98,55.6,-14.09,0.0,,8,,20260817
FLGZY,Flughafen Zürich AG,Industrials,Airports & Air Services,PNK,11.64,248,9385901056,0.0617,11.9,11.94,-4.2521,0.77,-15.98,-20.36,-13.54,0.0,51.5,4,13.66,11.0,-14.8,0.0,,8,,20260817
ADRZY,Andritz AG,Industrials,Specialty Industrial Machinery,PNK,18.7,882,8937490432,0.3098,18.0,16.34,2.2629,5.77,-6.71,15.3,5.21,0.0,75.0,2,20.33,13.59,-8.02,0.0,,8,,20260817
WIGBY,WiseTech Global Limited,Technology,Software - Application,PNK,24.31,209,8175518208,0.1409,24.49,34.27,-1.2756,-22.84,-42.4,-89.51,-56.35,0.0,13.25,4,76.06,20.0,-68.04,0.0,,8,,20260817
KRYS,"Krystal Biotech, Inc.",Healthcare,Biotechnology,NASDAQ,335.73,411383,9937217536,13.8675,342.66,279.54,-0.4995,4.81,7.5,102.2,44.71,0.0,74.5,3,382.54,136.73,-12.24,0.0,,8,,20260817
GGB,Gerdau S.A.,Basic Materials,Steel,NYSE,4.8,16264620,9418207232,0.1434,4.6,4.11,1.3877,-0.45,4.09,43.15,18.58,0.0,87.5,2,5.18,2.85,-7.34,0.0,,8,,20260817
FRHC,Freedom Holdings Corp.,Financial Services,Financial Conglomerates,NCM,150.47,161559,9598130176,6.6559,148.38,139.57,0.3138,2.7,14.29,-34.74,-8.22,0.0,86.25,2,181.88,107.97,-17.27,0.0,,8,,20260817
SPHXF,"SM Prime Holdings, Inc.",Real Estate,Real Estate - Diversified,PNK,0.27,414,7620299776,0.0019,0.29,0.02,-10.6569,-16.97,-335.93,-312.92,-246.99,0.0,50.0,3,0.46,0.27,-42.3,0.0,,8,,20260817
LGN,Legence Corp.,Industrials,Engineering & Construction,NASDAQ,70.04,1450777,13689744384,4.744,73.62,61.24,-0.7541,-21.72,32.59,110.8,50.3,0.0,49.5,3,107.24,26.96,-34.69,0.0,,8,,20260817
TTC,The Toro Company,Industrials,Tools & Accessories,NYSE,97.5,788448,9284879360,2.3659,94.36,88.9,1.3277,5.63,-15.68,6.17,-1.61,0.0,85.0,2,105.19,67.64,-7.31,0.0,,8,,20260817
RGTI,"Rigetti Computing, Inc.",Technology,Computer Hardware,NCM,18.67,37130937,6231462400,1.1781,17.69,20.53,0.8352,-0.21,2.1,-17.29,-6.24,0.0,52.0,3,58.15,12.53,-67.89,0.0,,8,,20260817
DDS,"Dillard's, Inc.",Consumer Cyclical,Department Stores,NYSE,579.68,130037,9052892160,28.4094,573.92,600.1,0.2026,2.87,-23.93,0.35,-7.52,0.0,80.75,3,741.98,495.0,-21.87,0.0,,8,,20260817
GZPZY,Gaztransport & Technigaz SA,Energy,Oil & Gas Equipment & Services,PNK,46.0,662,8528254464,0.7878,45.03,42.56,1.2371,-6.13,0.42,5.35,0.75,0.0,78.75,2,48.95,36.36,-6.04,0.0,,8,,20260817
NCLTF,"Nitori Holdings Co., Ltd.",Consumer Cyclical,"Furnishings, Fixtures & Appliances",PNK,15.15,46,10300999680,0.0998,15.01,16.0,1.4445,5.75,-38.77,-103.51,-53.54,0.0,37.0,3,103.31,13.25,-85.34,0.0,,8,,20260817
CFR,"Cullen/Frost Bankers, Inc.",Financial Services,Banks - Regional,NYSE,168.07,602775,10445346816,3.1792,157.65,139.37,3.2789,20.92,4.09,15.93,13.04,0.0,91.25,2,170.8,119.0,-1.6,0.0,,8,,20260817
GZPZF,Gaztransport & Technigaz SA,Energy,Oil & Gas Equipment & Services,PNK,228.26,38,8698819584,1.5251,227.8,214.25,0.2994,-7.22,-7.48,32.74,8.67,0.0,51.25,2,246.86,147.38,-7.53,0.0,,8,,20260817
INPOF,InPost S.A.,Industrials,Integrated Freight & Logistics,PNK,17.47,18,8733608960,0.0005,17.47,16.13,0.0,-6.6,-15.84,52.74,13.9,0.0,50.0,3,18.02,9.99,-3.05,0.0,,8,,20260817
STN,Stantec Inc.,Industrials,Engineering & Construction,NYSE,74.27,458788,8347925504,2.0386,70.56,86.86,1.8196,-8.44,-28.21,-50.82,-32.31,0.0,40.0,3,114.52,66.26,-35.15,0.0,,8,,20260817
PRI,"Primerica, Inc.",Financial Services,Insurance - Life,NYSE,309.92,194746,9538516992,6.6237,300.55,270.18,1.4142,8.74,10.69,-1.22,5.44,0.0,88.75,2,327.28,230.09,-5.3,0.0,,8,,20260817
SHMDF,Shimano Inc.,Consumer Cyclical,Leisure,PNK,128.0,46,10878834688,2.2775,107.16,104.46,9.1492,23.28,-1.13,5.56,7.65,0.0,77.5,2,130.0,94.15,-1.54,0.0,,8,,20260817
AYI,Acuity Inc.,Industrials,Electrical Equipment & Parts,NYSE,360.4,376825,10788770816,10.8679,333.84,320.39,2.4441,23.24,4.18,-8.1,4.04,0.0,87.5,2,380.17,257.04,-5.2,0.0,,8,,20260817
AVAV,"AeroVironment, Inc.",Industrials,Aerospace & Defense,NASDAQ,181.13,1646148,9166632960,11.1596,162.75,225.34,1.6469,9.84,-39.67,-48.6,-30.86,0.0,40.0,3,417.86,135.2,-56.65,0.0,,8,,20260817
ELPC,Companhia Paranaense de Energia,Utilities,Utilities - Regulated Electric,NYSE,10.6,400846,7869468160,0.2851,11.49,10.98,-3.1212,-14.36,-13.29,8.81,-4.72,0.0,18.25,4,13.7,8.0,-22.61,0.0,,8,,20260817
XP,XP Inc.,Financial Services,Capital Markets,NASDAQ,15.7,5546790,8111835648,0.5327,16.2,17.87,-0.9442,-13.77,-33.9,-28.76,-26.81,0.0,17.0,4,23.13,14.8,-32.12,0.0,,8,,20260817
YMM,Full Truck Alliance Co. Ltd.,Technology,Software - Application,NYSE,8.84,8797043,9245705216,0.2925,8.72,9.47,0.4264,-3.91,-19.38,-41.33,-24.29,0.0,73.25,3,14.07,7.46,-37.17,0.0,,8,,20260817
ASGLY,AGC Inc.,Industrials,Conglomerates,PNK,7.41,7308,7646176256,0.3817,8.18,7.48,-2.0175,-6.66,-26.35,-4.66,-12.75,0.0,24.5,4,10.69,6.02,-30.68,0.0,,8,,20260817
NIABY,NIBE Industrier AB (publ),Industrials,Building Products & Equipment,PNK,3.98,783,8034024448,0.0497,3.84,3.97,3.0144,-23.63,-23.94,-33.56,-27.71,0.0,50.0,3,5.0,3.33,-20.3,0.0,,8,,20260817
FR,"First Industrial Realty Trust, Inc.",Real Estate,REIT - Industrial,NYSE,62.9,1126806,8618493952,1.2805,64.05,59.83,-0.8992,-0.58,-5.39,12.86,3.12,0.0,72.0,3,69.88,48.42,-9.99,0.0,,8,,20260817
KIKOY,Kikkoman Corporation,Consumer Defensive,Packaged Foods,PNK,22.1,85,11132874752,0.1504,20.36,18.83,11.5895,15.25,1.63,-2.67,3.31,0.0,75.0,2,24.0,15.73,-7.92,0.0,,8,,20260817
WEGRY,The Weir Group PLC,Industrials,Specialty Industrial Machinery,PNK,18.23,35891,9465454592,0.5297,17.0,19.16,2.3182,2.7,-38.08,-11.62,-17.3,0.0,70.75,3,24.85,15.38,-26.64,0.0,,8,,20260817
XNGSF,ENN Energy Holdings Limited,Utilities,Utilities - Regulated Gas,PNK,6.22,5570,9561951232,0.1593,5.83,7.91,2.4691,-21.32,-45.76,-49.81,-41.27,0.0,27.5,3,9.78,4.88,-36.4,0.0,,8,,20260817
CRUS,"Cirrus Logic, Inc.",Technology,Semiconductors,NASDAQ,119.87,657706,6007591936,4.8039,143.15,140.76,-4.8464,-29.75,-31.06,-14.22,-23.99,0.0,8.75,4,180.42,109.88,-33.56,0.0,,8,,20260817
AKBLF,ALK-Abelló A/S,Healthcare,Biotechnology,PNK,37.92,25,8401378816,0.0548,39.18,35.16,-23.1571,1.79,-2.27,15.69,5.93,0.0,62.0,3,40.65,28.95,-6.73,0.0,,8,,20260817
CHWY,"Chewy, Inc.",Consumer Cyclical,Internet Retail,NYSE,22.13,9217946,9060556800,0.8854,20.88,26.57,1.4095,-0.51,-22.91,-64.99,-34.14,0.0,63.75,3,43.5,17.4,-49.13,0.0,,8,,20260817
RYAN,"Ryan Specialty Holdings, Inc.",Financial Services,Insurance - Specialty,NYSE,41.68,2358201,16255453184,1.8791,,,,26.63,-5.12,-50.2,-15.22,0.0,24.5,3,60.34,29.28,-30.92,0.0,,8,,20260817
HLTOY,Hellenic Telecommunications Organization S.A.,Communication Services,Telecom Services,PNK,11.49,12119,9281590272,0.2735,11.01,9.97,1.7489,6.84,5.73,4.11,5.36,0.0,85.0,2,11.8,8.96,-2.63,0.0,,8,,20260817
COLB,"Columbia Banking System, Inc.",Financial Services,Banks - Regional,NASDAQ,32.34,2910019,9149059072,0.6137,31.61,28.96,1.1919,9.03,-8.67,9.09,2.86,0.0,90.0,2,33.68,23.83,-3.98,0.0,,8,,20260817
PSPSF,PSP Swiss Property AG,Real Estate,Real Estate Services,PNK,180.89,6,9188714496,0.0464,182.23,187.33,-28.8648,-14.66,-24.86,-16.06,-18.79,0.0,24.0,4,220.0,166.25,-17.78,0.0,,8,,20260817
BROS,Dutch Bros Inc.,Consumer Cyclical,Restaurants,NYSE,50.42,3569785,8807536640,2.833,63.55,57.61,-4.6345,-5.96,-19.16,-41.43,-24.77,0.0,32.5,3,74.65,44.58,-32.46,0.0,,8,,20260817
WAL,Western Alliance Bancorporation,Financial Services,Banks - Regional,NYSE,81.72,1028601,8915722240,1.9846,81.21,80.51,0.2545,5.57,-24.9,-21.75,-16.02,0.0,86.25,2,97.23,65.82,-15.95,0.0,,8,,20260817
MBLY,Mobileye Global Inc.,Consumer Cyclical,Auto Parts,NASDAQ,9.23,6664772,7847230976,0.4566,8.87,9.53,0.7951,-12.69,-13.5,-55.01,-29.9,0.0,45.75,3,15.81,6.47,-41.62,0.0,,8,,20260817
NNN,"NNN REIT, Inc.",Real Estate,REIT - Retail,NYSE,46.16,1689464,8781855744,0.7836,46.57,42.64,-0.5187,2.16,-7.0,-2.45,-2.89,0.0,72.0,3,50.0,38.9,-7.68,0.0,,8,,20260817
MLSPF,Melrose Industries PLC,Industrials,Specialty Industrial Machinery,PNK,6.6,46353,8224243712,0.4235,6.46,7.39,0.3334,-5.1,-39.61,-39.55,-30.96,0.0,41.25,3,9.6,5.79,-31.25,0.0,,8,,20260817
ALGM,"Allegro MicroSystems, Inc.",Technology,Semiconductors,NASDAQ,44.25,2805488,8248290816,3.2436,50.0,38.76,-1.7729,-2.13,-9.53,21.15,4.59,0.0,35.0,3,71.77,22.41,-38.34,0.0,,8,,20260817
SALRY,SalMar ASA,Consumer Defensive,Farm Products,PNK,13.58,20056,7362433024,0.2574,13.08,14.12,1.9336,-12.58,-23.82,3.95,-9.9,0.0,47.0,3,16.17,11.04,-16.02,0.0,,8,,20260817
MTLHY,Mitsubishi Chemical Group Corporation,Basic Materials,Specialty Chemicals,PNK,37.0,51,9891248128,0.1029,35.56,31.53,14.0438,8.09,-4.15,12.1,5.41,0.0,75.0,2,38.74,26.51,-4.49,0.0,,8,,20260817
GAP,"The Gap, Inc.",Consumer Cyclical,Apparel Retail,NYSE,20.18,7880988,7264375296,0.6511,20.19,23.76,-0.0175,-8.05,-39.81,-21.51,-24.55,0.0,25.75,4,29.36,18.11,-31.27,0.0,,8,,20260817
TKHVY,Türk Hava Yollari Anonim Ortakligi,Industrials,Airlines,PNK,64.23,67,8814176256,0.3679,69.22,68.36,-13.5743,-7.48,-31.59,-42.56,-29.95,0.0,38.25,4,81.75,60.44,-21.43,0.0,,8,,20260817
YOKEF,Yokogawa Electric Corporation,Industrials,Specialty Industrial Machinery,PNK,36.29,16,9081294848,0.1166,33.93,10.48,20.2485,4.59,-401.15,618.93,108.31,0.0,75.0,2,36.29,19.1,0.0,0.0,,8,,20260817
DNOPY,Dino Polska S.A.,Consumer Defensive,Grocery Stores,PNK,8.5,90661,8333400064,0.3081,8.0,9.9,1.6165,-1.13,-34.54,-57.18,-35.25,0.0,41.25,3,15.62,7.16,-45.58,0.0,,8,,20260817
PRMB,Primo Brands Corporation,Consumer Defensive,Beverages - Non-Alcoholic,NYSE,24.38,3558290,8824187904,0.8946,23.96,20.29,0.4713,0.9,17.39,-19.78,-1.6,0.0,68.25,2,26.21,14.36,-6.98,0.0,,8,,20260817
MSGS,Madison Square Garden Sports Corp.,Communication Services,Entertainment,NYSE,411.94,243225,9919490048,12.4561,390.47,316.29,1.7235,12.38,27.39,92.7,49.76,0.0,85.0,2,438.93,193.87,-6.15,0.0,,8,,20260817
NEMKY,Nemetschek SE,Technology,Software - Application,PNK,13.63,981,7865109504,0.8828,13.9,17.17,-0.3027,-7.67,-27.24,-74.62,-41.3,0.0,15.75,4,31.07,11.25,-56.13,0.0,,8,,20260817
KRMN,Karman Holdings Inc.,Industrials,Aerospace & Defense,NYSE,61.78,3540643,8187932672,3.5756,50.69,73.6,3.1028,-9.96,-35.53,-1.94,-15.7,0.0,40.0,3,118.38,43.68,-47.81,0.0,,8,,20260817
SBYSF,Sibanye Stillwater Limited,Basic Materials,Other Precious Metals & Mining,PNK,2.08,91,5693136384,0.0129,2.31,3.1,-17.522,-40.46,-64.1,-27.35,-43.49,0.0,0.0,4,5.54,1.78,-62.45,0.0,,8,,20260817
ENS,EnerSys,Industrials,Electrical Equipment & Parts,NYSE,202.34,551067,7297437184,10.0436,206.16,181.9,-0.3805,-19.32,-0.71,84.42,28.69,0.0,44.5,3,244.3,97.03,-17.18,0.0,,8,,20260817
IESFY,Interconexión Eléctrica S.A. E.S.P.,Utilities,Utilities - Regulated Electric,OQX,213.3,80,9535773696,9.6298,222.1,192.91,-0.9134,6.58,1.71,37.11,17.09,0.0,65.75,3,300.0,111.94,-28.9,0.0,,8,,20260817
EMN,Eastman Chemical Company,Basic Materials,Specialty Chemicals,NYSE,73.97,1209396,8456740352,1.9234,70.45,68.65,1.8303,-0.3,-19.4,-4.18,-8.54,0.0,66.25,2,83.47,56.11,-11.38,0.0,,8,,20260817
LEVI,Levi Strauss & Co.,Consumer Cyclical,Apparel Manufacturing,NYSE,22.57,2631712,8686076928,0.7195,23.93,21.64,-1.8845,3.48,-9.63,-9.4,-6.26,0.0,60.0,3,25.7,17.72,-12.18,0.0,,8,,20260817
CNRAF,Vicinity Centres,Real Estate,REIT - Retail,PNK,1.85,340,5846823936,0.0061,1.82,1.6,5.3182,-7.49,31.74,-7.23,6.35,0.0,50.0,2,1.9,1.26,-2.63,0.0,,8,,20260817
SNPTF,Sunny Optical Technology (Group) Company Limited,Technology,Electronic Components,PNK,6.99,14,7519223808,0.0359,8.25,7.98,-35.2777,-12.06,-22.59,-49.47,-30.71,0.0,0.0,4,11.62,6.61,-39.91,0.0,,8,,20260817
HSIC,"Henry Schein, Inc.",Healthcare,Medical Distribution,NASDAQ,89.52,1372353,9976693760,2.0814,84.82,77.68,2.2597,18.3,0.55,10.69,9.04,0.0,90.0,2,92.18,61.95,-2.89,0.0,,8,,20260817
FDS,FactSet Research Systems Inc.,Financial Services,Financial Data & Stock Exchanges,NYSE,276.76,944520,9843120128,11.156,253.3,245.75,2.1028,26.02,21.9,-46.06,-4.25,0.0,87.5,2,387.75,185.0,-28.62,0.0,,8,,20260817
KNTK,Kinetik Holdings Inc.,Energy,Oil & Gas Midstream,NYSE,52.98,1017633,8964208640,1.5738,48.41,42.46,2.9059,2.12,21.29,14.66,13.84,0.0,87.5,2,54.12,31.33,-2.11,0.0,,8,,20260817
ENPH,"Enphase Energy, Inc.",Technology,Solar,NASDAQ,38.65,6575785,5107390976,2.5283,44.37,40.24,-2.2619,-31.73,-25.07,-1.17,-17.17,0.0,24.5,4,73.74,25.78,-47.59,0.0,,8,,20260817
SSL,Sasol Limited,Basic Materials,Specialty Chemicals,NYSE,11.71,1421766,7506551296,0.3588,11.24,9.83,1.3139,-18.19,33.17,84.67,40.93,0.0,63.75,2,14.37,5.24,-18.51,0.0,,8,,20260817
ARE,"Alexandria Real Estate Equities, Inc.",Real Estate,REIT - Office,NYSE,46.94,1858056,8078152192,1.7729,50.47,49.21,-1.9909,0.95,-21.91,-54.29,-29.15,0.0,48.25,4,88.24,39.41,-46.8,0.0,,8,,20260817
BRRLY,Barry Callebaut AG,Consumer Defensive,Confectioners,PNK,13.93,40775,7664815616,0.3845,13.95,15.45,-0.0381,-12.52,-38.63,-4.24,-18.35,0.0,30.25,4,19.72,11.44,-29.35,0.0,,8,,20260817
CMHHY,China Merchants Port Holdings Company Limited,Industrials,Marine Shipping,PNK,18.5,54,7766317056,0.1538,17.55,19.19,6.1796,-10.29,-16.24,-25.38,-18.41,0.0,38.25,3,21.81,16.45,-15.18,0.0,,8,,20260817
WEIGF,The Weir Group PLC,Industrials,Specialty Industrial Machinery,PNK,36.66,98,8279240192,0.1443,33.27,37.37,23.5195,4.33,-36.65,-6.56,-14.37,0.0,62.0,3,48.94,30.55,-25.09,0.0,,8,,20260817
HESM,Hess Midstream LP,Energy,Oil & Gas Midstream,NYSE,39.66,1224179,8177034240,0.8447,38.5,35.79,1.3693,-3.41,-1.35,-17.07,-8.15,0.0,85.0,2,41.8,31.63,-5.12,0.0,,8,,20260817
CCOEY,"Capcom Co., Ltd.",Communication Services,Electronic Gaming & Multimedia,PNK,12.92,167832,10809100288,0.4093,10.41,11.01,6.1409,31.32,8.79,-28.19,-0.37,0.0,90.0,3,14.79,8.63,-12.64,0.0,,8,,20260817
TYCMY,Tingyi (Cayman Islands) Holding Corp.,Consumer Defensive,Packaged Foods,PNK,35.25,29262,8792966144,1.6422,28.51,29.06,4.1036,16.01,3.45,6.07,7.64,0.0,88.75,3,35.95,23.63,-1.95,0.0,,8,,20260817
STJPF,St. James's Place plc,Financial Services,Asset Management,PNK,14.13,48,7569069568,0.0602,15.37,17.42,-20.6146,-23.8,-45.61,-33.99,-35.51,0.0,0.0,4,21.03,14.13,-32.82,0.0,,8,,20260817
VFS,VinFast Auto Ltd.,Consumer Cyclical,Auto Manufacturers,NASDAQ,3.12,460270,7299352576,0.1142,3.11,3.42,0.1209,-23.34,-19.11,-30.96,-24.9,0.0,49.5,3,5.29,2.78,-40.96,0.0,,8,,20260817
MTCH,"Match Group, Inc.",Communication Services,Internet Content & Information,NASDAQ,37.22,3260887,8682180608,1.1935,37.42,33.76,-0.1671,0.9,9.51,-22.62,-5.49,0.0,78.25,3,41.4,28.81,-10.1,0.0,,8,,20260817
SFOSF,"Shanghai Fosun Pharmaceutical (Group) Co., Ltd.",Healthcare,Drug Manufacturers - Specialty & Generic,PNK,1.95,130,8277919232,0.0157,2.11,2.61,-10.4742,-23.62,-39.85,-36.93,-34.63,0.0,0.0,4,3.5,1.95,-44.29,0.0,,8,,20260817
ICL,ICL Group Ltd.,Basic Materials,Agricultural Inputs,NYSE,5.46,1307838,7047322112,0.1229,5.22,5.4,1.9892,-18.92,-17.01,-30.38,-22.84,0.0,61.25,3,6.97,4.76,-21.66,0.0,,8,,20260817
Z,"Zillow Group, Inc.",Communication Services,Internet Content & Information,NASDAQ,33.72,4459654,7582784000,1.9499,32.97,49.39,0.3835,-15.26,-36.33,-81.59,-49.17,0.0,41.25,3,93.88,29.23,-64.08,0.0,,8,,20260817
ZG,"Zillow Group, Inc.",Communication Services,Internet Content & Information,NASDAQ,34.32,1342650,7717708800,1.9081,33.1,48.98,0.6375,-14.63,-34.68,-79.04,-47.41,0.0,40.0,3,90.22,29.03,-61.96,0.0,,8,,20260817
TKR,The Timken Company,Industrials,Tools & Accessories,NYSE,133.93,1039143,9280925696,4.4836,137.25,107.64,-0.7397,12.55,11.06,55.32,29.14,0.0,77.0,3,146.37,70.57,-8.5,0.0,,8,,20260817
CMHHF,China Merchants Port Holdings Company Limited,Industrials,Marine Shipping,PNK,2.26,1806,9823340544,0.1092,1.84,1.91,3.8917,11.78,1.83,4.79,5.5,0.0,52.5,3,2.34,1.35,-3.42,0.0,,8,,20260817
XNGSY,ENN Energy Holdings Limited,Utilities,Utilities - Regulated Gas,PNK,23.8,58959,6615535616,0.5595,22.85,30.12,1.6972,-23.4,-42.52,-45.83,-39.06,0.0,43.75,3,39.4,20.55,-39.59,0.0,,8,,20260817
BYCBF,Barry Callebaut AG,Consumer Defensive,Confectioners,PNK,1400.0,20,7346819584,9.3241,1399.88,1543.69,0.0127,-11.86,-33.75,-5.88,-17.13,0.0,39.5,3,1908.75,1220.45,-26.65,0.0,,8,,20260817
FNMA,Federal National Mortgage Association,Financial Services,Mortgage Finance,OQB,6.11,3906716,7075915264,0.2822,6.23,7.96,-0.4352,-26.57,-34.48,-65.13,-44.76,0.0,24.5,4,15.99,3.6,-61.79,0.0,,8,,20260817
FNMAH,Federal National Mortgage Association,Financial Services,Mortgage Finance,OQB,7.35,10051,42180473923,0.3658,7.82,9.98,-1.2802,-29.03,-47.42,-66.89,-50.61,0.0,8.75,4,14.5,6.45,-49.31,0.0,,8,,20260817
FNMAJ,Federal National Mortgage Association,Financial Services,Mortgage Finance,OQB,8.27,17012,47460209956,0.2855,8.35,10.75,-0.2802,-25.28,-42.58,-65.81,-47.55,0.0,20.75,4,15.77,6.95,-47.56,0.0,,8,,20260817
FNMAT,Federal National Mortgage Association,Financial Services,Mortgage Finance,OQB,8.7,93177,49927907462,0.2802,8.71,11.11,-0.0534,-25.42,-42.04,-65.89,-47.43,0.0,24.5,4,16.65,7.8,-47.75,0.0,,8,,20260817
FNMAI,Federal National Mortgage Association,Financial Services,Mortgage Finance,OQB,7.75,19388,44476010496,0.2005,8.2,10.59,-2.2388,-31.04,-46.83,-71.65,-52.81,0.0,6.25,4,15.6,7.25,-50.3,0.0,,8,,20260817
FNMFO,Federal National Mortgage Association,Financial Services,Mortgage Finance,OQB,31500.0,24,180773462016000,460.4063,35100.0,42984.25,-7.8192,-30.26,-43.61,-61.14,-47.29,0.0,2.5,4,63000.0,30200.0,-50.0,0.0,,8,,20260817
FNMAP,Federal National Mortgage Association,Financial Services,Mortgage Finance,OQB,12.5,14012,0,0.4371,12.29,16.45,0.4905,-20.34,-44.65,-66.62,-47.36,0.0,31.25,3,24.79,10.61,-49.58,0.0,,8,,20260817
FNMFN,Federal National Mortgage Association,Financial Services,Mortgage Finance,OQB,16.0,17056,91821441024,0.328,16.62,21.38,-1.8893,-27.69,-46.63,-64.67,-49.11,0.0,22.0,4,31.0,14.27,-48.39,0.0,,8,,20260817
FNMAK,Federal National Mortgage Association,Financial Services,Mortgage Finance,OQB,14.75,693,84647890944,0.2418,14.88,19.04,-0.522,-19.75,-41.54,-65.74,-45.77,0.0,18.25,4,27.5,12.75,-46.36,0.0,,8,,20260817
FNMAG,Federal National Mortgage Association,Financial Services,Mortgage Finance,OQB,15.65,730,89812844812,0.1984,15.47,19.63,0.9262,-18.14,-38.22,-62.66,-42.98,0.0,27.5,3,28.33,13.51,-44.76,0.0,,8,,20260817
FNMFM,Federal National Mortgage Association,Financial Services,Mortgage Finance,OQB,14.15,1835,81204584716,0.3641,13.79,18.47,1.0012,-24.91,-48.73,-63.18,-48.55,0.0,27.5,3,26.5,12.12,-46.6,0.0,,8,,20260817
FNMAO,Federal National Mortgage Association,Financial Services,Mortgage Finance,OQB,12.5,1848,71735500800,0.2642,12.45,16.27,0.1915,-27.83,-48.66,-71.13,-52.44,0.0,31.25,3,26.36,10.7,-52.58,0.0,,8,,20260817
FNMAL,Federal National Mortgage Association,Financial Services,Mortgage Finance,OQB,12.26,775,70358180498,0.3251,13.38,17.71,-3.4386,-33.73,-48.76,-70.97,-53.89,0.0,5.0,4,27.04,11.69,-54.66,0.0,,8,,20260817
FNMAS,Federal National Mortgage Association,Financial Services,Mortgage Finance,OQB,10.06,511061,57732733451,0.2942,10.53,12.85,-1.604,-27.18,-40.59,-60.97,-45.39,0.0,24.5,4,17.99,9.2,-44.08,0.0,,8,,20260817
FNMAN,Federal National Mortgage Association,Financial Services,Mortgage Finance,OQB,14.5,2220,83213180928,0.3492,14.95,19.08,-1.2893,-27.47,-44.13,-60.18,-46.38,0.0,22.0,4,27.62,12.92,-47.5,0.0,,8,,20260817
FNMAM,Federal National Mortgage Association,Financial Services,Mortgage Finance,OQB,14.95,19950,85795657862,0.3931,14.9,19.41,0.1236,-22.11,-43.37,-67.49,-47.7,0.0,30.0,3,28.85,12.6,-48.18,0.0,,8,,20260817
ASXFY,ASX Limited,Financial Services,Financial Data & Stock Exchanges,PNK,40.75,40488,7962951680,1.0438,37.6,37.49,3.0194,-7.45,-6.5,-19.23,-11.83,0.0,85.0,2,45.74,32.12,-10.91,0.0,,8,,20260817
EDU,New Oriental Education & Techno,Consumer Defensive,Education & Training Services,NYSE,53.2,692514,8869085184,1.882,49.82,53.28,1.7946,-0.28,-22.25,-9.14,-11.51,0.0,74.5,3,64.97,44.25,-18.12,0.0,,8,,20260817
LUNR,"Intuitive Machines, Inc.",Industrials,Aerospace & Defense,NASDAQ,20.38,13195724,3270017792,1.6606,18.32,19.35,1.2428,-44.67,12.41,105.57,35.4,0.0,65.0,3,46.75,7.78,-56.41,0.0,,8,,20260817
NE,Noble Corporation plc,Energy,Oil & Gas Drilling,NYSE,45.18,1565603,7212635648,1.4949,41.83,40.14,2.2434,-18.47,-13.16,53.26,12.08,0.0,70.0,2,54.98,26.2,-17.82,0.0,,8,,20260817
TEM,"Tempus AI, Inc.",Healthcare,Health Information Services,NASDAQ,51.64,5968316,9317650432,3.2872,51.53,57.29,0.0341,12.75,-14.54,-49.0,-21.5,0.0,75.75,3,104.32,40.77,-50.5,0.0,,8,,20260817
RTLLF,RATIONAL Aktiengesellschaft,Industrials,Specialty Industrial Machinery,PNK,732.09,27,8382508032,8.3457,755.99,768.69,-2.8643,-7.75,-20.94,-25.27,-19.38,0.0,51.5,4,887.11,695.8,-17.47,0.0,,8,,20260817
SCVPY,The Siam Cement Public Company Limited,Industrials,Conglomerates,PNK,8.56,42,10272000000,0.0337,7.86,6.14,20.7782,10.73,64.25,59.95,49.15,0.0,75.0,2,8.56,4.9,0.0,0.0,,8,,20260817
NDRBF,NIBE Industrier AB (publ),Industrials,Building Products & Equipment,PNK,4.13,382,7754750976,0.0404,3.78,3.96,8.6367,-3.3,-11.18,-33.09,-17.97,0.0,50.0,3,4.87,3.5,-15.2,0.0,,8,,20260817
CIADY,China Mengniu Dairy Company Limited,Consumer Defensive,Packaged Foods,PNK,23.17,9656,9273945088,0.4491,22.12,20.37,2.3342,3.22,-2.82,-7.11,-3.03,0.0,81.25,2,24.81,17.81,-6.61,0.0,,8,,20260817
FRO,Frontline plc,Energy,Oil & Gas Midstream,NYSE,42.18,2759391,9390233600,1.4437,38.16,30.88,2.783,15.27,32.94,122.77,64.45,0.0,87.5,2,43.1,18.43,-2.13,0.0,,8,,20260817
EGO,Eldorado Gold Corporation,Basic Materials,Gold,NYSE,40.33,2599696,10518480896,1.8486,32.39,34.67,4.2927,22.87,-28.47,59.13,19.41,0.0,91.25,3,51.16,21.84,-21.17,0.0,,8,,20260817
ALNPY,ANA Holdings Inc.,Industrials,Airlines,PNK,3.9,3341,8437724160,0.1658,3.75,3.81,0.9169,3.53,-24.49,-24.12,-17.33,0.0,82.5,3,4.48,3.3,-12.95,0.0,,8,,20260817
IGGHY,IG Group Holdings plc,Financial Services,Capital Markets,PNK,19.96,137,6579502080,0.4837,22.94,18.85,-6.1564,-8.8,-11.23,26.57,4.5,0.0,39.5,3,25.0,13.35,-20.16,0.0,,8,,20260817
CIBEY,Commercial International Bank Egypt (CIB) S.A.E.,Financial Services,Banks - Regional,OQX,2.63,12904,8710094848,0.0548,2.6,2.44,0.6018,5.55,-19.96,14.55,0.22,0.0,87.5,2,2.87,1.75,-8.36,0.0,,8,,20260817
PPRQF,Choice Properties Real Estate Investment Trust,Real Estate,REIT - Retail,PNK,11.25,20654,8572888064,0.0364,11.51,11.04,-7.1215,-3.91,-12.03,-11.32,-9.71,0.0,62.0,3,11.81,9.86,-4.74,0.0,,8,,20260817
MANH,"Manhattan Associates, Inc.",Technology,Software - Application,NASDAQ,196.47,755058,11455177728,8.8998,160.9,155.53,3.9966,44.81,25.95,-29.83,8.35,0.0,90.0,2,220.59,119.06,-10.93,0.0,,8,,20260817
ORA,"Ormat Technologies, Inc.",Utilities,Utilities - Renewable,NYSE,113.91,875741,7005116416,3.7679,113.89,115.65,0.0046,-18.11,-17.37,8.36,-7.26,0.0,50.75,3,146.39,89.08,-22.19,0.0,,8,,20260817
NEXNY,Nexans S.A.,Industrials,Electrical Equipment & Parts,PNK,80.85,856,7072510976,1.0362,80.92,76.83,-0.0668,-19.49,-17.38,-18.18,-18.23,0.0,43.25,3,97.43,64.44,-17.02,0.0,,8,,20260817
FITGF,FIT Hon Teng Limited,Technology,Electronic Components,PNK,0.67,9248,4730152960,0.0489,0.82,0.81,-3.1785,-53.64,-30.89,3.91,-22.66,0.0,6.25,4,1.4,0.47,-52.49,0.0,,8,,20260817
CPBLF,ALS Limited,Industrials,Consulting Services,PNK,15.77,4,8292622848,0.0082,15.99,14.82,-26.2188,-6.95,-14.81,21.93,1.85,0.0,49.0,3,18.19,10.95,-13.28,0.0,,8,,20260817
AGCO,AGCO Corporation,Industrials,Farm & Heavy Construction Machinery,NYSE,99.75,766014,6985665024,3.752,111.61,113.87,-3.1621,-16.48,-42.54,-30.4,-31.17,0.0,8.75,4,143.78,98.7,-30.62,0.0,,8,,20260817
REXR,"Rexford Industrial Realty, Inc.",Real Estate,REIT - Industrial,NYSE,35.86,2636808,8198832128,0.819,35.42,36.52,0.5331,-0.25,-14.98,-21.62,-13.95,0.0,69.5,3,44.38,32.14,-19.2,0.0,,8,,20260817
SFM,"Sprouts Farmers Market, Inc. Common Stock",Consumer Defensive,Grocery Stores,NASDAQ,80.6,2127616,7515758592,3.6565,82.13,79.21,-0.4194,-10.54,2.94,-64.93,-27.58,0.0,53.25,3,152.25,64.75,-47.06,0.0,,8,,20260817
ASGLF,AGC Inc.,Industrials,Conglomerates,PNK,38.35,33,8145301504,0.7043,2.65,-2.12,50.6899,-165.89,-185.38,-92.16,-143.22,0.0,62.0,3,38.35,30.0,-0.0,0.0,,8,,20260817
VIRT,"Virtu Financial, Inc.",Financial Services,Capital Markets,NYSE,59.5,1249835,5253890560,2.4069,59.16,45.35,0.1398,4.92,42.9,24.42,26.01,0.0,88.75,2,68.02,31.55,-12.53,0.0,,8,,20260817
ACKDF,Auckland International Airport Limited,Industrials,Airports & Air Services,PNK,5.03,1832,9323212800,0.1172,5.04,4.93,-0.0734,-2.42,-19.48,-16.71,-14.1,0.0,64.5,3,5.59,3.99,-10.02,0.0,,8,,20260817
CDNTF,"Canadian Tire Corporation, Limited",Consumer Cyclical,Specialty Retail,PNK,155.7,6,8786353152,0.6522,172.71,168.96,-26.0797,-9.96,-17.04,-40.29,-24.57,0.0,12.0,4,236.05,150.14,-34.04,0.0,,8,,20260817
CHOLF,China Oilfield Services Limited,Energy,Oil & Gas Equipment & Services,PNK,0.9,98,4183254784,0.0027,0.93,1.02,-12.3593,-19.13,-22.72,-19.44,-20.51,0.0,12.0,4,1.23,0.86,-26.83,0.0,,8,,20260817
MTLHF,Mitsubishi Chemical Group Corporation,Basic Materials,Specialty Chemicals,PNK,6.26,50,9510814720,0.0035,6.3,6.16,-12.6718,-2.08,-4.55,2.63,-1.06,0.0,62.0,3,7.25,4.91,-13.66,0.0,,8,,20260817
NXDCF,NEXTDC Limited,Technology,Information Technology Services,PNK,10.86,804,8256220160,0.1075,10.13,9.88,6.7626,1.43,-1.64,1.38,0.34,0.0,50.0,3,12.29,7.52,-11.66,0.0,,8,,20260817
SKPJF,SKY Perfect JSAT Corporation,Communication Services,Broadcasting,PNK,22.38,3,6343064576,0.0378,22.52,-0.48,-3.7681,215.61,-254.4,-40.14,-51.2,0.0,62.0,3,28.0,7.0,-20.09,0.0,,8,,20260817
CHRD,Chord Energy Corporation,Energy,Oil & Gas E&P,NASDAQ,142.88,817864,7815232000,5.0619,128.77,115.8,2.7866,-7.67,28.83,24.41,17.94,0.0,67.5,2,151.95,84.25,-5.97,0.0,,8,,20260817
HALO,"Halozyme Therapeutics, Inc.",Healthcare,Biotechnology,NASDAQ,103.0,2001558,11690294272,3.3956,80.19,71.44,6.7187,48.66,15.72,36.03,32.08,0.0,87.5,2,104.78,61.23,-1.7,0.0,,8,,20260817
AUKNY,Auckland International Airport Limited,Industrials,Airports & Air Services,PNK,26.4,125,8980920320,0.094,24.89,24.25,16.0462,3.99,-7.49,-1.93,-2.39,0.0,75.0,2,29.59,20.69,-10.78,0.0,,8,,20260817
STBFY,Suntory Beverage & Food Limited,Consumer Defensive,Beverages - Non-Alcoholic,PNK,14.23,98435,8794129408,0.2835,14.05,14.72,0.6234,4.92,-23.55,-32.76,-20.12,0.0,74.5,3,16.91,12.83,-15.87,0.0,,8,,20260817
SM,SM Energy Company,Energy,Oil & Gas E&P,NYSE,35.48,3960527,8439062016,1.5034,29.99,25.29,3.6539,4.82,53.95,16.36,26.63,0.0,65.0,2,35.88,17.45,-1.11,0.0,,8,,20260817
ALBHF,Alibaba Health Information Technology Limited,Healthcare,Pharmaceutical Retailers,PNK,0.44,340,9399467008,0.0051,0.43,0.62,1.0267,-27.66,-56.81,-56.46,-49.38,0.0,26.25,3,0.9,0.4,-51.11,0.0,,8,,20260817
KLYCY,Kunlun Energy Company Limited,Energy,Oil & Gas Refining & Marketing,PNK,8.75,5912,7544104448,0.2244,8.66,9.39,0.4003,-15.19,-27.19,-24.14,-22.97,0.0,40.75,3,11.76,7.77,-25.6,0.0,,8,,20260817
ELEEF,Element Fleet Management Corp.,Industrials,Rental & Leasing Services,PNK,19.91,99491,7884207616,0.4293,20.83,23.13,-2.1546,-5.39,-32.24,-46.58,-31.26,0.0,45.75,4,27.57,18.47,-27.78,0.0,,8,,20260817
NSANF,"Nissan Motor Co., Ltd.",Consumer Cyclical,Auto Manufacturers,PNK,2.2,10933,7692041728,0.1517,2.08,2.34,0.7764,-7.02,-31.54,-25.48,-22.99,0.0,39.5,3,3.28,1.8,-32.93,0.0,,8,,20260817
FKKFY,"Fukuoka Financial Group, Inc.",Financial Services,Banks - Regional,PNK,25.25,698,9823240192,1.1536,22.33,19.28,2.5334,19.16,-3.58,50.81,23.86,0.0,78.75,2,25.99,12.88,-2.85,0.0,,8,,20260817
CORZ,"Core Scientific, Inc.",Technology,Software - Infrastructure,NASDAQ,20.13,12767745,6468582912,1.6881,23.69,19.81,-2.1098,-21.65,-1.1,24.37,3.95,0.0,31.25,3,30.46,13.13,-33.91,0.0,,8,,20260817
YOU,"Clear Secure, Inc.",Technology,Software - Application,NYSE,43.84,1479091,5952949248,3.1501,53.32,45.34,-3.0099,-26.69,21.79,9.6,4.79,0.0,19.5,4,69.07,29.43,-36.53,0.0,,8,,20260817
ACI,"Albertsons Companies, Inc.",Consumer Defensive,Grocery Stores,NYSE,12.2,8622020,5920973312,0.4981,13.44,15.92,-2.4993,-29.29,-46.57,-54.4,-45.38,0.0,12.5,4,20.0,10.86,-39.0,0.0,,8,,20260817
OSK,Oshkosh Corporation,Industrials,Farm & Heavy Construction Machinery,NYSE,153.97,793545,9506069504,5.3462,145.1,142.37,1.6596,24.13,-22.9,-9.23,-5.67,0.0,87.5,2,180.49,116.77,-14.69,0.0,,8,,20260817
ZWS,Zurn Elkay Water Solutions Corporation,Industrials,Pollution & Treatment Controls,NYSE,50.31,993391,8344623104,1.3487,49.27,48.12,0.7691,0.13,-15.42,-9.32,-9.09,0.0,87.5,2,55.0,43.06,-8.53,0.0,,8,,20260817
CWEN,"Clearway Energy, Inc.",Utilities,Utilities - Renewable,NYSE,34.15,1323382,8422619648,1.093,34.63,35.82,-0.4382,-11.13,-26.74,0.52,-11.94,0.0,34.0,4,41.74,27.67,-18.18,0.0,,8,,20260817
TAP,Molson Coors Beverage Company,Consumer Defensive,Beverages - Brewers,NYSE,40.74,3160633,7596133888,1.3103,40.71,43.68,0.024,-3.85,-35.67,-38.2,-28.73,0.0,73.25,3,54.82,38.04,-25.68,0.0,,8,,20260817
DUFRY,Avolta AG,Consumer Cyclical,Specialty Retail,PNK,5.88,49141,8320710656,0.1245,6.17,5.87,-2.3214,0.2,-17.58,-15.36,-12.25,0.0,67.0,3,6.81,5.12,-13.66,0.0,,8,,20260817
SHBBF,SYENSQO SA,Basic Materials,Chemicals,PNK,97.79,514,9971816448,1.2155,80.78,75.58,13.9978,35.91,-8.89,-10.62,1.62,0.0,78.75,2,98.2,48.08,-0.42,0.0,,8,,20260817
SBSW,Sibanye Stillwater Limited,Basic Materials,Other Precious Metals & Mining,NYSE,10.97,5208061,7935372288,0.4135,9.24,12.41,4.1921,-14.29,-48.42,11.99,-15.73,0.0,38.75,3,21.29,7.1,-48.47,0.0,,8,,20260817
SSDOF,"Shiseido Company, Limited",Consumer Defensive,Household & Personal Products,PNK,22.5,180,8991548416,0.2458,18.1,18.41,17.924,6.8,3.24,23.91,12.4,0.0,50.0,3,22.5,15.05,0.0,0.0,,8,,20260817
BLDR,"Builders FirstSource, Inc.",Industrials,Building Products & Equipment,NYSE,70.21,2457640,7554347008,3.6128,76.16,93.0,-1.6461,-5.09,-52.74,-70.31,-47.85,0.0,12.5,4,151.03,65.1,-53.51,0.0,,8,,20260817
AMG,"Affiliated Managers Group, Inc.",Financial Services,Asset Management,NYSE,371.4,306396,9809447936,11.6584,357.61,306.87,1.1826,21.57,-1.31,45.45,23.11,0.0,90.0,2,392.92,215.0,-5.48,0.0,,8,,20260817
CMC,Commercial Metals Company,Industrials,Metal Fabrication,NYSE,72.73,1240588,8045708288,2.2072,69.59,68.82,1.4239,-2.39,-22.02,7.69,-5.23,0.0,63.75,2,84.87,53.08,-14.3,0.0,,8,,20260817
SOBO,South Bow Corporation,Energy,Oil & Gas Midstream,NYSE,36.68,795680,7651012608,0.7882,36.49,31.62,0.2408,-5.02,10.69,15.05,8.51,0.0,85.0,2,38.94,25.02,-5.8,0.0,,8,,20260817
NSANY,"Nissan Motor Co., Ltd.",Consumer Cyclical,Auto Manufacturers,PNK,4.14,232566,7237511680,0.1266,4.1,4.63,0.3175,-17.64,-42.44,-28.72,-30.75,0.0,37.5,3,6.06,3.72,-31.68,0.0,,8,,20260817
ALBBY,Alibaba Health Information Technology Limited,Healthcare,Pharmaceutical Retailers,PNK,8.88,498,7181833728,0.2694,8.24,11.78,2.3836,-18.94,-51.25,-45.75,-40.97,0.0,27.5,3,19.45,7.83,-54.34,0.0,,8,,20260817
BOKF,BOK Financial Corporation,Financial Services,Banks - Regional,NASDAQ,145.72,262325,8854947840,2.097,139.01,127.78,3.2016,10.52,-4.32,18.39,8.48,0.0,87.5,2,146.84,102.72,-0.76,0.0,,8,,20260817
NXPRF,Nexans S.A.,Industrials,Electrical Equipment & Parts,PNK,149.24,103,7654232576,0.5371,164.38,153.15,-28.1891,-28.5,-25.32,-12.28,-20.9,0.0,12.0,4,201.32,136.79,-25.87,0.0,,8,,20260817
FLY,Firefly Aerospace Inc.,Industrials,Aerospace & Defense,NASDAQ,27.18,6163912,4550057984,2.107,25.86,27.46,0.6268,-37.57,26.89,-66.03,-26.39,0.0,50.75,3,62.17,16.0,-56.28,0.0,,8,,20260817
MYTKY,Magyar Telekom Telecommunicatio,Communication Services,Telecom Services,PNK,8.31,9990,7434092544,0.267,8.63,12.61,-1.1991,-1.83,28.09,-89.84,-26.56,0.0,35.25,4,29.6,5.22,-71.93,0.0,,8,,20260817
AOS,A. O. Smith Corporation,Industrials,Specialty Industrial Machinery,NYSE,61.4,1735079,8344786944,1.6727,60.34,64.79,0.631,5.49,-36.73,-34.58,-25.31,0.0,75.75,3,81.87,54.16,-25.0,0.0,,8,,20260817
ESALF,"Eisai Co., Ltd.",Healthcare,Drug Manufacturers - Specialty & Generic,PNK,29.5,67,8325962240,0.3802,26.12,28.45,8.8983,-2.23,-23.03,-22.81,-17.74,0.0,75.0,3,35.83,23.88,-17.67,0.0,,8,,20260817
PTBRY,PT Bank Negara Indonesia (Persero) Tbk,Financial Services,Banks - Regional,PNK,9.65,5369,8189043712,0.5022,9.69,11.36,-0.0756,-16.9,-40.73,-46.51,-37.08,0.0,20.75,4,15.49,8.38,-37.68,0.0,,8,,20260817
TKAMY,thyssenkrupp AG,Industrials,Conglomerates,PNK,16.05,22370,10100123648,0.425,13.42,12.14,6.188,25.79,14.48,33.94,25.09,0.0,90.0,2,17.02,8.16,-5.7,0.0,,8,,20260817
JINFF,China Gold International Resources Corp. Ltd.,Basic Materials,Other Precious Metals & Mining,PNK,27.77,7970,11008410624,1.1213,20.08,20.95,6.8595,31.06,2.91,175.63,79.04,0.0,80.0,3,31.82,10.16,-12.73,0.0,,8,,20260817
UBTRF,UBTECH ROBOTICS CORP LTD,Unknown,Unknown,PNK,11.9,8046,0,0.6685,12.06,11.9,-0.2395,-21.02,-40.35,-49.17,-39.05,0.0,50.75,3,21.47,9.5,-44.57,0.0,,8,,20260817
HCXLF,Hiscox Ltd,Financial Services,Insurance - Property & Casualty,PNK,24.5,369,7821877760,0.1104,24.46,20.6,0.3461,10.29,5.95,22.4,13.62,0.0,75.0,2,25.26,17.0,-3.01,0.0,,8,,20260817
IDA,"IDACORP, Inc.",Utilities,Utilities - Regulated Electric,NYSE,141.47,578982,8182914048,3.0286,145.09,137.17,-1.1953,-3.1,-14.68,-5.7,-8.19,0.0,74.5,3,154.91,122.3,-8.68,0.0,,8,,20260817
EMLAF,Empire Company Limited,Consumer Defensive,Grocery Stores,PNK,35.7,38295,7990647808,0.3341,35.34,34.87,1.0842,1.79,-11.75,-32.69,-16.74,0.0,78.75,2,41.9,32.56,-14.8,0.0,,8,,20260817
WILYY,Demant A/S,Healthcare,Medical Devices,PNK,23.0,156,9701336064,0.1786,20.5,17.28,14.0173,23.39,48.21,-0.6,22.48,0.0,77.5,2,23.32,13.45,-1.37,0.0,,8,,20260817
WJRYF,West Japan Railway Company,Industrials,Railroads,PNK,17.33,441,9124429824,0.2725,17.67,19.42,-1.2492,4.35,-36.36,-51.55,-32.26,0.0,37.0,4,25.03,15.46,-30.76,0.0,,8,,20260817
FBBPF,FIBRA Prologis,Real Estate,REIT - Industrial,PNK,4.29,5496,7273371136,0.164,4.46,4.48,-1.0348,-11.29,-31.5,-9.03,-17.46,0.0,32.75,4,5.18,3.59,-17.13,0.0,,8,,20260817
WFRD,Weatherford International plc,Energy,Oil & Gas Equipment & Services,NASDAQ,93.08,1274709,6672480768,3.5199,88.11,90.46,1.4118,-19.0,-21.64,45.64,5.93,0.0,63.75,3,113.15,54.69,-17.74,0.0,,8,,20260817
HCXLY,Hiscox Ltd,Financial Services,Insurance - Property & Casualty,PNK,52.0,1148,8300768256,1.5522,49.75,52.0,1.4502,-0.66,14.65,18.59,12.4,0.0,82.5,3,53.5,36.78,-2.8,0.0,,8,,20260817
ASXFF,ASX Limited,Financial Services,Financial Data & Stock Exchanges,PNK,42.12,482,7034755072,0.5322,37.69,36.98,8.3221,1.27,-2.62,-26.09,-11.04,0.0,75.0,2,46.39,30.9,-9.2,0.0,,8,,20260817
DVCMY,Davide Campari-Milano N.V.,Consumer Defensive,Beverages - Wineries & Distilleries,PNK,6.77,135203,8119682560,0.1861,6.42,6.73,1.8713,4.57,-26.59,-31.33,-20.69,0.0,83.75,3,8.12,6.0,-16.63,0.0,,8,,20260817
YOKEY,Yokogawa Electric Corporation,Industrials,Specialty Industrial Machinery,PNK,70.85,45,8562041344,0.4646,68.33,67.56,5.4317,-1.09,-8.0,6.1,-0.63,0.0,76.25,2,79.89,53.36,-11.32,0.0,,8,,20260817
SDXAY,Sodexo S.A.,Industrials,Specialty Business Services,PNK,13.02,104577,9500402688,0.2155,12.26,10.94,3.5265,13.45,2.0,-14.41,-1.7,0.0,87.5,2,13.29,9.08,-2.03,0.0,,8,,20260817
BIO,"Bio-Rad Laboratories, Inc.",Healthcare,Medical Devices,NYSE,355.23,355867,9498202112,10.655,309.94,297.14,4.2506,38.71,24.52,2.55,19.28,0.0,90.0,2,365.0,236.73,-2.68,0.0,,8,,20260817
CRL,"Charles River Laboratories International, Inc.",Healthcare,Diagnostics & Research,NYSE,286.64,913320,13806797824,9.9931,225.9,191.84,6.078,85.22,63.71,62.85,68.74,0.0,87.5,2,288.88,144.26,-0.78,0.0,,8,,20260817
WJRYY,West Japan Railway Company,Industrials,Railroads,PNK,18.05,91925,8214262272,0.6753,17.51,19.1,0.7994,0.02,-32.3,-42.86,-28.44,0.0,70.75,3,23.87,15.08,-24.38,0.0,,8,,20260817
CELH,"Celsius Holdings, Inc.",Consumer Defensive,Beverages - Non-Alcoholic,NCM,29.94,10124462,7577134080,1.8199,29.18,39.0,0.422,-5.51,-46.92,-68.29,-45.12,0.0,38.75,3,66.74,23.56,-55.13,0.0,,8,,20260817
NFG,National Fuel Gas Company,Energy,Oil & Gas Integrated,NYSE,81.82,740682,7776589824,1.5552,79.35,82.58,1.5853,-3.36,-19.06,-25.55,-17.73,0.0,79.5,3,97.06,75.17,-15.7,0.0,,8,,20260817
CAMT,Camtek Ltd.,Technology,Semiconductor Equipment & Materials,NASDAQ,171.8,532496,8017592832,11.3893,158.1,150.02,1.203,-2.75,-7.89,76.23,27.04,0.0,62.5,2,215.99,75.75,-20.46,0.0,,8,,20260817
KEX,Kirby Corporation,Industrials,Marine Shipping,NYSE,141.13,598682,7451664384,4.1243,139.07,129.96,0.4995,-7.94,-0.97,23.0,6.87,0.0,61.25,2,157.69,79.52,-10.5,0.0,,8,,20260817
PDI,PIMCO Dynamic Income Fund,Financial Services,Asset Management,NYSE,15.43,2696727,7121938944,0.1606,15.99,16.26,-3.4579,-9.49,-24.28,-27.61,-21.91,0.0,31.5,4,20.17,15.4,-23.5,0.0,,8,,20260817
TBVPF,Thai Beverage Public Company Limited,Consumer Defensive,Beverages - Wineries & Distilleries,PNK,0.37,991,8117790208,0.0022,0.34,0.34,12.4583,17.28,-7.31,-12.89,-3.4,0.0,75.0,3,0.4,0.3,-7.5,0.0,,8,,20260817
ESE,ESCO Technologies Inc.,Technology,Scientific & Technical Instruments,NYSE,308.01,247366,7979668480,11.9599,323.44,272.73,-1.2898,1.48,0.87,42.77,17.78,0.0,73.25,3,362.15,184.34,-14.95,0.0,,8,,20260817
UGI,UGI Corporation,Utilities,Utilities - Regulated Gas,NYSE,35.09,1588443,7526628352,0.7509,35.38,35.88,-0.3888,-0.45,-21.49,-18.8,-15.16,0.0,59.0,3,41.34,31.62,-15.12,0.0,,8,,20260817
CBSH,"Commerce Bancshares, Inc.",Financial Services,Banks - Regional,NASDAQ,59.71,1205079,8564335104,0.9272,57.84,52.87,2.0147,13.01,-1.35,-17.82,-4.35,0.0,90.0,2,60.92,46.99,-1.99,0.0,,8,,20260817
SSD,"Simpson Manufacturing Co., Inc.",Basic Materials,Lumber & Wood Production,NYSE,195.89,308482,8028488704,5.3734,194.18,182.39,0.3183,5.03,-19.92,-17.98,-12.91,0.0,88.75,2,213.49,156.32,-8.24,0.0,,8,,20260817
BIRK,Birkenstock Holding plc,Consumer Cyclical,Footwear & Accessories,NYSE,37.86,2418764,6734833152,2.1845,42.78,40.5,-2.2508,16.58,-18.81,-42.92,-19.61,0.0,44.5,4,53.53,31.12,-29.27,0.0,,8,,20260817
BZQIY,Bezeq The Israel Telecommunication Corp. Ltd,Communication Services,Telecom Services,PNK,11.24,95,6341028864,0.0541,12.08,12.05,-15.5578,-24.32,-30.44,10.96,-12.35,0.0,12.0,4,14.1,8.4,-20.28,0.0,,8,,20260817
RIG,Transocean Ltd.,Energy,Oil & Gas Drilling,NYSE,5.87,38564545,6556086272,0.2355,5.37,5.43,2.1387,-21.42,-24.18,73.89,15.74,0.0,63.75,3,7.66,2.76,-23.37,0.0,,8,,20260817
GNZUF,"Guangzhou Automobile Group Co., Ltd.",Consumer Cyclical,Auto Manufacturers,PNK,0.29,1677,2652256768,0.0047,0.28,0.4,2.9902,-23.48,-54.14,-45.4,-42.98,0.0,25.0,3,0.56,0.24,-48.21,0.0,,8,,20260817
SKPJY,SKY Perfect JSAT Corporation,Communication Services,Broadcasting,PNK,27.55,16,3905059840,0.2297,35.83,23.98,-36.0608,-31.98,270.39,274.4,196.4,0.0,25.0,3,54.67,7.25,-49.6,0.0,,8,,20260817
OMRNF,OMRON Corporation,Technology,Electronic Components,PNK,31.68,23,6229219328,0.1572,35.99,2.96,-27.4383,-21.85,-239.85,24.23,-79.72,0.0,25.0,3,38.55,26.5,-17.82,0.0,,8,,20260817
ECG,"Everus Construction Group, Inc.",Industrials,Engineering & Construction,NYSE,143.4,601596,7319366144,8.0469,141.34,119.14,0.2554,-13.3,22.43,69.28,32.24,0.0,61.25,2,171.58,72.43,-16.42,0.0,,8,,20260817
BYDIF,BYD Electronic (International) Company Limited,Technology,Electronic Components,PNK,3.13,21306,6962935808,0.261,3.02,3.82,0.4077,-22.31,-43.1,-59.98,-44.65,0.0,32.5,3,5.79,2.41,-45.94,0.0,,8,,20260817
TOPPY,TOPPAN Holdings Inc.,Industrials,Conglomerates,PNK,17.08,2777,8649875456,0.6035,14.99,15.03,3.4625,-1.08,-18.34,-1.44,-7.26,0.0,53.75,3,18.11,10.77,-5.69,0.0,,8,,20260817
YAMHF,"Yamaha Motor Co., Ltd.",Consumer Cyclical,Auto Manufacturers,PNK,11.5,866,11648761856,0.3061,8.3,7.44,10.4537,52.85,47.3,37.51,44.77,0.0,81.25,2,12.0,6.6,-4.17,0.0,,8,,20260817
BPHLY,Bank of the Philippine Islands,Financial Services,Banks - Regional,PNK,34.58,2187,9530805248,1.7282,32.83,34.87,1.0106,9.28,-28.89,-37.15,-22.66,0.0,63.25,3,44.49,27.0,-22.27,0.0,,8,,20260817
BYDIY,BYD Electronic (International) Company Limited,Technology,Electronic Components,PNK,163.1,563,7326806016,21.3464,155.22,190.06,0.369,-16.79,-35.45,-57.51,-39.61,0.0,41.25,3,289.23,125.41,-43.61,0.0,,8,,20260817
IBRX,"ImmunityBio, Inc.",Healthcare,Biotechnology,NASDAQ,7.92,11965896,8393903616,0.4138,7.66,6.19,0.6195,-5.43,19.28,171.12,73.84,0.0,63.75,2,12.43,1.95,-36.28,0.0,,8,,20260817
TECH,Bio-Techne Corporation,Healthcare,Biotechnology,NASDAQ,72.39,4860332,11279133696,0.5213,67.31,60.03,9.7415,62.69,7.08,14.39,23.9,0.0,85.0,2,72.62,43.2,-0.32,0.0,,8,,20260817
KYKOF,"Kyowa Kirin Co., Ltd.",Healthcare,Drug Manufacturers - Specialty & Generic,PNK,14.43,0,7434928128,0.0008,14.43,14.8,0.0,-4.03,-22.74,-37.51,-23.97,0.0,37.0,3,18.0,12.42,-19.86,0.0,,8,,20260817
THNPY,Technip Energies N.V.,Energy,Oil & Gas Equipment & Services,PNK,36.08,8651,6249259008,0.8276,38.19,39.33,-2.5528,-18.43,-17.34,-42.66,-27.74,0.0,24.5,4,49.18,33.61,-26.64,0.0,,8,,20260817
VLY,Valley National Bancorp,Financial Services,Banks - Regional,NASDAQ,14.94,6616514,8255922176,0.2723,14.53,12.78,1.5018,11.62,-1.31,32.88,15.6,0.0,86.25,2,15.2,9.64,-1.71,0.0,,8,,20260817
VLYPO,Valley National Bancorp,Financial Services,Banks - Regional,NASDAQ,24.84,7354,8235918512,0.1438,24.79,24.33,0.355,-2.29,-10.79,-14.05,-9.97,0.0,83.75,2,25.74,24.1,-3.48,0.0,,8,,20260817
VLYPP,Valley National Bancorp,Financial Services,Banks - Regional,NASDAQ,25.11,5061,8323764322,0.0909,24.87,24.44,2.6908,-2.07,-11.11,-13.72,-9.89,0.0,87.5,2,26.11,24.42,-3.83,0.0,,8,,20260817
VLYPN,Valley National Bancorp,Financial Services,Banks - Regional,NASDAQ,25.7,12401,0,0.1561,25.65,25.16,0.3125,-3.76,-12.14,-12.5,-10.19,0.0,85.0,2,26.61,25.19,-3.44,0.0,,8,,20260817
KNCRY,Konecranes Plc,Industrials,Farm & Heavy Construction Machinery,PNK,8.0,232,7604569600,0.0553,7.66,8.15,6.1149,-2.7,-27.35,-9.63,-14.1,0.0,38.25,3,10.21,3.13,-21.63,0.0,,8,,20260817
TYEKF,thyssenkrupp AG,Industrials,Conglomerates,PNK,15.76,893,10185469952,0.3092,13.17,11.63,8.3669,26.22,8.18,21.56,18.04,0.0,76.25,2,16.1,8.0,-2.11,0.0,,8,,20260817
NCLH,Norwegian Cruise Line Holdings Ltd.,Consumer Cyclical,Travel Services,NYSE,18.18,17756838,8348035072,0.8188,19.63,20.06,-1.7758,12.34,-29.34,-46.5,-25.78,0.0,48.25,4,27.18,14.53,-33.11,0.0,,8,,20260817
BCHMY,Bachem Holding AG,Healthcare,Biotechnology,PNK,9.24,6033,6924043776,0.4916,9.1,8.33,0.2763,-12.91,-6.55,-8.12,-8.77,0.0,60.0,2,12.54,5.97,-26.32,0.0,,8,,20260817
VBREY,Vibra Energia SA,Consumer Cyclical,Specialty Retail,PNK,13.02,39706,7766295552,0.432,12.67,11.42,0.8175,-10.28,-5.22,64.64,21.46,0.0,88.75,2,14.54,6.96,-10.45,0.0,,8,,20260817
VCX,"Fundrise Growth Tech Fund, LLC",Financial Services,Asset Management,NYSE,41.0,329787,0,6.7717,69.85,41.0,-4.2609,-83.99,-63.9,-63.9,-68.92,0.0,33.75,3,575.0,28.71,-92.87,0.0,,8,,20260817
VOYA,"Voya Financial, Inc.",Financial Services,Financial Conglomerates,NYSE,100.14,1113172,9072318464,2.28,95.87,79.01,1.8721,18.87,22.15,15.86,18.81,0.0,90.0,2,103.85,64.5,-3.57,0.0,,8,,20260817
SPXSF,Spirax Group plc,Industrials,Specialty Industrial Machinery,PNK,98.97,19,6440947712,0.4315,92.02,92.54,16.1168,-6.3,-19.25,-15.54,-14.53,0.0,50.0,3,108.0,87.0,-8.36,0.0,,8,,20260817
NOV,NOV Inc.,Energy,Oil & Gas Equipment & Services,NYSE,21.6,3775767,7699927552,0.6486,19.65,18.4,3.0096,2.17,0.1,58.28,23.89,0.0,62.5,2,21.61,12.09,-0.07,0.0,,8,,20260817
KNCRF,Konecranes Plc,Industrials,Farm & Heavy Construction Machinery,PNK,30.29,79,7606945792,0.0474,31.11,65.83,-17.3686,-9.41,-87.04,-87.21,-67.7,0.0,12.0,4,113.4,30.29,-73.29,0.0,,8,,20260817
JXN,Jackson Financial Inc.,Financial Services,Insurance - Life,NYSE,133.15,633438,9018082304,3.7656,117.43,108.67,4.1743,17.46,5.08,21.6,14.79,0.0,86.25,2,137.99,89.67,-3.51,0.0,,8,,20260817
GGAL,Grupo Financiero Galicia S.A.,Financial Services,Banks - Regional,NCM,43.42,1137603,7357667840,2.0202,50.07,48.23,-3.2901,1.75,-16.9,-29.19,-17.15,0.0,47.0,3,62.52,25.89,-30.55,0.0,,8,,20260817
FIGR,"Figure Technology Solutions, Inc.",Financial Services,Capital Markets,NASDAQ,35.76,3761203,7995864576,2.3905,29.3,37.03,2.7014,-22.19,-12.62,-3.86,-11.51,0.0,48.25,3,78.0,24.11,-54.16,0.0,,8,,20260817
CAE,CAE Inc.,Industrials,Aerospace & Defense,NASDAQ,27.14,775408,8727671808,0.8678,25.64,27.68,1.7272,1.67,-24.13,-24.24,-17.72,0.0,74.5,3,34.24,22.76,-20.74,0.0,,8,,20260817
SCABY,Svenska Cellulosa Aktiebolaget SCA (publ),Basic Materials,Paper & Paper Products,PNK,11.9,2580,8354363904,0.3117,10.91,11.87,3.1705,-5.97,-19.9,-31.26,-20.96,0.0,51.25,3,14.35,9.45,-17.11,0.0,,8,,20260817
KGS,"Kodiak Gas Services, Inc.",Energy,Oil & Gas Equipment & Services,NYSE,66.12,1849440,6672758784,2.9514,65.77,53.67,0.1171,-13.87,19.78,74.06,33.08,0.0,62.5,2,77.68,32.55,-14.88,0.0,,8,,20260817
ATR,"AptarGroup, Inc.",Healthcare,Medical Instruments & Supplies,NYSE,131.74,479066,8376178176,3.0566,127.08,124.63,1.5249,10.49,-20.85,-24.46,-14.46,0.0,85.0,2,146.91,103.23,-10.33,0.0,,8,,20260817
HQY,"HealthEquity, Inc.",Healthcare,Health Information Services,NASDAQ,102.33,907990,8555009024,3.0677,94.97,89.06,2.399,20.77,25.76,-6.51,11.6,0.0,86.25,2,107.62,72.76,-4.92,0.0,,8,,20260817
SVCBF,Svenska Cellulosa Aktiebolaget SCA (publ),Basic Materials,Paper & Paper Products,PNK,11.17,508,7290314752,0.0356,10.64,12.04,15.0435,-3.4,-29.62,-38.67,-26.68,0.0,62.0,3,13.54,9.97,-17.53,0.0,,8,,20260817
SLOIY,Soitec SA,Technology,Semiconductor Equipment & Materials,PNK,77.72,5454,5555378688,4.116,66.19,42.55,2.8008,-13.52,317.84,160.46,172.05,0.0,63.75,2,114.37,13.13,-32.05,0.0,,8,,20260817
AXS,Axis Capital Holdings Limited,Financial Services,Insurance - Specialty,NYSE,99.88,724912,7287876096,2.7621,106.92,102.23,-2.5502,-3.6,-15.04,-17.64,-13.22,0.0,48.25,3,119.99,88.07,-16.76,0.0,,8,,20260817
ESAIY,"Eisai Co., Ltd.",Healthcare,Drug Manufacturers - Specialty & Generic,PNK,7.58,224337,8568685056,0.196,6.68,7.23,4.6,-2.19,-19.61,-23.06,-16.63,0.0,88.75,3,9.22,5.69,-17.82,0.0,,8,,20260817
YMHAY,"Yamaha Motor Co., Ltd.",Consumer Cyclical,Auto Manufacturers,PNK,24.68,4338,12017638400,0.8847,17.04,15.32,8.6402,65.12,56.53,44.7,53.95,0.0,83.75,2,25.14,13.05,-1.83,0.0,,8,,20260817
STHRF,Strathcona Resources Ltd.,Energy,Oil & Gas E&P,PNK,31.66,48338,6801226240,1.0276,29.19,27.17,2.3994,-14.34,40.62,0.7,10.91,0.0,58.75,2,40.52,18.23,-21.87,0.0,,8,,20260817
CIG,Companhia Energética de Minas Gerais - CEMIG,Utilities,Utilities - Regulated Electric,NYSE,1.92,6304112,5492509184,0.0576,2.09,2.11,-2.8729,-15.27,-22.03,-16.49,-18.12,0.0,14.5,4,2.76,1.88,-30.43,0.0,,8,,20260817
BILI,Bilibili Inc.,Communication Services,Internet Content & Information,NASDAQ,17.23,2902737,7210853888,0.5782,17.77,23.82,-0.9302,-14.45,-57.63,-48.8,-43.3,0.0,23.25,4,36.4,15.79,-52.66,0.0,,8,,20260817
SLOIF,Soitec SA,Technology,Semiconductor Equipment & Materials,PNK,153.05,7977,5469960704,10.7638,131.87,86.81,1.9678,-16.12,222.36,241.63,170.45,0.0,61.25,2,226.22,24.57,-32.34,0.0,,8,,20260817
LOTMY,LOTTOMATICA GROUP SPA,Consumer Cyclical,Gambling,PNK,28.35,10790,6599068160,0.6375,28.75,27.09,-0.6335,-9.37,5.04,-19.15,-8.24,0.0,43.25,3,33.1,21.65,-14.35,0.0,,8,,20260817
EGIEY,Engie Brasil Energia S.A.,Utilities,Utilities - Renewable,OID,5.46,59114,7733443584,0.1818,6.28,6.3,-4.4946,-26.58,-28.86,-17.19,-23.62,0.0,10.0,4,9.5,5.05,-42.53,0.0,,8,,20260817
VLVCY,Volvo Car AB (publ.),Consumer Cyclical,Auto Manufacturers,PNK,4.45,242,6724847616,0.084,4.23,5.52,2.6581,-11.61,-31.46,-10.47,-18.1,0.0,26.25,3,7.66,3.73,-41.91,0.0,,8,,20260817
OPHLY,"Ono Pharmaceutical Co., Ltd.",Healthcare,Drug Manufacturers - General,PNK,5.0,41246,7035215360,0.103,4.85,4.86,1.4345,-10.92,-21.62,6.49,-7.7,0.0,60.0,3,5.75,3.55,-13.04,0.0,,8,,20260817
DPMLF,DPM Metals Inc.,Basic Materials,Gold,PNK,46.02,66777,10095345664,1.7595,35.63,33.74,5.9046,36.32,6.86,142.67,68.55,0.0,88.75,2,46.28,17.25,-0.56,0.0,,8,,20260817
UMICY,Umicore SA,Industrials,Waste Management,PNK,6.88,36440,6623166464,0.1844,6.16,5.46,3.9174,-11.19,13.76,54.62,23.87,0.0,66.25,2,7.68,3.72,-10.42,0.0,,8,,20260817
VLVOF,Volvo Car AB (publ.),Consumer Cyclical,Auto Manufacturers,PNK,2.04,685,6077566464,0.0175,2.08,2.73,-2.2286,-20.04,-51.68,-28.8,-34.62,0.0,13.25,4,3.7,1.87,-44.76,0.0,,8,,20260817
CPXWF,Capital Power Corporation,Utilities,Utilities - Independent Power Producers,PNK,48.72,42220,7652937728,0.7059,50.25,46.51,-2.1742,1.31,-1.75,-8.32,-3.61,0.0,68.25,3,53.84,39.08,-9.51,0.0,,8,,20260817
STAG,"STAG Industrial, Inc.",Real Estate,REIT - Industrial,NYSE,36.8,1529519,7242522624,0.6987,38.64,37.7,-2.6319,-6.39,-15.22,-11.38,-11.48,0.0,55.25,3,42.61,34.33,-13.64,0.0,,8,,20260817
CSCCF,Capstone Copper Corp.,Basic Materials,Copper,PNK,10.81,347961,8319408128,0.5282,9.73,9.47,2.0393,2.26,-19.74,36.79,8.37,0.0,87.5,2,13.32,6.45,-18.84,0.0,,8,,20260817
FPRUY,Fraport AG,Industrials,Airports & Air Services,PNK,39.7,32,7120090112,0.2756,40.14,41.07,-1.6108,-11.36,-16.15,-31.24,-20.99,0.0,49.0,4,45.66,38.5,-13.05,0.0,,8,,20260817
DVDCF,Davide Campari-Milano N.V.,Consumer Defensive,Beverages - Wineries & Distilleries,PNK,7.0,3537,7999746560,0.0799,6.41,6.77,7.358,3.83,-24.61,-29.91,-19.62,0.0,76.25,3,8.1,6.07,-13.58,0.0,,8,,20260817
SUMCF,Sumco Corporation,Technology,Semiconductor Equipment & Materials,PNK,24.26,12930,8043843584,2.8203,25.0,15.3,-0.264,6.27,108.16,183.45,112.8,0.0,78.25,3,36.43,7.09,-33.41,0.0,,8,,20260817
WILLF,Demant A/S,Healthcare,Medical Devices,PNK,44.88,235,9490437120,0.461,40.13,34.84,10.3028,15.78,10.06,-7.04,4.65,0.0,76.25,2,45.0,28.08,-0.27,0.0,,8,,20260817
CDP,COPT Defense Properties,Real Estate,REIT - Office,NYSE,36.81,997119,4264234496,0.6765,36.2,31.66,0.9076,12.3,5.03,16.8,11.56,0.0,87.5,2,38.9,27.06,-5.37,0.0,,8,,20260817
SWQGF,Swissquote Group Holding SA,Financial Services,Capital Markets,PNK,49.01,0,7345472000,0.0022,49.01,54.0,0.0,-5.79,-19.6,-48.43,-27.68,0.0,49.0,3,490.08,49.01,-90.0,0.0,,8,,20260817
PLLIF,Pirelli & C. S.p.A.,Consumer Cyclical,Auto Parts,PNK,7.33,103,7954354176,0.0616,7.45,7.01,-1.961,7.79,-19.9,-9.9,-8.98,0.0,62.0,3,8.22,6.03,-10.8,0.0,,8,,20260817
QGEN,Qiagen N.V.,Healthcare,Diagnostics & Research,NYSE,42.6,2692914,8796687360,1.0451,39.99,42.49,2.4986,25.53,-28.67,-33.34,-16.99,0.0,86.25,3,57.82,32.53,-26.32,0.0,,8,,20260817
HTCMF,"Hitachi Construction Machinery Co., Ltd.",Industrials,Farm & Heavy Construction Machinery,PNK,33.85,27,7200052736,0.0405,33.23,-16.96,15.1757,-1.97,-165.2,-88.16,-93.57,0.0,75.0,2,35.5,24.97,-4.66,0.0,,8,,20260817
THNPF,Technip Energies N.V.,Energy,Oil & Gas Equipment & Services,PNK,34.2,74,5923632128,0.1898,38.48,39.44,-22.5273,-21.93,-21.4,-46.74,-31.67,0.0,0.0,4,49.0,34.18,-30.2,0.0,,8,,20260817
RGEDF,Gedeon Richter PLC,Healthcare,Drug Manufacturers - Specialty & Generic,PNK,42.59,1039,7768013824,2.7416,38.86,-357.16,1.3598,-111.19,-123.92,-132.39,-124.13,0.0,70.75,3,45.28,27.17,-5.94,0.0,,8,,20260817
IFSUF,Infrastrutture Wireless Italiane S.p.A.,Real Estate,Real Estate Services,PNK,7.45,271,6726980608,0.0523,7.39,8.19,1.2501,-10.2,-27.59,-56.1,-34.65,0.0,37.0,3,12.69,6.82,-41.25,0.0,,8,,20260817
VIST,"Vista Energy, S.A.B. de C.V.",Energy,Oil & Gas E&P,NYSE,72.16,887814,7985760768,2.9286,67.03,61.13,1.7528,-3.11,20.03,46.13,24.69,0.0,70.0,2,81.44,31.63,-11.39,0.0,,8,,20260817
TYOYY,"Taiyo Yuden Co., Ltd.",Technology,Electronic Components,PNK,17.65,41941,8835371008,1.6413,22.14,11.47,-2.7374,52.37,185.85,241.71,174.82,0.0,62.5,3,35.44,4.86,-50.2,0.0,,8,,20260817
TTEK,"Tetra Tech, Inc.",Industrials,Engineering & Construction,NASDAQ,35.82,3326103,9171511296,1.0773,31.08,32.58,4.3982,32.3,-15.88,-20.24,-5.58,0.0,93.75,3,43.14,25.81,-16.97,0.0,,8,,20260817
SLAB,Silicon Laboratories Inc.,Technology,Semiconductors,NASDAQ,219.29,390138,7316996608,1.2236,218.28,187.65,0.8267,-3.55,-8.14,43.58,13.69,0.0,87.5,2,220.9,115.51,-0.73,0.0,,8,,20260817
DNPLY,"Dai Nippon Printing Co., Ltd.",Industrials,Conglomerates,PNK,10.33,10596,8866831360,0.3908,9.2,9.1,2.8871,7.73,-11.76,6.09,0.25,0.0,91.25,2,10.66,7.66,-3.1,0.0,,8,,20260817
LGFRY,Longfor Group Holdings Limited,Real Estate,Real Estate - Development,PNK,8.22,73916,5640913920,0.3787,8.64,10.87,-1.1096,-34.66,-49.01,-58.7,-49.3,0.0,25.75,4,15.49,7.54,-46.93,0.0,,8,,20260817
MOS,The Mosaic Company,Basic Materials,Agricultural Inputs,NYSE,21.23,8649211,6748924416,0.958,22.07,24.37,-0.8762,-6.25,-41.0,-52.68,-36.98,0.0,47.0,4,36.99,19.8,-42.61,0.0,,8,,20260817
KNSL,"Kinsale Capital Group, Inc.",Financial Services,Insurance - Property & Casualty,NYSE,367.16,314632,8363326464,12.166,338.41,358.84,2.3631,17.4,-22.32,-39.73,-19.35,0.0,93.75,3,485.0,287.2,-24.3,0.0,,8,,20260817
VSOGF,"Vista Energy, S.A.B. de C.V.",Energy,Oil & Gas E&P,PNK,75.0,24,8300055552,0.0098,75.0,63.05,0.0,5.07,10.75,48.93,24.6,0.0,75.0,3,77.66,33.05,-3.43,0.0,,8,,20260817
LTH,"Life Time Group Holdings, Inc.",Consumer Cyclical,Leisure,NYSE,45.34,2936504,10131765248,1.4543,40.79,31.1,3.1295,29.58,42.08,44.28,39.84,0.0,86.25,2,47.23,24.14,-4.01,0.0,,8,,20260817
SHTDF,Sinopharm Group Co. Ltd.,Healthcare,Medical Distribution,PNK,2.13,16,7177508864,0.0012,2.18,2.43,-39.1192,-13.39,-23.92,-29.11,-23.36,0.0,12.0,4,2.7,2.13,-21.11,0.0,,8,,20260817
PMOIF,Harbour Energy plc,Energy,Oil & Gas E&P,PNK,3.45,6362,5410613248,0.0753,3.2,3.26,3.3655,-13.24,-6.09,-8.73,-8.94,0.0,53.75,3,4.34,2.5,-20.51,0.0,,8,,20260817
GMINF,G Mining Ventures Corp.,Basic Materials,Gold,OQX,35.28,90561,10451857408,1.8581,29.69,31.03,3.0109,-9.85,-6.66,158.46,58.59,0.0,62.5,3,43.26,12.58,-18.45,0.0,,8,,20260817
SDXOF,Sodexo S.A.,Industrials,Specialty Business Services,PNK,62.85,503,8691919872,0.1624,58.68,53.82,25.6963,24.89,-2.71,-14.28,-0.44,0.0,75.0,2,62.85,47.01,-0.0,0.0,,8,,20260817
DIFTY,"Daito Trust Construction Co.,Ltd.",Real Estate,Real Estate - Diversified,PNK,5.02,230956,6560482816,0.2088,4.9,5.18,0.5833,-14.07,-27.56,-31.69,-25.84,0.0,44.5,3,7.0,4.41,-28.27,0.0,,8,,20260817
TELDY,Telefónica Deutschland Holding AG,Communication Services,Telecom Services,PNK,11.75,0,6990203904,0.0006,11.75,12.24,0.0,-11.3,-19.24,-24.22,-19.25,0.0,37.0,3,12.56,11.55,-6.45,0.0,,8,,20260817
PLXS,Plexus Corp.,Technology,Electronic Components,NASDAQ,274.2,313332,7308006400,12.3219,271.86,214.49,0.1901,1.3,22.29,85.53,42.34,0.0,62.5,2,307.06,126.86,-10.7,0.0,,8,,20260817
AKBTY,Akbank T.A.S.,Financial Services,Banks - Regional,OQX,2.65,21859,6890000384,0.1515,2.95,3.18,-1.9969,-20.41,-49.56,-37.4,-37.41,0.0,5.0,4,4.24,2.51,-37.5,0.0,,8,,20260817
JAPSY,"Japan Airlines Co., Ltd.",Industrials,Airlines,PNK,9.45,92477,8123743744,0.1602,8.94,8.92,3.1729,13.13,-21.29,-32.48,-17.16,0.0,82.5,2,11.0,7.55,-14.09,0.0,,8,,20260817
TSUKY,"Toyo Suisan Kaisha, Ltd.",Consumer Defensive,Packaged Foods,PNK,66.69,5170,6410748928,4.4917,64.68,68.59,0.4483,-6.32,-31.09,-22.97,-21.65,0.0,50.75,3,86.9,58.14,-23.26,0.0,,8,,20260817
ICGUF,ICG plc,Financial Services,Asset Management,PNK,22.8,8,7305815040,0.0212,23.7,24.75,-42.3164,-2.47,-32.31,-38.81,-27.45,0.0,24.0,4,27.72,20.65,-17.75,0.0,,8,,20260817
PCOR,"Procore Technologies, Inc.",Technology,Software - Application,NYSE,58.38,3195338,8871152640,2.7481,46.76,58.02,4.2298,21.87,7.91,-32.26,-4.67,0.0,91.25,3,82.31,38.03,-29.08,0.0,,8,,20260817
ST,Sensata Technologies Holding plc,Technology,Scientific & Technical Instruments,NYSE,45.92,1938391,6683006464,1.7044,46.91,39.28,-0.5804,-9.87,11.23,22.06,10.29,0.0,47.0,3,53.89,28.16,-14.79,0.0,,8,,20260817
RHP,"Ryman Hospitality Properties, Inc.",Real Estate,REIT - Hotel & Motel,NYSE,124.11,723085,7832492032,3.4574,126.11,103.72,-0.5796,14.72,12.33,15.36,14.14,0.0,75.75,3,137.46,83.82,-9.71,0.0,,8,,20260817
IVTJY,Investec Group,Financial Services,Capital Markets,PNK,16.9,6,7657688576,0.0069,17.1,15.11,-29.0584,6.37,12.3,8.5,9.3,0.0,62.0,3,17.34,13.51,-2.51,0.0,,8,,20260817
GKOS,Glaukos Corporation,Healthcare,Medical Devices,NYSE,185.62,1029743,10948597760,6.6837,151.91,122.69,5.0432,24.09,55.62,82.67,58.56,0.0,88.75,2,190.0,73.16,-2.31,0.0,,8,,20260817
DCCPY,DCC Energy plc,Energy,Oil & Gas Refining & Marketing,PNK,42.54,32,7303763456,0.0747,42.54,42.54,0.0,-4.2,-4.2,-4.2,-4.2,0.0,62.0,3,44.74,41.75,-4.92,0.0,,8,,20260817
HR,Healthcare Realty Trust Incorporated,Real Estate,REIT - Healthcare Facilities,NYSE,19.15,3946520,6645007360,0.3624,20.27,18.19,-3.0854,-9.25,-3.26,2.39,-2.5,0.0,60.0,3,22.04,16.28,-13.11,0.0,,8,,20260817
ZJLMF,ZJLMF,Consumer Cyclical,Auto Manufacturers,PNK,4.65,837,0,0.0979,4.66,4.65,-0.0939,-27.09,-32.28,-32.28,-30.99,0.0,49.0,3,6.37,4.16,-27.0,0.0,,8,,20260817
NXE,NexGen Energy Ltd.,Energy,Uranium,NYSE,10.75,5503727,7207940608,0.4721,9.75,10.69,2.1255,-9.16,-21.43,37.42,5.18,0.0,65.0,3,13.96,6.26,-22.99,0.0,,8,,20260817
AVT,"Avnet, Inc.",Technology,Electronics & Computer Distribution,NASDAQ,98.63,1304359,8094857216,3.7168,89.24,68.47,2.5252,12.98,37.38,65.41,42.49,0.0,86.25,2,100.0,44.25,-1.37,0.0,,8,,20260817
DKDRF,NewMed Energy - Limited Partnership,Energy,Oil & Gas E&P,PNK,5.2,370,6103836160,0.0933,5.45,5.75,-2.6657,-15.86,-36.68,-0.68,-17.07,0.0,25.25,4,7.32,4.68,-28.96,0.0,,8,,20260817
MTDR,Matador Resources Company,Energy,Oil & Gas E&P,NYSE,55.94,1937393,6922810880,2.0371,50.99,49.76,2.4317,-11.38,5.7,0.56,-0.63,0.0,65.0,2,66.84,37.14,-16.31,0.0,,8,,20260817
UMICF,Umicore SA,Industrials,Waste Management,PNK,26.16,972,6618352640,0.9704,24.89,22.43,1.3047,-18.12,1.4,38.09,11.19,0.0,53.75,2,31.15,15.05,-16.02,0.0,,8,,20260817
TRNO,Terreno Realty Corporation,Real Estate,REIT - Industrial,NYSE,68.18,912895,7429596160,1.4946,68.67,63.63,-0.329,0.85,-9.08,9.18,0.71,0.0,72.0,3,78.94,53.58,-13.63,0.0,,8,,20260817
AIIXY,AIXTRON SE,Technology,Semiconductor Equipment & Materials,PNK,101.3,607,5818654208,2.8457,107.36,76.74,-2.1288,-21.63,104.01,195.57,109.22,0.0,27.5,3,143.05,28.52,-29.19,0.0,,8,,20260817
DITTF,"Daito Trust Construction Co.,Ltd.",Real Estate,Real Estate - Diversified,PNK,19.06,290,6182994432,0.0435,18.68,19.34,8.7632,-20.98,-33.68,-102.86,-58.18,0.0,37.0,3,114.87,14.38,-83.41,0.0,,8,,20260817
IMVT,"Immunovant, Inc.",Healthcare,Biotechnology,NASDAQ,43.71,1705814,9028417536,1.5807,38.04,29.15,3.587,47.39,56.46,153.94,93.18,0.0,86.25,2,43.89,14.47,-0.41,0.0,,8,,20260817
NDBKY,Nedbank Group Limited,Financial Services,Banks - Regional,PNK,18.36,28727,8415021568,0.4005,16.86,15.99,3.7506,14.96,-7.57,21.67,9.76,0.0,88.75,2,20.28,11.88,-9.47,0.0,,8,,20260817
VAL,Valaris Limited,Energy,Oil & Gas Drilling,NYSE,87.08,987140,6046470144,3.4445,79.98,77.47,2.0613,-19.22,-16.06,62.96,14.76,0.0,62.5,2,114.12,43.53,-23.69,0.0,,8,,20260817
LEA,Lear Corporation,Consumer Cyclical,Auto Parts,NYSE,124.89,666838,8314522112,4.061,135.78,124.82,-2.6826,-10.21,-22.3,2.91,-9.19,0.0,37.5,3,150.33,96.04,-16.92,0.0,,8,,20260817
OTGLY,CD Projekt S.A.,Communication Services,Electronic Gaming & Multimedia,PNK,17.1,26079,6833879040,0.6002,15.64,16.86,2.4299,-8.54,-13.87,-23.37,-16.34,0.0,66.25,3,20.5,14.16,-16.59,0.0,,8,,20260817
SUOPY,Sumco Corporation,Technology,Semiconductor Equipment & Materials,PNK,52.01,12041,9094789120,3.3552,49.33,30.46,0.7998,27.54,141.01,190.12,132.29,0.0,63.75,2,69.37,14.55,-25.03,0.0,,8,,20260817
SHTDY,Sinopharm Group Co. Ltd.,Healthcare,Medical Distribution,PNK,10.65,133693,6692465152,0.2214,10.64,11.81,0.0313,-6.07,-31.06,-30.73,-24.68,0.0,69.5,3,14.87,10.0,-28.38,0.0,,8,,20260817
BCKIY,Babcock International Group PLC,Industrials,Engineering & Construction,PNK,16.2,21827,7772191744,0.3733,14.29,16.24,5.1208,20.94,-23.1,2.79,-1.74,0.0,75.75,3,21.15,12.15,-23.39,0.0,,8,,20260817
PB,"Prosperity Bancshares, Inc.",Financial Services,Banks - Regional,NYSE,74.48,1135409,8950766592,1.2725,72.75,69.37,1.3619,8.13,-9.58,-8.27,-4.63,0.0,86.25,2,77.2,61.07,-3.52,0.0,,8,,20260817
BBUC,Brookfield Business Corporation,Industrials,Conglomerates,NYSE,28.95,449295,5947546624,1.115,31.04,33.37,-1.871,-14.9,-31.07,-24.18,-24.27,0.0,8.75,4,38.25,28.14,-24.31,0.0,,8,,20260817
AIXXF,AIXTRON SE,Technology,Semiconductor Equipment & Materials,PNK,49.25,6841,5554703360,2.6016,52.75,38.94,-1.3453,-24.38,66.33,194.88,95.07,0.0,35.0,3,71.52,13.9,-31.14,0.0,,8,,20260817
MYRG,MYR Group Inc.,Industrials,Engineering & Construction,NASDAQ,340.78,296366,5305689088,18.7034,403.93,317.69,-3.3763,-31.9,10.46,66.59,22.32,0.0,30.0,3,503.57,171.51,-32.33,0.0,,8,,20260817
BRKRP,Bruker Corporation,Healthcare,Medical Devices,NASDAQ,424.62,13266,0,14.2925,428.84,351.63,-0.2955,24.28,34.87,57.06,41.1,0.0,78.25,3,474.99,250.0,-10.6,0.0,,8,,20260817
BRKR,Bruker Corporation,Healthcare,Medical Devices,NASDAQ,57.67,2497730,8786561024,3.0313,58.26,46.7,-0.1949,29.81,44.39,51.15,43.45,0.0,78.25,3,65.3,28.53,-11.68,0.0,,8,,20260817
HBRIY,Harbour Energy plc,Energy,Oil & Gas E&P,PNK,3.54,40848,5551759360,0.1602,3.32,3.33,1.3783,-12.54,2.48,-23.3,-11.59,0.0,67.5,3,4.48,2.51,-20.98,0.0,,8,,20260817
FAF,First American Financial Corporation,Financial Services,Insurance - Specialty,NYSE,73.18,923232,7471677952,1.8176,70.81,65.41,1.3043,5.15,-3.27,-6.24,-2.35,0.0,83.75,2,79.87,56.2,-8.38,0.0,,8,,20260817
VIPS,Vipshop Holdings Limited,Consumer Cyclical,Internet Retail,NYSE,14.04,2464593,6742998016,0.3824,14.16,15.85,-0.306,-4.23,-30.57,-36.75,-26.46,0.0,48.25,4,21.08,12.65,-33.4,0.0,,8,,20260817
CDNAF,"Canadian Tire Corporation, Limited",Consumer Cyclical,Specialty Retail,PNK,141.68,15480,7454194688,1.8773,137.85,130.29,2.0392,10.84,-4.78,-1.35,0.5,0.0,87.5,2,152.9,102.83,-7.34,0.0,,8,,20260817
LKQ,LKQ Corporation,Consumer Cyclical,Auto Parts,NASDAQ,25.45,3093451,6438903296,0.8962,25.38,28.75,0.0815,-0.17,-37.69,-37.9,-28.4,0.0,41.25,3,37.13,21.17,-31.46,0.0,,8,,20260817
SPXSY,Spirax Group plc,Industrials,Specialty Industrial Machinery,PNK,47.4,10459,6995111424,1.0417,46.71,47.06,0.6605,-2.41,-21.5,-19.71,-16.01,0.0,86.25,3,54.08,42.56,-12.36,0.0,,8,,20260817
STKAF,Stockland,Real Estate,REIT - Diversified,PNK,3.17,1722,8583704064,0.0544,2.74,3.32,8.0568,3.59,-23.32,-36.71,-21.95,0.0,37.0,3,4.29,2.46,-25.99,0.0,,8,,20260817
SNROY,SNROY,Consumer Cyclical,Specialty Retail,PNK,16.36,940,9917679616,0.1825,13.4,13.57,16.1906,66.56,14.05,-36.76,6.85,0.0,76.25,3,20.01,9.59,-18.24,0.0,,8,,20260817
KCDMF,"Kimberly-Clark de México, S. A. B. de C. V.",Consumer Defensive,Household & Personal Products,OID,2.34,609,6748741632,0.0293,2.21,2.22,4.3258,-2.15,-9.83,0.19,-3.9,0.0,78.75,3,2.6,1.88,-10.0,0.0,,8,,20260817
SHMXY,SHMXY,Technology,Scientific & Technical Instruments,PNK,13.0,286,7512443392,0.0451,12.2,12.84,17.7334,20.85,-8.34,-7.87,-0.85,0.0,75.0,3,16.77,10.41,-22.48,0.0,,8,,20260817
RAL,Ralliant Corporation,Technology,Electronic Components,NYSE,71.97,1650453,7962761728,2.6105,68.5,53.6,1.3282,16.56,49.47,44.65,39.31,0.0,87.5,2,75.41,37.27,-4.56,0.0,,8,,20260817
LNC,Lincoln National Corporation,Financial Services,Insurance - Life,NYSE,44.67,1885532,8551951872,1.3181,40.31,38.47,3.3085,26.66,-1.96,-6.98,3.19,0.0,86.25,2,47.67,32.18,-6.29,0.0,,8,,20260817
SEOJF,Stora Enso Oyj,Consumer Cyclical,Packaging & Containers,OQX,8.73,8,6884652032,0.0017,8.73,9.99,0.0,-19.77,-34.82,-17.05,-23.95,0.0,25.0,3,12.55,8.56,-30.44,0.0,,8,,20260817
JBTM,JBT Marel Corporation,Industrials,Specialty Industrial Machinery,NYSE,118.73,562543,6159334400,5.1344,132.7,139.66,-2.7205,-10.06,-41.32,-36.29,-31.49,0.0,38.75,4,170.19,113.67,-30.24,0.0,,8,,20260817
FSS,Federal Signal Corporation,Industrials,Farm & Heavy Construction Machinery,NYSE,126.14,533935,7699788800,4.408,120.25,114.52,1.337,8.64,-8.84,-21.77,-9.64,0.0,88.75,2,134.51,101.19,-6.22,0.0,,8,,20260817
GDS,GDS Holdings Limited,Technology,Information Technology Services,NASDAQ,35.38,2413001,7089360384,1.6462,32.28,37.84,1.884,-21.44,-37.23,-10.01,-22.39,0.0,49.5,3,48.61,26.97,-27.22,0.0,,8,,20260817
SGHC,Super Group (SGHC) Limited,Consumer Cyclical,Gambling,NYSE,13.03,3059774,6620240384,0.4855,13.96,11.89,-1.9206,-5.28,32.7,-6.08,7.69,0.0,60.0,3,15.86,8.46,-17.84,0.0,,8,,20260817
CHVKF,"China Vanke Co., Ltd.",Real Estate,Real Estate - Development,PNK,0.3,296,4863686656,0.0036,0.33,0.43,-9.2795,-33.0,-52.29,-73.58,-55.99,0.0,0.0,4,0.7,0.3,-57.99,0.0,,8,,20260817
UOLGY,UOL Group Limited,Real Estate,Real Estate - Development,PNK,28.77,7893,6095934976,0.7316,30.21,30.13,-1.9552,-14.2,-30.45,8.55,-10.79,0.0,41.5,4,38.25,22.2,-24.77,0.0,,8,,20260817
NVTS,Navitas Semiconductor Corporation,Technology,Semiconductors,NASDAQ,14.58,23493979,3806743040,1.2697,15.75,12.76,-0.9244,-36.41,61.72,79.97,44.49,0.0,38.75,3,34.17,5.44,-57.33,0.0,,8,,20260817
TOTDF,TOTO LTD.,Industrials,Building Products & Equipment,PNK,43.74,275,7193152512,0.9422,48.33,37.04,-4.87,-8.94,5.41,44.11,17.3,0.0,30.0,3,60.92,23.95,-28.2,0.0,,8,,20260817
MORN,"Morningstar, Inc.",Financial Services,Financial Data & Stock Exchanges,NASDAQ,206.74,448780,7755555840,7.72,177.01,186.92,3.851,17.15,16.02,-40.51,-6.31,0.0,91.25,3,266.05,141.49,-22.29,0.0,,8,,20260817
PCVX,"Vaxcyte, Inc.",Healthcare,Biotechnology,NASDAQ,60.22,1432606,8961053696,2.3368,54.9,52.87,2.2753,10.14,-2.63,70.47,29.8,0.0,88.75,2,65.0,29.87,-7.35,0.0,,8,,20260817
THG,"The Hanover Insurance Group, Inc.",Financial Services,Insurance - Property & Casualty,NYSE,222.1,325056,7733571072,4.712,214.11,186.74,1.6953,9.86,16.68,10.98,12.69,0.0,88.75,2,236.07,165.5,-5.92,0.0,,8,,20260817
CBC,"Central Bancompany, Inc.",Financial Services,Banks - Regional,NASDAQ,32.55,758140,7804453376,0.8644,31.04,32.55,1.749,18.08,20.04,21.13,19.99,0.0,88.75,3,33.82,22.5,-3.75,0.0,,8,,20260817
TOTDY,TOTO LTD.,Industrials,Building Products & Equipment,PNK,41.64,29141,6847801856,1.229,47.27,37.05,-4.5831,-11.98,-1.09,40.01,12.63,0.0,35.0,3,60.09,23.84,-30.7,0.0,,8,,20260817
UOLGF,UOL Group Limited,Real Estate,Real Estate - Development,PNK,8.04,0,6685932544,0.0003,8.04,7.59,0.0,-4.03,-16.4,33.85,6.79,0.0,75.0,3,9.18,5.6,-12.41,0.0,,8,,20260817
SZCRF,SCOR SE,Financial Services,Insurance - Reinsurance,PNK,38.2,320,6824941568,0.0892,35.8,34.21,26.8967,-2.63,11.06,-12.42,-1.75,0.0,50.0,2,38.2,30.41,0.0,0.0,,8,,20260817
NEU,NewMarket Corporation,Basic Materials,Specialty Chemicals,NYSE,951.06,117874,8746334208,27.4596,816.15,718.17,4.913,34.98,47.91,4.98,27.51,0.0,91.25,2,981.66,580.03,-3.12,0.0,,8,,20260817
OMRNY,OMRON Corporation,Technology,Electronic Components,PNK,43.91,55545,8633996288,1.2972,36.39,31.16,5.7963,16.1,26.8,46.02,31.81,0.0,87.5,2,45.24,23.23,-2.94,0.0,,8,,20260817
CHYM,"Chime Financial, Inc.",Technology,Software - Application,NASDAQ,31.45,6380003,11906502656,1.4852,22.08,21.79,6.3097,72.98,45.79,-13.61,28.83,0.0,91.25,2,33.41,15.88,-5.87,0.0,,8,,20260817
MDNDF,"McDonald's Holdings Company (Japan), Ltd.",Consumer Cyclical,Restaurants,PNK,47.86,4,5469919232,0.2333,48.89,44.31,-4.4209,9.92,-0.61,-2.07,1.44,0.0,37.0,3,51.0,40.0,-6.16,0.0,,8,,20260817
THNOF,Technology One Limited,Technology,Software - Application,PNK,22.9,43,7580258304,0.0659,21.85,21.07,15.9358,6.19,13.85,33.27,19.71,0.0,78.75,2,26.21,14.97,-12.63,0.0,,8,,20260817
EPRT,"Essential Properties Realty Trust, Inc.",Real Estate,REIT - Retail,NYSE,31.14,1808685,6752578048,0.5601,30.91,30.7,0.4148,-0.63,-13.58,-14.57,-10.74,0.0,85.0,2,34.73,28.95,-10.34,0.0,,8,,20260817
PPC,Pilgrim's Pride Corporation,Consumer Defensive,Packaged Foods,NASDAQ,28.77,1551651,6850382336,1.1228,28.33,34.95,0.3903,-0.41,-47.53,-58.12,-39.99,0.0,38.75,3,48.48,25.9,-40.66,0.0,,8,,20260817
SBFFY,SBM Offshore N.V.,Energy,Oil & Gas Equipment & Services,PNK,39.52,135,6513846272,0.1814,37.58,35.42,10.6979,-7.29,-1.55,34.17,11.31,0.0,50.0,2,44.15,23.52,-10.49,0.0,,8,,20260817
IDCC,"InterDigital, Inc.",Technology,Software - Application,NASDAQ,348.39,331895,8990555136,12.2782,286.61,319.88,5.0315,29.34,-20.59,9.2,3.81,0.0,90.0,3,412.6,249.14,-15.56,0.0,,8,,20260817
CELC,Celcuity Inc.,Healthcare,Biotechnology,NCM,92.44,1525708,4523265536,5.6614,93.58,105.23,-0.2021,-37.66,-25.49,57.02,4.47,0.0,23.25,4,151.02,44.42,-38.79,0.0,,8,,20260817
DOX,Amdocs Limited Ordinary Shares,Technology,Software - Infrastructure,NASDAQ,57.25,1417609,6077889024,1.8158,54.1,66.64,1.7364,-9.24,-29.58,-53.39,-34.02,0.0,38.75,3,88.46,49.74,-35.28,0.0,,8,,20260817
SSDOY,"Shiseido Company, Limited",Consumer Defensive,Household & Personal Products,PNK,22.06,70017,8815713280,0.8325,18.46,18.02,4.3185,13.1,-12.56,5.36,1.02,0.0,87.5,2,23.35,13.6,-5.52,0.0,,8,,20260817
KIGRY,KION GROUP AG,Industrials,Farm & Heavy Construction Machinery,PNK,11.59,13919,6160472576,0.3089,11.55,14.87,0.1296,-13.59,-52.06,-52.77,-42.72,0.0,31.25,3,20.54,10.26,-43.57,0.0,,8,,20260817
POOL,Pool Corporation,Industrials,Industrial Distribution,NASDAQ,190.47,959519,6921822208,7.6316,198.41,217.05,-1.0409,4.53,-40.85,-61.25,-37.66,0.0,49.5,4,336.15,172.68,-43.34,0.0,,8,,20260817
BCKIF,Babcock International Group PLC,Industrials,Engineering & Construction,PNK,15.45,2632,7410996224,0.2523,14.21,16.2,4.902,15.24,-33.95,-3.62,-9.52,0.0,64.5,3,21.05,12.35,-26.6,0.0,,8,,20260817
GRFS,"Grifols, S.A.",Healthcare,Drug Manufacturers - General,NASDAQ,7.77,670808,5288110080,0.198,7.52,8.25,1.2781,-2.0,-29.45,-47.81,-29.93,0.0,72.0,3,10.65,6.96,-27.04,0.0,,8,,20260817
AWI,"Armstrong World Industries, Inc.",Industrials,Building Products & Equipment,NYSE,179.17,483448,7572230144,4.5608,163.83,174.59,3.3642,10.88,-23.95,-28.14,-16.92,0.0,91.25,3,206.08,150.28,-13.06,0.0,,8,,20260817
CSXXY,CAR Group Limited,Communication Services,Internet Content & Information,PNK,40.13,445,8088787456,0.9063,36.42,37.59,4.0957,4.27,10.8,-41.97,-11.94,0.0,75.0,3,57.95,28.03,-30.75,0.0,,8,,20260817
DCCPF,DCC Energy plc,Energy,Oil & Gas Refining & Marketing,PNK,85.64,40,7315722752,0.2167,82.11,68.92,16.295,7.12,12.95,19.74,14.21,0.0,75.0,2,85.64,57.8,-0.0,0.0,,8,,20260817
LNTH,"Lantheus Holdings, Inc.",Healthcare,Drug Manufacturers - Specialty & Generic,NASDAQ,100.91,1309450,6586634752,2.1691,104.03,80.77,-1.4376,0.85,32.82,66.46,38.28,0.0,74.5,3,111.86,49.67,-9.79,0.0,,8,,20260817
VLOUF,Vallourec S.A.,Basic Materials,Steel,PNK,21.4,66,5524703744,0.3265,24.36,22.95,-9.0774,-36.76,-15.62,-11.97,-19.45,0.0,13.25,4,31.81,16.88,-32.73,0.0,,8,,20260817
MIDD,The Middleby Corporation,Industrials,Specialty Industrial Machinery,NASDAQ,114.88,731112,5195143168,4.443,132.3,119.62,-3.9207,-5.35,-26.83,-14.75,-16.63,0.0,49.5,3,148.55,89.16,-22.67,0.0,,8,,20260817
FBASF,Fibra UNO,Real Estate,REIT - Diversified,PNK,1.82,5185,7255376896,0.033,1.74,1.64,2.5393,1.47,-10.56,10.17,0.74,0.0,76.25,2,2.16,1.33,-15.74,0.0,,8,,20260817
OR,OR Royalties Inc.,Basic Materials,Gold,NYSE,33.33,983527,6249237504,1.1126,31.49,36.39,1.655,-13.1,-35.58,-11.92,-20.5,0.0,50.75,3,48.06,27.54,-30.65,0.0,,8,,20260817
GIFLF,"Grifols, S.A.",Healthcare,Drug Manufacturers - General,PNK,11.76,369,7112066048,0.0694,10.65,11.51,16.0669,8.24,-12.79,-36.34,-16.95,0.0,75.0,3,13.9,10.13,-15.4,0.0,,8,,20260817
HTCMY,"Hitachi Construction Machinery Co., Ltd.",Industrials,Farm & Heavy Construction Machinery,PNK,65.82,19,7083047424,0.0239,65.82,66.35,0.0,-14.46,-28.16,-12.94,-18.65,0.0,37.0,3,87.04,55.92,-24.38,0.0,,8,,20260817
PUODY,"Promotora y Operadora de Infraestructura, S. A. B. de C. V.",Industrials,Infrastructure Operations,PNK,305.41,95,5550544896,4.7287,318.52,309.28,-2.7732,-12.7,-26.72,-3.77,-14.03,0.0,26.5,4,359.88,246.68,-15.14,0.0,,8,,20260817
SZHFY,Sojitz Corporation,Industrials,Conglomerates,PNK,306.91,0,6385576960,0.3,311.28,306.91,-14.5521,-23.1,-28.31,-29.07,-27.31,0.0,37.0,3,418.56,306.9,-26.67,0.0,,8,,20260817
SCRYY,SCOR SE,Financial Services,Insurance - Reinsurance,PNK,4.06,7224,7289466368,0.091,3.79,3.4,2.9745,3.66,8.76,8.68,7.45,0.0,85.0,2,4.12,2.95,-1.46,0.0,,8,,20260817
KCDMY,"Kimberly-Clark de México, S. A. B. de C. V.",Consumer Defensive,Household & Personal Products,OID,11.43,47904,6826382336,0.3185,11.13,10.96,0.9464,-0.04,-18.91,4.31,-4.9,0.0,88.75,2,12.84,8.25,-10.98,0.0,,8,,20260817
SULZF,Sulzer AG,Industrials,Specialty Industrial Machinery,PNK,169.6,35,5865862656,0.3634,174.54,185.27,-13.6023,-14.77,-22.26,-34.31,-25.2,0.0,24.0,4,227.14,162.27,-25.33,0.0,,8,,20260817
HRIBF,"HORIBA, Ltd.",Technology,Scientific & Technical Instruments,PNK,162.47,3,6826408448,0.9601,112.92,28.99,51.6038,1940.94,2882.2,-2231.88,601.25,0.0,75.0,2,166.67,61.03,-2.52,0.0,,8,,20260817
MSA,MSA Safety Incorporated,Industrials,Security & Protection Services,NYSE,189.14,321214,7296697344,4.9692,173.39,171.38,3.1697,5.97,-19.72,-8.32,-8.74,0.0,86.25,2,208.92,151.11,-9.47,0.0,,8,,20260817
MNESP,MSA Safety Incorporated,Industrials,Security & Protection Services,PNK,37.5,5,0,0.0419,36.95,37.57,13.148,3.4,-5.42,-32.18,-13.92,0.0,62.0,3,48.2,36.0,-22.2,0.0,,8,,20260817
TEX,Terex Corporation,Industrials,Farm & Heavy Construction Machinery,NYSE,67.34,1362530,7696961536,2.6799,66.33,59.64,0.3781,7.79,-15.89,10.45,0.57,0.0,87.5,2,74.69,41.7,-9.84,0.0,,8,,20260817
SKHHY,Sonic Healthcare Limited,Healthcare,Diagnostics & Research,PNK,16.13,119220,8103662592,0.522,14.8,14.68,2.5555,15.12,-4.83,-32.54,-10.92,0.0,86.25,2,19.25,12.94,-16.21,0.0,,8,,20260817
TXNM,"TXNM Energy, Inc.",Utilities,Utilities - Regulated Electric,NYSE,57.58,1437438,5933395456,0.3398,57.08,57.62,1.4719,-6.91,-15.39,-17.12,-13.96,0.0,49.5,3,59.53,55.64,-3.28,0.0,,8,,20260817
SNROF,"Sanrio Company, Ltd.",Consumer Cyclical,Specialty Retail,PNK,8.01,595,9711565824,0.3242,6.9,20.98,3.4148,50.3,-90.49,-103.84,-60.63,0.0,55.0,3,55.52,5.04,-85.57,0.0,,8,,20260817
LSTR,"Landstar System, Inc.",Industrials,Integrated Freight & Logistics,NASDAQ,193.38,506404,6562722304,6.3264,201.99,167.36,-1.3604,5.29,22.58,30.1,21.27,0.0,49.5,3,228.46,119.32,-15.35,0.0,,8,,20260817
KGFHY,Kingfisher plc,Consumer Cyclical,Home Improvement Retail,OQX,8.74,136629,7150093312,0.1707,7.94,8.06,4.7136,18.64,-23.5,3.59,-2.13,0.0,86.25,3,10.17,6.53,-14.06,0.0,,8,,20260817
KGFHF,Kingfisher plc,Consumer Cyclical,Home Improvement Retail,OQX,4.48,658,6871943168,0.0545,3.91,4.1,10.4359,16.53,-17.88,1.86,-1.38,0.0,75.0,3,5.21,3.24,-14.01,0.0,,8,,20260817
PAYC,"Paycom Software, Inc.",Technology,Software - Application,NYSE,214.19,967470,9653890048,9.9956,152.13,144.61,6.2088,57.21,65.81,-23.53,27.92,0.0,88.75,2,234.6,104.9,-8.7,0.0,,8,,20260817
BZ,Kanzhun Limited,Communication Services,Internet Content & Information,NASDAQ,15.55,3665808,6949090304,0.6344,14.68,16.6,1.3656,5.72,-24.16,-47.68,-26.1,0.0,75.75,3,25.26,12.57,-38.44,0.0,,8,,20260817
VLOWY,Vallourec S.A.,Basic Materials,Steel,PNK,4.21,209806,5596488192,0.2866,4.57,4.32,-1.2666,-31.51,-9.55,-4.35,-12.96,0.0,23.25,4,6.65,3.44,-36.69,0.0,,8,,20260817
SRUUF,Sprott Physical Uranium Trust Fund,Energy,Uranium,OQX,19.61,459396,6100091904,0.5268,18.8,19.6,1.5353,-4.7,-18.55,-3.18,-8.94,0.0,61.25,3,24.77,16.01,-20.83,0.0,,8,,20260817
TELDF,Telefónica Deutschland Holding AG,Communication Services,Telecom Services,PNK,2.26,51,8359183360,0.0008,2.26,2.27,9.9366,-1.99,-14.4,-37.38,-20.49,0.0,62.0,3,2.75,1.89,-17.71,0.0,,8,,20260817
VFC,V.F. Corporation,Consumer Cyclical,Apparel Manufacturing,NYSE,14.48,8187814,5692588032,0.6635,16.37,17.51,-2.8461,-17.53,-41.85,-6.98,-21.82,0.0,11.25,4,22.27,12.6,-34.98,0.0,,8,,20260817
AROC,"Archrock, Inc.",Energy,Oil & Gas Equipment & Services,NYSE,34.62,1903462,6070208000,1.2564,36.43,32.2,-1.4385,-11.7,-6.6,27.59,5.8,0.0,44.5,3,42.23,22.88,-18.02,0.0,,8,,20260817
YACAF,Yancoal Australia Ltd,Energy,Thermal Coal,PNK,4.06,8016,5448510976,0.1935,4.13,4.33,-0.3586,-22.83,-18.58,-27.3,-23.13,0.0,34.0,4,6.14,3.22,-33.93,0.0,,8,,20260817
OGC,OceanaGold Corporation,Basic Materials,Gold,NYSE,29.49,423433,6559977472,1.1358,25.47,29.68,3.5414,-10.63,-37.29,57.69,7.37,0.0,55.75,3,43.33,16.25,-31.94,0.0,,8,,20260817
NPO,Enpro Inc.,Industrials,Specialty Industrial Machinery,NYSE,346.33,253938,7331002368,13.805,339.04,274.87,0.5282,6.41,13.38,33.9,19.85,0.0,87.5,2,390.42,202.0,-11.29,0.0,,8,,20260817
SWX,"Southwest Gas Holdings, Inc.",Utilities,Utilities - Regulated Gas,NYSE,91.26,533638,6611408896,1.714,90.46,85.88,0.4685,-0.74,-8.72,-2.82,-4.37,0.0,88.75,2,94.47,75.75,-3.4,0.0,,8,,20260817
HXL,Hexcel Corporation,Industrials,Aerospace & Defense,NYSE,103.1,1021069,7796777984,3.2484,100.71,86.6,0.7356,11.7,1.31,45.29,21.5,0.0,85.0,2,111.74,60.05,-7.73,0.0,,8,,20260817
BCUCY,Brunello Cucinelli S.p.A.,Consumer Cyclical,Luxury Goods,PNK,10.25,58183,6969999872,0.392,9.7,9.81,1.3983,5.02,-4.07,-29.68,-12.04,0.0,86.25,3,12.55,7.87,-18.35,0.0,,8,,20260817
GECFF,Gecina,Real Estate,REIT - Office,PNK,87.54,38,6072956928,0.429,85.21,87.29,5.4352,-5.25,-17.6,-35.63,-21.72,0.0,50.0,3,101.2,76.94,-13.5,0.0,,8,,20260817
RGEN,Repligen Corporation,Healthcare,Medical Instruments & Supplies,NASDAQ,169.04,1136975,9539876864,6.7011,143.04,140.05,3.8803,59.52,9.95,12.35,23.3,0.0,91.25,2,175.77,100.99,-3.83,0.0,,8,,20260817
KYMR,"Kymera Therapeutics, Inc.",Healthcare,Biotechnology,NASDAQ,121.41,841433,9986893824,4.9882,104.29,84.7,3.4317,40.14,30.48,176.94,91.48,0.0,90.0,2,130.05,39.84,-6.64,0.0,,8,,20260817
CAG,"Conagra Brands, Inc.",Consumer Defensive,Packaged Foods,NYSE,15.54,17440159,7436910080,0.4488,14.13,15.43,3.1317,12.23,-32.39,-34.91,-22.24,0.0,92.5,3,20.32,12.53,-23.52,0.0,,8,,20260817
BRBOF,Brembo N.V.,Consumer Cyclical,Auto Parts,PNK,12.9,6,4103656192,0.0033,12.88,11.44,5.5026,-3.25,-9.68,3.53,-2.79,0.0,75.0,2,13.84,9.33,-6.79,0.0,,8,,20260817
TRSBF,3SBio Inc.,Healthcare,Biotechnology,PNK,2.15,703,5358253056,0.0074,2.01,2.57,18.4835,-19.49,-15.86,-61.31,-34.95,0.0,25.0,3,4.42,2.0,-51.3,0.0,,8,,20260817
SBFFF,SBM Offshore N.V.,Energy,Oil & Gas Equipment & Services,PNK,38.8,12,6263313920,0.0636,38.12,34.41,10.6425,-11.52,-0.49,27.86,8.09,0.0,50.0,2,44.1,25.87,-12.02,0.0,,8,,20260817
CORT,Corcept Therapeutics Incorporated,Healthcare,Biotechnology,NCM,117.17,1123656,12665889792,4.7328,93.73,63.85,4.9529,103.06,179.21,41.61,105.13,0.0,86.25,2,122.21,28.66,-4.12,0.0,,8,,20260817
INGR,Ingredion Incorporated,Consumer Defensive,Packaged Foods,NYSE,103.59,852569,6532797440,2.1175,100.22,107.17,1.5934,-2.97,-24.97,-36.66,-24.15,0.0,70.75,3,130.48,94.44,-20.61,0.0,,8,,20260817
AACAY,AAC Technologies Holdings Inc.,Technology,Communication Equipment,PNK,5.47,16919,6322285568,0.1612,5.3,4.91,1.0424,-3.63,1.9,-26.23,-10.74,0.0,62.5,3,6.51,3.82,-15.98,0.0,,8,,20260817
LNWO,"Light & Wonder, Inc.",Consumer Cyclical,Gambling,PNK,96.9,25450,7403015168,3.6272,81.94,90.21,4.1247,15.11,-15.03,-11.17,-5.95,0.0,88.75,3,122.65,70.0,-20.99,0.0,,8,,20260817
CCOHF,China State Construction International Holdings Limited,Industrials,Engineering & Construction,PNK,1.0,191,5282216448,0.0104,1.06,1.08,-5.3448,-22.07,-0.92,-44.79,-23.76,0.0,12.0,4,1.3,0.88,-23.08,0.0,,8,,20260817
CENX,Century Aluminum Company,Basic Materials,Aluminum,NASDAQ,47.12,2173303,4664564224,2.8414,48.29,48.4,-0.4102,-21.87,-11.59,78.87,22.02,0.0,32.75,4,70.43,20.91,-33.1,0.0,,8,,20260817
VSH,"Vishay Intertechnology, Inc.",Technology,Semiconductors,NYSE,35.58,7269243,5457230848,3.2575,45.15,27.64,-2.938,-9.07,75.91,116.07,70.73,0.0,36.25,3,69.47,11.77,-48.78,0.0,,8,,20260817
SYRE,"Spyre Therapeutics, Inc.",Healthcare,Biotechnology,NASDAQ,104.6,1253354,9222975488,5.6997,94.28,56.8,1.8108,34.81,171.62,499.27,268.48,0.0,87.5,2,108.14,14.51,-3.27,0.0,,8,,20260817
GPTGF,The GPT Group,Real Estate,REIT - Diversified,PNK,3.41,158,6532119552,0.0124,3.49,3.46,-6.4004,-3.06,-16.46,-19.11,-14.17,0.0,49.0,4,3.83,2.84,-10.97,0.0,,8,,20260817
STWD,"Starwood Property Trust, Inc.",Real Estate,REIT - Mortgage,NYSE,16.24,3887837,6167448064,0.3233,16.44,16.83,-0.6057,-6.72,-18.82,-30.42,-20.43,0.0,32.75,4,20.84,15.51,-22.07,0.0,,8,,20260817
CLF,Cleveland-Cliffs Inc.,Basic Materials,Steel,NYSE,12.31,21369558,7023348224,0.6203,11.25,11.38,1.7135,14.6,4.65,-4.56,3.46,0.0,62.5,3,16.7,7.73,-26.29,0.0,,8,,20260817
S,"SentinelOne, Inc.",Technology,Software - Infrastructure,NYSE,21.82,7882358,7479976960,0.9804,18.17,15.74,3.7216,24.62,43.38,10.55,25.56,0.0,90.0,2,23.95,11.81,-8.89,0.0,,8,,20260817
MTLPF,METLEN ENERGY & METALS PLC,Unknown,Unknown,PNK,57.5,244,0,1.5201,43.25,57.5,9.3741,-4.83,-4.83,-4.83,-4.83,0.0,63.25,3,57.5,37.1,0.0,0.0,,8,,20260817
STEP,StepStone Group Inc.,Financial Services,Asset Management,NASDAQ,48.28,1520593,6232172032,2.6276,44.22,53.25,1.5468,-14.25,-26.53,-41.08,-29.28,0.0,52.0,3,77.8,38.85,-37.94,0.0,,8,,20260817
UEC,Uranium Energy Corp.,Energy,Uranium,NYSE,11.17,9708832,5475765760,0.5534,10.58,13.33,1.0738,-22.97,-41.97,-12.26,-25.34,0.0,37.5,3,20.34,8.91,-45.08,0.0,,8,,20260817
ROAD,"Construction Partners, Inc.",Industrials,Engineering & Construction,NASDAQ,120.46,913250,6836774400,5.8108,110.24,114.89,1.7582,-7.05,-24.64,-17.43,-17.36,0.0,62.5,3,151.0,93.42,-20.23,0.0,,8,,20260817
PTGX,"Protagonist Therapeutics, Inc.",Healthcare,Biotechnology,NASDAQ,158.62,681570,10264028160,5.6041,130.0,101.19,5.1075,50.43,80.71,167.32,107.79,0.0,87.5,2,158.95,54.5,-0.21,0.0,,8,,20260817
PRIM,Primoris Services Corporation,Industrials,Engineering & Construction,NYSE,83.05,1985032,4505872384,4.9993,90.84,127.38,-1.5577,-31.46,-64.0,-46.19,-48.74,0.0,10.0,4,205.5,65.0,-59.59,0.0,,8,,20260817
TMNSF,Temenos AG,Technology,Software - Application,PNK,78.89,4,5764847104,0.0818,80.22,86.67,-16.2773,-20.41,-19.05,-35.9,-26.13,0.0,24.0,4,97.58,75.31,-19.15,0.0,,8,,20260817
COMP,"Compass, Inc.",Real Estate,Real Estate Services,NYSE,12.39,13406480,9511116800,0.6589,11.22,9.94,1.769,52.43,5.08,20.31,23.01,0.0,85.0,2,13.96,6.37,-11.21,0.0,,8,,20260817
AN,"AutoNation, Inc.",Consumer Cyclical,Auto & Truck Dealerships,NYSE,204.96,409538,6776142848,7.0729,200.06,201.13,0.6934,6.5,-12.35,-22.59,-11.74,0.0,91.25,3,235.81,176.62,-13.08,0.0,,8,,20260817
TFPM,Triple Flag Precious Metals Corp.,Basic Materials,Other Precious Metals & Mining,NYSE,31.64,636225,6517935616,1.1056,29.41,32.8,2.0156,-10.88,-22.28,0.94,-10.14,0.0,48.25,3,41.7,24.75,-24.12,0.0,,8,,20260817
KUMBF,Kumba Iron Ore Limited,Basic Materials,Steel,PNK,19.77,0,6329818112,0.0023,19.77,13.14,0.0,7.72,200.52,1941.93,848.88,0.0,75.0,3,22.32,17.56,-11.42,0.0,,8,,20260817
EFGIF,EFG International AG,Financial Services,Banks - Diversified,PNK,21.0,1,6318124032,0.0021,21.0,22.1,0.0,-11.52,-26.99,-14.35,-18.06,0.0,37.0,3,25.12,20.0,-16.42,0.0,,8,,20260817
RADLY,Raia Drogasil S.A.,Healthcare,Pharmaceutical Retailers,PNK,3.39,141245,5927537664,0.2237,3.57,4.21,-0.8028,-17.19,-44.33,-17.09,-26.65,0.0,13.75,4,5.34,3.07,-36.54,0.0,,8,,20260817
LAD,"Lithia Motors, Inc.",Consumer Cyclical,Auto & Truck Dealerships,NYSE,369.52,318262,8123201024,13.9298,331.49,305.38,2.7302,36.54,9.42,-0.26,12.33,0.0,88.75,2,439.49,239.78,-15.92,0.0,,8,,20260817
RSI,"Rush Street Interactive, Inc.",Consumer Cyclical,Gambling,NYSE,25.45,2762537,6216087040,1.3902,29.63,22.91,-3.0038,-9.87,46.14,11.48,18.27,0.0,58.75,3,34.53,15.51,-26.3,0.0,,8,,20260817
DFILF,DFI Retail Group Holdings Limited,Consumer Defensive,Grocery Stores,PNK,3.65,98,4874658816,0.0052,3.69,3.88,-7.5712,-9.23,-27.45,61.52,12.69,0.0,24.0,4,5.2,2.47,-29.81,0.0,,8,,20260817
ZLNDY,Zalando SE,Consumer Cyclical,Internet Retail,PNK,13.09,40711,6393748992,0.4879,14.94,13.57,-3.7949,13.02,-7.68,-25.94,-9.81,0.0,45.75,4,17.37,10.84,-24.64,0.0,,8,,20260817
LDSCY,Land Securities Group Plc,Real Estate,REIT - Diversified,PNK,9.71,107038,7234429952,0.2253,9.07,8.25,2.8527,24.02,-2.45,9.15,8.8,0.0,82.5,2,9.98,6.88,-2.71,0.0,,8,,20260817
CEVMY,CTS Eventim AG & Co. KGaA,Communication Services,Entertainment,PNK,17.01,1347,6531247616,0.3497,15.5,18.49,4.3174,4.47,-24.62,-65.03,-33.51,0.0,37.0,3,30.5,12.87,-44.23,0.0,,8,,20260817
FLR,Fluor Corporation,Industrials,Engineering & Construction,NYSE,54.74,2634879,7320986112,2.5203,51.13,47.31,1.4334,18.6,6.42,10.61,11.14,0.0,88.75,2,57.93,39.33,-5.51,0.0,,8,,20260817
SMBMF,Seatrium Limited,Energy,Oil & Gas Equipment & Services,PNK,1.61,2165,5455870976,0.0197,1.6,1.72,0.3926,-17.01,-33.1,-19.39,-23.59,0.0,37.0,3,2.31,1.12,-30.3,0.0,,8,,20260817
GMKKY,"Gruma, S.A.B. de C.V.",Consumer Defensive,Packaged Foods,PNK,15.2,308,5100039168,0.4083,16.72,17.58,-3.7179,-18.41,-36.28,-38.57,-32.73,0.0,2.5,4,19.75,14.9,-23.04,0.0,,8,,20260817
KLAR,Klarna Group plc,Financial Services,Credit Services,NYSE,19.51,4557811,7376993792,0.9473,18.85,21.23,0.6969,23.81,-6.21,-73.15,-25.48,0.0,77.0,3,47.48,12.06,-58.91,0.0,,8,,20260817
IMCDY,IMCD N.V.,Basic Materials,Specialty Chemicals,PNK,55.76,69755,6584693760,1.1732,51.05,48.89,4.0156,-4.75,-9.28,-17.07,-11.26,0.0,87.5,2,61.56,39.76,-9.42,0.0,,8,,20260817
AXTA,Axalta Coating Systems Ltd.,Basic Materials,Specialty Chemicals,NYSE,36.11,2237054,7728262144,1.0212,34.22,31.27,1.8494,24.69,-7.15,-3.71,2.18,0.0,85.0,2,38.61,24.94,-6.48,0.0,,8,,20260817
URBN,"Urban Outfitters, Inc.",Consumer Cyclical,Apparel Retail,NASDAQ,76.64,1178466,6563072512,2.6736,73.74,70.94,1.0863,6.35,-4.73,-21.97,-8.86,0.0,88.75,2,84.35,59.54,-9.14,0.0,,8,,20260817
MHK,"Mohawk Industries, Inc.",Consumer Cyclical,"Furnishings, Fixtures & Appliances",NYSE,135.34,816948,9167680512,4.3081,117.57,112.34,4.124,35.36,-11.87,-16.12,-1.76,0.0,92.5,2,143.13,92.99,-5.44,0.0,,8,,20260817
FNB,F.N.B. Corporation,Financial Services,Banks - Regional,NYSE,19.4,5064520,6905700352,0.3232,18.86,17.43,1.6691,9.7,-5.0,3.84,2.21,0.0,88.75,2,19.59,14.46,-0.97,0.0,,8,,20260817
GTX,Garrett Motion Inc.,Consumer Cyclical,Auto Parts,NASDAQ,28.58,2688050,5329981440,1.2089,32.06,23.03,-2.8811,-13.64,25.61,107.5,48.55,0.0,32.5,3,36.25,12.26,-21.16,0.0,,8,,20260817
MGHTF,Mercury NZ Limited,Utilities,Utilities - Renewable,PNK,4.37,0,6194007552,0.0002,4.37,4.03,0.0,-4.03,-3.36,-1.77,-2.89,0.0,75.0,3,4.37,2.02,-0.0,0.0,,8,,20260817
UGP,Ultrapar Participações S.A.,Energy,Oil & Gas Refining & Marketing,NYSE,6.48,3691582,6894838784,0.2036,5.67,5.06,3.978,8.29,12.38,77.03,37.22,0.0,85.0,2,6.59,3.11,-1.67,0.0,,8,,20260817
DLKGF,Delek Group Ltd.,Energy,Oil & Gas E&P,PNK,27.0,35,61733330944,5.7195,189.06,272.4,-28.3345,-96.64,-102.77,-109.46,-103.91,0.0,0.0,4,381.31,26.31,-92.92,0.0,,8,,20260817
GTES,Gates Industrial Corporation Ltd.,Industrials,Specialty Industrial Machinery,NYSE,28.14,2009053,7123673600,1.0813,27.19,24.68,0.8751,6.08,-11.8,-10.05,-6.63,0.0,85.0,2,30.34,20.88,-7.25,0.0,,8,,20260817
GGPSF,GREATLAND RES LTD.,Basic Materials,Gold,PNK,8.86,3243,5977552896,0.4173,8.16,3.51,1.6804,-19.65,4372.95,10974.13,5915.27,0.0,55.0,2,10.99,0.23,-19.38,0.0,,8,,20260817
WWNTY,Want Want China Holdings Limited,Consumer Defensive,Packaged Foods,PNK,21.23,13,4991280128,0.04,22.96,27.94,-43.2421,-27.56,-43.79,-61.1,-46.66,0.0,0.0,4,38.05,21.23,-44.2,0.0,,8,,20260817
GBCI,"Glacier Bancorp, Inc.",Financial Services,Banks - Regional,NYSE,49.61,1145479,6459814912,1.0404,50.13,46.72,-0.5043,4.78,-15.9,-10.61,-8.62,0.0,75.75,3,54.58,39.9,-9.11,0.0,,8,,20260817
SQNNY,"Square Enix Holdings Co., Ltd.",Communication Services,Electronic Gaming & Multimedia,PNK,9.06,733,6535440896,0.3051,8.01,8.54,3.4299,0.85,-9.91,-49.74,-23.15,0.0,80.0,3,12.88,6.75,-29.64,0.0,,8,,20260817
OMF,"OneMain Holdings, Inc.",Financial Services,Credit Services,NYSE,65.15,1075251,7494951936,1.4376,59.43,57.5,3.9788,19.2,6.37,-0.42,6.86,0.0,88.75,2,71.93,45.78,-9.43,0.0,,8,,20260817
DBX,"Dropbox, Inc.",Technology,Software - Infrastructure,NASDAQ,33.38,4098180,7258234880,1.3376,29.87,27.31,2.6212,19.66,22.14,-0.76,12.36,0.0,87.5,2,36.3,21.7,-8.04,0.0,,8,,20260817
EXP,Eagle Materials Inc.,Basic Materials,Building Materials,NYSE,205.51,480743,6304085504,7.223,214.11,211.24,-1.1912,0.9,-26.31,-33.21,-22.27,0.0,62.75,4,245.53,171.99,-16.3,0.0,,8,,20260817
PNDRY,Pandora A/S,Consumer Cyclical,Luxury Goods,PNK,15.8,40372,9454799872,0.3753,14.28,11.87,4.0546,52.88,41.12,-40.12,11.57,0.0,87.5,2,17.88,8.25,-11.63,0.0,,8,,20260817
INGM,Ingram Micro Holding Corporation,Technology,Information Technology Services,NYSE,27.99,1240950,6456226816,1.0692,,,,6.31,17.12,25.03,17.58,0.0,23.25,3,31.69,18.77,-11.68,0.0,,8,,20260817
BSDGY,Bosideng International Holdings Limited,Consumer Cyclical,Apparel Manufacturing,PNK,31.0,47,7218797056,0.1252,28.58,28.68,19.3309,9.96,-13.27,-4.1,-3.8,0.0,75.0,3,33.25,22.98,-6.77,0.0,,8,,20260817
SSRM,SSR Mining Inc.,Basic Materials,Gold,NASDAQ,32.78,3120196,6684147200,1.4768,28.44,26.99,2.9418,-0.27,2.78,82.92,34.07,0.0,62.5,2,36.52,15.99,-10.24,0.0,,8,,20260817
TKCOF,"Toho Co., Ltd.",Communication Services,Entertainment,PNK,8.8,27,7320291328,0.0153,8.25,3.79,36.0038,-6.38,-398.5,-885.11,-495.12,0.0,75.0,2,12.93,7.34,-31.92,0.0,,8,,20260817
RYN,Rayonier Inc. REIT,Real Estate,REIT - Specialty,NYSE,21.41,2645875,6475028480,0.5144,21.44,21.22,-0.0551,4.54,-20.92,-31.41,-18.75,0.0,75.75,3,27.34,19.49,-21.69,0.0,,8,,20260817
BTG,B2Gold Corp.,Basic Materials,Gold,NYSE,5.2,22899177,6869567488,0.2026,4.11,4.57,5.3607,1.85,-16.79,15.84,0.92,0.0,65.0,3,6.29,3.57,-17.33,0.0,,8,,20260817
KTWIY,Kurita Water Industries Ltd.,Industrials,Pollution & Treatment Controls,PNK,106.71,693,6050941952,2.9258,110.51,106.71,-1.2988,-1.69,2862.05,2862.05,2146.11,0.0,63.25,3,122.41,3.58,-12.83,0.0,,8,,20260817
CPB,The Campbell's Company,Consumer Defensive,Packaged Foods,NASDAQ,22.68,8350333,6763317760,0.6884,22.18,23.91,0.7312,10.46,-34.34,-46.69,-28.08,0.0,74.5,3,34.17,19.56,-33.63,0.0,,8,,20260817
VSNT,"Versant Media Group, Inc.",Communication Services,Entertainment,NASDAQ,39.23,1930514,5459642368,1.3939,37.18,39.23,1.4686,-12.57,25.51,-26.72,-4.9,0.0,62.5,3,59.0,27.17,-33.51,0.0,,8,,20260817
ALKS,Alkermes plc,Healthcare,Drug Manufacturers - Specialty & Generic,NASDAQ,49.85,2107858,8362998272,1.8253,49.84,36.52,0.0067,28.2,36.39,55.27,41.9,0.0,87.5,2,55.67,25.17,-10.45,0.0,,8,,20260817
DSGX,The Descartes Systems Group Inc.,Technology,Software - Application,NASDAQ,74.92,538264,6419956224,3.0108,73.01,75.89,0.6339,5.86,0.03,-44.56,-16.35,0.0,73.25,3,109.0,62.56,-31.27,0.0,,8,,20260817
KTWIF,Kurita Water Industries Ltd.,Industrials,Pollution & Treatment Controls,PNK,52.75,29,6045018112,0.1962,54.1,48.04,-6.9015,-3.58,-10.1,15.27,1.68,0.0,37.0,3,60.37,32.89,-12.62,0.0,,8,,20260817
APGE,"Apogee Therapeutics, Inc.",Healthcare,Biotechnology,NASDAQ,134.59,2734806,10186812416,0.6507,124.38,87.32,15.6885,61.07,84.63,231.94,137.66,0.0,90.0,2,134.88,35.39,-0.22,0.0,,8,,20260817
MONOY,"MonotaRO Co., Ltd.",Consumer Cyclical,Internet Retail,PNK,11.27,90672,5542276608,0.4202,11.65,12.77,-0.8951,-2.19,-33.98,-59.12,-36.09,0.0,43.25,4,19.0,10.26,-40.68,0.0,,8,,20260817
NNCHY,Nissan Chemical Corporation,Basic Materials,Chemicals,PNK,48.7,114,6289726976,0.6769,46.71,40.16,2.9434,-0.3,9.79,9.23,7.05,0.0,50.0,2,51.18,31.68,-4.83,0.0,,8,,20260817
SATLF,"ZOZO, Inc.",Consumer Cyclical,Internet Retail,PNK,7.02,33,6144616448,0.0056,7.03,-3.82,-2.2033,0.05,-164.18,-81.63,-90.1,0.0,62.0,3,10.15,6.52,-30.86,0.0,,8,,20260817
EDNMY,Edenred SE,Financial Services,Credit Services,PNK,16.59,12270,4942332416,0.5987,14.19,11.51,4.014,38.5,46.84,-11.26,21.52,0.0,83.75,2,17.0,8.6,-2.41,0.0,,8,,20260817
BSDGF,Bosideng International Holdings Limited,Consumer Cyclical,Apparel Manufacturing,PNK,0.59,3541,6389799424,0.025,0.58,0.58,0.3132,4.39,-13.13,-16.02,-9.91,0.0,80.0,3,0.69,0.42,-14.1,0.0,,8,,20260817
AUGO,Aura Minerals Inc.,Basic Materials,Gold,NASDAQ,78.54,1016877,6584545280,4.0409,61.58,64.28,4.1962,-0.96,-3.41,167.46,65.55,0.0,65.0,3,110.32,26.63,-28.81,0.0,,8,,20260817
DELKY,Delek Group Ltd.,Energy,Oil & Gas E&P,PNK,26.35,630,47843332096,0.5218,29.34,30.05,-5.7234,-26.21,-26.48,16.6,-9.18,0.0,1.25,4,54.0,20.12,-51.2,0.0,,8,,20260817
PCCWY,PCCW Limited,Communication Services,Telecom Services,PNK,6.95,279,5500911104,0.1861,6.99,6.95,-0.2261,-5.76,-18.32,-20.5,-16.05,0.0,62.0,3,8.31,6.4,-16.37,0.0,,8,,20260817
SCOTF,Scout24 SE,Communication Services,Internet Content & Information,PNK,85.0,0,6010816000,0.0173,84.67,102.61,19.1045,-0.72,-37.78,-13.98,-18.99,0.0,50.0,3,126.25,80.0,-32.67,0.0,,8,,20260817
SFGYY,Sony Financial Group Inc.,Financial Services,Insurance - Life,PNK,4.84,253251,6493775872,0.1586,4.59,4.74,1.6,2.37,-20.58,-25.7,-16.89,0.0,92.5,3,5.69,4.05,-14.94,0.0,,8,,20260817
PHJMF,PT Hanjaya Mandala Sampoerna Tbk,Consumer Defensive,Tobacco,PNK,0.05,18988,5687953920,0.0038,0.05,0.05,0.6908,-4.03,-14.56,-21.72,-14.79,0.0,37.0,3,0.08,0.03,-37.5,0.0,,8,,20260817
LB,LandBridge Company LLC,Energy,Oil & Gas Equipment & Services,NYSE,79.49,364067,6167013376,4.1634,73.45,66.31,1.451,9.41,8.27,28.09,16.48,0.0,86.25,2,88.0,43.75,-9.67,0.0,,8,,20260817
FSV,FirstService Corporation,Real Estate,Real Estate Services,NASDAQ,139.87,223019,6143445504,4.1633,141.7,146.52,-0.4393,3.27,-23.1,-50.54,-27.48,0.0,59.0,4,209.66,119.41,-33.29,0.0,,8,,20260817
MTHRY,"M3, Inc.",Healthcare,Health Information Services,PNK,5.39,204717,7194895872,0.3246,5.41,5.73,-0.0718,22.62,-16.47,-51.13,-20.56,0.0,57.75,4,8.85,3.97,-39.1,0.0,,8,,20260817
PCTY,Paylocity Holding Corporation,Technology,Software - Application,NASDAQ,145.47,787608,8054092288,6.3319,123.12,124.6,3.5295,31.0,21.85,-36.38,0.85,0.0,88.75,3,182.83,92.99,-20.43,0.0,,8,,20260817
LW,"Lamb Weston Holdings, Inc.",Consumer Defensive,Packaged Foods,NYSE,52.49,1633282,7216491008,1.5583,47.63,46.85,3.1158,15.21,-6.86,-22.44,-7.57,0.0,90.0,2,67.07,37.62,-21.74,0.0,,8,,20260817
CTXAY,Ampol Limited,Energy,Oil & Gas Refining & Marketing,PNK,56.06,1448,6680799232,1.2725,51.03,45.19,3.9502,9.68,24.01,39.57,26.65,0.0,88.75,2,56.64,37.3,-1.02,0.0,,8,,20260817
SOMMY,"Sumitomo Chemical Company, Limited",Basic Materials,Chemicals,PNK,16.64,604,5484216832,0.3762,16.49,16.13,0.403,-8.24,-24.66,1.27,-10.18,0.0,51.25,2,20.6,13.28,-19.22,0.0,,8,,20260817
LNNGY,Li Ning Company Limited,Consumer Cyclical,Leisure,PNK,45.85,13112,4677469184,1.1055,49.04,58.72,-2.8847,-27.34,-46.09,-34.9,-36.93,0.0,16.25,4,74.18,45.03,-38.19,0.0,,8,,20260817
TTAN,"ServiceTitan, Inc.",Technology,Software - Application,NASDAQ,88.39,1638906,8432191488,4.9405,76.39,78.27,2.4281,46.24,26.94,-34.15,7.33,0.0,87.5,3,119.99,54.17,-26.34,0.0,,8,,20260817
GLAPF,Glanbia plc,Consumer Defensive,Packaged Foods,PNK,27.85,843,6646509568,0.2821,26.57,20.99,4.5352,17.46,31.08,71.76,43.94,0.0,77.5,2,28.81,14.58,-3.33,0.0,,8,,20260817
GATX,GATX Corporation,Industrials,Rental & Leasing Services,NYSE,180.64,233717,6377505280,4.3212,178.07,175.73,0.5941,0.21,-19.19,-4.63,-8.52,0.0,87.5,2,205.56,150.42,-12.12,0.0,,8,,20260817
OSCR,"Oscar Health, Inc.",Healthcare,Healthcare Plans,NYSE,31.55,6415327,9737749504,1.8384,29.58,19.45,1.0743,30.49,121.16,93.79,87.54,0.0,88.75,2,33.27,10.69,-5.17,0.0,,8,,20260817
RYTM,"Rhythm Pharmaceuticals, Inc.",Healthcare,Biotechnology,NASDAQ,115.44,776895,7948284416,4.8388,104.75,99.18,2.2097,19.75,6.16,-3.18,5.82,0.0,90.0,2,122.2,74.5,-5.53,0.0,,8,,20260817
VNO,Vornado Realty Trust,Real Estate,REIT - Office,NYSE,37.9,1715888,7506051072,1.1577,38.96,33.15,-0.9164,19.14,12.86,-16.57,2.66,0.0,72.0,3,43.37,24.57,-12.61,0.0,,8,,20260817
MIRM,"Mirum Pharmaceuticals, Inc.",Healthcare,Biotechnology,NASDAQ,99.83,845937,6087756288,4.9465,110.02,93.94,-2.0594,-13.92,-16.16,32.11,3.71,0.0,58.75,3,130.0,63.23,-23.21,0.0,,8,,20260817
GIGNF,Genting Singapore Limited,Consumer Cyclical,Resorts & Casinos,PNK,0.52,287,6024695296,0.0005,0.51,0.52,12.8492,-2.07,-15.58,-26.27,-16.48,0.0,37.0,3,0.61,0.44,-14.75,0.0,,8,,20260817
DFYFF,DEFINITY FINL CORP.,Financial Services,Insurance - Property & Casualty,PNK,57.26,1382,6882979840,0.1671,52.66,50.82,27.5276,13.61,5.98,-19.17,-2.17,0.0,75.0,2,57.26,45.54,-0.0,0.0,,8,,20260817
SCCTY,Scout24 SE,Communication Services,Internet Content & Information,PNK,45.85,20661,6306406400,1.3059,43.3,45.93,1.9601,9.74,1.04,-55.01,-19.2,0.0,70.75,3,70.1,40.4,-34.59,0.0,,8,,20260817
MDA,MDA Space Ltd.,Industrials,Aerospace & Defense,NYSE,35.26,1611461,5714355712,1.9136,35.24,35.26,0.008,-11.69,-2.14,-2.14,-4.53,0.0,63.75,3,49.37,23.23,-28.58,0.0,,8,,20260817
PACS,"PACS Group, Inc.",Healthcare,Medical Care Facilities,NYSE,44.32,917354,7017434624,2.3474,42.5,35.41,0.7757,8.24,-0.11,264.92,107.99,0.0,91.25,2,49.49,7.5,-10.45,0.0,,8,,20260817
ACT,"Enact Holdings, Inc.",Financial Services,Insurance - Specialty,NASDAQ,49.78,344793,6843936768,1.0071,45.55,41.59,4.1992,12.96,1.06,12.14,8.47,0.0,91.25,2,50.26,34.64,-0.96,0.0,,8,,20260817
UBSI,"United Bankshares, Inc.",Financial Services,Banks - Regional,NASDAQ,48.98,970751,6671691776,0.7028,46.76,41.9,3.1522,13.46,-0.88,13.66,8.52,0.0,88.75,2,49.62,34.1,-1.29,0.0,,8,,20260817
EDNMF,Edenred SE,Financial Services,Credit Services,PNK,25.2,3,4795212288,0.0034,25.2,23.49,0.0,15.97,7.77,-38.96,-8.87,0.0,75.0,3,48.6,20.6,-48.15,0.0,,8,,20260817
SKSUF,"Sekisui Chemical Co., Ltd.",Industrials,Conglomerates,PNK,14.9,12,6018250752,0.007,14.81,-5.76,14.1248,-15.42,-170.13,-69.65,-91.26,0.0,50.0,3,19.69,14.69,-24.31,0.0,,8,,20260817
TGTX,"TG Therapeutics, Inc. Common Stock",Healthcare,Biotechnology,NCM,49.28,2378864,7543959040,2.0974,52.13,37.48,-1.3596,19.96,58.97,56.33,48.16,0.0,60.0,3,59.3,26.76,-16.9,0.0,,8,,20260817
MSM,"MSC Industrial Direct Company, ",Industrials,Industrial Distribution,NYSE,124.6,761525,6958448640,3.2822,120.82,98.21,1.1518,15.12,20.82,26.52,21.67,0.0,86.25,2,130.46,78.8,-4.49,0.0,,8,,20260817
AZIHF,Azimut Holding S.p.A.,Financial Services,Asset Management,PNK,45.18,581,6441908224,0.7273,42.33,40.84,3.9199,2.82,-5.15,7.05,1.72,0.0,80.0,2,46.07,34.25,-1.93,0.0,,8,,20260817
CHDN,Churchill Downs Incorporated,Consumer Cyclical,Gambling,NASDAQ,89.7,993769,6252111360,2.915,86.88,94.73,0.9666,-1.38,-13.42,-34.19,-18.72,0.0,74.5,3,118.35,79.4,-24.21,0.0,,8,,20260817
SGHDY,"SG Holdings Co.,Ltd.",Industrials,Integrated Freight & Logistics,PNK,9.65,16,5758517248,0.0029,9.53,9.44,40.8883,-0.87,-15.85,-40.81,-22.09,0.0,75.0,2,11.75,8.93,-17.87,0.0,,8,,20260817
SKHCF,Sonic Healthcare Limited,Healthcare,Diagnostics & Research,PNK,14.25,32,8346407424,0.1714,13.72,14.08,3.1164,-0.09,-17.14,-37.2,-20.9,0.0,76.25,3,19.3,12.0,-26.17,0.0,,8,,20260817
ACA,"Arcosa, Inc.",Industrials,Engineering & Construction,NYSE,145.01,714953,7120977920,0.8272,141.21,119.84,4.5995,8.12,0.5,23.79,11.72,0.0,81.25,2,146.92,89.03,-1.3,0.0,,8,,20260817
NBCLF,"Nitto Boseki Co., Ltd.",Consumer Cyclical,Textile Manufacturing,PNK,20.6,4102,3749727488,2.384,22.24,20.6,-0.6887,-40.48,206.5,536.91,276.92,0.0,40.0,3,40.4,13.2,-49.01,0.0,,8,,20260817
GRGDF,GROUPE DYNAMITE INC.,Consumer Cyclical,Apparel Retail,PNK,47.3,15256,5176499200,0.8794,40.74,52.93,7.4649,-33.06,-24.74,55.08,5.11,0.0,25.0,3,70.53,27.39,-32.94,0.0,,8,,20260817
WH,"Wyndham Hotels & Resorts, Inc.",Consumer Cyclical,Lodging,NYSE,72.94,1403508,5412959232,2.1624,78.52,77.92,-2.5823,-12.83,-19.11,-37.22,-24.78,0.0,25.75,4,90.35,69.21,-19.27,0.0,,8,,20260817
ETSY,"Etsy, Inc.",Consumer Cyclical,Internet Retail,NYSE,78.41,3003441,7196606976,3.3838,78.52,62.41,-0.0333,30.23,57.52,-6.18,25.22,0.0,74.5,3,87.97,44.0,-10.87,0.0,,8,,20260817
MRCY,"Mercury Systems, Inc.",Industrials,Aerospace & Defense,NASDAQ,113.36,677027,6806506496,5.7238,108.45,89.54,0.8585,18.38,23.7,48.49,32.29,0.0,87.5,2,128.45,62.78,-11.75,0.0,,8,,20260817
TAL,TAL Education Group,Consumer Defensive,Education & Training Services,NYSE,11.68,4154403,6478910976,0.4106,10.42,10.99,3.0566,3.35,-10.12,-17.58,-9.74,0.0,88.75,3,13.37,8.88,-12.64,0.0,,8,,20260817
OUT,OUTFRONT Media Inc.,Real Estate,REIT - Specialty,NYSE,29.78,1856262,5245307904,0.8935,31.86,27.4,-2.3334,-9.38,7.39,49.05,19.86,0.0,36.25,3,34.96,16.97,-14.82,0.0,,8,,20260817
VOPKY,Koninklijke Vopak N.V.,Energy,Oil & Gas Midstream,PNK,53.0,22,6445646336,0.0576,53.12,48.72,-2.1359,-1.12,-2.51,-9.28,-4.87,0.0,62.0,3,56.66,42.45,-6.46,0.0,,8,,20260817
SLFPY,Aberdeen Group Plc,Financial Services,Asset Management,PNK,13.8,32,6350573568,0.0593,12.84,11.28,16.1187,8.8,7.56,18.67,12.32,0.0,75.0,2,13.8,9.9,0.0,0.0,,8,,20260817
RKWBF,Rockwool A/S,Industrials,Building Products & Equipment,PNK,29.45,14,6088268288,0.0633,31.15,28.55,-26.8552,-1.16,-12.84,-46.3,-23.3,0.0,50.0,3,43.56,27.49,-32.39,0.0,,8,,20260817
SMBMY,Seatrium Limited,Energy,Oil & Gas Equipment & Services,PNK,15.41,54,5221505024,0.176,15.44,16.04,-0.189,-25.02,-11.48,-37.23,-25.17,0.0,24.0,4,20.68,15.0,-25.51,0.0,,8,,20260817
ZLDSF,Zalando SE,Consumer Cyclical,Internet Retail,PNK,26.0,4,6349788672,0.0085,26.0,28.42,0.0,9.54,-27.54,-38.24,-22.55,0.0,62.0,3,31.01,22.73,-16.16,0.0,,8,,20260817
CAR,"Avis Budget Group, Inc.",Industrials,Rental & Leasing Services,NASDAQ,141.3,700551,4991528960,7.9389,160.65,157.48,-2.4369,-10.68,5.45,-31.88,-13.51,0.0,13.75,4,847.7,85.96,-83.33,0.0,,8,,20260817
BYD,Boyd Gaming Corporation,Consumer Cyclical,Resorts & Casinos,NYSE,82.77,994483,6013688320,2.0467,86.61,84.01,-1.8753,0.09,-12.51,-21.65,-13.01,0.0,60.25,3,91.41,76.33,-9.45,0.0,,8,,20260817
EAT,"Brinker International, Inc.",Consumer Cyclical,Restaurants,NYSE,241.71,1042341,10366408704,10.4511,187.8,154.84,5.1583,71.35,36.13,31.77,43.19,0.0,90.0,2,253.71,100.3,-4.73,0.0,,8,,20260817
ONEXF,Onex Corporation,Financial Services,Asset Management,PNK,82.16,11230,6267697664,1.6801,77.4,79.01,2.8328,-3.76,-8.08,-21.22,-12.26,0.0,61.25,3,92.45,69.26,-11.13,0.0,,8,,20260817
TFX,Teleflex Incorporated,Healthcare,Medical Instruments & Supplies,NYSE,133.07,556512,5638495232,4.6303,132.09,120.87,0.2111,-1.69,15.35,-10.08,0.92,0.0,86.25,2,145.0,100.18,-8.23,0.0,,8,,20260817
WKCMF,Wacker Chemie AG,Basic Materials,Specialty Chemicals,PNK,105.4,51,5343363584,1.1335,108.32,95.96,-2.574,-16.93,-5.25,15.97,0.32,0.0,39.5,3,122.41,72.6,-13.9,0.0,,8,,20260817
HLPPF,Hang Lung Properties Limited,Real Estate,Real Estate Services,PNK,0.95,3,6139637248,0.0173,1.14,1.14,-10.7221,-20.89,-34.19,-21.25,-25.69,0.0,1.25,4,1.2,0.91,-20.67,0.0,,8,,20260817
KIROY,Kumba Iron Ore Limited,Basic Materials,Steel,PNK,5.1,55220,4899134976,0.2402,5.75,6.45,-2.7073,-23.33,-45.78,-28.88,-33.41,0.0,11.25,4,8.47,5.03,-39.79,0.0,,8,,20260817
WAWIF,Wallenius Wilhelmsen ASA,Industrials,Marine Shipping,PNK,16.3,116,6892798976,0.1203,14.33,12.18,16.3859,13.66,15.84,41.28,25.47,0.0,75.0,2,16.3,7.29,-0.0,0.0,,8,,20260817
SNDR,"Schneider National, Inc.",Industrials,Trucking,NYSE,36.41,955380,6382705664,1.221,36.5,29.72,-0.0775,9.49,13.66,28.27,18.46,0.0,74.5,3,39.27,20.11,-7.28,0.0,,8,,20260817
SFRRF,Sandfire Resources Limited,Basic Materials,Copper,PNK,15.14,277,7069644288,0.0876,14.08,12.47,12.0522,17.77,5.6,82.88,39.55,0.0,75.0,2,15.5,7.4,-2.32,0.0,,8,,20260817
PREKF,PrairieSky Royalty Ltd.,Energy,Oil & Gas E&P,PNK,25.41,63967,5906376704,0.5171,23.79,22.0,3.142,-0.72,3.95,28.72,12.69,0.0,70.75,2,27.36,16.75,-7.13,0.0,,8,,20260817
LOAR,Loar Holdings Inc.,Industrials,Aerospace & Defense,NYSE,77.83,705751,7291773952,3.3843,71.96,67.73,1.7333,21.85,7.06,-7.07,5.11,0.0,86.25,2,83.43,53.15,-6.71,0.0,,8,,20260817
CHE,Chemed Corporation,Healthcare,Medical Care Facilities,NYSE,524.98,193522,6861467648,13.4656,490.09,440.91,2.5907,16.18,-2.71,-2.38,2.14,0.0,86.25,2,557.0,365.21,-5.75,0.0,,8,,20260817
APPF,"AppFolio, Inc.",Technology,Software - Application,NASDAQ,195.96,408282,6940490752,9.0555,173.64,189.61,2.4653,24.38,-4.1,-47.29,-14.26,0.0,90.0,3,288.74,142.56,-32.13,0.0,,8,,20260817
VOPKF,Koninklijke Vopak N.V.,Energy,Oil & Gas Midstream,PNK,54.5,3019,6210885632,0.0987,53.71,50.21,8.0556,-2.02,0.41,-9.3,-4.08,0.0,75.0,2,56.35,42.85,-3.28,0.0,,8,,20260817
XYIGY,Xinyi Glass Holdings Limited,Basic Materials,Building Materials,PNK,24.0,108,4722955776,0.4806,22.22,23.12,3.7135,-10.6,-19.39,-8.73,-12.93,0.0,50.0,3,29.99,20.0,-19.97,0.0,,8,,20260817
TOITF,Topicus.com Inc.,Technology,Software - Infrastructure,PNK,72.24,31174,15400172544,2.8787,69.25,76.04,1.0381,0.27,0.2,-59.91,-23.83,0.0,73.25,3,129.35,60.5,-44.15,0.0,,8,,20260817
PUTKF,PT United Tractors Tbk,Basic Materials,Other Industrial Metals & Mining,PNK,1.6,0,5588950016,0.0001,1.6,1.61,0.0,-4.85,-13.72,-3.39,-7.37,0.0,37.0,3,1.82,1.4,-12.09,0.0,,8,,20260817
MTHRF,"M3, Inc.",Healthcare,Health Information Services,PNK,10.17,83,6787763712,0.0878,8.71,11.31,16.5906,-11.58,-25.51,-47.86,-30.97,0.0,26.25,3,15.25,8.55,-33.31,0.0,,8,,20260817
CZR,"Caesars Entertainment, Inc.",Consumer Cyclical,Resorts & Casinos,NASDAQ,29.66,6684100,6042345984,0.2703,29.8,25.79,-0.5216,1.89,49.57,-4.95,15.84,0.0,70.75,3,30.88,17.86,-3.95,0.0,,8,,20260817
CDEVY,City Developments Limited,Real Estate,Real Estate - Development,PNK,5.92,2148,5288938496,0.191,6.12,6.29,-1.0313,-9.16,-35.98,-4.01,-16.49,0.0,25.25,4,8.2,4.75,-27.8,0.0,,8,,20260817
MAC,The Macerich Company,Real Estate,REIT - Retail,NYSE,24.66,3641038,7275448832,0.613,24.99,20.6,-0.5404,10.13,21.34,25.61,20.25,0.0,75.75,3,26.68,16.03,-7.57,0.0,,8,,20260817
TKMCY,TKMS AG & Co KGaA,Unknown,Unknown,PNK,11.75,545,0,0.5211,11.75,11.75,0.0,24.34,24.34,24.34,24.34,0.0,63.47,3,11.75,8.31,0.0,0.0,,8,,20260817
NJR,New Jersey Resources Corporation,Utilities,Utilities - Regulated Gas,NYSE,54.97,684072,5577693184,1.2522,56.77,52.14,-1.4409,-8.08,-10.79,-0.89,-6.15,0.0,74.5,3,60.86,43.46,-9.68,0.0,,8,,20260817
RRR,"Red Rock Resorts, Inc.",Consumer Cyclical,Resorts & Casinos,NASDAQ,63.21,779375,6446644224,2.0517,63.3,58.94,-0.0423,18.59,-8.84,-13.37,-3.8,0.0,72.0,3,68.99,50.52,-8.38,0.0,,8,,20260817
MNTHY,Minth Group Limited,Consumer Cyclical,Auto Parts,PNK,71.85,2043,4202444032,2.8559,72.58,85.9,-0.2569,-33.84,-41.08,-24.08,-32.47,0.0,19.5,4,118.24,62.81,-39.23,0.0,,8,,20260817
FLG,"Flagstar Bank, National Association",Financial Services,Banks - Regional,NYSE,14.0,4654658,5811299840,0.3011,14.58,13.42,-1.9218,1.09,-15.06,-3.91,-6.56,0.0,73.25,3,15.44,10.57,-9.33,0.0,,8,,20260817
IBP,"Installed Building Products, In",Consumer Cyclical,Residential Construction,NYSE,243.54,430801,6473092096,11.212,225.03,260.68,1.6506,11.84,-42.47,-28.67,-23.37,0.0,72.0,3,349.0,193.11,-30.22,0.0,,8,,20260817
ASAAF,AT & S Austria Technologie & Systemtechnik Aktiengesellschaft,Technology,Electronic Components,PNK,202.5,190,7867125248,7.3413,197.97,90.45,0.6166,67.62,460.05,1495.28,776.03,0.0,78.75,2,261.24,12.52,-22.48,0.0,,8,,20260817
MRUWY,MARUWA CO LTD.,Technology,Electronic Components,PNK,15.53,45134,191637824,0.8336,15.53,15.53,0.0,-12.72,-12.72,-12.72,-12.72,0.0,73.25,3,18.41,11.86,-15.63,0.0,,8,,20260817
SRRK,Scholar Rock Holding Corporation,Healthcare,Biotechnology,NASDAQ,52.05,1323859,6338923520,2.3254,50.68,45.87,0.587,0.67,-0.74,40.06,15.94,0.0,85.0,2,58.49,27.07,-11.01,0.0,,8,,20260817
POR,Portland General Electric Company,Utilities,Utilities - Regulated Electric,NYSE,50.87,1212343,5982705664,1.0334,50.92,49.72,-0.0482,3.94,-17.74,3.61,-3.78,0.0,74.5,3,54.62,41.8,-6.87,0.0,,8,,20260817
NXST,"Nexstar Media Group, Inc.",Communication Services,Broadcasting,NASDAQ,184.8,390993,5693373952,7.3021,178.62,195.98,0.8457,-9.28,-32.44,-29.58,-25.51,0.0,52.0,3,254.3,154.47,-27.33,0.0,,8,,20260817
PCWLF,PCCW Limited,Communication Services,Telecom Services,PNK,0.69,867,5191001088,0.0279,0.69,0.7,-0.1003,-10.62,-16.17,-14.49,-14.11,0.0,29.0,4,0.81,0.63,-14.81,0.0,,8,,20260817
ENIC,Enel Chile S.A.,Utilities,Utilities - Regulated Electric,NYSE,4.56,578677,6307990016,0.1258,4.43,4.12,1.0159,4.03,-2.0,18.63,7.76,0.0,88.75,2,4.74,3.34,-3.8,0.0,,8,,20260817
PSN,Parsons Corporation,Technology,Information Technology Services,NYSE,45.76,1432303,4887414784,2.8647,52.82,61.37,-2.4649,-13.97,-41.74,-63.67,-43.57,0.0,15.0,4,89.5,36.26,-48.87,0.0,,8,,20260817
CE,Celanese Corporation,Basic Materials,Chemicals,NYSE,44.99,1847161,4937604608,1.9841,47.12,50.21,-1.0759,-25.54,-37.36,-15.32,-25.59,0.0,22.0,4,70.7,35.13,-36.36,0.0,,8,,20260817
SFGRF,SFGRF,Financial Services,Insurance - Life,PNK,0.92,5420,6185858048,0.0334,0.89,-1.16,0.8352,-4.86,-146.64,-145.42,-110.71,0.0,75.0,2,1.11,0.63,-16.93,0.0,,8,,20260817
PEGA,Pegasystems Inc.,Technology,Software - Application,NASDAQ,31.88,2596935,5241229312,1.6031,31.23,43.25,0.4065,-10.14,-41.11,-59.56,-40.75,0.0,45.0,3,68.1,25.1,-53.19,0.0,,8,,20260817
PIPR,Piper Sandler Companies,Financial Services,Capital Markets,NYSE,75.24,590929,5317232128,2.5661,76.2,80.28,-0.3746,-9.07,-18.66,-28.02,-20.0,0.0,37.75,4,95.06,68.7,-20.85,0.0,,8,,20260817
TMSNY,Temenos AG,Technology,Software - Application,PNK,91.39,2046,6166764032,2.0717,84.17,89.29,3.4853,-0.06,-4.79,-16.87,-8.44,0.0,62.5,3,107.27,74.5,-14.8,0.0,,8,,20260817
KMX,"CarMax, Inc.",Consumer Cyclical,Auto & Truck Dealerships,NYSE,58.53,3143814,8306056704,1.9841,54.67,44.53,1.9462,53.69,27.34,-20.46,14.81,0.0,86.25,2,62.56,30.26,-6.44,0.0,,8,,20260817
DFIHY,DFI Retail Group Holdings Limited,Consumer Defensive,Grocery Stores,PNK,20.5,0,4752792064,0.0007,20.5,18.91,0.0,-4.03,10.82,-0.67,2.51,0.0,50.0,3,21.5,15.92,-4.65,0.0,,8,,20260817
PTCT,"PTC Therapeutics, Inc. Common Stock",Healthcare,Biotechnology,NASDAQ,72.88,1707706,6082622976,2.8136,77.36,73.34,-1.5915,-3.32,-10.94,30.16,7.4,0.0,48.25,3,90.87,47.94,-19.8,0.0,,8,,20260817
ABCB,Ameris Bancorp,Financial Services,Banks - Regional,NYSE,89.04,498132,5975228928,1.5879,88.8,81.51,0.1483,3.29,-7.45,5.06,0.24,0.0,88.75,2,93.22,68.8,-4.48,0.0,,8,,20260817
HPHTF,Hamamatsu Photonics K.K.,Technology,Electronic Components,PNK,16.77,398,4042315776,0.2743,15.47,12.83,4.7431,16.27,33.9,29.57,27.76,0.0,50.0,2,19.0,9.15,-11.71,0.0,,8,,20260817
CACC,Credit Acceptance Corporation,Financial Services,Credit Services,NASDAQ,573.09,157882,5949006848,20.1964,594.97,507.95,-1.0831,-0.19,4.47,-1.15,1.06,0.0,73.25,3,668.86,401.9,-14.32,0.0,,8,,20260817
GLAPY,Glanbia plc,Consumer Defensive,Packaged Foods,PNK,127.0,124,5985725952,0.8201,134.9,104.33,-9.6301,19.4,17.48,59.51,34.77,0.0,50.0,3,143.5,79.41,-11.5,0.0,,8,,20260817
GNGBY,Getinge AB (publ),Healthcare,Medical Devices,PNK,25.16,1935,6836476416,0.2678,22.19,21.6,11.0727,21.36,1.71,0.68,6.21,0.0,86.25,2,25.22,18.99,-0.26,0.0,,8,,20260817
RKGRY,RENK GROUP AG,Industrials,Aerospace & Defense,PNK,12.32,248,6160000000,0.2386,10.68,12.32,6.885,19.3,-15.53,-15.53,-6.82,0.0,51.25,3,13.11,9.36,-6.03,0.0,,8,,20260817
OTEX,Open Text Corporation,Technology,Software - Application,NASDAQ,23.93,2248633,5806910464,0.9941,23.15,26.0,0.7877,1.95,-14.42,-40.98,-20.95,0.0,74.5,3,39.9,19.78,-40.03,0.0,,8,,20260817
SIGCY,SIG Group AG,Consumer Cyclical,Packaging & Containers,PNK,18.42,1517,7172157440,0.2436,16.79,14.8,6.6628,13.19,-1.29,-10.05,-1.17,0.0,76.25,2,19.11,9.73,-3.66,0.0,,8,,20260817
PATH,"UiPath, Inc.",Technology,Software - Infrastructure,NYSE,15.99,64511600,8284742656,0.8606,12.08,12.73,4.5467,50.89,27.32,27.89,33.44,0.0,93.75,3,19.84,9.2,-19.41,0.0,,8,,20260817
SRTTY,"ZOZO, Inc.",Consumer Cyclical,Internet Retail,PNK,7.33,11243,6444514304,0.211,6.92,7.31,1.9656,7.92,-21.05,-55.25,-27.49,0.0,76.25,3,10.4,5.74,-29.52,0.0,,8,,20260817
NOVTU,Novanta Inc.,Technology,Scientific & Technical Instruments,NASDAQ,69.57,39303,0,3.1393,64.61,69.57,1.5797,2.62,3.16,34.47,15.55,0.0,61.25,3,75.59,47.57,-7.97,0.0,,8,,20260817
NOVT,Novanta Inc.,Technology,Scientific & Technical Instruments,NASDAQ,168.75,510532,6381748224,7.1219,154.48,135.57,2.004,5.5,1.34,21.67,10.51,0.0,65.0,2,176.38,98.27,-4.33,0.0,,8,,20260817
GVA,Granite Construction Incorporated,Industrials,Engineering & Construction,NYSE,128.02,949201,5602733056,4.9051,133.85,124.76,-1.1887,-12.33,-15.97,-5.1,-10.71,0.0,49.5,3,162.08,97.26,-21.01,0.0,,8,,20260817
MSSMY,MISUMI Group Inc.,Industrials,Tools & Accessories,PNK,11.81,427,6648401408,0.2439,11.91,9.63,-0.3901,7.12,0.66,33.98,15.6,0.0,65.75,3,13.0,6.64,-9.15,0.0,,8,,20260817
BLCO,Bausch + Lomb Corporation,Healthcare,Medical Instruments & Supplies,NYSE,17.0,420538,6071809024,0.4903,16.16,16.41,1.7062,0.95,-12.4,-1.17,-4.57,0.0,88.75,3,18.91,13.77,-10.12,0.0,,8,,20260817
AMTM,"Amentum Holdings, Inc.",Industrials,Specialty Business Services,NYSE,20.43,2039470,4995266048,1.0554,21.8,26.5,-1.2962,-15.9,-48.04,-40.82,-37.12,0.0,15.0,4,38.11,19.8,-46.39,0.0,,8,,20260817
ESTC,Elastic N.V.,Technology,Software - Application,NYSE,83.44,2122506,8673724416,3.7334,63.81,63.94,5.2592,60.1,21.58,-11.94,17.8,0.0,92.5,3,96.07,42.05,-13.15,0.0,,8,,20260817
CGON,"CG Oncology, Inc.",Healthcare,Biotechnology,NASDAQ,77.11,1023637,6835059200,3.3726,69.13,58.54,2.3649,10.41,35.79,175.9,85.49,0.0,90.0,2,79.39,24.85,-2.87,0.0,,8,,20260817
IFS,Intercorp Financial Services Inc.,Financial Services,Banks - Regional,NYSE,54.64,304461,6032130560,1.8459,56.95,47.41,-1.2531,17.59,1.39,25.14,14.94,0.0,68.25,3,61.38,38.0,-10.98,0.0,,8,,20260817
HPHTY,Hamamatsu Photonics K.K.,Technology,Electronic Components,PNK,8.27,164,4717959680,0.0931,7.77,6.4,5.35,3.65,34.45,21.33,21.5,0.0,50.0,2,9.56,4.93,-13.54,0.0,,8,,20260817
BKH,Black Hills Corporation,Utilities,Utilities - Regulated Gas,NYSE,73.39,914117,5596218368,1.5765,73.56,71.53,-0.1067,-4.05,-12.93,2.82,-4.41,0.0,73.25,3,78.69,58.06,-6.74,0.0,,8,,20260817
RMSYF,Ramsay Health Care Limited,Healthcare,Medical Care Facilities,PNK,29.58,9,5770745344,0.043,28.22,24.53,31.6848,14.43,5.82,-3.75,4.14,0.0,75.0,2,30.0,20.0,-1.4,0.0,,8,,20260817
JBHIF,JB Hi-Fi Limited,Consumer Cyclical,Specialty Retail,PNK,57.93,65,6333717504,0.5253,51.88,58.31,11.5158,-6.62,-10.93,-38.65,-20.94,0.0,37.0,3,81.23,50.17,-28.68,0.0,,8,,20260817
RNKGF,RENK GROUP AG,Industrials,Aerospace & Defense,PNK,57.57,273,5863451648,0.8179,53.66,61.38,4.7804,6.96,-27.3,-40.24,-23.91,0.0,37.0,3,104.2,46.43,-44.75,0.0,,8,,20260817
EMLZF,Emmi AG,Consumer Defensive,Packaged Foods,PNK,1075.0,0,5751045632,0.3683,1076.07,997.09,-2.8973,6.86,-1.63,-12.24,-3.75,0.0,62.0,3,1099.16,856.9,-2.2,0.0,,8,,20260817
USAR,"USA Rare Earth, Inc.",Basic Materials,Other Industrial Metals & Mining,NASDAQ,19.29,13828075,4720650752,1.4052,18.82,19.15,0.3343,-25.71,-14.48,-12.64,-16.55,0.0,63.75,3,43.98,11.45,-56.14,0.0,,8,,20260817
CPA,"Copa Holdings, S.A.",Industrials,Airlines,NYSE,133.79,327550,6050809856,4.6223,143.77,128.8,-2.1595,-1.99,-20.02,-0.33,-7.64,0.0,57.5,3,160.47,107.44,-16.63,0.0,,8,,20260817
SLFPF,Aberdeen Group Plc,Financial Services,Asset Management,PNK,3.35,698,6056054272,0.0243,3.24,2.88,4.4106,10.69,4.23,6.1,6.59,0.0,76.25,2,3.44,2.45,-2.62,0.0,,8,,20260817
ZGN,Ermenegildo Zegna N.V.,Consumer Cyclical,Apparel Manufacturing,NYSE,13.37,1232604,3587332096,0.6235,14.0,11.62,-1.017,3.01,9.03,43.62,21.36,0.0,73.25,3,15.95,7.85,-16.18,0.0,,8,,20260817
BAFBF,Balfour Beatty plc,Industrials,Engineering & Construction,PNK,12.11,150,5779773440,0.0926,10.99,10.11,12.0612,13.43,13.35,52.53,29.04,0.0,50.0,2,12.11,7.91,-0.0,0.0,,8,,20260817
TKMSF,TKMS AG & Co KGaA,Unknown,Unknown,PNK,120.0,657,0,6.6072,120.0,120.0,0.0,21.85,21.85,21.85,21.85,0.0,65.75,3,120.0,73.0,0.0,0.0,,8,,20260817
KOF,Coca Cola Femsa S.A.B. de C.V.,Consumer Defensive,Beverages - Non-Alcoholic,NYSE,108.69,135501,22833946624,2.3377,105.94,99.94,1.1781,0.49,-15.45,11.77,-0.58,0.0,87.5,2,116.36,80.22,-6.59,0.0,,8,,20260817
COCSF,"Coca-Cola FEMSA, S.A.B. de C.V.",Consumer Defensive,Beverages - Non-Alcoholic,PNK,11.49,970,22163781632,0.3593,10.84,10.24,1.825,2.32,-16.21,9.76,-1.19,0.0,78.75,2,12.24,7.57,-6.09,0.0,,8,,20260817
FINN,"First National of Nebraska, Inc.",Financial Services,Banks - Regional,OID,19250.0,61,5201927680,123.4053,18831.56,16871.67,3.3908,-3.27,-0.2,28.64,10.57,0.0,82.5,2,19300.0,12900.0,-0.26,0.0,,8,,20260817
MNTHF,Minth Group Limited,Consumer Cyclical,Auto Parts,PNK,3.66,571,4287371776,0.075,3.23,3.34,5.7726,-10.02,-2.17,28.13,7.99,0.0,51.25,3,5.54,2.94,-33.94,0.0,,8,,20260817
TKECF,"Tokyo Electric Power Company Holdings, Incorporated",Utilities,Utilities - Renewable,PNK,3.11,812,5449187328,0.1014,3.13,3.93,-0.1618,-21.76,-33.36,-56.11,-39.56,0.0,14.5,4,6.0,2.7,-48.17,0.0,,8,,20260817
SHJBF,"Shanghai Junshi Biosciences Co., Ltd.",Healthcare,Biotechnology,PNK,3.35,0,4841863680,0.0002,3.35,3.33,0.0,-4.03,-2.89,48.33,17.31,0.0,75.0,3,4.23,1.97,-20.78,0.0,,8,,20260817
COIHY,Croda International Plc,Basic Materials,Specialty Chemicals,PNK,21.36,7167,5953209344,0.3386,20.51,19.19,2.5242,11.35,-9.88,11.69,4.05,0.0,85.0,2,22.4,16.26,-4.64,0.0,,8,,20260817
BRTHY,"Brother Industries, Ltd.",Industrials,Business Equipment & Supplies,PNK,58.15,91,7191018496,0.5827,48.22,41.77,17.0498,28.13,28.14,49.31,36.61,0.0,75.0,2,58.15,31.75,0.0,0.0,,8,,20260817
ESNT,Essent Group Ltd.,Financial Services,Insurance - Specialty,NYSE,69.43,753982,6240090624,1.52,64.06,61.7,3.5332,10.83,0.48,-9.26,-0.83,0.0,91.25,2,70.0,55.34,-0.81,0.0,,8,,20260817
MCY,Mercury General Corporation,Financial Services,Insurance - Property & Casualty,NYSE,106.38,293629,5892241920,2.7344,106.08,94.77,0.1109,3.98,0.64,22.55,10.24,0.0,86.25,2,113.06,73.05,-5.91,0.0,,8,,20260817
BYCRF,"Baycurrent, Inc.",Industrials,Consulting Services,PNK,44.18,62,6524293120,0.3921,38.5,17.44,14.4807,28.88,-690.57,-3860.16,-1778.54,0.0,75.0,2,62.0,28.17,-28.74,0.0,,8,,20260817
ESAB,ESAB Corporation,Industrials,Metal Fabrication,NYSE,82.13,719114,5103226880,4.1368,90.78,104.37,-2.0917,-11.99,-52.88,-47.29,-40.42,0.0,12.5,4,137.42,81.94,-40.23,0.0,,8,,20260817
PECO,"Phillips Edison & Company, Inc.",Real Estate,REIT - Retail,NASDAQ,39.95,998406,5650789376,0.762,41.76,37.93,-2.3807,-2.6,-7.64,0.83,-2.99,0.0,70.75,3,44.38,32.98,-9.97,0.0,,8,,20260817
SBSNY,Vend Marketplaces ASA,Communication Services,Internet Content & Information,PNK,26.1,9845,5268902912,0.8702,25.29,26.78,0.9297,-0.57,-10.17,-56.34,-26.24,0.0,47.0,3,45.0,18.0,-42.0,0.0,,8,,20260817
COGT,"Cogent Biosciences, Inc.",Healthcare,Biotechnology,NASDAQ,37.87,2538433,6571390464,1.8543,37.92,36.07,-0.0284,11.08,-10.27,202.27,80.08,0.0,77.0,3,43.73,11.53,-13.4,0.0,,8,,20260817
RGLXY,RTL Group S.A.,Communication Services,Broadcasting,PNK,4.08,333,5431792640,0.0499,3.71,3.67,7.3153,-9.15,-4.89,-7.11,-6.84,0.0,50.0,3,5.27,3.24,-22.58,0.0,,8,,20260817
MGY,Magnolia Oil & Gas Corporation,Energy,Oil & Gas E&P,NYSE,26.79,4230867,6496362496,0.8964,25.9,25.85,0.9897,-13.52,-12.59,-5.6,-10.03,0.0,63.75,2,32.76,21.07,-18.22,0.0,,8,,20260817
BBRYF,Burberry Group plc,Consumer Cyclical,Luxury Goods,PNK,16.42,98,6000028160,0.0544,15.79,16.26,11.64,-4.46,-22.16,-19.86,-16.81,0.0,50.0,3,18.37,13.34,-10.62,0.0,,8,,20260817
WILWY,Wallenius Wilhelmsen ASA,Industrials,Marine Shipping,PNK,28.5,26,6025913856,0.1477,26.64,22.52,12.601,15.36,15.57,56.18,31.76,0.0,75.0,2,30.0,14.01,-5.0,0.0,,8,,20260817
CWST,"Casella Waste Systems, Inc.",Industrials,Waste Management,NASDAQ,89.31,676483,5683692544,2.8553,91.67,91.82,-0.8263,0.05,-27.83,-30.56,-21.95,0.0,59.0,3,107.96,74.05,-17.27,0.0,,8,,20260817
SYNA,Synaptics Incorporated,Technology,Semiconductors,NASDAQ,110.58,998725,4324450304,5.8459,120.04,94.15,-1.6177,-18.57,7.83,41.42,14.67,0.0,38.75,3,149.11,58.28,-25.84,0.0,,8,,20260817
ATDRF,Autotrader Group plc,Communication Services,Internet Content & Information,PNK,6.5,281,5070481408,0.0297,6.47,7.13,0.949,-8.9,-14.13,-61.65,-31.83,0.0,50.25,3,11.58,5.79,-43.87,0.0,,8,,20260817
AVTR,"Avantor, Inc.",Healthcare,Medical Instruments & Supplies,NYSE,13.5,10381466,9130844160,0.5101,11.17,10.17,4.5583,66.48,33.68,-17.85,21.27,0.0,86.25,2,15.93,7.26,-15.25,0.0,,8,,20260817
ZEGLF,ZEGONA COMMUNICATIONS PLC,Communication Services,Telecom Services,PNK,20.33,119,4585619968,0.1194,21.12,20.33,-6.5496,-19.39,-19.39,-19.39,-19.39,0.0,49.0,3,24.58,18.95,-17.27,0.0,,8,,20260817
TKECY,"Tokyo Electric Power Company Holdings, Incorporated",Utilities,Utilities - Renewable,PNK,3.26,3037,5224808960,0.1064,3.11,4.0,1.4342,-22.69,-37.41,-53.91,-40.33,0.0,35.0,3,5.8,2.76,-43.79,0.0,,8,,20260817
SSMXY,Sysmex Corporation,Healthcare,Medical Devices,PNK,11.55,120717,6953582592,0.4681,9.68,9.4,4.0034,38.7,8.59,-37.57,-2.34,0.0,90.0,2,13.49,8.01,-14.38,0.0,,8,,20260817
SSMXF,Sysmex Corporation,Healthcare,Medical Devices,PNK,10.4,20,5809702912,0.0456,9.34,9.21,23.2902,20.37,-7.8,-38.34,-12.98,0.0,75.0,2,13.92,7.97,-25.29,0.0,,8,,20260817
IVCGF,Iveco Group N.V.,Industrials,Farm & Heavy Construction Machinery,PNK,16.0,472,4261548800,0.0737,15.95,19.54,0.6936,-6.83,-43.13,-47.51,-35.81,0.0,28.75,3,23.0,15.59,-30.43,0.0,,8,,20260817
TTBXF,Tritax Big Box REIT plc,Unknown,Unknown,PNK,2.06,2274,0,0.1658,1.98,2.06,0.4685,-44.92,-44.92,-44.92,-44.92,0.0,63.25,3,2.43,1.7,-15.23,0.0,,8,,20260817
CRC,California Resources Corporation,Energy,Oil & Gas E&P,NYSE,53.53,793022,4754528768,1.6465,53.54,54.76,-0.0034,-16.66,-18.64,-8.58,-14.13,0.0,37.75,4,71.98,43.24,-25.63,0.0,,8,,20260817
BLTE,"Belite Bio, Inc",Healthcare,Biotechnology,NCM,163.21,213414,6542288384,7.1567,152.78,154.21,1.4577,9.33,-20.81,115.47,41.24,0.0,88.75,3,200.0,60.0,-18.39,0.0,,8,,20260817
MATX,"Matson, Inc.",Industrials,Marine Shipping,NYSE,219.95,300433,6577265664,7.2088,204.06,162.76,2.2038,17.7,22.2,91.01,48.6,0.0,83.75,2,230.74,86.97,-4.68,0.0,,8,,20260817
MTG,MGIC Investment Corporation,Financial Services,Insurance - Specialty,NYSE,31.11,1809333,6381433856,0.6148,28.38,27.26,4.4427,15.98,4.74,-6.95,2.87,0.0,90.0,2,31.89,24.69,-2.45,0.0,,8,,20260817
KRG,Kite Realty Group Trust,Real Estate,REIT - Retail,NYSE,26.48,2487835,5433604096,0.5105,28.21,25.06,-3.3945,-1.64,-5.82,8.96,1.14,0.0,57.5,3,29.92,21.33,-11.5,0.0,,8,,20260817
CROX,"Crocs, Inc.",Consumer Cyclical,Footwear & Accessories,NASDAQ,129.97,1147595,6231421440,5.3749,129.28,100.27,0.1283,32.1,20.22,33.54,28.52,0.0,88.75,2,141.28,73.21,-8.01,0.0,,8,,20260817
HWC,Hancock Whitney Corporation,Financial Services,Banks - Regional,NASDAQ,78.84,918437,6324785664,1.4634,75.16,67.22,2.5177,18.99,-1.49,11.43,8.8,0.0,90.0,2,80.13,54.05,-1.61,0.0,,8,,20260817
TKMTY,TOKYO METRO CO LTD.,Industrials,Railroads,PNK,8.87,461,5149894144,0.0141,8.67,8.87,14.1939,-16.73,-33.55,-47.61,-34.97,0.0,50.0,3,13.36,8.35,-33.61,0.0,,8,,20260817
OBDC,Blue Owl Capital Corporation,Financial Services,Asset Management,NYSE,11.5,3865266,5707512320,0.2628,10.92,11.12,2.1923,1.51,-10.77,-30.79,-15.71,0.0,86.25,3,14.44,10.52,-20.36,0.0,,8,,20260817
ARKAF,Arkema S.A.,Basic Materials,Specialty Chemicals,PNK,68.44,54,5732021760,0.0155,68.57,62.8,-8.1344,7.24,5.26,-18.21,-3.63,0.0,62.0,3,77.9,59.0,-12.14,0.0,,8,,20260817
ARKAY,Arkema S.A.,Basic Materials,Specialty Chemicals,PNK,72.0,1164,5415970304,0.9571,66.24,62.89,6.0212,-0.4,-15.94,-14.52,-11.48,0.0,60.0,2,79.36,56.28,-9.27,0.0,,8,,20260817
NEXPF,Nexi S.p.A.,Technology,Software - Infrastructure,PNK,4.5,19,5286243328,0.0033,4.56,4.55,-17.5574,-0.82,-0.59,-42.68,-17.48,0.0,24.0,4,6.08,3.25,-26.05,0.0,,8,,20260817
KLIC,"Kulicke and Soffa Industries, Inc.",Technology,Semiconductor Equipment & Materials,NASDAQ,101.77,1076825,5325534208,6.8624,106.48,75.69,-0.6864,-4.89,28.85,154.91,70.84,0.0,52.0,3,135.8,35.02,-25.06,0.0,,8,,20260817
SEI,"Solaris Energy Infrastructure, Inc.",Energy,Oil & Gas Equipment & Services,NYSE,65.97,2892590,6638321152,4.6405,66.11,59.16,-0.0297,-20.7,3.04,122.34,44.83,0.0,48.25,3,86.19,24.57,-23.46,0.0,,8,,20260817
GXO,"GXO Logistics, Inc.",Industrials,Integrated Freight & Logistics,NYSE,47.32,1445316,5444099584,1.8724,50.36,53.31,-1.6213,-6.59,-41.71,-32.9,-29.4,0.0,35.0,4,66.85,45.4,-29.21,0.0,,8,,20260817
GNGBF,Getinge AB (publ),Healthcare,Medical Devices,PNK,22.49,1,5461009408,0.0552,20.88,22.11,29.1533,8.14,-17.75,-14.62,-10.03,0.0,75.0,3,24.75,20.05,-9.13,0.0,,8,,20260817
OZKAP,Bank OZK,Financial Services,Banks - Regional,NASDAQ,16.16,23856,0,0.1236,16.01,15.93,1.1386,-4.94,-13.73,-21.88,-14.79,0.0,86.25,2,17.85,15.76,-9.5,0.0,,8,,20260817
OZK,Bank OZK,Financial Services,Banks - Regional,NASDAQ,51.11,1149798,5572912640,0.9693,50.84,47.26,0.2805,5.62,-8.62,-15.56,-7.84,0.0,87.5,2,53.66,42.37,-4.75,0.0,,8,,20260817
BEPC,Brookfield Renewable Corporation,Utilities,Utilities - Renewable,NYSE,35.1,1650580,6514533888,1.061,35.41,38.58,-0.2897,-7.2,-32.35,-10.49,-17.32,0.0,34.0,4,45.18,31.82,-22.31,0.0,,8,,20260817
LEGN,Legend Biotech Corporation,Healthcare,Biotechnology,NASDAQ,20.65,2719569,4001339136,1.1526,25.76,23.86,-4.435,-29.85,3.52,-66.37,-32.78,0.0,8.75,4,38.12,16.24,-45.83,0.0,,8,,20260817
BTLCY,British Land Company PLC,Real Estate,REIT - Diversified,PNK,5.79,10109,5934379520,0.0976,5.62,5.2,1.7447,16.9,-5.54,10.39,6.44,0.0,85.0,2,6.0,4.26,-3.5,0.0,,8,,20260817
M,"Macy's, Inc.",Consumer Cyclical,Department Stores,NYSE,23.22,6027029,6107741184,0.8731,24.08,21.12,-0.987,22.29,-4.55,64.83,29.91,0.0,74.5,3,26.59,12.66,-12.67,0.0,,8,,20260817
MUR,Murphy Oil Corporation,Energy,Oil & Gas E&P,NYSE,34.82,1807079,4991431680,1.4879,35.95,34.51,-0.7563,-18.38,-8.37,35.59,6.71,0.0,52.0,3,43.34,21.86,-19.66,0.0,,8,,20260817
TMICF,Trend Micro Incorporated,Technology,Software - Infrastructure,PNK,34.36,6,4428514304,0.0317,35.48,39.09,-35.5076,-1.05,-26.75,-63.19,-34.9,0.0,12.0,4,58.29,33.1,-41.06,0.0,,8,,20260817
SIGIP,"Selective Insurance Group, Inc.",Financial Services,Insurance - Property & Casualty,NASDAQ,15.75,32920,0,0.1244,15.89,16.22,-1.1447,-7.88,-19.52,-26.05,-19.22,0.0,37.75,4,18.7,15.45,-15.8,0.0,,8,,20260817
SIGI,"Selective Insurance Group, Inc.",Financial Services,Insurance - Property & Casualty,NASDAQ,92.1,569861,5486316032,2.2401,94.92,84.66,-1.2599,-0.38,-6.83,-0.95,-2.87,0.0,74.5,3,100.4,72.78,-8.27,0.0,,8,,20260817
BXSL,Blackstone Secured Lending Fund,Financial Services,Asset Management,NYSE,24.21,1711703,5640204800,0.5099,23.46,23.64,1.4781,-0.76,-9.03,-29.76,-15.25,0.0,87.5,3,30.36,22.47,-20.26,0.0,,8,,20260817
GCHEF,"Grupo Comercial Chedraui, S.A.B. de C.V.",Consumer Defensive,Grocery Stores,PNK,5.43,317,5208677376,0.0375,5.16,5.37,7.2313,-8.75,-16.8,-31.48,-20.66,0.0,51.25,3,8.4,4.85,-35.36,0.0,,8,,20260817
LQDA,Liquidia Corporation,Healthcare,Drug Manufacturers - Specialty & Generic,NCM,77.7,1932288,6954840576,5.4581,78.46,48.29,-0.139,31.68,89.46,176.68,109.91,0.0,77.0,3,93.61,21.15,-17.0,0.0,,8,,20260817
HIMS,"Hims & Hers Health, Inc.",Healthcare,Drug Manufacturers - Specialty & Generic,NYSE,28.61,16775124,6675096576,2.2498,31.75,29.17,-1.3968,9.41,61.58,-60.43,-0.26,0.0,52.0,4,65.3,13.74,-56.19,0.0,,8,,20260817
G,Genpact Limited,Technology,Information Technology Services,NYSE,33.7,2519301,5662759424,1.2459,31.49,37.63,1.7776,11.88,-22.76,-42.87,-22.15,0.0,66.25,3,48.64,26.85,-30.72,0.0,,8,,20260817
TEO,Telecom Argentina SA,Communication Services,Telecom Services,NYSE,13.32,477143,5737424896,0.5514,13.61,12.34,-0.5248,7.89,2.7,15.21,9.0,0.0,73.25,3,16.34,6.43,-18.48,0.0,,8,,20260817
BURBY,Burberry Group plc,Consumer Cyclical,Luxury Goods,PNK,14.22,45788,5093755392,0.4259,14.94,15.58,-1.6916,-4.94,-26.65,-26.96,-21.34,0.0,34.0,4,18.55,13.3,-23.34,0.0,,8,,20260817
CGASY,China Resources Gas Group Limited,Utilities,Utilities - Regulated Gas,PNK,19.68,49,4433114112,0.0706,20.34,23.77,-9.2836,-10.24,-38.54,-38.61,-31.5,0.0,12.0,4,26.91,16.68,-26.87,0.0,,8,,20260817
NICE,NICE Ltd.,Technology,Software - Application,NASDAQ,97.9,667780,5736664576,4.7504,95.23,106.43,0.563,4.27,-19.39,-44.56,-23.54,0.0,78.25,3,153.68,83.1,-36.3,0.0,,8,,20260817
AUB,Atlantic Union Bankshares Corporation,Financial Services,Banks - Regional,NYSE,42.54,1119904,6075345920,0.7775,41.22,37.13,1.6993,14.49,-6.21,8.23,4.74,0.0,86.25,2,43.62,30.87,-2.48,0.0,,8,,20260817
VCTR,"Victory Capital Holdings, Inc.",Financial Services,Asset Management,NASDAQ,118.81,530519,7307952128,3.3465,95.36,76.01,7.0065,34.97,47.07,50.41,45.39,0.0,93.75,2,119.56,57.03,-0.63,0.0,,8,,20260817
ARGTF,Artemis Gold Inc.,Basic Materials,Other Precious Metals & Mining,OQX,28.07,43243,6545665024,1.1946,24.15,26.38,3.2846,11.38,-17.67,16.06,3.09,0.0,88.75,3,35.59,19.72,-21.14,0.0,,8,,20260817
BGC,"BGC Group, Inc.",Financial Services,Capital Markets,NASDAQ,11.16,3218266,5306206208,0.3783,11.27,10.07,-0.2992,-4.88,7.71,-12.92,-3.69,0.0,73.25,3,12.89,8.27,-13.42,0.0,,8,,20260817
EPAM,"EPAM Systems, Inc.",Technology,Information Technology Services,NYSE,98.73,1966320,5093182464,5.4878,91.62,142.38,1.2962,1.34,-54.59,-59.15,-42.44,0.0,67.5,3,222.53,73.06,-55.63,0.0,,8,,20260817
HLPPY,Hang Lung Properties Limited,Real Estate,Real Estate Services,OID,4.5,7216,4682774528,0.1172,4.62,5.26,-1.0146,-24.56,-37.2,-31.08,-31.59,0.0,22.0,4,6.52,4.26,-30.98,0.0,,8,,20260817
HOMB,"Home BancShares, Inc.",Financial Services,Banks - Regional,NYSE,31.11,1793250,6223544320,0.4788,29.34,27.7,3.6978,17.25,-6.29,-9.96,-1.87,0.0,91.25,2,31.7,25.5,-1.86,0.0,,8,,20260817
RANJF,Randstad N.V.,Industrials,Staffing & Employment Services,PNK,37.35,182,6553081856,0.09,34.27,34.34,34.2357,17.19,-12.91,-16.8,-6.94,0.0,75.0,3,43.66,25.2,-14.45,0.0,,8,,20260817
MC,Moelis & Company,Financial Services,Capital Markets,NYSE,66.73,934296,4943418368,2.6688,66.65,64.49,0.0299,0.94,-9.68,-27.72,-14.24,0.0,86.25,2,78.22,51.06,-14.68,0.0,,8,,20260817
WTBDY,Whitbread plc,Consumer Cyclical,Lodging,PNK,8.18,26529,5468871168,0.122,8.04,8.24,1.15,4.84,-22.27,-39.49,-22.38,0.0,70.75,3,11.06,7.42,-26.04,0.0,,8,,20260817
RANJY,Randstad N.V.,Industrials,Staffing & Employment Services,PNK,22.41,30974,7863698432,0.5559,18.17,16.3,7.6313,55.73,34.39,-20.34,17.83,0.0,91.25,2,24.38,12.46,-8.08,0.0,,8,,20260817
GLNG,Golar LNG Limited,Energy,Oil & Gas Midstream,NASDAQ,52.47,1331132,5340384768,1.4195,50.2,46.18,1.5981,-12.35,8.11,11.78,4.46,0.0,62.5,2,57.79,35.02,-9.21,0.0,,8,,20260817
WTM,"White Mountains Insurance Group, Ltd.",Financial Services,Insurance - Property & Casualty,NYSE,2113.4,20806,5044096000,48.4124,2112.54,2109.36,0.0177,-5.89,-17.31,-6.49,-10.13,0.0,83.75,2,2333.0,1648.0,-9.41,0.0,,8,,20260817
LNNGF,Li Ning Company Limited,Consumer Cyclical,Leisure,PNK,1.65,1367,4845796864,0.0574,1.96,2.32,-5.4343,-38.03,-55.63,-42.39,-45.94,0.0,1.25,4,2.85,1.65,-42.11,0.0,,8,,20260817
BLSH,Bullish,Technology,Software - Infrastructure,NYSE,24.96,1607109,3785142784,1.6623,24.5,35.03,0.2738,-34.81,-35.27,-87.69,-56.12,0.0,37.5,3,74.98,20.55,-66.71,0.0,,8,,20260817
BRLAF,British Land Company PLC,Real Estate,REIT - Diversified,PNK,6.24,225,5473158656,0.0664,5.54,5.2,10.574,22.8,3.18,8.01,10.02,0.0,75.0,2,6.24,4.2,-0.0,0.0,,8,,20260817
RUSHB,"Rush Enterprises, Inc.",Consumer Cyclical,Auto & Truck Dealerships,NASDAQ,80.23,86737,9365281792,2.3102,74.86,64.57,2.3238,20.44,11.14,18.2,16.29,0.0,88.75,2,81.52,47.71,-1.58,0.0,,8,,20260817
RUSHA,"Rush Enterprises, Inc.",Consumer Cyclical,Auto & Truck Dealerships,NASDAQ,82.13,519422,9587068928,2.2849,74.65,65.83,3.273,12.84,0.95,22.86,12.68,0.0,87.5,2,83.61,45.67,-1.77,0.0,,8,,20260817
LYFT,"Lyft, Inc.",Technology,Software - Application,NASDAQ,17.22,13149519,6518462976,0.6846,15.28,16.27,2.8401,27.97,15.83,-3.35,11.19,0.0,90.0,3,25.54,12.46,-32.58,0.0,,8,,20260817
PLUG,Plug Power Inc.,Industrials,Electrical Equipment & Parts,NCM,2.28,60991782,3185605120,0.1692,2.42,2.5,-0.8072,-44.48,6.7,17.05,-1.96,0.0,23.25,4,4.58,1.41,-50.22,0.0,,8,,20260817
HLHLY,HLHLY,Basic Materials,Paper & Paper Products,PNK,16.18,11,4869264896,0.0118,16.18,16.37,0.0,-12.95,-45.93,31.22,-6.83,0.0,37.0,3,25.0,10.9,-35.26,0.0,,8,,20260817
MARA,"MARA Holdings, Inc.",Financial Services,Capital Markets,NCM,9.72,43563882,3752897792,0.8969,12.28,11.25,-2.8647,-26.71,8.73,-59.45,-27.4,0.0,11.25,4,23.45,6.66,-58.57,0.0,,8,,20260817
AUOTY,AUO Corporation,Technology,Electronic Components,PNK,8.48,48780,6399939584,0.3533,8.16,5.61,0.9134,39.61,58.09,77.39,61.19,0.0,86.25,2,10.5,3.25,-19.24,0.0,,8,,20260817
BC,Brunswick Corporation,Consumer Cyclical,Recreational Vehicles,NYSE,82.3,683704,5332828672,2.9075,81.07,77.4,0.4227,1.93,-18.37,9.9,-1.99,0.0,88.75,2,90.25,58.56,-8.81,0.0,,8,,20260817
AMDLY,"Amada Co., Ltd.",Industrials,Specialty Industrial Machinery,PNK,74.66,0,5753703424,0.0159,74.66,56.24,0.0,-4.03,43.79,40.59,30.55,0.0,75.0,3,74.66,46.0,0.0,0.0,,8,,20260817
EUTLF,Eutelsat Communications S.A.,Communication Services,Telecom Services,PNK,2.45,17925,2944550400,0.1002,2.69,2.84,-2.4189,-34.23,-21.05,-56.03,-38.34,0.0,10.0,4,5.36,1.72,-54.29,0.0,,8,,20260817
EQPT,EquipmentShare.com Inc.,Industrials,Rental & Leasing Services,NASDAQ,21.43,2791748,5429847040,1.4148,19.69,21.43,1.2299,-16.07,-47.86,-46.89,-39.52,0.0,66.25,3,35.5,15.71,-39.63,0.0,,8,,20260817
MAAS,Maase Inc.,Financial Services,Asset Management,NASDAQ,16.88,116956,7463923712,2.2725,16.27,8.78,0.2694,62.93,162.25,317.3,199.44,0.0,87.5,2,24.9,2.85,-32.21,0.0,,8,,20260817
XENE,Xenon Pharmaceuticals Inc.,Healthcare,Biotechnology,NASDAQ,62.36,1338466,6028063744,2.134,61.35,51.33,0.4739,9.85,36.4,43.15,32.46,0.0,86.25,2,72.66,35.6,-14.18,0.0,,8,,20260817
ALM,Almonty Industries Inc.,Basic Materials,Other Industrial Metals & Mining,NCM,16.36,6059448,4719544832,1.2752,15.11,14.18,0.978,-11.05,4.27,226.22,89.22,0.0,61.25,2,24.41,3.97,-32.98,0.0,,8,,20260817
FUPBY,Fuchs SE,Basic Materials,Specialty Chemicals,PNK,11.3,12859,5921200128,0.201,11.33,10.84,-0.1532,-0.61,-9.19,-23.11,-12.61,0.0,75.75,3,12.44,9.27,-9.2,0.0,,8,,20260817
ACLLF,ATCO Ltd.,Utilities,Utilities - Diversified,OQX,54.81,34448,6167631872,0.9005,53.59,46.8,1.3526,5.81,8.94,32.51,17.59,0.0,81.25,2,58.06,34.71,-5.6,0.0,,8,,20260817
SBRA,"Sabra Health Care REIT, Inc.",Real Estate,REIT - Healthcare Facilities,NASDAQ,20.31,3176779,5188448256,0.551,19.73,19.1,1.06,-5.06,-10.26,-2.26,-5.76,0.0,88.75,2,22.77,17.17,-10.8,0.0,,8,,20260817
ENGGY,"Enagás, S.A.",Utilities,Utilities - Regulated Gas,PNK,9.64,2980,5018546176,0.05,9.69,8.74,-0.93,-0.43,-1.21,9.43,3.24,0.0,67.0,3,10.29,7.45,-6.32,0.0,,8,,20260817
WEX,WEX Inc.,Technology,Software - Infrastructure,NYSE,188.87,682785,6436994048,6.4839,160.06,154.69,4.4431,28.75,5.85,-13.28,3.92,0.0,90.0,2,199.69,125.29,-5.42,0.0,,8,,20260817
RICOY,"Ricoh Company, Ltd.",Industrials,Business Equipment & Supplies,PNK,9.55,101,4816765952,0.0497,9.28,8.98,5.3554,4.49,-25.47,-15.25,-13.89,0.0,76.25,2,10.72,8.0,-10.91,0.0,,8,,20260817
FND,"Floor & Decor Holdings, Inc.",Consumer Cyclical,Home Improvement Retail,NYSE,56.62,2601474,6029462016,2.7435,55.56,58.64,0.387,20.16,-32.34,-55.24,-28.38,0.0,73.25,3,92.41,42.64,-38.73,0.0,,8,,20260817
TSHXY,Tosoh Corporation,Basic Materials,Chemicals,PNK,9.18,17,5652870656,0.0746,8.12,9.18,14.227,-2.48,4.94,4.94,3.08,0.0,50.0,3,9.18,8.03,0.0,0.0,,8,,20260817
ATOGF,AUTO1 Group SE,Consumer Cyclical,Auto & Truck Dealerships,PNK,25.0,158,5503925760,0.3599,26.89,27.4,-5.2503,7.25,-34.05,-48.15,-29.36,0.0,38.25,4,35.42,17.6,-29.43,0.0,,8,,20260817
HLBBF,H. Lundbeck A/S,Healthcare,Drug Manufacturers - Specialty & Generic,PNK,6.64,66,6548184576,0.1305,6.71,6.62,-0.5182,-12.12,-3.94,-1.73,-5.1,0.0,37.0,3,7.55,5.51,-12.05,0.0,,8,,20260817
NCSYF,NICE Ltd.,Technology,Software - Application,PNK,99.3,20,5818700800,0.4309,90.78,101.16,19.7829,8.57,-24.29,-54.78,-28.27,0.0,62.0,3,153.75,83.97,-35.41,0.0,,8,,20260817
BCPC,Balchem Corporation,Basic Materials,Specialty Chemicals,NASDAQ,178.38,223585,5686401536,4.1261,167.62,165.0,2.6066,7.37,-15.28,-9.61,-7.35,0.0,91.25,2,183.9,139.17,-3.0,0.0,,8,,20260817
LBRT,Liberty Energy Inc.,Energy,Oil & Gas Equipment & Services,NYSE,22.24,4309195,3629377280,1.3038,23.92,24.47,-1.292,-36.66,-23.68,79.0,14.15,0.0,27.0,4,34.48,9.9,-35.5,0.0,,8,,20260817
ETCMY,Eutelsat Communications S.A.,Communication Services,Telecom Services,PNK,0.66,50550,3111329536,0.0316,0.71,0.74,-1.5954,-24.56,-14.71,-52.76,-32.39,0.0,6.25,4,1.47,0.45,-54.97,0.0,,8,,20260817
HASI,"HA Sustainable Infrastructure Capital, Inc.",Financial Services,Asset Management,NYSE,42.13,1000453,5413528064,1.1122,38.56,36.08,3.209,-0.62,6.23,43.32,19.35,0.0,62.5,2,44.13,27.28,-4.53,0.0,,8,,20260817
LINRF,Liontown Limited,Basic Materials,Other Industrial Metals & Mining,PNK,0.87,9235,2754381824,0.0411,1.1,1.21,-5.5983,-56.43,-45.25,25.13,-19.89,0.0,7.5,4,1.9,0.52,-54.4,0.0,,8,,20260817
GOLF,Acushnet Holdings Corp.,Consumer Cyclical,Leisure,NYSE,90.66,364987,5295001600,4.1261,104.32,93.49,-3.31,2.13,-22.87,-6.49,-10.07,0.0,45.75,3,119.65,73.09,-24.23,0.0,,8,,20260817
OGS,"ONE Gas, Inc.",Utilities,Utilities - Regulated Gas,NYSE,79.98,649219,5027245056,1.704,78.48,80.97,0.8813,-7.86,-18.4,-13.03,-13.62,0.0,48.25,3,90.78,73.91,-11.9,0.0,,8,,20260817
DLB,"Dolby Laboratories, Inc.",Industrials,Specialty Business Services,NYSE,61.35,921203,5746580480,1.6238,53.49,59.82,4.8408,9.03,-19.88,-34.59,-18.54,0.0,91.25,3,75.66,48.26,-18.91,0.0,,8,,20260817
YKLTY,"Yakult Honsha Co.,Ltd.",Consumer Defensive,Beverages - Non-Alcoholic,PNK,8.99,2662,5208939008,0.0881,8.43,8.31,6.3678,-4.18,-8.38,-12.9,-9.14,0.0,51.25,2,10.34,7.02,-13.06,0.0,,8,,20260817
CGHLY,China Gas Holdings Limited,Utilities,Utilities - Regulated Gas,PNK,18.1,85,3944462592,0.1498,18.9,23.58,-5.3453,-25.69,-46.48,-53.1,-43.93,0.0,12.0,4,28.28,16.89,-36.0,0.0,,8,,20260817
RITM,Rithm Capital Corp.,Real Estate,REIT - Mortgage,NYSE,10.26,5554882,5729256448,0.2261,9.4,9.75,3.8245,10.66,-11.55,-29.61,-13.22,0.0,87.5,3,12.74,8.43,-19.47,0.0,,8,,20260817
ALFFF,"Sigma Foods, S.A.B. de C.V.",Consumer Defensive,Packaged Foods,PNK,0.98,1077,5443371520,0.0102,0.89,0.91,9.2863,1.34,-18.48,10.72,-1.85,0.0,50.0,3,1.1,0.74,-10.91,0.0,,8,,20260817
BMA,Banco Macro S.A.,Financial Services,Banks - Regional,NYSE,78.83,279485,5040313856,4.2769,90.47,83.08,-2.7222,8.72,-19.68,-3.78,-6.22,0.0,49.5,3,106.15,38.3,-25.74,0.0,,8,,20260817
IRDM,Iridium Communications Inc.,Communication Services,Telecom Services,NASDAQ,50.05,2363477,5303316992,1.7819,47.92,31.81,1.1933,15.84,104.08,84.7,74.27,0.0,86.25,2,57.18,15.65,-12.47,0.0,,8,,20260817
HWDJF,Howden Joinery Group Plc,Consumer Cyclical,"Furnishings, Fixtures & Appliances",PNK,11.55,293,6312381440,0.0971,10.86,10.9,7.135,7.89,-18.16,-19.4,-12.15,0.0,76.25,3,12.2,9.6,-5.33,0.0,,8,,20260817
CNVVY,Convatec Group PLC,Healthcare,Medical Instruments & Supplies,PNK,12.6,34688,6145561088,0.2592,11.63,12.02,3.752,10.06,-11.69,-18.56,-9.0,0.0,92.5,3,14.09,10.45,-10.59,0.0,,8,,20260817
CGHOF,China Gas Holdings Limited,Utilities,Utilities - Regulated Gas,PNK,0.69,4,6319856640,0.0173,0.94,0.96,-14.3933,-33.62,-42.69,-49.47,-43.13,0.0,0.0,4,1.16,0.69,-40.52,0.0,,8,,20260817
CHH,"Choice Hotels International, Inc.",Consumer Cyclical,Lodging,NYSE,104.93,626467,4773841920,3.7356,109.46,103.96,-1.2136,-6.42,-18.07,-34.66,-21.79,0.0,49.5,3,124.24,84.04,-15.54,0.0,,8,,20260817
SR,Spire Inc.,Utilities,Utilities - Regulated Gas,NYSE,82.29,552359,4864393216,1.745,80.38,84.43,1.0964,-7.48,-22.58,-10.66,-14.04,0.0,48.25,3,95.31,73.91,-13.66,0.0,,8,,20260817
JREIF,Japan Real Estate Investment Corporation,Real Estate,REIT - Office,PNK,769.2,2,5602529792,2.5151,707.14,-526.87,24.6738,4.14,-158.49,-97.09,-93.27,0.0,75.0,2,920.4,658.41,-16.43,0.0,,8,,20260817
NFPDF,"Nissin Foods Holdings Co.,Ltd.",Consumer Defensive,Packaged Foods,PNK,18.2,27,4785853952,0.025,17.66,18.68,21.5187,-13.03,-23.56,-26.46,-22.09,0.0,37.0,3,20.73,16.46,-12.23,0.0,,8,,20260817
PAGP,"Plains GP Holdings, L.P.",Energy,Oil & Gas Midstream,NASDAQ,25.79,1487464,6009081344,0.4583,24.65,21.61,2.4837,5.09,11.61,24.63,15.19,0.0,87.5,2,26.78,16.68,-3.7,0.0,,8,,20260817
TLPFF,Teleperformance SE,Industrials,Specialty Business Services,PNK,82.0,1116,4657711104,1.1392,66.75,64.57,13.3893,6.71,27.75,-16.08,4.96,0.0,52.5,2,90.52,51.9,-9.41,0.0,,8,,20260817
ADT,ADT Inc.,Industrials,Security & Protection Services,NYSE,7.18,8805329,5245414912,0.2028,6.97,7.31,1.0308,1.19,-19.62,-35.8,-20.89,0.0,74.5,3,8.94,6.24,-19.64,0.0,,8,,20260817
HLUBF,H. Lundbeck A/S,Healthcare,Drug Manufacturers - Specialty & Generic,PNK,5.54,32,5883888128,0.0126,5.51,4.76,2.4951,-3.25,6.46,36.89,16.21,0.0,51.25,2,6.41,4.59,-13.52,0.0,,8,,20260817
THKLY,"THK Co., Ltd.",Industrials,Specialty Industrial Machinery,PNK,23.38,624,5270218752,0.772,22.5,17.48,1.1424,-7.54,38.75,47.09,30.51,0.0,56.25,2,25.7,11.93,-9.03,0.0,,8,,20260817
ENGGF,"Enagás, S.A.",Utilities,Utilities - Regulated Gas,PNK,19.55,66,5336109568,0.1233,20.37,17.32,-6.6224,-1.58,12.53,-2.06,3.17,0.0,62.0,3,21.65,16.02,-9.7,0.0,,8,,20260817
BLFBY,Balfour Beatty Plc,Industrials,Engineering & Construction,PNK,25.77,2325,6457500672,1.0008,23.83,21.16,1.9402,0.15,11.7,53.82,25.66,0.0,83.75,2,27.19,13.51,-5.2,0.0,,8,,20260817
USSJY,"USS Co., Ltd.",Consumer Cyclical,Auto & Truck Dealerships,PNK,25.8,77,5857122304,0.0655,25.15,22.93,9.9306,14.97,-7.38,-16.3,-5.36,0.0,76.25,2,25.93,19.72,-0.5,0.0,,8,,20260817
TMICY,Trend Micro Incorporated,Technology,Software - Infrastructure,PNK,33.28,8585,4319489024,1.5421,38.77,39.53,-3.5587,-10.2,-21.9,-61.46,-34.8,0.0,35.0,4,60.28,31.09,-44.79,0.0,,8,,20260817
KYSEF,"Kyushu Electric Power Company, Incorporated",Utilities,Utilities - Independent Power Producers,PNK,11.05,31,5224198656,0.0352,10.58,-1.45,13.2317,-7.1,-200.07,-56.0,-94.2,0.0,50.0,3,12.55,9.47,-11.95,0.0,,8,,20260817
TOSCF,Tosoh Corporation,Basic Materials,Chemicals,PNK,16.0,4,4926248960,0.0106,16.0,39.41,0.0,-11.28,-88.02,-134.94,-87.6,0.0,25.0,3,17.25,15.49,-7.25,0.0,,8,,20260817
SEKEY,Seiko Epson Corporation,Technology,Computer Hardware,PNK,9.77,17009,6261158400,0.2484,8.99,7.24,3.1231,19.98,28.27,29.87,26.84,0.0,88.75,2,10.38,5.75,-5.88,0.0,,8,,20260817
PSMT,"PriceSmart, Inc.",Consumer Defensive,Discount Stores,NASDAQ,179.99,292577,5554586112,6.0961,186.07,153.75,-0.9967,8.22,2.2,40.68,19.09,0.0,74.5,3,199.84,105.46,-9.93,0.0,,8,,20260817
GNTX,Gentex Corporation,Consumer Cyclical,Auto Parts,NASDAQ,23.81,2504874,5016370176,0.6139,24.33,23.25,-0.8549,-0.17,-17.25,-33.4,-19.44,0.0,72.0,3,29.38,20.48,-18.96,0.0,,8,,20260817
PMNXF,Perseus Mining Limited,Basic Materials,Gold,PNK,3.88,5909,5388153856,0.22,3.46,3.65,1.8885,-8.47,-16.49,43.39,9.47,0.0,57.5,3,4.72,0.01,-17.8,0.0,,8,,20260817
GLBE,Global-E Online Ltd.,Consumer Cyclical,Internet Retail,NASDAQ,41.18,1674285,6916897280,1.6814,36.89,35.36,2.5492,42.85,16.13,13.44,21.74,0.0,90.0,2,43.99,26.84,-6.39,0.0,,8,,20260817
IEP,Icahn Enterprises L.P.,Energy,Oil & Gas Refining & Marketing,NASDAQ,7.11,900583,5054606336,0.1833,7.45,7.21,-1.8524,-12.34,-13.82,-24.35,-17.66,0.0,61.5,3,9.32,6.91,-23.71,0.0,,8,,20260817
LGMMY,LEG Immobilien SE,Real Estate,Real Estate Services,PNK,14.95,20,4595538432,0.035,15.38,16.59,-12.3739,-6.69,-34.75,-44.09,-31.47,0.0,49.0,4,22.0,9.27,-32.05,0.0,,8,,20260817
PRM,"Perimeter Solutions, Inc.",Basic Materials,Specialty Chemicals,NYSE,32.59,1658908,5334557184,2.0248,34.37,28.98,-0.8803,-6.73,10.36,54.84,23.88,0.0,60.0,3,38.17,18.04,-14.62,0.0,,8,,20260817
BIPC,Brookfield Infrastructure Corporation,Utilities,Utilities - Regulated Gas,NYSE,39.5,1058682,4858712576,1.2378,40.16,42.63,-0.5306,-4.26,-33.55,-18.92,-20.37,0.0,57.75,4,51.72,34.18,-23.63,0.0,,8,,20260817
IPGP,IPG Photonics Corporation,Technology,Semiconductor Equipment & Materials,NASDAQ,88.1,458750,3747292928,5.7501,100.86,102.03,-2.2193,-19.07,-56.7,-10.26,-28.71,0.0,10.0,4,155.82,71.38,-43.46,0.0,,8,,20260817
QS,QuantumScape Corporation,Consumer Cyclical,Auto Parts,NASDAQ,6.12,24139509,3764687872,0.3535,6.47,8.7,-0.9892,-28.4,-34.77,-53.8,-40.79,0.0,12.5,4,19.07,4.77,-67.91,0.0,,8,,20260817
TCLHF,TCL Electronics Holdings Limited,Technology,Consumer Electronics,PNK,2.05,1624,5495383040,0.0511,1.89,1.64,3.147,3.86,30.83,40.98,28.15,0.0,76.25,2,2.34,1.07,-12.39,0.0,,8,,20260817
HLNE,Hamilton Lane Incorporated,Financial Services,Asset Management,NASDAQ,100.84,917393,6750944256,4.0097,85.55,106.89,3.8126,12.42,-31.04,-57.17,-30.63,0.0,75.75,3,159.47,71.88,-36.77,0.0,,8,,20260817
TVAVF,The Tel-Aviv Stock Exchange Ltd.,Financial Services,Financial Data & Stock Exchanges,PNK,37.0,1062,3471924992,1.3075,43.57,42.17,-5.0265,-39.94,-33.22,49.96,-1.63,0.0,3.75,4,63.0,21.79,-41.27,0.0,,8,,20260817
SITE,"SiteOne Landscape Supply, Inc.",Industrials,Industrial Distribution,NYSE,95.65,882127,4175638272,4.2145,104.58,125.77,-2.1195,-24.89,-53.94,-55.72,-47.39,0.0,13.75,4,168.56,90.07,-43.25,0.0,,8,,20260817
TLPFY,Teleperformance SE,Industrials,Specialty Business Services,PNK,39.63,6720,4732951552,1.3676,33.16,32.01,4.7303,-0.36,23.14,-17.16,1.15,0.0,63.75,2,43.95,25.7,-9.83,0.0,,8,,20260817
JDSPY,JD Sports Fashion Plc,Consumer Cyclical,Apparel Retail,OQX,1.25,6630,5736302080,0.0354,1.13,1.04,3.3315,39.13,4.14,-13.79,5.71,0.0,81.25,2,1.39,0.84,-10.07,0.0,,8,,20260817
YMATF,Azbil Corporation,Industrials,Specialty Industrial Machinery,PNK,10.27,4,5145269760,0.015,10.25,-0.76,1.4833,4.4,-213.29,95.83,-35.22,0.0,75.0,2,10.74,8.85,-4.38,0.0,,8,,20260817
AVAL,Grupo Aval Acciones y Valores S.A.,Financial Services,Banks - Regional,NYSE,5.49,246580,6517583872,0.2157,5.12,4.48,1.7339,27.35,13.55,58.91,35.14,0.0,87.5,2,6.2,3.12,-11.45,0.0,,8,,20260817
JAN,"Janus Living, Inc.",Real Estate,REIT - Residential,NYSE,30.41,1689074,6567738880,0.9822,28.76,30.41,1.677,10.26,10.64,10.64,10.55,0.0,86.25,3,32.83,22.76,-7.37,0.0,,8,,20260817
CNX,CNX Resources Corporation,Energy,Oil & Gas E&P,NYSE,35.34,1787172,5228327936,0.9354,33.91,36.93,1.5289,-6.88,-26.89,1.92,-10.37,0.0,62.75,3,43.62,27.72,-18.98,0.0,,8,,20260817
TKC,Turkcell Iletisim Hizmetleri A.S.,Communication Services,Telecom Services,NYSE,5.42,2216109,4718527488,0.1227,5.74,6.04,-2.6045,-15.21,-37.06,-27.36,-27.72,0.0,12.5,4,7.18,5.29,-24.51,0.0,,8,,20260817
LPL,"LG Display Co., Ltd.",Technology,Consumer Electronics,NYSE,3.53,2789870,3529999872,0.1678,3.71,4.24,-1.0893,-31.56,-25.69,-39.98,-32.87,0.0,17.0,4,5.83,2.76,-39.45,0.0,,8,,20260817
WHD,"Cactus, Inc.",Energy,Oil & Gas Equipment & Services,NYSE,73.45,821400,5889178112,2.2641,58.02,52.59,6.8147,24.46,15.73,62.62,36.67,0.0,90.0,2,74.04,33.2,-0.8,0.0,,8,,20260817
IPGDF,IGO Limited,Basic Materials,Other Industrial Metals & Mining,PNK,5.09,195,4164973056,0.1695,5.75,5.52,-3.8857,-25.72,-29.77,10.49,-12.65,0.0,13.25,4,7.12,3.15,-28.56,0.0,,8,,20260817
OLLI,"Ollie's Bargain Outlet Holdings, Inc.",Consumer Defensive,Discount Stores,NASDAQ,74.93,2074187,4529765376,3.0214,73.12,96.83,0.5986,-8.39,-48.91,-65.74,-45.51,0.0,41.25,3,140.54,60.29,-46.68,0.0,,8,,20260817
NAVN,"Navan, Inc.",Technology,Software - Application,NASDAQ,28.72,4211541,7304393728,1.4109,24.87,28.72,2.7306,50.78,161.16,29.0,80.7,0.0,88.75,3,29.99,8.11,-4.23,0.0,,8,,20260817
DNTUY,Dentsu Group Inc.,Communication Services,Advertising Agencies,PNK,23.0,1082,5970486272,0.2978,20.31,19.71,9.0258,20.36,13.86,-15.7,3.66,0.0,76.25,2,23.56,16.38,-2.38,0.0,,8,,20260817
IIDDY,IGO Limited,Basic Materials,Other Industrial Metals & Mining,PNK,9.41,32,3562945024,0.0456,10.81,10.03,-30.596,-13.94,-34.24,11.63,-10.82,0.0,12.0,4,11.98,6.11,-21.45,0.0,,8,,20260817
DUOL,"Duolingo, Inc.",Technology,Software - Application,NASDAQ,130.16,1347166,6064560128,8.521,128.14,136.52,0.2374,11.35,1.69,-81.67,-29.24,0.0,75.75,3,371.63,87.89,-64.98,0.0,,8,,20260817
KYSEY,"Kyushu Electric Power Company, Incorporated",Utilities,Utilities - Independent Power Producers,PNK,10.36,2422,4897981440,1.0921,11.15,11.29,-0.7273,-17.71,-33.69,3.84,-14.68,0.0,44.5,3,14.06,8.29,-26.32,0.0,,8,,20260817
OMAB,"Grupo Aeroportuario del Centro Norte, S.A.B. de C.V.",Industrials,Airports & Air Services,NASDAQ,102.79,82496,4961794048,2.8766,107.11,107.45,-1.5024,-1.94,-31.4,-16.91,-18.24,0.0,56.5,3,134.99,95.69,-23.85,0.0,,8,,20260817
ATDRY,Autotrader Group plc,Communication Services,Internet Content & Information,PNK,1.74,936340,5429231616,0.0394,1.62,1.75,2.9508,3.27,-1.68,-55.93,-22.14,0.0,70.75,3,2.76,1.37,-36.96,0.0,,8,,20260817
UWMC,UWM Holdings Corporation,Financial Services,Mortgage Finance,NYSE,1.49,23493411,4270327296,0.1674,1.98,3.6,-2.9041,-52.86,-81.18,-90.84,-77.96,0.0,13.75,4,7.14,0.93,-79.13,0.0,,8,,20260817
MAQAF,Atlas Arteria Limited,Industrials,Infrastructure Operations,PNK,3.3,382,4796528640,0.0312,3.5,3.34,-6.2633,-4.03,-22.38,-27.43,-19.81,0.0,12.0,4,4.09,2.69,-19.32,0.0,,8,,20260817
JMPLY,Johnson Matthey Plc,Basic Materials,Specialty Chemicals,PNK,,1184,4281076480,0.7034,,,,,,,,0.0,20.75,3,87.6,48.0,,0.0,,8,,20260817
HRB,"H&R Block, Inc.",Consumer Cyclical,Personal Services,NYSE,50.13,2365432,6354489344,2.4483,41.25,37.87,3.6269,31.26,51.49,-15.18,19.76,0.0,91.25,2,58.67,28.16,-14.56,0.0,,8,,20260817
ZHEXF,"Zhejiang Expressway Co., Ltd.",Industrials,Infrastructure Operations,PNK,0.79,1650,5732791296,0.0239,0.83,0.91,-1.6214,-18.16,-33.95,-41.92,-33.19,0.0,15.75,4,1.1,0.74,-28.18,0.0,,8,,20260817
LPX,Louisiana-Pacific Corporation,Industrials,Building Products & Equipment,NYSE,72.29,1156203,5054763008,3.1501,74.73,78.13,-0.7735,-0.9,-35.8,-47.77,-31.86,0.0,62.75,4,101.28,66.12,-28.62,0.0,,8,,20260817
GBTG,"Global Business Travel Group, Inc.",Consumer Cyclical,Travel Services,NYSE,9.44,2445285,4931205120,0.0263,9.4,7.65,1.4315,-3.73,73.36,-0.41,24.58,0.0,82.5,2,9.54,4.96,-1.05,0.0,,8,,20260817
ALH,Alliance Laundry Holdings Inc.,Consumer Cyclical,"Furnishings, Fixtures & Appliances",NYSE,24.79,605241,4927485952,1.1003,26.02,23.84,-1.1149,-0.77,-7.91,-16.2,-9.44,0.0,74.5,3,28.23,18.64,-12.19,0.0,,8,,20260817
OTF,Blue Owl Technology Finance Corp.,Financial Services,Asset Management,NYSE,11.13,2523550,5099603456,0.3452,10.48,11.48,1.8828,-1.31,-19.63,-33.84,-20.73,0.0,74.5,3,15.82,9.75,-29.65,0.0,,8,,20260817
STVN,Stevanato Group S.p.A.,Healthcare,Medical Instruments & Supplies,NYSE,21.26,363051,5806662656,0.799,19.02,18.47,2.8003,15.06,22.75,-25.72,1.44,0.0,93.75,2,28.0,12.89,-24.07,0.0,,8,,20260817
DSVSF,Discovery Mining Ltd.,Basic Materials,Silver,OQX,8.15,466879,6635054080,0.4575,6.32,6.37,4.0077,16.12,-5.18,161.86,66.96,0.0,88.75,3,9.11,2.69,-10.56,0.0,,8,,20260817
SMFRF,"Sumitomo Forestry Co., Ltd.",Consumer Cyclical,Residential Construction,PNK,8.39,1191,5144595968,0.2061,0.41,-3.58,38.7072,-153.03,-152.51,-94.13,-129.29,0.0,62.0,3,12.17,7.49,-31.06,0.0,,8,,20260817
CIGI,Colliers International Group Inc.,Real Estate,Real Estate Services,NASDAQ,103.43,221412,5285668352,3.6256,97.86,117.96,1.5351,7.8,-22.57,-57.17,-28.82,0.0,61.25,3,171.51,88.38,-39.69,0.0,,8,,20260817
KOTMY,"Koito Manufacturing Co., Ltd.",Consumer Cyclical,Auto Parts,PNK,15.4,312,4369598976,0.2487,16.12,15.76,-2.9006,-13.78,-18.16,-8.06,-13.03,0.0,24.0,4,18.34,13.68,-16.02,0.0,,8,,20260817
PUMSY,PUMA SE,Consumer Cyclical,Footwear & Accessories,PNK,2.93,12541,4438130688,0.0563,3.12,2.7,-3.3177,-8.1,-6.22,27.6,6.84,0.0,48.25,3,3.46,1.71,-15.32,0.0,,8,,20260817
BTDPF,Barratt Redrow plc,Consumer Cyclical,Residential Construction,PNK,3.95,14,4869519872,0.0109,3.64,4.27,28.093,8.82,-42.22,-40.27,-28.68,0.0,62.0,3,5.46,3.25,-27.66,0.0,,8,,20260817
CBUMF,China National Building Material Company Limited,Basic Materials,Building Materials,PNK,0.51,29763,3885728512,0.034,0.58,0.55,-1.8774,-36.22,-26.77,3.34,-17.09,0.0,23.25,4,0.9,0.42,-43.09,0.0,,8,,20260817
CWSRF,Chartwell Retirement Residences,Real Estate,REIT - Healthcare Facilities,PNK,14.97,66836,4962327040,0.1911,15.7,14.97,-3.8146,-4.24,-16.67,-5.16,-8.96,0.0,52.75,3,16.83,12.99,-11.05,0.0,,8,,20260817
AX,"Axos Financial, Inc.",Financial Services,Banks - Regional,NYSE,99.32,375782,5634825728,2.5765,96.37,90.32,1.1451,14.6,-11.84,-9.62,-4.34,0.0,82.5,2,105.74,74.89,-6.07,0.0,,8,,20260817
PUTKY,PT United Tractors Tbk,Basic Materials,Other Industrial Metals & Mining,PNK,26.08,43029,4554993664,0.5577,26.58,31.56,-0.8882,-19.82,-37.7,-30.16,-30.21,0.0,15.75,4,39.0,23.18,-33.13,0.0,,8,,20260817
DLPTF,"Liaoning Port Co., Ltd.",Industrials,Marine Shipping,PNK,0.12,1495,3580551424,0.0006,0.11,0.11,15.6309,5.06,-34.56,11.62,-6.19,0.0,75.0,2,0.15,0.06,-21.0,0.0,,8,,20260817
CMBT,Cmb.Tech NV,Energy,Oil & Gas Midstream,NYSE,17.37,1299762,5040248832,0.488,15.4,12.58,4.0329,18.01,32.25,87.77,50.9,0.0,90.0,2,17.72,7.78,-1.98,0.0,,8,,20260817
SON,Sonoco Products Company,Consumer Cyclical,Packaging & Containers,NYSE,56.75,1206166,5611156480,1.5521,54.48,49.15,1.4619,17.89,-0.86,7.54,7.19,0.0,87.5,2,60.67,38.65,-6.46,0.0,,8,,20260817
MIAX,"Miami International Holdings, Inc.",Financial Services,Capital Markets,NYSE,42.41,1898396,4208382208,1.8781,41.82,43.58,0.3116,-29.29,-13.3,16.83,-5.24,0.0,48.25,3,57.14,31.2,-25.78,0.0,,8,,20260817
MKTX,MarketAxess Holdings Inc.,Financial Services,Capital Markets,NASDAQ,162.56,971690,5720956416,2.7037,128.37,156.34,12.6457,13.26,-22.4,-32.88,-17.68,0.0,83.75,3,195.97,108.75,-17.05,0.0,,8,,20260817
FNCNF,Fincantieri S.p.A.,Industrials,Aerospace & Defense,PNK,14.95,774,5370071552,0.212,13.5,17.02,6.8567,11.41,-38.94,-53.92,-32.34,0.0,51.25,3,31.9,11.2,-53.13,0.0,,8,,20260817
LBRDP,Liberty Broadband Corporation,Communication Services,Telecom Services,NASDAQ,22.1,9685,0,0.2724,21.61,22.5,1.788,-0.98,-18.27,-25.3,-16.76,0.0,75.75,3,25.03,21.05,-11.71,0.0,,8,,20260817
LBRDK,Liberty Broadband Corporation,Communication Services,Telecom Services,NASDAQ,33.96,1895246,4873182720,1.6949,32.37,43.63,0.9352,-5.25,-52.79,-65.79,-46.1,0.0,40.0,3,65.72,26.25,-48.33,0.0,,8,,20260817
LBRDA,Liberty Broadband Corporation,Communication Services,Telecom Services,NASDAQ,33.94,216930,4882651136,1.6709,32.48,43.43,0.8717,-1.1,-52.71,-64.5,-44.52,0.0,65.0,3,65.4,26.14,-48.1,0.0,,8,,20260817
LBRDB,Liberty Broadband Corporation,Communication Services,Telecom Services,OQB,33.16,158,4887738880,0.5799,32.16,43.31,1.7253,-6.53,-46.75,-69.08,-45.63,0.0,30.0,3,69.62,26.99,-52.37,0.0,,8,,20260817
SXT,Sensient Technologies Corporation,Basic Materials,Specialty Chemicals,NYSE,133.45,495864,5680007168,3.7268,120.68,103.27,3.4272,12.72,30.49,-3.83,12.32,0.0,90.0,2,134.08,82.6,-0.47,0.0,,8,,20260817
BDVSY,The Bidvest Group Limited,Industrials,Conglomerates,PNK,30.45,12195,5161195520,0.5026,29.46,28.4,1.9652,4.1,-12.07,-9.24,-6.89,0.0,90.0,2,32.0,24.08,-4.84,0.0,,8,,20260817
WFG,West Fraser Timber Co. Ltd.,Basic Materials,Lumber & Wood Production,NYSE,68.41,215440,5356764672,2.3875,68.21,64.91,0.0848,11.25,-20.06,-28.91,-15.77,0.0,88.75,2,76.99,57.34,-11.14,0.0,,8,,20260817
ACMR,"ACM Research, Inc.",Technology,Semiconductor Equipment & Materials,NASDAQ,85.64,1495090,5964757504,7.4465,90.63,60.38,-0.6703,29.7,18.14,214.98,99.77,0.0,58.75,3,127.19,24.14,-32.67,0.0,,8,,20260817
CRSP,CRISPR Therapeutics AG,Healthcare,Biotechnology,NASDAQ,54.28,1637258,5248477184,2.0774,52.25,53.18,0.9783,7.32,-11.66,-28.85,-13.79,0.0,63.75,3,78.48,44.12,-30.84,0.0,,8,,20260817
FMMFF,Fuji Corporation,Industrials,Specialty Industrial Machinery,PNK,50.34,0,4425544192,0.0146,50.34,32.05,0.0,0.39,47.57,179.28,88.46,0.0,75.0,3,50.42,16.52,-0.16,0.0,,8,,20260817
PMMAF,PUMA SE,Consumer Cyclical,Footwear & Accessories,PNK,29.91,98,4605332480,0.4853,31.57,27.44,-3.42,-9.11,-5.97,22.02,4.44,0.0,51.25,3,35.0,17.41,-14.54,0.0,,8,,20260817
VOYJF,Valmet Oyj,Industrials,Specialty Industrial Machinery,PNK,24.72,14,6641632768,0.0124,24.98,30.07,-21.3397,-28.99,-35.05,-50.32,-39.64,0.0,12.0,4,36.05,24.72,-31.43,0.0,,8,,20260817
MTPOF,Metropolitan Bank & Trust Company,Financial Services,Banks - Regional,PNK,1.01,2941,4542389760,0.1156,1.14,-0.2,-1.1384,-15.44,-162.65,212.34,24.15,0.0,58.75,3,1.53,0.85,-34.02,0.0,,8,,20260817
RLI,RLI Corp.,Financial Services,Insurance - Property & Casualty,NYSE,62.42,930787,5728468480,1.777,59.4,56.96,1.7004,23.45,-7.89,-20.55,-5.12,0.0,90.0,2,69.19,47.26,-9.78,0.0,,8,,20260817
TCCHF,Technogym S.p.A.,Consumer Cyclical,Leisure,PNK,24.0,1,4782992384,0.0017,24.0,18.21,0.0,-3.49,59.6,52.44,40.96,0.0,75.0,3,24.25,14.0,-1.03,0.0,,8,,20260817
ACHR,Archer Aviation Inc.,Industrials,Aerospace & Defense,NYSE,6.39,44342112,4920471040,0.508,5.22,6.67,2.2937,0.82,-19.55,-57.17,-29.51,0.0,49.5,3,14.62,4.3,-56.29,0.0,,8,,20260817
RDN,Radian Group Inc.,Financial Services,Insurance - Specialty,NYSE,37.05,1310229,4948249600,0.9146,37.15,34.97,-0.1137,-3.71,0.69,-12.55,-5.71,0.0,75.75,3,41.05,31.5,-9.74,0.0,,8,,20260817
ACLS,"Axcelis Technologies, Inc.",Technology,Semiconductor Equipment & Materials,NASDAQ,144.11,541201,4450331136,9.264,149.96,114.07,-0.6318,-11.94,38.48,50.92,30.85,0.0,52.0,3,193.78,73.6,-25.63,0.0,,8,,20260817
VSECU,VSE Corporation,Industrials,Aerospace & Defense,NASDAQ,60.75,53454,0,2.5909,53.54,60.75,2.7825,29.28,2.78,9.37,12.04,0.0,90.0,3,68.1,38.45,-10.79,0.0,,8,,20260817
VSEC,VSE Corporation,Industrials,Aerospace & Defense,NASDAQ,243.48,479622,6833259008,11.56,209.75,194.76,2.9182,38.74,6.32,27.8,23.01,0.0,90.0,2,247.85,154.67,-1.76,0.0,,8,,20260817
MTPOY,Metropolitan Bank & Trust Company,Financial Services,Banks - Regional,PNK,20.1,30,4519902720,0.179,21.37,22.24,-7.087,-10.93,-25.01,-43.11,-28.73,0.0,37.0,4,27.3,19.15,-26.37,0.0,,8,,20260817
AUTSF,AUTSF,Unknown,Unknown,PNK,1.83,18379,0,0.0943,1.16,1.83,7.1398,64.51,64.51,64.51,64.51,0.0,67.0,3,1.83,0.82,0.0,0.0,,8,,20260817
BTDPY,Barratt Redrow plc,Consumer Cyclical,Residential Construction,PNK,8.66,119129,6024291840,0.1806,7.61,8.49,5.8386,28.02,-31.99,-32.8,-17.31,0.0,82.5,3,11.24,6.38,-22.95,0.0,,8,,20260817
GSISF,Genesis Minerals Limited,Basic Materials,Gold,PNK,5.02,3667,5892355072,0.2533,4.19,4.52,3.277,-1.54,-15.21,75.22,24.38,0.0,81.25,3,6.19,2.69,-18.87,0.0,,8,,20260817
AYYLF,Ayala Corporation,Industrials,Conglomerates,PNK,8.5,72,5362706432,0.1117,7.12,7.98,12.3927,3.4,-28.62,-38.28,-24.48,0.0,75.0,3,10.3,6.55,-17.48,0.0,,8,,20260817
BKEAY,"The Bank of East Asia, Limited",Financial Services,Banks - Regional,PNK,2.25,651,5948603904,0.0971,1.79,1.78,4.6979,25.28,0.95,41.64,23.31,0.0,76.25,2,2.35,1.4,-4.26,0.0,,8,,20260817
XXI,"Twenty One Capital, Inc.",Consumer Defensive,Education & Training Services,NYSE,4.95,1446656,1716698752,0.3131,5.16,8.24,-0.6694,-44.54,-28.67,-104.41,-62.93,0.0,24.5,4,26.97,4.15,-81.65,0.0,,8,,20260817
GHC,Graham Holdings Company,Industrials,Conglomerates,NYSE,1165.29,20670,4934919168,34.8545,1168.48,1114.34,-0.0915,1.98,-3.4,-10.87,-5.04,0.0,73.25,3,1262.35,929.76,-7.69,0.0,,8,,20260817
PBF,PBF Energy Inc.,Energy,Oil & Gas Refining & Marketing,NYSE,75.07,2946035,8898561024,4.0252,54.84,41.37,5.0261,73.33,107.42,218.03,143.14,0.0,88.75,2,75.67,22.13,-0.79,0.0,,8,,20260817
WHITF,Whitehaven Coal Limited,Energy,Thermal Coal,PNK,5.4,10000,4440548352,0.6052,5.24,5.52,0.2707,-6.56,-25.16,-4.33,-12.18,0.0,44.5,3,6.85,0.01,-21.17,0.0,,8,,20260817
EMAT,Evolution Metals & Technologies Corp.,Basic Materials,Other Industrial Metals & Mining,NASDAQ,2.79,180337,1734795904,0.5085,5.25,2.79,-4.8285,-69.31,-85.76,-97.96,-86.53,0.0,31.25,3,24.09,2.15,-88.42,0.0,,8,,20260817
GAERF,"Grupo Aeroportuario del Centro Norte, S.A.B. de C.V.",Industrials,Airports & Air Services,PNK,11.96,93,4619358720,0.261,13.76,8.53,-6.8976,95.54,37.4,201.0,117.37,0.0,50.0,3,17.82,10.36,-32.87,0.0,,8,,20260817
QNTPF,XtalPi Holdings Limited,Unknown,Unknown,PNK,1.05,12456,0,0.1083,1.16,1.05,-1.0004,-52.81,-23.01,-37.82,-36.38,0.0,25.0,3,2.04,0.79,-48.53,0.0,,8,,20260817
LAZ,"Lazard, Inc.",Financial Services,Capital Markets,NYSE,43.75,2137696,4263462656,1.7552,42.62,46.17,0.6463,-6.92,-28.41,-38.7,-27.15,0.0,50.75,3,58.75,38.67,-25.53,0.0,,8,,20260817
DNTH,"Dianthus Therapeutics, Inc.",Healthcare,Biotechnology,NCM,114.86,1061503,6424622592,5.7258,97.35,70.47,3.0587,31.05,127.89,429.75,224.42,0.0,88.75,2,116.47,20.31,-1.38,0.0,,8,,20260817
PSMMY,Persimmon Plc,Consumer Cyclical,Residential Construction,PNK,31.74,55940,5095895552,0.658,28.88,31.63,4.3502,13.47,-34.43,-9.78,-12.59,0.0,88.75,3,41.84,26.71,-24.14,0.0,,8,,20260817
SEB,Seaboard Corporation,Industrials,Conglomerates,NYSE,4452.32,9495,4264409600,170.0838,4631.61,4807.08,-1.0541,-9.11,-30.97,5.98,-10.73,0.0,35.25,4,5989.37,3140.01,-25.66,0.0,,8,,20260817
NTSK,"Netskope, Inc.",Technology,Software - Infrastructure,NASDAQ,15.25,5911282,6159835648,0.914,11.92,13.55,3.6418,31.12,14.32,-50.16,-7.27,0.0,91.25,3,27.99,7.67,-45.52,0.0,,8,,20260817
TGS,Transportadora de Gas del Sur S.A.,Energy,Oil & Gas Integrated,NYSE,28.3,298154,4260627456,1.1387,30.15,30.66,-1.6266,-8.61,-17.78,-20.42,-16.54,0.0,24.5,4,36.35,19.74,-22.15,0.0,,8,,20260817
BOOT,"Boot Barn Holdings, Inc.",Consumer Cyclical,Apparel Retail,NYSE,164.13,722137,4970651648,7.0448,161.92,173.34,0.3134,8.6,-25.78,-23.74,-16.37,0.0,79.5,3,210.25,133.18,-21.94,0.0,,8,,20260817
XMTR,"Xometry, Inc.",Industrials,Industrial Distribution,NASDAQ,89.73,836356,5143644160,5.338,90.87,66.42,-0.2142,-3.82,51.75,66.19,43.63,0.0,74.5,3,106.08,35.86,-15.41,0.0,,8,,20260817
PAM,Pampa Energía S.A.,Industrials,Conglomerates,NYSE,79.86,192800,4280796928,2.7448,83.6,84.33,-1.3627,-4.17,-15.85,-13.62,-12.04,0.0,56.5,3,94.5,54.95,-15.49,0.0,,8,,20260817
ZETA,Zeta Global Holdings Corp.,Technology,Software - Infrastructure,NYSE,28.83,9600858,7186097152,1.5461,22.06,19.31,4.3793,62.91,72.54,40.74,57.42,0.0,90.0,2,29.89,14.37,-3.55,0.0,,8,,20260817
NNNN,Anbio Biotechnology,Healthcare,Medical Instruments & Supplies,NASDAQ,8.48,42787,372416832,2.0487,12.28,23.35,-1.8526,-73.31,-78.88,-104.21,-87.62,0.0,13.75,4,54.95,7.08,-84.56,0.0,,8,,20260817
PTEN,"Patterson-UTI Energy, Inc.",Energy,Oil & Gas Drilling,NASDAQ,12.22,9204598,4658616320,0.5372,10.18,8.95,3.7807,-5.57,40.03,107.43,55.59,0.0,63.75,2,13.08,5.1,-6.61,0.0,,8,,20260817
HSKCF,Haseko Corp.,Consumer Cyclical,Residential Construction,PNK,17.62,0,4666772480,0.0046,17.62,-11.41,0.0,-1.68,-161.86,-103.03,-98.28,0.0,75.0,3,17.62,12.74,0.0,0.0,,8,,20260817
ATAT,Atour Lifestyle Holdings Limited,Consumer Cyclical,Lodging,NASDAQ,35.29,948220,4876582400,1.1217,33.09,36.43,1.965,-6.55,-23.67,-18.64,-17.38,0.0,50.75,3,43.17,30.77,-18.26,0.0,,8,,20260817
MEOH,Methanex Corporation,Basic Materials,Chemicals,NASDAQ,57.29,900269,4432198656,2.0701,53.15,50.35,2.0005,-14.11,4.4,49.9,17.97,0.0,63.75,2,66.75,32.0,-14.17,0.0,,8,,20260817
ASB,Associated Banc-Corp,Financial Services,Banks - Regional,NYSE,32.06,1972888,6054520320,0.5612,30.56,27.36,2.679,14.0,3.25,9.4,8.4,0.0,87.5,2,32.46,23.86,-1.23,0.0,,8,,20260817
FCN,"FTI Consulting, Inc.",Industrials,Consulting Services,NYSE,149.82,473153,4136766464,5.0342,155.35,165.61,-1.0992,-0.59,-21.92,-31.69,-20.49,0.0,62.75,4,189.3,137.65,-20.86,0.0,,8,,20260817
RIOCF,RioCan Real Estate Investment Trust,Real Estate,REIT - Retail,PNK,15.6,127277,4541408768,0.1757,15.9,14.47,-1.7072,-2.64,-2.5,3.41,-0.17,0.0,69.5,3,16.55,12.54,-5.74,0.0,,8,,20260817
GMVHF,Entain Plc,Consumer Cyclical,Gambling,PNK,7.77,16958,4799311360,0.4746,7.61,8.42,0.3459,1.74,-17.39,-56.36,-28.2,0.0,80.75,3,12.46,6.74,-37.64,0.0,,8,,20260817
LAUR,"Laureate Education, Inc.",Consumer Defensive,Education & Training Services,NASDAQ,37.71,1201945,5194528256,1.14,37.31,34.07,0.3509,12.6,-5.48,25.03,11.24,0.0,91.25,2,40.92,24.98,-7.86,0.0,,8,,20260817
BB,BlackBerry Limited,Technology,Software - Infrastructure,NYSE,8.73,30649124,5116656128,0.5301,9.53,5.75,-1.5154,36.23,138.37,115.45,103.67,0.0,58.75,3,13.59,3.12,-35.76,0.0,,8,,20260817
NNI,"Nelnet, Inc.",Financial Services,Credit Services,NYSE,125.83,132550,4502127104,3.7168,132.02,131.52,-1.666,-4.2,-16.38,-22.33,-15.72,0.0,60.25,3,144.38,116.62,-12.85,0.0,,8,,20260817
MDU,"MDU Resources Group, Inc.",Utilities,Utilities - Regulated Gas,NYSE,20.57,1656475,4326888448,0.471,20.87,20.62,-0.6285,-11.27,-13.72,6.21,-5.14,0.0,35.25,4,22.98,15.76,-10.49,0.0,,8,,20260817
SPHR,Sphere Entertainment Co.,Communication Services,Entertainment,NYSE,171.6,725011,6162775552,8.5719,152.46,118.21,2.2324,22.94,34.38,314.62,143.62,0.0,91.25,2,181.63,39.52,-5.52,0.0,,8,,20260817
GMVHY,Entain Plc,Consumer Cyclical,Gambling,PNK,7.47,67469,4780113920,0.187,7.41,8.25,0.3304,1.46,-16.8,-57.93,-28.69,0.0,74.5,3,12.14,6.85,-38.47,0.0,,8,,20260817
FFIN,"First Financial Bankshares, Inc.",Financial Services,Banks - Regional,NASDAQ,34.86,887137,4996397056,0.5948,34.44,31.94,0.7011,8.03,-8.45,-23.08,-10.18,0.0,87.5,2,38.12,28.12,-8.55,0.0,,8,,20260817
MRVGF,Mirvac Group,Real Estate,REIT - Diversified,PNK,1.11,133,4372013056,0.0004,1.09,1.2,37.4494,-5.86,-27.63,-38.05,-26.36,0.0,37.0,3,1.72,1.11,-35.54,0.0,,8,,20260817
MAIN,Main Street Capital Corporation,Financial Services,Asset Management,NYSE,58.15,673032,5437517312,1.2706,53.24,54.64,3.8621,12.87,-12.12,-27.81,-12.15,0.0,88.75,3,67.34,48.95,-13.65,0.0,,8,,20260817
DNLZY,Dyno Nobel Limited,Basic Materials,Specialty Chemicals,PNK,2.62,2096,4800861184,0.1101,2.64,2.33,-0.2179,-2.44,0.72,25.59,9.88,0.0,70.75,3,2.81,1.47,-6.76,0.0,,8,,20260817
UNF,UniFirst Corporation,Industrials,Specialty Business Services,NYSE,286.47,189832,5180572672,4.7714,278.95,235.75,1.5758,5.07,6.09,43.94,20.97,0.0,86.25,2,306.67,147.66,-6.59,0.0,,8,,20260817
SPGNY,Springer Nature AG & Co. KGaA,Communication Services,Publishing,PNK,11.87,111,2360812288,0.138,10.81,11.87,7.6845,7.14,7.14,7.14,7.14,0.0,62.0,3,11.87,10.17,-0.0,0.0,,8,,20260817
ALK,"Alaska Air Group, Inc.",Industrials,Airlines,NYSE,44.04,3162641,4915001344,2.1665,48.11,45.88,-1.8777,14.42,-34.26,-43.69,-25.86,0.0,47.0,1,65.88,33.03,-33.15,0.0,,8,,20260817
NEXXY,Nexi S.p.A.,Technology,Software - Infrastructure,PNK,4.84,1832,5673901056,0.0805,4.84,4.84,0.0,13.28,13.28,13.28,13.28,0.0,63.25,3,4.95,4.0,-2.22,0.0,,8,,20260817
MBRFY,MBRF Global Foods Company S.A.,Consumer Defensive,Packaged Foods,PNK,3.06,219559,4263860992,0.1693,3.09,3.46,-0.1654,-14.27,-27.25,-44.63,-30.96,0.0,22.0,4,5.39,2.5,-43.23,0.0,,8,,20260817
MIR,"Mirion Technologies, Inc.",Industrials,Specialty Industrial Machinery,NYSE,15.74,4212141,3919852544,0.7701,16.63,20.91,-1.1513,-20.35,-40.74,-50.02,-39.35,0.0,11.25,4,30.28,14.11,-48.01,0.0,,8,,20260817
LGND,Ligand Pharmaceuticals Incorporated,Healthcare,Biotechnology,NASDAQ,291.77,363725,5816612352,10.9754,290.48,226.26,0.1173,32.04,44.78,68.59,51.12,0.0,85.0,2,326.63,149.51,-10.67,0.0,,8,,20260817
REYN,Reynolds Consumer Products Inc.,Consumer Cyclical,Packaging & Containers,NASDAQ,25.91,1176466,5461594112,0.6311,25.39,23.25,0.8196,17.39,-0.5,-5.16,2.11,0.0,85.0,2,27.32,20.44,-5.16,0.0,,8,,20260817
AQN,Algonquin Power & Utilities Corp.,Utilities,Utilities - Diversified,NYSE,5.83,4463609,4488527872,0.1273,5.82,6.04,0.0668,-2.29,-26.46,-19.65,-17.69,0.0,74.5,3,7.11,5.32,-18.0,0.0,,8,,20260817
EBC,"Eastern Bankshares, Inc.",Financial Services,Banks - Regional,NASDAQ,23.65,3251417,5404298240,0.4061,22.23,20.01,3.5017,19.37,-2.93,30.16,15.88,0.0,88.75,2,23.77,15.71,-0.53,0.0,,8,,20260817
HSHZY,Hoshizaki Corporation,Industrials,Specialty Industrial Machinery,PNK,9.22,806,5166949888,0.0489,8.59,8.48,13.0497,10.12,-1.47,-19.72,-5.87,0.0,75.0,2,10.14,7.91,-9.05,0.0,,8,,20260817
CNVVF,Convatec Group PLC,Healthcare,Medical Instruments & Supplies,PNK,3.1,2283,6048011776,0.0516,2.84,2.98,5.0319,7.88,-12.65,-31.08,-14.89,0.0,76.25,3,3.65,2.3,-15.07,0.0,,8,,20260817
CSW,"CSW Industrials, Inc.",Industrials,Specialty Industrial Machinery,NYSE,342.71,152998,5583940608,13.0834,293.5,285.03,3.7616,25.84,-4.49,-1.08,4.46,0.0,90.0,2,355.48,230.45,-3.59,0.0,,8,,20260817
DIOD,Diodes Incorporated,Technology,Semiconductors,NASDAQ,107.56,655491,4953320960,7.0359,98.67,76.85,1.263,2.72,37.41,78.35,45.11,0.0,62.5,2,125.99,42.28,-14.63,0.0,,8,,20260817
INDV,"Indivior Pharmaceuticals, Inc.",Healthcare,Drug Manufacturers - Specialty & Generic,NASDAQ,39.08,1988340,4611973632,1.4518,39.53,35.22,-0.3067,1.51,-0.93,47.54,19.07,0.0,75.75,3,42.81,22.22,-8.71,0.0,,8,,20260817
PI,"Impinj, Inc.",Technology,Semiconductors,NASDAQ,171.71,442437,5246498304,8.6704,143.86,142.49,3.2118,18.98,27.92,-18.54,7.1,0.0,87.5,2,247.06,87.36,-30.5,0.0,,8,,20260817
CUYTY,Colruyt Group N.V.,Consumer Defensive,Grocery Stores,PNK,10.71,756,5345754624,0.0787,10.49,9.71,2.8078,9.81,1.75,-23.87,-6.48,0.0,75.0,2,11.43,9.13,-6.26,0.0,,8,,20260817
CHEOY,Cochlear Limited,Healthcare,Medical Devices,PNK,46.37,66800,6065095168,1.0809,41.4,62.65,4.5967,30.0,-47.48,-73.77,-38.63,0.0,63.75,3,104.65,31.82,-55.69,0.0,,8,,20260817
DNPUF,"Sumitomo Pharma Co., Ltd.",Healthcare,Drug Manufacturers - Specialty & Generic,PNK,8.41,77,4710231040,0.0234,8.93,12.2,-22.331,-24.76,-51.31,-5.97,-26.54,0.0,0.0,4,19.2,8.41,-56.2,0.0,,8,,20260817
UFPI,"UFP Industries, Inc.",Basic Materials,Lumber & Wood Production,NASDAQ,88.29,490838,4870208000,3.0064,87.43,92.03,0.2857,6.04,-36.28,-34.17,-24.86,0.0,74.5,3,118.0,77.89,-25.18,0.0,,8,,20260817
FLIDY,FLSmidth & Co. A/S,Industrials,Specialty Industrial Machinery,PNK,7.71,138,4324093440,0.1431,7.62,7.8,0.6065,1.58,-23.95,6.36,-5.45,0.0,64.5,3,9.2,6.07,-16.2,0.0,,8,,20260817
MTN,"Vail Resorts, Inc.",Consumer Cyclical,Resorts & Casinos,NYSE,146.6,745569,5223875584,4.7929,143.41,134.78,0.6662,17.68,-1.19,-18.69,-3.47,0.0,92.5,2,165.5,118.51,-11.42,0.0,,8,,20260817
RELY,"Remitly Global, Inc.",Technology,Software - Infrastructure,NASDAQ,26.3,3730351,5537756160,1.161,22.72,17.87,3.0876,11.62,92.17,12.71,40.25,0.0,88.75,2,27.15,12.08,-3.13,0.0,,8,,20260817
HISEF,"Hisense Home Appliances Group Co., Ltd.",Consumer Cyclical,"Furnishings, Fixtures & Appliances",PNK,2.72,140,4172754432,0.0387,2.59,1.83,3.4025,74.92,78.75,33.51,59.7,0.0,75.0,2,3.56,2.59,-23.62,0.0,,8,,20260817
CSTM,Constellium SE,Basic Materials,Aluminum,NYSE,29.92,1915179,4054989568,1.1401,30.66,25.82,-0.6533,-11.04,14.53,91.37,38.87,0.0,50.75,3,36.99,13.58,-19.11,0.0,,8,,20260817
IBOC,International Bancshares Corporation,Financial Services,Banks - Regional,NASDAQ,73.14,362583,4548687360,1.3398,74.69,70.07,-1.1573,-0.5,-11.43,-13.89,-9.68,0.0,74.5,3,78.46,63.2,-6.78,0.0,,8,,20260817
GTLB,GitLab Inc.,Technology,Software - Infrastructure,NASDAQ,40.52,5456964,6843828224,2.1799,32.72,31.71,3.5773,66.46,23.18,-22.18,15.86,0.0,88.75,2,52.38,18.73,-22.64,0.0,,8,,20260817
TTCIF,Titan S.A.,Basic Materials,Building Materials,PNK,61.0,179,4559147008,0.0459,60.52,60.47,10.4026,2.05,-25.75,16.31,-1.98,0.0,75.0,2,69.93,44.3,-12.77,0.0,,8,,20260817
EXLS,"ExlService Holdings, Inc.",Technology,Information Technology Services,NASDAQ,34.56,2631867,5239728128,1.2331,29.59,33.64,4.0297,20.96,1.11,-40.46,-10.55,0.0,92.5,3,45.08,24.85,-23.34,0.0,,8,,20260817
UUUU,Energy Fuels Inc.,Energy,Uranium,NYSE,14.79,8939666,3696982272,0.8612,13.64,17.54,1.3323,-24.46,-42.56,29.94,-9.03,0.0,40.0,3,27.9,8.16,-46.99,0.0,,8,,20260817
MIMTF,Mitsubishi Materials Corporation,Basic Materials,Other Industrial Metals & Mining,PNK,32.0,30,4181678080,0.4383,27.98,27.44,9.1696,-11.28,-21.35,82.08,22.54,0.0,51.25,2,39.0,16.34,-17.95,0.0,,8,,20260817
BKEAF,"The Bank of East Asia, Limited",Financial Services,Banks - Regional,PNK,2.03,183,5366962176,0.0251,1.58,1.68,17.7466,13.31,-8.94,6.21,2.68,0.0,76.25,3,2.07,1.41,-1.93,0.0,,8,,20260817
ONDS,Ondas Inc.,Technology,Communication Equipment,NCM,9.0,87223400,5134970880,0.6897,8.32,9.38,0.9793,-20.06,-17.27,107.88,32.09,0.0,50.75,3,15.28,3.2,-41.1,0.0,,8,,20260817
FBIN,"Fortune Brands Innovations, Inc.",Industrials,Building Products & Equipment,NYSE,46.55,2629535,5553108480,2.1255,48.1,47.21,-0.7291,31.61,-22.14,-40.38,-16.0,0.0,60.25,1,64.84,32.34,-28.21,0.0,,8,,20260817
WSC,WillScot Holdings Corporation,Industrials,Rental & Leasing Services,NCM,23.58,2239298,4272482816,1.1899,26.4,22.12,-2.3705,-8.21,-4.21,-24.25,-13.22,0.0,33.75,3,29.77,14.91,-20.79,0.0,,8,,20260817
HSSKY,HASEKO Corporation,Consumer Cyclical,Residential Construction,PNK,17.86,1,4730337792,0.001,17.86,17.86,0.0,-2.6,-2.6,-2.6,-2.6,0.0,62.0,3,17.86,17.39,0.0,0.0,,8,,20260817
EPR,EPR Properties,Real Estate,REIT - Specialty,NYSE,60.5,675117,4634839552,1.3217,60.03,54.33,0.3581,2.34,-7.12,0.67,-1.64,0.0,86.25,2,64.97,48.11,-6.88,0.0,,8,,20260817
RMLRF,Ramelius Resources Limited,Basic Materials,Gold,PNK,2.55,11127,4817236480,0.119,2.23,2.6,2.7299,3.71,-34.25,23.76,-1.56,0.0,44.5,3,3.89,1.68,-34.45,0.0,,8,,20260817
NRSDY,Nordic Semiconductor ASA,Technology,Semiconductors,PNK,17.0,246,3362517760,0.1777,18.13,16.13,-6.3418,-32.2,-6.34,3.79,-8.75,0.0,26.25,3,23.4,12.6,-27.35,0.0,,8,,20260817
YADGF,Yadea Group Holdings Ltd.,Consumer Cyclical,Auto Manufacturers,PNK,0.86,516,2611086336,0.0036,0.78,0.59,21.3141,73.84,94.88,32.85,64.81,0.0,75.0,2,2.26,0.86,-61.95,0.0,,8,,20260817
TFSL,TFS Financial Corporation,Financial Services,Banks - Regional,NASDAQ,17.5,928506,4909150208,0.4001,17.55,14.81,-0.1052,11.51,7.83,22.47,14.61,0.0,70.75,3,19.49,12.54,-10.18,0.0,,8,,20260817
TNEYF,Tamarack Valley Energy Ltd.,Energy,Oil & Gas E&P,PNK,9.75,202864,4631601152,0.3335,9.16,7.57,1.78,-3.97,25.89,137.18,62.94,0.0,90.0,2,10.48,3.61,-6.97,0.0,,8,,20260817
MTRN,Materion Corporation,Basic Materials,Other Industrial Metals & Mining,NYSE,287.79,382375,5995737600,16.2869,255.41,177.63,1.9879,35.66,66.57,135.28,86.33,0.0,88.75,2,304.58,107.72,-5.51,0.0,,8,,20260817
BECTY,Bechtle AG,Technology,Information Technology Services,PNK,9.1,74,5733000192,0.1067,7.72,8.16,12.9791,19.68,-5.58,-24.4,-6.79,0.0,76.25,3,11.25,6.0,-19.11,0.0,,8,,20260817
AYALY,Ayala Corporation,Industrials,Conglomerates,PNK,7.93,861,5892667904,0.2909,7.26,8.06,2.293,-10.1,-27.39,-45.34,-30.25,0.0,62.0,3,15.31,6.34,-48.2,0.0,,8,,20260817
TRKNY,Türk Telekomünikasyon Anonim Sirketi,Communication Services,Telecom Services,PNK,2.85,222,5249999872,0.1444,2.82,3.05,0.1426,-37.4,-12.59,-19.67,-21.63,0.0,38.25,3,4.31,2.18,-33.99,0.0,,8,,20260817
KEN,Kenon Holdings Ltd.,Utilities,Utilities - Independent Power Producers,NYSE,64.97,25295,3385482496,2.1655,67.86,71.24,-1.3368,-31.03,-28.19,30.04,-5.61,0.0,35.25,4,95.93,41.5,-32.27,0.0,,8,,20260817
SHC,Sotera Health Company,Healthcare,Diagnostics & Research,NASDAQ,18.8,2820608,5365045760,0.5074,17.43,16.59,2.6978,17.83,-3.24,-1.55,2.71,0.0,88.75,2,19.85,13.09,-5.29,0.0,,8,,20260817
PFSI,"PennyMac Financial Services, Inc.",Financial Services,Mortgage Finance,NYSE,76.31,597785,3964424448,2.7208,81.5,101.24,-1.9083,-15.43,-30.71,-50.09,-34.64,0.0,12.5,4,160.36,71.68,-52.41,0.0,,8,,20260817
KVYO,"Klaviyo, Inc.",Technology,Software - Application,NYSE,17.54,6284130,5249368064,1.3992,16.47,21.01,0.7657,17.17,-19.64,-64.6,-28.42,0.0,62.5,3,36.23,12.53,-51.58,0.0,,8,,20260817
RTMVF,Rightmove plc,Communication Services,Internet Content & Information,PNK,6.9,206,5084052480,0.0567,6.03,6.27,15.2961,10.78,3.02,-53.09,-17.48,0.0,75.0,3,10.19,5.29,-32.29,0.0,,8,,20260817
MWH,"SOLV Energy, Inc.",Utilities,Utilities - Renewable,NASDAQ,31.55,2168598,6385455616,1.9967,30.55,31.55,0.5005,-32.17,-16.38,-11.95,-18.56,0.0,63.75,3,48.4,23.83,-34.81,0.0,,8,,20260817
HCC,"Warrior Met Coal, Inc.",Basic Materials,Coking Coal,NYSE,98.63,780435,5207869952,4.1241,86.22,86.77,3.0083,11.14,0.68,39.6,18.87,0.0,67.5,3,110.39,54.66,-10.65,0.0,,8,,20260817
LASR,"nLIGHT, Inc.",Technology,Semiconductors,NASDAQ,54.0,1292654,3115270656,6.0624,65.37,56.49,-1.8762,-33.38,-10.65,84.58,21.76,0.0,23.25,4,86.95,24.87,-37.9,0.0,,8,,20260817
NDCVF,Nordic Semiconductor ASA,Technology,Semiconductors,PNK,18.0,3693,3560313088,0.2789,17.86,16.24,0.52,-22.69,1.49,-6.85,-7.89,0.0,57.5,2,23.29,12.25,-22.71,0.0,,8,,20260817
NWE,"NorthWestern Energy Group, Inc.",Utilities,Utilities - Regulated Electric,NASDAQ,70.82,475148,4356694016,1.5778,70.93,67.8,-0.0721,-3.02,-10.3,10.52,-0.15,0.0,72.0,3,75.18,54.89,-5.8,0.0,,8,,20260817
CVLT,"Commvault Systems, Inc.",Technology,Software - Application,NASDAQ,144.32,763890,5981279744,6.7116,136.95,113.19,1.0981,34.1,50.75,-42.42,9.32,0.0,88.75,2,198.18,71.75,-27.18,0.0,,8,,20260817
CUYTF,Colruyt Group N.V.,Consumer Defensive,Grocery Stores,PNK,37.68,0,5314840576,0.0034,37.68,41.95,0.0,-4.03,-29.12,-36.28,-25.71,0.0,25.0,3,44.7,37.68,-15.7,0.0,,8,,20260817
RMVEY,Rightmove Plc,Communication Services,Internet Content & Information,PNK,13.84,38640,5098788864,0.3083,12.09,12.52,5.6866,24.67,6.16,-54.02,-13.28,0.0,85.0,3,20.93,10.59,-33.87,0.0,,8,,20260817
CNO,"CNO Financial Group, Inc.",Financial Services,Insurance - Life,NYSE,54.81,769443,5071096320,1.0258,52.65,44.86,2.11,12.7,14.35,25.19,18.27,0.0,87.5,2,57.59,37.36,-4.83,0.0,,8,,20260817
NPIFF,Northland Power Inc.,Utilities,Utilities - Renewable,PNK,15.57,274830,4063741696,0.3334,15.59,15.12,-0.0707,-9.02,-2.73,-22.88,-12.36,0.0,49.5,3,18.44,11.43,-15.56,0.0,,8,,20260817
OLED,Universal Display Corporation,Technology,Electronic Components,NASDAQ,86.64,748224,3982566656,3.3346,84.77,102.14,0.5597,-10.77,-43.83,-59.7,-41.91,0.0,36.25,3,153.38,76.42,-43.51,0.0,,8,,20260817
POST,"Post Holdings, Inc.",Consumer Defensive,Packaged Foods,NYSE,79.35,927504,3596346880,3.3277,88.34,98.09,-2.7028,-26.29,-43.03,-48.17,-40.9,0.0,12.5,4,117.28,75.4,-32.34,0.0,,8,,20260817
KPDCF,Keppel DC REIT,Real Estate,REIT - Office,PNK,1.71,664,4185405184,0.0378,1.74,1.73,-0.6703,-6.78,-10.31,-28.28,-16.62,0.0,50.25,4,2.2,1.51,-22.27,0.0,,8,,20260817
CHEOF,Cochlear Limited,Healthcare,Medical Devices,PNK,93.0,1251,6082099200,1.1856,81.19,128.86,9.965,20.85,-63.09,-73.75,-46.37,0.0,50.0,3,207.71,64.39,-55.23,0.0,,8,,20260817
EIFZF,Exchange Income Corporation,Industrials,Airlines,PNK,95.34,5358,5469350400,0.9029,90.85,73.84,4.9772,20.04,18.23,56.29,33.91,0.0,77.5,2,97.0,50.77,-1.71,0.0,,8,,20260817
CAI,"Caris Life Sciences, Inc.",Healthcare,Biotechnology,NASDAQ,21.63,3622585,6114383360,1.0848,17.86,21.07,3.4754,43.86,-9.04,-62.66,-17.26,0.0,86.25,3,42.5,14.19,-49.11,0.0,,8,,20260817
CYGIY,"CyberAgent, Inc.",Communication Services,Advertising Agencies,PNK,4.01,45,5070990848,0.0607,4.32,4.63,-5.06,-0.84,-32.31,-44.67,-29.39,0.0,25.0,4,6.25,3.75,-35.78,0.0,,8,,20260817
MAPGF,Mapletree Logistics Trust,Real Estate,REIT - Industrial,PNK,0.94,927,4882029056,0.0129,0.98,0.98,-3.0437,5.52,-22.85,-10.34,-10.75,0.0,51.5,4,1.16,0.83,-18.97,0.0,,8,,20260817
MAT,"Mattel, Inc.",Consumer Cyclical,Leisure,NASDAQ,14.58,4503354,4165506048,0.4788,14.26,16.82,0.6666,-8.56,-25.41,-41.37,-27.58,0.0,40.0,3,22.48,12.73,-35.14,0.0,,8,,20260817
AD,"Array Digital Infrastructure, Inc.",Communication Services,Telecom Services,NYSE,35.36,332891,3057895680,0.8616,36.27,36.51,-1.0586,-15.3,-25.95,-19.48,-20.7,0.0,37.75,4,77.13,33.71,-54.16,0.0,,8,,20260817
OPEN,Opendoor Technologies Inc.,Real Estate,Real Estate Services,NASDAQ,3.54,58509169,3437662464,0.2881,4.26,5.37,-2.4977,-23.98,-34.3,-4.68,-19.87,0.0,10.0,4,10.87,3.06,-67.43,0.0,,8,,20260817
WYGPY,Worley Limited,Energy,Oil & Gas Equipment & Services,PNK,7.55,2980,3947627776,0.1764,7.96,8.35,-2.3322,-22.32,-34.9,-30.64,-30.05,0.0,14.5,4,9.99,6.49,-24.42,0.0,,8,,20260817
MONDY,Mondi plc,Basic Materials,Paper & Paper Products,PNK,23.52,73358,5183782912,0.5957,20.6,22.3,4.8953,11.43,-24.97,-37.37,-20.83,0.0,87.5,3,29.09,17.87,-19.15,0.0,,8,,20260817
MCARY,"Mercari, Inc.",Consumer Cyclical,Internet Retail,PNK,15.2,746,4626170880,0.1787,13.25,11.23,10.9299,20.0,29.52,81.22,47.82,0.0,75.0,2,15.2,6.88,-0.0,0.0,,8,,20260817
CUZ,Cousins Properties Incorporated,Real Estate,REIT - Office,NYSE,29.18,1617453,4803088384,0.7256,30.06,25.74,-1.2116,9.43,19.23,-10.98,4.7,0.0,72.0,3,32.95,21.03,-11.44,0.0,,8,,20260817
CRGY,Crescent Energy Company,Energy,Oil & Gas E&P,NYSE,12.69,6218177,4992285184,0.4629,10.83,10.61,4.0276,-6.58,12.54,16.45,9.33,0.0,63.75,2,14.29,7.68,-11.2,0.0,,8,,20260817
REZI,"Resideo Technologies, Inc.",Industrials,Industrial Distribution,NYSE,20.64,2297580,3125437952,1.5606,23.16,24.25,-1.6145,-0.18,-31.16,-28.18,-22.22,0.0,35.0,4,31.52,18.59,-34.51,0.0,,8,,20260817
ACIW,"ACI Worldwide, Inc.",Technology,Software - Infrastructure,NASDAQ,52.13,1034153,5262796800,2.0433,52.28,45.93,-0.0735,20.33,17.84,-9.29,7.61,0.0,75.75,3,61.08,38.05,-14.65,0.0,,8,,20260817
COCO,"The Vita Coco Company, Inc.",Consumer Defensive,Beverages - Non-Alcoholic,NASDAQ,65.5,1107543,3790102016,3.0984,71.83,59.71,-2.0439,-21.3,1.83,76.28,25.83,0.0,36.25,3,85.83,33.12,-23.69,0.0,,8,,20260817
FELE,"Franklin Electric Co., Inc.",Industrials,Specialty Industrial Machinery,NASDAQ,104.02,294917,4598876160,2.6437,104.8,98.92,-0.2941,3.75,-17.95,-12.1,-10.18,0.0,72.0,3,115.82,89.54,-10.19,0.0,,8,,20260817
LMND,"Lemonade, Inc.",Financial Services,Insurance - Property & Casualty,NYSE,49.95,1510787,3865960960,3.346,59.88,65.56,-2.9668,-7.53,-35.6,-35.78,-28.65,0.0,12.5,4,99.9,46.16,-50.0,0.0,,8,,20260817
TCBIO,"Texas Capital Bancshares, Inc.",Financial Services,Banks - Regional,NASDAQ,20.57,15617,0,0.1931,20.49,20.68,0.4138,-4.47,-16.01,-12.29,-11.64,0.0,50.75,3,22.95,19.78,-10.37,0.0,,8,,20260817
TCBI,"Texas Capital Bancshares, Inc.",Financial Services,Banks - Regional,NASDAQ,101.09,507827,4394823680,1.857,101.47,97.21,-0.2072,0.73,-15.99,-1.38,-5.97,0.0,78.25,3,108.92,75.41,-7.19,0.0,,8,,20260817
MNODF,Mondi plc,Basic Materials,Paper & Paper Products,PNK,11.62,256,5640014848,0.0667,10.15,11.09,22.0151,13.12,-24.98,-43.27,-22.77,0.0,75.0,3,15.08,9.7,-22.94,0.0,,8,,20260817
LION,Lionsgate Studios Corp.,Unknown,Unknown,NYSE,11.95,3335693,3555838208,0.5794,13.8,10.66,-3.1946,-10.26,33.77,61.31,33.78,0.0,30.0,3,16.7,5.88,-28.44,0.0,,8,,20260817
PTITF,PT Indosat Tbk,Communication Services,Telecom Services,PNK,0.11,80,4892886016,0.0005,0.13,0.13,-32.586,-21.3,-27.52,-51.95,-35.74,0.0,0.0,4,0.16,0.11,-29.81,0.0,,8,,20260817
TBBB,BBB Foods Inc.,Consumer Defensive,Discount Stores,NYSE,48.45,769741,5841266688,2.0982,41.64,36.28,3.2458,27.72,14.75,63.93,37.67,0.0,87.5,2,50.2,23.81,-3.49,0.0,,8,,20260817
NHKGF,"NHK Spring Co., Ltd.",Consumer Cyclical,Auto Parts,PNK,24.51,3,4965608960,0.0207,24.3,-1.33,10.1974,68.24,-235.26,-6.01,-67.69,0.0,75.0,2,24.51,11.85,0.0,0.0,,8,,20260817
ANDG,Andersen Group Inc.,Consumer Cyclical,Personal Services,NYSE,49.0,357266,5511801344,2.4607,42.12,49.0,2.797,34.8,122.66,92.47,88.62,0.0,88.75,3,50.76,18.12,-3.47,0.0,,8,,20260817
KNTNF,K92 Mining Inc.,Basic Materials,Gold,OQX,20.97,71293,5152566272,0.8104,16.64,17.46,5.3397,6.07,-12.02,75.4,27.47,0.0,65.0,3,24.87,10.24,-15.68,0.0,,8,,20260817
RBSFY,Rubis,Energy,Oil & Gas Refining & Marketing,PNK,7.9,350,4081718016,0.1605,7.65,7.55,1.5702,-7.35,-12.56,2.84,-5.1,0.0,52.5,2,8.76,6.12,-9.82,0.0,,8,,20260817
SGBAF,SES S.A.,Communication Services,Broadcasting,PNK,6.21,2106,2725665536,0.226,8.08,7.66,-8.2594,-35.79,-34.02,-35.83,-35.18,0.0,2.5,4,11.4,5.52,-45.53,0.0,,8,,20260817
BCO,The Brink's Company,Industrials,Security & Protection Services,NYSE,111.28,507687,4582624768,4.197,108.11,112.31,0.755,2.93,-28.4,-20.28,-17.32,0.0,73.25,3,136.37,91.05,-18.4,0.0,,8,,20260817
AMVIF,AMVIF,Unknown,Unknown,PNK,44.14,4311,0,2.482,43.23,44.14,0.3651,-23.75,-10.84,-10.84,-14.07,0.0,57.5,3,53.5,0.0,-17.5,0.0,,8,,20260817
AIR,AAR Corp.,Industrials,Aerospace & Defense,NYSE,153.71,436167,6188186624,6.2764,136.42,110.58,2.7547,42.22,22.11,78.1,49.54,0.0,87.5,2,154.0,71.67,-0.19,0.0,,8,,20260817
SAIC,Science Applications International Corporation,Technology,Information Technology Services,NASDAQ,124.34,540812,5256699392,3.6301,114.96,100.85,2.5829,29.43,30.65,-13.62,12.64,0.0,88.75,2,128.0,81.08,-2.86,0.0,,8,,20260817
AGLXY,AGL Energy Limited,Utilities,Utilities - Independent Power Producers,PNK,6.46,1101,4204670464,0.1152,5.96,6.3,4.3777,-12.7,-7.98,-19.28,-13.68,0.0,53.75,3,7.57,5.21,-14.66,0.0,,8,,20260817
HRI,Herc Holdings Inc.,Industrials,Rental & Leasing Services,NYSE,173.12,545679,5787651584,7.6171,152.08,139.38,2.7617,21.11,-12.95,19.24,8.44,0.0,86.25,2,188.35,88.45,-8.09,0.0,,8,,20260817
CBT,Cabot Corporation,Basic Materials,Specialty Chemicals,NYSE,86.4,543800,4460919296,2.9875,87.94,75.63,-0.5166,2.44,0.76,-9.75,-3.02,0.0,80.75,3,94.53,58.33,-8.6,0.0,,8,,20260817
ELFIF,E-L Financial Corporation Limited,Financial Services,Insurance - Life,PNK,12.73,8264,4382751232,0.1334,12.09,11.83,4.7618,-2.36,-5.77,7.28,0.3,0.0,61.25,2,13.92,10.64,-8.55,0.0,,8,,20260817
FTDR,"Frontdoor, Inc.",Consumer Cyclical,Personal Services,NASDAQ,83.75,589858,5769815040,3.4105,75.19,62.98,2.5089,31.38,33.93,20.65,27.98,0.0,87.5,2,93.43,48.47,-10.36,0.0,,8,,20260817
MZDAF,Mazda Motor Corporation,Consumer Cyclical,Auto Manufacturers,PNK,7.27,422,4732276736,0.047,7.07,7.15,4.268,7.81,-28.01,-9.05,-11.47,0.0,75.0,3,9.35,6.04,-22.25,0.0,,8,,20260817
CYAGF,"CyberAgent, Inc.",Communication Services,Advertising Agencies,PNK,8.4,1,4259632128,0.0661,8.82,8.93,-6.2952,-4.03,-29.88,-459.58,-195.3,0.0,49.0,4,13.0,7.25,-35.38,0.0,,8,,20260817
MTH,Meritage Homes Corporation,Consumer Cyclical,Residential Construction,NYSE,72.23,908367,4707525120,2.5435,74.7,69.39,-0.9719,18.08,-23.05,-24.87,-13.49,0.0,73.25,3,85.38,58.03,-15.4,0.0,,8,,20260817
VVV,Valvoline Inc.,Consumer Cyclical,Auto & Truck Dealerships,NYSE,33.8,2111637,4310719488,1.1722,37.84,34.36,-3.4478,-0.45,-26.21,-35.34,-23.42,0.0,48.25,3,41.33,28.5,-18.22,0.0,,8,,20260817
RDNT,"RadNet, Inc.",Healthcare,Diagnostics & Research,NASDAQ,75.93,833132,5975482880,3.0274,63.47,66.21,4.1171,40.13,-4.75,-10.69,4.1,0.0,92.5,3,85.84,50.82,-11.54,0.0,,8,,20260817
HNGE,"Hinge Health, Inc.",Healthcare,Health Information Services,NYSE,87.87,1929580,7090618368,4.295,78.98,53.7,2.0697,56.43,111.72,32.52,66.21,0.0,88.75,2,93.13,30.08,-5.65,0.0,,8,,20260817
NINOF,Nikon Corporation,Consumer Cyclical,Leisure,PNK,13.35,377,4399361024,0.0858,12.69,5.62,7.7643,-7.23,-1124.53,1082.09,37.44,0.0,50.0,2,14.5,9.48,-7.9,0.0,,8,,20260817
BKGFF,The Berkeley Group Holdings plc,Consumer Cyclical,Residential Construction,PNK,42.35,10,3876485888,0.1135,44.91,48.5,-22.5102,-14.48,-27.12,-36.71,-27.8,0.0,1.25,4,58.82,42.33,-28.0,0.0,,8,,20260817
HSYDF,Harmonic Drive Systems Inc.,Industrials,Specialty Industrial Machinery,PNK,41.0,5216,3881338368,3.9684,44.34,26.37,-0.8415,-18.41,155.32,611.19,294.24,0.0,33.75,3,57.16,15.0,-28.27,0.0,,8,,20260817
MRP,"Millrose Properties, Inc.",Real Estate,REIT - Residential,NYSE,30.16,1492162,5008005120,0.625,28.72,28.48,2.3081,11.11,-14.44,-17.15,-9.14,0.0,86.25,2,36.0,26.3,-16.22,0.0,,8,,20260817
CVSA,Covista Inc.,Consumer Defensive,Education & Training Services,NYSE,132.32,341916,4504016896,6.1637,125.46,112.46,1.1123,2.84,24.59,-18.01,2.11,0.0,92.5,2,156.26,86.97,-15.32,0.0,,8,,20260817
SMDPY,"Sumitomo Pharma Co., Ltd.",Healthcare,Drug Manufacturers - Specialty & Generic,PNK,8.93,95,4005939200,0.1269,9.05,11.3,-0.9651,-22.35,-54.02,-32.42,-37.46,0.0,12.0,4,24.48,7.84,-63.52,0.0,,8,,20260817
MANE,"Veradermics, Incorporated",Healthcare,Biotechnology,NYSE,108.22,705122,4521446400,7.2232,109.34,108.22,-0.1555,3.72,135.07,173.47,117.6,0.0,75.75,3,131.24,32.0,-17.54,0.0,,8,,20260817
KBR,"KBR, Inc.",Industrials,Engineering & Construction,NYSE,37.55,1810064,4733843968,1.2681,35.69,38.33,1.4653,20.69,-22.19,-44.54,-20.41,0.0,79.5,3,52.23,29.94,-28.11,0.0,,8,,20260817
CNR,"Core Natural Resources, Inc.",Energy,Thermal Coal,NYSE,95.87,631801,4758627840,3.3957,85.33,88.67,3.1051,11.15,-8.93,7.72,2.75,0.0,65.0,3,114.8,68.78,-16.49,0.0,,8,,20260817
SFBS,"ServisFirst Bancshares, Inc.",Financial Services,Banks - Regional,NYSE,90.53,290167,4949502464,1.9329,85.83,78.28,2.4315,15.58,-7.87,-11.07,-3.29,0.0,90.0,2,92.08,67.2,-1.68,0.0,,8,,20260817
COLD,"Americold Realty Trust, Inc.",Real Estate,REIT - Industrial,NYSE,14.5,4306038,4159279872,0.5385,14.89,12.83,-0.7163,-1.65,7.51,-15.85,-4.12,0.0,47.0,3,16.88,10.1,-14.1,0.0,,8,,20260817
ANIOY,"Acerinox, S.A.",Basic Materials,Steel,PNK,10.2,1485,5331997184,0.1231,9.49,7.84,5.7352,18.56,14.1,55.39,31.73,0.0,77.5,2,10.74,5.87,-5.03,0.0,,8,,20260817
MZDAY,Mazda Motor Corporation,Consumer Cyclical,Auto Manufacturers,PNK,3.65,39582,4606083072,0.0867,3.49,3.59,1.8753,1.92,-31.36,-7.07,-13.32,0.0,83.75,3,4.55,3.1,-19.78,0.0,,8,,20260817
USAC,"USA Compression Partners, LP",Energy,Oil & Gas Equipment & Services,NYSE,26.91,250801,3900425472,0.7452,26.01,25.25,1.2028,-12.26,-8.71,-0.89,-6.47,0.0,62.5,2,30.55,21.85,-11.91,0.0,,8,,20260817
UPCHY,Uni-President China Holdings Ltd,Consumer Defensive,Beverages - Non-Alcoholic,PNK,97.36,24,4159518720,0.7268,90.01,93.39,10.1098,6.28,-9.74,-32.23,-14.73,0.0,75.0,3,117.05,85.53,-16.82,0.0,,8,,20260817
GRTUF,Granite Real Estate Investment Trust,Real Estate,REIT - Industrial,OQX,65.42,3958,4061534464,0.5804,67.92,62.05,-4.314,-4.98,-10.69,1.13,-4.53,0.0,64.5,3,72.03,50.0,-9.18,0.0,,8,,20260817
MNSO,MINISO Group Holding Limited,Consumer Cyclical,Specialty Retail,NYSE,10.76,673261,3211866624,0.3737,12.26,16.15,-4.0058,-28.76,-56.76,-64.68,-52.93,0.0,11.25,4,26.74,10.69,-59.76,0.0,,8,,20260817
HAFN,Hafnia Limited,Industrials,Marine Shipping,NYSE,7.86,1620853,3928281088,0.2158,7.37,6.74,2.2694,-11.2,13.09,43.8,19.3,0.0,62.5,2,9.54,5.17,-17.57,0.0,,8,,20260817
KC,Kingsoft Cloud Holdings Limited,Technology,Software - Application,NASDAQ,11.39,1515117,3409820672,0.5399,10.49,12.59,1.674,-30.5,-35.28,-35.23,-34.07,0.0,48.25,3,18.52,8.35,-38.5,0.0,,8,,20260817
KKKUF,"Kakaku.com, Inc.",Communication Services,Internet Content & Information,PNK,22.67,495,4128931328,0.0521,21.41,16.46,24.2096,1.15,78.68,-2.98,26.63,0.0,75.0,2,22.68,11.15,-0.0,0.0,,8,,20260817
WYGPF,Worley Limited,Energy,Oil & Gas Equipment & Services,PNK,7.72,56,3881309440,0.0421,8.5,8.44,-18.5073,-12.24,-32.35,-31.74,-27.08,0.0,12.0,4,9.57,7.16,-19.33,0.0,,8,,20260817
JTKWY,Just Eat Takeaway.com N.V.,Unknown,Unknown,PNK,4.36,3137,4349872640,0.17,3.96,4.22,2.3042,6.84,-11.72,-28.36,-13.74,0.0,55.0,3,5.68,2.5,-23.31,0.0,,8,,20260817
CRNLF,Capricorn Metals Ltd,Basic Materials,Gold,PNK,12.3,403,5618489856,0.2913,9.35,9.19,10.1131,12.56,16.93,88.86,44.61,0.0,53.75,2,12.3,6.47,0.0,0.0,,8,,20260817
SOOBF,Sapporo Breweries Limited,Consumer Defensive,Beverages - Brewers,PNK,12.25,123,4777168896,0.1551,4.74,-1.89,48.4083,-248.61,-256.54,73.05,-122.72,0.0,62.0,3,12.51,8.42,-2.07,0.0,,8,,20260817
HKMPY,Hikma Pharmaceuticals PLC,Healthcare,Drug Manufacturers - Specialty & Generic,PNK,45.36,417,4814567424,0.539,41.83,39.74,6.5416,10.86,-4.46,-23.98,-8.44,0.0,76.25,2,50.56,31.8,-10.28,0.0,,8,,20260817
AMVOY,AUMOVIO SE,Consumer Cyclical,Auto Parts,PNK,8.63,4859,4417251328,0.4221,8.63,8.85,-0.0087,-3.94,-32.16,-13.19,-17.52,0.0,57.75,3,14.78,7.12,-41.62,0.0,,8,,20260817
TDS,"Telephone and Data Systems, Inc.",Communication Services,Telecom Services,NYSE,34.52,1172779,3973804288,1.2148,35.95,40.68,-1.1757,-19.48,-41.26,-31.85,-32.05,0.0,25.75,4,49.12,31.51,-29.72,0.0,,8,,20260817
SLM,SLM Corporation,Financial Services,Credit Services,NASDAQ,27.28,2754191,5128640000,0.7904,25.07,24.38,2.8021,24.84,0.99,-36.67,-8.11,0.0,90.0,2,32.07,17.77,-14.94,0.0,,8,,20260817
SLMBP,SLM Corporation,Financial Services,Credit Services,NASDAQ,75.0,3550,32674574400,0.5811,74.63,72.83,0.6418,-2.82,-9.96,-14.68,-10.06,0.0,87.5,2,77.5,70.58,-3.23,0.0,,8,,20260817
BKGFY,The Berkeley Group Holdings plc,Consumer Cyclical,Residential Construction,PNK,9.73,74666,4453152768,0.2289,9.34,9.93,1.7126,8.73,-34.7,-26.85,-20.7,0.0,78.25,3,12.54,8.09,-22.41,0.0,,8,,20260817
VNT,Vontier Corporation,Technology,Scientific & Technical Instruments,NYSE,32.33,1793629,4371016192,1.0158,30.53,34.94,1.7743,9.13,-37.11,-46.06,-29.13,0.0,73.25,3,48.2,27.25,-32.93,0.0,,8,,20260817
CITAF,"COSCO SHIPPING Development Co., Ltd.",Industrials,Aerospace & Defense,PNK,0.12,887,1518214016,0.0005,0.11,0.12,13.2507,-7.91,-17.35,-33.35,-21.39,0.0,62.0,3,0.17,0.11,-32.59,0.0,,8,,20260817
FMCKM,Federal Home Loan Mortgage Corporation,Financial Services,Mortgage Finance,OQB,7.55,4046,24321041510,0.2241,7.84,10.05,-1.2888,-30.42,-45.86,-66.22,-50.14,0.0,23.25,4,14.14,6.79,-46.61,0.0,,8,,20260817
FMCKP,Federal Home Loan Mortgage Corporation,Financial Services,Mortgage Finance,OQB,15.0,419,48319948800,0.1157,14.67,18.59,2.8582,-23.69,-39.56,-61.91,-44.53,0.0,25.0,3,26.5,13.76,-43.4,0.0,,8,,20260817
FMCCJ,Federal Home Loan Mortgage Corporation,Financial Services,Mortgage Finance,OQB,12.52,1551,40331052073,0.2719,12.01,15.32,1.8798,-18.92,-36.31,-63.24,-42.73,0.0,33.75,3,22.79,10.62,-45.06,0.0,,8,,20260817
FREJO,Federal Home Loan Mortgage Corporation PFD 5.1% SAL,Unknown,Unknown,OQB,15.58,4,50188008806,0.0193,16.27,18.77,-35.8055,-10.43,-30.31,-53.77,-34.73,0.0,12.0,4,24.75,15.58,-37.05,0.0,,8,,20260817
FMCCL,Federal Home Loan Mortgage Corporation,Financial Services,Mortgage Finance,OQB,12.71,2593,40943103406,0.3674,12.35,15.96,0.9842,-16.38,-39.8,-63.6,-43.46,0.0,33.75,3,23.01,10.69,-44.76,0.0,,8,,20260817
FMCCK,Federal Home Loan Mortgage Corporation,Financial Services,Mortgage Finance,OQB,13.27,745,42747049513,0.1977,14.14,18.58,-4.4163,-30.96,-48.21,-65.25,-50.71,0.0,1.25,4,27.2,11.89,-51.21,0.0,,8,,20260817
FMCCT,Federal Home Loan Mortgage Corporation,Financial Services,Mortgage Finance,OQB,15.0,5279,48319948800,0.4871,15.45,20.13,-0.9292,-26.27,-43.34,-65.01,-47.74,0.0,20.75,4,29.67,13.44,-49.44,0.0,,8,,20260817
FMCKK,Federal Home Loan Mortgage Corporation PFD,Unknown,Unknown,OQB,13.0,4274,0,0.177,13.46,17.34,-2.6203,-27.56,-44.29,-64.77,-48.3,0.0,15.75,4,25.56,11.9,-49.14,0.0,,8,,20260817
FMCKJ,Federal Home Loan Mortgage Corporation,Financial Services,Mortgage Finance,OQB,9.61,164704,30956979425,0.2738,9.84,12.05,-0.8459,-25.25,-39.27,-60.65,-44.32,0.0,24.5,4,16.98,8.74,-43.4,0.0,,8,,20260817
FMCCG,Federal Home Loan Mortgage Corporation,Financial Services,Mortgage Finance,OQB,12.0,1161,38655959040,0.3347,12.03,15.33,-0.0753,-20.23,-46.38,-68.92,-48.86,0.0,19.5,4,22.53,10.5,-46.74,0.0,,8,,20260817
FMCKI,Federal Home Loan Mortgage Corporation,Financial Services,Mortgage Finance,OQB,7.4,12298,23837841715,0.1666,7.92,10.2,-3.118,-31.95,-45.21,-68.9,-51.37,0.0,3.75,4,14.67,7.0,-49.54,0.0,,8,,20260817
FMCCN,Federal Home Loan Mortgage Corporation,Financial Services,Mortgage Finance,OQB,12.47,614,40169984962,0.2109,11.79,15.31,3.243,-22.71,-46.93,-63.13,-47.36,0.0,27.5,3,22.5,10.7,-44.58,0.0,,8,,20260817
FMCCH,Federal Home Loan Mortgage Corporation,Financial Services,Mortgage Finance,OQB,13.0,980,41877288960,0.3439,13.76,17.38,-2.2111,-27.37,-43.71,-63.09,-47.38,0.0,5.0,4,25.0,12.0,-48.0,0.0,,8,,20260817
FREGP,Federal Home Loan Mortgage Corporation,Financial Services,Mortgage Finance,OQB,13.7,150,44132219289,0.0953,14.44,18.6,-7.8061,-23.88,-45.38,-65.76,-48.15,0.0,2.5,4,26.55,12.37,-48.4,0.0,,8,,20260817
FMCKL,Federal Home Loan Mortgage Corporation,Financial Services,Mortgage Finance,OQB,7.64,13241,24598075772,0.1879,8.22,10.45,-3.0965,-27.14,-43.22,-68.13,-49.16,0.0,6.25,4,14.96,7.04,-48.96,0.0,,8,,20260817
FMCCI,Federal Home Loan Mortgage Corporation,Financial Services,Mortgage Finance,OQB,12.1,3316,38978093260,0.313,11.94,15.2,0.5271,-19.59,-41.96,-66.13,-46.03,0.0,32.5,3,22.69,10.0,-46.67,0.0,,8,,20260817
FMCCM,Federal Home Loan Mortgage Corporation,Financial Services,Mortgage Finance,OQB,12.64,1667,40717611294,0.2983,12.24,15.55,1.3421,-17.4,-42.54,-63.47,-44.62,0.0,30.0,3,23.0,10.58,-45.04,0.0,,8,,20260817
FMCCP,Federal Home Loan Mortgage Corporation,Financial Services,Mortgage Finance,OQB,15.13,346,48738722058,0.0968,15.05,19.06,0.8557,-19.93,-44.25,-59.96,-44.46,0.0,25.0,3,28.32,14.1,-46.57,0.0,,8,,20260817
FMCC,Federal Home Loan Mortgage Corporation,Financial Services,Mortgage Finance,OQB,5.57,2041188,3620832000,0.2724,5.67,7.22,-0.3612,-23.96,-33.56,-58.55,-41.16,0.0,25.75,4,14.99,3.4,-62.84,0.0,,8,,20260817
FREJP,Federal Home Loan Mortgage Corporation PFD 5.30%,Unknown,Unknown,OQB,12.93,388,0,0.0875,14.23,17.78,-14.8567,-18.52,-46.15,-65.25,-46.88,0.0,0.0,4,25.0,12.93,-48.28,0.0,,8,,20260817
FMCKO,Federal Home Loan Mortgage Corporation,Financial Services,Mortgage Finance,OQB,7.95,6304,25609572249,0.1856,7.99,10.48,-0.2101,-24.53,-42.68,-66.55,-47.69,0.0,18.25,4,15.0,6.92,-47.0,0.0,,8,,20260817
FMCCO,Federal Home Loan Mortgage Corporation,Financial Services,Mortgage Finance,OQB,13.72,277,44196647362,0.0991,14.5,18.78,-7.8916,-30.66,-44.2,-64.55,-48.96,0.0,0.0,4,27.52,12.8,-50.15,0.0,,8,,20260817
FREJN,Federal Home Loan Mortgage Corporation,Financial Services,Mortgage Finance,OQB,15.61,29,50284958945,0.01,16.02,19.04,-41.3703,-13.49,-37.11,-55.29,-38.48,0.0,12.0,4,27.0,15.61,-42.19,0.0,,8,,20260817
FMCKN,Federal Home Loan Mortgage Corporation,Financial Services,Mortgage Finance,OQB,7.95,1991,25609572249,0.1099,8.48,10.79,-4.8466,-26.47,-42.61,-63.18,-46.8,0.0,2.5,4,14.7,7.11,-45.92,0.0,,8,,20260817
FMCCS,Federal Home Loan Mortgage Corporation,Financial Services,Mortgage Finance,OQB,12.75,1029,41071956480,0.1891,13.12,16.59,-1.9725,-23.99,-45.08,-64.64,-47.63,0.0,15.75,4,25.19,11.79,-49.38,0.0,,8,,20260817
SMR,NuScale Power Corporation,Industrials,Specialty Industrial Machinery,NYSE,9.19,32530754,3771479552,0.7025,9.39,14.63,-0.2776,-22.97,-49.72,-95.55,-61.36,0.0,27.0,4,57.42,7.21,-84.0,0.0,,8,,20260817
PHI,PLDT Inc. Sponsored,Communication Services,Telecom Services,NYSE,19.03,184746,4111541504,0.382,18.76,20.34,0.7073,-6.0,-31.45,-33.87,-26.06,0.0,68.25,3,24.51,17.05,-22.36,0.0,,8,,20260817
FHI,"Federated Hermes, Inc.",Financial Services,Asset Management,NYSE,64.15,647059,4789456896,1.7031,59.07,54.61,2.9855,14.58,3.29,0.98,5.19,0.0,90.0,2,67.2,46.66,-4.54,0.0,,8,,20260817
LOPE,"Grand Canyon Education, Inc.",Consumer Defensive,Education & Training Services,NASDAQ,141.84,343903,3697064704,5.0633,146.49,161.12,-0.9184,-14.95,-25.89,-48.8,-32.32,0.0,25.75,4,223.04,134.27,-36.41,0.0,,8,,20260817
ATHOF,Athabasca Oil Corporation,Energy,Oil & Gas E&P,PNK,7.87,358653,3787831040,0.2541,7.55,6.78,1.2743,-17.45,10.59,70.82,27.67,0.0,58.75,2,10.68,4.0,-26.31,0.0,,8,,20260817
AMMHF,AMMB Holdings Berhad,Financial Services,Banks - Regional,PNK,1.25,0,4158417664,0.001,1.22,1.23,30.9965,17.81,-29.61,66.24,20.59,0.0,75.0,3,1.8,0.9,-30.28,0.0,,8,,20260817
STNG,Scorpio Tankers Inc.,Energy,Oil & Gas Midstream,NYSE,80.33,827622,4023035136,2.6771,76.95,69.53,1.2626,-6.39,1.34,59.82,22.8,0.0,63.75,2,87.39,44.9,-8.08,0.0,,8,,20260817
LIMAF,Linamar Corporation,Consumer Cyclical,Auto Parts,PNK,74.63,8059,4508132352,0.6754,73.18,65.11,2.1418,1.59,-0.83,19.17,7.78,0.0,78.75,2,76.96,50.04,-3.03,0.0,,8,,20260817
NAMS,NewAmsterdam Pharma Company N.V.,Healthcare,Biotechnology,NASDAQ,26.9,1180562,3144716800,1.4347,30.79,33.34,-2.7142,-28.9,-36.26,-14.26,-25.62,0.0,7.5,4,42.2,23.05,-36.26,0.0,,8,,20260817
PLNT,"Planet Fitness, Inc.",Consumer Cyclical,Leisure,NYSE,50.63,2041517,3840246272,1.9291,52.28,77.02,-0.8537,-8.62,-58.12,-72.84,-51.63,0.0,50.75,4,114.26,37.03,-55.69,0.0,,8,,20260817
INSW,"International Seaways, Inc.",Energy,Oil & Gas Midstream,NYSE,98.36,560135,4871899648,3.7064,87.11,67.05,3.0347,18.27,53.88,146.15,81.89,0.0,91.25,2,99.43,41.25,-1.08,0.0,,8,,20260817
BRC,Brady Corporation,Industrials,Security & Protection Services,NYSE,94.26,307438,4440851968,2.2707,90.64,84.54,1.5928,28.4,-15.53,10.17,5.73,0.0,91.25,2,99.29,70.57,-5.07,0.0,,8,,20260817
TVTX,"Travere Therapeutics, Inc.",Healthcare,Biotechnology,NASDAQ,63.53,1875251,5988406272,2.7321,56.46,40.17,2.5877,44.37,114.42,227.36,142.08,0.0,90.0,2,66.24,17.05,-4.09,0.0,,8,,20260817
PSUS,"Pershing Square USA, Ltd.",Financial Services,Asset Management,NYSE,39.72,454451,0,0.8561,37.97,39.72,2.0468,-8.79,-11.75,-11.75,-11.01,0.0,58.75,3,44.0,35.71,-9.73,0.0,,8,,20260817
BDC,Belden Inc.,Technology,Communication Equipment,NYSE,137.59,560817,5376768512,4.8108,115.64,119.32,4.5622,24.98,-21.9,-11.4,-5.98,0.0,91.25,3,159.99,98.0,-14.0,0.0,,8,,20260817
AZZ,AZZ Inc.,Industrials,Specialty Business Services,NYSE,153.24,294793,4605091840,4.4406,149.51,129.79,0.8392,3.94,-4.32,15.54,5.69,0.0,87.5,2,162.2,92.98,-5.52,0.0,,8,,20260817
ACDVF,Air Canada,Industrials,Airlines,OQX,21.64,221119,6060476928,1.2783,17.45,14.77,3.2797,50.32,31.3,30.94,35.91,0.0,93.75,2,22.52,12.03,-3.92,0.0,,8,,20260817
APEMY,Aperam S.A.,Basic Materials,Steel,PNK,54.49,211,4071739904,1.0903,53.91,46.02,0.5326,-2.77,-3.86,65.46,24.14,0.0,55.0,2,61.65,30.0,-11.61,0.0,,8,,20260817
EE,"Excelerate Energy, Inc.",Energy,Oil & Gas Midstream,NYSE,36.08,336966,4091548160,1.2835,36.96,33.79,-0.6884,-3.54,-27.32,28.34,0.89,0.0,75.75,3,43.17,22.86,-16.43,0.0,,8,,20260817
CLSK,"CleanSpark, Inc.",Financial Services,Capital Markets,NCM,12.4,23073853,3184531712,1.2077,14.3,12.74,-1.5736,-10.22,11.95,3.49,3.03,0.0,22.0,4,23.61,8.0,-47.48,0.0,,8,,20260817
FULTP,Fulton Financial Corporation,Financial Services,Banks - Regional,NASDAQ,17.75,13756,0,0.1973,17.93,18.16,-0.9106,-6.51,-15.65,-23.15,-16.37,0.0,36.5,4,20.83,17.4,-14.79,0.0,,8,,20260817
FULT,Fulton Financial Corporation,Financial Services,Banks - Regional,NASDAQ,24.47,1900790,4685050368,0.4564,23.94,20.93,1.1543,14.64,-0.93,14.03,8.95,0.0,86.25,2,25.23,16.6,-3.01,0.0,,8,,20260817
KNF,Knife River Corporation,Basic Materials,Building Materials,NYSE,66.65,640067,3783281920,3.4389,78.29,78.46,-3.3852,-20.2,-32.21,-50.66,-36.59,0.0,7.5,4,96.28,58.72,-30.77,0.0,,8,,20260817
FNNTF,flatexDEGIRO SE,Financial Services,Capital Markets,PNK,43.25,3,4627676672,0.0566,40.99,37.6,39.847,13.18,-13.16,14.97,4.67,0.0,75.0,2,43.25,31.25,0.0,0.0,,8,,20260817
PVH,PVH Corp.,Consumer Cyclical,Apparel Manufacturing,NYSE,78.18,1076509,3604730624,3.3268,80.07,76.67,-0.5689,-6.36,-0.05,-18.22,-8.89,0.0,50.75,3,100.75,59.6,-22.4,0.0,,8,,20260817
KNSA,"Kiniksa Pharmaceuticals International, plc",Healthcare,Drug Manufacturers - Specialty & Generic,NASDAQ,79.18,758811,6177941504,3.1714,64.58,50.06,4.6038,35.32,60.58,116.79,76.75,0.0,87.5,2,82.94,32.89,-4.53,0.0,,8,,20260817
CRK,"Comstock Resources, Inc.",Energy,Oil & Gas E&P,NYSE,13.55,2558825,3978558464,0.6084,13.49,18.6,0.1039,-13.31,-42.7,-36.07,-32.7,0.0,40.0,3,28.1,12.12,-51.78,0.0,,8,,20260817
LBTYA,Liberty Global Ltd.,Communication Services,Telecom Services,NASDAQ,10.37,2150317,3537077760,0.3317,10.9,11.42,-1.5992,-14.71,-18.71,-30.25,-22.32,0.0,40.25,4,13.52,9.43,-23.3,0.0,,8,,20260817
LBTYB,Liberty Global Ltd.,Communication Services,Telecom Services,NASDAQ,12.97,2953,4423905792,0.6648,12.58,12.73,0.5821,-20.58,-27.18,-16.45,-21.24,0.0,58.75,3,29.01,10.2,-55.29,0.0,,8,,20260817
LBTYK,Liberty Global Ltd.,Communication Services,Telecom Services,NASDAQ,10.1,1323091,3444984320,0.3224,10.56,11.21,-1.4264,-15.74,-19.99,-33.46,-24.31,0.0,34.0,4,13.12,9.3,-23.02,0.0,,8,,20260817
RITPF,RIT Capital Partners Plc,Financial Services,Asset Management,PNK,36.34,172,4424404480,0.2719,32.62,30.4,13.6854,11.33,3.04,12.38,8.85,0.0,75.0,2,36.34,26.25,0.0,0.0,,8,,20260817
HKMPF,Hikma Pharmaceuticals PLC,Healthcare,Drug Manufacturers - Specialty & Generic,PNK,22.28,188,3962615296,0.1213,20.48,19.69,14.8453,9.98,-2.04,-26.51,-8.82,0.0,75.0,2,25.34,16.34,-12.09,0.0,,8,,20260817
JGCCY,JGC Holdings Corporation,Industrials,Engineering & Construction,PNK,27.76,80,3627508224,0.2216,30.06,27.2,-10.3656,-16.9,-15.1,29.98,2.48,0.0,26.25,3,34.95,18.12,-20.57,0.0,,8,,20260817
ITVPY,ITV plc,Communication Services,Broadcasting,PNK,9.75,43014,3622591488,0.3133,10.33,10.37,-1.8603,-7.88,-20.64,-26.35,-19.73,0.0,25.75,4,11.98,8.67,-18.61,0.0,,8,,20260817
GTMEF,"Globe Telecom, Inc.",Communication Services,Telecom Services,PNK,28.2,1,4078610432,0.0124,28.2,37.83,0.0,-36.81,-47.34,-54.49,-47.57,0.0,25.0,3,41.95,28.2,-32.78,0.0,,8,,20260817
SKT,Tanger Inc.,Real Estate,REIT - Retail,NYSE,38.41,1033724,4591604224,0.7841,39.76,35.45,-1.7258,4.94,1.49,1.29,2.27,0.0,72.0,3,42.53,31.13,-9.69,0.0,,8,,20260817
DNP,DNP Select Income Fund Inc.,Financial Services,Asset Management,NYSE,10.94,659861,4122424064,0.1093,10.81,10.15,1.2046,-0.21,-5.24,-1.39,-2.44,0.0,86.25,2,11.16,9.69,-1.97,0.0,,8,,20260817
PSKRF,Protector Forsikring ASA,Financial Services,Insurance - Specialty,PNK,53.0,13,4362685440,0.3609,47.21,39.55,16.0548,10.08,12.64,778.56,318.37,0.0,75.0,2,53.4,11.5,-0.75,0.0,,8,,20260817
IRT,"Independence Realty Trust, Inc.",Real Estate,REIT - Residential,NYSE,16.67,3019093,4028909056,0.3849,16.67,16.21,-0.0019,0.52,-9.69,-20.73,-11.55,0.0,77.0,3,18.18,14.6,-8.31,0.0,,8,,20260817
CAAP,Corporación América Airports S.A.,Industrials,Airports & Air Services,NYSE,24.01,193800,6207000576,0.8486,25.54,25.74,-1.8006,-4.17,-28.07,-7.98,-14.06,0.0,35.25,1,30.5,17.36,-21.28,0.0,,8,,20260817
TREX,"Trex Company, Inc.",Industrials,Building Products & Equipment,NYSE,48.75,2084567,4965927936,2.0492,46.22,40.56,1.2343,25.41,-0.04,-46.13,-12.11,0.0,85.0,2,66.06,29.77,-26.2,0.0,,8,,20260817
TNL,Travel + Leisure Co.,Consumer Cyclical,Travel Services,NYSE,73.69,802674,4515876864,1.9639,74.96,70.16,-0.6456,14.01,-8.16,4.36,2.39,0.0,75.75,3,81.0,57.86,-9.02,0.0,,8,,20260817
SRAD,Sportradar Group AG,Technology,Software - Application,NASDAQ,13.13,2664535,3885845248,0.6864,14.69,17.61,-2.2741,0.32,-34.22,-79.02,-43.5,0.0,36.25,4,32.22,11.55,-59.25,0.0,,8,,20260817
LIVN,LivaNova PLC,Healthcare,Medical Devices,NASDAQ,81.48,723220,4475984896,2.7659,80.1,67.76,0.5,10.15,13.47,32.42,20.22,0.0,90.0,2,85.76,48.82,-4.99,0.0,,8,,20260817
MMYT,MakeMyTrip Limited,Consumer Cyclical,Travel Services,NASDAQ,59.7,1023301,5615302144,2.712,53.62,58.37,2.2428,33.07,-7.81,-57.84,-17.6,0.0,87.5,3,104.43,32.67,-42.83,0.0,,8,,20260817
THO,"THOR Industries, Inc.",Consumer Cyclical,Recreational Vehicles,NYSE,77.64,741769,4041734400,2.6834,76.15,89.27,0.5562,0.73,-45.37,-47.84,-34.83,0.0,63.75,3,122.83,69.71,-36.79,0.0,,8,,20260817
DOO,BRP Inc.,Consumer Cyclical,Recreational Vehicles,NASDAQ,63.79,232198,4679135744,1.7805,61.07,66.03,1.5281,10.35,-32.34,-9.17,-12.4,0.0,73.25,3,81.89,48.83,-22.1,0.0,,8,,20260817
NCTKF,Nabtesco Corporation,Industrials,Specialty Industrial Machinery,PNK,28.57,58,3311634688,0.2517,31.53,27.78,-11.7617,-26.82,-11.83,58.99,12.75,0.0,26.25,3,37.0,15.81,-22.78,0.0,,8,,20260817
MNDY,monday.com Ltd.,Technology,Software - Application,NASDAQ,83.33,1650648,3522702592,6.2175,81.06,100.95,0.3649,10.98,1.19,-74.03,-26.45,0.0,66.25,3,220.8,57.5,-62.26,0.0,,8,,20260817
PJT,PJT Partners Inc.,Financial Services,Capital Markets,NYSE,170.96,444408,7282418176,6.3451,163.11,160.14,1.2372,4.59,-2.73,-27.43,-10.78,0.0,88.75,2,195.62,127.73,-12.61,0.0,,8,,20260817
NCTKY,Nabtesco Corporation,Industrials,Specialty Industrial Machinery,PNK,15.83,2865,3874983680,1.0987,15.96,14.56,-0.119,-15.82,-13.8,37.96,6.4,0.0,48.25,3,19.46,8.44,-18.65,0.0,,8,,20260817
BCHHF,Bucher Industries AG,Industrials,Specialty Industrial Machinery,PNK,379.66,1,3725764864,0.3245,388.56,431.62,-27.4161,-25.09,-25.26,-43.74,-32.61,0.0,12.0,4,495.77,379.66,-23.42,0.0,,8,,20260817
AGLNF,AGL Energy Limited,Utilities,Utilities - Independent Power Producers,PNK,5.95,690,3733747456,0.0354,5.82,6.22,3.5343,-16.27,-21.59,-28.43,-23.0,0.0,37.0,3,7.17,5.21,-17.02,0.0,,8,,20260817
TSLTF,TransAlta Corporation,Utilities,Utilities - Independent Power Producers,PNK,18.82,0,0,0.0008,18.82,17.57,0.0,-1.83,5.21,2.21,2.25,0.0,75.0,3,20.0,16.68,-5.9,0.0,,8,,20260817
TORXF,Torex Gold Resources Inc.,Basic Materials,Gold,OQX,46.31,44911,4288055808,1.929,40.6,45.47,2.9608,-0.46,-10.0,31.01,8.79,0.0,65.0,3,62.56,28.89,-25.98,0.0,,8,,20260817
