ticker,name,sector,industry,exchange,close,avg_volume_50d,market_cap,atr14,sma50,sma200,atr_extension,rs_3m,rs_6m,rs_12m,rs_score,rs_percentile,trend_strength,stage,52w_high,52w_low,pct_from_52w_high,rts_composite,rts_grade,rts_grade_rank,colour_band,run_date
RDEIY,"Redeia Corporación, S.A.",Utilities,Utilities - Regulated Electric,PNK,8.4,77552,9065210880,0.1055,8.72,8.49,-2.9956,-4.34,-14.58,-24.91,-16.15,0.0,35.25,4,11.04,8.08,-23.91,0.0,,8,,20260930
NXSNF,"NextVision Stabilized Systems, Ltd.",Industrials,Security & Protection Services,PNK,77.75,195,7195362304,0.656,74.38,88.29,5.1331,-4.85,-37.94,64.96,11.49,0.0,25.0,3,123.19,44.0,-36.89,0.0,,8,,20260930
EVKIY,Evonik Industries AG,Basic Materials,Specialty Chemicals,PNK,11.19,21473,10424420352,0.3988,10.36,9.02,2.0725,22.02,3.66,18.92,14.35,0.0,86.25,2,11.53,7.24,-2.95,0.0,,8,,20260930
BZZUF,Buzzi S.p.A.,Basic Materials,Building Materials,PNK,45.0,275,7943024128,0.1246,47.16,52.79,-17.3184,-18.67,-36.92,-39.74,-33.49,0.0,12.0,4,63.8,44.91,-29.47,0.0,,8,,20260930
UHAL,U-Haul Holding Company,Industrials,Rental & Leasing Services,NYSE,60.88,159344,11834676224,1.3695,68.66,57.87,-5.6834,-9.56,10.04,-10.43,-3.05,0.0,36.25,3,76.45,41.95,-20.37,0.0,,8,,20260930
QABSY,Qantas Airways Limited,Industrials,Airlines,PNK,32.13,29728,9723817984,0.8705,33.47,32.72,-1.5424,-13.39,-4.83,-24.15,-14.69,0.0,30.25,4,39.21,28.15,-18.06,0.0,,8,,20260930
DAR,Darling Ingredients Inc.,Consumer Defensive,Packaged Foods,NYSE,60.32,2441747,9518671872,2.3754,63.6,55.83,-1.3822,7.85,-21.62,71.14,22.85,0.0,61.25,3,69.98,29.15,-13.8,0.0,,8,,20260930
LINE,"Lineage, Inc.",Real Estate,REIT - Industrial,NASDAQ,35.07,932765,8723298304,1.0376,39.95,38.22,-4.6997,-21.5,-8.18,-19.61,-16.08,0.0,20.75,4,45.75,31.33,-23.34,0.0,,8,,20260930
ASMVF,ASMPT Limited,Technology,Semiconductor Equipment & Materials,PNK,20.62,44,8647340032,0.0906,20.33,16.08,3.2418,-6.2,30.4,133.92,62.66,0.0,50.0,2,22.6,9.05,-8.77,0.0,,8,,20260930
CCOEF,"Capcom Co., Ltd.",Communication Services,Electronic Gaming & Multimedia,PNK,26.95,71,11273422848,0.1748,24.36,22.29,14.8336,45.78,0.07,-14.38,5.72,0.0,75.0,2,30.05,16.45,-10.32,0.0,,8,,20260930
LZRFY,Localiza Rent a Car S.A.,Industrials,Rental & Leasing Services,OQX,8.35,47296,9223534592,0.6036,7.1,8.35,2.075,14.74,-24.54,-4.9,-6.86,0.0,65.0,3,11.76,6.1,-29.0,0.0,,8,,20260930
SIMO,Silicon Motion Technology Corporation,Technology,Semiconductors,NASDAQ,276.16,941582,9364099072,16.9542,256.42,198.11,1.1641,-19.57,141.42,192.33,121.54,0.0,63.75,2,355.0,79.76,-22.21,0.0,,8,,20260930
RIOT,"Riot Platforms, Inc.",Financial Services,Capital Markets,NCM,21.39,18678534,8026788352,1.4885,21.11,19.26,0.1902,-24.47,59.28,4.2,16.31,0.0,63.75,2,30.32,11.5,-29.45,0.0,,8,,20260930
ACM,AECOM,Industrials,Engineering & Construction,NYSE,58.85,1951303,7573784576,2.2588,66.41,80.08,-3.348,-17.9,-50.24,-70.58,-50.29,0.0,10.0,4,135.52,58.08,-56.57,0.0,,8,,20260930
REGMF,"RemeGen Co., Ltd.",Healthcare,Biotechnology,PNK,9.96,47,5613538304,0.0991,11.29,11.0,-13.3809,-20.92,-30.39,79.24,15.83,0.0,12.0,4,12.85,5.06,-22.49,0.0,,8,,20260930
ONBPP,Old National Bancorp,Financial Services,Banks - Regional,NASDAQ,24.7,7257,0,0.1495,24.82,24.36,-0.8057,-1.15,-18.69,-11.68,-11.5,0.0,77.0,3,25.5,24.41,-3.14,0.0,,8,,20260930
ONB,Old National Bancorp,Financial Services,Banks - Regional,NASDAQ,24.84,4149431,9503038464,0.4683,25.93,24.15,-2.322,-6.14,-4.54,-1.78,-3.84,0.0,47.0,3,27.36,19.39,-9.21,0.0,,8,,20260930
ONBPO,Old National Bancorp,Financial Services,Banks - Regional,NASDAQ,24.73,5779,0,0.198,24.83,24.36,-0.504,-0.78,-17.97,-12.01,-11.29,0.0,67.0,3,25.45,24.53,-2.83,0.0,,8,,20260930
SCRPF,Sembcorp Industries Ltd,Utilities,Utilities - Diversified,PNK,5.0,350,8902072320,0.02,4.54,4.68,22.9567,-4.92,-19.78,-2.77,-9.26,0.0,75.0,3,5.9,4.11,-15.25,0.0,,8,,20260930
ACLIF,Accelleron Industries AG,Industrials,Specialty Industrial Machinery,PNK,85.1,75,8003335680,0.4967,92.86,89.7,-15.6183,-17.23,-27.26,-18.99,-21.45,0.0,12.0,4,109.3,77.0,-22.14,0.0,,8,,20260930
SSB,SouthState Bank Corporation,Financial Services,Banks - Regional,NYSE,100.09,776131,9706180608,1.8159,105.77,98.67,-3.1257,-1.79,-9.39,-15.3,-9.85,0.0,57.5,3,112.2,84.48,-10.79,0.0,,8,,20260930
ALBKY,Alpha Bank S.A.,Financial Services,Banks - Regional,PNK,1.33,23906,12281645056,0.0366,1.25,1.09,2.1383,12.98,23.86,24.13,21.25,0.0,81.25,2,1.37,0.73,-2.92,0.0,,8,,20260930
JSAIY,J Sainsbury plc,Consumer Defensive,Grocery Stores,OQX,17.51,60773,9534420992,0.297,18.41,17.71,-3.0339,-0.37,-19.89,-12.15,-11.92,0.0,60.25,3,19.9,15.87,-12.01,0.0,,8,,20260930
TX,Ternium S.A.,Basic Materials,Steel,NYSE,53.45,591690,10492645376,1.3965,53.95,44.98,-0.3582,22.59,21.45,42.86,30.3,0.0,73.25,3,58.73,33.01,-8.99,0.0,,8,,20260930
MDDNF,Meridian Energy Limited,Utilities,Utilities - Renewable,PNK,3.03,213,8012007936,0.0196,3.05,3.07,-1.2103,-8.74,-8.76,-22.37,-14.2,0.0,24.0,4,3.62,2.84,-16.44,0.0,,8,,20260930
NCLTY,"Nitori Holdings Co., Ltd.",Consumer Cyclical,"Furnishings, Fixtures & Appliances",PNK,9.28,151620,10487469056,0.5155,9.3,8.53,-0.039,22.65,-4.22,-23.07,-5.04,0.0,72.0,3,11.56,6.9,-19.72,0.0,,8,,20260930
AXTI,"AXT, Inc.",Technology,Semiconductor Equipment & Materials,NASDAQ,78.18,9921568,5126513664,7.0809,66.58,59.33,1.6385,5.87,26.73,1560.97,635.21,0.0,90.0,2,143.16,4.0,-45.39,0.0,,8,,20260930
EQUEY,Equatorial S.A.,Utilities,Utilities - Regulated Electric,PNK,7.64,417,9598121984,0.0599,7.43,7.7,3.5175,1.93,-23.46,-8.81,-11.25,0.0,65.75,3,9.59,6.3,-20.33,0.0,,8,,20260930
CNM,"Core & Main, Inc.",Industrials,Industrial Distribution,NYSE,41.66,2302403,7683916288,1.2368,43.77,49.42,-1.7095,-16.25,-34.29,-37.84,-31.2,0.0,22.0,4,59.66,40.03,-30.17,0.0,,8,,20260930
ACDSF,CapitaLand Ascendas REIT,Real Estate,REIT - Industrial,PNK,1.79,35636,8941433856,0.0094,1.85,1.96,-6.4132,-10.79,-32.04,-31.07,-26.34,0.0,24.0,4,2.32,1.72,-22.84,0.0,,8,,20260930
HDALF,Haidilao International Holding Ltd.,Consumer Cyclical,Restaurants,PNK,1.15,21421,7033358336,0.0414,1.45,1.73,-7.1822,-26.93,-64.04,-46.16,-47.61,0.0,6.25,4,2.41,1.11,-52.28,0.0,,8,,20260930
ALV,"Autoliv, Inc.",Consumer Cyclical,Auto Parts,NYSE,113.04,669071,8278734848,2.809,119.99,117.66,-2.473,-4.59,-7.93,-24.38,-13.67,0.0,34.0,1,132.17,99.16,-14.47,0.0,,8,,20260930
CEF,Sprott Physical Gold and Silver Trust,Unknown,Unknown,NYSE,41.9,595700,7347842560,1.079,43.63,46.81,-1.6024,1.56,-28.84,0.06,-9.68,0.0,43.25,3,61.38,36.02,-31.74,0.0,,8,,20260930
AGX,"Argan, Inc.",Industrials,Engineering & Construction,NYSE,378.39,353655,5308751872,22.4181,483.11,515.21,-4.6713,-55.16,-47.8,25.82,-20.19,0.0,10.0,4,805.75,255.6,-53.04,0.0,,8,,20260930
AAL,American Airlines Group Inc.,Industrials,Airlines,NASDAQ,13.61,85475089,9009410048,0.4783,14.11,13.88,-1.0383,-27.27,12.16,3.62,-1.11,0.0,32.75,4,18.79,10.09,-27.57,0.0,,8,,20260930
GMWKF,Games Workshop Group PLC,Consumer Cyclical,Leisure,PNK,239.44,251,7912340480,13.0423,254.36,253.08,-1.1438,-19.6,-19.24,6.66,-8.97,0.0,24.5,4,300.0,185.0,-20.19,0.0,,8,,20260930
SMNNY,Shimano Inc.,Consumer Cyclical,Leisure,PNK,11.34,60492,9562633216,0.4089,12.08,10.99,-1.8125,3.89,-9.81,-15.37,-8.61,0.0,58.75,3,13.15,9.36,-13.76,0.0,,8,,20260930
IFUUF,Infratil Limited,Industrials,Conglomerates,PNK,8.72,70,8714004480,0.0731,8.91,7.77,-2.5998,-8.38,6.04,48.13,19.27,0.0,37.0,3,9.65,5.4,-9.64,0.0,,8,,20260930
SSAAF,SSAB AB (publ),Basic Materials,Steel,PNK,9.33,0,9298442240,0.0006,9.33,8.64,0.0,-2.59,-3.73,41.9,14.81,0.0,62.0,3,9.99,5.88,-6.61,0.0,,8,,20260930
ZIONP,"Zions Bancorporation, National Association",Financial Services,Banks - Regional,NASDAQ,17.78,5023,0,0.3371,17.93,18.5,-0.4334,-4.82,-25.87,-31.4,-22.82,0.0,36.5,4,22.27,16.72,-20.16,0.0,,8,,20260930
ZION,"Zions Bancorporation, National Association",Financial Services,Banks - Regional,NASDAQ,62.61,1530229,9138140160,1.4109,68.1,62.66,-3.8932,-11.49,-7.29,-4.58,-7.26,0.0,20.75,4,73.34,46.19,-14.63,0.0,,8,,20260930
PSO,Pearson plc,Communication Services,Publishing,NYSE,15.96,730575,9602463744,0.2534,16.24,14.53,-1.1213,-1.46,3.71,0.23,1.02,0.0,49.5,3,17.75,12.02,-10.08,0.0,,8,,20260930
NRKBF,NKT A/S,Industrials,Electrical Equipment & Parts,PNK,138.1,7,7381507584,0.6997,153.89,136.27,-22.5732,-16.34,-11.51,19.13,-0.46,0.0,25.0,3,158.3,101.0,-12.76,0.0,,8,,20260930
GWKSY,Games Workshop Group PLC,Consumer Cyclical,Leisure,PNK,25.66,1156,8479395840,0.6257,26.24,26.23,-0.9255,-14.71,-13.13,14.55,-2.46,0.0,26.5,4,32.01,20.0,-19.84,0.0,,8,,20260930
AOMFF,Alstom SA,Industrials,Railroads,PNK,16.75,1201,7748818432,0.2134,18.35,23.61,-7.5121,-7.96,-60.02,-50.19,-43.07,0.0,30.0,4,35.21,16.6,-52.43,0.0,,8,,20260930
ALSN,"Allison Transmission Holdings, Inc.",Consumer Cyclical,Auto Parts,NYSE,113.01,1055065,9332144128,3.9037,122.22,116.83,-2.3603,-2.12,-20.7,16.58,-1.14,0.0,45.75,3,137.62,76.01,-17.88,0.0,,8,,20260930
ZLIOY,"Zoomlion Heavy Industry Science and Technology Co., Ltd.",Industrials,Farm & Heavy Construction Machinery,PNK,7.12,168,9148447744,0.0844,8.64,9.76,-17.9996,-29.13,-57.63,-22.01,-36.26,0.0,0.0,4,14.92,6.62,-52.25,0.0,,8,,20260930
ASR,"Grupo Aeroportuario del Sureste, S. A. B. de C. V.",Industrials,Airports & Air Services,NYSE,240.96,60285,7236527104,5.8863,260.3,303.71,-3.2855,-24.02,-45.93,-44.47,-39.87,0.0,6.25,4,381.52,235.79,-36.84,0.0,,8,,20260930
CUBE,CubeSmart,Real Estate,REIT - Industrial,NYSE,37.87,2307760,8585750016,0.7511,40.39,38.71,-3.3617,-6.08,-13.06,-17.88,-13.24,0.0,23.25,4,43.26,35.09,-12.46,0.0,,8,,20260930
ADC,Agree Realty Corporation,Real Estate,REIT - Retail,NYSE,67.65,1402357,8437905920,1.0794,73.41,74.04,-5.334,-12.64,-29.37,-17.67,-20.51,0.0,18.25,4,82.08,66.5,-17.58,0.0,,8,,20260930
ALSMY,Alstom SA,Industrials,Railroads,PNK,1.63,1295107,7540640768,0.0491,1.79,2.32,-3.2452,-6.14,-58.6,-52.54,-43.06,0.0,18.25,4,3.51,1.6,-53.56,0.0,,8,,20260930
CIFR,Cipher Digital Inc.,Technology,Information Technology Services,NASDAQ,16.51,32420512,6852157440,1.4877,18.11,18.34,-1.0743,-35.2,15.88,27.23,7.65,0.0,25.75,4,30.14,11.72,-45.22,0.0,,8,,20260930
LKNCY,Luckin Coffee Inc.,Consumer Cyclical,Restaurants,OID,34.23,1301160,9799661568,1.2735,34.49,33.65,-0.2015,21.12,-16.25,-26.85,-11.15,0.0,74.5,3,43.64,27.22,-21.56,0.0,,8,,20260930
FROG,JFrog Ltd.,Technology,Software - Application,NASDAQ,90.37,2091720,11142739968,5.1234,88.89,67.97,0.2896,-3.15,89.81,63.7,56.12,0.0,87.5,2,105.76,34.05,-14.55,0.0,,8,,20260930
UZAPF,Flughafen Zürich AG,Industrials,Airports & Air Services,PNK,236.54,73,7261387776,6.4885,272.7,296.53,-5.5722,-28.6,-43.13,-37.15,-37.11,0.0,6.25,4,351.79,232.14,-32.76,0.0,,8,,20260930
LLYVK,"Liberty Live Holdings, Inc.",Communication Services,Entertainment,NASDAQ,99.12,303765,9119572992,2.5154,101.83,95.81,-1.0768,-8.76,-11.45,-14.07,-11.83,0.0,47.0,3,109.75,76.94,-9.69,0.0,,8,,20260930
LLYVA,"Liberty Live Holdings, Inc.",Communication Services,Entertainment,NASDAQ,96.58,161306,8885879808,2.4682,98.28,93.02,-0.688,-7.21,-11.65,-13.76,-11.38,0.0,44.5,3,106.06,74.38,-8.93,0.0,,8,,20260930
KIKOF,Kikkoman Corporation,Consumer Defensive,Packaged Foods,PNK,10.2,1,9462942720,0.0053,10.14,9.25,11.7888,-1.96,-4.9,7.2,0.68,0.0,75.0,2,10.2,8.27,-0.0,0.0,,8,,20260930
SAIL,"SailPoint, Inc.",Technology,Software - Infrastructure,NASDAQ,20.67,4126615,11800742912,1.2166,18.54,16.07,1.7541,38.6,44.49,-22.42,16.25,0.0,90.0,2,24.0,10.3,-13.87,0.0,,8,,20260930
SEOAY,Stora Enso Oyj,Consumer Cyclical,Packaging & Containers,OQX,11.62,47907,9163763712,0.2587,11.44,11.61,0.7079,8.0,-18.87,-6.96,-7.39,0.0,92.5,3,14.41,9.92,-19.36,0.0,,8,,20260930
CRPAY,"Corporación Acciona Energías Renovables, S.A.",Utilities,Utilities - Renewable,PNK,12.33,31,8003388928,0.0029,12.31,12.78,7.2671,-7.47,-18.47,-27.37,-19.28,0.0,37.0,3,16.51,12.0,-25.32,0.0,,8,,20260930
ICLR,ICON Public Limited Company,Healthcare,Diagnostics & Research,NASDAQ,170.35,814968,13143220224,6.6517,167.52,146.78,0.4253,-4.52,40.55,-12.71,7.98,0.0,74.5,3,203.91,66.57,-16.46,0.0,,8,,20260930
INPOY,InPost S.A.,Industrials,Integrated Freight & Logistics,PNK,8.25,4239,8248687104,0.1808,8.85,8.48,-3.3097,-6.66,-24.71,21.48,-1.72,0.0,47.0,3,9.19,5.28,-10.23,0.0,,8,,20260930
FLS,Flowserve Corporation,Industrials,Specialty Industrial Machinery,NYSE,73.81,1721871,9433436160,2.3191,76.2,75.88,-1.0287,-2.77,-14.19,21.47,2.93,0.0,57.75,3,92.41,48.71,-20.13,0.0,,8,,20260930
SARO,"StandardAero, Inc.",Industrials,Aerospace & Defense,NYSE,21.75,3566006,7197497344,0.753,25.89,27.55,-5.5002,-29.87,-35.29,-35.35,-33.96,0.0,5.0,4,34.48,21.47,-36.92,0.0,,8,,20260930
IMIUY,IMI plc,Industrials,Specialty Industrial Machinery,PNK,41.73,7076,9795186688,1.0632,41.09,41.73,0.6017,3.17,5.46,5.46,4.89,0.0,90.0,3,43.62,34.07,-4.33,0.0,,8,,20260930
SNEX,StoneX Group Inc.,Financial Services,Capital Markets,NASDAQ,65.25,997226,7870241792,2.7362,69.5,64.11,-1.5514,-19.99,4.03,30.85,8.75,0.0,37.5,3,94.66,36.45,-31.07,0.0,,8,,20260930
MXL,"MaxLinear, Inc.",Technology,Semiconductors,NASDAQ,92.72,3190639,8409072640,6.5084,72.16,52.44,3.1588,-30.17,455.08,459.54,335.55,0.0,68.75,2,128.3,12.77,-27.73,0.0,,8,,20260930
SHZHY,Shenzhou International Group Holdings Limited,Consumer Cyclical,Textile Manufacturing,PNK,4.42,14054,6599500800,0.1809,4.91,6.08,-2.717,-11.83,-45.67,-54.77,-40.85,0.0,12.5,4,9.4,4.27,-52.98,0.0,,8,,20260930
BVN,Compañía de Minas Buenaventura S.A.A.,Basic Materials,Other Precious Metals & Mining,NYSE,31.99,1058525,8125039616,1.3987,33.43,33.39,-1.0328,6.63,-24.6,25.83,3.38,0.0,57.75,3,44.67,21.0,-28.39,0.0,,8,,20260930
KT,KT Corporation,Communication Services,Telecom Services,NYSE,19.27,1411876,9177600000,0.3564,19.08,19.98,0.5409,8.93,-30.47,-16.97,-15.22,0.0,73.25,3,24.58,17.13,-21.6,0.0,,8,,20260930
W,Wayfair Inc.,Consumer Cyclical,Internet Retail,NYSE,101.95,2918487,13457042432,4.9136,99.35,88.2,0.5291,7.72,25.05,0.71,10.98,0.0,85.0,2,119.98,55.6,-15.03,0.0,,8,,20260930
FLGZY,Flughafen Zürich AG,Industrials,Airports & Air Services,PNK,9.7,453,7636117504,0.1057,10.88,11.75,-11.1822,-23.73,-41.59,-32.59,-33.52,0.0,2.5,4,13.66,9.39,-28.99,0.0,,8,,20260930
ADRZY,Andritz AG,Industrials,Specialty Industrial Machinery,PNK,19.18,692,9398084608,0.1791,19.13,17.13,0.3046,5.93,13.84,20.45,14.51,0.0,75.0,2,20.45,13.59,-6.19,0.0,,8,,20260930
WIGBY,WiseTech Global Limited,Technology,Software - Application,PNK,21.65,201,7280960512,0.2898,24.94,31.09,-11.3466,-13.07,-43.78,-82.49,-51.58,0.0,25.0,4,59.66,20.0,-63.71,0.0,,8,,20260930
KRYS,"Krystal Biotech, Inc.",Healthcare,Biotechnology,NASDAQ,335.06,374185,9917385728,11.2027,342.89,300.15,-0.699,-12.44,14.15,82.94,35.02,0.0,45.75,3,382.54,175.85,-12.41,0.0,,8,,20260930
GGB,Gerdau S.A.,Basic Materials,Steel,NYSE,4.64,13053258,9102761984,0.1618,4.8,4.27,-1.0106,13.47,15.02,38.0,23.83,0.0,74.5,3,5.18,3.07,-10.42,0.0,,8,,20260930
FRHC,Freedom Holdings Corp.,Financial Services,Financial Conglomerates,NCM,169.98,127045,10842627072,6.0619,161.29,143.91,1.4343,27.69,-0.79,-18.78,-0.86,0.0,83.75,2,178.0,107.97,-4.51,0.0,,8,,20260930
SPHXF,"SM Prime Holdings, Inc.",Real Estate,Real Estate - Diversified,PNK,0.27,368,7603890688,0.0002,0.28,0.08,-40.5783,-8.2,-366.64,-308.81,-253.89,0.0,37.0,3,0.46,0.27,-42.3,0.0,,8,,20260930
LGN,Legence Corp.,Industrials,Engineering & Construction,NASDAQ,53.7,1184477,8822102016,2.8244,59.49,63.23,-2.0507,-39.58,-21.89,52.85,3.58,0.0,8.75,4,107.24,29.0,-49.92,0.0,,8,,20260930
TTC,The Toro Company,Industrials,Tools & Accessories,NYSE,97.42,722823,9222106112,2.2248,96.01,92.72,0.6356,-2.59,-14.49,13.21,-0.43,0.0,66.25,2,105.19,67.64,-7.39,0.0,,8,,20260930
RGTI,"Rigetti Computing, Inc.",Technology,Computer Hardware,NCM,15.74,19108070,5253519872,0.9604,16.12,18.48,-0.3924,-21.12,0.48,-66.23,-31.61,0.0,23.25,4,58.15,12.53,-72.93,0.0,,8,,20260930
DDS,"Dillard's, Inc.",Consumer Cyclical,Department Stores,NYSE,677.52,153104,10582491136,21.5755,622.5,604.24,2.5502,25.63,0.59,-3.19,5.34,0.0,90.0,2,741.98,503.06,-8.69,0.0,,8,,20260930
GZPZY,Gaztransport & Technigaz SA,Energy,Oil & Gas Equipment & Services,PNK,49.5,567,9176981504,0.7262,48.14,44.33,1.878,17.15,-10.6,20.96,8.96,0.0,76.25,2,53.67,36.36,-7.77,0.0,,8,,20260930
NCLTF,"Nitori Holdings Co., Ltd.",Consumer Cyclical,"Furnishings, Fixtures & Appliances",PNK,17.7,74,10300999680,0.1346,16.18,16.12,11.3009,12.34,-9.92,-97.24,-39.28,0.0,75.0,2,20.98,13.25,-15.65,0.0,,8,,20260930
CFR,"Cullen/Frost Bankers, Inc.",Financial Services,Banks - Regional,NYSE,154.21,552047,9583964160,2.9729,162.34,144.48,-2.7335,-2.15,-5.97,6.46,-0.04,0.0,60.0,3,170.8,119.0,-9.71,0.0,,8,,20260930
GZPZF,Gaztransport & Technigaz SA,Energy,Oil & Gas Equipment & Services,PNK,237.51,43,8806564864,0.4304,234.79,219.61,6.3263,5.02,-5.42,44.44,17.14,0.0,75.0,2,246.86,147.38,-3.79,0.0,,8,,20260930
INPOF,InPost S.A.,Industrials,Integrated Freight & Logistics,PNK,17.92,11,8958573568,0.0073,17.66,17.0,35.5249,-1.0,-21.91,15.78,-1.61,0.0,75.0,2,18.02,9.99,-0.55,0.0,,8,,20260930
STN,Stantec Inc.,Industrials,Engineering & Construction,NYSE,67.24,386939,7557755904,1.7551,71.55,82.31,-2.4548,-4.77,-41.55,-52.96,-36.92,0.0,32.5,4,114.52,66.26,-41.29,0.0,,8,,20260930
PRI,"Primerica, Inc.",Financial Services,Insurance - Life,NYSE,275.88,185150,8490855424,5.385,300.06,274.7,-4.4903,-5.12,-8.94,-15.59,-10.65,0.0,35.0,3,327.28,230.09,-15.71,0.0,,8,,20260930
SHMDF,Shimano Inc.,Consumer Cyclical,Leisure,PNK,114.38,64,9069322240,1.9515,118.36,107.29,-2.0377,2.96,-10.38,-9.5,-6.69,0.0,63.25,3,130.0,94.15,-12.02,0.0,,8,,20260930
AYI,Acuity Inc.,Industrials,Electrical Equipment & Parts,NYSE,308.79,290542,9243798528,9.8055,331.69,314.8,-2.3357,-20.56,-8.04,-25.31,-18.08,0.0,23.25,4,380.17,257.04,-18.78,0.0,,8,,20260930
AVAV,"AeroVironment, Inc.",Industrials,Aerospace & Defense,NASDAQ,143.24,1836839,7279558144,8.7893,158.79,202.75,-1.7692,-15.81,-40.6,-69.16,-45.83,0.0,23.25,4,417.86,135.2,-65.72,0.0,,8,,20260930
ELPC,Companhia Paranaense de Energia,Utilities,Utilities - Regulated Electric,NYSE,12.18,454339,9042463744,0.29,11.71,11.3,1.6336,1.96,-13.38,24.09,5.44,0.0,88.75,2,13.7,8.26,-11.08,0.0,,8,,20260930
XP,XP Inc.,Financial Services,Capital Markets,NASDAQ,20.27,5830246,10285869056,0.739,18.05,18.01,3.0032,22.07,-5.73,-6.28,1.0,0.0,88.75,2,23.13,14.8,-12.36,0.0,,8,,20260930
YMM,Full Truck Alliance Co. Ltd.,Technology,Software - Application,NYSE,8.27,6568967,8649545728,0.2043,8.79,8.99,-2.5216,0.26,-17.24,-52.06,-26.79,0.0,24.5,4,14.07,7.46,-41.22,0.0,,8,,20260930
ASGLY,AGC Inc.,Industrials,Conglomerates,PNK,7.18,4603,7615302144,0.3071,7.3,7.56,-0.3901,-16.08,-14.37,-6.25,-11.55,0.0,37.75,4,10.69,6.05,-32.83,0.0,,8,,20260930
NIABY,NIBE Industrier AB (publ),Industrials,Building Products & Equipment,PNK,4.61,549,9294066688,0.0372,4.25,4.08,9.6404,23.78,-1.18,7.75,8.63,0.0,75.0,2,5.0,3.33,-7.8,0.0,,8,,20260930
FR,"First Industrial Realty Trust, Inc.",Real Estate,REIT - Industrial,NYSE,61.15,1068068,8378555904,0.9293,63.12,60.88,-2.1196,-2.85,-12.94,6.32,-2.71,0.0,52.0,3,69.88,50.24,-12.49,0.0,,8,,20260930
KIKOY,Kikkoman Corporation,Consumer Defensive,Packaged Foods,PNK,23.0,39,10669003776,0.0455,21.97,19.59,22.7092,10.85,9.74,12.14,10.98,0.0,75.0,2,24.25,15.73,-5.15,0.0,,8,,20260930
WEGRY,Weir PLC,Industrials,Specialty Industrial Machinery,PNK,18.21,58577,9455070208,0.5416,18.44,19.13,-0.425,9.06,-21.11,-17.91,-12.29,0.0,57.75,4,24.85,15.38,-26.72,0.0,,8,,20260930
XNGSF,ENN Energy Holdings Limited,Utilities,Utilities - Regulated Gas,PNK,6.22,385,9561951232,0.1719,6.23,7.49,-0.0698,10.92,-47.13,-43.28,-31.08,0.0,38.25,4,9.78,4.88,-36.4,0.0,,8,,20260930
CRUS,"Cirrus Logic, Inc.",Technology,Semiconductors,NASDAQ,120.8,801749,6054201344,3.5545,121.01,139.86,-0.0594,-21.26,-34.21,-20.95,-25.67,0.0,29.5,4,180.42,106.26,-33.05,0.0,,8,,20260930
AKBLF,ALK-Abelló A/S,Healthcare,Biotechnology,PNK,30.5,16,6758328832,0.274,36.2,35.56,-20.8139,-28.55,-26.56,-6.73,-19.13,0.0,0.0,4,40.65,28.95,-24.97,0.0,,8,,20260930
CHWY,"Chewy, Inc.",Consumer Cyclical,Internet Retail,NYSE,18.26,8506682,7339191808,0.9698,22.11,24.72,-3.9683,-9.66,-50.98,-70.67,-48.53,0.0,31.25,4,40.55,17.4,-54.97,0.0,,8,,20260930
RYAN,"Ryan Specialty Holdings, Inc.",Financial Services,Insurance Brokers,NYSE,37.85,1986781,9699780608,1.5708,41.6,40.1,-2.3853,-2.04,-5.9,-47.75,-21.68,0.0,23.25,4,59.19,29.28,-36.05,0.0,,8,,20260930
HLTOY,Hellenic Telecommunications Organization S.A.,Communication Services,Telecom Services,PNK,10.9,4737,9158274048,0.2572,11.43,10.29,-2.0724,0.13,-4.73,1.29,-1.11,0.0,73.25,3,11.9,8.96,-8.4,0.0,,8,,20260930
COLB,"Columbia Banking System, Inc.",Financial Services,Banks - Regional,NASDAQ,28.69,2892276,8114019840,0.6334,30.52,29.21,-2.8857,-11.98,-11.77,-0.98,-7.5,0.0,23.25,4,33.68,23.83,-14.82,0.0,,8,,20260930
PSPSF,PSP Swiss Property AG,Real Estate,Real Estate Services,PNK,171.11,6,8337719808,1.1576,179.65,185.74,-7.3787,-7.99,-32.41,-14.23,-19.03,0.0,25.25,4,220.0,166.25,-22.22,0.0,,8,,20260930
BROS,Dutch Bros Inc.,Consumer Cyclical,Restaurants,NYSE,38.1,3832846,6682604032,1.6471,50.7,55.91,-7.6519,-49.53,-42.14,-44.96,-45.12,0.0,8.75,4,74.02,37.4,-48.53,0.0,,8,,20260930
WAL,Western Alliance Bancorporation,Financial Services,Banks - Regional,NYSE,75.76,1035571,8265481728,2.1246,79.93,80.56,-1.963,-9.95,-8.87,-29.1,-17.24,0.0,20.75,4,97.23,65.82,-22.08,0.0,,8,,20260930
MBLY,Mobileye Global Inc.,Consumer Cyclical,Auto Parts,NASDAQ,7.57,6101406,6431669248,0.3542,8.36,8.96,-2.2292,-24.39,-6.14,-62.06,-33.07,0.0,7.5,4,15.81,6.47,-52.12,0.0,,8,,20260930
NNN,"NNN REIT, Inc.",Real Estate,REIT - Retail,NYSE,41.34,1575393,7934443520,0.6925,45.23,43.38,-5.6193,-12.58,-20.16,-13.52,-15.61,0.0,17.0,4,50.0,38.9,-17.32,0.0,,8,,20260930
MLSPF,Melrose Industries PLC,Industrials,Specialty Industrial Machinery,PNK,6.41,37895,7925180416,0.3775,6.64,7.18,-0.6178,-1.8,-22.77,-35.68,-22.69,0.0,55.75,4,9.6,5.79,-33.23,0.0,,8,,20260930
ALGM,"Allegro MicroSystems, Inc.",Technology,Semiconductors,NASDAQ,36.6,2448301,6822314496,1.8031,39.24,40.12,-1.4638,-50.02,8.99,6.48,-6.77,0.0,25.75,4,71.77,22.41,-49.0,0.0,,8,,20260930
SALRY,SalMar ASA,Consumer Defensive,Farm Products,PNK,15.12,21433,8197347840,0.4364,14.27,14.22,1.9392,27.2,-14.21,-3.6,0.39,0.0,90.0,2,16.17,11.29,-6.49,0.0,,8,,20260930
MTLHY,Mitsubishi Chemical Group Corporation,Basic Materials,Specialty Chemicals,PNK,38.65,40,10501298176,0.125,36.86,33.09,14.2861,8.78,9.86,11.97,10.44,0.0,75.0,2,38.74,26.51,-0.25,0.0,,8,,20260930
GAP,"The Gap, Inc.",Consumer Cyclical,Apparel Retail,NYSE,23.54,7272611,8268899328,0.8176,20.88,23.33,3.2517,24.6,-21.13,-6.37,-3.79,0.0,86.25,3,29.36,18.11,-19.82,0.0,,8,,20260930
TKHVY,Türk Hava Yollari Anonim Ortakligi,Industrials,Airlines,PNK,61.88,33,8491689472,0.6394,64.28,67.85,-3.7524,-16.48,-28.53,-39.49,-29.9,0.0,25.25,4,78.0,53.85,-20.67,0.0,,8,,20260930
YOKEF,Yokogawa Electric Corporation,Industrials,Specialty Industrial Machinery,PNK,,15,9035553792,,,,,,,,,0.0,35.75,3,36.29,19.1,,0.0,,8,,20260930
DNOPY,Dino Polska S.A.,Consumer Defensive,Grocery Stores,PNK,9.0,76107,8823600128,0.3507,8.99,9.58,0.0331,16.15,-18.09,-41.08,-18.73,0.0,75.75,3,12.79,7.16,-29.63,0.0,,8,,20260930
PRMB,Primo Brands Corporation,Consumer Defensive,Beverages - Non-Alcoholic,NYSE,19.25,3920431,6967416320,0.7461,22.28,20.91,-4.0665,-23.41,-16.19,-28.0,-22.72,0.0,23.25,4,26.21,14.36,-26.55,0.0,,8,,20260930
MSGS,Madison Square Garden Sports Corp.,Communication Services,Entertainment,NYSE,413.84,231906,9965242368,10.0366,397.33,342.76,1.6451,0.4,10.8,68.41,31.24,0.0,87.5,2,438.93,207.9,-5.72,0.0,,8,,20260930
NEMKY,Nemetschek SE,Technology,Software - Application,PNK,14.92,584,8613880832,0.7263,15.16,16.18,-0.3379,7.43,-10.87,-56.91,-24.71,0.0,50.25,4,26.41,11.25,-43.52,0.0,,8,,20260930
KRMN,Karman Holdings Inc.,Industrials,Aerospace & Defense,NYSE,32.86,3504120,4355057664,2.6203,46.2,69.33,-5.0922,-36.76,-77.62,-68.69,-63.83,0.0,7.5,4,118.38,32.2,-72.24,0.0,,8,,20260930
SBYSF,Sibanye Stillwater Limited,Basic Materials,Other Precious Metals & Mining,PNK,2.53,167,7188303360,0.0549,2.35,2.95,3.1892,1.28,-26.29,-13.86,-14.42,0.0,50.0,3,5.54,1.98,-54.33,0.0,,8,,20260930
ENS,EnerSys,Industrials,Electrical Equipment & Parts,NYSE,182.1,511960,6567477760,5.3678,185.71,188.46,-0.6727,-24.58,-12.12,47.41,8.58,0.0,35.25,4,244.3,108.88,-25.46,0.0,,8,,20260930
IESFY,Interconexión Eléctrica S.A. E.S.P.,Utilities,Utilities - Regulated Electric,OQX,209.94,50,9533049856,4.8755,227.34,203.03,-3.5687,-9.96,0.9,35.5,12.03,0.0,50.0,3,300.0,111.94,-30.02,0.0,,8,,20260930
EMN,Eastman Chemical Company,Basic Materials,Specialty Chemicals,NYSE,65.75,1132496,7516975616,1.5891,69.54,69.5,-2.3864,-3.18,-28.72,-6.62,-13.5,0.0,22.0,4,83.47,56.11,-21.23,0.0,,8,,20260930
LEVI,Levi Strauss & Co.,Consumer Cyclical,Apparel Manufacturing,NYSE,19.75,2539879,7600798720,0.5131,21.95,21.62,-4.2858,-22.53,-11.41,-28.67,-21.09,0.0,18.25,4,25.7,17.72,-23.15,0.0,,8,,20260930
CNRAF,Vicinity Centres,Real Estate,REIT - Retail,PNK,1.85,233,5897387520,0.0006,1.85,1.65,2.6295,-0.1,2.63,4.2,2.57,0.0,75.0,2,1.9,1.26,-2.63,0.0,,8,,20260930
SNPTF,Sunny Optical Technology (Group) Company Limited,Technology,Electronic Components,PNK,8.69,87,9329209344,0.0497,7.65,7.84,20.8254,-12.12,12.52,-33.51,-12.05,0.0,50.0,3,11.62,6.61,-25.29,0.0,,8,,20260930
HSIC,"Henry Schein, Inc.",Healthcare,Medical Distribution,NASDAQ,84.97,1208126,9679507456,1.7831,87.74,80.15,-1.554,-0.85,-4.66,11.91,2.92,0.0,70.75,3,92.18,61.95,-7.82,0.0,,8,,20260930
FDS,FactSet Research Systems Inc.,Financial Services,Financial Data & Stock Exchanges,NYSE,259.97,888788,9245974528,11.7637,280.45,247.57,-1.7409,10.83,6.66,-25.37,-5.11,0.0,61.25,3,320.48,185.0,-18.88,0.0,,8,,20260930
KNTK,Kinetik Holdings Inc.,Energy,Oil & Gas Midstream,NYSE,51.16,1073254,8656265216,1.4896,52.51,45.61,-0.9088,4.93,-12.76,3.89,-1.68,0.0,70.75,3,56.92,31.33,-10.12,0.0,,8,,20260930
ENPH,"Enphase Energy, Inc.",Technology,Solar,NASDAQ,31.83,4703275,4195137536,1.7713,37.34,41.22,-3.1112,-37.95,-32.23,-29.51,-32.57,0.0,11.25,4,73.74,25.78,-56.83,0.0,,8,,20260930
SSL,Sasol Limited,Basic Materials,Specialty Chemicals,NYSE,13.85,1463504,8878371840,0.4684,12.49,10.83,2.9102,38.45,-15.89,103.83,45.58,0.0,88.75,2,15.18,5.24,-8.76,0.0,,8,,20260930
ARE,"Alexandria Real Estate Equities, Inc.",Real Estate,REIT - Office,NYSE,48.47,1860453,8341458432,1.83,51.13,49.51,-1.4554,-10.88,-13.78,-55.39,-29.7,0.0,47.0,3,85.37,39.41,-43.22,0.0,,8,,20260930
BRRLY,Barry Callebaut AG,Consumer Defensive,Confectioners,PNK,12.81,22412,7023340032,0.4036,13.69,15.33,-2.1763,-10.0,-47.53,-20.94,-27.51,0.0,12.5,4,19.72,12.33,-35.04,0.0,,8,,20260930
CMHHY,China Merchants Port Holdings Company Limited,Industrials,Marine Shipping,PNK,22.25,120,9340570624,0.1529,19.24,18.97,19.6617,33.25,-7.63,3.65,7.11,0.0,76.25,2,22.25,16.45,0.0,0.0,,8,,20260930
WEIGF,Weir PLC,Industrials,Specialty Industrial Machinery,PNK,35.5,142,9351353344,0.229,36.99,37.49,-6.5132,6.74,-20.55,-13.8,-11.03,0.0,49.0,3,48.94,30.55,-27.46,0.0,,8,,20260930
HESM,Hess Midstream LP,Energy,Oil & Gas Midstream,NYSE,37.63,1181278,7758492160,0.8071,39.67,37.02,-2.5226,-0.5,-22.34,0.27,-7.83,0.0,55.0,3,41.44,31.63,-9.19,0.0,,8,,20260930
CCOEY,"Capcom Co., Ltd.",Communication Services,Electronic Gaming & Multimedia,PNK,13.87,74295,11603887104,0.4016,12.99,11.19,2.1807,48.17,13.12,-16.14,10.18,0.0,91.25,2,14.79,8.63,-6.22,0.0,,8,,20260930
TYCMY,Tingyi (Cayman Islands) Holding Corp.,Consumer Defensive,Packaged Foods,PNK,29.4,13563,8286957568,1.3186,31.3,29.69,-1.4374,19.12,-26.39,2.59,-3.42,0.0,52.0,3,36.6,23.63,-19.67,0.0,,8,,20260930
STJPF,St. James's Place plc,Financial Services,Asset Management,PNK,14.15,31,6970187264,0.0149,14.21,16.84,-4.218,-12.63,-40.35,-31.47,-29.87,0.0,12.0,4,21.03,14.05,-32.72,0.0,,8,,20260930
VFS,VinFast Auto Ltd.,Consumer Cyclical,Auto Manufacturers,NASDAQ,3.16,373876,7392934400,0.1079,3.13,3.39,0.2364,-1.31,-34.0,-17.34,-19.16,0.0,67.0,3,5.29,2.78,-40.21,0.0,,8,,20260930
MTCH,"Match Group, Inc.",Communication Services,Internet Content & Information,NASDAQ,40.13,3250050,9211881472,1.295,40.27,35.16,-0.109,3.44,13.11,-3.41,4.08,0.0,73.25,3,44.94,28.81,-10.69,0.0,,8,,20260930
SFOSF,"Shanghai Fosun Pharmaceutical (Group) Co., Ltd.",Healthcare,Drug Manufacturers - Specialty & Generic,PNK,2.45,120,9218591744,0.0373,2.17,2.43,7.5714,18.7,-30.8,-46.72,-24.79,0.0,75.0,3,3.5,1.93,-30.0,0.0,,8,,20260930
ICL,ICL Group Ltd,Basic Materials,Agricultural Inputs,NYSE,5.17,1178234,6673013760,0.1277,5.41,5.35,-1.8816,2.28,-20.08,-29.49,-18.25,0.0,56.5,3,6.97,4.76,-25.82,0.0,,8,,20260930
Z,"Zillow Group, Inc.",Communication Services,Internet Content & Information,NASDAQ,27.34,3823942,6148081664,1.4058,33.05,43.43,-4.065,-15.85,-54.51,-82.32,-55.97,0.0,6.25,4,81.56,27.02,-66.48,0.0,,8,,20260930
ZG,"Zillow Group, Inc.",Communication Services,Internet Content & Information,NASDAQ,28.01,1128507,6298747904,1.4475,33.63,43.45,-3.8829,-13.3,-52.6,-80.41,-53.9,0.0,6.25,4,76.32,27.73,-63.3,0.0,,8,,20260930
TKR,The Timken Company,Industrials,Tools & Accessories,NYSE,117.26,922825,8148926464,3.1056,125.93,113.63,-2.7909,-21.68,1.41,40.61,11.32,0.0,36.25,3,146.37,70.57,-19.89,0.0,,8,,20260930
CMHHF,China Merchants Port Holdings Company Limited,Industrials,Marine Shipping,PNK,1.93,661,8102157312,0.0607,2.01,1.9,-1.3806,14.11,-20.57,-9.87,-7.62,0.0,64.5,3,2.34,1.35,-17.52,0.0,,8,,20260930
XNGSY,ENN Energy Holdings Limited,Utilities,Utilities - Regulated Gas,PNK,24.55,36906,6824008192,0.8161,24.38,28.69,0.2098,16.01,-41.8,-38.13,-25.88,0.0,68.75,3,39.4,20.55,-37.69,0.0,,8,,20260930
BYCBF,Barry Callebaut AG,Consumer Defensive,Confectioners,PNK,1340.81,18,7351260672,15.1437,1370.52,1529.65,-1.9621,-5.98,-37.79,-17.96,-21.91,0.0,12.0,4,1908.75,1261.6,-29.75,0.0,,8,,20260930
FNMA,Federal National Mortgage Association,Financial Services,Mortgage Finance,OQB,4.17,3363120,4829224960,0.3283,5.79,7.23,-4.9267,-38.53,-64.8,-84.01,-65.92,0.0,5.0,4,12.98,3.6,-67.87,0.0,,8,,20260930
FNMAH,Federal National Mortgage Association,Financial Services,Mortgage Finance,OQB,5.35,9531,30702793795,0.3977,7.08,9.14,-4.3481,-39.57,-58.74,-76.9,-61.21,0.0,8.75,4,13.69,5.35,-60.92,0.0,,8,,20260930
FNMAJ,Federal National Mortgage Association,Financial Services,Mortgage Finance,OQB,6.35,13968,36441633859,0.3247,7.72,9.79,-4.2305,-29.35,-53.48,-74.52,-55.86,0.0,8.75,4,15.52,6.06,-59.09,0.0,,8,,20260930
FNMAT,Federal National Mortgage Association,Financial Services,Mortgage Finance,OQB,6.79,94784,38966723815,0.3167,8.14,10.16,-4.2755,-28.13,-46.98,-74.21,-53.16,0.0,7.5,4,16.5,6.41,-58.85,0.0,,8,,20260930
FNMAI,Federal National Mortgage Association,Financial Services,Mortgage Finance,OQB,6.0,12468,34433040384,0.2221,7.48,9.57,-6.6619,-31.16,-56.11,-76.72,-58.11,0.0,2.5,4,15.34,5.82,-60.89,0.0,,8,,20260930
FNMFO,Federal National Mortgage Association,Financial Services,Mortgage Finance,OQB,29000.0,19,166426361856000,559.442,31670.0,39592.5,-4.7726,-24.21,-46.21,-64.08,-47.86,0.0,0.0,4,55000.0,25000.0,-47.27,0.0,,8,,20260930
FNMAP,Federal National Mortgage Association,Financial Services,Mortgage Finance,OQB,9.05,8900,0,0.4851,11.71,15.02,-5.4912,-32.38,-56.89,-77.18,-58.88,0.0,5.0,4,24.5,8.99,-63.06,0.0,,8,,20260930
FNMFN,Federal National Mortgage Association,Financial Services,Mortgage Finance,OQB,12.97,11340,74432757162,0.4302,15.27,19.49,-5.3386,-28.47,-51.05,-73.92,-54.55,0.0,11.25,4,30.05,12.55,-56.84,0.0,,8,,20260930
FNMAK,Federal National Mortgage Association,Financial Services,Mortgage Finance,OQB,11.5,332,65996660736,0.3124,13.89,17.21,-7.6599,-27.18,-48.94,-72.48,-52.92,0.0,1.25,4,26.7,11.5,-56.93,0.0,,8,,20260930
FNMAG,Federal National Mortgage Association,Financial Services,Mortgage Finance,OQB,11.3,550,64848893817,0.2325,14.01,17.7,-11.6463,-31.96,-52.59,-76.34,-56.94,0.0,0.0,4,27.98,11.3,-59.61,0.0,,8,,20260930
FNMFM,Federal National Mortgage Association,Financial Services,Mortgage Finance,OQB,11.25,1537,64561950720,0.2289,12.86,16.61,-7.0523,-23.64,-43.95,-68.33,-48.62,0.0,2.5,4,26.5,10.75,-57.55,0.0,,8,,20260930
FNMAO,Federal National Mortgage Association,Financial Services,Mortgage Finance,OQB,9.45,1359,54232037510,0.3169,12.0,14.93,-8.0548,-27.88,-51.54,-75.09,-55.04,0.0,1.25,4,23.74,9.45,-60.19,0.0,,8,,20260930
FNMAL,Federal National Mortgage Association,Financial Services,Mortgage Finance,OQB,9.9,1132,56814514444,0.2675,12.36,15.89,-9.1889,-31.92,-51.82,-77.52,-57.13,0.0,2.5,4,27.04,9.9,-63.39,0.0,,8,,20260930
FNMAS,Federal National Mortgage Association,Financial Services,Mortgage Finance,OQB,7.8,620168,44762953593,0.3938,9.6,11.85,-4.563,-31.09,-54.7,-71.11,-55.36,0.0,10.0,4,17.99,7.61,-56.64,0.0,,8,,20260930
FNMAN,Federal National Mortgage Association,Financial Services,Mortgage Finance,OQB,11.07,1245,63528957757,0.2252,13.79,17.38,-12.1,-30.8,-54.24,-73.89,-56.24,0.0,0.0,4,26.98,11.07,-58.97,0.0,,8,,20260930
FNMAM,Federal National Mortgage Association,Financial Services,Mortgage Finance,OQB,11.2,18929,64275007622,0.4272,13.8,17.53,-6.0863,-30.33,-52.82,-75.91,-56.44,0.0,5.0,4,28.5,11.2,-60.7,0.0,,8,,20260930
ASXFY,ASX Limited,Financial Services,Financial Data & Stock Exchanges,PNK,40.01,17217,7895958016,0.857,39.56,37.36,0.528,8.12,-4.23,-9.05,-3.07,0.0,87.5,2,45.74,32.12,-12.53,0.0,,8,,20260930
EDU,New Oriental Education & Technology Group Inc.,Consumer Defensive,Education & Training Services,NYSE,54.48,771992,8446011904,1.4719,55.56,53.75,-0.7328,16.08,-20.75,-9.38,-7.0,0.0,72.0,3,64.97,44.25,-16.15,0.0,,8,,20260930
LUNR,"Intuitive Machines, Inc.",Industrials,Aerospace & Defense,NASDAQ,14.55,9070768,2334580992,1.0402,15.26,20.18,-0.6862,-34.57,-32.55,27.63,-8.98,0.0,22.0,4,46.75,7.78,-68.88,0.0,,8,,20260930
NE,Noble Corporation plc,Energy,Oil & Gas Drilling,NYSE,41.94,1356038,6695394816,1.5626,43.83,42.12,-1.2072,11.03,-33.91,33.71,4.37,0.0,56.5,3,54.98,26.7,-23.72,0.0,,8,,20260930
TEM,"Tempus AI, Inc.",Healthcare,Health Information Services,NASDAQ,82.58,6495056,14900301824,4.9262,60.71,56.34,4.44,39.96,73.37,-11.49,31.07,0.0,87.5,2,104.32,40.77,-20.84,0.0,,8,,20260930
RTLLF,RATIONAL Aktiengesellschaft,Industrials,Specialty Industrial Machinery,PNK,650.0,20,7474115584,5.1789,731.51,764.41,-15.7385,-14.27,-30.23,-29.8,-26.07,0.0,0.0,4,887.11,650.0,-26.73,0.0,,8,,20260930
SCVPY,The Siam Cement Public Company Limited,Industrials,Conglomerates,PNK,7.99,47,9593999360,0.0587,7.99,6.6,0.1181,0.62,-4.4,49.48,18.41,0.0,50.0,2,8.56,4.9,-6.6,0.0,,8,,20260930
NDRBF,NIBE Industrier AB (publ),Industrials,Building Products & Equipment,PNK,4.53,361,9856812032,0.0234,4.25,4.03,11.794,24.52,-12.79,3.48,3.04,0.0,75.0,2,4.87,3.5,-7.08,0.0,,8,,20260930
CIADY,China Mengniu Dairy Company Limited,Consumer Defensive,Packaged Foods,PNK,22.76,9110,8794370048,0.4015,23.3,21.14,-1.3436,8.54,-14.85,8.0,0.14,0.0,73.25,3,24.81,17.81,-8.26,0.0,,8,,20260930
FRO,Frontline plc,Energy,Oil & Gas Midstream,NYSE,48.93,2692837,10892938240,1.6594,41.59,32.5,4.4237,47.53,41.69,126.81,77.2,0.0,90.0,2,54.91,20.47,-10.89,0.0,,8,,20260930
EGO,Eldorado Gold Corporation,Basic Materials,Gold,NYSE,38.9,2732463,10145522688,2.0029,39.82,36.82,-0.4575,22.74,-0.97,18.87,12.9,0.0,69.5,3,51.16,24.44,-23.96,0.0,,8,,20260930
ALNPY,ANA Holdings Inc.,Industrials,Airlines,PNK,3.99,4903,8695183360,0.2081,3.93,3.83,0.2865,8.86,-15.7,-17.71,-10.36,0.0,91.25,2,4.48,3.3,-10.94,0.0,,8,,20260930
IGGHY,IG Group Holdings plc,Financial Services,Capital Markets,PNK,16.35,134,5389522432,0.2247,19.82,19.5,-15.4373,-36.53,-31.8,-0.67,-20.53,0.0,0.0,4,25.0,13.4,-34.6,0.0,,8,,20260930
CIBEY,Commercial International Bank Egypt (CIB) S.A.E.,Financial Services,Banks - Regional,OQX,2.4,9315,7918267904,0.063,2.58,2.5,-2.8212,-12.02,-11.44,8.94,-3.44,0.0,20.75,4,2.87,1.91,-16.38,0.0,,8,,20260930
PPRQF,Choice Properties Real Estate Investment Trust,Real Estate,REIT - Retail,PNK,10.44,11028,7597703680,0.0704,11.09,11.05,-9.1976,-12.1,-25.63,-6.77,-14.71,0.0,13.25,4,11.81,10.23,-11.6,0.0,,8,,20260930
MANH,"Manhattan Associates, Inc.",Technology,Software - Application,NASDAQ,200.11,793967,11667407872,6.9646,199.73,160.76,0.0546,41.12,31.85,-22.13,12.58,0.0,85.0,2,227.03,119.06,-11.86,0.0,,8,,20260930
ORA,"Ormat Technologies, Inc.",Utilities,Utilities - Renewable,NYSE,91.27,870907,5612825600,3.2844,102.02,114.05,-3.2744,-18.69,-37.97,-20.1,-26.0,0.0,8.75,4,146.39,89.31,-37.65,0.0,,8,,20260930
NEXNY,Nexans S.A.,Industrials,Electrical Equipment & Parts,PNK,77.36,693,6749086208,0.9567,79.29,78.32,-2.015,-8.94,-3.27,-14.13,-9.03,0.0,25.25,4,97.43,64.44,-20.59,0.0,,8,,20260930
FITGF,FIT Hon Teng Limited,Technology,Electronic Components,PNK,0.69,6289,4871659520,0.0216,0.68,0.81,0.375,-26.56,-47.25,-37.94,-38.35,0.0,30.0,3,1.4,0.54,-51.06,0.0,,8,,20260930
CPBLF,ALS Limited,Industrials,Consulting Services,PNK,15.5,7,8864528384,0.0083,15.7,15.4,-23.961,-6.39,-12.38,24.84,4.0,0.0,37.0,3,18.19,10.95,-14.79,0.0,,8,,20260930
AGCO,AGCO Corporation,Industrials,Farm & Heavy Construction Machinery,NYSE,116.16,993807,8134885888,4.1567,113.64,115.83,0.6068,-5.25,-17.84,-9.8,-11.48,0.0,85.0,3,143.78,98.22,-19.21,0.0,,8,,20260930
REXR,"Rexford Industrial Realty, Inc.",Real Estate,REIT - Industrial,NYSE,37.4,2689736,8550964224,0.7307,37.43,36.22,-0.0361,9.05,-3.84,-22.39,-8.04,0.0,75.75,3,44.38,32.14,-15.73,0.0,,8,,20260930
SFM,"Sprouts Farmers Market, Inc.",Consumer Defensive,Grocery Stores,NASDAQ,64.65,1954044,6028459008,2.9982,77.88,78.11,-4.4144,-26.15,-37.86,-57.88,-42.94,0.0,10.0,4,114.34,61.88,-43.46,0.0,,8,,20260930
ASGLF,AGC Inc.,Industrials,Conglomerates,PNK,38.35,0,8146355200,0.0708,38.35,-16.23,0.0,-3.58,-184.85,-87.63,-100.64,0.0,75.0,3,38.35,30.0,-0.0,0.0,,8,,20260930
VIRT,"Virtu Financial, Inc.",Financial Services,Capital Markets,NYSE,53.75,1249503,4746161664,2.1896,59.45,49.12,-2.6024,-12.03,5.0,39.17,14.41,0.0,31.25,3,68.76,31.55,-21.83,0.0,,8,,20260930
ACKDF,Auckland International Airport Limited,Industrials,Airports & Air Services,PNK,4.7,2333,8244848128,0.1057,5.08,4.98,-3.6343,-6.28,-14.23,-16.07,-12.98,0.0,15.75,4,5.59,4.3,-15.92,0.0,,8,,20260930
CDNTF,"Canadian Tire Corporation, Limited",Consumer Cyclical,Specialty Retail,PNK,155.7,3,8120205824,0.0609,155.49,165.98,3.3771,-18.64,-27.11,-31.27,-26.66,0.0,37.0,3,187.03,150.14,-16.75,0.0,,8,,20260930
CHOLF,China Oilfield Services Limited,Energy,Oil & Gas Equipment & Services,PNK,0.9,80,4294432768,0.0003,0.89,1.03,21.825,-0.32,-46.54,-12.06,-21.19,0.0,50.0,3,1.23,0.86,-26.83,0.0,,8,,20260930
MTLHF,Mitsubishi Chemical Group Corporation,Basic Materials,Specialty Chemicals,PNK,6.26,0,8505386496,0.0076,6.16,6.21,13.0971,-0.93,-33.76,-4.36,-13.79,0.0,62.0,3,7.25,5.16,-13.66,0.0,,8,,20260930
NXDCF,NEXTDC Limited,Technology,Information Technology Services,PNK,7.21,2686,5483122176,0.2015,9.57,9.53,-11.706,-33.24,-27.78,-53.74,-39.53,0.0,0.0,4,12.29,7.11,-41.33,0.0,,8,,20260930
SKPJF,SKY Perfect JSAT Corporation,Communication Services,Broadcasting,PNK,,0,6343064576,,,,,,,,,0.0,12.0,3,28.0,7.0,,0.0,,8,,20260930
CHRD,Chord Energy Corporation,Energy,Oil & Gas E&P,NASDAQ,134.41,745435,7351941120,4.5504,141.03,123.19,-1.4541,16.05,-28.0,17.42,1.18,0.0,72.0,3,157.06,84.25,-14.42,0.0,,8,,20260930
HALO,"Halozyme Therapeutics, Inc.",Healthcare,Biotechnology,NASDAQ,111.56,2138889,12661836800,3.0674,101.13,77.63,3.3988,39.94,58.02,34.55,44.12,0.0,87.5,2,116.85,61.23,-4.53,0.0,,8,,20260930
AUKNY,Auckland International Airport Limited,Industrials,Airports & Air Services,PNK,23.24,70,7901454848,0.1375,24.93,24.31,-12.293,-7.5,-18.61,-12.38,-13.34,0.0,12.0,4,29.59,20.69,-21.46,0.0,,8,,20260930
STBFY,Suntory Beverage & Food Limited,Consumer Defensive,Beverages - Non-Alcoholic,PNK,14.15,48103,8744689664,0.279,14.38,14.53,-0.8355,-1.8,-19.52,-26.59,-17.92,0.0,64.0,4,16.91,12.83,-16.35,0.0,,8,,20260930
SM,SM Energy Company,Energy,Oil & Gas E&P,NYSE,33.11,3884073,7875347968,1.465,34.55,27.83,-0.9812,25.02,-17.17,8.37,3.59,0.0,72.0,3,41.56,17.45,-20.33,0.0,,8,,20260930
ALBHF,Alibaba Health Information Technology Limited,Healthcare,Pharmaceutical Retailers,PNK,0.38,670,6146614272,0.0108,0.41,0.53,-2.6582,-4.21,-54.33,-65.55,-46.29,0.0,3.75,4,0.88,0.34,-56.96,0.0,,8,,20260930
KLYCY,Kunlun Energy Company Limited,Energy,Oil & Gas Refining & Marketing,PNK,9.6,4189,8275054080,0.1645,9.43,9.48,1.0362,19.94,-35.12,-4.29,-9.02,0.0,77.5,3,11.76,7.77,-18.37,0.0,,8,,20260930
ELEEF,Element Fleet Management Corp.,Industrials,Rental & Leasing Services,PNK,15.8,93640,6182852608,0.4663,19.58,21.87,-8.0972,-25.45,-46.69,-54.72,-44.59,0.0,7.5,4,27.14,15.67,-41.78,0.0,,8,,20260930
NSANF,"Nissan Motor Co., Ltd.",Consumer Cyclical,Auto Manufacturers,PNK,1.86,3629,6503271424,0.0537,2.07,2.29,-3.8639,-9.59,-36.21,-43.77,-32.58,0.0,25.0,4,3.28,1.8,-43.29,0.0,,8,,20260930
FKKFY,"Fukuoka Financial Group, Inc.",Financial Services,Banks - Regional,PNK,25.15,503,9223791616,0.6878,24.12,20.83,1.5021,15.39,12.24,40.47,24.32,0.0,80.0,2,26.44,12.88,-4.88,0.0,,8,,20260930
CORZ,"Core Scientific, Inc.",Technology,Software - Infrastructure,NASDAQ,16.31,12070754,5241062400,1.0915,19.05,19.79,-2.5079,-38.85,-4.28,-19.92,-19.18,0.0,13.75,4,30.46,13.36,-46.45,0.0,,8,,20260930
YOU,"Clear Secure, Inc.",Technology,Software - Application,NYSE,41.22,1714751,5597185024,1.7516,46.07,46.52,-2.7703,-28.37,-36.97,-2.2,-20.91,0.0,8.75,4,69.07,29.43,-40.32,0.0,,8,,20260930
ACI,"Albertsons Companies, Inc.",Consumer Defensive,Grocery Stores,NYSE,11.64,8284889,5701021184,0.3646,12.18,15.18,-1.4894,-15.26,-52.86,-47.6,-41.36,0.0,24.5,4,20.0,10.86,-41.8,0.0,,8,,20260930
OSK,Oshkosh Corporation,Industrials,Farm & Heavy Construction Machinery,NYSE,131.68,716475,8210419712,4.6597,148.86,145.98,-3.687,-16.48,-25.09,-13.81,-18.42,0.0,22.0,4,180.49,116.77,-27.04,0.0,,8,,20260930
ZWS,Zurn Elkay Water Solutions Corporation,Industrials,Pollution & Treatment Controls,NYSE,46.79,905453,7760781312,0.9181,48.49,48.12,-1.851,-9.78,-13.97,-15.77,-13.64,0.0,36.5,4,55.0,43.06,-14.93,0.0,,8,,20260930
CWEN,"Clearway Energy, Inc.",Utilities,Utilities - Renewable,NYSE,29.29,1195057,7223968768,0.8137,31.63,35.03,-2.8716,-15.59,-44.26,-8.71,-22.87,0.0,8.75,4,41.74,28.28,-29.83,0.0,,8,,20260930
TAP,Molson Coors Beverage Company,Consumer Defensive,Beverages - Brewers,NYSE,36.01,3738506,6714205696,1.0272,40.15,42.52,-4.0275,-9.08,-35.64,-32.77,-27.85,0.0,7.5,4,54.82,35.52,-34.31,0.0,,8,,20260930
DUFRY,Avolta AG,Consumer Cyclical,Specialty Retail,PNK,5.22,67335,7386753024,0.1091,5.62,5.89,-3.6729,-24.03,-30.06,-20.99,-24.92,0.0,10.0,4,6.81,4.97,-23.35,0.0,,8,,20260930
SHBBF,Syensqo SA/NV,Basic Materials,Chemicals,PNK,88.26,407,8999566336,1.0991,90.76,77.58,-2.2779,14.39,37.06,-5.34,14.43,0.0,63.25,3,98.2,48.08,-10.13,0.0,,8,,20260930
SBSW,Sibanye Stillwater Limited,Basic Materials,Other Precious Metals & Mining,NYSE,10.19,5346268,7371143168,0.5094,10.52,11.99,-0.6546,22.62,-26.11,-18.7,-10.96,0.0,50.75,3,21.29,7.87,-52.14,0.0,,8,,20260930
SSDOF,"Shiseido Company, Limited",Consumer Defensive,Household & Personal Products,PNK,22.5,171,8991418368,0.0247,21.27,19.09,49.6011,30.31,-9.46,16.3,10.79,0.0,75.0,2,22.5,15.05,0.0,0.0,,8,,20260930
BLDR,"Builders FirstSource, Inc.",Industrials,Building Products & Equipment,NYSE,57.53,2635743,6190024192,2.5951,66.69,86.34,-3.5285,-38.29,-48.57,-68.04,-53.79,0.0,8.75,4,131.5,56.56,-56.25,0.0,,8,,20260930
AMG,"Affiliated Managers Group, Inc.",Financial Services,Asset Management,NYSE,370.61,273031,9583948800,11.012,362.68,322.06,0.7204,6.93,15.8,38.35,22.6,0.0,87.5,2,392.92,230.1,-5.68,0.0,,8,,20260930
CMC,Commercial Metals Company,Industrials,Metal Fabrication,NYSE,62.05,1146982,6864240128,2.0727,68.38,69.72,-3.0559,-3.38,-17.6,-9.72,-10.89,0.0,36.25,3,84.87,53.08,-26.89,0.0,,8,,20260930
SOBO,South Bow Corporation,Energy,Oil & Gas Midstream,NYSE,33.26,670550,6937640960,0.7444,36.03,32.68,-3.723,-6.8,-20.13,6.0,-6.35,0.0,31.25,3,39.02,25.02,-14.76,0.0,,8,,20260930
NSANY,"Nissan Motor Co., Ltd.",Consumer Cyclical,Auto Manufacturers,PNK,3.82,208996,6678090240,0.1322,4.12,4.53,-2.2466,0.1,-28.82,-39.39,-25.82,0.0,35.0,4,6.06,3.72,-36.96,0.0,,8,,20260930
ALBBY,Alibaba Health Information Technology Limited,Healthcare,Pharmaceutical Retailers,PNK,7.78,435,6292192256,0.11,8.17,10.89,-3.5804,-5.25,-38.59,-74.83,-44.75,0.0,13.25,4,19.44,7.2,-59.98,0.0,,8,,20260930
BOKF,BOK Financial Corporation,Financial Services,Banks - Regional,NASDAQ,128.62,249417,7814949888,2.2908,138.34,131.33,-4.2417,-9.57,-17.83,-0.46,-8.82,0.0,22.0,4,146.84,102.72,-12.41,0.0,,8,,20260930
NXPRF,Nexans S.A.,Industrials,Electrical Equipment & Parts,PNK,155.11,71,7558209024,2.2154,158.12,156.67,-1.3583,-15.57,-8.65,-17.69,-14.0,0.0,26.5,4,201.32,136.79,-22.95,0.0,,8,,20260930
FLY,Firefly Aerospace Inc.,Industrials,Aerospace & Defense,NASDAQ,22.86,3204117,3826870272,1.6848,22.55,27.82,0.1815,-24.83,-24.75,-53.18,-36.14,0.0,40.0,3,62.17,16.0,-63.23,0.0,,8,,20260930
MYTKY,Magyar Telekom Távközlési Nyilvánosan Müködö Részvénytársaság,Communication Services,Telecom Services,PNK,7.79,4476,7067307520,0.1284,8.24,10.05,-3.529,-13.56,19.6,-86.35,-31.07,0.0,3.75,4,29.53,5.22,-73.62,0.0,,8,,20260930
AOS,A. O. Smith Corporation,Industrials,Specialty Industrial Machinery,NYSE,58.02,1531792,7885415424,1.3038,60.25,63.99,-1.708,-9.52,-29.35,-34.85,-26.59,0.0,37.75,4,81.87,54.16,-29.13,0.0,,8,,20260930
ESALF,"Eisai Co., Ltd.",Healthcare,Drug Manufacturers - Specialty & Generic,PNK,31.55,68,8904545280,0.1789,29.18,28.37,13.2706,25.68,-14.65,-19.27,-6.42,0.0,76.25,2,35.83,23.88,-11.95,0.0,,8,,20260930
PTBRY,PT Bank Negara Indonesia (Persero) Tbk,Financial Services,Banks - Regional,PNK,9.79,1785,7287569408,0.223,10.26,11.1,-2.1141,5.35,-31.93,-27.74,-20.93,0.0,40.75,4,14.99,8.38,-34.69,0.0,,8,,20260930
TKAMY,thyssenkrupp AG,Industrials,Conglomerates,PNK,16.51,24403,10389598208,0.5849,15.83,12.78,1.1703,36.62,80.79,3.6,38.87,0.0,85.0,2,18.16,8.16,-9.06,0.0,,8,,20260930
JINFF,China Gold International Resources Corp. Ltd.,Basic Materials,Other Precious Metals & Mining,PNK,28.32,5731,11226437632,1.2796,28.69,23.05,-0.2914,77.79,28.06,51.4,49.83,0.0,70.75,3,35.5,14.26,-20.23,0.0,,8,,20260930
UBTRF,Ubtech Robotics Corp Ltd,Industrials,Specialty Industrial Machinery,PNK,9.42,7871,0,0.5695,9.42,9.42,0.0,-10.76,-10.76,-10.76,-10.76,0.0,72.0,3,11.19,9.1,-15.78,0.0,,8,,20260930
HCXLF,Hiscox Ltd,Financial Services,Insurance - Property & Casualty,PNK,25.0,151,7919251968,0.0205,24.65,21.63,17.1965,1.49,9.01,28.63,14.98,0.0,75.0,2,25.26,17.2,-1.03,0.0,,8,,20260930
IDA,"IDACORP, Inc.",Utilities,Utilities - Regulated Electric,NYSE,131.12,542192,7584248320,2.4252,138.26,138.48,-2.9455,-15.4,-28.15,-13.05,-18.92,0.0,18.25,4,154.91,124.12,-15.36,0.0,,8,,20260930
EMLAF,Empire Company Limited,Consumer Defensive,Grocery Stores,PNK,34.08,52551,7623520256,0.3138,34.81,34.64,-2.3153,-5.07,-24.97,-20.72,-18.29,0.0,29.0,4,37.44,32.56,-8.97,0.0,,8,,20260930
WILYY,Demant A/S,Healthcare,Medical Devices,PNK,23.14,201,9760387072,0.1354,22.39,18.22,5.5532,17.62,50.51,8.23,25.38,0.0,75.0,2,23.85,13.45,-2.98,0.0,,8,,20260930
WJRYF,West Japan Railway Company,Industrials,Railroads,PNK,18.23,256,8293902336,0.0903,18.13,18.77,1.0942,6.72,-22.35,-37.77,-21.25,0.0,62.0,3,25.03,15.46,-27.19,0.0,,8,,20260930
FBBPF,FIBRA Prologis,Real Estate,REIT - Industrial,PNK,4.03,5258,7143250944,0.1547,4.4,4.52,-2.3643,-11.24,-28.89,-15.97,-19.31,0.0,8.75,4,5.18,3.78,-22.09,0.0,,8,,20260930
WFRD,Weatherford International plc,Energy,Oil & Gas Equipment & Services,NASDAQ,80.41,1150409,5750288384,3.3314,88.62,92.76,-2.4641,-3.61,-34.22,0.18,-12.81,0.0,33.75,3,113.15,60.84,-28.94,0.0,,8,,20260930
HCXLY,Hiscox Ltd,Financial Services,Insurance - Property & Casualty,PNK,53.54,1619,8479934976,1.86,50.27,53.54,1.759,5.18,20.2,24.29,18.08,0.0,78.75,3,53.59,36.78,-0.09,0.0,,8,,20260930
ASXFF,ASX Limited,Financial Services,Financial Data & Stock Exchanges,PNK,38.95,175,7686767616,0.2368,39.85,37.49,-3.7923,-3.1,-5.3,-16.36,-9.18,0.0,62.0,3,44.2,30.9,-11.88,0.0,,8,,20260930
DVCMY,Davide Campari-Milano N.V.,Consumer Defensive,Beverages - Wineries & Distilleries,PNK,6.82,199196,8179651072,0.1543,6.73,6.77,0.5712,8.31,-21.89,-5.91,-7.95,0.0,85.0,3,8.0,6.0,-14.75,0.0,,8,,20260930
YOKEY,Yokogawa Electric Corporation,Industrials,Specialty Industrial Machinery,PNK,52.87,51,6581836288,1.0921,67.03,68.05,-12.9674,-27.11,-38.93,-26.92,-31.17,0.0,0.0,4,79.89,52.87,-33.82,0.0,,8,,20260930
SDXAY,Sodexo S.A.,Industrials,Specialty Business Services,PNK,12.7,67376,9257367552,0.207,13.08,11.3,-1.8524,7.27,3.1,-19.02,-4.71,0.0,68.25,3,13.69,9.08,-7.23,0.0,,8,,20260930
BIO,"Bio-Rad Laboratories, Inc.",Healthcare,Medical Devices,NYSE,379.55,280638,10157364224,9.8983,362.08,306.86,1.7654,26.68,18.85,23.15,22.53,0.0,86.25,2,396.23,236.73,-4.21,0.0,,8,,20260930
CRL,"Charles River Laboratories International, Inc.",Healthcare,Diagnostics & Research,NYSE,295.96,924561,14128795648,10.0005,271.97,208.54,2.3985,27.91,63.76,82.5,62.3,0.0,87.5,2,303.31,146.2,-2.42,0.0,,8,,20260930
WJRYY,West Japan Railway Company,Industrials,Railroads,PNK,18.73,21332,8523719680,0.7459,18.78,18.97,-0.0697,9.37,-27.84,-33.21,-20.69,0.0,64.0,4,23.85,15.08,-21.47,0.0,,8,,20260930
CELH,"Celsius Holdings, Inc.",Consumer Defensive,Beverages - Non-Alcoholic,NCM,27.71,9381671,7011600896,1.3451,29.43,36.68,-1.2784,-7.95,-39.58,-65.77,-42.15,0.0,6.25,4,66.74,23.56,-58.48,0.0,,8,,20260930
NFG,National Fuel Gas Company,Energy,Oil & Gas Integrated,NYSE,77.14,673469,7331778560,1.5612,81.61,82.97,-2.8636,-2.68,-39.29,-32.31,-27.35,0.0,47.0,3,97.06,75.17,-20.52,0.0,,8,,20260930
CAMT,Camtek Ltd.,Technology,Semiconductor Equipment & Materials,NASDAQ,152.82,461462,7131830784,7.6476,147.44,155.02,0.7038,-8.9,-15.75,29.34,4.0,0.0,52.0,3,215.99,91.91,-29.25,0.0,,8,,20260930
KEX,Kirby Corporation,Industrials,Marine Shipping,NYSE,131.94,520100,6966432256,3.3394,137.68,134.25,-1.7202,-5.55,-23.21,39.0,6.09,0.0,36.5,4,157.69,79.52,-16.33,0.0,,8,,20260930
PDI,PIMCO Dynamic Income Fund,Financial Services,Asset Management,NYSE,14.05,3506293,6696461824,0.2348,15.04,15.85,-4.2177,-14.86,-29.74,-33.84,-27.66,0.0,10.0,4,19.96,13.73,-29.61,0.0,,8,,20260930
TBVPF,Thai Beverage Public Company Limited,Consumer Defensive,Beverages - Wineries & Distilleries,PNK,0.37,1189,9360826368,0.0027,0.36,0.35,1.4984,7.23,-13.32,-13.06,-8.08,0.0,75.0,2,0.4,0.3,-7.75,0.0,,8,,20260930
ESE,ESCO Technologies Inc.,Technology,Scientific & Technical Instruments,NYSE,265.69,218993,6883381760,8.0705,289.35,281.58,-2.9314,-26.67,-22.71,12.99,-9.42,0.0,19.5,4,362.15,193.68,-26.64,0.0,,8,,20260930
UGI,UGI Corporation,Utilities,Utilities - Regulated Gas,NYSE,36.15,1876939,7753993216,0.7063,36.7,35.97,-0.7817,3.12,-20.94,-3.4,-7.91,0.0,69.5,3,41.34,31.62,-12.55,0.0,,8,,20260930
CBSH,"Commerce Bancshares, Inc.",Financial Services,Banks - Regional,NASDAQ,55.33,1060828,7936102400,0.8943,58.16,53.73,-3.1698,-6.33,-5.64,-17.65,-10.61,0.0,47.0,3,60.92,46.99,-9.18,0.0,,8,,20260930
SSD,"Simpson Manufacturing Co., Inc.",Basic Materials,Lumber & Wood Production,NYSE,173.99,285473,7130924544,3.7955,184.58,184.19,-2.7909,-19.36,-17.13,-14.4,-16.59,0.0,19.5,4,213.49,156.32,-18.5,0.0,,8,,20260930
BIRK,Birkenstock Holding plc,Consumer Cyclical,Footwear & Accessories,NYSE,33.04,2268201,5455770112,1.2587,35.79,39.31,-2.1838,-25.8,-24.56,-43.15,-32.31,0.0,8.75,4,50.73,29.93,-34.87,0.0,,8,,20260930
BZQIY,Bezeq The Israel Telecommunication Corp. Ltd,Communication Services,Telecom Services,PNK,11.9,134,6537232896,0.4101,11.93,12.22,-0.0853,-4.64,-31.69,22.01,-3.45,0.0,50.25,3,14.1,8.97,-15.6,0.0,,8,,20260930
RIG,Transocean Ltd.,Energy,Oil & Gas Drilling,NYSE,5.21,42714820,5818945536,0.2185,5.57,5.66,-1.6258,3.96,-43.19,46.61,4.52,0.0,44.5,3,7.66,3.07,-31.98,0.0,,8,,20260930
GNZUF,"Guangzhou Automobile Group Co., Ltd.",Consumer Cyclical,Auto Manufacturers,PNK,0.33,1371,3365031936,0.0032,0.29,0.37,12.7098,24.33,-42.96,-29.87,-20.9,0.0,51.25,3,0.56,0.23,-41.07,0.0,,8,,20260930
SKPJY,SKY Perfect JSAT Corporation,Communication Services,Broadcasting,PNK,26.59,6,3769693952,0.0812,27.44,27.05,-10.3741,-19.44,-43.91,265.18,85.84,0.0,24.0,4,54.67,7.25,-51.35,0.0,,8,,20260930
OMRNF,OMRON Corporation,Technology,Electronic Components,PNK,37.73,54,7419219968,0.1025,34.93,12.21,27.3021,-5.7,-278.57,55.71,-76.64,0.0,50.0,2,38.55,26.5,-2.12,0.0,,8,,20260930
ECG,"Everus Construction Group, Inc.",Industrials,Engineering & Construction,NYSE,117.8,535354,6015320064,5.0829,123.74,123.09,-1.1689,-31.6,-15.72,24.62,-3.56,0.0,34.0,4,171.58,78.14,-31.34,0.0,,8,,20260930
BYDIF,BYD Electronic (International) Company Limited,Technology,Electronic Components,PNK,2.85,14717,6221720064,0.3049,3.04,3.6,-0.6304,8.74,-44.51,-61.16,-37.86,0.0,36.25,4,5.74,2.4,-50.35,0.0,,8,,20260930
TOPPY,TOPPAN Holdings Inc.,Industrials,Conglomerates,PNK,13.92,1868,15665563648,1.0014,15.46,15.43,-1.5354,-20.46,-17.81,-0.03,-11.36,0.0,17.0,4,18.11,8.2,-23.14,0.0,,8,,20260930
YAMHF,"Yamaha Motor Co., Ltd.",Consumer Cyclical,Auto Manufacturers,PNK,11.57,703,11231346688,0.1356,11.11,8.2,3.396,57.0,36.72,39.97,43.09,0.0,75.0,2,12.8,6.6,-9.61,0.0,,8,,20260930
BPHLY,Bank of the Philippine Islands,Financial Services,Banks - Regional,PNK,30.09,1314,7968377856,1.9629,32.98,34.33,-1.471,-7.22,-30.9,-37.89,-27.77,0.0,6.25,4,44.49,27.0,-32.37,0.0,,8,,20260930
BYDIY,BYD Electronic (International) Company Limited,Technology,Electronic Components,PNK,142.72,578,6411112448,22.9467,156.33,179.65,-0.5935,-5.96,-45.79,-60.34,-41.65,0.0,33.75,4,289.05,125.41,-50.63,0.0,,8,,20260930
IBRX,"ImmunityBio, Inc.",Healthcare,Biotechnology,NASDAQ,8.83,9641607,9358354432,0.5165,7.88,7.09,1.843,-1.73,11.05,230.92,95.8,0.0,90.0,2,12.43,1.95,-28.96,0.0,,8,,20260930
TECH,Bio-Techne Corporation,Healthcare,Biotechnology,NASDAQ,72.38,3487758,11350503424,0.2083,72.19,61.71,0.9057,-0.03,17.96,23.67,15.75,0.0,88.75,2,72.69,43.2,-0.43,0.0,,8,,20260930
KYKOF,"Kyowa Kirin Co., Ltd.",Healthcare,Drug Manufacturers - Specialty & Generic,PNK,14.85,3740,7775259648,0.2862,14.75,14.75,0.3547,0.36,-1.97,-28.96,-12.19,0.0,77.5,2,18.0,12.42,-17.5,0.0,,8,,20260930
THNPY,Technip Energies N.V.,Energy,Oil & Gas Equipment & Services,PNK,32.77,8657,5675948032,0.7307,35.11,38.66,-3.1999,-16.24,-39.2,-45.09,-35.81,0.0,11.25,4,48.27,32.51,-32.11,0.0,,8,,20260930
VLY,Valley National Bancorp,Financial Services,Banks - Regional,NASDAQ,12.72,6681750,7029138944,0.3017,13.98,13.12,-4.1749,-15.07,-12.97,6.52,-5.7,0.0,22.0,4,15.2,9.64,-16.32,0.0,,8,,20260930
VLYPO,Valley National Bancorp,Financial Services,Banks - Regional,NASDAQ,24.85,7428,8237576326,0.1453,24.53,24.07,2.1966,-0.83,-16.08,-9.72,-9.73,0.0,87.5,2,25.64,24.1,-3.08,0.0,,8,,20260930
VLYPP,Valley National Bancorp,Financial Services,Banks - Regional,NASDAQ,24.94,5018,8267410657,0.0947,24.7,24.18,2.5212,0.97,-16.55,-10.62,-9.8,0.0,86.25,2,25.75,24.42,-3.15,0.0,,8,,20260930
VLYPN,Valley National Bancorp,Financial Services,Banks - Regional,NASDAQ,25.3,11131,0,0.2043,25.37,24.92,-0.3414,-0.97,-17.7,-11.71,-11.12,0.0,70.75,3,26.54,25.19,-4.67,0.0,,8,,20260930
KNCRY,Konecranes Plc,Industrials,Farm & Heavy Construction Machinery,PNK,9.1,276,8650198016,0.1015,8.25,8.24,8.3725,16.21,169.54,17.61,70.44,0.0,78.75,2,10.21,3.13,-10.86,0.0,,8,,20260930
TYEKF,thyssenkrupp AG,Industrials,Conglomerates,PNK,16.48,821,11161362432,0.2388,15.47,12.56,4.2491,29.25,84.21,5.9,39.15,0.0,75.0,2,17.3,8.0,-4.74,0.0,,8,,20260930
NCLH,Norwegian Cruise Line Holdings Ltd.,Consumer Cyclical,Travel Services,NYSE,14.8,15701526,6795980288,0.6242,17.04,19.53,-3.5919,-32.48,-37.68,-57.61,-44.35,0.0,6.25,4,25.24,13.63,-41.36,0.0,,8,,20260930
BCHMY,Bachem Holding AG,Healthcare,Biotechnology,PNK,9.77,3716,7322701312,0.3233,9.4,8.77,1.1545,-3.19,0.72,2.25,0.36,0.0,77.5,2,12.54,5.97,-22.07,0.0,,8,,20260930
VBREY,Vibra Energia S.A.,Consumer Cyclical,Specialty Retail,PNK,14.49,110880,8666562560,0.5003,13.89,12.15,1.1979,23.95,-8.24,64.39,28.86,0.0,88.75,2,16.07,7.92,-9.83,0.0,,8,,20260930
VCX,"Fundrise Growth Tech Fund, LLC",Financial Services,Asset Management,NYSE,29.74,504879,1064606848,2.3836,37.08,29.74,-3.0807,-68.18,-94.74,-77.68,-81.28,0.0,38.75,3,575.0,28.17,-94.83,0.0,,8,,20260930
VOYA,"Voya Financial, Inc.",Financial Services,Financial Conglomerates,NYSE,95.09,1037323,8614806528,2.4459,99.85,83.25,-1.9474,2.94,22.09,11.79,13.18,0.0,69.5,3,105.64,64.5,-9.99,0.0,,8,,20260930
SPXSF,Spirax Group plc,Industrials,Specialty Industrial Machinery,PNK,94.75,78,7014710272,0.1766,95.27,93.33,-2.9519,3.78,-10.54,-14.51,-8.55,0.0,62.0,3,108.0,87.0,-12.27,0.0,,8,,20260930
NOV,NOV Inc.,Energy,Oil & Gas Equipment & Services,NYSE,18.98,3313507,6765954560,0.6323,20.38,19.15,-2.2125,0.16,-17.93,27.28,4.68,0.0,44.5,3,21.93,12.29,-13.45,0.0,,8,,20260930
KNCRF,Konecranes Plc,Industrials,Farm & Heavy Construction Machinery,PNK,37.95,73,9018544128,0.4428,31.06,56.31,15.5609,18.23,-5.23,-74.55,-27.09,0.0,51.25,3,113.4,30.29,-66.53,0.0,,8,,20260930
JXN,Jackson Financial Inc.,Financial Services,Insurance - Life,NYSE,131.34,701634,8895493120,3.9626,130.56,113.96,0.1968,26.52,7.92,13.89,14.96,0.0,88.75,2,140.9,89.67,-6.78,0.0,,8,,20260930
GGAL,Grupo Financiero Galicia S.A.,Financial Services,Banks - Regional,NCM,37.02,861185,6273166336,1.5663,44.51,46.8,-4.7836,-28.34,-33.51,14.13,-13.16,0.0,6.25,4,62.52,26.06,-40.79,0.0,,8,,20260930
FIGR,"Figure Technology Solutions, Inc.",Financial Services,Capital Markets,NASDAQ,29.3,4145967,6574271488,2.4729,32.82,36.67,-1.4235,-7.18,-26.13,-42.07,-27.77,0.0,33.75,4,78.0,24.11,-62.44,0.0,,8,,20260930
CAE,CAE Inc.,Industrials,Aerospace & Defense,NASDAQ,24.25,762345,7804840448,0.6587,25.16,27.31,-1.3824,-5.82,-26.44,-31.66,-23.37,0.0,25.75,4,34.24,22.76,-29.18,0.0,,8,,20260930
SCABY,Svenska Cellulosa Aktiebolaget SCA (publ),Basic Materials,Paper & Paper Products,PNK,11.27,1452,7915399680,0.1269,11.53,11.74,-2.0247,3.25,-25.97,-31.13,-20.73,0.0,49.0,4,14.35,9.45,-21.46,0.0,,8,,20260930
KGS,"Kodiak Gas Services, Inc.",Energy,Oil & Gas Equipment & Services,NYSE,51.75,1797614,5232133632,2.5145,59.41,57.11,-3.048,-33.19,-30.18,27.12,-8.01,0.0,23.25,4,77.68,32.55,-33.38,0.0,,8,,20260930
ATR,"AptarGroup, Inc.",Healthcare,Medical Instruments & Supplies,NYSE,123.29,446267,7838917120,2.3605,130.18,126.1,-2.9192,-3.77,-20.84,-22.11,-17.08,0.0,17.0,4,146.91,103.23,-16.08,0.0,,8,,20260930
HQY,"HealthEquity, Inc.",Healthcare,Health Information Services,NASDAQ,87.25,843353,7216909824,2.7662,98.67,88.81,-4.1289,-5.99,-14.45,-26.33,-17.09,0.0,47.0,4,107.62,72.76,-18.93,0.0,,8,,20260930
SVCBF,Svenska Cellulosa Aktiebolaget SCA (publ),Basic Materials,Paper & Paper Products,PNK,12.29,1304,8631788544,0.03,11.47,11.8,27.4151,13.9,-16.94,-22.54,-11.47,0.0,75.0,3,13.54,9.97,-9.27,0.0,,8,,20260930
SLOIY,Soitec SA,Technology,Semiconductor Equipment & Materials,PNK,81.27,3304,5816115712,3.6559,71.07,50.86,2.7906,18.62,158.71,177.74,131.3,0.0,87.5,2,114.37,13.13,-28.94,0.0,,8,,20260930
AXS,AXIS Capital Holdings Limited,Financial Services,Insurance - Specialty,NYSE,95.24,675810,7021400576,1.8536,101.87,102.28,-3.5752,-13.94,-26.16,-16.64,-19.3,0.0,20.75,4,119.99,88.07,-20.63,0.0,,8,,20260930
ESAIY,"Eisai Co., Ltd.",Healthcare,Drug Manufacturers - Specialty & Generic,PNK,7.73,82135,8726736896,0.2317,7.56,7.27,0.7329,20.7,-20.75,-26.31,-12.61,0.0,86.25,2,8.75,5.69,-11.66,0.0,,8,,20260930
YMHAY,"Yamaha Motor Co., Ltd.",Consumer Cyclical,Auto Manufacturers,PNK,23.06,11889,11192517632,0.7489,22.09,16.76,1.298,47.35,46.05,36.94,42.73,0.0,90.0,2,25.39,13.05,-9.18,0.0,,8,,20260930
STHRF,Strathcona Resources Ltd.,Energy,Oil & Gas E&P,PNK,27.15,55265,5832384000,0.9693,30.05,27.27,-2.9965,-0.14,-32.7,-12.29,-16.39,0.0,47.0,3,40.52,18.23,-33.0,0.0,,8,,20260930
CIG,Companhia Energética de Minas Gerais - CEMIG,Utilities,Utilities - Regulated Electric,NYSE,2.05,5185743,5864397824,0.0584,2.08,2.12,-0.562,-2.9,-29.75,-11.98,-15.93,0.0,62.75,3,2.76,1.87,-25.72,0.0,,8,,20260930
BILI,Bilibili Inc.,Communication Services,Internet Content & Information,NASDAQ,14.84,2786257,6113044480,0.47,16.72,22.14,-3.9909,-15.45,-53.12,-59.84,-46.39,0.0,10.0,4,36.4,14.39,-59.23,0.0,,8,,20260930
SLOIF,Soitec SA,Technology,Semiconductor Equipment & Materials,PNK,178.42,2703,6384345088,9.9834,141.33,103.16,3.7155,31.71,181.08,296.68,189.98,0.0,86.25,2,226.22,24.57,-21.13,0.0,,8,,20260930
LOTMY,Lottomatica Group S.p.A.,Consumer Cyclical,Gambling,PNK,29.31,50090,6919036416,0.7894,29.0,27.98,0.3941,3.23,-14.5,-4.02,-5.88,0.0,90.0,2,33.1,21.65,-11.44,0.0,,8,,20260930
EGIEY,Engie Brasil Energia S.A.,Utilities,Utilities - Renewable,OID,5.66,50043,8016719360,0.308,5.81,6.22,-0.4983,-22.94,-32.9,-5.74,-19.55,0.0,44.0,4,9.5,5.22,-40.42,0.0,,8,,20260930
VLVCY,Volvo Car AB (publ.),Consumer Cyclical,Auto Manufacturers,PNK,3.41,306,5147909120,0.1164,4.05,5.05,-5.502,-12.25,-49.49,-34.52,-34.19,0.0,3.75,4,7.66,3.2,-55.53,0.0,,8,,20260930
OPHLY,"Ono Pharmaceutical Co., Ltd.",Healthcare,Drug Manufacturers - General,PNK,4.93,44356,6950623744,0.1768,5.05,4.98,-0.6573,-0.94,-28.16,13.02,-4.88,0.0,62.75,3,5.75,3.71,-14.26,0.0,,8,,20260930
DPMLF,DPM Metals Inc.,Basic Materials,Gold,PNK,44.87,77300,9843070976,1.7089,42.87,36.78,1.1703,35.39,15.31,90.85,50.55,0.0,87.5,2,52.37,20.45,-14.32,0.0,,8,,20260930
UMICY,Umicore SA,Industrials,Waste Management,PNK,5.93,39198,5708630016,0.1559,6.38,5.78,-2.8839,0.81,12.96,29.07,16.37,0.0,62.5,3,7.68,4.08,-22.79,0.0,,8,,20260930
VLVOF,Volvo Car AB (publ.),Consumer Cyclical,Auto Manufacturers,PNK,1.55,1070,4832406528,0.0363,1.92,2.48,-10.3125,-23.51,-57.22,-36.4,-40.47,0.0,2.5,4,3.7,1.55,-58.11,0.0,,8,,20260930
CPXWF,Capital Power Corporation,Utilities,Utilities - Independent Power Producers,PNK,43.47,40107,6802506240,0.5593,46.0,46.01,-4.5276,-18.53,-26.83,-19.3,-21.74,0.0,18.25,4,53.84,40.86,-19.26,0.0,,8,,20260930
STAG,"STAG Industrial, Inc.",Real Estate,REIT - Industrial,NYSE,36.89,1661773,7260048896,0.5725,37.69,37.61,-1.3956,-5.66,-17.17,-7.45,-10.41,0.0,34.0,4,42.61,34.74,-13.42,0.0,,8,,20260930
CSCCF,Capstone Copper Corp.,Basic Materials,Copper,PNK,10.0,293881,7639493120,0.5227,10.56,9.8,-1.0758,6.23,22.35,6.29,11.89,0.0,62.5,3,13.32,6.8,-24.92,0.0,,8,,20260930
FPRUY,Fraport AG,Industrials,Airports & Air Services,PNK,36.9,23,6824190464,0.0641,38.87,40.27,-30.7732,-7.49,-36.0,-31.34,-27.01,0.0,12.0,4,45.66,36.9,-19.19,0.0,,8,,20260930
DVDCF,Davide Campari-Milano N.V.,Consumer Defensive,Beverages - Wineries & Distilleries,PNK,6.88,940,8251612672,0.0376,6.72,6.81,4.2924,10.01,-21.76,-8.77,-8.62,0.0,76.25,3,7.9,6.07,-12.91,0.0,,8,,20260930
SUMCF,Sumco Corporation,Technology,Semiconductor Equipment & Materials,PNK,20.19,9192,6914208256,1.4802,21.51,17.17,-0.891,-17.61,51.61,89.83,49.59,0.0,37.5,3,36.43,7.09,-44.58,0.0,,8,,20260930
WILLF,Demant A/S,Healthcare,Medical Devices,PNK,45.55,175,9606431744,0.096,44.24,36.55,13.6296,10.64,39.42,13.54,21.87,0.0,75.0,2,45.55,28.08,-0.0,0.0,,8,,20260930
CDP,COPT Defense Properties,Real Estate,REIT - Office,NYSE,34.28,862009,3971147776,0.6991,36.27,32.72,-2.8511,-8.39,-8.56,5.16,-3.03,0.0,33.75,3,38.9,27.06,-11.88,0.0,,8,,20260930
SWQGF,Swissquote Group Holding SA,Financial Services,Capital Markets,PNK,49.29,1,7387739136,0.0068,49.1,52.12,28.0185,-3.0,-21.23,-39.28,-23.89,0.0,62.0,3,490.08,49.01,-89.94,0.0,,8,,20260930
PLLIF,Pirelli & C. S.p.A.,Consumer Cyclical,Auto Parts,PNK,8.34,118,9047915520,0.0194,8.07,7.17,13.6659,21.24,12.7,-0.67,9.49,0.0,75.0,2,8.34,6.03,0.0,0.0,,8,,20260930
QGEN,Qiagen N.V.,Healthcare,Diagnostics & Research,NYSE,44.4,2723655,9168378880,1.1852,42.91,42.21,1.2604,11.99,-7.6,-14.66,-5.53,0.0,90.0,2,57.82,32.53,-23.21,0.0,,8,,20260930
HTCMF,"Hitachi Construction Machinery Co., Ltd.",Industrials,Farm & Heavy Construction Machinery,PNK,,7,7708998656,,,,,,,,,0.0,12.0,3,37.0,24.97,,0.0,,8,,20260930
THNPF,Technip Energies N.V.,Energy,Oil & Gas Equipment & Services,PNK,33.9,12,5871670784,0.0577,35.05,38.51,-19.8353,-18.15,-34.42,-43.98,-34.18,0.0,12.0,4,47.91,33.9,-29.24,0.0,,8,,20260930
RGEDF,Gedeon Richter PLC,Healthcare,Drug Manufacturers - Specialty & Generic,PNK,38.87,558,7089758208,1.2177,40.27,-283.62,-1.1492,-3.01,-129.89,-126.46,-96.8,0.0,73.25,3,45.28,29.0,-14.15,0.0,,8,,20260930
IFSUF,Infrastrutture Wireless Italiane S.p.A.,Real Estate,Real Estate Services,PNK,7.46,94,6732580864,0.0366,7.3,7.95,4.4284,-2.22,-11.86,-47.41,-23.67,0.0,62.0,3,11.99,6.82,-37.78,0.0,,8,,20260930
VIST,"Vista Energy, S.A.B. de C.V.",Energy,Oil & Gas E&P,NYSE,66.71,1041476,7379287040,2.8561,70.04,64.59,-1.1675,1.97,-34.39,67.72,15.54,0.0,72.0,3,81.44,33.45,-18.09,0.0,,8,,20260930
TYOYY,"Taiyo Yuden Co., Ltd.",Technology,Electronic Components,PNK,15.16,41052,7898755072,0.9159,15.49,12.79,-0.3637,-56.82,124.97,158.7,93.01,0.0,47.0,3,35.44,4.96,-57.23,0.0,,8,,20260930
TTEK,"Tetra Tech, Inc.",Industrials,Engineering & Construction,NASDAQ,33.7,2577465,8628697088,0.9253,35.02,32.94,-1.4244,14.3,-7.76,-14.77,-5.05,0.0,73.25,3,43.14,25.81,-21.88,0.0,,8,,20260930
SLAB,Silicon Laboratories Inc.,Technology,Semiconductors,NASDAQ,221.17,306295,7379726336,1.0671,219.04,201.34,1.9967,-1.39,-14.09,52.58,15.75,0.0,86.25,2,222.49,115.51,-0.59,0.0,,8,,20260930
DNPLY,"Dai Nippon Printing Co., Ltd.",Industrials,Conglomerates,PNK,9.25,7090,7915453440,0.4105,9.69,9.31,-1.062,-1.61,-16.18,-8.15,-9.32,0.0,57.75,3,10.66,7.66,-13.23,0.0,,8,,20260930
LGFRY,Longfor Group Holdings Limited,Real Estate,Real Estate - Development,PNK,7.29,97685,5029044224,0.2874,8.01,10.13,-2.4977,-6.96,-46.38,-65.86,-44.32,0.0,5.0,4,15.32,6.65,-52.42,0.0,,8,,20260930
MOS,The Mosaic Company,Basic Materials,Agricultural Inputs,NYSE,22.42,8047748,7127220224,1.0274,23.47,24.15,-1.0205,4.11,-30.18,-50.91,-29.9,0.0,60.25,3,36.0,19.8,-37.72,0.0,,8,,20260930
KNSL,"Kinsale Capital Group, Inc.",Financial Services,Insurance - Property & Casualty,NYSE,323.25,249660,7363125760,9.7737,364.05,355.66,-4.1744,-4.51,-25.39,-39.43,-25.78,0.0,44.5,4,485.0,287.2,-33.35,0.0,,8,,20260930
VSOGF,"Vista Energy, S.A.B. de C.V.",Energy,Oil & Gas E&P,PNK,72.25,5,7992107520,0.0882,72.95,66.46,-7.9891,-7.24,-16.25,101.01,32.91,0.0,37.0,3,77.66,33.05,-6.97,0.0,,8,,20260930
LTH,"Life Time Group Holdings, Inc.",Consumer Cyclical,Leisure,NYSE,40.08,2988554,8956355584,1.4532,42.92,33.56,-1.9515,-4.45,32.14,26.48,20.73,0.0,36.25,3,47.23,24.14,-15.15,0.0,,8,,20260930
SHTDF,Sinopharm Group Co. Ltd.,Healthcare,Medical Distribution,PNK,2.06,24547,6490964480,0.0673,2.08,2.35,-0.2289,-5.87,-44.67,-25.16,-27.17,0.0,13.25,4,2.7,1.72,-23.7,0.0,,8,,20260930
PMOIF,Harbour Energy plc,Energy,Oil & Gas E&P,PNK,3.5,3765,5240658944,0.0484,3.45,3.37,1.0423,16.87,-29.84,2.49,-5.23,0.0,75.0,2,4.34,2.5,-19.35,0.0,,8,,20260930
GMINF,G Mining Ventures Corp.,Basic Materials,Gold,OQX,34.45,102150,10207750144,1.8369,35.23,33.45,-0.4271,14.12,-9.82,59.59,23.93,0.0,68.25,3,43.26,17.92,-20.37,0.0,,8,,20260930
SDXOF,Sodexo S.A.,Industrials,Specialty Business Services,PNK,63.04,87,9190306816,0.327,64.27,55.48,-3.7608,10.61,1.35,-11.4,-1.44,0.0,62.0,3,67.3,47.01,-6.33,0.0,,8,,20260930
DIFTY,"Daito Trust Construction Co.,Ltd.",Real Estate,Real Estate - Diversified,PNK,5.16,110898,6723113984,0.2062,5.2,5.26,-0.1891,6.5,-33.33,-31.93,-22.81,0.0,62.75,3,6.24,4.41,-17.36,0.0,,8,,20260930
TELDY,Telefónica Deutschland Holding AG,Communication Services,Telecom Services,PNK,11.75,0,6990203904,0.0001,11.75,12.18,0.0,-3.58,-27.8,-19.68,-18.5,0.0,49.0,3,12.56,11.55,-6.45,0.0,,8,,20260930
PLXS,Plexus Corp.,Technology,Electronic Components,NASDAQ,266.13,263845,7092923392,8.1295,253.66,230.15,1.5338,-14.08,16.38,69.04,29.83,0.0,63.75,2,307.06,132.03,-13.33,0.0,,8,,20260930
AKBTY,Akbank T.A.S.,Financial Services,Banks - Regional,OQX,2.92,17404,7592000000,0.1699,2.86,3.19,0.3391,-17.7,-23.22,-18.1,-19.79,0.0,53.25,3,4.24,2.51,-31.13,0.0,,8,,20260930
JAPSY,"Japan Airlines Co., Ltd.",Industrials,Airlines,PNK,9.66,32617,8304271360,0.1674,9.43,8.95,1.3503,8.32,-3.73,-23.65,-8.69,0.0,80.0,2,10.53,7.55,-8.26,0.0,,8,,20260930
TSUKY,"Toyo Suisan Kaisha, Ltd.",Consumer Defensive,Packaged Foods,PNK,58.83,3545,5826906624,4.3347,65.06,68.08,-1.437,-8.55,-32.45,-23.16,-22.76,0.0,12.5,4,86.9,58.14,-32.3,0.0,,8,,20260930
ICGUF,ICG plc,Financial Services,Asset Management,PNK,22.8,0,6626685952,0.0021,22.8,24.05,0.0,-2.59,-16.83,-33.81,-20.06,0.0,37.0,3,27.72,20.65,-17.75,0.0,,8,,20260930
PCOR,"Procore Technologies, Inc.",Technology,Software - Application,NYSE,49.54,3130810,7527867904,2.2971,55.05,55.19,-2.3967,19.37,-32.69,-49.21,-26.28,0.0,33.75,4,82.31,38.03,-39.82,0.0,,8,,20260930
ST,Sensata Technologies Holding plc,Technology,Scientific & Technical Instruments,NYSE,41.91,1508215,6099407872,1.1858,43.78,40.89,-1.5782,-14.57,4.65,23.8,7.5,0.0,47.0,3,53.89,28.16,-22.23,0.0,,8,,20260930
RHP,"Ryman Hospitality Properties, Inc.",Real Estate,REIT - Hotel & Motel,NYSE,122.08,688614,8421601792,2.8642,125.93,108.96,-1.3454,-7.62,15.4,21.33,12.02,0.0,47.0,3,137.46,83.82,-11.19,0.0,,8,,20260930
IVTJY,Investec Group,Financial Services,Capital Markets,PNK,16.48,134,5163322880,0.4475,16.76,15.12,-0.6292,-4.23,-9.32,2.19,-3.44,0.0,65.75,3,19.6,13.51,-15.92,0.0,,8,,20260930
GKOS,Glaukos Corporation,Healthcare,Medical Devices,NYSE,158.55,799062,9351903232,6.7026,171.33,134.23,-1.9067,10.86,29.45,81.67,45.69,0.0,60.0,3,191.62,73.16,-17.26,0.0,,8,,20260930
DCCPY,DCC Energy plc,Energy,Oil & Gas Refining & Marketing,PNK,45.85,20,7833393152,0.0474,44.12,45.85,36.4301,5.8,5.01,5.01,5.21,0.0,62.0,3,45.85,41.75,-0.0,0.0,,8,,20260930
HR,Healthcare Realty Trust Incorporated,Real Estate,REIT - Healthcare Facilities,NYSE,17.94,3736107,6292491264,0.3053,19.41,18.43,-4.8013,-12.54,-12.19,-11.05,-11.82,0.0,14.5,4,22.04,16.31,-18.6,0.0,,8,,20260930
ZJLMF,"Zhejiang Leapmotor Technology Co., Ltd.",Consumer Cyclical,Auto Manufacturers,PNK,4.55,447,6469247488,0.0513,4.58,4.55,-0.5831,-5.73,-32.65,-32.65,-25.92,0.0,37.0,3,6.37,4.16,-28.57,0.0,,8,,20260930
NXE,NexGen Energy Ltd.,Energy,Uranium,NYSE,9.03,4637848,5977041920,0.3893,9.98,10.89,-2.4452,-6.42,-38.23,-17.48,-21.98,0.0,31.25,3,13.96,7.33,-35.32,0.0,,8,,20260930
AVT,"Avnet, Inc.",Technology,Electronics & Computer Distribution,NASDAQ,102.5,1203212,8412480000,3.7,92.66,75.18,2.6583,13.28,54.81,84.73,56.39,0.0,91.25,2,104.58,44.25,-1.99,0.0,,8,,20260930
DKDRF,NewMed Energy - Limited Partnership,Energy,Oil & Gas E&P,PNK,5.1,575,5988802560,0.0842,5.4,5.77,-3.5576,-10.32,-29.44,-9.05,-16.51,0.0,26.25,3,7.32,4.88,-30.3,0.0,,8,,20260930
MTDR,Matador Resources Company,Energy,Oil & Gas E&P,NYSE,50.69,1949771,6273100800,1.9151,54.42,52.28,-1.9472,0.02,-42.22,-9.97,-18.76,0.0,45.75,3,66.84,37.14,-24.16,0.0,,8,,20260930
UMICF,Umicore SA,Industrials,Waste Management,PNK,24.55,1544,5908383744,0.3576,25.56,23.59,-2.8274,6.81,5.93,24.13,13.43,0.0,63.25,3,31.15,16.18,-21.19,0.0,,8,,20260930
TRNO,Terreno Realty Corporation,Real Estate,REIT - Industrial,NYSE,66.25,784509,7219282944,1.0255,68.18,64.72,-1.8831,-0.3,-11.35,2.1,-3.21,0.0,47.0,3,78.94,55.92,-16.08,0.0,,8,,20260930
AIIXY,AIXTRON SE,Technology,Semiconductor Equipment & Materials,PNK,81.0,215,4652625920,1.3304,85.62,83.83,-3.4693,-32.68,-27.82,107.19,24.97,0.0,15.75,4,143.05,28.52,-43.38,0.0,,8,,20260930
DITTF,"Daito Trust Construction Co.,Ltd.",Real Estate,Real Estate - Diversified,PNK,18.68,9,6084679168,0.0638,18.42,19.16,4.0058,0.58,-25.1,-97.51,-47.64,0.0,62.0,3,24.13,14.38,-22.59,0.0,,8,,20260930
IMVT,"Immunovant, Inc.",Healthcare,Biotechnology,NASDAQ,33.46,1220209,6911252992,1.4562,39.51,31.62,-4.1516,-15.75,20.54,89.45,39.03,0.0,31.25,3,45.42,15.95,-26.33,0.0,,8,,20260930
NDBKY,Nedbank Group Limited,Financial Services,Banks - Regional,PNK,17.75,20718,8121687040,0.4039,17.72,16.13,0.0859,7.68,0.57,38.95,17.7,0.0,85.0,2,20.28,12.62,-12.48,0.0,,8,,20260930
VAL,Valaris Limited,Energy,Oil & Gas Drilling,NYSE,78.45,1093942,5447239168,3.1959,82.97,81.88,-1.4158,5.47,-41.81,38.94,2.31,0.0,45.75,3,114.12,46.7,-31.26,0.0,,8,,20260930
LEA,Lear Corporation,Consumer Cyclical,Auto Parts,NYSE,119.32,632779,7943700992,3.5659,127.35,127.14,-2.2526,-13.03,-17.9,3.88,-7.97,0.0,23.25,4,150.33,96.04,-20.63,0.0,,8,,20260930
OTGLY,CD Projekt Red S.A.,Communication Services,Electronic Gaming & Multimedia,PNK,16.09,16641,6430240768,0.4318,16.24,16.77,-0.3452,5.32,-16.37,-25.24,-14.5,0.0,60.25,4,20.5,14.16,-21.51,0.0,,8,,20260930
SUOPY,Sumco Corporation,Technology,Semiconductor Equipment & Materials,PNK,40.6,17068,7099566080,1.7602,42.4,33.94,-1.0253,-22.59,53.54,89.06,48.72,0.0,49.5,3,69.37,14.55,-41.47,0.0,,8,,20260930
SHTDY,Sinopharm Group Co. Ltd.,Healthcare,Medical Distribution,PNK,9.33,147946,5823144448,0.2872,10.27,11.42,-3.2583,-11.65,-45.9,-32.86,-32.12,0.0,10.0,4,14.87,9.2,-37.26,0.0,,8,,20260930
BCKIY,Babcock International Group PLC,Industrials,Engineering & Construction,PNK,13.4,21234,6568614912,0.3373,14.58,16.01,-3.4706,3.99,-33.21,-38.83,-26.16,0.0,12.5,4,21.15,12.15,-36.62,0.0,,8,,20260930
PB,"Prosperity Bancshares, Inc.",Financial Services,Banks - Regional,NYSE,66.91,1152414,8041028096,1.1899,71.73,69.56,-4.0512,-10.19,-17.9,-12.67,-13.88,0.0,17.0,4,77.2,61.07,-13.33,0.0,,8,,20260930
BBUC,Brookfield Business Corporation,Industrials,Conglomerates,NYSE,25.26,343258,5189465600,0.72,28.17,32.18,-4.0447,-17.77,-41.39,-39.36,-34.67,0.0,7.5,4,38.25,24.8,-33.96,0.0,,8,,20260930
AIXXF,AIXTRON SE,Technology,Semiconductor Equipment & Materials,PNK,42.15,6090,4753924096,1.8257,43.23,42.24,-0.5909,-32.48,-7.62,126.23,39.7,0.0,39.0,4,71.52,14.95,-41.07,0.0,,8,,20260930
MYRG,MYR Group Inc.,Industrials,Engineering & Construction,NASDAQ,288.31,286743,4488770560,12.1916,315.11,328.11,-2.1985,-44.97,-13.6,28.44,-4.62,0.0,10.0,4,503.57,190.14,-42.75,0.0,,8,,20260930
BRKRP,Bruker Corporation,Healthcare,Medical Devices,NASDAQ,470.78,7670,0,15.2678,433.41,367.28,2.4478,3.49,52.97,70.96,47.8,0.0,91.25,2,475.2,264.3,-0.93,0.0,,8,,20260930
BRKR,Bruker Corporation,Healthcare,Medical Devices,NASDAQ,64.51,2232823,9828699136,2.9614,58.7,48.95,1.9606,4.69,66.8,91.99,61.35,0.0,86.25,2,65.3,30.69,-1.21,0.0,,8,,20260930
HBRIY,Harbour Energy plc,Energy,Oil & Gas E&P,PNK,3.43,48450,5135845888,0.1579,3.53,3.39,-0.6634,17.19,-33.99,4.66,-5.74,0.0,75.75,3,4.48,2.51,-23.44,0.0,,8,,20260930
FAF,First American Financial Corporation,Financial Services,Insurance - Specialty,NYSE,64.03,783777,6537462784,1.8922,71.82,66.2,-4.1167,-8.37,-12.17,-14.75,-12.25,0.0,43.25,3,79.87,56.2,-19.83,0.0,,8,,20260930
VIPS,Vipshop Holdings Limited,Consumer Cyclical,Internet Retail,NYSE,12.38,2599307,5886690304,0.3091,13.8,15.04,-4.5808,-9.22,-40.95,-46.75,-35.34,0.0,11.25,4,21.08,12.02,-41.27,0.0,,8,,20260930
CDNAF,"Canadian Tire Corporation, Limited",Consumer Cyclical,Specialty Retail,PNK,135.5,20101,7051071488,3.9084,139.77,133.21,-1.0927,-3.26,-14.85,-0.06,-6.03,0.0,52.0,3,165.78,102.83,-18.27,0.0,,8,,20260930
LKQ,LKQ Corporation,Consumer Cyclical,Auto Parts,NASDAQ,23.11,3236484,5846878208,0.6986,24.46,27.75,-1.9259,-13.79,-39.65,-37.07,-32.15,0.0,10.0,4,37.13,21.17,-37.76,0.0,,8,,20260930
SPXSY,Spirax Group plc,Industrials,Specialty Industrial Machinery,PNK,48.45,10304,7150820864,1.1226,48.16,47.52,0.2591,3.35,-9.44,-7.66,-5.53,0.0,96.25,2,54.08,42.56,-10.41,0.0,,8,,20260930
STKAF,Stockland,Real Estate,REIT - Diversified,PNK,2.95,226,6389145088,0.0902,2.91,3.18,0.3921,-0.86,-20.34,-42.78,-24.45,0.0,62.0,3,4.29,2.46,-31.24,0.0,,8,,20260930
SNROY,"Sanrio Company, Ltd.",Consumer Cyclical,Specialty Retail,PNK,17.07,873,10348091392,0.1334,15.5,13.27,11.764,43.5,-7.15,-31.29,-4.14,0.0,75.0,2,19.98,9.59,-14.56,0.0,,8,,20260930
KCDMF,"Kimberly-Clark de México, S. A. B. de C. V.",Consumer Defensive,Household & Personal Products,OID,2.18,621,6541850112,0.0187,2.3,2.27,-6.1995,-2.45,-23.08,-8.2,-11.97,0.0,38.25,3,2.6,1.9,-16.15,0.0,,8,,20260930
SHMXY,Shimadzu Corporation,Technology,Scientific & Technical Instruments,PNK,11.55,137,6672205312,0.0606,12.61,12.39,-17.5534,0.91,-26.13,-25.09,-18.95,0.0,37.0,4,16.77,10.41,-31.15,0.0,,8,,20260930
RAL,Ralliant Corporation,Technology,Electronic Components,NYSE,69.98,1508617,7742587904,2.1622,67.0,56.35,1.3802,-7.47,56.14,46.07,36.21,0.0,68.75,2,75.41,37.27,-7.2,0.0,,8,,20260930
LNC,Lincoln National Corporation,Financial Services,Insurance - Life,NYSE,40.92,1979214,7834024448,1.151,43.42,38.94,-2.1695,14.5,1.5,-11.35,-0.39,0.0,61.25,3,47.67,32.18,-14.16,0.0,,8,,20260930
SEOJF,Stora Enso Oyj,Consumer Cyclical,Packaging & Containers,OQX,12.0,1,9463439360,0.0895,9.62,10.17,26.5777,35.27,-11.94,25.68,14.91,0.0,75.0,3,12.55,8.56,-4.38,0.0,,8,,20260930
JBTM,JBT Marel Corporation,Industrials,Specialty Industrial Machinery,NYSE,110.32,563481,5723050496,3.2413,120.67,136.08,-3.1935,-26.44,-31.55,-36.16,-32.12,0.0,10.0,4,170.19,109.22,-35.18,0.0,,8,,20260930
FSS,Federal Signal Corporation,Industrials,Farm & Heavy Construction Machinery,NYSE,114.26,453423,6974614528,3.2668,119.48,115.34,-1.5993,-13.55,-12.2,-22.76,-16.76,0.0,36.5,4,134.51,101.19,-15.05,0.0,,8,,20260930
GDS,GDS Holdings Limited,Technology,Information Technology Services,NASDAQ,31.28,1602798,6267811840,1.2476,32.29,37.66,-0.8126,1.57,-41.88,-38.67,-29.73,0.0,49.5,4,48.61,26.97,-35.65,0.0,,8,,20260930
SGHC,Super Group (SGHC) Limited,Consumer Cyclical,Gambling,NYSE,11.6,2528560,5893690880,0.4384,13.41,12.1,-4.1347,-16.64,-8.82,-28.11,-18.49,0.0,20.75,4,15.86,8.46,-26.86,0.0,,8,,20260930
CHVKF,"China Vanke Co., Ltd.",Real Estate,Real Estate - Development,PNK,0.37,813,6028927488,0.0039,0.31,0.39,14.3901,2.57,-27.15,-65.52,-35.07,0.0,38.25,3,0.7,0.3,-47.92,0.0,,8,,20260930
UOLGY,UOL Group Limited,Real Estate,Real Estate - Development,PNK,25.85,6717,5476393472,0.5252,28.89,30.5,-5.7953,-14.87,-34.45,-7.69,-18.85,0.0,7.5,4,38.25,24.3,-32.42,0.0,,8,,20260930
NVTS,Navitas Semiconductor Corporation,Technology,Semiconductors,NASDAQ,11.73,14071598,3079775488,0.7932,12.05,13.15,-0.409,-37.13,28.27,65.71,26.9,0.0,24.5,4,34.17,6.83,-65.67,0.0,,8,,20260930
TOTDF,TOTO LTD.,Industrials,Building Products & Equipment,PNK,39.0,123,6413647360,0.3836,40.45,38.71,-3.778,-31.24,-0.57,31.21,4.47,0.0,37.0,3,60.92,23.95,-35.98,0.0,,8,,20260930
MORN,"Morningstar, Inc.",Financial Services,Financial Data & Stock Exchanges,NASDAQ,186.35,353917,6990654464,6.8844,200.16,185.96,-2.0064,17.21,-7.69,-36.56,-13.01,0.0,61.25,3,233.46,141.49,-20.18,0.0,,8,,20260930
PCVX,"Vaxcyte, Inc.",Healthcare,Biotechnology,NASDAQ,56.69,1158823,8435770880,2.383,58.54,54.96,-0.7779,-5.07,-18.39,50.12,12.35,0.0,69.5,3,65.0,34.31,-12.78,0.0,,8,,20260930
THG,"The Hanover Insurance Group, Inc.",Financial Services,Insurance - Property & Casualty,NYSE,217.96,314919,7589415424,4.2709,223.99,193.2,-1.412,-0.36,5.91,7.26,4.88,0.0,70.75,3,236.07,166.54,-7.67,0.0,,8,,20260930
CBC,"Central Bancompany, Inc.",Financial Services,Banks - Regional,NASDAQ,31.66,1009060,7582732800,0.7425,32.28,27.4,-0.8321,2.02,13.23,18.84,12.67,0.0,74.5,3,33.82,22.5,-6.38,0.0,,8,,20260930
TOTDY,TOTO LTD.,Industrials,Building Products & Equipment,PNK,37.06,13035,6107765760,1.0071,39.78,38.94,-2.6958,-33.04,-8.72,21.31,-2.79,0.0,25.75,4,60.09,23.84,-38.33,0.0,,8,,20260930
UOLGF,UOL Group Limited,Real Estate,Real Estate - Development,PNK,6.61,4,5605623808,0.0878,7.95,7.88,-15.2566,-20.32,-40.78,4.42,-17.58,0.0,0.0,4,9.18,5.6,-27.94,0.0,,8,,20260930
SZCRF,SCOR SE,Financial Services,Insurance - Reinsurance,PNK,38.25,143,6833874944,0.0106,38.0,35.37,23.6734,7.74,-20.0,-4.55,-6.88,0.0,75.0,2,38.25,30.41,0.0,0.0,,8,,20260930
NEU,NewMarket Corporation,Basic Materials,Specialty Chemicals,NYSE,904.63,121534,8319344640,22.8969,883.03,738.18,0.9433,12.13,23.48,-5.97,8.87,0.0,87.5,2,981.66,580.03,-7.85,0.0,,8,,20260930
OMRNY,OMRON Corporation,Technology,Electronic Components,PNK,40.67,21056,7996917248,0.8694,38.99,33.24,1.9284,10.32,28.21,32.37,25.4,0.0,87.5,2,45.24,23.23,-10.1,0.0,,8,,20260930
CHYM,"Chime Financial, Inc.",Technology,Software - Application,NASDAQ,26.52,7523826,10040077312,1.3713,29.37,23.49,-2.0773,26.9,30.79,8.14,20.76,0.0,57.5,3,35.55,15.88,-25.4,0.0,,8,,20260930
MDNDF,"McDonald's Holdings Company (Japan), Ltd.",Consumer Cyclical,Restaurants,PNK,45.18,4,6007072256,0.2149,47.32,45.18,-9.9666,-14.0,-13.96,-8.22,-11.67,0.0,24.0,4,51.0,42.0,-11.41,0.0,,8,,20260930
THNOF,Technology One Limited,Technology,Software - Application,PNK,20.6,57,6818922496,0.1031,21.97,20.59,-13.2874,-7.18,3.96,22.2,8.47,0.0,25.0,3,26.21,14.97,-21.4,0.0,,8,,20260930
EPRT,"Essential Properties Realty Trust, Inc.",Real Estate,REIT - Retail,NYSE,26.27,1837206,5695828480,0.5338,29.89,30.57,-6.7736,-14.58,-34.38,-24.7,-25.56,0.0,7.5,4,34.73,26.09,-24.36,0.0,,8,,20260930
PPC,Pilgrim's Pride Corporation,Consumer Defensive,Packaged Foods,NASDAQ,27.27,1534345,6493219840,1.0181,29.25,33.77,-1.9442,-5.58,-48.7,-49.43,-38.21,0.0,33.75,4,44.84,25.9,-39.18,0.0,,8,,20260930
SBFFY,SBM Offshore N.V.,Energy,Oil & Gas Equipment & Services,PNK,41.7,81,6892149248,0.0437,40.13,37.18,35.8071,21.9,-11.51,49.08,21.08,0.0,75.0,2,44.15,23.52,-5.55,0.0,,8,,20260930
IDCC,"InterDigital, Inc.",Technology,Software - Application,NASDAQ,324.3,231534,8368888320,10.4321,323.57,316.73,0.0703,12.24,-10.97,-21.87,-9.53,0.0,87.5,2,412.6,249.14,-21.4,0.0,,8,,20260930
CELC,Celcuity Inc.,Healthcare,Biotechnology,NCM,77.38,1145892,3786350848,3.8695,88.13,104.84,-2.7783,-28.63,-50.07,36.21,-10.2,0.0,7.5,4,151.02,44.42,-48.76,0.0,,8,,20260930
DOX,Amdocs Limited,Technology,Software - Infrastructure,NASDAQ,57.59,1162379,6013259776,1.4429,58.71,64.21,-0.7792,11.36,-30.82,-43.8,-25.47,0.0,44.5,4,85.63,49.74,-32.75,0.0,,8,,20260930
SSDOY,"Shiseido Company, Limited",Consumer Defensive,Household & Personal Products,PNK,21.61,59990,8635757568,0.6412,21.95,19.07,-0.5331,31.47,-12.17,11.0,8.01,0.0,69.5,3,23.91,13.6,-9.62,0.0,,8,,20260930
KIGRY,KION GROUP AG,Industrials,Farm & Heavy Construction Machinery,PNK,11.37,12012,6043535360,0.3375,11.95,14.02,-1.725,0.21,-28.66,-46.77,-28.69,0.0,44.5,4,20.54,10.26,-44.64,0.0,,8,,20260930
POOL,Pool Corporation,Industrials,Industrial Distribution,NASDAQ,162.52,775120,5906098688,5.0386,184.13,207.36,-4.289,-26.47,-39.33,-62.24,-45.28,0.0,7.5,4,313.75,160.38,-48.2,0.0,,8,,20260930
BCKIF,Babcock International Group PLC,Industrials,Engineering & Construction,PNK,13.3,1106,6519596032,0.1897,14.49,15.98,-6.2779,2.59,-34.8,-37.81,-26.66,0.0,2.5,4,21.05,12.35,-36.82,0.0,,8,,20260930
GRFS,"Grifols, S.A.",Healthcare,Drug Manufacturers - General,NASDAQ,7.3,631404,4964826624,0.1535,7.74,8.1,-2.8944,1.91,-23.68,-41.38,-24.36,0.0,44.5,4,10.23,6.96,-28.64,0.0,,8,,20260930
AWI,"Armstrong World Industries, Inc.",Industrials,Building Products & Equipment,NYSE,163.09,444271,6892643840,4.0671,171.29,172.05,-2.0153,-0.74,-19.03,-31.99,-19.64,0.0,56.5,4,206.08,150.28,-20.86,0.0,,8,,20260930
CSXXY,CAR Group Limited,Communication Services,Internet Content & Information,PNK,30.53,289,5787456000,0.4958,36.66,36.07,-12.3509,-9.16,-14.58,-51.82,-28.12,0.0,25.0,4,50.85,28.03,-39.95,0.0,,8,,20260930
DCCPF,DCC Energy plc,Energy,Oil & Gas Refining & Marketing,PNK,84.79,30,7243112448,0.0907,84.52,72.4,3.0119,0.91,18.45,19.72,14.57,0.0,75.0,2,85.87,57.8,-1.26,0.0,,8,,20260930
LNTH,"Lantheus Holdings, Inc.",Healthcare,Drug Manufacturers - Specialty & Generic,NASDAQ,99.51,1325887,6497990656,0.6294,101.13,87.56,-2.5705,-12.89,14.61,79.91,33.85,0.0,44.5,3,111.86,49.67,-11.04,0.0,,8,,20260930
VLOUF,Vallourec S.A.,Basic Materials,Steel,PNK,21.6,107,5757445632,0.0828,21.8,23.32,-2.4544,-13.44,-30.13,3.28,-12.59,0.0,24.0,4,31.81,17.7,-32.1,0.0,,8,,20260930
MIDD,The Middleby Corporation,Industrials,Specialty Industrial Machinery,NASDAQ,105.56,614841,4773670912,3.0499,118.56,121.65,-4.2617,-26.31,-18.37,-18.07,-20.23,0.0,7.5,4,148.55,89.16,-28.94,0.0,,8,,20260930
FBASF,Fibra UNO,Real Estate,REIT - Diversified,PNK,1.67,3823,6382838272,0.0361,1.73,1.68,-1.588,-6.6,-20.02,-8.65,-12.12,0.0,26.5,4,2.16,1.39,-22.45,0.0,,8,,20260930
OR,OR Royalties Inc.,Basic Materials,Gold,NYSE,34.34,1014571,6432007168,1.2444,34.24,36.85,0.0818,6.19,-23.58,-26.84,-17.44,0.0,73.25,3,48.06,27.54,-28.55,0.0,,8,,20260930
GIFLF,"Grifols, S.A.",Healthcare,Drug Manufacturers - General,PNK,11.13,274,7574848512,0.0354,11.25,11.29,-3.4654,3.92,-34.47,-35.92,-25.45,0.0,49.0,4,13.9,10.13,-19.93,0.0,,8,,20260930
HTCMY,"Hitachi Construction Machinery Co., Ltd.",Industrials,Farm & Heavy Construction Machinery,PNK,72.6,23,7563152384,0.1974,69.04,68.23,18.0228,7.71,-9.5,3.32,-0.07,0.0,75.0,2,87.04,55.92,-16.59,0.0,,8,,20260930
PUODY,"Promotora y Operadora de Infraestructura, S. A. B. de C. V.",Industrials,Infrastructure Operations,PNK,299.74,126,5616692224,4.5427,311.87,315.11,-2.6712,-9.25,-21.99,-4.49,-11.81,0.0,31.5,4,359.88,246.68,-16.71,0.0,,8,,20260930
SZHFY,Sojitz Corporation,Industrials,Conglomerates,PNK,379.77,0,7901503488,1.4367,341.51,379.77,26.6329,20.16,-23.94,-7.99,-6.53,0.0,75.0,3,418.56,306.9,-9.27,0.0,,8,,20260930
SCRYY,SCOR SE,Financial Services,Insurance - Reinsurance,PNK,3.8,6323,6842807808,0.0858,3.95,3.55,-1.7941,2.67,2.38,-3.56,0.08,0.0,69.5,3,4.17,2.95,-8.87,0.0,,8,,20260930
KCDMY,"Kimberly-Clark de México, S. A. B. de C. V.",Consumer Defensive,Household & Personal Products,OID,10.96,43090,6577860096,0.3152,11.48,11.23,-1.6346,-2.31,-24.36,-1.93,-9.88,0.0,62.75,3,12.84,8.25,-14.64,0.0,,8,,20260930
SULZF,Sulzer AG,Industrials,Specialty Industrial Machinery,PNK,188.4,26,6378807808,0.7303,177.48,187.89,14.9498,13.51,-28.93,-14.18,-12.42,0.0,75.0,3,227.14,162.27,-17.06,0.0,,8,,20260930
HRIBF,"HORIBA, Ltd.",Technology,Scientific & Technical Instruments,PNK,137.0,2,5756953088,0.7982,155.34,53.29,-22.9757,-19.25,2140.08,-1585.09,110.18,0.0,50.0,3,166.67,74.0,-17.8,0.0,,8,,20260930
MSA,MSA Safety Incorporated,Industrials,Security & Protection Services,NYSE,180.56,265417,6965695488,3.8337,184.72,175.45,-1.0839,1.13,-8.5,-9.79,-6.61,0.0,72.0,3,208.92,151.11,-13.57,0.0,,8,,20260930
MNESP,MSA Safety Incorporated,Industrials,Security & Protection Services,PNK,37.5,0,0,0.0045,37.29,36.78,47.0932,-2.05,-13.92,-29.19,-17.06,0.0,75.0,2,45.0,36.0,-16.67,0.0,,8,,20260930
TEX,Terex Corporation,Industrials,Farm & Heavy Construction Machinery,NYSE,53.37,1158022,6100190720,2.2693,63.2,61.86,-4.3331,-28.67,-23.74,-12.49,-20.48,0.0,7.5,4,74.69,41.7,-28.54,0.0,,8,,20260930
SKHHY,Sonic Healthcare Limited,Healthcare,Diagnostics & Research,PNK,13.05,126092,6556280320,0.4775,14.3,14.22,-2.6189,-9.25,-24.93,-17.94,-18.22,0.0,22.0,4,17.49,12.94,-25.39,0.0,,8,,20260930
TXNM,"TXNM Energy, Inc.",Utilities,Utilities - Regulated Electric,NYSE,58.5,1322439,6442356736,0.3743,57.79,57.84,1.894,1.2,-20.32,-10.39,-10.97,0.0,88.75,3,59.53,55.64,-1.73,0.0,,8,,20260930
SNROF,"Sanrio Company, Ltd.",Consumer Cyclical,Specialty Retail,PNK,7.22,482,8753745920,0.1342,7.81,16.07,-4.3776,15.84,-16.15,-101.71,-42.38,0.0,25.0,4,53.88,5.04,-86.6,0.0,,8,,20260930
LSTR,"Landstar System, Inc.",Industrials,Integrated Freight & Logistics,NASDAQ,168.42,428310,5715656704,4.5383,179.63,174.0,-2.4704,-20.97,-13.75,24.56,-0.23,0.0,18.25,4,228.46,120.01,-26.28,0.0,,8,,20260930
KGFHY,Kingfisher plc,Consumer Cyclical,Home Improvement Retail,OQX,8.79,164746,7118781952,0.2569,8.46,8.17,1.2809,13.99,2.44,-2.67,3.28,0.0,86.25,2,10.17,7.18,-13.57,0.0,,8,,20260930
KGFHF,Kingfisher plc,Consumer Cyclical,Home Improvement Retail,OQX,4.46,2576,7224065536,0.1074,4.16,4.13,2.8315,12.96,-7.59,12.27,5.49,0.0,76.25,2,5.21,3.55,-14.4,0.0,,8,,20260930
PAYC,"Paycom Software, Inc.",Technology,Software - Application,NYSE,218.58,827070,9851754496,7.493,208.21,153.48,1.3833,71.61,59.94,-15.27,32.77,0.0,85.0,2,244.98,104.9,-10.78,0.0,,8,,20260930
BZ,Kanzhun Limited,Communication Services,Internet Content & Information,NASDAQ,14.17,5973937,6203686912,0.5526,15.4,15.21,-2.2184,11.64,-11.33,-52.35,-21.99,0.0,44.5,4,24.65,12.57,-42.52,0.0,,8,,20260930
VLOWY,Vallourec S.A.,Basic Materials,Steel,PNK,4.19,92871,5584189440,0.1831,4.38,4.44,-1.0239,-8.28,-28.56,2.21,-11.18,0.0,29.0,4,6.65,3.5,-36.99,0.0,,8,,20260930
SRUUF,Sprott Physical Uranium Trust Fund,Energy,Uranium,OQX,18.67,475438,6425396736,0.4736,19.38,19.81,-1.4888,-1.12,-24.35,-24.01,-18.41,0.0,62.75,3,24.77,16.42,-24.63,0.0,,8,,20260930
TELDF,Telefónica Deutschland Holding AG,Communication Services,Telecom Services,PNK,2.26,0,6878848000,0.0001,2.26,2.28,0.0,-2.59,-23.14,-31.96,-21.53,0.0,49.0,3,2.75,1.89,-17.71,0.0,,8,,20260930
VFC,V.F. Corporation,Consumer Cyclical,Apparel Manufacturing,NYSE,14.5,7245687,5700451328,0.4857,14.26,17.07,0.5009,-15.05,-30.64,-16.04,-20.9,0.0,37.5,3,22.27,12.46,-34.89,0.0,,8,,20260930
AROC,"Archrock, Inc.",Energy,Oil & Gas Equipment & Services,NYSE,29.99,1770425,5258392576,1.0224,32.94,33.34,-2.8846,-28.44,-33.48,-0.38,-18.98,0.0,11.25,4,42.23,22.88,-28.98,0.0,,8,,20260930
YACAF,Yancoal Australia Ltd,Energy,Thermal Coal,PNK,4.12,8062,5636390400,0.1298,4.26,4.44,-1.042,2.51,-52.75,-4.15,-19.49,0.0,55.25,3,6.14,3.22,-32.95,0.0,,8,,20260930
OGC,OceanaGold Corporation,Basic Materials,Gold,NYSE,27.69,542614,6159571968,1.2486,28.05,30.41,-0.2883,8.18,-28.28,17.73,-0.76,0.0,61.5,3,43.33,20.18,-36.1,0.0,,8,,20260930
NPO,Enpro Inc.,Industrials,Specialty Industrial Machinery,NYSE,307.72,195909,6513718272,10.4113,312.76,287.05,-0.4838,-20.86,6.71,22.54,6.15,0.0,49.5,3,390.42,202.0,-21.18,0.0,,8,,20260930
SWX,"Southwest Gas Holdings, Inc.",Utilities,Utilities - Regulated Gas,NYSE,82.24,557948,5957946880,1.5335,88.7,86.59,-4.2103,-9.2,-25.99,-8.36,-14.74,0.0,18.25,4,94.47,76.74,-12.95,0.0,,8,,20260930
HXL,Hexcel Corporation,Industrials,Aerospace & Defense,NYSE,84.35,925693,6378838528,2.4278,96.51,89.44,-5.0073,-18.14,-11.67,17.48,-1.63,0.0,17.0,4,111.74,60.82,-24.51,0.0,,8,,20260930
BCUCY,Brunello Cucinelli S.p.A.,Consumer Cyclical,Luxury Goods,PNK,9.28,31553,6310400000,0.2702,9.72,9.7,-1.6257,-4.39,-9.63,-20.4,-12.63,0.0,36.5,4,12.47,7.87,-25.58,0.0,,8,,20260930
GECFF,Gecina,Real Estate,REIT - Office,PNK,72.83,173,5388596736,0.3657,81.22,85.0,-22.9485,-18.29,-27.96,-43.45,-31.74,0.0,0.0,4,99.4,72.83,-26.73,0.0,,8,,20260930
RGEN,Repligen Corporation,Healthcare,Medical Instruments & Supplies,NASDAQ,194.57,1092601,10980678656,6.927,166.94,143.15,3.9894,40.02,52.98,38.18,43.82,0.0,88.75,2,198.87,100.99,-2.16,0.0,,8,,20260930
KYMR,"Kymera Therapeutics, Inc.",Healthcare,Biotechnology,NASDAQ,110.51,686876,9188974592,4.8417,114.57,92.7,-0.8387,-6.22,17.51,79.75,36.47,0.0,73.25,3,130.05,54.09,-15.02,0.0,,8,,20260930
CAG,"Conagra Brands, Inc.",Consumer Defensive,Packaged Foods,NYSE,14.13,12675984,6762132480,0.3936,15.22,15.28,-2.7789,3.59,-28.39,-32.84,-22.18,0.0,44.5,4,20.32,12.53,-30.46,0.0,,8,,20260930
BRBOF,Brembo N.V.,Consumer Cyclical,Auto Parts,PNK,11.0,9,3499241984,0.0187,11.84,11.54,-44.7562,-17.32,-13.8,-16.35,-15.7,0.0,12.0,4,13.84,9.33,-20.52,0.0,,8,,20260930
TRSBF,3SBio Inc.,Healthcare,Biotechnology,PNK,2.15,0,5336591360,0.0007,2.15,2.4,6.7094,9.58,-28.14,-48.09,-26.69,0.0,50.0,3,3.9,2.0,-44.87,0.0,,8,,20260930
SBFFF,SBM Offshore N.V.,Energy,Oil & Gas Equipment & Services,PNK,41.45,6,6850829824,0.0786,39.27,36.44,27.7267,6.49,-4.23,37.85,15.28,0.0,75.0,2,44.1,26.0,-6.01,0.0,,8,,20260930
CORT,Corcept Therapeutics Incorporated,Healthcare,Biotechnology,NCM,114.74,1310890,12403210240,5.4209,111.75,69.51,0.5511,29.37,179.46,20.09,78.19,0.0,87.5,2,126.38,28.66,-9.21,0.0,,8,,20260930
INGR,Ingredion Incorporated,Consumer Defensive,Packaged Foods,NYSE,96.46,657614,6083151360,1.7858,101.8,106.45,-2.9885,0.15,-34.37,-34.58,-25.82,0.0,47.0,4,123.49,94.44,-21.89,0.0,,8,,20260930
AACAY,AAC Technologies Holdings Inc.,Technology,Communication Equipment,PNK,5.02,18168,5549839360,0.1533,5.18,4.96,-1.049,-10.14,-2.48,-27.79,-14.52,0.0,45.75,3,6.35,3.82,-20.94,0.0,,8,,20260930
LNWO,"Light & Wonder, Inc.",Consumer Cyclical,Gambling,PNK,75.09,23006,5614867456,2.3661,85.88,89.99,-4.5614,-5.71,-26.77,-28.33,-22.13,0.0,33.75,4,122.65,70.0,-38.78,0.0,,8,,20260930
CCOHF,China State Construction International Holdings Limited,Industrials,Engineering & Construction,PNK,0.95,168,5018105344,0.0032,0.97,1.08,-6.3765,-17.0,-39.64,-8.76,-21.63,0.0,12.0,4,1.22,0.88,-22.13,0.0,,8,,20260930
CENX,Century Aluminum Company,Basic Materials,Aluminum,NASDAQ,36.2,1911789,3583557376,1.9554,44.4,50.44,-4.1943,-23.91,-53.55,12.62,-19.67,0.0,5.0,4,70.43,25.4,-48.6,0.0,,8,,20260930
VSH,"Vishay Intertechnology, Inc.",Technology,Semiconductors,NYSE,32.46,4877407,4978687488,1.6545,33.04,30.17,-0.3488,-42.04,75.43,103.11,57.13,0.0,52.0,3,69.47,11.77,-53.27,0.0,,8,,20260930
SYRE,"Spyre Therapeutics, Inc.",Healthcare,Biotechnology,NASDAQ,84.72,1130231,7357191168,4.2484,96.57,66.77,-2.7895,-7.16,64.99,404.96,182.94,0.0,38.75,3,110.17,15.81,-23.1,0.0,,8,,20260930
GPTGF,The GPT Group,Real Estate,REIT - Diversified,PNK,3.4,50,6512963584,0.0013,3.41,3.44,-4.0468,-8.67,-1.82,-19.57,-10.63,0.0,24.0,4,3.83,2.84,-11.23,0.0,,8,,20260930
STWD,"Starwood Property Trust, Inc.",Real Estate,REIT - Mortgage,NYSE,14.36,4236015,5453481984,0.2899,15.86,16.66,-5.1659,-14.92,-34.04,-36.98,-30.44,0.0,5.0,4,19.57,14.15,-26.62,0.0,,8,,20260930
CLF,Cleveland-Cliffs Inc.,Basic Materials,Steel,NYSE,11.01,18948923,6281646080,0.5974,11.82,11.41,-1.3621,14.66,14.22,-27.71,-2.44,0.0,49.5,3,16.7,7.73,-34.07,0.0,,8,,20260930
S,"SentinelOne, Inc.",Technology,Software - Infrastructure,NYSE,23.31,7902740,8113025024,1.1463,21.13,16.54,1.9029,34.77,63.32,11.71,35.54,0.0,87.5,2,24.4,11.81,-4.46,0.0,,8,,20260930
MTLPF,Metlen Energy & Metals PLC,Utilities,Utilities - Diversified,PNK,57.3,6,8152988672,1.146,57.3,57.3,0.0,0.47,0.47,0.47,0.47,0.0,62.0,3,57.5,57.3,-0.35,0.0,,8,,20260930
STEP,StepStone Group Inc.,Financial Services,Asset Management,NASDAQ,43.15,1248590,5569972224,2.001,47.39,51.11,-2.1204,2.43,-26.37,-48.39,-27.98,0.0,31.25,4,77.8,38.85,-44.53,0.0,,8,,20260930
UEC,Uranium Energy Corp.,Energy,Uranium,NYSE,9.29,8294278,4603981824,0.601,10.81,13.09,-2.5261,-15.44,-47.33,-48.76,-39.93,0.0,30.0,4,20.34,8.91,-54.33,0.0,,8,,20260930
ROAD,"Construction Partners, Inc.",Industrials,Engineering & Construction,NASDAQ,91.9,881182,5215835648,4.1184,104.97,113.96,-3.1729,-25.21,-34.81,-44.92,-36.45,0.0,7.5,4,151.0,88.73,-39.14,0.0,,8,,20260930
PTGX,"Protagonist Therapeutics, Inc.",Healthcare,Biotechnology,NASDAQ,140.97,624293,9121927168,5.302,144.76,110.54,-0.7152,12.41,19.62,92.38,46.92,0.0,72.0,3,160.81,62.24,-12.34,0.0,,8,,20260930
PRIM,Primoris Services Corporation,Industrials,Engineering & Construction,NYSE,74.28,1273312,3998665216,3.3771,78.76,119.66,-1.3266,-27.65,-66.19,-60.89,-54.44,0.0,11.25,4,205.5,65.0,-63.85,0.0,,8,,20260930
TMNSF,Temenos AG,Technology,Software - Application,PNK,83.15,6,5819330560,0.2257,80.02,85.9,13.8706,2.81,-31.4,-12.29,-15.21,0.0,63.25,3,97.58,75.31,-14.79,0.0,,8,,20260930
COMP,"Compass, Inc.",Real Estate,Real Estate Services,NYSE,9.01,12831412,6916477952,0.5062,11.2,10.12,-4.324,-29.51,10.19,-3.38,-5.17,0.0,8.75,4,13.96,6.37,-35.44,0.0,,8,,20260930
AN,"AutoNation, Inc.",Consumer Cyclical,Auto & Truck Dealerships,NYSE,156.8,475318,5183934464,7.3845,199.32,199.39,-5.7586,-18.19,-40.17,-44.68,-36.48,0.0,10.0,4,235.81,155.43,-33.51,0.0,,8,,20260930
TFPM,Triple Flag Precious Metals Corp.,Basic Materials,Other Precious Metals & Mining,NYSE,31.05,560592,6396393984,1.1162,32.02,33.16,-0.8694,1.2,-26.73,-7.72,-12.14,0.0,64.0,3,41.7,26.61,-25.54,0.0,,8,,20260930
KUMBF,Kumba Iron Ore Limited,Basic Materials,Steel,PNK,19.77,0,6332434944,0.0764,16.29,10.3,45.4738,62.98,64.05,452.48,219.16,0.0,75.0,2,21.74,15.68,-9.06,0.0,,8,,20260930
EFGIF,EFG International AG,Financial Services,Banks - Diversified,PNK,19.5,1,5867272704,0.0284,20.43,22.2,-32.7032,-10.72,-43.74,-17.51,-24.99,0.0,12.0,4,25.12,19.5,-22.39,0.0,,8,,20260930
RADLY,Raia Drogasil S.A.,Healthcare,Pharmaceutical Retailers,PNK,3.43,99185,5953765888,0.13,3.68,4.14,-1.9187,-2.41,-45.59,-16.27,-23.07,0.0,31.25,4,5.34,3.1,-35.77,0.0,,8,,20260930
LAD,"Lithia Motors, Inc.",Consumer Cyclical,Auto & Truck Dealerships,NYSE,289.26,289809,6358836224,13.2845,357.68,311.79,-5.1505,-2.83,-3.45,-25.31,-12.04,0.0,45.75,3,439.49,239.78,-34.18,0.0,,8,,20260930
RSI,"Rush Street Interactive, Inc.",Consumer Cyclical,Gambling,NYSE,19.66,2879115,4552750080,1.2088,25.92,23.99,-5.1799,-36.48,-26.56,-26.2,-28.9,0.0,8.75,4,34.53,15.51,-43.06,0.0,,8,,20260930
DFILF,DFI Retail Group Holdings Limited,Consumer Defensive,Grocery Stores,PNK,3.65,0,4942362624,0.0011,3.62,3.95,24.5672,-0.86,-39.02,33.61,-0.43,0.0,62.0,3,5.2,2.47,-29.81,0.0,,8,,20260930
ZLNDY,Zalando SE,Consumer Cyclical,Internet Retail,PNK,12.29,36421,6002992640,0.2971,13.9,13.51,-5.4036,-17.65,-15.22,-36.81,-24.46,0.0,19.5,4,17.37,10.84,-29.25,0.0,,8,,20260930
LDSCY,Land Securities Group Plc,Real Estate,REIT - Diversified,PNK,8.13,88323,6057251840,0.1747,9.16,8.42,-5.887,-8.6,-3.99,-5.53,-5.76,0.0,20.75,4,9.98,6.88,-18.54,0.0,,8,,20260930
CEVMY,CTS Eventim AG & Co. KGaA,Communication Services,Entertainment,PNK,15.5,597,5951460352,0.3365,16.23,17.54,-2.1549,7.77,-8.4,-49.05,-20.62,0.0,38.25,4,24.43,12.87,-36.55,0.0,,8,,20260930
FLR,Fluor Corporation,Industrials,Engineering & Construction,NYSE,49.83,2386375,6664317440,1.9351,52.75,48.73,-1.51,-7.47,-7.72,1.45,-3.99,0.0,58.75,3,58.35,39.33,-14.6,0.0,,8,,20260930
SMBMF,Seatrium Limited,Energy,Oil & Gas Equipment & Services,PNK,1.39,1972,4706959360,0.035,1.62,1.72,-6.606,-16.77,-42.0,-56.45,-41.47,0.0,3.75,4,2.14,1.12,-35.09,0.0,,8,,20260930
GMKKY,"Gruma, S.A.B. de C.V.",Consumer Defensive,Packaged Foods,PNK,15.01,619,5037832192,0.4205,15.32,17.28,-0.7351,-14.62,-44.64,-36.05,-33.7,0.0,15.75,4,19.75,13.25,-23.98,0.0,,8,,20260930
KLAR,Klarna Group plc,Financial Services,Credit Services,NYSE,12.36,5868209,4686418432,0.5657,16.06,18.33,-6.5438,-41.52,-22.5,-85.77,-52.56,0.0,3.75,4,44.75,12.06,-72.38,0.0,,8,,20260930
IMCDY,IMCD N.V.,Basic Materials,Specialty Chemicals,PNK,54.65,29192,6452288512,0.955,55.21,50.41,-0.586,18.78,-11.52,-7.6,-2.38,0.0,72.0,3,61.56,39.76,-11.22,0.0,,8,,20260930
AXTA,Axalta Coating Systems Ltd.,Basic Materials,Specialty Chemicals,NYSE,32.64,1709296,6985612800,0.8346,35.04,32.15,-2.8743,-7.21,0.76,-0.52,-1.74,0.0,57.5,3,38.61,24.94,-15.46,0.0,,8,,20260930
URBN,"Urban Outfitters, Inc.",Consumer Cyclical,Apparel Retail,NASDAQ,75.64,1102923,6479336448,2.5054,76.49,72.32,-0.3381,4.16,2.61,-13.1,-3.29,0.0,72.0,3,85.43,59.54,-11.46,0.0,,8,,20260930
MHK,"Mohawk Industries, Inc.",Consumer Cyclical,"Furnishings, Fixtures & Appliances",NYSE,124.84,957767,8456429568,4.2961,127.5,115.0,-0.6188,0.3,9.39,-19.63,-4.49,0.0,74.5,3,140.3,92.99,-11.02,0.0,,8,,20260930
FNB,F.N.B. Corporation,Financial Services,Banks - Regional,NYSE,17.32,4710546,6165295104,0.3188,18.45,17.66,-3.5571,-11.16,-12.85,-6.93,-10.06,0.0,20.75,4,19.59,14.46,-11.59,0.0,,8,,20260930
GTX,Garrett Motion Inc.,Consumer Cyclical,Auto Parts,NASDAQ,26.24,2516190,4911825920,0.8304,28.06,24.52,-2.1863,-29.95,29.14,76.57,33.34,0.0,38.75,3,36.25,12.26,-27.61,0.0,,8,,20260930
MGHTF,Mercury NZ Limited,Utilities,Utilities - Renewable,PNK,4.37,0,6227428352,0.0035,4.26,4.02,31.4073,0.47,-8.53,2.57,-1.84,0.0,75.0,2,4.37,2.02,-0.0,0.0,,8,,20260930
UGP,Ultrapar Participações S.A.,Energy,Oil & Gas Refining & Marketing,NYSE,7.34,3788881,7821650944,0.2281,6.69,5.38,2.8514,47.96,19.99,75.1,49.03,0.0,88.75,2,7.78,3.6,-5.66,0.0,,8,,20260930
DLKGF,Delek Group Ltd.,Energy,Oil & Gas E&P,PNK,27.8,35,5047607808,1.1957,27.99,233.73,-0.1564,-91.94,-114.22,-104.78,-104.88,0.0,12.0,4,381.31,26.31,-92.71,0.0,,8,,20260930
GTES,Gates Industrial Corporation Ltd.,Industrials,Specialty Industrial Machinery,NYSE,26.64,1853034,6743946752,0.8306,26.64,25.29,0.0026,-7.34,5.08,-9.73,-3.95,0.0,61.25,2,30.34,20.88,-12.2,0.0,,8,,20260930
GGPSF,Greatland Resources Limited,Basic Materials,Gold,PNK,7.28,2698,4908205568,0.4613,8.14,4.79,-1.8655,-13.81,3534.59,7532.99,4246.85,0.0,40.75,3,10.99,0.23,-33.76,0.0,,8,,20260930
WWNTY,Want Want China Holdings Limited,Consumer Defensive,Packaged Foods,PNK,19.68,35,4592342528,0.4317,20.31,25.5,-1.4488,-23.62,-48.08,-63.75,-48.23,0.0,12.0,4,36.79,16.6,-46.51,0.0,,8,,20260930
GBCI,"Glacier Bancorp, Inc.",Financial Services,Banks - Regional,NYSE,43.67,1080006,5685923328,0.8774,47.44,47.44,-4.2995,-17.39,-20.37,-26.73,-22.17,0.0,22.0,4,54.58,39.9,-19.99,0.0,,8,,20260930
SQNNY,"Square Enix Holdings Co., Ltd.",Communication Services,Electronic Gaming & Multimedia,PNK,9.38,540,6766273024,0.2888,9.12,8.55,0.9033,22.54,-9.98,-42.66,-14.92,0.0,80.0,2,11.66,6.75,-19.55,0.0,,8,,20260930
OMF,"OneMain Holdings, Inc.",Financial Services,Credit Services,NYSE,56.35,976995,6482586624,1.4864,61.93,58.18,-3.7566,-8.65,-9.76,-13.33,-10.91,0.0,43.25,3,71.93,45.78,-21.66,0.0,,8,,20260930
DBX,"Dropbox, Inc.",Technology,Software - Infrastructure,NASDAQ,32.7,4132584,7110373888,1.2836,34.01,28.11,-1.0226,16.45,23.41,-12.66,7.24,0.0,75.75,3,38.17,21.7,-14.33,0.0,,8,,20260930
EXP,Eagle Materials Inc.,Basic Materials,Building Materials,NYSE,173.58,442485,5324622848,5.0687,197.73,207.56,-4.7647,-25.34,-25.66,-41.61,-31.96,0.0,8.75,4,245.53,171.99,-29.3,0.0,,8,,20260930
PNDRY,Pandora A/S,Consumer Cyclical,Luxury Goods,PNK,16.17,25403,9676210176,0.3361,15.64,12.11,1.5739,10.09,63.48,-12.8,19.62,0.0,90.0,2,17.46,8.25,-7.39,0.0,,8,,20260930
INGM,Ingram Micro Holding Corporation,Technology,Information Technology Services,NYSE,26.95,1503168,6199494656,1.0132,28.01,25.59,-1.0453,-4.03,-0.15,14.5,4.74,0.0,49.5,3,31.69,19.03,-14.96,0.0,,8,,20260930
BSDGY,Bosideng International Holdings Limited,Consumer Cyclical,Apparel Manufacturing,PNK,25.27,37,5884172800,0.2139,28.11,26.89,-13.2704,2.13,-14.62,-29.04,-16.2,0.0,37.0,4,33.25,22.98,-24.0,0.0,,8,,20260930
SSRM,SSR Mining Inc.,Basic Materials,Gold,NASDAQ,33.94,2808717,7042246656,1.554,33.4,29.26,0.3471,17.54,8.08,24.07,16.84,0.0,82.5,2,39.44,18.19,-13.95,0.0,,8,,20260930
TKCOF,"Toho Co., Ltd.",Communication Services,Entertainment,PNK,10.25,21,8526475264,0.2254,2.84,-0.18,32.885,-620.39,-564.12,1000.83,47.79,0.0,62.0,3,12.93,7.34,-20.7,0.0,,8,,20260930
RYN,Rayonier Inc.,Real Estate,REIT - Specialty,NYSE,18.58,3037440,5560056320,0.4556,20.62,20.84,-4.4841,-14.15,-29.06,-38.38,-29.06,0.0,10.0,4,27.06,18.51,-31.34,0.0,,8,,20260930
BTG,B2Gold Corp.,Basic Materials,Gold,NYSE,5.34,24630228,7054517760,0.2269,4.98,4.74,1.5974,40.71,6.1,-6.82,9.58,0.0,90.0,2,6.29,3.57,-15.1,0.0,,8,,20260930
KTWIY,Kurita Water Industries Ltd.,Industrials,Pollution & Treatment Controls,PNK,102.54,368,5521342976,1.9761,103.56,102.54,-0.5185,-8.78,2746.99,2746.99,2058.05,0.0,39.5,3,122.41,3.58,-16.24,0.0,,8,,20260930
CPB,The Campbell's Company,Consumer Defensive,Packaged Foods,NASDAQ,20.23,6838235,6033287680,0.6974,22.17,22.87,-2.7775,-10.21,-27.14,-49.65,-31.91,0.0,10.0,4,32.22,19.26,-37.21,0.0,,8,,20260930
VSNT,"Versant Media Group, Inc.",Communication Services,Entertainment,NASDAQ,32.17,1705912,4477101056,1.1606,37.29,32.17,-4.4095,-12.31,-29.26,-41.53,-29.93,0.0,32.5,3,59.0,27.17,-45.47,0.0,,8,,20260930
ALKS,Alkermes plc,Healthcare,Drug Manufacturers - Specialty & Generic,NASDAQ,40.8,1789448,6844741120,1.4922,47.66,38.91,-4.5987,-24.73,13.79,29.57,10.47,0.0,33.75,3,55.67,27.0,-26.71,0.0,,8,,20260930
DSGX,The Descartes Systems Group Inc.,Technology,Software - Application,NASDAQ,79.47,590814,6798115328,2.8736,77.07,74.89,0.8362,12.19,-9.5,-33.01,-13.48,0.0,88.75,2,98.35,62.56,-19.2,0.0,,8,,20260930
KTWIF,Kurita Water Industries Ltd.,Industrials,Pollution & Treatment Controls,PNK,48.1,39,5180213248,0.2185,50.1,49.12,-9.1742,-10.33,-21.47,33.62,3.35,0.0,24.0,4,60.37,32.89,-20.32,0.0,,8,,20260930
MONOY,"MonotaRO Co., Ltd.",Consumer Cyclical,Internet Retail,PNK,12.16,69098,5978842112,0.3825,12.04,12.46,0.3215,4.64,-7.46,-34.72,-15.34,0.0,73.25,3,16.76,10.26,-27.45,0.0,,8,,20260930
NNCHY,Nissan Chemical Corporation,Basic Materials,Chemicals,PNK,57.3,94,7643718656,0.5763,48.88,42.86,14.6053,11.83,32.08,67.95,41.36,0.0,75.0,2,57.3,31.68,-0.0,0.0,,8,,20260930
SATLF,"ZOZO, Inc.",Consumer Cyclical,Internet Retail,PNK,,12,5719127552,,,,,,,,,0.0,12.0,3,9.37,6.52,,0.0,,8,,20260930
EDNMY,Edenred SE,Financial Services,Credit Services,PNK,15.8,19689,4925489152,0.4077,16.46,12.38,-1.6243,21.82,68.66,25.33,39.62,0.0,68.25,3,17.8,8.6,-11.24,0.0,,8,,20260930
BSDGF,Bosideng International Holdings Limited,Consumer Cyclical,Apparel Manufacturing,PNK,0.49,3556,6380147200,0.038,0.57,0.54,-2.1277,-12.91,-19.13,-25.44,-20.1,0.0,11.25,4,0.69,0.42,-29.51,0.0,,8,,20260930
AUGO,Aura Minerals Inc.,Basic Materials,Gold,NASDAQ,79.36,984101,6653291520,4.5698,76.62,71.16,0.6002,24.65,-7.39,118.67,51.04,0.0,85.0,2,110.32,29.11,-28.06,0.0,,8,,20260930
DELKY,Delek Group Ltd.,Energy,Oil & Gas E&P,PNK,29.71,677,5393677312,0.5771,27.71,28.57,3.461,14.14,-22.87,31.07,7.96,0.0,78.75,3,54.0,23.78,-44.99,0.0,,8,,20260930
PCCWY,PCCW Limited,Communication Services,Telecom Services,PNK,6.26,418,4850099712,0.1113,6.85,6.92,-5.2979,-12.04,-32.78,-15.36,-20.63,0.0,14.5,4,8.31,6.26,-24.67,0.0,,8,,20260930
SCOTF,Scout24 SE,Communication Services,Internet Content & Information,PNK,76.49,1,5326781440,0.5662,84.66,97.84,-14.4295,-13.59,-53.86,-55.93,-44.62,0.0,0.0,4,126.25,76.49,-39.41,0.0,,8,,20260930
SFGYY,Sony Financial Group Inc.,Financial Services,Insurance - Life,PNK,5.04,99395,6762113536,0.1796,4.96,4.77,0.4256,13.54,-10.28,-20.98,-8.61,0.0,93.75,2,5.69,4.05,-11.42,0.0,,8,,20260930
PHJMF,PT Hanjaya Mandala Sampoerna Tbk,Consumer Defensive,Tobacco,PNK,0.06,41378,6979084288,0.0017,0.04,0.05,9.8987,17.41,-1.54,33.28,17.13,0.0,50.0,3,0.08,0.03,-25.0,0.0,,8,,20260930
LB,LandBridge Company LLC,Energy,Oil & Gas E&P,NYSE,80.49,296375,6305217024,3.1488,82.14,69.72,-0.5233,-0.87,-2.87,31.76,11.48,0.0,73.25,3,91.69,43.75,-12.22,0.0,,8,,20260930
FSV,FirstService Corporation,Real Estate,Real Estate Services,NASDAQ,129.2,205167,5642134016,3.6559,138.59,143.77,-2.5687,-11.46,-26.03,-47.92,-31.15,0.0,11.25,4,191.7,119.41,-32.6,0.0,,8,,20260930
MTHRY,"M3, Inc.",Healthcare,Health Information Services,PNK,5.58,122618,7436089856,0.3075,5.47,5.42,0.3528,-1.5,-8.47,-43.77,-20.85,0.0,62.5,3,8.85,3.97,-36.95,0.0,,8,,20260930
PCTY,Paylocity Holding Corporation,Technology,Software - Application,NASDAQ,142.19,713039,7544169984,4.6392,145.11,125.15,-0.6285,33.44,9.36,-29.85,-0.3,0.0,68.25,3,161.93,92.99,-12.19,0.0,,8,,20260930
LW,"Lamb Weston Holdings, Inc.",Consumer Defensive,Packaged Foods,NYSE,43.27,1596942,5948896256,1.4227,50.55,45.6,-5.1155,-1.64,-14.15,-35.93,-19.73,0.0,43.25,4,67.07,37.62,-35.49,0.0,,8,,20260930
CTXAY,Ampol Limited,Energy,Oil & Gas Refining & Marketing,PNK,61.1,4619,7352811008,1.4933,56.76,46.59,2.9036,38.85,16.34,49.8,35.35,0.0,86.25,2,66.1,37.3,-7.56,0.0,,8,,20260930
SOMMY,"Sumitomo Chemical Company, Limited",Basic Materials,Chemicals,PNK,18.22,732,6019423232,0.2675,17.27,16.63,3.5381,6.71,-7.45,2.14,-0.07,0.0,77.5,2,20.6,13.83,-11.55,0.0,,8,,20260930
LNNGY,Li Ning Company Limited,Consumer Cyclical,Leisure,PNK,40.5,22629,4187398400,2.1414,43.14,55.2,-1.2333,-13.76,-58.22,-39.21,-39.5,0.0,21.25,4,74.18,37.49,-45.4,0.0,,8,,20260930
TTAN,"ServiceTitan, Inc.",Technology,Software - Application,NASDAQ,63.52,2269281,6127641088,4.659,78.54,75.69,-3.2231,-12.76,-16.8,-56.27,-31.58,0.0,10.0,4,111.36,53.0,-42.96,0.0,,8,,20260930
GLAPF,Glanbia plc,Consumer Defensive,Packaged Foods,PNK,22.65,582,5469473280,0.539,26.0,22.5,-6.2072,-21.11,-7.14,20.06,0.24,0.0,27.5,3,28.81,15.99,-21.38,0.0,,8,,20260930
GATX,GATX Corporation,Industrials,Rental & Leasing Services,NYSE,175.86,223073,6208747008,4.2912,178.75,178.39,-0.6732,-2.97,-15.55,-15.86,-12.53,0.0,62.75,3,205.56,150.42,-14.45,0.0,,8,,20260930
OSCR,"Oscar Health, Inc.",Healthcare,Healthcare Plans,NYSE,29.77,5326326,9188361216,1.7053,30.71,21.71,-0.553,1.79,152.84,44.9,71.9,0.0,77.0,3,34.48,10.69,-13.66,0.0,,8,,20260930
RYTM,"Rhythm Pharmaceuticals, Inc.",Healthcare,Biotechnology,NASDAQ,95.71,654192,6565091328,3.986,106.05,99.2,-2.5934,-16.39,2.36,-20.19,-11.35,0.0,23.25,4,122.2,74.5,-21.68,0.0,,8,,20260930
VNO,Vornado Realty Trust,Real Estate,REIT - Office,NYSE,33.89,1472698,6940401152,1.0382,37.53,33.36,-3.509,-16.35,13.05,-30.7,-11.8,0.0,33.75,3,41.85,24.57,-19.02,0.0,,8,,20260930
MIRM,"Mirum Pharmaceuticals, Inc.",Healthcare,Biotechnology,NASDAQ,87.54,686436,5684165120,4.0047,100.07,97.97,-3.1285,-27.81,-21.95,3.6,-13.19,0.0,10.0,4,130.0,63.23,-32.66,0.0,,8,,20260930
GIGNF,Genting Singapore Limited,Consumer Cyclical,Resorts & Casinos,PNK,0.52,0,6273094144,0.0003,0.51,0.5,31.7221,0.59,-8.99,-21.64,-11.65,0.0,75.0,2,0.61,0.44,-14.75,0.0,,8,,20260930
DFYFF,Definity Financial Corporation,Financial Services,Insurance - Property & Casualty,PNK,51.01,1225,6127106560,0.127,53.99,51.29,-23.417,-5.07,-18.78,-18.86,-15.38,0.0,12.0,4,57.26,45.54,-10.91,0.0,,8,,20260930
SCCTY,Scout24 SE,Communication Services,Internet Content & Information,PNK,38.0,28317,5232766976,1.3994,43.56,44.44,-3.9765,-15.85,-30.11,-56.31,-37.03,0.0,8.75,4,64.15,37.4,-40.76,0.0,,8,,20260930
MDA,MDA Space Ltd.,Industrials,Aerospace & Defense,NYSE,29.64,1501148,4805556736,1.4018,31.07,29.64,-1.0209,-30.79,4.0,-19.4,-14.05,0.0,50.75,3,49.37,23.23,-39.96,0.0,,8,,20260930
PACS,"PACS Group, Inc.",Healthcare,Medical Care Facilities,NYSE,42.25,831560,6687008256,1.6841,44.22,38.86,-1.1719,-3.5,17.54,185.5,79.46,0.0,44.5,3,49.49,10.31,-14.63,0.0,,8,,20260930
ACT,"Enact Holdings, Inc.",Financial Services,Insurance - Specialty,NASDAQ,46.44,372054,6384741376,0.941,48.36,43.25,-2.0368,-0.5,-6.48,4.58,-0.56,0.0,72.0,3,50.56,34.64,-8.15,0.0,,8,,20260930
UBSI,"United Bankshares, Inc.",Financial Services,Banks - Regional,NASDAQ,46.15,973706,6286210560,0.7351,47.44,43.29,-1.7611,-1.07,-6.23,11.37,2.1,0.0,73.25,3,49.62,34.1,-6.99,0.0,,8,,20260930
EDNMF,Edenred SE,Financial Services,Credit Services,PNK,25.2,0,4778869760,0.0003,25.2,23.22,0.0,-2.59,-6.68,-33.96,-16.57,0.0,62.0,3,48.6,20.6,-48.15,0.0,,8,,20260930
SKSUF,"Sekisui Chemical Co., Ltd.",Industrials,Conglomerates,PNK,,34,6339674624,,,,,,,,,0.0,13.25,3,19.69,14.69,,0.0,,8,,20260930
TGTX,"TG Therapeutics, Inc.",Healthcare,Biotechnology,NCM,56.19,2052974,8600949760,2.3372,53.68,40.97,1.0755,-0.31,56.79,41.57,36.42,0.0,86.25,2,59.3,26.76,-5.24,0.0,,8,,20260930
MSM,"MSC Industrial Direct Co., Inc.",Industrials,Industrial Distribution,NYSE,124.55,723850,6955656192,3.0259,121.84,103.78,0.8953,2.88,19.26,25.43,17.64,0.0,74.5,2,130.46,78.8,-4.53,0.0,,8,,20260930
AZIHF,Azimut Holding S.p.A.,Financial Services,Asset Management,PNK,48.3,603,6782173184,0.7019,44.65,41.88,5.2002,21.62,16.31,17.17,17.98,0.0,78.75,2,48.3,35.82,-0.0,0.0,,8,,20260930
CHDN,Churchill Downs Incorporated,Consumer Cyclical,Gambling,NASDAQ,76.16,1021296,5308370432,2.7993,85.67,91.85,-3.3963,-17.63,-32.83,-37.85,-31.04,0.0,7.5,4,118.35,74.92,-35.65,0.0,,8,,20260930
SGHDY,"SG Holdings Co.,Ltd.",Industrials,Integrated Freight & Logistics,PNK,9.65,0,5758517248,0.0003,9.65,9.44,0.0,-3.58,-17.44,-27.29,-17.91,0.0,75.0,3,11.22,8.93,-14.01,0.0,,8,,20260930
SKHCF,Sonic Healthcare Limited,Healthcare,Diagnostics & Research,PNK,11.67,40,6180366336,0.1479,13.68,13.5,-13.5694,-7.17,-29.99,-30.42,-24.46,0.0,25.0,4,16.1,11.67,-27.52,0.0,,8,,20260930
ACA,"Arcosa, Inc.",Industrials,Engineering & Construction,NYSE,146.0,688510,7169593856,0.4573,145.38,126.6,1.3537,-2.06,21.59,41.2,23.52,0.0,85.0,2,146.92,89.03,-0.63,0.0,,8,,20260930
NBCLF,"Nitto Boseki Co., Ltd.",Consumer Cyclical,Textile Manufacturing,PNK,,4186,3785222400,0.4888,,,,,,,,0.0,23.25,3,40.4,13.2,,0.0,,8,,20260930
GRGDF,Groupe Dynamite Inc.,Consumer Cyclical,Apparel Retail,PNK,36.62,6847,3983721472,0.6456,41.08,51.98,-6.908,-6.96,-48.69,-28.35,-30.12,0.0,26.25,4,70.53,32.22,-48.08,0.0,,8,,20260930
WH,"Wyndham Hotels & Resorts, Inc.",Consumer Cyclical,Lodging,NYSE,72.44,1289092,5375853568,2.0189,72.35,77.47,0.0464,-16.03,-30.1,-25.77,-24.85,0.0,45.75,3,90.35,66.87,-19.82,0.0,,8,,20260930
ETSY,"Etsy, Inc.",Consumer Cyclical,Internet Retail,NYSE,69.28,3035115,6358639104,3.1471,78.9,65.4,-3.0572,-10.62,24.32,-8.77,2.35,0.0,32.5,3,87.97,44.0,-21.25,0.0,,8,,20260930
MRCY,"Mercury Systems, Inc.",Industrials,Aerospace & Defense,NASDAQ,82.64,703357,5029766656,3.7996,93.82,91.73,-2.9421,-35.03,-3.24,-9.14,-13.55,0.0,20.75,4,128.45,65.04,-35.66,0.0,,8,,20260930
TAL,TAL Education Group,Consumer Defensive,Education & Training Services,NYSE,11.73,4597210,6506645504,0.3589,11.71,11.05,0.0691,19.98,-15.0,-11.98,-5.05,0.0,86.25,2,13.37,8.88,-12.27,0.0,,8,,20260930
OUT,OUTFRONT Media Inc.,Real Estate,REIT - Specialty,NYSE,27.99,1654931,4930025472,0.6288,29.71,28.36,-2.7334,-16.18,-10.19,41.59,9.02,0.0,20.75,4,34.96,16.97,-19.94,0.0,,8,,20260930
VOPKY,Koninklijke Vopak N.V.,Energy,Oil & Gas Midstream,PNK,55.58,50,6333964288,0.1971,54.01,50.02,7.9807,4.88,-12.04,14.29,2.72,0.0,75.0,2,57.92,42.45,-4.04,0.0,,8,,20260930
SLFPY,Aberdeen Group Plc,Financial Services,Asset Management,PNK,13.13,42,6042248704,0.0488,13.27,11.79,-2.7962,2.15,8.98,17.71,10.77,0.0,62.0,3,13.6,10.03,-3.46,0.0,,8,,20260930
RKWBF,Rockwool A/S,Industrials,Building Products & Equipment,PNK,33.5,26,6943184384,0.063,31.38,29.11,33.5658,0.04,20.75,-5.38,5.12,0.0,75.0,2,39.2,27.49,-14.54,0.0,,8,,20260930
SMBMY,Seatrium Limited,Energy,Oil & Gas Equipment & Services,PNK,15.41,21,5221505024,0.0191,15.59,15.99,-9.3459,-0.86,-18.28,-30.38,-18.76,0.0,49.0,4,20.68,15.0,-25.51,0.0,,8,,20260930
ZLDSF,Zalando SE,Consumer Cyclical,Internet Retail,PNK,26.4,7,6447477760,0.0051,26.22,27.71,36.5351,-2.04,-34.8,-26.91,-23.45,0.0,62.0,3,31.01,22.73,-14.87,0.0,,8,,20260930
CAR,"Avis Budget Group, Inc.",Industrials,Rental & Leasing Services,NASDAQ,106.79,447990,3772436992,5.8891,135.93,156.4,-4.948,-30.35,-42.76,-50.5,-42.75,0.0,8.75,4,847.7,85.96,-87.4,0.0,,8,,20260930
BYD,Boyd Gaming Corporation,Consumer Cyclical,Resorts & Casinos,NYSE,67.08,954006,4873725440,1.8495,79.9,83.29,-6.9308,-26.45,-37.45,-37.92,-34.89,0.0,7.5,4,91.41,66.96,-26.62,0.0,,8,,20260930
EAT,"Brinker International, Inc.",Consumer Cyclical,Restaurants,NYSE,199.11,1187507,8338977792,9.2574,218.8,169.1,-2.1269,15.93,24.13,33.91,25.99,0.0,60.0,3,254.99,100.3,-21.91,0.0,,8,,20260930
ONEXF,Onex Corporation,Financial Services,Asset Management,PNK,72.81,10921,5554418176,1.4056,79.29,78.86,-4.61,-4.72,-18.41,-33.95,-21.21,0.0,47.0,1,92.45,69.26,-21.24,0.0,,8,,20260930
TFX,Teleflex Incorporated,Healthcare,Medical Instruments & Supplies,NYSE,126.32,630818,5352481280,4.1273,133.51,123.55,-1.7413,-2.69,-11.07,-10.27,-8.65,0.0,31.25,3,145.0,100.18,-12.88,0.0,,8,,20260930
WKCMF,Wacker Chemie AG,Basic Materials,Specialty Chemicals,PNK,98.65,46,4900733440,0.6084,104.79,99.89,-10.0853,-8.01,-16.96,14.35,-2.2,0.0,12.0,4,122.41,73.2,-19.41,0.0,,8,,20260930
HLPPF,Hang Lung Properties Limited,Real Estate,Real Estate Services,PNK,0.93,6,6139637248,0.0019,1.0,1.11,-39.0126,-21.63,-40.58,-29.76,-31.51,0.0,0.0,4,1.2,0.91,-22.75,0.0,,8,,20260930
KIROY,Kumba Iron Ore Limited,Basic Materials,Steel,PNK,4.6,52171,4420654592,0.1858,5.05,6.08,-2.4376,-24.55,-44.51,-37.83,-36.85,0.0,12.5,4,8.47,4.51,-45.69,0.0,,8,,20260930
WAWIF,Wallenius Wilhelmsen ASA,Industrials,Marine Shipping,PNK,17.75,104,7505962496,0.05,16.21,13.15,30.8913,28.5,26.54,77.8,47.53,0.0,75.0,2,17.75,7.29,0.0,0.0,,8,,20260930
SNDR,"Schneider National, Inc.",Industrials,Trucking,NYSE,31.98,761259,5606122496,0.9571,34.65,31.34,-2.7894,-14.79,3.99,35.72,11.99,0.0,35.0,3,39.27,20.11,-18.56,0.0,,8,,20260930
SFRRF,Sandfire Resources Limited,Basic Materials,Copper,PNK,15.47,65,7239257088,0.0772,15.01,13.01,5.9803,5.39,27.75,73.98,40.65,0.0,76.25,2,16.5,8.25,-6.24,0.0,,8,,20260930
PREKF,PrairieSky Royalty Ltd.,Energy,Oil & Gas E&P,PNK,23.29,44631,5413597696,0.4862,25.04,22.9,-3.5906,2.41,-18.7,8.39,-2.59,0.0,57.5,3,28.07,17.09,-17.03,0.0,,8,,20260930
LOAR,Loar Holdings Inc.,Industrials,Aerospace & Defense,NYSE,63.55,679623,5953902080,2.5448,69.78,67.4,-2.4464,-23.75,-6.53,-36.29,-22.74,0.0,18.25,4,83.43,53.15,-23.83,0.0,,8,,20260930
CHE,Chemed Corporation,Healthcare,Medical Care Facilities,NYSE,512.05,161759,6692473344,13.1208,523.01,453.04,-0.8356,7.5,15.71,-5.35,5.24,0.0,73.25,3,557.0,365.21,-8.07,0.0,,8,,20260930
APPF,"AppFolio, Inc.",Technology,Software - Application,NASDAQ,195.82,369281,6935355392,7.971,204.19,186.13,-1.05,19.53,4.13,-46.41,-12.23,0.0,73.25,3,277.73,142.56,-29.49,0.0,,8,,20260930
VOPKF,Koninklijke Vopak N.V.,Energy,Oil & Gas Midstream,PNK,55.35,1139,6307752448,0.223,54.54,51.76,3.6357,4.96,-16.19,5.94,-2.05,0.0,75.0,2,56.35,42.85,-1.77,0.0,,8,,20260930
XYIGY,Xinyi Glass Holdings Limited,Basic Materials,Building Materials,PNK,20.45,120,4527042560,0.5003,22.81,23.22,-4.7272,-7.04,-43.44,-20.35,-25.1,0.0,27.5,3,29.99,19.75,-31.81,0.0,,8,,20260930
TOITF,Topicus.com Inc.,Technology,Software - Infrastructure,PNK,59.46,29434,12687021056,2.0151,69.86,72.58,-5.1594,-9.35,-32.62,-59.69,-37.63,0.0,30.0,4,114.25,59.16,-47.96,0.0,,8,,20260930
PUTKF,PT United Tractors Tbk,Basic Materials,Other Industrial Metals & Mining,PNK,1.6,0,5588950016,0.0,1.6,1.62,0.0,-2.59,-22.46,2.03,-7.7,0.0,49.0,3,1.82,1.45,-12.09,0.0,,8,,20260930
MTHRF,"M3, Inc.",Healthcare,Health Information Services,PNK,10.36,98,6905035776,0.0103,9.84,10.71,51.0267,18.59,-27.33,-41.46,-21.5,0.0,62.0,3,15.25,8.55,-32.05,0.0,,8,,20260930
CZR,"Caesars Entertainment, Inc.",Consumer Cyclical,Resorts & Casinos,NASDAQ,29.62,3990504,6035967488,0.1127,29.74,27.07,-1.0951,-4.44,-5.38,-7.17,-5.86,0.0,45.75,3,30.88,17.86,-4.08,0.0,,8,,20260930
CDEVY,City Developments Limited,Real Estate,Real Estate - Development,PNK,6.18,1823,5646299136,0.2507,6.15,6.39,0.1194,-6.19,-21.63,5.69,-6.84,0.0,64.5,3,8.2,5.01,-24.63,0.0,,8,,20260930
MAC,The Macerich Company,Real Estate,REIT - Retail,NYSE,22.89,3241314,6753245184,0.4736,23.93,21.42,-2.1865,-11.03,4.04,15.39,4.81,0.0,45.75,3,26.68,16.03,-14.21,0.0,,8,,20260930
TKMCY,TKMS AG & Co KGaA,Unknown,Unknown,PNK,9.3,717,0,0.6796,9.3,9.3,0.0,-0.99,-0.99,-0.99,-0.99,0.0,63.32,3,12.71,8.31,-26.83,0.0,,8,,20260930
NJR,New Jersey Resources Corporation,Utilities,Utilities - Regulated Gas,NYSE,50.83,651459,5129843712,0.9864,54.32,52.91,-3.5378,-11.01,-28.16,-6.27,-15.11,0.0,15.75,4,60.86,43.46,-16.48,0.0,,8,,20260930
RRR,"Red Rock Resorts, Inc.",Consumer Cyclical,Resorts & Casinos,NASDAQ,48.85,857939,4982100480,1.9622,58.49,58.77,-4.9121,-27.15,-27.1,-34.93,-30.24,0.0,5.0,4,68.99,47.78,-29.19,0.0,,8,,20260930
MNTHY,Minth Group Limited,Consumer Cyclical,Auto Parts,PNK,59.06,2355,3459242240,1.4744,67.34,82.33,-5.6173,-12.44,-51.74,-44.81,-39.14,0.0,10.0,4,118.24,58.53,-50.05,0.0,,8,,20260930
FLG,"Flagstar Bank, National Association",Financial Services,Banks - Regional,NYSE,11.84,4380204,4914699264,0.2712,13.51,13.63,-6.1692,-23.28,-29.41,-14.16,-21.78,0.0,5.0,4,15.44,10.57,-23.32,0.0,,8,,20260930
IBP,"Installed Building Products, Inc.",Consumer Cyclical,Residential Construction,NYSE,193.94,382203,5154765312,9.5342,226.32,255.07,-3.3961,-18.04,-45.94,-37.84,-35.73,0.0,10.0,4,349.0,191.9,-44.43,0.0,,8,,20260930
ASAAF,AT & S Austria Technologie & Systemtechnik Aktiengesellschaft,Technology,Electronic Components,PNK,229.1,89,8900728832,5.8892,181.63,113.81,8.0611,5.52,284.86,778.74,412.58,0.0,50.0,2,261.24,25.56,-12.3,0.0,,8,,20260930
MRUWY,"Maruwa Co.,Ltd.",Technology,Electronic Components,PNK,13.85,40212,170906880,0.6695,13.96,13.85,-0.1654,-24.16,-21.84,-21.84,-22.42,0.0,53.25,3,18.41,11.86,-24.75,0.0,,8,,20260930
SRRK,Scholar Rock Holding Corporation,Healthcare,Biotechnology,NASDAQ,47.75,1454892,5815247360,2.5354,52.25,48.39,-1.7739,-15.77,-10.7,6.51,-5.08,0.0,19.5,4,61.76,27.07,-22.68,0.0,,8,,20260930
POR,Portland General Electric Company,Utilities,Utilities - Regulated Electric,NYSE,44.49,1170175,5232368640,1.0288,48.6,49.32,-3.9957,-15.72,-35.06,-9.7,-20.08,0.0,20.75,4,54.62,42.58,-18.55,0.0,,8,,20260930
NXST,"Nexstar Media Group, Inc.",Communication Services,Broadcasting,NASDAQ,161.48,368921,4974924288,6.2716,178.82,194.2,-2.7656,-11.27,-32.63,-32.01,-27.04,0.0,6.25,4,254.3,154.47,-36.5,0.0,,8,,20260930
PCWLF,PCCW Limited,Communication Services,Telecom Services,PNK,0.67,1095,5191001088,0.0296,0.69,0.69,-0.6979,-2.34,-24.71,-9.77,-13.14,0.0,55.25,4,0.81,0.63,-17.28,0.0,,8,,20260930
ENIC,Enel Chile S.A.,Utilities,Utilities - Renewable,NYSE,4.24,627850,5865324032,0.1088,4.41,4.22,-1.5769,-8.37,-6.56,-2.33,-5.32,0.0,43.25,3,4.74,3.62,-10.55,0.0,,8,,20260930
PSN,Parsons Corporation,Technology,Information Technology Services,NYSE,41.55,1357679,4437764096,1.6989,47.75,56.16,-3.6522,-23.28,-41.95,-65.71,-46.79,0.0,11.25,4,89.5,36.26,-53.58,0.0,,8,,20260930
CE,Celanese Corporation,Basic Materials,Chemicals,NYSE,44.84,1867409,4921141760,1.9175,45.4,51.19,-0.2942,-5.04,-51.67,-6.5,-21.94,0.0,19.5,4,70.7,35.13,-36.58,0.0,,8,,20260930
SFGRF,Sony Financial Group Inc.,Financial Services,Insurance - Life,PNK,0.98,403,6674903552,0.3401,-2.86,1.7,11.293,-139.64,-162.77,-104.84,-133.82,0.0,37.0,3,1.11,0.63,-11.6,0.0,,8,,20260930
PEGA,Pegasystems Inc.,Technology,Software - Application,NASDAQ,32.97,2589340,5420431360,1.4407,33.44,39.79,-0.3273,7.82,-41.71,-60.21,-36.73,0.0,48.25,4,68.1,25.1,-51.59,0.0,,8,,20260930
PIPR,Piper Sandler Companies,Financial Services,Capital Markets,NYSE,64.72,626017,4573780992,2.5544,74.67,79.03,-3.8949,-12.88,-33.81,-40.97,-31.44,0.0,10.0,4,95.06,64.71,-31.92,0.0,,8,,20260930
TMSNY,Temenos AG,Technology,Software - Application,PNK,78.82,1545,5356529664,1.8307,86.21,88.96,-4.0362,-5.86,-25.96,-15.83,-16.88,0.0,8.75,4,107.27,74.88,-26.52,0.0,,8,,20260930
KMX,"CarMax, Inc.",Consumer Cyclical,Auto & Truck Dealerships,NYSE,59.23,2505706,8406779904,2.5662,59.44,47.98,-0.0825,9.4,26.58,15.32,17.78,0.0,73.25,3,65.28,30.26,-9.27,0.0,,8,,20260930
DFIHY,DFI Retail Group Holdings Limited,Consumer Defensive,Grocery Stores,PNK,16.1,6,4360111616,0.0908,18.35,18.75,-24.7702,-22.61,-45.27,-21.49,-30.09,0.0,0.0,4,21.5,14.05,-25.12,0.0,,8,,20260930
PTCT,"PTC Therapeutics, Inc.",Healthcare,Biotechnology,NASDAQ,64.96,1305787,5421613568,2.2085,70.4,72.33,-2.4647,-22.95,-22.57,-6.59,-16.28,0.0,10.0,4,90.87,60.28,-28.51,0.0,,8,,20260930
ABCB,Ameris Bancorp,Financial Services,Banks - Regional,NYSE,80.46,432520,5399448576,1.4153,86.02,83.14,-3.9255,-13.45,-15.89,-8.13,-12.18,0.0,23.25,4,93.22,68.8,-13.69,0.0,,8,,20260930
HPHTF,Hamamatsu Photonics K.K.,Technology,Electronic Components,PNK,14.68,176,4237213184,0.1342,14.67,13.48,0.0387,-9.71,6.07,21.18,8.17,0.0,50.0,2,19.0,9.15,-22.76,0.0,,8,,20260930
CACC,Credit Acceptance Corporation,Financial Services,Credit Services,NASDAQ,537.1,125687,5618103808,17.9124,583.42,529.08,-2.586,-18.24,5.78,0.44,-2.36,0.0,32.5,3,668.86,401.9,-19.7,0.0,,8,,20260930
GLAPY,Glanbia plc,Consumer Defensive,Packaged Foods,PNK,106.52,43,5148990464,1.336,126.72,109.92,-15.1224,-24.73,-12.17,20.69,-2.17,0.0,12.0,4,143.5,79.41,-25.77,0.0,,8,,20260930
GNGBY,Getinge AB (publ),Healthcare,Medical Devices,PNK,24.62,1559,6889043456,0.3121,24.86,22.06,-0.7702,18.51,7.53,1.07,7.69,0.0,68.25,3,25.98,18.99,-5.23,0.0,,8,,20260930
RKGRY,RENK Group AG,Industrials,Aerospace & Defense,PNK,9.14,242,4570000384,0.1881,10.56,9.14,-7.5284,-7.47,-36.59,-40.71,-30.96,0.0,26.25,3,13.11,9.0,-30.28,0.0,,8,,20260930
OTEX,Open Text Corporation,Technology,Software - Application,NASDAQ,22.31,1474873,5401847296,0.7146,23.8,24.25,-2.0798,-0.72,-15.99,-54.59,-27.61,0.0,49.5,4,39.9,19.78,-44.09,0.0,,8,,20260930
SIGCY,SIG Group AG,Consumer Cyclical,Packaging & Containers,PNK,16.48,915,6368381440,0.2828,17.13,15.68,-2.2981,-3.85,-9.88,41.75,12.28,0.0,42.0,3,19.11,9.73,-13.78,0.0,,8,,20260930
PATH,"UiPath, Inc.",Technology,Software - Infrastructure,NYSE,12.32,69189890,6420634624,0.7826,14.46,12.74,-2.741,10.75,-8.2,-15.81,-6.51,0.0,44.5,4,19.84,9.2,-37.9,0.0,,8,,20260930
SRTTY,"ZOZO, Inc.",Consumer Cyclical,Internet Retail,PNK,7.29,8551,6581515264,0.2112,7.19,7.15,0.458,3.6,-14.96,-35.72,-18.62,0.0,80.0,2,9.4,5.74,-22.46,0.0,,8,,20260930
NOVTU,Novanta Inc.,Technology,Scientific & Technical Instruments,NASDAQ,59.87,28320,0,1.8452,62.31,59.68,-1.3206,-12.54,-2.78,14.47,1.68,0.0,45.75,3,76.95,47.57,-22.2,0.0,,8,,20260930
NOVT,Novanta Inc.,Technology,Scientific & Technical Instruments,NASDAQ,141.22,417745,5340625408,5.4436,147.16,139.99,-1.0916,-15.54,3.34,23.07,6.51,0.0,48.25,3,176.38,98.27,-19.93,0.0,,8,,20260930
GVA,Granite Construction Incorporated,Industrials,Engineering & Construction,NYSE,116.27,741489,5165514752,3.5197,120.69,126.95,-1.2553,-29.04,-21.53,-9.58,-18.63,0.0,36.5,4,162.08,97.26,-28.26,0.0,,8,,20260930
MSSMY,MISUMI Group Inc.,Industrials,Tools & Accessories,PNK,12.38,395,6480510976,0.1327,11.47,10.26,6.8366,-5.49,27.62,42.29,25.21,0.0,50.0,2,13.0,6.64,-4.77,0.0,,8,,20260930
BLCO,Bausch + Lomb Corporation,Healthcare,Medical Instruments & Supplies,NYSE,17.14,395435,6121811968,0.4419,17.02,16.64,0.2616,0.91,-9.22,1.49,-2.4,0.0,85.0,2,18.91,13.77,-9.38,0.0,,8,,20260930
AMTM,"Amentum Holdings, Inc.",Industrials,Specialty Business Services,NYSE,18.15,2039517,4437791232,0.6398,20.99,25.74,-4.444,-14.78,-49.43,-36.3,-35.51,0.0,11.25,4,38.11,17.89,-52.37,0.0,,8,,20260930
ESTC,Elastic N.V.,Technology,Software - Application,NYSE,88.8,2242823,9323226112,4.0419,80.62,64.82,2.0243,53.15,58.18,-13.4,28.29,0.0,87.5,2,108.0,42.05,-17.78,0.0,,8,,20260930
CGON,"CG Oncology, Inc.",Healthcare,Biotechnology,NASDAQ,70.52,890175,6250918912,3.3755,74.1,63.49,-1.0609,-3.33,-11.28,71.14,23.67,0.0,74.5,3,80.97,35.8,-12.91,0.0,,8,,20260930
IFS,Intercorp Financial Services Inc.,Financial Services,Banks - Regional,NYSE,54.56,226546,6023299072,1.2142,56.18,49.84,-1.3311,-6.8,-3.71,24.7,6.88,0.0,53.25,3,61.38,38.29,-11.11,0.0,,8,,20260930
HPHTY,Hamamatsu Photonics K.K.,Technology,Electronic Components,PNK,7.9,336,4562041856,0.1224,7.22,6.69,5.5473,-5.81,16.92,20.42,12.64,0.0,50.0,2,9.56,4.93,-17.41,0.0,,8,,20260930
BKH,Black Hills Corporation,Utilities,Utilities - Regulated Gas,NYSE,70.27,848246,5358308352,1.558,72.28,71.56,-1.2933,-7.24,-17.92,3.15,-6.82,0.0,35.25,4,78.69,59.33,-10.7,0.0,,8,,20260930
RMSYF,Ramsay Health Care Limited,Healthcare,Medical Care Facilities,PNK,36.62,9,5770745344,0.1104,32.7,26.51,35.4852,30.77,24.94,38.52,31.83,0.0,75.0,2,36.62,20.0,-0.0,0.0,,8,,20260930
JBHIF,JB Hi-Fi Limited,Consumer Cyclical,Specialty Retail,PNK,57.93,28,6333717504,0.0746,55.67,55.96,30.3568,14.48,-20.91,-34.61,-17.54,0.0,75.0,3,81.23,50.17,-28.68,0.0,,8,,20260930
RNKGF,RENK Group AG,Industrials,Aerospace & Defense,PNK,49.98,143,5090417152,0.2534,53.59,59.13,-14.2574,0.56,-28.73,-63.6,-35.36,0.0,1.25,4,104.2,46.43,-52.03,0.0,,8,,20260930
EMLZF,Emmi AG,Consumer Defensive,Packaged Foods,PNK,1003.19,1,5366876160,2.4845,1059.2,1005.93,-22.5447,-11.12,-15.97,-16.24,-14.87,0.0,12.0,4,1099.16,856.9,-8.73,0.0,,8,,20260930
USAR,"USA Rare Earth, Inc.",Basic Materials,Other Industrial Metals & Mining,NASDAQ,14.07,12195604,5283652608,0.9922,16.82,19.35,-2.7687,-37.37,-22.63,-35.47,-31.45,0.0,8.75,4,43.98,11.45,-68.0,0.0,,8,,20260930
CPA,"Copa Holdings, S.A.",Industrials,Airlines,NYSE,133.05,292921,5431024640,3.9315,132.94,129.1,0.0282,-15.92,5.05,2.23,-1.32,0.0,62.5,2,160.47,107.44,-17.09,0.0,,8,,20260930
SLFPF,Aberdeen Group Plc,Financial Services,Asset Management,PNK,3.25,714,5982424576,0.0166,3.26,2.97,-0.3625,-1.97,5.91,8.77,5.08,0.0,37.0,3,3.44,2.45,-5.52,0.0,,8,,20260930
ZGN,Ermenegildo Zegna N.V.,Consumer Cyclical,Apparel Manufacturing,NYSE,12.62,1134706,3393383936,0.4123,13.44,12.04,-1.9921,-4.64,7.93,23.42,10.99,0.0,36.25,3,15.95,8.64,-20.88,0.0,,8,,20260930
BAFBF,Balfour Beatty plc,Industrials,Engineering & Construction,PNK,12.5,78,5861950976,0.0927,11.69,10.58,8.7103,9.02,2.6,43.36,20.51,0.0,76.25,2,12.5,7.91,0.0,0.0,,8,,20260930
TKMSF,TKMS AG & Co KGaA,Industrials,Aerospace & Defense,PNK,95.0,152,6034746368,0.273,95.0,95.0,0.0,-1.81,-1.81,-1.81,-1.81,0.0,63.25,3,97.0,92.76,-2.06,0.0,,8,,20260930
KOF,"Coca-Cola FEMSA, S.A.B. de C.V.",Consumer Defensive,Beverages - Non-Alcoholic,NYSE,108.49,131703,22791929856,2.2959,110.06,103.69,-0.6859,0.63,-5.74,14.88,4.11,0.0,73.25,3,117.09,80.22,-7.34,0.0,,8,,20260930
COCSF,"Coca-Cola FEMSA, S.A.B. de C.V.",Consumer Defensive,Beverages - Non-Alcoholic,PNK,10.85,1217,22794031104,0.2931,11.12,10.59,-0.9226,-0.39,-8.1,11.82,1.8,0.0,65.75,3,12.24,7.57,-11.36,0.0,,8,,20260930
FINN,"First National of Nebraska, Inc.",Financial Services,Banks - Regional,OID,19239.9,60,5195171840,72.4621,19302.56,17676.68,-0.8647,0.24,-4.46,23.08,7.73,0.0,64.5,3,19850.0,13700.0,-3.07,0.0,,8,,20260930
MNTHF,Minth Group Limited,Consumer Cyclical,Auto Parts,PNK,2.63,293,3080869376,0.0487,3.26,3.32,-12.9845,17.29,-42.39,-36.84,-25.25,0.0,25.0,4,5.54,2.63,-52.53,0.0,,8,,20260930
TKECF,"Tokyo Electric Power Company Holdings, Incorporated",Utilities,Utilities - Renewable,PNK,3.14,585,5336997888,0.0712,3.33,3.67,-2.7036,-1.3,-33.09,-39.38,-27.65,0.0,27.5,4,6.0,2.7,-47.67,0.0,,8,,20260930
SHJBF,"Shanghai Junshi Biosciences Co., Ltd.",Healthcare,Biotechnology,PNK,3.35,0,4841863680,0.0,3.35,3.2,0.0,-3.58,-9.69,-32.36,-17.23,0.0,62.0,3,4.23,2.99,-20.78,0.0,,8,,20260930
COIHY,Croda International Plc,Basic Materials,Specialty Chemicals,PNK,21.63,6550,6028460032,0.3284,21.63,19.6,-0.0107,6.58,-2.25,9.49,4.65,0.0,69.5,3,23.81,16.68,-9.16,0.0,,8,,20260930
BRTHY,"Brother Industries, Ltd.",Industrials,Business Equipment & Supplies,PNK,60.2,71,7429694464,0.1324,56.52,45.14,27.8112,24.71,43.85,55.28,43.64,0.0,75.0,2,60.31,31.75,-0.18,0.0,,8,,20260930
ESNT,Essent Group Ltd.,Financial Services,Insurance - Specialty,NYSE,63.24,643293,5683789824,1.2777,67.2,62.43,-3.1022,-3.7,-11.66,-17.38,-11.96,0.0,60.0,3,70.37,55.34,-10.13,0.0,,8,,20260930
MCY,Mercury General Corporation,Financial Services,Insurance - Property & Casualty,NYSE,99.87,287334,5531662336,2.3431,103.87,96.9,-1.7072,-8.62,-7.11,4.93,-2.67,0.0,48.25,3,113.06,74.29,-11.67,0.0,,8,,20260930
BYCRF,"Baycurrent, Inc.",Industrials,Consulting Services,PNK,50.5,39,7457453056,1.776,8.43,-4.19,23.6884,-456.15,-533.87,919.22,66.79,0.0,62.0,3,58.65,28.17,-13.89,0.0,,8,,20260930
ESAB,ESAB Corporation,Industrials,Metal Fabrication,NYSE,67.6,779195,4202543616,3.0513,78.73,98.65,-3.6481,-33.96,-47.36,-55.05,-47.08,0.0,5.0,4,137.42,64.83,-50.81,0.0,,8,,20260930
PECO,"Phillips Edison & Company, Inc.",Real Estate,REIT - Retail,NASDAQ,37.65,901279,5315108352,0.6078,39.65,38.43,-3.2908,-11.38,-19.18,-3.72,-11.05,0.0,20.75,4,44.38,32.98,-15.15,0.0,,8,,20260930
SBSNY,Vend Marketplaces ASA,Communication Services,Internet Content & Information,PNK,20.1,7595,4004090368,0.8244,25.42,26.05,-6.4453,-20.49,-37.98,-60.36,-42.56,0.0,2.5,4,45.0,18.0,-55.32,0.0,,8,,20260930
COGT,"Cogent Biosciences, Inc.",Healthcare,Biotechnology,NASDAQ,31.66,2040770,5493800960,1.3775,36.52,36.51,-3.5283,-20.78,-32.08,106.87,26.33,0.0,12.5,4,43.73,13.72,-27.6,0.0,,8,,20260930
RGLXY,RTL Group S.A.,Communication Services,Broadcasting,PNK,3.71,235,5597764608,0.0545,3.63,3.74,1.5122,-7.46,-4.11,-14.55,-9.12,0.0,38.25,3,5.26,3.13,-29.47,0.0,,8,,20260930
MGY,Magnolia Oil & Gas Corporation,Energy,Oil & Gas E&P,NYSE,23.6,4693403,6482803712,0.8718,25.91,26.47,-2.645,-9.66,-47.1,-20.83,-27.23,0.0,20.75,1,32.76,21.07,-27.96,0.0,,8,,20260930
BBRYF,Burberry Group plc,Consumer Cyclical,Luxury Goods,PNK,15.53,129,5607104000,0.0387,15.86,16.17,-8.6558,-5.53,-11.32,-17.67,-12.41,0.0,24.0,4,18.37,13.34,-15.46,0.0,,8,,20260930
WILWY,Wallenius Wilhelmsen ASA,Industrials,Marine Shipping,PNK,39.0,21,8245987328,0.4186,29.25,24.14,23.2957,53.1,58.98,108.64,77.38,0.0,75.0,2,39.0,14.01,0.0,0.0,,8,,20260930
CWST,"Casella Waste Systems, Inc.",Industrials,Waste Management,NASDAQ,80.2,559646,5103931904,2.5185,90.2,91.54,-3.9701,-19.88,-19.21,-27.19,-22.57,0.0,7.5,4,107.96,74.05,-25.71,0.0,,8,,20260930
SYNA,Synaptics Incorporated,Technology,Semiconductors,NASDAQ,100.79,768839,4000598272,4.4712,101.81,98.33,-0.227,-21.46,33.33,28.12,17.55,0.0,50.75,3,149.11,58.28,-32.41,0.0,,8,,20260930
ATDRF,Autotrader Group plc,Communication Services,Internet Content & Information,PNK,5.96,140,4573818368,0.0413,6.45,6.65,-12.0434,-9.21,-20.54,-58.9,-33.05,0.0,25.0,4,11.25,5.79,-47.04,0.0,,8,,20260930
AVTR,"Avantor, Inc.",Healthcare,Medical Instruments & Supplies,NYSE,15.24,9391098,10307708928,0.453,14.12,10.68,2.4661,51.35,79.25,12.0,45.38,0.0,88.75,2,16.05,7.26,-5.05,0.0,,8,,20260930
ZEGLF,Zegona Communications plc,Communication Services,Telecom Services,PNK,23.0,287,5182585344,0.219,21.38,23.0,7.4013,4.3,-7.0,-7.0,-4.18,0.0,75.0,3,24.75,18.95,-7.07,0.0,,8,,20260930
TKECY,"Tokyo Electric Power Company Holdings, Incorporated",Utilities,Utilities - Renewable,PNK,3.29,1490,5288916992,0.0515,3.33,3.76,-0.781,13.67,-38.03,-38.38,-25.25,0.0,42.0,4,5.8,2.76,-43.28,0.0,,8,,20260930
SSMXY,Sysmex Corporation,Healthcare,Medical Devices,PNK,11.65,68845,7050555392,0.4124,11.43,9.7,0.5252,26.71,16.66,-20.83,4.18,0.0,82.5,2,12.9,8.01,-9.69,0.0,,8,,20260930
SSMXF,Sysmex Corporation,Healthcare,Medical Devices,PNK,12.04,164,7286582784,0.0691,10.86,9.37,17.0375,34.91,22.81,-10.08,12.68,0.0,75.0,2,12.5,7.97,-3.68,0.0,,8,,20260930
IVCGF,Iveco Group N.V.,Industrials,Farm & Heavy Construction Machinery,PNK,16.3,659,4341452800,0.1475,16.07,18.74,1.5924,0.02,-46.77,-40.66,-32.63,0.0,58.75,3,23.0,15.59,-29.13,0.0,,8,,20260930
CRC,California Resources Corporation,Energy,Oil & Gas E&P,NYSE,51.09,831652,4537808384,1.5993,52.95,55.47,-1.1631,-5.22,-46.31,-23.5,-26.91,0.0,60.25,3,71.98,43.24,-29.02,0.0,,8,,20260930
BLTE,"Belite Bio, Inc",Healthcare,Biotechnology,NCM,166.66,186565,6711755776,6.8098,165.32,160.67,0.1967,5.64,-9.82,121.44,46.55,0.0,88.75,2,200.0,70.8,-16.67,0.0,,8,,20260930
MATX,"Matson, Inc.",Industrials,Marine Shipping,NYSE,226.43,301409,6771039744,6.7932,219.17,180.53,1.0684,15.42,22.91,105.65,54.13,0.0,88.75,2,240.87,86.97,-5.99,0.0,,8,,20260930
MTG,MGIC Investment Corporation,Financial Services,Insurance - Specialty,NYSE,28.25,1851021,5794776576,0.6087,30.25,27.67,-3.2885,-1.86,-12.03,-16.31,-11.2,0.0,57.5,3,31.89,24.69,-11.41,0.0,,8,,20260930
KRG,Kite Realty Group Trust,Real Estate,REIT - Retail,NYSE,24.7,2388934,5135528960,0.3965,26.59,25.69,-4.7778,-14.67,-18.29,0.75,-9.77,0.0,19.5,4,29.92,21.33,-17.45,0.0,,8,,20260930
CROX,"Crocs, Inc.",Consumer Cyclical,Footwear & Accessories,NASDAQ,122.63,1048674,5879504384,4.2838,125.44,106.05,-0.6559,-0.94,31.75,33.33,24.21,0.0,48.25,3,141.28,73.21,-13.2,0.0,,8,,20260930
HWC,Hancock Whitney Corporation,Financial Services,Banks - Regional,NASDAQ,72.2,824771,5792104448,1.4137,75.49,69.25,-2.3252,-5.32,-4.18,0.73,-2.5,0.0,48.25,3,80.13,54.05,-9.9,0.0,,8,,20260930
TKMTY,"Tokyo Metro Co., Ltd.",Industrials,Railroads,PNK,8.87,104,5149894144,0.0015,8.87,10.06,-0.3929,2.65,-33.27,-46.3,-29.5,0.0,37.0,1,13.36,8.35,-33.61,0.0,,8,,20260930
OBDC,Blue Owl Capital Corporation,Financial Services,Asset Management,NYSE,10.81,3562976,5330871296,0.2007,11.17,11.04,-1.8132,-2.96,-15.65,-24.44,-16.0,0.0,57.75,4,13.57,10.52,-20.37,0.0,,8,,20260930
ARKAF,Arkema S.A.,Basic Materials,Specialty Chemicals,PNK,69.4,4,5239831040,0.0115,68.98,64.86,36.5008,-1.44,-8.7,-7.27,-6.31,0.0,75.0,2,77.9,59.0,-10.91,0.0,,8,,20260930
ARKAY,Arkema S.A.,Basic Materials,Specialty Chemicals,PNK,63.78,1103,4815510528,0.8132,67.82,64.71,-4.9651,-0.95,-18.96,-10.66,-11.14,0.0,44.5,3,79.36,56.28,-19.63,0.0,,8,,20260930
NEXPF,Nexi S.p.A.,Technology,Software - Infrastructure,PNK,4.74,22,5568176128,0.0024,4.64,4.44,40.7004,-1.86,34.47,-25.66,1.34,0.0,75.0,2,5.83,3.25,-18.63,0.0,,8,,20260930
KLIC,"Kulicke and Soffa Industries, Inc.",Technology,Semiconductor Equipment & Materials,NASDAQ,93.72,888734,4904284672,4.0553,88.49,81.98,1.2896,-32.34,30.8,114.9,48.65,0.0,67.5,2,135.8,35.02,-30.99,0.0,,8,,20260930
SEI,"Solaris Energy Infrastructure, Inc.",Energy,Oil & Gas Equipment & Services,NYSE,68.34,3053862,6876805120,4.2032,59.15,60.75,2.1871,-17.48,8.28,56.82,21.25,0.0,65.0,3,86.19,38.5,-20.71,0.0,,8,,20260930
GXO,"GXO Logistics, Inc.",Industrials,Integrated Freight & Logistics,NYSE,44.76,1409309,5133281280,1.4708,47.87,52.57,-2.1115,-14.3,-29.93,-33.15,-27.31,0.0,6.25,4,66.85,43.61,-33.04,0.0,,8,,20260930
GNGBF,Getinge AB (publ),Healthcare,Medical Devices,PNK,25.0,3,6809239040,0.0494,23.4,22.59,32.4552,22.1,-13.92,2.33,1.59,0.0,75.0,2,25.0,20.05,0.0,0.0,,8,,20260930
OZKAP,Bank OZK,Financial Services,Banks - Regional,NASDAQ,14.82,33531,0,0.2488,15.84,15.91,-4.093,-7.7,-27.24,-25.3,-21.58,0.0,17.0,4,17.85,14.67,-16.97,0.0,,8,,20260930
OZK,Bank OZK,Financial Services,Banks - Regional,NASDAQ,46.2,1174037,5037537792,0.8646,49.72,47.97,-4.0718,-13.05,-16.32,-24.45,-18.75,0.0,24.5,4,53.39,42.37,-13.47,0.0,,8,,20260930
BEPC,Brookfield Renewable Corporation,Utilities,Utilities - Renewable,NYSE,28.1,1728476,5216566272,0.8308,31.93,36.72,-4.6107,-25.96,-47.84,-32.08,-36.06,0.0,6.25,4,45.18,27.57,-37.8,0.0,,8,,20260930
LEGN,Legend Biotech Corporation,Healthcare,Biotechnology,NASDAQ,18.82,2305703,3660271872,0.9084,20.1,22.45,-1.4102,-37.42,-12.81,-60.32,-37.97,0.0,7.5,4,37.5,16.24,-49.81,0.0,,8,,20260930
BTLCY,British Land Company PLC,Real Estate,REIT - Diversified,PNK,5.36,37806,5493657600,0.0936,5.66,5.3,-3.1996,-4.42,-2.55,6.09,0.44,0.0,38.75,3,6.0,4.5,-10.67,0.0,,8,,20260930
M,"Macy's, Inc.",Consumer Cyclical,Department Stores,NYSE,23.27,5532710,6077580288,0.8202,23.11,21.26,0.1941,-2.93,12.98,17.16,10.68,0.0,65.0,2,26.59,16.41,-12.49,0.0,,8,,20260930
MUR,Murphy Oil Corporation,Energy,Oil & Gas E&P,NYSE,35.95,1670323,5154551296,1.3392,36.75,35.33,-0.6008,8.95,-33.9,7.89,-6.47,0.0,74.5,3,43.34,26.49,-17.05,0.0,,8,,20260930
TMICF,Trend Micro Incorporated,Technology,Software - Infrastructure,PNK,38.8,68,5035942400,0.1005,35.87,37.32,29.1713,10.34,-4.32,-50.15,-18.99,0.0,76.25,3,58.29,33.1,-33.44,0.0,,8,,20260930
SIGIP,"Selective Insurance Group, Inc.",Financial Services,Insurance - Property & Casualty,NASDAQ,15.0,18609,0,0.223,15.44,15.81,-1.9569,-5.64,-25.01,-29.3,-21.88,0.0,39.0,4,18.7,14.75,-19.81,0.0,,8,,20260930
SIGI,"Selective Insurance Group, Inc.",Financial Services,Insurance - Property & Casualty,NASDAQ,84.63,483931,5043948032,1.7914,91.81,86.28,-4.0086,-14.95,-8.14,-8.58,-10.02,0.0,18.25,4,100.4,72.78,-15.71,0.0,,8,,20260930
BXSL,Blackstone Secured Lending Fund,Financial Services,Asset Management,NYSE,24.63,1478558,5738052608,0.39,24.32,23.66,0.7949,1.29,-11.09,-13.56,-8.98,0.0,86.25,2,28.59,22.47,-13.85,0.0,,8,,20260930
GCHEF,"Grupo Comercial Chedraui, S.A.B. de C.V.",Consumer Defensive,Grocery Stores,PNK,4.86,397,4663828992,0.0333,5.21,5.37,-10.5427,-8.24,-19.8,-29.84,-20.93,0.0,37.0,4,7.95,4.85,-38.84,0.0,,8,,20260930
LQDA,Liquidia Corporation,Healthcare,Drug Manufacturers - Specialty & Generic,NCM,70.69,1399325,6327383552,3.6369,75.38,54.26,-1.2886,-13.93,79.4,207.55,107.33,0.0,35.0,3,93.61,21.35,-24.48,0.0,,8,,20260930
HIMS,"Hims & Hers Health, Inc.",Healthcare,Drug Manufacturers - Specialty & Generic,NYSE,28.7,12704946,6696095232,1.7016,29.47,27.66,-0.4547,-19.81,31.29,-67.57,-21.03,0.0,48.25,3,65.3,13.74,-56.05,0.0,,8,,20260930
G,Genpact Limited,Technology,Information Technology Services,NYSE,32.24,2222020,5417429504,1.0192,34.8,36.38,-2.5142,15.28,-34.48,-39.1,-23.89,0.0,31.25,4,48.64,26.85,-33.72,0.0,,8,,20260930
TEO,Telecom Argentina S.A.,Communication Services,Telecom Services,NYSE,12.15,259953,5233461760,0.5884,13.48,12.5,-2.2634,-9.13,-12.27,47.25,12.32,0.0,49.5,3,16.34,6.93,-25.64,0.0,,8,,20260930
BURBY,Burberry Group plc,Consumer Cyclical,Luxury Goods,PNK,13.57,46525,4899446272,0.317,14.57,15.34,-3.1554,-7.02,-24.61,-29.28,-22.08,0.0,6.25,4,18.55,13.16,-26.85,0.0,,8,,20260930
CGASY,China Resources Gas Group Limited,Utilities,Utilities - Regulated Gas,PNK,19.68,48,4435958784,0.0206,19.38,22.68,14.596,-11.54,-43.82,-34.14,-31.88,0.0,25.0,3,26.91,16.68,-26.87,0.0,,8,,20260930
NICE,NICE Ltd.,Technology,Software - Application,NASDAQ,106.81,552235,6242295296,4.9929,102.76,104.76,0.8101,14.98,-23.34,-43.45,-21.8,0.0,83.75,3,145.43,83.1,-26.56,0.0,,8,,20260930
AUB,Atlantic Union Bankshares Corporation,Financial Services,Banks - Regional,NYSE,38.0,1111971,5426966016,0.7194,40.85,38.29,-3.9582,-11.98,-9.84,-6.85,-9.18,0.0,20.75,4,43.62,30.87,-12.88,0.0,,8,,20260930
VCTR,"Victory Capital Holdings, Inc.",Financial Services,Asset Management,NASDAQ,110.4,612139,6790657024,3.5227,108.72,83.25,0.4777,29.34,50.09,55.48,47.06,0.0,87.5,2,123.55,57.03,-10.64,0.0,,8,,20260930
ARGTF,Artemis Gold Inc.,Basic Materials,Other Precious Metals & Mining,OQX,27.98,37212,6524678144,1.1741,28.1,27.0,-0.1056,24.76,-13.11,-4.67,-0.27,0.0,70.75,3,35.59,20.85,-21.39,0.0,,8,,20260930
BGC,"BGC Group, Inc.",Financial Services,Capital Markets,NASDAQ,11.45,3061596,5444091904,0.3857,11.62,10.52,-0.4493,4.72,-1.07,5.18,2.87,0.0,77.0,3,12.89,8.27,-11.17,0.0,,8,,20260930
EPAM,"EPAM Systems, Inc.",Technology,Information Technology Services,NYSE,107.14,1432143,5527029248,4.7327,107.52,132.05,-0.0803,32.43,-42.86,-46.15,-25.35,0.0,48.25,4,222.53,73.06,-51.85,0.0,,8,,20260930
HLPPY,Hang Lung Properties Limited,Real Estate,Real Estate Services,OID,4.2,9564,4443432448,0.1031,4.49,5.11,-2.8363,-8.76,-38.27,-34.98,-29.58,0.0,3.75,4,6.52,4.03,-35.58,0.0,,8,,20260930
HOMB,"Home BancShares, Inc.",Financial Services,Banks - Regional,NYSE,28.41,1617039,5683409920,0.4654,30.17,28.13,-3.7732,-2.33,-12.53,-14.95,-10.95,0.0,58.75,3,31.7,25.5,-10.38,0.0,,8,,20260930
RANJF,Randstad N.V.,Industrials,Staffing & Employment Services,PNK,44.65,3,7833871872,0.1806,39.69,34.87,27.4851,37.6,-0.02,-9.28,5.68,0.0,75.0,2,44.65,25.2,0.0,0.0,,8,,20260930
MC,Moelis & Company,Financial Services,Capital Markets,NYSE,58.0,849018,4296691712,2.1625,65.26,64.79,-3.3552,-13.06,-13.77,-33.34,-21.42,0.0,7.5,4,78.22,51.06,-25.85,0.0,,8,,20260930
WTBDY,Whitbread plc,Consumer Cyclical,Lodging,PNK,7.84,12387,5241558528,0.0977,8.09,8.14,-2.6002,-2.97,-13.34,-41.22,-21.9,0.0,31.5,4,11.06,7.42,-29.11,0.0,,8,,20260930
RANJY,Randstad N.V.,Industrials,Staffing & Employment Services,PNK,20.05,15278,7035571200,0.3644,21.78,16.9,-4.7431,37.23,37.71,-14.88,16.55,0.0,57.5,3,23.45,12.46,-14.5,0.0,,8,,20260930
GLNG,Golar LNG Limited,Energy,Oil & Gas Midstream,NASDAQ,48.23,1258970,4924138496,1.2414,50.64,48.02,-1.9389,-5.35,-31.47,4.66,-10.49,0.0,70.75,3,57.79,35.02,-16.54,0.0,,8,,20260930
WTM,"White Mountains Insurance Group, Ltd.",Financial Services,Insurance - Property & Casualty,NYSE,2021.51,19976,4824780288,37.7979,2106.54,2128.34,-2.2495,-5.09,-29.39,1.15,-11.1,0.0,31.5,4,2333.0,1648.0,-13.35,0.0,,8,,20260930
LNNGF,Li Ning Company Limited,Consumer Cyclical,Leisure,PNK,1.59,389,4109853952,0.0352,1.74,2.19,-4.1408,-8.79,-57.17,-38.55,-37.63,0.0,1.25,4,2.85,1.58,-44.21,0.0,,8,,20260930
BLSH,Bullish,Technology,Software - Infrastructure,NYSE,35.68,1539067,5410813440,2.3429,30.16,33.58,2.3579,49.7,-14.29,-59.71,-16.46,0.0,91.25,3,70.5,20.55,-49.39,0.0,,8,,20260930
BRLAF,British Land Company PLC,Real Estate,REIT - Diversified,PNK,5.18,103,5309168640,0.0288,5.59,5.27,-14.3557,-2.97,-9.17,-3.37,-5.3,0.0,37.0,3,6.24,4.39,-16.99,0.0,,8,,20260930
RUSHB,"Rush Enterprises, Inc.",Consumer Cyclical,Auto & Truck Dealerships,NASDAQ,54.52,160767,6364142080,1.7828,52.26,45.8,1.2687,4.61,7.51,26.66,14.44,0.0,87.5,2,57.38,31.81,-4.98,0.0,,8,,20260930
RUSHA,"Rush Enterprises, Inc.",Consumer Cyclical,Auto & Truck Dealerships,NASDAQ,46.29,668759,5402867200,1.2928,51.03,46.41,-3.6642,-7.19,-14.08,8.09,-3.49,0.0,20.75,4,55.74,30.45,-16.95,0.0,,8,,20260930
LYFT,"Lyft, Inc.",Technology,Software - Application,NASDAQ,15.07,10801982,5704601600,0.5674,16.16,15.48,-1.9178,0.56,-2.41,-47.81,-19.83,0.0,52.0,4,25.54,12.46,-40.99,0.0,,8,,20260930
PLUG,Plug Power Inc.,Industrials,Electrical Equipment & Parts,NCM,1.91,53754131,2668642816,0.1095,2.13,2.47,-2.0017,-32.11,-32.28,-36.12,-33.78,0.0,7.5,4,4.58,1.7,-58.3,0.0,,8,,20260930
HLHLY,Holmen AB (publ),Basic Materials,Paper & Paper Products,PNK,16.18,0,4966368768,0.0012,16.18,17.24,0.0,-3.58,-28.49,35.75,3.43,0.0,49.0,3,25.0,10.9,-35.26,0.0,,8,,20260930
MARA,"MARA Holdings, Inc.",Financial Services,Capital Markets,NCM,11.99,47463770,4631728640,0.8412,11.32,10.97,0.7918,-16.27,32.18,-42.38,-9.76,0.0,61.25,2,23.45,6.66,-48.87,0.0,,8,,20260930
AUOTY,AUO Corporation,Technology,Electronic Components,PNK,11.01,68650,8309356032,0.4526,8.51,6.43,5.5148,6.69,139.21,119.33,98.13,0.0,88.75,2,11.7,3.25,-5.9,0.0,,8,,20260930
BC,Brunswick Corporation,Consumer Cyclical,Recreational Vehicles,NYSE,65.03,721406,4213776640,2.2857,75.84,78.14,-4.7289,-24.97,-27.01,-12.16,-20.56,0.0,10.0,4,90.25,58.56,-27.94,0.0,,8,,20260930
AMDLY,"Amada Co., Ltd.",Industrials,Specialty Industrial Machinery,PNK,74.66,0,5706114048,0.0016,74.66,60.49,0.0,-2.59,36.81,45.59,30.47,0.0,62.0,3,74.66,46.0,0.0,0.0,,8,,20260930
EUTLF,Eutelsat Communications S.A.,Communication Services,Telecom Services,PNK,1.81,6262,2131854464,0.0735,2.22,2.65,-5.6173,-36.29,-44.51,-67.13,-51.5,0.0,8.75,4,5.36,1.72,-66.23,0.0,,8,,20260930
EQPT,EquipmentShare.com Inc.,Industrials,Rental & Leasing Services,NASDAQ,18.5,3140333,4687455232,1.134,18.76,18.5,-0.2312,-8.49,-25.73,-54.93,-33.1,0.0,49.5,3,35.5,15.71,-47.89,0.0,,8,,20260930
MAAS,Maase Inc.,Technology,Information Technology Services,NASDAQ,16.12,259028,7127870976,1.8583,16.79,10.67,-0.3581,21.41,174.24,354.49,208.14,0.0,49.5,3,24.9,2.85,-35.26,0.0,,8,,20260930
XENE,Xenon Pharmaceuticals Inc.,Healthcare,Biotechnology,NASDAQ,37.25,1387098,3607305984,2.5292,58.11,53.18,-8.2494,-40.88,-54.48,-18.64,-36.74,0.0,7.5,4,72.66,36.07,-48.73,0.0,,8,,20260930
ALM,Almonty Industries Inc.,Basic Materials,Other Industrial Metals & Mining,NCM,13.19,6622079,3742554880,1.1778,15.06,15.6,-1.5914,-22.94,-25.75,105.71,27.54,0.0,6.25,4,24.41,5.43,-45.96,0.0,,8,,20260930
FUPBY,Fuchs SE,Basic Materials,Specialty Chemicals,PNK,12.13,9926,6356120064,0.1515,11.74,11.01,2.5718,8.9,0.05,-5.66,-0.02,0.0,85.0,2,12.42,9.27,-2.33,0.0,,8,,20260930
ACLLF,ATCO Ltd.,Utilities,Utilities - Diversified,OQX,51.56,32053,5801917440,0.6076,53.64,48.65,-3.4301,-3.48,-15.93,32.14,6.41,0.0,43.25,3,58.06,35.93,-11.2,0.0,,8,,20260930
SBRA,"Sabra Health Care REIT, Inc.",Real Estate,REIT - Healthcare Facilities,NASDAQ,19.78,2632101,5053053440,0.3817,20.59,19.49,-2.1107,0.33,-16.77,-5.13,-7.84,0.0,69.5,3,22.77,17.17,-13.13,0.0,,8,,20260930
ENGGY,"Enagás, S.A.",Utilities,Utilities - Regulated Gas,PNK,9.41,2890,4898808832,0.0575,9.65,9.01,-4.2127,-4.99,-20.61,10.4,-4.3,0.0,39.5,3,10.29,7.45,-8.55,0.0,,8,,20260930
WEX,WEX Inc.,Technology,Software - Infrastructure,NYSE,171.46,650793,5843633664,6.1717,188.44,161.44,-2.7508,18.94,-9.75,-9.93,-2.65,0.0,60.0,3,203.99,125.29,-15.95,0.0,,8,,20260930
RICOY,"Ricoh Company, Ltd.",Industrials,Business Equipment & Supplies,PNK,10.52,65,5887895040,0.0552,9.9,9.23,11.2613,14.82,4.0,-7.7,2.03,0.0,75.0,2,10.96,8.0,-4.01,0.0,,8,,20260930
FND,"Floor & Decor Holdings, Inc.",Consumer Cyclical,Home Improvement Retail,NYSE,47.07,2431245,5012482560,1.9159,52.89,56.77,-3.0384,-23.29,-26.16,-55.22,-37.06,0.0,11.25,4,77.46,42.64,-39.23,0.0,,8,,20260930
TSHXY,Tosoh Corporation,Basic Materials,Chemicals,PNK,8.43,12,5187956224,0.0312,8.6,8.43,-5.4981,1.34,-2.98,-2.98,-1.9,0.0,62.0,3,9.18,8.03,-8.22,0.0,,8,,20260930
ATOGF,AUTO1 Group SE,Consumer Cyclical,Auto & Truck Dealerships,PNK,20.0,138,4424600064,0.286,24.26,25.97,-14.9081,-28.51,-7.9,-57.53,-32.9,0.0,0.0,4,35.42,17.6,-43.54,0.0,,8,,20260930
HLBBF,H. Lundbeck A/S,Healthcare,Drug Manufacturers - Specialty & Generic,PNK,6.76,53,6706928640,0.0238,6.68,6.58,3.2979,-0.16,-2.94,-26.58,-11.7,0.0,75.0,2,7.3,5.7,-7.4,0.0,,8,,20260930
NCSYF,NICE Ltd.,Technology,Software - Application,PNK,105.08,17,6141189120,0.4263,98.65,98.48,15.0821,21.56,-24.95,-49.26,-23.04,0.0,75.0,2,153.75,83.97,-31.66,0.0,,8,,20260930
BCPC,Balchem Corporation,Basic Materials,Specialty Chemicals,NASDAQ,167.15,205679,5328410624,3.3078,171.72,167.87,-1.3805,-3.65,-23.47,-4.66,-10.99,0.0,60.25,3,183.9,139.17,-9.11,0.0,,8,,20260930
LBRT,Liberty Energy Inc.,Energy,Oil & Gas Equipment & Services,NYSE,18.44,4214256,3009250048,0.973,19.73,24.69,-1.3223,-31.87,-57.17,30.25,-15.88,0.0,11.25,4,34.48,11.52,-46.52,0.0,,8,,20260930
ETCMY,Eutelsat Communications S.A.,Communication Services,Telecom Services,PNK,0.48,21954,2261414656,0.0372,0.59,0.69,-2.8952,-35.36,-42.2,-64.54,-49.43,0.0,10.0,4,1.47,0.42,-67.35,0.0,,8,,20260930
HASI,"HA Sustainable Infrastructure Capital, Inc.",Financial Services,Asset Management,NYSE,35.56,975314,4569310720,0.9593,38.79,37.25,-3.365,-10.51,-20.07,5.67,-7.38,0.0,22.0,4,44.13,27.28,-19.42,0.0,,8,,20260930
LINRF,Liontown Limited,Basic Materials,Other Industrial Metals & Mining,PNK,0.67,6221,2146926336,0.0321,0.82,1.21,-4.7283,-51.03,-69.21,-10.67,-41.25,0.0,6.25,4,1.9,0.59,-64.6,0.0,,8,,20260930
GOLF,Acushnet Holdings Corp.,Consumer Cyclical,Leisure,NYSE,82.42,357709,4813743616,2.2995,90.46,94.06,-3.4952,-32.85,-30.58,-8.16,-22.18,0.0,12.5,4,119.65,75.16,-31.12,0.0,,8,,20260930
OGS,"ONE Gas, Inc.",Utilities,Utilities - Regulated Gas,NYSE,72.2,540151,4538222592,1.4316,78.14,80.11,-4.1464,-8.11,-36.34,-23.67,-24.21,0.0,17.0,4,90.78,70.91,-20.47,0.0,,8,,20260930
DLB,"Dolby Laboratories, Inc.",Industrials,Specialty Business Services,NYSE,57.93,967415,5426233344,1.6763,59.45,59.29,-0.9063,8.23,-20.93,-34.84,-19.2,0.0,61.5,4,73.01,48.26,-20.65,0.0,,8,,20260930
YKLTY,"Yakult Honsha Co.,Ltd.",Consumer Defensive,Beverages - Non-Alcoholic,PNK,8.8,396,5011876352,0.1191,8.73,8.47,0.6278,2.3,-11.95,-16.03,-10.02,0.0,75.0,2,10.34,7.02,-14.89,0.0,,8,,20260930
CGHLY,China Gas Holdings Limited,Utilities,Utilities - Regulated Gas,PNK,17.75,103,3868188416,0.2067,17.29,21.35,2.2037,0.15,-46.33,-41.81,-32.9,0.0,25.0,3,28.28,15.45,-37.23,0.0,,8,,20260930
RITM,Rithm Capital Corp.,Real Estate,REIT - Mortgage,NYSE,9.12,5587496,5092672000,0.2069,9.82,9.67,-3.3606,-2.8,-16.86,-30.11,-18.64,0.0,44.5,4,12.15,8.43,-24.94,0.0,,8,,20260930
ALFFF,"Sigma Foods, S.A.B. de C.V.",Consumer Defensive,Packaged Foods,PNK,1.07,1395,5943272960,0.0039,0.98,0.94,22.1204,23.29,-7.71,18.05,10.34,0.0,75.0,2,1.1,0.75,-2.73,0.0,,8,,20260930
BMA,Banco Macro S.A.,Financial Services,Banks - Regional,NYSE,66.05,272018,4223173376,2.9555,80.42,82.25,-4.863,-30.83,-24.92,34.66,-2.57,0.0,7.5,4,106.15,39.3,-37.78,0.0,,8,,20260930
IRDM,Iridium Communications Inc.,Communication Services,Telecom Services,NASDAQ,47.94,1408679,5080755712,1.043,47.68,36.33,0.2487,-14.9,58.43,160.53,80.94,0.0,63.75,2,57.18,15.65,-16.16,0.0,,8,,20260930
HWDJF,Howden Joinery Group Plc,Consumer Cyclical,"Furnishings, Fixtures & Appliances",PNK,10.52,400,5725390848,0.1511,10.65,10.85,-0.8098,-7.9,-20.6,-25.05,-19.2,0.0,25.25,4,12.2,9.6,-13.73,0.0,,8,,20260930
CNVVY,Convatec Group PLC,Healthcare,Medical Instruments & Supplies,PNK,11.5,28115,5511165952,0.2444,12.12,11.92,-2.5271,-0.19,-20.33,-20.82,-15.49,0.0,53.25,4,14.09,10.45,-18.4,0.0,,8,,20260930
CGHOF,China Gas Holdings Limited,Utilities,Utilities - Regulated Gas,PNK,0.7,21,3759225344,0.0027,0.76,0.88,-23.016,-26.02,-45.76,-43.97,-40.11,0.0,0.0,4,1.0,0.69,-30.0,0.0,,8,,20260930
CHH,"Choice Hotels International, Inc.",Consumer Cyclical,Lodging,NYSE,104.25,558868,4692149248,3.0129,105.01,105.68,-0.2517,-7.8,-18.01,-20.4,-16.41,0.0,36.5,4,123.82,84.04,-15.81,0.0,,8,,20260930
SR,Spire Inc.,Utilities,Utilities - Regulated Gas,NYSE,76.77,506143,4538089984,1.688,80.62,83.18,-2.2836,-3.27,-35.8,-17.49,-20.34,0.0,59.0,4,95.31,75.71,-19.45,0.0,,8,,20260930
JREIF,Japan Real Estate Investment Corporation,Real Estate,REIT - Office,PNK,,2,5602529792,,,,,,,,,0.0,12.0,3,852.68,658.41,,0.0,,8,,20260930
NFPDF,"Nissin Foods Holdings Co.,Ltd.",Consumer Defensive,Packaged Foods,PNK,18.12,21,5393825792,0.0433,18.18,18.48,-1.2254,2.68,-29.83,-19.5,-17.57,0.0,49.0,3,20.73,16.46,-12.59,0.0,,8,,20260930
PAGP,"Plains GP Holdings, L.P.",Energy,Oil & Gas Midstream,NASDAQ,26.13,1566562,6088301056,0.5094,26.72,23.21,-1.1546,6.8,-10.93,32.78,10.99,0.0,69.5,3,28.7,16.68,-8.95,0.0,,8,,20260930
TLPFF,Teleperformance SE,Industrials,Specialty Business Services,PNK,83.0,196,4825091584,0.7767,78.23,67.05,6.1463,35.31,34.41,4.1,22.51,0.0,77.5,2,90.52,51.9,-8.31,0.0,,8,,20260930
ADT,ADT Inc.,Industrials,Security & Protection Services,NYSE,6.14,7775246,4485633536,0.1709,7.15,7.12,-5.9259,-7.38,-25.1,-44.81,-28.55,0.0,30.0,4,8.89,6.07,-30.9,0.0,,8,,20260930
RNSHF,Renishaw plc,Technology,Scientific & Technical Instruments,PNK,67.06,40,4879114240,0.2601,67.06,67.06,0.0,-2.22,-2.22,-2.22,-2.22,0.0,62.0,3,73.71,66.35,-9.02,0.0,,8,,20260930
HLUBF,H. Lundbeck A/S,Healthcare,Drug Manufacturers - Specialty & Generic,PNK,6.4,64,6793347584,0.0554,5.73,5.02,12.1315,12.79,11.43,36.06,21.62,0.0,75.0,2,6.79,4.82,-5.7,0.0,,8,,20260930
THKLY,"THK Co., Ltd.",Industrials,Specialty Industrial Machinery,PNK,20.05,1585,4500336128,0.5515,20.93,18.64,-1.5876,-16.57,18.38,29.0,13.89,0.0,47.0,3,25.7,11.93,-21.98,0.0,,8,,20260930
ENGGF,"Enagás, S.A.",Utilities,Utilities - Regulated Gas,PNK,19.75,162,5140886016,0.0248,19.76,17.96,-0.4117,-11.36,-2.78,4.59,-1.98,0.0,37.0,3,21.65,16.02,-8.78,0.0,,8,,20260930
BLFBY,Balfour Beatty plc,Industrials,Engineering & Construction,PNK,25.55,2298,5819745280,1.145,24.76,22.27,0.6954,7.84,11.71,32.82,19.18,0.0,85.0,2,27.84,16.48,-8.22,0.0,,8,,20260930
USSJY,"USS Co., Ltd.",Consumer Cyclical,Auto & Truck Dealerships,PNK,25.88,73,5874194432,0.0703,25.34,23.5,7.5764,-3.09,4.71,-6.02,-1.53,0.0,75.0,2,26.96,19.72,-4.02,0.0,,8,,20260930
TMICY,Trend Micro Incorporated,Technology,Software - Infrastructure,PNK,43.1,9862,5594049536,1.204,39.12,37.83,3.306,12.47,12.27,-37.73,-7.68,0.0,86.25,2,54.79,31.09,-21.34,0.0,,8,,20260930
KYSEF,"Kyushu Electric Power Company, Incorporated",Utilities,Utilities - Independent Power Producers,PNK,,86,6524338688,,,,,,,,,0.0,13.25,3,14.15,9.47,,0.0,,8,,20260930
TOSCF,Tosoh Corporation,Basic Materials,Chemicals,PNK,16.0,1,4926248960,0.0011,16.0,32.76,0.0,-3.58,-96.38,-130.09,-86.66,0.0,37.0,3,17.25,16.0,-7.25,0.0,,8,,20260930
SEKEY,Seiko Epson Corporation,Technology,Computer Hardware,PNK,10.45,9803,6670798848,0.189,9.78,7.81,3.5287,23.16,50.06,43.07,40.54,0.0,87.5,2,10.5,5.75,-0.48,0.0,,8,,20260930
PSMT,"PriceSmart, Inc.",Consumer Defensive,Discount Stores,NASDAQ,170.38,253345,5258016256,4.2528,176.81,161.06,-1.5117,-15.03,-6.09,25.35,4.25,0.0,47.0,3,199.84,111.68,-14.74,0.0,,8,,20260930
GNTX,Gentex Corporation,Consumer Cyclical,Auto Parts,NASDAQ,22.13,2437992,4712624128,0.4563,23.15,23.27,-2.2459,-14.57,-17.02,-38.59,-25.04,0.0,31.5,4,28.37,20.48,-22.0,0.0,,8,,20260930
PMNXF,Perseus Mining Limited,Basic Materials,Gold,PNK,4.74,14685,6290603008,0.1147,4.2,3.8,4.7199,33.5,20.59,37.58,30.61,0.0,81.25,2,4.89,0.01,-3.07,0.0,,8,,20260930
GLBE,Global-E Online Ltd.,Consumer Cyclical,Internet Retail,NASDAQ,40.06,1473746,6728774144,1.5142,39.23,35.56,0.548,12.76,18.34,-7.68,6.54,0.0,88.75,2,43.99,26.84,-8.93,0.0,,8,,20260930
IEP,Icahn Enterprises L.P.,Energy,Oil & Gas Refining & Marketing,NASDAQ,6.86,955328,4876877312,0.1373,6.97,6.78,-0.8335,-0.57,-17.78,-9.78,-10.27,0.0,74.5,3,9.32,6.51,-26.39,0.0,,8,,20260930
LGMMY,LEG Immobilien SE,Real Estate,Real Estate Services,PNK,13.0,19,3996120576,0.078,14.62,15.84,-20.712,-17.49,-41.1,-49.74,-38.65,0.0,0.0,4,22.0,9.27,-40.91,0.0,,8,,20260930
PRM,"Perimeter Solutions, Inc.",Basic Materials,Specialty Chemicals,NYSE,26.92,1362267,4406452224,1.3551,32.09,29.67,-3.8188,-27.08,4.97,8.61,-1.59,0.0,25.75,4,38.17,19.7,-29.47,0.0,,8,,20260930
BIPC,Brookfield Infrastructure Corporation,Utilities,Utilities - Regulated Gas,NYSE,35.69,1048645,4390426624,0.9105,38.37,41.11,-2.9438,-8.78,-26.28,-25.93,-21.77,0.0,11.25,4,51.72,34.18,-30.99,0.0,,8,,20260930
IPGP,IPG Photonics Corporation,Technology,Semiconductor Equipment & Materials,NASDAQ,78.52,456506,3332672512,3.2055,81.58,101.23,-0.9544,-35.66,-48.62,-19.11,-33.58,0.0,23.25,4,155.82,69.41,-49.61,0.0,,8,,20260930
QS,QuantumScape Corporation,Consumer Cyclical,Auto Parts,NASDAQ,4.59,19128406,2823516160,0.2533,5.47,7.43,-3.4771,-41.87,-44.52,-80.46,-58.24,0.0,10.0,4,19.07,4.54,-75.93,0.0,,8,,20260930
TCLHF,TCL Electronics Holdings Limited,Technology,Consumer Electronics,PNK,2.3,831,5041635840,0.0512,2.03,1.77,5.1976,27.36,31.8,60.21,42.05,0.0,77.5,2,2.34,1.07,-1.71,0.0,,8,,20260930
HLNE,Hamilton Lane Incorporated,Financial Services,Asset Management,NASDAQ,85.87,681473,5755185152,3.5051,95.61,102.37,-2.7782,7.09,-32.56,-54.31,-31.35,0.0,32.5,4,155.66,71.88,-44.83,0.0,,8,,20260930
TVAVF,The Tel-Aviv Stock Exchange Ltd.,Financial Services,Financial Data & Stock Exchanges,PNK,39.73,653,3686426368,0.4662,39.51,44.21,0.4682,-11.73,-35.15,54.32,6.49,0.0,26.25,3,63.0,22.0,-36.94,0.0,,8,,20260930
SITE,"SiteOne Landscape Supply, Inc.",Industrials,Industrial Distribution,NYSE,89.93,875626,3984638976,2.9709,96.27,120.51,-2.1345,-23.98,-52.35,-47.05,-43.14,0.0,11.25,4,168.56,86.2,-46.65,0.0,,8,,20260930
TLPFY,Teleperformance SE,Industrials,Specialty Business Services,PNK,40.52,6342,4711149568,0.9189,39.2,33.28,1.4393,51.71,34.21,1.7,25.58,0.0,90.0,2,43.95,25.7,-7.8,0.0,,8,,20260930
JDSPY,JD Sports Fashion Plc,Consumer Cyclical,Apparel Retail,OQX,1.03,8334,4882217472,0.0405,1.12,1.04,-2.153,-7.46,1.88,-25.06,-11.23,0.0,19.5,4,1.39,0.84,-25.9,0.0,,8,,20260930
YMATF,Azbil Corporation,Industrials,Specialty Industrial Machinery,PNK,9.73,9,4852015104,0.0229,10.17,2.39,-19.2169,-12.98,-217.22,89.83,-43.34,0.0,38.25,3,10.74,8.85,-9.4,0.0,,8,,20260930
AVAL,Grupo Aval Acciones y Valores S.A.,Financial Services,Banks - Regional,NYSE,4.87,142434,5781536256,0.1646,5.2,4.65,-2.0208,-5.19,-5.14,34.87,10.85,0.0,62.5,3,6.2,3.23,-21.45,0.0,,8,,20260930
JAN,"Janus Living, Inc.",Real Estate,REIT - Residential,NYSE,29.96,1643515,9308055552,0.8142,30.49,29.96,-0.6467,2.16,10.8,9.93,8.29,0.0,72.0,3,32.83,22.76,-8.74,0.0,,8,,20260930
CNX,CNX Resources Corporation,Energy,Oil & Gas E&P,NYSE,31.21,1718615,4617320448,0.9035,35.15,36.65,-4.3606,-10.6,-43.47,-19.88,-25.82,0.0,32.5,4,43.62,31.14,-28.45,0.0,,8,,20260930
TKC,Turkcell Iletisim Hizmetleri A.S.,Communication Services,Telecom Services,NYSE,5.08,2357670,4422531072,0.1179,5.34,5.95,-2.2302,-16.19,-35.58,-29.58,-28.34,0.0,28.25,4,7.18,4.82,-29.25,0.0,,8,,20260930
LPL,"LG Display Co., Ltd.",Technology,Consumer Electronics,NYSE,2.98,2867590,2980000000,0.122,3.2,4.04,-1.8056,-25.98,-42.07,-58.17,-44.49,0.0,8.75,4,5.83,2.76,-48.89,0.0,,8,,20260930
WHD,"Cactus, Inc.",Energy,Oil & Gas Equipment & Services,NYSE,63.72,779215,4443397632,2.0823,66.48,56.33,-1.3268,22.06,15.53,38.29,26.27,0.0,69.5,3,74.07,33.2,-13.97,0.0,,8,,20260930
IPGDF,IGO Limited,Basic Materials,Other Industrial Metals & Mining,PNK,5.6,85,4240699904,0.0387,5.45,5.72,3.8249,-3.42,-13.87,62.73,19.38,0.0,37.0,3,7.12,3.15,-21.4,0.0,,8,,20260930
OLLI,"Ollie's Bargain Outlet Holdings, Inc.",Consumer Defensive,Discount Stores,NASDAQ,86.78,1883268,5154940416,3.1589,75.52,89.8,3.563,10.29,-25.48,-51.17,-26.81,0.0,74.5,3,133.28,60.29,-34.89,0.0,,8,,20260930
NAVN,"Navan, Inc.",Technology,Software - Application,NASDAQ,20.69,3712437,5387893248,1.2942,25.78,18.49,-3.9303,-12.12,51.02,-10.17,10.76,0.0,35.0,3,30.88,8.11,-33.0,0.0,,8,,20260930
DNTUY,Dentsu Group Inc.,Communication Services,Advertising Agencies,PNK,23.9,826,6204109824,0.1571,21.8,19.82,13.3839,20.45,23.71,-7.95,10.23,0.0,75.0,2,24.25,16.38,-1.44,0.0,,8,,20260930
IIDDY,IGO Limited,Basic Materials,Other Industrial Metals & Mining,PNK,10.18,17,3854493440,0.0115,9.9,10.5,24.3528,-15.74,-23.0,41.46,4.6,0.0,37.0,3,11.98,6.4,-15.03,0.0,,8,,20260930
DUOL,"Duolingo, Inc.",Technology,Software - Application,NASDAQ,142.62,1179046,6672657408,7.7284,141.09,128.13,0.1976,21.41,29.99,-73.02,-13.36,0.0,85.0,2,353.0,87.89,-59.6,0.0,,8,,20260930
KYSEY,"Kyushu Electric Power Company, Incorporated",Utilities,Utilities - Independent Power Producers,PNK,12.74,1718,6023193600,1.344,12.92,11.77,-0.1321,18.4,-9.14,23.28,10.71,0.0,69.5,3,19.0,9.8,-32.95,0.0,,8,,20260930
OMAB,"Grupo Aeroportuario del Centro Norte, S.A.B. de C.V.",Industrials,Airports & Air Services,NASDAQ,98.82,85782,4770157568,2.8579,102.97,107.62,-1.4518,-15.21,-31.01,-17.15,-21.51,0.0,32.75,4,134.99,95.69,-26.79,0.0,,8,,20260930
ATDRY,Autotrader Group plc,Communication Services,Internet Content & Information,PNK,1.43,289558,4391391232,0.0429,1.65,1.64,-5.0935,-12.47,-24.16,-59.23,-35.26,0.0,3.75,4,2.69,1.37,-46.84,0.0,,8,,20260930
UWMC,UWM Holdings Corporation,Financial Services,Mortgage Finance,NYSE,1.24,16969700,1992079488,0.0892,1.5,3.06,-2.8692,-48.44,-84.16,-94.9,-79.53,0.0,7.5,4,6.31,0.93,-80.34,0.0,,8,,20260930
MAQAF,Atlas Arteria Limited,Industrials,Infrastructure Operations,PNK,3.08,39,4476760064,0.0399,3.4,3.37,-7.9996,-16.55,-13.47,-29.95,-20.83,0.0,12.0,4,4.09,2.69,-24.69,0.0,,8,,20260930
JMPLY,Johnson Matthey Plc,Basic Materials,Specialty Chemicals,PNK,63.0,1408,3966231040,1.7534,60.44,58.99,1.459,3.25,1.78,1.87,2.18,0.0,76.25,2,87.6,56.22,-28.08,0.0,,8,,20260930
HRB,"H&R Block, Inc.",Consumer Cyclical,Personal Services,NYSE,40.58,2128435,5002131456,1.5989,46.67,38.15,-3.8096,4.95,9.31,-31.88,-8.25,0.0,55.0,3,58.67,28.16,-30.83,0.0,,8,,20260930
ZHEXF,"Zhejiang Expressway Co., Ltd.",Industrials,Infrastructure Operations,PNK,0.73,5351,4508659712,0.0163,0.8,0.88,-4.4126,-13.56,-43.88,-37.37,-33.69,0.0,7.5,4,1.1,0.71,-33.64,0.0,,8,,20260930
LPX,Louisiana-Pacific Corporation,Industrials,Building Products & Equipment,NYSE,65.76,1149417,4598163456,2.2511,70.73,76.48,-2.207,-18.65,-27.17,-37.87,-29.32,0.0,11.25,4,100.34,64.49,-34.46,0.0,,8,,20260930
ALH,Alliance Laundry Holdings Inc.,Consumer Cyclical,"Furnishings, Fixtures & Appliances",NYSE,21.73,1130826,4319686656,0.6825,23.89,23.52,-3.1666,-20.65,-10.1,-27.54,-19.71,0.0,19.5,4,28.23,18.64,-23.03,0.0,,8,,20260930
OTF,Blue Owl Technology Finance Corp.,Financial Services,Asset Management,NYSE,10.27,2432117,4705564160,0.2516,10.76,11.17,-1.9404,-2.89,-33.61,-34.82,-26.42,0.0,56.5,4,15.0,9.75,-31.53,0.0,,8,,20260930
STVN,Stevanato Group S.p.A.,Healthcare,Medical Instruments & Supplies,NYSE,21.2,372606,5787678208,0.8407,21.0,18.22,0.2324,14.73,36.42,-33.8,2.91,0.0,87.5,2,27.99,12.89,-24.26,0.0,,8,,20260930
DSVSF,Discovery Mining Ltd.,Basic Materials,Silver,OQX,8.79,419881,7156089344,0.5931,8.11,7.0,1.1392,44.65,24.96,118.31,67.22,0.0,86.25,2,9.79,3.25,-10.21,0.0,,8,,20260930
SMFRF,"Sumitomo Forestry Co., Ltd.",Consumer Cyclical,Residential Construction,PNK,7.98,284,4893191168,0.0423,8.21,-7.11,-5.5361,-10.24,-167.23,-92.48,-98.08,0.0,63.25,3,12.17,7.49,-34.43,0.0,,8,,20260930
CIGI,Colliers International Group Inc.,Real Estate,Real Estate Services,NASDAQ,90.04,236023,4601388032,2.9982,98.53,110.54,-2.8312,-6.59,-34.16,-59.21,-37.29,0.0,8.75,4,171.51,87.36,-47.5,0.0,,8,,20260930
KOTMY,"Koito Manufacturing Co., Ltd.",Consumer Cyclical,Auto Parts,PNK,16.5,350,4248578816,0.0824,16.23,16.06,3.2463,2.84,-16.51,-8.87,-8.62,0.0,75.0,2,18.34,13.7,-10.02,0.0,,8,,20260930
PUMSY,PUMA SE,Consumer Cyclical,Footwear & Accessories,PNK,2.5,8448,3786800640,0.0639,2.85,2.8,-5.4622,-18.98,-17.8,-11.23,-15.47,0.0,10.0,4,3.46,1.71,-27.75,0.0,,8,,20260930
BTDPF,Barratt Redrow plc,Consumer Cyclical,Residential Construction,PNK,3.89,73,5359246848,0.0103,3.95,4.09,-5.3611,8.55,-3.84,-38.52,-14.61,0.0,50.25,4,5.46,3.25,-28.75,0.0,,8,,20260930
CBUMF,China National Building Material Company Limited,Basic Materials,Building Materials,PNK,0.47,26723,3543663104,0.004,0.48,0.54,-3.1577,-35.32,-25.56,-30.3,-29.9,0.0,12.0,4,0.9,0.42,-48.1,0.0,,8,,20260930
CWSRF,Chartwell Retirement Residences,Real Estate,REIT - Healthcare Facilities,PNK,14.36,69353,4780979200,0.1109,15.08,15.0,-6.4975,-10.34,-16.84,-10.43,-12.65,0.0,29.0,4,16.83,13.73,-14.68,0.0,,8,,20260930
AX,"Axos Financial, Inc.",Financial Services,Banks - Regional,NYSE,86.29,351784,4895581184,2.2342,96.19,92.27,-4.4293,-13.99,-17.42,-18.04,-16.81,0.0,22.0,4,105.74,74.89,-18.39,0.0,,8,,20260930
PUTKY,PT United Tractors Tbk,Basic Materials,Other Industrial Metals & Mining,PNK,28.15,28168,4916529152,0.7555,27.64,30.88,0.6735,7.03,-42.67,-27.22,-24.06,0.0,72.0,3,39.0,23.18,-27.82,0.0,,8,,20260930
DLPTF,"Liaoning Port Co., Ltd.",Industrials,Marine Shipping,PNK,0.05,31,1178588416,0.0021,0.1,0.11,-23.0854,-57.13,-76.08,-61.16,-65.38,0.0,0.0,4,0.15,0.05,-67.08,0.0,,8,,20260930
CMBT,Cmb.Tech NV,Energy,Oil & Gas Midstream,NYSE,18.95,983376,5498717184,0.5104,17.77,14.03,2.3145,32.87,39.45,85.88,56.38,0.0,91.25,2,20.82,8.88,-8.98,0.0,,8,,20260930
SON,Sonoco Products Company,Consumer Cyclical,Packaging & Containers,NYSE,49.61,1120369,4904875520,1.3688,54.38,51.1,-3.4851,-13.72,-26.38,1.15,-12.2,0.0,18.25,4,60.67,38.65,-18.23,0.0,,8,,20260930
MIAX,"Miami International Holdings, Inc.",Financial Services,Capital Markets,NYSE,33.87,1456590,3360950272,1.6271,41.9,42.78,-4.9373,-11.44,-31.22,-34.57,-27.61,0.0,6.25,4,57.14,33.52,-40.72,0.0,,8,,20260930
MKTX,MarketAxess Holdings Inc.,Financial Services,Capital Markets,NASDAQ,163.96,1050792,5770932736,0.6269,156.22,155.6,12.3388,42.58,-21.0,-23.94,-6.28,0.0,86.25,2,195.97,108.75,-16.33,0.0,,8,,20260930
FNCNF,Fincantieri S.p.A.,Industrials,Aerospace & Defense,PNK,13.59,530,4887345152,0.2685,14.54,15.81,-3.5343,17.22,-29.84,-62.58,-31.17,0.0,28.75,4,31.9,11.2,-57.4,0.0,,8,,20260930
LBRDA,Liberty Broadband Corporation,Communication Services,Telecom Services,NASDAQ,35.99,248957,5177567232,1.8727,32.51,46.05,1.8596,-42.82,-31.49,-82.18,-54.6,0.0,33.75,3,65.4,26.14,-44.97,0.0,,8,,20260930
SXT,Sensient Technologies Corporation,Basic Materials,Specialty Chemicals,NYSE,128.72,422429,5479476736,2.8122,129.41,109.17,-0.2441,2.16,27.1,20.21,18.11,0.0,70.75,3,138.82,82.6,-7.28,0.0,,8,,20260930
BDVSY,The Bidvest Group Limited,Industrials,Conglomerates,PNK,27.4,11846,4656461824,0.5739,28.74,28.23,-2.3288,-8.21,-15.17,-0.7,-7.64,0.0,37.75,4,32.0,24.76,-14.38,0.0,,8,,20260930
WFG,West Fraser Timber Co. Ltd.,Basic Materials,Lumber & Wood Production,NYSE,70.79,217492,5543127552,2.0488,68.84,66.14,0.953,2.46,-10.19,-9.45,-6.73,0.0,88.75,2,76.99,57.34,-8.05,0.0,,8,,20260930
ACMR,"ACM Research, Inc.",Technology,Semiconductor Equipment & Materials,NASDAQ,75.61,1081495,5266176000,4.9118,77.05,66.38,-0.2934,-43.0,77.8,83.47,49.87,0.0,45.75,3,127.19,28.46,-40.55,0.0,,8,,20260930
CRSP,CRISPR Therapeutics AG,Healthcare,Biotechnology,NASDAQ,56.0,1604212,5414788608,2.8492,53.91,53.31,0.7344,0.09,4.76,-25.91,-8.68,0.0,87.5,2,78.48,44.12,-28.64,0.0,,8,,20260930
FMMFF,Fuji Corporation,Industrials,Specialty Industrial Machinery,PNK,47.47,6,4173233664,0.6025,47.24,36.12,0.3798,-7.07,33.32,182.14,82.75,0.0,50.0,2,50.42,16.52,-5.85,0.0,,8,,20260930
PMMAF,PUMA SE,Consumer Cyclical,Footwear & Accessories,PNK,26.79,71,3865507840,0.3298,29.27,28.51,-7.5248,-15.15,-12.14,-11.33,-12.57,0.0,14.5,4,35.0,17.41,-23.46,0.0,,8,,20260930
VOYJF,Valmet Oyj,Industrials,Specialty Industrial Machinery,PNK,31.17,3,6641570816,0.059,28.46,29.7,45.9141,23.5,-25.88,-28.12,-14.43,0.0,75.0,3,36.05,24.72,-13.55,0.0,,8,,20260930
MTPOF,Metropolitan Bank & Trust Company,Financial Services,Banks - Regional,PNK,1.01,2405,4562178560,0.0958,-0.14,-0.01,12.0772,-253.86,-253.37,-27.57,-163.17,0.0,75.75,3,1.45,0.85,-30.23,0.0,,8,,20260930
RLI,RLI Corp.,Financial Services,Insurance - Property & Casualty,NYSE,56.48,762545,5183339008,1.3879,61.9,57.36,-3.903,-6.7,-18.38,-22.38,-17.06,0.0,42.0,3,67.12,47.26,-15.85,0.0,,8,,20260930
TCCHF,Technogym S.p.A.,Consumer Cyclical,Leisure,PNK,24.0,0,4782992384,0.0002,24.0,19.74,0.0,-3.58,52.8,56.56,40.21,0.0,62.0,3,24.25,14.0,-1.03,0.0,,8,,20260930
ACHR,Archer Aviation Inc.,Industrials,Aerospace & Defense,NYSE,5.06,32047768,3896335616,0.3031,5.61,6.25,-1.8025,4.39,-19.11,-62.19,-30.47,0.0,37.5,4,14.62,4.3,-65.39,0.0,,8,,20260930
RDN,Radian Group Inc.,Financial Services,Insurance - Specialty,NYSE,32.75,1168726,4332868096,0.7574,36.45,34.98,-4.8844,-15.04,-21.11,-25.53,-21.36,0.0,19.5,4,41.05,31.5,-20.22,0.0,,8,,20260930
ACLS,"Axcelis Technologies, Inc.",Technology,Semiconductor Equipment & Materials,NASDAQ,128.69,406071,3974138880,5.9257,124.2,119.13,0.7581,-34.66,20.77,15.3,4.73,0.0,66.25,2,193.78,73.6,-33.59,0.0,,8,,20260930
VSECU,VSE Corporation,Industrials,Aerospace & Defense,NASDAQ,45.87,35806,0,1.7734,52.47,45.87,-3.7203,-21.93,-21.2,-20.03,-20.91,0.0,32.5,3,68.1,38.45,-32.64,0.0,,8,,20260930
VSEC,VSE Corporation,Industrials,Aerospace & Defense,NASDAQ,171.59,401901,4815668224,8.9429,204.25,198.56,-3.6526,-27.46,-17.68,-12.18,-17.92,0.0,8.75,4,247.85,154.67,-30.77,0.0,,8,,20260930
MTPOY,Metropolitan Bank & Trust Company,Financial Services,Banks - Regional,PNK,18.2,34,4092648448,0.1929,20.6,21.39,-12.4629,-17.37,-37.24,-45.71,-35.66,0.0,0.0,4,27.3,18.2,-33.33,0.0,,8,,20260930
AUTSF,AutoStore Holdings Ltd.,Industrials,Specialty Industrial Machinery,PNK,1.64,144,5494523392,0.0168,1.64,1.64,0.0,-4.74,-4.74,-4.74,-4.74,0.0,62.0,3,1.76,1.62,-6.82,0.0,,8,,20260930
BTDPY,Barratt Redrow plc,Consumer Cyclical,Residential Construction,PNK,9.08,31203,6254750720,0.259,8.24,8.24,3.2458,20.11,15.59,-23.11,1.24,0.0,82.5,3,11.24,6.38,-19.22,0.0,,8,,20260930
GSISF,Genesis Minerals Limited,Basic Materials,Gold,PNK,5.4,5251,6344959488,0.2361,5.2,4.7,0.8415,41.97,14.77,44.93,33.63,0.0,78.75,2,6.54,3.49,-17.43,0.0,,8,,20260930
AYYLF,Ayala Corporation,Industrials,Conglomerates,PNK,8.0,80,5047252992,0.0191,7.94,8.03,3.1203,20.9,-29.62,-38.18,-20.41,0.0,62.0,3,10.3,6.55,-22.33,0.0,,8,,20260930
BKEAY,"The Bank of East Asia, Limited",Financial Services,Banks - Regional,PNK,2.42,832,5690137088,0.1186,2.12,1.82,2.5168,39.95,13.26,51.35,35.17,0.0,77.5,2,2.69,1.5,-10.04,0.0,,8,,20260930
XXI,"Twenty One Capital, Inc.",Consumer Defensive,Education & Training Services,NYSE,6.53,1904845,4254157824,0.3983,5.47,6.85,2.6528,29.33,-17.39,-83.4,-32.11,0.0,72.0,3,25.63,4.15,-74.52,0.0,,8,,20260930
GHC,Graham Holdings Company,Industrials,Conglomerates,NYSE,1127.83,29257,4776278528,27.576,1161.9,1126.47,-1.2357,-3.62,-13.76,-20.88,-14.07,0.0,48.25,3,1262.35,929.76,-10.66,0.0,,8,,20260930
PBF,PBF Energy Inc.,Energy,Oil & Gas Refining & Marketing,NYSE,75.23,3304693,8917526528,4.438,70.64,47.18,1.0349,63.29,29.63,119.91,74.16,0.0,88.75,2,82.61,25.62,-8.93,0.0,,8,,20260930
WHITF,Whitehaven Coal Limited,Energy,Thermal Coal,PNK,5.2,7860,4174338560,0.3266,5.33,5.67,-0.3956,-5.39,-45.62,0.14,-17.26,0.0,60.25,3,6.85,0.01,-24.09,0.0,,8,,20260930
EMAT,Evolution Metals & Technologies Corp.,Basic Materials,Other Industrial Metals & Mining,NASDAQ,2.91,821226,1825153920,0.4929,3.5,2.91,-1.2,-58.56,-78.36,-96.37,-80.62,0.0,36.25,3,24.09,2.15,-87.92,0.0,,8,,20260930
GAERF,"Grupo Aeroportuario del Centro Norte, S.A.B. de C.V.",Industrials,Airports & Air Services,PNK,11.78,53,4549848064,0.1665,12.88,9.72,-6.618,-23.15,60.67,184.41,89.21,0.0,25.0,3,17.82,10.36,-33.88,0.0,,8,,20260930
QNTPF,XtalPi Holdings Limited,Unknown,Unknown,PNK,1.0,5088,0,0.086,1.09,1.0,-1.06,-42.27,-40.51,-41.59,-41.38,0.0,27.5,3,2.04,0.8,-50.97,0.0,,8,,20260930
LAZ,"Lazard, Inc.",Financial Services,Capital Markets,NYSE,35.8,1694687,3524069120,1.6734,41.7,45.03,-3.5238,-16.21,-30.76,-47.56,-33.84,0.0,5.0,4,58.75,35.16,-39.06,0.0,,8,,20260930
DNTH,"Dianthus Therapeutics, Inc.",Healthcare,Biotechnology,NCM,87.16,838515,4764708864,4.9518,105.67,80.45,-3.7376,-13.17,-11.83,120.71,40.85,0.0,57.5,3,117.88,32.22,-26.06,0.0,,8,,20260930
PSMMY,Persimmon Plc,Consumer Cyclical,Residential Construction,PNK,35.18,7915,5648192000,0.8915,30.91,31.48,4.7905,24.1,8.9,6.85,11.88,0.0,85.0,3,41.84,26.71,-15.92,0.0,,8,,20260930
SEB,Seaboard Corporation,Industrials,Conglomerates,NYSE,4055.45,12323,3884289792,137.7243,4280.56,4822.22,-1.6345,-11.7,-47.93,-8.27,-23.01,0.0,12.5,4,5989.37,3140.01,-32.29,0.0,,8,,20260930
NTSK,"Netskope, Inc.",Technology,Software - Infrastructure,NASDAQ,17.27,5491573,7056310272,0.9476,14.91,12.84,2.4924,55.27,93.53,-45.44,28.38,0.0,88.75,2,24.98,7.67,-30.86,0.0,,8,,20260930
TGS,Transportadora de Gas del Sur S.A.,Energy,Oil & Gas Integrated,NYSE,25.73,219346,3873708288,0.879,28.98,30.35,-3.7001,-16.04,-47.34,0.77,-20.27,0.0,10.0,4,36.35,20.01,-29.22,0.0,,8,,20260930
BOOT,"Boot Barn Holdings, Inc.",Consumer Cyclical,Apparel Retail,NYSE,121.89,674556,3691419648,5.9175,149.0,166.45,-4.5818,-28.39,-34.43,-44.67,-37.02,0.0,11.25,4,210.25,119.21,-42.03,0.0,,8,,20260930
XMTR,"Xometry, Inc.",Industrials,Industrial Distribution,NASDAQ,104.23,768589,5758275584,5.3043,91.51,71.74,2.3989,5.4,157.08,69.88,84.28,0.0,65.0,2,107.93,35.86,-3.43,0.0,,8,,20260930
PAM,Pampa Energía S.A.,Industrials,Conglomerates,NYSE,76.84,171934,4129689088,2.3148,82.98,83.44,-2.6529,-9.03,-33.06,7.46,-10.84,0.0,47.0,4,94.5,57.14,-18.69,0.0,,8,,20260930
ZETA,Zeta Global Holdings Corp.,Technology,Software - Infrastructure,NYSE,28.96,7709135,7269353472,1.3875,27.72,21.06,0.8914,44.57,74.01,24.42,46.81,0.0,86.25,2,32.81,14.37,-11.73,0.0,,8,,20260930
NNNN,Anbio Biotechnology,Healthcare,Medical Instruments & Supplies,NASDAQ,6.16,149042,270369792,0.7451,8.0,20.6,-2.4676,-57.66,-96.51,-99.08,-87.83,0.0,11.25,4,51.33,5.13,-88.0,0.0,,8,,20260930
PTEN,"Patterson-UTI Energy, Inc.",Energy,Oil & Gas Drilling,NASDAQ,10.55,8671446,4004966400,0.4759,11.33,9.81,-1.6316,13.25,-24.43,80.58,26.99,0.0,56.25,3,13.39,5.1,-21.21,0.0,,8,,20260930
HSKCF,HASEKO Corporation,Consumer Cyclical,Residential Construction,PNK,,0,4666772480,,,,,,,,,0.0,12.0,3,17.62,12.74,,0.0,,8,,20260930
ATAT,Atour Lifestyle Holdings Limited,Consumer Cyclical,Lodging,NASDAQ,32.85,921704,4539408384,0.971,33.82,35.67,-0.9963,0.71,-26.55,-27.56,-20.14,0.0,60.25,4,43.17,30.77,-23.91,0.0,,8,,20260930
MEOH,Methanex Corporation,Basic Materials,Chemicals,NASDAQ,59.45,887457,4599305728,2.0198,57.65,53.75,0.8929,26.6,-25.78,35.01,11.63,0.0,90.0,2,66.75,32.0,-10.94,0.0,,8,,20260930
ASB,Associated Banc-Corp,Financial Services,Banks - Regional,NYSE,28.68,1923926,5412432384,0.5506,30.48,27.96,-3.2599,-8.64,-4.72,-2.76,-4.92,0.0,33.75,3,32.46,23.86,-11.65,0.0,,8,,20260930
FCN,"FTI Consulting, Inc.",Industrials,Consulting Services,NYSE,132.09,406962,3647213056,4.2806,150.69,162.87,-4.3443,-13.94,-45.56,-34.94,-33.41,0.0,10.0,4,189.3,129.12,-30.22,0.0,,8,,20260930
RIOCF,RioCan Real Estate Investment Trust,Real Estate,REIT - Retail,PNK,14.68,274235,4280918272,0.1718,15.15,14.65,-2.7477,-10.05,-10.26,-3.76,-7.61,0.0,43.25,3,16.55,12.54,-11.3,0.0,,8,,20260930
GMVHF,Entain Plc,Consumer Cyclical,Gambling,PNK,5.77,18878,3753701376,0.4268,7.14,7.94,-3.2265,-27.33,-44.33,-68.79,-49.86,0.0,17.5,4,12.46,5.5,-53.74,0.0,,8,,20260930
LAUR,"Laureate Education, Inc.",Consumer Defensive,Education & Training Services,NASDAQ,38.38,994942,5286820352,1.0057,37.22,35.07,1.1515,3.08,-8.35,7.33,0.78,0.0,61.25,2,40.92,24.98,-6.22,0.0,,8,,20260930
BB,BlackBerry Limited,Technology,Software - Infrastructure,NYSE,8.72,16659326,5118921216,0.5251,8.31,6.3,0.78,-33.66,155.29,59.09,69.57,0.0,61.25,2,13.59,3.12,-35.84,0.0,,8,,20260930
NNI,"Nelnet, Inc.",Financial Services,Credit Services,NYSE,124.03,129604,4437723648,2.1875,128.52,130.91,-2.0544,-9.32,-24.96,-17.38,-18.02,0.0,35.25,4,144.38,116.62,-14.09,0.0,,8,,20260930
MDU,"MDU Resources Group, Inc.",Utilities,Utilities - Regulated Gas,NYSE,18.68,1633707,3929327872,0.3853,19.73,20.41,-2.7321,-13.86,-29.57,-6.83,-16.55,0.0,17.0,4,22.98,17.43,-18.71,0.0,,8,,20260930
SPHR,Sphere Entertainment Co.,Communication Services,Entertainment,NYSE,134.3,661525,4823197696,6.2377,148.55,128.39,-2.2839,-24.97,4.47,110.99,39.72,0.0,37.5,3,181.63,57.01,-26.06,0.0,,8,,20260930
GMVHY,Entain Plc,Consumer Cyclical,Gambling,PNK,5.53,43681,3538692352,0.1667,6.89,7.65,-8.1786,-26.15,-43.15,-70.02,-49.65,0.0,6.25,4,11.77,5.52,-53.02,0.0,,8,,20260930
FFIN,"First Financial Bankshares, Inc.",Financial Services,Banks - Regional,NASDAQ,31.73,746345,4547537920,0.6002,33.68,32.14,-3.248,-10.27,-11.15,-21.27,-14.98,0.0,22.0,4,36.52,28.12,-13.12,0.0,,8,,20260930
MRVGF,Mirvac Group,Real Estate,REIT - Diversified,PNK,1.11,0,4372013056,0.0,1.11,1.16,0.0,-3.58,-23.82,-36.89,-23.99,0.0,62.0,3,1.72,1.11,-35.54,0.0,,8,,20260930
MAIN,Main Street Capital Corporation,Financial Services,Asset Management,NYSE,55.94,548379,5230863360,0.9373,56.21,54.44,-0.2835,7.38,-8.8,-22.0,-10.03,0.0,72.0,3,65.23,48.95,-14.24,0.0,,8,,20260930
DNLZY,Dyno Nobel Limited,Basic Materials,Specialty Chemicals,PNK,2.82,2251,4693615104,0.1127,2.69,2.43,1.1677,-0.19,15.67,41.83,22.17,0.0,87.5,2,2.98,1.85,-5.37,0.0,,8,,20260930
UNF,UniFirst Corporation,Industrials,Specialty Business Services,NYSE,254.54,224764,4603145216,6.8858,280.61,252.04,-3.7855,-6.21,-19.17,35.04,5.75,0.0,35.0,3,306.67,147.66,-17.0,0.0,,8,,20260930
SPGNY,Springer Nature AG & Co. KGaA,Communication Services,Publishing,PNK,11.44,165,2275290112,0.1463,11.08,11.44,2.465,-0.33,4.26,4.26,3.11,0.0,75.0,3,13.87,10.17,-17.52,0.0,,8,,20260930
ALK,"Alaska Air Group, Inc.",Industrials,Airlines,NYSE,39.93,2743971,4454868992,1.5842,43.69,45.62,-2.3715,-26.09,-4.75,-38.24,-23.48,0.0,11.25,4,60.63,33.03,-34.14,0.0,,8,,20260930
NEXXY,Nexi S.p.A.,Technology,Software - Infrastructure,PNK,4.69,1106,5497693184,0.0366,4.8,4.69,-2.8785,12.36,11.0,11.0,11.34,0.0,49.0,3,5.17,4.0,-9.28,0.0,,8,,20260930
MBRFY,MBRF Global Foods Company S.A.,Consumer Defensive,Packaged Foods,PNK,3.17,99000,4417137152,0.1262,3.27,3.42,-0.7938,-11.23,-45.15,-28.17,-29.88,0.0,57.75,4,4.81,2.5,-34.1,0.0,,8,,20260930
MIR,"Mirion Technologies, Inc.",Industrials,Specialty Industrial Machinery,NYSE,14.34,3846282,3571271424,0.6895,15.66,19.29,-1.9072,-22.61,-38.74,-56.36,-41.76,0.0,12.5,4,30.28,14.11,-52.64,0.0,,8,,20260930
LGND,Ligand Pharmaceuticals Incorporated,Healthcare,Biotechnology,NASDAQ,310.36,280595,6187214848,9.5887,291.61,239.99,1.9552,-4.4,39.57,66.15,39.21,0.0,62.5,2,326.63,175.56,-4.98,0.0,,8,,20260930
REYN,Reynolds Consumer Products Inc.,Consumer Cyclical,Packaging & Containers,NASDAQ,22.07,1368376,4651635712,0.5483,24.05,22.96,-3.6121,-19.66,-14.37,-18.34,-17.28,0.0,20.75,4,27.32,20.44,-19.22,0.0,,8,,20260930
AQN,Algonquin Power & Utilities Corp.,Utilities,Utilities - Diversified,NYSE,5.05,4211507,3888004608,0.1048,5.56,5.92,-4.824,-15.28,-36.67,-19.72,-24.54,0.0,8.75,4,7.11,4.91,-28.97,0.0,,8,,20260930
EBC,"Eastern Bankshares, Inc.",Financial Services,Banks - Regional,NASDAQ,20.98,2399353,4794172416,0.4185,22.31,20.52,-3.1678,-7.61,-10.46,0.93,-5.19,0.0,36.25,3,23.77,16.61,-11.76,0.0,,8,,20260930
HSHZY,Hoshizaki Corporation,Industrials,Specialty Industrial Machinery,PNK,8.98,287,5021061120,0.0256,8.83,8.45,6.0571,5.12,-17.27,-20.72,-13.05,0.0,75.0,2,9.71,7.91,-7.47,0.0,,8,,20260930
CNVVF,Convatec Group PLC,Healthcare,Medical Instruments & Supplies,PNK,2.98,1476,5722027520,0.0719,3.01,2.96,-0.3003,6.29,-32.04,-12.88,-14.79,0.0,63.25,3,3.65,2.3,-18.22,0.0,,8,,20260930
CSW,"CSW Industrials, Inc.",Industrials,Specialty Industrial Machinery,NYSE,293.77,143541,4786537472,9.3223,312.13,292.14,-1.9697,3.07,-8.11,4.78,-0.16,0.0,57.5,3,355.48,230.45,-17.36,0.0,,8,,20260930
DIOD,Diodes Incorporated,Technology,Semiconductors,NASDAQ,97.18,568831,4475304448,4.4421,92.43,83.45,1.069,-13.79,29.53,66.3,33.41,0.0,65.0,2,125.99,42.28,-22.87,0.0,,8,,20260930
INDV,"Indivior Pharmaceuticals, Inc.",Healthcare,Drug Manufacturers - Specialty & Generic,NASDAQ,36.59,2032418,4318788608,1.0277,37.11,35.73,-0.5062,-13.41,5.6,36.25,13.11,0.0,48.25,3,42.81,22.56,-14.53,0.0,,8,,20260930
PI,"Impinj, Inc.",Technology,Semiconductors,NASDAQ,176.45,403582,5391325696,7.3859,166.03,143.5,1.4114,20.61,62.13,-16.15,20.44,0.0,86.25,2,247.06,87.36,-28.58,0.0,,8,,20260930
CUYTY,Colruyt Group N.V.,Consumer Defensive,Grocery Stores,PNK,10.94,850,5203074048,0.0442,11.13,10.0,-4.1995,2.3,-9.27,-18.96,-10.25,0.0,62.0,3,11.52,9.13,-4.99,0.0,,8,,20260930
CHEOY,Cochlear Limited,Healthcare,Medical Devices,PNK,50.29,28654,6577823232,1.2077,46.31,56.06,3.2949,17.9,-32.69,-60.62,-31.21,0.0,67.5,3,98.49,31.82,-48.94,0.0,,8,,20260930
DNPUF,"Sumitomo Pharma Co., Ltd.",Healthcare,Drug Manufacturers - Specialty & Generic,PNK,9.79,45,4391729664,0.0423,8.99,11.45,18.9312,1.45,-37.14,-32.17,-25.51,0.0,50.0,3,19.2,8.41,-49.01,0.0,,8,,20260930
UFPI,"UFP Industries, Inc.",Basic Materials,Lumber & Wood Production,NASDAQ,78.77,433175,4345070592,2.3336,85.63,90.66,-2.9379,-15.41,-33.23,-29.93,-27.45,0.0,11.25,4,118.0,77.89,-33.25,0.0,,8,,20260930
FLIDY,FLSmidth & Co. A/S,Industrials,Specialty Industrial Machinery,PNK,9.21,240,4889069056,0.1501,8.4,8.04,5.4057,32.46,-1.14,25.5,17.91,0.0,76.25,2,9.49,6.53,-2.95,0.0,,8,,20260930
MTN,"Vail Resorts, Inc.",Consumer Cyclical,Resorts & Casinos,NYSE,141.29,748490,5034910720,4.7261,143.99,135.43,-0.5703,1.19,-5.84,-14.84,-7.68,0.0,49.5,3,163.34,118.51,-13.5,0.0,,8,,20260930
RELY,"Remitly Global, Inc.",Technology,Software - Infrastructure,NASDAQ,21.47,3480376,4544856576,1.0656,23.94,19.41,-2.319,-6.78,18.61,14.2,10.5,0.0,32.5,3,27.48,12.08,-21.87,0.0,,8,,20260930
HISEF,"Hisense Home Appliances Group Co., Ltd.",Consumer Cyclical,"Furnishings, Fixtures & Appliances",PNK,2.7,266,4148107520,0.018,2.87,1.99,-9.0306,59.64,51.86,36.71,47.74,0.0,50.0,3,3.56,2.39,-24.07,0.0,,8,,20260930
CSTM,Constellium SE,Basic Materials,Aluminum,NYSE,24.59,1577021,3332626944,0.8672,27.39,27.32,-3.23,-25.43,-14.9,43.69,5.9,0.0,20.75,4,36.99,14.39,-33.52,0.0,,8,,20260930
IBOC,International Bancshares Corporation,Financial Services,Banks - Regional,NASDAQ,68.94,328434,4287482880,1.0652,72.21,70.85,-3.0714,-10.91,-17.67,-16.38,-15.46,0.0,34.0,4,78.46,63.2,-12.13,0.0,,8,,20260930
GTLB,GitLab Inc.,Technology,Software - Infrastructure,NASDAQ,46.71,4737152,7782586880,2.0673,42.4,32.18,2.0839,50.41,103.03,-18.32,41.34,0.0,86.25,2,55.55,18.73,-15.91,0.0,,8,,20260930
TTCIF,Titan S.A.,Basic Materials,Building Materials,PNK,62.9,304,4696918016,0.1071,61.74,62.74,10.8361,0.56,-29.77,24.72,-0.39,0.0,75.0,3,69.93,44.3,-10.06,0.0,,8,,20260930
EXLS,"ExlService Holdings, Inc.",Technology,Information Technology Services,NASDAQ,34.58,2258146,5283233792,0.9292,34.79,33.13,-0.2238,31.13,-8.38,-37.68,-10.22,0.0,72.0,3,44.15,24.85,-21.68,0.0,,8,,20260930
UUUU,Energy Fuels Inc.,Energy,Uranium,NYSE,10.99,6894234,2909861376,0.6647,13.21,17.19,-3.3403,-26.8,-54.77,-50.95,-46.25,0.0,2.5,4,27.9,10.69,-60.61,0.0,,8,,20260930
MIMTF,Mitsubishi Materials Corporation,Basic Materials,Other Industrial Metals & Mining,PNK,32.0,21,4181678080,0.0699,29.76,29.18,31.9822,4.25,-19.09,68.37,21.73,0.0,75.0,2,39.0,18.0,-17.95,0.0,,8,,20260930
BKEAF,"The Bank of East Asia, Limited",Financial Services,Banks - Regional,PNK,2.37,220,6272383488,0.0207,2.06,1.73,14.99,70.24,23.52,49.22,45.48,0.0,75.0,2,2.54,1.41,-6.69,0.0,,8,,20260930
ONDS,Ondas Inc.,Technology,Communication Equipment,NCM,7.48,81794971,4355624448,0.4356,8.04,9.46,-1.2744,-11.81,-29.76,-19.07,-20.99,0.0,11.25,4,15.28,4.95,-51.05,0.0,,8,,20260930
FBIN,"Fortune Brands Innovations, Inc.",Industrials,Building Products & Equipment,NYSE,38.41,2458521,4585058304,1.4679,45.05,46.01,-4.526,-32.22,-16.82,-42.9,-31.1,0.0,5.0,4,64.84,32.34,-40.76,0.0,,8,,20260930
WSC,WillScot Holdings Corporation,Industrials,Rental & Leasing Services,NCM,17.45,2663009,3161782272,0.758,21.71,22.13,-5.616,-41.91,-15.56,-30.72,-28.21,0.0,3.75,4,29.77,14.91,-41.38,0.0,,8,,20260930
HSSKY,HASEKO Corporation,Consumer Cyclical,Residential Construction,PNK,17.85,15,4727689216,0.0004,17.86,17.85,-18.4307,-3.63,-1.46,-1.46,-2.0,0.0,49.0,3,17.86,17.39,-0.06,0.0,,8,,20260930
EPR,EPR Properties,Real Estate,REIT - Specialty,NYSE,57.19,769156,4381263872,1.0564,59.9,55.6,-2.5665,-3.0,-1.67,-10.49,-5.53,0.0,48.25,3,64.97,48.11,-11.97,0.0,,8,,20260930
RMLRF,Ramelius Resources Limited,Basic Materials,Gold,PNK,2.66,10853,5020137472,0.1638,2.6,2.66,0.3491,27.17,-14.71,-13.21,-3.64,0.0,72.0,3,3.89,1.83,-31.62,0.0,,8,,20260930
NRSDY,Nordic Semiconductor ASA,Technology,Semiconductors,PNK,18.55,241,3669100288,0.0685,17.33,16.73,17.7545,0.92,-2.9,-6.85,-3.53,0.0,50.0,2,23.4,12.6,-20.73,0.0,,8,,20260930
YADGF,Yadea Group Holdings Ltd.,Consumer Cyclical,Auto Manufacturers,PNK,1.07,16,3268848128,0.0227,0.97,0.65,4.5584,20.84,99.96,21.82,48.92,0.0,75.0,2,2.0,0.8,-46.5,0.0,,8,,20260930
TFSL,TFS Financial Corporation,Financial Services,Banks - Regional,NASDAQ,16.3,830248,4571216896,0.3156,17.28,15.16,-3.0947,-8.89,1.48,16.34,4.83,0.0,33.75,3,19.49,12.54,-16.37,0.0,,8,,20260930
TNEYF,Tamarack Valley Energy Ltd.,Energy,Oil & Gas E&P,PNK,9.2,397455,4357064704,0.2615,9.54,8.23,-1.3071,3.43,-8.71,94.09,35.44,0.0,73.25,3,10.48,4.24,-12.21,0.0,,8,,20260930
MTRN,Materion Corporation,Basic Materials,Other Industrial Metals & Mining,NYSE,268.56,314934,5595104768,10.3638,249.33,196.83,1.8557,-12.23,74.14,108.9,66.45,0.0,65.0,2,304.58,109.61,-11.83,0.0,,8,,20260930
BECTY,Bechtle AG,Technology,Information Technology Services,PNK,8.17,40,5147100160,0.078,8.4,8.1,-2.8935,10.05,13.42,-26.1,-3.23,0.0,63.25,3,11.25,6.0,-27.38,0.0,,8,,20260930
AYALY,Ayala Corporation,Industrials,Conglomerates,PNK,8.1,807,5110343680,0.4717,7.86,8.15,0.502,26.57,-17.87,-12.04,-4.43,0.0,64.5,3,15.31,6.34,-47.09,0.0,,8,,20260930
TRKNY,Türk Telekomünikasyon Anonim Sirketi,Communication Services,Telecom Services,PNK,2.13,325,3727500288,0.1578,2.61,3.06,-3.031,-19.39,-48.09,-26.46,-32.26,0.0,0.0,4,4.31,1.98,-50.58,0.0,,8,,20260930
KEN,Kenon Holdings Ltd.,Utilities,Utilities - Independent Power Producers,NYSE,65.17,19125,3395904000,1.8594,66.18,72.93,-0.5437,-5.12,-36.3,45.81,4.34,0.0,23.25,4,95.93,44.3,-32.07,0.0,,8,,20260930
SHC,Sotera Health Company,Healthcare,Diagnostics & Research,NASDAQ,18.6,2594328,5307971072,0.4424,18.57,16.97,0.0624,2.2,18.84,0.93,7.52,0.0,85.0,2,19.85,13.09,-6.3,0.0,,8,,20260930
PFSI,"PennyMac Financial Services, Inc.",Financial Services,Mortgage Finance,NYSE,63.61,574778,3302941440,1.8111,73.9,92.36,-5.6832,-29.28,-46.06,-64.76,-49.34,0.0,7.5,4,160.36,63.03,-60.33,0.0,,8,,20260930
KVYO,"Klaviyo, Inc.",Technology,Software - Application,NYSE,15.25,6004120,4342093312,0.9717,17.62,19.41,-2.4351,-1.59,-41.15,-68.58,-42.23,0.0,31.25,4,33.35,12.53,-54.28,0.0,,8,,20260930
RTMVF,Rightmove plc,Communication Services,Internet Content & Information,PNK,5.6,51,4427336704,0.0749,6.45,6.1,-11.3843,-6.71,-27.35,-55.96,-33.63,0.0,37.0,4,9.44,5.29,-40.68,0.0,,8,,20260930
MWH,"SOLV Energy, Inc.",Utilities,Utilities - Renewable,NASDAQ,24.23,1851159,4903830016,1.3375,27.29,24.23,-2.2906,-31.43,-36.55,-34.66,-34.51,0.0,40.0,3,48.4,23.53,-49.94,0.0,,8,,20260930
HCC,"Warrior Met Coal, Inc.",Basic Materials,Coking Coal,NYSE,88.03,644454,4648167936,4.0572,94.09,90.17,-1.4931,5.97,-27.94,21.95,0.49,0.0,44.5,3,111.42,61.87,-20.99,0.0,,8,,20260930
LASR,"nLIGHT, Inc.",Technology,Semiconductors,NASDAQ,39.01,1218039,2250494464,2.2724,50.64,57.8,-5.1176,-46.56,-49.3,17.2,-22.01,0.0,11.25,4,86.95,28.05,-55.14,0.0,,8,,20260930
NDCVF,Nordic Semiconductor ASA,Technology,Semiconductors,PNK,18.66,2931,3758108160,0.2807,17.73,16.97,3.3306,-0.4,5.75,2.59,2.95,0.0,76.25,2,23.29,12.25,-19.88,0.0,,8,,20260930
NWE,"NorthWestern Energy Group, Inc.",Utilities,Utilities - Regulated Electric,NASDAQ,68.69,399248,4225661184,1.5336,70.0,68.24,-0.8527,-5.78,-15.21,6.34,-4.23,0.0,50.75,3,75.18,56.62,-8.63,0.0,,8,,20260930
CVLT,"Commvault Systems, Inc.",Technology,Software - Application,NASDAQ,146.35,609685,6065412096,5.8686,137.74,115.1,1.4668,0.67,73.13,-39.81,9.84,0.0,62.5,2,190.1,71.75,-23.01,0.0,,8,,20260930
CUYTF,Colruyt Group N.V.,Consumer Defensive,Grocery Stores,PNK,37.68,0,5314840576,0.0003,37.68,40.95,0.0,-2.59,-36.09,-31.27,-25.79,0.0,49.0,3,44.7,37.68,-15.7,0.0,,8,,20260930
RMVEY,Rightmove plc,Communication Services,Internet Content & Information,PNK,11.77,15695,4271291392,0.3272,12.92,12.17,-3.5059,-0.18,-11.39,-52.46,-25.01,0.0,45.75,4,19.02,10.59,-38.12,0.0,,8,,20260930
CNO,"CNO Financial Group, Inc.",Financial Services,Insurance - Life,NYSE,53.29,876143,4930463744,1.1366,54.41,46.92,-0.9835,2.29,12.02,18.34,12.12,0.0,74.5,3,57.59,38.22,-7.47,0.0,,8,,20260930
NPIFF,Northland Power Inc.,Utilities,Utilities - Renewable,PNK,15.91,312895,4160497664,0.2034,15.33,15.2,2.8354,-0.47,-23.87,-16.77,-15.18,0.0,88.75,2,18.44,11.43,-13.72,0.0,,8,,20260930
OLED,Universal Display Corporation,Technology,Electronic Components,NASDAQ,76.16,753492,3500834304,2.9119,82.27,95.35,-2.0997,-14.07,-35.07,-64.7,-41.67,0.0,10.0,4,153.38,73.23,-50.35,0.0,,8,,20260930
POST,"Post Holdings, Inc.",Consumer Defensive,Packaged Foods,NYSE,73.43,970600,3328037376,2.3484,82.58,94.6,-3.8983,-19.39,-45.99,-47.4,-39.9,0.0,7.5,4,117.28,72.52,-37.39,0.0,,8,,20260930
KPDCF,Keppel DC REIT,Real Estate,REIT - Office,PNK,1.62,1028,4447264768,0.015,1.68,1.7,-3.8723,-6.2,-13.78,-24.56,-16.2,0.0,24.0,4,2.2,1.51,-26.36,0.0,,8,,20260930
CHEOF,Cochlear Limited,Healthcare,Medical Devices,PNK,93.61,67,6121992704,0.6921,90.73,113.88,4.1645,13.96,-39.04,-65.51,-36.38,0.0,50.0,3,197.11,64.39,-52.51,0.0,,8,,20260930
EIFZF,Exchange Income Corporation,Industrials,Airlines,PNK,87.7,6454,4944969216,0.9648,88.46,78.81,-0.7845,-7.34,-0.15,55.36,20.26,0.0,40.75,3,95.53,51.82,-8.2,0.0,,8,,20260930
CAI,"Caris Life Sciences, Inc.",Healthcare,Biotechnology,NASDAQ,31.55,4854753,8915877888,1.4548,23.64,21.18,5.436,74.46,65.7,-8.63,38.16,0.0,91.25,2,33.66,14.19,-6.25,0.0,,8,,20260930
CYGIY,"CyberAgent, Inc.",Communication Services,Advertising Agencies,PNK,3.75,43,3803243008,0.0561,4.24,4.35,-8.8242,-4.16,-39.12,-54.22,-36.42,0.0,0.0,4,6.0,3.75,-37.5,0.0,,8,,20260930
MAPGF,Mapletree Logistics Trust,Real Estate,REIT - Industrial,PNK,0.83,789,4265351424,0.0212,0.94,0.96,-4.976,-23.54,-26.68,-37.89,-30.38,0.0,0.0,4,1.16,0.81,-28.45,0.0,,8,,20260930
MAT,"Mattel, Inc.",Consumer Cyclical,Leisure,NASDAQ,13.22,4308190,3776954112,0.3922,14.35,15.98,-2.8756,-7.34,-28.17,-38.49,-27.09,0.0,10.0,4,22.48,12.73,-41.19,0.0,,8,,20260930
AD,"Array Digital Infrastructure, Inc.",Communication Services,Telecom Services,NYSE,33.81,231896,2923853568,0.8999,35.83,37.27,-2.2483,-9.34,-28.18,-9.2,-15.88,0.0,44.5,3,60.82,33.12,-44.41,0.0,,8,,20260930
OPEN,Opendoor Technologies Inc.,Real Estate,Real Estate Services,NASDAQ,2.37,51502109,2286425600,0.159,3.3,4.7,-5.8627,-51.29,-68.04,-89.81,-72.56,0.0,6.25,4,9.69,2.35,-75.54,0.0,,8,,20260930
WYGPY,Worley Limited,Energy,Oil & Gas Equipment & Services,PNK,6.66,2834,3247816704,0.1288,7.17,7.94,-3.9293,-17.85,-35.62,-43.22,-34.22,0.0,2.5,4,9.91,6.21,-32.8,0.0,,8,,20260930
MONDY,Mondi plc,Basic Materials,Paper & Paper Products,PNK,21.28,25490,4690089472,0.5455,22.77,22.18,-2.7389,15.31,-24.27,-37.65,-19.73,0.0,52.0,3,28.32,17.87,-24.86,0.0,,8,,20260930
MCARY,"Mercari, Inc.",Consumer Cyclical,Internet Retail,PNK,11.2,209,3655245824,0.1634,13.65,12.05,-14.9633,-5.62,-14.59,32.22,6.38,0.0,12.0,4,15.2,6.88,-26.32,0.0,,8,,20260930
CUZ,Cousins Properties Incorporated,Real Estate,REIT - Office,NYSE,27.61,1510529,4545353216,0.6271,29.58,26.37,-3.1337,-9.53,8.34,-14.51,-5.27,0.0,37.5,3,32.95,21.03,-16.21,0.0,,8,,20260930
CRGY,Crescent Energy Company,Energy,Oil & Gas E&P,NYSE,12.89,6017531,4258904064,0.4846,12.82,11.26,0.1347,29.98,-24.5,20.92,7.29,0.0,83.75,2,15.47,7.68,-16.68,0.0,,8,,20260930
REZI,"Resideo Technologies, Inc.",Industrials,Industrial Distribution,NYSE,18.12,2443780,2751474688,0.7231,21.25,23.57,-4.3245,-18.86,-41.74,-53.71,-40.81,0.0,8.75,4,31.52,17.96,-42.51,0.0,,8,,20260930
ACIW,"ACI Worldwide, Inc.",Technology,Software - Infrastructure,NASDAQ,48.59,939156,4905415168,1.303,53.19,46.6,-3.532,-5.97,-1.0,-23.74,-11.34,0.0,35.0,3,61.08,38.05,-20.45,0.0,,8,,20260930
COCO,"The Vita Coco Company, Inc.",Consumer Defensive,Beverages - Non-Alcoholic,NASDAQ,56.55,1211420,3272217856,2.5003,61.66,61.33,-2.0431,-17.09,0.02,24.82,5.66,0.0,23.25,4,85.83,38.07,-34.11,0.0,,8,,20260930
FELE,"Franklin Electric Co., Inc.",Industrials,Specialty Industrial Machinery,NASDAQ,96.62,275044,4271711744,1.9376,101.92,99.77,-2.7344,-12.22,-14.25,-14.02,-13.65,0.0,18.25,4,115.82,89.54,-16.58,0.0,,8,,20260930
LMND,"Lemonade, Inc.",Financial Services,Insurance - Property & Casualty,NYSE,44.6,1293422,3451888896,2.1323,51.98,62.26,-3.46,-34.03,-45.58,-30.0,-36.46,0.0,10.0,4,99.9,43.28,-55.36,0.0,,8,,20260930
TCBIO,"Texas Capital Bancshares, Inc.",Financial Services,Banks - Regional,NASDAQ,18.54,19340,0,0.3653,19.88,20.32,-3.6746,-10.32,-32.51,-21.37,-22.51,0.0,18.25,4,22.95,17.96,-19.2,0.0,,8,,20260930
TCBI,"Texas Capital Bancshares, Inc.",Financial Services,Banks - Regional,NASDAQ,93.31,478938,4056593152,1.6861,98.1,98.41,-2.8406,-12.04,-20.48,-8.41,-13.54,0.0,34.0,4,108.92,75.41,-14.33,0.0,,8,,20260930
MNODF,Mondi plc,Basic Materials,Paper & Paper Products,PNK,11.15,903,5411890176,0.0221,11.19,11.02,-1.9266,13.46,-22.39,-37.62,-19.52,0.0,62.0,3,14.3,9.7,-22.05,0.0,,8,,20260930
LION,Lionsgate Studios Corp.,Unknown,Unknown,NYSE,11.19,2634042,3329692672,0.4379,11.91,11.31,-1.654,-29.5,-2.49,43.14,9.01,0.0,25.75,4,16.7,5.88,-32.99,0.0,,8,,20260930
PTITF,PT Indosat Tbk,Communication Services,Telecom Services,PNK,0.11,31,4892886016,0.0,0.11,0.12,0.0,-22.49,-32.41,-46.53,-35.58,0.0,37.0,3,0.16,0.11,-29.81,0.0,,8,,20260930
TBBB,BBB Foods Inc.,Consumer Defensive,Discount Stores,NYSE,52.4,677843,6317489664,1.6275,47.26,39.35,3.1603,23.16,31.01,82.83,49.78,0.0,88.75,2,54.0,23.81,-2.96,0.0,,8,,20260930
NHKGF,"NHK Spring Co., Ltd.",Consumer Cyclical,Auto Parts,PNK,,2,4213980672,,,,,,,,,0.0,12.0,3,24.51,14.11,,0.0,,8,,20260930
ANDG,Andersen Group Inc.,Consumer Cyclical,Personal Services,NYSE,55.47,483339,1028436544,2.2602,50.98,55.47,1.9864,44.47,93.8,120.99,92.34,0.0,85.0,3,57.62,18.12,-3.73,0.0,,8,,20260930
KNTNF,K92 Mining Inc.,Basic Materials,Gold,OQX,19.87,79362,4882284032,0.9079,19.81,18.53,0.0674,24.05,2.42,49.98,26.85,0.0,88.75,2,24.87,11.64,-20.1,0.0,,8,,20260930
RBSFY,Rubis,Energy,Oil & Gas Refining & Marketing,PNK,8.39,398,4247937024,0.1775,7.92,7.73,2.6724,7.81,-14.72,1.78,-2.48,0.0,75.0,2,8.76,6.54,-4.22,0.0,,8,,20260930
SGBAF,SES S.A.,Communication Services,Broadcasting,PNK,4.97,712,2023105152,0.1105,6.09,7.48,-10.1369,-43.91,-47.36,-47.88,-46.7,0.0,1.25,4,11.4,4.97,-56.4,0.0,,8,,20260930
BCO,The Brink's Company,Industrials,Security & Protection Services,NYSE,103.12,490649,4247474944,3.3801,111.78,111.82,-2.561,6.77,-18.46,-27.79,-15.89,0.0,47.0,4,136.37,91.05,-24.38,0.0,,8,,20260930
AMVIF,Aumovio SE,Consumer Cyclical,Auto Parts,PNK,41.28,7180,0,1.7431,41.28,41.28,0.0,-2.98,-2.98,-2.98,-2.98,0.0,75.75,3,46.09,38.71,-10.43,0.0,,8,,20260930
AIR,AAR Corp.,Industrials,Aerospace & Defense,NYSE,106.75,460395,4297631232,5.8662,131.72,117.07,-4.2562,-27.9,-18.06,6.92,-10.53,0.0,23.25,4,154.0,76.1,-30.68,0.0,,8,,20260930
SAIC,Science Applications International Corporation,Technology,Information Technology Services,NASDAQ,128.21,457717,5371696128,3.7429,125.97,106.8,0.5985,13.91,14.68,16.43,15.19,0.0,90.0,2,142.66,81.08,-10.13,0.0,,8,,20260930
AGLXY,AGL Energy Limited,Utilities,Utilities - Independent Power Producers,PNK,5.8,2206,3841387008,0.1577,5.96,6.18,-1.0002,0.38,-34.86,-12.02,-16.92,0.0,50.25,3,7.57,5.54,-23.38,0.0,,8,,20260930
HRI,Herc Holdings Inc.,Industrials,Rental & Leasing Services,NYSE,127.24,607062,4253816832,7.6997,151.55,140.47,-3.1567,-13.38,11.15,-7.59,-2.48,0.0,20.75,4,188.35,88.45,-32.44,0.0,,8,,20260930
CBT,Cabot Corporation,Basic Materials,Specialty Chemicals,NYSE,77.76,420237,4014081536,2.0502,83.45,78.07,-2.7766,-16.49,-17.42,-13.58,-15.65,0.0,23.25,4,94.53,58.33,-17.74,0.0,,8,,20260930
ELFIF,E-L Financial Corporation Limited,Financial Services,Insurance - Life,PNK,12.49,5975,4316759552,0.1412,12.48,12.04,0.0516,2.08,-9.51,-3.3,-4.13,0.0,85.0,2,13.92,11.02,-10.27,0.0,,8,,20260930
FTDR,"Frontdoor, Inc.",Consumer Cyclical,Personal Services,NASDAQ,73.38,555848,5055391232,2.5949,79.38,66.81,-2.3104,-8.01,19.72,-7.13,2.05,0.0,61.25,3,93.43,48.47,-21.46,0.0,,8,,20260930
MZDAF,Mazda Motor Corporation,Consumer Cyclical,Auto Manufacturers,PNK,7.1,265,4479888896,0.0841,7.18,7.06,-0.9602,4.37,-17.78,-22.62,-14.18,0.0,63.25,3,9.35,6.04,-24.06,0.0,,8,,20260930
CYAGF,"CyberAgent, Inc.",Communication Services,Advertising Agencies,PNK,,2,4089246976,,,,,,,,,0.0,12.0,3,13.0,7.25,,0.0,,8,,20260930
MTH,Meritage Homes Corporation,Consumer Cyclical,Residential Construction,NYSE,63.9,812909,4164624640,2.0526,69.0,68.85,-2.4833,-25.81,-13.66,-25.91,-21.6,0.0,22.0,4,85.38,58.03,-25.16,0.0,,8,,20260930
VVV,Valvoline Inc.,Consumer Cyclical,Auto & Truck Dealerships,NYSE,29.65,2297982,3783340032,0.9871,33.17,34.25,-3.5662,-27.6,-32.07,-35.86,-32.47,0.0,7.5,4,41.08,26.21,-27.82,0.0,,8,,20260930
RDNT,"RadNet, Inc.",Healthcare,Diagnostics & Research,NASDAQ,70.65,755243,5559996928,2.6833,71.95,65.57,-0.4863,11.97,5.21,-23.64,-4.64,0.0,72.0,3,85.84,50.82,-17.7,0.0,,8,,20260930
HNGE,"Hinge Health, Inc.",Healthcare,Health Information Services,NYSE,95.21,1788492,7682915328,4.3112,87.46,60.43,1.7979,12.12,137.4,79.76,83.02,0.0,86.25,2,97.95,30.08,-2.8,0.0,,8,,20260930
NINOF,Nikon Corporation,Consumer Cyclical,Leisure,PNK,,66,3704291584,0.0173,,,,,,,,0.0,13.25,3,14.5,9.83,,0.0,,8,,20260930
BKGFF,The Berkeley Group Holdings plc,Consumer Cyclical,Residential Construction,PNK,44.79,3,4069191680,0.3313,46.28,48.4,-4.4839,-6.2,-41.03,-26.48,-26.5,0.0,49.0,4,58.82,42.33,-23.84,0.0,,8,,20260930
HSYDF,Harmonic Drive Systems Inc.,Industrials,Specialty Industrial Machinery,PNK,,3645,3876605184,1.867,,,,,,,,0.0,22.0,3,57.16,16.2,,0.0,,8,,20260930
MRP,"Millrose Properties, Inc.",Real Estate,REIT - Residential,NYSE,26.51,1328820,4401930240,0.747,29.34,28.6,-3.7852,-12.03,-19.05,-30.53,-21.88,0.0,48.25,3,34.03,26.23,-22.1,0.0,,8,,20260930
CVSA,Covista Inc.,Consumer Defensive,Education & Training Services,NYSE,119.45,358989,4065936896,4.1459,127.39,117.06,-1.9144,-6.77,-16.78,-38.22,-22.85,0.0,38.75,3,156.26,86.97,-23.56,0.0,,8,,20260930
SMDPY,"Sumitomo Pharma Co., Ltd.",Healthcare,Drug Manufacturers - Specialty & Generic,PNK,10.45,741,4687800832,0.0966,9.43,11.07,10.5672,9.4,-35.24,-22.6,-19.02,0.0,63.25,3,24.48,7.84,-57.31,0.0,,8,,20260930
MANE,"Veradermics, Incorporated",Healthcare,Biotechnology,NYSE,117.82,719809,4922535424,6.0885,107.0,117.82,1.7776,-6.75,72.09,199.87,103.49,0.0,63.75,3,131.24,32.0,-10.23,0.0,,8,,20260930
KBR,"KBR, Inc.",Industrials,Engineering & Construction,NYSE,35.13,1507200,4428760064,1.0358,36.69,37.44,-1.5062,-0.39,-22.54,-41.22,-24.47,0.0,61.5,4,48.33,29.94,-27.31,0.0,,8,,20260930
CNR,"Core Natural Resources, Inc.",Energy,Thermal Coal,NYSE,86.5,527179,4293536256,3.0644,91.97,90.79,-1.7848,5.62,-42.87,-11.77,-18.31,0.0,44.5,3,114.8,74.75,-24.65,0.0,,8,,20260930
SFBS,"ServisFirst Bancshares, Inc.",Financial Services,Banks - Regional,NYSE,40.08,580145,4382548992,0.9394,43.29,40.3,-3.4152,-9.78,-9.36,-17.79,-12.84,0.0,19.5,4,46.04,33.6,-12.95,0.0,,8,,20260930
COLD,"Americold Realty Trust, Inc.",Real Estate,REIT - Industrial,NYSE,14.54,3776307,4170753536,0.4831,14.64,13.42,-0.2145,-10.09,9.81,11.82,5.64,0.0,48.25,3,16.88,10.1,-13.86,0.0,,8,,20260930
ANIOY,"Acerinox, S.A.",Basic Materials,Steel,PNK,9.9,1276,4933343232,0.0975,10.11,8.39,-2.1111,12.99,25.98,34.56,26.17,0.0,64.5,3,10.74,6.22,-7.82,0.0,,8,,20260930
MZDAY,Mazda Motor Corporation,Consumer Cyclical,Auto Manufacturers,PNK,3.51,31521,4429411328,0.1057,3.64,3.61,-1.2624,3.45,-14.85,-23.61,-13.78,0.0,60.25,3,4.55,3.1,-22.86,0.0,,8,,20260930
USAC,"USA Compression Partners, LP",Energy,Oil & Gas Equipment & Services,NYSE,25.01,320260,3625032960,0.6453,26.41,25.89,-2.1716,-5.89,-26.21,-4.46,-12.43,0.0,47.0,3,30.55,21.85,-18.13,0.0,,8,,20260930
UPCHY,Uni-President China Holdings Ltd,Consumer Defensive,Beverages - Non-Alcoholic,PNK,89.0,14,3865804032,0.3517,93.32,92.37,-12.2857,0.3,-23.51,-34.57,-21.98,0.0,49.0,4,117.05,85.53,-23.96,0.0,,8,,20260930
GRTUF,Granite Real Estate Investment Trust,Real Estate,REIT - Industrial,OQX,59.61,5106,3700826624,0.5259,64.25,62.93,-8.8285,-13.51,-16.23,-3.13,-10.31,0.0,18.25,4,72.03,50.0,-17.24,0.0,,8,,20260930
MNSO,MINISO Group Holding Limited,Consumer Cyclical,Specialty Retail,NYSE,9.22,804950,2703597568,0.2756,10.75,14.6,-5.5387,-26.14,-60.03,-74.3,-57.26,0.0,10.0,4,23.1,8.55,-60.09,0.0,,8,,20260930
HAFN,Hafnia Limited,Industrials,Marine Shipping,NYSE,9.67,1829789,5176652288,0.3335,8.06,6.89,4.8146,51.39,20.59,66.36,46.6,0.0,92.5,2,10.12,5.17,-4.45,0.0,,8,,20260930
KC,Kingsoft Cloud Holdings Limited,Technology,Software - Application,NASDAQ,9.09,1454468,2721270272,0.3943,10.57,12.32,-3.7644,-2.15,-53.9,-58.6,-42.84,0.0,35.0,4,18.52,8.35,-50.92,0.0,,8,,20260930
KKKUF,"Kakaku.com, Inc.",Communication Services,Internet Content & Information,PNK,24.36,12,4883162624,0.2053,23.46,17.6,4.3772,15.45,83.2,11.31,37.5,0.0,75.0,2,26.15,11.15,-6.83,0.0,,8,,20260930
WYGPF,Worley Limited,Energy,Oil & Gas Equipment & Services,PNK,7.07,159,3447757568,0.0465,7.64,8.27,-12.1935,-24.9,-22.93,-37.81,-29.37,0.0,0.0,4,9.57,7.07,-26.12,0.0,,8,,20260930
JTKWY,Just Eat Takeaway.com N.V.,Unknown,Unknown,PNK,4.76,2840,4753305088,0.2407,4.13,4.18,2.6185,22.2,-6.95,-16.08,-3.32,0.0,82.5,3,5.68,2.5,-16.2,0.0,,8,,20260930
CRNLF,Capricorn Metals Ltd,Basic Materials,Gold,PNK,11.91,350,5444576768,0.2537,11.1,9.65,3.2031,32.76,44.41,35.83,38.06,0.0,75.0,2,13.75,6.57,-13.38,0.0,,8,,20260930
SOOBF,Sapporo Breweries Limited,Consumer Defensive,Beverages - Brewers,PNK,11.9,11,4638728704,0.0442,12.15,-1.09,-5.7755,8.01,-260.94,71.93,-60.55,0.0,62.0,3,13.0,8.42,-8.5,0.0,,8,,20260930
HKMPY,Hikma Pharmaceuticals PLC,Healthcare,Drug Manufacturers - Specialty & Generic,PNK,42.4,414,4388737024,0.4431,43.0,39.34,-1.344,2.0,8.23,-18.05,-3.84,0.0,63.25,3,50.56,31.8,-16.14,0.0,,8,,20260930
AMVOY,Aumovio SE,Consumer Cyclical,Auto Parts,PNK,8.38,4690,4192136448,0.3168,8.48,8.81,-0.3313,2.42,-9.2,-20.94,-10.99,0.0,56.5,4,14.78,7.12,-43.3,0.0,,8,,20260930
TDS,"Telephone and Data Systems, Inc.",Communication Services,Telecom Services,NYSE,34.16,1260414,3932362496,1.0626,35.03,40.19,-0.8211,-10.19,-39.62,-25.28,-26.53,0.0,49.5,4,49.12,31.51,-30.46,0.0,,8,,20260930
SLM,SLM Corporation,Financial Services,Credit Services,NASDAQ,22.89,2393759,4303320064,0.7323,25.86,23.98,-4.0595,-13.91,-9.41,-32.88,-19.93,0.0,44.5,4,31.06,17.77,-26.3,0.0,,8,,20260930
SLMBP,SLM Corporation,Financial Services,Credit Services,NASDAQ,74.0,2885,32238913408,0.4577,73.63,72.06,0.7975,-0.49,-18.16,-10.62,-10.73,0.0,82.5,2,76.27,70.58,-2.98,0.0,,8,,20260930
BKGFY,The Berkeley Group Holdings plc,Consumer Cyclical,Residential Construction,PNK,8.92,62939,4051478016,0.1786,9.35,9.8,-2.4322,-6.98,-23.51,-26.52,-20.58,0.0,31.5,4,12.54,8.09,-28.87,0.0,,8,,20260930
VNT,Vontier Corporation,Technology,Scientific & Technical Instruments,NYSE,31.57,1455584,4268263936,0.8045,32.36,34.23,-0.9818,6.36,-29.1,-41.61,-25.24,0.0,57.75,4,48.2,27.25,-34.5,0.0,,8,,20260930
CITAF,"COSCO SHIPPING Development Co., Ltd.",Industrials,Aerospace & Defense,PNK,0.11,126,1505458944,0.0025,0.09,0.09,9.3178,42.0,-4.89,-12.74,3.69,0.0,75.0,2,0.17,0.1,-31.19,0.0,,8,,20260930
FMCKM,Federal Home Loan Mortgage Corporation,Financial Services,Mortgage Finance,OQB,5.26,7093,16944196116,0.2592,7.2,9.21,-7.4941,-38.13,-62.7,-78.32,-62.81,0.0,8.75,4,14.0,5.2,-62.43,0.0,,8,,20260930
FMCKP,Federal Home Loan Mortgage Corporation,Financial Services,Mortgage Finance,OQB,10.98,198,35370201046,0.1533,13.78,17.0,-18.2772,-30.64,-52.91,-73.82,-55.71,0.0,0.0,4,26.26,10.98,-58.19,0.0,,8,,20260930
FMCCJ,Federal Home Loan Mortgage Corporation,Financial Services,Mortgage Finance,OQB,9.1,1806,29314103500,0.3691,11.57,14.12,-6.6927,-29.14,-51.54,-74.39,-55.08,0.0,8.75,4,22.05,9.1,-58.73,0.0,,8,,20260930
FREJO,Federal Home Loan Mortgage Corporation PFD 5.1% SAL,Unknown,Unknown,OQB,14.01,7,45130553164,0.0572,15.26,17.48,-21.7504,-19.39,-39.08,-57.15,-41.38,0.0,0.0,4,23.63,14.01,-40.71,0.0,,8,,20260930
FMCCL,Federal Home Loan Mortgage Corporation,Financial Services,Mortgage Finance,OQB,9.12,2434,29378528501,0.429,11.63,14.6,-5.8538,-32.33,-56.39,-75.26,-57.92,0.0,7.5,4,22.25,9.12,-59.01,0.0,,8,,20260930
FMCCK,Federal Home Loan Mortgage Corporation,Financial Services,Mortgage Finance,OQB,10.66,576,34339376455,0.136,12.78,16.75,-15.5863,-31.76,-57.59,-74.83,-58.03,0.0,0.0,4,26.5,10.66,-59.77,0.0,,8,,20260930
FMCCT,Federal Home Loan Mortgage Corporation,Financial Services,Mortgage Finance,OQB,11.32,5476,36465453711,0.319,14.21,18.18,-9.0466,-31.79,-55.72,-76.0,-57.85,0.0,6.25,4,29.67,11.32,-61.85,0.0,,8,,20260930
FMCKK,Federal Home Loan Mortgage Corporation PFD,Unknown,Unknown,OQB,10.3,3646,0,0.1448,12.48,15.74,-15.0729,-29.02,-49.1,-74.24,-54.14,0.0,1.25,4,25.0,9.79,-58.8,0.0,,8,,20260930
FMCKJ,Federal Home Loan Mortgage Corporation,Financial Services,Mortgage Finance,OQB,7.0,206992,22549309440,0.3647,9.0,11.1,-5.4841,-33.28,-56.36,-73.69,-57.52,0.0,7.5,4,16.98,6.8,-58.78,0.0,,8,,20260930
FMCCG,Federal Home Loan Mortgage Corporation,Financial Services,Mortgage Finance,OQB,8.75,1101,28186636800,0.3718,11.46,14.11,-7.2981,-32.92,-55.0,-76.45,-58.06,0.0,5.0,4,21.85,8.75,-59.95,0.0,,8,,20260930
FMCKI,Federal Home Loan Mortgage Corporation,Financial Services,Mortgage Finance,OQB,5.66,3501,18232726855,0.2277,7.15,9.23,-6.5417,-32.45,-57.07,-75.85,-58.43,0.0,5.0,4,14.67,5.66,-61.4,0.0,,8,,20260930
FMCCN,Federal Home Loan Mortgage Corporation,Financial Services,Mortgage Finance,OQB,9.25,771,29797301760,0.2691,11.45,14.17,-8.1619,-25.5,-51.78,-73.19,-53.77,0.0,6.25,4,21.99,9.25,-57.94,0.0,,8,,20260930
FMCCH,Federal Home Loan Mortgage Corporation,Financial Services,Mortgage Finance,OQB,10.0,612,32213299200,0.2851,12.68,15.89,-9.3962,-32.41,-52.9,-74.63,-56.47,0.0,2.5,4,24.83,9.99,-59.73,0.0,,8,,20260930
FREGP,Federal Home Loan Mortgage Corporation,Financial Services,Mortgage Finance,OQB,11.38,120,36658734858,0.1142,13.18,16.85,-15.7951,-30.15,-48.59,-71.2,-53.02,0.0,0.0,4,26.55,11.38,-57.14,0.0,,8,,20260930
FMCKL,Federal Home Loan Mortgage Corporation,Financial Services,Mortgage Finance,OQB,6.1,29412,19650112204,0.1638,7.29,9.45,-7.2878,-32.65,-52.11,-75.53,-56.61,0.0,1.25,4,14.61,5.5,-58.26,0.0,,8,,20260930
FMCCI,Federal Home Loan Mortgage Corporation,Financial Services,Mortgage Finance,OQB,9.3,8920,29958368870,0.3982,11.45,14.04,-5.3865,-29.13,-50.0,-75.14,-54.84,0.0,8.75,4,22.22,8.82,-58.15,0.0,,8,,20260930
FMCCM,Federal Home Loan Mortgage Corporation,Financial Services,Mortgage Finance,OQB,10.05,2131,32374366310,0.3394,11.64,14.38,-4.6879,-26.74,-45.69,-70.68,-50.95,0.0,6.25,4,22.09,9.86,-54.5,0.0,,8,,20260930
FMCCP,Federal Home Loan Mortgage Corporation,Financial Services,Mortgage Finance,OQB,10.38,3812,33437404938,0.2693,13.96,17.35,-13.2834,-32.22,-55.63,-77.87,-58.67,0.0,2.5,4,27.58,10.38,-62.36,0.0,,8,,20260930
FMCC,Federal Home Loan Mortgage Corporation,Financial Services,Mortgage Finance,OQB,3.8,1801544,2470226432,0.3047,5.23,6.53,-4.6916,-39.04,-62.62,-85.92,-66.05,0.0,6.25,4,12.79,3.4,-70.29,0.0,,8,,20260930
FREJP,Federal Home Loan Mortgage Corporation PFD 5.30%,Unknown,Unknown,OQB,10.0,204,0,0.1726,12.83,16.06,-16.3846,-34.79,-53.97,-75.39,-57.74,0.0,0.0,4,25.0,10.0,-60.0,0.0,,8,,20260930
FMCKO,Federal Home Loan Mortgage Corporation,Financial Services,Mortgage Finance,OQB,6.18,6353,19907818352,0.1711,7.34,9.47,-6.764,-25.34,-51.15,-73.22,-53.53,0.0,2.5,4,14.5,5.9,-57.38,0.0,,8,,20260930
FMCCO,Federal Home Loan Mortgage Corporation,Financial Services,Mortgage Finance,OQB,11.19,178,36046680453,0.1104,13.08,17.05,-17.0953,-28.24,-54.21,-72.75,-55.13,0.0,0.0,4,27.52,11.19,-59.34,0.0,,8,,20260930
FREJN,Federal Home Loan Mortgage Corporation,Financial Services,Mortgage Finance,OQB,12.14,21,39106946334,0.1521,15.06,17.57,-19.2166,-29.5,-47.96,-69.11,-51.8,0.0,0.0,4,25.95,12.14,-53.22,0.0,,8,,20260930
FMCKN,Federal Home Loan Mortgage Corporation,Financial Services,Mortgage Finance,OQB,6.2,4828,19972244889,0.1809,7.79,9.84,-8.7633,-34.83,-56.41,-73.81,-57.97,0.0,5.0,4,14.7,6.2,-57.82,0.0,,8,,20260930
FMCCS,Federal Home Loan Mortgage Corporation,Financial Services,Mortgage Finance,OQB,9.65,2179,31085832499,0.4222,11.89,15.17,-5.3089,-33.66,-54.52,-74.3,-57.22,0.0,7.5,4,23.74,9.65,-59.35,0.0,,8,,20260930
SMR,NuScale Power Corporation,Industrials,Specialty Industrial Machinery,NYSE,7.76,33138835,3184622848,0.6284,9.07,12.11,-2.0767,-25.22,-45.83,-96.29,-60.86,0.0,12.5,4,57.42,7.21,-86.49,0.0,,8,,20260930
PHI,PLDT Inc.,Communication Services,Telecom Services,NYSE,16.95,153562,3662145536,0.3788,18.38,19.33,-3.7669,-1.93,-38.63,-20.57,-22.23,0.0,31.25,4,24.51,16.71,-30.84,0.0,,8,,20260930
FHI,"Federated Hermes, Inc.",Financial Services,Asset Management,NYSE,57.52,604614,4294459392,1.4785,60.98,56.46,-2.341,2.21,-17.81,-3.07,-6.91,0.0,58.75,3,67.2,46.66,-14.4,0.0,,8,,20260930
LOPE,"Grand Canyon Education, Inc.",Consumer Defensive,Education & Training Services,NASDAQ,147.59,332964,3846938624,4.3226,148.38,158.66,-0.1836,0.54,-33.68,-48.68,-31.13,0.0,60.25,4,223.04,134.27,-33.83,0.0,,8,,20260930
ATHOF,Athabasca Oil Corporation,Energy,Oil & Gas E&P,PNK,7.19,338337,3460547072,0.2262,7.59,7.14,-1.7775,-2.87,-29.59,29.42,0.7,0.0,58.75,3,10.68,4.35,-32.68,0.0,,8,,20260930
AMMHF,AMMB Holdings Berhad,Financial Services,Banks - Regional,PNK,1.25,0,4156246528,0.0001,1.25,1.28,0.0,-3.58,-36.4,12.35,-8.7,0.0,49.0,3,1.8,1.2,-30.28,0.0,,8,,20260930
STNG,Scorpio Tankers Inc.,Energy,Oil & Gas Midstream,NYSE,83.57,836768,4185298688,2.6861,79.85,72.56,1.386,18.76,-6.74,30.39,14.49,0.0,90.0,2,90.06,48.93,-7.21,0.0,,8,,20260930
LIMAF,Linamar Corporation,Consumer Cyclical,Auto Parts,PNK,68.85,12511,4061035008,0.9569,72.5,67.52,-3.8154,-5.05,-8.49,12.46,0.75,0.0,33.75,3,80.02,50.04,-13.96,0.0,,8,,20260930
NAMS,NewAmsterdam Pharma Company N.V.,Healthcare,Biotechnology,NASDAQ,23.81,1295192,2846179840,1.3732,26.1,31.34,-1.6671,-32.33,-40.36,-33.17,-35.48,0.0,12.5,4,42.2,21.02,-43.58,0.0,,8,,20260930
PLNT,"Planet Fitness, Inc.",Consumer Cyclical,Leisure,NYSE,40.74,2149411,3090097408,2.0663,50.86,68.81,-4.8973,-24.5,-66.28,-77.41,-60.29,0.0,7.5,4,114.26,37.03,-64.34,0.0,,8,,20260930
INSW,"International Seaways, Inc.",Energy,Oil & Gas Midstream,NYSE,110.24,597009,5460331520,4.0375,95.8,72.18,3.5766,48.65,51.29,155.47,92.3,0.0,93.75,2,113.14,42.26,-2.56,0.0,,8,,20260930
BRC,Brady Corporation,Industrials,Security & Protection Services,NYSE,84.78,212037,3976115456,2.2601,91.15,86.37,-2.8193,-9.75,-15.29,-5.97,-10.17,0.0,20.75,4,99.29,70.57,-14.61,0.0,,8,,20260930
TVTX,"Travere Therapeutics, Inc.",Healthcare,Biotechnology,NASDAQ,59.99,1513784,5578644480,2.4825,62.19,44.66,-0.8865,3.01,95.35,120.4,82.28,0.0,72.0,3,68.73,22.59,-12.72,0.0,,8,,20260930
PSUS,"Pershing Square USA, Ltd.",Financial Services,Asset Management,NYSE,36.64,356748,0,0.7331,38.41,36.64,-2.4179,-4.57,-18.35,-18.35,-14.91,0.0,73.25,3,44.0,35.71,-16.73,0.0,,8,,20260930
BDC,Belden Inc.,Technology,Communication Equipment,NYSE,109.25,467070,4269292544,4.3234,118.32,119.31,-2.0979,-11.44,-22.88,-28.54,-22.28,0.0,44.5,1,159.99,98.0,-31.71,0.0,,8,,20260930
AZZ,AZZ Inc.,Industrials,Specialty Business Services,NYSE,135.29,268781,4065667328,3.591,142.44,135.14,-1.9897,-15.19,-9.46,6.12,-4.66,0.0,33.75,3,162.2,92.98,-16.59,0.0,,8,,20260930
ACDVF,Air Canada,Industrials,Airlines,OQX,18.99,225618,4799633920,0.9271,19.62,15.81,-0.6753,6.86,29.42,31.99,24.81,0.0,75.75,3,22.52,12.03,-15.69,0.0,,8,,20260930
APEMY,Aperam S.A.,Basic Materials,Steel,PNK,49.5,228,3586957312,0.6316,53.45,48.68,-6.2579,3.48,14.0,43.37,23.12,0.0,52.5,3,61.65,35.3,-19.71,0.0,,8,,20260930
EE,"Excelerate Energy, Inc.",Energy,Oil & Gas Midstream,NYSE,32.19,367156,3650413568,1.385,37.45,35.28,-3.798,-17.65,-24.45,11.77,-8.26,0.0,17.0,4,43.17,24.86,-25.44,0.0,,8,,20260930
CLSK,"CleanSpark, Inc.",Financial Services,Capital Markets,NCM,13.31,20369601,3418235392,0.8931,13.1,12.59,0.2351,-11.11,41.18,-14.01,6.03,0.0,61.25,2,23.61,8.0,-43.63,0.0,,8,,20260930
FULTP,Fulton Financial Corporation,Financial Services,Banks - Regional,NASDAQ,17.37,13576,0,0.2528,17.77,18.03,-1.5846,-4.45,-25.35,-24.88,-19.94,0.0,37.75,4,20.32,17.21,-14.52,0.0,,8,,20260930
FULT,Fulton Financial Corporation,Financial Services,Banks - Regional,NASDAQ,22.65,1708971,4324214784,0.4155,23.88,21.83,-2.9711,-8.21,-4.32,7.67,-0.5,0.0,36.25,3,25.23,16.6,-10.23,0.0,,8,,20260930
KNF,Knife River Corporation,Basic Materials,Building Materials,NYSE,52.68,807728,2989793024,2.4357,64.71,76.86,-4.9407,-39.61,-54.86,-45.12,-47.15,0.0,11.25,4,96.28,50.66,-45.28,0.0,,8,,20260930
FNNTF,flatexDEGIRO SE,Financial Services,Capital Markets,PNK,33.9,133,3627242752,0.668,41.19,38.75,-10.9141,-22.77,-39.46,-12.44,-24.48,0.0,1.25,4,43.25,32.5,-21.62,0.0,,8,,20260930
PVH,PVH Corp.,Consumer Cyclical,Apparel Manufacturing,NYSE,75.74,950234,3494479360,2.4864,78.29,76.06,-1.0254,-0.54,-7.64,-29.27,-14.52,0.0,37.75,4,100.75,59.6,-24.82,0.0,,8,,20260930
KNSA,"Kiniksa Pharmaceuticals International, plc",Healthcare,Drug Manufacturers - Specialty & Generic,NASDAQ,75.73,614146,5826515968,2.5122,76.27,55.71,-0.2146,15.83,44.18,90.82,55.75,0.0,73.25,3,82.94,35.2,-8.69,0.0,,8,,20260930
CRK,"Comstock Resources, Inc.",Energy,Oil & Gas E&P,NYSE,12.51,2552371,3673192960,0.6728,13.83,17.14,-1.958,-18.74,-64.36,-53.24,-48.51,0.0,35.0,4,28.1,12.12,-55.48,0.0,,8,,20260930
LBTYA,Liberty Global Ltd.,Communication Services,Telecom Services,NASDAQ,9.26,2410585,3158470912,0.3131,10.37,11.33,-3.5312,-21.15,-45.07,-36.68,-35.73,0.0,7.5,4,13.52,9.23,-31.51,0.0,,8,,20260930
LBTYB,Liberty Global Ltd.,Communication Services,Telecom Services,NASDAQ,12.54,10687,4277238016,0.4501,12.56,13.01,-0.0529,-6.13,-27.25,-15.75,-17.37,0.0,55.25,3,29.01,10.2,-56.77,0.0,,8,,20260930
LBTYK,Liberty Global Ltd.,Communication Services,Telecom Services,NASDAQ,9.01,1472360,3073198848,0.2821,10.11,11.06,-3.8942,-20.68,-44.92,-40.62,-37.14,0.0,7.5,4,13.12,8.94,-31.33,0.0,,8,,20260930
RITPF,RIT Capital Partners Plc,Financial Services,Asset Management,PNK,35.4,185,4407223808,0.1057,35.02,31.56,3.6254,9.12,-1.5,12.34,6.69,0.0,75.0,2,36.34,27.14,-2.59,0.0,,8,,20260930
HKMPF,Hikma Pharmaceuticals PLC,Healthcare,Drug Manufacturers - Specialty & Generic,PNK,21.1,532,4368035328,0.0618,21.78,19.86,-10.9237,2.31,0.46,-17.42,-6.23,0.0,62.0,3,25.34,16.34,-16.73,0.0,,8,,20260930
JGCCY,JGC Holdings Corporation,Industrials,Engineering & Construction,PNK,29.58,31,3580303616,0.194,27.11,27.94,12.7205,-17.95,-4.2,29.72,5.93,0.0,50.0,3,34.95,19.06,-15.36,0.0,,8,,20260930
ITVPY,ITV plc,Communication Services,Broadcasting,PNK,9.08,15521,3327424000,0.28,9.7,10.33,-2.2009,-18.44,-24.03,-24.6,-22.86,0.0,11.25,4,11.98,8.67,-24.21,0.0,,8,,20260930
GTMEF,"Globe Telecom, Inc.",Communication Services,Telecom Services,PNK,28.2,0,4078610432,0.0044,28.05,35.24,35.3482,-1.12,-53.33,-48.51,-38.35,0.0,50.0,3,41.95,28.2,-32.78,0.0,,8,,20260930
SKT,Tanger Inc.,Real Estate,REIT - Retail,NYSE,34.86,887393,4167120896,0.6064,38.15,36.11,-5.4201,-13.59,-17.39,-9.51,-13.29,0.0,19.5,4,42.53,31.13,-18.03,0.0,,8,,20260930
DNP,DNP Select Income Fund Inc.,Financial Services,Asset Management,NYSE,9.83,696621,3723629824,0.1508,10.62,10.24,-5.2141,-10.39,-21.98,-10.8,-14.61,0.0,18.25,4,11.16,9.68,-11.92,0.0,,8,,20260930
PSKRF,Protector Forsikring ASA,Financial Services,Insurance - Property & Casualty,PNK,50.5,3,4156898560,0.1023,50.59,43.6,-0.8364,7.12,2.87,740.21,298.87,0.0,62.0,3,53.4,11.5,-5.43,0.0,,8,,20260930
IRT,"Independence Realty Trust, Inc.",Real Estate,REIT - Residential,NYSE,14.83,3026746,3583763200,0.3201,16.1,16.16,-3.9609,-13.73,-20.31,-23.18,-19.82,0.0,22.0,4,17.79,14.46,-16.64,0.0,,8,,20260930
CAAP,Corporación América Airports S.A.,Industrials,Airports & Air Services,NYSE,26.0,229551,4247656960,0.8119,24.05,24.95,2.4037,4.71,-7.87,27.61,9.47,0.0,87.5,3,30.5,17.36,-14.75,0.0,,8,,20260930
TREX,"Trex Company, Inc.",Industrials,Building Products & Equipment,NYSE,44.06,1831664,4577778176,1.5517,45.45,41.96,-0.895,-14.54,2.93,-30.79,-14.93,0.0,44.5,3,54.3,29.77,-18.86,0.0,,8,,20260930
TNL,Travel + Leisure Co.,Consumer Cyclical,Travel Services,NYSE,63.98,729743,3920827648,1.7607,70.0,70.08,-3.4206,-18.1,-24.74,-7.06,-16.01,0.0,23.25,4,81.0,58.07,-21.01,0.0,,8,,20260930
SRAD,Sportradar Group AG,Technology,Software - Application,NASDAQ,11.56,2393879,3421201152,0.6472,13.2,16.09,-2.5315,-25.37,-52.6,-76.81,-55.48,0.0,11.25,4,27.85,11.51,-58.49,0.0,,8,,20260930
LIVN,LivaNova PLC,Healthcare,Medical Devices,NASDAQ,76.99,638239,4241649152,2.1923,79.43,71.17,-1.113,-8.96,4.12,27.35,10.14,0.0,48.25,3,85.76,48.82,-10.23,0.0,,8,,20260930
MMYT,MakeMyTrip Limited,Consumer Cyclical,Travel Services,NASDAQ,47.12,776268,4432044032,2.0454,55.06,55.08,-3.8809,-14.17,8.02,-66.94,-27.51,0.0,10.0,4,96.6,32.67,-51.22,0.0,,8,,20260930
THO,"THOR Industries, Inc.",Consumer Cyclical,Recreational Vehicles,NYSE,70.16,681011,3621263616,2.5195,75.73,85.32,-2.2105,-8.59,-30.62,-49.17,-32.53,0.0,10.0,4,122.83,67.31,-42.88,0.0,,8,,20260930
DOO,BRP Inc.,Consumer Cyclical,Recreational Vehicles,NASDAQ,57.36,258045,4081181440,2.0706,61.73,65.1,-2.1116,-8.29,-37.03,-20.99,-23.43,0.0,10.0,4,81.89,48.83,-29.95,0.0,,8,,20260930
NCTKF,Nabtesco Corporation,Industrials,Specialty Industrial Machinery,PNK,30.61,53,3558460672,0.1665,28.96,28.54,9.8889,-7.23,2.44,19.1,6.69,0.0,51.25,2,37.0,22.77,-17.27,0.0,,8,,20260930
MNDY,monday.com Ltd.,Technology,Software - Application,NASDAQ,76.05,1358925,3214947072,5.2224,88.3,89.74,-2.346,2.47,-9.5,-79.9,-34.67,0.0,32.5,4,210.49,57.5,-63.87,0.0,,8,,20260930
PJT,PJT Partners Inc.,Financial Services,Capital Markets,NYSE,144.84,437318,6169778688,5.293,167.94,159.91,-4.3652,-6.5,-16.34,-37.02,-22.15,0.0,47.0,4,195.62,127.73,-25.96,0.0,,8,,20260930
NCTKY,Nabtesco Corporation,Industrials,Specialty Industrial Machinery,PNK,15.45,5078,3580548096,0.937,15.0,14.94,0.4836,-11.06,-3.07,47.48,15.16,0.0,61.25,2,19.46,8.44,-20.61,0.0,,8,,20260930
BCHHF,Bucher Industries AG,Industrials,Specialty Industrial Machinery,PNK,379.66,0,3725764864,0.0326,379.66,421.77,0.0,-7.46,-39.71,-39.21,-31.45,0.0,37.0,3,476.0,379.66,-20.24,0.0,,8,,20260930
AGLNF,AGL Energy Limited,Utilities,Utilities - Independent Power Producers,PNK,5.95,673,4002846208,0.0066,5.71,5.91,35.8993,-2.93,-27.31,-2.42,-11.26,0.0,75.0,3,7.17,5.21,-17.02,0.0,,8,,20260930
TSLTF,TransAlta Corporation,Utilities,Utilities - Independent Power Producers,PNK,18.77,19,0,0.0092,18.53,17.69,25.9702,-1.52,-16.21,6.03,-3.64,0.0,75.0,2,20.0,16.68,-6.17,0.0,,8,,20260930
TORXF,Torex Gold Resources Inc.,Basic Materials,Gold,OQX,48.89,43830,4526949376,1.9021,46.31,46.25,1.3571,20.47,-6.17,2.89,4.11,0.0,88.75,2,62.56,32.3,-21.85,0.0,,8,,20260930
