ticker,name,sector,industry,exchange,close,avg_volume_50d,market_cap,atr14,sma50,sma200,atr_extension,rs_3m,rs_6m,rs_12m,rs_score,rs_percentile,trend_strength,stage,52w_high,52w_low,pct_from_52w_high,rts_composite,rts_grade,rts_grade_rank,colour_band,run_date
OCS,Oculis Holding AG,Healthcare,Biotechnology,NASDAQ,,304100,554169024,0.545,,,,,,,,0.0,20.75,3,34.48,9.65,,0.0,,8,,20260918
MQ,"Marqeta, Inc.",Technology,Software - Infrastructure,NASDAQ,,1009601,1647884544,0.4716,,,,,,,,0.0,24.5,3,23.72,14.8,,0.0,,8,,20260918
FLO,"Flowers Foods, Inc.",Consumer Defensive,Packaged Foods,NYSE,,6927877,1291429760,0.2259,,,,,,,,0.0,20.75,3,13.47,5.92,,0.0,,8,,20260918
AMRC,"Ameresco, Inc.",Industrials,Engineering & Construction,NYSE,,662864,1257669248,1.0931,,,,,,,,0.0,23.25,3,44.93,18.38,,0.0,,8,,20260918
HGRAF,HydroGraph Clean Power Inc.,Basic Materials,Specialty Chemicals,OQB,3.7,1157207,1340472320,0.3064,3.97,3.99,-0.8734,,,,,0.0,19.5,4,8.37,1.3,-55.79,0.0,,8,,20260918
VLXGF,Volex plc,Industrials,Electrical Equipment & Parts,PNK,8.53,2382,1561184256,0.1281,7.53,6.97,7.8324,4.89,18.8,66.31,34.33,0.0,75.0,2,9.53,4.73,-10.49,0.0,,8,,20260918
MQY,"BlackRock MuniYield Quality Fund, Inc.",Financial Services,Asset Management,NYSE,10.5,465979,754252992,0.1124,11.06,11.07,-4.989,,,,,0.0,19.5,4,11.94,10.32,-12.06,0.0,,8,,20260918
LMPMY,Lee & Man Paper Manufacturing Limited,Basic Materials,Paper & Paper Products,PNK,4.25,96,1825374976,0.0723,4.62,4.09,-5.0722,,,,,0.0,50.0,3,5.65,3.21,-24.78,0.0,,8,,20260918
CNXN,"PC Connection, Inc.",Technology,Electronics & Computer Distribution,NASDAQ,,153150,2182086144,2.2223,,,,,,,,0.0,29.5,3,88.35,54.97,,0.0,,8,,20260918
PEB,Pebblebrook Hotel Trust,Real Estate,REIT - Hotel & Motel,NYSE,,2301011,2030040448,0.5692,,,,,,,,0.0,23.25,3,19.93,9.99,,0.0,,8,,20260918
AIP,"Arteris, Inc.",Technology,Semiconductors,NASDAQ,,787375,1099532544,1.1078,,,,,,,,0.0,20.75,3,50.26,9.46,,0.0,,8,,20260918
HTZ,"Hertz Global Holdings, Inc.",Industrials,Rental & Leasing Services,NASDAQ,,33430756,662999616,0.1311,,,,,,,,0.0,20.75,3,8.18,1.45,,0.0,,8,,20260918
AGIO,"Agios Pharmaceuticals, Inc.",Healthcare,Biotechnology,NASDAQ,,1106069,2006580224,1.3292,,,,,,,,0.0,22.0,3,46.0,22.24,,0.0,,8,,20260918
TILE,"Interface, Inc.",Consumer Cyclical,"Furnishings, Fixtures & Appliances",NASDAQ,,502433,1987179904,0.9981,,,,,,,,0.0,19.5,3,40.5,24.4,,0.0,,8,,20260918
CAPR,"Capricor Therapeutics, Inc.",Healthcare,Biotechnology,NASDAQ,,6463982,547669248,0.7277,,,,,,,,0.0,18.25,3,40.37,2.96,,0.0,,8,,20260918
BLDP,Ballard Power Systems Inc.,Industrials,Electrical Equipment & Parts,NASDAQ,,4945296,657284160,0.0992,,,,,,,,0.0,17.0,3,6.57,1.92,,0.0,,8,,20260918
NMRSF,"Namura Shipbuilding Co., Ltd.",Industrials,Aerospace & Defense,PNK,30.12,129,2094891392,0.1689,26.44,19.04,21.7898,35.49,185.42,3427.38,1444.72,0.0,75.0,2,36.36,21.59,-17.15,0.0,,8,,20260918
NKRKF,Nokian Renkaat Oyj,Consumer Cyclical,Auto Parts,PNK,17.44,91,2405463552,0.0156,16.93,12.86,32.6898,44.34,21.1,83.42,51.84,0.0,75.0,2,17.44,9.0,0.0,0.0,,8,,20260918
SHLS,"Shoals Technologies Group, Inc.",Technology,Solar,NASDAQ,,5414896,1287494656,0.3965,,,,,,,,0.0,24.5,3,13.18,5.43,,0.0,,8,,20260918
NKRKY,Nokian Renkaat Oyj,Consumer Cyclical,Auto Parts,PNK,9.05,4677,2496495872,0.1559,8.75,6.6,1.9531,,,,,0.0,81.25,2,9.63,4.24,-6.02,0.0,,8,,20260918
INVA,"Innoviva, Inc.",Healthcare,Biotechnology,NASDAQ,,773590,1520767488,0.4154,,,,,,,,0.0,23.25,3,25.15,16.52,,0.0,,8,,20260918
SGML,Sigma Lithium Corporation,Basic Materials,Other Industrial Metals & Mining,NCM,,1831329,999606592,0.6241,,,,,,,,0.0,20.75,3,24.48,4.62,,0.0,,8,,20260918
CASBF,CanSino Biologics Inc.,Healthcare,Drug Manufacturers - Specialty & Generic,PNK,2.95,61,728779264,0.1524,3.53,3.86,-3.8144,-5.59,-36.58,-66.01,-40.61,0.0,25.0,4,6.99,2.6,-57.8,0.0,,8,,20260918
CMPNF,Champion Real Estate Investment Trust,Real Estate,REIT - Retail,PNK,0.34,0,1913956992,0.0,0.34,0.31,0.0,-0.75,-3.33,15.41,4.81,0.0,62.0,3,0.34,0.23,0.0,0.0,,8,,20260918
PAYO,Payoneer Global Inc.,Technology,Software - Infrastructure,NASDAQ,,4056650,2409229568,0.0362,,,,,,,,0.0,25.75,3,7.18,4.08,,0.0,,8,,20260918
PLYGF,PolyPeptide Group AG,Healthcare,Drug Manufacturers - Specialty & Generic,PNK,54.42,27,1796753024,0.1147,49.4,41.65,43.8208,25.8,59.75,43.53,44.78,0.0,75.0,2,54.42,31.5,-0.0,0.0,,8,,20260918
PRCT,PROCEPT BioRobotics Corporation,Healthcare,Medical Devices,NASDAQ,,1510369,1108209792,1.1874,,,,,,,,0.0,23.25,3,39.99,16.66,,0.0,,8,,20260918
HLIT,Harmonic Inc.,Technology,Communication Equipment,NASDAQ,,1727729,1198640256,0.4,,,,,,,,0.0,20.75,3,17.68,8.47,,0.0,,8,,20260918
NUVB,Nuvation Bio Inc.,Healthcare,Biotechnology,NYSE,,6826898,2131318016,0.2946,,,,,,,,0.0,19.5,3,9.75,2.99,,0.0,,8,,20260918
WBTN,WEBTOON Entertainment Inc.,Communication Services,Internet Content & Information,NASDAQ,,402340,1403252480,0.5365,,,,,,,,0.0,25.75,3,22.47,7.85,,0.0,,8,,20260918
IMKTA,"Ingles Markets, Incorporated",Consumer Defensive,Grocery Stores,NASDAQ,,124517,1575583488,1.6854,,,,,,,,0.0,22.0,3,95.62,66.63,,0.0,,8,,20260918
IIPR,"Innovative Industrial Properties, Inc.",Real Estate,REIT - Industrial,NYSE,,329346,1555851136,1.1215,,,,,,,,0.0,23.25,3,65.38,44.58,,0.0,,8,,20260918
FMC,FMC Corporation,Basic Materials,Agricultural Inputs,NYSE,,3953059,1277313792,0.7069,,,,,,,,0.0,25.75,3,37.52,9.95,,0.0,,8,,20260918
TRVG,trivago N.V.,Communication Services,Internet Content & Information,NASDAQ,,123798,472036064,0.4518,,,,,,,,0.0,22.0,3,6.8,2.59,,0.0,,8,,20260918
PVLA,"Palvella Therapeutics, Inc.",Healthcare,Biotechnology,NASDAQ,,233633,2223505408,5.6859,,,,,,,,0.0,24.5,3,161.38,56.22,,0.0,,8,,20260918
TSLX,"Sixth Street Specialty Lending, Inc.",Financial Services,Asset Management,NYSE,,534888,1734291712,0.3474,,,,,,,,0.0,24.5,3,23.65,16.04,,0.0,,8,,20260918
KRKNF,Kraken Robotics Inc.,Technology,Scientific & Technical Instruments,OQB,3.28,912546,1218231808,0.2167,4.12,5.22,-3.8697,,,,,0.0,7.5,4,8.13,3.05,-59.66,0.0,,8,,20260918
DCOM,"Dime Commercial Bancshares, Inc.",Financial Services,Banks - Regional,NYSE,,320004,1790991616,0.7454,,,,,,,,0.0,25.75,3,41.97,25.63,,0.0,,8,,20260918
GABC,"German American Bancorp, Inc.",Financial Services,Banks - Regional,NASDAQ,,164600,1848501504,0.84,,,,,,,,0.0,23.25,3,52.23,37.19,,0.0,,8,,20260918
RNDOF,Round One Corporation,Consumer Cyclical,Leisure,PNK,7.9,27,2076036992,0.0916,7.62,2.93,3.0474,255.91,1786.16,6010.5,3093.33,0.0,75.0,2,9.5,5.29,-16.87,0.0,,8,,20260918
BDJ,BlackRock Enhanced Equity Dividend Trust,Financial Services,Asset Management,NYSE,9.59,468361,1696899584,0.1085,9.66,9.07,-0.6089,,,,,0.0,68.25,3,9.95,8.42,-3.62,0.0,,8,,20260918
GPEAF,Great Portland Estates Plc,Real Estate,REIT - Office,PNK,4.01,0,1617673088,0.0001,4.01,4.05,0.0,-0.75,-13.53,-14.39,-10.68,0.0,49.0,3,5.27,3.71,-23.91,0.0,,8,,20260918
STMRF,Stanmore Resources Limited,Basic Materials,Coking Coal,OQX,1.99,457,1789262336,0.0548,1.86,1.79,2.2399,10.14,-10.69,62.44,23.77,0.0,76.25,2,2.35,1.29,-15.53,0.0,,8,,20260918
SREMF,Sunrise Energy Metals Limited,Industrials,Pollution & Treatment Controls,OQX,13.73,66738,2327042048,1.2753,11.92,8.7,1.4186,,,,,0.0,87.5,2,16.86,2.36,-18.57,0.0,,8,,20260918
NVRI,Enviri Corporation,Industrials,Waste Management,NYSE,,397125,579306944,0.8223,,,,,,,,0.0,23.25,3,24.2,11.15,,0.0,,8,,20260918
TCBK,TriCo Bancshares,Financial Services,Banks - Regional,NASDAQ,,351798,1716608000,0.8723,,,,,,,,0.0,24.5,3,61.71,40.44,,0.0,,8,,20260918
STAA,STAAR Surgical Company,Healthcare,Medical Instruments & Supplies,NASDAQ,,911319,1065058240,1.0115,,,,,,,,0.0,22.0,3,35.87,15.59,,0.0,,8,,20260918
TGLVY,Top Glove Corporation Bhd.,Healthcare,Medical Instruments & Supplies,PNK,0.71,382,1433236608,0.0256,0.6,0.63,4.3207,-7.17,0.46,34.13,12.02,0.0,50.0,3,0.93,0.46,-23.37,0.0,,8,,20260918
BST,BlackRock Science and Technology Trust,Financial Services,Asset Management,NYSE,47.97,91088,0,0.8676,45.9,40.51,2.3891,,,,,0.0,88.75,2,51.3,34.87,-6.49,0.0,,8,,20260918
STBA,"S&T Bancorp, Inc.",Financial Services,Banks - Regional,NASDAQ,,258808,1748815744,0.8108,,,,,,,,0.0,22.0,3,53.5,34.38,,0.0,,8,,20260918
STGW,Stagwell Inc.,Communication Services,Advertising Agencies,NASDAQ,,1386062,2031591168,0.2631,,,,,,,,0.0,19.5,3,9.55,4.29,,0.0,,8,,20260918
ASAN,"Asana, Inc.",Technology,Software - Application,NYSE,,5770732,2310308352,0.4622,,,,,,,,0.0,30.75,3,15.48,5.38,,0.0,,8,,20260918
SLSR,Solaris Resources Inc.,Basic Materials,Other Precious Metals & Mining,NYSE,,172570,1227976320,0.4288,,,,,,,,0.0,20.75,3,11.48,4.89,,0.0,,8,,20260918
PMREF,Primaris Real Estate Investment Trust,Real Estate,REIT - Retail,PNK,14.72,14304,2028475008,0.0859,15.76,13.99,-12.1339,1.05,7.91,23.69,12.51,0.0,51.25,3,46.44,10.44,-68.31,0.0,,8,,20260918
LILAK,Liberty Latin America Ltd.,Communication Services,Telecom Services,NASDAQ,,1623743,1678862976,0.2311,,,,,,,,0.0,29.5,3,8.91,4.61,,0.0,,8,,20260918
LILA,Liberty Latin America Ltd.,Communication Services,Telecom Services,NASDAQ,,680783,1671026944,0.1827,,,,,,,,0.0,29.5,3,8.95,4.58,,0.0,,8,,20260918
LILAB,Liberty Latin America Ltd.,Communication Services,Telecom Services,PNK,7.45,9,1459454976,0.0054,7.31,8.82,26.1102,2.0,-30.23,-32.58,-23.11,0.0,50.0,3,10.74,7.02,-30.63,0.0,,8,,20260918
ZD,"Ziff Davis, Inc.",Communication Services,Advertising Agencies,NASDAQ,,647832,2027402624,1.4623,,,,,,,,0.0,25.75,3,60.48,22.45,,0.0,,8,,20260918
SESPF,SeSa S.p.A.,Technology,Information Technology Services,PNK,104.0,0,1577592192,0.003,104.0,104.06,0.0,-0.75,3.84,-29.37,-10.59,0.0,49.0,3,121.95,89.0,-14.72,0.0,,8,,20260918
CNXC,Concentrix Corporation,Technology,Information Technology Services,NASDAQ,,1743127,1729260160,2.0397,,,,,,,,0.0,28.25,3,57.88,19.12,,0.0,,8,,20260918
REX,REX American Resources Corporation,Basic Materials,Chemicals,NYSE,,187858,1417926912,1.6223,,,,,,,,0.0,22.0,3,53.36,30.15,,0.0,,8,,20260918
FBYD,"Falcon's Beyond Global, Inc.",Industrials,Conglomerates,NASDAQ,,153870,332951072,0.8868,,,,,,,,0.0,22.0,3,29.02,3.71,,0.0,,8,,20260918
BFSAF,Befesa S.A.,Industrials,Waste Management,PNK,40.7,0,1628000000,0.0024,40.7,35.98,0.0,1.76,2.0,49.24,20.84,0.0,75.0,3,40.7,25.35,0.0,0.0,,8,,20260918
LWSCF,Sienna Senior Living Inc.,Healthcare,Medical Care Facilities,PNK,14.18,64483,1572247040,0.079,15.62,15.64,-18.2741,-7.51,-25.65,-3.58,-12.29,0.0,13.25,4,17.58,13.0,-19.34,0.0,,8,,20260918
RXRX,"Recursion Pharmaceuticals, Inc.",Healthcare,Biotechnology,NASDAQ,,18665562,1898399616,0.1753,,,,,,,,0.0,22.0,3,7.18,2.77,,0.0,,8,,20260918
AEVA,"Aeva Technologies, Inc.",Technology,Software - Infrastructure,NASDAQ,,1800350,1063012864,0.7918,,,,,,,,0.0,22.0,3,31.3,8.83,,0.0,,8,,20260918
AVAH,Aveanna Healthcare Holdings Inc.,Healthcare,Medical Care Facilities,NASDAQ,,2928137,3049520896,0.5226,,,,,,,,0.0,24.5,3,14.71,5.93,,0.0,,8,,20260918
WWUEY,Wüstenrot & Württembergische AG,Financial Services,Insurance - Life,PNK,8.86,1,1657568512,0.0015,8.92,8.54,-42.0453,-2.42,-7.33,-5.4,-5.33,0.0,37.0,3,9.16,8.29,-3.28,0.0,,8,,20260918
KMMPF,Killam Apartment REIT,Real Estate,REIT - Residential,PNK,12.33,4470,1513357312,0.0771,13.13,12.39,-10.2705,-8.61,-6.59,-17.02,-11.27,0.0,13.25,4,13.57,11.1,-9.11,0.0,,8,,20260918
CMPS,COMPASS Pathways plc,Healthcare,Medical Care Facilities,NASDAQ,,3423898,2077152256,0.8138,,,,,,,,0.0,23.25,3,15.87,4.82,,0.0,,8,,20260918
CRLFF,Cardinal Energy Ltd.,Energy,Oil & Gas E&P,PNK,8.94,468141,1571198976,0.2268,8.24,7.56,3.0991,,,,,0.0,87.5,2,9.68,5.1,-7.64,0.0,,8,,20260918
ATAI,AtaiBeckley Inc.,Healthcare,Biotechnology,NASDAQ,7.35,14879850,2725855232,0.0919,6.9,4.74,4.9164,89.56,77.05,37.24,64.25,0.0,85.0,2,7.45,3.27,-1.34,0.0,,8,,20260918
TFIN,"Triumph Financial, Inc.",Financial Services,Banks - Regional,NYSE,,246100,1505355776,1.9031,,,,,,,,0.0,19.5,3,83.52,46.43,,0.0,,8,,20260918
GLUE,"Monte Rosa Therapeutics, Inc.",Healthcare,Biotechnology,NASDAQ,,1460251,1074948864,0.7815,,,,,,,,0.0,19.5,3,25.77,6.23,,0.0,,8,,20260918
ABCL,AbCellera Biologics Inc.,Healthcare,Biotechnology,NASDAQ,,7472622,4125122816,0.6269,,,,,,,,0.0,24.5,3,13.18,2.75,,0.0,,8,,20260918
NHNKY,Nihon Kohden Corporation,Healthcare,Medical Devices,PNK,10.21,19319,1633318272,0.1671,9.56,9.89,3.8618,,,,,0.0,82.5,3,14.21,8.12,-28.15,0.0,,8,,20260918
BFC,Bank First Corporation,Financial Services,Banks - Regional,NCM,152.1,87269,1686120832,3.362,152.27,141.39,-0.0506,,,,,0.0,75.75,3,159.1,119.08,-4.4,0.0,,8,,20260918
HOPE,"Hope Bancorp, Inc.",Financial Services,Banks - Regional,NASDAQ,,1046925,1780721152,0.2654,,,,,,,,0.0,22.0,3,14.59,9.8,,0.0,,8,,20260918
SLCJY,SLC Agrícola S.A.,Consumer Defensive,Farm Products,PNK,3.51,67343,1740820736,0.1136,2.88,3.04,5.586,,,,,0.0,81.25,3,3.94,2.4,-10.91,0.0,,8,,20260918
TSHA,"Taysha Gene Therapies, Inc.",Healthcare,Biotechnology,NASDAQ,,3211585,1681300992,0.2308,,,,,,,,0.0,19.5,3,7.3,2.71,,0.0,,8,,20260918
EBRCZ,"EBR Systems, Inc.",Healthcare,Medical Devices,PNK,0.22,6157,165738224,0.0061,0.24,0.45,-2.6122,16.83,-69.01,-86.02,-54.36,0.0,2.5,4,1.5,0.16,-85.33,0.0,,8,,20260918
FDMDF,4DMedical Limited,Healthcare,Medical Devices,PNK,2.47,746,1485881856,0.0534,2.74,2.7,-4.9855,-8.12,-34.85,99.43,25.54,0.0,37.0,3,5.0,0.87,-50.6,0.0,,8,,20260918
VRNO,Verano Holdings Corp.,Healthcare,Drug Manufacturers - Specialty & Generic,OQX,6.06,97874,443700896,0.276,5.79,5.91,0.9763,,,,,0.0,90.0,3,9.75,3.91,-37.85,0.0,,8,,20260918
ABXXF,Abaxx Technologies Inc.,Technology,Software - Application,OQX,12.87,80446,499216576,1.3133,16.73,29.38,-2.9401,,,,,0.0,12.5,4,52.5,11.37,-75.49,0.0,,8,,20260918
SATL,Satellogic Inc.,Industrials,Aerospace & Defense,NCM,,5728429,847106880,0.3391,,,,,,,,0.0,22.0,3,12.0,1.25,,0.0,,8,,20260918
INTA,"Intapp, Inc.",Technology,Software - Application,NASDAQ,,740067,2807194112,1.5344,,,,,,,,0.0,23.25,3,47.93,19.01,,0.0,,8,,20260918
CET,Central Securities Corporation,Financial Services,Asset Management,NYSE,55.71,33500,0,0.7495,54.23,52.21,1.9688,,,,,0.0,87.5,2,56.23,47.82,-0.92,0.0,,8,,20260918
BAK,Braskem S.A.,Basic Materials,Chemicals,NYSE,,2336572,713286720,0.1329,,,,,,,,0.0,20.75,3,5.39,1.4,,0.0,,8,,20260918
APPN,Appian Corporation,Technology,Software - Infrastructure,NASDAQ,,879138,2729728000,1.9735,,,,,,,,0.0,25.75,3,46.06,18.63,,0.0,,8,,20260918
FISK,"Empire State Realty OP, L.P.",Real Estate,REIT - Office,PCX,4.3,541,1195024128,0.0368,4.89,5.47,-15.969,-20.77,-23.96,-57.56,-36.6,0.0,0.0,4,8.16,4.28,-47.3,0.0,,8,,20260918
CLVT,Clarivate Plc,Technology,Information Technology Services,NYSE,,6498677,1215361536,0.1092,,,,,,,,0.0,25.75,3,4.17,1.66,,0.0,,8,,20260918
BELGF,Bellevue Gold Limited,Basic Materials,Gold,PNK,1.11,6653,1655567616,0.0293,1.04,1.09,2.3779,-1.65,-8.29,56.74,19.38,0.0,77.5,3,1.49,0.68,-25.5,0.0,,8,,20260918
RES,"RPC, Inc.",Energy,Oil & Gas Equipment & Services,NYSE,,1601759,1314425984,0.2038,,,,,,,,0.0,19.5,3,8.16,4.18,,0.0,,8,,20260918
FSUN,FirstSun Capital Bancorp,Financial Services,Banks - Regional,NASDAQ,,314977,1733622272,0.8162,,,,,,,,0.0,25.75,3,42.34,29.95,,0.0,,8,,20260918
GTBIF,Green Thumb Industries Inc.,Healthcare,Drug Manufacturers - Specialty & Generic,OQX,7.35,499056,1606627584,0.2766,7.3,7.32,0.1694,,,,,0.0,65.0,3,10.43,5.29,-29.53,0.0,,8,,20260918
OPRA,Opera Limited,Communication Services,Internet Content & Information,NASDAQ,,352732,1627188096,0.5208,,,,,,,,0.0,24.5,3,21.06,11.71,,0.0,,8,,20260918
NBR,Nabors Industries Ltd.,Energy,Oil & Gas Drilling,NYSE,,257440,1319388928,3.9,,,,,,,,0.0,23.25,3,112.9,36.62,,0.0,,8,,20260918
IMTX,Immatics N.V.,Healthcare,Biotechnology,NCM,,493696,1342625152,0.3745,,,,,,,,0.0,22.0,3,12.41,6.18,,0.0,,8,,20260918
DMRA,"Damora Therapeutics, Inc.",Healthcare,Biotechnology,NCM,,613404,1406335232,2.0773,,,,,,,,0.0,20.75,3,38.33,2.77,,0.0,,8,,20260918
DXC,DXC Technology Company,Technology,Information Technology Services,NYSE,,3963706,1827868160,0.4262,,,,,,,,0.0,24.5,3,15.68,7.9,,0.0,,8,,20260918
PRGO,Perrigo Company plc,Healthcare,Drug Manufacturers - Specialty & Generic,NYSE,,3205480,1865197568,0.5692,,,,,,,,0.0,23.25,3,22.65,9.23,,0.0,,8,,20260918
XHR,"Xenia Hotels & Resorts, Inc.",Real Estate,REIT - Hotel & Motel,NYSE,,771846,1746084096,0.4204,,,,,,,,0.0,23.25,3,22.06,11.75,,0.0,,8,,20260918
VSTS,Vestis Corporation,Industrials,Rental & Leasing Services,NYSE,,1416453,1829095808,0.5245,,,,,,,,0.0,20.75,3,16.9,4.02,,0.0,,8,,20260918
VIR,"Vir Biotechnology, Inc.",Healthcare,Biotechnology,NASDAQ,,1964177,1847838208,0.511,,,,,,,,0.0,24.5,3,11.94,4.82,,0.0,,8,,20260918
PTTMF,PT TIMAH Tbk,Basic Materials,Other Industrial Metals & Mining,PNK,0.19,59,2244782848,0.0865,0.2,-63.87,-0.1429,-100.97,-113.21,-117.16,-111.73,0.0,37.0,3,0.22,0.06,-13.13,0.0,,8,,20260918
NWL,Newell Brands Inc.,Consumer Defensive,Household & Personal Products,NASDAQ,,10288169,2389298944,0.3013,,,,,,,,0.0,20.75,3,7.13,3.07,,0.0,,8,,20260918
DAO,"Youdao, Inc.",Consumer Defensive,Education & Training Services,NYSE,,74787,1726281600,0.9393,,,,,,,,0.0,24.5,3,18.94,8.38,,0.0,,8,,20260918
GRGTF,Grainger plc,Real Estate,Real Estate Services,PNK,2.49,161,1846606464,0.0015,2.42,2.3,48.2883,18.38,-16.44,-12.3,-6.08,0.0,75.0,2,2.8,2.09,-11.07,0.0,,8,,20260918
TNIEF,tonies SE,Consumer Cyclical,Leisure,PNK,13.25,287,1639695104,0.21,13.86,12.71,-2.8846,0.97,-4.76,37.56,13.6,0.0,62.0,3,15.14,8.7,-12.48,0.0,,8,,20260918
LINC,Lincoln Educational Services Corporation,Consumer Defensive,Education & Training Services,NASDAQ,,839019,805725568,1.2162,,,,,,,,0.0,22.0,3,56.34,17.29,,0.0,,8,,20260918
TPRKY,Travis Perkins plc,Industrials,Industrial Distribution,PNK,7.96,6548,1686248064,0.1474,8.12,7.99,-1.0773,7.1,-14.77,-10.28,-7.5,0.0,52.75,3,9.78,6.78,-18.61,0.0,,8,,20260918
BORAY,"Bora Pharmaceuticals Co., Ltd.",Healthcare,Drug Manufacturers - Specialty & Generic,OQX,2.64,144,337066592,0.0202,2.64,2.64,0.0,4.26,4.26,4.26,4.26,0.0,62.0,3,2.74,2.25,-3.57,0.0,,8,,20260918
RHUHF,Richelieu Hardware Ltd.,Industrials,Tools & Accessories,PNK,25.4,17096,1396702592,0.0954,25.52,28.13,-1.2189,-8.75,-29.77,-13.65,-18.07,0.0,24.0,4,32.78,23.44,-22.51,0.0,,8,,20260918
ITMPF,ITM Power Plc,Industrials,Specialty Industrial Machinery,PNK,1.41,7967,973184384,0.0467,1.42,1.32,-0.2646,,,,,0.0,45.75,3,2.85,0.8,-50.53,0.0,,8,,20260918
EVTC,"EVERTEC, Inc.",Technology,Software - Infrastructure,NYSE,,450953,1686216704,0.9646,,,,,,,,0.0,22.0,3,34.77,21.81,,0.0,,8,,20260918
ESBA,"Empire State Realty OP, L.P.",Real Estate,REIT - Office,PCX,4.05,5420,1134782720,0.1748,4.76,5.43,-4.035,,,,,0.0,7.5,4,8.3,4.01,-51.2,0.0,,8,,20260918
OGCP,"Empire State Realty OP, L.P.",Real Estate,REIT - Office,PCX,4.21,1301,1179613568,0.0816,4.78,5.45,-7.028,,,,,0.0,5.0,4,8.18,4.07,-48.53,0.0,,8,,20260918
COUR,"Coursera, Inc.",Consumer Defensive,Education & Training Services,NYSE,,6200608,1474746880,0.2256,,,,,,,,0.0,19.5,3,12.32,5.0,,0.0,,8,,20260918
CBLUF,China BlueChemical Ltd.,Basic Materials,Agricultural Inputs,PNK,0.22,483,1728749952,0.0001,0.22,0.27,0.0,-34.09,-52.16,-38.29,-42.09,0.0,25.0,3,0.38,0.22,-42.11,0.0,,8,,20260918
IMDXF,Imdex Limited,Industrials,Farm & Heavy Construction Machinery,PNK,2.38,159,1238273280,0.0302,2.69,2.7,-10.4328,-18.4,-34.98,0.74,-16.55,0.0,0.0,4,3.19,2.02,-25.39,0.0,,8,,20260918
SNLRF,Sanlorenzo S.p.A.,Consumer Cyclical,Recreational Vehicles,PNK,42.17,38,1493353600,0.1582,43.69,39.26,-9.6262,-4.13,13.72,-8.8,0.25,0.0,62.0,3,44.72,32.43,-5.71,0.0,,8,,20260918
DCH,Dauch Corporation,Consumer Cyclical,Auto Parts,NYSE,,3222670,1451764224,0.3085,,,,,,,,0.0,19.5,3,9.25,4.92,,0.0,,8,,20260918
GHRS,GH Research PLC,Healthcare,Biotechnology,NASDAQ,,277866,1971406464,1.1349,,,,,,,,0.0,22.0,3,31.44,12.04,,0.0,,8,,20260918
MBX,"MBX Biosciences, Inc.",Healthcare,Biotechnology,NASDAQ,,648380,3076948480,2.8847,,,,,,,,0.0,22.0,3,72.64,9.66,,0.0,,8,,20260918
WKC,World Kinect Corporation,Energy,Oil & Gas Refining & Marketing,NYSE,,1185724,1832762624,0.9108,,,,,,,,0.0,19.5,3,41.2,22.21,,0.0,,8,,20260918
NVAX,"Novavax, Inc.",Healthcare,Biotechnology,NASDAQ,,4323104,1649457280,0.6085,,,,,,,,0.0,23.25,3,11.97,6.2,,0.0,,8,,20260918
PRXXF,Paradox Interactive AB (publ),Communication Services,Electronic Gaming & Multimedia,PNK,15.0,66,1571836544,0.077,14.49,11.83,6.6879,6.39,61.0,4.08,24.58,0.0,75.0,2,19.1,12.5,-21.47,0.0,,8,,20260918
SLVM,Sylvamo Corporation,Basic Materials,Paper & Paper Products,NYSE,,291443,1463176960,1.1808,,,,,,,,0.0,17.0,3,56.8,34.25,,0.0,,8,,20260918
FRUYF,"Furuya Metal Co., Ltd.",Technology,Electronic Components,PNK,20.72,0,509697568,0.2155,20.72,-98.9,0.0,-115.12,-127.37,-127.79,-124.47,0.0,62.0,3,60.32,20.52,-65.65,0.0,,8,,20260918
VPG,"Vishay Precision Group, Inc.",Technology,Scientific & Technical Instruments,NYSE,,552285,825460096,2.8923,,,,,,,,0.0,23.25,3,151.78,29.08,,0.0,,8,,20260918
QURE,uniQure N.V.,Healthcare,Biotechnology,NASDAQ,,1568043,3058365184,2.0402,,,,,,,,0.0,20.75,3,71.5,8.73,,0.0,,8,,20260918
PGEN,"Precigen, Inc.",Healthcare,Biotechnology,NASDAQ,,4953445,2817737216,0.2685,,,,,,,,0.0,22.0,3,7.95,2.99,,0.0,,8,,20260918
ECVT,Ecovyst Inc.,Basic Materials,Specialty Chemicals,NYSE,,1531398,1164743808,0.2954,,,,,,,,0.0,25.75,3,15.09,7.41,,0.0,,8,,20260918
ACKAY,Arçelik Anonim Sirketi,Consumer Cyclical,"Furnishings, Fixtures & Appliances",PNK,9.59,659,1296046848,0.055,10.17,12.36,-10.4901,,,,,0.0,1.25,4,17.0,9.48,-43.59,0.0,,8,,20260918
QFIN,"Qfin Holdings, Inc.",Financial Services,Credit Services,NASDAQ,,1873306,1007921728,0.2977,,,,,,,,0.0,22.0,3,32.69,8.0,,0.0,,8,,20260918
AMLX,"Amylyx Pharmaceuticals, Inc.",Healthcare,Drug Manufacturers - Specialty & Generic,NASDAQ,,2477346,3781698048,1.7,,,,,,,,0.0,22.0,3,41.14,10.83,,0.0,,8,,20260918
ARDX,"Ardelyx, Inc.",Healthcare,Biotechnology,NASDAQ,,4424051,872673984,0.1251,,,,,,,,0.0,18.25,3,8.4,3.34,,0.0,,8,,20260918
BOBS,"Bob's Discount Furniture, Inc.",Consumer Cyclical,Specialty Retail,NYSE,,964219,1918486272,0.9508,,,,,,,,0.0,22.0,3,23.49,9.74,,0.0,,8,,20260918
DV,"DoubleVerify Holdings, Inc.",Communication Services,Advertising Agencies,NYSE,,4028409,2087682816,0.0519,,,,,,,,0.0,24.5,3,13.65,7.64,,0.0,,8,,20260918
AMTD,AMTD IDEA Group,Financial Services,Asset Management,NYSE,,12112,67395600,0.0381,,,,,,,,0.0,23.25,3,1.65,0.71,,0.0,,8,,20260918
GAM,"General American Investors Company, Inc.",Financial Services,Asset Management,NYSE,65.02,21670,1549563904,0.9809,65.91,62.6,-0.9086,,,,,0.0,70.75,3,68.57,56.24,-5.18,0.0,,8,,20260918
MLLGF,Mullen Group Ltd.,Industrials,Trucking,PNK,18.2,22991,1751587328,0.1909,18.49,14.46,-1.5096,,,,,0.0,63.25,3,20.35,9.47,-10.57,0.0,,8,,20260918
BY,"Byline Bancorp, Inc.",Financial Services,Banks - Regional,NYSE,,302409,1699461248,0.6708,,,,,,,,0.0,23.25,3,40.03,25.57,,0.0,,8,,20260918
LAR,Lithium Argentina AG,Basic Materials,Other Industrial Metals & Mining,NYSE,,1931685,946857024,0.3638,,,,,,,,0.0,20.75,3,12.05,3.11,,0.0,,8,,20260918
QCRH,"QCR Holdings, Inc.",Financial Services,Banks - Regional,NASDAQ,,124787,1651971840,2.0977,,,,,,,,0.0,24.5,3,108.11,66.65,,0.0,,8,,20260918
LZB,La-Z-Boy Incorporated,Consumer Cyclical,"Furnishings, Fixtures & Appliances",NYSE,,645217,1184760960,0.8127,,,,,,,,0.0,20.75,3,44.9,29.03,,0.0,,8,,20260918
FUGRF,Fugro N.V.,Energy,Oil & Gas Equipment & Services,PNK,9.48,20,1055449664,0.0716,11.17,12.12,-23.5318,-31.2,-33.83,-40.3,-35.76,0.0,0.0,4,15.02,9.48,-36.88,0.0,,8,,20260918
CNOB,"ConnectOne Bancorp, Inc.",Financial Services,Banks - Regional,NASDAQ,,430582,1589603456,0.5862,,,,,,,,0.0,22.0,3,34.14,23.2,,0.0,,8,,20260918
CNOBP,"ConnectOne Bancorp, Inc.",Financial Services,Banks - Regional,NASDAQ,25.39,6032,0,0.087,25.05,24.24,3.9433,,,,,0.0,88.75,2,25.51,23.8,-0.47,0.0,,8,,20260918
QQQX,Nuveen Nasdaq 100 Dynamic Overwrite Fund,Financial Services,Asset Management,NASDAQ,30.04,107717,1466756608,0.393,29.59,27.79,1.1516,,,,,0.0,81.25,2,31.87,25.35,-5.74,0.0,,8,,20260918
FLTLF,Flow Traders Ltd.,Financial Services,Capital Markets,PNK,33.2,177,1463159296,0.1491,31.43,31.18,11.8824,12.61,-9.03,-1.62,-0.66,0.0,75.0,2,34.29,26.33,-3.19,0.0,,8,,20260918
CCS,"Century Communities, Inc.",Real Estate,Real Estate - Development,NYSE,,295751,1728435968,1.8885,,,,,,,,0.0,20.75,3,76.0,47.27,,0.0,,8,,20260918
XIORF,Xior Student Housing NV,Real Estate,REIT - Residential,PNK,29.33,507,1369800576,0.2431,31.37,31.57,-8.3543,-7.45,-17.72,-26.77,-18.77,0.0,40.75,4,35.58,28.75,-17.54,0.0,,8,,20260918
LKFN,Lakeland Financial Corporation,Financial Services,Banks - Regional,NASDAQ,,191238,1482273024,1.1515,,,,,,,,0.0,23.25,3,66.82,54.36,,0.0,,8,,20260918
WEN,The Wendy's Company,Consumer Cyclical,Restaurants,NASDAQ,,16354435,1332782848,0.3195,,,,,,,,0.0,22.0,3,10.12,6.07,,0.0,,8,,20260918
INBX,"Inhibrx Biosciences, Inc.",Healthcare,Biotechnology,NASDAQ,,317508,1541380608,8.7204,,,,,,,,0.0,22.0,3,155.29,26.2,,0.0,,8,,20260918
OERLY,OC Oerlikon Corporation AG,Industrials,Specialty Industrial Machinery,PNK,13.05,232,2175393792,0.0998,12.29,8.86,7.5799,35.18,51.54,103.11,68.08,0.0,75.0,2,15.49,6.94,-15.75,0.0,,8,,20260918
HLX,Helix Energy Solutions Group Inc,Energy,Oil & Gas Equipment & Services,NYSE,10.6,1576975,1562253952,0.3461,9.47,8.41,3.2749,-0.04,30.59,50.9,31.06,0.0,63.75,2,10.75,6.11,-1.4,0.0,,8,,20260918
GSHD,"Goosehead Insurance, Inc.",Financial Services,Insurance Brokers,NASDAQ,,500324,1905917824,3.2624,,,,,,,,0.0,22.0,3,81.44,33.68,,0.0,,8,,20260918
GBX,"The Greenbrier Companies, Inc.",Industrials,Railroads,NYSE,,457441,1319886976,0.9846,,,,,,,,0.0,20.75,3,59.19,38.23,,0.0,,8,,20260918
TRINZ,Trinity Capital Inc. 7.875% Notes due 2029,Unknown,Unknown,NASDAQ,25.05,6312,0,0.139,25.05,25.05,0.0,-0.33,-0.33,-0.33,-0.33,0.0,83.25,3,25.66,24.91,-2.38,0.0,,8,,20260918
TRIN,Trinity Capital Inc.,Financial Services,Asset Management,NYSE,,1029487,1618876544,0.2956,,,,,,,,0.0,19.5,3,18.89,14.13,,0.0,,8,,20260918
SFRGY,Salvatore Ferragamo S.p.A.,Consumer Cyclical,Luxury Goods,PNK,4.61,20746,1521868288,0.1788,5.64,4.83,-5.7551,-21.82,0.68,50.47,14.97,0.0,17.0,4,6.72,2.97,-31.4,0.0,,8,,20260918
AGTEF,AGTech Holdings Limited,Consumer Cyclical,Gambling,PNK,0.19,17501,2224121344,0.0021,0.14,0.08,23.4006,86.82,162.99,528.64,290.21,0.0,75.0,2,0.21,0.01,-10.14,0.0,,8,,20260918
BRAI,Braiin Limited,Technology,Computer Hardware,NASDAQ,,232329,1137607040,0.3408,,,,,,,,0.0,19.5,3,33.0,4.19,,0.0,,8,,20260918
KELTF,Kelt Exploration Ltd.,Energy,Oil & Gas E&P,PNK,7.98,64000,1619939968,0.2107,7.17,6.5,3.8387,19.64,5.88,45.86,25.31,0.0,87.5,2,8.24,4.35,-3.16,0.0,,8,,20260918
SFRGF,Salvatore Ferragamo S.p.A.,Consumer Cyclical,Luxury Goods,PNK,10.69,6,1765334144,0.0492,9.4,9.49,26.2877,19.41,-7.64,79.1,33.82,0.0,75.0,3,10.7,5.5,-0.0,0.0,,8,,20260918
KARO,Karooooo Ltd.,Technology,Software - Application,NCM,,103683,2122678656,1.6973,,,,,,,,0.0,28.25,3,68.8,41.25,,0.0,,8,,20260918
ITAYY,PT Indo Tambangraya Megah Tbk,Energy,Thermal Coal,PNK,2.89,169,1593401984,0.008,2.81,2.79,9.4875,4.34,-12.58,-5.82,-5.65,0.0,75.0,2,3.72,2.28,-22.31,0.0,,8,,20260918
KSS,Kohl's Corporation,Consumer Cyclical,Department Stores,NYSE,,4137541,1893386752,0.8988,,,,,,,,0.0,25.75,3,25.22,11.38,,0.0,,8,,20260918
NKOKF,"Noritsu Koki Co., Ltd.",Technology,Consumer Electronics,PNK,12.44,2,1301683584,0.0473,12.44,-7.02,0.0,-147.34,-164.41,-68.41,-121.75,0.0,75.0,3,13.54,6.67,-8.09,0.0,,8,,20260918
WACLY,Wacoal Holdings Corp.,Consumer Cyclical,Apparel Manufacturing,PNK,129.1,159,1276465408,2.284,133.58,139.24,-1.9617,-2.14,-16.54,-50.82,-26.65,0.0,27.75,4,200.04,115.5,-35.46,0.0,,8,,20260918
IMCR,Immunocore Holdings plc,Healthcare,Biotechnology,NASDAQ,,518532,1663405312,1.1704,,,,,,,,0.0,18.25,3,40.72,27.55,,0.0,,8,,20260918
SISXF,Savaria Corporation,Industrials,Specialty Industrial Machinery,PNK,20.33,7998,1461381248,0.2253,20.94,19.43,-2.7079,,,,,0.0,37.0,3,22.88,14.52,-11.15,0.0,,8,,20260918
WBI,WaterBridge Infrastructure LLC,Energy,Oil & Gas Equipment & Services,NYSE,,1051958,3829611520,1.0385,,,,,,,,0.0,23.25,3,36.89,18.64,,0.0,,8,,20260918
CRRSF,Cirrus Aircraft Limited,Unknown,Unknown,PNK,5.86,2974,0,0.3173,5.09,5.86,2.4387,-39.47,81.17,62.67,43.61,0.0,58.75,3,8.7,4.0,-32.64,0.0,,8,,20260918
BTT,Blackrock Municipal 2030 Target Term Trust,Financial Services,Asset Management,NYSE,22.26,88874,1416301696,0.1452,22.46,22.45,-1.3706,,,,,0.0,35.25,4,23.24,22.05,-4.22,0.0,,8,,20260918
RLJ,RLJ Lodging Trust,Real Estate,REIT - Hotel & Motel,NYSE,,1861682,1670831616,0.2715,,,,,,,,0.0,23.25,3,12.89,6.54,,0.0,,8,,20260918
OBK,"Origin Bancorp, Inc.",Financial Services,Banks - Regional,NYSE,,172277,1656627712,0.9095,,,,,,,,0.0,24.5,3,55.57,32.12,,0.0,,8,,20260918
CBL,"CBL & Associates Properties, Inc.",Real Estate,REIT - Retail,NYSE,,284745,1666886272,1.3191,,,,,,,,0.0,18.25,3,60.4,28.04,,0.0,,8,,20260918
IDRSF,Idorsia Ltd,Healthcare,Biotechnology,PNK,6.15,3898,1654692864,0.0844,7.27,5.61,-13.2378,6.2,6.18,71.01,32.11,0.0,25.0,3,8.19,3.3,-24.91,0.0,,8,,20260918
NOMD,Nomad Foods Limited,Consumer Defensive,Packaged Foods,NYSE,,1585650,1501357056,0.2833,,,,,,,,0.0,17.0,3,13.79,8.99,,0.0,,8,,20260918
ENVX,Enovix Corporation,Industrials,Electrical Equipment & Parts,NASDAQ,,6858219,645178688,0.1688,,,,,,,,0.0,22.0,3,14.21,2.85,,0.0,,8,,20260918
ARI,"Apollo Commercial Real Estate Finance, Inc.",Real Estate,REIT - Mortgage,NYSE,,4428117,829111040,0.0954,,,,,,,,0.0,18.25,3,11.24,6.43,,0.0,,8,,20260918
DPBSF,Dampskibsselskabet Norden A/S,Industrials,Marine Shipping,PNK,57.28,12,1570162944,0.1328,53.12,47.18,31.3192,12.05,8.01,46.0,24.21,0.0,76.25,2,57.28,35.5,-0.0,0.0,,8,,20260918
AMVMF,AMG Critical Materials N.V.,Basic Materials,Other Industrial Metals & Mining,PNK,32.92,448,1171565568,0.6489,36.33,39.58,-5.2525,-23.89,-32.67,-14.68,-23.28,0.0,1.25,4,49.22,27.7,-33.11,0.0,,8,,20260918
ELUXY,AB Electrolux (publ),Consumer Cyclical,"Furnishings, Fixtures & Appliances",PNK,5.39,4512,2186962688,0.1342,5.71,6.71,-2.3888,,,,,0.0,5.0,4,19.83,4.63,-72.82,0.0,,8,,20260918
ALKEF,Alkane Resources Ltd,Basic Materials,Gold,OQX,1.36,497382,1858038528,0.0729,1.13,1.05,3.2067,,,,,0.0,85.0,2,1.45,0.56,-6.21,0.0,,8,,20260918
SLS,"SELLAS Life Sciences Group, Inc.",Healthcare,Biotechnology,NCM,,8496733,2328433920,1.0062,,,,,,,,0.0,24.5,3,15.88,1.39,,0.0,,8,,20260918
CBLUY,China BlueChemical Ltd.,Basic Materials,Agricultural Inputs,PNK,16.95,0,1562790016,0.0033,16.95,13.62,0.0,-0.75,44.99,42.64,32.62,0.0,62.0,3,19.78,11.19,-14.31,0.0,,8,,20260918
PBT,Permian Basin Royalty Trust,Energy,Oil & Gas Midstream,NYSE,,117354,1624782720,0.8284,,,,,,,,0.0,28.25,3,37.0,16.25,,0.0,,8,,20260918
HLMN,Hillman Solutions Corp.,Industrials,Tools & Accessories,NASDAQ,,1553056,1396833024,0.2654,,,,,,,,0.0,18.25,3,10.85,6.92,,0.0,,8,,20260918
AGL,"agilon health, inc.",Healthcare,Medical Care Facilities,NYSE,,313524,1497272192,5.2474,,,,,,,,0.0,23.25,3,133.04,7.48,,0.0,,8,,20260918
TRS,TriMas Corporation,Consumer Cyclical,Packaging & Containers,NASDAQ,,430203,1384731392,0.8769,,,,,,,,0.0,24.5,3,45.43,30.43,,0.0,,8,,20260918
PICS,PicS N.V.,Technology,Software - Infrastructure,NASDAQ,,411053,2058853248,0.6938,,,,,,,,0.0,24.5,3,19.95,8.32,,0.0,,8,,20260918
ATRC,"AtriCure, Inc.",Healthcare,Medical Instruments & Supplies,NASDAQ,,971032,3007215360,2.0485,,,,,,,,0.0,27.0,3,59.59,25.36,,0.0,,8,,20260918
GENI,Genius Sports Limited,Communication Services,Internet Content & Information,NYSE,,5819143,1734222720,0.3723,,,,,,,,0.0,20.75,3,13.69,3.83,,0.0,,8,,20260918
KDK,"Kodiak AI, Inc.",Technology,Software - Infrastructure,NASDAQ,,1128864,768367616,0.2148,,,,,,,,0.0,22.0,3,11.35,3.48,,0.0,,8,,20260918
ARLO,"Arlo Technologies, Inc.",Industrials,Building Products & Equipment,NYSE,,1310856,1436637696,0.6192,,,,,,,,0.0,22.0,3,19.94,11.05,,0.0,,8,,20260918
TNC,Tennant Company,Industrials,Specialty Industrial Machinery,NYSE,,204403,1135654144,2.3029,,,,,,,,0.0,25.75,3,91.93,60.18,,0.0,,8,,20260918
YSWY,"Yesway, Inc.",Consumer Defensive,Grocery Stores,NASDAQ,,413185,678597824,1.2146,,,,,,,,0.0,19.5,3,29.08,18.92,,0.0,,8,,20260918
MAZE,"Maze Therapeutics, Inc.",Healthcare,Biotechnology,NASDAQ,,550611,1302072576,1.2973,,,,,,,,0.0,23.25,3,53.65,22.45,,0.0,,8,,20260918
ALPKF,"ALPEK, S.A.B. de C.V.",Basic Materials,Specialty Chemicals,PNK,0.78,9812,1637152256,0.0037,0.75,0.63,7.8048,13.95,21.47,32.65,24.06,0.0,75.0,2,0.78,0.45,-0.0,0.0,,8,,20260918
BCAX,Bicara Therapeutics Inc.,Healthcare,Biotechnology,NASDAQ,,732800,1494846592,1.1675,,,,,,,,0.0,22.0,3,30.99,10.29,,0.0,,8,,20260918
BHVN,Biohaven Ltd.,Healthcare,Biotechnology,NYSE,,2950240,2097998080,0.9662,,,,,,,,0.0,20.75,3,18.57,7.48,,0.0,,8,,20260918
AHCO,AdaptHealth Corp.,Healthcare,Medical Devices,NCM,,2759695,768436800,0.3072,,,,,,,,0.0,23.25,3,13.43,5.21,,0.0,,8,,20260918
HBNB,Hotel101 Global Holdings Corp.,Real Estate,Real Estate Services,NCM,,3998,1212287744,0.1112,,,,,,,,0.0,14.5,3,10.43,2.95,,0.0,,8,,20260918
CSWC,Capital Southwest Corporation,Financial Services,Asset Management,NASDAQ,,663416,1530250240,0.4154,,,,,,,,0.0,19.5,3,25.75,19.37,,0.0,,8,,20260918
XTEPY,Xtep International Holdings Limited,Consumer Cyclical,Apparel Retail,PNK,43.65,74,1192841472,0.7886,44.07,54.19,-0.5416,-15.81,-35.39,-57.53,-39.35,0.0,15.75,4,81.61,41.03,-46.52,0.0,,8,,20260918
WLDN,"Willdan Group, Inc.",Industrials,Engineering & Construction,NASDAQ,,281383,1218414976,2.7346,,,,,,,,0.0,24.5,3,137.0,64.67,,0.0,,8,,20260918
TRRSF,Trisura Group Ltd.,Financial Services,Insurance - Specialty,PNK,30.84,7579,1456095104,0.4628,30.44,31.3,0.8738,,,,,0.0,44.5,3,37.27,25.9,-17.25,0.0,,8,,20260918
SWDHY,Skyworth Group Limited,Technology,Consumer Electronics,PNK,16.38,21,1030955392,0.0158,16.41,14.81,-2.1564,-22.27,21.25,18.91,9.43,0.0,37.0,3,23.2,12.2,-29.4,0.0,,8,,20260918
TTI,"TETRA Technologies, Inc.",Energy,Oil & Gas Equipment & Services,NYSE,,1874000,910647616,0.2946,,,,,,,,0.0,20.75,3,12.54,5.15,,0.0,,8,,20260918
URGN,UroGen Pharma Ltd.,Healthcare,Biotechnology,NASDAQ,,829574,2148300800,2.1715,,,,,,,,0.0,20.75,3,50.81,15.86,,0.0,,8,,20260918
GCT,GigaCloud Technology Inc.,Technology,Software - Infrastructure,NASDAQ,,635816,1897999104,2.5789,,,,,,,,0.0,24.5,3,56.27,25.39,,0.0,,8,,20260918
AUSDF,Perenti Limited,Basic Materials,Other Industrial Metals & Mining,PNK,1.8,20,1682640640,0.0008,1.8,1.75,0.0,11.75,11.13,-15.36,0.69,0.0,75.0,3,2.0,1.3,-10.0,0.0,,8,,20260918
WGS,GeneDx Holdings Corp.,Healthcare,Diagnostics & Research,NASDAQ,,723062,3129875456,4.6618,,,,,,,,0.0,29.5,3,170.87,32.21,,0.0,,8,,20260918
FRRFF,4imprint Group plc,Communication Services,Advertising Agencies,PNK,58.34,273,1636146944,0.4443,50.4,49.28,17.8782,16.26,10.51,18.4,15.1,0.0,76.25,2,58.5,41.68,-0.27,0.0,,8,,20260918
PPTTF,Perpetual Limited,Financial Services,Asset Management,PNK,10.44,2,1207816320,0.0354,9.87,10.78,16.0122,-9.69,-24.83,-32.39,-24.07,0.0,37.0,3,14.05,10.44,-25.69,0.0,,8,,20260918
HCSG,"Healthcare Services Group, Inc.",Healthcare,Medical Care Facilities,NASDAQ,,727445,1474905984,0.5592,,,,,,,,0.0,22.0,3,25.75,15.13,,0.0,,8,,20260918
PGENY,Pigeon Corporation,Consumer Defensive,Household & Personal Products,PNK,3.1,183,1481209088,0.0349,3.11,2.73,-0.1718,7.64,9.52,-20.56,-2.98,0.0,62.0,3,3.5,2.21,-11.43,0.0,,8,,20260918
AAT,"American Assets Trust, Inc.",Real Estate,REIT - Diversified,NYSE,,434246,1716972672,0.3341,,,,,,,,0.0,22.0,3,25.97,17.72,,0.0,,8,,20260918
JJSF,J&J Snack Foods Corp.,Consumer Defensive,Packaged Foods,NASDAQ,,232391,1473231616,2.2897,,,,,,,,0.0,20.75,3,102.82,68.87,,0.0,,8,,20260918
LUCK,Lucky Strike Entertainment Corporation,Consumer Cyclical,Leisure,NYSE,,101972,748440768,0.3203,,,,,,,,0.0,20.75,3,10.82,5.3,,0.0,,8,,20260918
NCKAF,Nickel Asia Corporation,Basic Materials,Other Industrial Metals & Mining,PNK,0.08,33,1097076096,0.0003,0.09,0.04,-40.3282,-22.0,44.49,550.17,230.14,0.0,25.0,3,0.1,0.05,-21.25,0.0,,8,,20260918
ENOV,Enovis Corporation,Healthcare,Medical Devices,NYSE,,1395056,1026516992,1.3938,,,,,,,,0.0,18.25,3,34.28,17.3,,0.0,,8,,20260918
NNE,NANO Nuclear Energy Inc.,Industrials,Specialty Industrial Machinery,NCM,,2107261,911257472,0.902,,,,,,,,0.0,22.0,3,60.87,14.71,,0.0,,8,,20260918
PYTCY,Playtech plc,Consumer Cyclical,Gambling,PNK,11.73,1601,1629578624,0.0892,10.47,9.14,14.1535,20.74,9.31,1.94,9.22,0.0,76.25,2,12.73,6.23,-7.86,0.0,,8,,20260918
ALMR,"Alamar Biosciences, Inc.",Healthcare,Medical Devices,NASDAQ,,349198,2221262336,1.87,,,,,,,,0.0,22.0,3,38.54,18.85,,0.0,,8,,20260918
BMCLF,BAIC Motor Corporation Limited,Consumer Cyclical,Auto Manufacturers,PNK,0.09,59,721380416,0.0009,0.12,0.19,-27.6191,-34.58,-73.71,-79.07,-66.07,0.0,0.0,4,0.28,0.09,-67.27,0.0,,8,,20260918
RBCAA,"Republic Bancorp, Inc.",Financial Services,Banks - Regional,NASDAQ,,115575,1841879808,2.0992,,,,,,,,0.0,25.75,3,102.22,63.97,,0.0,,8,,20260918
HYT,"BlackRock Corporate High Yield Fund, Inc.",Financial Services,Asset Management,NYSE,8.01,827456,1567217152,0.056,8.2,8.23,-3.346,,,,,0.0,32.75,4,9.59,7.96,-16.48,0.0,,8,,20260918
RYZ,Ryerson Holding Corporation,Industrials,Metal Fabrication,NYSE,,490641,1280858752,0.9525,,,,,,,,0.0,22.0,3,32.0,19.34,,0.0,,8,,20260918
NFJ,"Virtus Dividend, Interest & Premium Strategy Fund",Financial Services,Asset Management,NYSE,15.29,198179,1438815872,0.1802,15.11,13.56,1.0266,,,,,0.0,82.5,2,15.75,12.25,-2.92,0.0,,8,,20260918
LLESY,Lendlease Group,Real Estate,Real Estate - Diversified,PNK,2.3,174,1590219392,0.0203,2.1,2.49,10.0663,12.2,-18.51,-48.41,-22.79,0.0,62.0,3,3.74,1.78,-38.5,0.0,,8,,20260918
RVLV,"Revolve Group, Inc.",Consumer Cyclical,Internet Retail,NYSE,,867798,1487107072,0.8993,,,,,,,,0.0,20.75,3,31.68,17.35,,0.0,,8,,20260918
TOWCF,TOWA Corporation,Technology,Semiconductor Equipment & Materials,PNK,13.9,1484,1042729984,0.3518,16.19,10.46,-6.5046,-26.28,-3711.47,-6168.48,-3772.98,0.0,26.25,3,23.35,11.66,-40.48,0.0,,8,,20260918
SNMSF,Spin Master Corp.,Consumer Cyclical,Leisure,PNK,14.37,9754,1437262720,0.1587,14.96,14.1,-3.7445,,,,,0.0,65.75,3,16.61,12.65,-13.49,0.0,,8,,20260918
LOMA,Loma Negra Compañía Industrial Argentina Sociedad Anónima,Basic Materials,Building Materials,NYSE,,395041,1114452864,0.3336,,,,,,,,0.0,24.5,3,13.2,7.04,,0.0,,8,,20260918
DOLE,Dole plc,Consumer Defensive,Farm Products,NYSE,,1090500,1241188736,0.2936,,,,,,,,0.0,24.5,3,16.57,12.52,,0.0,,8,,20260918
EYE,"National Vision Holdings, Inc.",Consumer Cyclical,Specialty Retail,NASDAQ,,2105301,1333899392,0.8061,,,,,,,,0.0,22.0,3,30.02,14.75,,0.0,,8,,20260918
CRI,"Carter's, Inc.",Consumer Cyclical,Apparel Retail,NYSE,,1181529,1089955072,1.305,,,,,,,,0.0,19.5,3,44.44,27.15,,0.0,,8,,20260918
SUPIF,Supermarket Income REIT plc,Industrials,Consulting Services,PNK,1.16,35,0,0.0033,1.12,1.16,10.8019,6.2,-5.49,52.27,20.54,0.0,76.25,3,1.26,0.75,-7.94,0.0,,8,,20260918
CGIFF,Chemtrade Logistics Income Fund,Basic Materials,Chemicals,OQX,10.52,26822,1179933184,0.1833,11.33,11.23,-4.4228,,,,,0.0,18.25,4,13.5,9.34,-22.07,0.0,,8,,20260918
MAN,ManpowerGroup Inc.,Industrials,Staffing & Employment Services,NYSE,,1243108,2681976064,2.2838,,,,,,,,0.0,25.75,3,63.88,25.15,,0.0,,8,,20260918
GSL,"Global Ship Lease, Inc.",Industrials,Marine Shipping,NYSE,,310230,0,0.83,,,,,,,,0.0,25.75,3,46.57,27.28,,0.0,,8,,20260918
BIREF,Birchcliff Energy Ltd.,Energy,Oil & Gas E&P,PNK,4.5,133987,1235041536,0.1142,4.55,4.83,-0.4466,,,,,0.0,60.25,4,5.9,4.07,-23.73,0.0,,8,,20260918
MRTN,"Marten Transport, Ltd.",Industrials,Trucking,NASDAQ,,693625,1106515712,0.344,,,,,,,,0.0,22.0,3,18.48,9.35,,0.0,,8,,20260918
UVV,Universal Corporation,Consumer Defensive,Tobacco,NYSE,,295767,1104779904,0.8369,,,,,,,,0.0,20.75,3,59.38,43.36,,0.0,,8,,20260918
BLKB,"Blackbaud, Inc.",Technology,Software - Application,NASDAQ,,698203,1967206784,1.6569,,,,,,,,0.0,25.75,3,70.71,25.58,,0.0,,8,,20260918
ORC,"Orchid Island Capital, Inc.",Real Estate,REIT - Mortgage,NYSE,,4877688,1202210560,0.126,,,,,,,,0.0,17.0,3,8.4,5.96,,0.0,,8,,20260918
WZZZY,Wizz Air Holdings Plc,Industrials,Airlines,PNK,3.53,145,1461632512,0.0445,3.64,3.77,-2.4814,-11.84,4.66,-36.91,-16.09,0.0,25.25,4,5.42,2.9,-34.87,0.0,,8,,20260918
TRTPF,Trustpilot Group plc,Technology,Software - Application,PNK,2.84,51,1090874112,0.0509,3.56,2.86,-14.0659,-19.61,37.25,-26.08,-2.29,0.0,37.0,3,3.72,1.71,-23.6,0.0,,8,,20260918
GRPFF,"Grupo Televisa, S.A.B.",Communication Services,Telecom Services,PNK,0.45,130,1185885056,0.0056,0.54,0.57,-16.1565,-20.68,-32.51,-25.36,-26.69,0.0,0.0,4,0.65,0.45,-30.77,0.0,,8,,20260918
BRDNF,Breedon Group plc,Basic Materials,Building Materials,PNK,4.26,27,1480342656,0.0245,3.95,4.26,13.0116,5.6,-25.41,-44.65,-25.35,0.0,50.0,3,5.85,3.9,-27.09,0.0,,8,,20260918
OI,"O-I Glass, Inc.",Consumer Cyclical,Packaging & Containers,NYSE,,3298808,952690368,0.2923,,,,,,,,0.0,20.75,3,16.91,6.07,,0.0,,8,,20260918
BCTCF,OSL Group Limited,Financial Services,Capital Markets,PNK,1.5,0,1348921984,0.0001,1.5,1.92,0.0,-0.75,-40.89,-44.93,-32.48,0.0,37.0,3,2.7,0.01,-44.44,0.0,,8,,20260918
CNL,Collective Mining Ltd.,Basic Materials,Gold,NASDAQ,,90756,1195453440,0.9735,,,,,,,,0.0,23.25,3,21.97,9.77,,0.0,,8,,20260918
HKBNF,HKBN Ltd.,Communication Services,Telecom Services,PNK,0.91,0,1350994944,0.0001,0.91,0.56,0.0,-0.75,161.35,403.59,217.72,0.0,62.0,3,0.91,0.4,0.0,0.0,,8,,20260918
NRP,Natural Resource Partners L.P.,Energy,Thermal Coal,NYSE,,44480,0,2.1492,,,,,,,,0.0,27.0,3,128.6,95.51,,0.0,,8,,20260918
PAHC,Phibro Animal Health Corporation,Healthcare,Drug Manufacturers - Specialty & Generic,NASDAQ,,248248,1398522240,1.4182,,,,,,,,0.0,22.0,3,60.08,28.25,,0.0,,8,,20260918
LIND,"Lindblad Expeditions Holdings, Inc.",Consumer Cyclical,Travel Services,NCM,,927243,1818977664,1.2854,,,,,,,,0.0,20.75,3,35.0,11.37,,0.0,,8,,20260918
EOPSF,Electro Optic Systems Holdings Limited,Industrials,Aerospace & Defense,PNK,7.16,36788,1587387392,0.4275,5.94,7.16,2.8588,,,,,0.0,86.25,3,9.02,4.01,-20.62,0.0,,8,,20260918
SPH,"Suburban Propane Partners, L.P.",Utilities,Utilities - Regulated Gas,NYSE,,223454,1132776320,0.2223,,,,,,,,0.0,20.75,3,20.8,16.53,,0.0,,8,,20260918
WWW,"Wolverine World Wide, Inc.",Consumer Cyclical,Footwear & Accessories,NYSE,,838748,1587163008,0.7469,,,,,,,,0.0,19.5,3,31.04,13.47,,0.0,,8,,20260918
TV,"Grupo Televisa, S.A.B.",Communication Services,Telecom Services,NYSE,,1017570,1233320320,0.1,,,,,,,,0.0,18.25,3,3.49,2.18,,0.0,,8,,20260918
TBLA,Taboola.com Ltd.,Communication Services,Internet Content & Information,NASDAQ,,2988800,994171840,0.1135,,,,,,,,0.0,25.75,3,5.71,2.83,,0.0,,8,,20260918
CCEC,Capital Clean Energy Carriers Corp.,Industrials,Marine Shipping,NASDAQ,,9632,1324666112,0.1969,,,,,,,,0.0,29.5,3,24.0,16.77,,0.0,,8,,20260918
PRG,"PROG Holdings, Inc.",Industrials,Rental & Leasing Services,NYSE,,583269,1423582592,1.1562,,,,,,,,0.0,20.75,3,47.73,25.8,,0.0,,8,,20260918
CRML,Critical Metals Corp.,Basic Materials,Other Industrial Metals & Mining,NASDAQ,,6337462,1009125696,0.5159,,,,,,,,0.0,22.0,3,32.15,5.12,,0.0,,8,,20260918
GRWXF,Molten Ventures Plc,Unknown,Unknown,PNK,9.52,659,1550029696,0.2325,9.52,9.52,0.0,16.01,16.01,16.01,16.01,0.0,64.63,3,9.52,7.5,0.0,0.0,,8,,20260918
MLTX,MoonLake Immunotherapeutics,Healthcare,Biotechnology,NCM,,1403824,1051067648,0.6898,,,,,,,,0.0,22.0,3,62.75,5.95,,0.0,,8,,20260918
NSSC,"Napco Security Technologies, Inc.",Industrials,Security & Protection Services,NASDAQ,,414832,1285875328,1.0943,,,,,,,,0.0,27.0,3,51.77,33.91,,0.0,,8,,20260918
DFH,"Dream Finders Homes, Inc.",Consumer Cyclical,Residential Construction,NYSE,,686730,1060166272,0.6554,,,,,,,,0.0,19.5,3,28.8,11.66,,0.0,,8,,20260918
MUC,"BlackRock MuniHoldings California Quality Fund, Inc.",Financial Services,Asset Management,NYSE,10.21,393853,961617856,0.1026,10.55,10.46,-3.3321,,,,,0.0,29.0,4,11.16,10.0,-8.51,0.0,,8,,20260918
ATUUF,Tenaz Energy Corp.,Energy,Oil & Gas E&P,PNK,50.1,12383,1659111552,1.8698,42.49,36.11,4.0719,,,,,0.0,83.75,2,54.15,14.01,-7.48,0.0,,8,,20260918
IDT,IDT Corporation,Communication Services,Telecom Services,NYSE,,201859,0,1.7915,,,,,,,,0.0,24.5,3,72.13,45.72,,0.0,,8,,20260918
DMLP,"Dorchester Minerals, L.P.",Energy,Oil & Gas E&P,NASDAQ,,188166,1461451264,0.4638,,,,,,,,0.0,25.75,3,30.54,20.85,,0.0,,8,,20260918
FCEL,"FuelCell Energy, Inc.",Industrials,Electrical Equipment & Parts,NASDAQ,,10460808,1415988608,1.2631,,,,,,,,0.0,23.25,3,37.88,5.71,,0.0,,8,,20260918
FCELB,"FuelCell Energy, Inc.",Industrials,Electrical Equipment & Parts,PNK,480.0,169,3733713600,18.5835,491.81,401.63,-0.6353,,,,,0.0,69.5,3,548.0,297.5,-12.41,0.0,,8,,20260918
ARDT,"Ardent Health, Inc.",Healthcare,Medical Care Facilities,NYSE,,474959,1509191168,0.3842,,,,,,,,0.0,20.75,3,15.48,7.71,,0.0,,8,,20260918
UAN,"CVR Partners, LP",Basic Materials,Agricultural Inputs,NYSE,,40222,0,2.7585,,,,,,,,0.0,27.0,3,139.5,89.2,,0.0,,8,,20260918
FOR,Forestar Group Inc.,Real Estate,Real Estate - Development,NYSE,,138000,1333090560,0.7246,,,,,,,,0.0,18.25,3,32.06,22.81,,0.0,,8,,20260918
CHYCF,Chiyoda Corporation,Industrials,Engineering & Construction,PNK,3.88,19,1005631872,0.0022,3.96,5.28,-34.2173,-7.26,-74.01,94.37,10.03,0.0,12.0,4,9.95,1.85,-61.01,0.0,,8,,20260918
TUYA,Tuya Inc.,Technology,Software - Infrastructure,NYSE,,650619,1079074688,0.0472,,,,,,,,0.0,20.75,3,2.7,1.61,,0.0,,8,,20260918
AI,"C3.ai, Inc.",Technology,Software - Infrastructure,NYSE,,5275916,1733206784,0.4969,,,,,,,,0.0,25.75,3,20.22,7.67,,0.0,,8,,20260918
CHNFF,China Foods Limited,Consumer Defensive,Beverages - Non-Alcoholic,PNK,0.47,0,0,0.0001,0.47,0.36,0.0,-0.75,37.86,35.52,27.27,0.0,75.0,3,0.5,0.42,-5.86,0.0,,8,,20260918
TWO,Two Harbors Investment Corp,Real Estate,REIT - Mortgage,NYSE,12.18,2721698,1280541440,0.0498,12.18,12.18,0.0,-1.97,-1.97,-1.97,-1.97,0.0,69.5,3,14.17,8.78,-14.04,0.0,,8,,20260918
ATVDY,"Atresmedia Corporación de Medios de Comunicación, S.A.",Communication Services,Entertainment,PNK,5.99,916,1349944704,0.033,5.92,5.69,2.2874,10.26,3.68,-17.05,-2.97,0.0,76.25,2,7.05,5.05,-14.96,0.0,,8,,20260918
TSIOF,361 Degrees International Limited,Consumer Cyclical,Footwear & Accessories,PNK,0.52,180,1134998272,0.0076,0.58,0.67,-7.6194,-9.68,-32.51,-48.23,-33.09,0.0,25.0,4,0.93,0.52,-43.56,0.0,,8,,20260918
LRCDF,Laurentian Bank of Canada,Financial Services,Banks - Regional,PNK,28.88,1277,1295588864,0.0054,28.72,28.6,30.5369,-0.35,-13.08,7.19,-1.79,0.0,75.0,2,29.61,22.45,-2.47,0.0,,8,,20260918
AHG,Akso Health Group,Healthcare,Medical Distribution,NCM,,15012,642528128,0.0946,,,,,,,,0.0,19.5,3,2.5,0.73,,0.0,,8,,20260918
NPKI,NPK International Inc.,Industrials,Building Products & Equipment,NYSE,,934111,1082601216,0.3977,,,,,,,,0.0,23.25,3,16.5,10.73,,0.0,,8,,20260918
IAUX,i-80 Gold Corp.,Basic Materials,Gold,NYSE,,9918511,1515328000,0.0727,,,,,,,,0.0,20.75,3,2.24,0.86,,0.0,,8,,20260918
BTSNY,Betsson AB (publ),Consumer Cyclical,Gambling,PNK,9.55,0,1292165504,0.0,9.55,10.57,0.0,-0.75,-13.82,-59.63,-28.88,0.0,49.0,3,18.28,8.77,-47.76,0.0,,8,,20260918
MYI,"BlackRock MuniYield Quality Fund III, Inc.",Financial Services,Asset Management,NYSE,10.17,307940,0,0.099,10.61,10.6,-4.4684,,,,,0.0,29.0,4,11.46,9.94,-11.26,0.0,,8,,20260918
WINA,Winmark Corporation,Consumer Cyclical,Specialty Retail,NASDAQ,,52051,1058504512,9.36,,,,,,,,0.0,17.0,3,527.37,291.55,,0.0,,8,,20260918
ARRY,"Array Technologies, Inc.",Technology,Solar,NASDAQ,,6527109,652223808,0.2112,,,,,,,,0.0,18.25,3,12.23,4.11,,0.0,,8,,20260918
UMH,"UMH Properties, Inc.",Real Estate,REIT - Residential,NYSE,,650630,1351587456,0.2631,,,,,,,,0.0,19.5,3,16.77,13.93,,0.0,,8,,20260918
FKRAF,Fiskars Oyj Abp,Consumer Cyclical,"Furnishings, Fixtures & Appliances",PNK,16.46,140,1328557056,0.09,15.49,15.16,10.7726,1.8,5.49,-11.11,-2.07,0.0,75.0,2,16.46,13.63,-0.0,0.0,,8,,20260918
PLTK,Playtika Holding Corp.,Communication Services,Electronic Gaming & Multimedia,NASDAQ,,1565003,881075968,0.082,,,,,,,,0.0,23.25,3,4.42,2.09,,0.0,,8,,20260918
WABC,Westamerica Bancorporation,Financial Services,Banks - Regional,NASDAQ,,184564,1394064640,0.9962,,,,,,,,0.0,24.5,3,63.61,44.93,,0.0,,8,,20260918
GIII,"G-III Apparel Group, Ltd.",Consumer Cyclical,Apparel Manufacturing,NASDAQ,,614130,1186392960,1.1654,,,,,,,,0.0,22.0,3,37.54,24.61,,0.0,,8,,20260918
HMMCF,Hemlo Mining Corp.,Basic Materials,Gold,OQX,5.34,50351,1582615808,0.2809,4.88,4.45,1.6411,,,,,0.0,85.0,2,6.54,0.83,-18.35,0.0,,8,,20260918
ARSTY,Ariston Holding N.V.,Industrials,Building Products & Equipment,PNK,17.8,8,6540758528,0.0832,16.17,17.8,19.5227,11.96,0.17,0.17,3.12,0.0,75.0,3,18.0,15.79,-1.12,0.0,,8,,20260918
CDRE,"Cadre Holdings, Inc.",Industrials,Aerospace & Defense,NYSE,,384717,1117621248,1.2161,,,,,,,,0.0,18.25,3,48.76,25.73,,0.0,,8,,20260918
ACDC,ProFrac Holding Corp.,Energy,Oil & Gas Equipment & Services,NASDAQ,,1586562,921541184,0.3119,,,,,,,,0.0,23.25,3,8.22,3.08,,0.0,,8,,20260918
LADR,Ladder Capital Corp,Real Estate,REIT - Mortgage,NYSE,,1132670,1210295040,0.1654,,,,,,,,0.0,18.25,3,11.48,9.38,,0.0,,8,,20260918
LIFZF,Labrador Iron Ore Royalty Corporation,Basic Materials,Steel,PNK,18.46,41435,1181440000,0.5714,18.95,20.46,-0.8659,,,,,0.0,32.75,4,23.29,18.02,-20.74,0.0,,8,,20260918
BRELY,Brazilian Rare Earths Limited,Basic Materials,Other Precious Metals & Mining,OQX,13.92,236,770422720,0.4266,14.04,15.99,-0.2776,,,,,0.0,14.5,4,24.16,11.5,-42.38,0.0,,8,,20260918
HLF,Herbalife Ltd.,Consumer Defensive,Packaged Foods,NYSE,,1671348,1211895424,0.5508,,,,,,,,0.0,20.75,3,20.4,7.56,,0.0,,8,,20260918
LYPHF,Luye Pharma Group Ltd.,Healthcare,Drug Manufacturers - Specialty & Generic,PNK,0.27,13185,1078519296,0.0005,0.27,0.33,4.7715,31.53,-41.5,-14.61,-12.48,0.0,50.0,3,0.4,0.2,-31.65,0.0,,8,,20260918
WLFC,Willis Lease Finance Corporation,Industrials,Rental & Leasing Services,NASDAQ,,306677,1157428736,1.9046,,,,,,,,0.0,24.5,3,81.54,38.0,,0.0,,8,,20260918
THYKF,thyssenkrupp nucera AG & Co. KGaA,Industrials,Specialty Industrial Machinery,PNK,9.15,780,1342414848,0.0107,8.88,9.48,25.4503,-10.87,-16.08,-29.48,-20.14,0.0,37.0,3,13.18,8.0,-30.55,0.0,,8,,20260918
SLCVF,"Sitios Latinoamérica, S.A.B. de C.V.",Industrials,Engineering & Construction,PNK,0.39,34,1855633152,0.007,0.27,0.28,16.7876,68.81,16.99,144.64,81.01,0.0,75.0,3,0.39,0.15,-0.0,0.0,,8,,20260918
CMP,"Compass Minerals International, Inc.",Basic Materials,Other Industrial Metals & Mining,NYSE,,448300,1003342848,0.7646,,,,,,,,0.0,24.5,3,34.5,16.4,,0.0,,8,,20260918
HTSUY,"Hisamitsu Pharmaceutical Co., Inc.",Healthcare,Drug Manufacturers - Specialty & Generic,PNK,2.94,0,0,0.0588,2.94,2.94,0.0,-3.74,-3.74,-3.74,-3.74,0.0,62.0,3,6.79,2.94,-56.73,0.0,,8,,20260918
CSIQ,Canadian Solar Inc.,Technology,Solar,NASDAQ,,2156233,797786816,0.7608,,,,,,,,0.0,19.5,3,34.59,11.1,,0.0,,8,,20260918
MSDL,Morgan Stanley Direct Lending Fund,Financial Services,Asset Management,NYSE,14.88,477419,1251484160,0.2576,15.21,14.91,-1.2734,,,,,0.0,59.0,4,17.91,13.66,-16.92,0.0,,8,,20260918
NBITF,Norbit ASA,Technology,Scientific & Technical Instruments,PNK,17.49,6,0,0.3498,17.49,17.49,0.0,1.55,1.55,1.55,1.55,0.0,62.0,3,17.49,17.49,-0.0,0.0,,8,,20260918
SEPN,"Septerna, Inc.",Healthcare,Biotechnology,NASDAQ,,443209,1843739392,1.7868,,,,,,,,0.0,22.0,3,51.1,14.52,,0.0,,8,,20260918
SQZZF,Serica Energy plc,Energy,Oil & Gas E&P,PNK,3.1,1212,1214926208,0.0767,2.96,2.78,1.8236,,,,,0.0,76.25,2,3.66,1.3,-15.3,0.0,,8,,20260918
AFMJF,Alphamin Resources Corp.,Basic Materials,Other Industrial Metals & Mining,PNK,1.02,297261,1313529984,0.0364,1.05,0.92,-0.824,,,,,0.0,68.25,3,1.2,0.65,-15.0,0.0,,8,,20260918
RDWR,Radware Ltd.,Technology,Software - Infrastructure,NASDAQ,,249690,1285619968,0.9138,,,,,,,,0.0,24.5,3,32.79,21.68,,0.0,,8,,20260918
GUZOF,"Grupo Herdez, S.A.B. de C.V.",Consumer Defensive,Packaged Foods,PNK,2.9,93,932514816,0.0086,2.99,3.79,-10.4824,-2.12,-48.57,-41.0,-33.93,0.0,12.0,4,5.23,2.9,-44.55,0.0,,8,,20260918
ATEC,"Alphatec Holdings, Inc.",Healthcare,Medical Devices,NASDAQ,,2512222,1587756928,0.4692,,,,,,,,0.0,23.25,3,23.29,6.82,,0.0,,8,,20260918
ADTN,"ADTRAN Holdings, Inc.",Technology,Communication Equipment,NASDAQ,,2043779,578518016,0.3215,,,,,,,,0.0,20.75,3,19.98,6.96,,0.0,,8,,20260918
PFBC,Preferred Bank,Financial Services,Banks - Regional,NASDAQ,,115785,1254652288,2.0931,,,,,,,,0.0,23.25,3,112.26,81.5,,0.0,,8,,20260918
BLGFF,Baillie Gifford US Growth Trust PLC,Unknown,Unknown,PNK,4.75,1061,0,0.1772,4.24,4.75,2.8684,40.26,40.26,40.26,40.26,0.0,69.5,3,5.31,3.65,-10.55,0.0,,8,,20260918
VTOL,Bristow Group Inc.,Energy,Oil & Gas Equipment & Services,NYSE,,249874,1227475200,1.5815,,,,,,,,0.0,22.0,3,50.38,35.03,,0.0,,8,,20260918
BHRB,Burke & Herbert Financial Services Corp.,Financial Services,Banks - Regional,NCM,,141969,1421974528,1.2869,,,,,,,,0.0,22.0,3,75.09,57.42,,0.0,,8,,20260918
DFDDF,DFDS A/S,Industrials,Marine Shipping,PNK,21.5,32,1161350144,0.0154,21.02,17.95,31.3844,3.42,15.73,23.17,15.63,0.0,75.0,2,21.5,14.17,0.0,0.0,,8,,20260918
KMTS,"Kestra Medical Technologies, Ltd.",Healthcare,Medical Instruments & Supplies,NASDAQ,,388216,1450329728,1.462,,,,,,,,0.0,22.0,3,30.0,17.34,,0.0,,8,,20260918
INSP,"Inspire Medical Systems, Inc.",Healthcare,Medical Devices,NYSE,,863579,2102940672,3.2572,,,,,,,,0.0,27.0,3,147.03,38.91,,0.0,,8,,20260918
MUX,McEwen Inc.,Basic Materials,Other Precious Metals & Mining,NYSE,,1132067,1110568192,0.8196,,,,,,,,0.0,22.0,3,29.7,13.04,,0.0,,8,,20260918
SVV,"Savers Value Village, Inc.",Consumer Cyclical,Specialty Retail,NYSE,,1318319,1418952064,0.3885,,,,,,,,0.0,19.5,3,13.89,6.91,,0.0,,8,,20260918
IRPSY,IRPC Public Company Limited,Energy,Oil & Gas Refining & Marketing,PNK,6.21,0,1267497728,0.0073,6.1,4.6,15.2712,1.23,67.93,67.17,50.95,0.0,75.0,2,8.62,3.5,-27.96,0.0,,8,,20260918
EMO,ClearBridge Energy Midstream Opportunity Fund Inc,Financial Services,Asset Management,NYSE,53.3,41938,0,1.1423,52.83,48.69,0.412,,,,,0.0,82.5,2,56.33,41.54,-5.38,0.0,,8,,20260918
ASST,"Strive, Inc.",Financial Services,Asset Management,NASDAQ,,5842629,2685716736,2.0277,,,,,,,,0.0,30.75,3,88.2,7.02,,0.0,,8,,20260918
SATA,"Strive, Inc.",Financial Services,Asset Management,NASDAQ,,333317,0,0.2393,,,,,,,,0.0,24.5,3,101.35,79.01,,0.0,,8,,20260918
AFYA,Afya Limited,Consumer Defensive,Education & Training Services,NASDAQ,,151487,1206842880,0.4666,,,,,,,,0.0,19.5,3,16.43,13.0,,0.0,,8,,20260918
ALX,"Alexander's, Inc.",Real Estate,REIT - Retail,NYSE,,34829,1264156416,5.9069,,,,,,,,0.0,24.5,3,289.43,201.28,,0.0,,8,,20260918
ATLCZ,Atlanticus Holdings Corporation 9.25% Senior Notes due 2029,Unknown,Unknown,NASDAQ,25.63,15741,0,0.0871,25.43,24.73,2.339,,,,,0.0,83.75,2,25.89,24.72,-1.0,0.0,,8,,20260918
ATLCP,Atlanticus Holdings Corporation,Financial Services,Credit Services,NASDAQ,23.91,4035,0,0.2618,23.88,23.14,0.1305,,,,,0.0,85.0,2,25.0,20.46,-4.36,0.0,,8,,20260918
ATLC,Atlanticus Holdings Corporation,Financial Services,Credit Services,NASDAQ,,164111,1444035968,3.3769,,,,,,,,0.0,23.25,3,114.34,47.5,,0.0,,8,,20260918
PDS,Precision Drilling Corporation,Energy,Oil & Gas Drilling,NYSE,,106048,1118951168,2.8923,,,,,,,,0.0,22.0,3,103.8,53.42,,0.0,,8,,20260918
TEN,Tsakos Energy Navigation Limited,Energy,Oil & Gas Midstream,NYSE,,288469,1591038848,1.5646,,,,,,,,0.0,24.5,3,53.84,20.5,,0.0,,8,,20260918
PRGS,Progress Software Corporation,Technology,Software - Infrastructure,NASDAQ,,670395,1675378688,1.8062,,,,,,,,0.0,25.75,3,47.37,23.82,,0.0,,8,,20260918
FTRE,Fortrea Holdings Inc.,Healthcare,Biotechnology,NASDAQ,,1466916,1928628096,0.9575,,,,,,,,0.0,25.75,3,21.39,8.3,,0.0,,8,,20260918
ACNDF,CapitaLand India Trust,Real Estate,Real Estate Services,PNK,0.7,28419,1040841152,0.0391,0.79,0.85,-2.3378,-11.01,-30.66,-33.96,-27.07,0.0,10.0,4,1.24,0.7,-43.55,0.0,,8,,20260918
AOSL,Alpha and Omega Semiconductor Limited,Technology,Semiconductors,NASDAQ,,654290,762835840,0.9777,,,,,,,,0.0,23.25,3,54.34,17.01,,0.0,,8,,20260918
ICFI,"ICF International, Inc.",Industrials,Consulting Services,NASDAQ,,236079,1554509056,2.2065,,,,,,,,0.0,20.75,3,98.68,58.83,,0.0,,8,,20260918
UAMY,United States Antimony Corporation,Basic Materials,Other Industrial Metals & Mining,NYSE,,6563390,689975872,0.3138,,,,,,,,0.0,18.25,3,19.71,4.36,,0.0,,8,,20260918
AAVVF,Advantage Energy Ltd.,Energy,Oil & Gas E&P,PNK,7.32,91051,1225629440,0.1852,7.79,7.78,-2.5512,,,,,0.0,47.0,4,9.5,6.72,-22.95,0.0,,8,,20260918
DSGR,"Distribution Solutions Group, Inc.",Industrials,Industrial Distribution,NASDAQ,,220903,1611538944,0.0977,,,,,,,,0.0,22.0,3,35.06,19.02,,0.0,,8,,20260918
DSL,DoubleLine Income Solutions Fund,Financial Services,Asset Management,NYSE,10.26,550700,1175499520,0.0962,10.47,10.44,-2.1552,,,,,0.0,31.5,4,12.51,10.11,-17.99,0.0,,8,,20260918
AVBP,"ArriVent BioPharma, Inc.",Healthcare,Biotechnology,NASDAQ,,529956,1398367232,1.1669,,,,,,,,0.0,20.75,3,35.83,17.0,,0.0,,8,,20260918
ENR,"Energizer Holdings, Inc.",Industrials,Electrical Equipment & Parts,NYSE,,1029143,1489519232,0.7608,,,,,,,,0.0,23.25,3,29.88,15.75,,0.0,,8,,20260918
IPX,IperionX Limited,Basic Materials,Other Industrial Metals & Mining,NCM,,309719,759395136,1.1607,,,,,,,,0.0,25.75,3,61.45,17.4,,0.0,,8,,20260918
WBTNF,Weebit Nano Limited,Technology,Semiconductors,PNK,2.5,30090,601859712,0.2182,3.28,3.61,-3.5719,,,,,0.0,10.0,4,6.5,1.82,-61.54,0.0,,8,,20260918
PEBO,Peoples Bancorp Inc.,Financial Services,Banks - Regional,NASDAQ,,292319,1419002624,0.5885,,,,,,,,0.0,22.0,3,42.29,27.49,,0.0,,8,,20260918
FRBP,FRANKLIN BSP CAP CORP,Financial Services,Asset Management,PNK,8.51,374,1371725184,0.0961,8.31,8.83,2.0331,-0.09,-26.08,-30.38,-21.3,0.0,62.0,3,11.0,7.0,-22.64,0.0,,8,,20260918
GOLD,"Gold.com, Inc.",Financial Services,Capital Markets,NYSE,,506575,1366483328,2.324,,,,,,,,0.0,23.25,3,66.7,23.0,,0.0,,8,,20260918
VLTAF,Voltalia SA,Utilities,Utilities - Renewable,PNK,5.82,6,762242560,0.1263,8.1,8.33,-18.0512,-32.6,-42.46,-32.98,-36.21,0.0,0.0,4,9.57,5.82,-39.18,0.0,,8,,20260918
TMP,Tompkins Financial Corporation,Financial Services,Banks - Regional,NYSE,,105053,1410243840,2.0277,,,,,,,,0.0,24.5,3,102.59,61.88,,0.0,,8,,20260918
AMAL,Amalgamated Financial Corp.,Financial Services,Banks - Regional,NASDAQ,,189130,1409193984,1.1385,,,,,,,,0.0,24.5,3,51.59,25.13,,0.0,,8,,20260918
CXM,"Sprinklr, Inc.",Technology,Software - Application,NYSE,,3632725,1304802944,0.3571,,,,,,,,0.0,27.0,3,8.28,4.71,,0.0,,8,,20260918
XPEL,"XPEL, Inc.",Consumer Cyclical,Auto Parts,NCM,,231995,1224416896,1.4708,,,,,,,,0.0,19.5,3,55.91,31.5,,0.0,,8,,20260918
YELP,Yelp Inc.,Communication Services,Internet Content & Information,NYSE,,1169282,1099923584,0.8254,,,,,,,,0.0,22.0,3,34.49,19.6,,0.0,,8,,20260918
HROW,"Harrow, Inc.",Healthcare,Drug Manufacturers - Specialty & Generic,NASDAQ,,601130,1241972480,1.3769,,,,,,,,0.0,20.75,3,54.85,28.54,,0.0,,8,,20260918
ALGGY,"Alliance Global Group, Inc.",Industrials,Conglomerates,PNK,6.65,85,1155613568,0.0431,6.88,6.9,-5.381,1.55,-16.91,-15.51,-11.73,0.0,49.0,3,8.53,5.51,-22.04,0.0,,8,,20260918
SBET,"Sharplink, Inc.",Financial Services,Capital Markets,NCM,,9469330,1794267008,0.5477,,,,,,,,0.0,29.5,3,19.54,4.46,,0.0,,8,,20260918
EWIIF,Edinburgh Worldwide Investment Trust Plc,Unknown,Unknown,PNK,3.59,4580,0,0.1495,3.32,3.59,1.7568,17.72,56.86,56.86,47.07,0.0,77.5,3,3.85,2.0,-6.71,0.0,,8,,20260918
DTTLY,Datatec Limited,Technology,Information Technology Services,OQX,9.48,117,1150133632,0.1583,9.31,9.17,1.0642,7.49,-13.88,30.46,9.2,0.0,78.75,2,10.75,6.86,-11.81,0.0,,8,,20260918
WVE,"Wave Life Sciences, Inc.",Healthcare,Biotechnology,NASDAQ,,3093835,874893888,0.2131,,,,,,,,0.0,17.0,3,21.73,4.4,,0.0,,8,,20260918
TOLWF,Trican Well Service Ltd.,Energy,Oil & Gas Equipment & Services,PNK,4.47,126062,935721216,0.1133,4.48,4.78,-0.1071,,,,,0.0,36.5,4,6.0,3.7,-25.5,0.0,,8,,20260918
MPLT,"MapLight Therapeutics, Inc.",Healthcare,Biotechnology,NASDAQ,,892256,524997056,0.9536,,,,,,,,0.0,23.25,3,40.43,9.1,,0.0,,8,,20260918
TAOFF,IperionX Limited,Basic Materials,Other Industrial Metals & Mining,PNK,1.96,634,709782784,0.0648,2.32,3.36,-5.5742,-46.31,-71.75,-71.8,-65.41,0.0,2.5,4,5.8,1.6,-66.21,0.0,,8,,20260918
NSP,"Insperity, Inc.",Industrials,Staffing & Employment Services,NYSE,,568574,1908235776,2.3471,,,,,,,,0.0,25.75,3,55.9,18.57,,0.0,,8,,20260918
HKEPF,"Hokkaido Electric Power Company, Incorporated",Utilities,Utilities - Renewable,PNK,6.6,298,1355311104,0.0176,6.05,-0.36,31.025,16.27,-181.05,-39.22,-74.99,0.0,75.0,2,7.75,5.19,-14.78,0.0,,8,,20260918
LEFUF,Leon's Furniture Limited,Consumer Cyclical,Specialty Retail,PNK,17.6,2835,1210031232,0.1472,17.32,18.34,1.9222,0.92,-16.92,-28.4,-17.05,0.0,67.0,3,21.31,16.56,-17.41,0.0,,8,,20260918
JFR,Nuveen Floating Rate Income Fund,Financial Services,Asset Management,NYSE,7.49,545811,0,0.0623,7.53,7.26,-0.696,,,,,0.0,70.75,3,8.27,7.16,-9.43,0.0,,8,,20260918
CCO,"Clear Channel Outdoor Holdings, Inc.",Communication Services,Advertising Agencies,NYSE,,7906306,1211643392,0.02,,,,,,,,0.0,20.75,3,2.44,1.27,,0.0,,8,,20260918
IRS,IRSA Inversiones y Representaciones Sociedad Anónima,Real Estate,Real Estate Services,NYSE,,141509,1355283968,0.5508,,,,,,,,0.0,24.5,3,19.14,10.87,,0.0,,8,,20260918
FGROY,FirstGroup plc,Industrials,Railroads,PNK,2.35,183,1221243136,0.0163,2.29,2.34,3.3938,17.55,-14.9,-21.87,-9.58,0.0,75.0,3,3.1,2.0,-24.19,0.0,,8,,20260918
BCCMY,BAIC Motor Corporation Limited,Consumer Cyclical,Auto Manufacturers,PNK,0.88,103,706992896,0.0099,1.08,1.77,-20.2873,-43.85,-69.13,-84.94,-69.13,0.0,0.0,4,2.9,0.88,-69.58,0.0,,8,,20260918
VIA,"Via Transportation, Inc.",Technology,Software - Application,NYSE,,901930,2370354944,1.2045,,,,,,,,0.0,27.0,3,55.2,12.95,,0.0,,8,,20260918
CHYCY,Chiyoda Corporation,Industrials,Engineering & Construction,PNK,4.08,33,1057468544,0.0015,4.09,5.58,-6.3557,-9.07,-54.05,93.87,16.36,0.0,12.0,4,9.87,1.95,-58.66,0.0,,8,,20260918
MTRBF,Metro Bank Holdings PLC,Financial Services,Banks - Regional,PNK,2.14,1026,1442238848,0.0099,2.15,1.83,-0.7088,-7.67,50.43,15.19,21.81,0.0,37.0,3,2.54,1.3,-15.63,0.0,,8,,20260918
YUPRF,Yuexiu Property Company Limited,Real Estate,Real Estate - Development,PNK,0.5,4,2013099008,0.0005,0.5,0.42,0.0,64.62,11.04,95.51,58.22,0.0,75.0,3,0.53,0.25,-4.96,0.0,,8,,20260918
MALJF,Magellan Aerospace Corporation,Industrials,Aerospace & Defense,PNK,23.86,4714,1401787008,0.6264,24.97,19.29,-1.7719,6.69,30.3,75.92,42.65,0.0,68.25,3,32.54,11.28,-26.67,0.0,,8,,20260918
CTBI,"Community Trust Bancorp, Inc.",Financial Services,Banks - Regional,NASDAQ,,118396,1384216448,1.3456,,,,,,,,0.0,22.0,3,79.92,50.25,,0.0,,8,,20260918
PRSU,"Pursuit Attractions and Hospitality, Inc.",Consumer Cyclical,Travel Services,NYSE,,262748,1344464896,1.1292,,,,,,,,0.0,23.25,3,56.52,32.03,,0.0,,8,,20260918
UFCS,"United Fire Group, Inc.",Financial Services,Insurance - Property & Casualty,NASDAQ,,162267,1395805312,1.4276,,,,,,,,0.0,23.25,3,56.74,29.74,,0.0,,8,,20260918
COAG,"Hemab Therapeutics Holdings, Inc.",Healthcare,Biotechnology,NASDAQ,,384706,1925473536,3.2185,,,,,,,,0.0,23.25,3,55.42,23.0,,0.0,,8,,20260918
AVLN,Avalyn Pharma Inc.,Healthcare,Biotechnology,NASDAQ,,306374,1482055424,2.0623,,,,,,,,0.0,23.25,3,40.17,24.15,,0.0,,8,,20260918
DTTLF,Datatec Limited,Technology,Information Technology Services,OQX,5.58,1,1353954816,0.0065,5.35,3.25,34.4274,83.67,117.86,360.5,206.37,0.0,75.0,2,5.58,3.46,-0.0,0.0,,8,,20260918
QKIE,QKI Emulsion Inc.,Financial Services,Shell Companies,OID,2.7,624,1414429184,0.2528,2.39,1.74,1.2437,,,,,0.0,80.0,2,3.0,0.23,-10.0,0.0,,8,,20260918
BRETF,Brazilian Rare Earths Limited,Basic Materials,Other Precious Metals & Mining,OQX,2.71,3995,759636800,0.0855,2.79,2.71,-0.9526,-31.58,-38.46,-38.46,-36.74,0.0,38.25,3,4.3,2.35,-36.94,0.0,,8,,20260918
TROX,Tronox Holdings plc,Basic Materials,Chemicals,NYSE,,2652924,681919104,0.2477,,,,,,,,0.0,15.75,3,10.59,2.86,,0.0,,8,,20260918
DQ,Daqo New Energy Corp.,Technology,Semiconductor Equipment & Materials,NYSE,,944993,807257024,0.4754,,,,,,,,0.0,19.5,3,36.59,11.17,,0.0,,8,,20260918
SBH,"Sally Beauty Holdings, Inc.",Consumer Cyclical,Specialty Retail,NYSE,,1398082,1480168448,0.5531,,,,,,,,0.0,25.75,3,17.92,11.54,,0.0,,8,,20260918
NEO,"NeoGenomics, Inc.",Healthcare,Diagnostics & Research,NCM,,2595101,2555376384,0.7992,,,,,,,,0.0,28.25,3,19.89,7.07,,0.0,,8,,20260918
MNSAF,Mineros S.A.,Basic Materials,Gold,OQX,6.56,18391,1940696448,0.3742,5.5,4.56,2.8246,,,,,0.0,82.5,2,7.5,2.79,-12.59,0.0,,8,,20260918
PAHGF,Pets at Home Group Plc,Consumer Cyclical,Specialty Retail,PNK,2.72,296,1177714944,0.0034,2.66,2.62,17.6828,3.76,5.31,-15.93,-3.57,0.0,75.0,2,3.49,2.19,-22.13,0.0,,8,,20260918
ZBIO,"Zenas BioPharma, Inc.",Healthcare,Biotechnology,NASDAQ,,849285,2083699840,1.4642,,,,,,,,0.0,23.25,3,44.6,13.5,,0.0,,8,,20260918
OMGGF,Omai Gold Mines Corp.,Basic Materials,Gold,OQB,1.89,235342,1278904704,0.1014,1.91,1.55,-0.1734,,,,,0.0,67.0,3,2.3,0.72,-17.83,0.0,,8,,20260918
EOS,Eaton Vance Enhanced Equity Income Fund II,Financial Services,Asset Management,NYSE,21.09,126364,1124434816,0.2404,21.38,21.24,-1.2216,,,,,0.0,31.5,4,24.44,19.44,-13.71,0.0,,8,,20260918
ITRN,Ituran Location and Control Ltd.,Technology,Scientific & Technical Instruments,NASDAQ,,141309,1043006848,1.1454,,,,,,,,0.0,24.5,3,68.3,33.98,,0.0,,8,,20260918
OLMA,"Olema Pharmaceuticals, Inc.",Healthcare,Biotechnology,NASDAQ,,1265219,866226304,0.5642,,,,,,,,0.0,25.75,3,36.26,6.65,,0.0,,8,,20260918
ELKEF,Elkem ASA,Basic Materials,Specialty Chemicals,PNK,3.4,1,1232661888,0.0001,3.4,3.11,0.0,-0.75,-3.33,28.1,9.89,0.0,62.0,3,3.4,2.35,0.0,0.0,,8,,20260918
ATEX,Anterix Inc.,Communication Services,Telecom Services,NCM,,390430,1518189568,4.3063,,,,,,,,0.0,18.25,3,113.0,17.58,,0.0,,8,,20260918
FQVTY,Fevertree Drinks PLC,Consumer Defensive,Beverages - Non-Alcoholic,PNK,11.0,61,1203233024,0.0877,10.87,10.97,1.4718,-2.45,-8.4,-27.27,-14.46,0.0,50.0,3,12.85,9.99,-14.4,0.0,,8,,20260918
GILT,Gilat Satellite Networks Ltd.,Technology,Communication Equipment,NASDAQ,,594551,766445056,0.3685,,,,,,,,0.0,20.75,3,20.93,9.37,,0.0,,8,,20260918
SUUIF,Superior Plus Corp.,Utilities,Utilities - Regulated Gas,PNK,5.04,67051,1081584000,0.0665,5.42,5.29,-5.671,-13.65,-10.34,-23.25,-16.34,0.0,15.75,4,6.24,4.34,-19.23,0.0,,8,,20260918
SILXF,Silex Systems Limited,Technology,Semiconductors,OQX,3.25,5856,904924480,0.2205,3.59,4.28,-1.5583,-18.48,-28.59,1.97,-13.84,0.0,19.5,4,7.25,2.95,-55.17,0.0,,8,,20260918
TDOC,"Teladoc Health, Inc.",Healthcare,Health Information Services,NYSE,,4588414,1140975616,0.2373,,,,,,,,0.0,23.25,3,9.89,4.4,,0.0,,8,,20260918
SILXY,Silex Systems Limited,Technology,Semiconductors,OQX,15.46,6601,860931136,0.7354,17.64,21.28,-2.9712,-21.8,-31.08,-7.02,-19.13,0.0,10.0,4,35.5,14.67,-56.45,0.0,,8,,20260918
SCL,Stepan Company,Basic Materials,Specialty Chemicals,NYSE,,144300,1427986688,1.5454,,,,,,,,0.0,22.0,3,68.0,41.82,,0.0,,8,,20260918
MGRT,Mega Fortune Company Limited,Technology,Information Technology Services,NCM,,17638,1622499968,6.6288,,,,,,,,0.0,23.25,3,170.0,3.72,,0.0,,8,,20260918
ABTC,American Bitcoin Corp,Financial Services,Capital Markets,NCM,,1680185,1075668096,0.7372,,,,,,,,0.0,25.75,3,120.15,4.92,,0.0,,8,,20260918
PNTG,"The Pennant Group, Inc.",Healthcare,Medical Care Facilities,NASDAQ,,302693,1398210688,1.3773,,,,,,,,0.0,20.75,3,42.74,22.25,,0.0,,8,,20260918
XZO,"Exzeo Group, Inc.",Financial Services,Insurance - Diversified,NYSE,,200746,1494525440,0.6115,,,,,,,,0.0,25.75,3,24.6,12.36,,0.0,,8,,20260918
BOMXF,"Bolsa Mexicana de Valores, S.A.B. de C.V.",Financial Services,Financial Data & Stock Exchanges,PNK,2.25,3204,1241079040,0.019,2.18,2.13,3.6597,6.39,-7.87,-6.66,-3.82,0.0,77.5,2,2.3,1.82,-2.17,0.0,,8,,20260918
VZLA,Vizsla Silver Corp.,Basic Materials,Other Industrial Metals & Mining,NYSE,,5241527,1423778048,0.1885,,,,,,,,0.0,22.0,3,7.19,2.88,,0.0,,8,,20260918
IRMD,IRADIMED CORPORATION,Healthcare,Medical Devices,NASDAQ,,125920,1057995584,2.1018,,,,,,,,0.0,19.5,3,107.9,67.84,,0.0,,8,,20260918
XFABF,X-FAB Silicon Foundries SE,Technology,Semiconductors,PNK,7.05,2067,925187264,0.172,7.42,7.21,-2.1584,-37.24,16.35,-17.44,-10.56,0.0,14.5,4,17.05,5.16,-58.65,0.0,,8,,20260918
LSPD,Lightspeed Commerce Inc.,Technology,Software - Application,NYSE,,816169,1225760128,0.2788,,,,,,,,0.0,25.75,3,13.71,7.83,,0.0,,8,,20260918
EDN,Empresa Distribuidora y Comercializadora Norte Sociedad Anónima,Utilities,Utilities - Regulated Electric,NYSE,,77825,0,1.1077,,,,,,,,0.0,19.5,3,36.7,14.38,,0.0,,8,,20260918
IART,Integra LifeSciences Holdings Corporation,Healthcare,Medical Devices,NASDAQ,,884324,1174364800,0.6,,,,,,,,0.0,22.0,3,20.49,8.7,,0.0,,8,,20260918
OPFI,OppFi Inc.,Financial Services,Credit Services,NYSE,,890419,599866048,0.2929,,,,,,,,0.0,20.75,3,12.45,6.5,,0.0,,8,,20260918
BV,"BrightView Holdings, Inc.",Industrials,Specialty Business Services,NYSE,,1060908,1005635968,0.3037,,,,,,,,0.0,22.0,3,15.0,10.42,,0.0,,8,,20260918
TRIP,"Tripadvisor, Inc.",Consumer Cyclical,Travel Services,NASDAQ,,3534624,1032123520,0.3531,,,,,,,,0.0,22.0,3,20.16,8.41,,0.0,,8,,20260918
VITBF,Vitec Software Group AB (publ),Unknown,Unknown,PNK,25.9,864,0,1.0151,27.92,25.9,-1.9911,-43.88,-85.29,-85.29,-74.93,0.0,30.0,3,39.35,22.79,-34.18,0.0,,8,,20260918
FQVTF,Fevertree Drinks PLC,Consumer Defensive,Beverages - Non-Alcoholic,PNK,10.31,682,1127757568,0.1252,11.07,11.04,-6.0575,-8.23,-16.75,-31.32,-20.45,0.0,26.5,1,13.05,9.55,-21.0,0.0,,8,,20260918
PBTDF,Plover Bay Technologies Limited,Technology,Communication Equipment,PNK,1.03,157,1139442560,0.0021,0.97,0.84,30.4657,1.6,11.18,76.03,34.72,0.0,75.0,2,1.48,0.76,-30.41,0.0,,8,,20260918
BLFS,"BioLife Solutions, Inc.",Healthcare,Medical Instruments & Supplies,NCM,,1138566,1802824704,0.9915,,,,,,,,0.0,28.25,3,38.1,17.86,,0.0,,8,,20260918
BFLY,"Butterfly Network, Inc.",Healthcare,Medical Devices,NYSE,,8140496,2119630080,0.4842,,,,,,,,0.0,23.25,3,10.05,1.66,,0.0,,8,,20260918
WYFI,"WhiteFiber, Inc.",Technology,Information Technology Services,NCM,,2734058,693827456,1.2571,,,,,,,,0.0,20.75,3,46.87,10.51,,0.0,,8,,20260918
SIFY,Sify Technologies Limited,Communication Services,Telecom Services,NCM,,38837,999597696,0.6154,,,,,,,,0.0,24.5,3,17.85,10.09,,0.0,,8,,20260918
AUTLF,Austal Limited,Industrials,Aerospace & Defense,PNK,3.25,8848,1371741184,0.1318,2.83,3.54,3.1535,,,,,0.0,67.0,3,6.35,2.4,-48.82,0.0,,8,,20260918
SG,"Sweetgreen, Inc.",Consumer Cyclical,Restaurants,NYSE,,5620014,814242624,0.43,,,,,,,,0.0,24.5,3,10.63,4.49,,0.0,,8,,20260918
FMBH,"First Mid Bancshares, Inc.",Financial Services,Banks - Regional,NASDAQ,,144262,1333021824,0.9123,,,,,,,,0.0,23.25,3,53.36,34.16,,0.0,,8,,20260918
ELMTY,Elementis plc,Basic Materials,Specialty Chemicals,PNK,9.54,3,1350396160,0.1243,7.86,8.08,13.5325,28.14,-2.11,-5.7,4.01,0.0,75.0,3,9.93,7.31,-3.93,0.0,,8,,20260918
NAK,Northern Dynasty Minerals Ltd.,Basic Materials,Other Industrial Metals & Mining,NYSE,,4875322,713894528,0.0954,,,,,,,,0.0,17.0,3,2.98,0.81,,0.0,,8,,20260918
TK,Teekay Corporation Ltd.,Energy,Oil & Gas Midstream,NYSE,,572017,1286432384,0.4354,,,,,,,,0.0,27.0,3,14.93,7.8,,0.0,,8,,20260918
NDTAF,Northern Data AG,Technology,Information Technology Services,PNK,9.25,14,593819264,0.0364,9.33,12.09,-2.2254,44.23,-42.77,-73.31,-33.24,0.0,37.0,4,23.0,6.38,-59.78,0.0,,8,,20260918
RCAT,"Red Cat Holdings, Inc.",Industrials,Aerospace & Defense,NCM,,8887217,1083508352,0.4838,,,,,,,,0.0,19.5,3,18.78,5.77,,0.0,,8,,20260918
DMZPY,Domino's Pizza Enterprises Limited,Consumer Cyclical,Restaurants,PNK,6.61,138,1252553600,0.2124,6.38,6.49,1.0977,20.18,-18.61,30.87,10.88,0.0,76.25,3,8.74,3.96,-24.37,0.0,,8,,20260918
WZZAF,Wizz Air Holdings Plc,Industrials,Airlines,PNK,11.14,0,1548585088,0.0001,11.14,12.78,0.0,-0.75,-20.81,-45.51,-25.68,0.0,37.0,3,16.77,11.14,-33.56,0.0,,8,,20260918
SMNR,"Semnur Pharmaceuticals, Inc.",Healthcare,Biotechnology,PNK,0.45,27425,103594112,0.1192,0.68,6.13,-1.9073,,,,,0.0,8.75,4,23.0,0.25,-98.04,0.0,,8,,20260918
TMLDF,Tasmea Limited,Industrials,Engineering & Construction,PNK,6.2,820,1738973952,0.1029,6.2,6.2,0.0,-7.61,-7.61,-7.61,-7.61,0.0,62.0,3,7.2,6.2,-13.89,0.0,,8,,20260918
JKS,"JinkoSolar Holding Co., Ltd.",Technology,Solar,NYSE,,727598,563503232,0.6546,,,,,,,,0.0,17.0,3,31.88,9.99,,0.0,,8,,20260918
MRNFF,Meren Energy Inc.,Energy,Oil & Gas E&P,OQX,1.62,323956,1095306880,0.0473,1.52,1.49,2.1566,,,,,0.0,90.0,2,1.85,1.19,-12.43,0.0,,8,,20260918
CSR,Centerspace,Real Estate,REIT - Residential,NYSE,,202391,1005987520,1.1985,,,,,,,,0.0,22.0,3,69.61,52.0,,0.0,,8,,20260918
TNGRF,Thungela Resources Limited,Energy,Thermal Coal,PNK,8.13,4635,1033297664,0.2972,6.98,7.42,3.8685,,,,,0.0,82.5,3,10.72,4.25,-24.16,0.0,,8,,20260918
NAT,Nordic American Tankers Limited,Energy,Oil & Gas Midstream,NYSE,,4084809,1725767808,0.2674,,,,,,,,0.0,25.75,3,8.27,3.06,,0.0,,8,,20260918
SMSZF,"SMS Co., Ltd.",Healthcare,Health Information Services,PNK,8.56,0,702608640,0.0004,8.56,-3.53,0.0,-0.75,-153.89,-156.24,-116.54,0.0,62.0,3,13.05,8.56,-34.41,0.0,,8,,20260918
RMIX,"Suncrete, Inc.",Basic Materials,Building Materials,NASDAQ,,392893,1300464128,0.9146,,,,,,,,0.0,19.5,3,25.5,9.2,,0.0,,8,,20260918
PSEC,Prospect Capital Corporation,Financial Services,Asset Management,NASDAQ,,4505250,1148552320,0.0523,,,,,,,,0.0,22.0,3,3.13,2.11,,0.0,,8,,20260918
ORZCF,Orezone Gold Corporation,Basic Materials,Gold,OQX,2.12,176216,1416378240,0.0925,1.83,1.69,3.0926,,,,,0.0,85.0,2,2.3,0.89,-7.83,0.0,,8,,20260918
CHRHF,Chervon Holdings Limited,Industrials,Tools & Accessories,PNK,3.45,340,1755200768,0.0813,2.35,1.97,13.5629,105.02,76.79,22.25,62.03,0.0,76.25,2,3.6,1.93,-4.17,0.0,,8,,20260918
SHPPF,Redcare Pharmacy NV,Healthcare,Pharmaceutical Retailers,PNK,64.8,0,1307622144,0.0123,64.8,60.77,0.0,-0.75,30.42,-71.64,-18.2,0.0,75.0,3,148.22,45.18,-56.28,0.0,,8,,20260918
GIC,Global Industrial Company,Industrials,Industrial Distribution,NYSE,,136933,1540339072,0.7746,,,,,,,,0.0,22.0,3,40.71,26.4,,0.0,,8,,20260918
ULCC,"Frontier Group Holdings, Inc.",Industrials,Airlines,NASDAQ,,3420719,1353668736,0.2295,,,,,,,,0.0,22.0,3,8.4,3.02,,0.0,,8,,20260918
AGBK,AGI Inc,Financial Services,Banks - Regional,NYSE,,281533,1629046656,0.2346,,,,,,,,0.0,23.25,3,12.21,5.91,,0.0,,8,,20260918
ARYTF,Aryt Industries Ltd.,Industrials,Aerospace & Defense,PNK,5.72,114,582407104,0.1694,4.81,7.2,5.3645,2.9,-51.26,11000.46,4382.97,0.0,30.0,3,20.8,0.1,-72.52,0.0,,8,,20260918
TTAPY,TTW Public Company Limited,Utilities,Utilities - Regulated Water,PNK,15.15,11,1209368960,0.1316,14.87,14.31,2.1632,2.57,-11.33,-0.25,-3.43,0.0,75.0,2,16.1,12.96,-5.87,0.0,,8,,20260918
MRVI,"Maravai LifeSciences Holdings, Inc.",Healthcare,Biotechnology,NASDAQ,,3535796,2692500480,0.3044,,,,,,,,0.0,22.0,3,9.42,2.54,,0.0,,8,,20260918
KSKGF,Kingsgate Consolidated Limited,Basic Materials,Gold,PNK,3.8,1880,1012354240,0.0566,3.38,3.82,7.3563,,,,,0.0,63.25,3,5.28,1.9,-28.03,0.0,,8,,20260918
LNN,Lindsay Corporation,Industrials,Farm & Heavy Construction Machinery,NYSE,,154740,1192505088,3.7392,,,,,,,,0.0,24.5,3,148.0,97.27,,0.0,,8,,20260918
BYITY,Bytes Technology Group plc,Technology,Software - Infrastructure,PNK,11.15,7,1282800640,0.011,11.11,9.74,3.488,5.92,10.92,-44.81,-12.62,0.0,75.0,2,16.2,9.15,-31.17,0.0,,8,,20260918
BVHMY,Vistry Group PLC,Consumer Cyclical,Residential Construction,PNK,3.58,334,1137938560,0.0725,3.59,5.64,-0.1228,19.58,-56.18,-74.4,-44.53,0.0,38.25,4,10.28,2.98,-65.18,0.0,,8,,20260918
EKZRF,Eckert & Ziegler SE,Healthcare,Medical Devices,PNK,15.57,12,974316480,0.0533,17.17,15.57,-30.0933,-13.18,-13.96,-13.96,-13.77,0.0,25.0,3,18.1,15.57,-13.98,0.0,,8,,20260918
MCB,Metropolitan Bank Holding Corp.,Financial Services,Banks - Regional,NYSE,,141645,1102534400,1.8232,,,,,,,,0.0,23.25,3,102.04,64.66,,0.0,,8,,20260918
ASGTF,Altus Group Limited,Real Estate,Real Estate Services,PNK,32.66,17420,1117628544,0.4596,33.7,34.29,-2.2587,1.07,-15.89,-39.5,-21.09,0.0,50.25,4,46.99,27.8,-30.5,0.0,,8,,20260918
FBAK,First National Bank Alaska,Financial Services,Banks - Regional,OQX,335.25,201,1061698176,11.5066,324.66,309.45,0.9201,,,,,0.0,86.25,2,343.0,257.01,-2.26,0.0,,8,,20260918
AKTS,"Aktis Oncology, Inc.",Healthcare,Biotechnology,NASDAQ,,394061,1271461760,1.3523,,,,,,,,0.0,22.0,3,34.19,14.72,,0.0,,8,,20260918
ASA,ASA Gold and Precious Metals Limited,Financial Services,Asset Management,NYSE,58.44,66298,1072772288,2.7414,56.79,61.8,0.6022,,,,,0.0,69.5,3,83.2,40.28,-29.76,0.0,,8,,20260918
ARAFF,Arafura Rare Earths Limited,Basic Materials,Other Industrial Metals & Mining,PNK,0.13,381830,789424064,0.0183,0.15,0.18,-0.9934,-35.75,-44.59,-7.02,-27.35,0.0,6.25,4,0.37,0.11,-64.86,0.0,,8,,20260918
SBR,Sabine Royalty Trust,Energy,Oil & Gas Midstream,NYSE,,32640,1071436032,1.4647,,,,,,,,0.0,22.0,3,84.39,65.31,,0.0,,8,,20260918
FHNGY,The Foschini Group Limited,Consumer Cyclical,Department Stores,PNK,3.04,96,958509184,0.0511,3.35,3.99,-6.1407,,,,,0.0,1.25,4,6.4,2.93,-52.5,0.0,,8,,20260918
EVLV,"Evolv Technologies Holdings, Inc.",Industrials,Security & Protection Services,NCM,,2078733,906551872,0.1736,,,,,,,,0.0,18.25,3,8.81,4.86,,0.0,,8,,20260918
NURPF,Neuren Pharmaceuticals Limited,Healthcare,Biotechnology,PNK,15.76,497,1997957888,0.1515,14.79,11.22,6.3906,86.84,80.52,1.7,50.57,0.0,77.5,2,17.25,7.7,-8.64,0.0,,8,,20260918
CNMD,CONMED Corporation,Healthcare,Medical Devices,NYSE,,551882,1381651072,1.5,,,,,,,,0.0,20.75,3,53.66,31.44,,0.0,,8,,20260918
HFWA,Heritage Financial Corporation,Financial Services,Banks - Regional,NASDAQ,,394727,1149318144,0.4669,,,,,,,,0.0,22.0,3,31.25,21.32,,0.0,,8,,20260918
UTZ,"Utz Brands, Inc.",Consumer Defensive,Packaged Foods,NYSE,,3594553,2054340736,0.035,,,,,,,,0.0,23.25,3,14.32,6.78,,0.0,,8,,20260918
CDNA,"CareDx, Inc.",Healthcare,Diagnostics & Research,NASDAQ,,1155662,2808133632,2.3042,,,,,,,,0.0,30.75,3,55.16,13.95,,0.0,,8,,20260918
ASTE,"Astec Industries, Inc.",Industrials,Farm & Heavy Construction Machinery,NASDAQ,,235772,942008064,1.4015,,,,,,,,0.0,20.75,3,65.69,39.99,,0.0,,8,,20260918
BVHMF,Vistry Group PLC,Consumer Cyclical,Residential Construction,PNK,3.76,10982,1195153408,0.1109,3.71,5.55,0.439,,,,,0.0,51.25,3,10.39,2.98,-63.81,0.0,,8,,20260918
HQH,Abrdn Healthcare Investors,Financial Services,Asset Management,NYSE,21.64,224327,0,0.4641,21.98,19.12,-0.7307,,,,,0.0,69.5,3,24.85,16.58,-12.92,0.0,,8,,20260918
CPPKF,Faraday Copper Corp.,Basic Materials,Copper,OQX,3.6,84150,1059564864,0.2499,3.94,3.31,-1.3583,,,,,0.0,35.0,3,4.83,0.9,-25.39,0.0,,8,,20260918
LIFE,Ethos Technologies Inc.,Financial Services,Insurance Brokers,NASDAQ,,1117040,3488519936,2.5223,,,,,,,,0.0,28.25,3,42.55,9.45,,0.0,,8,,20260918
DEC,Diversified Energy Company,Energy,Oil & Gas Integrated,NYSE,,997801,959640576,0.4494,,,,,,,,0.0,24.5,3,18.9,12.33,,0.0,,8,,20260918
HTLD,"Heartland Express, Inc.",Industrials,Trucking,NASDAQ,,709225,921804672,0.44,,,,,,,,0.0,23.25,3,16.64,7.0,,0.0,,8,,20260918
MEQYF,Mainstreet Equity Corp.,Real Estate,Real Estate Services,PNK,118.7,237,1102677632,0.5131,121.64,126.28,-5.7321,,,,,0.0,49.0,4,145.11,118.0,-18.2,0.0,,8,,20260918
CIMN,Chimera Investment Corporation ,Unknown,Unknown,NYSE,25.18,9279,0,0.0971,25.01,24.38,1.7507,,,,,0.0,87.5,2,25.76,24.37,-2.23,0.0,,8,,20260918
CIM,Chimera Investment Corporation,Real Estate,REIT - Mortgage,NYSE,,827867,920106176,0.1931,,,,,,,,0.0,17.0,3,14.22,10.84,,0.0,,8,,20260918
TDAY,"USA TODAY Co., Inc.",Communication Services,Publishing,NYSE,,2139367,927889408,0.2454,,,,,,,,0.0,20.75,3,9.21,3.42,,0.0,,8,,20260918
REAL,"The RealReal, Inc.",Consumer Cyclical,Luxury Goods,NASDAQ,,3117019,1151008768,0.4532,,,,,,,,0.0,19.5,3,17.39,8.05,,0.0,,8,,20260918
DYLLF,Deep Yellow Limited,Energy,Uranium,OQX,0.94,48688,915790464,0.0686,1.03,1.25,-1.2544,,,,,0.0,31.25,3,2.1,0.0,-55.24,0.0,,8,,20260918
FLTCF,Filtronic plc,Technology,Communication Equipment,PNK,3.17,232647,711514688,0.2801,3.33,3.27,-0.5688,,,,,0.0,36.5,4,8.5,1.59,-62.71,0.0,,8,,20260918
SVC,Service Properties Trust,Real Estate,REIT - Hotel & Motel,NASDAQ,,1819607,850877376,0.2385,,,,,,,,0.0,17.0,3,15.05,5.65,,0.0,,8,,20260918
COLL,"Collegium Pharmaceutical, Inc.",Healthcare,Drug Manufacturers - Specialty & Generic,NASDAQ,,673550,693761920,0.9882,,,,,,,,0.0,18.25,3,50.79,21.65,,0.0,,8,,20260918
LNZNF,Lenzing Aktiengesellschaft,Consumer Cyclical,Textile Manufacturing,PNK,24.5,6,1004345728,0.1575,27.26,27.92,-17.549,-15.12,-22.27,-34.5,-25.37,0.0,0.0,4,32.21,24.33,-23.94,0.0,,8,,20260918
CBLNY,Mersen S.A.,Industrials,Electrical Equipment & Parts,PNK,8.9,72,1080436992,0.0264,8.47,7.08,16.1257,-13.92,31.48,55.38,29.69,0.0,50.0,2,11.25,5.05,-20.89,0.0,,8,,20260918
RJET,Republic Airways Holdings Inc.,Industrials,Airlines,NASDAQ,,125717,809509184,0.5769,,,,,,,,0.0,19.5,3,26.7,15.37,,0.0,,8,,20260918
SMGRF,Summerset Group Holdings Limited,Healthcare,Medical Care Facilities,PNK,4.72,17,1153434496,0.0025,4.69,5.61,13.012,0.49,-44.74,-64.03,-41.15,0.0,50.0,3,9.45,4.52,-50.05,0.0,,8,,20260918
DEA,"Easterly Government Properties, Inc.",Real Estate,REIT - Office,NYSE,,378483,1144775680,0.4105,,,,,,,,0.0,20.75,3,25.96,20.56,,0.0,,8,,20260918
ROCK,"Gibraltar Industries, Inc.",Industrials,Building Products & Equipment,NASDAQ,,321132,1303048192,1.7585,,,,,,,,0.0,22.0,3,75.08,33.56,,0.0,,8,,20260918
AIAI,AIAI Holdings Corporation,Industrials,Conglomerates,NASDAQ,,542779,231773856,0.4508,,,,,,,,0.0,23.25,3,19.57,3.03,,0.0,,8,,20260918
JNDOF,JINS HOLDINGS Inc.,Healthcare,Medical Instruments & Supplies,PNK,38.43,1,897164160,0.0233,38.96,31.57,-22.5979,-19.37,55.91,53.57,36.15,0.0,37.0,3,47.22,22.75,-18.61,0.0,,8,,20260918
ORRAF,Orora Limited,Consumer Cyclical,Packaging & Containers,PNK,1.0,4,1225342848,0.0013,0.96,1.12,31.3448,13.55,-34.39,-37.49,-23.65,0.0,50.0,3,1.46,0.9,-31.51,0.0,,8,,20260918
PZZA,"Papa John's International, Inc.",Consumer Cyclical,Restaurants,NASDAQ,,1303662,662055168,0.8677,,,,,,,,0.0,19.5,3,55.74,19.99,,0.0,,8,,20260918
CEVA,"CEVA, Inc.",Technology,Semiconductors,NASDAQ,,792985,839835968,1.1415,,,,,,,,0.0,22.0,3,51.6,17.02,,0.0,,8,,20260918
PHGPY,Pets at Home Group Plc,Consumer Cyclical,Specialty Retail,PNK,9.96,80,1079120640,0.0019,10.01,10.45,-23.6595,-5.17,-23.36,-12.95,-14.65,0.0,24.0,4,11.4,9.56,-12.63,0.0,,8,,20260918
AOD,Abrdn Total Dynamic Dividend Fund,Financial Services,Asset Management,NYSE,10.43,400414,1100013952,0.1231,10.5,9.75,-0.5523,,,,,0.0,69.5,3,10.85,8.76,-3.87,0.0,,8,,20260918
ASM,Avino Silver & Gold Mines Ltd.,Basic Materials,Other Precious Metals & Mining,NYSE,,3835396,1068389632,0.39,,,,,,,,0.0,22.0,3,11.99,4.05,,0.0,,8,,20260918
SVAUF,StorageVault Canada Inc.,Real Estate,Real Estate Services,PNK,2.96,19195,1082624384,0.0331,3.31,3.37,-10.4643,-13.9,-24.54,-28.45,-23.44,0.0,1.25,4,3.78,2.96,-21.69,0.0,,8,,20260918
CFPZF,Canfor Corporation,Basic Materials,Lumber & Wood Production,PNK,11.78,16087,1384178304,0.2957,10.52,9.79,4.2496,,,,,0.0,90.0,2,11.85,7.83,-0.59,0.0,,8,,20260918
JBIO,"Jade Biosciences, Inc.",Healthcare,Biotechnology,NCM,,1008437,1090059136,1.1879,,,,,,,,0.0,22.0,3,28.0,7.0,,0.0,,8,,20260918
GRRMY,Gerresheimer AG,Healthcare,Medical Instruments & Supplies,PNK,8.3,72,1146728064,0.0474,7.98,7.05,6.8126,21.3,36.95,-49.95,-1.72,0.0,75.0,2,12.69,4.71,-34.59,0.0,,8,,20260918
FPF,First Trust Intermediate Duration Preferred & Income Fund,Financial Services,Asset Management,NYSE,16.92,110806,1029545280,0.2184,17.51,17.57,-2.6783,,,,,0.0,30.25,4,19.75,16.45,-14.33,0.0,,8,,20260918
VULNF,Vulcan Energy Resources Limited,Basic Materials,Other Industrial Metals & Mining,PNK,1.58,1326,753890688,0.0818,1.92,2.48,-4.1845,-33.73,-47.38,-41.06,-41.44,0.0,1.25,4,5.43,1.57,-70.99,0.0,,8,,20260918
UVSP,Univest Financial Corporation,Financial Services,Banks - Regional,NASDAQ,42.55,250137,1173561600,0.7194,42.99,37.72,-0.6121,,,,,0.0,49.5,3,45.46,28.04,-6.4,0.0,,8,,20260918
DBVT,DBV Technologies S.A.,Healthcare,Biotechnology,NCM,,322709,786234688,0.5785,,,,,,,,0.0,19.5,3,26.18,8.86,,0.0,,8,,20260918
IRCUF,Irish Continental Group plc,Industrials,Marine Shipping,PNK,8.91,12782,1322839680,0.0996,8.3,7.62,6.0926,15.72,5.14,14.62,11.58,0.0,75.0,2,9.49,6.44,-6.11,0.0,,8,,20260918
FINV,FinVolution Group,Financial Services,Credit Services,NYSE,,784366,797997760,0.2065,,,,,,,,0.0,22.0,3,7.97,3.22,,0.0,,8,,20260918
LZ,"LegalZoom.com, Inc.",Industrials,Specialty Business Services,NASDAQ,,2863179,1039577472,0.2684,,,,,,,,0.0,27.0,3,12.4,5.22,,0.0,,8,,20260918
INDI,"indie Semiconductor, Inc.",Technology,Semiconductors,NCM,,6278814,725561792,0.1931,,,,,,,,0.0,19.5,3,6.05,2.32,,0.0,,8,,20260918
GRRMF,Gerresheimer AG,Healthcare,Medical Instruments & Supplies,PNK,32.2,33,1112188032,0.0943,31.82,34.91,4.0364,-0.44,31.97,-52.72,-10.01,0.0,62.0,3,51.41,19.16,-37.37,0.0,,8,,20260918
MMI,"Marcus & Millichap, Inc.",Real Estate,Real Estate Services,NYSE,,140890,1155444352,0.6462,,,,,,,,0.0,22.0,3,33.55,24.43,,0.0,,8,,20260918
AORT,"Artivion, Inc.",Healthcare,Medical Devices,NYSE,,705680,1164298496,0.9792,,,,,,,,0.0,23.25,3,48.25,19.16,,0.0,,8,,20260918
LNRCF,LunR Royalties Corp.,Basic Materials,Other Industrial Metals & Mining,PNK,14.49,23879,0,1.2662,14.27,14.49,0.1717,,,,,0.0,83.75,3,27.0,9.45,-46.33,0.0,,8,,20260918
SHAZ,SharonAI Holdings Inc.,Technology,Information Technology Services,NCM,,1944556,2030953728,4.4269,,,,,,,,0.0,27.0,3,97.48,16.55,,0.0,,8,,20260918
UVE,"Universal Insurance Holdings, Inc.",Financial Services,Insurance - Property & Casualty,NYSE,,210208,1235667840,0.8954,,,,,,,,0.0,24.5,3,45.15,25.05,,0.0,,8,,20260918
MRCHF,"H.U. Group Holdings, Inc.",Healthcare,Diagnostics & Research,PNK,22.2,66,1212030592,0.1459,21.56,20.89,4.3688,9.97,-12.1,-29.49,-13.54,0.0,75.0,2,28.06,18.6,-20.88,0.0,,8,,20260918
UPWK,Upwork Inc.,Communication Services,Internet Content & Information,NASDAQ,,3408579,1063552192,0.3062,,,,,,,,0.0,24.5,3,22.84,7.44,,0.0,,8,,20260918
DLX,Deluxe Corporation,Industrials,Conglomerates,NYSE,,436661,1096882432,0.5762,,,,,,,,0.0,23.25,3,32.07,17.76,,0.0,,8,,20260918
IGIC,International General Insurance Holdings Ltd.,Financial Services,Insurance - Diversified,NCM,,91148,1078965248,0.5732,,,,,,,,0.0,22.0,3,29.59,20.82,,0.0,,8,,20260918
OSBC,"Old Second Bancorp, Inc.",Financial Services,Banks - Regional,NASDAQ,,435867,1267822848,0.4515,,,,,,,,0.0,25.75,3,26.06,16.65,,0.0,,8,,20260918
EYPT,"EyePoint, Inc.",Healthcare,Biotechnology,NASDAQ,,3584064,334526784,0.3169,,,,,,,,0.0,18.25,3,19.11,3.42,,0.0,,8,,20260918
GPRE,Green Plains Inc.,Basic Materials,Chemicals,NASDAQ,,1502988,1057738496,0.7538,,,,,,,,0.0,22.0,3,19.65,8.65,,0.0,,8,,20260918
TGONF,Tetragon Financial Group Limited,Unknown,Unknown,PNK,13.51,7429,1136190976,0.0878,13.54,14.29,-0.3654,11.44,-17.42,-42.73,-20.33,0.0,50.25,4,19.62,11.97,-31.14,0.0,,8,,20260918
DGIPF,DigiPlus Interactive Corp.,Unknown,Unknown,PNK,0.15,67271,0,0.0242,0.17,0.24,-0.4563,,,,,0.0,7.5,4,0.81,0.12,-80.89,0.0,,8,,20260918
NWPX,"NWPX Infrastructure, Inc.",Basic Materials,Steel,NASDAQ,,192220,992872768,3.1631,,,,,,,,0.0,20.75,3,152.03,49.25,,0.0,,8,,20260918
TSHTY,Toshiba Tec Corporation,Technology,Computer Hardware,PNK,9.19,499,974441984,0.0924,9.44,9.27,-2.6514,-6.16,-9.55,-34.06,-18.51,0.0,25.25,4,12.59,8.01,-26.97,0.0,,8,,20260918
EVV,Eaton Vance Limited Duration Income Fund,Financial Services,Asset Management,NYSE,8.72,427316,0,0.0766,9.0,9.12,-3.7209,,,,,0.0,31.5,4,10.26,8.63,-15.01,0.0,,8,,20260918
EVO,Evotec SE,Healthcare,Drug Manufacturers - Specialty & Generic,NASDAQ,,57909,593499840,0.0385,,,,,,,,0.0,19.5,3,4.27,1.6,,0.0,,8,,20260918
SMSSY,"SMS Co., Ltd.",Healthcare,Health Information Services,PNK,8.85,56,1748507520,0.2296,7.45,5.8,6.1115,37.54,82.17,51.27,58.65,0.0,76.25,2,8.9,4.42,-0.6,0.0,,8,,20260918
OCFC,OceanFirst Financial Corp.,Financial Services,Banks - Regional,NASDAQ,,1004509,1752177664,0.3608,,,,,,,,0.0,18.25,3,20.61,17.05,,0.0,,8,,20260918
ELE,Elemental Royalty Corporation,Basic Materials,Gold,NCM,,390651,1561236864,0.8475,,,,,,,,0.0,24.5,3,26.96,12.58,,0.0,,8,,20260918
ALNT,Allient Inc.,Technology,Electronic Components,NASDAQ,,269651,1684524288,4.2377,,,,,,,,0.0,25.75,3,118.67,41.75,,0.0,,8,,20260918
TMVWF,TeamViewer SE,Technology,Software - Application,PNK,7.68,33,1205500032,0.0026,7.58,6.72,38.1715,3.17,28.74,-44.83,-7.08,0.0,75.0,2,10.89,5.17,-29.48,0.0,,8,,20260918
BNGRF,Savencia SA,Consumer Defensive,Packaged Foods,PNK,82.35,0,1062331136,0.0031,82.35,74.35,0.0,-0.75,4.13,42.1,18.1,0.0,62.0,3,82.35,52.3,-0.0,0.0,,8,,20260918
PXED,"Phoenix Education Partners, Inc.",Consumer Defensive,Education & Training Services,NYSE,,115766,958499712,1.0135,,,,,,,,0.0,25.75,3,47.08,23.52,,0.0,,8,,20260918
LQDT,"Liquidity Services, Inc.",Consumer Cyclical,Internet Retail,NASDAQ,,221825,1352899328,1.2731,,,,,,,,0.0,22.0,3,44.09,21.67,,0.0,,8,,20260918
SMPL,The Simply Good Foods Company,Consumer Defensive,Packaged Foods,NCM,,2387224,888834176,0.5258,,,,,,,,0.0,20.75,3,27.07,9.74,,0.0,,8,,20260918
AMN,"AMN Healthcare Services, Inc.",Healthcare,Medical Care Facilities,NYSE,,756959,1338121216,1.3038,,,,,,,,0.0,24.5,3,37.22,14.97,,0.0,,8,,20260918
MGAWY,Megaworld Corporation,Real Estate,Real Estate - Development,PNK,6.73,96,1091265536,0.0633,6.71,6.59,0.3646,11.56,-19.54,-16.44,-10.53,0.0,76.25,2,7.93,6.16,-15.13,0.0,,8,,20260918
KRNGY,Karoon Energy Ltd,Energy,Oil & Gas E&P,PNK,2.2,40,767649728,0.0296,2.21,2.19,-0.2454,-23.11,-23.24,-16.44,-20.49,0.0,63.25,3,2.94,1.76,-25.17,0.0,,8,,20260918
ABR,"Arbor Realty Trust, Inc.",Real Estate,REIT - Mortgage,NYSE,,3905095,908222592,0.1523,,,,,,,,0.0,18.25,3,12.58,4.44,,0.0,,8,,20260918
LGIH,"LGI Homes, Inc.",Consumer Cyclical,Residential Construction,NASDAQ,,325840,1142187648,2.0385,,,,,,,,0.0,18.25,3,66.25,33.55,,0.0,,8,,20260918
MNXBF,"Monex Group, Inc.",Financial Services,Capital Markets,PNK,4.16,35,1045672896,0.0205,4.14,-2.45,1.0554,5.37,-151.0,-99.49,-91.3,0.0,75.0,2,5.61,3.85,-25.85,0.0,,8,,20260918
LSDAF,Lassonde Industries Inc.,Consumer Defensive,Beverages - Non-Alcoholic,PNK,166.12,14,1133180160,0.4765,157.0,157.6,19.1341,3.67,-7.38,-4.81,-3.59,0.0,75.0,3,168.47,113.91,-1.39,0.0,,8,,20260918
MDEVY,Melco International Development Limited,Consumer Cyclical,Resorts & Casinos,PNK,2.4,18,1091958144,0.0063,2.31,2.62,14.0878,6.92,-25.74,-37.94,-22.45,0.0,62.0,3,3.57,2.14,-32.77,0.0,,8,,20260918
XERS,"Xeris Biopharma Holdings, Inc.",Healthcare,Drug Manufacturers - Specialty & Generic,NASDAQ,,1871288,1487733632,0.3515,,,,,,,,0.0,20.75,3,10.08,5.25,,0.0,,8,,20260918
HYLN,Hyliion Holdings Corp.,Consumer Cyclical,Auto Parts,NYSE,,3220880,728676608,0.2208,,,,,,,,0.0,28.25,3,8.49,1.56,,0.0,,8,,20260918
BOPCF,BioPharma Credit PLC,Unknown,Unknown,PNK,0.93,377886,846781096,0.0455,0.93,0.93,0.0,-27.06,-27.06,-27.06,-27.06,0.0,63.25,3,1.02,0.85,-9.2,0.0,,8,,20260918
SAFT,"Safety Insurance Group, Inc.",Financial Services,Insurance - Property & Casualty,NASDAQ,,214187,1519870336,0.206,,,,,,,,0.0,23.25,3,103.8,67.04,,0.0,,8,,20260918
FMBL,Farmers & Merchants Bank of Long Beach,Financial Services,Banks - Regional,OQX,9870.0,96,1193421184,67.8374,9699.45,8696.62,2.5141,,,,,0.0,91.25,2,9994.98,6950.0,-1.25,0.0,,8,,20260918
HMH,HMH Holding Inc.,Energy,Oil & Gas Equipment & Services,NASDAQ,,255724,230134576,0.9015,,,,,,,,0.0,22.0,3,24.5,16.32,,0.0,,8,,20260918
SAEYY,Redcare Pharmacy NV,Healthcare,Pharmaceutical Retailers,PNK,6.1,83,1230940544,0.0776,7.22,6.72,-14.4083,10.15,9.6,-44.43,-11.87,0.0,37.0,4,10.1,3.59,-39.6,0.0,,8,,20260918
LPTH,"LightPath Technologies, Inc.",Technology,Electronic Components,NCM,,3168090,708066496,0.7715,,,,,,,,0.0,20.75,3,18.94,5.83,,0.0,,8,,20260918
GTM,ZoomInfo Technologies Inc.,Technology,Software - Application,NASDAQ,,8268264,1170262400,0.2186,,,,,,,,0.0,24.5,3,12.31,2.54,,0.0,,8,,20260918
IVA,Inventiva S.A.,Healthcare,Biotechnology,NASDAQ,,1170740,885827456,0.2785,,,,,,,,0.0,20.75,3,7.98,3.35,,0.0,,8,,20260918
EVEX,"Eve Holding, Inc.",Industrials,Aerospace & Defense,NYSE,,1026870,717881856,0.1108,,,,,,,,0.0,18.25,3,5.16,1.99,,0.0,,8,,20260918
CCB,Coastal Financial Corporation,Financial Services,Banks - Regional,NASDAQ,,241480,703171072,2.0036,,,,,,,,0.0,23.25,3,120.05,36.61,,0.0,,8,,20260918
DPZUF,Domino's Pizza Enterprises Limited,Consumer Cyclical,Restaurants,PNK,14.5,167,1373829504,0.0492,12.98,13.0,30.9187,17.14,-10.67,51.31,21.08,0.0,75.0,3,15.6,8.27,-7.05,0.0,,8,,20260918
CRVS,"Corvus Pharmaceuticals, Inc.",Healthcare,Biotechnology,NASDAQ,,1029637,1055717888,0.6288,,,,,,,,0.0,19.5,3,26.95,5.74,,0.0,,8,,20260918
PGY,Pagaya Technologies Ltd.,Technology,Software - Infrastructure,NCM,,2983480,1715235200,1.1372,,,,,,,,0.0,25.75,3,44.99,10.4,,0.0,,8,,20260918
FUBO,FuboTV Inc.,Communication Services,Broadcasting,NYSE,,1467108,299022336,0.7364,,,,,,,,0.0,23.25,3,56.64,7.95,,0.0,,8,,20260918
TNLIY,Trainline plc,Consumer Cyclical,Travel Services,PNK,5.63,4,954276544,0.0145,5.85,6.11,-15.0136,-4.88,-23.68,-32.71,-22.59,0.0,25.25,4,6.81,5.6,-17.36,0.0,,8,,20260918
MLKN,"MillerKnoll, Inc.",Consumer Cyclical,"Furnishings, Fixtures & Appliances",NASDAQ,,735030,1453704320,0.7746,,,,,,,,0.0,19.5,3,24.71,13.77,,0.0,,8,,20260918
IQ,"iQIYI, Inc.",Communication Services,Entertainment,NASDAQ,,7790579,1061527168,0.0628,,,,,,,,0.0,23.25,3,2.72,0.86,,0.0,,8,,20260918
BJCHY,Beijing Capital International Airport Company Limited,Industrials,Airports & Air Services,PNK,0.92,119,840828800,0.0047,0.97,1.22,-10.9968,,,,,0.0,25.0,4,2.18,0.89,-57.89,0.0,,8,,20260918
GHM,Graham Corporation,Industrials,Specialty Industrial Machinery,NYSE,,223704,981450752,3.5146,,,,,,,,0.0,20.75,3,125.82,49.19,,0.0,,8,,20260918
SAFE,Safehold Inc.,Real Estate,REIT - Diversified,NYSE,,327022,960268800,0.3492,,,,,,,,0.0,19.5,3,17.45,12.76,,0.0,,8,,20260918
HSLV,Highlander Silver Corp.,Basic Materials,Silver,NYSE,,548540,1103096960,0.3215,,,,,,,,0.0,24.5,3,6.97,3.88,,0.0,,8,,20260918
RZLV,Rezolve AI PLC,Technology,Software - Infrastructure,NASDAQ,,15245040,905338624,0.1175,,,,,,,,0.0,19.5,3,7.58,2.05,,0.0,,8,,20260918
MPZZF,MPC Container Ships ASA,Industrials,Marine Shipping,PNK,2.81,9590,1371477504,0.0692,2.63,2.3,2.5615,,,,,0.0,81.25,2,3.0,1.55,-6.33,0.0,,8,,20260918
MLXEF,Metals X Limited,Basic Materials,Other Industrial Metals & Mining,PNK,1.32,21132,1170038144,0.0511,1.18,0.98,2.6858,28.66,45.34,191.62,99.68,0.0,77.5,2,1.45,0.41,-8.65,0.0,,8,,20260918
PRCH,"Porch Group, Inc.",Financial Services,Insurance - Property & Casualty,NCM,,1732317,1814046976,0.7142,,,,,,,,0.0,24.5,3,19.44,6.36,,0.0,,8,,20260918
MHPSY,MHP SE,Consumer Defensive,Farm Products,PNK,8.25,32,883065216,0.0161,7.92,8.23,20.4869,-15.26,-19.58,11.76,-5.96,0.0,51.25,3,9.98,5.96,-17.33,0.0,,8,,20260918
MNKD,MannKind Corporation,Healthcare,Biotechnology,NASDAQ,,4462335,1151129216,0.1685,,,,,,,,0.0,20.75,3,6.51,2.23,,0.0,,8,,20260918
HTROF,Hexatronic Group AB (publ),Technology,Communication Equipment,PNK,4.35,161,960881792,0.0146,4.25,3.59,6.8105,-15.31,22.93,66.65,30.86,0.0,50.0,2,5.09,1.8,-14.56,0.0,,8,,20260918
ALVO,Alvotech,Healthcare,Drug Manufacturers - Specialty & Generic,NASDAQ,,908367,1905403008,0.2228,,,,,,,,0.0,27.0,3,9.25,2.94,,0.0,,8,,20260918
TMVWY,TeamViewer SE,Technology,Software - Application,PNK,3.65,409,1147741952,0.0373,3.54,3.16,2.9388,14.39,23.18,-45.63,-6.54,0.0,78.75,2,5.17,2.4,-29.41,0.0,,8,,20260918
UPBD,"Upbound Group, Inc.",Technology,Software - Application,NASDAQ,,995230,1029567488,0.5746,,,,,,,,0.0,23.25,3,27.46,15.82,,0.0,,8,,20260918
ACVA,ACV Auctions Inc.,Consumer Cyclical,Auto & Truck Dealerships,NYSE,,6323788,1779587584,0.2895,,,,,,,,0.0,20.75,3,10.55,4.07,,0.0,,8,,20260918
BJCHF,Beijing Capital International Airport Company Limited,Industrials,Airports & Air Services,PNK,0.19,150,870044032,0.0009,0.18,0.27,7.0386,4.8,-55.43,-55.98,-40.59,0.0,50.0,3,0.41,0.18,-53.66,0.0,,8,,20260918
CHY,Calamos Convertible and High Income Fund,Financial Services,Asset Management,NASDAQ,12.42,159445,999015808,0.2141,12.81,11.85,-1.8365,,,,,0.0,40.75,3,13.91,10.41,-10.71,0.0,,8,,20260918
OCSL,Oaktree Specialty Lending Corporation,Financial Services,Asset Management,NASDAQ,,521548,1110758400,0.2077,,,,,,,,0.0,20.75,3,14.31,10.63,,0.0,,8,,20260918
BRBR,"BellRing Brands, Inc.",Consumer Defensive,Packaged Foods,NYSE,,4600598,1059294272,0.4859,,,,,,,,0.0,22.0,3,37.27,7.82,,0.0,,8,,20260918
GLDAF,GlobalData Plc,Industrials,Consulting Services,PNK,0.76,43,499515648,0.028,1.05,1.26,-10.2348,-45.17,-37.47,-63.99,-50.0,0.0,0.0,4,1.7,0.76,-55.21,0.0,,8,,20260918
RXT,"Rackspace Technology, Inc.",Technology,Software - Infrastructure,NASDAQ,,11096395,999101568,0.2534,,,,,,,,0.0,25.75,3,8.6,0.39,,0.0,,8,,20260918
HIVE,HIVE Digital Technologies Ltd.,Financial Services,Capital Markets,NCM,,21975616,853002496,0.1615,,,,,,,,0.0,23.25,3,7.84,1.73,,0.0,,8,,20260918
CBLNF,Mersen S.A.,Industrials,Electrical Equipment & Parts,PNK,47.67,69,1157403008,0.1178,44.75,35.22,24.7546,14.11,52.31,54.7,43.72,0.0,75.0,2,48.47,28.64,-1.65,0.0,,8,,20260918
PURR,Hyperliquid Strategies Inc.,Financial Services,Capital Markets,NCM,,16201346,2538256384,1.1787,,,,,,,,0.0,25.75,3,14.14,3.01,,0.0,,8,,20260918
JWLLF,Jamieson Wellness Inc.,Consumer Defensive,Packaged Foods,PNK,32.42,4982,1345136256,0.1236,31.31,26.54,8.9976,,,,,0.0,80.0,2,33.15,23.88,-2.2,0.0,,8,,20260918
HBT,"HBT Financial, Inc.",Financial Services,Banks - Regional,NASDAQ,,160517,1312071296,0.6311,,,,,,,,0.0,25.75,3,37.51,22.36,,0.0,,8,,20260918
RSTCF,"RS Technologies Co., Ltd.",Technology,Semiconductors,PNK,38.17,95,1015184896,0.0737,40.25,38.17,-28.194,-5.33,-12.17,-12.17,-10.46,0.0,25.0,3,51.17,38.17,-25.41,0.0,,8,,20260918
SVRA,Savara Inc.,Healthcare,Biotechnology,NASDAQ,,1751520,1113593344,0.1989,,,,,,,,0.0,20.75,3,7.0,3.34,,0.0,,8,,20260918
CMRF,"CIM Group, Inc.",Real Estate,REIT - Diversified,PNK,2.53,3904,1208588544,0.0562,2.22,2.53,5.563,23.5,-4.76,234128.01,93655.41,0.0,75.0,3,3.6,0.0,-29.72,0.0,,8,,20260918
RERE,ATRenew Inc.,Consumer Cyclical,Internet Retail,NYSE,,1000677,872674048,0.1124,,,,,,,,0.0,19.5,3,6.47,3.5,,0.0,,8,,20260918
APYRF,Allied Properties Real Estate Investment Trust,Real Estate,REIT - Office,PNK,5.53,38066,1147885824,0.0807,6.64,7.47,-13.8192,,,,,0.0,1.25,4,15.91,5.53,-65.24,0.0,,8,,20260918
TNDM,"Tandem Diabetes Care, Inc.",Healthcare,Medical Devices,NASDAQ,,1917956,1198841088,1.1193,,,,,,,,0.0,19.5,3,29.65,11.46,,0.0,,8,,20260918
PDM,"Piedmont Realty Trust, Inc.",Real Estate,REIT - Office,NYSE,,1269253,1171243136,0.2738,,,,,,,,0.0,25.75,3,10.13,6.32,,0.0,,8,,20260918
CWAFF,China Water Affairs Group Limited,Utilities,Utilities - Regulated Water,PNK,0.62,0,1012424704,0.0,0.62,0.66,0.0,-0.75,-21.83,-31.69,-20.5,0.0,49.0,3,0.8,0.62,-22.5,0.0,,8,,20260918
CRON,Cronos Group Inc.,Healthcare,Drug Manufacturers - Specialty & Generic,NASDAQ,,1156051,1241551360,0.0947,,,,,,,,0.0,24.5,3,3.61,2.28,,0.0,,8,,20260918
PLOW,"Douglas Dynamics, Inc.",Consumer Cyclical,Auto Parts,NYSE,,279583,919851072,1.0734,,,,,,,,0.0,19.5,3,55.0,28.52,,0.0,,8,,20260918
TWFG,"TWFG, Inc.",Financial Services,Insurance Brokers,NASDAQ,,156466,351375488,1.5148,,,,,,,,0.0,20.75,3,31.3,16.56,,0.0,,8,,20260918
GNK,Genco Shipping & Trading Limited,Industrials,Marine Shipping,NYSE,,485822,1224783616,0.7882,,,,,,,,0.0,24.5,3,28.41,15.55,,0.0,,8,,20260918
MOGLF,Mongolian Mining Corporation,Basic Materials,Coking Coal,OQX,1.23,4059,1261692544,0.0176,1.08,1.25,8.4775,31.5,-25.15,-33.36,-14.27,0.0,62.0,3,1.85,0.73,-33.51,0.0,,8,,20260918
CII,"BlackRock Enhanced Large Cap Core Fund, Inc.",Financial Services,Asset Management,NYSE,,80516,1047150400,0.3,,,,,,,,0.0,20.75,3,26.17,20.43,,0.0,,8,,20260918
WTBFA,W.T.B. Financial Corporation,Financial Services,Banks - Regional,OID,680.0,9,1667720448,2.189,659.16,638.21,9.5217,-3.35,-5.35,9.21,0.97,0.0,50.0,2,724.0,554.0,-6.08,0.0,,8,,20260918
WTBFB,W.T.B. Financial Corporation,Financial Services,Banks - Regional,OID,459.99,1377,1159591040,6.9883,441.79,395.36,2.6043,,,,,0.0,86.25,2,465.0,314.1,-1.08,0.0,,8,,20260918
ETW,Eaton Vance Tax-Managed Global Buy-Write Opportunities Fund,Financial Services,Asset Management,NYSE,9.59,268495,1041452736,0.1013,9.57,9.05,0.1725,,,,,0.0,85.0,2,9.95,8.46,-3.62,0.0,,8,,20260918
SDTHF,Sdiptech AB (publ),Industrials,Conglomerates,PNK,26.56,155,1009065792,0.0338,25.99,23.09,16.9457,1.75,10.01,7.66,7.01,0.0,75.0,2,26.67,21.02,-0.41,0.0,,8,,20260918
AAXBF,AirAsia Group Berhad,Industrials,Airlines,PNK,0.17,1013,571342592,0.0067,0.17,0.17,0.0,-39.63,-39.63,-39.63,-39.63,0.0,62.0,3,0.29,0.17,-40.86,0.0,,8,,20260918
CHI,Calamos Convertible Opportunities and Income Fund,Financial Services,Asset Management,NASDAQ,12.12,165570,980160320,0.228,12.65,11.52,-2.3137,,,,,0.0,40.75,3,13.5,10.26,-10.22,0.0,,8,,20260918
ODC,Oil-Dri Corporation of America,Basic Materials,Specialty Chemicals,NYSE,,124543,0,2.1415,,,,,,,,0.0,22.0,3,107.0,45.61,,0.0,,8,,20260918
THRM,Gentherm Incorporated,Consumer Cyclical,Auto Parts,NASDAQ,,390085,1157631488,1.1254,,,,,,,,0.0,22.0,3,48.35,27.0,,0.0,,8,,20260918
COGNY,Cogna Educação S.A.,Consumer Defensive,Education & Training Services,PNK,0.44,5961,881857472,0.017,0.42,0.55,1.1662,,,,,0.0,53.75,3,0.89,0.35,-50.56,0.0,,8,,20260918
OXBDF,Oxford Biomedica plc,Healthcare,Biotechnology,PNK,6.0,1070,725927808,0.1751,7.35,8.5,-7.7282,-25.79,-39.61,-33.77,-33.82,0.0,3.75,4,12.61,5.8,-52.44,0.0,,8,,20260918
GLGDF,GoGold Resources Inc.,Basic Materials,Other Precious Metals & Mining,OQX,3.1,470667,1343899520,0.1682,2.64,2.33,2.7141,,,,,0.0,83.75,2,3.29,1.57,-5.78,0.0,,8,,20260918
VOBIF,Vobile Group Limited,Technology,Software - Application,OQX,0.26,90,674935296,0.0002,0.26,0.44,-2.871,-33.91,-66.64,-80.03,-63.81,0.0,12.0,4,0.8,0.26,-67.42,0.0,,8,,20260918
SBGI,"Sinclair, Inc.",Communication Services,Broadcasting,NASDAQ,,519306,982173568,0.4125,,,,,,,,0.0,22.0,3,17.88,12.46,,0.0,,8,,20260918
GLIBK,Liberty Capital Corporation,Communication Services,Telecom Services,NASDAQ,,568735,967696064,0.7623,,,,,,,,0.0,22.0,3,41.17,19.3,,0.0,,8,,20260918
GLIBA,Liberty Capital Corporation,Communication Services,Telecom Services,NASDAQ,,78016,972085632,0.7248,,,,,,,,0.0,22.0,3,41.87,19.61,,0.0,,8,,20260918
KURA,"Kura Oncology, Inc.",Healthcare,Biotechnology,NASDAQ,,1807135,1042618432,0.4744,,,,,,,,0.0,20.75,3,13.9,7.36,,0.0,,8,,20260918
LTGHY,Life Healthcare Group Holdings Limited,Healthcare,Medical Care Facilities,PNK,2.92,44522,1044651264,0.0921,2.77,2.71,1.6071,,,,,0.0,82.5,2,3.36,2.24,-13.1,0.0,,8,,20260918
GSBD,"Goldman Sachs BDC, Inc.",Financial Services,Asset Management,NYSE,,930624,1124564864,0.2163,,,,,,,,0.0,23.25,3,11.33,8.36,,0.0,,8,,20260918
HNTIF,Hunting PLC,Energy,Oil & Gas Equipment & Services,PNK,5.41,119,785151616,0.0337,5.89,6.05,-14.1496,-17.14,-28.48,2.25,-13.35,0.0,0.0,4,7.5,4.23,-27.87,0.0,,8,,20260918
OPY,Oppenheimer Holdings Inc.,Financial Services,Capital Markets,NYSE,,123183,1223924992,4.8846,,,,,,,,0.0,23.25,3,125.88,63.81,,0.0,,8,,20260918
RNP,"Cohen & Steers REIT and Preferred Income Fund, Inc.",Financial Services,Asset Management,NYSE,19.55,105535,938401536,0.2179,20.14,19.82,-2.6988,,,,,0.0,30.25,4,22.58,19.27,-13.42,0.0,,8,,20260918
EXMRF,Exmar NV,Energy,Oil & Gas Equipment & Services,PNK,12.5,0,993952512,0.0002,12.5,11.82,0.0,-0.75,-2.87,0.68,-0.92,0.0,62.0,3,12.5,11.6,0.0,0.0,,8,,20260918
SDGR,"Schrödinger, Inc.",Healthcare,Health Information Services,NASDAQ,,1232425,2262122240,1.269,,,,,,,,0.0,24.5,3,30.41,10.95,,0.0,,8,,20260918
BUR,Burford Capital Limited,Financial Services,Asset Management,NYSE,,1842845,876142144,0.1755,,,,,,,,0.0,23.25,3,12.95,3.59,,0.0,,8,,20260918
HPK,"HighPeak Energy, Inc.",Energy,Oil & Gas E&P,NASDAQ,,475014,1054616384,0.407,,,,,,,,0.0,20.75,3,9.13,3.85,,0.0,,8,,20260918
ASIC,Ategrity Specialty Insurance Co,Financial Services,Insurance - Property & Casualty,NYSE,,75664,1350101504,0.9542,,,,,,,,0.0,27.0,3,29.0,16.35,,0.0,,8,,20260918
TBN,Tamboran Resources Corporation,Energy,Oil & Gas E&P,NYSE,,156580,1341971840,1.862,,,,,,,,0.0,20.75,3,52.21,19.55,,0.0,,8,,20260918
TBNRL,Tamboran Resources Corporation,Energy,Oil & Gas E&P,PNK,0.19,887,1359400064,0.0003,0.19,0.16,4.5321,4.65,45.27,128.39,68.36,0.0,75.0,2,0.21,0.08,-5.06,0.0,,8,,20260918
MBC,"MasterBrand, Inc.",Consumer Cyclical,"Furnishings, Fixtures & Appliances",NYSE,,2162688,1332862848,0.4093,,,,,,,,0.0,17.0,3,13.96,6.4,,0.0,,8,,20260918
APC,ARKO Petroleum Corp.,Energy,Oil & Gas Refining & Marketing,NCM,,166406,1534980480,0.5092,,,,,,,,0.0,22.0,3,21.72,17.0,,0.0,,8,,20260918
NBN,Northeast Bank,Financial Services,Banks - Regional,NASDAQ,,121277,1128879744,3.3877,,,,,,,,0.0,25.75,3,142.31,80.75,,0.0,,8,,20260918
CFFN,"Capitol Federal Financial, Inc.",Financial Services,Banks - Regional,NASDAQ,,839877,1089352192,0.1485,,,,,,,,0.0,24.5,3,9.26,5.97,,0.0,,8,,20260918
OMDA,"Omada Health, Inc.",Healthcare,Health Information Services,NASDAQ,,1327106,1213927296,1.1558,,,,,,,,0.0,23.25,3,26.91,10.28,,0.0,,8,,20260918
CVHSY,Cablevisión Holding S.A.,Communication Services,Telecom Services,OID,5.9,2803,1065791232,0.0717,5.21,4.86,9.663,,,,,0.0,78.75,2,5.95,2.75,-0.84,0.0,,8,,20260918
DAKT,"Daktronics, Inc.",Technology,Electronic Components,NASDAQ,,618930,838735808,0.79,,,,,,,,0.0,18.25,3,28.27,17.09,,0.0,,8,,20260918
INNV,InnovAge Holding Corp.,Healthcare,Medical Care Facilities,NASDAQ,,315893,1460030208,0.5382,,,,,,,,0.0,20.75,3,12.64,3.94,,0.0,,8,,20260918
NMAX,"Newsmax, Inc.",Communication Services,Broadcasting,NYSE,,1120212,1325188224,0.5887,,,,,,,,0.0,20.75,3,13.6,5.11,,0.0,,8,,20260918
TYG,Tortoise Energy Infrastructure Corporation,Financial Services,Asset Management,NYSE,42.2,142488,0,0.7709,43.05,43.07,-1.0993,,,,,0.0,57.75,3,51.18,40.35,-17.55,0.0,,8,,20260918
CSBTF,Kuros Biosciences AG,Healthcare,Medical Devices,PNK,24.0,65,952157568,0.3892,26.24,29.68,-5.763,-8.45,-36.43,-34.82,-28.79,0.0,25.0,4,42.81,22.0,-43.94,0.0,,8,,20260918
HEPS,D-Market Elektronik Hizmetler ve Ticaret A.S.,Consumer Cyclical,Internet Retail,NASDAQ,,244803,960935872,0.0758,,,,,,,,0.0,23.25,3,3.33,2.15,,0.0,,8,,20260918
DFIN,"Donnelley Financial Solutions, Inc.",Technology,Software - Application,NYSE,,256088,1180590208,1.4999,,,,,,,,0.0,23.25,3,56.26,36.11,,0.0,,8,,20260918
SBSI,"Southside Bancshares, Inc.",Financial Services,Banks - Regional,NYSE,,139300,940143744,0.6623,,,,,,,,0.0,19.5,3,36.2,26.32,,0.0,,8,,20260918
HMNTY,Hemnet Group AB (publ),Communication Services,Internet Content & Information,PNK,7.89,456,705651904,0.2121,9.37,12.31,-6.9947,,,,,0.0,27.5,4,28.0,7.01,-71.82,0.0,,8,,20260918
DPUKY,Domino's Pizza Group plc,Consumer Cyclical,Restaurants,PNK,5.6,1261,1067241792,0.0725,5.39,4.91,2.9124,9.64,11.01,-9.07,2.63,0.0,76.25,2,5.84,4.41,-4.11,0.0,,8,,20260918
CTYMF,Catalyst Metals Limited,Basic Materials,Gold,PNK,4.5,1198,1186510592,0.1083,4.25,4.54,2.3087,4.78,-17.29,-30.29,-16.97,0.0,62.0,3,7.16,3.23,-37.15,0.0,,8,,20260918
MSEXP,Middlesex Water Company PFD 7%,Unknown,Unknown,PNK,492.0,1,0,0.6569,524.8,571.38,-49.9417,-16.97,-30.25,-28.66,-26.29,0.0,0.0,4,662.5,492.0,-25.74,0.0,,8,,20260918
MSEX,Middlesex Water Company,Utilities,Utilities - Regulated Water,NASDAQ,,162572,1059218176,1.0823,,,,,,,,0.0,22.0,3,62.18,44.17,,0.0,,8,,20260918
BBN,BlackRock Taxable Municipal Bond Trust,Financial Services,Asset Management,NYSE,15.01,142377,927505600,0.1537,15.57,15.62,-3.6721,,,,,0.0,32.75,4,17.45,14.85,-13.98,0.0,,8,,20260918
JVTSF,Juventus Football Club S.p.A.,Communication Services,Entertainment,PNK,2.18,540,909134144,0.0737,2.38,2.61,-2.6689,,,,,0.0,0.0,4,3.7,2.18,-41.08,0.0,,8,,20260918
KBDC,"Kayne Anderson BDC, Inc.",Financial Services,Asset Management,NYSE,13.24,351453,874340544,0.2564,13.5,13.64,-1.024,,,,,0.0,35.25,4,15.87,12.88,-16.57,0.0,,8,,20260918
NWHUF,Vital Infrastructure Property Trust,Real Estate,REIT - Healthcare Facilities,PNK,3.79,107266,947570240,0.0341,3.89,3.87,-2.7853,-0.17,-16.27,-7.34,-8.67,0.0,56.5,3,4.4,3.34,-13.86,0.0,,8,,20260918
NLST,"Netlist, Inc.",Technology,Electronics & Computer Distribution,OQB,4.75,2508204,1660519936,0.5483,4.18,2.36,1.0315,,,,,0.0,86.25,2,7.0,0.45,-32.14,0.0,,8,,20260918
EQRLF,EQ Resources Limited,Basic Materials,Other Industrial Metals & Mining,PNK,0.32,440532,1658493696,0.0375,0.23,0.32,2.3179,71.09,29.66,348.36,167.5,0.0,86.25,3,0.41,0.06,-21.71,0.0,,8,,20260918
SENEB,Seneca Foods Corporation,Consumer Defensive,Packaged Foods,NASDAQ,188.22,175,1274335488,2.7744,182.22,146.32,2.1643,16.16,23.81,55.75,34.67,0.0,78.75,2,208.53,103.07,-9.74,0.0,,8,,20260918
ESRT,"Empire State Realty Trust, Inc.",Real Estate,REIT - Diversified,NYSE,,2321614,1274398720,0.1452,,,,,,,,0.0,17.0,3,8.04,4.04,,0.0,,8,,20260918
CPAC,Cementos Pacasmayo S.A.A.,Basic Materials,Building Materials,NYSE,,61169,1039443456,0.2162,,,,,,,,0.0,24.5,3,12.74,6.25,,0.0,,8,,20260918
DXYZ,Destiny Tech100 Inc.,Financial Services,Asset Management,NYSE,,1240087,949005440,1.6025,,,,,,,,0.0,25.75,3,72.87,19.71,,0.0,,8,,20260918
MFAO,"MFA Financial, Inc. 9.000% Seni",Unknown,Unknown,NYSE,25.3,8159,0,0.1206,25.1,24.43,1.6419,,,,,0.0,82.5,2,25.75,24.18,-1.75,0.0,,8,,20260918
MFA,"MFA Financial, Inc.",Real Estate,REIT - Mortgage,NYSE,,1583925,859247488,0.1562,,,,,,,,0.0,17.0,3,10.43,8.38,,0.0,,8,,20260918
SUCEF,"Sumitomo Osaka Cement Co., Ltd.",Basic Materials,Building Materials,PNK,32.44,3,825240512,0.1045,30.39,27.88,19.6194,7.38,13.02,6.92,9.17,0.0,75.0,2,32.44,25.16,-0.0,0.0,,8,,20260918
VRTS,"Virtus Investment Partners, Inc.",Financial Services,Asset Management,NYSE,,130429,850817024,6.2169,,,,,,,,0.0,20.75,3,195.25,121.61,,0.0,,8,,20260918
LXRX,"Lexicon Pharmaceuticals, Inc.",Healthcare,Biotechnology,NCM,,3396267,905485376,0.0831,,,,,,,,0.0,22.0,3,2.68,1.1,,0.0,,8,,20260918
OPK,"OPKO Health, Inc.",Healthcare,Diagnostics & Research,NASDAQ,,3616380,1209051776,0.0792,,,,,,,,0.0,23.25,3,1.73,0.98,,0.0,,8,,20260918
TRUP,"Trupanion, Inc.",Financial Services,Insurance - Property & Casualty,NASDAQ,,455633,1117992704,1.1827,,,,,,,,0.0,23.25,3,46.98,21.16,,0.0,,8,,20260918
KODK,Eastman Kodak Company,Industrials,Specialty Business Services,NYSE,,888464,953545984,0.2746,,,,,,,,0.0,23.25,3,14.87,5.78,,0.0,,8,,20260918
JCAP,"Jefferson Capital, Inc.",Financial Services,Credit Services,NASDAQ,,355722,1175500672,0.6587,,,,,,,,0.0,19.5,3,24.44,15.5,,0.0,,8,,20260918
LUXE,LuxExperience B.V.,Consumer Cyclical,Luxury Goods,NYSE,,163256,1324354304,0.3954,,,,,,,,0.0,23.25,3,11.38,6.54,,0.0,,8,,20260918
CRAI,"CRA International, Inc.",Industrials,Consulting Services,NASDAQ,,148216,1044281152,4.8777,,,,,,,,0.0,20.75,3,227.29,132.17,,0.0,,8,,20260918
ESQ,"Esquire Financial Holdings, Inc.",Financial Services,Banks - Regional,NCM,,154166,1496852736,3.0157,,,,,,,,0.0,22.0,3,134.81,92.1,,0.0,,8,,20260918
CCORF,Canaccord Genuity Group Inc.,Financial Services,Capital Markets,PNK,9.6,39079,979228352,0.1277,10.34,9.22,-5.8211,-9.47,-3.79,12.99,1.5,0.0,53.75,3,11.0,6.4,-12.73,0.0,,8,,20260918
STK,Columbia Seligman Premium Technology Growth Fund,Financial Services,Asset Management,NYSE,52.42,58214,927575552,1.2812,50.85,44.86,1.2228,,,,,0.0,68.25,2,58.46,32.5,-10.33,0.0,,8,,20260918
MRCBF,Morguard Corporation,Real Estate,Real Estate - Diversified,PNK,82.95,1,885762304,0.1167,85.74,85.12,-23.9087,-5.4,-14.56,-17.92,-13.61,0.0,24.0,4,90.06,82.43,-7.89,0.0,,8,,20260918
GOOS,Canada Goose Holdings Inc.,Consumer Cyclical,Apparel Manufacturing,NYSE,,750714,728548160,0.2526,,,,,,,,0.0,18.25,3,14.69,7.36,,0.0,,8,,20260918
OILSF,Saturn Oil & Gas Inc.,Energy,Oil & Gas E&P,OQX,4.95,127312,881184064,0.232,4.29,3.6,2.8503,,,,,0.0,83.75,2,5.57,1.63,-11.13,0.0,,8,,20260918
HNTIY,Hunting PLC,Energy,Oil & Gas Equipment & Services,PNK,5.59,411,811275008,0.2517,5.88,5.52,-1.1651,-15.13,6.59,12.94,3.7,0.0,42.0,3,7.36,4.01,-24.05,0.0,,8,,20260918
DVSPF,Dividend 15 Split Corp.,Unknown,Unknown,PNK,5.96,5593,261358517,0.0844,6.36,5.58,-4.7292,2.1,5.12,17.21,9.2,0.0,53.75,3,6.88,4.75,-13.37,0.0,,8,,20260918
EQBK,"Equity Bancshares, Inc.",Financial Services,Banks - Regional,NYSE,,132219,1010885312,1.0846,,,,,,,,0.0,20.75,3,52.27,38.6,,0.0,,8,,20260918
YALA,Yalla Group Limited,Technology,Software - Application,NYSE,,308375,827467968,0.0931,,,,,,,,0.0,23.25,3,8.1,5.01,,0.0,,8,,20260918
ACEL,"Accel Entertainment, Inc.",Consumer Cyclical,Gambling,NYSE,,300283,929665216,0.2042,,,,,,,,0.0,20.75,3,14.0,9.55,,0.0,,8,,20260918
RCKHF,Rockhopper Exploration plc,Energy,Oil & Gas E&P,PNK,0.93,2856,994601152,0.0475,0.97,1.01,-0.9271,-1.82,-17.13,-22.36,-15.39,0.0,52.75,4,1.31,0.8,-29.01,0.0,,8,,20260918
APEI,"American Public Education, Inc.",Consumer Defensive,Education & Training Services,NASDAQ,,310225,811124416,1.42,,,,,,,,0.0,22.0,3,61.59,30.2,,0.0,,8,,20260918
NPK,"National Presto Industries, Inc.",Industrials,Aerospace & Defense,NYSE,,98295,1085253120,4.6823,,,,,,,,0.0,23.25,3,158.17,91.28,,0.0,,8,,20260918
USPH,"U.S. Physical Therapy, Inc.",Healthcare,Medical Care Facilities,NYSE,,214859,1239777792,2.4462,,,,,,,,0.0,24.5,3,93.5,58.19,,0.0,,8,,20260918
BCNAF,Barco NV,Technology,Electronic Components,PNK,9.0,7,732495040,0.0057,9.2,11.27,-35.2243,-15.04,-33.77,-57.16,-38.44,0.0,12.0,4,16.32,8.91,-44.87,0.0,,8,,20260918
PYCXF,PYC Therapeutics Limited,Healthcare,Biotechnology,PNK,1.75,973,1721143296,0.0205,1.35,1.13,19.6735,81.88,50.54,91.45,74.74,0.0,75.0,2,1.8,0.85,-2.78,0.0,,8,,20260918
CVLG,"Covenant Logistics Group, Inc.",Industrials,Trucking,NYSE,,214353,862844480,1.2559,,,,,,,,0.0,24.5,3,49.88,18.0,,0.0,,8,,20260918
BCX,Blackrock Resources & Commodities Strategy Trust,Financial Services,Asset Management,NYSE,12.49,182222,952213696,0.2817,12.28,11.7,0.74,,,,,0.0,83.75,2,13.86,9.68,-9.88,0.0,,8,,20260918
HBNC,"Horizon Bancorp, Inc.",Financial Services,Banks - Regional,NASDAQ,,655759,1002245056,0.3538,,,,,,,,0.0,19.5,3,21.04,14.97,,0.0,,8,,20260918
SENEA,Seneca Foods Corporation,Consumer Defensive,Packaged Foods,NASDAQ,,108070,1244883840,7.21,,,,,,,,0.0,25.75,3,210.0,99.58,,0.0,,8,,20260918
KOPN,Kopin Corporation,Technology,Electronic Components,NCM,,4576138,879177408,0.25,,,,,,,,0.0,22.0,3,6.61,1.81,,0.0,,8,,20260918
OXLC,Oxford Lane Capital Corp.,Financial Services,Asset Management,NASDAQ,9.0,911162,882272256,0.1826,8.94,9.15,0.322,,,,,0.0,70.75,3,17.55,8.01,-48.72,0.0,,8,,20260918
BTZ,BlackRock Credit Allocation Income Trust,Financial Services,Asset Management,NYSE,9.63,295925,0,0.0885,9.93,9.89,-3.3392,,,,,0.0,30.25,4,11.18,9.54,-13.86,0.0,,8,,20260918
LXU,"LSB Industries, Inc.",Basic Materials,Chemicals,NYSE,,814874,811411904,0.5131,,,,,,,,0.0,24.5,3,17.22,7.71,,0.0,,8,,20260918
AEBI,Aebi Schmidt Holding AG,Industrials,Farm & Heavy Construction Machinery,NASDAQ,,367488,928134848,0.5708,,,,,,,,0.0,22.0,3,15.96,8.91,,0.0,,8,,20260918
VLERF,Valeura Energy Inc.,Energy,Oil & Gas E&P,OQX,10.97,44053,1165163776,0.3387,9.15,8.33,5.3853,,,,,0.0,90.0,2,11.33,4.34,-3.18,0.0,,8,,20260918
RIOFF,Rio2 Limited,Basic Materials,Gold,OQX,2.61,406595,1432826112,0.1495,2.24,2.19,2.4663,,,,,0.0,86.25,2,3.02,1.14,-13.58,0.0,,8,,20260918
CSYJF,CSE Global Limited,Technology,Communication Equipment,PNK,0.96,50,700072832,0.0111,1.02,0.98,-5.0236,-7.55,-24.8,71.23,17.92,0.0,12.0,4,1.51,0.52,-36.42,0.0,,8,,20260918
BJRI,"BJ's Restaurants, Inc.",Consumer Cyclical,Restaurants,NASDAQ,,523837,1274936704,2.2477,,,,,,,,0.0,23.25,3,74.6,28.46,,0.0,,8,,20260918
AVR,Anteris Technologies Global Corp.,Healthcare,Medical Devices,NASDAQ,,1028948,820600320,0.3433,,,,,,,,0.0,20.75,3,11.05,3.3,,0.0,,8,,20260918
MCBS,"MetroCity Bankshares, Inc.",Financial Services,Banks - Regional,NASDAQ,,84706,1003313600,0.6692,,,,,,,,0.0,20.75,3,37.46,24.53,,0.0,,8,,20260918
UELKY,Ülker Bisküvi Sanayi A.S.,Consumer Defensive,Confectioners,PNK,17.57,41,648817664,0.3202,22.51,24.63,-15.4126,-32.31,-44.82,-45.16,-41.83,0.0,0.0,4,29.12,17.0,-39.66,0.0,,8,,20260918
LIFNF,Lifenet Insurance Company,Financial Services,Insurance - Life,PNK,11.61,0,932751104,0.0002,11.61,11.26,0.0,-0.75,-20.13,247.46,91.75,0.0,62.0,3,12.5,3.2,-7.12,0.0,,8,,20260918
UTL,Unitil Corporation,Utilities,Utilities - Diversified,NYSE,,133953,969279232,1.0085,,,,,,,,0.0,22.0,3,57.26,45.17,,0.0,,8,,20260918
RHLD,"Resolute Holdings Management, Inc.",Industrials,Specialty Business Services,NYSE,,159724,922164864,5.8002,,,,,,,,0.0,23.25,3,236.19,64.61,,0.0,,8,,20260918
CBGPY,Close Brothers Group plc,Financial Services,Banks - Regional,PNK,11.58,51,872668672,0.0113,11.38,12.05,17.6625,-5.21,12.18,-27.6,-8.08,0.0,37.0,3,14.33,9.04,-19.19,0.0,,8,,20260918
AZTA,"Azenta, Inc.",Healthcare,Medical Instruments & Supplies,NASDAQ,,720772,1473276288,1.2785,,,,,,,,0.0,27.0,3,41.73,15.93,,0.0,,8,,20260918
BOW,Bowhead Specialty Holdings Inc.,Financial Services,Insurance - Property & Casualty,NYSE,,323933,1111496960,0.1054,,,,,,,,0.0,20.75,3,35.07,21.21,,0.0,,8,,20260918
MGLUY,Magazine Luiza S.A.,Consumer Cyclical,Specialty Retail,PNK,4.61,1335,893004864,0.1697,3.8,5.67,4.7525,7.98,-48.22,-29.21,-26.57,0.0,56.25,3,8.53,2.88,-46.01,0.0,,8,,20260918
PML,PIMCO Municipal Income Fund II,Financial Services,Asset Management,NYSE,6.93,389496,0,0.0842,7.25,7.32,-3.837,,,,,0.0,27.75,4,8.01,6.8,-13.48,0.0,,8,,20260918
CGJTF,Cargojet Inc.,Industrials,Airlines,PNK,58.69,8412,868603712,0.9179,61.22,61.6,-2.7515,-3.07,-20.95,-31.89,-20.85,0.0,52.75,3,73.11,46.64,-19.72,0.0,,8,,20260918
MJDLF,Major Drilling Group International Inc.,Basic Materials,Other Industrial Metals & Mining,PNK,11.27,34377,926803008,0.3916,11.19,11.35,0.2145,,,,,0.0,72.0,3,13.56,7.4,-16.89,0.0,,8,,20260918
RFAFF,RFA Financial Inc.,Real Estate,Real Estate Services,OQX,18.8,788,858788800,0.065,19.04,9.36,-3.6793,8.37,355.22,327.01,257.23,0.0,62.0,3,20.3,4.2,-7.39,0.0,,8,,20260918
PAKTY,PT Map Aktif Adiperkasa Tbk,Consumer Cyclical,Specialty Retail,PNK,1.23,0,1752995968,0.0002,1.23,0.92,0.0,-0.39,57.29,54.76,41.86,0.0,75.0,3,2.5,0.72,-50.8,0.0,,8,,20260918
SPTX,"Seaport Therapeutics, Inc.",Healthcare,Biotechnology,NASDAQ,,166051,1168036608,2.1623,,,,,,,,0.0,20.75,3,28.38,14.85,,0.0,,8,,20260918
AMC,"AMC Entertainment Holdings, Inc.",Communication Services,Entertainment,NYSE,,37957943,2418958592,0.1538,,,,,,,,0.0,24.5,3,3.18,0.93,,0.0,,8,,20260918
INR,"Infinity Natural Resources, Inc.",Energy,Oil & Gas E&P,NYSE,,295624,241041424,0.5665,,,,,,,,0.0,22.0,3,19.59,11.13,,0.0,,8,,20260918
MYN,"BlackRock MuniYield New York Quality Fund, Inc.",Financial Services,Asset Management,NYSE,9.11,188275,349033312,0.1205,9.63,9.65,-4.319,,,,,0.0,19.5,4,10.26,8.9,-11.21,0.0,,8,,20260918
POGHF,Pilot Corporation,Industrials,Business Equipment & Supplies,PNK,15.0,61,1575144320,0.307,11.82,-2.04,10.3698,-241.38,-283.01,32.44,-146.42,0.0,76.25,2,32.45,8.77,-53.78,0.0,,8,,20260918
PCRX,"Pacira BioSciences, Inc.",Healthcare,Drug Manufacturers - Specialty & Generic,NASDAQ,,590246,975819008,0.7231,,,,,,,,0.0,25.75,3,27.66,18.8,,0.0,,8,,20260918
PHAR,Pharming Group N.V.,Healthcare,Biotechnology,NASDAQ,,15769,762988224,0.3887,,,,,,,,0.0,22.0,3,21.34,9.62,,0.0,,8,,20260918
PMT,PennyMac Mortgage Investment Trust,Real Estate,REIT - Mortgage,NYSE,,1552704,0,0.1831,,,,,,,,0.0,17.0,3,13.81,8.84,,0.0,,8,,20260918
PMTU,PennyMac Mortgage Investment Tr,Unknown,Unknown,NYSE,25.33,2358,0,0.1716,25.19,24.53,0.7909,,,,,0.0,86.25,2,26.26,25.02,-3.54,0.0,,8,,20260918
NRGV,"Energy Vault Holdings, Inc.",Utilities,Utilities - Renewable,NYSE,,5105533,769181376,0.3007,,,,,,,,0.0,25.75,3,6.64,2.37,,0.0,,8,,20260918
IDWM,"IDW Media Holdings, Inc.",Communication Services,Publishing,OQB,36.05,16,10424795,0.5408,35.67,34.03,0.6975,,,,,0.0,75.0,2,41.28,32.0,-12.67,0.0,,8,,20260918
PPTDF,PeptiDream Inc.,Healthcare,Biotechnology,PNK,7.0,129,899974080,0.0391,6.44,8.27,14.3038,15.91,-33.1,-51.72,-28.3,0.0,51.25,3,12.85,5.88,-45.53,0.0,,8,,20260918
BFST,"Business First Bancshares, Inc.",Financial Services,Banks - Regional,NASDAQ,,247277,1003512896,0.4955,,,,,,,,0.0,22.0,3,32.52,22.56,,0.0,,8,,20260918
CCOI,"Cogent Communications Holdings, Inc.",Communication Services,Telecom Services,NASDAQ,,1643579,471696928,0.7215,,,,,,,,0.0,23.25,3,45.69,8.56,,0.0,,8,,20260918
VYX,NCR Voyix Corporation,Technology,Information Technology Services,NYSE,,2441891,958205120,0.5638,,,,,,,,0.0,24.5,3,13.5,6.02,,0.0,,8,,20260918
CCNE,CNB Financial Corporation,Financial Services,Banks - Regional,NASDAQ,,167403,1010368384,0.7026,,,,,,,,0.0,23.25,3,36.17,22.8,,0.0,,8,,20260918
CCNEP,CNB Financial Corporation,Financial Services,Banks - Regional,NASDAQ,24.64,1040,0,0.1383,24.74,24.22,-0.7509,0.57,-10.49,-8.91,-7.09,0.0,70.75,3,25.5,23.57,-3.37,0.0,,8,,20260918
ROOT,"Root, Inc.",Financial Services,Insurance - Property & Casualty,NASDAQ,,244714,786902272,2.1886,,,,,,,,0.0,22.0,3,104.47,40.91,,0.0,,8,,20260918
FMCB,Farmers & Merchants Bancorp,Financial Services,Banks - Regional,OQX,1442.32,174,998004608,16.5045,1392.33,1241.51,3.0288,,,,,0.0,85.0,2,1540.0,985.25,-6.34,0.0,,8,,20260918
RPC,"Ridgepost Capital, Inc",Financial Services,Asset Management,NYSE,,540180,877497984,0.2714,,,,,,,,0.0,19.5,3,12.24,6.79,,0.0,,8,,20260918
CPF,Central Pacific Financial Corp.,Financial Services,Banks - Regional,NYSE,,160377,961666560,0.7712,,,,,,,,0.0,22.0,3,40.99,27.38,,0.0,,8,,20260918
TRON,Tron Inc.,Consumer Cyclical,Leisure,NCM,,1015179,678366336,0.1428,,,,,,,,0.0,22.0,3,4.65,1.12,,0.0,,8,,20260918
EVC,Entravision Communications Corporation,Communication Services,Advertising Agencies,NYSE,,1673856,717080128,0.3893,,,,,,,,0.0,19.5,3,13.74,1.95,,0.0,,8,,20260918
SLI,Standard Lithium Ltd.,Basic Materials,Other Industrial Metals & Mining,NYSE,,1725822,515778880,0.1475,,,,,,,,0.0,18.25,3,6.4,1.91,,0.0,,8,,20260918
PHGUF,Pharming Group N.V.,Healthcare,Biotechnology,PNK,1.11,433,782098304,0.0032,1.2,1.47,-30.7927,-4.67,-39.83,-41.69,-31.78,0.0,0.0,4,2.17,1.1,-49.08,0.0,,8,,20260918
PHAT,"Phathom Pharmaceuticals, Inc.",Healthcare,Biotechnology,NASDAQ,,1334611,626982272,0.5231,,,,,,,,0.0,22.0,3,18.31,7.59,,0.0,,8,,20260918
BAGFF,A.G. BARR p.l.c.,Consumer Defensive,Beverages - Non-Alcoholic,PNK,8.44,24,936634560,0.0003,8.44,8.36,0.0,3.19,-9.8,-21.04,-11.05,0.0,75.0,3,9.15,6.6,-7.76,0.0,,8,,20260918
OCINF,OCI N.V.,Basic Materials,Agricultural Inputs,PNK,4.85,132,1023202304,0.0252,4.68,4.24,6.5743,8.23,8.24,-29.67,-6.92,0.0,76.25,2,5.66,3.36,-14.31,0.0,,8,,20260918
MBWM,Mercantile Bank Corporation,Financial Services,Banks - Regional,NASDAQ,60.38,127950,1043724352,1.4885,59.65,53.07,0.4933,,,,,0.0,87.5,2,62.95,42.75,-4.08,0.0,,8,,20260918
HTD,John Hancock Tax-Advantaged Dividend Income Fund,Financial Services,Asset Management,NYSE,24.0,61961,850363776,0.4249,25.17,24.26,-2.7643,,,,,0.0,32.75,4,26.35,23.15,-8.92,0.0,,8,,20260918
ACNFF,Acomo N.V.,Consumer Defensive,Food Distribution,PNK,27.63,186,820605632,0.1298,27.23,28.28,3.0847,8.72,-16.52,-13.85,-9.14,0.0,62.0,3,33.6,25.46,-17.78,0.0,,8,,20260918
NRK,Nuveen New York AMT-Free Quality Municipal Income Fund,Financial Services,Asset Management,NYSE,9.84,277785,858395392,0.1567,10.2,10.01,-2.2953,,,,,0.0,31.5,4,10.9,9.66,-9.72,0.0,,8,,20260918
HAFC,Hanmi Financial Corporation,Financial Services,Banks - Regional,NASDAQ,,246629,955595520,0.5415,,,,,,,,0.0,23.25,3,33.5,22.85,,0.0,,8,,20260918
GDRX,"GoodRx Holdings, Inc.",Healthcare,Health Information Services,NASDAQ,,1367390,1159894272,0.1181,,,,,,,,0.0,22.0,3,5.81,1.77,,0.0,,8,,20260918
FSBC,Five Star Bancorp,Financial Services,Banks - Regional,NASDAQ,,182877,1097031936,1.0669,,,,,,,,0.0,23.25,3,50.26,30.68,,0.0,,8,,20260918
JBSS,"John B. Sanfilippo & Son, Inc.",Consumer Defensive,Packaged Foods,NASDAQ,,135548,788959168,1.9154,,,,,,,,0.0,20.75,3,92.08,59.07,,0.0,,8,,20260918
SCSC,"ScanSource, Inc.",Technology,Electronics & Computer Distribution,NASDAQ,,260562,1161233152,1.8977,,,,,,,,0.0,24.5,3,66.78,33.76,,0.0,,8,,20260918
PSIX,"Power Solutions International, Inc.",Industrials,Specialty Industrial Machinery,NCM,,429262,1050631232,1.8962,,,,,,,,0.0,19.5,3,119.7,25.28,,0.0,,8,,20260918
MOMO,Hello Group Inc.,Communication Services,Internet Content & Information,NASDAQ,,680338,703814848,0.1765,,,,,,,,0.0,19.5,3,7.75,4.87,,0.0,,8,,20260918
DRMTY,Dr. Martens plc,Consumer Cyclical,Footwear & Accessories,PNK,1.84,441,880560832,0.0295,2.04,1.84,-6.7665,2.7,2.7,2.7,2.7,0.0,37.0,3,2.47,1.8,-25.51,0.0,,8,,20260918
ARHS,"Arhaus, Inc.",Consumer Cyclical,Specialty Retail,NASDAQ,,1296779,1074289152,0.3848,,,,,,,,0.0,19.5,3,12.08,5.57,,0.0,,8,,20260918
AIO,Virtus Artificial Intelligence & Technology Opportunities Fund,Financial Services,Asset Management,NYSE,24.59,73159,846856000,0.5011,25.59,23.54,-1.988,,,,,0.0,44.5,3,28.6,20.91,-14.02,0.0,,8,,20260918
ETON,"Eton Pharmaceuticals, Inc.",Healthcare,Drug Manufacturers - Specialty & Generic,NASDAQ,,564082,1631239552,2.7062,,,,,,,,0.0,22.0,3,66.37,14.27,,0.0,,8,,20260918
NOPMF,Neo Performance Materials Inc.,Basic Materials,Specialty Chemicals,OQX,21.53,51920,994633664,1.3079,25.48,19.68,-3.018,,,,,0.0,35.0,3,34.99,11.1,-38.47,0.0,,8,,20260918
BBDC,"Barings BDC, Inc.",Financial Services,Asset Management,NYSE,,711567,936079488,0.1606,,,,,,,,0.0,20.75,3,9.54,7.96,,0.0,,8,,20260918
EVTZF,Evertz Technologies Limited,Technology,Communication Equipment,PNK,9.17,1118,694334976,0.1918,11.66,11.11,-12.9643,,,,,0.0,0.0,4,14.72,8.65,-37.7,0.0,,8,,20260918
AMPL,"Amplitude, Inc.",Technology,Software - Application,NCM,,2116246,1831471872,0.5801,,,,,,,,0.0,27.0,3,14.76,5.51,,0.0,,8,,20260918
PSNL,"Personalis, Inc.",Healthcare,Diagnostics & Research,NASDAQ,,4064854,1733361920,0.5422,,,,,,,,0.0,23.25,3,18.89,4.96,,0.0,,8,,20260918
SBNC,"Southern BancShares (N.C.), Inc.",Financial Services,Banks - Regional,OID,13250.0,1,1006244736,65.8353,13011.35,11921.65,3.6249,,,,,0.0,75.0,2,13500.0,9200.0,-1.85,0.0,,8,,20260918
SBNCM,"Southern BancShares (N.C.), Inc.",Financial Services,Banks - Regional,OID,11.75,12,0,0.053,12.77,12.77,-19.2718,-7.13,-18.33,-25.33,-18.33,0.0,12.0,4,14.5,11.75,-18.97,0.0,,8,,20260918
JANX,"Janux Therapeutics, Inc.",Healthcare,Biotechnology,NASDAQ,,1018227,1030766016,0.8288,,,,,,,,0.0,22.0,3,35.34,12.12,,0.0,,8,,20260918
SCHL,Scholastic Corporation,Communication Services,Publishing,NASDAQ,,353485,659435648,1.3872,,,,,,,,0.0,18.25,3,48.07,22.69,,0.0,,8,,20260918
AMTB,Amerant Bancorp Inc.,Financial Services,Banks - Regional,NYSE,,386127,1159235968,0.73,,,,,,,,0.0,25.75,3,30.6,15.62,,0.0,,8,,20260918
DRTS,Alpha Tau Medical Ltd.,Healthcare,Biotechnology,NCM,,673672,1432486528,0.7088,,,,,,,,0.0,22.0,3,15.79,3.43,,0.0,,8,,20260918
BH,Biglari Holdings Inc.,Consumer Cyclical,Restaurants,NYSE,,150209,1123897856,19.6023,,,,,,,,0.0,23.25,3,483.6,234.92,,0.0,,8,,20260918
BDIMF,Black Diamond Group Limited,Industrials,Rental & Leasing Services,OQX,13.09,15608,894164800,0.1549,13.17,12.29,-0.4969,-5.87,-1.39,32.5,11.05,0.0,43.25,3,15.35,8.94,-14.72,0.0,,8,,20260918
AWF,AllianceBernstein Global High Income Fund,Financial Services,Asset Management,NYSE,9.98,300250,860572160,0.0569,10.03,10.02,-0.8969,,,,,0.0,54.0,4,11.43,9.85,-12.69,0.0,,8,,20260918
MDCKF,CHAPTERS Group AG,Technology,Software - Application,PNK,52.74,12487,1257501952,1.1716,49.87,41.84,2.4484,40.84,19.84,4.79,19.07,0.0,77.5,2,56.3,30.18,-6.32,0.0,,8,,20260918
PMETF,PMET Resources Inc.,Basic Materials,Other Industrial Metals & Mining,OQX,3.07,34995,570844352,0.1551,3.32,3.92,-1.5858,,,,,0.0,12.5,4,5.93,2.17,-48.23,0.0,,8,,20260918
SHEN,Shenandoah Telecommunications Company,Communication Services,Telecom Services,NASDAQ,,516043,635032896,0.4092,,,,,,,,0.0,19.5,3,17.35,9.67,,0.0,,8,,20260918
TRST,TrustCo Bank Corp NY,Financial Services,Banks - Regional,NASDAQ,,130924,958150912,1.2493,,,,,,,,0.0,24.5,3,59.28,34.31,,0.0,,8,,20260918
NEWP,New Pacific Metals Corp.,Basic Materials,Silver,NYSE,,687380,1093136256,0.4046,,,,,,,,0.0,22.0,3,7.55,1.98,,0.0,,8,,20260918
SHMWF,"ShinMaywa Industries, Ltd.",Industrials,Conglomerates,PNK,13.3,0,879706496,0.0004,13.3,0.99,0.0,-0.75,-183.09,-35.98,-78.66,0.0,62.0,3,19.18,11.74,-30.66,0.0,,8,,20260918
OMZNF,Osisko Metals Incorporated,Basic Materials,Other Industrial Metals & Mining,OQX,1.23,148254,1020447680,0.0608,1.21,1.0,0.2704,,,,,0.0,61.25,2,1.42,0.3,-13.12,0.0,,8,,20260918
MFIC,MidCap Financial Investment Corporation,Financial Services,Asset Management,NASDAQ,,536124,760299264,0.1475,,,,,,,,0.0,18.25,3,12.5,8.97,,0.0,,8,,20260918
METCB,"Ramaco Resources, Inc.",Basic Materials,Coking Coal,NASDAQ,,83256,322874208,0.5142,,,,,,,,0.0,22.0,3,21.59,4.97,,0.0,,8,,20260918
METC,"Ramaco Resources, Inc.",Basic Materials,Coking Coal,NASDAQ,,1991543,624732928,0.92,,,,,,,,0.0,22.0,3,57.8,8.56,,0.0,,8,,20260918
INMD,InMode Ltd.,Healthcare,Medical Devices,NASDAQ,,618400,836692288,0.2252,,,,,,,,0.0,23.25,3,16.74,12.72,,0.0,,8,,20260918
ANNX,"Annexon, Inc.",Healthcare,Biotechnology,NASDAQ,,3628769,790545024,0.2154,,,,,,,,0.0,19.5,3,7.18,2.52,,0.0,,8,,20260918
CLDHF,CapitaLand China Trust,Real Estate,REIT - Retail,PNK,0.49,138,861003648,0.0004,0.48,0.53,34.577,3.44,-27.4,-22.81,-17.85,0.0,62.0,3,0.62,0.49,-21.6,0.0,,8,,20260918
BSLAF,Basler Aktiengesellschaft,Technology,Consumer Electronics,PNK,25.19,8,774782208,0.2221,29.46,22.19,-19.2034,-10.79,15.75,41.14,19.27,0.0,25.0,3,35.1,14.9,-28.23,0.0,,8,,20260918
ABX,"Abacus Global Management, Inc.",Financial Services,Insurance - Life,NYSE,,597290,886975680,0.316,,,,,,,,0.0,20.75,3,12.44,5.0,,0.0,,8,,20260918
NXP,Nuveen Select Tax-Free Income Portfolio,Financial Services,Asset Management,NYSE,13.62,152693,0,0.1294,14.09,13.97,-3.6143,,,,,0.0,30.25,4,14.65,13.42,-7.03,0.0,,8,,20260918
PTVLF,Pet Valu Holdings Ltd.,Consumer Cyclical,Specialty Retail,PNK,12.78,13762,859294208,0.1182,13.58,16.13,-6.7637,-4.53,-35.09,-68.12,-40.66,0.0,26.25,4,27.6,12.23,-53.68,0.0,,8,,20260918
CRTO,Criteo S.A.,Communication Services,Advertising Agencies,NASDAQ,,451459,828058752,0.5302,,,,,,,,0.0,19.5,3,25.29,15.57,,0.0,,8,,20260918
CAPL,CrossAmerica Partners LP,Energy,Oil & Gas Refining & Marketing,NYSE,,38419,856226112,0.5223,,,,,,,,0.0,22.0,3,24.63,19.67,,0.0,,8,,20260918
LOT,Lotus Technology Inc.,Consumer Cyclical,Auto Manufacturers,NASDAQ,,291459,611638208,0.0872,,,,,,,,0.0,20.75,3,2.28,0.81,,0.0,,8,,20260918
DOCMF,Dr. Martens plc,Consumer Cyclical,Footwear & Accessories,PNK,1.09,3581,1038487552,0.006,1.07,0.96,2.4225,11.7,19.79,-24.12,0.2,0.0,75.0,2,1.35,0.81,-19.93,0.0,,8,,20260918
PXMFF,Philex Mining Corporation,Basic Materials,Other Industrial Metals & Mining,PNK,0.21,26174,1350351744,0.0022,0.16,0.14,23.4985,105.18,51.0,213.59,129.58,0.0,76.25,2,0.22,0.08,-4.1,0.0,,8,,20260918
JMIA,Jumia Technologies AG,Consumer Cyclical,Internet Retail,NYSE,,1782579,950079744,0.3086,,,,,,,,0.0,24.5,3,14.72,5.69,,0.0,,8,,20260918
WWLNF,Worldline SA,Technology,Software - Infrastructure,PNK,11.6,22,656070272,0.0082,11.61,14.8,-1.6884,-25.67,-40.51,-75.82,-50.92,0.0,12.0,4,36.02,8.04,-67.79,0.0,,8,,20260918
PCN,PIMCO Corporate & Income Strategy Fund,Financial Services,Asset Management,NYSE,11.26,351583,852280704,0.1029,11.51,11.53,-2.4498,,,,,0.0,56.5,4,13.49,11.12,-16.53,0.0,,8,,20260918
CODI,Compass Diversified,Industrials,Conglomerates,NYSE,,720506,833614528,0.3346,,,,,,,,0.0,18.25,3,13.25,4.58,,0.0,,8,,20260918
ORIC,"ORIC Pharmaceuticals, Inc.",Healthcare,Biotechnology,NASDAQ,,1537611,1335046272,0.6104,,,,,,,,0.0,22.0,3,14.93,7.23,,0.0,,8,,20260918
AVTX,"Avalo Therapeutics, Inc.",Healthcare,Biotechnology,NCM,,1233288,895084544,1.0296,,,,,,,,0.0,19.5,3,24.27,10.7,,0.0,,8,,20260918
ABUS,Arbutus Biopharma Corporation,Healthcare,Biotechnology,NASDAQ,,3220491,1004396160,0.0885,,,,,,,,0.0,25.75,3,5.45,3.5,,0.0,,8,,20260918
DMPZF,Domino's Pizza Group plc,Consumer Cyclical,Restaurants,PNK,2.65,1479,1010068160,0.0026,2.57,2.34,30.6054,7.16,-2.33,-14.33,-4.76,0.0,75.0,2,2.75,2.2,-3.64,0.0,,8,,20260918
STBGY,Scandinavian Tobacco Group A/S,Consumer Defensive,Tobacco,PNK,6.0,405,945144000,0.0465,5.42,5.87,12.4574,13.42,8.22,-25.89,-4.12,0.0,75.0,3,8.0,4.85,-25.0,0.0,,8,,20260918
BCSF,"Bain Capital Specialty Finance, Inc.",Financial Services,Asset Management,NYSE,,385662,733014144,0.2196,,,,,,,,0.0,17.0,3,14.97,10.95,,0.0,,8,,20260918
CRF,"Cornerstone Total Return Fund, Inc.",Financial Services,Asset Management,NYSE,6.13,1433395,1043716352,0.0983,6.61,6.66,-4.8414,,,,,0.0,20.75,4,8.25,6.05,-25.7,0.0,,8,,20260918
GUNGF,"GungHo Online Entertainment, Inc.",Communication Services,Electronic Gaming & Multimedia,PNK,15.8,0,827396800,0.0009,15.8,9.93,0.0,-0.75,-38.31,-138.31,-68.92,0.0,62.0,3,21.15,15.8,-25.3,0.0,,8,,20260918
ARKO,Arko Corp.,Consumer Cyclical,Specialty Retail,NCM,,968327,486886048,0.2079,,,,,,,,0.0,20.75,3,8.76,3.71,,0.0,,8,,20260918
MGTX,MeiraGTx Holdings plc,Healthcare,Biotechnology,NASDAQ,,853232,1253361024,0.5432,,,,,,,,0.0,17.0,3,15.35,6.62,,0.0,,8,,20260918
SANA,"Sana Biotechnology, Inc.",Healthcare,Biotechnology,NASDAQ,,3105948,928017984,0.2212,,,,,,,,0.0,19.5,3,6.55,2.61,,0.0,,8,,20260918
LYTS,LSI Industries Inc.,Technology,Electronic Components,NASDAQ,,369904,756405120,0.6291,,,,,,,,0.0,25.75,3,27.36,17.21,,0.0,,8,,20260918
SPIR,"Spire Global, Inc.",Industrials,Specialty Business Services,NYSE,,824506,474856704,0.6351,,,,,,,,0.0,20.75,3,25.93,6.6,,0.0,,8,,20260918
LMB,"Limbach Holdings, Inc.",Industrials,Building Products & Equipment,NCM,,349343,596845888,2.2584,,,,,,,,0.0,27.0,3,114.95,40.74,,0.0,,8,,20260918
CGEM,"Cullinan Therapeutics, Inc.",Healthcare,Biotechnology,NASDAQ,,827424,1312743936,1.02,,,,,,,,0.0,28.25,3,23.19,5.68,,0.0,,8,,20260918
BFS,"Saul Centers, Inc.",Real Estate,REIT - Retail,NYSE,,106590,1052636096,0.6815,,,,,,,,0.0,17.0,3,38.42,29.16,,0.0,,8,,20260918
HNRG,Hallador Energy Company,Utilities,Utilities - Independent Power Producers,NCM,,770995,715164736,0.6247,,,,,,,,0.0,23.25,3,24.7,13.65,,0.0,,8,,20260918
JBGS,JBG SMITH Properties,Real Estate,REIT - Diversified,NYSE,,752332,881971072,0.3115,,,,,,,,0.0,22.0,3,24.28,10.77,,0.0,,8,,20260918
AVO,"Mission Produce, Inc.",Consumer Defensive,Food Distribution,NASDAQ,,961695,1092472832,0.4394,,,,,,,,0.0,22.0,3,15.53,10.07,,0.0,,8,,20260918
TDVXF,Dynavox Group AB (publ),Healthcare,Medical Instruments & Supplies,PNK,7.5,427,795489536,0.0507,7.32,8.7,3.639,2.87,-26.2,-58.45,-31.84,0.0,51.25,3,12.8,5.51,-41.41,0.0,,8,,20260918
TBPH,"Theravance Biopharma, Inc.",Healthcare,Biotechnology,NASDAQ,,650620,884695552,0.0554,,,,,,,,0.0,23.25,3,21.03,13.08,,0.0,,8,,20260918
SMP,"Standard Motor Products, Inc.",Consumer Cyclical,Auto Parts,NYSE,,164296,832846080,1.2085,,,,,,,,0.0,23.25,3,46.0,34.27,,0.0,,8,,20260918
PHK,PIMCO High Income Fund,Financial Services,Asset Management,NYSE,4.38,940220,819887808,0.0514,4.51,4.46,-2.535,,,,,0.0,31.5,4,5.0,4.27,-12.4,0.0,,8,,20260918
WGO,"Winnebago Industries, Inc.",Consumer Cyclical,Recreational Vehicles,NYSE,,651854,762129280,1.0126,,,,,,,,0.0,17.0,3,50.16,26.8,,0.0,,8,,20260918
SGCFF,Sagicor Financial Company Ltd.,Financial Services,Insurance - Life,PNK,6.04,3593,820636032,0.0745,6.21,6.46,-2.2195,4.07,-31.34,-16.5,-16.55,0.0,50.25,3,7.65,4.32,-21.05,0.0,,8,,20260918
HRVFF,Harvia Oyj,Consumer Cyclical,Leisure,PNK,51.9,35,970094080,0.1186,48.23,45.61,31.0175,11.46,12.66,4.6,9.13,0.0,75.0,2,51.9,37.95,-0.0,0.0,,8,,20260918
XNCR,"Xencor, Inc.",Healthcare,Biotechnology,NASDAQ,,1205987,1828350080,1.4086,,,,,,,,0.0,20.75,3,30.61,9.45,,0.0,,8,,20260918
REPX,"Riley Exploration Permian, Inc.",Energy,Oil & Gas E&P,NYSE,,243259,939651520,1.4492,,,,,,,,0.0,29.5,3,45.31,24.08,,0.0,,8,,20260918
FMNB,Farmers National Banc Corp.,Financial Services,Banks - Regional,NCM,,445417,927224448,0.2841,,,,,,,,0.0,19.5,3,16.46,12.12,,0.0,,8,,20260918
MYE,"Myers Industries, Inc.",Consumer Cyclical,Packaging & Containers,NYSE,,463951,1182336000,1.0454,,,,,,,,0.0,19.5,3,37.45,15.54,,0.0,,8,,20260918
CRCT,"Cricut, Inc.",Technology,Computer Hardware,NASDAQ,,714264,1198521216,0.1912,,,,,,,,0.0,25.75,3,6.93,3.73,,0.0,,8,,20260918
MATW,Matthews International Corporation,Industrials,Conglomerates,NASDAQ,,583633,628945408,0.5769,,,,,,,,0.0,20.75,3,30.93,19.58,,0.0,,8,,20260918
IPMLF,Imperial Metals Corporation,Basic Materials,Copper,PNK,5.92,33958,1054817728,0.2828,5.95,6.14,-0.0911,12.1,-15.32,38.41,13.03,0.0,57.75,3,10.28,3.73,-42.41,0.0,,8,,20260918
UBSFY,Ubisoft Entertainment SA,Communication Services,Electronic Gaming & Multimedia,PNK,1.21,105787,822468800,0.0432,1.19,1.14,0.5,,,,,0.0,83.75,2,2.4,0.8,-49.58,0.0,,8,,20260918
CAC,Camden National Corporation,Financial Services,Banks - Regional,NASDAQ,,103416,971242304,2.0346,,,,,,,,0.0,24.5,3,60.59,35.0,,0.0,,8,,20260918
AGNT,"AGNT, Inc",Real Estate,Real Estate Services,NASDAQ,,1485835,646746368,0.1899,,,,,,,,0.0,20.75,3,12.23,3.61,,0.0,,8,,20260918
WRDLY,Worldline SA,Technology,Software - Infrastructure,PNK,8.22,556,929809920,0.1996,7.02,3.73,6.0127,,,,,0.0,78.75,2,72.4,0.27,-88.65,0.0,,8,,20260918
OMER,Omeros Corporation,Healthcare,Biotechnology,NASDAQ,,1946812,1335564544,0.7538,,,,,,,,0.0,24.5,3,19.65,4.05,,0.0,,8,,20260918
RYSKF,Reysas Tasimacilik ve Lojistik Ticaret A.S.,Industrials,Integrated Freight & Logistics,PNK,0.52,36493,1039999936,0.0227,0.5,0.45,1.0495,-2.64,10.8,37.58,18.15,0.0,80.0,2,0.63,0.31,-17.51,0.0,,8,,20260918
ODTX,"Odyssey Therapeutics, Inc.",Healthcare,Biotechnology,NCM,,254235,1115918976,2.18,,,,,,,,0.0,24.5,3,29.05,15.1,,0.0,,8,,20260918
BRBI,BRBI BR Partners S.A.,Financial Services,Capital Markets,NCM,11.1,688,293725472,0.1804,10.7,12.94,2.2041,-4.11,-35.56,-64.65,-39.33,0.0,32.5,3,67.01,9.09,-83.44,0.0,,8,,20260918
FREKF,freee K.K.,Technology,Software - Application,PNK,23.85,1147,1421798272,0.2915,17.68,15.34,21.1759,83.42,76.58,-15.23,41.56,0.0,75.0,2,25.72,10.2,-7.27,0.0,,8,,20260918
EVMN,"Evommune, Inc.",Healthcare,Biotechnology,NYSE,,861783,340057088,0.7219,,,,,,,,0.0,17.0,3,33.2,9.3,,0.0,,8,,20260918
NBBK,"NB Bancorp, Inc.",Financial Services,Banks - Regional,NCM,,316129,992926912,0.514,,,,,,,,0.0,25.75,3,23.47,16.84,,0.0,,8,,20260918
CRSR,"Corsair Gaming, Inc.",Technology,Computer Hardware,NASDAQ,,1754554,1461470720,0.5509,,,,,,,,0.0,24.5,3,14.98,4.48,,0.0,,8,,20260918
GERN,Geron Corporation,Healthcare,Biotechnology,NASDAQ,,11388153,848064960,0.0792,,,,,,,,0.0,17.0,3,2.01,1.04,,0.0,,8,,20260918
MSBPF,"Mitsubishi Pencil Co., Ltd.",Industrials,Business Equipment & Supplies,PNK,14.66,5,733135424,0.0365,14.66,0.01,0.0,-273.46,-336.37,83.33,-152.76,0.0,75.0,3,17.25,12.24,-15.01,0.0,,8,,20260918
MPB,"Mid Penn Bancorp, Inc.",Financial Services,Banks - Regional,NASDAQ,,157517,932335936,0.7515,,,,,,,,0.0,22.0,3,39.15,26.56,,0.0,,8,,20260918
JSEJF,JSE Limited,Financial Services,Financial Data & Stock Exchanges,PNK,9.85,12,818599104,0.0323,9.19,9.36,20.3174,4.03,-8.56,25.36,8.16,0.0,75.0,3,11.13,7.0,-11.5,0.0,,8,,20260918
WKPPF,Workspace Group Plc,Real Estate,REIT - Office,PNK,5.12,72,987324224,0.0076,4.86,5.11,34.4455,24.08,-19.71,-21.81,-9.6,0.0,75.0,3,6.0,4.26,-14.58,0.0,,8,,20260918
CTMX,"CytomX Therapeutics, Inc.",Healthcare,Biotechnology,NASDAQ,,3951808,614475968,0.2292,,,,,,,,0.0,19.5,3,8.21,1.94,,0.0,,8,,20260918
NUTX,Nutex Health Inc.,Healthcare,Medical Care Facilities,NCM,,148820,1467657600,10.4365,,,,,,,,0.0,23.25,3,224.28,83.99,,0.0,,8,,20260918
DRUG,Bright Minds Biosciences Inc.,Healthcare,Biotechnology,NCM,,193719,603932352,2.9507,,,,,,,,0.0,18.25,3,123.75,44.28,,0.0,,8,,20260918
THFF,First Financial Corporation,Financial Services,Banks - Regional,NASDAQ,,113677,916746240,1.8308,,,,,,,,0.0,22.0,3,84.17,51.21,,0.0,,8,,20260918
MCRUF,Morgan Advanced Materials plc,Industrials,Specialty Industrial Machinery,PNK,3.22,1277,890055616,0.0219,3.12,2.96,4.5664,8.4,-2.43,11.71,5.93,0.0,75.0,2,3.47,2.58,-7.2,0.0,,8,,20260918
CERT,"Certara, Inc.",Healthcare,Health Information Services,NASDAQ,,3564006,1308782720,0.2946,,,,,,,,0.0,23.25,3,13.88,4.45,,0.0,,8,,20260918
OBE,Obsidian Energy Ltd.,Energy,Oil & Gas E&P,NYSE,,833700,809381120,0.6377,,,,,,,,0.0,20.75,3,14.59,5.44,,0.0,,8,,20260918
WEST,Westrock Coffee Company,Consumer Defensive,Packaged Foods,NASDAQ,,493635,759541056,0.3003,,,,,,,,0.0,20.75,3,10.19,3.59,,0.0,,8,,20260918
TSAT,Telesat Corporation,Technology,Communication Equipment,NASDAQ,,219998,2654668544,2.3523,,,,,,,,0.0,23.25,3,61.54,23.01,,0.0,,8,,20260918
EPC,Edgewell Personal Care Company,Consumer Defensive,Household & Personal Products,NYSE,,753082,1256383872,0.8935,,,,,,,,0.0,20.75,3,29.95,15.73,,0.0,,8,,20260918
NX,Quanex Building Products Corporation,Industrials,Building Products & Equipment,NYSE,,394985,941270336,1.0725,,,,,,,,0.0,19.5,3,23.33,11.04,,0.0,,8,,20260918
CPPTL,Copper Property CTL Pass Through Trust,Unknown,Unknown,PNK,10.71,36307,0,0.1616,10.62,10.62,0.5503,,,,,0.0,88.75,2,12.49,10.36,-14.23,0.0,,8,,20260918
AMPH,"Amphastar Pharmaceuticals, Inc.",Healthcare,Drug Manufacturers - Specialty & Generic,NASDAQ,,465938,1013253824,0.71,,,,,,,,0.0,29.5,3,29.52,16.65,,0.0,,8,,20260918
QDEL,QuidelOrtho Corporation,Healthcare,Medical Devices,NASDAQ,,1523580,760501440,0.7031,,,,,,,,0.0,19.5,3,35.58,9.92,,0.0,,8,,20260918
HDL,Super Hi International Holding Ltd.,Consumer Cyclical,Restaurants,NASDAQ,,661,701626496,0.0885,,,,,,,,0.0,15.75,3,19.16,11.61,,0.0,,8,,20260918
IMSR,Terrestrial Energy Inc.,Utilities,Utilities - Regulated Electric,NASDAQ,,1702651,566331328,0.2918,,,,,,,,0.0,22.0,3,31.5,4.14,,0.0,,8,,20260918
ANZLY,Air New Zealand Limited,Industrials,Airlines,PNK,1.11,658,717850752,0.0364,1.14,1.28,-0.8654,-9.77,-27.79,-50.06,-32.19,0.0,13.25,4,2.1,1.0,-47.14,0.0,,8,,20260918
EOI,Eaton Vance Enhanced Equity Income Fund,Financial Services,Asset Management,NYSE,19.62,67395,804454336,0.2169,19.69,19.24,-0.3409,,,,,0.0,74.5,3,21.44,18.04,-8.49,0.0,,8,,20260918
LBRX,LB Pharmaceuticals Inc,Healthcare,Biotechnology,NASDAQ,,344514,1359401600,2.1912,,,,,,,,0.0,19.5,3,50.16,13.36,,0.0,,8,,20260918
PFLT,PennantPark Floating Rate Capital Ltd.,Financial Services,Asset Management,NYSE,,1060588,716353216,0.1317,,,,,,,,0.0,17.0,3,9.87,6.83,,0.0,,8,,20260918
GGN,"GAMCO Global Gold, Natural Resources & Income Trust",Financial Services,Asset Management,NYSE,5.46,572954,0,0.0852,5.21,5.12,2.8804,,,,,0.0,85.0,2,5.88,4.63,-7.14,0.0,,8,,20260918
BTGO,"BitGo Holdings, Inc.",Financial Services,Capital Markets,NYSE,,1433717,794608448,0.5683,,,,,,,,0.0,23.25,3,24.5,4.65,,0.0,,8,,20260918
PSYTF,Pason Systems Inc.,Energy,Oil & Gas Equipment & Services,OQX,10.71,35664,831527488,0.1721,9.64,9.27,6.2071,12.17,6.25,12.86,10.38,0.0,82.5,2,11.33,8.11,-5.47,0.0,,8,,20260918
UMAC,"Unusual Machines, Inc.",Technology,Computer Hardware,NYSE,,4091043,1192961280,1.6392,,,,,,,,0.0,20.75,3,34.93,7.25,,0.0,,8,,20260918
GSM,Ferroglobe PLC,Basic Materials,Other Industrial Metals & Mining,NCM,,1680458,0,0.2062,,,,,,,,0.0,22.0,3,5.74,3.08,,0.0,,8,,20260918
ATXRF,ATEX Resources Inc.,Basic Materials,Gold,OQX,1.72,96047,647509184,0.0967,1.79,2.25,-0.756,,,,,0.0,44.5,3,3.47,1.5,-50.43,0.0,,8,,20260918
EIG,"Employers Holdings, Inc.",Financial Services,Insurance - Specialty,NYSE,,208382,886530560,0.8769,,,,,,,,0.0,27.0,3,52.59,35.73,,0.0,,8,,20260918
BPMUF,Basilea Pharmaceutica AG,Healthcare,Biotechnology,PNK,77.4,4,959129920,0.2499,68.33,67.58,36.2842,27.66,-4.0,-1.11,5.07,0.0,75.0,2,77.4,59.29,0.0,0.0,,8,,20260918
ADAM,"Adamas Trust, Inc.",Real Estate,REIT - Mortgage,NASDAQ,,898358,809367488,0.19,,,,,,,,0.0,14.5,3,10.36,6.45,,0.0,,8,,20260918
ADAMH,"Adamas Trust, Inc.",Unknown,Unknown,NASDAQ,25.15,25382,0,0.0638,24.84,24.27,4.8431,,,,,0.0,86.25,2,25.99,24.49,-3.23,0.0,,8,,20260918
ADAMN,"Adamas Trust, Inc.",Real Estate,REIT - Mortgage,NASDAQ,,8014,0,0.1887,,,,,,,,0.0,24.5,3,25.16,21.01,,0.0,,8,,20260918
ADAML,"Adamas Trust, Inc.",Real Estate,REIT - Mortgage,NASDAQ,25.02,12464,0,0.1068,24.71,23.34,2.9451,,,,,0.0,82.5,2,25.1,21.96,-0.3,0.0,,8,,20260918
ADAMM,"Adamas Trust, Inc.",Real Estate,REIT - Mortgage,NASDAQ,25.7,15250,0,0.0996,25.36,24.4,3.4461,,,,,0.0,87.5,2,25.73,23.78,-0.12,0.0,,8,,20260918
ADAMZ,"Adamas Trust, Inc.",Real Estate,REIT - Mortgage,NASDAQ,17.72,10233,0,0.2688,18.53,18.33,-3.025,,,,,0.0,31.5,4,21.72,17.25,-18.42,0.0,,8,,20260918
FCBC,"First Community Bankshares, Inc.",Financial Services,Banks - Regional,NASDAQ,,91232,884436032,1.0708,,,,,,,,0.0,23.25,3,50.17,31.21,,0.0,,8,,20260918
EFOR,"Everforth, Inc.",Technology,Information Technology Services,NYSE,,940469,1350130048,1.6392,,,,,,,,0.0,27.0,3,54.94,16.9,,0.0,,8,,20260918
MEGI,NYLI CBRE Global Infrastructure Megatrends Term Fund,Financial Services,Asset Management,NYSE,14.12,126725,734911232,0.2503,14.93,14.28,-3.2388,,,,,0.0,19.5,4,15.89,13.42,-11.14,0.0,,8,,20260918
BOZTY,Boozt AB (publ),Consumer Cyclical,Apparel Retail,PNK,15.12,33,881537984,0.0029,15.12,12.28,0.0,1.75,36.32,45.67,31.42,0.0,75.0,3,15.5,9.39,-2.45,0.0,,8,,20260918
EGBN,"Eagle Bancorp, Inc.",Financial Services,Banks - Regional,NCM,,291625,859952832,0.5938,,,,,,,,0.0,23.25,3,29.29,15.03,,0.0,,8,,20260918
DOMVF,Dogus Otomotiv Servis ve Ticaret A.S.,Consumer Cyclical,Auto & Truck Dealerships,PNK,4.54,0,998800000,0.1963,-3.26,7.4,39.726,-144.16,-94.51,-98.16,-108.38,0.0,37.0,3,8.11,4.03,-44.02,0.0,,8,,20260918
MTUS,Metallus Inc.,Basic Materials,Steel,NYSE,,386914,803701568,0.6519,,,,,,,,0.0,22.0,3,22.58,14.19,,0.0,,8,,20260918
ABSI,Absci Corporation,Healthcare,Biotechnology,NASDAQ,,4395406,1590861952,0.4618,,,,,,,,0.0,20.75,3,12.05,2.24,,0.0,,8,,20260918
CCBG,"Capital City Bank Group, Inc.",Financial Services,Banks - Regional,NASDAQ,,88022,858916288,1.0122,,,,,,,,0.0,22.0,3,53.6,38.27,,0.0,,8,,20260918
NAVI,Navient Corporation,Financial Services,Credit Services,NASDAQ,,1151872,922832832,0.3487,,,,,,,,0.0,25.75,3,13.5,7.33,,0.0,,8,,20260918
WLKP,Westlake Chemical Partners LP,Basic Materials,Chemicals,NYSE,,30379,751794624,0.3895,,,,,,,,0.0,19.5,3,23.88,17.75,,0.0,,8,,20260918
GO,Grocery Outlet Holding Corp.,Consumer Defensive,Grocery Stores,NASDAQ,,2580725,1151361792,0.4959,,,,,,,,0.0,24.5,3,17.27,5.66,,0.0,,8,,20260918
VLRS,"Controladora Vuela Compañía de Aviación, S.A.B. de C.V.",Industrials,Airlines,NYSE,,556330,742585856,0.2585,,,,,,,,0.0,19.5,3,10.8,5.79,,0.0,,8,,20260918
AGFMF,AGF Management Limited,Financial Services,Asset Management,PNK,13.72,37620,872448384,0.3678,15.88,13.54,-5.8651,0.07,-13.13,21.92,4.19,0.0,55.0,3,17.03,9.51,-19.44,0.0,,8,,20260918
MRAM,"Everspin Technologies, Inc.",Technology,Semiconductors,NASDAQ,,1317814,360623616,0.7623,,,,,,,,0.0,20.75,3,51.5,7.35,,0.0,,8,,20260918
WRLD,World Acceptance Corporation,Financial Services,Credit Services,NASDAQ,,104069,861104512,5.3723,,,,,,,,0.0,23.25,3,227.68,110.0,,0.0,,8,,20260918
SPRY,"ARS Pharmaceuticals, Inc.",Healthcare,Biotechnology,NASDAQ,,2074220,412706496,0.2862,,,,,,,,0.0,17.0,3,13.15,4.12,,0.0,,8,,20260918
GRCLF,GrainCorp Limited,Consumer Defensive,Farm Products,PNK,4.4,4574,978224064,0.1406,4.03,4.16,2.5999,33.95,-9.62,-36.25,-9.38,0.0,76.25,3,6.15,3.2,-28.46,0.0,,8,,20260918
CGRIF,"Canadian General Investments, Limited",Unknown,Unknown,PNK,37.25,212,777075975,0.3417,37.57,36.2,-0.9409,0.83,-7.97,1.11,-2.14,0.0,63.25,3,39.45,31.5,-5.58,0.0,,8,,20260918
HTB,"HomeTrust Bancshares, Inc.",Financial Services,Banks - Regional,NYSE,,184325,779729600,0.8738,,,,,,,,0.0,23.25,3,52.5,38.3,,0.0,,8,,20260918
NB,NioCorp Developments Ltd.,Basic Materials,Other Industrial Metals & Mining,NASDAQ,,3228446,531392704,0.1821,,,,,,,,0.0,18.25,3,12.58,3.4,,0.0,,8,,20260918
UBSFF,Ubisoft Entertainment SA,Communication Services,Electronic Gaming & Multimedia,PNK,5.51,877,749058368,0.2297,6.06,5.93,-2.3942,-4.09,-2.59,-61.02,-26.34,0.0,42.0,4,11.73,4.5,-53.03,0.0,,8,,20260918
AURA,"Aura Biosciences, Inc.",Healthcare,Biotechnology,NASDAQ,,680766,683414720,0.3523,,,,,,,,0.0,19.5,3,9.54,4.73,,0.0,,8,,20260918
PSTL,"Postal Realty Trust, Inc.",Real Estate,REIT - Office,NYSE,,342348,965957056,0.548,,,,,,,,0.0,25.75,3,25.22,14.25,,0.0,,8,,20260918
ACGP,"Associated Capital Group, Inc.",Financial Services,Asset Management,OQX,33.46,4700,681018176,0.1774,33.49,37.09,-0.1917,,,,,0.0,30.25,4,41.14,33.11,-18.67,0.0,,8,,20260918
SSII,"SS Innovations International, Inc.",Healthcare,Medical Devices,NCM,,61591,653256512,0.1682,,,,,,,,0.0,22.0,3,10.0,3.11,,0.0,,8,,20260918
LAES,SEALSQ Corp,Technology,Semiconductors,NASDAQ,,12297867,517340288,0.0954,,,,,,,,0.0,22.0,3,8.71,1.99,,0.0,,8,,20260918
SSYS,Stratasys Ltd.,Technology,Computer Hardware,NASDAQ,,713758,700696000,0.2277,,,,,,,,0.0,20.75,3,12.81,7.34,,0.0,,8,,20260918
PSGTF,PT Semen Indonesia (Persero) Tbk,Basic Materials,Building Materials,PNK,0.07,46,483973280,0.0001,0.07,0.13,0.0,-42.42,-69.26,-74.18,-64.52,0.0,25.0,3,0.17,0.07,-58.82,0.0,,8,,20260918
VOR,Vor Biopharma Inc.,Healthcare,Biotechnology,NASDAQ,,1143566,1295062656,1.1723,,,,,,,,0.0,20.75,3,49.95,6.5,,0.0,,8,,20260918
KOP,Koppers Holdings Inc.,Basic Materials,Specialty Chemicals,NYSE,,183209,873336192,1.4223,,,,,,,,0.0,24.5,3,53.0,25.0,,0.0,,8,,20260918
ANZFF,Air New Zealand Limited,Industrials,Airlines,PNK,0.22,1527,718820864,0.0021,0.24,0.28,-10.7629,-10.02,-30.31,-49.72,-33.0,0.0,0.0,4,0.38,0.22,-41.67,0.0,,8,,20260918
SPFI,"South Plains Financial, Inc.",Financial Services,Banks - Regional,NASDAQ,,151677,824022464,0.8331,,,,,,,,0.0,23.25,3,46.94,35.34,,0.0,,8,,20260918
NBPVF,Neuberger Private Equity Partners Limited,Unknown,Unknown,PNK,19.8,593,966251842,0.0996,20.07,19.85,-2.7345,3.73,-5.11,-15.1,-6.9,0.0,52.75,1,22.0,17.55,-10.0,0.0,,8,,20260918
KRO,"Kronos Worldwide, Inc.",Basic Materials,Specialty Chemicals,NYSE,,412282,946101632,0.3931,,,,,,,,0.0,22.0,3,9.17,4.08,,0.0,,8,,20260918
WHTCF,WELL Health Technologies Corp.,Healthcare,Medical Care Facilities,OQX,2.97,42093,761186432,0.0656,3.02,2.99,-0.6866,-6.52,-17.69,-28.35,-19.16,0.0,55.25,3,4.31,2.44,-31.0,0.0,,8,,20260918
TIGR,UP Fintech Holding Limited,Financial Services,Capital Markets,NASDAQ,,2232588,852466944,0.1615,,,,,,,,0.0,20.75,3,11.35,4.0,,0.0,,8,,20260918
BVS,Bioventus Inc.,Healthcare,Medical Devices,NASDAQ,,709422,862693952,0.4465,,,,,,,,0.0,19.5,3,15.89,6.25,,0.0,,8,,20260918
BBSI,"Barrett Business Services, Inc.",Industrials,Staffing & Employment Services,NASDAQ,,236117,806546752,1.0415,,,,,,,,0.0,28.25,3,47.14,25.33,,0.0,,8,,20260918
SUPV,Grupo Supervielle S.A.,Financial Services,Banks - Regional,NYSE,,570350,791978816,0.3441,,,,,,,,0.0,24.5,3,13.55,4.54,,0.0,,8,,20260918
GSBC,"Great Southern Bancorp, Inc.",Financial Services,Banks - Regional,NASDAQ,79.39,103270,865153088,1.6334,79.47,69.24,-0.0501,,,,,0.0,72.0,3,82.91,53.76,-4.25,0.0,,8,,20260918
CADNF,Cascades Inc.,Consumer Cyclical,Packaging & Containers,PNK,12.3,40853,1247467264,0.1589,10.85,9.0,9.1068,59.05,37.68,60.88,52.3,0.0,77.5,2,12.94,6.54,-4.95,0.0,,8,,20260918
NXDR,"Nextdoor Holdings, Inc.",Communication Services,Internet Content & Information,NYSE,,2438059,959384064,0.094,,,,,,,,0.0,20.75,3,3.72,1.33,,0.0,,8,,20260918
MARIF,Marimaca Copper Corp.,Basic Materials,Copper,OQX,6.47,23538,874465280,0.2709,5.68,6.62,2.9211,,,,,0.0,72.0,3,9.87,4.89,-34.45,0.0,,8,,20260918
HZO,"MarineMax, Inc.",Consumer Cyclical,Specialty Retail,NYSE,,634429,1155577984,0.1215,,,,,,,,0.0,23.25,3,52.5,21.42,,0.0,,8,,20260918
HBIA,Hills Bancorporation,Financial Services,Banks - Regional,OID,46.67,283,813772608,0.229,46.19,44.97,2.1079,,,,,0.0,50.0,2,99.01,38.5,-52.86,0.0,,8,,20260918
LMRI,"Lumexa Imaging Holdings, Inc.",Healthcare,Medical Devices,NASDAQ,,486096,1106783744,0.5205,,,,,,,,0.0,22.0,3,19.45,6.45,,0.0,,8,,20260918
ASC,Ardmore Shipping Corporation,Industrials,Marine Shipping,NYSE,,634674,776185600,0.5669,,,,,,,,0.0,23.25,3,20.03,10.31,,0.0,,8,,20260918
IBTA,"Ibotta, Inc.",Technology,Software - Application,NYSE,,223229,972009152,1.7608,,,,,,,,0.0,29.5,3,43.43,19.1,,0.0,,8,,20260918
CWH,"Camping World Holdings, Inc.",Consumer Cyclical,Auto & Truck Dealerships,NYSE,,2083195,369563840,0.3503,,,,,,,,0.0,22.0,3,17.97,5.49,,0.0,,8,,20260918
THQ,Abrdn Healthcare Opportunities Fund,Financial Services,Asset Management,NYSE,19.21,204954,796013888,0.3077,19.06,17.97,0.4849,,,,,0.0,83.75,2,20.39,16.28,-5.79,0.0,,8,,20260918
APOG,"Apogee Enterprises, Inc.",Industrials,Building Products & Equipment,NASDAQ,,245995,786734720,1.0777,,,,,,,,0.0,19.5,3,50.88,30.75,,0.0,,8,,20260918
CRESY,"Cresud Sociedad Anónima, Comercial, Inmobiliaria, Financiera y Agropecuaria",Industrials,Conglomerates,NASDAQ,,266361,909970304,0.4915,,,,,,,,0.0,25.75,3,14.21,8.45,,0.0,,8,,20260918
FFC,Flaherty & Crumrine Preferred Securities Income Fund Inc.,Financial Services,Asset Management,NYSE,15.58,97077,750611648,0.1671,15.93,15.72,-2.1039,,,,,0.0,29.0,4,17.0,14.98,-8.35,0.0,,8,,20260918
NXRT,"NexPoint Residential Trust, Inc.",Real Estate,REIT - Residential,NYSE,,355204,1098644992,0.7172,,,,,,,,0.0,20.75,3,33.34,21.21,,0.0,,8,,20260918
IPZYF,IP Group Plc,Financial Services,Asset Management,PNK,0.91,82,799855360,0.0001,0.91,0.84,0.0,4.34,-0.61,18.16,8.14,0.0,75.0,3,0.91,0.68,-0.0,0.0,,8,,20260918
SMBC,"Southern Missouri Bancorp, Inc.",Financial Services,Banks - Regional,NASDAQ,,104883,797251264,1.3792,,,,,,,,0.0,22.0,3,79.86,47.6,,0.0,,8,,20260918
PGC,Peapack-Gladstone Financial Corporation,Financial Services,Banks - Regional,NASDAQ,,192501,805026304,0.9138,,,,,,,,0.0,25.75,3,49.14,24.71,,0.0,,8,,20260918
TMCR,The Metals Royalty Company Inc.,Basic Materials,Other Industrial Metals & Mining,NCM,,75943,316845888,0.45,,,,,,,,0.0,19.5,3,21.38,4.65,,0.0,,8,,20260918
TXO,"TXO Partners, L.P.",Energy,Oil & Gas E&P,NYSE,,159819,811735424,0.4279,,,,,,,,0.0,24.5,3,15.58,10.12,,0.0,,8,,20260918
WOOF,"Petco Health and Wellness Company, Inc.",Consumer Cyclical,Specialty Retail,NASDAQ,,2026009,687406464,0.1648,,,,,,,,0.0,15.75,3,3.96,2.24,,0.0,,8,,20260918
PHIG,"PHI Group, Inc.",Industrials,Airports & Air Services,PNK,31.75,4066,771845184,0.1311,30.96,30.15,6.003,6.87,-13.17,-1.52,-3.5,0.0,76.25,2,32.5,25.0,-2.31,0.0,,8,,20260918
ARREF,Amerigo Resources Ltd.,Basic Materials,Copper,OQX,6.23,174241,1005782144,0.3679,5.54,4.31,1.8879,,,,,0.0,85.0,2,6.39,1.69,-2.5,0.0,,8,,20260918
VTS,"Vitesse Energy, Inc.",Energy,Oil & Gas E&P,NYSE,,519200,747351616,0.4565,,,,,,,,0.0,28.25,3,24.56,15.0,,0.0,,8,,20260918
GFR,Greenfire Resources Ltd.,Energy,Oil & Gas E&P,NYSE,,664079,979076224,0.2635,,,,,,,,0.0,24.5,3,7.16,4.15,,0.0,,8,,20260918
MCDIF,Mcdermott International Ltd.,Industrials,Engineering & Construction,PNK,4.3,47619,733590016,0.1718,6.47,20.19,-12.6284,-83.2,-96.93,-86.69,-89.4,0.0,0.0,4,28.75,4.0,-85.04,0.0,,8,,20260918
GRNCY,GrainCorp Limited,Consumer Defensive,Farm Products,PNK,7.24,20,804811584,0.0023,7.19,7.24,21.876,3.35,-28.9,-33.56,-22.7,0.0,75.0,3,10.49,7.1,-30.98,0.0,,8,,20260918
ENPSF,Enplas Corporation,Technology,Electronic Components,PNK,63.25,129,571255808,0.613,70.43,61.28,-11.7058,-13.97,18.11,-914.91,-363.12,0.0,25.0,3,110.0,29.71,-42.5,0.0,,8,,20260918
MPZAF,Mips AB (publ),Consumer Cyclical,Leisure,PNK,26.0,9,688769152,0.0077,26.0,34.55,0.0,1.29,-51.25,-53.6,-39.06,0.0,50.0,3,44.6,25.0,-41.7,0.0,,8,,20260918
NMFCZ,New Mountain Finance Corporation 8.250% Notes due 2028,Unknown,Unknown,NASDAQ,25.37,12793,0,0.088,25.14,24.55,2.5869,,,,,0.0,88.75,2,25.68,25.0,-1.21,0.0,,8,,20260918
NMFC,New Mountain Finance Corporation,Financial Services,Asset Management,NASDAQ,,583003,673445568,0.1251,,,,,,,,0.0,18.25,3,9.98,6.73,,0.0,,8,,20260918
CLRPF,Clarity Pharmaceuticals Ltd,Healthcare,Biotechnology,PNK,1.5,12432,559621824,0.0723,1.72,2.04,-3.0394,-11.47,-50.51,-47.94,-39.72,0.0,28.75,4,3.6,1.23,-58.33,0.0,,8,,20260918
VCVOF,VinaCapital Vietnam Opportunity Fund Limited,Unknown,Unknown,PNK,5.9,4661,1144942218,0.0617,5.99,6.15,-1.4255,-1.6,-18.61,-26.9,-17.67,0.0,49.0,1,6.73,5.24,-12.33,0.0,,8,,20260918
SAFLY,Safilo Group S.p.A.,Healthcare,Medical Instruments & Supplies,PNK,4.75,16,925115136,0.009,4.33,4.08,45.9453,25.58,5.74,24.76,18.31,0.0,75.0,2,4.75,3.39,0.0,0.0,,8,,20260918
SYBJF,Security Bank Corporation,Financial Services,Banks - Regional,PNK,0.99,0,762322816,0.0001,0.99,0.33,0.0,-0.75,-383.38,2497.14,864.48,0.0,62.0,3,1.38,0.97,-28.26,0.0,,8,,20260918
SNTNF,Santana Minerals Limited,Basic Materials,Other Precious Metals & Mining,PNK,0.37,3,361675552,0.0011,0.4,0.24,-28.6136,-52.24,3555.99,3553.64,2652.99,0.0,25.0,3,0.76,0.01,-51.48,0.0,,8,,20260918
ANRO,"Alto Neuroscience, Inc.",Healthcare,Biotechnology,NYSE,,565482,1215720320,1.8976,,,,,,,,0.0,20.75,3,37.48,3.59,,0.0,,8,,20260918
CXOXF,Core Lithium Ltd,Basic Materials,Other Industrial Metals & Mining,PNK,0.23,15461,747701184,0.0143,0.21,0.19,1.3462,6.69,40.99,285.68,130.29,0.0,80.0,2,0.3,0.06,-23.0,0.0,,8,,20260918
HLFFF,HelloFresh SE,Consumer Defensive,Grocery Stores,PNK,2.89,1766,418926912,0.1181,3.82,5.12,-7.888,-39.53,-59.98,-84.84,-64.81,0.0,5.0,4,9.69,2.89,-70.16,0.0,,8,,20260918
SCZM,Santacruz Silver Mining Ltd.,Basic Materials,Other Industrial Metals & Mining,NCM,,482548,829473408,0.5752,,,,,,,,0.0,22.0,3,17.64,4.68,,0.0,,8,,20260918
CGBD,"Carlyle Secured Lending, Inc.",Financial Services,Asset Management,NASDAQ,,566529,800197312,0.2481,,,,,,,,0.0,22.0,3,13.58,9.95,,0.0,,8,,20260918
KFRC,Kforce Inc.,Industrials,Staffing & Employment Services,NYSE,,255233,924104384,1.9889,,,,,,,,0.0,22.0,3,61.68,24.49,,0.0,,8,,20260918
JSVGF,Johnson Service Group PLC,Unknown,Unknown,PNK,1.86,430,669463872,0.0052,1.93,1.62,-13.565,-5.38,-1.51,47.86,17.27,0.0,37.0,3,2.05,1.18,-9.28,0.0,,8,,20260918
BRSP,"BrightSpire Capital, Inc.",Real Estate,REIT - Mortgage,NYSE,,1599920,528871040,0.1029,,,,,,,,0.0,19.5,3,6.17,4.18,,0.0,,8,,20260918
RLMD,"Relmada Therapeutics, Inc.",Healthcare,Biotechnology,NCM,,1738893,448013344,0.2238,,,,,,,,0.0,15.75,3,8.0,1.47,,0.0,,8,,20260918
BIOA,"BioAge Labs, Inc.",Healthcare,Drug Manufacturers - Specialty & Generic,NASDAQ,,879248,371305984,0.4905,,,,,,,,0.0,18.25,3,25.95,4.88,,0.0,,8,,20260918
CGNT,Cognyte Software Ltd.,Technology,Software - Infrastructure,NASDAQ,,617830,636545984,0.3128,,,,,,,,0.0,23.25,3,12.31,6.29,,0.0,,8,,20260918
MRVSY,Minerva S.A.,Consumer Defensive,Packaged Foods,OID,3.24,3288,803291072,0.0986,2.94,3.49,3.0379,,,,,0.0,54.0,3,5.39,2.45,-39.89,0.0,,8,,20260918
ANPMF,Andean Precious Metals Corp.,Basic Materials,Silver,OQX,4.64,80253,691400832,0.3017,4.73,5.54,-0.3061,,,,,0.0,43.25,3,9.15,3.61,-49.29,0.0,,8,,20260918
EH,EHang Holdings Limited,Industrials,Aerospace & Defense,NASDAQ,,855954,350405568,0.2011,,,,,,,,0.0,22.0,3,20.2,4.31,,0.0,,8,,20260918
HELFY,HelloFresh SE,Consumer Defensive,Grocery Stores,PNK,0.73,15709,423275648,0.0196,0.87,1.23,-7.1953,,,,,0.0,3.75,4,2.27,0.71,-67.84,0.0,,8,,20260918
TLOFF,Talon Metals Corp.,Basic Materials,Other Industrial Metals & Mining,OID,6.89,311967,1115947008,0.5077,5.07,4.86,3.5943,,,,,0.0,86.25,2,8.17,2.59,-15.67,0.0,,8,,20260918
NIE,Virtus Equity & Convertible Income Fund,Financial Services,Asset Management,NYSE,25.12,61269,696049216,0.4185,25.59,24.48,-1.112,,,,,0.0,40.75,3,27.24,22.78,-7.78,0.0,,8,,20260918
AUCTF,Aucnet Inc.,Consumer Cyclical,Internet Retail,PNK,7.64,0,693105664,0.0259,7.64,-1.9,0.0,-157.94,-191.87,-83.05,-139.86,0.0,75.0,3,7.76,4.48,-1.55,0.0,,8,,20260918
SRRTF,Slate Grocery REIT,Real Estate,REIT - Retail,PNK,10.65,24167,631153984,0.2414,11.74,11.32,-4.5025,,,,,0.0,19.5,4,13.51,9.88,-21.17,0.0,,8,,20260918
MCEM,The Monarch Cement Company,Basic Materials,Building Materials,OQX,270.0,482,1001822016,8.1979,268.21,257.22,0.2179,,,,,0.0,57.5,2,299.75,207.0,-9.92,0.0,,8,,20260918
IVR,Invesco Mortgage Capital Inc.,Real Estate,REIT - Mortgage,NYSE,,2819117,712859968,0.16,,,,,,,,0.0,15.75,3,9.5,6.38,,0.0,,8,,20260918
FECCF,Frontera Energy Corporation,Energy,Oil & Gas E&P,OQX,6.28,111130,444428384,0.16,6.24,4.76,0.2777,,,,,0.0,85.0,2,11.87,3.55,-47.07,0.0,,8,,20260918
GRNT,"Granite Ridge Resources, Inc.",Energy,Oil & Gas E&P,NYSE,,1116459,651587200,0.1592,,,,,,,,0.0,22.0,3,6.14,4.18,,0.0,,8,,20260918
PEO,"Adams Natural Resources Fund, Inc.",Financial Services,Asset Management,NYSE,28.81,62627,807494528,0.5394,27.52,24.98,2.3897,,,,,0.0,90.0,2,29.75,20.75,-3.16,0.0,,8,,20260918
BTO,John Hancock Financial Opportunities Fund,Financial Services,Asset Management,NYSE,37.29,42862,739574848,0.8084,39.39,36.21,-2.6004,,,,,0.0,58.75,3,42.0,32.01,-11.21,0.0,,8,,20260918
GROY,Gold Royalty Corp.,Basic Materials,Gold,NYSE,,2136720,785397696,0.1193,,,,,,,,0.0,23.25,3,5.46,2.45,,0.0,,8,,20260918
GDOT,Green Dot Corporation,Financial Services,Credit Services,NYSE,,387959,751064704,0.1831,,,,,,,,0.0,20.75,3,15.41,10.1,,0.0,,8,,20260918
CBRL,"Cracker Barrel Old Country Store, Inc.",Consumer Cyclical,Restaurants,NASDAQ,,917058,978099840,2.34,,,,,,,,0.0,23.25,3,60.26,24.85,,0.0,,8,,20260918
MITK,"Mitek Systems, Inc.",Technology,Software - Application,NCM,,822808,780617088,0.6785,,,,,,,,0.0,19.5,3,21.05,8.53,,0.0,,8,,20260918
NOAH,Noah Holdings Limited,Financial Services,Asset Management,NYSE,,102759,556030656,0.18,,,,,,,,0.0,20.75,3,12.45,7.97,,0.0,,8,,20260918
FTK,"Flotek Industries, Inc.",Energy,Oil & Gas Equipment & Services,NYSE,,499103,1108345088,1.3508,,,,,,,,0.0,19.5,3,39.67,11.8,,0.0,,8,,20260918
CHXMF,Troilus Mining Corp.,Basic Materials,Other Industrial Metals & Mining,OQX,1.54,192548,854920960,0.1051,1.39,1.32,1.3835,,,,,0.0,85.0,2,1.83,0.75,-15.85,0.0,,8,,20260918
MAMTF,MCAN Mortgage Corporation,Financial Services,Mortgage Finance,PNK,16.95,646,693376064,0.0631,17.2,16.55,-3.9556,-4.21,-5.79,-5.21,-5.16,0.0,37.0,3,18.64,14.62,-9.08,0.0,,8,,20260918
QNC,Quantum eMotion Corp.,Technology,Software - Infrastructure,NYSE,,1618891,373013440,0.1423,,,,,,,,0.0,18.25,3,4.44,1.64,,0.0,,8,,20260918
ORRF,"Orrstown Financial Services, Inc.",Financial Services,Banks - Regional,NCM,41.85,125030,823173824,0.8838,42.12,37.92,-0.311,,,,,0.0,72.0,3,43.81,31.87,-4.47,0.0,,8,,20260918
GRPN,"Groupon, Inc.",Communication Services,Internet Content & Information,NASDAQ,,1451893,764914176,0.7969,,,,,,,,0.0,23.25,3,29.9,9.17,,0.0,,8,,20260918
ADSE,ADS-TEC Energy PLC,Industrials,Electrical Equipment & Parts,NCM,,18456,842083008,0.5115,,,,,,,,0.0,24.5,3,13.5,8.36,,0.0,,8,,20260918
COVCF,COVER Corporation,Technology,Software - Application,PNK,10.61,212,676603008,0.1515,10.08,9.86,3.5029,21.34,-6.72,-35.28,-11.13,0.0,78.75,2,13.61,7.3,-22.01,0.0,,8,,20260918
NNCSF,Nanosonics Limited,Healthcare,Medical Instruments & Supplies,PNK,2.02,722,603800000,0.0197,2.19,2.45,-8.8235,-15.16,-20.77,-37.66,-26.13,0.0,0.0,4,3.06,1.93,-33.93,0.0,,8,,20260918
MPZAY,Mips AB (publ),Consumer Cyclical,Leisure,PNK,19.07,137,1010371392,0.1396,19.49,15.46,-3.0001,51.5,21.42,19.07,28.0,0.0,62.0,3,24.22,12.0,-21.26,0.0,,8,,20260918
COHTF,Cohort plc,Industrials,Aerospace & Defense,PNK,16.47,0,757062656,0.0048,16.39,14.64,15.6643,27.23,14.98,-31.84,-0.69,0.0,75.0,2,19.95,12.31,-17.47,0.0,,8,,20260918
TOTZF,Total Energy Services Inc.,Energy,Oil & Gas Equipment & Services,PNK,25.85,40645,940940032,0.8382,20.26,15.88,6.6707,,,,,0.0,87.5,2,26.74,9.3,-3.33,0.0,,8,,20260918
NUFMF,Nufarm Limited,Basic Materials,Agricultural Inputs,OQX,2.23,800,856894400,0.0445,2.04,1.73,4.3143,15.39,49.76,24.02,30.87,0.0,76.25,2,2.55,0.99,-12.55,0.0,,8,,20260918
RDVT,"Red Violet, Inc.",Technology,Software - Application,NCM,,235353,1237542784,2.7199,,,,,,,,0.0,28.25,3,80.29,33.4,,0.0,,8,,20260918
TMQ,Trilogy Metals Inc.,Basic Materials,Other Industrial Metals & Mining,NYSE,,1430809,579659712,0.1838,,,,,,,,0.0,20.75,3,11.29,2.0,,0.0,,8,,20260918
SXC,"SunCoke Energy, Inc.",Basic Materials,Coking Coal,NYSE,,1401880,819891008,0.3354,,,,,,,,0.0,23.25,3,10.68,5.52,,0.0,,8,,20260918
NKLR,Terra Innovatum Global N.V.,Utilities,Utilities - Regulated Electric,NASDAQ,,342511,464103808,0.3989,,,,,,,,0.0,19.5,3,21.91,3.73,,0.0,,8,,20260918
VTXPF,Victrex plc,Basic Materials,Specialty Chemicals,PNK,10.94,92,953596480,0.03,9.92,8.54,34.0636,33.05,17.9,4.94,16.5,0.0,75.0,2,10.99,7.74,-0.44,0.0,,8,,20260918
CBLL,"CeriBell, Inc.",Healthcare,Medical Devices,NASDAQ,,391380,959452480,0.9078,,,,,,,,0.0,22.0,3,25.63,10.85,,0.0,,8,,20260918
SMBK,"SmartFinancial, Inc.",Financial Services,Banks - Regional,NYSE,,121296,888265664,1.0777,,,,,,,,0.0,27.0,3,54.14,33.01,,0.0,,8,,20260918
NLLSY,Nel ASA,Industrials,Specialty Industrial Machinery,PNK,6.0,48,367607936,0.1964,7.3,7.62,-6.64,-23.53,-31.93,-33.0,-30.26,0.0,0.0,4,11.62,6.0,-48.36,0.0,,8,,20260918
RVI,Robinhood Ventures Fund I,Financial Services,Asset Management,NYSE,,279898,756382720,0.9823,,,,,,,,0.0,25.75,3,77.39,21.0,,0.0,,8,,20260918
MAKO,Mako Mining Corp.,Basic Materials,Gold,NCM,,168196,919862080,0.4531,,,,,,,,0.0,23.25,3,11.1,4.85,,0.0,,8,,20260918
IGR,CBRE Global Real Estate Income Fund,Financial Services,Asset Management,NYSE,12.38,199557,626261184,0.1804,,,,,,,,0.0,15.75,3,15.72,12.23,-21.25,0.0,,8,,20260918
RMT,"Royce Micro-Cap Trust, Inc.",Financial Services,Asset Management,NYSE,13.39,126029,725624256,0.2354,13.74,12.31,-1.5043,,,,,0.0,45.75,3,14.78,9.52,-9.4,0.0,,8,,20260918
JBI,"Janus International Group, Inc.",Industrials,Building Products & Equipment,NYSE,,1658103,604410560,0.2021,,,,,,,,0.0,19.5,3,10.51,4.26,,0.0,,8,,20260918
LPKFF,LPKF Laser & Electronics SE,Industrials,Specialty Industrial Machinery,PNK,14.0,43740,342951648,0.8543,16.48,14.85,-2.9019,,,,,0.0,15.75,4,33.69,6.19,-58.44,0.0,,8,,20260918
RTWFF,RTW Biotech Opportunities Ltd,Unknown,Unknown,PNK,2.45,1653,0,0.0149,2.47,2.19,-1.1149,15.91,9.49,34.03,20.91,0.0,62.0,3,2.68,1.56,-8.58,0.0,,8,,20260918
DSP,Viant Technology Inc.,Technology,Software - Application,NASDAQ,,256066,667806336,0.6212,,,,,,,,0.0,24.5,3,14.8,8.11,,0.0,,8,,20260918
RA,Brookfield Real Assets Income Fund Inc.,Financial Services,Asset Management,NYSE,12.03,170153,664713984,0.1122,12.5,12.3,-4.1727,,,,,0.0,29.0,4,13.59,11.82,-11.48,0.0,,8,,20260918
FWRG,"First Watch Restaurant Group, Inc.",Consumer Cyclical,Restaurants,NASDAQ,,1125645,623604160,0.5861,,,,,,,,0.0,19.5,3,18.82,9.97,,0.0,,8,,20260918
TBLD,Thornburg Income Builder Opportunities Trust,Financial Services,Asset Management,NASDAQ,20.74,52848,665378240,0.3694,21.82,21.03,-2.9172,,,,,0.0,59.0,3,23.02,19.48,-9.9,0.0,,8,,20260918
SLRC,SLR Investment Corp.,Financial Services,Asset Management,NASDAQ,,409117,668294272,0.1738,,,,,,,,0.0,18.25,3,16.36,11.97,,0.0,,8,,20260918
FDUS,Fidus Investment Corporation,Financial Services,Asset Management,NASDAQ,,387130,778310720,0.2019,,,,,,,,0.0,19.5,3,21.15,16.87,,0.0,,8,,20260918
QNST,"QuinStreet, Inc.",Communication Services,Advertising Agencies,NASDAQ,,864488,1011137344,0.7231,,,,,,,,0.0,23.25,3,22.29,10.29,,0.0,,8,,20260918
CAZGF,Catapult Sports Ltd,Technology,Scientific & Technical Instruments,PNK,2.13,4271,673027904,0.0744,2.44,2.51,-4.1668,-7.54,-31.48,-54.5,-34.7,0.0,25.0,4,5.19,1.94,-58.96,0.0,,8,,20260918
CYRX,"Cryoport, Inc.",Industrials,Integrated Freight & Logistics,NCM,,627870,849891904,0.5831,,,,,,,,0.0,27.0,3,17.2,7.61,,0.0,,8,,20260918
NLLSF,Nel ASA,Industrials,Specialty Industrial Machinery,PNK,0.18,4916,330847168,0.0136,0.19,0.24,-0.909,-30.17,-38.63,-37.1,-35.9,0.0,1.25,4,0.43,0.05,-57.75,0.0,,8,,20260918
ALRS,Alerus Financial Corporation,Financial Services,Banks - Regional,NCM,,217474,817124288,0.6146,,,,,,,,0.0,24.5,3,34.4,20.31,,0.0,,8,,20260918
PIAGF,Piaggio & C. SpA,Consumer Cyclical,Auto Manufacturers,PNK,2.17,375,763347008,0.027,2.17,2.06,-0.1481,,,,,0.0,63.25,3,2.5,1.8,-13.2,0.0,,8,,20260918
RSKD,Riskified Ltd.,Technology,Software - Application,NYSE,,1376354,833158080,0.2946,,,,,,,,0.0,23.25,3,6.98,3.7,,0.0,,8,,20260918
ALPIB,Alpine Banks of Colorado,Financial Services,Banks - Regional,OQX,49.19,2985,659612672,0.4319,49.47,45.99,-0.6597,4.95,-9.54,42.07,14.72,0.0,74.5,3,50.87,30.85,-3.3,0.0,,8,,20260918
DC,Dakota Gold Corp.,Basic Materials,Gold,NYSE,,1469819,815771776,0.2846,,,,,,,,0.0,20.75,3,7.25,3.79,,0.0,,8,,20260918
ASPI,ASP Isotopes Inc.,Basic Materials,Specialty Chemicals,NCM,,3914859,497488896,0.2338,,,,,,,,0.0,18.25,3,14.49,3.05,,0.0,,8,,20260918
IBCP,Independent Bank Corporation,Financial Services,Banks - Regional,NASDAQ,36.22,195593,746223872,0.6588,37.14,34.63,-1.4003,,,,,0.0,74.5,3,39.24,29.83,-7.7,0.0,,8,,20260918
PGGCY,Piaggio & C. SpA,Consumer Cyclical,Auto Manufacturers,PNK,9.38,3,824907200,0.0207,8.67,8.73,34.479,17.38,-8.79,-8.92,-2.3,0.0,75.0,3,9.38,7.94,0.0,0.0,,8,,20260918
ODD,Oddity Tech Ltd.,Consumer Defensive,Household & Personal Products,NASDAQ,,1286161,888820160,1.4815,,,,,,,,0.0,22.0,3,63.65,9.25,,0.0,,8,,20260918
SGP,"SpyGlass Pharma, Inc.",Healthcare,Biotechnology,NASDAQ,,122050,981029248,1.5238,,,,,,,,0.0,25.75,3,32.44,17.06,,0.0,,8,,20260918
YNGFF,Yangzijiang Financial Holding Ltd.,Financial Services,Asset Management,PNK,0.16,268,540305152,0.0014,0.16,0.24,-6.2705,-13.1,-56.67,-96.6,-61.75,0.0,0.0,4,0.95,0.14,-83.73,0.0,,8,,20260918
FISI,"Financial Institutions, Inc.",Financial Services,Banks - Regional,NASDAQ,,168932,802443008,0.7766,,,,,,,,0.0,23.25,3,42.97,25.61,,0.0,,8,,20260918
ARAAF,Aclara Resources Inc.,Basic Materials,Other Industrial Metals & Mining,OID,2.86,56090,709404672,0.1717,2.68,2.62,1.075,,,,,0.0,60.0,2,4.0,1.4,-28.5,0.0,,8,,20260918
HSTM,"HealthStream, Inc.",Healthcare,Health Information Services,NASDAQ,,201262,893094016,0.7269,,,,,,,,0.0,27.0,3,31.11,19.5,,0.0,,8,,20260918
CCD,Calamos Dynamic Convertible and Income Fund,Financial Services,Asset Management,NASDAQ,23.49,65117,672273472,0.4929,24.72,22.72,-2.4886,,,,,0.0,43.25,3,26.99,19.98,-12.97,0.0,,8,,20260918
BTBT,"Bit Digital, Inc.",Financial Services,Capital Markets,NCM,,28320503,551769280,0.1134,,,,,,,,0.0,23.25,3,4.55,1.18,,0.0,,8,,20260918
CSHR,CoinShares PLC,Financial Services,Capital Markets,NASDAQ,,212937,679985856,0.3592,,,,,,,,0.0,25.75,3,10.43,3.51,,0.0,,8,,20260918
HRTG,"Heritage Insurance Holdings, Inc.",Financial Services,Insurance - Property & Casualty,NYSE,,333237,1053122112,0.9545,,,,,,,,0.0,28.25,3,36.5,20.48,,0.0,,8,,20260918
CSV,"Carriage Services, Inc.",Consumer Cyclical,Personal Services,NYSE,,156511,491080608,0.7631,,,,,,,,0.0,18.25,3,52.1,30.84,,0.0,,8,,20260918
NTGR,"NETGEAR, Inc.",Technology,Communication Equipment,NASDAQ,,354225,622399552,0.67,,,,,,,,0.0,23.25,3,36.86,19.0,,0.0,,8,,20260918
LUOYF,Triumph New Energy Company Limited,Basic Materials,Building Materials,PNK,0.34,6,220239728,0.0032,0.42,0.52,-23.361,-26.18,-54.56,-56.91,-48.41,0.0,1.25,4,0.58,0.3,-41.55,0.0,,8,,20260918
CLNFF,Calian Group Ltd.,Industrials,Specialty Business Services,PNK,59.67,1159,687563776,0.8232,57.27,53.15,2.9195,,,,,0.0,51.25,2,68.02,33.53,-12.28,0.0,,8,,20260918
ALLO,"Allogene Therapeutics, Inc.",Healthcare,Biotechnology,NASDAQ,,7235030,597699200,0.0892,,,,,,,,0.0,18.25,3,4.46,1.04,,0.0,,8,,20260918
NABL,"N-able, Inc.",Technology,Information Technology Services,NYSE,,2374964,759400192,0.2346,,,,,,,,0.0,23.25,3,8.73,2.92,,0.0,,8,,20260918
PKE,Park Aerospace Corp.,Industrials,Aerospace & Defense,NYSE,,311859,663194432,1.1885,,,,,,,,0.0,19.5,3,39.86,18.25,,0.0,,8,,20260918
ZNOG,"Zion Oil & Gas, Inc.",Energy,Oil & Gas E&P,OQX,0.49,2003027,584022720,0.0332,0.43,0.39,1.9137,,,,,0.0,56.25,2,0.7,0.15,-30.0,0.0,,8,,20260918
CTO,"CTO Realty Growth, Inc.",Real Estate,REIT - Diversified,NYSE,,374708,764703296,0.2971,,,,,,,,0.0,18.25,3,22.71,15.07,,0.0,,8,,20260918
SLDP,"Solid Power, Inc.",Consumer Cyclical,Auto Parts,NASDAQ,,3604375,580721216,0.1074,,,,,,,,0.0,23.25,3,8.86,1.98,,0.0,,8,,20260918
SWBI,"Smith & Wesson Brands, Inc.",Industrials,Aerospace & Defense,NASDAQ,,683829,597712960,0.5185,,,,,,,,0.0,18.25,3,17.56,8.14,,0.0,,8,,20260918
VELO,"Velo3D, Inc.",Technology,Computer Hardware,NCM,,1987112,344960032,0.6248,,,,,,,,0.0,20.75,3,31.75,2.87,,0.0,,8,,20260918
GDRZF,Gold Reserve Ltd.,Basic Materials,Gold,OQX,4.88,158479,722572608,0.1506,4.7,4.06,1.2121,,,,,0.0,92.5,2,5.6,1.15,-12.86,0.0,,8,,20260918
DGTCF,Digital Core REIT,Real Estate,REIT - Specialty,PNK,0.48,2362,622092416,0.005,0.49,0.49,-1.0962,2.14,-11.6,-20.58,-11.76,0.0,50.25,1,0.59,0.45,-18.51,0.0,,8,,20260918
DSGN,"Design Therapeutics, Inc.",Healthcare,Biotechnology,NASDAQ,,710533,801670976,0.7255,,,,,,,,0.0,22.0,3,17.25,5.28,,0.0,,8,,20260918
BBOT,"BridgeBio Oncology Therapeutics, Inc.",Healthcare,Biotechnology,NASDAQ,,468669,392052128,0.664,,,,,,,,0.0,20.75,3,14.87,4.71,,0.0,,8,,20260918
MRLN,"Merlin, Inc.",Industrials,Aerospace & Defense,NASDAQ,,1740546,208199632,0.2879,,,,,,,,0.0,23.25,3,17.0,2.02,,0.0,,8,,20260918
ASGOF,Asante Gold Corporation,Basic Materials,Gold,OQX,0.71,84416,616208128,0.0329,0.66,0.94,1.8081,,,,,0.0,55.0,3,1.85,0.44,-61.44,0.0,,8,,20260918
EGHSF,Enghouse Systems Limited,Technology,Software - Application,PNK,12.35,25103,665676864,0.2458,11.94,12.36,1.6497,,,,,0.0,77.0,3,15.93,10.73,-22.47,0.0,,8,,20260918
FOXF,Fox Factory Holding Corp.,Consumer Cyclical,Auto Parts,NASDAQ,,557612,814560768,0.76,,,,,,,,0.0,19.5,3,26.57,13.08,,0.0,,8,,20260918
SKYH,Sky Harbour Group Corporation,Real Estate,Real Estate - Development,NYSE,,175764,823641728,0.2315,,,,,,,,0.0,19.5,3,11.7,8.22,,0.0,,8,,20260918
HIPO,Hippo Holdings Inc.,Financial Services,Insurance - Property & Casualty,NYSE,,179458,844460160,0.9685,,,,,,,,0.0,27.0,3,38.73,24.08,,0.0,,8,,20260918
TRNS,"Transcat, Inc.",Industrials,Specialty Business Services,NASDAQ,,131674,798204864,3.1338,,,,,,,,0.0,24.5,3,100.0,50.23,,0.0,,8,,20260918
INN,"Summit Hotel Properties, Inc.",Real Estate,REIT - Hotel & Motel,NYSE,,1107846,616921792,0.19,,,,,,,,0.0,20.75,3,7.17,3.98,,0.0,,8,,20260918
NTCPF,NorthIsle Copper and Gold Inc.,Basic Materials,Other Industrial Metals & Mining,OQX,3.21,430995,1069712768,0.1771,2.7,2.24,2.8786,,,,,0.0,87.5,2,3.41,0.93,-5.87,0.0,,8,,20260918
SHBI,"Shore Bancshares, Inc.",Financial Services,Banks - Regional,NASDAQ,,207096,772901888,0.4371,,,,,,,,0.0,24.5,3,24.89,14.93,,0.0,,8,,20260918
SOLTF,"Nxera Pharma Co., Ltd.",Healthcare,Biotechnology,PNK,7.64,61,698110912,0.1864,5.87,5.83,9.4717,,,,,0.0,76.25,2,8.06,4.9,-5.21,0.0,,8,,20260918
KRNT,Kornit Digital Ltd.,Industrials,Specialty Industrial Machinery,NASDAQ,,252135,660825344,0.5477,,,,,,,,0.0,20.75,3,19.78,11.93,,0.0,,8,,20260918
BOE,BlackRock Enhanced Global Dividend Trust,Financial Services,Asset Management,NYSE,12.25,97174,0,0.1489,12.13,11.45,0.8128,,,,,0.0,83.75,2,12.58,10.59,-2.62,0.0,,8,,20260918
PFN,PIMCO Income Strategy Fund II,Financial Services,Asset Management,NYSE,6.55,492946,647264448,0.0792,6.88,6.74,-4.1327,,,,,0.0,56.5,3,7.65,6.45,-14.38,0.0,,8,,20260918
VEL,"Velocity Financial, Inc.",Financial Services,Mortgage Finance,NYSE,,111472,634072192,0.465,,,,,,,,0.0,23.25,3,21.39,16.06,,0.0,,8,,20260918
SERV,Serve Robotics Inc.,Industrials,Integrated Freight & Logistics,NCM,,3965124,372842272,0.2192,,,,,,,,0.0,20.75,3,18.64,4.17,,0.0,,8,,20260918
AHRT,AH REALTY TRUST INC,Real Estate,REIT - Diversified,NYSE,,686759,597514304,0.1438,,,,,,,,0.0,19.5,3,7.64,5.13,,0.0,,8,,20260918
SVCTF,Senvest Capital Inc.,Financial Services,Asset Management,PNK,315.47,48,762403904,1.2536,300.47,274.79,11.9613,11.11,12.18,13.99,12.64,0.0,75.0,2,323.0,239.92,-2.33,0.0,,8,,20260918
SB,"Safe Bulkers, Inc.",Industrials,Marine Shipping,NYSE,,1047791,917519616,0.3123,,,,,,,,0.0,28.25,3,9.31,4.14,,0.0,,8,,20260918
HAYPY,Hays plc,Industrials,Staffing & Employment Services,PNK,4.5,0,706492032,0.0006,4.5,5.76,0.0,-0.75,-50.85,-59.17,-41.65,0.0,37.0,3,8.07,3.89,-44.23,0.0,,8,,20260918
YITJF,YIT Oyj,Industrials,Engineering & Construction,PNK,2.91,0,671391040,0.0005,2.91,4.98,0.0,-0.75,-68.58,-70.93,-52.56,0.0,37.0,3,6.55,2.91,-55.57,0.0,,8,,20260918
FEIM,"Frequency Electronics, Inc.",Technology,Communication Equipment,NASDAQ,,336898,944926912,4.21,,,,,,,,0.0,19.5,3,89.76,26.05,,0.0,,8,,20260918
RSVR,"Reservoir Media, Inc.",Communication Services,Entertainment,NASDAQ,,57917,615793152,0.3558,,,,,,,,0.0,20.75,3,13.39,7.07,,0.0,,8,,20260918
BLMN,"Bloomin' Brands, Inc.",Consumer Cyclical,Restaurants,NASDAQ,,2096993,689248448,0.46,,,,,,,,0.0,20.75,3,12.63,5.19,,0.0,,8,,20260918
AVNBF,Avon Technologies Plc,Industrials,Aerospace & Defense,PNK,24.0,3,706839552,0.0313,23.03,23.85,30.8776,5.97,-12.38,-19.59,-10.68,0.0,75.0,3,28.1,21.28,-14.59,0.0,,8,,20260918
EVER,"EverQuote, Inc.",Communication Services,Internet Content & Information,NASDAQ,,675483,806637888,1.0351,,,,,,,,0.0,24.5,3,28.73,13.88,,0.0,,8,,20260918
MRRDF,Meridian Mining Plc,Basic Materials,Other Industrial Metals & Mining,OQX,1.3,21066,667621056,0.0635,1.19,1.23,1.7755,,,,,0.0,87.5,3,1.56,0.71,-16.67,0.0,,8,,20260918
HSHP,Himalaya Shipping Ltd.,Industrials,Marine Shipping,NYSE,,347977,911796096,0.507,,,,,,,,0.0,29.5,3,19.49,7.37,,0.0,,8,,20260918
SVMB,"Jingbo Technology, Inc.",Technology,Software - Application,OID,1.0,90,555315392,0.0223,0.81,1.45,8.4363,-0.75,-57.45,-95.79,-58.61,0.0,25.0,3,5.11,0.66,-80.43,0.0,,8,,20260918
AXG,Solowin Holdings,Financial Services,Capital Markets,NCM,,197329,382345568,0.1731,,,,,,,,0.0,19.5,3,4.75,1.9,,0.0,,8,,20260918
BZH,"Beazer Homes USA, Inc.",Consumer Cyclical,Residential Construction,NYSE,,644859,889231936,0.0862,,,,,,,,0.0,19.5,3,34.54,17.83,,0.0,,8,,20260918
OIO,OIO Group,Industrials,Waste Management,NCM,,112688,727366208,0.262,,,,,,,,0.0,22.0,3,12.96,1.5,,0.0,,8,,20260918
ACP,Abrdn Income Credit Strategies Fund,Financial Services,Asset Management,NYSE,4.68,588483,587202752,0.089,4.99,4.97,-3.5134,,,,,0.0,22.0,4,5.93,4.5,-21.08,0.0,,8,,20260918
OFRM,"Once Upon A Farm, PBC",Consumer Defensive,Packaged Foods,NYSE,,500293,693685568,0.7423,,,,,,,,0.0,27.0,3,27.0,14.0,,0.0,,8,,20260918
NGVC,"Natural Grocers by Vitamin Cottage, Inc.",Consumer Defensive,Grocery Stores,NYSE,,142045,675704384,1.11,,,,,,,,0.0,27.0,3,41.14,23.47,,0.0,,8,,20260918
GSHRF,Gold X2 Mining Inc.,Unknown,Unknown,PNK,6.0,20162,584848192,0.4083,6.09,5.58,-0.2285,,,,,0.0,72.0,3,8.77,1.71,-31.55,0.0,,8,,20260918
RWTN,"Redwood Trust, Inc. 9.125% Seni",Unknown,Unknown,NYSE,24.17,5467,0,0.343,24.44,23.93,-0.8045,,,,,0.0,74.5,3,25.77,23.45,-6.24,0.0,,8,,20260918
RWT,"Redwood Trust, Inc.",Real Estate,REIT - Mortgage,NYSE,,4138635,494912992,0.1792,,,,,,,,0.0,23.25,3,6.97,3.22,,0.0,,8,,20260918
HOVVB,"Hovnanian Enterprises, Inc.",Consumer Cyclical,Residential Construction,PNK,110.0,0,655587904,0.0002,110.0,110.62,0.0,-0.75,-25.01,-10.59,-13.18,0.0,49.0,3,125.0,105.0,-12.0,0.0,,8,,20260918
HOV,"Hovnanian Enterprises, Inc.",Consumer Cyclical,Residential Construction,NYSE,,138016,694446336,4.1969,,,,,,,,0.0,23.25,3,150.9,91.52,,0.0,,8,,20260918
KRUS,"Kura Sushi USA, Inc.",Consumer Cyclical,Restaurants,NASDAQ,,260179,419412352,2.0554,,,,,,,,0.0,20.75,3,80.84,34.52,,0.0,,8,,20260918
WTI,"W&T Offshore, Inc.",Energy,Oil & Gas E&P,NYSE,,3952051,591696320,0.1931,,,,,,,,0.0,24.5,3,5.08,1.5,,0.0,,8,,20260918
DGICB,Donegal Group Inc.,Financial Services,Insurance - Property & Casualty,NASDAQ,,4801,775792960,0.3115,,,,,,,,0.0,13.25,3,29.99,14.87,,0.0,,8,,20260918
THSGF,Thesis Gold & Silver Inc.,Basic Materials,Other Industrial Metals & Mining,OQX,2.56,43064,753189824,0.0974,2.33,2.2,2.3478,,,,,0.0,83.75,2,2.88,1.04,-11.17,0.0,,8,,20260918
XNDU,Xanadu Quantum Technologies Limited,Technology,Software - Infrastructure,NASDAQ,,1616774,2331652608,0.5462,,,,,,,,0.0,18.25,3,42.44,6.97,,0.0,,8,,20260918
TIPT,Tiptree Inc.,Financial Services,Asset Management,NCM,,228224,653184256,0.3,,,,,,,,0.0,24.5,3,27.41,15.49,,0.0,,8,,20260918
