ticker,name,sector,industry,exchange,close,avg_volume_50d,market_cap,atr14,sma50,sma200,atr_extension,rs_3m,rs_6m,rs_12m,rs_score,rs_percentile,trend_strength,stage,52w_high,52w_low,pct_from_52w_high,rts_composite,rts_grade,rts_grade_rank,colour_band,run_date
NVDA,NVIDIA Corporation,Technology,Semiconductors,NASDAQ,,130678482,5296402989056,5.6261,,,,,,,,0.0,19.5,3,236.54,164.27,,0.0,,8,,20260918
GOOGL,Alphabet Inc.,Communication Services,Internet Content & Information,NASDAQ,,29843920,4247823319040,6.4169,,,,,,,,0.0,24.5,3,408.61,235.84,,0.0,,8,,20260918
GOOG,Alphabet Inc.,Communication Services,Internet Content & Information,NASDAQ,,19798322,4203184128000,6.1945,,,,,,,,0.0,24.5,3,404.47,236.69,,0.0,,8,,20260918
AAPL,Apple Inc.,Technology,Consumer Electronics,NASDAQ,,53710996,4918238773248,7.5492,,,,,,,,0.0,22.0,3,344.57,236.65,,0.0,,8,,20260918
MSFT,Microsoft Corporation,Technology,Software - Infrastructure,NASDAQ,,34667530,3696065511424,9.1615,,,,,,,,0.0,25.75,3,553.72,349.2,,0.0,,8,,20260918
AMZN,"Amazon.com, Inc.",Consumer Cyclical,Internet Retail,NASDAQ,,46784135,2709413953536,4.9692,,,,,,,,0.0,23.25,3,287.2,196.0,,0.0,,8,,20260918
AVGO,Broadcom Inc.,Technology,Semiconductors,NASDAQ,,23408743,1657881624576,8.6523,,,,,,,,0.0,19.5,3,495.0,289.96,,0.0,,8,,20260918
TSM,Taiwan Semiconductor Manufacturing Company Limited,Technology,Semiconductors,NYSE,,12723438,2231532257280,8.4025,,,,,,,,0.0,25.75,3,479.0,257.98,,0.0,,8,,20260918
TSLA,"Tesla, Inc.",Consumer Cyclical,Auto Manufacturers,NASDAQ,,39925624,1446324338688,12.2246,,,,,,,,0.0,24.5,3,498.83,297.38,,0.0,,8,,20260918
META,"Meta Platforms, Inc.",Communication Services,Internet Content & Information,NASDAQ,,18369927,1738188914688,18.19,,,,,,,,0.0,25.75,3,790.8,520.26,,0.0,,8,,20260918
LLY,Eli Lilly and Company,Healthcare,Drug Manufacturers - General,NYSE,,2713704,1027678404608,23.1361,,,,,,,,0.0,15.75,3,1292.65,712.05,,0.0,,8,,20260918
WMT,Walmart Inc.,Consumer Defensive,Discount Stores,NASDAQ,,24137362,849843257344,1.6631,,,,,,,,0.0,23.25,3,135.16,98.88,,0.0,,8,,20260918
MU,"Micron Technology, Inc.",Technology,Semiconductors,NASDAQ,,39816369,1103981838336,35.2369,,,,,,,,0.0,24.5,3,1255.0,154.65,,0.0,,8,,20260918
JPM,JPMorgan Chase & Co.,Financial Services,Banks - Diversified,NYSE,,7962017,928531021824,6.67,,,,,,,,0.0,20.75,3,366.5,279.1,,0.0,,8,,20260918
AMD,"Advanced Micro Devices, Inc.",Technology,Semiconductors,NASDAQ,,25085579,889845841920,16.8931,,,,,,,,0.0,25.75,3,584.73,149.85,,0.0,,8,,20260918
XOM,ExxonMobil Holdings Corporation,Energy,Oil & Gas Integrated,NYSE,,15065703,671351898112,3.4308,,,,,,,,0.0,24.5,3,176.41,110.39,,0.0,,8,,20260918
ASMLF,ASML Holding N.V.,Technology,Semiconductor Equipment & Materials,PNK,1616.29,7122,620817022976,56.0963,1722.74,1505.87,-1.8977,,,,,0.0,32.5,3,1991.64,916.66,-18.85,0.0,,8,,20260918
ASML,ASML Holding N.V.,Technology,Semiconductor Equipment & Materials,NASDAQ,,1653575,625956290560,38.717,,,,,,,,0.0,19.5,3,1999.96,916.03,,0.0,,8,,20260918
V,Visa Inc.,Financial Services,Credit Services,NYSE,,7527824,690676760576,5.0462,,,,,,,,0.0,25.75,3,385.57,293.89,,0.0,,8,,20260918
INTC,Intel Corporation,Technology,Semiconductors,NASDAQ,,108997530,575128272896,4.1338,,,,,,,,0.0,25.75,3,142.35,28.73,,0.0,,8,,20260918
JNJ,Johnson & Johnson,Healthcare,Drug Manufacturers - General,NYSE,,7540182,651202789376,4.7177,,,,,,,,0.0,24.5,3,281.07,173.33,,0.0,,8,,20260918
ORCL,Oracle Corporation,Technology,Software - Infrastructure,NYSE,,33224109,455344390144,6.7962,,,,,,,,0.0,20.75,3,329.5,114.5,,0.0,,8,,20260918
TCEHY,Tencent Holdings Limited,Communication Services,Internet Content & Information,PNK,54.47,3626196,490730258432,1.1979,57.79,64.17,-2.7725,,,,,0.0,11.25,4,87.68,52.84,-37.88,0.0,,8,,20260918
TCTZF,Tencent Holdings Limited,Communication Services,Internet Content & Information,PNK,54.56,11125,491541069824,2.1375,57.76,64.9,-1.4968,-5.37,-35.21,-49.7,-33.55,0.0,10.0,4,89.1,51.49,-38.77,0.0,,8,,20260918
CSCO,"Cisco Systems, Inc.",Technology,Communication Equipment,NASDAQ,,20962114,434630754304,2.2115,,,,,,,,0.0,20.75,3,130.37,66.81,,0.0,,8,,20260918
COST,Costco Wholesale Corporation,Consumer Defensive,Discount Stores,NASDAQ,,2195020,396439027712,12.7415,,,,,,,,0.0,18.25,3,1096.5,844.06,,0.0,,8,,20260918
MA,Mastercard Incorporated,Financial Services,Credit Services,NYSE,,3154412,495585067008,7.8131,,,,,,,,0.0,23.25,3,601.62,464.52,,0.0,,8,,20260918
CAT,Caterpillar Inc.,Industrials,Farm & Heavy Construction Machinery,NYSE,,3103801,367082569728,17.8215,,,,,,,,0.0,20.75,3,1073.46,448.87,,0.0,,8,,20260918
LRCX,Lam Research Corporation,Technology,Semiconductor Equipment & Materials,NASDAQ,,10788395,336993255424,10.5892,,,,,,,,0.0,18.25,3,438.5,125.0,,0.0,,8,,20260918
CVX,Chevron Corporation,Energy,Oil & Gas Integrated,NYSE,,8451314,415016419328,3.98,,,,,,,,0.0,23.25,3,217.78,146.49,,0.0,,8,,20260918
ABBV,AbbVie Inc.,Healthcare,Drug Manufacturers - General,NYSE,,6356038,466554290176,5.1138,,,,,,,,0.0,24.5,3,267.47,190.75,,0.0,,8,,20260918
NFLX,"Netflix, Inc.",Communication Services,Entertainment,NASDAQ,,39811987,313586286592,2.05,,,,,,,,0.0,23.25,3,124.86,65.08,,0.0,,8,,20260918
BACRP,Bank of America Corporation PFD SER B 7%,Unknown,Unknown,PNK,300.0,4,0,2.4638,246.25,222.55,21.8143,62.18,-11.81,9.97,15.4,0.0,76.25,2,302.0,181.0,-0.66,0.0,,8,,20260918
BAC,Bank of America Corporation,Financial Services,Banks - Diversified,NYSE,,33252675,406838116352,1.3833,,,,,,,,0.0,23.25,3,65.23,46.12,,0.0,,8,,20260918
IDCBY,Industrial and Commercial Bank of China Limited,Financial Services,Banks - Diversified,PNK,19.12,51629,445137059840,0.495,18.6,17.03,1.044,,,,,0.0,88.75,2,20.0,13.92,-4.4,0.0,,8,,20260918
IDCBF,Industrial and Commercial Bank of China Limited,Financial Services,Banks - Diversified,PNK,0.99,38146,461684506624,0.0117,0.92,0.85,5.6364,,,,,0.0,78.75,2,0.99,0.69,0.0,0.0,,8,,20260918
UNH,UnitedHealth Group Incorporated,Healthcare,Healthcare Plans,NYSE,,5245317,336786554880,10.0769,,,,,,,,0.0,23.25,3,461.62,255.97,,0.0,,8,,20260918
RHHBF,Roche Holding AG,Healthcare,Drug Manufacturers - General,OQX,428.24,85,341207023616,7.6586,440.45,430.41,-1.5937,1.99,-12.01,12.36,1.24,0.0,51.5,3,514.08,301.27,-16.7,0.0,,8,,20260918
KO,The Coca-Cola Company,Consumer Defensive,Beverages - Non-Alcoholic,NYSE,,17102724,378882457600,1.138,,,,,,,,0.0,22.0,3,92.49,65.35,,0.0,,8,,20260918
AMAT,"Applied Materials, Inc.",Technology,Semiconductor Equipment & Materials,NASDAQ,,8730146,331247550464,13.2608,,,,,,,,0.0,23.25,3,739.67,183.83,,0.0,,8,,20260918
RHHBY,Roche Holding AG,Healthcare,Drug Manufacturers - General,OQX,54.6,2042317,348027322368,1.188,54.6,52.35,-0.003,,,,,0.0,69.5,3,60.85,39.5,-10.27,0.0,,8,,20260918
RHHVF,Roche Holding AG,Healthcare,Drug Manufacturers - General,OQX,423.16,4925,337159454720,19.5481,437.58,423.04,-0.7374,3.94,-15.24,12.7,0.73,0.0,74.5,3,490.33,314.15,-13.7,0.0,,8,,20260918
PG,The Procter & Gamble Company,Consumer Defensive,Household & Personal Products,NYSE,,9141393,342710321152,2.1708,,,,,,,,0.0,24.5,3,167.25,137.62,,0.0,,8,,20260918
PLTR,Palantir Technologies Inc.,Technology,Software - Infrastructure,NASDAQ,,39862098,423515029504,6.6812,,,,,,,,0.0,23.25,3,207.52,106.37,,0.0,,8,,20260918
ACGBY,Agricultural Bank of China Limited,Financial Services,Banks - Diversified,PNK,20.05,28214,280686362624,0.6259,19.32,18.1,1.1727,,,,,0.0,83.75,2,21.13,15.85,-5.11,0.0,,8,,20260918
ARM,Arm Holdings plc,Technology,Semiconductors,NASDAQ,,5863056,282912817152,11.0133,,,,,,,,0.0,28.25,3,452.7,100.02,,0.0,,8,,20260918
ACGBF,Agricultural Bank of China Limited,Financial Services,Banks - Diversified,PNK,0.8,790,279986438144,0.0015,0.75,0.71,32.4592,7.35,9.54,-7.32,2.25,0.0,75.0,2,0.82,0.62,-2.44,0.0,,8,,20260918
HSBC,HSBC Holdings plc,Financial Services,Banks - Diversified,NYSE,,1266162,352090456064,1.2746,,,,,,,,0.0,22.0,3,107.92,64.65,,0.0,,8,,20260918
MS,Morgan Stanley,Financial Services,Capital Markets,NYSE,,5260422,319641649152,5.1469,,,,,,,,0.0,22.0,3,232.25,151.84,,0.0,,8,,20260918
CICHF,China Construction Bank Corporation,Financial Services,Banks - Diversified,PNK,1.18,79782,308688420864,0.0732,1.13,1.04,0.626,14.93,4.92,9.87,9.4,0.0,81.25,2,1.31,0.89,-9.92,0.0,,8,,20260918
GE,GE Aerospace,Industrials,Aerospace & Defense,NYSE,,4123208,325244715008,7.3792,,,,,,,,0.0,22.0,3,388.84,268.91,,0.0,,8,,20260918
BABAF,Alibaba Group Holding Limited,Consumer Cyclical,Internet Retail,PNK,13.45,101277,267512758272,1.6889,14.77,16.88,-0.7775,-2.91,-33.87,-47.84,-31.72,0.0,38.75,4,23.99,10.98,-43.92,0.0,,8,,20260918
HD,"The Home Depot, Inc.",Consumer Cyclical,Home Improvement Retail,NYSE,,4128738,301811105792,5.3302,,,,,,,,0.0,15.75,3,421.39,289.1,,0.0,,8,,20260918
HBCYF,HSBC Holdings plc,Financial Services,Banks - Diversified,PNK,20.13,13977,344592580608,0.8225,20.06,17.57,0.0824,10.09,12.1,35.61,21.0,0.0,81.25,2,22.07,12.45,-8.79,0.0,,8,,20260918
BABA,Alibaba Group Holding Limited,Consumer Cyclical,Internet Retail,NYSE,,12043940,269789577216,2.0729,,,,,,,,0.0,24.5,3,192.67,91.99,,0.0,,8,,20260918
MRK,"Merck & Co., Inc.",Healthcare,Drug Manufacturers - General,NYSE,,10154633,363044274176,2.7422,,,,,,,,0.0,22.0,3,156.92,77.58,,0.0,,8,,20260918
CICHY,China Construction Bank Corporation,Financial Services,Banks - Diversified,PNK,24.7,72566,323076489216,0.491,23.02,21.02,3.4162,,,,,0.0,91.25,2,25.44,18.21,-2.91,0.0,,8,,20260918
PCCYF,PetroChina Company Limited,Energy,Oil & Gas Integrated,PNK,1.22,34122,300567003136,0.0771,1.24,1.24,-0.3215,,,,,0.0,59.0,3,1.59,0.89,-23.27,0.0,,8,,20260918
PM,Philip Morris International Inc.,Consumer Defensive,Tobacco,NYSE,,4820658,296884666368,4.1108,,,,,,,,0.0,23.25,3,207.76,142.11,,0.0,,8,,20260918
GS,"The Goldman Sachs Group, Inc.",Financial Services,Capital Markets,NYSE,,2005941,277040824320,25.5459,,,,,,,,0.0,19.5,3,1153.99,740.01,,0.0,,8,,20260918
AZN,AstraZeneca PLC,Healthcare,Drug Manufacturers - General,NYSE,,3312520,257665843200,3.0292,,,,,,,,0.0,19.5,3,212.71,145.8,,0.0,,8,,20260918
CYATY,"Contemporary Amperex Technology Co., Limited",Industrials,Electrical Equipment & Parts,PNK,16.15,299372,298919329792,0.6463,19.33,16.15,-4.9182,,,,,0.0,32.5,3,25.83,15.74,-37.48,0.0,,8,,20260918
CTATF,"Contemporary Amperex Technology Co., Limited",Industrials,Electrical Equipment & Parts,PNK,64.5,4682,298456612864,2.1631,64.5,64.5,0.0,,,,,0.0,72.0,3,83.97,63.0,-23.18,0.0,,8,,20260918
TXN,Texas Instruments Incorporated,Technology,Semiconductors,NASDAQ,,7596512,235745771520,7.2485,,,,,,,,0.0,23.25,3,334.03,152.73,,0.0,,8,,20260918
GEV,GE Vernova Inc.,Industrials,Specialty Industrial Machinery,NYSE,,2554291,246339928064,30.8082,,,,,,,,0.0,22.0,3,1195.94,530.16,,0.0,,8,,20260918
NVS,Novartis AG,Healthcare,Drug Manufacturers - General,NYSE,,2095508,267848744960,2.3808,,,,,,,,0.0,18.25,3,170.46,121.57,,0.0,,8,,20260918
LVMUY,"LVMH Moët Hennessy - Louis Vuitton, Société Européenne",Consumer Cyclical,Luxury Goods,PNK,94.14,434604,232038727680,2.1248,105.57,117.43,-5.3771,,,,,0.0,10.0,4,152.95,93.39,-38.45,0.0,,8,,20260918
LVMHF,"LVMH Moët Hennessy - Louis Vuitton, Société Européenne",Consumer Cyclical,Luxury Goods,PNK,471.55,3554,232457748480,12.3145,528.84,587.5,-4.6518,,,,,0.0,6.25,4,766.9,466.55,-38.51,0.0,,8,,20260918
NVSEF,Novartis AG,Healthcare,Drug Manufacturers - General,PNK,142.06,8716,270015545344,4.838,153.82,149.04,-2.4298,-4.16,-18.84,0.53,-7.42,0.0,42.0,3,171.29,118.02,-17.06,0.0,,8,,20260918
RY,Royal Bank of Canada,Financial Services,Banks - Diversified,NYSE,,1433495,281828392960,2.9815,,,,,,,,0.0,19.5,3,218.57,143.13,,0.0,,8,,20260918
NSRGY,Nestlé S.A.,Consumer Defensive,Packaged Foods,OID,94.79,376800,243820724224,1.582,99.31,97.58,-2.8601,,,,,0.0,32.75,4,109.59,88.47,-13.5,0.0,,8,,20260918
BACHF,Bank of China Limited,Financial Services,Banks - Diversified,PNK,0.77,3483,248103534592,0.0068,0.7,0.64,10.9032,14.17,19.75,17.4,17.42,0.0,76.25,2,0.77,0.5,-0.0,0.0,,8,,20260918
BACHY,Bank of China Limited,Financial Services,Banks - Diversified,PNK,19.04,52998,245396979712,0.4948,17.43,15.61,3.254,,,,,0.0,86.25,2,19.6,12.95,-2.86,0.0,,8,,20260918
TOYOF,Toyota Motor Corporation,Consumer Cyclical,Auto Manufacturers,PNK,19.4,51288,229731581952,0.8436,18.82,20.29,0.6922,,,,,0.0,72.0,3,25.0,16.0,-22.4,0.0,,8,,20260918
NSRGF,Nestlé S.A.,Consumer Defensive,Packaged Foods,OID,95.5,9720,245646999552,3.5192,98.65,97.04,-0.8948,,,,,0.0,36.5,4,109.37,87.56,-12.68,0.0,,8,,20260918
QCOM,QUALCOMM Incorporated,Technology,Semiconductors,NASDAQ,,14250382,201553707008,7.5957,,,,,,,,0.0,25.75,3,259.92,121.99,,0.0,,8,,20260918
KLAC,KLA Corporation,Technology,Semiconductor Equipment & Materials,NASDAQ,,11900533,220780281856,6.6523,,,,,,,,0.0,22.0,3,307.37,98.1,,0.0,,8,,20260918
RYDAF,Shell plc,Energy,Oil & Gas Integrated,PNK,48.0,6495,274327273472,1.6532,44.5,41.32,2.1169,16.76,-7.32,22.47,10.62,0.0,85.0,2,49.09,33.55,-2.22,0.0,,8,,20260918
TM,Toyota Motor Corporation,Consumer Cyclical,Auto Manufacturers,NYSE,,413158,229625004032,2.4354,,,,,,,,0.0,22.0,3,248.9,166.1,,0.0,,8,,20260918
SFTBY,SoftBank Group Corp.,Communication Services,Telecom Services,PNK,21.15,4382419,241064460288,1.2833,17.63,16.22,2.7418,,,,,0.0,62.5,2,28.97,10.55,-26.99,0.0,,8,,20260918
SFTBF,SoftBank Group Corp.,Communication Services,Telecom Services,PNK,41.2,15066,234795646976,2.9398,35.24,40.36,2.0287,-6.56,68.66,-81.64,-10.27,0.0,60.0,3,180.0,20.8,-77.11,0.0,,8,,20260918
SHEL,Shell plc,Energy,Oil & Gas Integrated,NYSE,95.82,6412838,273812897792,1.633,90.06,82.77,3.5298,,,,,0.0,83.75,2,99.16,68.62,-3.36,0.0,,8,,20260918
LIN,Linde plc,Basic Materials,Specialty Chemicals,NASDAQ,,2128490,211350192128,6.4554,,,,,,,,0.0,23.25,3,548.2,387.78,,0.0,,8,,20260918
IBM,International Business Machines Corporation,Technology,Information Technology Services,NYSE,,8849862,223992446976,6.0754,,,,,,,,0.0,25.75,3,332.46,199.19,,0.0,,8,,20260918
RTX,RTX Corporation,Industrials,Aerospace & Defense,NYSE,,4610662,260845092864,3.6462,,,,,,,,0.0,19.5,3,226.88,155.64,,0.0,,8,,20260918
SIEGY,Siemens Aktiengesellschaft,Industrials,Specialty Industrial Machinery,PNK,152.75,145720,238370717696,3.2177,158.48,147.85,-1.782,,,,,0.0,69.5,3,169.47,115.56,-9.87,0.0,,8,,20260918
WFC,Wells Fargo & Company,Financial Services,Banks - Diversified,NYSE,,14566129,262755287040,2.1754,,,,,,,,0.0,23.25,3,97.76,72.78,,0.0,,8,,20260918
SMAWF,Siemens Aktiengesellschaft,Industrials,Specialty Industrial Machinery,PNK,306.5,1637,239150972928,12.0919,315.19,294.87,-0.7186,,,,,0.0,67.0,3,346.55,228.25,-11.56,0.0,,8,,20260918
LRLCY,L'Oréal S.A.,Consumer Defensive,Household & Personal Products,PNK,87.06,206285,231862468608,1.5886,88.12,86.38,-0.6691,,,,,0.0,73.25,3,95.48,78.82,-8.82,0.0,,8,,20260918
LRLCF,L'Oréal S.A.,Consumer Defensive,Household & Personal Products,PNK,444.25,1233,236629688320,22.787,437.57,431.77,0.2933,0.66,-0.91,-18.7,-7.63,0.0,53.75,2,485.61,380.4,-8.52,0.0,,8,,20260918
SNDK,Sandisk Corporation,Technology,Computer Hardware,NASDAQ,,13837979,236377391104,86.6209,,,,,,,,0.0,24.5,3,2354.39,93.53,,0.0,,8,,20260918
MUFG,"Mitsubishi UFJ Financial Group, Inc.",Financial Services,Banks - Diversified,NYSE,,3120291,264510472192,0.3123,,,,,,,,0.0,19.5,3,24.26,14.62,,0.0,,8,,20260918
BHP,BHP Group Limited,Basic Materials,Other Industrial Metals & Mining,NYSE,,2589372,219990228992,1.8998,,,,,,,,0.0,20.75,3,98.71,51.83,,0.0,,8,,20260918
C,Citigroup Inc.,Financial Services,Banks - Diversified,NYSE,,11153862,222595858432,3.5992,,,,,,,,0.0,24.5,3,147.96,93.66,,0.0,,8,,20260918
KXHCF,Kioxia Holdings Corporation,Technology,Semiconductors,PNK,339.0,653,180519190528,11.3929,339.0,339.0,0.0,,,,,0.0,63.79,3,385.25,310.0,-12.01,0.0,,8,,20260918
BHPLF,BHP Group Limited,Basic Materials,Other Industrial Metals & Mining,PNK,43.25,98950,219837743104,0.5863,42.74,37.12,0.8625,-3.67,14.34,59.4,27.86,0.0,78.75,2,48.56,23.93,-10.93,0.0,,8,,20260918
AXP,American Express Company,Financial Services,Credit Services,NYSE,,2825187,210136170496,5.3046,,,,,,,,0.0,19.5,3,387.49,290.97,,0.0,,8,,20260918
PANW,"Palo Alto Networks, Inc.",Technology,Software - Infrastructure,NASDAQ,,6623638,306799083520,17.2531,,,,,,,,0.0,24.5,3,398.88,139.57,,0.0,,8,,20260918
MBFJF,"Mitsubishi UFJ Financial Group, Inc.",Financial Services,Banks - Diversified,PNK,22.84,112388,257081671680,1.6143,22.39,19.13,0.2764,11.48,23.76,33.69,24.66,0.0,83.75,2,25.7,13.73,-11.13,0.0,,8,,20260918
TMUS,"T-Mobile US, Inc.",Communication Services,Telecom Services,NASDAQ,,4913229,178546180096,4.6977,,,,,,,,0.0,23.25,3,242.37,165.66,,0.0,,8,,20260918
SAPGF,SAP SE,Technology,Software - Application,PNK,213.35,91858,246249488384,6.0166,194.31,195.03,3.1645,,,,,0.0,87.5,3,280.75,145.25,-24.01,0.0,,8,,20260918
SAP,SAP SE,Technology,Software - Application,NYSE,,2749295,246607298560,4.7277,,,,,,,,0.0,28.25,3,281.37,144.97,,0.0,,8,,20260918
PEP,"PepsiCo, Inc.",Consumer Defensive,Beverages - Non-Alcoholic,NASDAQ,,8263237,182579560448,1.8352,,,,,,,,0.0,18.25,3,171.48,132.93,,0.0,,8,,20260918
TTE,TotalEnergies SE,Energy,Oil & Gas Integrated,NYSE,,1646466,202325508096,1.3592,,,,,,,,0.0,23.25,3,94.17,57.39,,0.0,,8,,20260918
VZ,Verizon Communications Inc.,Communication Services,Telecom Services,NYSE,,25753404,200800305152,0.8646,,,,,,,,0.0,22.0,3,51.68,38.39,,0.0,,8,,20260918
MCD,McDonald's Corporation,Consumer Cyclical,Restaurants,NYSE,,4655279,175834759168,3.739,,,,,,,,0.0,19.5,3,341.75,247.83,,0.0,,8,,20260918
NVO,Novo Nordisk A/S,Healthcare,Drug Manufacturers - General,NYSE,,11482185,190808014848,0.8846,,,,,,,,0.0,19.5,3,64.16,35.12,,0.0,,8,,20260918
ABLZF,ABB Ltd,Industrials,Electrical Equipment & Parts,PNK,93.34,5396,169063366656,2.223,98.45,91.46,-2.3006,-12.55,-3.27,14.96,1.7,0.0,32.5,3,110.87,66.25,-15.81,0.0,,8,,20260918
CMWAY,Commonwealth Bank of Australia,Financial Services,Banks - Diversified,PNK,110.22,55650,184269176832,2.653,116.44,114.0,-2.3444,,,,,0.0,49.5,3,136.85,96.94,-19.46,0.0,,8,,20260918
KXIAY,Kioxia Holdings Corporation,Technology,Semiconductors,PNK,33.69,2253138,179400916992,2.2985,34.33,25.34,-0.2799,,,,,0.0,49.5,3,70.95,4.12,-52.52,0.0,,8,,20260918
HESAF,Hermès International Société en commandite par actions,Consumer Cyclical,Luxury Goods,PNK,1598.49,622,167428292608,46.1133,1795.94,2072.66,-4.282,,,,,0.0,7.5,4,2693.9,1534.5,-40.66,0.0,,8,,20260918
HESAY,Hermès International Société en commandite par actions,Consumer Cyclical,Luxury Goods,PNK,157.36,94946,164821286912,3.7786,180.39,206.79,-6.0956,,,,,0.0,5.0,4,265.89,157.12,-40.82,0.0,,8,,20260918
NONOF,Novo Nordisk A/S,Healthcare,Drug Manufacturers - General,PNK,41.56,69554,183606886400,2.3466,46.86,45.33,-2.2566,-6.0,-1.34,-38.62,-17.42,0.0,25.75,4,64.75,34.0,-35.81,0.0,,8,,20260918
ANET,"Arista Networks, Inc.",Technology,Computer Hardware,NYSE,,7165458,251652161536,6.0568,,,,,,,,0.0,23.25,3,214.89,114.52,,0.0,,8,,20260918
ADI,"Analog Devices, Inc.",Technology,Semiconductors,NASDAQ,,4212716,175727673344,8.4716,,,,,,,,0.0,20.75,3,445.91,223.47,,0.0,,8,,20260918
DELL,Dell Technologies Inc.,Technology,Computer Hardware,NYSE,,7805466,374112223232,33.0177,,,,,,,,0.0,25.75,3,593.98,110.22,,0.0,,8,,20260918
ABBNY,ABB Ltd,Industrials,Electrical Equipment & Parts,PNK,96.33,349561,174479048704,2.2572,98.71,91.66,-1.0563,,,,,0.0,43.25,3,110.2,67.24,-12.59,0.0,,8,,20260918
TD,The Toronto-Dominion Bank,Financial Services,Banks - Diversified,NYSE,,2437538,199587020800,1.9685,,,,,,,,0.0,24.5,3,125.47,77.26,,0.0,,8,,20260918
BCDRF,"Banco Santander, S.A.",Financial Services,Banks - Diversified,PNK,15.22,548270,220909256704,0.8257,14.31,12.63,1.1043,,,,,0.0,80.0,2,15.65,9.46,-2.75,0.0,,8,,20260918
NEE,"NextEra Energy, Inc.",Utilities,Utilities - Regulated Electric,NYSE,,11087341,169548316672,1.2808,,,,,,,,0.0,22.0,3,98.75,69.37,,0.0,,8,,20260918
IDEXY,"Industria de Diseño Textil, S.A.",Consumer Cyclical,Apparel Retail,PNK,15.0,393103,186900561920,0.2684,16.18,15.69,-4.4015,,,,,0.0,39.5,3,17.34,12.88,-13.49,0.0,,8,,20260918
AMGN,Amgen Inc.,Healthcare,Drug Manufacturers - General,NASDAQ,,2627506,205321224192,8.4062,,,,,,,,0.0,20.75,3,447.03,269.77,,0.0,,8,,20260918
IDEXF,"Industria de Diseño Textil, S.A.",Consumer Cyclical,Apparel Retail,PNK,59.59,3633,185623396352,1.8874,64.65,62.84,-2.6824,-7.43,-13.57,-3.55,-8.03,0.0,44.5,3,69.64,51.46,-14.43,0.0,,8,,20260918
RTNTF,Rio Tinto Group,Basic Materials,Other Industrial Metals & Mining,PNK,115.82,151,188232237056,1.8276,119.72,114.71,-2.1339,-11.37,-10.09,41.22,10.12,0.0,62.0,3,133.85,75.6,-13.47,0.0,,8,,20260918
STX,Seagate Technology Holdings plc,Technology,Computer Hardware,NASDAQ,,4748974,182626140160,40.8269,,,,,,,,0.0,25.75,3,1145.0,209.0,,0.0,,8,,20260918
RTPPF,Rio Tinto Group,Basic Materials,Other Industrial Metals & Mining,PNK,97.5,487,158570037248,1.379,94.9,90.77,1.885,-2.21,0.79,48.87,19.27,0.0,77.5,2,112.0,61.65,-12.95,0.0,,8,,20260918
RIO,Rio Tinto Group,Basic Materials,Other Industrial Metals & Mining,NYSE,,2481053,159448285184,1.7915,,,,,,,,0.0,20.75,3,112.58,61.72,,0.0,,8,,20260918
DIS,The Walt Disney Company,Communication Services,Entertainment,NYSE,,10262664,181906456576,2.0169,,,,,,,,0.0,24.5,3,117.09,92.19,,0.0,,8,,20260918
SBGSF,Schneider Electric S.E.,Industrials,Specialty Industrial Machinery,PNK,335.0,1219,188705898496,17.1699,331.37,305.33,0.2112,,,,,0.0,85.0,2,369.74,254.34,-9.4,0.0,,8,,20260918
SAN,"Banco Santander, S.A.",Financial Services,Banks - Diversified,NYSE,,12468095,215103488000,0.1969,,,,,,,,0.0,23.25,3,15.05,9.62,,0.0,,8,,20260918
SBGSY,Schneider Electric S.E.,Industrials,Specialty Industrial Machinery,PNK,65.67,279593,184959959040,1.7171,65.89,60.71,-0.1273,,,,,0.0,68.25,3,71.98,50.61,-8.77,0.0,,8,,20260918
T,AT&T Inc.,Communication Services,Telecom Services,NYSE,,59491869,173982072832,0.5592,,,,,,,,0.0,27.0,3,29.47,19.89,,0.0,,8,,20260918
TJX,"The TJX Companies, Inc.",Consumer Cyclical,Apparel Retail,NYSE,,6578114,139201708032,2.3162,,,,,,,,0.0,17.0,3,170.0,122.78,,0.0,,8,,20260918
BLK,"BlackRock, Inc.",Financial Services,Asset Management,NYSE,,721140,171243405312,22.3107,,,,,,,,0.0,19.5,3,1219.94,917.39,,0.0,,8,,20260918
SMERY,Siemens Energy AG,Industrials,Specialty Industrial Machinery,OQX,32.37,758903,137709830144,1.32,34.38,35.15,-1.5236,,,,,0.0,19.5,4,44.64,21.93,-27.49,0.0,,8,,20260918
BA,The Boeing Company,Industrials,Aerospace & Defense,NYSE,,5606366,155702902784,4.8469,,,,,,,,0.0,19.5,3,254.35,176.77,,0.0,,8,,20260918
MRVL,"Marvell Technology, Inc.",Technology,Semiconductors,NASDAQ,,29414887,216372117504,10.3515,,,,,,,,0.0,28.25,3,329.88,70.69,,0.0,,8,,20260918
SMEGF,Siemens Energy AG,Industrials,Specialty Industrial Machinery,OQX,164.0,6517,139539169280,9.7035,172.23,176.45,-0.8477,,,,,0.0,31.5,4,223.95,108.0,-26.77,0.0,,8,,20260918
ALIZF,Allianz SE,Financial Services,Insurance - Diversified,PNK,513.5,451,194763505664,20.6312,500.72,445.89,0.6196,,,,,0.0,85.0,2,545.5,395.0,-5.87,0.0,,8,,20260918
ALIZY,Allianz SE,Financial Services,Insurance - Diversified,PNK,51.76,245924,196318560256,0.5895,50.3,44.71,2.4784,,,,,0.0,80.0,2,52.82,39.44,-2.01,0.0,,8,,20260918
CRWD,"CrowdStrike Holdings, Inc.",Technology,Software - Infrastructure,NASDAQ,,10155669,251580792832,12.1699,,,,,,,,0.0,27.0,3,250.32,85.68,,0.0,,8,,20260918
DTEGF,Deutsche Telekom AG,Communication Services,Telecom Services,OQX,32.53,14535,157380870144,0.9152,32.22,33.59,0.3357,0.43,-27.0,-24.19,-19.02,0.0,73.25,3,41.29,26.65,-21.22,0.0,,8,,20260918
GLW,Corning Incorporated,Technology,Electronic Components,NYSE,,13211966,127313199104,5.9501,,,,,,,,0.0,23.25,3,271.78,77.05,,0.0,,8,,20260918
WDC,Western Digital Corporation,Technology,Computer Hardware,NASDAQ,,8071238,152822480896,21.3038,,,,,,,,0.0,22.0,3,799.87,102.0,,0.0,,8,,20260918
GILD,"Gilead Sciences, Inc.",Healthcare,Drug Manufacturers - General,NASDAQ,,6705153,187096842240,3.113,,,,,,,,0.0,28.25,3,157.29,108.46,,0.0,,8,,20260918
TMO,Thermo Fisher Scientific Inc.,Healthcare,Diagnostics & Research,NYSE,,2038324,243412041728,14.38,,,,,,,,0.0,28.25,3,663.57,435.27,,0.0,,8,,20260918
BUDFF,Anheuser-Busch InBev SA/NV,Consumer Defensive,Beverages - Brewers,PNK,79.61,24958,156772188160,0.7154,80.17,75.17,-0.7793,-3.07,-3.6,20.88,6.32,0.0,39.5,3,86.78,58.59,-8.25,0.0,,8,,20260918
BUD,Anheuser-Busch InBev SA/NV,Consumer Defensive,Beverages - Brewers,NYSE,,2175827,155108278272,1.1262,,,,,,,,0.0,22.0,3,86.6,58.33,,0.0,,8,,20260918
DTEGY,Deutsche Telekom AG,Communication Services,Telecom Services,OQX,32.44,675298,156945448960,0.6481,32.22,32.94,0.3351,,,,,0.0,74.5,3,40.58,26.9,-20.06,0.0,,8,,20260918
APH,Amphenol Corporation,Technology,Electronic Components,NYSE,,13466075,193257832448,2.3642,,,,,,,,0.0,24.5,3,89.26,59.01,,0.0,,8,,20260918
APP,AppLovin Corporation,Communication Services,Advertising Agencies,NASDAQ,,5891285,108038152192,14.7042,,,,,,,,0.0,25.75,3,745.61,297.5,,0.0,,8,,20260918
UNP,Union Pacific Corporation,Industrials,Railroads,NYSE,,2670809,167814463488,5.4876,,,,,,,,0.0,24.5,3,315.99,215.53,,0.0,,8,,20260918
SCHW,The Charles Schwab Corporation,Financial Services,Capital Markets,NYSE,,8656279,180940390400,2.0762,,,,,,,,0.0,22.0,3,114.53,83.96,,0.0,,8,,20260918
EADSF,Airbus SE,Industrials,Aerospace & Defense,PNK,225.0,3038,178083119104,7.5533,234.0,218.51,-1.191,,,,,0.0,68.25,3,259.0,180.0,-13.13,0.0,,8,,20260918
FRCOF,"Fast Retailing Co., Ltd.",Consumer Cyclical,Apparel Retail,PNK,427.0,348,131025379328,32.7539,471.16,440.28,-1.3484,-16.97,-4.93,20.4,2.19,0.0,23.25,4,566.34,288.85,-24.6,0.0,,8,,20260918
ISRG,"Intuitive Surgical, Inc.",Healthcare,Medical Instruments & Supplies,NASDAQ,,3064540,137413967872,10.7631,,,,,,,,0.0,25.75,3,603.88,328.57,,0.0,,8,,20260918
EADSY,Airbus SE,Industrials,Aerospace & Defense,PNK,55.95,430937,177133338624,1.0078,58.49,54.53,-2.5176,,,,,0.0,68.25,3,64.35,45.01,-13.05,0.0,,8,,20260918
IBDSF,"Iberdrola, S.A.",Utilities,Utilities - Diversified,OID,23.49,8987,156752101376,0.4967,23.71,23.03,-0.4353,,,,,0.0,49.5,3,25.33,18.11,-7.26,0.0,,8,,20260918
WELL,Welltower Inc.,Real Estate,REIT - Healthcare Facilities,NYSE,,3014375,167360053248,4.9992,,,,,,,,0.0,23.25,3,255.2,163.75,,0.0,,8,,20260918
ABT,Abbott Laboratories,Healthcare,Medical Devices,NYSE,,10599904,176897097728,2.6131,,,,,,,,0.0,22.0,3,137.49,81.97,,0.0,,8,,20260918
ETN,Eaton Corporation plc,Industrials,Specialty Industrial Machinery,NYSE,,2200903,159034261504,11.3085,,,,,,,,0.0,19.5,3,478.0,311.92,,0.0,,8,,20260918
IBDRY,"Iberdrola, S.A.",Utilities,Utilities - Diversified,OID,94.22,70896,157185851392,1.2013,94.49,91.85,-0.2277,,,,,0.0,49.5,3,100.64,72.48,-6.38,0.0,,8,,20260918
SCCO,Southern Copper Corporation,Basic Materials,Copper,NYSE,,1201195,165584240640,7.2323,,,,,,,,0.0,20.75,3,220.78,101.2,,0.0,,8,,20260918
PIAIF,"Ping An Insurance (Group) Company of China, Ltd.",Financial Services,Insurance - Life,PNK,6.75,6096,122226581504,0.0852,6.98,7.72,-2.7506,-2.76,-22.96,-20.34,-16.86,0.0,37.0,4,9.81,5.95,-31.19,0.0,,8,,20260918
FRCOY,"Fast Retailing Co., Ltd.",Consumer Cyclical,Apparel Retail,PNK,43.49,160956,133449515008,1.1285,47.18,44.26,-3.274,,,,,0.0,27.0,4,55.65,29.25,-21.85,0.0,,8,,20260918
PFE,Pfizer Inc.,Healthcare,Drug Manufacturers - General,NYSE,,41720345,157538975744,0.4808,,,,,,,,0.0,19.5,3,29.21,23.58,,0.0,,8,,20260918
CRM,"Salesforce, Inc.",Technology,Software - Application,NYSE,,14841474,199865548800,8.5669,,,,,,,,0.0,25.75,3,269.11,146.32,,0.0,,8,,20260918
SMFNF,"Sumitomo Mitsui Financial Group, Inc.",Financial Services,Banks - Diversified,PNK,45.45,40201,172687736832,2.7635,43.27,37.65,0.7888,10.64,25.01,50.05,31.43,0.0,85.0,2,47.5,24.69,-4.32,0.0,,8,,20260918
COP,ConocoPhillips,Energy,Oil & Gas E&P,NYSE,,6950767,160006144000,3.2446,,,,,,,,0.0,22.0,3,141.62,85.57,,0.0,,8,,20260918
BTAFF,British American Tobacco p.l.c.,Consumer Defensive,Tobacco,PNK,55.73,2619,119978139648,2.6515,58.43,58.47,-1.019,-8.92,-22.12,-13.29,-15.29,0.0,34.0,4,69.57,49.75,-19.89,0.0,,8,,20260918
UBER,"Uber Technologies, Inc.",Technology,Software - Application,NYSE,,19451901,144756244480,2.2088,,,,,,,,0.0,20.75,3,101.99,65.41,,0.0,,8,,20260918
BX,Blackstone Inc.,Financial Services,Asset Management,NYSE,,4480843,149902295040,3.9423,,,,,,,,0.0,23.25,3,190.09,101.73,,0.0,,8,,20260918
TOELF,Tokyo Electron Limited,Technology,Semiconductor Equipment & Materials,PNK,328.79,10227,149368274944,22.4582,365.41,310.15,-1.6304,,,,,0.0,38.75,3,509.3,166.7,-35.44,0.0,,8,,20260918
HON,Honeywell International Inc.,Industrials,Conglomerates,NASDAQ,,3809205,65444941824,4.3408,,,,,,,,0.0,19.5,3,260.28,195.87,,0.0,,8,,20260918
SMFG,"Sumitomo Mitsui Financial Group, Inc.",Financial Services,Banks - Diversified,NYSE,,1642358,169204842496,0.3631,,,,,,,,0.0,25.75,3,27.62,15.18,,0.0,,8,,20260918
HTHIF,"Hitachi, Ltd.",Industrials,Conglomerates,PNK,36.2,38193,161653407744,2.2184,32.83,32.06,1.5182,,,,,0.0,78.75,2,38.53,23.72,-6.05,0.0,,8,,20260918
DE,Deere & Company,Industrials,Farm & Heavy Construction Machinery,NYSE,,1219938,184863277056,16.2823,,,,,,,,0.0,25.75,3,705.88,433.0,,0.0,,8,,20260918
HTHIY,"Hitachi, Ltd.",Industrials,Conglomerates,PNK,35.48,590711,158438195200,0.908,32.93,31.96,2.8116,,,,,0.0,88.75,2,39.0,25.78,-9.03,0.0,,8,,20260918
UBS,UBS Group AG,Financial Services,Banks - Diversified,NYSE,,1729861,154985381888,0.8742,,,,,,,,0.0,23.25,3,55.98,36.3,,0.0,,8,,20260918
BTI,British American Tobacco p.l.c.,Consumer Defensive,Tobacco,NYSE,,4673129,120602468352,0.7938,,,,,,,,0.0,20.75,3,67.3,49.88,,0.0,,8,,20260918
PNGAY,"Ping An Insurance (Group) Company of China, Ltd.",Financial Services,Insurance - Life,PNK,13.59,249177,123041431552,0.3005,14.04,15.05,-1.5113,,,,,0.0,62.75,1,18.92,12.84,-28.17,0.0,,8,,20260918
RYCEY,Rolls-Royce Holdings plc,Industrials,Aerospace & Defense,PNK,19.72,2469400,162385281024,0.4129,19.76,17.47,-0.0953,,,,,0.0,69.5,3,21.27,13.25,-7.29,0.0,,8,,20260918
RLLCF,Rolls-Royce Holdings plc,Industrials,Aerospace & Defense,PNK,0.0,942924,2588599,0.0002,0.0,0.0,-0.5224,-0.75,-61.16,-85.57,-55.82,0.0,3.75,4,0.01,0.0,-74.55,0.0,,8,,20260918
CIHHF,"China Merchants Bank Co., Ltd.",Financial Services,Banks - Regional,PNK,6.62,4130,166955384832,0.0493,6.18,6.03,8.9593,12.69,7.26,-10.81,1.39,0.0,75.0,2,6.91,5.62,-4.2,0.0,,8,,20260918
CIHKY,"China Merchants Bank Co., Ltd.",Financial Services,Banks - Regional,PNK,32.71,33780,164988223488,0.6247,31.46,30.7,2.0005,,,,,0.0,88.75,2,34.88,27.26,-6.22,0.0,,8,,20260918
RYCEF,Rolls-Royce Holdings plc,Industrials,Aerospace & Defense,PNK,20.0,36969,164690968576,0.7186,19.71,17.4,0.3966,,,,,0.0,83.75,2,21.5,13.08,-6.98,0.0,,8,,20260918
SAFRF,Safran SA,Industrials,Aerospace & Defense,PNK,367.42,975,152249958400,10.0124,390.7,364.73,-2.3247,-1.67,-9.4,-7.12,-6.56,0.0,57.5,3,422.71,307.16,-13.08,0.0,,8,,20260918
PLDGP,"Prologis, Inc.",Real Estate,REIT - Industrial,OQB,50.98,3119,0,0.2481,50.6,50.91,1.5379,,,,,0.0,62.5,3,59.0,50.64,-13.59,0.0,,8,,20260918
PLD,"Prologis, Inc.",Real Estate,REIT - Industrial,NYSE,,4165848,131407306752,2.1144,,,,,,,,0.0,22.0,3,153.35,111.03,,0.0,,8,,20260918
DBSDF,DBS Group Holdings Ltd,Financial Services,Banks - Regional,PNK,60.0,5604,170640031744,2.3201,58.99,49.39,0.4339,20.09,17.43,33.27,24.43,0.0,85.0,2,63.7,36.55,-5.81,0.0,,8,,20260918
CSUAY,China Shenhua Energy Company Limited,Energy,Thermal Coal,PNK,22.76,20358,123412881408,0.4443,22.43,21.89,0.7347,,,,,0.0,86.25,2,26.75,18.78,-14.92,0.0,,8,,20260918
DBSDY,DBS Group Holdings Ltd,Financial Services,Banks - Regional,PNK,240.93,39093,171301257216,5.8391,233.85,192.46,1.2134,,,,,0.0,85.0,2,253.51,153.82,-4.96,0.0,,8,,20260918
SAFRY,Safran SA,Industrials,Aerospace & Defense,PNK,94.77,205780,157081583616,1.9187,97.72,90.6,-1.5363,,,,,0.0,65.75,3,106.71,76.86,-11.19,0.0,,8,,20260918
IBKR,"Interactive Brokers Group, Inc.",Financial Services,Capital Markets,NASDAQ,,4366832,150583214080,2.7673,,,,,,,,0.0,22.0,3,98.75,58.95,,0.0,,8,,20260918
SONY,Sony Group Corporation,Technology,Consumer Electronics,NYSE,,4865543,139294277632,0.33,,,,,,,,0.0,23.25,3,30.34,19.32,,0.0,,8,,20260918
PDD,PDD Holdings Inc.,Consumer Cyclical,Internet Retail,NASDAQ,,7109366,110640611328,1.5054,,,,,,,,0.0,18.25,3,139.41,71.94,,0.0,,8,,20260918
SHOP,Shopify Inc.,Technology,Software - Application,NASDAQ,,9201880,166878396416,5.6345,,,,,,,,0.0,25.75,3,182.19,94.0,,0.0,,8,,20260918
SNEJF,Sony Group Corporation,Technology,Consumer Electronics,PNK,24.21,55335,141515505664,1.8946,22.68,22.63,0.81,16.71,1.62,-33.75,-8.76,0.0,87.5,2,32.4,18.68,-25.28,0.0,,8,,20260918
BBVXF,"Banco Bilbao Vizcaya Argentaria, S.A.",Financial Services,Banks - Diversified,PNK,27.99,12441,154457358336,0.9808,27.67,23.88,0.3297,14.53,24.41,33.05,25.4,0.0,81.25,2,30.3,17.88,-7.62,0.0,,8,,20260918
CILJF,China Life Insurance Company Limited,Financial Services,Insurance - Life,PNK,3.6,13304,101752930304,0.1296,3.65,3.74,-0.4057,-7.97,-15.45,5.86,-5.06,0.0,54.0,3,4.67,2.74,-22.91,0.0,,8,,20260918
UNCFF,UniCredit S.p.A.,Financial Services,Banks - Regional,PNK,96.0,2814,144763486208,2.4648,96.13,85.05,-0.0531,,,,,0.0,69.5,3,101.39,67.56,-5.32,0.0,,8,,20260918
CB,Chubb Limited,Financial Services,Insurance - Property & Casualty,NYSE,,1778851,131904970752,4.8202,,,,,,,,0.0,23.25,3,365.91,265.3,,0.0,,8,,20260918
EBGEF,Enbridge Inc.,Energy,Oil & Gas Midstream,PNK,25.14,993,0,0.1227,25.1,24.45,0.3585,0.24,-9.7,-8.65,-6.79,0.0,76.25,2,26.25,24.0,-4.23,0.0,,8,,20260918
ENNPF,Enbridge Inc.,Energy,Oil & Gas Midstream,PNK,18.2,156,0,0.014,18.03,17.42,12.0158,1.85,-7.76,-0.59,-2.49,0.0,75.0,2,18.98,15.5,-4.11,0.0,,8,,20260918
EBBGF,Enbridge Inc.,Energy,Oil & Gas Midstream,PNK,25.22,2121,0,0.1267,25.11,24.19,0.8629,1.41,-7.19,-6.32,-4.69,0.0,82.5,2,25.77,22.13,-2.12,0.0,,8,,20260918
EBBNF,Enbridge Inc.,Energy,Oil & Gas Midstream,PNK,25.0,9291,43109750400,0.0844,24.77,23.9,2.7237,,,,,0.0,85.0,2,25.29,23.55,-1.15,0.0,,8,,20260918
ENB,Enbridge Inc.,Energy,Oil & Gas Midstream,NYSE,,4889003,106475290624,0.76,,,,,,,,0.0,19.5,3,58.45,45.03,,0.0,,8,,20260918
UNCRY,UniCredit S.p.A.,Financial Services,Banks - Regional,PNK,47.97,399509,144673013760,0.8403,47.98,42.34,-0.0159,,,,,0.0,74.5,3,50.28,33.63,-4.59,0.0,,8,,20260918
BBVA,"Banco Bilbao Vizcaya Argentaria, S.A.",Financial Services,Banks - Diversified,NYSE,,1417664,159092736000,0.35,,,,,,,,0.0,25.75,3,29.64,17.9,,0.0,,8,,20260918
VRT,Vertiv Holdings Co,Industrials,Electrical Equipment & Parts,NYSE,,5967156,92970795008,12.7676,,,,,,,,0.0,24.5,3,379.94,133.85,,0.0,,8,,20260918
BKNG,Booking Holdings Inc.,Consumer Cyclical,Travel Services,NASDAQ,,6771172,128125403136,6.1338,,,,,,,,0.0,18.25,3,225.0,150.14,,0.0,,8,,20260918
IVSBF,Investor AB (publ),Financial Services,Asset Management,PNK,41.5,13793,127136497664,0.9627,42.3,39.57,-0.826,,,,,0.0,70.75,3,45.31,29.56,-8.41,0.0,,8,,20260918
UL,Unilever PLC,Consumer Defensive,Household & Personal Products,NYSE,,4062511,133976129536,0.6869,,,,,,,,0.0,24.5,3,74.98,54.75,,0.0,,8,,20260918
SPGI,S&P Global Inc.,Financial Services,Financial Data & Stock Exchanges,NYSE,,2172529,119131627520,10.8115,,,,,,,,0.0,23.25,3,522.47,361.03,,0.0,,8,,20260918
MO,"Altria Group, Inc.",Consumer Defensive,Tobacco,NYSE,,8684174,116381138944,1.2125,,,,,,,,0.0,22.0,3,77.06,54.7,,0.0,,8,,20260918
LMT,Lockheed Martin Corporation,Industrials,Aerospace & Defense,NYSE,,1204519,124186198016,11.5569,,,,,,,,0.0,22.0,3,692.0,437.25,,0.0,,8,,20260918
KYCCF,Keyence Corporation,Technology,Scientific & Technical Instruments,PNK,491.99,2612,119319937024,39.5128,498.83,433.9,-0.1732,,,,,0.0,73.25,3,581.6,316.2,-15.41,0.0,,8,,20260918
UNLYF,Unilever PLC,Consumer Defensive,Household & Personal Products,PNK,62.05,5920,133610070016,1.4862,62.21,62.06,-0.1091,5.13,-17.24,-28.12,-16.0,0.0,56.5,4,73.88,54.56,-16.01,0.0,,8,,20260918
HDB,HDFC Bank Limited,Financial Services,Banks - Regional,NYSE,,9363354,116446568448,0.4738,,,,,,,,0.0,23.25,3,37.45,21.77,,0.0,,8,,20260918
DHR,Danaher Corporation,Healthcare,Diagnostics & Research,NYSE,,4633696,149384527872,5.0838,,,,,,,,0.0,28.25,3,242.8,160.93,,0.0,,8,,20260918
BMY,Bristol-Myers Squibb Company,Healthcare,Drug Manufacturers - General,NYSE,,11131422,128364183552,1.1538,,,,,,,,0.0,19.5,3,68.64,42.52,,0.0,,8,,20260918
SYK,Stryker Corporation,Healthcare,Medical Devices,NYSE,,2655898,107450318848,10.3777,,,,,,,,0.0,22.0,3,392.55,267.0,,0.0,,8,,20260918
PBR,Petróleo Brasileiro S.A. - Petrobras,Energy,Oil & Gas Integrated,NYSE,,17787306,134945038336,0.5769,,,,,,,,0.0,25.75,3,22.24,11.43,,0.0,,8,,20260918
AIQUY,L'Air Liquide S.A.,Basic Materials,Specialty Chemicals,PNK,37.82,246032,120676802560,0.5143,39.45,39.26,-3.166,,,,,0.0,43.5,1,44.42,36.17,-14.86,0.0,,8,,20260918
IVSXF,Investor AB (publ),Financial Services,Asset Management,PNK,41.8,419,128055549952,0.1645,41.48,38.89,1.9366,3.75,-3.01,20.15,7.94,0.0,76.25,2,43.5,30.42,-3.91,0.0,,8,,20260918
LOW,"Lowe's Companies, Inc.",Consumer Cyclical,Home Improvement Retail,NYSE,,3061600,108951076864,3.7269,,,,,,,,0.0,18.25,3,293.06,193.35,,0.0,,8,,20260918
ZIJMF,Zijin Mining Group Company Limited,Basic Materials,Gold,PNK,4.36,68179,115935518720,0.3507,4.37,4.55,-0.0232,4.31,-19.89,-0.77,-6.19,0.0,57.75,3,6.14,3.15,-28.99,0.0,,8,,20260918
BPAQF,BP p.l.c.,Energy,Oil & Gas Integrated,PNK,7.75,5516,119756300288,0.1509,7.1,6.77,4.3265,,,,,0.0,77.5,2,8.01,5.36,-3.25,0.0,,8,,20260918
AIQUF,L'Air Liquide S.A.,Basic Materials,Specialty Chemicals,PNK,193.0,719,123165646848,3.9043,197.43,196.1,-1.135,-1.07,-13.94,-20.52,-13.35,0.0,59.0,3,224.89,178.46,-14.18,0.0,,8,,20260918
ZIJMY,Zijin Mining Group Company Limited,Basic Materials,Gold,PNK,86.91,44591,115549954048,2.8813,87.56,89.96,-0.2252,,,,,0.0,61.5,3,119.99,69.8,-27.57,0.0,,8,,20260918
ADTTF,Advantest Corporation,Technology,Semiconductor Equipment & Materials,PNK,191.7,1803,138398384128,15.3383,202.19,168.33,-0.684,26.69,9.94,124.39,59.91,0.0,56.25,3,248.99,79.96,-23.01,0.0,,8,,20260918
CFRHF,Compagnie Financière Richemont SA,Consumer Cyclical,Luxury Goods,PNK,215.1,1687,126465957888,10.0639,226.17,203.92,-1.0998,-4.39,15.95,1.42,5.05,0.0,69.5,3,254.24,163.0,-15.39,0.0,,8,,20260918
CVS,CVS Health Corporation,Healthcare,Healthcare Plans,NYSE,,7470524,115452649472,2.1954,,,,,,,,0.0,23.25,3,110.68,69.51,,0.0,,8,,20260918
MSBHF,Mitsubishi Corporation,Industrials,Conglomerates,PNK,33.0,7796,120829452288,1.6936,30.18,29.85,1.6626,,,,,0.0,88.75,2,37.75,21.41,-12.58,0.0,,8,,20260918
MTSUY,Mitsubishi Corporation,Industrials,Conglomerates,PNK,32.11,314741,117570723840,1.0184,30.05,29.86,2.0236,,,,,0.0,90.0,2,37.41,22.42,-14.17,0.0,,8,,20260918
ATEYY,Advantest Corporation,Technology,Semiconductor Equipment & Materials,PNK,199.66,147977,144145137664,8.9166,201.91,171.02,-0.2523,,,,,0.0,73.25,3,240.89,96.07,-17.12,0.0,,8,,20260918
SBUX,Starbucks Corporation,Consumer Cyclical,Restaurants,NASDAQ,,6957814,110203797504,2.12,,,,,,,,0.0,20.75,3,110.51,77.99,,0.0,,8,,20260918
COF,Capital One Financial Corporation,Financial Services,Credit Services,NYSE,,3810604,123948474368,4.7554,,,,,,,,0.0,22.0,3,259.64,174.24,,0.0,,8,,20260918
PGR,The Progressive Corporation,Financial Services,Insurance - Property & Casualty,NYSE,,2831477,125686120448,3.3638,,,,,,,,0.0,24.5,3,248.17,189.2,,0.0,,8,,20260918
CFRUY,Compagnie Financière Richemont SA,Consumer Cyclical,Luxury Goods,PNK,20.8,514879,122291576832,0.5358,23.21,20.99,-4.5011,,,,,0.0,22.0,4,24.86,16.26,-16.33,0.0,,8,,20260918
AAIGF,AIA Group Limited,Financial Services,Insurance - Life,PNK,9.46,104045,97467703296,0.5727,9.48,10.12,-0.0408,-0.27,-23.31,-18.19,-15.5,0.0,55.25,4,12.3,8.57,-23.09,0.0,,8,,20260918
BNPQY,BNP Paribas SA,Financial Services,Banks - Regional,OQX,59.49,294998,130402082816,1.0806,61.12,53.45,-1.5077,,,,,0.0,74.5,3,65.5,37.5,-9.18,0.0,,8,,20260918
MZHOF,"Mizuho Financial Group, Inc.",Financial Services,Banks - Regional,PNK,57.33,11506,138773446656,2.0554,52.25,44.68,2.4697,20.48,37.39,59.57,42.04,0.0,78.75,2,58.93,29.79,-2.72,0.0,,8,,20260918
NEM,Newmont Corporation,Basic Materials,Gold,NYSE,,7953283,131068780544,3.7318,,,,,,,,0.0,25.75,3,135.29,76.05,,0.0,,8,,20260918
AAGIY,AIA Group Limited,Financial Services,Insurance - Life,PNK,39.52,521935,101795020800,0.7864,38.32,40.63,1.5241,,,,,0.0,77.0,3,46.84,35.53,-15.63,0.0,,8,,20260918
IITSF,Intesa Sanpaolo S.p.A.,Financial Services,Banks - Regional,OID,7.77,23922,135035518976,0.042,7.61,6.94,3.7041,9.46,15.85,1.13,8.36,0.0,75.0,2,8.09,5.75,-3.96,0.0,,8,,20260918
ENLAY,Enel SpA,Utilities,Utilities - Diversified,PNK,10.32,436479,102381248512,0.1752,11.0,10.81,-3.8661,,,,,0.0,23.25,4,12.14,9.0,-14.99,0.0,,8,,20260918
BP,BP p.l.c.,Energy,Oil & Gas Integrated,NYSE,,9322916,116974870528,0.9092,,,,,,,,0.0,23.25,3,48.27,32.72,,0.0,,8,,20260918
MFG,"Mizuho Financial Group, Inc.",Financial Services,Banks - Regional,NYSE,,3611940,133980635136,0.1615,,,,,,,,0.0,19.5,3,11.49,6.09,,0.0,,8,,20260918
ESOCF,Enel SpA,Utilities,Utilities - Diversified,PNK,10.7,8677,106151100416,0.4946,11.13,11.02,-0.8635,-5.74,-18.73,3.64,-6.53,0.0,31.5,4,12.51,9.09,-14.47,0.0,,8,,20260918
BYDDY,BYD Company Limited,Consumer Cyclical,Auto Manufacturers,PNK,10.32,1297435,94089469952,0.2497,11.19,11.96,-3.4686,,,,,0.0,30.0,4,14.64,9.21,-29.51,0.0,,8,,20260918
ISNPY,Intesa Sanpaolo S.p.A.,Financial Services,Banks - Regional,OID,46.94,199409,135962402816,0.657,46.02,40.87,1.4042,,,,,0.0,85.0,2,48.42,34.06,-3.06,0.0,,8,,20260918
BYDDF,BYD Company Limited,Consumer Cyclical,Auto Manufacturers,PNK,10.38,220822,94636507136,0.4446,11.23,12.05,-1.903,,,,,0.0,40.0,4,14.95,9.25,-30.57,0.0,,8,,20260918
BNPQF,BNP Paribas SA,Financial Services,Banks - Regional,OQX,116.27,41227,127431917568,3.5444,122.11,106.83,-1.6482,,,,,0.0,68.25,3,135.83,73.01,-14.4,0.0,,8,,20260918
BMO,Bank of Montreal,Financial Services,Banks - Diversified,NYSE,,794293,120800075776,3.0123,,,,,,,,0.0,19.5,3,187.22,119.84,,0.0,,8,,20260918
IFNNY,Infineon Technologies AG,Technology,Semiconductors,OQX,62.49,362785,81205731328,2.421,69.56,62.31,-2.92,,,,,0.0,31.25,3,103.28,36.1,-39.49,0.0,,8,,20260918
HNHPF,"Hon Hai Precision Industry Co., Ltd.",Technology,Electronic Components,PNK,15.9,27737,111392792576,0.406,15.69,14.64,0.5074,,,,,0.0,58.75,2,20.26,11.5,-21.52,0.0,,8,,20260918
VRTX,Vertex Pharmaceuticals Incorporated,Healthcare,Biotechnology,NASDAQ,,1443453,130872025088,9.8838,,,,,,,,0.0,18.25,3,560.25,374.17,,0.0,,8,,20260918
ACN,Accenture plc,Technology,Information Technology Services,NYSE,,8387654,116446453760,5.3769,,,,,,,,0.0,28.25,3,291.09,118.15,,0.0,,8,,20260918
PH,Parker-Hannifin Corporation,Industrials,Specialty Industrial Machinery,NYSE,,621990,116630462464,20.716,,,,,,,,0.0,17.0,3,1099.94,715.37,,0.0,,8,,20260918
PWR,"Quanta Services, Inc.",Industrials,Engineering & Construction,NYSE,,1195779,92692709376,18.6685,,,,,,,,0.0,22.0,3,788.75,376.07,,0.0,,8,,20260918
ZURVY,Zurich Insurance Group AG,Financial Services,Insurance - Diversified,OQX,36.8,97945,109935779840,0.4087,37.11,35.37,-0.7482,,,,,0.0,69.5,3,38.71,33.62,-4.93,0.0,,8,,20260918
SNY,Sanofi,Healthcare,Drug Manufacturers - General,NASDAQ,,3202538,103369367552,0.5862,,,,,,,,0.0,17.0,3,52.68,40.89,,0.0,,8,,20260918
IFNNF,Infineon Technologies AG,Technology,Semiconductors,OQX,65.0,9204,84467474432,2.5466,69.74,62.37,-1.8604,,,,,0.0,28.75,3,103.5,37.05,-37.2,0.0,,8,,20260918
ZFSVF,Zurich Insurance Group AG,Financial Services,Insurance - Diversified,OQX,722.2,293,107874484224,14.7951,737.61,720.96,-1.0416,-1.25,-7.45,-14.62,-8.77,0.0,67.0,3,791.41,656.6,-8.75,0.0,,8,,20260918
CM,Canadian Imperial Bank of Commerce,Financial Services,Banks - Diversified,NYSE,,1302440,103304888320,2.1985,,,,,,,,0.0,18.25,3,124.86,78.79,,0.0,,8,,20260918
SPOT,Spotify Technology S.A.,Communication Services,Internet Content & Information,NYSE,,1755093,108721160192,17.6797,,,,,,,,0.0,24.5,3,745.0,405.0,,0.0,,8,,20260918
SO,The Southern Company,Utilities,Utilities - Regulated Electric,NYSE,,5741417,99805495296,1.2715,,,,,,,,0.0,18.25,3,100.84,83.8,,0.0,,8,,20260918
SNYNF,Sanofi,Healthcare,Drug Manufacturers - General,PNK,85.51,33583,102446858240,1.5087,87.6,90.75,-1.3845,-4.6,-16.93,-22.52,-16.08,0.0,52.75,4,106.34,80.74,-19.59,0.0,,8,,20260918
EQIX,"Equinix, Inc.",Real Estate,REIT - Specialty,NASDAQ,,590819,101231222784,26.6592,,,,,,,,0.0,27.0,3,1128.68,720.62,,0.0,,8,,20260918
CEG,Constellation Energy Corporation,Utilities,Utilities - Independent Power Producers,NASDAQ,,2980872,93111975936,10.1214,,,,,,,,0.0,22.0,3,412.7,228.63,,0.0,,8,,20260918
CME,CME Group Inc.,Financial Services,Financial Data & Stock Exchanges,NASDAQ,,2618551,97499914240,5.1533,,,,,,,,0.0,28.25,3,329.16,218.31,,0.0,,8,,20260918
NOW,"ServiceNow, Inc.",Technology,Software - Application,NYSE,,20753150,143158870016,5.6792,,,,,,,,0.0,27.0,3,194.73,81.24,,0.0,,8,,20260918
GLAXF,GSK plc,Healthcare,Drug Manufacturers - General,PNK,24.56,825,98377809920,0.4963,25.27,25.72,-1.4229,-2.59,-20.8,10.99,-3.53,0.0,26.5,4,31.48,18.99,-21.98,0.0,,8,,20260918
CDNS,"Cadence Design Systems, Inc.",Technology,Software - Application,NASDAQ,,2410380,77319340032,10.3115,,,,,,,,0.0,24.5,3,416.69,262.75,,0.0,,8,,20260918
HWM,Howmet Aerospace Inc.,Industrials,Aerospace & Defense,NYSE,,3098408,90033405952,7.8777,,,,,,,,0.0,18.25,3,310.0,182.78,,0.0,,8,,20260918
GSK,GSK plc,Healthcare,Drug Manufacturers - General,NYSE,,3603504,102263259136,0.7492,,,,,,,,0.0,22.0,3,61.7,39.29,,0.0,,8,,20260918
BAMGF,Brookfield Corporation,Financial Services,Asset Management,PNK,16.9,0,16197921649,0.0229,16.57,15.64,14.2487,1.3,-7.55,7.0,0.48,0.0,75.0,2,17.17,14.18,-1.59,0.0,,8,,20260918
BN,Brookfield Corporation,Financial Services,Asset Management,NYSE,,4056114,83021152256,0.7574,,,,,,,,0.0,17.0,3,49.57,36.67,,0.0,,8,,20260918
CNQ,Canadian Natural Resources Limited,Energy,Oil & Gas E&P,NYSE,,7820090,104353128448,1.2302,,,,,,,,0.0,22.0,3,52.31,29.68,,0.0,,8,,20260918
MDT,Medtronic plc,Healthcare,Medical Devices,NYSE,,8078217,118665617408,2.2538,,,,,,,,0.0,20.75,3,106.33,73.31,,0.0,,8,,20260918
SNPS,"Synopsys, Inc.",Technology,Software - Infrastructure,NASDAQ,,1919687,73046138880,14.7977,,,,,,,,0.0,22.0,3,539.48,362.55,,0.0,,8,,20260918
MITSF,"Mitsui & Co., Ltd.",Industrials,Conglomerates,PNK,31.69,7706,90061766656,0.8598,30.54,33.1,1.3402,4.36,-32.66,13.22,-5.05,0.0,63.25,3,42.2,23.02,-24.91,0.0,,8,,20260918
TT,Trane Technologies plc,Industrials,Building Products & Equipment,NYSE,,1165229,93142409216,8.5628,,,,,,,,0.0,18.25,3,505.87,348.06,,0.0,,8,,20260918
ADBE,Adobe Inc.,Technology,Software - Application,NASDAQ,,5641506,100436320256,8.5477,,,,,,,,0.0,24.5,3,370.86,190.12,,0.0,,8,,20260918
EQNR,Equinor ASA,Energy,Oil & Gas Integrated,NYSE,,3373964,105118162944,0.8777,,,,,,,,0.0,25.75,3,45.84,22.26,,0.0,,8,,20260918
MITSY,"Mitsui & Co., Ltd.",Industrials,Conglomerates,PNK,671.81,6698,95468937216,21.9292,617.96,661.51,2.4557,,,,,0.0,90.0,3,835.49,476.5,-19.59,0.0,,8,,20260918
XIACY,Xiaomi Corporation,Technology,Consumer Electronics,PNK,16.62,338759,85509947392,0.5417,17.37,20.21,-1.3763,,,,,0.0,47.0,4,38.07,13.55,-56.34,0.0,,8,,20260918
XIACF,Xiaomi Corporation,Technology,Consumer Electronics,PNK,3.34,41506,85921538048,0.2122,3.49,4.06,-0.7067,,,,,0.0,49.5,4,7.86,2.52,-57.51,0.0,,8,,20260918
BNS,The Bank of Nova Scotia,Financial Services,Banks - Diversified,NYSE,,2495419,114691899392,1.5769,,,,,,,,0.0,22.0,3,95.34,62.98,,0.0,,8,,20260918
FTNT,"Fortinet, Inc.",Technology,Software - Infrastructure,NASDAQ,,5203732,126624309248,6.9131,,,,,,,,0.0,25.75,3,176.1,73.55,,0.0,,8,,20260918
DUK,Duke Energy Corporation,Utilities,Utilities - Regulated Electric,NYSE,,4078911,92425904128,1.6154,,,,,,,,0.0,20.75,3,134.49,113.9,,0.0,,8,,20260918
ITOCF,ITOCHU Corporation,Industrials,Conglomerates,PNK,14.48,18270,101213929472,0.9094,12.68,17.4,1.9819,23.64,-5.58,-90.25,-32.14,0.0,57.5,3,62.88,10.6,-76.97,0.0,,8,,20260918
MAR,"Marriott International, Inc.",Consumer Cyclical,Lodging,NASDAQ,,1613051,87095943168,7.5123,,,,,,,,0.0,20.75,3,410.98,256.76,,0.0,,8,,20260918
AXAHF,AXA SA,Financial Services,Insurance - Diversified,OQX,51.12,966,106886897664,0.487,51.23,47.92,-0.2267,5.08,-0.04,-7.76,-1.85,0.0,65.75,3,52.75,43.0,-3.09,0.0,,8,,20260918
WMB,"The Williams Companies, Inc.",Energy,Oil & Gas Midstream,NYSE,,7466564,87835656192,1.8911,,,,,,,,0.0,22.0,3,80.08,56.19,,0.0,,8,,20260918
AXAHY,AXA SA,Financial Services,Insurance - Diversified,OQX,51.54,84003,107765080064,0.7044,51.12,46.46,0.592,,,,,0.0,83.75,2,52.56,43.04,-1.94,0.0,,8,,20260918
BNY,The Bank of New York Mellon Corporation,Financial Services,Banks - Diversified,NYSE,,3468170,103824703488,3.0469,,,,,,,,0.0,22.0,3,165.84,103.11,,0.0,,8,,20260918
ITOCY,ITOCHU Corporation,Industrials,Conglomerates,PNK,15.37,457620,107434958848,0.4403,13.0,12.7,5.3891,,,,,0.0,92.5,2,15.44,10.75,-0.45,0.0,,8,,20260918
BRCFF,Brookfield Corporation,Financial Services,Asset Management,PNK,18.87,103,0,0.0863,17.1,16.41,20.5195,12.37,-3.78,19.95,9.75,0.0,76.25,2,18.87,15.16,0.0,0.0,,8,,20260918
STOHF,Equinor ASA,Energy,Oil & Gas Integrated,PNK,45.7,47609,108366790656,0.3598,40.28,33.69,15.0602,27.04,12.08,78.38,42.34,0.0,75.0,2,45.7,22.21,0.0,0.0,,8,,20260918
CIXPF,"CaixaBank, S.A.",Financial Services,Banks - Regional,PNK,15.44,47,107255840768,0.0716,14.49,12.78,13.2662,17.67,23.47,39.83,28.57,0.0,75.0,2,15.84,9.9,-2.51,0.0,,8,,20260918
IBN,ICICI Bank Limited,Financial Services,Banks - Regional,NYSE,,6137241,101133795328,0.3831,,,,,,,,0.0,23.25,3,33.03,25.08,,0.0,,8,,20260918
FDX,FedEx Corporation,Industrials,Integrated Freight & Logistics,NYSE,,1753756,72392753152,6.7937,,,,,,,,0.0,18.25,3,345.37,180.99,,0.0,,8,,20260918
GMBXF,"Grupo México, S.A.B. de C.V.",Basic Materials,Other Industrial Metals & Mining,PNK,12.1,26809,94684061696,0.5967,12.68,11.55,-0.9761,,,,,0.0,74.5,3,14.36,7.0,-15.74,0.0,,8,,20260918
MGCOF,"Midea Group Co., Ltd.",Unknown,Unknown,PNK,12.75,7897,0,0.2097,,,,8.54,-1.8,11.52,6.11,0.0,18.25,3,13.6,9.0,-6.25,0.0,,8,,20260918
CHDRY,Christian Dior SE,Consumer Cyclical,Luxury Goods,PNK,108.69,138,78435303424,6.1795,122.96,138.09,-2.3088,-26.66,-29.9,-36.21,-31.62,0.0,11.25,4,179.98,103.5,-39.61,0.0,,8,,20260918
ESLOY,EssilorLuxottica Société anonyme,Healthcare,Medical Instruments & Supplies,PNK,80.9,144158,74222288896,1.8539,93.16,117.78,-6.6116,,,,,0.0,6.25,4,186.81,80.78,-56.69,0.0,,8,,20260918
ESLOF,EssilorLuxottica Société anonyme,Healthcare,Medical Instruments & Supplies,PNK,168.0,4941,77066403840,9.8174,187.1,239.7,-1.946,-21.23,-40.58,-62.19,-44.38,0.0,7.5,4,376.38,161.1,-55.36,0.0,,8,,20260918
GD,General Dynamics Corporation,Industrials,Aerospace & Defense,NYSE,,1139993,96304832512,6.6854,,,,,,,,0.0,17.0,3,400.0,306.77,,0.0,,8,,20260918
TKOMF,"Tokio Marine Holdings, Inc.",Financial Services,Insurance - Property & Casualty,PNK,49.26,21035,93582606336,3.946,48.21,43.71,0.2667,6.64,25.44,-6.94,7.79,0.0,81.25,2,55.69,31.68,-11.55,0.0,,8,,20260918
CAIXY,"CaixaBank, S.A.",Financial Services,Banks - Regional,PNK,4.93,307259,102843383808,0.0823,4.93,4.3,0.0535,,,,,0.0,85.0,2,5.21,3.31,-5.38,0.0,,8,,20260918
GPMXY,"Grupo México, S.A.B. de C.V.",Basic Materials,Other Industrial Metals & Mining,PNK,26.09,25636,101726674944,1.188,25.83,26.09,0.2252,,,,,0.0,83.75,3,29.75,20.79,-12.28,0.0,,8,,20260918
MCK,McKesson Corporation,Healthcare,Medical Distribution,NYSE,,1041150,102549381120,18.7141,,,,,,,,0.0,23.25,3,999.0,687.68,,0.0,,8,,20260918
SBKFF,State Bank of India,Financial Services,Banks - Regional,PNK,104.26,229,96238419968,0.3361,108.44,111.92,-12.4458,-6.34,-22.98,-8.17,-12.9,0.0,24.0,4,140.06,93.25,-25.56,0.0,,8,,20260918
PROSF,Prosus N.V.,Consumer Cyclical,Internet Retail,PNK,42.5,1966,88918327296,0.5872,44.35,50.12,-3.1539,-6.21,-33.66,-48.35,-32.67,0.0,18.25,4,72.77,40.63,-41.6,0.0,,8,,20260918
CHDRF,Christian Dior SE,Consumer Cyclical,Luxury Goods,PNK,463.32,3,83587465216,2.333,497.03,559.19,-14.451,-15.27,-30.14,-29.79,-26.28,0.0,1.25,4,708.37,462.21,-34.59,0.0,,8,,20260918
PROSY,Prosus N.V.,Consumer Cyclical,Internet Retail,PNK,8.26,958793,86407692288,0.186,8.87,10.0,-3.2633,,,,,0.0,10.0,4,14.7,8.08,-43.81,0.0,,8,,20260918
ADP,"Automatic Data Processing, Inc.",Technology,Software - Application,NASDAQ,,2456248,108150808576,4.6067,,,,,,,,0.0,28.25,3,294.46,188.16,,0.0,,8,,20260918
CMCSA,Comcast Corporation,Communication Services,Telecom Services,NASDAQ,,32296300,81299267584,0.6777,,,,,,,,0.0,22.0,3,32.86,21.28,,0.0,,8,,20260918
SNPMF,China Petroleum & Chemical Corporation,Energy,Oil & Gas Integrated,PNK,0.59,17648,71220772864,0.0148,0.56,0.59,1.918,6.52,-17.85,-6.1,-7.06,0.0,77.5,3,0.72,0.48,-18.06,0.0,,8,,20260918
GLNCY,Glencore plc,Basic Materials,Other Industrial Metals & Mining,PNK,15.45,788619,90646159360,0.4234,14.91,13.72,1.2731,,,,,0.0,83.75,2,17.05,8.24,-9.38,0.0,,8,,20260918
GLCNF,Glencore plc,Basic Materials,Other Industrial Metals & Mining,PNK,7.66,63272,89883443200,0.2251,7.44,6.9,0.9593,-0.97,-0.61,72.24,28.44,0.0,82.5,2,8.56,4.14,-10.51,0.0,,8,,20260918
WBKCY,Westpac Banking Corporation,Financial Services,Banks - Diversified,PNK,12.55,19408,85714173952,0.8029,12.92,12.55,-0.463,,,,,0.0,48.25,3,18.87,11.15,-33.49,0.0,,8,,20260918
FCX,Freeport-McMoRan Inc.,Basic Materials,Copper,NYSE,,14507427,101741838336,2.6038,,,,,,,,0.0,22.0,3,80.24,35.15,,0.0,,8,,20260918
INGVF,ING Groep N.V.,Financial Services,Banks - Diversified,PNK,36.79,738,104815583232,0.3153,34.42,29.62,7.5181,18.69,32.91,31.41,28.76,0.0,75.0,2,36.82,23.6,-0.08,0.0,,8,,20260918
ATLCY,Atlas Copco AB (publ),Industrials,Specialty Industrial Machinery,PNK,17.49,22114,85327077376,0.3812,18.32,17.22,-2.1776,,,,,0.0,65.75,3,19.5,14.07,-10.31,0.0,,8,,20260918
ATLKY,Atlas Copco AB (publ),Industrials,Specialty Industrial Machinery,PNK,20.25,327882,98792071168,0.4801,21.01,19.66,-1.5876,,,,,0.0,64.5,3,22.42,15.69,-9.68,0.0,,8,,20260918
ATLFF,Atlas Copco AB (publ),Industrials,Specialty Industrial Machinery,PNK,18.12,23,88424996864,0.0667,17.07,15.42,15.7965,5.99,19.88,41.22,24.94,0.0,76.25,2,18.12,14.41,0.0,0.0,,8,,20260918
ATLPF,Atlas Copco AB (publ),Industrials,Specialty Industrial Machinery,PNK,20.14,2707,98231025664,0.1228,20.75,18.47,-4.9944,-2.44,13.72,30.86,16.54,0.0,62.0,3,22.26,14.96,-9.55,0.0,,8,,20260918
TKOMY,"Tokio Marine Holdings, Inc.",Financial Services,Insurance - Property & Casualty,PNK,53.57,126704,101770616832,1.4629,49.02,43.65,3.1103,,,,,0.0,82.5,2,54.28,32.13,-1.31,0.0,,8,,20260918
MGCLY,"Midea Group Co., Ltd.",Consumer Cyclical,"Furnishings, Fixtures & Appliances",PNK,12.63,92009,96358645760,0.1955,12.28,11.06,1.8017,,,,,0.0,82.5,2,13.1,9.53,-3.59,0.0,,8,,20260918
CMI,Cummins Inc.,Industrials,Specialty Industrial Machinery,NYSE,,1035619,72119664640,13.4669,,,,,,,,0.0,15.75,3,737.76,400.72,,0.0,,8,,20260918
AEM,Agnico Eagle Mines Limited,Basic Materials,Gold,NYSE,,2903972,101966692352,6.6546,,,,,,,,0.0,23.25,3,255.24,134.38,,0.0,,8,,20260918
PNC,"The PNC Financial Services Group, Inc.",Financial Services,Banks - Regional,NYSE,,1814135,92558917632,4.93,,,,,,,,0.0,18.25,3,258.96,176.88,,0.0,,8,,20260918
INTU,Intuit Inc.,Technology,Software - Application,NASDAQ,,4310682,83679608832,12.0185,,,,,,,,0.0,20.75,3,705.08,252.84,,0.0,,8,,20260918
WM,"Waste Management, Inc.",Industrials,Waste Management,NYSE,,2100609,85271240704,3.3417,,,,,,,,0.0,19.5,3,248.13,194.11,,0.0,,8,,20260918
HCA,"HCA Healthcare, Inc.",Healthcare,Medical Care Facilities,NYSE,,1486306,92887810048,14.1336,,,,,,,,0.0,24.5,3,556.52,353.99,,0.0,,8,,20260918
SHECY,"Shin-Etsu Chemical Co., Ltd.",Basic Materials,Chemicals,PNK,18.59,547400,67484106752,0.4878,19.64,19.61,-2.1579,,,,,0.0,23.25,4,24.74,13.64,-24.86,0.0,,8,,20260918
ITUB,Itaú Unibanco Holding S.A.,Financial Services,Banks - Regional,NYSE,,21308103,91371323392,0.2092,,,,,,,,0.0,24.5,3,9.6,6.54,,0.0,,8,,20260918
ING,ING Groep N.V.,Financial Services,Banks - Diversified,NYSE,,2519761,105185951744,0.4077,,,,,,,,0.0,22.0,3,37.52,23.64,,0.0,,8,,20260918
NOKBF,Nokia Oyj,Technology,Communication Equipment,PNK,10.58,1031864,59233660928,0.4377,10.21,9.72,0.8427,,,,,0.0,58.75,2,17.4,4.55,-39.2,0.0,,8,,20260918
NGGTF,National Grid plc,Utilities,Utilities - Regulated Electric,PNK,15.3,7037,76910567424,0.4515,15.99,16.56,-1.5238,-6.89,-26.81,-12.6,-16.15,0.0,30.25,4,19.33,13.96,-20.85,0.0,,8,,20260918
BCMXY,"Bank of Communications Co., Ltd.",Financial Services,Banks - Diversified,PNK,24.05,129,85005959168,0.2648,22.84,21.88,4.5516,11.97,6.73,-3.27,4.04,0.0,76.25,2,26.05,19.89,-7.68,0.0,,8,,20260918
ICE,"Intercontinental Exchange, Inc.",Financial Services,Financial Data & Stock Exchanges,NYSE,,4061250,86061776896,3.1315,,,,,,,,0.0,20.75,3,176.05,121.79,,0.0,,8,,20260918
BE,Bloom Energy Corporation,Industrials,Electrical Equipment & Parts,NYSE,,15318529,82691506176,14.9195,,,,,,,,0.0,25.75,3,351.28,61.37,,0.0,,8,,20260918
NOK,Nokia Oyj,Technology,Communication Equipment,NYSE,,85141338,59345637376,0.3585,,,,,,,,0.0,23.25,3,17.45,4.63,,0.0,,8,,20260918
BSX,Boston Scientific Corporation,Healthcare,Medical Devices,NYSE,,20438595,63113945088,1.6077,,,,,,,,0.0,22.0,3,105.65,42.2,,0.0,,8,,20260918
UPS,"United Parcel Service, Inc.",Industrials,Integrated Freight & Logistics,NYSE,,4808222,85222785024,1.8331,,,,,,,,0.0,20.75,3,122.41,82.0,,0.0,,8,,20260918
EPD,Enterprise Products Partners L.P.,Energy,Oil & Gas Midstream,NYSE,,2907990,83031900160,0.4838,,,,,,,,0.0,24.5,3,40.17,30.01,,0.0,,8,,20260918
ELV,"Elevance Health, Inc.",Healthcare,Healthcare Plans,NYSE,,1331606,89840279552,10.0017,,,,,,,,0.0,25.75,3,436.24,274.84,,0.0,,8,,20260918
AMT,American Tower Corporation,Real Estate,REIT - Specialty,NYSE,,2851459,81813266432,3.9431,,,,,,,,0.0,20.75,3,197.41,160.06,,0.0,,8,,20260918
SLB,SLB N.V.,Energy,Oil & Gas Equipment & Services,NYSE,,13738138,77294182400,2.1759,,,,,,,,0.0,22.0,3,60.46,31.64,,0.0,,8,,20260918
NGG,National Grid plc,Utilities,Utilities - Regulated Electric,NYSE,,920717,78016462848,0.9323,,,,,,,,0.0,23.25,3,94.64,69.99,,0.0,,8,,20260918
USB,U.S. Bancorp,Financial Services,Banks - Regional,NYSE,,7841454,93872603136,1.2462,,,,,,,,0.0,20.75,3,66.08,45.02,,0.0,,8,,20260918
CHGCF,"Chugai Pharmaceutical Co., Ltd.",Healthcare,Drug Manufacturers - General,PNK,35.26,8788,58031280128,2.8965,43.17,50.98,-2.7294,-24.91,-50.56,-37.21,-38.8,0.0,10.0,4,68.08,34.79,-48.2,0.0,,8,,20260918
WEBNF,Westpac Banking Corporation,Financial Services,Banks - Diversified,PNK,23.48,725,80182026240,0.6678,24.81,25.99,-1.9961,-6.83,-31.2,-21.44,-21.2,0.0,14.5,4,30.71,22.06,-23.54,0.0,,8,,20260918
MNST,Monster Beverage Corporation,Consumer Defensive,Beverages - Non-Alcoholic,NASDAQ,,11083501,87197392896,0.8431,,,,,,,,0.0,20.75,3,50.17,31.5,,0.0,,8,,20260918
MHVYF,"Mitsubishi Heavy Industries, Ltd.",Industrials,Specialty Industrial Machinery,PNK,25.2,15409,84677279744,1.3835,24.7,26.96,0.3634,,,,,0.0,74.5,3,34.5,20.59,-26.96,0.0,,8,,20260918
CSX,CSX Corporation,Industrials,Railroads,NASDAQ,,11509851,88733548544,1.0013,,,,,,,,0.0,24.5,3,53.6,32.71,,0.0,,8,,20260918
KKR,KKR & Co. Inc.,Financial Services,Asset Management,NYSE,,4419172,90687356928,3.2623,,,,,,,,0.0,20.75,3,152.1,82.67,,0.0,,8,,20260918
JCI,Johnson Controls International plc,Industrials,Building Products & Equipment,NYSE,,3839348,85445885952,2.8892,,,,,,,,0.0,22.0,3,157.06,104.49,,0.0,,8,,20260918
MELI,"MercadoLibre, Inc.",Consumer Cyclical,Internet Retail,NASDAQ,,436620,92532301824,57.11,,,,,,,,0.0,22.0,3,2548.5,1495.0,,0.0,,8,,20260918
SHECF,"Shin-Etsu Chemical Co., Ltd.",Basic Materials,Chemicals,PNK,36.27,6516,65832398848,3.0696,38.83,38.85,-0.8334,-20.28,-20.25,14.54,-6.34,0.0,18.25,4,50.77,26.74,-28.56,0.0,,8,,20260918
MHVIY,"Mitsubishi Heavy Industries, Ltd.",Industrials,Specialty Industrial Machinery,PNK,12.56,958419,84408459264,0.3803,12.28,21.54,0.7325,,,,,0.0,70.0,3,34.0,10.65,-63.06,0.0,,8,,20260918
CHGCY,"Chugai Pharmaceutical Co., Ltd.",Healthcare,Drug Manufacturers - General,PNK,21.38,249304,70364880896,0.865,21.73,25.49,-0.4055,,,,,0.0,20.75,4,34.84,20.0,-38.63,0.0,,8,,20260918
MRAAF,"Murata Manufacturing Co., Ltd.",Technology,Electronic Components,PNK,48.14,9664,87262068736,3.808,48.6,36.84,-0.1195,-27.09,78.12,156.81,83.29,0.0,48.25,3,79.27,16.55,-39.27,0.0,,8,,20260918
RCRUY,"Recruit Holdings Co., Ltd.",Communication Services,Internet Content & Information,PNK,22.5,584035,156247834624,0.7815,18.69,12.62,4.875,,,,,0.0,90.0,2,22.93,7.57,-1.88,0.0,,8,,20260918
AMXOF,"América Móvil, S.A.B. de C.V.",Communication Services,Telecom Services,PNK,1.21,90047,72383651840,0.0232,1.21,1.03,-0.0129,5.94,13.4,85.42,40.34,0.0,63.25,3,1.42,0.97,-14.79,0.0,,8,,20260918
MIELY,Mitsubishi Electric Corporation,Industrials,Electrical Equipment & Parts,PNK,66.78,88403,68330491904,1.6879,69.87,70.0,-1.8305,,,,,0.0,35.25,4,86.0,49.32,-22.35,0.0,,8,,20260918
EIPAF,Eni S.p.A.,Energy,Oil & Gas Integrated,PNK,28.48,39624,81788272640,0.4336,27.1,24.42,3.175,14.27,-4.46,62.73,27.1,0.0,75.0,2,29.3,17.01,-2.8,0.0,,8,,20260918
BCLYF,Barclays PLC,Financial Services,Banks - Diversified,PNK,6.26,38514,83852754944,0.3779,6.75,6.18,-1.2923,,,,,0.0,55.0,3,7.35,4.8,-14.83,0.0,,8,,20260918
OVCHY,Oversea-Chinese Banking Corporation Limited,Financial Services,Banks - Regional,PNK,49.1,31827,110359158784,1.2261,46.93,36.5,1.7661,,,,,0.0,82.5,2,52.11,24.89,-5.78,0.0,,8,,20260918
NABZY,National Australia Bank Limited,Financial Services,Banks - Diversified,PNK,14.02,335083,85839839232,0.5451,14.04,14.23,-0.0367,,,,,0.0,65.25,3,18.13,12.41,-22.67,0.0,,8,,20260918
MRAAY,"Murata Manufacturing Co., Ltd.",Technology,Electronic Components,PNK,24.23,705161,87842127872,1.0144,24.01,18.31,0.2149,,,,,0.0,63.75,2,38.72,8.55,-37.42,0.0,,8,,20260918
CIEN,Ciena Corporation,Technology,Communication Equipment,NYSE,,2453243,48817586176,21.7715,,,,,,,,0.0,20.75,3,637.51,133.67,,0.0,,8,,20260918
RACE,Ferrari N.V.,Consumer Cyclical,Auto Manufacturers,NYSE,,449861,72720113664,5.5188,,,,,,,,0.0,28.25,3,504.49,312.51,,0.0,,8,,20260918
OVCHF,Oversea-Chinese Banking Corporation Limited,Financial Services,Banks - Regional,PNK,24.94,167,112134799360,0.2605,21.86,17.4,11.8526,37.83,47.6,82.31,59.04,0.0,75.0,2,26.15,12.24,-4.61,0.0,,8,,20260918
NTTYY,"NTT, Inc.",Communication Services,Telecom Services,PNK,28.71,152258,93052485632,0.836,25.34,24.52,4.0304,,,,,0.0,88.75,2,29.98,21.47,-4.24,0.0,,8,,20260918
RCRRF,"Recruit Holdings Co., Ltd.",Communication Services,Internet Content & Information,PNK,114.19,1495,158595022848,4.3345,92.72,62.92,4.9526,67.03,169.29,92.31,112.93,0.0,77.5,2,117.11,38.8,-2.5,0.0,,8,,20260918
ENGQF,Engie SA,Utilities,Utilities - Diversified,PNK,28.0,26941,71137026048,1.127,29.55,29.52,-1.3777,,,,,0.0,20.75,4,35.36,20.61,-20.81,0.0,,8,,20260918
BCS,Barclays PLC,Financial Services,Banks - Diversified,NYSE,,4254325,85861998592,0.4062,,,,,,,,0.0,19.5,3,28.69,19.29,,0.0,,8,,20260918
MIELF,Mitsubishi Electric Corporation,Industrials,Electrical Equipment & Parts,PNK,32.12,6016,65739706368,2.4296,35.02,35.15,-1.1911,-10.77,-19.9,6.79,-6.94,0.0,23.25,4,44.01,25.03,-27.0,0.0,,8,,20260918
AMX,"América Móvil, S.A.B. de C.V.",Communication Services,Telecom Services,NYSE,,2348167,68884111360,0.4115,,,,,,,,0.0,19.5,3,28.46,19.71,,0.0,,8,,20260918
SU,Suncor Energy Inc.,Energy,Oil & Gas Integrated,NYSE,,4557891,82049982464,1.7411,,,,,,,,0.0,22.0,3,72.06,37.77,,0.0,,8,,20260918
NXPI,NXP Semiconductors N.V.,Technology,Semiconductors,NASDAQ,,3947482,57480822784,6.6862,,,,,,,,0.0,22.0,3,339.95,183.0,,0.0,,8,,20260918
NPPXF,"NTT, Inc.",Communication Services,Telecom Services,PNK,1.05,77214,85079334912,0.0376,0.98,0.97,1.7886,12.15,-8.01,-7.43,-2.74,0.0,80.0,2,1.2,0.85,-12.5,0.0,,8,,20260918
ENGIY,Engie SA,Utilities,Utilities - Diversified,PNK,27.81,247151,70654304256,0.4935,29.68,29.55,-3.7981,,,,,0.0,20.75,4,35.16,20.95,-20.9,0.0,,8,,20260918
ABNB,"Airbnb, Inc.",Consumer Cyclical,Travel Services,NASDAQ,,4406198,99356499968,4.8055,,,,,,,,0.0,24.5,3,193.45,110.81,,0.0,,8,,20260918
MMM,3M Company,Industrials,Conglomerates,NYSE,,3277191,84944642048,3.5031,,,,,,,,0.0,19.5,3,184.9,139.34,,0.0,,8,,20260918
MDLZ,"Mondelez International, Inc.",Consumer Defensive,Confectioners,NASDAQ,,8816938,79182151680,1.1823,,,,,,,,0.0,24.5,3,66.65,51.2,,0.0,,8,,20260918
E,Eni S.p.A.,Energy,Oil & Gas Integrated,NYSE,,420290,79605719040,0.8362,,,,,,,,0.0,23.25,3,58.0,34.03,,0.0,,8,,20260918
DDOG,"Datadog, Inc.",Technology,Software - Application,NASDAQ,,4494272,84741701632,10.1088,,,,,,,,0.0,25.75,3,292.72,98.01,,0.0,,8,,20260918
MRSH,"Marsh & McLennan Companies, Inc.",Financial Services,Insurance Brokers,NYSE,,2404048,83311542272,3.4369,,,,,,,,0.0,18.25,3,207.83,156.6,,0.0,,8,,20260918
NOC,Northrop Grumman Corporation,Industrials,Aerospace & Defense,NYSE,,871850,74441023488,10.3775,,,,,,,,0.0,20.75,3,774.0,479.02,,0.0,,8,,20260918
VCISY,Vinci SA,Industrials,Engineering & Construction,PNK,32.38,304069,71613063168,0.5309,34.05,35.75,-3.1538,,,,,0.0,31.5,4,42.1,31.7,-23.09,0.0,,8,,20260918
VCISF,Vinci SA,Industrials,Engineering & Construction,PNK,127.65,374,70579118080,1.0458,136.24,143.13,-8.2174,-14.92,-34.58,-24.63,-25.68,0.0,0.0,4,167.75,127.65,-23.9,0.0,,8,,20260918
RKLB,Rocket Lab Corporation,Industrials,Aerospace & Defense,NASDAQ,,20715338,43364855808,2.8167,,,,,,,,0.0,23.25,3,151.0,37.57,,0.0,,8,,20260918
BAESY,BAE Systems plc,Industrials,Aerospace & Defense,PNK,108.93,296719,79729819648,2.1305,109.88,107.49,-0.4443,,,,,0.0,67.0,3,126.0,84.5,-13.55,0.0,,8,,20260918
BAESF,BAE Systems plc,Industrials,Aerospace & Defense,PNK,27.37,17114,80132390912,1.3612,27.8,26.97,-0.3131,,,,,0.0,69.5,3,32.21,21.12,-15.03,0.0,,8,,20260918
MCO,Moody's Corporation,Financial Services,Financial Data & Stock Exchanges,NYSE,,845237,79988834304,9.6285,,,,,,,,0.0,23.25,3,546.88,402.28,,0.0,,8,,20260918
MPWR,"Monolithic Power Systems, Inc.",Technology,Semiconductors,NASDAQ,,882446,57476669440,36.7185,,,,,,,,0.0,18.25,3,1714.09,833.18,,0.0,,8,,20260918
LLDTF,Lloyds Banking Group plc,Financial Services,Banks - Regional,PNK,1.4,28879,80879509504,0.0459,1.5,1.35,-2.2003,-0.75,-0.96,21.24,7.97,0.0,52.5,3,1.68,1.05,-16.67,0.0,,8,,20260918
ASX,"ASE Technology Holding Co., Ltd.",Technology,Semiconductors,NYSE,,9015051,104120582144,1.1446,,,,,,,,0.0,22.0,3,45.52,10.93,,0.0,,8,,20260918
LLOBF,Lloyds Banking Group plc 9.25% NON-CUM IRR PRF SHS GBP0.25,Unknown,Unknown,PNK,2.0,1,0,0.0007,2.01,2.05,-12.3523,-0.75,-17.67,-17.88,-13.53,0.0,36.0,1,2.27,1.86,-11.89,0.0,,8,,20260918
LYG,Lloyds Banking Group plc,Financial Services,Banks - Regional,NYSE,,15686145,85790056448,0.09,,,,,,,,0.0,20.75,3,6.34,4.36,,0.0,,8,,20260918
CP,Canadian Pacific Kansas City Limited,Industrials,Railroads,NYSE,,2480741,78044651520,1.8508,,,,,,,,0.0,22.0,3,96.9,68.42,,0.0,,8,,20260918
BAM,Brookfield Asset Management Ltd.,Financial Services,Asset Management,NYSE,,2543738,72547164160,1.265,,,,,,,,0.0,17.0,3,62.57,42.2,,0.0,,8,,20260918
EMR,Emerson Electric Co.,Industrials,Specialty Industrial Machinery,NYSE,,2655761,82219712512,3.4962,,,,,,,,0.0,19.5,3,166.35,122.64,,0.0,,8,,20260918
NET,"Cloudflare, Inc.",Technology,Software - Infrastructure,NYSE,,3444308,118909263872,15.2872,,,,,,,,0.0,24.5,3,336.9,158.83,,0.0,,8,,20260918
ANZGY,ANZ Group Holdings Limited,Financial Services,Banks - Diversified,PNK,27.02,148912,81358036992,0.6331,26.21,25.35,1.2817,,,,,0.0,86.25,2,29.11,21.02,-7.18,0.0,,8,,20260918
SHW,The Sherwin-Williams Company,Basic Materials,Specialty Chemicals,NYSE,,2082901,77910802432,6.6415,,,,,,,,0.0,18.25,3,377.77,289.86,,0.0,,8,,20260918
ORLY,"O'Reilly Automotive, Inc.",Consumer Cyclical,Auto Parts,NASDAQ,,7155248,68672679936,1.5638,,,,,,,,0.0,19.5,3,108.72,82.59,,0.0,,8,,20260918
ANZGF,ANZ Group Holdings Limited,Financial Services,Banks - Diversified,PNK,25.7,25,77383483392,0.0118,25.39,25.01,26.5391,3.63,-14.45,14.52,1.66,0.0,75.0,2,28.73,21.18,-10.53,0.0,,8,,20260918
CI,The Cigna Group,Healthcare,Healthcare Plans,NYSE,,1681725,72930369536,5.7136,,,,,,,,0.0,22.0,3,315.47,239.51,,0.0,,8,,20260918
ROST,"Ross Stores, Inc.",Consumer Cyclical,Apparel Retail,NASDAQ,,2685040,73612845056,4.5823,,,,,,,,0.0,22.0,3,257.0,143.39,,0.0,,8,,20260918
EOG,"EOG Resources, Inc.",Energy,Oil & Gas E&P,NYSE,,3303938,76303261696,3.5954,,,,,,,,0.0,22.0,3,154.16,101.59,,0.0,,8,,20260918
KMI,"Kinder Morgan, Inc.",Energy,Oil & Gas Midstream,NYSE,,10680830,69721178112,0.69,,,,,,,,0.0,19.5,3,34.81,25.6,,0.0,,8,,20260918
CVNA,Carvana Co.,Consumer Cyclical,Auto & Truck Dealerships,NYSE,,9596917,72981250048,2.9183,,,,,,,,0.0,23.25,3,97.38,54.46,,0.0,,8,,20260918
MPC,Marathon Petroleum Corporation,Energy,Oil & Gas Refining & Marketing,NYSE,,2388416,118496813056,12.3608,,,,,,,,0.0,28.25,3,423.83,161.93,,0.0,,8,,20260918
APO,"Apollo Global Management, Inc.",Financial Services,Asset Management,NYSE,,3914688,74408435712,3.8362,,,,,,,,0.0,20.75,3,153.29,99.56,,0.0,,8,,20260918
COHR,Coherent Corp.,Technology,Scientific & Technical Instruments,NYSE,,6122451,57962430464,15.8215,,,,,,,,0.0,25.75,3,440.0,102.14,,0.0,,8,,20260918
TRP,TC Energy Corporation,Energy,Oil & Gas Midstream,NYSE,,2454656,64224931840,1.13,,,,,,,,0.0,23.25,3,71.47,49.27,,0.0,,8,,20260918
LITE,Lumentum Holdings Inc.,Technology,Communication Equipment,NASDAQ,,4744133,80156819456,54.6776,,,,,,,,0.0,24.5,3,1085.68,144.52,,0.0,,8,,20260918
VLO,Valero Energy Corporation,Energy,Oil & Gas Refining & Marketing,NYSE,,2898195,118778716160,12.8085,,,,,,,,0.0,25.75,3,413.44,155.29,,0.0,,8,,20260918
HLT,Hilton Worldwide Holdings Inc.,Consumer Cyclical,Lodging,NYSE,,2158827,68091142144,6.19,,,,,,,,0.0,18.25,3,358.0,253.54,,0.0,,8,,20260918
VOLAF,AB Volvo (publ),Industrials,Farm & Heavy Construction Machinery,PNK,35.94,12,57953382400,0.0405,35.63,34.7,7.5571,2.76,-13.45,6.51,-1.41,0.0,75.0,2,37.82,26.89,-4.97,0.0,,8,,20260918
ITW,Illinois Tool Works Inc.,Industrials,Specialty Industrial Machinery,NYSE,,1305432,76186853376,4.8823,,,,,,,,0.0,19.5,3,303.16,238.82,,0.0,,8,,20260918
CL,Colgate-Palmolive Company,Consumer Defensive,Household & Personal Products,NYSE,,4663977,69935972352,1.5115,,,,,,,,0.0,23.25,3,99.33,74.55,,0.0,,8,,20260918
NTES,"NetEase, Inc.",Communication Services,Electronic Gaming & Multimedia,NASDAQ,,849841,74665975808,1.6071,,,,,,,,0.0,18.25,3,156.44,106.06,,0.0,,8,,20260918
AEP,"American Electric Power Company, Inc.",Utilities,Utilities - Regulated Electric,NASDAQ,,4268969,66209611776,1.9415,,,,,,,,0.0,24.5,3,140.58,105.7,,0.0,,8,,20260918
ECL,Ecolab Inc.,Basic Materials,Specialty Chemicals,NYSE,,1377785,76159672320,4.9613,,,,,,,,0.0,22.0,3,309.27,243.15,,0.0,,8,,20260918
PSX,Phillips 66,Energy,Oil & Gas Refining & Marketing,NYSE,,2788791,109940383744,7.02,,,,,,,,0.0,24.5,3,274.21,126.74,,0.0,,8,,20260918
GM,General Motors Company,Consumer Cyclical,Auto Manufacturers,NYSE,,6812530,78343593984,2.3214,,,,,,,,0.0,23.25,3,91.85,54.33,,0.0,,8,,20260918
NSC,Norfolk Southern Corporation,Industrials,Railroads,NYSE,,1169520,71643332608,5.9023,,,,,,,,0.0,19.5,3,358.6,277.76,,0.0,,8,,20260918
VOLVF,AB Volvo (publ),Industrials,Farm & Heavy Construction Machinery,PNK,34.28,5308,69706735616,0.6939,36.14,34.74,-2.6809,-2.02,-11.92,1.04,-4.26,0.0,38.25,3,39.61,26.03,-13.46,0.0,,8,,20260918
CNI,Canadian National Railway Company,Industrials,Railroads,NYSE,,1487253,72509358080,2.0836,,,,,,,,0.0,22.0,3,131.55,90.74,,0.0,,8,,20260918
DASH,"DoorDash, Inc.",Consumer Cyclical,Internet Retail,NASDAQ,,4250288,84302446592,7.1022,,,,,,,,0.0,23.25,3,285.5,143.3,,0.0,,8,,20260918
JPPTY,"JAPAN POST BANK Co., Ltd.",Financial Services,Banks - Regional,PNK,21.25,70013,75692195840,0.6472,20.42,17.78,1.2897,,,,,0.0,82.5,2,22.79,9.46,-6.76,0.0,,8,,20260918
MURGF,Münchener Rückversicherungs-Gesellschaft Aktiengesellschaft in München,Financial Services,Insurance - Reinsurance,PNK,580.71,1691,73061720064,13.8959,592.03,589.51,-0.8148,6.82,-17.51,-19.52,-12.23,0.0,55.25,3,692.06,506.18,-16.09,0.0,,8,,20260918
AON,Aon plc,Financial Services,Insurance Brokers,NYSE,,1501979,62799732736,9.6892,,,,,,,,0.0,22.0,3,382.34,295.78,,0.0,,8,,20260918
CTAS,Cintas Corporation,Industrials,Specialty Business Services,NASDAQ,,2118454,79217573888,3.2246,,,,,,,,0.0,24.5,3,219.17,161.16,,0.0,,8,,20260918
MURGY,Münchener Rückversicherungs-Gesellschaft Aktiengesellschaft in München,Financial Services,Insurance - Reinsurance,PNK,11.6,927343,72972394496,0.1895,11.84,11.76,-1.2737,,,,,0.0,59.0,4,13.68,10.09,-15.2,0.0,,8,,20260918
ARZGY,Assicurazioni Generali S.p.A.,Financial Services,Insurance - Diversified,PNK,26.46,84530,79843647488,0.2887,25.18,21.82,4.4253,,,,,0.0,86.25,2,26.47,18.61,-0.04,0.0,,8,,20260918
ET,Energy Transfer LP,Energy,Oil & Gas Midstream,NYSE,,8549809,72481456128,0.3008,,,,,,,,0.0,20.75,3,21.84,16.18,,0.0,,8,,20260918
VALE,Vale S.A.,Basic Materials,Other Industrial Metals & Mining,NYSE,,25275006,61580886016,0.42,,,,,,,,0.0,23.25,3,17.94,10.58,,0.0,,8,,20260918
NETTF,"NetEase, Inc.",Communication Services,Electronic Gaming & Multimedia,PNK,21.54,98,68954947584,0.2876,23.79,23.9,-7.8239,-12.48,-20.92,-40.75,-26.74,0.0,12.0,4,32.97,19.4,-34.67,0.0,,8,,20260918
ARZGF,Assicurazioni Generali S.p.A.,Financial Services,Insurance - Diversified,PNK,51.17,161,52821733376,0.2146,48.13,43.27,14.1839,13.04,13.07,13.8,13.35,0.0,75.0,2,51.17,35.01,-0.0,0.0,,8,,20260918
RCL,Royal Caribbean Cruises Ltd.,Consumer Cyclical,Travel Services,NYSE,,2179662,66793484288,6.4823,,,,,,,,0.0,17.0,3,356.39,232.1,,0.0,,8,,20260918
JAPAF,Japan Tobacco Inc.,Consumer Defensive,Tobacco,PNK,43.82,183,77796171776,1.0021,41.58,38.67,2.2312,8.01,15.27,35.22,21.44,0.0,76.25,2,47.01,30.48,-6.79,0.0,,8,,20260918
JAPAY,Japan Tobacco Inc.,Consumer Defensive,Tobacco,PNK,22.12,64133,78541824000,0.3987,21.17,19.32,2.3941,,,,,0.0,81.25,2,22.62,15.61,-2.23,0.0,,8,,20260918
VLVLY,AB Volvo (publ),Industrials,Farm & Heavy Construction Machinery,PNK,34.31,133551,69767741440,0.6228,36.06,34.13,-2.8072,,,,,0.0,70.75,3,39.62,26.11,-13.39,0.0,,8,,20260918
B,Barrick Mining Corporation,Basic Materials,Gold,NYSE,,9880117,71908687872,1.2616,,,,,,,,0.0,23.25,3,54.69,29.08,,0.0,,8,,20260918
TDG,TransDigm Group Incorporated,Industrials,Aerospace & Defense,NYSE,,399741,59478093824,24.9815,,,,,,,,0.0,18.25,3,1463.03,1071.25,,0.0,,8,,20260918
WBD,"Warner Bros. Discovery, Inc.",Communication Services,Entertainment,NASDAQ,,21053483,70801539072,0.2962,,,,,,,,0.0,22.0,3,30.0,17.08,,0.0,,8,,20260918
HKXCF,Hong Kong Exchanges and Clearing Limited,Financial Services,Financial Data & Stock Exchanges,PNK,49.55,4414,62631137280,2.4462,50.86,50.86,-0.5352,3.49,-18.11,-27.73,-16.56,0.0,61.5,4,59.81,44.59,-17.15,0.0,,8,,20260918
DLR,"Digital Realty Trust, Inc.",Real Estate,REIT - Specialty,NYSE,,2879543,69588312064,4.983,,,,,,,,0.0,27.0,3,208.14,146.23,,0.0,,8,,20260918
MSI,"Motorola Solutions, Inc.",Technology,Communication Equipment,NYSE,,999970,76074188800,9.0155,,,,,,,,0.0,22.0,3,494.85,359.36,,0.0,,8,,20260918
CRH,CRH plc,Basic Materials,Building Materials,NYSE,,4485296,57680162816,2.3831,,,,,,,,0.0,19.5,3,131.55,85.47,,0.0,,8,,20260918
REGN,"Regeneron Pharmaceuticals, Inc.",Healthcare,Biotechnology,NASDAQ,,789422,81277820928,18.7885,,,,,,,,0.0,20.75,3,859.34,541.0,,0.0,,8,,20260918
SOBKY,SoftBank Corp.,Communication Services,Telecom Services,PNK,16.07,195740,76868780032,0.5142,14.53,13.84,2.9952,,,,,0.0,86.25,2,16.42,12.44,-2.13,0.0,,8,,20260918
SPG,"Simon Property Group, Inc.",Real Estate,REIT - Retail,NYSE,,1654158,77621616640,3.4346,,,,,,,,0.0,14.5,3,238.5,172.19,,0.0,,8,,20260918
HOOD,"Robinhood Markets, Inc.",Financial Services,Capital Markets,NASDAQ,,22687919,98728222720,6.3762,,,,,,,,0.0,22.0,3,153.86,63.52,,0.0,,8,,20260918
RNMBY,Rheinmetall AG,Industrials,Aerospace & Defense,PNK,233.54,63488,54494298112,7.0043,250.93,319.08,-2.4834,,,,,0.0,8.75,4,468.9,211.2,-50.19,0.0,,8,,20260918
NKE,"NIKE, Inc.",Consumer Cyclical,Footwear & Accessories,NYSE,,26497346,53940015104,0.783,,,,,,,,0.0,19.5,3,76.97,35.73,,0.0,,8,,20260918
HKXCY,Hong Kong Exchanges and Clearing Limited,Financial Services,Financial Data & Stock Exchanges,PNK,49.65,154069,62757539840,0.7569,50.88,50.76,-1.6299,,,,,0.0,61.5,4,58.61,45.74,-15.29,0.0,,8,,20260918
MKGAF,Merck KGaA,Healthcare,Drug Manufacturers - Specialty & Generic,PNK,150.33,543,65360158720,9.1852,161.5,148.73,-1.2163,,,,,0.0,33.75,3,175.56,116.68,-14.37,0.0,,8,,20260918
SFBQF,SoftBank Corp.,Communication Services,Telecom Services,PNK,1.54,23241,73663922176,0.0802,1.41,1.37,1.6654,16.8,3.22,-13.47,-0.06,0.0,83.75,2,1.71,1.17,-9.94,0.0,,8,,20260918
BKR,Baker Hughes Company,Energy,Oil & Gas Equipment & Services,NASDAQ,,8522296,56150605824,1.9969,,,,,,,,0.0,19.5,3,70.41,43.92,,0.0,,8,,20260918
RNMBF,Rheinmetall AG,Industrials,Aerospace & Defense,PNK,1175.05,458,54837309440,54.4932,1257.75,1598.2,-1.5177,,,,,0.0,16.25,4,2398.68,1017.57,-51.01,0.0,,8,,20260918
TRV,"The Travelers Companies, Inc.",Financial Services,Insurance - Property & Casualty,NYSE,,1905753,79152136192,5.9812,,,,,,,,0.0,23.25,3,398.7,252.26,,0.0,,8,,20260918
BHKLY,BOC Hong Kong (Holdings) Limited,Financial Services,Banks - Regional,PNK,130.26,2674,68860510208,3.6852,126.41,110.39,1.0447,8.68,15.16,22.37,16.42,0.0,85.0,2,140.0,92.3,-6.96,0.0,,8,,20260918
MKKGY,Merck KGaA,Healthcare,Drug Manufacturers - Specialty & Generic,PNK,30.2,79335,65651458048,0.4963,31.99,29.14,-3.6023,,,,,0.0,36.25,3,34.19,23.73,-11.67,0.0,,8,,20260918
DHLGY,DHL AG,Industrials,Integrated Freight & Logistics,OID,32.17,274250,71417397248,0.4303,32.31,28.63,-0.3137,,,,,0.0,70.75,3,33.44,21.77,-3.8,0.0,,8,,20260918
DPSTF,DHL AG,Industrials,Integrated Freight & Logistics,OID,64.5,1687,71594999808,0.5666,64.55,58.15,-0.0822,5.24,5.47,30.7,15.51,0.0,64.5,3,66.89,43.31,-3.57,0.0,,8,,20260918
MFC,Manulife Financial Corporation,Financial Services,Insurance - Life,NYSE,,2160859,73089933312,0.7846,,,,,,,,0.0,24.5,3,45.33,30.52,,0.0,,8,,20260918
NRDBY,Nordea Bank Abp,Financial Services,Banks - Regional,OQX,20.53,512298,69673762816,0.3125,19.89,18.32,2.0611,,,,,0.0,83.75,2,21.39,16.06,-4.02,0.0,,8,,20260918
APD,"Air Products and Chemicals, Inc.",Basic Materials,Specialty Chemicals,NYSE,,1194291,63714783232,5.7577,,,,,,,,0.0,20.75,3,314.87,229.11,,0.0,,8,,20260918
KDDIY,KDDI Corporation,Communication Services,Telecom Services,PNK,19.87,223756,73438781440,0.5701,18.3,17.22,2.759,,,,,0.0,88.75,2,20.19,12.95,-1.58,0.0,,8,,20260918
IMO,Imperial Oil Limited,Energy,Oil & Gas Integrated,NYSE,,546832,0,3.1568,,,,,,,,0.0,20.75,3,139.44,83.27,,0.0,,8,,20260918
KDDIF,KDDI Corporation,Communication Services,Telecom Services,PNK,19.74,532,72958304256,0.3486,18.05,17.0,4.8478,5.66,20.46,-1.34,8.04,0.0,76.25,2,20.7,14.18,-4.61,0.0,,8,,20260918
FIX,"Comfort Systems USA, Inc.",Industrials,Engineering & Construction,NYSE,,461503,55394463744,58.9508,,,,,,,,0.0,24.5,3,2073.99,757.0,,0.0,,8,,20260918
RSG,"Republic Services, Inc.",Industrials,Waste Management,NYSE,,1477198,67039207424,3.4685,,,,,,,,0.0,24.5,3,233.42,196.41,,0.0,,8,,20260918
MPNGY,Meituan,Consumer Cyclical,Internet Retail,PNK,18.5,211440,51732365312,0.5728,21.38,21.91,-5.0209,,,,,0.0,37.5,4,27.54,16.23,-32.82,0.0,,8,,20260918
NBNKF,Nordea Bank Abp,Financial Services,Banks - Regional,OQX,20.0,762,67875069952,0.0686,19.23,18.79,11.1723,15.52,-3.72,8.89,6.14,0.0,75.0,2,20.76,16.2,-3.66,0.0,,8,,20260918
RBSPF,NatWest Group plc,Financial Services,Banks - Regional,PNK,9.16,27932,72701214720,0.3911,9.1,8.22,0.1657,10.81,10.65,15.48,12.62,0.0,82.5,2,9.8,6.71,-6.53,0.0,,8,,20260918
MQBKY,Macquarie Group Limited,Financial Services,Capital Markets,PNK,171.23,11080,65262325760,2.7117,179.56,158.59,-3.0709,,,,,0.0,70.75,3,190.3,122.37,-10.02,0.0,,8,,20260918
NWG,NatWest Group plc,Financial Services,Banks - Regional,NYSE,,3903279,75161632768,0.2738,,,,,,,,0.0,19.5,3,19.42,13.56,,0.0,,8,,20260918
MPNGF,Meituan,Consumer Cyclical,Internet Retail,PNK,9.25,7929,51732365312,0.3094,10.52,10.87,-4.104,,,,,0.0,28.75,4,14.2,8.2,-34.86,0.0,,8,,20260918
NU,Nu Holdings Ltd.,Financial Services,Banks - Regional,NYSE,,77405301,66856734720,0.5401,,,,,,,,0.0,23.25,3,18.98,11.2,,0.0,,8,,20260918
NNFSF,"Nongfu Spring Co., Ltd.",Consumer Defensive,Beverages - Non-Alcoholic,PNK,5.21,5202,58594086912,0.0335,5.32,5.25,-3.2969,-5.85,-13.17,-9.25,-9.77,0.0,38.5,1,7.21,5.1,-27.74,0.0,,8,,20260918
PSTVY,"Postal Savings Bank of China Co., Ltd.",Financial Services,Banks - Regional,PNK,14.0,2064,94281564160,0.7288,12.86,12.73,1.5616,,,,,0.0,90.0,2,14.95,10.65,-6.35,0.0,,8,,20260918
BNKHF,BOC Hong Kong (Holdings) Limited,Financial Services,Banks - Regional,PNK,5.95,14,62908043264,0.0057,5.97,5.5,-3.1371,5.59,-0.88,17.23,7.98,0.0,62.0,3,6.15,4.25,-3.25,0.0,,8,,20260918
LSEGY,London Stock Exchange Group plc,Financial Services,Financial Data & Stock Exchanges,OQX,27.46,1093161,53012480000,0.7826,29.2,29.24,-2.2253,,,,,0.0,47.0,4,34.23,24.07,-19.78,0.0,,8,,20260918
LDNXF,London Stock Exchange Group plc,Financial Services,Financial Data & Stock Exchanges,OQX,110.0,6146,53089701888,2.3907,117.13,116.62,-2.9824,,,,,0.0,43.25,3,138.99,95.04,-20.86,0.0,,8,,20260918
DB,Deutsche Bank Aktiengesellschaft,Financial Services,Banks - Regional,NYSE,,1944824,73374949376,0.5315,,,,,,,,0.0,20.75,3,41.62,28.12,,0.0,,8,,20260918
SRE,Sempra,Utilities,Utilities - Diversified,NYSE,,3821169,53737529344,1.8831,,,,,,,,0.0,24.5,3,101.04,79.59,,0.0,,8,,20260918
CRARY,Crédit Agricole S.A.,Financial Services,Banks - Regional,PNK,10.64,174195,64549486592,0.1564,10.77,9.8,-0.8195,,,,,0.0,74.5,3,11.66,8.81,-8.75,0.0,,8,,20260918
WFAFY,Wesfarmers Limited,Consumer Cyclical,Home Improvement Retail,PNK,25.87,77911,58739527680,0.688,29.55,27.75,-5.3479,,,,,0.0,23.25,4,33.31,24.5,-22.34,0.0,,8,,20260918
TFC,Truist Financial Corporation,Financial Services,Banks - Regional,NYSE,,7437448,59187793920,1.0985,,,,,,,,0.0,20.75,3,56.2,40.78,,0.0,,8,,20260918
SNGNF,Singapore Telecommunications Limited,Communication Services,Telecom Services,PNK,3.54,12709,57687560192,0.0379,3.37,3.6,4.3939,0.39,-22.01,-11.54,-12.22,0.0,37.0,3,4.25,3.06,-16.71,0.0,,8,,20260918
STM,STMicroelectronics N.V.,Technology,Semiconductors,NYSE,,10027501,43356626944,1.1777,,,,,,,,0.0,19.5,3,81.42,21.11,,0.0,,8,,20260918
AFL,Aflac Incorporated,Financial Services,Insurance - Life,NYSE,,2172075,58456629248,1.6931,,,,,,,,0.0,19.5,3,130.22,105.43,,0.0,,8,,20260918
SNOW,Snowflake Inc.,Technology,Software - Application,NYSE,,5461382,119383998464,14.3671,,,,,,,,0.0,22.0,3,384.56,118.3,,0.0,,8,,20260918
D,"Dominion Energy, Inc.",Utilities,Utilities - Regulated Electric,NYSE,,4595937,56544722944,1.1186,,,,,,,,0.0,20.75,3,72.99,55.85,,0.0,,8,,20260918
F,Ford Motor Company,Consumer Cyclical,Auto Manufacturers,NYSE,,49513504,54271176704,0.4315,,,,,,,,0.0,22.0,3,17.78,11.11,,0.0,,8,,20260918
KEYS,"Keysight Technologies, Inc.",Technology,Scientific & Technical Instruments,NYSE,,1394706,56425922560,7.98,,,,,,,,0.0,24.5,3,374.96,158.79,,0.0,,8,,20260918
TRGP,Targa Resources Corp.,Energy,Oil & Gas Midstream,NYSE,,1229708,61127852032,6.3546,,,,,,,,0.0,17.0,3,307.94,144.14,,0.0,,8,,20260918
MCQEF,Macquarie Group Limited,Financial Services,Capital Markets,PNK,184.5,48,71102357504,0.1299,178.71,157.38,44.5731,12.83,22.31,16.3,17.54,0.0,75.0,2,184.5,125.94,0.0,0.0,,8,,20260918
NTIOF,National Bank of Canada,Financial Services,Banks - Diversified,PNK,150.65,58056,57708208128,2.644,159.33,141.81,-3.2828,,,,,0.0,37.5,3,171.47,105.65,-12.14,0.0,,8,,20260918
CRARF,Crédit Agricole S.A.,Financial Services,Banks - Regional,PNK,20.96,533,63578812416,0.2023,21.31,19.48,-1.708,6.57,3.3,-2.67,1.73,0.0,64.5,3,23.21,18.1,-9.69,0.0,,8,,20260918
OKE,"ONEOK, Inc.",Energy,Oil & Gas Midstream,NYSE,,3703893,58766749696,2.5662,,,,,,,,0.0,19.5,3,99.85,64.02,,0.0,,8,,20260918
TEL,TE Connectivity plc,Technology,Electronic Components,NYSE,,2336551,59813433344,5.3477,,,,,,,,0.0,23.25,3,252.56,190.27,,0.0,,8,,20260918
SGAPY,Singapore Telecommunications Limited,Communication Services,Telecom Services,PNK,34.74,60290,56603881472,0.8497,34.38,35.43,0.4136,,,,,0.0,67.0,3,41.2,30.69,-15.69,0.0,,8,,20260918
GWW,"W.W. Grainger, Inc.",Industrials,Industrial Distribution,NYSE,,293662,59470123008,24.7,,,,,,,,0.0,19.5,3,1419.91,906.52,,0.0,,8,,20260918
URI,"United Rentals, Inc.",Industrials,Rental & Leasing Services,NYSE,,464333,62399963136,28.61,,,,,,,,0.0,20.75,3,1179.18,701.59,,0.0,,8,,20260918
RLXXF,RELX PLC,Industrials,Specialty Business Services,PNK,34.25,17633,59570384896,1.6932,34.66,34.54,-0.2407,,,,,0.0,60.25,4,48.92,26.94,-29.99,0.0,,8,,20260918
OXY,Occidental Petroleum Corporation,Energy,Oil & Gas E&P,NYSE,,8621612,59268501504,1.423,,,,,,,,0.0,19.5,3,67.45,38.8,,0.0,,8,,20260918
LHX,"L3Harris Technologies, Inc.",Industrials,Aerospace & Defense,NYSE,,1611264,46639316992,5.4752,,,,,,,,0.0,18.25,3,379.23,244.76,,0.0,,8,,20260918
RELX,RELX PLC,Industrials,Specialty Business Services,NYSE,,2565675,59796492288,0.5546,,,,,,,,0.0,27.0,3,48.4,27.57,,0.0,,8,,20260918
SMTOY,"Sumitomo Electric Industries, Ltd.",Consumer Cyclical,Auto Parts,PNK,6.64,692066,41429344256,0.3327,7.0,7.34,-1.0881,,,,,0.0,25.75,4,11.14,3.5,-40.4,0.0,,8,,20260918
STMEF,STMicroelectronics N.V.,Technology,Semiconductors,PNK,51.55,59743,45978894336,0.5644,55.24,46.05,-6.5353,-33.01,40.24,83.08,39.06,0.0,26.25,3,80.86,23.12,-36.25,0.0,,8,,20260918
O,Realty Income Corporation,Real Estate,REIT - Retail,NYSE,,5768437,54237216768,0.9129,,,,,,,,0.0,14.5,3,67.94,55.86,,0.0,,8,,20260918
CHBJF,China CITIC Bank Corporation Limited,Financial Services,Banks - Regional,PNK,0.94,31,52306452480,0.0122,0.91,0.81,2.1012,-2.0,14.61,65.48,30.8,0.0,75.0,2,1.15,0.84,-18.26,0.0,,8,,20260918
CRWV,"CoreWeave, Inc.",Technology,Software - Infrastructure,NASDAQ,,27610751,44056739840,4.5617,,,,,,,,0.0,22.0,3,153.2,60.55,,0.0,,8,,20260918
PCAR,PACCAR Inc,Industrials,Farm & Heavy Construction Machinery,NASDAQ,,3142404,61774192640,2.6731,,,,,,,,0.0,18.25,3,139.24,92.25,,0.0,,8,,20260918
WPM,Wheaton Precious Metals Corp.,Basic Materials,Gold,NYSE,,2054453,69123145728,4.8623,,,,,,,,0.0,24.5,3,165.76,92.57,,0.0,,8,,20260918
MPLX,MPLX LP,Energy,Oil & Gas Midstream,NYSE,,1386846,59432370176,0.8954,,,,,,,,0.0,19.5,3,60.95,47.8,,0.0,,8,,20260918
SCBFY,Standard Chartered PLC,Financial Services,Banks - Diversified,PNK,62.4,152346,67946479616,1.1089,59.13,51.05,2.9498,,,,,0.0,87.5,2,63.15,37.32,-1.19,0.0,,8,,20260918
TGT,Target Corporation,Consumer Defensive,Discount Stores,NYSE,,4266829,72610250752,3.4808,,,,,,,,0.0,23.25,3,170.75,83.44,,0.0,,8,,20260918
CVE,Cenovus Energy Inc.,Energy,Oil & Gas Integrated,NYSE,,7152541,60694102016,0.7962,,,,,,,,0.0,23.25,3,34.16,15.63,,0.0,,8,,20260918
FANG,"Diamondback Energy, Inc.",Energy,Oil & Gas E&P,NASDAQ,,2244450,55147094016,5.4469,,,,,,,,0.0,19.5,3,216.9,136.13,,0.0,,8,,20260918
CBRS,Cerebras Systems Inc.,Technology,Semiconductors,NASDAQ,,7094366,46120685568,11.6215,,,,,,,,0.0,23.25,3,386.34,160.81,,0.0,,8,,20260918
DSDVF,DSV A/S,Industrials,Integrated Freight & Logistics,PNK,194.47,695,46434172928,7.9491,219.47,241.86,-3.1449,-22.28,-33.04,-23.48,-26.53,0.0,10.0,4,307.1,190.66,-36.68,0.0,,8,,20260918
ORANY,Orange S.A.,Communication Services,Telecom Services,PNK,18.31,191979,48663846912,0.2781,18.5,18.8,-0.6653,,,,,0.0,41.5,4,21.85,15.36,-16.2,0.0,,8,,20260918
SMTOF,"Sumitomo Electric Industries, Ltd.",Consumer Cyclical,Auto Parts,PNK,14.19,23838,40649424896,0.9295,14.31,5.97,-0.126,,,,,0.0,44.5,3,21.48,7.58,-33.94,0.0,,8,,20260918
LTOUF,Larsen & Toubro Limited,Industrials,Engineering & Construction,PNK,40.91,11,56286683136,0.0101,41.28,42.24,-36.9467,-3.23,25.45,-14.59,2.26,0.0,24.0,4,48.0,29.23,-14.77,0.0,,8,,20260918
AZO,"AutoZone, Inc.",Consumer Cyclical,Auto Parts,NYSE,,313629,0,60.6354,,,,,,,,0.0,20.75,3,4332.68,2834.31,,0.0,,8,,20260918
TER,"Teradyne, Inc.",Technology,Semiconductor Equipment & Materials,NASDAQ,,3779920,55208611840,14.4562,,,,,,,,0.0,23.25,3,487.91,115.09,,0.0,,8,,20260918
MBGYY,Mercedes-Benz Group AG,Consumer Cyclical,Auto Manufacturers,PNK,13.17,613174,50432155648,0.2363,13.22,14.62,-0.2073,,,,,0.0,56.5,4,18.16,12.22,-27.48,0.0,,8,,20260918
STRK,Strategy Inc,Technology,Software - Application,NASDAQ,,116137,0,2.4937,,,,,,,,0.0,25.75,3,100.25,49.8,,0.0,,8,,20260918
STRC,Strategy Inc,Technology,Software - Application,NASDAQ,,2062798,0,0.7118,,,,,,,,0.0,27.0,3,100.42,71.25,,0.0,,8,,20260918
MSTR,Strategy Inc,Technology,Software - Application,NASDAQ,,23540498,52540502016,7.7585,,,,,,,,0.0,23.25,3,365.21,81.81,,0.0,,8,,20260918
STRF,Strategy Inc,Technology,Software - Application,NASDAQ,,124466,0,1.2983,,,,,,,,0.0,29.5,3,117.05,82.5,,0.0,,8,,20260918
ENAKF,E.ON SE,Utilities,Utilities - Diversified,PNK,21.15,201,55292116992,0.4117,21.28,21.1,-0.3226,2.27,-20.08,-0.41,-6.63,0.0,62.0,3,24.26,17.16,-12.82,0.0,,8,,20260918
WMMVY,"Wal-Mart de México, S.A.B. de C.V.",Consumer Defensive,Discount Stores,OQX,26.89,179595,46305202176,0.8159,27.93,30.88,-1.2788,,,,,0.0,28.25,4,35.47,26.26,-24.19,0.0,,8,,20260918
MBGAF,Mercedes-Benz Group AG,Consumer Cyclical,Auto Manufacturers,PNK,53.0,24527,50738499584,1.1228,53.02,58.6,-0.0159,,,,,0.0,61.5,4,72.81,48.77,-27.21,0.0,,8,,20260918
WMMVF,"Wal-Mart de México, S.A.B. de C.V.",Consumer Defensive,Discount Stores,OID,2.63,78204,45289209856,0.0732,2.78,3.07,-2.107,,,,,0.0,8.75,4,3.52,2.6,-25.28,0.0,,8,,20260918
ALL,The Allstate Corporation,Financial Services,Insurance - Property & Casualty,NYSE,,1752280,63773306880,4.4502,,,,,,,,0.0,19.5,3,277.22,188.08,,0.0,,8,,20260918
MARUF,Marubeni Corporation,Industrials,Conglomerates,PNK,32.63,12720,53019750400,2.2626,31.54,32.9,0.4797,,,,,0.0,73.25,3,41.61,22.74,-21.58,0.0,,8,,20260918
SCBFF,Standard Chartered PLC,Financial Services,Banks - Diversified,PNK,29.97,12761,65267818496,0.9023,29.09,25.42,0.9782,14.56,25.74,37.71,27.73,0.0,81.25,2,31.4,18.03,-4.55,0.0,,8,,20260918
NGLOY,Anglo American plc,Basic Materials,Other Industrial Metals & Mining,OQX,26.82,391720,57474613248,0.8742,26.28,24.05,0.6207,,,,,0.0,85.0,2,29.61,17.09,-9.42,0.0,,8,,20260918
EONGY,E.ON SE,Utilities,Utilities - Diversified,PNK,20.38,177195,53279117312,0.3347,21.08,20.72,-2.092,,,,,0.0,32.75,4,23.58,17.38,-13.57,0.0,,8,,20260918
MARUY,Marubeni Corporation,Industrials,Conglomerates,PNK,32.4,185869,52646027264,1.7292,31.6,256.39,0.4618,,,,,0.0,35.0,3,426.06,29.16,-92.4,0.0,,8,,20260918
DSDVY,DSV A/S,Industrials,Integrated Freight & Logistics,PNK,99.87,124412,47692505088,2.3438,109.23,122.18,-3.9934,,,,,0.0,6.25,4,151.98,95.15,-34.29,0.0,,8,,20260918
THLEF,Thales S.A.,Industrials,Aerospace & Defense,PNK,280.01,216,57586208768,12.7307,280.37,279.96,-0.0284,5.69,-15.23,-25.31,-14.03,0.0,74.5,3,333.38,242.9,-16.01,0.0,,8,,20260918
FNCTF,Orange S.A.,Communication Services,Telecom Services,PNK,17.66,13837,46936293376,0.4085,18.46,18.62,-1.9493,-11.79,-23.9,1.98,-10.52,0.0,27.75,4,21.5,15.07,-17.86,0.0,,8,,20260918
HOCPY,HOYA Corporation,Healthcare,Medical Instruments & Supplies,PNK,146.45,37420,48850128896,3.8469,155.57,165.74,-2.37,,,,,0.0,12.5,4,190.18,134.32,-22.99,0.0,,8,,20260918
THLLY,Thales S.A.,Industrials,Aerospace & Defense,PNK,54.63,55541,56175394816,0.932,56.1,56.0,-1.5804,,,,,0.0,57.75,3,65.46,48.75,-16.54,0.0,,8,,20260918
KBCSF,KBC Group NV,Financial Services,Banks - Regional,PNK,155.21,62,61923319808,0.8725,143.78,134.03,13.1058,,,,,0.0,77.5,2,155.21,116.46,0.0,0.0,,8,,20260918
KBCSY,KBC Group NV,Financial Services,Banks - Regional,PNK,76.48,31764,61133615104,1.1252,73.41,66.51,2.7259,,,,,0.0,85.0,2,78.02,56.86,-1.97,0.0,,8,,20260918
FKURF,Fujikura Ltd.,Industrials,Conglomerates,PNK,33.08,19382,51492290560,2.1783,31.71,22.04,0.6276,,,,,0.0,57.5,2,51.47,15.56,-35.73,0.0,,8,,20260918
DVN,Devon Energy Corporation,Energy,Oil & Gas E&P,NYSE,,11673240,53592002560,1.2446,,,,,,,,0.0,23.25,3,52.71,31.47,,0.0,,8,,20260918
HOCPF,HOYA Corporation,Healthcare,Medical Instruments & Supplies,PNK,144.26,120,48118960128,2.1417,155.91,165.77,-5.44,-15.65,-30.95,-9.8,-18.67,0.0,0.0,4,191.23,136.46,-24.56,0.0,,8,,20260918
CMCLF,CMOC Group Limited,Basic Materials,Other Industrial Metals & Mining,PNK,2.01,17911,48399425536,0.2228,2.15,2.41,-0.6172,-21.74,-30.78,3.63,-14.76,0.0,6.25,4,3.55,1.45,-43.38,0.0,,8,,20260918
BFFAF,BASF SE,Basic Materials,Chemicals,OQX,58.77,433,50596380672,0.82,58.01,55.55,0.9244,5.06,-2.6,3.05,1.57,0.0,75.0,2,64.86,47.11,-9.39,0.0,,8,,20260918
CMPGF,Compass Group PLC,Consumer Cyclical,Restaurants,OQX,31.51,3820,53585371136,0.3664,31.62,30.68,-0.2962,-4.79,-9.14,-24.21,-14.08,0.0,39.5,3,35.6,26.84,-11.47,0.0,,8,,20260918
MET,"MetLife, Inc.",Financial Services,Insurance - Life,NYSE,,3507267,61863677952,1.7446,,,,,,,,0.0,24.5,3,100.93,67.33,,0.0,,8,,20260918
NBIS,Nebius Group N.V.,Communication Services,Internet Content & Information,NASDAQ,,20619146,59261722624,12.1278,,,,,,,,0.0,20.75,3,299.86,73.52,,0.0,,8,,20260918
AAUKF,Anglo American plc,Basic Materials,Other Industrial Metals & Mining,OQX,52.3,2861,56038817792,0.8289,52.18,48.07,0.1427,-5.4,4.33,37.32,15.1,0.0,77.5,2,57.5,34.25,-9.04,0.0,,8,,20260918
DBOEF,Deutsche Börse AG,Financial Services,Financial Data & Stock Exchanges,PNK,328.82,6611,59282190336,12.5745,309.93,280.54,1.5019,16.72,1.6,1.63,5.39,0.0,82.5,2,344.27,231.6,-4.49,0.0,,8,,20260918
SSUMF,Sumitomo Corporation,Industrials,Conglomerates,PNK,10.65,4125,50341756928,0.4338,10.55,31.07,0.2259,-74.61,-83.43,-78.8,-79.37,0.0,31.25,3,50.33,9.18,-78.84,0.0,,8,,20260918
PSA,Public Storage,Real Estate,REIT - Industrial,NYSE,,992674,56197697536,6.0873,,,,,,,,0.0,19.5,3,335.55,256.54,,0.0,,8,,20260918
BASFY,BASF SE,Basic Materials,Chemicals,OQX,15.07,139179,51896373248,0.2307,14.66,14.01,1.7766,,,,,0.0,86.25,2,16.25,11.93,-7.26,0.0,,8,,20260918
FJIKY,Fujikura Ltd.,Industrials,Conglomerates,PNK,15.91,444006,52684394496,0.8645,15.68,14.39,0.2643,,,,,0.0,63.75,2,25.65,7.67,-37.97,0.0,,8,,20260918
SSUMY,Sumitomo Corporation,Industrials,Conglomerates,PNK,11.91,263445,56297684992,0.4298,10.75,10.01,2.6986,,,,,0.0,88.75,2,12.45,7.13,-4.34,0.0,,8,,20260918
COR,"Cencora, Inc.",Healthcare,Medical Distribution,NYSE,,1449237,59043835904,6.0669,,,,,,,,0.0,22.0,3,377.54,244.82,,0.0,,8,,20260918
DBOEY,Deutsche Börse AG,Financial Services,Financial Data & Stock Exchanges,PNK,32.05,400535,57782190080,0.5644,31.27,28.19,1.3764,,,,,0.0,86.25,2,33.91,23.25,-5.49,0.0,,8,,20260918
SE,Sea Limited,Consumer Cyclical,Internet Retail,NYSE,,4411041,62026309632,3.6975,,,,,,,,0.0,20.75,3,195.48,77.05,,0.0,,8,,20260918
UCBJY,UCB SA,Healthcare,Biotechnology,PNK,119.77,41058,45671313408,2.8031,129.31,142.2,-3.4045,,,,,0.0,12.5,4,168.76,114.53,-29.03,0.0,,8,,20260918
ANFGF,Antofagasta plc,Basic Materials,Copper,PNK,49.75,6400,49046372352,2.677,51.6,50.2,-0.6922,,,,,0.0,57.75,3,61.72,31.15,-19.39,0.0,,8,,20260918
CTVA,"Corteva, Inc.",Basic Materials,Agricultural Inputs,NYSE,,4616677,54396489728,2.4952,,,,,,,,0.0,25.75,3,90.97,60.53,,0.0,,8,,20260918
CMPGY,Compass Group PLC,Consumer Cyclical,Restaurants,OQX,31.02,292320,52743716864,0.5846,31.49,30.57,-0.8029,,,,,0.0,43.25,3,35.94,26.95,-13.69,0.0,,8,,20260918
NTDOF,"Nintendo Co., Ltd.",Communication Services,Electronic Gaming & Multimedia,PNK,56.69,8262,65356382208,3.7912,50.6,54.85,1.6054,,,,,0.0,81.25,3,93.61,38.34,-39.44,0.0,,8,,20260918
NUE,Nucor Corporation,Basic Materials,Steel,NYSE,,1491974,60153819136,7.2615,,,,,,,,0.0,22.0,3,280.11,131.32,,0.0,,8,,20260918
VLKPF,Volkswagen AG,Consumer Cyclical,Auto Manufacturers,PNK,94.0,433,47121756160,4.273,86.28,103.69,1.8063,-6.9,-25.71,-36.95,-25.5,0.0,45.75,3,129.94,74.6,-27.66,0.0,,8,,20260918
VWAPY,Volkswagen AG,Consumer Cyclical,Auto Manufacturers,PNK,9.21,174853,46169292800,0.2265,8.64,9.82,2.5018,,,,,0.0,70.75,3,12.72,7.86,-27.59,0.0,,8,,20260918
VWAGY,Volkswagen AG,Consumer Cyclical,Auto Manufacturers,PNK,9.44,353458,47322271744,0.2217,8.78,9.99,2.9834,,,,,0.0,75.75,3,12.83,8.07,-26.42,0.0,,8,,20260918
VST,Vistra Corp.,Utilities,Utilities - Independent Power Producers,NYSE,,4423891,48183787520,4.4564,,,,,,,,0.0,22.0,3,219.82,132.66,,0.0,,8,,20260918
ALAB,"Astera Labs, Inc.",Technology,Semiconductors,NASDAQ,,4702196,50928287744,16.9633,,,,,,,,0.0,23.25,3,499.48,97.89,,0.0,,8,,20260918
AJG,Arthur J. Gallagher & Co.,Financial Services,Insurance Brokers,NYSE,,1529901,61883281408,6.5045,,,,,,,,0.0,20.75,3,313.55,190.75,,0.0,,8,,20260918
NTDOY,"Nintendo Co., Ltd.",Communication Services,Electronic Gaming & Multimedia,PNK,13.4,3275727,61794000896,0.3902,12.61,13.72,2.0132,,,,,0.0,73.25,3,22.89,10.18,-41.46,0.0,,8,,20260918
CARR,Carrier Global Corporation,Industrials,Building Products & Equipment,NYSE,,6179832,44835041280,1.6915,,,,,,,,0.0,19.5,3,76.76,50.24,,0.0,,8,,20260918
ANCTF,Alimentation Couche-Tard Inc.,Consumer Cyclical,Specialty Retail,PNK,57.07,218562,52388126720,1.4456,62.57,58.4,-3.8071,,,,,0.0,24.5,4,67.06,48.03,-14.9,0.0,,8,,20260918
GWLIF,Great-West Lifeco Inc.,Financial Services,Insurance - Life,PNK,66.77,112924,59772502016,0.8717,65.09,53.92,1.9288,,,,,0.0,85.0,2,67.2,38.67,-0.64,0.0,,8,,20260918
LBLCF,Loblaw Companies Limited,Consumer Defensive,Grocery Stores,PNK,44.95,227508,51944280064,0.8109,45.09,45.38,-0.1693,,,,,0.0,36.5,4,50.29,38.08,-10.62,0.0,,8,,20260918
TKPHF,Takeda Pharmaceutical Company Limited,Healthcare,Drug Manufacturers - Specialty & Generic,PNK,38.0,9908,60676554752,0.7606,35.01,33.26,3.9378,,,,,0.0,75.0,2,39.2,26.33,-3.06,0.0,,8,,20260918
PCRFF,Panasonic Holdings Corporation,Technology,Consumer Electronics,PNK,27.88,10454,65097707520,1.3178,26.82,20.05,0.8039,8.66,53.64,149.66,80.8,0.0,86.25,2,30.44,10.45,-8.41,0.0,,8,,20260918
CTPCF,CITIC Limited,Industrials,Conglomerates,PNK,1.35,16,39271854080,0.0025,1.32,1.49,11.5019,-23.99,-16.39,-20.72,-20.02,0.0,37.0,3,1.8,1.35,-25.0,0.0,,8,,20260918
PCRHY,Panasonic Holdings Corporation,Technology,Consumer Electronics,PNK,27.57,395516,64373882880,0.8206,26.83,20.19,0.8968,,,,,0.0,91.25,2,30.5,10.54,-9.61,0.0,,8,,20260918
VLKAF,Volkswagen AG,Consumer Cyclical,Auto Manufacturers,PNK,90.47,817,46023680000,3.0363,87.65,104.53,0.928,-16.56,-24.97,-40.53,-29.09,0.0,38.75,3,128.99,80.33,-29.86,0.0,,8,,20260918
NDAQ,"Nasdaq, Inc.",Financial Services,Financial Data & Stock Exchanges,NASDAQ,,3728711,51040219136,1.8911,,,,,,,,0.0,18.25,3,101.79,76.55,,0.0,,8,,20260918
AME,"AMETEK, Inc.",Industrials,Specialty Industrial Machinery,NYSE,,1258529,53720498176,4.7249,,,,,,,,0.0,23.25,3,261.16,179.24,,0.0,,8,,20260918
ETR,Entergy Corporation,Utilities,Utilities - Regulated Electric,NYSE,,2709146,49359187968,2.0046,,,,,,,,0.0,22.0,3,118.45,87.38,,0.0,,8,,20260918
BAMXF,Bayerische Motoren Werke Aktiengesellschaft,Consumer Cyclical,Auto Manufacturers,PNK,71.75,1916,42947792896,1.7496,67.32,87.48,2.5301,-7.57,-34.31,-40.97,-30.29,0.0,28.75,3,113.1,60.0,-36.56,0.0,,8,,20260918
EBAY,eBay Inc.,Consumer Cyclical,Internet Retail,NASDAQ,,4075556,50240499712,3.3877,,,,,,,,0.0,27.0,3,119.31,78.03,,0.0,,8,,20260918
UCBJF,UCB SA,Healthcare,Biotechnology,PNK,248.11,543,47305293824,8.5322,266.12,290.9,-2.1103,-17.27,-31.57,-10.74,-19.66,0.0,5.0,4,345.39,225.65,-28.17,0.0,,8,,20260918
BMWKY,Bayerische Motoren Werke Aktiengesellschaft,Consumer Cyclical,Auto Manufacturers,PNK,24.13,264083,43374256128,0.4835,22.94,28.45,2.461,,,,,0.0,57.5,3,37.77,21.4,-36.11,0.0,,8,,20260918
SUHJY,Sun Hung Kai Properties Limited,Real Estate,Real Estate - Development,OID,13.86,119598,40163233792,0.4324,15.22,15.64,-3.1423,,,,,0.0,40.0,3,18.89,11.47,-26.63,0.0,,8,,20260918
SCGLY,Société Générale Société anonyme,Financial Services,Banks - Regional,OID,16.96,325917,61950332928,0.347,17.73,16.5,-2.2223,,,,,0.0,43.25,3,19.52,12.17,-13.11,0.0,,8,,20260918
SDVKY,Sandvik AB (publ),Industrials,Specialty Industrial Machinery,PNK,38.01,181658,47679205376,0.9588,38.52,38.43,-0.5298,,,,,0.0,32.75,4,44.53,27.15,-14.64,0.0,,8,,20260918
TAK,Takeda Pharmaceutical Company Limited,Healthcare,Drug Manufacturers - Specialty & Generic,NYSE,,3109129,60836229120,0.2138,,,,,,,,0.0,20.75,3,19.1,12.99,,0.0,,8,,20260918
ASMIY,ASM International NV,Technology,Semiconductor Equipment & Materials,OQX,909.62,16475,44404948992,34.6958,963.48,889.14,-1.5523,,,,,0.0,32.5,3,1248.72,532.31,-27.16,0.0,,8,,20260918
ADSK,"Autodesk, Inc.",Technology,Software - Application,NASDAQ,,2433951,45695758336,9.1223,,,,,,,,0.0,23.25,3,326.71,185.5,,0.0,,8,,20260918
MCHP,Microchip Technology Incorporated,Technology,Semiconductors,NASDAQ,,10506396,38455877632,2.2054,,,,,,,,0.0,22.0,3,105.91,48.52,,0.0,,8,,20260918
MCHPP,Microchip Technology Incorporated,Technology,Semiconductors,NASDAQ,61.4,235698,0,1.9975,65.78,66.25,-2.1942,,,,,0.0,22.0,4,88.0,47.08,-30.23,0.0,,8,,20260918
XEL,Xcel Energy Inc.,Utilities,Utilities - Regulated Electric,NASDAQ,,5342017,45991821312,1.3181,,,,,,,,0.0,22.0,3,84.23,71.35,,0.0,,8,,20260918
HCMLY,Holcim AG,Basic Materials,Building Materials,PNK,16.45,131982,45494542336,0.4013,17.77,18.13,-3.2786,,,,,0.0,20.75,4,21.23,15.45,-22.52,0.0,,8,,20260918
LNG,"Cheniere Energy, Inc.",Energy,Oil & Gas Midstream,NYSE,,1961574,55733243904,7.05,,,,,,,,0.0,23.25,3,300.89,186.2,,0.0,,8,,20260918
FAST,Fastenal Company,Industrials,Industrial Distribution,NASDAQ,,7705562,56433934336,1.0623,,,,,,,,0.0,20.75,3,52.92,38.97,,0.0,,8,,20260918
ABEV,Ambev S.A.,Consumer Defensive,Beverages - Brewers,NYSE,,28404103,45941133312,0.0638,,,,,,,,0.0,23.25,3,3.45,2.1,,0.0,,8,,20260918
ARGX,argenx SE,Healthcare,Biotechnology,NASDAQ,,306637,61924720640,22.1769,,,,,,,,0.0,23.25,3,1072.75,661.85,,0.0,,8,,20260918
ROK,"Rockwell Automation, Inc.",Industrials,Specialty Industrial Machinery,NYSE,,832669,45627883520,8.8977,,,,,,,,0.0,23.25,3,497.36,332.71,,0.0,,8,,20260918
PRYMF,Prysmian S.p.A.,Industrials,Electrical Equipment & Parts,PNK,141.33,2420,42296406016,5.3626,145.72,136.17,-0.8177,-16.74,10.65,32.01,12.35,0.0,43.25,3,193.62,94.23,-27.01,0.0,,8,,20260918
FSUMF,Fortescue Ltd,Basic Materials,Other Industrial Metals & Mining,OQX,12.05,3941,37101527040,0.4355,12.68,13.74,-1.4452,,,,,0.0,27.0,4,16.6,11.4,-27.41,0.0,,8,,20260918
SCGLF,Société Générale Société anonyme,Financial Services,Banks - Regional,OID,84.22,124,61526622208,0.5078,89.04,82.99,-9.4953,-4.55,-0.54,9.16,2.34,0.0,50.0,3,95.55,61.0,-11.86,0.0,,8,,20260918
DAL,"Delta Air Lines, Inc.",Industrials,Airlines,NYSE,,6199162,52234997760,2.0238,,,,,,,,0.0,22.0,3,95.68,55.03,,0.0,,8,,20260918
PRYMY,Prysmian S.p.A.,Industrials,Electrical Equipment & Parts,PNK,69.74,95017,41742745600,2.5514,71.81,67.36,-0.8127,,,,,0.0,44.5,3,92.89,45.72,-24.92,0.0,,8,,20260918
HPE,Hewlett Packard Enterprise Company,Technology,Communication Equipment,NYSE,,21217069,81028456448,3.4022,,,,,,,,0.0,22.0,3,64.25,19.84,,0.0,,8,,20260918
GDERF,Galderma Group AG,Healthcare,Drug Manufacturers - Specialty & Generic,PNK,185.5,998,43256549376,12.1326,210.19,204.37,-2.0348,-16.1,-9.47,-11.14,-11.79,0.0,23.25,4,248.46,167.0,-25.34,0.0,,8,,20260918
INFY,Infosys Limited,Technology,Information Technology Services,NYSE,,21809275,44836814848,0.2908,,,,,,,,0.0,22.0,3,30.0,10.3,,0.0,,8,,20260918
EW,Edwards Lifesciences Corporation,Healthcare,Medical Devices,NYSE,,4105759,50867298304,2.2538,,,,,,,,0.0,22.0,3,96.29,72.3,,0.0,,8,,20260918
ASMXF,ASM International NV,Technology,Semiconductor Equipment & Materials,OID,897.25,267,43801083904,31.1685,971.19,887.92,-2.3722,-24.82,-3.1,53.14,13.97,0.0,25.0,3,1250.0,536.21,-28.22,0.0,,8,,20260918
JHPCY,"Jiangsu Hengrui Pharmaceuticals Co.,Ltd",Healthcare,Drug Manufacturers - Specialty & Generic,PNK,11.5,17,38163898368,0.4958,15.38,11.5,-7.8237,-16.2,-38.98,-38.98,-33.28,0.0,50.0,3,20.0,11.5,-42.5,0.0,,8,,20260918
MT,ArcelorMittal S.A.,Basic Materials,Steel,NYSE,,1476785,56568553472,1.5315,,,,,,,,0.0,22.0,3,79.68,34.7,,0.0,,8,,20260918
FANUF,Fanuc Corporation,Industrials,Specialty Industrial Machinery,PNK,38.41,3564,35690602496,3.016,40.06,41.59,-0.5475,-16.87,-16.98,12.68,-5.09,0.0,37.75,4,55.74,25.88,-31.09,0.0,,8,,20260918
RWEOY,RWE Aktiengesellschaft,Utilities,Utilities - Diversified,PNK,69.63,64625,54310363136,1.2555,66.66,63.0,2.3645,,,,,0.0,85.0,2,74.1,41.52,-6.03,0.0,,8,,20260918
SDVKF,Sandvik AB (publ),Industrials,Specialty Industrial Machinery,PNK,39.35,4048,51717603328,0.2446,38.46,38.36,3.6453,0.17,-10.27,37.52,11.46,0.0,50.0,2,45.25,25.74,-13.04,0.0,,8,,20260918
RWNFF,RWE Aktiengesellschaft,Utilities,Utilities - Diversified,PNK,67.56,2751,52695793664,1.496,66.11,62.66,0.9681,3.99,-9.92,47.05,16.35,0.0,81.25,2,73.86,41.52,-8.53,0.0,,8,,20260918
COIN,"Coinbase Global, Inc.",Financial Services,Financial Data & Stock Exchanges,NASDAQ,,8770459,45899710464,10.1808,,,,,,,,0.0,24.5,3,402.16,139.11,,0.0,,8,,20260918
DNBBF,DNB Bank ASA,Financial Services,Banks - Regional,PNK,35.05,2404,49935253504,1.122,33.28,31.32,1.5805,9.22,-2.28,7.13,4.36,0.0,83.75,2,36.11,25.5,-2.92,0.0,,8,,20260918
UOVEY,United Overseas Bank Limited,Financial Services,Banks - Regional,PNK,65.67,44903,54130487296,1.3642,65.18,58.33,0.3601,,,,,0.0,88.75,2,70.85,50.0,-7.31,0.0,,8,,20260918
DRPRY,Dr. Ing. h.c. F. Porsche AG,Consumer Cyclical,Auto Manufacturers,PNK,5.41,66491,49285095424,0.1387,5.1,4.94,2.2431,,,,,0.0,58.75,2,5.8,4.11,-6.72,0.0,,8,,20260918
DRPRF,Dr. Ing. h.c. F. Porsche AG,Consumer Cyclical,Auto Manufacturers,PNK,52.25,103,47599751168,0.1374,50.77,49.73,10.7529,-4.87,11.14,-9.12,-0.97,0.0,51.25,2,56.55,41.8,-7.6,0.0,,8,,20260918
MDLN,Medline Inc.,Healthcare,Medical Instruments & Supplies,NASDAQ,,7310529,43215314944,1.2882,,,,,,,,0.0,25.75,3,50.88,31.62,,0.0,,8,,20260918
HCMLF,Holcim AG,Basic Materials,Building Materials,PNK,83.0,167,45909385216,0.7438,88.29,91.36,-7.1079,,,,,0.0,13.25,4,106.39,78.6,-21.99,0.0,,8,,20260918
FLEX,Flex Ltd.,Technology,Electronic Components,NASDAQ,,5506056,40272310272,4.6646,,,,,,,,0.0,19.5,3,166.86,53.07,,0.0,,8,,20260918
FER,Ferrovial N.V.,Industrials,Engineering & Construction,NASDAQ,,1451329,39380910080,0.6015,,,,,,,,0.0,18.25,3,74.79,53.91,,0.0,,8,,20260918
DGEAF,Diageo plc,Consumer Defensive,Beverages - Wineries & Distilleries,PNK,22.04,7767,49008218112,0.6013,22.36,21.42,-0.5279,9.17,2.64,-28.86,-8.33,0.0,74.5,3,25.9,17.85,-14.9,0.0,,8,,20260918
UOVEF,United Overseas Bank Limited,Financial Services,Banks - Regional,PNK,31.5,817,51929661440,0.1105,33.03,29.65,-13.863,4.25,0.24,0.14,1.2,0.0,62.0,3,34.75,24.37,-9.35,0.0,,8,,20260918
DEO,Diageo plc,Consumer Defensive,Beverages - Wineries & Distilleries,NYSE,,1107083,48207716352,1.3008,,,,,,,,0.0,19.5,3,102.74,72.45,,0.0,,8,,20260918
GFS,GLOBALFOUNDRIES Inc.,Technology,Semiconductors,NASDAQ,,3856772,25552070656,1.5578,,,,,,,,0.0,19.5,3,92.55,32.02,,0.0,,8,,20260918
FANUY,Fanuc Corporation,Industrials,Specialty Industrial Machinery,PNK,18.74,507501,34826444800,0.5766,19.81,20.68,-1.8568,,,,,0.0,19.5,4,27.54,14.0,-31.95,0.0,,8,,20260918
CRZBY,Commerzbank AG,Financial Services,Banks - Regional,PNK,47.85,43958,51718533120,0.9787,45.32,41.18,2.5818,,,,,0.0,85.0,2,50.16,33.63,-4.61,0.0,,8,,20260918
GALDY,Galderma Group AG,Healthcare,Drug Manufacturers - Specialty & Generic,PNK,38.15,149067,44480790528,0.9836,41.81,40.66,-3.7233,,,,,0.0,17.0,4,46.31,33.13,-17.62,0.0,,8,,20260918
CRZBF,Commerzbank AG,Financial Services,Banks - Regional,PNK,47.55,198,51394277376,0.3138,45.44,42.1,6.718,10.97,0.2,9.12,6.46,0.0,75.0,2,49.02,34.15,-3.0,0.0,,8,,20260918
EXC,Exelon Corporation,Utilities,Utilities - Regulated Electric,NASDAQ,,8161085,43930025984,0.7166,,,,,,,,0.0,20.75,3,50.65,42.14,,0.0,,8,,20260918
FSUGY,Fortescue Ltd,Basic Materials,Other Industrial Metals & Mining,OQX,23.91,105122,36809027584,0.5861,24.86,27.26,-1.6156,,,,,0.0,22.0,4,33.44,22.95,-28.5,0.0,,8,,20260918
CAH,"Cardinal Health, Inc.",Healthcare,Medical Distribution,NYSE,,2013645,52641189888,4.5808,,,,,,,,0.0,23.25,3,258.3,145.87,,0.0,,8,,20260918
AMSYF,ArcelorMittal S.A.,Basic Materials,Steel,PNK,66.45,8085,49999736832,0.0366,65.9,56.67,14.9178,-4.16,17.42,82.21,37.94,0.0,75.0,2,68.95,34.05,-3.63,0.0,,8,,20260918
EBKOF,Erste Group Bank AG,Financial Services,Banks - Regional,PNK,137.66,772,53474197504,2.1044,137.6,124.12,0.0274,4.32,15.51,27.79,17.63,0.0,82.5,2,147.56,93.73,-6.71,0.0,,8,,20260918
LGRVF,Legrand SA,Industrials,Electrical Equipment & Parts,PNK,155.0,422,40627609600,0.9651,157.53,161.6,-2.6191,-4.68,-15.22,-11.09,-10.93,0.0,24.0,4,189.59,145.76,-18.24,0.0,,8,,20260918
DNBBY,DNB Bank ASA,Financial Services,Banks - Regional,PNK,33.85,37911,48220123136,0.3913,32.56,29.73,3.2991,,,,,0.0,85.0,2,34.78,25.26,-2.67,0.0,,8,,20260918
BAIDF,"Baidu, Inc.",Communication Services,Internet Content & Information,PNK,11.5,2509,31384936448,0.5819,12.79,15.31,-2.2225,-23.08,-37.1,-32.83,-31.89,0.0,3.75,4,20.98,9.69,-45.2,0.0,,8,,20260918
TYHOY,Toyota Tsusho Corporation,Industrials,Conglomerates,PNK,24.25,29799,45477502976,0.8505,22.17,20.54,2.4405,,,,,0.0,85.0,2,25.45,12.25,-4.72,0.0,,8,,20260918
GRMN,Garmin Ltd.,Technology,Scientific & Technical Instruments,NYSE,,938269,53101948928,5.8789,,,,,,,,0.0,23.25,3,314.28,186.67,,0.0,,8,,20260918
LGRDY,Legrand SA,Industrials,Electrical Equipment & Parts,PNK,31.29,192774,41007673344,0.8136,31.56,32.12,-0.333,,,,,0.0,34.0,4,37.91,28.73,-17.46,0.0,,8,,20260918
DANOY,Danone S.A.,Consumer Defensive,Packaged Foods,OQX,14.03,584137,45183299584,0.232,15.47,15.78,-6.2186,,,,,0.0,7.5,4,18.63,13.91,-24.69,0.0,,8,,20260918
GPDNF,Danone S.A.,Consumer Defensive,Packaged Foods,OQX,69.06,2406,44481232896,1.2655,77.36,80.44,-6.5605,-10.18,-30.66,-37.19,-28.15,0.0,6.25,4,93.05,69.06,-25.78,0.0,,8,,20260918
AU,AngloGold Ashanti plc,Basic Materials,Gold,NYSE,,3065374,51770540032,3.2485,,,,,,,,0.0,22.0,3,129.14,62.55,,0.0,,8,,20260918
EBKDY,Erste Group Bank AG,Financial Services,Banks - Regional,PNK,70.66,49427,54895931392,1.3743,68.72,61.67,1.4109,,,,,0.0,87.5,2,73.1,47.02,-3.34,0.0,,8,,20260918
CCJ,Cameco Corporation,Energy,Uranium,NYSE,,3142948,40417464320,3.0,,,,,,,,0.0,22.0,3,135.24,77.7,,0.0,,8,,20260918
ON,ON Semiconductor Corporation,Technology,Semiconductors,NASDAQ,,10806862,26590464000,3.0862,,,,,,,,0.0,22.0,3,134.92,44.56,,0.0,,8,,20260918
ORLNY,Orlen S.A.,Energy,Oil & Gas Integrated,PNK,22.0,75,25540726784,0.2681,21.0,22.0,3.715,3.81,13.22,13.22,10.87,0.0,75.0,3,22.5,18.7,-2.22,0.0,,8,,20260918
SEMHF,Siemens Healthineers AG,Healthcare,Medical Devices,PNK,45.56,6003,50985111552,1.3235,44.32,45.55,0.9305,13.11,-13.13,-36.26,-15.82,0.0,83.75,3,57.75,37.0,-21.12,0.0,,8,,20260918
UMC,United Microelectronics Corporation,Technology,Semiconductors,NYSE,,14681091,61368520704,0.6154,,,,,,,,0.0,25.75,3,28.96,6.9,,0.0,,8,,20260918
WUXAY,"WuXi AppTec Co., Ltd.",Healthcare,Diagnostics & Research,PNK,25.36,2014,76871614464,0.7277,23.15,17.11,3.03,59.9,74.82,63.92,66.73,0.0,86.25,2,27.0,12.45,-6.07,0.0,,8,,20260918
BIDU,"Baidu, Inc.",Communication Services,Internet Content & Information,NASDAQ,,2646943,30712889344,1.9831,,,,,,,,0.0,25.75,3,165.3,88.23,,0.0,,8,,20260918
RNECY,Renesas Electronics Corporation,Technology,Semiconductors,PNK,10.31,661230,37682831360,0.4599,11.45,10.08,-2.4741,,,,,0.0,32.5,3,16.2,5.5,-36.36,0.0,,8,,20260918
WEICF,"Weichai Power Co., Ltd.",Consumer Cyclical,Auto Manufacturers,PNK,3.86,13704,33351249920,0.1958,4.26,4.01,-2.0569,-18.1,-7.55,87.8,27.95,0.0,15.75,4,5.96,1.77,-35.23,0.0,,8,,20260918
DSCSY,Disco Corporation,Technology,Semiconductor Equipment & Materials,PNK,33.29,341083,36108906496,1.3756,37.89,41.17,-3.3467,,,,,0.0,8.75,4,58.0,26.33,-42.6,0.0,,8,,20260918
FITB,Fifth Third Bancorp,Financial Services,Banks - Regional,NYSE,,5916708,48310165504,1.1123,,,,,,,,0.0,19.5,3,59.5,40.05,,0.0,,8,,20260918
DISPF,Disco Corporation,Technology,Semiconductor Equipment & Materials,PNK,325.44,1108,35299414016,21.4263,380.09,257.64,-2.5508,-38.58,1222.25,3645.09,1876.18,0.0,32.5,3,573.49,268.63,-43.25,0.0,,8,,20260918
ERIC,Telefonaktiebolaget LM Ericsson (publ),Technology,Communication Equipment,NASDAQ,,11530624,33584842752,0.1585,,,,,,,,0.0,22.0,3,13.77,8.01,,0.0,,8,,20260918
SWZCF,Swisscom AG,Communication Services,Telecom Services,OID,836.41,41,44957503488,5.1919,780.76,795.29,10.719,0.87,-18.21,1.68,-5.48,0.0,78.75,3,938.66,680.15,-10.89,0.0,,8,,20260918
SMMNY,Siemens Healthineers AG,Healthcare,Medical Devices,PNK,22.07,89546,49401442304,0.3128,21.8,22.51,0.8575,,,,,0.0,69.5,3,28.92,19.2,-23.69,0.0,,8,,20260918
SCMWY,Swisscom AG,Communication Services,Telecom Services,OID,81.29,13827,42192547840,1.149,78.3,79.87,2.5982,,,,,0.0,85.0,3,94.63,68.01,-14.1,0.0,,8,,20260918
ERIXF,Telefonaktiebolaget LM Ericsson (publ),Technology,Communication Equipment,PNK,10.39,337872,33911226368,0.077,10.01,10.88,4.8938,-18.94,-21.85,15.39,-6.23,0.0,37.0,3,13.6,7.91,-23.6,0.0,,8,,20260918
CHPXF,"China Pacific Insurance (Group) Co., Ltd.",Financial Services,Insurance - Life,PNK,4.0,159,64183500800,0.0132,3.72,4.26,21.28,8.83,-21.89,-11.46,-10.04,0.0,63.25,3,5.54,3.65,-27.8,0.0,,8,,20260918
DKILY,"Daikin Industries,Ltd.",Industrials,Building Products & Equipment,PNK,13.3,322185,37018705920,0.3394,13.91,13.47,-1.7853,,,,,0.0,32.75,4,16.43,11.0,-19.05,0.0,,8,,20260918
DKILF,"Daikin Industries,Ltd.",Industrials,Building Products & Equipment,PNK,132.33,35235,36832219136,10.4357,138.76,134.16,-0.6162,-8.76,-1.02,0.65,-2.29,0.0,35.25,4,169.56,108.76,-21.96,0.0,,8,,20260918
BAYZF,Bayer Aktiengesellschaft,Healthcare,Drug Manufacturers - General,OQX,56.38,4466,55389069312,0.4206,55.78,48.68,1.4345,36.16,8.58,58.17,35.31,0.0,77.5,2,61.38,30.0,-8.15,0.0,,8,,20260918
IDXX,"IDEXX Laboratories, Inc.",Healthcare,Diagnostics & Research,NASDAQ,,615479,39901061120,13.5131,,,,,,,,0.0,22.0,3,769.98,500.61,,0.0,,8,,20260918
HEINY,Heineken N.V.,Consumer Defensive,Beverages - Brewers,OQX,40.91,110070,45342728192,0.5987,42.95,40.56,-3.4061,,,,,0.0,69.5,3,47.63,37.03,-14.11,0.0,,8,,20260918
BAYRY,Bayer Aktiengesellschaft,Healthcare,Drug Manufacturers - General,OQX,14.12,770600,55487311872,0.2592,13.98,12.14,0.5315,,,,,0.0,86.25,2,15.23,7.48,-7.29,0.0,,8,,20260918
VTR,"Ventas, Inc.",Real Estate,REIT - Healthcare Facilities,NYSE,,3529366,44990525440,1.8277,,,,,,,,0.0,22.0,3,101.6,66.54,,0.0,,8,,20260918
ODFL,"Old Dominion Freight Line, Inc.",Industrials,Trucking,NASDAQ,,1716714,36413165568,6.2547,,,,,,,,0.0,22.0,3,252.03,126.01,,0.0,,8,,20260918
UNVGY,Universal Music Group N.V.,Communication Services,Entertainment,PNK,8.41,1020140,30245900288,0.1867,9.13,10.73,-3.8523,,,,,0.0,7.5,4,14.87,8.01,-43.44,0.0,,8,,20260918
FNV,Franco-Nevada Corporation,Basic Materials,Gold,NYSE,,786561,51420160000,7.396,,,,,,,,0.0,25.75,3,285.67,181.5,,0.0,,8,,20260918
WDS,Woodside Energy Group Ltd,Energy,Oil & Gas E&P,NYSE,,675720,0,0.4084,,,,,,,,0.0,24.5,3,25.19,14.27,,0.0,,8,,20260918
WAB,Westinghouse Air Brake Technologies Corporation,Industrials,Railroads,NYSE,,921303,47095721984,5.7777,,,,,,,,0.0,19.5,3,306.64,185.95,,0.0,,8,,20260918
UMGNF,Universal Music Group N.V.,Communication Services,Entertainment,PNK,16.62,28343,29886261248,0.513,18.39,21.74,-3.4462,,,,,0.0,13.75,4,29.99,16.11,-44.58,0.0,,8,,20260918
FERG,Ferguson Enterprises Inc.,Industrials,Industrial Distribution,NYSE,,2298470,41449177088,5.4085,,,,,,,,0.0,19.5,3,271.64,212.82,,0.0,,8,,20260918
ELEZY,"Endesa, S.A.",Utilities,Utilities - Regulated Electric,PNK,25.24,30533,51304771584,0.5367,23.96,20.71,2.3819,,,,,0.0,86.25,2,25.24,15.43,-0.0,0.0,,8,,20260918
RNECF,Renesas Electronics Corporation,Technology,Semiconductors,PNK,20.3,20766,37098029056,1.104,23.01,20.16,-2.4574,-26.01,14.58,57.26,21.51,0.0,32.5,3,31.85,11.04,-36.26,0.0,,8,,20260918
WOPEF,Woodside Energy Group Ltd,Energy,Oil & Gas E&P,PNK,24.66,179,52854034432,0.3029,21.64,19.69,9.9686,22.61,0.23,48.86,25.28,0.0,76.25,2,26.3,14.0,-6.24,0.0,,8,,20260918
HINKF,Heineken N.V.,Consumer Defensive,Beverages - Brewers,OQX,83.77,1466,46423371776,0.9797,86.5,81.94,-2.7828,2.44,-9.56,-7.69,-5.81,0.0,65.75,3,96.2,73.3,-12.92,0.0,,8,,20260918
TTRAF,Telstra Group Limited,Communication Services,Telecom Services,PNK,3.47,1641,38652805120,0.0577,3.26,3.34,3.6242,-6.33,-14.71,-5.96,-9.12,0.0,52.5,3,4.3,2.88,-19.3,0.0,,8,,20260918
MSCI,MSCI Inc.,Financial Services,Financial Data & Stock Exchanges,NYSE,,681556,39946465280,12.2831,,,,,,,,0.0,24.5,3,644.77,501.08,,0.0,,8,,20260918
TLGPY,Telstra Group Limited,Communication Services,Telecom Services,PNK,17.36,108966,38675083264,0.5229,16.96,17.24,0.7688,,,,,0.0,62.5,3,19.96,15.33,-13.03,0.0,,8,,20260918
CODYY,Compagnie de Saint-Gobain S.A.,Industrials,Building Products & Equipment,PNK,8.0,693424,39098761216,0.2192,8.96,15.92,-4.3602,,,,,0.0,6.25,4,22.28,7.84,-64.09,0.0,,8,,20260918
YUM,"Yum! Brands, Inc.",Consumer Cyclical,Restaurants,NYSE,,2537646,37046321152,3.5893,,,,,,,,0.0,19.5,3,170.14,135.7,,0.0,,8,,20260918
CODGF,Compagnie de Saint-Gobain S.A.,Industrials,Building Products & Equipment,PNK,79.11,2432,38663790592,3.3943,89.22,90.69,-2.9787,-14.11,-13.38,-43.28,-25.52,0.0,5.0,4,111.5,77.65,-29.05,0.0,,8,,20260918
PINXF,The People's Insurance Company (Group) of China Limited,Financial Services,Insurance - Property & Casualty,PNK,0.76,1700,33610233856,0.0051,0.67,0.62,17.1611,55.7,12.54,4.27,20.02,0.0,76.25,2,1.0,0.63,-24.0,0.0,,8,,20260918
LZAGY,Lonza Group AG,Healthcare,Diagnostics & Research,PNK,66.0,42561,46961197056,1.2281,69.89,66.17,-3.1704,,,,,0.0,47.0,3,74.36,58.53,-11.24,0.0,,8,,20260918
LZAGF,Lonza Group AG,Healthcare,Diagnostics & Research,PNK,664.71,301,46426161152,38.0247,702.95,669.72,-1.0057,,,,,0.0,49.5,3,755.96,565.14,-12.07,0.0,,8,,20260918
STT,State Street Corporation,Financial Services,Asset Management,NYSE,,2021953,50289651712,4.1592,,,,,,,,0.0,23.25,3,195.93,104.64,,0.0,,8,,20260918
PINXY,The People's Insurance Company (Group) of China Limited,Financial Services,Insurance - Property & Casualty,PNK,14.92,76,45319589888,0.0776,12.99,14.68,24.8328,10.97,-18.46,4.42,-1.95,0.0,75.0,3,20.0,11.2,-25.4,0.0,,8,,20260918
HLNCF,Haleon plc,Healthcare,Drug Manufacturers - Specialty & Generic,PNK,4.59,5374,40414167040,0.1168,4.85,4.83,-2.1989,6.89,-24.42,-18.99,-14.42,0.0,47.0,3,5.75,4.15,-20.09,0.0,,8,,20260918
ELEZF,"Endesa, S.A.",Utilities,Utilities - Regulated Electric,PNK,49.05,22,49851404288,0.0354,47.66,40.39,39.2178,10.91,13.03,51.97,28.08,0.0,75.0,2,49.05,30.7,-0.0,0.0,,8,,20260918
CLS,Celestica Inc.,Technology,Electronic Components,NYSE,,2452698,41609101312,15.8923,,,,,,,,0.0,24.5,3,474.03,227.0,,0.0,,8,,20260918
CMG,"Chipotle Mexican Grill, Inc.",Consumer Cyclical,Restaurants,NYSE,,17428141,42404155392,1.1115,,,,,,,,0.0,24.5,3,42.82,28.04,,0.0,,8,,20260918
TTWO,"Take-Two Interactive Software, Inc.",Communication Services,Electronic Gaming & Multimedia,NASDAQ,,2531979,39381819392,7.5915,,,,,,,,0.0,20.75,3,265.94,187.63,,0.0,,8,,20260918
PPCCY,PICC Property and Casualty Company Limited,Financial Services,Insurance - Property & Casualty,PNK,54.32,3538,48328187904,2.1041,50.49,48.77,1.8208,13.25,-0.27,-21.04,-5.2,0.0,82.5,2,66.76,42.79,-18.64,0.0,,8,,20260918
CNSWY,Constellation Software Inc.,Technology,Software - Application,PNK,10.03,82822,42499612672,0.4022,10.6,10.03,-1.4181,-7.43,-7.79,-42.82,-21.71,0.0,58.75,3,16.0,8.2,-37.33,0.0,,8,,20260918
CNSWF,Constellation Software Inc.,Technology,Software - Application,PNK,2026.0,7562,42934038528,91.0237,2121.35,2027.57,-1.0476,,,,,0.0,57.75,4,3294.9,1612.7,-38.51,0.0,,8,,20260918
CCEP,Coca-Cola Europacific Partners PLC,Consumer Defensive,Beverages - Non-Alcoholic,NASDAQ,,1831974,44259627008,1.5815,,,,,,,,0.0,19.5,3,113.67,84.66,,0.0,,8,,20260918
SSREF,Swiss Re AG,Financial Services,Insurance - Reinsurance,PNK,166.79,467,49270681600,2.0957,168.21,162.97,-0.6756,9.9,-13.73,-21.22,-10.82,0.0,64.5,3,192.25,142.15,-13.24,0.0,,8,,20260918
ANYYY,"Aena S.M.E., S.A.",Industrials,Airports & Air Services,PNK,14.59,48022,43769999360,0.3123,15.14,14.51,-1.7771,,,,,0.0,42.0,3,17.12,12.66,-14.78,0.0,,8,,20260918
KR,The Kroger Co.,Consumer Defensive,Grocery Stores,NYSE,,7551806,36207001600,1.5846,,,,,,,,0.0,29.5,3,76.58,54.15,,0.0,,8,,20260918
SSREY,Swiss Re AG,Financial Services,Insurance - Reinsurance,PNK,42.33,35970,50089787392,0.6145,42.36,40.04,-0.0511,,,,,0.0,68.25,3,48.62,36.01,-12.94,0.0,,8,,20260918
ASAZF,ASSA ABLOY AB (publ),Industrials,Security & Protection Services,PNK,37.65,5320,41820729344,0.1497,36.32,36.2,8.9138,11.63,-14.22,6.09,0.37,0.0,75.0,2,43.77,33.5,-13.99,0.0,,8,,20260918
SWDBY,Swedbank AB (publ),Financial Services,Banks - Regional,PNK,41.44,26024,46566735872,0.5119,39.36,35.63,4.0724,,,,,0.0,82.5,2,41.58,29.21,-0.34,0.0,,8,,20260918
ASTS,"AST SpaceMobile, Inc.",Technology,Communication Equipment,NASDAQ,,14091269,24404692992,3.5661,,,,,,,,0.0,20.75,3,133.86,40.15,,0.0,,8,,20260918
SWDBF,Swedbank AB (publ),Financial Services,Banks - Regional,PNK,39.26,6698,44117037056,0.5317,39.48,36.91,-0.4149,9.99,-4.74,15.08,6.87,0.0,63.25,3,41.61,29.25,-5.65,0.0,,8,,20260918
DNKEY,Danske Bank A/S,Financial Services,Banks - Regional,OID,28.91,54682,46619385856,0.3817,28.66,25.34,0.6439,,,,,0.0,81.25,2,29.65,20.81,-2.5,0.0,,8,,20260918
MSADF,"MS&AD Insurance Group Holdings, Inc.",Financial Services,Insurance - Property & Casualty,PNK,35.0,519,49980424192,1.0941,30.65,27.03,3.9787,16.26,28.12,30.85,26.25,0.0,76.25,2,35.0,19.57,0.0,0.0,,8,,20260918
ANNSF,"Aena S.M.E., S.A.",Industrials,Airports & Air Services,PNK,29.05,2590,44341288960,0.6668,30.38,29.75,-2.0045,-7.55,-16.58,-15.39,-13.85,0.0,37.75,4,34.42,25.56,-15.61,0.0,,8,,20260918
HLN,Haleon plc,Healthcare,Drug Manufacturers - Specialty & Generic,NYSE,,10331427,41161760768,0.1329,,,,,,,,0.0,22.0,3,11.28,8.65,,0.0,,8,,20260918
AIG,"American International Group, Inc.",Financial Services,Insurance - Diversified,NYSE,,3839735,39572557824,1.173,,,,,,,,0.0,24.5,3,87.29,71.25,,0.0,,8,,20260918
IX,ORIX Corporation,Financial Services,Financial Conglomerates,NYSE,,269795,41859444736,0.4692,,,,,,,,0.0,24.5,3,42.39,24.19,,0.0,,8,,20260918
DHI,"D.R. Horton, Inc.",Consumer Cyclical,Residential Construction,NYSE,,2340216,39264468992,3.2792,,,,,,,,0.0,20.75,3,176.22,131.75,,0.0,,8,,20260918
PBCRY,PT Bank Central Asia Tbk,Financial Services,Banks - Regional,PNK,8.89,355472,43682529280,0.2594,8.82,9.51,0.2578,,,,,0.0,69.5,3,13.52,6.64,-34.25,0.0,,8,,20260918
BDX,"Becton, Dickinson and Company",Healthcare,Medical Instruments & Supplies,NYSE,,2085674,49405521920,3.996,,,,,,,,0.0,25.75,3,193.07,127.59,,0.0,,8,,20260918
AMP,"Ameriprise Financial, Inc.",Financial Services,Asset Management,NYSE,,584675,48203436032,11.8962,,,,,,,,0.0,23.25,3,572.56,422.37,,0.0,,8,,20260918
TSCDF,Tesco PLC,Consumer Defensive,Grocery Stores,OQX,6.41,12782,39926124544,0.2137,6.35,6.12,0.2939,-1.07,-12.97,-4.67,-6.67,0.0,82.5,2,7.0,5.28,-8.43,0.0,,8,,20260918
HOCFF,HOCHTIEF Aktiengesellschaft,Industrials,Engineering & Construction,PNK,450.58,117,33904316416,13.0095,504.92,489.64,-4.177,,,,,0.0,17.0,4,671.55,254.25,-32.9,0.0,,8,,20260918
SLFIF,Sun Life Financial Inc.,Financial Services,Insurance - Diversified,PNK,15.0,24,0,0.0391,15.36,15.21,-9.2092,-3.77,-13.65,-11.1,-10.16,0.0,24.0,4,15.91,15.0,-5.69,0.0,,8,,20260918
DNSKF,Danske Bank A/S,Financial Services,Banks - Regional,OID,58.44,56,47119282176,0.2474,54.53,52.12,15.8039,13.83,-5.74,24.85,11.39,0.0,75.0,2,58.44,41.68,-0.0,0.0,,8,,20260918
XYZ,"Block, Inc.",Technology,Software - Infrastructure,NYSE,,4873001,45942796288,2.5918,,,,,,,,0.0,25.75,3,86.92,48.21,,0.0,,8,,20260918
RBGPF,Reckitt Benckiser Group plc,Consumer Defensive,Household & Personal Products,OQX,69.99,1038,44392632320,0.9161,69.07,72.17,1.003,10.57,-16.76,-24.78,-13.14,0.0,64.5,3,90.71,58.67,-22.84,0.0,,8,,20260918
SLF,Sun Life Financial Inc.,Financial Services,Insurance - Diversified,NYSE,,782454,44982472704,1.1992,,,,,,,,0.0,23.25,3,84.38,57.22,,0.0,,8,,20260918
GMGSF,Goodman Group,Real Estate,REIT - Diversified,PNK,19.82,1970,40725233664,0.2831,20.2,20.22,-1.3523,-3.07,-6.22,-23.91,-12.51,0.0,26.5,4,23.92,16.08,-17.14,0.0,,8,,20260918
CRDO,Credo Technology Group Holding Ltd,Technology,Semiconductors,NASDAQ,,7237696,31622909952,10.9578,,,,,,,,0.0,19.5,3,308.67,86.48,,0.0,,8,,20260918
TEVA,Teva Pharmaceutical Industries Limited,Healthcare,Drug Manufacturers - Specialty & Generic,NYSE,,5415922,45707005952,1.2154,,,,,,,,0.0,23.25,3,39.7,18.21,,0.0,,8,,20260918
TTDKY,TDK Corporation,Technology,Electronic Components,PNK,18.28,249083,34698260480,0.5304,19.0,17.25,-1.3515,,,,,0.0,47.0,3,26.73,11.92,-31.61,0.0,,8,,20260918
RBGLY,Reckitt Benckiser Group plc,Consumer Defensive,Household & Personal Products,OQX,13.53,533046,42908438528,0.2656,13.8,14.12,-1.0087,,,,,0.0,60.25,4,17.8,12.02,-23.99,0.0,,8,,20260918
SSEZF,SSE plc,Utilities,Utilities - Diversified,PNK,33.92,3935,40915243008,0.9163,32.94,32.77,1.0712,8.96,-19.56,29.74,7.29,0.0,78.75,2,38.55,22.59,-12.01,0.0,,8,,20260918
ED,"Consolidated Edison, Inc.",Utilities,Utilities - Regulated Electric,NYSE,,2242317,39601250304,1.4108,,,,,,,,0.0,20.75,3,116.23,94.96,,0.0,,8,,20260918
TYIDY,Toyota Industries Corporation,Industrials,Farm & Heavy Construction Machinery,PNK,123.93,153,38748434432,2.5195,126.76,121.66,-1.123,-9.38,-2.95,-8.08,-6.61,0.0,67.0,3,136.11,105.38,-8.94,0.0,,8,,20260918
ORXCF,ORIX Corporation,Financial Services,Financial Conglomerates,PNK,40.02,7196,41620250624,1.7419,39.44,34.29,0.3304,,,,,0.0,85.0,2,42.79,22.92,-6.47,0.0,,8,,20260918
CCI,Crown Castle Inc.,Real Estate,REIT - Specialty,NYSE,,3835274,32224378880,1.9496,,,,,,,,0.0,23.25,3,100.5,69.72,,0.0,,8,,20260918
ASAZY,ASSA ABLOY AB (publ),Industrials,Security & Protection Services,PNK,17.54,392917,38966034432,0.2744,18.15,18.77,-2.2085,,,,,0.0,57.75,4,21.98,16.71,-20.2,0.0,,8,,20260918
NAPRF,Naspers Limited,Consumer Cyclical,Internet Retail,PNK,45.38,33,205733593088,0.2989,49.28,54.62,-13.034,-13.5,-20.04,-101.2,-50.87,0.0,0.0,4,365.14,45.38,-87.57,0.0,,8,,20260918
ALNY,"Alnylam Pharmaceuticals, Inc.",Healthcare,Biotechnology,NASDAQ,,1844543,32851476480,11.3208,,,,,,,,0.0,27.0,3,495.55,197.81,,0.0,,8,,20260918
PEG,Public Service Enterprise Group Incorporated,Utilities,Utilities - Regulated Electric,NYSE,,2961195,35377856512,1.0524,,,,,,,,0.0,20.75,3,87.63,70.05,,0.0,,8,,20260918
KDP,Keurig Dr Pepper Inc.,Consumer Defensive,Beverages - Non-Alcoholic,NASDAQ,,12955267,42770759680,0.6315,,,,,,,,0.0,25.75,3,33.82,24.88,,0.0,,8,,20260918
WCN,"Waste Connections, Inc.",Industrials,Waste Management,NYSE,,1262954,39051091968,2.7323,,,,,,,,0.0,19.5,3,179.74,146.89,,0.0,,8,,20260918
HSY,The Hershey Company,Consumer Defensive,Confectioners,NYSE,,1646911,33821816832,3.6692,,,,,,,,0.0,19.5,3,239.48,161.43,,0.0,,8,,20260918
SSEZY,SSE plc,Utilities,Utilities - Diversified,PNK,33.19,242482,40037056512,0.7011,32.22,32.46,1.3797,,,,,0.0,87.5,3,37.51,22.09,-11.52,0.0,,8,,20260918
TSCDY,Tesco PLC,Consumer Defensive,Grocery Stores,OQX,19.35,369556,40175276032,0.3213,19.12,18.54,0.7184,,,,,0.0,83.75,2,20.54,16.65,-5.79,0.0,,8,,20260918
MSADY,"MS&AD Insurance Group Holdings, Inc.",Financial Services,Insurance - Property & Casualty,PNK,33.76,65800,48209686528,0.8069,30.74,27.11,3.7472,,,,,0.0,85.0,2,34.02,19.85,-0.76,0.0,,8,,20260918
CHHQF,China Hongqiao Group Limited,Basic Materials,Aluminum,PNK,2.73,9075,26806958080,0.0903,2.96,2.84,-2.5434,-16.75,-22.01,37.84,3.24,0.0,12.0,4,5.19,2.42,-47.37,0.0,,8,,20260918
YZOFF,Yangtze Optical Fibre And Cable Joint Stock Limited Company,Technology,Communication Equipment,PNK,,87,18706558976,,,,,,,,,0.0,12.0,3,34.3,1.03,,0.0,,8,,20260918
RKT,"Rocket Companies, Inc.",Financial Services,Mortgage Finance,NYSE,,29618095,35593744384,0.5353,,,,,,,,0.0,20.75,3,24.36,12.17,,0.0,,8,,20260918
PYPL,"PayPal Holdings, Inc.",Financial Services,Credit Services,NASDAQ,,14937903,45288095744,1.6696,,,,,,,,0.0,22.0,3,79.22,38.46,,0.0,,8,,20260918
NPSNY,Naspers Limited,Consumer Cyclical,Internet Retail,PNK,8.94,194888,33441060864,0.234,9.94,11.09,-4.2677,,,,,0.0,7.5,4,15.15,8.83,-41.0,0.0,,8,,20260918
TTDKF,TDK Corporation,Technology,Electronic Components,PNK,19.5,26043,35163303936,0.768,18.85,7.85,0.852,,,,,0.0,53.75,2,27.78,11.06,-29.81,0.0,,8,,20260918
OTSKY,"Otsuka Holdings Co., Ltd.",Healthcare,Drug Manufacturers - General,PNK,36.02,40170,37792874496,0.8968,36.74,33.65,-0.8003,,,,,0.0,69.5,3,40.92,25.3,-11.97,0.0,,8,,20260918
LYV,"Live Nation Entertainment, Inc.",Communication Services,Entertainment,NYSE,,2171733,39216402432,4.07,,,,,,,,0.0,22.0,3,189.25,125.34,,0.0,,8,,20260918
JDCMF,"JD.com, Inc.",Consumer Cyclical,Internet Retail,PNK,14.25,259,38925889536,0.2327,14.67,14.41,-1.824,1.03,-10.49,-28.04,-14.63,0.0,49.0,4,19.86,12.5,-28.25,0.0,,8,,20260918
JBL,Jabil Inc.,Technology,Electronic Components,NYSE,,1166024,31010691072,9.8869,,,,,,,,0.0,20.75,3,428.93,189.6,,0.0,,8,,20260918
CBRE,"CBRE Group, Inc.",Real Estate,Real Estate Services,NYSE,,1722425,40343633920,4.1954,,,,,,,,0.0,20.75,3,174.27,121.69,,0.0,,8,,20260918
DCNSF,"Daiichi Life Group, Inc.",Financial Services,Insurance - Life,PNK,11.0,17,39624105984,0.0248,10.99,9.86,0.2216,5.24,-12.14,21.46,5.65,0.0,75.0,2,12.15,6.82,-9.47,0.0,,8,,20260918
ACSAF,"ACS, Actividades de Construcción y Servicios, S.A.",Industrials,Engineering & Construction,PNK,113.85,156,29695797248,1.4354,134.37,125.39,-14.2925,-22.7,-19.19,31.43,0.18,0.0,13.25,4,160.45,77.56,-29.04,0.0,,8,,20260918
PBCRF,PT Bank Central Asia Tbk,Financial Services,Banks - Regional,PNK,0.38,30524,46557024256,0.0053,0.36,0.38,4.3071,40.01,-18.0,-30.33,-8.43,0.0,62.0,3,0.55,0.27,-30.59,0.0,,8,,20260918
ACSAY,"ACS, Actividades de Construcción y Servicios, S.A.",Industrials,Engineering & Construction,PNK,21.44,59603,27961262080,0.5907,24.79,25.31,-5.6751,,,,,0.0,5.0,4,33.14,15.22,-35.3,0.0,,8,,20260918
DLICY,"Daiichi Life Group, Inc.",Financial Services,Insurance - Life,PNK,24.8,44516,44667174912,0.6566,23.4,19.96,2.1267,,,,,0.0,82.5,2,24.98,11.15,-0.74,0.0,,8,,20260918
PUK,Prudential plc,Financial Services,Insurance - Life,NYSE,,1003643,32865454080,0.4019,,,,,,,,0.0,20.75,3,34.03,24.61,,0.0,,8,,20260918
TRI,Thomson Reuters Corporation,Industrials,Specialty Business Services,NASDAQ,,2031585,43099848704,3.5123,,,,,,,,0.0,24.5,3,169.6,76.28,,0.0,,8,,20260918
EQBBF,EQT AB (publ),Financial Services,Asset Management,PNK,31.5,1236,39246798848,0.3545,33.77,31.51,-6.403,-3.08,-2.43,-11.06,-6.04,0.0,37.0,3,40.46,25.91,-22.15,0.0,,8,,20260918
EME,"EMCOR Group, Inc.",Industrials,Engineering & Construction,NYSE,,433472,32167585792,21.0246,,,,,,,,0.0,23.25,3,951.96,564.92,,0.0,,8,,20260918
JD,"JD.com, Inc.",Consumer Cyclical,Internet Retail,NASDAQ,,8083108,35977318400,0.3819,,,,,,,,0.0,24.5,3,36.86,24.51,,0.0,,8,,20260918
IRM,Iron Mountain Incorporated,Real Estate,REIT - Specialty,NYSE,,1839719,33938120704,3.5957,,,,,,,,0.0,20.75,3,134.68,77.77,,0.0,,8,,20260918
VIK,Viking Holdings Ltd,Consumer Cyclical,Travel Services,NYSE,,2993416,37888311296,2.4373,,,,,,,,0.0,18.25,3,110.09,56.37,,0.0,,8,,20260918
KB,KB Financial Group Inc.,Financial Services,Banks - Regional,NYSE,,260979,45580599296,2.3462,,,,,,,,0.0,22.0,3,133.29,77.44,,0.0,,8,,20260918
CBOE,"Cboe Global Markets, Inc.",Financial Services,Financial Data & Stock Exchanges,BTS,,1191780,27848620032,10.5503,,,,,,,,0.0,25.75,3,371.18,227.15,,0.0,,8,,20260918
JPPHY,"Japan Post Holdings Co., Ltd.",Financial Services,Banks - Regional,PNK,16.1,1326,44023721984,1.6545,15.07,12.94,0.6253,,,,,0.0,82.5,2,18.48,8.88,-12.88,0.0,,8,,20260918
ADM,Archer-Daniels-Midland Company,Consumer Defensive,Farm Products,NYSE,,3755937,42455818240,2.59,,,,,,,,0.0,23.25,3,88.75,55.58,,0.0,,8,,20260918
FRFFF,Fairfax Financial Holdings Limited,Financial Services,Insurance - Property & Casualty,PNK,17.78,1,486784459,0.0202,17.49,17.68,14.7008,-0.06,-14.63,-11.15,-9.59,0.0,50.0,3,18.94,17.78,-6.11,0.0,,8,,20260918
FRFHF,Fairfax Financial Holdings Limited,Financial Services,Insurance - Property & Casualty,PNK,1644.0,10059,34144440320,45.1049,1652.88,1693.11,-0.1968,,,,,0.0,37.75,4,1949.0,1500.0,-15.65,0.0,,8,,20260918
HIG,"The Hartford Insurance Group, Inc.",Financial Services,Insurance - Diversified,NYSE,,1583969,36063899648,1.9861,,,,,,,,0.0,19.5,3,146.07,120.33,,0.0,,8,,20260918
ADRNY,Koninklijke Ahold Delhaize N.V.,Consumer Defensive,Grocery Stores,OQX,36.77,164904,32128229376,0.5024,37.69,41.24,-1.8398,,,,,0.0,23.25,4,50.02,32.25,-26.49,0.0,,8,,20260918
PWCDF,Power Corporation of Canada,Financial Services,Insurance - Life,PNK,67.53,229709,42390446080,1.7289,66.52,56.33,0.582,,,,,0.0,87.5,2,70.74,40.5,-4.54,0.0,,8,,20260918
HLBZF,Heidelberg Materials AG,Basic Materials,Building Materials,PNK,170.24,1320,29928517632,9.9483,188.12,217.11,-1.7973,,,,,0.0,8.75,4,299.59,168.14,-43.18,0.0,,8,,20260918
CHHQY,China Hongqiao Group Limited,Basic Materials,Aluminum,PNK,27.08,303,26590928896,0.5764,29.32,37.45,-3.8839,-26.52,-58.02,-18.42,-34.31,0.0,0.0,4,52.35,25.65,-48.27,0.0,,8,,20260918
AHODF,Koninklijke Ahold Delhaize N.V.,Consumer Defensive,Grocery Stores,OQX,37.48,514,32748599296,0.5074,38.45,41.65,-1.9059,-10.55,-33.69,-20.07,-22.45,0.0,15.75,4,49.8,35.24,-24.74,0.0,,8,,20260918
HUM,Humana Inc.,Healthcare,Healthcare Plans,NYSE,,1293730,46173278208,13.5338,,,,,,,,0.0,24.5,3,428.88,163.11,,0.0,,8,,20260918
UI,Ubiquiti Inc.,Technology,Communication Equipment,NYSE,,134216,36101545984,27.5735,,,,,,,,0.0,23.25,3,1099.99,500.23,,0.0,,8,,20260918
WEC,"WEC Energy Group, Inc.",Utilities,Utilities - Regulated Electric,NYSE,,2248391,34126206976,1.5885,,,,,,,,0.0,18.25,3,119.91,102.86,,0.0,,8,,20260918
BLMIF,Bank Leumi le-Israel B.M.,Financial Services,Banks - Regional,PNK,25.9,79,38057783296,0.0917,24.48,24.23,15.4433,12.54,-1.8,18.15,9.76,0.0,75.0,2,27.0,18.2,-4.07,0.0,,8,,20260918
SVKEF,Skandinaviska Enskilda Banken AB (publ),Financial Services,Banks - Regional,PNK,23.67,48,46036234240,0.1032,21.66,20.68,19.4995,17.6,1.67,12.73,10.07,0.0,75.0,2,23.67,17.7,0.0,0.0,,8,,20260918
TKO,"TKO Group Holdings, Inc.",Communication Services,Entertainment,NYSE,,1249377,35828756480,5.3157,,,,,,,,0.0,18.25,3,226.94,176.0,,0.0,,8,,20260918
SYY,Sysco Corporation,Consumer Defensive,Food Distribution,NYSE,,3499012,37938647040,1.71,,,,,,,,0.0,20.75,3,91.85,68.19,,0.0,,8,,20260918
PSZKF,Powszechna Kasa Oszczednosci Bank Polski Spólka Akcyjna,Financial Services,Banks - Regional,PNK,32.15,949,40187502592,0.779,27.89,22.69,5.4638,40.14,47.38,78.77,58.12,0.0,76.25,2,33.52,18.31,-4.09,0.0,,8,,20260918
PCG,PG&E Corporation,Utilities,Utilities - Regulated Electric,NYSE,,32323801,29467670528,0.8415,,,,,,,,0.0,23.25,3,19.16,12.59,,0.0,,8,,20260918
EQT,EQT Corporation,Energy,Oil & Gas E&P,NYSE,,7199719,31494731776,1.5008,,,,,,,,0.0,19.5,3,68.24,47.94,,0.0,,8,,20260918
PRU,"Prudential Financial, Inc.",Financial Services,Insurance - Life,NYSE,,1782517,40685850624,2.4623,,,,,,,,0.0,20.75,3,127.72,91.89,,0.0,,8,,20260918
FJTSF,Fujitsu Limited,Technology,Information Technology Services,PNK,25.26,30443,43686277120,2.1965,22.6,23.34,1.2088,27.4,-7.05,-6.58,1.75,0.0,85.0,3,30.96,17.36,-18.41,0.0,,8,,20260918
FJTSY,Fujitsu Limited,Technology,Information Technology Services,PNK,25.77,301967,44568301568,0.7718,22.8,23.26,3.8431,,,,,0.0,90.0,3,30.05,19.1,-14.24,0.0,,8,,20260918
SDZNY,Sandoz Group AG,Healthcare,Drug Manufacturers - Specialty & Generic,OQX,82.21,21998,35663687680,1.9837,84.42,81.24,-1.1147,,,,,0.0,47.0,3,94.15,55.42,-12.68,0.0,,8,,20260918
CCL,Carnival Corporation Ltd.,Consumer Cyclical,Travel Services,NYSE,,19982462,30365122560,0.62,,,,,,,,0.0,18.25,3,34.03,21.93,,0.0,,8,,20260918
ESLT,Elbit Systems Ltd.,Industrials,Aerospace & Defense,NASDAQ,,82733,35079462912,12.2931,,,,,,,,0.0,20.75,3,1016.06,453.0,,0.0,,8,,20260918
ADYYF,Adyen N.V.,Technology,Software - Infrastructure,PNK,1120.99,208,35385929728,84.3956,1079.04,1192.52,0.497,7.34,-5.43,-44.29,-17.78,0.0,68.25,3,1834.49,880.0,-38.89,0.0,,8,,20260918
FINMF,Leonardo S.p.a.,Industrials,Aerospace & Defense,PNK,58.49,4341,33742057472,2.5365,62.44,63.8,-1.5567,-1.79,-34.58,-21.91,-21.31,0.0,50.75,3,75.88,51.38,-22.92,0.0,,8,,20260918
HDLMY,Heidelberg Materials AG,Basic Materials,Building Materials,PNK,33.54,110672,29481979904,0.9217,37.61,43.8,-4.4129,,,,,0.0,6.25,4,57.79,33.52,-41.96,0.0,,8,,20260918
VODPF,Vodafone Group Public Limited Company,Communication Services,Telecom Services,PNK,1.71,26832,39518670848,0.0281,1.57,1.48,4.9732,12.49,4.92,30.8,17.16,0.0,76.25,2,1.81,1.05,-5.52,0.0,,8,,20260918
DTRUY,Daimler Truck Holding AG,Industrials,Farm & Heavy Construction Machinery,PNK,25.36,32433,38558011392,0.4715,26.19,24.0,-1.7692,,,,,0.0,70.75,3,28.73,19.43,-11.73,0.0,,8,,20260918
WEGZY,WEG S.A.,Industrials,Electrical Equipment & Parts,OID,9.93,506322,41664589824,0.3182,9.42,9.24,1.5916,,,,,0.0,95.0,2,10.8,6.57,-8.08,0.0,,8,,20260918
PUKPF,Prudential plc,Financial Services,Insurance - Life,PNK,13.47,333,33298057216,0.0857,13.41,13.79,0.6723,13.67,-27.79,-8.0,-9.51,0.0,62.0,3,16.1,11.85,-16.34,0.0,,8,,20260918
IBIDF,"Ibiden Co.,Ltd.",Technology,Electronic Components,PNK,120.76,812,33944268800,2.1999,114.9,76.97,2.6638,-14.65,188.88,1502.81,663.57,0.0,51.25,2,153.47,21.5,-21.32,0.0,,8,,20260918
HEI,HEICO Corporation,Industrials,Aerospace & Defense,NYSE,,468811,41435279360,7.3362,,,,,,,,0.0,18.25,3,376.86,256.11,,0.0,,8,,20260918
RSTRF,Restaurant Brands International Limited Partnership,Consumer Cyclical,Restaurants,PNK,74.0,12,24834684928,0.1109,73.65,73.56,3.2007,,,,,0.0,75.0,2,86.0,65.42,-13.95,0.0,,8,,20260918
DTGHF,Daimler Truck Holding AG,Industrials,Farm & Heavy Construction Machinery,PNK,49.61,153,37714173952,0.4627,51.43,47.4,-3.9358,3.45,-6.5,3.59,0.02,0.0,64.5,3,54.9,38.89,-9.64,0.0,,8,,20260918
KMTUY,Komatsu Ltd.,Industrials,Farm & Heavy Construction Machinery,PNK,45.71,110795,40568954880,1.0968,44.22,41.24,1.3603,,,,,0.0,88.75,2,52.74,30.65,-13.33,0.0,,8,,20260918
DLMAY,Dollarama Inc.,Consumer Defensive,Discount Stores,PNK,12.85,276,34485481472,0.3658,12.49,13.28,0.9808,-11.71,-21.1,-15.66,-16.58,0.0,38.25,3,19.02,10.0,-32.44,0.0,,8,,20260918
IFCZF,Intact Financial Corporation,Financial Services,Insurance - Property & Casualty,PNK,185.11,51506,32644003840,3.1852,197.31,192.45,-3.8288,-7.37,-13.48,-20.44,-14.74,0.0,22.0,4,226.09,174.43,-18.13,0.0,,8,,20260918
BKHPF,Bank Hapoalim B.M.,Financial Services,Banks - Regional,PNK,26.71,23,34858659840,0.1356,23.56,23.23,23.2422,1.75,-1.22,50.36,20.16,0.0,75.0,2,26.95,18.28,-0.89,0.0,,8,,20260918
CKHUY,CK Hutchison Holdings Limited,Industrials,Conglomerates,PNK,8.58,206235,32861779968,0.1573,8.87,8.06,-1.8132,,,,,0.0,77.0,3,9.42,6.3,-8.92,0.0,,8,,20260918
TEVJF,Teva Pharmaceutical Industries Limited,Healthcare,Drug Manufacturers - Specialty & Generic,PNK,39.19,6,38326587392,0.7136,31.43,27.19,10.8684,,,,,0.0,78.75,2,37.0,14.32,5.92,0.0,,8,,20260918
HNDAF,"Honda Motor Co., Ltd.",Consumer Cyclical,Auto Manufacturers,PNK,10.83,67408,42161369088,0.2544,10.05,9.51,3.0708,18.26,13.21,-16.58,2.56,0.0,77.5,2,11.95,7.74,-9.37,0.0,,8,,20260918
ADYEY,Adyen N.V.,Technology,Software - Infrastructure,PNK,10.43,2051330,32924045312,0.3266,10.85,11.89,-1.2862,,,,,0.0,47.0,4,18.34,8.93,-43.12,0.0,,8,,20260918
ONC,BeOne Medicines AG,Healthcare,Biotechnology,NASDAQ,,373538,39984156672,7.3731,,,,,,,,0.0,25.75,3,385.22,253.95,,0.0,,8,,20260918
DLMAF,Dollarama Inc.,Consumer Defensive,Discount Stores,PNK,122.64,38001,32912836608,1.9116,131.35,134.66,-4.5564,,,,,0.0,23.25,4,160.86,112.41,-23.76,0.0,,8,,20260918
NECPY,NEC Corporation,Technology,Information Technology Services,PNK,16.14,2169,1791,0.5453,14.76,14.78,2.5361,,,,,0.0,77.5,3,20.65,10.78,-21.84,0.0,,8,,20260918
NIPNF,NEC Corporation,Technology,Information Technology Services,PNK,31.2,6482,41381937152,0.6918,29.72,29.5,2.1429,29.25,-0.74,-15.44,0.88,0.0,76.25,2,41.0,21.65,-23.9,0.0,,8,,20260918
AMKBF,A.P. Møller - Mærsk A/S,Industrials,Marine Shipping,PNK,3496.03,59,50394570752,66.0561,2949.46,2532.52,8.2743,29.89,15.57,57.75,36.02,0.0,78.75,2,3611.5,1838.5,-3.2,0.0,,8,,20260918
FINMY,Leonardo S.p.a.,Industrials,Aerospace & Defense,PNK,28.97,49783,33424766976,0.5851,30.85,31.2,-3.2148,,,,,0.0,42.0,3,37.51,25.59,-22.77,0.0,,8,,20260918
GFIOF,Gold Fields Limited,Basic Materials,Gold,PNK,42.74,55,38076919808,1.184,26.08,24.11,14.0694,,,,,0.0,83.75,2,61.4,32.1,-30.39,0.0,,8,,20260918
PSZKY,Powszechna Kasa Oszczednosci Bank Polski Spólka Akcyjna,Financial Services,Banks - Regional,PNK,31.84,33372,39800000512,1.7354,29.84,25.87,1.1513,14.23,19.61,45.95,28.8,0.0,92.5,2,33.92,17.64,-6.13,0.0,,8,,20260918
BKHYY,Bank Hapoalim B.M.,Financial Services,Banks - Regional,PNK,132.86,26011,34678558720,3.2692,125.22,123.26,2.3355,,,,,0.0,88.75,2,146.0,89.91,-9.0,0.0,,8,,20260918
PAYX,"Paychex, Inc.",Technology,Software - Application,NASDAQ,,3013380,41475284992,2.3254,,,,,,,,0.0,27.0,3,132.87,85.45,,0.0,,8,,20260918
BBDO,Banco Bradesco S.A.,Financial Services,Banks - Regional,NYSE,,80856,34143399936,0.1084,,,,,,,,0.0,25.75,3,3.8,2.65,,0.0,,8,,20260918
BBD,Banco Bradesco S.A.,Financial Services,Banks - Regional,NYSE,,31560256,36786077696,0.0923,,,,,,,,0.0,23.25,3,4.3,2.98,,0.0,,8,,20260918
HAL,Halliburton Company,Energy,Oil & Gas Equipment & Services,NYSE,,11640903,28351424512,1.122,,,,,,,,0.0,20.75,3,43.59,21.46,,0.0,,8,,20260918
STLD,"Steel Dynamics, Inc.",Basic Materials,Steel,NASDAQ,,1231400,35165548544,7.5515,,,,,,,,0.0,23.25,3,288.74,134.87,,0.0,,8,,20260918
GFI,Gold Fields Limited,Basic Materials,Gold,NYSE,,3781137,38611456000,1.4518,,,,,,,,0.0,17.0,3,61.64,31.11,,0.0,,8,,20260918
RBLX,Roblox Corporation,Communication Services,Electronic Gaming & Multimedia,NYSE,,11833275,33932857344,2.198,,,,,,,,0.0,27.0,3,142.0,33.88,,0.0,,8,,20260918
PPRUY,Kering SA,Consumer Cyclical,Luxury Goods,PNK,27.38,424329,33572904960,0.7339,29.58,30.61,-2.9946,,,,,0.0,10.0,4,40.7,26.22,-32.73,0.0,,8,,20260918
VOD,Vodafone Group Public Limited Company,Communication Services,Telecom Services,NASDAQ,,3977272,40489304064,0.2085,,,,,,,,0.0,25.75,3,17.71,11.12,,0.0,,8,,20260918
QSR,Restaurant Brands International Inc.,Consumer Cyclical,Restaurants,NYSE,,2747666,33574952960,1.6138,,,,,,,,0.0,22.0,3,81.96,62.85,,0.0,,8,,20260918
VG,"Venture Global, Inc.",Energy,Oil & Gas Midstream,NYSE,,14282248,36051341312,0.6301,,,,,,,,0.0,25.75,3,17.62,5.72,,0.0,,8,,20260918
PPRUF,Kering SA,Consumer Cyclical,Luxury Goods,PNK,273.22,453,33501786112,5.4416,296.56,308.77,-4.2893,-12.62,-14.25,-23.83,-17.67,0.0,5.0,4,416.28,263.3,-34.37,0.0,,8,,20260918
AMKBY,A.P. Møller - Mærsk A/S,Industrials,Marine Shipping,PNK,17.41,80637,50192330752,0.4493,14.89,12.67,5.6074,,,,,0.0,87.5,2,18.02,9.23,-3.39,0.0,,8,,20260918
SHLAF,Schindler Holding AG,Industrials,Specialty Industrial Machinery,PNK,315.0,108,34398244864,4.4612,327.08,348.29,-2.7082,-7.86,-19.38,-32.23,-21.64,0.0,25.25,4,410.62,300.0,-23.29,0.0,,8,,20260918
SHNDY,Schindler Holding AG,Industrials,Specialty Industrial Machinery,PNK,15.19,14407,32446812160,0.2965,15.53,15.19,-1.1238,-6.08,-18.58,-27.53,-19.04,0.0,52.0,3,20.95,14.38,-27.48,0.0,,8,,20260918
DNNGY,Ørsted A/S,Utilities,Utilities - Renewable,PNK,6.92,114104,27425521664,0.2124,7.21,7.58,-1.3694,,,,,0.0,25.25,4,33.02,5.75,-79.04,0.0,,8,,20260918
HMC,"Honda Motor Co., Ltd.",Consumer Cyclical,Auto Manufacturers,NYSE,,1209890,42213273600,0.39,,,,,,,,0.0,20.75,3,34.16,23.25,,0.0,,8,,20260918
KMTUF,Komatsu Ltd.,Industrials,Farm & Heavy Construction Machinery,PNK,45.3,8714,40205066240,2.1374,44.17,41.37,0.5265,,,,,0.0,86.25,2,52.83,30.15,-14.25,0.0,,8,,20260918
DOGEF,Ørsted A/S,Utilities,Utilities - Renewable,PNK,20.55,1617,27147823104,0.7708,21.94,22.92,-1.8073,-17.18,-24.11,-49.39,-32.49,0.0,7.5,4,27.67,16.34,-25.73,0.0,,8,,20260918
CSLLY,CSL Limited,Healthcare,Biotechnology,OQX,31.75,249691,60945305600,0.847,25.69,24.66,7.1584,,,,,0.0,86.25,2,36.28,16.01,-12.5,0.0,,8,,20260918
CKHUF,CK Hutchison Holdings Limited,Industrials,Conglomerates,PNK,8.6,8177,32938383360,0.139,8.87,8.03,-1.943,,,,,0.0,62.0,3,9.4,5.96,-8.51,0.0,,8,,20260918
ZTS,Zoetis Inc.,Healthcare,Drug Manufacturers - Specialty & Generic,NYSE,,6130725,30173587456,1.6269,,,,,,,,0.0,20.75,3,148.79,71.0,,0.0,,8,,20260918
TRAUF,Transurban Group,Industrials,Infrastructure Operations,PNK,9.89,1122,30862262272,0.2818,10.15,10.05,-0.9325,-12.69,-19.97,-11.8,-14.88,0.0,27.75,4,11.3,8.67,-12.48,0.0,,8,,20260918
IBIDY,"Ibiden Co.,Ltd.",Technology,Electronic Components,PNK,30.53,46308,34327400448,2.4837,30.2,21.38,0.1323,,,,,0.0,57.5,2,43.05,5.81,-29.08,0.0,,8,,20260918
ALC,Alcon Inc.,Healthcare,Medical Instruments & Supplies,NYSE,,1898570,31508013056,1.1962,,,,,,,,0.0,22.0,3,87.64,61.84,,0.0,,8,,20260918
VMC,Vulcan Materials Company,Basic Materials,Building Materials,NYSE,,1058567,31682000896,6.0769,,,,,,,,0.0,18.25,3,331.09,241.77,,0.0,,8,,20260918
HVRRY,Hannover Rück SE,Financial Services,Insurance - Reinsurance,PNK,48.9,18608,35382493184,0.7698,48.59,47.48,0.4079,8.71,-15.28,-10.08,-7.2,0.0,81.25,2,55.72,43.0,-12.24,0.0,,8,,20260918
GVDNY,Givaudan SA,Basic Materials,Specialty Chemicals,PNK,79.2,23211,36556013568,1.3526,81.12,76.57,-1.4173,,,,,0.0,43.25,3,90.69,65.97,-12.67,0.0,,8,,20260918
KGC,Kinross Gold Corporation,Basic Materials,Gold,NYSE,,8209840,33795999744,1.01,,,,,,,,0.0,20.75,3,39.11,21.94,,0.0,,8,,20260918
NTR,Nutrien Ltd.,Basic Materials,Agricultural Inputs,NYSE,,2704185,37661417472,2.1737,,,,,,,,0.0,28.25,3,85.36,53.03,,0.0,,8,,20260918
NHOLF,"Sompo Holdings, Inc.",Financial Services,Insurance - Property & Casualty,PNK,45.13,140,40018817024,0.4876,41.27,36.41,7.9153,19.69,1.83,17.18,12.44,0.0,76.25,2,46.15,29.34,-2.21,0.0,,8,,20260918
AMKAF,A.P. Møller - Mærsk A/S,Industrials,Marine Shipping,PNK,3480.0,59,50163499008,56.3947,2862.92,2504.3,10.9421,25.79,27.8,50.36,36.32,0.0,80.0,2,3480.0,1851.79,0.0,0.0,,8,,20260918
KVUE,Kenvue Inc.,Consumer Defensive,Household & Personal Products,NYSE,,23064337,34324224000,0.3178,,,,,,,,0.0,19.5,3,20.13,14.02,,0.0,,8,,20260918
ACGLN,Arch Capital Group Ltd.,Financial Services,Insurance - Diversified,NASDAQ,15.11,55159,0,0.2811,15.79,16.14,-2.4072,,,,,0.0,29.0,4,18.25,14.88,-17.21,0.0,,8,,20260918
ACGLO,Arch Capital Group Ltd.,Financial Services,Insurance - Diversified,NASDAQ,18.44,33225,7430195522,0.2589,18.84,19.28,-1.554,,,,,0.0,32.75,4,22.06,18.06,-16.41,0.0,,8,,20260918
ACGL,Arch Capital Group Ltd.,Financial Services,Insurance - Diversified,NASDAQ,,2299858,32996855808,1.6485,,,,,,,,0.0,20.75,3,107.09,82.45,,0.0,,8,,20260918
CHT,"Chunghwa Telecom Co., Ltd.",Communication Services,Telecom Services,NYSE,,187362,35467046912,0.4623,,,,,,,,0.0,27.0,3,46.48,39.28,,0.0,,8,,20260918
WAT,Waters Corporation,Healthcare,Diagnostics & Research,NYSE,,817700,42192424960,10.6708,,,,,,,,0.0,28.25,3,431.77,282.77,,0.0,,8,,20260918
MLYBY,Malayan Banking Berhad,Financial Services,Banks - Regional,PNK,5.54,1850,33504753664,0.3591,5.48,5.72,0.181,6.61,-38.75,23.6,-2.47,0.0,73.25,3,8.1,4.2,-31.6,0.0,,8,,20260918
SHLRF,Schindler Holding AG,Industrials,Specialty Industrial Machinery,PNK,300.82,20,33593870336,2.6035,302.78,327.71,-0.7523,-5.1,-25.47,-37.48,-25.18,0.0,24.0,4,371.81,287.49,-19.09,0.0,,8,,20260918
CMXHF,CSL Limited,Healthcare,Biotechnology,OQX,123.22,1843,59131342848,1.4348,101.17,97.83,15.3661,66.86,13.48,-18.06,14.21,0.0,75.0,2,148.36,63.84,-16.95,0.0,,8,,20260918
GASNY,"Naturgy Energy Group, S.A.",Utilities,Utilities - Regulated Gas,PNK,6.84,62090,31914444800,0.11,6.66,6.15,1.6556,,,,,0.0,87.5,2,6.97,5.61,-1.87,0.0,,8,,20260918
DNZOF,DENSO Corporation,Consumer Cyclical,Auto Parts,PNK,12.76,4004,31991113728,1.1287,12.6,12.9,0.1423,1.41,-12.39,-28.02,-15.19,0.0,72.0,3,16.5,10.25,-22.67,0.0,,8,,20260918
TRPCF,Trip.com Group Limited,Consumer Cyclical,Travel Services,PNK,39.55,22,24902324224,0.3417,43.16,54.89,-10.5867,-14.29,-48.93,-60.6,-44.94,0.0,0.0,4,78.15,38.71,-49.4,0.0,,8,,20260918
ROP,"Roper Technologies, Inc.",Technology,Software - Application,NASDAQ,,900638,37064093696,8.3938,,,,,,,,0.0,23.25,3,521.28,305.96,,0.0,,8,,20260918
TS,Tenaris S.A.,Energy,Oil & Gas Equipment & Services,NYSE,,1271116,28532418560,1.1685,,,,,,,,0.0,23.25,3,64.6,33.65,,0.0,,8,,20260918
SMPNY,"Sompo Holdings, Inc.",Financial Services,Insurance - Property & Casualty,PNK,22.39,129327,39710216192,0.6711,21.5,19.15,1.3323,,,,,0.0,83.75,2,23.41,14.41,-4.36,0.0,,8,,20260918
KMB,Kimberly-Clark Corporation,Consumer Defensive,Household & Personal Products,NASDAQ,,4227045,32655937536,2.0676,,,,,,,,0.0,18.25,3,126.55,92.42,,0.0,,8,,20260918
Q,"Qnity Electronics, Inc.",Technology,Semiconductor Equipment & Materials,NYSE,,1953688,24504596480,4.718,,,,,,,,0.0,22.0,3,177.28,70.5,,0.0,,8,,20260918
EPIAF,Epiroc AB (publ),Industrials,Farm & Heavy Construction Machinery,PNK,25.26,3809,30559440896,1.1576,26.58,26.86,-1.142,-16.92,-17.75,-2.85,-11.59,0.0,31.5,4,31.48,19.72,-19.76,0.0,,8,,20260918
HVRRF,Hannover Rück SE,Financial Services,Insurance - Reinsurance,PNK,291.63,1,35169742848,0.27,285.6,286.96,22.3461,5.1,-17.39,-11.39,-9.37,0.0,75.0,3,326.75,262.33,-10.75,0.0,,8,,20260918
LVS,Las Vegas Sands Corp.,Consumer Cyclical,Resorts & Casinos,NYSE,,5091072,26342006784,1.0254,,,,,,,,0.0,20.75,3,70.45,40.63,,0.0,,8,,20260918
HHUSF,Hua Hong Grace Semiconductor Limited,Technology,Semiconductors,PNK,13.85,43,32356990976,0.1798,17.46,14.28,-20.0779,-24.55,4.86,50.12,15.61,0.0,12.0,4,22.59,7.01,-38.69,0.0,,8,,20260918
EPOAY,Epiroc AB (publ),Industrials,Farm & Heavy Construction Machinery,PNK,26.01,152695,31470526464,0.654,26.26,26.39,-0.3866,,,,,0.0,26.5,4,30.33,19.55,-14.24,0.0,,8,,20260918
SYM,Symbotic Inc.,Industrials,Specialty Industrial Machinery,NASDAQ,,1753079,27005323264,1.5313,,,,,,,,0.0,23.25,3,87.88,37.68,,0.0,,8,,20260918
CPRT,"Copart, Inc.",Industrials,Specialty Business Services,NASDAQ,,11855530,27459567616,1.0546,,,,,,,,0.0,23.25,3,47.0,26.81,,0.0,,8,,20260918
MITEF,"Mitsubishi Estate Co., Ltd.",Real Estate,Real Estate - Diversified,PNK,23.41,48,28050186240,0.0683,24.01,26.32,-8.8276,-7.67,-34.19,-5.69,-16.16,0.0,13.25,4,33.16,20.7,-29.4,0.0,,8,,20260918
A,"Agilent Technologies, Inc.",Healthcare,Diagnostics & Research,NYSE,,2182654,44082536448,4.0185,,,,,,,,0.0,25.75,3,163.75,108.35,,0.0,,8,,20260918
AAVMY,ABN AMRO Bank N.V.,Financial Services,Banks - Diversified,PNK,49.96,24738,40714190848,0.7392,46.05,37.39,5.2898,,,,,0.0,86.25,2,50.58,28.46,-1.23,0.0,,8,,20260918
UAL,"United Airlines Holdings, Inc.",Industrials,Airlines,NASDAQ,,4130477,34936684544,3.1785,,,,,,,,0.0,20.75,3,138.77,84.64,,0.0,,8,,20260918
CICOY,"COSCO SHIPPING Holdings Co., Ltd.",Industrials,Marine Shipping,PNK,10.65,6682,53305163776,0.3197,10.13,9.22,1.6209,,,,,0.0,86.25,2,11.55,7.43,-7.79,0.0,,8,,20260918
AVIFY,Advanced Info Service Public Company Limited,Communication Services,Telecom Services,PNK,10.53,4093,35466563584,0.5697,11.15,10.65,-1.0867,,,,,0.0,19.5,4,13.41,7.85,-21.48,0.0,,8,,20260918
HBANL,Huntington Bancshares Incorporated,Financial Services,Banks - Regional,NASDAQ,25.07,22877,0,0.1595,25.12,24.76,-0.3052,,,,,0.0,74.5,3,26.19,24.31,-4.28,0.0,,8,,20260918
HBANZ,Huntington Bancshares Incorporated,Financial Services,Banks - Regional,NASDAQ,19.11,10759,0,0.1772,19.36,19.11,-1.4074,,,,,0.0,47.0,3,22.23,18.9,-14.02,0.0,,8,,20260918
