ticker,name,sector,industry,exchange,close,avg_volume_50d,market_cap,atr14,sma50,sma200,atr_extension,rs_3m,rs_6m,rs_12m,rs_score,rs_percentile,trend_strength,stage,52w_high,52w_low,pct_from_52w_high,rts_composite,rts_grade,rts_grade_rank,colour_band,run_date
RDEIY,"Redeia Corporación, S.A.",Utilities,Utilities - Regulated Electric,PNK,8.62,76317,9302633472,0.1097,8.75,8.49,-1.2137,,,,,0.0,73.25,3,11.04,8.08,-21.92,0.0,,8,,20260918
NXSNF,"NextVision Stabilized Systems, Ltd.",Industrials,Security & Protection Services,PNK,73.5,248,6802046976,0.7707,74.72,87.02,-1.5812,-28.34,-51.42,44.8,-7.16,0.0,13.25,4,123.19,43.0,-40.34,0.0,,8,,20260918
EVKIY,Evonik Industries AG,Basic Materials,Specialty Chemicals,PNK,10.34,16859,9636880384,0.3252,10.21,8.87,0.404,17.96,15.4,1.94,10.65,0.0,85.0,2,11.03,7.24,-6.26,0.0,,8,,20260918
BZZUF,Buzzi S.p.A.,Basic Materials,Building Materials,PNK,45.0,353,7943024128,0.2254,48.32,53.37,-14.743,-9.74,-28.58,-33.26,-25.74,0.0,0.0,4,63.8,44.91,-29.47,0.0,,8,,20260918
UHAL,U-Haul Holding Company,Industrials,Rental & Leasing Services,NYSE,,179596,12474229760,1.4731,,,,,,,,0.0,22.0,3,76.45,41.95,,0.0,,8,,20260918
QABSY,Qantas Airways Limited,Industrials,Airlines,PNK,31.84,28711,9636052992,0.9581,34.04,32.7,-2.3012,,,,,0.0,20.75,4,39.21,28.15,-18.8,0.0,,8,,20260918
DAR,Darling Ingredients Inc.,Consumer Defensive,Packaged Foods,NYSE,,2471601,10492315648,2.4085,,,,,,,,0.0,24.5,3,69.98,29.15,,0.0,,8,,20260918
LINE,"Lineage, Inc.",Real Estate,REIT - Industrial,NASDAQ,,943975,9437180928,0.9877,,,,,,,,0.0,19.5,3,45.75,31.33,,0.0,,8,,20260918
ASMVF,ASMPT Limited,Technology,Semiconductor Equipment & Materials,PNK,20.62,45,8647340032,0.164,20.41,15.63,1.2497,-3.38,38.74,141.56,69.34,0.0,50.0,2,22.6,9.05,-8.77,0.0,,8,,20260918
CCOEF,"Capcom Co., Ltd.",Communication Services,Electronic Gaming & Multimedia,PNK,26.95,75,11273422848,0.3219,23.12,22.33,11.9066,48.31,4.47,-16.93,6.87,0.0,75.0,2,30.05,16.45,-10.32,0.0,,8,,20260918
LZRFY,Localiza Rent a Car S.A.,Industrials,Rental & Leasing Services,OQX,7.35,45746,8118919680,0.3513,7.14,8.38,0.6016,,,,,0.0,36.25,3,11.76,6.1,-37.5,0.0,,8,,20260918
SIMO,Silicon Motion Technology Corporation,Technology,Semiconductors,NASDAQ,,993316,8588833792,15.5746,,,,,,,,0.0,22.0,3,355.0,79.76,,0.0,,8,,20260918
RIOT,"Riot Platforms, Inc.",Financial Services,Capital Markets,NCM,,18487641,8210665472,1.3153,,,,,,,,0.0,24.5,3,30.32,11.5,,0.0,,8,,20260918
ACM,AECOM,Industrials,Engineering & Construction,NYSE,,2030441,8160640000,2.2262,,,,,,,,0.0,24.5,3,135.52,60.35,,0.0,,8,,20260918
REGMF,"RemeGen Co., Ltd.",Healthcare,Biotechnology,PNK,10.93,43,6160238592,0.0988,11.6,11.04,-6.7823,-10.05,-3.71,100.65,36.45,0.0,14.5,4,12.85,5.06,-14.94,0.0,,8,,20260918
ONBPP,Old National Bancorp,Financial Services,Banks - Regional,NASDAQ,24.86,6870,0,0.1446,24.79,24.32,0.4697,,,,,0.0,88.75,2,25.5,24.41,-2.51,0.0,,8,,20260918
ONB,Old National Bancorp,Financial Services,Banks - Regional,NASDAQ,,4194722,9686672384,0.5013,,,,,,,,0.0,22.0,3,27.36,19.39,,0.0,,8,,20260918
ONBPO,Old National Bancorp,Financial Services,Banks - Regional,NASDAQ,,5975,0,0.1338,,,,,,,,0.0,19.5,3,25.46,24.53,,0.0,,8,,20260918
SCRPF,Sembcorp Industries Ltd,Utilities,Utilities - Diversified,PNK,4.74,386,8439163904,0.0161,4.44,4.67,18.6257,-0.48,-7.03,-6.5,-5.18,0.0,50.0,3,5.9,4.11,-19.66,0.0,,8,,20260918
ACLIF,Accelleron Industries AG,Industrials,Specialty Industrial Machinery,PNK,85.1,76,8003335680,0.8985,95.27,89.43,-11.3217,-14.41,-0.96,-16.88,-10.69,0.0,13.25,4,109.3,77.0,-22.14,0.0,,8,,20260918
SSB,SouthState Bank Corporation,Financial Services,Banks - Regional,NYSE,,814970,10053350400,1.9423,,,,,,,,0.0,23.25,3,112.2,84.48,,0.0,,8,,20260918
ALBKY,Alpha Bank S.A.,Financial Services,Banks - Regional,PNK,1.3,23783,12004615168,0.0365,1.22,1.07,2.1364,,,,,0.0,78.75,2,1.37,0.73,-5.11,0.0,,8,,20260918
JSAIY,J Sainsbury plc,Consumer Defensive,Grocery Stores,OQX,18.11,67391,9861129216,0.2891,18.58,17.65,-1.6144,,,,,0.0,73.25,3,19.9,15.87,-8.99,0.0,,8,,20260918
TX,Ternium S.A.,Basic Materials,Steel,NYSE,,588614,11403512832,1.3892,,,,,,,,0.0,22.0,3,58.73,33.01,,0.0,,8,,20260918
MDDNF,Meridian Energy Limited,Utilities,Utilities - Renewable,PNK,2.98,291,7892820480,0.0296,3.08,3.08,-3.3648,-10.23,-7.86,-21.54,-13.93,0.0,24.0,4,3.62,2.84,-17.68,0.0,,8,,20260918
NCLTY,"Nitori Holdings Co., Ltd.",Consumer Cyclical,"Furnishings, Fixtures & Appliances",PNK,9.94,165056,11233344512,0.4152,8.92,8.49,2.4601,,,,,0.0,83.75,2,11.56,6.9,-14.01,0.0,,8,,20260918
AXTI,"AXT, Inc.",Technology,Semiconductor Equipment & Materials,NASDAQ,,10278698,4442585088,5.3108,,,,,,,,0.0,22.0,3,143.16,3.93,,0.0,,8,,20260918
EQUEY,Equatorial S.A.,Utilities,Utilities - Regulated Electric,PNK,7.78,333,9774004224,0.0845,7.39,7.68,4.5664,4.1,-18.36,-3.41,-6.77,0.0,51.25,3,9.59,6.3,-18.87,0.0,,8,,20260918
CNM,"Core & Main, Inc.",Industrials,Industrial Distribution,NYSE,,2368067,7912626688,1.4481,,,,,,,,0.0,22.0,3,59.66,40.03,,0.0,,8,,20260918
ACDSF,CapitaLand Ascendas REIT,Real Estate,REIT - Industrial,PNK,1.82,36270,9091290112,0.0158,1.87,1.98,-3.3676,-9.75,-22.46,-34.11,-23.94,0.0,24.0,4,2.32,1.72,-21.55,0.0,,8,,20260918
HDALF,Haidilao International Holding Ltd.,Consumer Cyclical,Restaurants,PNK,1.28,22220,7469309440,0.0564,1.49,1.75,-3.6703,-21.43,-53.24,-36.04,-38.41,0.0,5.0,4,2.41,1.11,-46.68,0.0,,8,,20260918
ALV,"Autoliv, Inc.",Consumer Cyclical,Auto Parts,NYSE,,654412,8604640256,2.5477,,,,,,,,0.0,22.0,3,132.17,99.16,,0.0,,8,,20260918
CEF,Sprott Physical Gold and Silver Trust,Unknown,Unknown,NYSE,44.2,626291,7751184384,1.1944,43.09,46.75,0.9266,,,,,0.0,69.5,3,61.38,33.83,-27.99,0.0,,8,,20260918
AGX,"Argan, Inc.",Industrials,Engineering & Construction,NYSE,,349340,5373429248,21.6677,,,,,,,,0.0,19.5,3,805.75,240.24,,0.0,,8,,20260918
AAL,American Airlines Group Inc.,Industrials,Airlines,NASDAQ,,96834495,8565890560,0.3838,,,,,,,,0.0,19.5,3,18.79,10.09,,0.0,,8,,20260918
GMWKF,Games Workshop Group PLC,Consumer Cyclical,Leisure,PNK,243.0,269,8029981184,13.6231,260.4,253.9,-1.277,-14.6,-6.42,6.32,-3.37,0.0,28.25,4,300.0,185.0,-19.0,0.0,,8,,20260918
SMNNY,Shimano Inc.,Consumer Cyclical,Leisure,PNK,11.74,65143,9899938816,0.3661,12.01,10.96,-0.7426,,,,,0.0,68.25,3,13.15,9.36,-10.72,0.0,,8,,20260918
IFUUF,Infratil Limited,Industrials,Conglomerates,PNK,8.1,59,8094431232,0.0608,9.02,7.72,-15.0619,,,,,0.0,25.0,3,9.65,5.4,-16.06,0.0,,8,,20260918
SSAAF,SSAB AB (publ),Basic Materials,Steel,PNK,9.33,16,9298442240,0.0011,9.33,8.54,0.0,-7.36,4.79,42.78,16.95,0.0,50.0,3,9.99,5.88,-6.61,0.0,,8,,20260918
ZIONP,"Zions Bancorporation, National Association",Financial Services,Banks - Regional,NASDAQ,18.0,4826,0,0.1797,17.98,18.59,0.0953,,,,,0.0,45.75,3,22.89,17.67,-21.36,0.0,,8,,20260918
ZION,"Zions Bancorporation, National Association",Financial Services,Banks - Regional,NASDAQ,,1541103,9589135360,1.5446,,,,,,,,0.0,22.0,3,73.34,46.19,,0.0,,8,,20260918
PSO,Pearson plc,Communication Services,Publishing,NYSE,,728577,9626529792,0.2185,,,,,,,,0.0,24.5,3,17.75,12.02,,0.0,,8,,20260918
NRKBF,NKT A/S,Industrials,Electrical Equipment & Parts,PNK,138.1,7,7381507584,1.2658,157.13,135.37,-15.0304,-13.52,-3.16,42.02,12.32,0.0,25.0,3,158.3,101.0,-12.76,0.0,,8,,20260918
GWKSY,Games Workshop Group PLC,Consumer Cyclical,Leisure,PNK,25.35,1147,8287733760,0.8668,26.54,26.27,-1.3655,,,,,0.0,27.75,4,32.01,20.0,-20.79,0.0,,8,,20260918
AOMFF,Alstom SA,Industrials,Railroads,PNK,18.51,2146,8563022848,0.2096,18.48,24.02,0.1451,-1.19,-43.94,-35.09,-29.71,0.0,53.75,3,35.21,17.06,-47.43,0.0,,8,,20260918
ALSN,"Allison Transmission Holdings, Inc.",Consumer Cyclical,Auto Parts,NYSE,,1055072,9889546240,3.8585,,,,,,,,0.0,20.75,3,137.62,76.01,,0.0,,8,,20260918
ZLIOY,"Zoomlion Heavy Industry Science and Technology Co., Ltd.",Industrials,Farm & Heavy Construction Machinery,PNK,6.85,114,8795350016,0.1646,8.86,9.85,-12.1913,,,,,0.0,0.0,4,14.92,6.85,-54.09,0.0,,8,,20260918
ASR,"Grupo Aeroportuario del Sureste, S. A. B. de C. V.",Industrials,Airports & Air Services,NYSE,,58800,7380080640,5.1723,,,,,,,,0.0,15.75,3,381.52,241.46,,0.0,,8,,20260918
CUBE,CubeSmart,Real Estate,REIT - Industrial,NYSE,,2148575,9111732224,0.6677,,,,,,,,0.0,19.5,3,43.26,35.09,,0.0,,8,,20260918
ADC,Agree Realty Corporation,Real Estate,REIT - Retail,NYSE,,1327409,8501517824,1.1529,,,,,,,,0.0,17.0,3,82.08,67.93,,0.0,,8,,20260918
ALSMY,Alstom SA,Industrials,Railroads,PNK,1.76,1514404,8142041600,0.0484,1.8,2.36,-0.8716,,,,,0.0,40.75,4,3.51,1.65,-49.86,0.0,,8,,20260918
CIFR,Cipher Digital Inc.,Technology,Information Technology Services,NASDAQ,,31685650,7030620672,1.3312,,,,,,,,0.0,27.0,3,30.14,11.01,,0.0,,8,,20260918
LKNCY,Luckin Coffee Inc.,Consumer Cyclical,Restaurants,OID,33.64,1330137,9630750720,1.3985,34.19,33.76,-0.3903,,,,,0.0,61.5,4,43.64,27.22,-22.91,0.0,,8,,20260918
FROG,JFrog Ltd.,Technology,Software - Application,NASDAQ,,2609166,11587857408,5.5717,,,,,,,,0.0,23.25,3,105.76,34.05,,0.0,,8,,20260918
UZAPF,Flughafen Zürich AG,Industrials,Airports & Air Services,PNK,252.42,70,7748779008,5.5349,282.03,298.77,-5.3498,-21.44,-26.84,-32.4,-27.71,0.0,5.0,4,351.79,240.36,-28.25,0.0,,8,,20260918
LLYVK,"Liberty Live Holdings, Inc.",Communication Services,Entertainment,NASDAQ,,325598,8988924928,2.8092,,,,,,,,0.0,23.25,3,109.75,76.94,,0.0,,8,,20260918
LLYVA,"Liberty Live Holdings, Inc.",Communication Services,Entertainment,NASDAQ,,182441,8684387328,2.4362,,,,,,,,0.0,19.5,3,106.06,74.38,,0.0,,8,,20260918
KIKOF,Kikkoman Corporation,Consumer Defensive,Packaged Foods,PNK,10.2,1,9462942720,0.0015,10.2,9.23,0.0,9.59,4.15,7.78,6.96,0.0,75.0,3,10.2,8.27,-0.0,0.0,,8,,20260918
SAIL,"SailPoint, Inc.",Technology,Software - Infrastructure,NASDAQ,,4040332,11526706176,1.2302,,,,,,,,0.0,23.25,3,24.0,10.3,,0.0,,8,,20260918
SEOAY,Stora Enso Oyj,Consumer Cyclical,Packaging & Containers,OQX,12.22,47238,9636936704,0.2047,11.33,11.72,4.3634,,,,,0.0,87.5,3,14.41,9.92,-15.2,0.0,,8,,20260918
CRPAY,"Corporación Acciona Energías Renovables, S.A.",Utilities,Utilities - Renewable,PNK,12.33,31,8003388928,0.0053,12.39,12.77,-11.141,-4.52,-10.12,-25.39,-14.83,0.0,24.0,4,16.51,12.0,-25.32,0.0,,8,,20260918
ICLR,ICON Public Limited Company,Healthcare,Diagnostics & Research,NASDAQ,,827198,13091525632,5.8992,,,,,,,,0.0,27.0,3,203.91,66.57,,0.0,,8,,20260918
INPOY,InPost S.A.,Industrials,Integrated Freight & Logistics,PNK,8.83,3398,8888585216,0.1156,8.87,8.36,-0.3663,,,,,0.0,69.5,3,9.17,5.28,-3.71,0.0,,8,,20260918
FLS,Flowserve Corporation,Industrials,Specialty Industrial Machinery,NYSE,,1831180,9424489472,2.3223,,,,,,,,0.0,22.0,3,92.41,48.71,,0.0,,8,,20260918
SARO,"StandardAero, Inc.",Industrials,Aerospace & Defense,NYSE,,3490319,7458924032,0.7075,,,,,,,,0.0,14.5,3,34.48,22.38,,0.0,,8,,20260918
IMIUY,IMI plc,Industrials,Specialty Industrial Machinery,PNK,40.91,7998,9642249216,0.8411,40.52,40.91,0.4598,,,,,0.0,82.5,3,43.62,34.07,-6.21,0.0,,8,,20260918
SNEX,StoneX Group Inc.,Financial Services,Capital Markets,NASDAQ,,1130171,7976384512,2.1538,,,,,,,,0.0,23.25,3,94.66,36.45,,0.0,,8,,20260918
MXL,"MaxLinear, Inc.",Technology,Semiconductors,NASDAQ,,3268095,6801082368,4.1346,,,,,,,,0.0,23.25,3,128.3,12.77,,0.0,,8,,20260918
SHZHY,Shenzhou International Group Holdings Limited,Consumer Cyclical,Textile Manufacturing,PNK,4.44,14591,6674665984,0.2382,5.07,6.24,-2.6482,,,,,0.0,16.25,4,9.4,4.27,-52.77,0.0,,8,,20260918
BVN,Compañía de Minas Buenaventura S.A.A.,Basic Materials,Other Precious Metals & Mining,NYSE,,1076645,8815884288,1.27,,,,,,,,0.0,22.0,3,44.67,19.55,,0.0,,8,,20260918
KT,KT Corporation,Communication Services,Telecom Services,NYSE,,1497796,9277615104,0.33,,,,,,,,0.0,24.5,3,24.58,17.13,,0.0,,8,,20260918
W,Wayfair Inc.,Consumer Cyclical,Internet Retail,NYSE,,3093856,13529640960,4.1878,,,,,,,,0.0,22.0,3,119.98,55.6,,0.0,,8,,20260918
FLGZY,Flughafen Zürich AG,Industrials,Airports & Air Services,PNK,9.9,443,7597745152,0.1395,11.29,11.83,-9.9476,-20.27,-31.06,-29.31,-27.66,0.0,2.5,4,13.66,9.39,-27.53,0.0,,8,,20260918
ADRZY,Andritz AG,Industrials,Specialty Industrial Machinery,PNK,19.15,711,9383385088,0.2062,18.73,16.93,2.0393,,,,,0.0,75.0,2,20.45,13.59,-6.33,0.0,,8,,20260918
WIGBY,WiseTech Global Limited,Technology,Software - Application,PNK,21.65,255,7280960512,0.4868,25.26,32.0,-7.4073,,,,,0.0,25.0,4,66.35,20.0,-67.37,0.0,,8,,20260918
KRYS,"Krystal Biotech, Inc.",Healthcare,Biotechnology,NASDAQ,,400224,10026605568,10.8696,,,,,,,,0.0,22.0,3,382.54,155.2,,0.0,,8,,20260918
GGB,Gerdau S.A.,Basic Materials,Steel,NYSE,,13867203,10005191680,0.16,,,,,,,,0.0,24.5,3,5.18,3.03,,0.0,,8,,20260918
FRHC,Freedom Holdings Corp.,Financial Services,Financial Conglomerates,NCM,,136854,10506466304,5.2953,,,,,,,,0.0,24.5,3,177.15,107.97,,0.0,,8,,20260918
SPHXF,"SM Prime Holdings, Inc.",Real Estate,Real Estate - Diversified,PNK,0.27,374,7614887424,0.0004,0.28,0.07,-35.2461,-5.37,-358.29,-306.56,-249.37,0.0,37.0,3,0.46,0.27,-42.3,0.0,,8,,20260918
LGN,Legence Corp.,Industrials,Engineering & Construction,NASDAQ,,1365051,8984742912,2.7184,,,,,,,,0.0,18.25,3,107.24,28.31,,0.0,,8,,20260918
TTC,The Toro Company,Industrials,Tools & Accessories,NYSE,,713325,8727016448,2.7346,,,,,,,,0.0,23.25,3,105.19,67.64,,0.0,,8,,20260918
RGTI,"Rigetti Computing, Inc.",Technology,Computer Hardware,NCM,,21135887,5336962048,0.7318,,,,,,,,0.0,22.0,3,58.15,12.53,,0.0,,8,,20260918
DDS,"Dillard's, Inc.",Consumer Cyclical,Department Stores,NYSE,,146058,9906793472,20.9538,,,,,,,,0.0,28.25,3,741.98,503.06,,0.0,,8,,20260918
GZPZY,Gaztransport & Technigaz SA,Energy,Oil & Gas Equipment & Services,PNK,53.67,710,9950072832,0.8134,47.06,43.75,8.1287,14.47,7.17,37.48,21.12,0.0,76.25,2,53.67,36.36,-0.0,0.0,,8,,20260918
NCLTF,"Nitori Holdings Co., Ltd.",Consumer Cyclical,"Furnishings, Fixtures & Appliances",PNK,17.65,72,10300999680,0.0702,15.59,16.21,29.3908,9.08,-6.1,-97.29,-38.79,0.0,75.0,3,97.83,13.25,-81.96,0.0,,8,,20260918
CFR,"Cullen/Frost Bankers, Inc.",Financial Services,Banks - Regional,NYSE,,568119,9921431552,3.0317,,,,,,,,0.0,19.5,3,170.8,119.0,,0.0,,8,,20260918
GZPZF,Gaztransport & Technigaz SA,Energy,Oil & Gas Equipment & Services,PNK,240.39,43,8913351680,0.4663,230.97,217.82,20.1977,1.46,4.52,47.75,21.05,0.0,75.0,2,246.86,147.38,-2.62,0.0,,8,,20260918
INPOF,InPost S.A.,Industrials,Integrated Freight & Logistics,PNK,17.92,12,8958573568,0.0133,17.59,16.76,25.053,1.82,-13.56,64.02,21.32,0.0,75.0,2,18.02,9.99,-0.55,0.0,,8,,20260918
STN,Stantec Inc.,Industrials,Engineering & Construction,NYSE,,425075,7955651072,1.7469,,,,,,,,0.0,19.5,3,114.52,66.26,,0.0,,8,,20260918
PRI,"Primerica, Inc.",Financial Services,Insurance - Life,NYSE,,188769,8935587840,4.4538,,,,,,,,0.0,20.75,3,327.28,230.09,,0.0,,8,,20260918
SHMDF,Shimano Inc.,Consumer Cyclical,Leisure,PNK,117.0,61,9866207232,1.0619,116.56,106.6,0.4117,17.85,-5.26,-6.68,-0.05,0.0,77.5,2,130.0,94.15,-10.0,0.0,,8,,20260918
AYI,Acuity Inc.,Industrials,Electrical Equipment & Parts,NYSE,,331296,8966894592,8.4254,,,,,,,,0.0,18.25,3,380.17,257.04,,0.0,,8,,20260918
AVAV,"AeroVironment, Inc.",Industrials,Aerospace & Defense,NASDAQ,,1957625,8303087104,8.4769,,,,,,,,0.0,24.5,3,417.86,135.2,,0.0,,8,,20260918
ELPC,Companhia Paranaense de Energia,Utilities,Utilities - Regulated Electric,NYSE,,439546,9317152768,0.2762,,,,,,,,0.0,24.5,3,13.7,8.26,,0.0,,8,,20260918
XP,XP Inc.,Financial Services,Capital Markets,NASDAQ,,5576056,10245273600,0.7404,,,,,,,,0.0,24.5,3,23.13,14.8,,0.0,,8,,20260918
YMM,Full Truck Alliance Co. Ltd.,Technology,Software - Application,NYSE,,6724393,8471743488,0.205,,,,,,,,0.0,22.0,3,14.07,7.46,,0.0,,8,,20260918
ASGLY,AGC Inc.,Industrials,Conglomerates,PNK,7.19,4754,7636544512,0.326,7.4,7.54,-0.6307,-22.86,-11.74,-7.24,-12.72,0.0,32.75,4,10.69,6.05,-32.74,0.0,,8,,20260918
NIABY,NIBE Industrier AB (publ),Industrials,Building Products & Equipment,PNK,4.47,687,9011816448,0.0505,4.12,4.05,7.0239,16.26,11.22,0.42,8.16,0.0,76.25,2,5.0,3.33,-10.6,0.0,,8,,20260918
FR,"First Industrial Realty Trust, Inc.",Real Estate,REIT - Industrial,NYSE,,1046266,8547086336,0.93,,,,,,,,0.0,24.5,3,69.88,50.24,,0.0,,8,,20260918
KIKOY,Kikkoman Corporation,Consumer Defensive,Packaged Foods,PNK,22.85,35,10599422976,0.0743,21.43,19.41,19.0536,5.28,23.82,6.52,12.26,0.0,75.0,2,24.35,15.73,-6.16,0.0,,8,,20260918
WEGRY,Weir PLC,Industrials,Specialty Industrial Machinery,PNK,18.08,49994,9387571200,0.563,18.17,19.16,-0.1676,,,,,0.0,56.5,3,24.85,15.38,-27.24,0.0,,8,,20260918
XNGSF,ENN Energy Holdings Limited,Utilities,Utilities - Regulated Gas,PNK,6.57,5575,9561951232,0.149,6.02,7.62,3.6582,5.56,-36.35,-40.78,-27.65,0.0,51.25,3,9.78,4.88,-32.82,0.0,,8,,20260918
CRUS,"Cirrus Logic, Inc.",Technology,Semiconductors,NASDAQ,,795822,6032650752,4.2862,,,,,,,,0.0,24.5,3,180.42,106.26,,0.0,,8,,20260918
AKBLF,ALK-Abelló A/S,Healthcare,Biotechnology,PNK,32.47,16,7194850816,0.2593,37.48,35.65,-19.3253,-20.88,-12.09,2.67,-8.38,0.0,12.0,4,40.65,28.95,-20.12,0.0,,8,,20260918
CHWY,"Chewy, Inc.",Consumer Cyclical,Internet Retail,NYSE,,8617404,8400279552,1.0688,,,,,,,,0.0,24.5,3,40.55,17.4,,0.0,,8,,20260918
RYAN,"Ryan Specialty Holdings, Inc.",Financial Services,Insurance Brokers,NYSE,,2052746,10261010432,1.4688,,,,,,,,0.0,23.25,3,59.19,29.28,,0.0,,8,,20260918
HLTOY,Hellenic Telecommunications Organization S.A.,Communication Services,Telecom Services,PNK,11.2,5706,9207600128,0.2122,11.45,10.23,-1.1613,,,,,0.0,77.0,3,11.9,8.96,-5.88,0.0,,8,,20260918
COLB,"Columbia Banking System, Inc.",Financial Services,Banks - Regional,NASDAQ,,2952429,8468954624,0.6946,,,,,,,,0.0,22.0,3,33.68,23.83,,0.0,,8,,20260918
PSPSF,PSP Swiss Property AG,Real Estate,Real Estate Services,PNK,179.74,6,8299395072,0.8316,180.01,185.43,-0.3302,-4.93,-26.01,-7.7,-13.42,0.0,25.25,4,220.0,166.25,-18.3,0.0,,8,,20260918
BROS,Dutch Bros Inc.,Consumer Cyclical,Restaurants,NYSE,,3702996,7043920896,1.7872,,,,,,,,0.0,20.75,3,74.02,40.11,,0.0,,8,,20260918
WAL,Western Alliance Bancorporation,Financial Services,Banks - Regional,NYSE,,1037072,8665881600,1.9892,,,,,,,,0.0,19.5,3,97.23,65.82,,0.0,,8,,20260918
MBLY,Mobileye Global Inc.,Consumer Cyclical,Auto Parts,NASDAQ,,5913991,6835508224,0.3,,,,,,,,0.0,18.25,3,15.81,6.47,,0.0,,8,,20260918
NNN,"NNN REIT, Inc.",Real Estate,REIT - Retail,NYSE,,1485901,7995862016,0.7823,,,,,,,,0.0,14.5,3,50.0,38.9,,0.0,,8,,20260918
MLSPF,Melrose Industries PLC,Industrials,Specialty Industrial Machinery,PNK,6.23,39627,7763187712,0.389,6.63,7.23,-1.0314,,,,,0.0,38.75,4,9.6,5.79,-35.1,0.0,,8,,20260918
ALGM,"Allegro MicroSystems, Inc.",Technology,Semiconductors,NASDAQ,,2719496,6171771904,1.4418,,,,,,,,0.0,20.75,3,71.77,22.41,,0.0,,8,,20260918
SALRY,SalMar ASA,Consumer Defensive,Farm Products,PNK,14.88,20787,8067231232,0.3244,13.87,14.22,3.1091,,,,,0.0,90.0,3,16.17,11.29,-7.98,0.0,,8,,20260918
MTLHY,Mitsubishi Chemical Group Corporation,Basic Materials,Specialty Chemicals,PNK,37.05,35,10067876864,0.0216,36.58,32.62,21.6867,6.02,19.31,17.15,15.13,0.0,75.0,2,38.74,26.51,-4.36,0.0,,8,,20260918
GAP,"The Gap, Inc.",Consumer Cyclical,Apparel Retail,NYSE,,7625512,7331008000,0.8315,,,,,,,,0.0,19.5,3,29.36,18.11,,0.0,,8,,20260918
TKHVY,Türk Hava Yollari Anonim Ortakligi,Industrials,Airlines,PNK,55.71,33,7644990464,0.6954,66.31,68.05,-15.2477,-15.62,-31.05,-47.07,-33.6,0.0,0.0,4,81.58,53.85,-31.71,0.0,,8,,20260918
YOKEF,Yokogawa Electric Corporation,Industrials,Specialty Industrial Machinery,PNK,36.29,16,9035553792,0.0228,35.2,15.27,47.91,7.87,-399.6,625.29,112.22,0.0,75.0,2,36.29,19.1,0.0,0.0,,8,,20260918
DNOPY,Dino Polska S.A.,Consumer Defensive,Grocery Stores,PNK,9.53,80116,9343211520,0.3767,8.73,9.65,2.1225,,,,,0.0,77.0,3,15.62,7.16,-38.99,0.0,,8,,20260918
PRMB,Primo Brands Corporation,Consumer Defensive,Beverages - Non-Alcoholic,NYSE,,3837601,7644251648,0.8246,,,,,,,,0.0,23.25,3,26.21,14.36,,0.0,,8,,20260918
MSGS,Madison Square Garden Sports Corp.,Communication Services,Entertainment,NYSE,,236791,9502907392,8.1368,,,,,,,,0.0,23.25,3,438.93,207.9,,0.0,,8,,20260918
NEMKY,Nemetschek SE,Technology,Software - Application,PNK,15.68,545,9045164032,0.6784,15.06,16.5,0.9126,21.32,-19.43,-57.77,-24.58,0.0,64.5,3,26.41,11.25,-40.65,0.0,,8,,20260918
KRMN,Karman Holdings Inc.,Industrials,Aerospace & Defense,NYSE,,3308106,4671813120,2.4431,,,,,,,,0.0,17.0,3,118.38,33.99,,0.0,,8,,20260918
SBYSF,Sibanye Stillwater Limited,Basic Materials,Other Precious Metals & Mining,PNK,3.02,103,8683470848,0.0494,2.24,2.96,15.7602,18.09,-11.97,31.42,12.9,0.0,75.0,3,5.54,1.98,-45.49,0.0,,8,,20260918
ENS,EnerSys,Industrials,Electrical Equipment & Parts,NYSE,,546361,6335938048,4.6738,,,,,,,,0.0,15.75,3,244.3,108.19,,0.0,,8,,20260918
IESFY,Interconexión Eléctrica S.A. E.S.P.,Utilities,Utilities - Regulated Electric,OQX,213.64,54,9701060608,5.9396,227.07,200.59,-2.2611,,,,,0.0,51.25,3,300.0,111.94,-28.79,0.0,,8,,20260918
EMN,Eastman Chemical Company,Basic Materials,Specialty Chemicals,NYSE,,1150017,7572995584,1.7442,,,,,,,,0.0,17.0,3,83.47,56.11,,0.0,,8,,20260918
LEVI,Levi Strauss & Co.,Consumer Cyclical,Apparel Manufacturing,NYSE,,2547619,7639283712,0.5094,,,,,,,,0.0,19.5,3,25.7,17.72,,0.0,,8,,20260918
CNRAF,Vicinity Centres,Real Estate,REIT - Retail,PNK,1.85,237,5846823936,0.0011,1.84,1.64,9.9873,1.74,15.02,5.56,7.91,0.0,75.0,2,1.9,1.26,-2.63,0.0,,8,,20260918
SNPTF,Sunny Optical Technology (Group) Company Limited,Technology,Electronic Components,PNK,8.69,90,9329209344,0.0969,7.5,7.82,12.2261,-10.29,17.3,-25.53,-6.73,0.0,50.0,3,11.62,6.61,-25.29,0.0,,8,,20260918
HSIC,"Henry Schein, Inc.",Healthcare,Medical Distribution,NASDAQ,,1214829,9687481344,1.6531,,,,,,,,0.0,20.75,3,92.18,61.95,,0.0,,8,,20260918
FDS,FactSet Research Systems Inc.,Financial Services,Financial Data & Stock Exchanges,NYSE,,947875,9917452288,11.1019,,,,,,,,0.0,27.0,3,338.53,185.0,,0.0,,8,,20260918
KNTK,Kinetik Holdings Inc.,Energy,Oil & Gas Midstream,NYSE,,1078669,9082649600,1.4308,,,,,,,,0.0,20.75,3,56.92,31.33,,0.0,,8,,20260918
ENPH,"Enphase Energy, Inc.",Technology,Solar,NASDAQ,,4930398,4747372032,1.9308,,,,,,,,0.0,22.0,3,73.74,25.78,,0.0,,8,,20260918
SSL,Sasol Limited,Basic Materials,Specialty Chemicals,NYSE,,1476967,9064272896,0.4185,,,,,,,,0.0,28.25,3,15.18,5.24,,0.0,,8,,20260918
ARE,"Alexandria Real Estate Equities, Inc.",Real Estate,REIT - Office,NYSE,,1836577,9695848448,1.6623,,,,,,,,0.0,27.0,3,88.24,39.41,,0.0,,8,,20260918
BRRLY,Barry Callebaut AG,Consumer Defensive,Confectioners,PNK,13.61,21707,7461955584,0.3699,13.75,15.39,-0.3754,,,,,0.0,27.0,4,19.72,12.33,-30.98,0.0,,8,,20260918
CMHHY,China Merchants Port Holdings Company Limited,Industrials,Marine Shipping,PNK,20.8,112,8731858944,0.0911,18.65,19.2,23.5915,10.83,-13.47,-4.53,-3.81,0.0,78.75,3,21.81,16.45,-4.63,0.0,,8,,20260918
WEIGF,Weir PLC,Industrials,Specialty Industrial Machinery,PNK,39.1,148,10299659264,0.148,36.39,37.55,18.345,23.65,-24.5,-2.01,-3.47,0.0,75.0,3,48.94,30.55,-20.11,0.0,,8,,20260918
HESM,Hess Midstream LP,Energy,Oil & Gas Midstream,NYSE,,1138127,8265690624,0.7775,,,,,,,,0.0,19.5,3,41.44,31.63,,0.0,,8,,20260918
CCOEY,"Capcom Co., Ltd.",Communication Services,Electronic Gaming & Multimedia,PNK,14.16,98270,11846506496,0.3731,12.39,11.11,4.7362,,,,,0.0,88.75,2,14.79,8.63,-4.26,0.0,,8,,20260918
TYCMY,Tingyi (Cayman Islands) Holding Corp.,Consumer Defensive,Packaged Foods,PNK,30.16,13211,8501178368,1.3945,31.24,29.63,-0.7719,,,,,0.0,75.75,3,36.6,23.63,-17.6,0.0,,8,,20260918
STJPF,St. James's Place plc,Financial Services,Asset Management,PNK,14.05,30,6975985664,0.0151,14.58,16.97,-35.2514,-11.43,-32.4,-30.72,-26.49,0.0,12.0,4,21.03,14.05,-33.19,0.0,,8,,20260918
VFS,VinFast Auto Ltd.,Consumer Cyclical,Auto Manufacturers,NASDAQ,,383054,7580097024,0.0819,,,,,,,,0.0,18.25,3,5.29,2.78,,0.0,,8,,20260918
MTCH,"Match Group, Inc.",Communication Services,Internet Content & Information,NASDAQ,,3374906,10047447040,1.2481,,,,,,,,0.0,27.0,3,44.94,28.81,,0.0,,8,,20260918
SFOSF,"Shanghai Fosun Pharmaceutical (Group) Co., Ltd.",Healthcare,Drug Manufacturers - Specialty & Generic,PNK,2.2,230,8277919232,0.0403,2.16,2.48,1.049,8.16,-22.66,-45.52,-24.1,0.0,50.0,3,3.5,1.93,-37.14,0.0,,8,,20260918
ICL,ICL Group Ltd,Basic Materials,Agricultural Inputs,NYSE,,1280950,7137672704,0.1066,,,,,,,,0.0,23.25,3,6.97,4.76,,0.0,,8,,20260918
Z,"Zillow Group, Inc.",Communication Services,Internet Content & Information,NASDAQ,,3677335,6768736256,1.3124,,,,,,,,0.0,20.75,3,91.13,29.23,,0.0,,8,,20260918
ZG,"Zillow Group, Inc.",Communication Services,Internet Content & Information,NASDAQ,,1184322,6894666240,1.3208,,,,,,,,0.0,19.5,3,87.37,29.03,,0.0,,8,,20260918
TKR,The Timken Company,Industrials,Tools & Accessories,NYSE,,930920,8101670400,3.1385,,,,,,,,0.0,19.5,3,146.37,70.57,,0.0,,8,,20260918
CMHHF,China Merchants Port Holdings Company Limited,Industrials,Marine Shipping,PNK,2.03,1329,8521958400,0.0404,1.96,1.92,1.7287,3.35,-8.47,-10.81,-6.45,0.0,75.0,2,2.34,1.35,-13.25,0.0,,8,,20260918
XNGSY,ENN Energy Holdings Limited,Utilities,Utilities - Regulated Gas,PNK,25.0,44637,6949091840,0.9517,23.84,29.12,1.2181,,,,,0.0,70.0,3,39.4,20.55,-36.55,0.0,,8,,20260918
BYCBF,Barry Callebaut AG,Consumer Defensive,Confectioners,PNK,1348.67,17,7394354688,10.7894,1377.07,1534.93,-2.6326,-5.91,-41.46,-16.03,-22.4,0.0,12.0,4,1908.75,1261.6,-29.34,0.0,,8,,20260918
FNMA,Federal National Mortgage Association,Financial Services,Mortgage Finance,OQB,5.28,3259206,6114702336,0.3037,6.0,7.49,-2.3691,,,,,0.0,7.5,4,14.61,3.6,-63.86,0.0,,8,,20260918
FNMAH,Federal National Mortgage Association,Financial Services,Mortgage Finance,OQB,6.75,8041,38737170432,0.3379,7.31,9.39,-1.6672,,,,,0.0,10.0,4,13.9,6.45,-51.44,0.0,,8,,20260918
FNMAJ,Federal National Mortgage Association,Financial Services,Mortgage Finance,OQB,6.68,12503,38335450642,0.2919,7.91,10.07,-4.2144,,,,,0.0,8.75,4,15.52,6.68,-56.96,0.0,,8,,20260918
FNMAT,Federal National Mortgage Association,Financial Services,Mortgage Finance,OQB,7.25,75796,41606590464,0.3325,8.33,10.43,-3.2335,-25.94,-32.9,-69.85,-45.94,0.0,8.75,4,16.5,6.41,-56.06,0.0,,8,,20260918
FNMAI,Federal National Mortgage Association,Financial Services,Mortgage Finance,OQB,6.78,18667,38909336837,0.1639,7.71,9.88,-5.7024,-24.75,-37.76,-70.9,-47.76,0.0,3.75,4,15.34,6.65,-55.8,0.0,,8,,20260918
FNMFO,Federal National Mortgage Association,Financial Services,Mortgage Finance,OQB,32000.0,17,183642882048000,100.3055,32570.0,40586.25,-5.6826,-20.75,-25.34,-57.96,-37.24,0.0,12.0,4,56500.0,30200.0,-43.36,0.0,,8,,20260918
FNMAP,Federal National Mortgage Association,Financial Services,Mortgage Finance,OQB,10.6,8998,0,0.4041,11.92,15.46,-3.278,,,,,0.0,2.5,4,24.5,10.6,-56.73,0.0,,8,,20260918
FNMFN,Federal National Mortgage Association,Financial Services,Mortgage Finance,OQB,14.05,11540,80630703993,0.4,15.58,20.02,-3.8361,,,,,0.0,6.25,4,30.97,13.71,-54.63,0.0,,8,,20260918
FNMAK,Federal National Mortgage Association,Financial Services,Mortgage Finance,OQB,13.5,335,77474340864,0.1778,14.18,17.8,-3.7969,-16.43,-25.91,-64.2,-38.86,0.0,12.0,4,27.24,12.75,-50.44,0.0,,8,,20260918
FNMAG,Federal National Mortgage Association,Financial Services,Mortgage Finance,OQB,12.75,550,73170210816,0.2402,14.59,18.36,-7.6656,-23.01,-37.16,-69.82,-46.69,0.0,0.0,4,28.15,12.75,-54.71,0.0,,8,,20260918
FNMFM,Federal National Mortgage Association,Financial Services,Mortgage Finance,OQB,12.69,1932,72825878004,0.1352,13.18,17.19,-3.6035,-16.15,-33.7,-65.1,-41.87,0.0,13.25,4,26.5,12.12,-52.11,0.0,,8,,20260918
FNMAO,Federal National Mortgage Association,Financial Services,Mortgage Finance,OQB,10.56,1704,60602153483,0.2454,12.23,15.36,-6.8025,,,,,0.0,0.0,4,24.8,10.56,-57.42,0.0,,8,,20260918
FNMAL,Federal National Mortgage Association,Financial Services,Mortgage Finance,OQB,11.0,851,63127240704,0.2582,12.72,16.45,-6.6515,,,,,0.0,2.5,4,27.04,11.0,-59.32,0.0,,8,,20260918
FNMAS,Federal National Mortgage Association,Financial Services,Mortgage Finance,OQB,8.57,557161,49181857597,0.3443,9.83,12.13,-3.6476,,,,,0.0,12.5,4,17.99,8.39,-52.36,0.0,,8,,20260918
FNMAN,Federal National Mortgage Association,Financial Services,Mortgage Finance,OQB,12.35,1272,70874676979,0.2657,14.25,17.93,-7.1552,,,,,0.0,0.0,4,27.44,12.35,-54.99,0.0,,8,,20260918
FNMAM,Federal National Mortgage Association,Financial Services,Mortgage Finance,OQB,12.15,19441,69726904588,0.3313,14.16,18.09,-6.0718,,,,,0.0,6.25,4,28.85,12.09,-57.89,0.0,,8,,20260918
ASXFY,ASX Limited,Financial Services,Financial Data & Stock Exchanges,PNK,39.42,22567,7703056384,0.8478,39.15,37.2,0.3214,,,,,0.0,85.0,2,45.74,32.12,-13.82,0.0,,8,,20260918
EDU,New Oriental Education & Technology Group Inc.,Consumer Defensive,Education & Training Services,NYSE,,758280,9259191296,1.1592,,,,,,,,0.0,23.25,3,64.97,44.25,,0.0,,8,,20260918
LUNR,"Intuitive Machines, Inc.",Industrials,Aerospace & Defense,NASDAQ,,9524867,2373089536,0.7384,,,,,,,,0.0,18.25,3,46.75,7.78,,0.0,,8,,20260918
NE,Noble Corporation plc,Energy,Oil & Gas Drilling,NYSE,,1528016,7052993536,1.7905,,,,,,,,0.0,19.5,3,54.98,26.7,,0.0,,8,,20260918
TEM,"Tempus AI, Inc.",Healthcare,Health Information Services,NASDAQ,,6309550,14499736576,4.3294,,,,,,,,0.0,25.75,3,104.32,40.77,,0.0,,8,,20260918
RTLLF,RATIONAL Aktiengesellschaft,Industrials,Specialty Industrial Machinery,PNK,695.2,22,7993853952,6.3458,745.73,768.17,-7.9635,-6.08,-24.38,-21.42,-18.62,0.0,12.0,4,887.11,695.2,-21.63,0.0,,8,,20260918
SCVPY,The Siam Cement Public Company Limited,Industrials,Conglomerates,PNK,7.71,53,9251999744,0.0808,7.98,6.47,-3.2826,2.66,48.11,45.77,35.81,0.0,63.25,3,8.56,4.9,-9.93,0.0,,8,,20260918
NDRBF,NIBE Industrier AB (publ),Industrials,Building Products & Equipment,PNK,4.55,370,9904734208,0.0187,4.1,4.0,24.094,16.98,11.03,3.36,9.45,0.0,75.0,2,4.87,3.5,-6.63,0.0,,8,,20260918
CIADY,China Mengniu Dairy Company Limited,Consumer Defensive,Packaged Foods,PNK,22.86,9666,8834852864,0.3478,23.23,20.95,-1.0534,9.41,-1.05,5.31,4.11,0.0,69.5,3,24.81,17.81,-7.86,0.0,,8,,20260918
FRO,Frontline plc,Energy,Oil & Gas Midstream,NYSE,,2619838,12028314624,1.5715,,,,,,,,0.0,25.75,3,54.91,20.47,,0.0,,8,,20260918
EGO,Eldorado Gold Corporation,Basic Materials,Gold,NYSE,,2675033,11055750144,1.6771,,,,,,,,0.0,22.0,3,51.16,24.44,,0.0,,8,,20260918
ALNPY,ANA Holdings Inc.,Industrials,Airlines,PNK,4.07,4685,8738122752,0.2181,3.87,3.82,0.918,6.63,-4.19,-15.36,-5.95,0.0,88.75,2,4.48,3.3,-9.15,0.0,,8,,20260918
IGGHY,IG Group Holdings plc,Financial Services,Capital Markets,PNK,18.4,133,6065272832,0.1534,21.01,19.31,-16.9855,-15.31,-12.02,8.35,-4.69,0.0,12.0,4,25.0,13.35,-26.4,0.0,,8,,20260918
CIBEY,Commercial International Bank Egypt (CIB) S.A.E.,Financial Services,Banks - Regional,OQX,2.46,8846,8116224000,0.0587,2.61,2.49,-2.5277,,,,,0.0,20.75,4,2.87,1.84,-14.29,0.0,,8,,20260918
PPRQF,Choice Properties Real Estate Investment Trust,Real Estate,REIT - Retail,PNK,11.13,10417,8099851264,0.0191,11.35,11.1,-11.7666,-3.97,-13.32,-13.36,-11.0,0.0,38.25,3,11.81,9.86,-5.76,0.0,,8,,20260918
MANH,"Manhattan Associates, Inc.",Technology,Software - Application,NASDAQ,,809406,12291854336,6.5562,,,,,,,,0.0,28.25,3,227.03,119.06,,0.0,,8,,20260918
ORA,"Ormat Technologies, Inc.",Utilities,Utilities - Renewable,NYSE,,898738,5987957248,3.4946,,,,,,,,0.0,17.0,3,146.39,90.62,,0.0,,8,,20260918
NEXNY,Nexans S.A.,Industrials,Electrical Equipment & Parts,PNK,78.6,793,6861539840,0.853,78.93,78.06,-0.3876,-9.36,4.39,-13.09,-6.04,0.0,38.25,3,97.43,64.44,-19.33,0.0,,8,,20260918
FITGF,FIT Hon Teng Limited,Technology,Electronic Components,PNK,0.67,6658,4798559744,0.0244,0.69,0.81,-0.639,-29.72,-20.57,-2.4,-15.59,0.0,18.25,4,1.4,0.54,-51.8,0.0,,8,,20260918
CPBLF,ALS Limited,Industrials,Consulting Services,PNK,15.5,8,8864528384,0.0161,15.81,15.31,-19.1405,-4.55,-16.74,26.2,3.48,0.0,37.0,3,18.19,10.95,-14.79,0.0,,8,,20260918
AGCO,AGCO Corporation,Industrials,Farm & Heavy Construction Machinery,NYSE,,949248,8513757184,5.2569,,,,,,,,0.0,25.75,3,143.78,98.22,,0.0,,8,,20260918
REXR,"Rexford Industrial Realty, Inc.",Real Estate,REIT - Industrial,NYSE,,2711337,8786458624,0.7015,,,,,,,,0.0,24.5,3,44.38,32.14,,0.0,,8,,20260918
SFM,"Sprouts Farmers Market, Inc.",Consumer Defensive,Grocery Stores,NASDAQ,,2014748,6493764608,3.3438,,,,,,,,0.0,27.0,3,124.94,64.75,,0.0,,8,,20260918
ASGLF,AGC Inc.,Industrials,Conglomerates,PNK,38.35,0,8146355200,0.1281,38.35,-12.58,0.0,-158.29,-185.6,-85.38,-138.69,0.0,75.0,3,38.35,30.0,-0.0,0.0,,8,,20260918
VIRT,"Virtu Financial, Inc.",Financial Services,Capital Markets,NYSE,,1304837,5056096768,2.1954,,,,,,,,0.0,19.5,3,68.76,31.55,,0.0,,8,,20260918
ACKDF,Auckland International Airport Limited,Industrials,Airports & Air Services,PNK,4.75,2064,8074851840,0.1024,5.13,4.97,-3.6693,-5.94,-15.07,-1.99,-7.56,0.0,38.25,3,5.59,4.3,-15.03,0.0,,8,,20260918
CDNTF,"Canadian Tire Corporation, Limited",Consumer Cyclical,Specialty Retail,PNK,155.7,3,8120205824,0.1186,159.01,166.82,-27.9047,-16.81,-18.58,-33.52,-24.11,0.0,24.0,4,187.03,150.14,-16.75,0.0,,8,,20260918
CHOLF,China Oilfield Services Limited,Energy,Oil & Gas Equipment & Services,PNK,0.9,82,4294432768,0.0005,0.89,1.03,17.923,-23.83,-38.01,-10.71,-23.54,0.0,25.0,3,1.23,0.86,-26.83,0.0,,8,,20260918
MTLHF,Mitsubishi Chemical Group Corporation,Basic Materials,Specialty Chemicals,PNK,6.26,0,8505386496,0.0007,6.26,6.27,0.0,-0.75,-25.46,1.57,-8.47,0.0,49.0,3,7.25,5.16,-13.66,0.0,,8,,20260918
NXDCF,NEXTDC Limited,Technology,Information Technology Services,PNK,9.3,532,7068740608,0.0638,9.82,9.68,-8.1762,-12.27,-16.76,-33.03,-22.15,0.0,12.0,4,12.29,7.52,-24.37,0.0,,8,,20260918
SKPJF,SKY Perfect JSAT Corporation,Communication Services,Broadcasting,PNK,22.38,0,6343064576,0.0074,22.38,3.74,0.0,-0.75,-252.85,-33.78,-102.2,0.0,62.0,3,28.0,7.0,-20.09,0.0,,8,,20260918
CHRD,Chord Energy Corporation,Energy,Oil & Gas E&P,NASDAQ,,778285,8000657920,4.4054,,,,,,,,0.0,20.75,3,157.06,84.25,,0.0,,8,,20260918
HALO,"Halozyme Therapeutics, Inc.",Healthcare,Biotechnology,NASDAQ,,1946603,12448460800,2.5931,,,,,,,,0.0,24.5,3,111.15,61.23,,0.0,,8,,20260918
AUKNY,Auckland International Airport Limited,Industrials,Airports & Air Services,PNK,23.24,82,7901454848,0.2525,25.41,24.52,-8.5902,-6.47,-22.45,-5.6,-11.72,0.0,37.0,3,29.59,20.69,-21.46,0.0,,8,,20260918
STBFY,Suntory Beverage & Food Limited,Consumer Defensive,Beverages - Non-Alcoholic,PNK,14.71,57851,9090769920,0.2679,14.38,14.58,1.2189,,,,,0.0,90.0,3,16.91,12.83,-13.04,0.0,,8,,20260918
SM,SM Energy Company,Energy,Oil & Gas E&P,NYSE,,3830264,8793464832,1.2522,,,,,,,,0.0,23.25,3,41.56,17.45,,0.0,,8,,20260918
ALBHF,Alibaba Health Information Technology Limited,Healthcare,Pharmaceutical Retailers,PNK,0.38,516,6146614272,0.0145,0.41,0.55,-2.1405,-11.63,-51.11,-70.1,-48.84,0.0,28.75,4,0.9,0.35,-57.78,0.0,,8,,20260918
KLYCY,Kunlun Energy Company Limited,Energy,Oil & Gas Refining & Marketing,PNK,9.77,6509,8421591552,0.2649,9.18,9.45,2.2203,13.51,-27.9,-8.98,-9.98,0.0,80.0,3,11.76,7.77,-16.92,0.0,,8,,20260918
ELEEF,Element Fleet Management Corp.,Industrials,Rental & Leasing Services,PNK,17.74,96545,6942012928,0.4501,20.46,22.41,-6.0396,-11.2,-33.78,-49.1,-34.26,0.0,7.5,4,27.57,17.74,-35.65,0.0,,8,,20260918
NSANF,"Nissan Motor Co., Ltd.",Consumer Cyclical,Auto Manufacturers,PNK,2.08,5782,7272475136,0.0799,2.08,2.31,-0.005,-4.9,-24.5,-30.11,-21.84,0.0,38.25,4,3.28,1.8,-36.59,0.0,,8,,20260918
FKKFY,"Fukuoka Financial Group, Inc.",Financial Services,Banks - Regional,PNK,24.78,475,9365906432,0.4702,23.68,20.39,2.3402,18.72,17.55,39.32,26.55,0.0,78.75,2,25.8,12.88,-3.95,0.0,,8,,20260918
CORZ,"Core Scientific, Inc.",Technology,Software - Infrastructure,NASDAQ,,12235983,5507774976,0.9415,,,,,,,,0.0,22.0,3,30.46,13.36,,0.0,,8,,20260918
YOU,"Clear Secure, Inc.",Technology,Software - Application,NYSE,,1631008,5446459904,1.4404,,,,,,,,0.0,19.5,3,69.07,29.43,,0.0,,8,,20260918
ACI,"Albertsons Companies, Inc.",Consumer Defensive,Grocery Stores,NYSE,,8512938,6151617536,0.3938,,,,,,,,0.0,25.75,3,20.0,10.86,,0.0,,8,,20260918
OSK,Oshkosh Corporation,Industrials,Farm & Heavy Construction Machinery,NYSE,,695120,9034081280,4.8,,,,,,,,0.0,24.5,3,180.49,116.77,,0.0,,8,,20260918
ZWS,Zurn Elkay Water Solutions Corporation,Industrials,Pollution & Treatment Controls,NYSE,,972835,7584965120,0.8862,,,,,,,,0.0,18.25,3,55.0,43.06,,0.0,,8,,20260918
CWEN,"Clearway Energy, Inc.",Utilities,Utilities - Renewable,NYSE,,1317540,7635850240,0.8179,,,,,,,,0.0,18.25,3,41.74,27.67,,0.0,,8,,20260918
TAP,Molson Coors Beverage Company,Consumer Defensive,Beverages - Brewers,NYSE,,3047008,7286620160,1.0446,,,,,,,,0.0,20.75,3,54.82,37.76,,0.0,,8,,20260918
DUFRY,Avolta AG,Consumer Cyclical,Specialty Retail,PNK,5.13,50095,7259395584,0.1052,5.77,5.91,-6.1311,,,,,0.0,7.5,4,6.81,5.07,-24.67,0.0,,8,,20260918
SHBBF,Syensqo SA/NV,Basic Materials,Chemicals,PNK,89.75,463,9151496192,1.1788,89.05,77.2,0.5927,,,,,0.0,76.25,2,98.2,48.08,-8.61,0.0,,8,,20260918
SBSW,Sibanye Stillwater Limited,Basic Materials,Other Precious Metals & Mining,NYSE,,5306062,8716612608,0.4415,,,,,,,,0.0,22.0,3,21.29,7.87,,0.0,,8,,20260918
SSDOF,"Shiseido Company, Limited",Consumer Defensive,Household & Personal Products,PNK,22.5,177,8991418368,0.0481,20.27,18.87,46.2877,29.68,-0.93,17.66,14.16,0.0,75.0,2,22.5,15.05,0.0,0.0,,8,,20260918
BLDR,"Builders FirstSource, Inc.",Industrials,Building Products & Equipment,NYSE,,2273411,6206163456,2.5731,,,,,,,,0.0,18.25,3,131.62,57.3,,0.0,,8,,20260918
AMG,"Affiliated Managers Group, Inc.",Financial Services,Asset Management,NYSE,,279848,9107350528,10.5915,,,,,,,,0.0,22.0,3,392.92,230.1,,0.0,,8,,20260918
CMC,Commercial Metals Company,Industrials,Metal Fabrication,NYSE,,1258333,7422892544,1.96,,,,,,,,0.0,22.0,3,84.87,53.08,,0.0,,8,,20260918
SOBO,South Bow Corporation,Energy,Oil & Gas Midstream,NYSE,,697533,7461197312,0.763,,,,,,,,0.0,18.25,3,39.02,25.02,,0.0,,8,,20260918
NSANY,"Nissan Motor Co., Ltd.",Consumer Cyclical,Auto Manufacturers,PNK,4.08,231996,7132620288,0.13,4.12,4.57,-0.2738,,,,,0.0,44.5,4,6.06,3.72,-32.67,0.0,,8,,20260918
ALBBY,Alibaba Health Information Technology Limited,Healthcare,Pharmaceutical Retailers,PNK,7.23,521,5847371264,0.1434,8.28,11.14,-7.3276,-13.71,-63.14,-74.93,-55.5,0.0,26.25,4,19.45,7.23,-62.83,0.0,,8,,20260918
BOKF,BOK Financial Corporation,Financial Services,Banks - Regional,NASDAQ,,252653,8082294272,2.4254,,,,,,,,0.0,20.75,3,146.84,102.72,,0.0,,8,,20260918
NXPRF,Nexans S.A.,Industrials,Electrical Equipment & Parts,PNK,164.42,62,7176681472,0.9365,155.71,155.53,9.3011,-9.65,1.96,-3.04,-2.94,0.0,51.25,2,201.32,136.79,-18.33,0.0,,8,,20260918
FLY,Firefly Aerospace Inc.,Industrials,Aerospace & Defense,NASDAQ,,3697654,3636028672,1.2355,,,,,,,,0.0,23.25,3,62.17,16.0,,0.0,,8,,20260918
MYTKY,Magyar Telekom Távközlési Nyilvánosan Müködö Részvénytársaság,Communication Services,Telecom Services,PNK,8.15,7479,7290956288,0.1395,8.36,10.74,-1.5388,,,,,0.0,15.75,4,29.53,5.22,-72.4,0.0,,8,,20260918
AOS,A. O. Smith Corporation,Industrials,Specialty Industrial Machinery,NYSE,,1624398,7737275392,1.3054,,,,,,,,0.0,22.0,3,81.87,54.16,,0.0,,8,,20260918
ESALF,"Eisai Co., Ltd.",Healthcare,Drug Manufacturers - Specialty & Generic,PNK,30.61,30,8639244288,0.2046,28.62,28.72,9.7068,21.69,-11.28,-18.61,-5.97,0.0,75.0,3,35.83,23.88,-14.57,0.0,,8,,20260918
PTBRY,PT Bank Negara Indonesia (Persero) Tbk,Financial Services,Banks - Regional,PNK,10.55,2093,7853305344,0.3085,10.15,11.19,1.3034,0.2,-19.54,-31.13,-19.24,0.0,63.25,3,14.99,8.38,-29.62,0.0,,8,,20260918
TKAMY,thyssenkrupp AG,Industrials,Conglomerates,PNK,17.77,22341,11182504960,0.5376,15.22,12.52,4.7519,,,,,0.0,87.5,2,18.16,8.16,-2.12,0.0,,8,,20260918
JINFF,China Gold International Resources Corp. Ltd.,Basic Materials,Other Precious Metals & Mining,PNK,34.72,5232,13763486720,1.385,26.85,22.69,5.6818,,,,,0.0,83.75,2,35.5,14.26,-2.2,0.0,,8,,20260918
UBTRF,Ubtech Robotics Corp Ltd,Industrials,Specialty Industrial Machinery,PNK,9.75,4405,0,0.4534,9.75,9.75,0.0,-5.84,-5.84,-5.84,-5.84,0.0,71.21,3,11.19,9.75,-12.83,0.0,,8,,20260918
HCXLF,Hiscox Ltd,Financial Services,Insurance - Property & Casualty,PNK,25.0,161,7927813632,0.0399,24.65,21.3,8.6461,1.08,17.54,29.99,18.4,0.0,75.0,2,25.26,17.2,-1.03,0.0,,8,,20260918
IDA,"IDACORP, Inc.",Utilities,Utilities - Regulated Electric,NYSE,,554606,7706874368,2.4823,,,,,,,,0.0,19.5,3,154.91,124.12,,0.0,,8,,20260918
EMLAF,Empire Company Limited,Consumer Defensive,Grocery Stores,PNK,33.21,49070,7428904960,0.4654,34.98,34.75,-3.8014,-5.72,-22.2,-21.47,-17.79,0.0,15.75,4,37.44,32.56,-11.3,0.0,,8,,20260918
WILYY,Demant A/S,Healthcare,Medical Devices,PNK,23.85,195,10059864064,0.1786,21.86,17.88,11.16,23.14,59.32,8.54,29.96,0.0,75.0,2,23.85,13.45,0.0,0.0,,8,,20260918
WJRYF,West Japan Railway Company,Industrials,Railroads,PNK,18.23,267,8293902336,0.1354,18.37,19.19,-1.0436,4.26,-25.85,-39.28,-23.69,0.0,49.0,4,25.03,15.46,-27.19,0.0,,8,,20260918
FBBPF,FIBRA Prologis,Real Estate,REIT - Industrial,PNK,4.43,5403,7393481728,0.1407,4.43,4.51,0.0344,-5.34,-7.11,-4.67,-5.69,0.0,44.5,3,5.18,3.76,-14.41,0.0,,8,,20260918
WFRD,Weatherford International plc,Energy,Oil & Gas Equipment & Services,NASDAQ,,1244079,5867568128,3.9456,,,,,,,,0.0,20.75,3,113.15,60.84,,0.0,,8,,20260918
HCXLY,Hiscox Ltd,Financial Services,Insurance - Property & Casualty,PNK,52.0,1587,8244925952,1.578,50.32,52.0,1.0639,6.05,4.47,22.14,11.93,0.0,76.25,3,53.59,36.78,-2.97,0.0,,8,,20260918
ASXFF,ASX Limited,Financial Services,Financial Data & Stock Exchanges,PNK,38.25,185,7474426880,0.3243,39.83,37.39,-4.8655,10.11,-6.76,-13.57,-5.27,0.0,62.0,3,44.2,30.9,-13.46,0.0,,8,,20260918
DVCMY,Davide Campari-Milano N.V.,Consumer Defensive,Beverages - Wineries & Distilleries,PNK,6.76,191877,8107689472,0.1679,6.66,6.76,0.6006,,,,,0.0,74.5,3,8.0,6.0,-15.5,0.0,,8,,20260918
YOKEY,Yokogawa Electric Corporation,Industrials,Specialty Industrial Machinery,PNK,57.18,53,7118392832,0.7161,69.04,68.32,-16.5644,-7.02,-41.15,-16.64,-22.81,0.0,25.0,3,79.89,53.36,-28.43,0.0,,8,,20260918
SDXAY,Sodexo S.A.,Industrials,Specialty Business Services,PNK,13.27,82201,9680816128,0.1889,12.94,11.2,1.7445,,,,,0.0,85.0,2,13.69,9.08,-3.07,0.0,,8,,20260918
BIO,"Bio-Rad Laboratories, Inc.",Healthcare,Medical Devices,NYSE,,296341,10233903104,9.95,,,,,,,,0.0,22.0,3,396.23,236.73,,0.0,,8,,20260918
CRL,"Charles River Laboratories International, Inc.",Healthcare,Diagnostics & Research,NYSE,,916538,13446608896,7.6315,,,,,,,,0.0,24.5,3,303.31,144.26,,0.0,,8,,20260918
WJRYY,West Japan Railway Company,Industrials,Railroads,PNK,19.48,39454,8865032192,0.5141,18.59,18.99,1.727,21.45,-17.61,-29.43,-12.57,0.0,87.5,3,23.85,15.08,-18.32,0.0,,8,,20260918
CELH,"Celsius Holdings, Inc.",Consumer Defensive,Beverages - Non-Alcoholic,NCM,,9570535,7171013120,1.1446,,,,,,,,0.0,22.0,3,66.74,23.56,,0.0,,8,,20260918
NFG,National Fuel Gas Company,Energy,Oil & Gas Integrated,NYSE,,640541,7593152512,1.57,,,,,,,,0.0,20.75,3,97.06,75.17,,0.0,,8,,20260918
CAMT,Camtek Ltd.,Technology,Semiconductor Equipment & Materials,NASDAQ,,491364,6730017792,5.7392,,,,,,,,0.0,22.0,3,215.99,91.91,,0.0,,8,,20260918
KEX,Kirby Corporation,Industrials,Marine Shipping,NYSE,,535111,7306992128,3.0123,,,,,,,,0.0,23.25,3,157.69,79.52,,0.0,,8,,20260918
PDI,PIMCO Dynamic Income Fund,Financial Services,Asset Management,NYSE,14.62,3285553,6901794816,0.2221,15.34,15.92,-3.254,,,,,0.0,35.25,4,19.96,14.16,-26.75,0.0,,8,,20260918
TBVPF,Thai Beverage Public Company Limited,Consumer Defensive,Beverages - Wineries & Distilleries,PNK,0.37,1340,9360826368,0.0053,0.36,0.35,1.8888,5.89,-7.58,-3.54,-2.6,0.0,75.0,2,0.4,0.3,-7.75,0.0,,8,,20260918
ESE,ESCO Technologies Inc.,Technology,Scientific & Technical Instruments,NYSE,,233272,6739595264,7.6308,,,,,,,,0.0,17.0,3,362.15,193.68,,0.0,,8,,20260918
UGI,UGI Corporation,Utilities,Utilities - Regulated Gas,NYSE,,1844177,8185127424,0.6829,,,,,,,,0.0,23.25,3,41.34,31.62,,0.0,,8,,20260918
CBSH,"Commerce Bancshares, Inc.",Financial Services,Banks - Regional,NASDAQ,,1097879,8240178688,0.8539,,,,,,,,0.0,23.25,3,60.92,46.99,,0.0,,8,,20260918
SSD,"Simpson Manufacturing Co., Inc.",Basic Materials,Lumber & Wood Production,NYSE,,300991,7067398144,4.0738,,,,,,,,0.0,19.5,3,213.49,156.32,,0.0,,8,,20260918
BIRK,Birkenstock Holding plc,Consumer Cyclical,Footwear & Accessories,NYSE,,2264920,5146983936,1.0663,,,,,,,,0.0,19.5,3,50.73,29.93,,0.0,,8,,20260918
BZQIY,Bezeq The Israel Telecommunication Corp. Ltd,Communication Services,Telecom Services,PNK,13.25,133,7279331328,0.3856,11.8,12.11,3.7615,8.3,-6.02,36.73,14.66,0.0,76.25,3,14.1,8.4,-6.03,0.0,,8,,20260918
RIG,Transocean Ltd.,Energy,Oil & Gas Drilling,NYSE,,42277245,6321541120,0.2823,,,,,,,,0.0,20.75,3,7.66,3.03,,0.0,,8,,20260918
GNZUF,"Guangzhou Automobile Group Co., Ltd.",Consumer Cyclical,Auto Manufacturers,PNK,0.33,1495,3365031936,0.0063,0.28,0.38,8.2822,21.47,-36.27,-38.61,-22.77,0.0,52.5,3,0.56,0.23,-41.07,0.0,,8,,20260918
SKPJY,SKY Perfect JSAT Corporation,Communication Services,Broadcasting,PNK,26.09,5,3698821632,0.1084,28.24,26.27,-19.7843,-46.22,-38.87,260.23,78.93,0.0,12.0,4,54.67,7.25,-52.27,0.0,,8,,20260918
OMRNF,OMRON Corporation,Technology,Electronic Components,PNK,37.73,54,7419219968,0.1855,34.79,9.69,15.8571,-2.88,-262.23,57.95,-69.32,0.0,50.0,2,38.55,26.5,-2.12,0.0,,8,,20260918
ECG,"Everus Construction Group, Inc.",Industrials,Engineering & Construction,NYSE,,579274,5787574784,4.4445,,,,,,,,0.0,20.75,3,171.58,77.86,,0.0,,8,,20260918
BYDIF,BYD Electronic (International) Company Limited,Technology,Electronic Components,PNK,2.7,15540,6064493056,0.2649,3.05,3.67,-1.332,-14.22,-46.34,-65.54,-45.99,0.0,33.75,4,5.74,2.41,-52.96,0.0,,8,,20260918
TOPPY,TOPPAN Holdings Inc.,Industrials,Conglomerates,PNK,14.85,2272,8356092928,0.435,15.58,15.43,-1.6736,1.73,-19.02,-0.33,-6.36,0.0,52.75,3,18.11,10.77,-18.0,0.0,,8,,20260918
YAMHF,"Yamaha Motor Co., Ltd.",Consumer Cyclical,Auto Manufacturers,PNK,12.05,801,11697298432,0.2065,10.37,7.97,8.1514,71.22,63.4,50.41,60.16,0.0,77.5,2,12.8,6.6,-5.86,0.0,,8,,20260918
BPHLY,Bank of the Philippine Islands,Financial Services,Banks - Regional,PNK,30.55,1364,8090193920,1.8496,33.4,34.66,-1.5405,-10.64,-21.79,-27.84,-21.42,0.0,30.0,4,44.49,27.0,-31.33,0.0,,8,,20260918
BYDIY,BYD Electronic (International) Company Limited,Technology,Electronic Components,PNK,159.38,577,7159695360,20.8491,156.31,182.54,0.1475,0.76,-31.1,-56.46,-33.28,0.0,61.25,3,289.05,125.41,-44.86,0.0,,8,,20260918
IBRX,"ImmunityBio, Inc.",Healthcare,Biotechnology,NASDAQ,,9952556,8966214656,0.3985,,,,,,,,0.0,24.5,3,12.43,1.95,,0.0,,8,,20260918
TECH,Bio-Techne Corporation,Healthcare,Biotechnology,NASDAQ,,4741033,11355209728,0.1785,,,,,,,,0.0,22.0,3,72.62,43.2,,0.0,,8,,20260918
KYKOF,"Kyowa Kirin Co., Ltd.",Healthcare,Drug Manufacturers - Specialty & Generic,PNK,15.8,1,8272666624,0.0506,14.7,14.77,21.7523,8.78,14.2,-21.99,-1.63,0.0,75.0,3,18.0,12.42,-12.22,0.0,,8,,20260918
THNPY,Technip Energies N.V.,Energy,Oil & Gas Equipment & Services,PNK,34.07,8785,5901115392,0.8334,35.88,38.81,-2.1779,,,,,0.0,7.5,4,48.93,32.77,-30.37,0.0,,8,,20260918
VLY,Valley National Bancorp,Financial Services,Banks - Regional,NASDAQ,,6579708,7554113536,0.2928,,,,,,,,0.0,20.75,3,15.2,9.64,,0.0,,8,,20260918
VLYPP,Valley National Bancorp,Financial Services,Banks - Regional,NASDAQ,25.06,5080,8307189342,0.0813,24.62,24.12,5.3802,,,,,0.0,91.25,2,25.78,24.42,-2.79,0.0,,8,,20260918
VLYPN,Valley National Bancorp,Financial Services,Banks - Regional,NASDAQ,25.76,11437,0,0.2042,25.3,24.86,2.2478,,,,,0.0,85.0,2,26.54,25.19,-2.94,0.0,,8,,20260918
KNCRY,Konecranes Plc,Industrials,Farm & Heavy Construction Machinery,PNK,8.7,64,8269969408,0.0353,8.02,8.2,19.21,15.54,-13.32,9.25,2.92,0.0,75.0,3,10.21,3.13,-14.78,0.0,,8,,20260918
TYEKF,thyssenkrupp AG,Industrials,Conglomerates,PNK,16.3,814,10534463488,0.2211,14.83,12.27,6.6477,32.31,61.32,12.49,34.53,0.0,75.0,2,17.3,8.0,-5.78,0.0,,8,,20260918
NCLH,Norwegian Cruise Line Holdings Ltd.,Consumer Cyclical,Travel Services,NYSE,,15413245,6607713280,0.4646,,,,,,,,0.0,15.75,3,26.09,14.19,,0.0,,8,,20260918
BCHMY,Bachem Holding AG,Healthcare,Biotechnology,PNK,9.4,4847,7040194048,0.2455,9.3,8.65,0.4022,,,,,0.0,76.25,2,12.54,5.97,-25.08,0.0,,8,,20260918
VBREY,Vibra Energia S.A.,Consumer Cyclical,Specialty Retail,PNK,15.2,102829,9091218432,0.4444,13.72,12.03,3.3331,,,,,0.0,87.5,2,15.24,7.92,-0.26,0.0,,8,,20260918
VCX,"Fundrise Growth Tech Fund, LLC",Financial Services,Asset Management,NYSE,31.17,466593,1115796736,3.2972,42.34,31.17,-3.3891,,,,,0.0,36.25,3,575.0,28.71,-94.58,0.0,,8,,20260918
VOYA,"Voya Financial, Inc.",Financial Services,Financial Conglomerates,NYSE,,1014517,9021585408,2.29,,,,,,,,0.0,23.25,3,105.64,64.5,,0.0,,8,,20260918
SPXSF,Spirax Group plc,Industrials,Specialty Industrial Machinery,PNK,94.75,79,7014710272,0.344,94.31,93.1,1.2657,3.25,-11.61,-13.15,-8.51,0.0,75.0,2,108.0,87.0,-12.27,0.0,,8,,20260918
NOV,NOV Inc.,Energy,Oil & Gas Equipment & Services,NYSE,,3648133,7318495744,0.6137,,,,,,,,0.0,20.75,3,21.93,12.29,,0.0,,8,,20260918
KNCRF,Konecranes Plc,Industrials,Farm & Heavy Construction Machinery,PNK,30.29,51,7198200832,0.0093,30.62,59.0,-35.3172,-4.32,-86.3,-79.3,-63.0,0.0,12.0,4,113.4,30.29,-73.29,0.0,,8,,20260918
JXN,Jackson Financial Inc.,Financial Services,Insurance - Life,NYSE,,625898,8762744832,3.2798,,,,,,,,0.0,24.5,3,140.9,89.67,,0.0,,8,,20260918
GGAL,Grupo Financiero Galicia S.A.,Financial Services,Banks - Regional,NCM,,899937,7222105600,1.6231,,,,,,,,0.0,23.25,3,62.52,25.89,,0.0,,8,,20260918
FIGR,"Figure Technology Solutions, Inc.",Financial Services,Capital Markets,NASDAQ,,4134582,7563778048,2.6738,,,,,,,,0.0,23.25,3,78.0,24.11,,0.0,,8,,20260918
CAE,CAE Inc.,Industrials,Aerospace & Defense,NASDAQ,,727988,7798403072,0.6092,,,,,,,,0.0,23.25,3,34.24,22.76,,0.0,,8,,20260918
SCABY,Svenska Cellulosa Aktiebolaget SCA (publ),Basic Materials,Paper & Paper Products,PNK,11.27,1699,7915399680,0.2295,11.38,11.77,-0.4969,7.24,-17.63,-28.63,-15.81,0.0,49.0,4,14.35,9.45,-21.46,0.0,,8,,20260918
KGS,"Kodiak Gas Services, Inc.",Energy,Oil & Gas Equipment & Services,NYSE,,1857070,5892342784,2.5247,,,,,,,,0.0,23.25,3,77.68,32.55,,0.0,,8,,20260918
ATR,"AptarGroup, Inc.",Healthcare,Medical Instruments & Supplies,NYSE,,449362,7979431424,2.3031,,,,,,,,0.0,17.0,3,146.91,103.23,,0.0,,8,,20260918
HQY,"HealthEquity, Inc.",Healthcare,Health Information Services,NASDAQ,,852351,7817422848,2.6594,,,,,,,,0.0,27.0,3,107.62,72.76,,0.0,,8,,20260918
SVCBF,Svenska Cellulosa Aktiebolaget SCA (publ),Basic Materials,Paper & Paper Products,PNK,12.29,1596,8631788544,0.0584,11.11,11.85,20.2955,15.63,-11.86,-23.34,-9.58,0.0,75.0,3,13.54,9.97,-9.27,0.0,,8,,20260918
SLOIY,Soitec SA,Technology,Semiconductor Equipment & Materials,PNK,77.48,3867,5544883712,4.5072,65.89,47.68,2.5724,3.07,106.11,165.37,104.05,0.0,83.75,2,114.37,13.13,-32.25,0.0,,8,,20260918
AXS,AXIS Capital Holdings Limited,Financial Services,Insurance - Specialty,NYSE,,699304,7370848768,1.6862,,,,,,,,0.0,25.75,3,119.99,88.07,,0.0,,8,,20260918
ESAIY,"Eisai Co., Ltd.",Healthcare,Drug Manufacturers - Specialty & Generic,PNK,7.89,119867,8907368448,0.1863,7.36,7.25,2.8542,,,,,0.0,81.25,2,9.1,5.69,-13.3,0.0,,8,,20260918
YMHAY,"Yamaha Motor Co., Ltd.",Consumer Cyclical,Auto Manufacturers,PNK,23.84,11416,11571102720,0.6994,20.82,16.4,4.3143,,,,,0.0,87.5,2,25.39,13.05,-6.1,0.0,,8,,20260918
STHRF,Strathcona Resources Ltd.,Energy,Oil & Gas E&P,PNK,30.67,50720,6588553216,1.1303,30.02,27.36,0.5772,,,,,0.0,86.25,2,40.52,18.23,-24.31,0.0,,8,,20260918
CIG,Companhia Energética de Minas Gerais - CEMIG,Utilities,Utilities - Regulated Electric,NYSE,,5453451,6150466560,0.0608,,,,,,,,0.0,25.75,3,2.76,1.87,,0.0,,8,,20260918
BILI,Bilibili Inc.,Communication Services,Internet Content & Information,NASDAQ,,2749896,5931794944,0.4089,,,,,,,,0.0,22.0,3,36.4,14.39,,0.0,,8,,20260918
SLOIF,Soitec SA,Technology,Semiconductor Equipment & Materials,PNK,157.9,3814,5650084352,11.3932,131.65,97.61,2.3039,,,,,0.0,86.25,2,226.22,24.57,-30.2,0.0,,8,,20260918
LOTMY,Lottomatica Group S.p.A.,Consumer Cyclical,Gambling,PNK,31.76,51469,7330247680,0.8441,28.71,27.74,3.6226,,,,,0.0,85.0,2,33.1,21.65,-4.03,0.0,,8,,20260918
EGIEY,Engie Brasil Energia S.A.,Utilities,Utilities - Renewable,OID,6.07,52475,8597436416,0.2612,5.84,6.21,0.8694,,,,,0.0,53.25,3,9.5,5.22,-36.11,0.0,,8,,20260918
VLVCY,Volvo Car AB (publ.),Consumer Cyclical,Auto Manufacturers,PNK,3.66,261,5530998784,0.0853,4.18,5.2,-6.0407,-14.23,-39.07,-26.95,-28.01,0.0,1.25,4,7.66,3.66,-52.22,0.0,,8,,20260918
OPHLY,"Ono Pharmaceutical Co., Ltd.",Healthcare,Drug Manufacturers - General,PNK,5.12,36664,7218498048,0.102,5.01,4.96,1.1279,,,,,0.0,86.25,2,5.75,3.71,-10.96,0.0,,8,,20260918
DPMLF,DPM Metals Inc.,Basic Materials,Gold,PNK,41.86,70950,9182772224,1.6056,41.21,36.16,0.4067,,,,,0.0,85.0,2,52.37,20.45,-20.07,0.0,,8,,20260918
UMICY,Umicore SA,Industrials,Waste Management,PNK,6.29,39404,6055191040,0.1712,6.31,5.71,-0.0961,,,,,0.0,70.75,3,7.68,3.76,-18.1,0.0,,8,,20260918
VLVOF,Volvo Car AB (publ.),Consumer Cyclical,Auto Manufacturers,PNK,1.88,725,5573573120,0.0247,2.0,2.56,-4.977,-12.49,-35.0,-17.95,-22.55,0.0,0.0,4,3.7,1.87,-49.19,0.0,,8,,20260918
CPXWF,Capital Power Corporation,Utilities,Utilities - Independent Power Producers,PNK,42.17,40746,6624063488,0.6694,48.02,46.53,-8.7316,-19.37,-20.09,-15.73,-18.17,0.0,18.25,4,53.84,40.86,-21.68,0.0,,8,,20260918
STAG,"STAG Industrial, Inc.",Real Estate,REIT - Industrial,NYSE,,1627051,7378130944,0.5254,,,,,,,,0.0,20.75,3,42.61,34.4,,0.0,,8,,20260918
CSCCF,Capstone Copper Corp.,Basic Materials,Copper,PNK,10.18,288401,7777004032,0.6433,10.36,9.76,-0.2828,,,,,0.0,74.5,3,13.32,6.8,-23.57,0.0,,8,,20260918
FPRUY,Fraport AG,Industrials,Airports & Air Services,PNK,36.9,24,6824190464,0.1249,39.7,40.46,-22.4265,-5.65,-20.75,-28.75,-20.18,0.0,12.0,4,45.66,36.9,-19.19,0.0,,8,,20260918
DVDCF,Davide Campari-Milano N.V.,Consumer Defensive,Beverages - Wineries & Distilleries,PNK,6.7,951,8035727360,0.0561,6.65,6.8,0.8987,6.27,-14.44,-12.46,-8.47,0.0,63.25,3,7.9,6.07,-15.19,0.0,,8,,20260918
SUMCF,Sumco Corporation,Technology,Semiconductor Equipment & Materials,PNK,19.52,9562,6826775040,1.8306,23.37,16.66,-2.1033,-28.65,75.34,95.52,57.41,0.0,40.0,3,36.43,7.09,-46.42,0.0,,8,,20260918
WILLF,Demant A/S,Healthcare,Medical Devices,PNK,45.55,241,9606431744,0.187,43.46,36.02,11.1576,27.74,39.31,2.8,21.81,0.0,75.0,2,45.55,28.08,-0.0,0.0,,8,,20260918
CDP,COPT Defense Properties,Real Estate,REIT - Office,NYSE,,941745,4001267712,0.9631,,,,,,,,0.0,20.75,3,38.9,27.06,,0.0,,8,,20260918
SWQGF,Swissquote Group Holding SA,Financial Services,Capital Markets,PNK,49.29,1,7387739136,0.0124,49.05,52.6,19.131,-0.18,-12.88,-37.03,-19.37,0.0,62.0,3,490.08,49.01,-89.94,0.0,,8,,20260918
PLLIF,Pirelli & C. S.p.A.,Consumer Cyclical,Auto Parts,PNK,8.34,142,9047915520,0.0352,8.0,7.12,9.6476,22.65,13.81,5.81,12.82,0.0,76.25,2,8.34,6.03,0.0,0.0,,8,,20260918
QGEN,Qiagen N.V.,Healthcare,Diagnostics & Research,NYSE,,2807979,9164249088,0.9608,,,,,,,,0.0,24.5,3,57.82,32.53,,0.0,,8,,20260918
HTCMF,"Hitachi Construction Machinery Co., Ltd.",Industrials,Farm & Heavy Construction Machinery,PNK,37.0,9,7708998656,0.122,34.27,-6.47,22.3356,10.46,-168.37,-78.67,-87.78,0.0,75.0,2,37.0,24.97,0.0,0.0,,8,,20260918
THNPF,Technip Energies N.V.,Energy,Oil & Gas Equipment & Services,PNK,33.9,12,5871670784,0.1125,36.0,38.8,-18.6538,-16.32,-21.31,-42.62,-28.59,0.0,0.0,4,47.91,33.9,-29.24,0.0,,8,,20260918
RGEDF,Gedeon Richter PLC,Healthcare,Drug Manufacturers - Specialty & Generic,PNK,40.12,1093,7318420992,1.3464,40.01,-302.65,0.087,1.26,-121.82,-124.7,-92.2,0.0,82.5,2,45.28,29.0,-11.38,0.0,,8,,20260918
IFSUF,Infrastrutture Wireless Italiane S.p.A.,Real Estate,Real Estate Services,PNK,7.46,266,6732580864,0.0614,7.29,7.98,2.7728,,,,,0.0,37.0,3,12.51,6.82,-40.37,0.0,,8,,20260918
VIST,"Vista Energy, S.A.B. de C.V.",Energy,Oil & Gas E&P,NYSE,,1027772,8109361664,3.101,,,,,,,,0.0,22.0,3,81.44,33.37,,0.0,,8,,20260918
TYOYY,"Taiyo Yuden Co., Ltd.",Technology,Electronic Components,PNK,14.72,43412,7368649728,0.9467,16.23,12.44,-1.591,,,,,0.0,30.0,3,35.44,4.96,-58.47,0.0,,8,,20260918
TTEK,"Tetra Tech, Inc.",Industrials,Engineering & Construction,NASDAQ,,2877606,9245764608,0.7485,,,,,,,,0.0,24.5,3,43.14,25.81,,0.0,,8,,20260918
SLAB,Silicon Laboratories Inc.,Technology,Semiconductors,NASDAQ,,353117,7330677248,1.2677,,,,,,,,0.0,25.75,3,222.49,115.51,,0.0,,8,,20260918
DNPLY,"Dai Nippon Printing Co., Ltd.",Industrials,Conglomerates,PNK,9.61,6919,8223513600,0.4128,9.76,9.27,-0.3619,,,,,0.0,73.25,3,10.66,7.66,-9.85,0.0,,8,,20260918
LGFRY,Longfor Group Holdings Limited,Real Estate,Real Estate - Development,PNK,6.93,90995,4770881536,0.3036,8.18,10.34,-4.1182,,,,,0.0,7.5,4,15.32,6.65,-54.77,0.0,,8,,20260918
MOS,The Mosaic Company,Basic Materials,Agricultural Inputs,NYSE,,8441230,8071370240,1.0664,,,,,,,,0.0,24.5,3,36.99,19.8,,0.0,,8,,20260918
KNSL,"Kinsale Capital Group, Inc.",Financial Services,Insurance - Property & Casualty,NYSE,,280740,8189526528,8.2858,,,,,,,,0.0,18.25,3,485.0,287.2,,0.0,,8,,20260918
VSOGF,"Vista Energy, S.A.B. de C.V.",Energy,Oil & Gas E&P,PNK,72.25,5,7992107520,0.1596,73.39,65.52,-7.172,-4.42,7.41,103.25,42.79,0.0,37.0,3,77.66,33.05,-6.97,0.0,,8,,20260918
LTH,"Life Time Group Holdings, Inc.",Consumer Cyclical,Leisure,NYSE,,2943737,9132890112,1.2314,,,,,,,,0.0,23.25,3,47.23,24.14,,0.0,,8,,20260918
SHTDF,Sinopharm Group Co. Ltd.,Healthcare,Medical Distribution,PNK,1.82,246,5679593984,0.029,2.11,2.38,-9.8395,-21.28,-43.81,-40.15,-36.71,0.0,0.0,4,2.7,1.82,-32.59,0.0,,8,,20260918
PMOIF,Harbour Energy plc,Energy,Oil & Gas E&P,PNK,3.7,3854,5758807040,0.0547,3.35,3.33,6.4288,11.37,-7.99,6.99,2.84,0.0,75.0,2,4.34,2.5,-14.75,0.0,,8,,20260918
GMINF,G Mining Ventures Corp.,Basic Materials,Gold,OQX,35.63,105850,10557391872,2.0479,33.97,32.98,0.8097,,,,,0.0,86.25,2,43.26,16.86,-17.65,0.0,,8,,20260918
SDXOF,Sodexo S.A.,Industrials,Specialty Business Services,PNK,67.3,70,9819426816,0.1624,63.22,54.88,25.1334,24.92,18.18,-2.93,11.42,0.0,75.0,2,67.3,47.01,0.0,0.0,,8,,20260918
DIFTY,"Daito Trust Construction Co.,Ltd.",Real Estate,Real Estate - Diversified,PNK,5.3,155306,6905524736,0.1837,5.13,5.24,0.9188,,,,,0.0,88.75,3,7.0,4.41,-24.26,0.0,,8,,20260918
TELDY,Telefónica Deutschland Holding AG,Communication Services,Telecom Services,PNK,11.75,0,6990203904,0.0001,11.75,12.21,0.0,-0.75,-19.46,-17.44,-13.98,0.0,49.0,3,12.56,11.55,-6.45,0.0,,8,,20260918
PLXS,Plexus Corp.,Technology,Electronic Components,NASDAQ,,290840,6549487104,6.6908,,,,,,,,0.0,22.0,3,307.06,132.03,,0.0,,8,,20260918
AKBTY,Akbank T.A.S.,Financial Services,Banks - Regional,OQX,2.99,17346,7774000128,0.1951,2.85,3.2,0.694,,,,,0.0,50.75,3,4.24,2.51,-29.48,0.0,,8,,20260918
JAPSY,"Japan Airlines Co., Ltd.",Industrials,Airlines,PNK,9.82,40814,8441816064,0.137,9.3,8.93,3.7618,,,,,0.0,82.5,2,11.0,7.55,-10.73,0.0,,8,,20260918
TSUKY,"Toyo Suisan Kaisha, Ltd.",Consumer Defensive,Packaged Foods,PNK,61.9,3827,5881061888,4.1376,65.8,68.36,-0.9432,3.17,-20.73,-30.31,-18.58,0.0,45.75,4,86.9,58.14,-28.77,0.0,,8,,20260918
ICGUF,ICG plc,Financial Services,Asset Management,PNK,22.8,1,6586951168,0.0041,22.8,24.23,0.0,-13.06,-2.6,-32.45,-17.15,0.0,37.0,3,27.72,20.65,-17.75,0.0,,8,,20260918
PCOR,"Procore Technologies, Inc.",Technology,Software - Application,NYSE,,3320233,7863689216,2.1127,,,,,,,,0.0,23.25,3,82.31,38.03,,0.0,,8,,20260918
ST,Sensata Technologies Holding plc,Technology,Scientific & Technical Instruments,NYSE,,1588122,6147435008,1.1869,,,,,,,,0.0,20.75,3,53.89,28.16,,0.0,,8,,20260918
RHP,"Ryman Hospitality Properties, Inc.",Real Estate,REIT - Hotel & Motel,NYSE,,732048,8320195072,3.2331,,,,,,,,0.0,20.75,3,137.46,83.82,,0.0,,8,,20260918
IVTJY,Investec Group,Financial Services,Capital Markets,PNK,16.9,2,5298297856,0.0127,16.54,14.94,28.5663,0.11,16.42,6.58,8.41,0.0,75.0,2,17.71,13.51,-4.57,0.0,,8,,20260918
GKOS,Glaukos Corporation,Healthcare,Medical Devices,NYSE,,798545,9521186816,6.8162,,,,,,,,0.0,22.0,3,191.62,73.16,,0.0,,8,,20260918
DCCPY,DCC Energy plc,Energy,Oil & Gas Refining & Marketing,PNK,45.85,23,7833393152,0.0924,43.48,45.85,25.6226,6.63,6.63,6.63,6.63,0.0,62.0,3,45.85,41.75,-0.0,0.0,,8,,20260918
HR,Healthcare Realty Trust Incorporated,Real Estate,REIT - Healthcare Facilities,NYSE,,3578477,6453836800,0.3231,,,,,,,,0.0,17.0,3,22.04,16.31,,0.0,,8,,20260918
ZJLMF,"Zhejiang Leapmotor Technology Co., Ltd.",Consumer Cyclical,Auto Manufacturers,PNK,4.4,417,6255975424,0.08,4.61,4.4,-2.6004,-5.31,-33.18,-33.18,-26.22,0.0,62.0,3,6.37,4.16,-30.93,0.0,,8,,20260918
NXE,NexGen Energy Ltd.,Energy,Uranium,NYSE,,4847801,6255044096,0.3992,,,,,,,,0.0,20.75,3,13.96,7.33,,0.0,,8,,20260918
AVT,"Avnet, Inc.",Technology,Electronics & Computer Distribution,NASDAQ,,1220896,7642635776,3.2746,,,,,,,,0.0,25.75,3,100.0,44.25,,0.0,,8,,20260918
DKDRF,NewMed Energy - Limited Partnership,Energy,Oil & Gas E&P,PNK,5.5,536,6455980544,0.1047,5.36,5.75,1.3462,-3.16,-20.36,6.01,-5.51,0.0,39.5,3,7.32,4.7,-24.86,0.0,,8,,20260918
MTDR,Matador Resources Company,Energy,Oil & Gas E&P,NYSE,,2004674,7136905216,1.7954,,,,,,,,0.0,20.75,3,66.84,37.14,,0.0,,8,,20260918
UMICF,Umicore SA,Industrials,Waste Management,PNK,25.43,1996,6120171520,0.6185,25.25,23.29,0.2865,-6.57,15.49,47.87,22.93,0.0,76.25,2,31.15,15.32,-18.36,0.0,,8,,20260918
TRNO,Terreno Realty Corporation,Real Estate,REIT - Industrial,NYSE,,839362,7217104384,1.0231,,,,,,,,0.0,18.25,3,78.94,55.92,,0.0,,8,,20260918
AIIXY,AIXTRON SE,Technology,Semiconductor Equipment & Materials,PNK,74.97,222,4306263552,1.7072,88.47,82.14,-7.9079,-45.63,-17.92,133.55,35.74,0.0,15.75,4,143.05,28.52,-47.59,0.0,,8,,20260918
DITTF,"Daito Trust Construction Co.,Ltd.",Real Estate,Real Estate - Diversified,PNK,19.06,3,6208457216,0.0085,18.81,19.6,29.1641,1.61,-32.13,-96.04,-49.26,0.0,62.0,3,106.85,14.38,-82.16,0.0,,8,,20260918
IMVT,"Immunovant, Inc.",Healthcare,Biotechnology,NASDAQ,,1248051,7776709120,1.4815,,,,,,,,0.0,17.0,3,45.42,14.58,,0.0,,8,,20260918
NDBKY,Nedbank Group Limited,Financial Services,Banks - Regional,PNK,18.02,24230,8259187712,0.386,17.39,15.98,1.6356,,,,,0.0,86.25,2,20.28,11.88,-11.14,0.0,,8,,20260918
VAL,Valaris Limited,Energy,Oil & Gas Drilling,NYSE,,1078104,5836080128,4.1385,,,,,,,,0.0,20.75,3,114.12,46.7,,0.0,,8,,20260918
LEA,Lear Corporation,Consumer Cyclical,Auto Parts,NYSE,,633477,8170055168,3.6091,,,,,,,,0.0,25.75,3,150.33,96.04,,0.0,,8,,20260918
OTGLY,CD Projekt Red S.A.,Communication Services,Electronic Gaming & Multimedia,PNK,15.6,20548,6234416128,0.4839,16.11,16.82,-1.0629,,,,,0.0,59.0,4,20.5,14.16,-23.9,0.0,,8,,20260918
SUOPY,Sumco Corporation,Technology,Semiconductor Equipment & Materials,PNK,37.52,16053,6560978432,1.9962,45.41,33.04,-3.9528,,,,,0.0,38.75,3,69.37,14.55,-45.91,0.0,,8,,20260918
SHTDY,Sinopharm Group Co. Ltd.,Healthcare,Medical Distribution,PNK,9.44,144193,5891798016,0.2392,10.51,11.54,-4.4797,,,,,0.0,8.75,4,14.87,9.35,-36.52,0.0,,8,,20260918
BCKIY,Babcock International Group PLC,Industrials,Engineering & Construction,PNK,13.66,21530,6649194496,0.3437,14.64,16.1,-2.8476,,,,,0.0,33.75,4,21.15,12.15,-35.41,0.0,,8,,20260918
PB,"Prosperity Bancshares, Inc.",Financial Services,Banks - Regional,NYSE,,1108882,8453233664,1.2146,,,,,,,,0.0,17.0,3,77.2,61.07,,0.0,,8,,20260918
BBUC,Brookfield Business Corporation,Industrials,Conglomerates,NYSE,,469054,5251097600,0.6861,,,,,,,,0.0,15.75,3,38.25,25.38,,0.0,,8,,20260918
AIXXF,AIXTRON SE,Technology,Semiconductor Equipment & Materials,PNK,39.7,6319,4477598720,1.8743,44.42,41.43,-2.5193,,,,,0.0,27.0,4,71.52,14.6,-44.49,0.0,,8,,20260918
MYRG,MYR Group Inc.,Industrials,Engineering & Construction,NASDAQ,,304366,4308945920,9.5823,,,,,,,,0.0,19.5,3,503.57,176.76,,0.0,,8,,20260918
BRKRP,Bruker Corporation,Healthcare,Medical Devices,NASDAQ,464.27,6409,0,16.5237,429.4,363.07,2.1104,,,,,0.0,67.5,2,474.99,256.24,-2.26,0.0,,8,,20260918
BRKR,Bruker Corporation,Healthcare,Medical Devices,NASDAQ,,2216343,9606254592,2.6592,,,,,,,,0.0,23.25,3,65.3,30.09,,0.0,,8,,20260918
HBRIY,Harbour Energy plc,Energy,Oil & Gas E&P,PNK,3.74,46062,5821064192,0.1414,3.45,3.35,2.02,,,,,0.0,92.5,2,4.48,2.51,-16.52,0.0,,8,,20260918
FAF,First American Financial Corporation,Financial Services,Insurance - Specialty,NYSE,,817677,7347116032,1.88,,,,,,,,0.0,22.0,3,79.87,56.2,,0.0,,8,,20260918
VIPS,Vipshop Holdings Limited,Consumer Cyclical,Internet Retail,NYSE,,2623648,5796344832,0.3338,,,,,,,,0.0,23.25,3,21.08,12.02,,0.0,,8,,20260918
CDNAF,"Canadian Tire Corporation, Limited",Consumer Cyclical,Specialty Retail,PNK,135.56,20046,7069846528,2.0538,140.2,132.59,-2.2578,1.75,-12.88,-3.42,-5.44,0.0,75.75,3,152.9,102.83,-11.34,0.0,,8,,20260918
LKQ,LKQ Corporation,Consumer Cyclical,Auto Parts,NASDAQ,,3199116,6029039616,0.72,,,,,,,,0.0,20.75,3,37.13,21.17,,0.0,,8,,20260918
SPXSY,Spirax Group plc,Industrials,Specialty Industrial Machinery,PNK,47.23,10154,6970758656,1.0064,47.68,47.37,-0.4445,,,,,0.0,66.5,3,54.08,42.56,-12.67,0.0,,8,,20260918
STKAF,Stockland,Real Estate,REIT - Diversified,PNK,3.05,280,7416514560,0.0302,2.88,3.22,5.7813,0.91,-28.52,-39.77,-25.66,0.0,63.25,3,4.29,2.46,-28.9,0.0,,8,,20260918
SNROY,"Sanrio Company, Ltd.",Consumer Cyclical,Specialty Retail,PNK,16.05,991,9726721024,0.1333,15.06,13.14,7.4165,39.5,-0.89,-34.31,-4.16,0.0,76.25,2,19.98,9.59,-19.69,0.0,,8,,20260918
KCDMF,"Kimberly-Clark de México, S. A. B. de C. V.",Consumer Defensive,Household & Personal Products,OID,2.26,679,6781917696,0.0217,2.29,2.27,-1.318,5.0,-13.19,-6.11,-5.81,0.0,50.25,3,2.6,1.9,-13.08,0.0,,8,,20260918
SHMXY,Shimadzu Corporation,Technology,Scientific & Technical Instruments,PNK,11.55,143,6672205312,0.1095,12.69,12.57,-10.4021,-9.48,-17.79,-11.7,-13.28,0.0,37.0,4,16.77,10.41,-31.15,0.0,,8,,20260918
RAL,Ralliant Corporation,Technology,Electronic Components,NYSE,,1589943,7451604480,2.2172,,,,,,,,0.0,23.25,3,75.41,37.27,,0.0,,8,,20260918
LNC,Lincoln National Corporation,Financial Services,Insurance - Life,NYSE,,1968820,8096307712,1.2315,,,,,,,,0.0,20.75,3,47.67,32.18,,0.0,,8,,20260918
SEOJF,Stora Enso Oyj,Consumer Cyclical,Packaging & Containers,OQX,12.0,1,9463439360,0.1501,9.19,10.13,18.74,36.7,-3.4,28.51,19.39,0.0,75.0,3,12.55,8.56,-4.38,0.0,,8,,20260918
JBTM,JBT Marel Corporation,Industrials,Specialty Industrial Machinery,NYSE,,603338,5721494016,3.28,,,,,,,,0.0,22.0,3,170.19,110.0,,0.0,,8,,20260918
FSS,Federal Signal Corporation,Industrials,Farm & Heavy Construction Machinery,NYSE,,500922,6945314304,3.1569,,,,,,,,0.0,23.25,3,134.51,101.19,,0.0,,8,,20260918
GDS,GDS Holdings Limited,Technology,Information Technology Services,NASDAQ,,1827446,6271819264,0.9815,,,,,,,,0.0,20.75,3,48.61,26.97,,0.0,,8,,20260918
SGHC,Super Group (SGHC) Limited,Consumer Cyclical,Gambling,NYSE,,2595074,6503383040,0.4092,,,,,,,,0.0,22.0,3,15.86,8.46,,0.0,,8,,20260918
CHVKF,"China Vanke Co., Ltd.",Real Estate,Real Estate - Development,PNK,0.3,398,4944445952,0.0008,0.31,0.4,-10.415,-13.7,-40.39,-72.65,-46.62,0.0,12.0,4,0.7,0.3,-57.29,0.0,,8,,20260918
UOLGY,UOL Group Limited,Real Estate,Real Estate - Development,PNK,27.05,6679,5729557504,0.4697,29.39,30.48,-4.9983,,,,,0.0,11.25,4,38.25,23.2,-29.29,0.0,,8,,20260918
NVTS,Navitas Semiconductor Corporation,Technology,Semiconductors,NASDAQ,,15017300,2908581632,0.6065,,,,,,,,0.0,20.75,3,34.17,6.22,,0.0,,8,,20260918
TOTDF,TOTO LTD.,Industrials,Building Products & Equipment,PNK,38.63,150,6352800256,0.6657,42.63,38.59,-6.013,-24.29,-6.3,22.94,0.9,0.0,25.0,3,60.92,23.95,-36.59,0.0,,8,,20260918
MORN,"Morningstar, Inc.",Financial Services,Financial Data & Stock Exchanges,NASDAQ,,387935,7609628160,7.0269,,,,,,,,0.0,23.25,3,250.54,141.49,,0.0,,8,,20260918
PCVX,"Vaxcyte, Inc.",Healthcare,Biotechnology,NASDAQ,,1305267,8983374848,2.0231,,,,,,,,0.0,20.75,3,65.0,30.89,,0.0,,8,,20260918
THG,"The Hanover Insurance Group, Inc.",Financial Services,Insurance - Property & Casualty,NYSE,,316711,7979749888,4.0896,,,,,,,,0.0,23.25,3,236.07,166.54,,0.0,,8,,20260918
CBC,"Central Bancompany, Inc.",Financial Services,Banks - Regional,NASDAQ,,819558,7585127424,0.7292,,,,,,,,0.0,25.75,3,33.82,22.5,,0.0,,8,,20260918
TOTDY,TOTO LTD.,Industrials,Building Products & Equipment,PNK,36.92,14608,6071585792,1.0165,41.63,38.53,-4.6344,,,,,0.0,27.0,4,60.09,23.84,-38.56,0.0,,8,,20260918
UOLGF,UOL Group Limited,Real Estate,Real Estate - Development,PNK,8.04,0,6813522944,0.0001,8.04,7.83,0.0,-0.75,-14.85,31.88,7.36,0.0,62.0,3,9.18,5.6,-12.41,0.0,,8,,20260918
SZCRF,SCOR SE,Financial Services,Insurance - Reinsurance,PNK,38.25,148,6833874944,0.0206,37.36,35.02,43.4952,9.57,-11.47,-5.91,-3.99,0.0,75.0,2,38.25,30.41,0.0,0.0,,8,,20260918
NEU,NewMarket Corporation,Basic Materials,Specialty Chemicals,NYSE,,120959,8177352192,22.99,,,,,,,,0.0,23.25,3,981.66,580.03,,0.0,,8,,20260918
OMRNY,OMRON Corporation,Technology,Electronic Components,PNK,39.44,41430,7755062784,1.0672,38.18,32.69,1.1842,,,,,0.0,85.0,2,45.24,23.23,-12.82,0.0,,8,,20260918
CHYM,"Chime Financial, Inc.",Technology,Software - Application,NASDAQ,,7659006,11630134272,1.4385,,,,,,,,0.0,20.75,3,35.55,15.88,,0.0,,8,,20260918
MDNDF,"McDonald's Holdings Company (Japan), Ltd.",Consumer Cyclical,Restaurants,PNK,47.86,4,6363401216,0.0457,47.51,44.92,7.67,-6.91,0.94,-0.42,-1.57,0.0,50.0,2,51.0,41.14,-6.16,0.0,,8,,20260918
THNOF,Technology One Limited,Technology,Software - Application,PNK,20.25,52,6703066624,0.1559,22.18,20.77,-12.3832,-6.0,10.18,22.07,10.89,0.0,37.0,4,26.21,14.97,-22.74,0.0,,8,,20260918
EPRT,"Essential Properties Realty Trust, Inc.",Real Estate,REIT - Retail,NYSE,,1850167,5810741760,0.5835,,,,,,,,0.0,15.75,3,34.73,26.56,,0.0,,8,,20260918
PPC,Pilgrim's Pride Corporation,Consumer Defensive,Packaged Foods,NASDAQ,,1583653,7038488064,0.8469,,,,,,,,0.0,24.5,3,44.84,25.9,,0.0,,8,,20260918
SBFFY,SBM Offshore N.V.,Energy,Oil & Gas Equipment & Services,PNK,41.7,87,6897271296,0.0852,39.03,36.55,31.3601,10.54,1.44,50.96,23.52,0.0,75.0,2,44.15,23.52,-5.55,0.0,,8,,20260918
IDCC,"InterDigital, Inc.",Technology,Software - Application,NASDAQ,,265832,8307986432,10.83,,,,,,,,0.0,25.75,3,412.6,249.14,,0.0,,8,,20260918
CELC,Celcuity Inc.,Healthcare,Biotechnology,NCM,,1214029,4154808576,3.6064,,,,,,,,0.0,19.5,3,151.02,44.42,,0.0,,8,,20260918
DOX,Amdocs Limited,Technology,Software - Infrastructure,NASDAQ,,1344379,6318151680,1.3146,,,,,,,,0.0,25.75,3,85.63,49.74,,0.0,,8,,20260918
SSDOY,"Shiseido Company, Limited",Consumer Defensive,Household & Personal Products,PNK,22.61,64000,9035376640,0.5909,21.27,18.75,2.2681,,,,,0.0,82.5,2,23.91,13.6,-5.44,0.0,,8,,20260918
KIGRY,KION GROUP AG,Industrials,Farm & Heavy Construction Machinery,PNK,11.79,13954,6266779136,0.4138,11.95,14.34,-0.3983,-1.6,-23.35,-44.2,-26.25,0.0,39.5,4,20.54,10.26,-42.6,0.0,,8,,20260918
POOL,Pool Corporation,Industrials,Industrial Distribution,NASDAQ,,873503,6092526080,5.0238,,,,,,,,0.0,20.75,3,327.46,165.37,,0.0,,8,,20260918
BCKIF,Babcock International Group PLC,Industrials,Engineering & Construction,PNK,12.45,1348,6113919488,0.2028,14.55,16.06,-10.354,-6.03,-44.9,-35.61,-31.47,0.0,26.25,4,21.05,12.35,-40.86,0.0,,8,,20260918
GRFS,"Grifols, S.A.",Healthcare,Drug Manufacturers - General,NASDAQ,,602979,5036287488,0.1377,,,,,,,,0.0,17.0,3,10.23,6.96,,0.0,,8,,20260918
AWI,"Armstrong World Industries, Inc.",Industrials,Building Products & Equipment,NYSE,,447819,6757403136,4.0608,,,,,,,,0.0,15.75,3,206.08,150.28,,0.0,,8,,20260918
CSXXY,CAR Group Limited,Communication Services,Internet Content & Information,PNK,33.8,316,6406287872,0.6023,37.01,36.52,-5.3226,-14.79,-18.32,-50.75,-30.41,0.0,37.0,4,52.0,28.03,-35.0,0.0,,8,,20260918
DCCPF,DCC Energy plc,Energy,Oil & Gas Refining & Marketing,PNK,84.79,31,7243112448,0.1641,83.93,71.5,5.2132,3.73,20.98,18.72,15.76,0.0,75.0,2,85.87,57.8,-1.26,0.0,,8,,20260918
LNTH,"Lantheus Holdings, Inc.",Healthcare,Drug Manufacturers - Specialty & Generic,NASDAQ,,1356633,6582227456,0.4515,,,,,,,,0.0,23.25,3,111.86,49.67,,0.0,,8,,20260918
VLOUF,Vallourec S.A.,Basic Materials,Steel,PNK,21.43,111,5673846784,0.1472,22.13,23.18,-4.7861,-24.19,-11.64,1.17,-9.65,0.0,24.0,4,31.81,17.7,-32.63,0.0,,8,,20260918
MIDD,The Middleby Corporation,Industrials,Specialty Industrial Machinery,NASDAQ,,694611,5035056128,3.03,,,,,,,,0.0,22.0,3,148.55,89.16,,0.0,,8,,20260918
FBASF,Fibra UNO,Real Estate,REIT - Diversified,PNK,1.66,4667,6325678592,0.0219,1.74,1.67,-3.7178,-5.19,-9.26,-5.42,-6.71,0.0,36.0,1,2.16,1.39,-23.15,0.0,,8,,20260918
OR,OR Royalties Inc.,Basic Materials,Gold,NYSE,,1071762,6928362496,1.1544,,,,,,,,0.0,23.25,3,48.06,27.54,,0.0,,8,,20260918
GIFLF,"Grifols, S.A.",Healthcare,Drug Manufacturers - General,PNK,11.13,279,7574848512,0.069,11.1,11.31,0.4693,6.72,-25.95,-34.56,-21.23,0.0,62.0,3,13.9,10.13,-19.93,0.0,,8,,20260918
HTCMY,"Hitachi Construction Machinery Co., Ltd.",Industrials,Farm & Heavy Construction Machinery,PNK,72.6,24,7563152384,0.3846,67.82,67.47,12.4235,9.55,-20.9,-5.34,-7.06,0.0,75.0,2,87.04,55.92,-16.59,0.0,,8,,20260918
PUODY,"Promotora y Operadora de Infraestructura, S. A. B. de C. V.",Industrials,Infrastructure Operations,PNK,308.02,124,5771847168,5.5989,315.0,314.21,-1.2474,,,,,0.0,29.0,4,359.88,246.68,-14.41,0.0,,8,,20260918
SZHFY,Sojitz Corporation,Industrials,Conglomerates,PNK,379.77,0,7901503488,2.5993,329.85,379.77,19.2061,19.53,-15.85,-6.04,-3.08,0.0,75.0,3,418.56,306.9,-9.27,0.0,,8,,20260918
SCRYY,SCOR SE,Financial Services,Insurance - Reinsurance,PNK,3.8,7016,6789209088,0.1007,3.94,3.51,-1.4176,0.04,-0.79,5.23,1.83,0.0,68.25,3,4.17,2.95,-8.87,0.0,,8,,20260918
KCDMY,"Kimberly-Clark de México, S. A. B. de C. V.",Consumer Defensive,Household & Personal Products,OID,11.44,43303,6865941504,0.2832,11.47,11.19,-0.1073,,,,,0.0,74.5,3,12.84,8.25,-10.9,0.0,,8,,20260918
SULZF,Sulzer AG,Industrials,Specialty Industrial Machinery,PNK,188.4,29,6378807808,1.4229,173.77,186.94,10.2841,-2.12,-24.96,-12.83,-14.4,0.0,75.0,3,227.14,162.27,-17.06,0.0,,8,,20260918
HRIBF,"HORIBA, Ltd.",Technology,Scientific & Technical Instruments,PNK,137.0,3,5756953088,1.444,159.41,47.34,-15.5218,1692.44,2148.43,-1582.85,541.92,0.0,50.0,3,166.67,74.0,-17.8,0.0,,8,,20260918
MSA,MSA Safety Incorporated,Industrials,Security & Protection Services,NYSE,,278261,6893939712,3.4592,,,,,,,,0.0,20.75,3,208.92,151.11,,0.0,,8,,20260918
MNESP,MSA Safety Incorporated,Industrials,Security & Protection Services,PNK,37.5,0,0,0.0082,37.2,37.0,36.9905,0.77,-5.58,-26.94,-12.54,0.0,75.0,2,48.2,36.0,-22.2,0.0,,8,,20260918
TEX,Terex Corporation,Industrials,Farm & Heavy Construction Machinery,NYSE,,1295904,6615684096,2.2085,,,,,,,,0.0,20.75,3,74.69,41.7,,0.0,,8,,20260918
SKHHY,Sonic Healthcare Limited,Healthcare,Diagnostics & Research,PNK,13.89,116745,6978293760,0.4885,14.48,14.27,-1.2085,,,,,0.0,56.5,3,17.49,12.94,-20.58,0.0,,8,,20260918
TXNM,"TXNM Energy, Inc.",Utilities,Utilities - Regulated Electric,NYSE,,1310177,6037471744,0.34,,,,,,,,0.0,23.25,3,59.53,55.64,,0.0,,8,,20260918
SNROF,"Sanrio Company, Ltd.",Consumer Cyclical,Specialty Retail,PNK,8.02,493,9729752064,0.1227,7.8,17.42,1.8275,45.15,-89.54,-98.82,-59.58,0.0,51.25,3,53.88,5.04,-85.11,0.0,,8,,20260918
LSTR,"Landstar System, Inc.",Industrials,Integrated Freight & Logistics,NASDAQ,,456740,5807965184,4.6915,,,,,,,,0.0,20.75,3,228.46,119.32,,0.0,,8,,20260918
KGFHY,Kingfisher plc,Consumer Cyclical,Home Improvement Retail,OQX,8.34,151006,6754594304,0.1831,8.29,8.13,0.2862,,,,,0.0,85.0,2,10.17,6.63,-17.99,0.0,,8,,20260918
KGFHF,Kingfisher plc,Consumer Cyclical,Home Improvement Retail,OQX,4.38,1767,7094753792,0.0657,4.05,4.12,4.9954,,,,,0.0,75.0,3,5.21,3.55,-15.93,0.0,,8,,20260918
PAYC,"Paycom Software, Inc.",Technology,Software - Application,NYSE,,894132,10188890112,7.363,,,,,,,,0.0,27.0,3,244.98,104.9,,0.0,,8,,20260918
BZ,Kanzhun Limited,Communication Services,Internet Content & Information,NASDAQ,,5675645,6512856064,0.5462,,,,,,,,0.0,20.75,3,24.9,12.57,,0.0,,8,,20260918
VLOWY,Vallourec S.A.,Basic Materials,Steel,PNK,4.37,222022,5785046528,0.2172,4.4,4.41,-0.1233,,,,,0.0,32.75,4,6.65,3.5,-34.29,0.0,,8,,20260918
SRUUF,Sprott Physical Uranium Trust Fund,Energy,Uranium,OQX,19.39,466417,6673188864,0.5401,19.33,19.78,0.1157,,,,,0.0,73.25,3,24.77,16.42,-21.72,0.0,,8,,20260918
TELDF,Telefónica Deutschland Holding AG,Communication Services,Telecom Services,PNK,2.26,0,6878848000,0.0001,2.26,2.28,0.0,-0.75,-14.62,-30.6,-17.55,0.0,62.0,3,2.75,1.89,-17.71,0.0,,8,,20260918
VFC,V.F. Corporation,Consumer Cyclical,Apparel Manufacturing,NYSE,,6951051,5083230208,0.3891,,,,,,,,0.0,20.75,3,22.27,12.46,,0.0,,8,,20260918
AROC,"Archrock, Inc.",Energy,Oil & Gas Equipment & Services,NYSE,,2011820,5474058240,1.0592,,,,,,,,0.0,23.25,3,42.23,22.88,,0.0,,8,,20260918
YACAF,Yancoal Australia Ltd,Energy,Thermal Coal,PNK,4.43,8467,5951760384,0.1346,4.17,4.41,1.9911,1.13,-32.37,7.84,-7.91,0.0,86.25,3,6.14,3.22,-27.83,0.0,,8,,20260918
OGC,OceanaGold Corporation,Basic Materials,Gold,NYSE,,503545,6422060032,1.1115,,,,,,,,0.0,23.25,3,43.33,19.33,,0.0,,8,,20260918
NPO,Enpro Inc.,Industrials,Specialty Industrial Machinery,NYSE,,234566,6073007104,10.2416,,,,,,,,0.0,20.75,3,390.42,202.0,,0.0,,8,,20260918
SWX,"Southwest Gas Holdings, Inc.",Utilities,Utilities - Regulated Gas,NYSE,,538561,6267291136,1.4969,,,,,,,,0.0,17.0,3,94.47,76.74,,0.0,,8,,20260918
HXL,Hexcel Corporation,Industrials,Aerospace & Defense,NYSE,,973453,6657889280,2.0562,,,,,,,,0.0,15.75,3,111.74,60.26,,0.0,,8,,20260918
BCUCY,Brunello Cucinelli S.p.A.,Consumer Cyclical,Luxury Goods,PNK,8.8,57585,5984000000,0.2508,9.73,9.76,-3.717,-14.4,-8.87,-41.63,-23.36,0.0,25.75,4,12.55,7.87,-29.9,0.0,,8,,20260918
GECFF,Gecina,Real Estate,REIT - Office,PNK,72.83,179,5388596736,0.7124,82.63,85.88,-13.7549,-17.89,-19.73,-39.42,-27.15,0.0,0.0,4,99.4,72.83,-26.73,0.0,,8,,20260918
RGEN,Repligen Corporation,Healthcare,Medical Instruments & Supplies,NASDAQ,,1110882,10056263680,7.0523,,,,,,,,0.0,28.25,3,188.73,100.99,,0.0,,8,,20260918
KYMR,"Kymera Therapeutics, Inc.",Healthcare,Biotechnology,NASDAQ,,855975,9851684864,4.9847,,,,,,,,0.0,23.25,3,130.05,47.9,,0.0,,8,,20260918
CAG,"Conagra Brands, Inc.",Consumer Defensive,Packaged Foods,NYSE,,15681351,7264626688,0.3846,,,,,,,,0.0,24.5,3,20.32,12.53,,0.0,,8,,20260918
BRBOF,Brembo N.V.,Consumer Cyclical,Auto Parts,PNK,11.0,9,3499241984,0.0364,12.18,11.49,-32.3691,-14.82,-5.27,-8.56,-8.97,0.0,12.0,4,13.84,9.33,-20.52,0.0,,8,,20260918
TRSBF,3SBio Inc.,Healthcare,Biotechnology,PNK,2.15,2,5342321664,0.0013,2.11,2.45,33.3772,9.83,-18.71,-56.59,-26.73,0.0,50.0,3,4.0,2.0,-46.25,0.0,,8,,20260918
SBFFF,SBM Offshore N.V.,Energy,Oil & Gas Equipment & Services,PNK,41.45,6,6855921152,0.1532,38.65,35.83,18.2849,8.32,8.85,39.21,20.86,0.0,75.0,2,44.1,26.0,-6.01,0.0,,8,,20260918
CORT,Corcept Therapeutics Incorporated,Healthcare,Biotechnology,NCM,,1079572,12416182272,4.7569,,,,,,,,0.0,23.25,3,126.38,28.66,,0.0,,8,,20260918
INGR,Ingredion Incorporated,Consumer Defensive,Packaged Foods,NYSE,,750108,6243964928,1.8592,,,,,,,,0.0,22.0,3,124.73,94.44,,0.0,,8,,20260918
AACAY,AAC Technologies Holdings Inc.,Technology,Communication Equipment,PNK,5.21,18537,5895324160,0.1842,5.17,4.95,0.2204,,,,,0.0,61.25,2,6.45,3.82,-19.22,0.0,,8,,20260918
LNWO,"Light & Wonder, Inc.",Consumer Cyclical,Gambling,PNK,82.57,23700,6174186496,2.3908,85.55,90.83,-1.2452,,,,,0.0,56.5,3,122.65,70.0,-32.68,0.0,,8,,20260918
CCOHF,China State Construction International Holdings Limited,Industrials,Engineering & Construction,PNK,1.0,167,5282216448,0.002,1.0,1.09,0.9852,-10.66,-22.92,-1.72,-11.38,0.0,37.0,3,1.22,0.88,-18.03,0.0,,8,,20260918
CENX,Century Aluminum Company,Basic Materials,Aluminum,NASDAQ,,2093032,4033976832,2.0685,,,,,,,,0.0,19.5,3,70.43,25.4,,0.0,,8,,20260918
VSH,"Vishay Intertechnology, Inc.",Technology,Semiconductors,NYSE,,5503185,4885126656,1.4208,,,,,,,,0.0,22.0,3,69.47,11.77,,0.0,,8,,20260918
SYRE,"Spyre Therapeutics, Inc.",Healthcare,Biotechnology,NASDAQ,,1290885,8048447488,3.8664,,,,,,,,0.0,28.25,3,110.17,14.51,,0.0,,8,,20260918
GPTGF,The GPT Group,Real Estate,REIT - Diversified,PNK,3.4,54,6512963584,0.0025,3.42,3.45,-6.2311,-7.09,-18.04,-18.21,-15.37,0.0,24.0,4,3.83,2.84,-11.23,0.0,,8,,20260918
STWD,"Starwood Property Trust, Inc.",Real Estate,REIT - Mortgage,NYSE,,4116312,5726916096,0.2915,,,,,,,,0.0,15.75,3,20.4,14.89,,0.0,,8,,20260918
CLF,Cleveland-Cliffs Inc.,Basic Materials,Steel,NYSE,,19408766,7280091136,0.5115,,,,,,,,0.0,24.5,3,16.7,7.73,,0.0,,8,,20260918
S,"SentinelOne, Inc.",Technology,Software - Infrastructure,NYSE,,7547274,8071259136,1.1032,,,,,,,,0.0,23.25,3,24.25,11.81,,0.0,,8,,20260918
MTLPF,Metlen Energy & Metals PLC,Utilities,Utilities - Diversified,PNK,57.3,10,8155853824,1.146,57.3,57.3,0.0,2.21,2.21,2.21,2.21,0.0,62.0,3,57.5,57.3,-0.35,0.0,,8,,20260918
STEP,StepStone Group Inc.,Financial Services,Asset Management,NASDAQ,,1377674,6079853056,2.0995,,,,,,,,0.0,20.75,3,77.8,38.85,,0.0,,8,,20260918
UEC,Uranium Energy Corp.,Energy,Uranium,NYSE,,8523116,5008108032,0.5969,,,,,,,,0.0,19.5,3,20.34,8.91,,0.0,,8,,20260918
ROAD,"Construction Partners, Inc.",Industrials,Engineering & Construction,NASDAQ,,879311,5370210816,4.0385,,,,,,,,0.0,19.5,3,151.0,93.42,,0.0,,8,,20260918
PTGX,"Protagonist Therapeutics, Inc.",Healthcare,Biotechnology,NASDAQ,,663358,9298580480,5.3582,,,,,,,,0.0,22.0,3,160.81,58.91,,0.0,,8,,20260918
PRIM,Primoris Services Corporation,Industrials,Engineering & Construction,NYSE,,1626396,4123017728,2.7423,,,,,,,,0.0,22.0,3,205.5,65.0,,0.0,,8,,20260918
TMNSF,Temenos AG,Technology,Software - Application,PNK,84.22,6,5819330560,0.3443,79.21,86.0,14.5526,11.08,-25.59,-9.59,-10.02,0.0,38.25,3,97.58,75.31,-13.69,0.0,,8,,20260918
COMP,"Compass, Inc.",Real Estate,Real Estate Services,NYSE,,12789304,8044915200,0.445,,,,,,,,0.0,20.75,3,13.96,6.37,,0.0,,8,,20260918
AN,"AutoNation, Inc.",Consumer Cyclical,Auto & Truck Dealerships,NYSE,,424611,5781673984,6.0138,,,,,,,,0.0,25.75,3,235.81,172.58,,0.0,,8,,20260918
TFPM,Triple Flag Precious Metals Corp.,Basic Materials,Other Precious Metals & Mining,NYSE,,614706,6771319296,0.9938,,,,,,,,0.0,25.75,3,41.7,26.61,,0.0,,8,,20260918
KUMBF,Kumba Iron Ore Limited,Basic Materials,Steel,PNK,19.77,0,6332434944,0.1383,15.03,9.65,34.2754,65.8,38.45,454.73,211.8,0.0,75.0,2,21.74,15.68,-9.06,0.0,,8,,20260918
EFGIF,EFG International AG,Financial Services,Banks - Diversified,PNK,19.5,1,5867272704,0.0514,20.67,22.2,-22.7413,-7.9,-33.34,-15.27,-19.75,0.0,0.0,4,25.12,19.5,-22.39,0.0,,8,,20260918
RADLY,Raia Drogasil S.A.,Healthcare,Pharmaceutical Retailers,PNK,3.91,156669,6836776448,0.1329,3.69,4.17,1.6555,,,,,0.0,69.5,3,5.34,3.1,-26.81,0.0,,8,,20260918
LAD,"Lithia Motors, Inc.",Consumer Cyclical,Auto & Truck Dealerships,NYSE,,288483,7071528448,12.0823,,,,,,,,0.0,22.0,3,439.49,239.78,,0.0,,8,,20260918
RSI,"Rush Street Interactive, Inc.",Consumer Cyclical,Gambling,NYSE,,2810096,5847249920,1.0512,,,,,,,,0.0,22.0,3,34.53,15.51,,0.0,,8,,20260918
DFILF,DFI Retail Group Holdings Limited,Consumer Defensive,Grocery Stores,PNK,3.65,0,4942362624,0.0022,3.61,3.95,17.7677,0.97,-41.6,34.97,-0.33,0.0,62.0,3,5.2,2.47,-29.81,0.0,,8,,20260918
ZLNDY,Zalando SE,Consumer Cyclical,Internet Retail,PNK,12.44,36101,6076259328,0.3418,14.4,13.56,-5.7487,,,,,0.0,18.25,4,17.37,10.84,-28.38,0.0,,8,,20260918
LDSCY,Land Securities Group Plc,Real Estate,REIT - Diversified,PNK,8.51,83008,6340370432,0.2039,9.31,8.4,-3.9064,-2.65,-0.5,4.95,1.14,0.0,56.25,3,9.98,6.88,-14.73,0.0,,8,,20260918
CEVMY,CTS Eventim AG & Co. KGaA,Communication Services,Entertainment,PNK,15.74,585,6043612160,0.3888,16.23,17.84,-1.2551,7.8,-30.91,-49.52,-28.68,0.0,38.25,4,25.12,12.87,-37.35,0.0,,8,,20260918
FLR,Fluor Corporation,Industrials,Engineering & Construction,NYSE,,2479419,7350408704,1.8923,,,,,,,,0.0,20.75,3,58.35,39.33,,0.0,,8,,20260918
SMBMF,Seatrium Limited,Energy,Oil & Gas Equipment & Services,PNK,1.52,1965,5167827968,0.035,1.64,1.72,-3.2857,-8.33,-29.63,-17.2,-19.33,0.0,28.75,3,2.31,1.12,-33.98,0.0,,8,,20260918
GMKKY,"Gruma, S.A.B. de C.V.",Consumer Defensive,Packaged Foods,PNK,13.45,520,4512863744,0.447,15.68,17.35,-4.986,-25.67,-44.29,-42.3,-38.84,0.0,2.5,4,19.75,13.25,-31.9,0.0,,8,,20260918
KLAR,Klarna Group plc,Financial Services,Credit Services,NYSE,,5703400,5285491200,0.4912,,,,,,,,0.0,19.5,3,45.98,12.06,,0.0,,8,,20260918
IMCDY,IMCD N.V.,Basic Materials,Specialty Chemicals,PNK,55.23,68828,6520766464,0.9927,54.62,49.97,0.6178,,,,,0.0,85.0,2,61.56,39.76,-10.28,0.0,,8,,20260918
AXTA,Axalta Coating Systems Ltd.,Basic Materials,Specialty Chemicals,NYSE,,1708600,6983472640,0.7677,,,,,,,,0.0,18.25,3,38.61,24.94,,0.0,,8,,20260918
URBN,"Urban Outfitters, Inc.",Consumer Cyclical,Apparel Retail,NASDAQ,,1163403,6496467968,2.5162,,,,,,,,0.0,25.75,3,85.43,59.54,,0.0,,8,,20260918
MHK,"Mohawk Industries, Inc.",Consumer Cyclical,"Furnishings, Fixtures & Appliances",NYSE,,910430,8696900608,3.6215,,,,,,,,0.0,20.75,3,140.3,92.99,,0.0,,8,,20260918
FNB,F.N.B. Corporation,Financial Services,Banks - Regional,NYSE,,4673443,6421589504,0.3321,,,,,,,,0.0,22.0,3,19.59,14.46,,0.0,,8,,20260918
GTX,Garrett Motion Inc.,Consumer Cyclical,Auto Parts,NASDAQ,,2641966,4915570176,0.7915,,,,,,,,0.0,27.0,3,36.25,12.26,,0.0,,8,,20260918
MGHTF,Mercury NZ Limited,Utilities,Utilities - Renewable,PNK,4.37,0,6227428352,0.0063,4.23,3.95,21.7001,3.29,-0.18,4.81,2.68,0.0,75.0,2,4.37,2.02,-0.0,0.0,,8,,20260918
UGP,Ultrapar Participações S.A.,Energy,Oil & Gas Refining & Marketing,NYSE,,3607927,8077399552,0.1892,,,,,,,,0.0,28.25,3,7.63,3.6,,0.0,,8,,20260918
DLKGF,Delek Group Ltd.,Energy,Oil & Gas E&P,PNK,28.15,35,5111156736,1.4181,69.47,244.55,-29.1406,-91.4,-104.35,-103.28,-100.68,0.0,0.0,4,381.31,26.31,-92.62,0.0,,8,,20260918
GTES,Gates Industrial Corporation Ltd.,Industrials,Specialty Industrial Machinery,NYSE,,1973716,6523705856,0.7977,,,,,,,,0.0,20.75,3,30.34,20.88,,0.0,,8,,20260918
GGPSF,Greatland Resources Limited,Basic Materials,Gold,PNK,7.7,2508,5194938880,0.4007,8.1,4.45,-1.0016,-23.37,4580.93,11194.67,6075.35,0.0,43.25,3,10.99,0.23,-29.94,0.0,,8,,20260918
WWNTY,Want Want China Holdings Limited,Consumer Defensive,Packaged Foods,PNK,21.23,4,4963390464,0.0278,20.73,25.96,17.839,-14.5,-40.23,-54.44,-39.48,0.0,25.0,3,37.77,18.02,-43.79,0.0,,8,,20260918
GBCI,"Glacier Bancorp, Inc.",Financial Services,Banks - Regional,NYSE,,1160803,5822636032,1.0008,,,,,,,,0.0,19.5,3,54.58,39.9,,0.0,,8,,20260918
SQNNY,"Square Enix Holdings Co., Ltd.",Communication Services,Electronic Gaming & Multimedia,PNK,9.85,592,7105308160,0.232,8.78,8.52,4.6034,33.17,8.37,-36.67,-3.44,0.0,81.25,2,12.7,6.75,-22.44,0.0,,8,,20260918
OMF,"OneMain Holdings, Inc.",Financial Services,Credit Services,NYSE,,1017885,7010627072,1.3708,,,,,,,,0.0,22.0,3,71.93,45.78,,0.0,,8,,20260918
DBX,"Dropbox, Inc.",Technology,Software - Infrastructure,NASDAQ,,3973638,8178017280,1.057,,,,,,,,0.0,28.25,3,38.17,21.7,,0.0,,8,,20260918
EXP,Eagle Materials Inc.,Basic Materials,Building Materials,NYSE,,443827,5452232192,4.877,,,,,,,,0.0,19.5,3,245.53,171.99,,0.0,,8,,20260918
PNDRY,Pandora A/S,Consumer Cyclical,Luxury Goods,PNK,15.41,28141,9221422080,0.304,15.5,12.02,-0.2856,,,,,0.0,75.75,3,17.46,8.25,-11.74,0.0,,8,,20260918
INGM,Ingram Micro Holding Corporation,Technology,Information Technology Services,NYSE,,1387948,6252402688,0.9608,,,,,,,,0.0,23.25,3,31.69,19.03,,0.0,,8,,20260918
BSDGY,Bosideng International Holdings Limited,Consumer Cyclical,Apparel Manufacturing,PNK,26.93,47,6282021888,0.202,28.39,27.09,-7.2169,10.01,-4.24,-20.98,-7.37,0.0,37.0,4,33.25,22.98,-19.01,0.0,,8,,20260918
SSRM,SSR Mining Inc.,Basic Materials,Gold,NASDAQ,,3044556,7499764736,1.3415,,,,,,,,0.0,22.0,3,39.44,18.19,,0.0,,8,,20260918
TKCOF,"Toho Co., Ltd.",Communication Services,Entertainment,PNK,10.25,27,8526475264,0.4079,0.85,-0.55,23.0505,-632.39,-555.77,1003.07,48.61,0.0,62.0,3,12.93,7.34,-20.7,0.0,,8,,20260918
RYN,Rayonier Inc.,Real Estate,REIT - Specialty,NYSE,,2952708,5984990720,0.4676,,,,,,,,0.0,22.0,3,27.06,19.49,,0.0,,8,,20260918
BTG,B2Gold Corp.,Basic Materials,Gold,NYSE,,25254732,7133782016,0.1942,,,,,,,,0.0,24.5,3,6.29,3.57,,0.0,,8,,20260918
KTWIY,Kurita Water Industries Ltd.,Industrials,Pollution & Treatment Controls,PNK,93.6,261,5040207360,1.5887,105.73,93.6,-7.6375,-6.31,2499.25,2499.25,1872.86,0.0,27.5,3,122.41,3.58,-23.54,0.0,,8,,20260918
CPB,The Campbell's Company,Consumer Defensive,Packaged Foods,NASDAQ,,8010503,6316008448,0.6969,,,,,,,,0.0,25.75,3,34.17,19.56,,0.0,,8,,20260918
VSNT,"Versant Media Group, Inc.",Communication Services,Entertainment,NASDAQ,,1824091,5056049152,1.1942,,,,,,,,0.0,24.5,3,59.0,27.17,,0.0,,8,,20260918
ALKS,Alkermes plc,Healthcare,Drug Manufacturers - Specialty & Generic,NASDAQ,,1904579,7836221952,1.3246,,,,,,,,0.0,24.5,3,55.67,26.99,,0.0,,8,,20260918
DSGX,The Descartes Systems Group Inc.,Technology,Software - Application,NASDAQ,,602458,6812231168,3.3169,,,,,,,,0.0,24.5,3,104.44,62.56,,0.0,,8,,20260918
KTWIF,Kurita Water Industries Ltd.,Industrials,Pollution & Treatment Controls,PNK,48.1,33,5180213248,0.3432,52.09,49.35,-11.6311,,,,,0.0,12.0,4,60.37,32.89,-20.32,0.0,,8,,20260918
MONOY,"MonotaRO Co., Ltd.",Consumer Cyclical,Internet Retail,PNK,12.67,70495,6229599744,0.3217,11.97,12.53,2.1776,,,,,0.0,85.0,3,16.76,10.26,-24.4,0.0,,8,,20260918
NNCHY,Nissan Chemical Corporation,Basic Materials,Chemicals,PNK,50.26,93,6704061440,0.3139,48.16,42.02,6.6791,14.37,21.56,16.11,17.58,0.0,75.0,2,52.0,31.68,-3.35,0.0,,8,,20260918
SATLF,"ZOZO, Inc.",Consumer Cyclical,Internet Retail,PNK,6.57,12,5719127552,0.0084,6.83,-1.51,-31.3747,-8.87,-164.9,-75.99,-90.33,0.0,37.0,3,10.08,6.52,-34.83,0.0,,8,,20260918
EDNMY,Edenred SE,Financial Services,Credit Services,PNK,16.55,12077,4925489152,0.4433,16.16,12.11,0.8788,37.16,57.34,38.63,44.81,0.0,86.25,2,17.8,8.6,-7.02,0.0,,8,,20260918
BSDGF,Bosideng International Holdings Limited,Consumer Cyclical,Apparel Manufacturing,PNK,0.54,3466,6263360000,0.0353,0.58,0.55,-1.1821,6.42,-6.24,-18.61,-8.02,0.0,49.5,4,0.69,0.42,-21.95,0.0,,8,,20260918
AUGO,Aura Minerals Inc.,Basic Materials,Gold,NASDAQ,,1022646,7437166080,4.1454,,,,,,,,0.0,25.75,3,110.32,29.11,,0.0,,8,,20260918
DELKY,Delek Group Ltd.,Energy,Oil & Gas E&P,PNK,29.61,788,5376247296,0.475,27.21,28.3,5.0628,-2.77,-18.78,32.47,5.72,0.0,80.0,3,54.0,22.51,-45.17,0.0,,8,,20260918
PCCWY,PCCW Limited,Communication Services,Telecom Services,PNK,6.75,253,5229739520,0.1148,6.9,6.94,-1.3146,-5.95,-17.31,-10.5,-11.75,0.0,26.5,4,8.31,6.37,-18.77,0.0,,8,,20260918
SCOTF,Scout24 SE,Communication Services,Internet Content & Information,PNK,85.0,0,5919419904,0.0031,85.0,99.05,0.0,1.04,-38.0,-46.82,-31.77,0.0,50.0,3,126.25,83.09,-32.67,0.0,,8,,20260918
SFGYY,Sony Financial Group Inc.,Financial Services,Insurance - Life,PNK,5.21,152140,6990200832,0.1981,4.9,4.76,1.5683,,,,,0.0,95.0,2,5.69,4.05,-8.44,0.0,,8,,20260918
PHJMF,PT Hanjaya Mandala Sampoerna Tbk,Consumer Defensive,Tobacco,PNK,0.04,42711,4652723200,0.0013,0.04,0.05,-1.9755,-34.09,-46.34,-15.36,-30.88,0.0,0.0,4,0.08,0.03,-50.0,0.0,,8,,20260918
LB,LandBridge Company LLC,Energy,Oil & Gas E&P,NYSE,,328306,6623949312,2.9563,,,,,,,,0.0,23.25,3,91.69,43.75,,0.0,,8,,20260918
FSV,FirstService Corporation,Real Estate,Real Estate Services,NASDAQ,,206061,5788427776,3.5542,,,,,,,,0.0,20.75,3,204.54,119.41,,0.0,,8,,20260918
MTHRY,"M3, Inc.",Healthcare,Health Information Services,PNK,5.55,142882,7392112640,0.2888,5.52,5.51,0.0993,12.68,-7.75,-46.02,-17.95,0.0,86.25,2,8.85,3.97,-37.32,0.0,,8,,20260918
PCTY,Paylocity Holding Corporation,Technology,Software - Application,NASDAQ,,739804,7758519808,4.3166,,,,,,,,0.0,24.5,3,169.56,92.99,,0.0,,8,,20260918
LW,"Lamb Weston Holdings, Inc.",Consumer Defensive,Packaged Foods,NYSE,,1608253,6387467264,1.3575,,,,,,,,0.0,23.25,3,67.07,37.62,,0.0,,8,,20260918
CTXAY,Ampol Limited,Energy,Oil & Gas Refining & Marketing,PNK,61.37,4917,7312299520,1.1931,54.28,45.53,5.9428,34.04,32.93,48.19,39.31,0.0,81.25,2,63.0,37.3,-2.59,0.0,,8,,20260918
SOMMY,"Sumitomo Chemical Company, Limited",Basic Materials,Chemicals,PNK,17.96,525,5933525504,0.3219,16.93,16.47,3.1858,4.89,3.92,-5.64,0.34,0.0,78.75,2,20.6,13.83,-12.82,0.0,,8,,20260918
LNNGY,Li Ning Company Limited,Consumer Cyclical,Leisure,PNK,40.28,19619,4164651776,1.9523,44.13,55.71,-1.9715,,,,,0.0,21.25,4,74.18,38.74,-45.7,0.0,,8,,20260918
TTAN,"ServiceTitan, Inc.",Technology,Software - Application,NASDAQ,,2176180,5233383936,4.3035,,,,,,,,0.0,20.75,3,119.6,53.8,,0.0,,8,,20260918
GLAPF,Glanbia plc,Consumer Defensive,Packaged Foods,PNK,25.3,564,6114788864,0.2495,26.88,22.18,-6.3298,-5.28,16.69,37.51,19.53,0.0,50.0,3,28.81,15.99,-12.18,0.0,,8,,20260918
GATX,GATX Corporation,Industrials,Rental & Leasing Services,NYSE,,225577,6365148160,3.9586,,,,,,,,0.0,24.5,3,205.56,150.42,,0.0,,8,,20260918
OSCR,"Oscar Health, Inc.",Healthcare,Healthcare Plans,NYSE,,5440693,9870467072,1.7692,,,,,,,,0.0,24.5,3,34.48,10.69,,0.0,,8,,20260918
RYTM,"Rhythm Pharmaceuticals, Inc.",Healthcare,Biotechnology,NASDAQ,,719780,6792135680,4.2649,,,,,,,,0.0,23.25,3,122.2,74.5,,0.0,,8,,20260918
VNO,Vornado Realty Trust,Real Estate,REIT - Office,NYSE,,1493062,7130857984,1.03,,,,,,,,0.0,20.75,3,42.26,24.57,,0.0,,8,,20260918
MIRM,"Mirum Pharmaceuticals, Inc.",Healthcare,Biotechnology,NASDAQ,,753920,6416600576,3.6795,,,,,,,,0.0,25.75,3,130.0,63.23,,0.0,,8,,20260918
GIGNF,Genting Singapore Limited,Consumer Cyclical,Resorts & Casinos,PNK,0.52,0,6273094144,0.0005,0.51,0.5,21.7089,2.42,-0.47,-23.45,-8.94,0.0,75.0,2,0.61,0.44,-14.75,0.0,,8,,20260918
DFYFF,Definity Financial Corporation,Financial Services,Insurance - Property & Casualty,PNK,51.01,1794,6127106560,0.2298,54.41,51.26,-14.8085,7.49,-10.44,-17.08,-8.61,0.0,37.0,3,57.26,45.54,-10.91,0.0,,8,,20260918
SCCTY,Scout24 SE,Communication Services,Internet Content & Information,PNK,42.35,21488,5990452736,1.4353,43.88,44.86,-1.0684,,,,,0.0,55.25,4,70.1,40.4,-39.59,0.0,,8,,20260918
MDA,MDA Space Ltd.,Industrials,Aerospace & Defense,NYSE,,1523232,4928348160,1.1569,,,,,,,,0.0,22.0,3,49.37,23.23,,0.0,,8,,20260918
PACS,"PACS Group, Inc.",Healthcare,Medical Care Facilities,NYSE,,871554,6656936448,1.6608,,,,,,,,0.0,20.75,3,49.49,10.31,,0.0,,8,,20260918
ACT,"Enact Holdings, Inc.",Financial Services,Insurance - Specialty,NASDAQ,,377659,6665207808,0.9343,,,,,,,,0.0,23.25,3,50.56,34.64,,0.0,,8,,20260918
UBSI,"United Bankshares, Inc.",Financial Services,Banks - Regional,NASDAQ,,984504,6404715520,0.7729,,,,,,,,0.0,23.25,3,49.62,34.1,,0.0,,8,,20260918
EDNMF,Edenred SE,Financial Services,Credit Services,PNK,25.2,0,4778869760,0.0007,25.2,23.12,0.0,-0.75,1.85,-32.6,-12.58,0.0,62.0,3,48.6,20.6,-48.15,0.0,,8,,20260918
SKSUF,"Sekisui Chemical Co., Ltd.",Industrials,Conglomerates,PNK,15.7,35,6339674624,0.3742,15.53,-1.31,0.4413,6.12,-171.55,-60.51,-82.72,0.0,76.25,2,19.69,14.69,-20.26,0.0,,8,,20260918
TGTX,"TG Therapeutics, Inc.",Healthcare,Biotechnology,NCM,,2290882,8643809280,2.3452,,,,,,,,0.0,24.5,3,59.3,26.76,,0.0,,8,,20260918
MSM,"MSC Industrial Direct Co., Inc.",Industrials,Industrial Distribution,NYSE,,714950,6799845376,2.8138,,,,,,,,0.0,22.0,3,130.46,78.8,,0.0,,8,,20260918
AZIHF,Azimut Holding S.p.A.,Financial Services,Asset Management,PNK,46.2,628,6500748800,1.0682,43.7,41.58,2.3388,7.29,7.71,12.47,9.51,0.0,80.0,2,47.99,35.3,-3.73,0.0,,8,,20260918
CHDN,Churchill Downs Incorporated,Consumer Cyclical,Gambling,NASDAQ,,1021970,5730754048,2.8554,,,,,,,,0.0,19.5,3,118.35,79.4,,0.0,,8,,20260918
SGHDY,"SG Holdings Co.,Ltd.",Industrials,Integrated Freight & Logistics,PNK,9.65,16,5758517248,0.0005,9.65,9.45,0.0,3.23,-9.1,-25.04,-12.39,0.0,75.0,3,11.22,8.93,-14.01,0.0,,8,,20260918
SKHCF,Sonic Healthcare Limited,Healthcare,Diagnostics & Research,PNK,13.65,45,7228962816,0.0675,13.72,13.57,-1.0241,5.84,-18.07,-12.22,-9.75,0.0,62.0,3,16.1,12.0,-15.22,0.0,,8,,20260918
ACA,"Arcosa, Inc.",Industrials,Engineering & Construction,NYSE,,826820,7142584832,0.2785,,,,,,,,0.0,22.0,3,146.92,89.03,,0.0,,8,,20260918
NBCLF,"Nitto Boseki Co., Ltd.",Consumer Cyclical,Textile Manufacturing,PNK,17.82,4308,3466131456,1.4879,19.7,17.82,-1.2626,,,,,0.0,36.25,3,40.4,13.2,-55.89,0.0,,8,,20260918
GRGDF,Groupe Dynamite Inc.,Consumer Cyclical,Apparel Retail,PNK,36.0,7693,3916520704,0.9754,40.77,52.57,-4.8871,,,,,0.0,27.5,4,70.53,32.22,-48.96,0.0,,8,,20260918
WH,"Wyndham Hotels & Resorts, Inc.",Consumer Cyclical,Lodging,NYSE,,1319940,5133182976,1.9122,,,,,,,,0.0,18.25,3,90.35,67.41,,0.0,,8,,20260918
ETSY,"Etsy, Inc.",Consumer Cyclical,Internet Retail,NYSE,,2949698,6639491072,2.9802,,,,,,,,0.0,19.5,3,87.97,44.0,,0.0,,8,,20260918
MRCY,"Mercury Systems, Inc.",Industrials,Aerospace & Defense,NASDAQ,,750735,5182532096,3.7131,,,,,,,,0.0,20.75,3,128.45,65.04,,0.0,,8,,20260918
TAL,TAL Education Group,Consumer Defensive,Education & Training Services,NYSE,,4855287,6490004480,0.3938,,,,,,,,0.0,25.75,3,13.37,8.88,,0.0,,8,,20260918
OUT,OUTFRONT Media Inc.,Real Estate,REIT - Specialty,NYSE,,1745606,4907128320,0.6004,,,,,,,,0.0,19.5,3,34.96,16.97,,0.0,,8,,20260918
VOPKY,Koninklijke Vopak N.V.,Energy,Oil & Gas Midstream,PNK,55.58,51,6333964288,0.3201,54.38,50.2,3.7372,5.11,-10.52,1.16,-1.94,0.0,75.0,2,57.92,42.45,-4.04,0.0,,8,,20260918
SLFPY,Aberdeen Group Plc,Financial Services,Asset Management,PNK,12.96,43,5964017152,0.08,13.22,11.64,-3.2976,2.63,9.04,20.45,12.0,0.0,62.0,3,13.6,10.03,-4.71,0.0,,8,,20260918
RKWBF,Rockwool A/S,Industrials,Building Products & Equipment,PNK,33.5,26,6943184384,0.114,31.06,28.89,21.36,3.28,21.48,-10.07,4.31,0.0,75.0,2,39.22,27.49,-14.58,0.0,,8,,20260918
SMBMY,Seatrium Limited,Energy,Oil & Gas Equipment & Services,PNK,15.41,22,5221505024,0.0345,15.56,15.99,-4.2858,1.97,-9.93,-28.13,-14.24,0.0,49.0,4,20.68,15.0,-25.51,0.0,,8,,20260918
ZLDSF,Zalando SE,Consumer Cyclical,Internet Retail,PNK,26.4,8,6447477760,0.0092,26.15,27.88,27.1844,0.78,-26.45,-24.67,-18.93,0.0,62.0,3,31.01,22.73,-14.87,0.0,,8,,20260918
CAR,"Avis Budget Group, Inc.",Industrials,Rental & Leasing Services,NASDAQ,,504659,4070939648,5.6885,,,,,,,,0.0,20.75,3,847.7,85.96,,0.0,,8,,20260918
BYD,Boyd Gaming Corporation,Consumer Cyclical,Resorts & Casinos,NYSE,,922577,5394664448,1.5519,,,,,,,,0.0,17.0,3,91.41,74.23,,0.0,,8,,20260918
EAT,"Brinker International, Inc.",Consumer Cyclical,Restaurants,NYSE,,1063209,8334624768,8.6015,,,,,,,,0.0,22.0,3,254.99,100.3,,0.0,,8,,20260918
ONEXF,Onex Corporation,Financial Services,Asset Management,PNK,78.08,10216,5956448256,1.4286,79.22,79.04,-0.7959,,,,,0.0,56.5,3,92.45,69.26,-15.54,0.0,,8,,20260918
TFX,Teleflex Incorporated,Healthcare,Medical Instruments & Supplies,NYSE,,552561,5321549312,4.5123,,,,,,,,0.0,22.0,3,145.0,100.18,,0.0,,8,,20260918
WKCMF,Wacker Chemie AG,Basic Materials,Specialty Chemicals,PNK,99.31,48,4933520384,1.0733,105.95,98.93,-6.1841,-10.94,-3.46,17.06,2.88,0.0,26.25,3,122.41,73.13,-18.87,0.0,,8,,20260918
HLPPF,Hang Lung Properties Limited,Real Estate,Real Estate Services,PNK,0.93,6,6139637248,0.0038,1.04,1.12,-30.4417,-19.79,-32.05,-24.0,-25.77,0.0,0.0,4,1.2,0.91,-22.75,0.0,,8,,20260918
KIROY,Kumba Iron Ore Limited,Basic Materials,Steel,PNK,4.7,66261,4516755456,0.2103,5.2,6.14,-2.3832,,,,,0.0,11.25,4,8.47,4.61,-44.51,0.0,,8,,20260918
WAWIF,Wallenius Wilhelmsen ASA,Industrials,Marine Shipping,PNK,17.5,104,7400244736,0.0734,15.49,12.75,27.364,28.48,32.05,75.11,48.38,0.0,75.0,2,17.5,7.29,0.0,0.0,,8,,20260918
SNDR,"Schneider National, Inc.",Industrials,Trucking,NYSE,,805103,5707797504,1.0082,,,,,,,,0.0,23.25,3,39.27,20.11,,0.0,,8,,20260918
SFRRF,Sandfire Resources Limited,Basic Materials,Copper,PNK,15.47,71,7239257088,0.1396,14.8,12.79,4.7643,30.96,18.48,76.22,44.7,0.0,76.25,2,16.5,8.25,-6.24,0.0,,8,,20260918
PREKF,PrairieSky Royalty Ltd.,Energy,Oil & Gas E&P,PNK,25.63,58529,5957514240,0.5977,25.17,22.89,0.7749,,,,,0.0,88.75,2,28.07,17.09,-8.69,0.0,,8,,20260918
LOAR,Loar Holdings Inc.,Industrials,Aerospace & Defense,NYSE,,697491,6022295040,2.2295,,,,,,,,0.0,19.5,3,83.43,53.15,,0.0,,8,,20260918
CHE,Chemed Corporation,Healthcare,Medical Care Facilities,NYSE,,167504,6613008384,13.1515,,,,,,,,0.0,24.5,3,557.0,365.21,,0.0,,8,,20260918
APPF,"AppFolio, Inc.",Technology,Software - Application,NASDAQ,,389306,7782352896,7.8024,,,,,,,,0.0,29.5,3,285.61,142.56,,0.0,,8,,20260918
VOPKF,Koninklijke Vopak N.V.,Energy,Oil & Gas Midstream,PNK,54.71,941,6234817536,0.0219,54.46,51.27,11.1999,1.99,-15.92,-1.76,-5.78,0.0,75.0,2,56.35,42.85,-2.91,0.0,,8,,20260918
XYIGY,Xinyi Glass Holdings Limited,Basic Materials,Building Materials,PNK,23.2,103,5135813632,0.1224,22.68,23.25,4.2131,-0.48,-19.24,-8.89,-10.41,0.0,62.0,3,29.99,20.0,-22.64,0.0,,8,,20260918
TOITF,Topicus.com Inc.,Technology,Software - Infrastructure,PNK,64.18,29990,13694131200,2.3507,70.43,73.71,-2.6589,,,,,0.0,33.75,4,119.26,60.5,-46.18,0.0,,8,,20260918
PUTKF,PT United Tractors Tbk,Basic Materials,Other Industrial Metals & Mining,PNK,1.6,0,5588950016,0.0,1.6,1.62,0.0,-0.75,-13.94,3.39,-3.71,0.0,49.0,3,1.82,1.4,-12.09,0.0,,8,,20260918
MTHRF,"M3, Inc.",Healthcare,Health Information Services,PNK,10.36,100,6905035776,0.0201,9.51,10.92,42.4091,20.42,-18.8,-40.1,-17.51,0.0,62.0,3,15.25,8.55,-32.05,0.0,,8,,20260918
CZR,"Caesars Entertainment, Inc.",Consumer Cyclical,Resorts & Casinos,NASDAQ,,3798666,6046074368,0.0762,,,,,,,,0.0,19.5,3,30.88,17.86,,0.0,,8,,20260918
CDEVY,City Developments Limited,Real Estate,Real Estate - Development,PNK,6.09,1640,5440816640,0.1556,6.09,6.35,-0.0063,-6.2,-23.99,8.33,-6.61,0.0,52.75,3,8.2,4.96,-25.73,0.0,,8,,20260918
MAC,The Macerich Company,Real Estate,REIT - Retail,NYSE,,3490619,6652934656,0.6071,,,,,,,,0.0,14.5,3,26.68,16.03,,0.0,,8,,20260918
TKMCY,TKMS AG & Co KGaA,Unknown,Unknown,PNK,9.3,717,0,0.6796,9.3,9.3,0.0,-0.99,-0.99,-0.99,-0.99,0.0,63.32,3,12.71,8.31,-26.83,0.0,,8,,20260918
NJR,New Jersey Resources Corporation,Utilities,Utilities - Regulated Gas,NYSE,,678603,5396276736,0.89,,,,,,,,0.0,17.0,3,60.86,43.46,,0.0,,8,,20260918
RRR,"Red Rock Resorts, Inc.",Consumer Cyclical,Resorts & Casinos,NASDAQ,,773825,5383932416,1.5676,,,,,,,,0.0,15.75,3,68.99,50.52,,0.0,,8,,20260918
MNTHY,Minth Group Limited,Consumer Cyclical,Auto Parts,PNK,59.91,2388,3508967424,1.9657,68.95,83.43,-4.599,-22.74,-48.17,-37.43,-37.52,0.0,8.75,4,118.24,59.91,-49.33,0.0,,8,,20260918
FLG,"Flagstar Bank, National Association",Financial Services,Banks - Regional,NYSE,,4574635,5255075328,0.2738,,,,,,,,0.0,17.0,3,15.44,10.57,,0.0,,8,,20260918
IBP,"Installed Building Products, Inc.",Consumer Cyclical,Residential Construction,NYSE,,401419,5290585088,10.1724,,,,,,,,0.0,20.75,3,349.0,193.11,,0.0,,8,,20260918
ASAAF,AT & S Austria Technologie & Systemtechnik Aktiengesellschaft,Technology,Electronic Components,PNK,168.63,111,6551275520,2.5708,187.73,107.89,-7.43,-26.79,364.02,1231.53,613.32,0.0,25.0,3,261.24,12.52,-35.45,0.0,,8,,20260918
MRUWY,"Maruwa Co.,Ltd.",Technology,Electronic Components,PNK,14.16,43584,174732224,0.5927,14.02,14.16,0.2294,,,,,0.0,74.5,3,18.41,11.86,-23.07,0.0,,8,,20260918
SRRK,Scholar Rock Holding Corporation,Healthcare,Biotechnology,NASDAQ,,1487843,5969914368,2.699,,,,,,,,0.0,20.75,3,61.76,27.07,,0.0,,8,,20260918
POR,Portland General Electric Company,Utilities,Utilities - Regulated Electric,NYSE,,1107637,5652228096,0.7762,,,,,,,,0.0,22.0,3,54.62,42.05,,0.0,,8,,20260918
NXST,"Nexstar Media Group, Inc.",Communication Services,Broadcasting,NASDAQ,,387908,5001419264,6.2069,,,,,,,,0.0,19.5,3,254.3,154.47,,0.0,,8,,20260918
PCWLF,PCCW Limited,Communication Services,Telecom Services,PNK,0.7,1079,5423433728,0.0224,0.69,0.7,0.4309,,,,,0.0,68.25,3,0.81,0.63,-13.58,0.0,,8,,20260918
ENIC,Enel Chile S.A.,Utilities,Utilities - Renewable,NYSE,,585772,5975990784,0.0997,,,,,,,,0.0,18.25,3,4.74,3.62,,0.0,,8,,20260918
PSN,Parsons Corporation,Technology,Information Technology Services,NYSE,,1407893,4931204608,1.5069,,,,,,,,0.0,24.5,3,89.5,36.26,,0.0,,8,,20260918
CE,Celanese Corporation,Basic Materials,Chemicals,NYSE,,1805369,5137347584,1.7715,,,,,,,,0.0,20.75,3,70.7,35.13,,0.0,,8,,20260918
SFGRF,Sony Financial Group Inc.,Financial Services,Insurance - Life,PNK,0.96,392,6413274112,0.0188,0.96,-0.73,-0.1913,8.7,-148.84,-143.13,-107.17,0.0,63.25,3,1.11,0.63,-13.87,0.0,,8,,20260918
PEGA,Pegasystems Inc.,Technology,Software - Application,NASDAQ,,2700551,5930086400,1.3477,,,,,,,,0.0,28.25,3,68.1,25.1,,0.0,,8,,20260918
PIPR,Piper Sandler Companies,Financial Services,Capital Markets,NYSE,,603843,5094620672,2.1731,,,,,,,,0.0,20.75,3,95.06,68.7,,0.0,,8,,20260918
TMSNY,Temenos AG,Technology,Software - Application,PNK,81.22,1729,5519631360,2.1909,86.87,89.35,-2.5787,,,,,0.0,52.0,4,107.27,74.88,-24.28,0.0,,8,,20260918
KMX,"CarMax, Inc.",Consumer Cyclical,Auto & Truck Dealerships,NYSE,,2411624,8284770304,1.55,,,,,,,,0.0,24.5,3,65.28,30.26,,0.0,,8,,20260918
DFIHY,DFI Retail Group Holdings Limited,Consumer Defensive,Grocery Stores,PNK,17.15,3,4644466176,0.0683,18.99,18.73,-26.9481,-15.56,-29.74,-12.23,-19.19,0.0,12.0,4,21.5,15.92,-20.23,0.0,,8,,20260918
PTCT,"PTC Therapeutics, Inc.",Healthcare,Biotechnology,NASDAQ,,1458400,5675334656,1.9412,,,,,,,,0.0,20.75,3,90.87,57.74,,0.0,,8,,20260918
ABCB,Ameris Bancorp,Financial Services,Banks - Regional,NYSE,,456935,5569901056,1.3785,,,,,,,,0.0,22.0,3,93.22,68.8,,0.0,,8,,20260918
HPHTF,Hamamatsu Photonics K.K.,Technology,Electronic Components,PNK,14.38,190,4152035584,0.2234,14.7,13.27,-1.4537,-12.91,8.02,13.66,5.04,0.0,37.0,3,19.0,9.15,-24.32,0.0,,8,,20260918
CACC,Credit Acceptance Corporation,Financial Services,Credit Services,NASDAQ,,141535,6175730176,13.8515,,,,,,,,0.0,24.5,3,668.86,401.9,,0.0,,8,,20260918
GLAPY,Glanbia plc,Consumer Defensive,Packaged Foods,PNK,123.07,48,5948988416,0.2998,130.51,108.26,-24.8176,-3.89,15.31,43.39,21.74,0.0,25.0,3,143.5,79.41,-14.24,0.0,,8,,20260918
GNGBY,Getinge AB (publ),Healthcare,Medical Devices,PNK,24.24,1520,6602238464,0.2172,24.38,21.93,-0.6581,16.01,9.13,-6.51,4.59,0.0,64.5,3,25.98,18.99,-6.7,0.0,,8,,20260918
RKGRY,RENK Group AG,Industrials,Aerospace & Defense,PNK,9.69,210,4844999680,0.2479,10.69,9.69,-4.0242,-13.38,-34.07,-34.07,-28.9,0.0,51.25,3,13.11,9.0,-26.09,0.0,,8,,20260918
OTEX,Open Text Corporation,Technology,Software - Application,NASDAQ,,1616759,5694820864,0.6508,,,,,,,,0.0,23.25,3,39.9,19.78,,0.0,,8,,20260918
SIGCY,SIG Group AG,Consumer Cyclical,Packaging & Containers,PNK,15.87,774,6132658688,0.2618,17.22,15.48,-5.1391,0.98,-6.1,-17.35,-8.83,0.0,52.5,3,19.11,9.73,-16.98,0.0,,8,,20260918
PATH,"UiPath, Inc.",Technology,Software - Infrastructure,NYSE,,71019424,7171098624,0.8842,,,,,,,,0.0,24.5,3,19.84,9.2,,0.0,,8,,20260918
SRTTY,"ZOZO, Inc.",Consumer Cyclical,Internet Retail,PNK,7.41,9856,6450929664,0.2107,7.1,7.18,1.4607,,,,,0.0,78.75,3,10.0,5.74,-25.9,0.0,,8,,20260918
NOVTU,Novanta Inc.,Technology,Scientific & Technical Instruments,NASDAQ,58.03,21904,0,2.2925,62.78,59.34,-2.0705,,,,,0.0,22.0,4,76.95,47.57,-24.59,0.0,,8,,20260918
NOVT,Novanta Inc.,Technology,Scientific & Technical Instruments,NASDAQ,,448337,5050563072,4.6054,,,,,,,,0.0,23.25,3,176.38,98.27,,0.0,,8,,20260918
GVA,Granite Construction Incorporated,Industrials,Engineering & Construction,NYSE,,810969,5119310848,2.9815,,,,,,,,0.0,22.0,3,162.08,97.26,,0.0,,8,,20260918
MSSMY,MISUMI Group Inc.,Industrials,Tools & Accessories,PNK,11.01,388,5763362304,0.1241,11.52,10.08,-4.0858,,,,,0.0,37.0,3,13.0,6.64,-15.31,0.0,,8,,20260918
BLCO,Bausch + Lomb Corporation,Healthcare,Medical Instruments & Supplies,NYSE,,402864,5989661184,0.4651,,,,,,,,0.0,19.5,3,18.91,13.77,,0.0,,8,,20260918
AMTM,"Amentum Holdings, Inc.",Industrials,Specialty Business Services,NYSE,,2099956,4936584704,0.5556,,,,,,,,0.0,24.5,3,38.11,19.21,,0.0,,8,,20260918
ESTC,Elastic N.V.,Technology,Software - Application,NYSE,,2333393,9341074432,4.5392,,,,,,,,0.0,20.75,3,108.0,42.05,,0.0,,8,,20260918
CGON,"CG Oncology, Inc.",Healthcare,Biotechnology,NASDAQ,,944116,6702985728,2.907,,,,,,,,0.0,24.5,3,80.97,35.64,,0.0,,8,,20260918
IFS,Intercorp Financial Services Inc.,Financial Services,Banks - Regional,NYSE,,241691,6077393408,1.0677,,,,,,,,0.0,23.25,3,61.38,38.29,,0.0,,8,,20260918
HPHTY,Hamamatsu Photonics K.K.,Technology,Electronic Components,PNK,7.65,320,4215557888,0.1168,7.22,6.59,3.6754,,,,,0.0,50.0,2,9.56,4.93,-20.02,0.0,,8,,20260918
BKH,Black Hills Corporation,Utilities,Utilities - Regulated Gas,NYSE,,804440,5438374400,1.2708,,,,,,,,0.0,25.75,3,78.69,58.1,,0.0,,8,,20260918
RMSYF,Ramsay Health Care Limited,Healthcare,Medical Care Facilities,PNK,36.62,11,5770745344,0.2151,31.51,25.74,23.7535,48.05,33.47,39.88,39.68,0.0,75.0,2,36.62,20.0,-0.0,0.0,,8,,20260918
JBHIF,JB Hi-Fi Limited,Consumer Cyclical,Specialty Retail,PNK,57.93,29,6333717504,0.135,54.25,56.03,27.2813,17.3,-12.57,-32.36,-13.02,0.0,75.0,3,81.23,50.17,-28.68,0.0,,8,,20260918
RNKGF,RENK Group AG,Industrials,Aerospace & Defense,PNK,49.98,246,5090417152,0.4585,53.86,59.48,-8.4538,-10.52,-35.62,-54.44,-36.87,0.0,26.25,4,104.2,46.43,-52.03,0.0,,8,,20260918
EMLZF,Emmi AG,Consumer Defensive,Packaged Foods,PNK,1003.19,1,5366876160,4.4948,1070.69,1005.39,-15.0176,-9.49,-7.63,-14.0,-10.64,0.0,12.0,4,1099.16,856.9,-8.73,0.0,,8,,20260918
USAR,"USA Rare Earth, Inc.",Basic Materials,Other Industrial Metals & Mining,NASDAQ,,12238429,5867388416,0.9152,,,,,,,,0.0,20.75,3,43.98,11.45,,0.0,,8,,20260918
CPA,"Copa Holdings, S.A.",Industrials,Airlines,NYSE,,288925,5349385728,3.0744,,,,,,,,0.0,20.75,3,160.47,107.44,,0.0,,8,,20260918
SLFPF,Aberdeen Group Plc,Financial Services,Asset Management,PNK,3.15,741,5798349824,0.0121,3.3,2.94,-12.5258,3.55,1.95,8.66,5.03,0.0,62.0,3,3.44,2.45,-8.43,0.0,,8,,20260918
ZGN,Ermenegildo Zegna N.V.,Consumer Cyclical,Apparel Manufacturing,NYSE,,1183003,5239042560,0.4124,,,,,,,,0.0,19.5,3,15.95,8.64,,0.0,,8,,20260918
BAFBF,Balfour Beatty plc,Industrials,Engineering & Construction,PNK,11.44,153,5372214784,0.0626,11.54,10.46,-1.6651,-1.28,12.81,31.15,16.62,0.0,62.0,3,12.11,7.91,-5.53,0.0,,8,,20260918
KOF,"Coca-Cola FEMSA, S.A.B. de C.V.",Consumer Defensive,Beverages - Non-Alcoholic,NYSE,,139758,23636465664,2.0992,,,,,,,,0.0,23.25,3,117.09,80.22,,0.0,,8,,20260918
COCSF,"Coca-Cola FEMSA, S.A.B. de C.V.",Consumer Defensive,Beverages - Non-Alcoholic,PNK,11.19,1190,23518816256,0.3523,11.03,10.5,0.4715,-0.31,4.83,6.46,4.2,0.0,81.25,2,12.24,7.57,-8.54,0.0,,8,,20260918
FINN,"First National of Nebraska, Inc.",Financial Services,Banks - Regional,OID,19102.0,62,5161933312,83.7311,19235.09,17468.18,-1.5895,,,,,0.0,63.25,3,19850.0,13700.0,-3.77,0.0,,8,,20260918
MNTHF,Minth Group Limited,Consumer Cyclical,Auto Parts,PNK,2.63,449,3080816384,0.0881,3.38,3.35,-8.5217,-19.07,-43.34,-34.96,-33.92,0.0,26.25,3,5.54,2.63,-52.53,0.0,,8,,20260918
TKECF,"Tokyo Electric Power Company Holdings, Incorporated",Utilities,Utilities - Renewable,PNK,3.3,688,5288916992,0.0808,3.24,3.72,0.7669,-2.25,-29.25,-48.42,-30.17,0.0,52.5,3,6.0,2.7,-45.0,0.0,,8,,20260918
SHJBF,"Shanghai Junshi Biosciences Co., Ltd.",Healthcare,Biotechnology,PNK,3.35,0,4841863680,0.0,3.35,3.23,0.0,-0.75,-1.34,54.69,21.22,0.0,62.0,3,4.23,1.97,-20.78,0.0,,8,,20260918
COIHY,Croda International Plc,Basic Materials,Specialty Chemicals,PNK,21.33,6862,5944847872,0.3478,21.27,19.43,0.1812,,,,,0.0,83.75,2,23.81,16.68,-10.42,0.0,,8,,20260918
BRTHY,"Brother Industries, Ltd.",Industrials,Business Equipment & Supplies,PNK,60.2,96,7429694464,0.2579,54.05,44.22,23.8297,31.55,43.84,61.7,47.91,0.0,75.0,2,60.31,31.75,-0.18,0.0,,8,,20260918
ESNT,Essent Group Ltd.,Financial Services,Insurance - Specialty,NYSE,,696514,6066663424,1.2197,,,,,,,,0.0,24.5,3,70.37,55.34,,0.0,,8,,20260918
MCY,Mercury General Corporation,Financial Services,Insurance - Property & Casualty,NYSE,,302553,5568772608,2.2476,,,,,,,,0.0,22.0,3,113.06,74.29,,0.0,,8,,20260918
BYCRF,"Baycurrent, Inc.",Industrials,Consulting Services,PNK,45.65,57,6741376000,2.5865,-1.84,-5.9,18.3604,-399.53,-485.92,899.35,89.79,0.0,62.0,3,62.0,28.17,-26.37,0.0,,8,,20260918
ESAB,ESAB Corporation,Industrials,Metal Fabrication,NYSE,,754601,4144727552,2.2327,,,,,,,,0.0,17.0,3,137.42,66.18,,0.0,,8,,20260918
PECO,"Phillips Edison & Company, Inc.",Real Estate,REIT - Retail,NASDAQ,,934046,5274168832,0.6445,,,,,,,,0.0,18.25,3,44.38,32.98,,0.0,,8,,20260918
SBSNY,Vend Marketplaces ASA,Communication Services,Internet Content & Information,PNK,24.7,7927,4941887488,0.4418,25.84,26.27,-2.5863,-0.1,-15.46,-52.86,-26.58,0.0,54.0,4,45.0,18.0,-45.11,0.0,,8,,20260918
COGT,"Cogent Biosciences, Inc.",Healthcare,Biotechnology,NASDAQ,,2275240,5759293952,1.3127,,,,,,,,0.0,24.5,3,43.73,11.6,,0.0,,8,,20260918
RGLXY,RTL Group S.A.,Communication Services,Broadcasting,PNK,3.56,224,5371439616,0.0912,3.62,3.73,-0.6885,-9.47,-15.45,-17.32,-14.7,0.0,25.25,4,5.26,3.13,-32.32,0.0,,8,,20260918
MGY,Magnolia Oil & Gas Corporation,Energy,Oil & Gas E&P,NYSE,,4704003,7054169600,0.8507,,,,,,,,0.0,20.75,3,32.76,21.07,,0.0,,8,,20260918
BBRYF,Burberry Group plc,Consumer Cyclical,Luxury Goods,PNK,15.53,133,5563011072,0.0754,15.82,16.2,-3.8565,-3.69,3.41,-17.19,-6.61,0.0,24.0,4,18.37,13.34,-15.46,0.0,,8,,20260918
WILWY,Wallenius Wilhelmsen ASA,Industrials,Marine Shipping,PNK,39.0,27,8245987328,0.7572,26.99,23.2,15.8576,42.06,51.58,110.89,72.92,0.0,75.0,2,39.0,14.01,0.0,0.0,,8,,20260918
CWST,"Casella Waste Systems, Inc.",Industrials,Waste Management,NASDAQ,,611682,5645508608,2.6469,,,,,,,,0.0,23.25,3,107.96,74.05,,0.0,,8,,20260918
SYNA,Synaptics Incorporated,Technology,Semiconductors,NASDAQ,,942095,3616772608,4.1115,,,,,,,,0.0,24.5,3,149.11,58.28,,0.0,,8,,20260918
ATDRF,Autotrader Group plc,Communication Services,Internet Content & Information,PNK,6.47,147,5010944512,0.0091,6.45,6.72,1.7816,0.59,-14.98,-55.53,-27.31,0.0,62.0,3,11.25,5.79,-42.49,0.0,,8,,20260918
AVTR,"Avantor, Inc.",Healthcare,Medical Instruments & Supplies,NYSE,,9323048,10727051264,0.4379,,,,,,,,0.0,28.25,3,16.05,7.26,,0.0,,8,,20260918
ZEGLF,Zegona Communications plc,Communication Services,Telecom Services,PNK,24.5,203,5524843520,0.2042,20.58,24.5,19.1728,-1.08,1.12,1.12,0.57,0.0,51.25,3,24.75,18.95,-1.01,0.0,,8,,20260918
TKECY,"Tokyo Electric Power Company Holdings, Incorporated",Utilities,Utilities - Renewable,PNK,3.59,1658,5753700352,0.0627,3.26,3.79,5.2265,,,,,0.0,67.0,3,5.8,2.76,-38.1,0.0,,8,,20260918
SSMXY,Sysmex Corporation,Healthcare,Medical Devices,PNK,12.01,68238,7268426752,0.3866,11.08,9.6,2.4091,,,,,0.0,86.25,2,12.93,8.01,-7.12,0.0,,8,,20260918
SSMXF,Sysmex Corporation,Healthcare,Medical Devices,PNK,11.91,141,7207906816,0.1075,10.48,9.35,13.2685,33.82,32.0,-18.44,12.28,0.0,75.0,2,12.6,7.97,-5.48,0.0,,8,,20260918
IVCGF,Iveco Group N.V.,Industrials,Farm & Heavy Construction Machinery,PNK,16.11,567,4291646208,0.1247,16.04,18.98,0.623,-1.78,-39.8,-40.36,-30.52,0.0,57.5,3,23.0,15.59,-29.94,0.0,,8,,20260918
TTBXF,Tritax Big Box REIT plc,Unknown,Unknown,PNK,2.06,2274,0,0.1661,1.98,2.06,0.4676,-41.48,-41.48,-41.48,-41.48,0.0,63.25,3,2.43,1.7,-15.23,0.0,,8,,20260918
CRC,California Resources Corporation,Energy,Oil & Gas E&P,NYSE,,862467,4833578496,1.5623,,,,,,,,0.0,24.5,3,71.98,43.24,,0.0,,8,,20260918
BLTE,"Belite Bio, Inc",Healthcare,Biotechnology,NCM,,197009,6860360192,8.7078,,,,,,,,0.0,24.5,3,200.0,68.21,,0.0,,8,,20260918
MATX,"Matson, Inc.",Industrials,Marine Shipping,NYSE,,305674,7019836928,5.28,,,,,,,,0.0,23.25,3,240.87,86.97,,0.0,,8,,20260918
MTG,MGIC Investment Corporation,Financial Services,Insurance - Specialty,NYSE,,1822137,6086053888,0.57,,,,,,,,0.0,22.0,3,31.89,24.69,,0.0,,8,,20260918
KRG,Kite Realty Group Trust,Real Estate,REIT - Retail,NYSE,,2527535,5281070080,0.3669,,,,,,,,0.0,18.25,3,29.92,21.33,,0.0,,8,,20260918
CROX,"Crocs, Inc.",Consumer Cyclical,Footwear & Accessories,NASDAQ,,1042791,5897244160,3.1985,,,,,,,,0.0,19.5,3,141.28,73.21,,0.0,,8,,20260918
HWC,Hancock Whitney Corporation,Financial Services,Banks - Regional,NASDAQ,,845103,5992662016,1.4881,,,,,,,,0.0,24.5,3,80.13,54.05,,0.0,,8,,20260918
TKMTY,"Tokyo Metro Co., Ltd.",Industrials,Railroads,PNK,8.87,106,5149894144,0.0028,8.85,8.87,8.5431,5.47,-27.04,-44.31,-25.82,0.0,75.0,3,13.36,8.35,-33.61,0.0,,8,,20260918
OBDC,Blue Owl Capital Corporation,Financial Services,Asset Management,NYSE,,3700819,5597168128,0.1954,,,,,,,,0.0,20.75,3,14.03,10.52,,0.0,,8,,20260918
ARKAF,Arkema S.A.,Basic Materials,Specialty Chemicals,PNK,69.4,4,5241121792,0.0225,68.84,64.24,25.0593,0.4,-0.18,-5.98,-2.35,0.0,75.0,2,77.9,59.0,-10.91,0.0,,8,,20260918
ARKAY,Arkema S.A.,Basic Materials,Specialty Chemicals,PNK,65.16,1080,4920915456,0.8679,67.51,64.32,-2.7022,-4.28,-6.16,-15.67,-9.5,0.0,67.0,3,79.36,56.28,-17.89,0.0,,8,,20260918
NEXPF,Nexi S.p.A.,Technology,Software - Infrastructure,PNK,4.74,22,5568176128,0.0043,4.6,4.47,32.1517,0.96,29.7,-32.1,-2.21,0.0,75.0,2,5.83,3.25,-18.63,0.0,,8,,20260918
KLIC,"Kulicke and Soffa Industries, Inc.",Technology,Semiconductor Equipment & Materials,NASDAQ,,1011133,4286801152,2.7615,,,,,,,,0.0,22.0,3,135.8,35.02,,0.0,,8,,20260918
SEI,"Solaris Energy Infrastructure, Inc.",Energy,Oil & Gas Equipment & Services,NYSE,,3029012,6965356544,3.5174,,,,,,,,0.0,24.5,3,86.19,34.08,,0.0,,8,,20260918
GXO,"GXO Logistics, Inc.",Industrials,Integrated Freight & Logistics,NYSE,,1461451,5342007808,1.4801,,,,,,,,0.0,23.25,3,66.85,44.99,,0.0,,8,,20260918
GNGBF,Getinge AB (publ),Healthcare,Medical Devices,PNK,25.0,3,6809239040,0.0963,22.51,22.41,25.9135,23.93,-5.39,3.69,5.57,0.0,75.0,2,25.0,20.05,0.0,0.0,,8,,20260918
OZKAP,Bank OZK,Financial Services,Banks - Regional,NASDAQ,,31680,0,0.2865,,,,,,,,0.0,19.5,3,17.85,15.17,,0.0,,8,,20260918
OZK,Bank OZK,Financial Services,Banks - Regional,NASDAQ,,1155046,5216359424,0.8992,,,,,,,,0.0,23.25,3,53.41,42.37,,0.0,,8,,20260918
BEPC,Brookfield Renewable Corporation,Utilities,Utilities - Renewable,NYSE,,1719488,5543298048,0.7989,,,,,,,,0.0,17.0,3,45.18,29.02,,0.0,,8,,20260918
LEGN,Legend Biotech Corporation,Healthcare,Biotechnology,NASDAQ,,2502096,3419106304,0.9457,,,,,,,,0.0,18.25,3,37.5,16.24,,0.0,,8,,20260918
BTLCY,British Land Company PLC,Real Estate,REIT - Diversified,PNK,5.33,11837,5462908928,0.092,5.71,5.28,-4.1536,-4.3,-3.22,8.91,1.36,0.0,62.5,3,6.0,4.5,-11.17,0.0,,8,,20260918
M,"Macy's, Inc.",Consumer Cyclical,Department Stores,NYSE,,5617396,5651862528,0.9437,,,,,,,,0.0,24.5,3,26.59,16.41,,0.0,,8,,20260918
MUR,Murphy Oil Corporation,Energy,Oil & Gas E&P,NYSE,,1768035,5404034048,1.1977,,,,,,,,0.0,23.25,3,43.34,26.18,,0.0,,8,,20260918
TMICF,Trend Micro Incorporated,Technology,Software - Infrastructure,PNK,38.8,70,5035942400,0.1958,35.07,37.72,19.0559,12.18,4.21,-48.79,-15.0,0.0,76.25,3,58.29,33.1,-33.44,0.0,,8,,20260918
SIGIP,"Selective Insurance Group, Inc.",Financial Services,Insurance - Property & Casualty,NASDAQ,15.2,18795,0,0.2051,15.5,15.84,-1.4545,,,,,0.0,42.75,4,18.7,15.01,-18.74,0.0,,8,,20260918
SIGI,"Selective Insurance Group, Inc.",Financial Services,Insurance - Property & Casualty,NASDAQ,,514853,5192352256,1.8077,,,,,,,,0.0,20.75,3,100.4,72.78,,0.0,,8,,20260918
BXSL,Blackstone Secured Lending Fund,Financial Services,Asset Management,NYSE,,1587617,5898802176,0.3922,,,,,,,,0.0,24.5,3,28.59,22.47,,0.0,,8,,20260918
GCHEF,"Grupo Comercial Chedraui, S.A.B. de C.V.",Consumer Defensive,Grocery Stores,PNK,5.2,398,4988051968,0.0197,5.22,5.39,-1.192,0.22,-6.05,-22.08,-10.89,0.0,49.0,3,8.15,4.85,-36.2,0.0,,8,,20260918
LQDA,Liquidia Corporation,Healthcare,Drug Manufacturers - Specialty & Generic,NCM,,1677541,6121512960,2.6477,,,,,,,,0.0,22.0,3,93.61,21.15,,0.0,,8,,20260918
HIMS,"Hims & Hers Health, Inc.",Healthcare,Drug Manufacturers - Specialty & Generic,NYSE,,13628088,6507110912,1.3195,,,,,,,,0.0,25.75,3,65.3,13.74,,0.0,,8,,20260918
G,Genpact Limited,Technology,Information Technology Services,NYSE,,2421761,5872802304,0.9958,,,,,,,,0.0,27.0,3,48.64,26.85,,0.0,,8,,20260918
TEO,Telecom Argentina S.A.,Communication Services,Telecom Services,NYSE,,339245,6034633728,0.5738,,,,,,,,0.0,22.0,3,16.34,6.43,,0.0,,8,,20260918
BURBY,Burberry Group plc,Consumer Cyclical,Luxury Goods,PNK,13.51,44200,4839425536,0.3432,14.71,15.43,-3.4824,,,,,0.0,3.75,4,18.55,13.16,-27.17,0.0,,8,,20260918
CGASY,China Resources Gas Group Limited,Utilities,Utilities - Regulated Gas,PNK,19.68,49,4435958784,0.0373,19.32,22.83,9.7227,-8.71,-35.47,-31.9,-27.35,0.0,25.0,3,26.91,16.68,-26.87,0.0,,8,,20260918
NICE,NICE Ltd.,Technology,Software - Application,NASDAQ,,535543,6151709184,3.6446,,,,,,,,0.0,25.75,3,153.68,83.1,,0.0,,8,,20260918
AUB,Atlantic Union Bankshares Corporation,Financial Services,Banks - Regional,NYSE,,1147979,5565496832,0.7962,,,,,,,,0.0,20.75,3,43.62,30.87,,0.0,,8,,20260918
VCTR,"Victory Capital Holdings, Inc.",Financial Services,Asset Management,NASDAQ,,594612,6410527744,4.1035,,,,,,,,0.0,20.75,3,123.55,57.03,,0.0,,8,,20260918
ARGTF,Artemis Gold Inc.,Basic Materials,Other Precious Metals & Mining,OQX,29.56,36693,6893119488,1.2185,27.26,26.9,1.8891,,,,,0.0,86.25,2,35.59,20.85,-16.95,0.0,,8,,20260918
BGC,"BGC Group, Inc.",Financial Services,Capital Markets,NASDAQ,,3137430,5700843520,0.3438,,,,,,,,0.0,28.25,3,12.89,8.27,,0.0,,8,,20260918
EPAM,"EPAM Systems, Inc.",Technology,Information Technology Services,NYSE,,1645335,6040835072,4.22,,,,,,,,0.0,28.25,3,222.53,73.06,,0.0,,8,,20260918
HLPPY,Hang Lung Properties Limited,Real Estate,Real Estate Services,OID,4.25,9769,4422620160,0.1095,4.56,5.17,-2.8034,-11.69,-36.87,-35.58,-30.05,0.0,3.75,4,6.52,4.13,-34.82,0.0,,8,,20260918
HOMB,"Home BancShares, Inc.",Financial Services,Banks - Regional,NYSE,,1753369,5953477120,0.4577,,,,,,,,0.0,19.5,3,31.7,25.5,,0.0,,8,,20260918
RANJF,Randstad N.V.,Industrials,Staffing & Employment Services,PNK,44.65,3,7833871872,0.3519,37.71,34.51,19.7168,39.43,8.51,-7.92,9.67,0.0,75.0,2,44.65,25.2,0.0,0.0,,8,,20260918
MC,Moelis & Company,Financial Services,Capital Markets,NYSE,,892117,4410035712,2.3119,,,,,,,,0.0,22.0,3,78.22,51.06,,0.0,,8,,20260918
WTBDY,Whitbread plc,Consumer Cyclical,Lodging,PNK,7.74,15551,5174701568,0.1008,8.11,8.14,-3.6307,,,,,0.0,55.25,4,11.06,7.42,-30.02,0.0,,8,,20260918
RANJY,Randstad N.V.,Industrials,Staffing & Employment Services,PNK,20.83,17104,7309274112,0.4598,21.28,16.78,-0.9718,,,,,0.0,70.75,3,23.45,12.46,-11.17,0.0,,8,,20260918
GLNG,Golar LNG Limited,Energy,Oil & Gas Midstream,NASDAQ,,1242467,5185506816,1.3446,,,,,,,,0.0,20.75,3,57.79,35.02,,0.0,,8,,20260918
WTM,"White Mountains Insurance Group, Ltd.",Financial Services,Insurance - Property & Casualty,NYSE,,19937,4912635904,38.2053,,,,,,,,0.0,23.25,3,2333.0,1648.0,,0.0,,8,,20260918
LNNGF,Li Ning Company Limited,Consumer Cyclical,Leisure,PNK,1.65,345,4264942848,0.04,1.76,2.21,-2.6284,-22.26,-46.21,-43.79,-39.25,0.0,0.0,4,2.85,1.65,-42.11,0.0,,8,,20260918
BLSH,Bullish,Technology,Software - Infrastructure,NYSE,,1594182,5294044160,2.139,,,,,,,,0.0,27.0,3,74.98,20.55,,0.0,,8,,20260918
BRLAF,British Land Company PLC,Real Estate,REIT - Diversified,PNK,5.32,112,5473158656,0.038,5.59,5.26,-7.1763,-5.07,-3.32,11.31,2.09,0.0,62.0,3,6.24,4.39,-14.74,0.0,,8,,20260918
RUSHB,"Rush Enterprises, Inc.",Consumer Cyclical,Auto & Truck Dealerships,NASDAQ,,137226,6653633536,2.0365,,,,,,,,0.0,22.0,3,57.38,31.81,,0.0,,8,,20260918
RUSHA,"Rush Enterprises, Inc.",Consumer Cyclical,Auto & Truck Dealerships,NASDAQ,,729612,5799166976,1.3687,,,,,,,,0.0,23.25,3,55.74,30.45,,0.0,,8,,20260918
LYFT,"Lyft, Inc.",Technology,Software - Application,NASDAQ,,11657664,5867374080,0.6339,,,,,,,,0.0,27.0,3,25.54,12.46,,0.0,,8,,20260918
PLUG,Plug Power Inc.,Industrials,Electrical Equipment & Parts,NCM,,54673001,2962053888,0.09,,,,,,,,0.0,20.75,3,4.58,1.7,,0.0,,8,,20260918
HLHLY,Holmen AB (publ),Basic Materials,Paper & Paper Products,PNK,16.18,0,4966368768,0.0021,16.18,17.01,0.0,-0.75,-20.15,37.99,7.96,0.0,49.0,3,25.0,10.9,-35.26,0.0,,8,,20260918
MARA,"MARA Holdings, Inc.",Financial Services,Capital Markets,NCM,,47843638,4496523776,0.7269,,,,,,,,0.0,24.5,3,23.45,6.66,,0.0,,8,,20260918
AUOTY,AUO Corporation,Technology,Electronic Components,PNK,9.49,71241,7162196480,0.415,8.19,6.15,3.1312,,,,,0.0,83.75,2,10.5,3.25,-9.62,0.0,,8,,20260918
BC,Brunswick Corporation,Consumer Cyclical,Recreational Vehicles,NYSE,,717661,4395209728,2.5346,,,,,,,,0.0,19.5,3,90.25,58.56,,0.0,,8,,20260918
AMDLY,"Amada Co., Ltd.",Industrials,Specialty Industrial Machinery,PNK,74.66,0,5706114048,0.0031,74.66,59.25,0.0,-0.75,45.34,46.95,34.46,0.0,62.0,3,74.66,46.0,0.0,0.0,,8,,20260918
EUTLF,Eutelsat Communications S.A.,Communication Services,Telecom Services,PNK,2.1,7440,2473422336,0.0607,2.33,2.68,-3.8672,-32.13,-15.34,-60.09,-37.44,0.0,10.0,4,5.36,1.72,-60.82,0.0,,8,,20260918
EQPT,EquipmentShare.com Inc.,Industrials,Rental & Leasing Services,NASDAQ,,2931711,4654516736,0.9354,,,,,,,,0.0,23.25,3,35.5,15.71,,0.0,,8,,20260918
MAAS,Maase Inc.,Financial Services,Asset Management,NASDAQ,,151282,7163244544,1.0129,,,,,,,,0.0,22.0,3,24.9,2.85,,0.0,,8,,20260918
XENE,Xenon Pharmaceuticals Inc.,Healthcare,Biotechnology,NASDAQ,,1080080,5553798656,1.5827,,,,,,,,0.0,20.75,3,72.66,35.97,,0.0,,8,,20260918
ALM,Almonty Industries Inc.,Basic Materials,Other Industrial Metals & Mining,NCM,,6589014,4009272576,1.2637,,,,,,,,0.0,19.5,3,24.41,4.76,,0.0,,8,,20260918
FUPBY,Fuchs SE,Basic Materials,Specialty Chemicals,PNK,11.86,10519,6214639616,0.1494,11.6,10.95,1.7134,4.2,13.54,-9.45,2.01,0.0,82.5,2,12.42,9.27,-4.51,0.0,,8,,20260918
ACLLF,ATCO Ltd.,Utilities,Utilities - Diversified,OQX,52.57,44016,5915570176,0.7468,53.92,48.09,-1.8051,,,,,0.0,63.25,3,58.06,34.71,-9.46,0.0,,8,,20260918
SBRA,"Sabra Health Care REIT, Inc.",Real Estate,REIT - Healthcare Facilities,NASDAQ,,2873991,5147574272,0.3977,,,,,,,,0.0,20.75,3,22.77,17.17,,0.0,,8,,20260918
ENGGY,"Enagás, S.A.",Utilities,Utilities - Regulated Gas,PNK,9.53,3030,4961280512,0.0473,9.67,8.93,-2.9965,-3.57,0.75,11.07,3.8,0.0,40.75,3,10.29,7.45,-7.39,0.0,,8,,20260918
WEX,WEX Inc.,Technology,Software - Infrastructure,NYSE,,655459,6652048896,5.4169,,,,,,,,0.0,25.75,3,203.99,125.29,,0.0,,8,,20260918
RICOY,"Ricoh Company, Ltd.",Industrials,Business Equipment & Supplies,PNK,10.96,80,6134156800,0.0711,9.65,9.14,18.3733,12.94,14.88,3.9,10.0,0.0,75.0,2,10.96,8.0,0.0,0.0,,8,,20260918
FND,"Floor & Decor Holdings, Inc.",Consumer Cyclical,Home Improvement Retail,NYSE,,2466990,5048689152,1.9362,,,,,,,,0.0,20.75,3,87.63,42.64,,0.0,,8,,20260918
TSHXY,Tosoh Corporation,Basic Materials,Chemicals,PNK,8.43,12,5187956224,0.0564,8.53,8.43,-1.9178,4.16,-1.15,-1.15,0.18,0.0,62.0,3,9.18,8.03,-8.22,0.0,,8,,20260918
ATOGF,AUTO1 Group SE,Consumer Cyclical,Auto & Truck Dealerships,PNK,21.46,162,4747595776,0.2617,25.64,26.35,-15.9595,-17.24,4.58,-51.85,-23.45,0.0,0.0,4,35.42,17.6,-39.42,0.0,,8,,20260918
HLBBF,H. Lundbeck A/S,Healthcare,Drug Manufacturers - Specialty & Generic,PNK,6.76,53,6701967872,0.0457,6.65,6.59,2.2221,-8.09,5.5,-9.56,-3.92,0.0,75.0,2,7.55,5.7,-10.53,0.0,,8,,20260918
NCSYF,NICE Ltd.,Technology,Software - Application,PNK,99.09,19,5790905344,0.2365,96.27,98.42,11.8961,13.8,-8.71,-46.87,-18.35,0.0,76.25,3,153.75,83.97,-35.55,0.0,,8,,20260918
BCPC,Balchem Corporation,Basic Materials,Specialty Chemicals,NASDAQ,,214841,5284100608,3.5969,,,,,,,,0.0,20.75,3,183.9,139.17,,0.0,,8,,20260918
LBRT,Liberty Energy Inc.,Energy,Oil & Gas Equipment & Services,NYSE,,4383075,3118588160,0.9028,,,,,,,,0.0,23.25,3,34.48,10.69,,0.0,,8,,20260918
ETCMY,Eutelsat Communications S.A.,Communication Services,Telecom Services,PNK,0.54,20704,2544091648,0.03,0.61,0.7,-2.3407,,,,,0.0,11.25,4,1.47,0.45,-63.27,0.0,,8,,20260918
HASI,"HA Sustainable Infrastructure Capital, Inc.",Financial Services,Asset Management,NYSE,,983264,4777473536,0.9638,,,,,,,,0.0,22.0,3,44.13,27.28,,0.0,,8,,20260918
LINRF,Liontown Limited,Basic Materials,Other Industrial Metals & Mining,PNK,0.79,6557,2526452992,0.0315,0.87,1.21,-2.3482,-47.99,-42.34,25.98,-16.42,0.0,5.0,4,1.9,0.59,-58.34,0.0,,8,,20260918
GOLF,Acushnet Holdings Corp.,Consumer Cyclical,Leisure,NYSE,,374325,4762931712,1.6612,,,,,,,,0.0,23.25,3,119.65,73.09,,0.0,,8,,20260918
OGS,"ONE Gas, Inc.",Utilities,Utilities - Regulated Gas,NYSE,,578298,4792161792,1.5515,,,,,,,,0.0,22.0,3,90.78,74.42,,0.0,,8,,20260918
DLB,"Dolby Laboratories, Inc.",Industrials,Specialty Business Services,NYSE,,981379,5383145472,1.8438,,,,,,,,0.0,25.75,3,73.01,48.26,,0.0,,8,,20260918
YKLTY,"Yakult Honsha Co.,Ltd.",Consumer Defensive,Beverages - Non-Alcoholic,PNK,8.81,320,5016821760,0.0491,8.74,8.43,1.4137,9.23,-6.87,-2.84,-1.23,0.0,75.0,2,10.34,7.02,-14.8,0.0,,8,,20260918
CGHLY,China Gas Holdings Limited,Utilities,Utilities - Regulated Gas,PNK,17.1,108,3726536704,0.3122,17.28,21.76,-0.5806,-18.89,-43.34,-43.2,-37.17,0.0,13.25,4,28.28,15.45,-39.53,0.0,,8,,20260918
RITM,Rithm Capital Corp.,Real Estate,REIT - Mortgage,NYSE,,5443411,5299282432,0.1746,,,,,,,,0.0,17.0,3,12.46,8.43,,0.0,,8,,20260918
ALFFF,"Sigma Foods, S.A.B. de C.V.",Consumer Defensive,Packaged Foods,PNK,1.04,1091,5776638976,0.004,0.95,0.93,22.0098,21.6,-1.18,24.36,14.73,0.0,75.0,2,1.1,0.75,-5.45,0.0,,8,,20260918
BMA,Banco Macro S.A.,Financial Services,Banks - Regional,NYSE,,270580,4908599296,2.7308,,,,,,,,0.0,23.25,3,106.15,38.3,,0.0,,8,,20260918
IRDM,Iridium Communications Inc.,Communication Services,Telecom Services,NASDAQ,,1729380,5032004096,0.8945,,,,,,,,0.0,24.5,3,57.18,15.65,,0.0,,8,,20260918
HWDJF,Howden Joinery Group Plc,Consumer Cyclical,"Furnishings, Fixtures & Appliances",PNK,10.25,392,5586027008,0.1866,10.77,10.87,-2.8127,-7.57,-20.34,-23.48,-18.4,0.0,25.25,4,12.2,9.6,-15.98,0.0,,8,,20260918
CNVVY,Convatec Group PLC,Healthcare,Medical Instruments & Supplies,PNK,11.72,23577,5649605632,0.2672,12.11,11.94,-1.456,,,,,0.0,64.0,3,14.09,10.45,-16.84,0.0,,8,,20260918
CGHOF,China Gas Holdings Limited,Utilities,Utilities - Regulated Gas,PNK,0.69,1,6319856640,0.0039,0.8,0.9,-28.9795,-25.28,-38.32,-43.66,-37.19,0.0,0.0,4,1.16,0.69,-40.52,0.0,,8,,20260918
CHH,"Choice Hotels International, Inc.",Consumer Cyclical,Lodging,NYSE,,567435,4439650816,3.1631,,,,,,,,0.0,22.0,3,123.82,84.04,,0.0,,8,,20260918
SR,Spire Inc.,Utilities,Utilities - Regulated Gas,NYSE,,545577,4749122560,1.6282,,,,,,,,0.0,23.25,3,95.31,75.46,,0.0,,8,,20260918
JREIF,Japan Real Estate Investment Corporation,Real Estate,REIT - Office,PNK,769.2,2,5602529792,0.4574,756.21,-244.82,28.3942,16.07,-158.7,-91.86,-88.27,0.0,75.0,2,852.68,658.41,-9.79,0.0,,8,,20260918
NFPDF,"Nissin Foods Holdings Co.,Ltd.",Consumer Defensive,Packaged Foods,PNK,18.79,20,5393825792,0.023,18.16,18.76,27.4094,7.09,-19.06,-19.29,-12.62,0.0,75.0,3,20.73,16.46,-9.38,0.0,,8,,20260918
PAGP,"Plains GP Holdings, L.P.",Energy,Oil & Gas Midstream,NASDAQ,,1517137,6459937280,0.4892,,,,,,,,0.0,23.25,3,28.7,16.68,,0.0,,8,,20260918
TLPFF,Teleperformance SE,Industrials,Specialty Business Services,PNK,80.58,206,4684408320,1.1511,74.41,66.23,5.3565,24.35,27.55,-2.13,14.88,0.0,76.25,2,90.52,51.9,-10.98,0.0,,8,,20260918
ADT,ADT Inc.,Industrials,Security & Protection Services,NYSE,,7751832,5106608640,0.1489,,,,,,,,0.0,23.25,3,8.89,6.24,,0.0,,8,,20260918
RNSHF,Renishaw plc,Technology,Scientific & Technical Instruments,PNK,67.73,38,4926328320,0.2856,67.73,67.73,0.0,0.41,0.41,0.41,0.41,0.0,62.0,3,73.71,65.8,-8.11,0.0,,8,,20260918
HLUBF,H. Lundbeck A/S,Healthcare,Drug Manufacturers - Specialty & Generic,PNK,6.4,65,6793347584,0.1002,5.58,4.93,8.1424,15.61,61.38,38.87,40.93,0.0,75.0,2,6.79,4.82,-5.7,0.0,,8,,20260918
THKLY,"THK Co., Ltd.",Industrials,Specialty Industrial Machinery,PNK,19.08,1362,4354439680,0.5867,21.37,18.33,-3.9062,-19.91,10.73,22.7,7.86,0.0,33.75,3,25.7,11.93,-25.76,0.0,,8,,20260918
ENGGF,"Enagás, S.A.",Utilities,Utilities - Regulated Gas,PNK,19.55,51,5088826368,0.0224,19.9,17.78,-15.7496,-7.5,4.54,4.72,1.6,0.0,37.0,3,21.65,16.02,-9.7,0.0,,8,,20260918
BLFBY,Balfour Beatty plc,Industrials,Engineering & Construction,PNK,24.6,1968,5560054784,1.1366,24.52,22.0,0.0689,,,,,0.0,85.0,2,27.19,16.41,-9.53,0.0,,8,,20260918
USSJY,"USS Co., Ltd.",Consumer Cyclical,Auto & Truck Dealerships,PNK,24.98,70,5670965760,0.0346,25.19,23.35,-5.9466,-3.74,-5.96,-7.64,-6.08,0.0,37.0,3,26.14,19.72,-4.44,0.0,,8,,20260918
TMICY,Trend Micro Incorporated,Technology,Software - Infrastructure,PNK,41.65,10437,5405851136,1.2647,38.67,38.05,2.3548,,,,,0.0,86.25,2,60.28,31.09,-30.91,0.0,,8,,20260918
KYSEF,"Kyushu Electric Power Company, Incorporated",Utilities,Utilities - Independent Power Producers,PNK,13.8,92,6524338688,0.1869,11.39,1.2,12.9014,32.58,-214.85,-41.67,-83.72,0.0,75.0,2,14.15,9.47,-2.47,0.0,,8,,20260918
TOSCF,Tosoh Corporation,Basic Materials,Chemicals,PNK,16.0,0,4926248960,0.0021,16.0,34.54,0.0,-0.75,-88.03,-127.85,-82.14,0.0,37.0,3,17.25,16.0,-7.25,0.0,,8,,20260918
SEKEY,Seiko Epson Corporation,Technology,Computer Hardware,PNK,10.16,11091,6511091712,0.2129,9.52,7.63,3.0282,15.76,49.55,36.51,35.89,0.0,87.5,2,10.38,5.75,-2.12,0.0,,8,,20260918
PSMT,"PriceSmart, Inc.",Consumer Defensive,Discount Stores,NASDAQ,,280148,5193517568,4.0023,,,,,,,,0.0,20.75,3,199.84,111.68,,0.0,,8,,20260918
GNTX,Gentex Corporation,Consumer Cyclical,Auto Parts,NASDAQ,,2562148,4782898176,0.4723,,,,,,,,0.0,19.5,3,29.12,20.48,,0.0,,8,,20260918
PMNXF,Perseus Mining Limited,Basic Materials,Gold,PNK,4.59,15043,6091533824,0.1559,3.87,3.75,4.6179,21.66,13.4,48.11,29.35,0.0,83.75,2,4.89,0.01,-6.13,0.0,,8,,20260918
GLBE,Global-E Online Ltd.,Consumer Cyclical,Internet Retail,NASDAQ,,1475369,6446588928,1.3758,,,,,,,,0.0,22.0,3,43.99,26.84,,0.0,,8,,20260918
IEP,Icahn Enterprises L.P.,Energy,Oil & Gas Refining & Marketing,NASDAQ,,978970,4997732864,0.1262,,,,,,,,0.0,27.0,3,9.32,6.51,,0.0,,8,,20260918
LGMMY,LEG Immobilien SE,Real Estate,Real Estate Services,PNK,13.5,28,4149817600,0.0894,14.91,16.08,-15.7902,-17.47,-31.59,-44.88,-33.38,0.0,0.0,4,22.0,9.27,-38.64,0.0,,8,,20260918
PRM,"Perimeter Solutions, Inc.",Basic Materials,Specialty Chemicals,NYSE,,1554808,5267445248,1.0577,,,,,,,,0.0,27.0,3,38.17,19.7,,0.0,,8,,20260918
BIPC,Brookfield Infrastructure Corporation,Utilities,Utilities - Regulated Gas,NYSE,,1087083,4447013888,0.992,,,,,,,,0.0,18.25,3,51.72,34.18,,0.0,,8,,20260918
IPGP,IPG Photonics Corporation,Technology,Semiconductor Equipment & Materials,NASDAQ,,466319,3230808064,2.7123,,,,,,,,0.0,22.0,3,155.82,69.41,,0.0,,8,,20260918
QS,QuantumScape Corporation,Consumer Cyclical,Auto Parts,NASDAQ,,21685043,3180300032,0.2194,,,,,,,,0.0,25.75,3,19.07,4.77,,0.0,,8,,20260918
TCLHF,TCL Electronics Holdings Limited,Technology,Consumer Electronics,PNK,1.89,1235,4764345856,0.0447,2.0,1.73,-2.4086,1.41,14.69,22.6,14.53,0.0,51.25,3,2.34,1.07,-19.23,0.0,,8,,20260918
HLNE,Hamilton Lane Incorporated,Financial Services,Asset Management,NASDAQ,,740995,5918048768,3.8391,,,,,,,,0.0,19.5,3,155.66,71.88,,0.0,,8,,20260918
TVAVF,The Tel-Aviv Stock Exchange Ltd.,Financial Services,Financial Data & Stock Exchanges,PNK,39.73,734,3686426368,0.8434,39.95,43.77,-0.2658,-20.83,-37.36,57.76,4.82,0.0,26.5,4,63.0,22.0,-36.94,0.0,,8,,20260918
SITE,"SiteOne Landscape Supply, Inc.",Industrials,Industrial Distribution,NYSE,,887253,3947863040,3.1655,,,,,,,,0.0,24.5,3,168.56,86.2,,0.0,,8,,20260918
TLPFY,Teleperformance SE,Industrials,Specialty Business Services,PNK,39.7,5833,4615810560,1.0077,37.57,32.92,2.1132,,,,,0.0,87.5,2,43.95,25.7,-9.67,0.0,,8,,20260918
JDSPY,JD Sports Fashion Plc,Consumer Cyclical,Apparel Retail,OQX,0.99,8485,4676789760,0.0388,1.14,1.04,-3.9195,-11.63,-3.68,-31.92,-16.96,0.0,20.75,4,1.39,0.84,-28.99,0.0,,8,,20260918
YMATF,Azbil Corporation,Industrials,Specialty Industrial Machinery,PNK,9.85,8,4911855616,0.0306,10.31,1.59,-15.0299,4.03,-210.05,93.69,-35.03,0.0,37.0,3,10.74,8.85,-8.29,0.0,,8,,20260918
AVAL,Grupo Aval Acciones y Valores S.A.,Financial Services,Banks - Regional,NYSE,,177011,6197046784,0.1479,,,,,,,,0.0,27.0,3,6.2,3.12,,0.0,,8,,20260918
JAN,"Janus Living, Inc.",Real Estate,REIT - Residential,NYSE,,1683959,9391940608,0.906,,,,,,,,0.0,24.5,3,32.83,22.76,,0.0,,8,,20260918
CNX,CNX Resources Corporation,Energy,Oil & Gas E&P,NYSE,,1702775,4959070720,0.9577,,,,,,,,0.0,19.5,3,43.62,29.22,,0.0,,8,,20260918
TKC,Turkcell Iletisim Hizmetleri A.S.,Communication Services,Telecom Services,NYSE,,2351972,4439942656,0.0962,,,,,,,,0.0,25.75,3,7.18,4.82,,0.0,,8,,20260918
LPL,"LG Display Co., Ltd.",Technology,Consumer Electronics,NYSE,,2897840,2980000000,0.1092,,,,,,,,0.0,18.25,3,5.83,2.76,,0.0,,8,,20260918
WHD,"Cactus, Inc.",Energy,Oil & Gas Equipment & Services,NYSE,,816472,4690252800,2.3904,,,,,,,,0.0,20.75,3,74.07,33.2,,0.0,,8,,20260918
IPGDF,IGO Limited,Basic Materials,Other Industrial Metals & Mining,PNK,5.6,124,4240699904,0.0755,5.46,5.67,1.8509,-21.42,-12.97,59.1,13.75,0.0,38.25,3,7.12,3.15,-21.4,0.0,,8,,20260918
OLLI,"Ollie's Bargain Outlet Holdings, Inc.",Consumer Defensive,Discount Stores,NASDAQ,,1937404,4526462976,3.8658,,,,,,,,0.0,22.0,3,139.21,60.29,,0.0,,8,,20260918
NAVN,"Navan, Inc.",Technology,Software - Application,NASDAQ,,3866680,5762884096,1.375,,,,,,,,0.0,24.5,3,30.88,8.11,,0.0,,8,,20260918
DNTUY,Dentsu Group Inc.,Communication Services,Advertising Agencies,PNK,23.42,891,6079508480,0.2564,21.29,19.75,8.3195,21.61,19.94,-7.28,9.47,0.0,75.0,2,23.56,16.38,-0.59,0.0,,8,,20260918
IIDDY,IGO Limited,Basic Materials,Other Industrial Metals & Mining,PNK,10.18,17,3854493440,0.0208,10.13,10.38,2.6075,-12.92,-16.59,43.71,8.45,0.0,37.0,3,11.98,6.4,-15.03,0.0,,8,,20260918
DUOL,"Duolingo, Inc.",Technology,Software - Application,NASDAQ,,1274796,6882260480,7.1438,,,,,,,,0.0,24.5,3,353.0,87.89,,0.0,,8,,20260918
KYSEY,"Kyushu Electric Power Company, Incorporated",Utilities,Utilities - Independent Power Producers,PNK,15.11,1614,7143677440,1.0282,12.39,11.66,2.642,,,,,0.0,85.0,2,15.85,8.29,-4.67,0.0,,8,,20260918
OMAB,"Grupo Aeroportuario del Centro Norte, S.A.B. de C.V.",Industrials,Airports & Air Services,NASDAQ,,80969,4708853248,2.6092,,,,,,,,0.0,20.75,3,134.99,95.69,,0.0,,8,,20260918
ATDRY,Autotrader Group plc,Communication Services,Internet Content & Information,PNK,1.61,389680,4987709952,0.0428,1.67,1.66,-1.3306,,,,,0.0,55.25,4,2.69,1.37,-40.15,0.0,,8,,20260918
UWMC,UWM Holdings Corporation,Financial Services,Mortgage Finance,NYSE,,19222693,2024209792,0.0872,,,,,,,,0.0,18.25,3,6.66,0.93,,0.0,,8,,20260918
MAQAF,Atlas Arteria Limited,Industrials,Infrastructure Operations,PNK,3.68,275,5348856320,0.0201,3.5,3.37,8.8469,8.12,1.28,-11.69,-2.2,0.0,75.0,2,4.09,2.69,-10.02,0.0,,8,,20260918
JMPLY,Johnson Matthey Plc,Basic Materials,Specialty Chemicals,PNK,63.16,1220,4003570432,2.4975,59.1,58.6,1.6248,5.04,6.43,4.05,5.13,0.0,77.5,2,87.6,48.0,-27.9,0.0,,8,,20260918
HRB,"H&R Block, Inc.",Consumer Cyclical,Personal Services,NYSE,,2107777,5523546112,1.4285,,,,,,,,0.0,19.5,3,58.67,28.16,,0.0,,8,,20260918
ZHEXF,"Zhejiang Expressway Co., Ltd.",Industrials,Infrastructure Operations,PNK,0.77,3127,4755708928,0.0131,0.81,0.89,-3.0695,-11.22,-30.21,-32.56,-26.4,0.0,15.75,4,1.1,0.74,-30.0,0.0,,8,,20260918
LPX,Louisiana-Pacific Corporation,Industrials,Building Products & Equipment,NYSE,,1178758,4602358784,2.1946,,,,,,,,0.0,18.25,3,100.34,64.59,,0.0,,8,,20260918
GBTG,"Global Business Travel Group, Inc.",Consumer Cyclical,Travel Services,NYSE,,1773722,4941652992,0.025,,,,,,,,0.0,20.75,3,9.56,4.96,,0.0,,8,,20260918
ALH,Alliance Laundry Holdings Inc.,Consumer Cyclical,"Furnishings, Fixtures & Appliances",NYSE,,1112958,4271977472,0.6515,,,,,,,,0.0,18.25,3,28.23,18.64,,0.0,,8,,20260918
OTF,Blue Owl Technology Finance Corp.,Financial Services,Asset Management,NYSE,,2508030,4975892992,0.2802,,,,,,,,0.0,23.25,3,15.75,9.75,,0.0,,8,,20260918
STVN,Stevanato Group S.p.A.,Healthcare,Medical Instruments & Supplies,NYSE,,377814,6188993536,0.8776,,,,,,,,0.0,24.5,3,28.0,12.89,,0.0,,8,,20260918
DSVSF,Discovery Mining Ltd.,Basic Materials,Silver,OQX,8.77,457406,7139807744,0.5725,7.62,6.87,2.0091,,,,,0.0,85.0,2,9.79,3.25,-10.42,0.0,,8,,20260918
SMFRF,"Sumitomo Forestry Co., Ltd.",Consumer Cyclical,Residential Construction,PNK,7.98,363,4893191168,0.0764,8.21,-6.16,-3.0626,-149.55,-158.89,-90.23,-129.09,0.0,64.5,3,12.17,7.49,-34.43,0.0,,8,,20260918
CIGI,Colliers International Group Inc.,Real Estate,Real Estate Services,NASDAQ,,235787,4536996864,2.9977,,,,,,,,0.0,15.75,3,171.51,88.23,,0.0,,8,,20260918
KOTMY,"Koito Manufacturing Co., Ltd.",Consumer Cyclical,Auto Parts,PNK,16.71,393,4302651392,0.1443,16.07,15.96,4.4556,-3.6,-11.68,-6.35,-7.53,0.0,75.0,2,18.34,13.7,-8.88,0.0,,8,,20260918
PUMSY,PUMA SE,Consumer Cyclical,Footwear & Accessories,PNK,2.53,8817,3824668672,0.0591,2.98,2.79,-7.6476,-23.23,-11.2,-2.13,-10.58,0.0,17.0,4,3.46,1.71,-27.02,0.0,,8,,20260918
BTDPF,Barratt Redrow plc,Consumer Cyclical,Residential Construction,PNK,3.89,75,5369633280,0.02,3.87,4.15,0.7605,10.39,-18.13,-37.56,-18.77,0.0,63.25,3,5.46,3.25,-28.75,0.0,,8,,20260918
CBUMF,China National Building Material Company Limited,Basic Materials,Building Materials,PNK,0.47,27625,3543663104,0.0072,0.49,0.54,-2.7221,-31.64,-26.22,-28.05,-28.31,0.0,12.0,4,0.9,0.42,-48.1,0.0,,8,,20260918
CWSRF,Chartwell Retirement Residences,Real Estate,REIT - Healthcare Facilities,PNK,14.52,76327,4754601472,0.1458,15.41,15.03,-6.0906,,,,,0.0,15.75,4,16.83,13.73,-13.73,0.0,,8,,20260918
AX,"Axos Financial, Inc.",Financial Services,Banks - Regional,NYSE,,360070,5186626560,2.18,,,,,,,,0.0,23.25,3,105.74,74.89,,0.0,,8,,20260918
PUTKY,PT United Tractors Tbk,Basic Materials,Other Industrial Metals & Mining,PNK,29.1,32956,5083323904,0.6013,27.84,31.15,2.0994,,,,,0.0,74.5,3,39.0,23.18,-25.37,0.0,,8,,20260918
DLPTF,"Liaoning Port Co., Ltd.",Industrials,Marine Shipping,PNK,0.05,64,1178588416,0.0041,0.11,0.11,-14.4711,-55.3,-67.56,-59.8,-61.39,0.0,0.0,4,0.15,0.05,-67.08,0.0,,8,,20260918
CMBT,Cmb.Tech NV,Energy,Oil & Gas Midstream,NYSE,,1042625,5922364928,0.4723,,,,,,,,0.0,25.75,3,20.82,8.88,,0.0,,8,,20260918
SON,Sonoco Products Company,Consumer Cyclical,Packaging & Containers,NYSE,,1163475,4826769408,1.6285,,,,,,,,0.0,22.0,3,60.67,38.65,,0.0,,8,,20260918
MIAX,"Miami International Holdings, Inc.",Financial Services,Capital Markets,NYSE,,1670330,3737035520,1.7169,,,,,,,,0.0,23.25,3,57.14,35.43,,0.0,,8,,20260918
MKTX,MarketAxess Holdings Inc.,Financial Services,Capital Markets,NASDAQ,,1041256,5747703296,0.3592,,,,,,,,0.0,24.5,3,195.97,108.75,,0.0,,8,,20260918
FNCNF,Fincantieri S.p.A.,Industrials,Aerospace & Defense,PNK,13.8,701,4962866688,0.2282,14.46,16.06,-2.8831,5.4,-20.08,-57.19,-28.56,0.0,40.75,4,31.9,11.2,-56.74,0.0,,8,,20260918
LBRDP,Liberty Broadband Corp,Communication Services,Telecom Services,NASDAQ,22.13,9105,0,0.2307,22.13,22.13,0.0,-1.5,-1.5,-1.5,-1.5,0.0,73.67,3,25.0,21.05,-11.48,0.0,,8,,20260918
LBRDA,Liberty Broadband Corporation,Communication Services,Telecom Services,NASDAQ,35.99,262861,5177567232,1.8727,32.51,46.05,1.8596,-42.82,-31.49,-82.18,-54.6,0.0,33.75,3,65.4,26.14,-44.97,0.0,,8,,20260918
LBRDB,Liberty Broadband Corp,Communication Services,Telecom Services,PNK,37.25,164,5492255744,0.8529,37.25,37.25,0.0,21.57,21.57,21.57,21.57,0.0,63.79,3,91.95,26.99,-59.49,0.0,,8,,20260918
SXT,Sensient Technologies Corporation,Basic Materials,Specialty Chemicals,NYSE,,462427,5499058176,3.0069,,,,,,,,0.0,20.75,3,138.82,82.6,,0.0,,8,,20260918
BDVSY,The Bidvest Group Limited,Industrials,Conglomerates,PNK,28.33,11590,4814510080,0.5663,29.41,28.74,-1.9146,-6.48,-8.7,4.03,-3.05,0.0,35.25,4,32.0,24.14,-11.47,0.0,,8,,20260918
WFG,West Fraser Timber Co. Ltd.,Basic Materials,Lumber & Wood Production,NYSE,,220772,5698168832,1.9946,,,,,,,,0.0,25.75,3,76.99,57.34,,0.0,,8,,20260918
ACMR,"ACM Research, Inc.",Technology,Semiconductor Equipment & Materials,NASDAQ,,1187504,4720125952,4.0028,,,,,,,,0.0,19.5,3,127.19,28.46,,0.0,,8,,20260918
CRSP,CRISPR Therapeutics AG,Healthcare,Biotechnology,NASDAQ,,1580287,5542906368,1.8955,,,,,,,,0.0,20.75,3,78.48,44.12,,0.0,,8,,20260918
FMMFF,Fuji Corporation,Industrials,Specialty Industrial Machinery,PNK,44.1,3,3876966400,0.186,48.72,35.37,-24.8227,-13.15,29.02,155.99,69.27,0.0,25.0,3,50.42,16.52,-12.53,0.0,,8,,20260918
PMMAF,PUMA SE,Consumer Cyclical,Footwear & Accessories,PNK,26.0,70,3862536704,0.453,30.32,28.42,-9.5414,-19.25,-11.84,-0.13,-9.01,0.0,15.75,4,35.0,17.41,-25.71,0.0,,8,,20260918
VOYJF,Valmet Oyj,Industrials,Specialty Industrial Machinery,PNK,31.17,3,6641764864,0.1149,27.3,29.73,33.6656,25.34,-14.99,-24.8,-8.83,0.0,75.0,3,36.05,24.72,-13.55,0.0,,8,,20260918
MTPOF,Metropolitan Bank & Trust Company,Financial Services,Banks - Regional,PNK,1.01,2487,4457388544,0.1275,-0.37,-0.01,10.8544,,,,,0.0,74.5,3,1.53,0.85,-33.71,0.0,,8,,20260918
RLI,RLI Corp.,Financial Services,Insurance - Property & Casualty,NYSE,,777427,5545842176,1.169,,,,,,,,0.0,19.5,3,67.12,47.26,,0.0,,8,,20260918
TCCHF,Technogym S.p.A.,Consumer Cyclical,Leisure,PNK,24.0,0,4782992384,0.0003,24.0,19.33,0.0,-0.75,61.15,58.8,44.73,0.0,62.0,3,24.25,14.0,-1.03,0.0,,8,,20260918
ACHR,Archer Aviation Inc.,Industrials,Aerospace & Defense,NYSE,,33980391,4158144768,0.2459,,,,,,,,0.0,20.75,3,14.62,4.3,,0.0,,8,,20260918
RDN,Radian Group Inc.,Financial Services,Insurance - Specialty,NYSE,,1202890,4604085760,0.6908,,,,,,,,0.0,20.75,3,41.05,31.5,,0.0,,8,,20260918
ACLS,"Axcelis Technologies, Inc.",Technology,Semiconductor Equipment & Materials,NASDAQ,,452267,3230203648,4.5077,,,,,,,,0.0,20.75,3,193.78,73.6,,0.0,,8,,20260918
VSECU,VSE Corporation,Industrials,Aerospace & Defense,NASDAQ,46.21,44729,0,2.3131,53.37,46.21,-3.0993,,,,,0.0,33.75,3,68.1,38.45,-32.15,0.0,,8,,20260918
VSEC,VSE Corporation,Industrials,Aerospace & Defense,NASDAQ,,431851,4913615360,8.4723,,,,,,,,0.0,18.25,3,247.85,154.67,,0.0,,8,,20260918
MTPOY,Metropolitan Bank & Trust Company,Financial Services,Banks - Regional,PNK,20.66,32,4645830144,0.1294,21.01,21.48,-2.7319,5.62,-29.28,-33.75,-22.34,0.0,49.0,4,27.3,19.15,-24.32,0.0,,8,,20260918
AUTSF,AutoStore Holdings Ltd.,Industrials,Specialty Industrial Machinery,PNK,1.67,184,5604251136,0.0089,1.67,1.67,0.0,-1.26,-1.26,-1.26,-1.26,0.0,62.0,3,1.76,1.65,-5.11,0.0,,8,,20260918
BTDPY,Barratt Redrow plc,Consumer Cyclical,Residential Construction,PNK,8.19,44516,5649158144,0.2103,8.1,8.31,0.4197,20.09,-3.52,-29.29,-7.92,0.0,70.75,3,11.24,6.38,-27.18,0.0,,8,,20260918
GSISF,Genesis Minerals Limited,Basic Materials,Gold,PNK,5.38,4956,6321216000,0.1931,4.96,4.66,2.1536,40.7,19.95,30.86,29.5,0.0,82.5,2,6.54,3.35,-17.74,0.0,,8,,20260918
AYYLF,Ayala Corporation,Industrials,Conglomerates,PNK,8.0,82,5047252992,0.0372,7.77,8.02,6.185,22.74,-22.73,-36.83,-17.0,0.0,62.0,3,10.3,6.55,-22.33,0.0,,8,,20260918
BKEAY,"The Bank of East Asia, Limited",Financial Services,Banks - Regional,PNK,2.3,888,6087117824,0.0626,1.98,1.79,5.0699,33.18,23.25,44.38,34.18,0.0,76.25,2,2.47,1.5,-6.88,0.0,,8,,20260918
XXI,"Twenty One Capital, Inc.",Consumer Defensive,Education & Training Services,NYSE,,1554500,1930763776,0.3168,,,,,,,,0.0,20.75,3,25.63,4.15,,0.0,,8,,20260918
GHC,Graham Holdings Company,Industrials,Conglomerates,NYSE,,28156,4802027520,28.4946,,,,,,,,0.0,24.5,3,1262.35,929.76,,0.0,,8,,20260918
PBF,PBF Energy Inc.,Energy,Oil & Gas Refining & Marketing,NYSE,,3227740,9146303488,4.18,,,,,,,,0.0,22.0,3,82.61,25.62,,0.0,,8,,20260918
WHITF,Whitehaven Coal Limited,Energy,Thermal Coal,PNK,5.98,8893,4917496320,0.4727,5.2,5.65,1.6492,,,,,0.0,87.5,3,6.85,0.01,-12.7,0.0,,8,,20260918
EMAT,Evolution Metals & Technologies Corp.,Basic Materials,Other Industrial Metals & Mining,NASDAQ,,597612,2499638528,0.4234,,,,,,,,0.0,23.25,3,24.09,2.15,,0.0,,8,,20260918
GAERF,"Grupo Aeroportuario del Centro Norte, S.A.B. de C.V.",Industrials,Airports & Air Services,PNK,12.51,50,4830091264,0.1761,13.28,9.51,-4.3718,-10.58,80.23,205.26,107.54,0.0,25.0,3,17.82,10.36,-29.81,0.0,,8,,20260918
QNTPF,XtalPi Holdings Limited,Unknown,Unknown,PNK,0.87,13354,0,0.0871,1.11,0.87,-2.8342,-46.7,-56.39,-52.85,-52.55,0.0,27.5,3,2.04,0.8,-57.58,0.0,,8,,20260918
LAZ,"Lazard, Inc.",Financial Services,Capital Markets,NYSE,,1933451,3549663232,2.0069,,,,,,,,0.0,18.25,3,58.75,35.73,,0.0,,8,,20260918
DNTH,"Dianthus Therapeutics, Inc.",Healthcare,Biotechnology,NCM,,936270,5527849472,4.8685,,,,,,,,0.0,20.75,3,117.88,32.22,,0.0,,8,,20260918
PSMMY,Persimmon Plc,Consumer Cyclical,Residential Construction,PNK,31.25,9277,5017225728,0.5792,30.34,31.56,1.5648,,,,,0.0,72.0,3,41.84,26.71,-25.31,0.0,,8,,20260918
SEB,Seaboard Corporation,Industrials,Conglomerates,NYSE,,12075,4069632512,130.0508,,,,,,,,0.0,20.75,3,5989.37,3140.01,,0.0,,8,,20260918
NTSK,"Netskope, Inc.",Technology,Software - Infrastructure,NASDAQ,,5673230,7031794688,1.1039,,,,,,,,0.0,24.5,3,27.99,7.67,,0.0,,8,,20260918
TGS,Transportadora de Gas del Sur S.A.,Energy,Oil & Gas Integrated,NYSE,,226996,4387091456,0.9523,,,,,,,,0.0,24.5,3,36.35,19.74,,0.0,,8,,20260918
BOOT,"Boot Barn Holdings, Inc.",Consumer Cyclical,Apparel Retail,NYSE,,695893,3719887360,6.0512,,,,,,,,0.0,19.5,3,210.25,120.64,,0.0,,8,,20260918
XMTR,"Xometry, Inc.",Industrials,Industrial Distribution,NASDAQ,,722883,5262720512,3.9907,,,,,,,,0.0,22.0,3,106.08,35.86,,0.0,,8,,20260918
PAM,Pampa Energía S.A.,Industrials,Conglomerates,NYSE,,173656,4488698880,2.4585,,,,,,,,0.0,24.5,3,94.5,54.95,,0.0,,8,,20260918
ZETA,Zeta Global Holdings Corp.,Technology,Software - Infrastructure,NYSE,,8376979,7623283200,1.3855,,,,,,,,0.0,25.75,3,32.81,14.37,,0.0,,8,,20260918
NNNN,Anbio Biotechnology,Healthcare,Medical Instruments & Supplies,NASDAQ,,129529,245790720,0.5161,,,,,,,,0.0,18.25,3,51.33,5.25,,0.0,,8,,20260918
PTEN,"Patterson-UTI Energy, Inc.",Energy,Oil & Gas Drilling,NASDAQ,,8919285,4566800384,0.5386,,,,,,,,0.0,22.0,3,13.39,5.1,,0.0,,8,,20260918
HSKCF,HASEKO Corporation,Consumer Cyclical,Residential Construction,PNK,17.62,0,4666772480,0.0009,17.62,-5.37,0.0,-0.75,-160.31,-96.67,-94.96,0.0,62.0,3,17.62,12.74,0.0,0.0,,8,,20260918
ATAT,Atour Lifestyle Holdings Limited,Consumer Cyclical,Lodging,NASDAQ,,936585,4424714240,1.0681,,,,,,,,0.0,22.0,3,43.17,30.77,,0.0,,8,,20260918
MEOH,Methanex Corporation,Basic Materials,Chemicals,NASDAQ,,914374,4721541120,2.2471,,,,,,,,0.0,23.25,3,66.75,32.0,,0.0,,8,,20260918
ASB,Associated Banc-Corp,Financial Services,Banks - Regional,NYSE,,1949025,5638893568,0.5942,,,,,,,,0.0,22.0,3,32.46,23.86,,0.0,,8,,20260918
FCN,"FTI Consulting, Inc.",Industrials,Consulting Services,NYSE,,427333,3893232128,3.2592,,,,,,,,0.0,22.0,3,189.3,137.65,,0.0,,8,,20260918
RIOCF,RioCan Real Estate Investment Trust,Real Estate,REIT - Retail,PNK,14.7,214166,4286750464,0.1815,15.44,14.65,-4.0545,,,,,0.0,42.0,3,16.55,12.54,-11.18,0.0,,8,,20260918
GMVHF,Entain Plc,Consumer Cyclical,Gambling,PNK,6.7,18448,4290584064,0.4434,7.38,8.12,-1.5225,-19.38,-23.2,-59.8,-36.89,0.0,17.5,4,12.46,6.47,-46.21,0.0,,8,,20260918
LAUR,"Laureate Education, Inc.",Consumer Defensive,Education & Training Services,NASDAQ,,1102024,4942447104,1.0031,,,,,,,,0.0,20.75,3,40.92,24.98,,0.0,,8,,20260918
BB,BlackBerry Limited,Technology,Software - Infrastructure,NYSE,,18515016,4653637120,0.3192,,,,,,,,0.0,22.0,3,13.59,3.12,,0.0,,8,,20260918
NNI,"Nelnet, Inc.",Financial Services,Credit Services,NYSE,,136333,4528961536,2.0193,,,,,,,,0.0,28.25,3,144.38,116.62,,0.0,,8,,20260918
MDU,"MDU Resources Group, Inc.",Utilities,Utilities - Regulated Gas,NYSE,,1582720,3937741568,0.4159,,,,,,,,0.0,17.0,3,22.98,15.76,,0.0,,8,,20260918
SPHR,Sphere Entertainment Co.,Communication Services,Entertainment,NYSE,,693443,5205318656,5.4809,,,,,,,,0.0,23.25,3,181.63,56.36,,0.0,,8,,20260918
GMVHY,Entain Plc,Consumer Cyclical,Gambling,PNK,6.6,44098,4223393792,0.1457,7.1,7.81,-3.409,,,,,0.0,2.5,4,12.14,6.56,-45.63,0.0,,8,,20260918
FFIN,"First Financial Bankshares, Inc.",Financial Services,Banks - Regional,NASDAQ,,827264,4706622976,0.5749,,,,,,,,0.0,22.0,3,36.52,28.12,,0.0,,8,,20260918
MRVGF,Mirvac Group,Real Estate,REIT - Diversified,PNK,1.11,0,4372013056,0.0001,1.11,1.17,0.0,3.77,-27.22,-34.65,-22.44,0.0,62.0,3,1.72,1.11,-35.54,0.0,,8,,20260918
MAIN,Main Street Capital Corporation,Financial Services,Asset Management,NYSE,,582511,5332787712,0.8725,,,,,,,,0.0,20.75,3,66.85,48.95,,0.0,,8,,20260918
DNLZY,Dyno Nobel Limited,Basic Materials,Specialty Chemicals,PNK,2.92,2285,5113938944,0.1137,2.65,2.4,2.3548,,,,,0.0,85.0,2,2.92,1.75,0.0,0.0,,8,,20260918
UNF,UniFirst Corporation,Industrials,Specialty Business Services,NYSE,,210785,4724670976,7.1292,,,,,,,,0.0,20.75,3,306.67,147.66,,0.0,,8,,20260918
SPGNY,Springer Nature AG & Co. KGaA,Communication Services,Publishing,PNK,11.4,181,2267334400,0.0648,10.94,11.4,7.0537,-0.4,5.71,5.71,4.18,0.0,75.0,3,13.87,10.17,-17.81,0.0,,8,,20260918
ALK,"Alaska Air Group, Inc.",Industrials,Airlines,NYSE,,2783712,4463794176,1.1931,,,,,,,,0.0,20.75,3,60.63,33.03,,0.0,,8,,20260918
NEXXY,Nexi S.p.A.,Technology,Software - Infrastructure,PNK,4.76,1244,5591671296,0.0617,4.75,4.76,0.0843,14.34,14.34,14.34,14.34,0.0,62.0,3,5.17,4.0,-7.93,0.0,,8,,20260918
MBRFY,MBRF Global Foods Company S.A.,Consumer Defensive,Packaged Foods,PNK,3.17,119937,4417137152,0.1432,3.23,3.44,-0.4373,,,,,0.0,59.0,4,5.39,2.5,-41.19,0.0,,8,,20260918
MIR,"Mirion Technologies, Inc.",Industrials,Specialty Industrial Machinery,NYSE,,4014487,4044452352,0.6672,,,,,,,,0.0,22.0,3,30.28,14.11,,0.0,,8,,20260918
LGND,Ligand Pharmaceuticals Incorporated,Healthcare,Biotechnology,NASDAQ,,357098,5675667968,8.2085,,,,,,,,0.0,20.75,3,326.63,163.45,,0.0,,8,,20260918
REYN,Reynolds Consumer Products Inc.,Consumer Cyclical,Packaging & Containers,NASDAQ,,1386251,4782311936,0.5569,,,,,,,,0.0,17.0,3,27.32,20.44,,0.0,,8,,20260918
AQN,Algonquin Power & Utilities Corp.,Utilities,Utilities - Diversified,NYSE,,4115991,4142072320,0.1069,,,,,,,,0.0,19.5,3,7.11,5.24,,0.0,,8,,20260918
EBC,"Eastern Bankshares, Inc.",Financial Services,Banks - Regional,NASDAQ,,3017054,4924423680,0.4817,,,,,,,,0.0,22.0,3,23.77,16.61,,0.0,,8,,20260918
HSHZY,Hoshizaki Corporation,Industrials,Specialty Industrial Machinery,PNK,8.98,294,5021061120,0.0463,8.74,8.43,5.2996,8.46,-8.92,-23.83,-10.54,0.0,75.0,2,10.04,7.91,-10.51,0.0,,8,,20260918
CNVVF,Convatec Group PLC,Healthcare,Medical Instruments & Supplies,PNK,2.66,1458,5128993792,0.0938,3.01,2.97,-3.7308,-0.65,-33.42,-34.58,-25.69,0.0,27.5,3,3.65,2.3,-27.12,0.0,,8,,20260918
CSW,"CSW Industrials, Inc.",Industrials,Specialty Industrial Machinery,NYSE,,148108,4703278080,9.8446,,,,,,,,0.0,18.25,3,355.48,230.45,,0.0,,8,,20260918
DIOD,Diodes Incorporated,Technology,Semiconductors,NASDAQ,,633430,4181034240,3.9585,,,,,,,,0.0,24.5,3,125.99,42.28,,0.0,,8,,20260918
INDV,"Indivior Pharmaceuticals, Inc.",Healthcare,Drug Manufacturers - Specialty & Generic,NASDAQ,,2109700,4212559616,0.8192,,,,,,,,0.0,18.25,3,42.81,22.22,,0.0,,8,,20260918
PI,"Impinj, Inc.",Technology,Semiconductors,NASDAQ,,409291,5491544576,9.1175,,,,,,,,0.0,25.75,3,247.06,87.36,,0.0,,8,,20260918
CUYTY,Colruyt Group N.V.,Consumer Defensive,Grocery Stores,PNK,10.98,875,5222098432,0.0813,11.08,9.93,-1.1989,6.89,4.42,-15.27,-2.83,0.0,63.25,3,11.52,9.13,-4.65,0.0,,8,,20260918
CHEOY,Cochlear Limited,Healthcare,Medical Devices,PNK,48.59,38309,6355466752,1.1037,45.56,58.14,2.749,,,,,0.0,65.0,3,101.09,31.82,-51.93,0.0,,8,,20260918
DNPUF,"Sumitomo Pharma Co., Ltd.",Healthcare,Drug Manufacturers - Specialty & Generic,PNK,9.79,46,4391729664,0.0825,8.82,11.76,11.7579,9.62,-27.88,-30.81,-19.68,0.0,25.0,3,19.2,8.41,-49.01,0.0,,8,,20260918
UFPI,"UFP Industries, Inc.",Basic Materials,Lumber & Wood Production,NASDAQ,,455469,4371548160,1.9941,,,,,,,,0.0,20.75,3,118.0,77.89,,0.0,,8,,20260918
FLIDY,FLSmidth & Co. A/S,Industrials,Specialty Industrial Machinery,PNK,8.3,220,4415048704,0.1982,8.21,7.97,0.4601,9.91,-3.61,12.8,6.34,0.0,77.5,2,9.49,6.53,-12.54,0.0,,8,,20260918
MTN,"Vail Resorts, Inc.",Consumer Cyclical,Resorts & Casinos,NYSE,,700345,4908874752,4.6369,,,,,,,,0.0,20.75,3,163.34,118.51,,0.0,,8,,20260918
RELY,"Remitly Global, Inc.",Technology,Software - Infrastructure,NASDAQ,,3450183,4599894016,1.1243,,,,,,,,0.0,22.0,3,27.48,12.08,,0.0,,8,,20260918
HISEF,"Hisense Home Appliances Group Co., Ltd.",Consumer Cyclical,"Furnishings, Fixtures & Appliances",PNK,2.8,266,4297062400,0.0218,2.93,1.95,-6.0371,66.71,64.01,44.5,56.88,0.0,62.0,3,3.56,2.39,-21.35,0.0,,8,,20260918
CSTM,Constellium SE,Basic Materials,Aluminum,NYSE,,1640927,3549471232,0.8846,,,,,,,,0.0,24.5,3,36.99,14.39,,0.0,,8,,20260918
IBOC,International Bancshares Corporation,Financial Services,Banks - Regional,NASDAQ,,353991,4385745408,1.1415,,,,,,,,0.0,23.25,3,78.46,63.2,,0.0,,8,,20260918
GTLB,GitLab Inc.,Technology,Software - Infrastructure,NASDAQ,,4863283,8375736320,2.199,,,,,,,,0.0,24.5,3,55.55,18.73,,0.0,,8,,20260918
TTCIF,Titan S.A.,Basic Materials,Building Materials,PNK,62.9,325,4697656320,0.1937,61.52,62.19,7.1461,7.8,-21.43,26.97,5.24,0.0,75.0,3,69.93,44.3,-10.06,0.0,,8,,20260918
EXLS,"ExlService Holdings, Inc.",Technology,Information Technology Services,NASDAQ,,2542254,5420738048,0.8992,,,,,,,,0.0,25.75,3,44.32,24.85,,0.0,,8,,20260918
UUUU,Energy Fuels Inc.,Energy,Uranium,NYSE,,7664027,3171987200,0.69,,,,,,,,0.0,18.25,3,27.9,10.69,,0.0,,8,,20260918
MIMTF,Mitsubishi Materials Corporation,Basic Materials,Other Industrial Metals & Mining,PNK,32.0,27,4181678080,0.0858,28.91,28.98,35.9854,4.2,-11.42,84.2,30.73,0.0,75.0,3,39.0,16.34,-17.95,0.0,,8,,20260918
BKEAF,"The Bank of East Asia, Limited",Financial Services,Banks - Regional,PNK,2.37,151,6272377856,0.0217,1.88,1.7,22.5434,72.07,11.96,38.21,37.49,0.0,75.0,2,2.37,1.41,-0.0,0.0,,8,,20260918
ONDS,Ondas Inc.,Technology,Communication Equipment,NCM,,82243283,4303129600,0.3927,,,,,,,,0.0,23.25,3,15.28,4.95,,0.0,,8,,20260918
FBIN,"Fortune Brands Innovations, Inc.",Industrials,Building Products & Equipment,NYSE,,2534648,4745016320,1.3623,,,,,,,,0.0,17.0,3,64.84,32.34,,0.0,,8,,20260918
WSC,WillScot Holdings Corporation,Industrials,Rental & Leasing Services,NCM,,2498053,3317606400,0.6754,,,,,,,,0.0,17.0,3,29.77,14.91,,0.0,,8,,20260918
HSSKY,HASEKO Corporation,Consumer Cyclical,Residential Construction,PNK,17.85,16,4727689216,0.0007,17.86,17.85,-12.3322,-0.81,0.37,0.37,0.07,0.0,49.0,3,17.86,17.39,-0.06,0.0,,8,,20260918
EPR,EPR Properties,Real Estate,REIT - Specialty,NYSE,,743224,4378966016,1.1827,,,,,,,,0.0,17.0,3,64.97,48.11,,0.0,,8,,20260918
RMLRF,Ramelius Resources Limited,Basic Materials,Gold,PNK,2.47,10001,4665905664,0.1758,2.5,2.65,-0.1501,,,,,0.0,59.0,3,3.89,1.83,-36.5,0.0,,8,,20260918
NRSDY,Nordic Semiconductor ASA,Technology,Semiconductors,PNK,18.6,251,3678990080,0.1121,17.21,16.49,12.3536,-4.93,5.76,8.95,4.37,0.0,51.25,2,23.4,12.6,-20.51,0.0,,8,,20260918
YADGF,Yadea Group Holdings Ltd.,Consumer Cyclical,Auto Manufacturers,PNK,1.26,22,3825545216,0.0223,0.92,0.62,15.2251,130.49,147.6,30.59,96.52,0.0,75.0,2,2.26,0.8,-44.25,0.0,,8,,20260918
TFSL,TFS Financial Corporation,Financial Services,Banks - Regional,NASDAQ,,864050,4714242560,0.3387,,,,,,,,0.0,24.5,3,19.49,12.54,,0.0,,8,,20260918
TNEYF,Tamarack Valley Energy Ltd.,Energy,Oil & Gas E&P,PNK,9.76,388962,4622277632,0.3237,9.51,8.09,0.757,,,,,0.0,85.0,2,10.48,4.24,-6.87,0.0,,8,,20260918
MTRN,Materion Corporation,Basic Materials,Other Industrial Metals & Mining,NYSE,,358467,5218223104,9.8808,,,,,,,,0.0,24.5,3,304.58,109.61,,0.0,,8,,20260918
BECTY,Bechtle AG,Technology,Information Technology Services,PNK,8.35,46,5260500480,0.1263,8.26,8.18,0.7046,5.73,7.15,-21.95,-4.84,0.0,77.5,2,11.25,6.0,-25.78,0.0,,8,,20260918
AYALY,Ayala Corporation,Industrials,Conglomerates,PNK,6.57,820,4145056512,0.2901,7.79,8.13,-4.1983,-0.12,-42.26,-51.74,-35.52,0.0,25.0,3,15.31,6.34,-57.09,0.0,,8,,20260918
TRKNY,Türk Telekomünikasyon Anonim Sirketi,Communication Services,Telecom Services,PNK,1.99,254,3482500096,0.1357,2.68,3.08,-5.0622,-51.0,-41.68,-34.13,-40.99,0.0,0.0,4,4.31,1.98,-53.83,0.0,,8,,20260918
KEN,Kenon Holdings Ltd.,Utilities,Utilities - Independent Power Producers,NYSE,,21808,3452181248,1.1812,,,,,,,,0.0,19.5,3,95.93,41.53,,0.0,,8,,20260918
SHC,Sotera Health Company,Healthcare,Diagnostics & Research,NASDAQ,,2694472,5407852544,0.4046,,,,,,,,0.0,23.25,3,19.85,13.09,,0.0,,8,,20260918
PFSI,"PennyMac Financial Services, Inc.",Financial Services,Mortgage Finance,NYSE,,582488,3453523712,1.8238,,,,,,,,0.0,18.25,3,160.36,65.03,,0.0,,8,,20260918
KVYO,"Klaviyo, Inc.",Technology,Software - Application,NYSE,,5910667,4518624256,0.9735,,,,,,,,0.0,22.0,3,36.23,12.53,,0.0,,8,,20260918
RTMVF,Rightmove plc,Communication Services,Internet Content & Information,PNK,6.55,32,4783415296,0.0327,6.43,6.18,3.6494,10.45,-3.77,-49.7,-18.59,0.0,75.0,2,10.19,5.29,-35.72,0.0,,8,,20260918
MWH,"SOLV Energy, Inc.",Utilities,Utilities - Renewable,NASDAQ,,2009725,5205386240,1.2846,,,,,,,,0.0,25.75,3,48.4,23.83,,0.0,,8,,20260918
HCC,"Warrior Met Coal, Inc.",Basic Materials,Coking Coal,NYSE,,667579,4847232000,4.2629,,,,,,,,0.0,19.5,3,111.42,60.7,,0.0,,8,,20260918
LASR,"nLIGHT, Inc.",Technology,Semiconductors,NASDAQ,,1342675,2217034240,1.8208,,,,,,,,0.0,20.75,3,86.95,27.79,,0.0,,8,,20260918
NDCVF,Nordic Semiconductor ASA,Technology,Semiconductors,PNK,18.66,3400,3690857728,0.2764,17.31,16.7,4.8732,-8.38,1.75,9.46,2.3,0.0,52.5,2,23.29,12.25,-19.88,0.0,,8,,20260918
NWE,"NorthWestern Energy Group, Inc.",Utilities,Utilities - Regulated Electric,NASDAQ,,414298,4263186944,1.2723,,,,,,,,0.0,25.75,3,75.18,55.53,,0.0,,8,,20260918
CVLT,"Commvault Systems, Inc.",Technology,Software - Application,NASDAQ,,666429,6166536192,4.9208,,,,,,,,0.0,25.75,3,198.18,71.75,,0.0,,8,,20260918
CUYTF,Colruyt Group N.V.,Consumer Defensive,Grocery Stores,PNK,37.68,0,5314840576,0.0007,37.68,41.24,0.0,-0.75,-27.57,-29.91,-21.8,0.0,49.0,3,44.7,37.68,-15.7,0.0,,8,,20260918
RMVEY,Rightmove plc,Communication Services,Internet Content & Information,PNK,13.61,16050,4969639936,0.3124,12.93,12.35,2.1847,15.57,2.33,-44.59,-13.13,0.0,87.5,2,19.76,10.59,-31.12,0.0,,8,,20260918
CNO,"CNO Financial Group, Inc.",Financial Services,Insurance - Life,NYSE,,853895,5141412352,1.0249,,,,,,,,0.0,28.25,3,57.59,38.22,,0.0,,8,,20260918
NPIFF,Northland Power Inc.,Utilities,Utilities - Renewable,PNK,15.61,326527,4082046976,0.2583,15.33,15.1,1.0968,,,,,0.0,60.0,2,18.44,11.43,-15.35,0.0,,8,,20260918
OLED,Universal Display Corporation,Technology,Electronic Components,NASDAQ,,775401,3554615552,3.1973,,,,,,,,0.0,20.75,3,153.38,75.49,,0.0,,8,,20260918
POST,"Post Holdings, Inc.",Consumer Defensive,Packaged Foods,NYSE,,953764,3528816384,2.3,,,,,,,,0.0,23.25,3,117.28,75.4,,0.0,,8,,20260918
KPDCF,Keppel DC REIT,Real Estate,REIT - Office,PNK,1.62,1061,4460990976,0.0268,1.68,1.69,-2.1785,-6.14,-25.68,-23.39,-19.88,0.0,24.0,4,2.2,1.51,-26.14,0.0,,8,,20260918
CHEOF,Cochlear Limited,Healthcare,Medical Devices,PNK,96.71,587,6324729344,0.996,89.9,119.6,6.8355,31.89,-34.99,-68.8,-31.79,0.0,50.0,3,202.61,64.39,-52.27,0.0,,8,,20260918
EIFZF,Exchange Income Corporation,Industrials,Airlines,PNK,81.98,5853,4622447104,1.1427,89.51,77.53,-6.5869,-11.19,0.07,48.6,16.67,0.0,27.5,3,95.53,51.24,-14.18,0.0,,8,,20260918
CAI,"Caris Life Sciences, Inc.",Healthcare,Biotechnology,NASDAQ,,4508920,8737843200,1.3168,,,,,,,,0.0,28.25,3,34.54,14.19,,0.0,,8,,20260918
CYGIY,"CyberAgent, Inc.",Communication Services,Advertising Agencies,PNK,3.85,45,3904662784,0.0937,4.41,4.44,-5.9992,,,,,0.0,26.25,4,6.0,3.75,-35.83,0.0,,8,,20260918
MAPGF,Mapletree Logistics Trust,Real Estate,REIT - Industrial,PNK,1.0,735,5113283072,0.0186,0.95,0.97,2.4392,-2.24,-8.93,-14.03,-9.3,0.0,51.25,3,1.16,0.83,-14.22,0.0,,8,,20260918
MAT,"Mattel, Inc.",Consumer Cyclical,Leisure,NASDAQ,,4311690,3802667008,0.3877,,,,,,,,0.0,22.0,3,22.48,12.73,,0.0,,8,,20260918
AD,"Array Digital Infrastructure, Inc.",Communication Services,Telecom Services,NYSE,,250719,3186749184,0.9115,,,,,,,,0.0,24.5,3,60.82,33.71,,0.0,,8,,20260918
OPEN,Opendoor Technologies Inc.,Real Estate,Real Estate Services,NASDAQ,,55479945,2469725696,0.1288,,,,,,,,0.0,18.25,3,10.49,2.53,,0.0,,8,,20260918
WYGPY,Worley Limited,Energy,Oil & Gas Equipment & Services,PNK,6.88,2900,3355102208,0.1152,7.25,8.01,-3.2114,-27.03,-19.31,-42.05,-30.33,0.0,1.25,4,9.91,6.49,-30.58,0.0,,8,,20260918
MONDY,Mondi plc,Basic Materials,Paper & Paper Products,PNK,22.86,27700,5038319616,0.5492,22.29,22.2,1.0438,,,,,0.0,91.25,2,28.32,17.87,-19.28,0.0,,8,,20260918
MCARY,"Mercari, Inc.",Consumer Cyclical,Internet Retail,PNK,11.85,370,3867380992,0.2337,14.07,11.95,-9.5086,,,,,0.0,37.0,3,15.2,6.88,-22.04,0.0,,8,,20260918
CUZ,Cousins Properties Incorporated,Real Estate,REIT - Office,NYSE,,1508154,4657299456,0.6231,,,,,,,,0.0,24.5,3,32.95,21.03,,0.0,,8,,20260918
CRGY,Crescent Energy Company,Energy,Oil & Gas E&P,NYSE,,6025364,4661996032,0.4579,,,,,,,,0.0,23.25,3,15.47,7.68,,0.0,,8,,20260918
REZI,"Resideo Technologies, Inc.",Industrials,Industrial Distribution,NYSE,,2497155,2812213504,0.6492,,,,,,,,0.0,20.75,3,31.52,18.45,,0.0,,8,,20260918
ACIW,"ACI Worldwide, Inc.",Technology,Software - Infrastructure,NASDAQ,,1025285,5166888960,1.33,,,,,,,,0.0,27.0,3,61.08,38.05,,0.0,,8,,20260918
COCO,"The Vita Coco Company, Inc.",Consumer Defensive,Beverages - Non-Alcoholic,NASDAQ,,1208022,3254279936,2.3629,,,,,,,,0.0,19.5,3,85.83,37.63,,0.0,,8,,20260918
FELE,"Franklin Electric Co., Inc.",Industrials,Specialty Industrial Machinery,NASDAQ,,281801,4253142784,1.7008,,,,,,,,0.0,19.5,3,115.82,89.54,,0.0,,8,,20260918
LMND,"Lemonade, Inc.",Financial Services,Insurance - Property & Casualty,NYSE,,1321975,3759927808,1.9981,,,,,,,,0.0,23.25,3,99.9,46.16,,0.0,,8,,20260918
TCBIO,"Texas Capital Bancshares, Inc.",Financial Services,Banks - Regional,NASDAQ,19.68,17841,0,0.256,20.09,20.36,-1.6081,,,,,0.0,32.75,4,22.95,19.5,-14.23,0.0,,8,,20260918
TCBI,"Texas Capital Bancshares, Inc.",Financial Services,Banks - Regional,NASDAQ,,494967,4107458560,1.808,,,,,,,,0.0,23.25,3,108.92,75.41,,0.0,,8,,20260918
MNODF,Mondi plc,Basic Materials,Paper & Paper Products,PNK,11.15,932,5411890176,0.043,10.92,11.02,5.4615,13.53,-13.37,-31.77,-14.01,0.0,75.0,3,14.3,9.7,-22.05,0.0,,8,,20260918
LION,Lionsgate Studios Corp.,Unknown,Unknown,NYSE,,2624679,3374326784,0.3465,,,,,,,,0.0,24.5,3,16.7,5.88,,0.0,,8,,20260918
PTITF,PT Indosat Tbk,Communication Services,Telecom Services,PNK,0.11,32,4892886016,0.0001,0.12,0.13,-37.0709,-20.65,-23.88,-45.17,-31.59,0.0,12.0,4,0.16,0.11,-29.81,0.0,,8,,20260918
TBBB,BBB Foods Inc.,Consumer Defensive,Discount Stores,NYSE,,643209,6136645632,1.4844,,,,,,,,0.0,22.0,3,52.22,23.81,,0.0,,8,,20260918
NHKGF,"NHK Spring Co., Ltd.",Consumer Cyclical,Auto Parts,PNK,20.8,2,4213980672,0.1127,23.55,3.72,-24.3689,-15.89,-216.94,-16.81,-86.63,0.0,25.0,3,24.51,14.11,-15.14,0.0,,8,,20260918
ANDG,Andersen Group Inc.,Consumer Cyclical,Personal Services,NYSE,,458827,6194027008,1.8396,,,,,,,,0.0,23.25,3,57.62,18.12,,0.0,,8,,20260918
KNTNF,K92 Mining Inc.,Basic Materials,Gold,OQX,20.63,78787,5069024256,0.9042,18.93,18.31,1.8831,,,,,0.0,87.5,2,24.87,11.16,-17.05,0.0,,8,,20260918
RBSFY,Rubis,Energy,Oil & Gas Refining & Marketing,PNK,8.26,409,4268608256,0.1551,7.76,7.68,3.2217,-5.81,-2.87,5.33,-0.32,0.0,76.25,2,8.76,6.54,-5.71,0.0,,8,,20260918
SGBAF,SES S.A.,Communication Services,Broadcasting,PNK,5.6,1050,2279555072,0.1345,6.69,7.53,-8.1379,-34.09,-29.43,-35.36,-32.96,0.0,2.5,4,11.4,5.2,-50.88,0.0,,8,,20260918
BCO,The Brink's Company,Industrials,Security & Protection Services,NYSE,,506190,4389167104,3.2762,,,,,,,,0.0,24.5,3,136.37,91.05,,0.0,,8,,20260918
AMVIF,Aumovio SE,Consumer Cyclical,Auto Parts,PNK,43.15,10604,0,2.1275,43.15,43.15,0.0,,,,,0.0,74.5,3,47.18,38.71,-8.54,0.0,,8,,20260918
AIR,AAR Corp.,Industrials,Aerospace & Defense,NYSE,,447924,4513821184,4.2392,,,,,,,,0.0,20.75,3,154.0,74.25,,0.0,,8,,20260918
SAIC,Science Applications International Corporation,Technology,Information Technology Services,NASDAQ,,502701,5599618560,5.0677,,,,,,,,0.0,28.25,3,142.66,81.08,,0.0,,8,,20260918
AGLXY,AGL Energy Limited,Utilities,Utilities - Independent Power Producers,PNK,6.0,1922,4036483584,0.1622,5.93,6.18,0.4181,,,,,0.0,64.5,3,7.57,5.54,-20.74,0.0,,8,,20260918
HRI,Herc Holdings Inc.,Industrials,Rental & Leasing Services,NYSE,,538629,4638946816,7.1322,,,,,,,,0.0,19.5,3,188.35,88.45,,0.0,,8,,20260918
CBT,Cabot Corporation,Basic Materials,Specialty Chemicals,NYSE,,490106,4003756800,2.1662,,,,,,,,0.0,20.75,3,94.53,58.33,,0.0,,8,,20260918
ELFIF,E-L Financial Corporation Limited,Financial Services,Insurance - Life,PNK,12.76,6720,4410076160,0.1517,12.4,12.01,2.354,,,,,0.0,82.5,2,13.92,11.02,-8.33,0.0,,8,,20260918
FTDR,"Frontdoor, Inc.",Consumer Cyclical,Personal Services,NASDAQ,,570741,5477018112,1.8254,,,,,,,,0.0,24.5,3,93.43,48.47,,0.0,,8,,20260918
MZDAF,Mazda Motor Corporation,Consumer Cyclical,Auto Manufacturers,PNK,7.45,288,4700728320,0.103,7.26,7.22,1.8233,4.17,-8.73,-18.46,-9.4,0.0,77.5,2,9.35,6.04,-20.32,0.0,,8,,20260918
CYAGF,"CyberAgent, Inc.",Communication Services,Advertising Agencies,PNK,8.06,2,4089246976,0.0283,8.57,8.61,-17.7154,-9.84,-1.71,-316.96,-129.84,0.0,12.0,4,13.0,7.25,-37.97,0.0,,8,,20260918
MTH,Meritage Homes Corporation,Consumer Cyclical,Residential Construction,NYSE,,832125,4211549952,1.9323,,,,,,,,0.0,20.75,3,85.38,58.03,,0.0,,8,,20260918
VVV,Valvoline Inc.,Consumer Cyclical,Auto & Truck Dealerships,NYSE,,2144169,3452855808,0.8496,,,,,,,,0.0,14.5,3,41.08,26.93,,0.0,,8,,20260918
RDNT,"RadNet, Inc.",Healthcare,Diagnostics & Research,NASDAQ,,831472,6121111552,2.5403,,,,,,,,0.0,22.0,3,85.84,50.82,,0.0,,8,,20260918
HNGE,"Hinge Health, Inc.",Healthcare,Health Information Services,NYSE,,1959516,7643375104,4.4444,,,,,,,,0.0,24.5,3,96.66,30.08,,0.0,,8,,20260918
NINOF,Nikon Corporation,Consumer Cyclical,Leisure,PNK,9.83,71,3238166784,0.2081,12.51,7.11,-12.8916,-14.53,-857.71,599.77,-63.92,0.0,25.0,3,14.5,9.83,-32.21,0.0,,8,,20260918
BKGFF,The Berkeley Group Holdings plc,Consumer Cyclical,Residential Construction,PNK,45.29,2,4126354688,0.5399,46.57,48.57,-2.3777,-2.3,-31.8,-23.23,-21.0,0.0,49.0,3,58.82,42.33,-23.0,0.0,,8,,20260918
HSYDF,Harmonic Drive Systems Inc.,Industrials,Specialty Industrial Machinery,PNK,39.3,3922,3720404736,2.8403,39.87,29.32,-0.2005,-12.44,124.38,587.56,275.45,0.0,45.75,3,57.16,16.2,-31.25,0.0,,8,,20260918
MRP,"Millrose Properties, Inc.",Real Estate,REIT - Residential,NYSE,,1338722,4780519936,0.6882,,,,,,,,0.0,20.75,3,35.1,26.3,,0.0,,8,,20260918
CVSA,Covista Inc.,Consumer Defensive,Education & Training Services,NYSE,,359417,4302847488,4.0585,,,,,,,,0.0,25.75,3,156.26,86.97,,0.0,,8,,20260918
SMDPY,"Sumitomo Pharma Co., Ltd.",Healthcare,Drug Manufacturers - Specialty & Generic,PNK,10.45,776,4687800832,0.1749,9.24,11.11,6.939,14.71,-26.9,-10.86,-10.08,0.0,64.5,3,24.48,7.84,-57.31,0.0,,8,,20260918
MANE,"Veradermics, Incorporated",Healthcare,Biotechnology,NYSE,,755280,4540665344,4.7608,,,,,,,,0.0,19.5,3,131.24,32.0,,0.0,,8,,20260918
KBR,"KBR, Inc.",Industrials,Engineering & Construction,NYSE,,1569954,4626686464,0.9772,,,,,,,,0.0,24.5,3,52.23,29.94,,0.0,,8,,20260918
CNR,"Core Natural Resources, Inc.",Energy,Thermal Coal,NYSE,,567411,4632055296,3.2564,,,,,,,,0.0,23.25,3,114.8,73.21,,0.0,,8,,20260918
SFBS,"ServisFirst Bancshares, Inc.",Financial Services,Banks - Regional,NYSE,,614325,4477678592,0.9508,,,,,,,,0.0,22.0,3,46.04,33.6,,0.0,,8,,20260918
COLD,"Americold Realty Trust, Inc.",Real Estate,REIT - Industrial,NYSE,,3963648,4262544640,0.5029,,,,,,,,0.0,22.0,3,16.88,10.1,,0.0,,8,,20260918
ANIOY,"Acerinox, S.A.",Basic Materials,Steel,PNK,9.96,1145,4963242496,0.1203,9.97,8.24,-0.0695,2.31,31.8,44.51,29.51,0.0,65.75,3,10.74,6.22,-7.26,0.0,,8,,20260918
MZDAY,Mazda Motor Corporation,Consumer Cyclical,Auto Manufacturers,PNK,3.75,34124,4732276736,0.1022,3.61,3.61,1.385,,,,,0.0,86.25,3,4.55,3.1,-17.58,0.0,,8,,20260918
USAC,"USA Compression Partners, LP",Energy,Oil & Gas Equipment & Services,NYSE,,284096,3793167360,0.5292,,,,,,,,0.0,22.0,3,30.55,21.85,,0.0,,8,,20260918
UPCHY,Uni-President China Holdings Ltd,Consumer Defensive,Beverages - Non-Alcoholic,PNK,91.0,19,3930594048,0.5003,92.79,92.83,-3.5803,-5.63,-14.28,-27.91,-17.57,0.0,49.0,4,117.05,85.53,-22.26,0.0,,8,,20260918
GRTUF,Granite Real Estate Investment Trust,Real Estate,REIT - Industrial,OQX,59.35,4654,3684684544,0.5983,66.11,62.98,-11.3003,,,,,0.0,20.75,4,72.03,50.0,-17.6,0.0,,8,,20260918
MNSO,MINISO Group Holding Limited,Consumer Cyclical,Specialty Retail,NYSE,,811454,2608400128,0.2375,,,,,,,,0.0,23.25,3,25.55,8.76,,0.0,,8,,20260918
HAFN,Hafnia Limited,Industrials,Marine Shipping,NYSE,,1610651,4857874432,0.2678,,,,,,,,0.0,29.5,3,9.86,5.17,,0.0,,8,,20260918
KC,Kingsoft Cloud Holdings Limited,Technology,Software - Application,NASDAQ,,1483798,2808087552,0.2668,,,,,,,,0.0,20.75,3,18.52,8.35,,0.0,,8,,20260918
KKKUF,"Kakaku.com, Inc.",Communication Services,Internet Content & Information,PNK,26.15,11,5241337344,0.2406,22.72,17.14,14.2564,25.94,101.37,22.06,50.79,0.0,75.0,2,26.15,11.15,-0.0,0.0,,8,,20260918
WYGPF,Worley Limited,Energy,Oil & Gas Equipment & Services,PNK,7.64,124,3725723904,0.0316,7.8,8.33,-5.1967,-16.8,-6.31,-30.09,-18.44,0.0,24.0,4,9.57,7.16,-20.17,0.0,,8,,20260918
JTKWY,Just Eat Takeaway.com N.V.,Unknown,Unknown,PNK,4.25,2527,4244022016,0.2241,4.04,4.17,0.9161,-0.75,-20.62,-25.03,-17.42,0.0,81.25,3,5.68,2.5,-25.18,0.0,,8,,20260918
CRNLF,Capricorn Metals Ltd,Basic Materials,Gold,PNK,10.93,348,4994290688,0.2442,10.62,9.52,1.2448,13.57,20.93,24.57,20.55,0.0,75.0,2,13.75,6.57,-20.55,0.0,,8,,20260918
SOOBF,Sapporo Breweries Limited,Consumer Defensive,Beverages - Brewers,PNK,11.9,11,4638728704,0.08,12.18,-1.28,-3.5522,-228.11,-252.6,74.17,-115.77,0.0,62.0,3,13.0,8.42,-8.5,0.0,,8,,20260918
HKMPY,Hikma Pharmaceuticals PLC,Healthcare,Drug Manufacturers - Specialty & Generic,PNK,41.31,417,4275913216,0.266,42.89,39.25,-5.9407,2.96,11.78,-18.02,-2.35,0.0,62.0,3,50.56,31.8,-18.3,0.0,,8,,20260918
AMVOY,Aumovio SE,Consumer Cyclical,Auto Parts,PNK,8.56,4783,4282182656,0.3626,8.47,8.84,0.2376,-10.46,-6.14,-10.63,-9.02,0.0,48.25,3,14.78,7.12,-42.08,0.0,,8,,20260918
TDS,"Telephone and Data Systems, Inc.",Communication Services,Telecom Services,NYSE,,1197145,4152233984,1.0214,,,,,,,,0.0,27.0,3,49.12,31.51,,0.0,,8,,20260918
SLM,SLM Corporation,Financial Services,Credit Services,NASDAQ,,2498979,4698120192,0.7164,,,,,,,,0.0,22.0,3,31.06,17.77,,0.0,,8,,20260918
SLMBP,SLM Corporation,Financial Services,Credit Services,NASDAQ,74.28,3216,32361419795,0.5803,73.51,71.89,1.3358,,,,,0.0,83.75,2,76.34,70.58,-2.7,0.0,,8,,20260918
BKGFY,The Berkeley Group Holdings plc,Consumer Cyclical,Residential Construction,PNK,8.98,62912,4090821632,0.1966,9.38,9.83,-2.0572,,,,,0.0,59.0,4,12.54,8.09,-28.39,0.0,,8,,20260918
VNT,Vontier Corporation,Technology,Scientific & Technical Instruments,NYSE,,1537604,4302064128,0.8094,,,,,,,,0.0,22.0,3,48.2,27.25,,0.0,,8,,20260918
CITAF,"COSCO SHIPPING Development Co., Ltd.",Industrials,Aerospace & Defense,PNK,0.1,83,1352601856,0.0015,0.11,0.12,-7.4107,1.04,-31.57,-42.03,-27.6,0.0,25.0,4,0.17,0.1,-38.18,0.0,,8,,20260918
FMCKM,Federal Home Loan Mortgage Corporation,Financial Services,Mortgage Finance,OQB,6.06,1783,19521259130,0.2077,7.44,9.46,-6.638,,,,,0.0,6.25,4,14.0,6.06,-56.71,0.0,,8,,20260918
FMCKP,Federal Home Loan Mortgage Corporation,Financial Services,Mortgage Finance,OQB,11.52,169,37109722153,0.2264,14.24,17.49,-12.0269,,,,,0.0,0.0,4,26.26,11.52,-56.13,0.0,,8,,20260918
FMCCJ,Federal Home Loan Mortgage Corporation,Financial Services,Mortgage Finance,OQB,10.2,1287,32857564569,0.3402,11.79,14.48,-4.664,,,,,0.0,6.25,4,22.32,10.0,-54.3,0.0,,8,,20260918
FREJO,Federal Home Loan Mortgage Corporation PFD 5.1% SAL,Unknown,Unknown,OQB,14.01,8,45130553164,0.1115,15.64,17.87,-14.6553,-17.56,-38.69,-57.58,-40.96,0.0,0.0,4,24.25,14.01,-42.23,0.0,,8,,20260918
FMCCL,Federal Home Loan Mortgage Corporation,Financial Services,Mortgage Finance,OQB,11.0,2370,35434629120,0.3612,11.95,15.04,-2.627,-17.1,-32.19,-65.81,-41.86,0.0,6.25,4,22.57,10.38,-51.26,0.0,,8,,20260918
FMCCK,Federal Home Loan Mortgage Corporation,Financial Services,Mortgage Finance,OQB,11.64,622,37496281374,0.143,13.12,17.26,-10.3235,,,,,0.0,0.0,4,27.13,11.64,-57.1,0.0,,8,,20260918
FMCCT,Federal Home Loan Mortgage Corporation,Financial Services,Mortgage Finance,OQB,12.7,5329,40910889369,0.3043,14.58,18.72,-6.1783,,,,,0.0,3.75,4,29.67,12.7,-57.2,0.0,,8,,20260918
FMCKK,Federal Home Loan Mortgage Corporation PFD,Unknown,Unknown,OQB,12.0,3820,0,0.0959,12.81,16.2,-8.4622,,,,,0.0,1.25,4,25.0,11.9,-52.0,0.0,,8,,20260918
FMCKJ,Federal Home Loan Mortgage Corporation,Financial Services,Mortgage Finance,OQB,7.65,174351,24643174195,0.2978,9.28,11.38,-5.475,,,,,0.0,10.0,4,16.98,7.58,-54.95,0.0,,8,,20260918
FMCCG,Federal Home Loan Mortgage Corporation,Financial Services,Mortgage Finance,OQB,10.05,1024,32374366310,0.3188,11.71,14.48,-5.2108,,,,,0.0,5.0,4,22.0,10.05,-54.32,0.0,,8,,20260918
FMCKI,Federal Home Loan Mortgage Corporation,Financial Services,Mortgage Finance,OQB,6.56,11878,21146098758,0.1936,7.38,9.52,-4.1907,-26.24,-34.21,-68.47,-45.92,0.0,5.0,4,14.67,6.26,-55.24,0.0,,8,,20260918
FMCCN,Federal Home Loan Mortgage Corporation,Financial Services,Mortgage Finance,OQB,10.4,679,33501829939,0.3168,11.7,14.52,-4.1024,,,,,0.0,6.25,4,22.1,10.0,-52.94,0.0,,8,,20260918
FMCCH,Federal Home Loan Mortgage Corporation,Financial Services,Mortgage Finance,OQB,11.51,733,37077508116,0.2015,13.1,16.34,-7.8998,,,,,0.0,2.5,4,24.94,11.51,-53.85,0.0,,8,,20260918
FREGP,Federal Home Loan Mortgage Corporation,Financial Services,Mortgage Finance,OQB,12.53,119,40363263037,0.0955,13.52,17.34,-10.3231,-20.95,-38.65,-66.22,-45.25,0.0,0.0,4,26.55,12.37,-52.81,0.0,,8,,20260918
FMCKL,Federal Home Loan Mortgage Corporation,Financial Services,Mortgage Finance,OQB,6.87,11050,22130536181,0.0909,7.55,9.72,-7.5312,-21.06,-31.32,-66.29,-42.74,0.0,0.0,4,14.76,6.29,-53.46,0.0,,8,,20260918
FMCCI,Federal Home Loan Mortgage Corporation,Financial Services,Mortgage Finance,OQB,10.02,3561,32277727273,0.4361,11.67,14.39,-3.7794,,,,,0.0,6.25,4,22.37,10.0,-55.21,0.0,,8,,20260918
FMCCM,Federal Home Loan Mortgage Corporation,Financial Services,Mortgage Finance,OQB,10.4,1829,33501829939,0.2861,11.83,14.71,-4.9917,,,,,0.0,3.75,4,22.09,10.33,-52.92,0.0,,8,,20260918
FMCCP,Federal Home Loan Mortgage Corporation,Financial Services,Mortgage Finance,OQB,12.5,287,40266624000,0.1992,14.47,17.87,-9.8932,-20.63,-29.68,-69.32,-43.27,0.0,1.25,4,27.58,11.87,-54.68,0.0,,8,,20260918
FMCC,Federal Home Loan Mortgage Corporation,Financial Services,Mortgage Finance,OQB,4.8,1683775,3120286208,0.279,5.44,6.78,-2.2785,,,,,0.0,6.25,4,13.59,3.4,-64.68,0.0,,8,,20260918
FREJP,Federal Home Loan Mortgage Corporation PFD 5.30%,Unknown,Unknown,OQB,12.28,179,0,0.0688,13.33,16.57,-15.192,-17.5,-27.55,-66.24,-40.51,0.0,0.0,4,25.0,12.28,-50.88,0.0,,8,,20260918
FMCKO,Federal Home Loan Mortgage Corporation,Financial Services,Mortgage Finance,OQB,6.72,6393,21647336386,0.1215,7.53,9.75,-6.6543,,,,,0.0,1.25,4,14.5,6.65,-53.66,0.0,,8,,20260918
FMCCO,Federal Home Loan Mortgage Corporation,Financial Services,Mortgage Finance,OQB,12.5,212,40266624000,0.1001,13.56,17.57,-10.6027,-20.37,-35.13,-66.62,-44.04,0.0,1.25,4,27.52,12.5,-54.58,0.0,,8,,20260918
FREJN,Federal Home Loan Mortgage Corporation,Financial Services,Mortgage Finance,OQB,14.25,19,45903951360,0.0937,15.58,18.05,-14.158,-14.96,-31.58,-60.55,-39.01,0.0,0.0,4,27.0,14.25,-47.22,0.0,,8,,20260918
FMCKN,Federal Home Loan Mortgage Corporation,Financial Services,Mortgage Finance,OQB,7.34,325,23644562104,0.1538,7.97,10.1,-4.0913,,,,,0.0,3.75,4,14.7,6.79,-50.07,0.0,,8,,20260918
FMCCS,Federal Home Loan Mortgage Corporation,Financial Services,Mortgage Finance,OQB,10.35,1467,33340765900,0.308,12.23,15.58,-6.1114,,,,,0.0,6.25,4,23.74,10.35,-56.4,0.0,,8,,20260918
SMR,NuScale Power Corporation,Industrials,Specialty Industrial Machinery,NYSE,,32770011,3709921280,0.6312,,,,,,,,0.0,25.75,3,57.42,7.21,,0.0,,8,,20260918
PHI,PLDT Inc.,Communication Services,Telecom Services,NYSE,,158691,3876040704,0.3277,,,,,,,,0.0,23.25,3,24.51,17.05,,0.0,,8,,20260918
FHI,"Federated Hermes, Inc.",Financial Services,Asset Management,NYSE,,591806,4207853312,1.5569,,,,,,,,0.0,20.75,3,67.2,46.66,,0.0,,8,,20260918
LOPE,"Grand Canyon Education, Inc.",Consumer Defensive,Education & Training Services,NASDAQ,,349379,3972572160,3.3192,,,,,,,,0.0,27.0,3,223.04,134.27,,0.0,,8,,20260918
ATHOF,Athabasca Oil Corporation,Energy,Oil & Gas E&P,PNK,7.5,330906,3609750016,0.2629,7.65,7.07,-0.5606,,,,,0.0,73.25,3,10.68,4.35,-29.78,0.0,,8,,20260918
AMMHF,AMMB Holdings Berhad,Financial Services,Banks - Regional,PNK,1.25,0,4157250304,0.0002,1.25,1.26,0.0,-0.75,-28.06,14.59,-4.17,0.0,62.0,3,1.8,1.2,-30.28,0.0,,8,,20260918
STNG,Scorpio Tankers Inc.,Energy,Oil & Gas Midstream,NYSE,,836211,4399646720,2.1838,,,,,,,,0.0,25.75,3,90.05,48.93,,0.0,,8,,20260918
LIMAF,Linamar Corporation,Consumer Cyclical,Auto Parts,PNK,71.69,9700,4228549376,1.0332,73.18,67.03,-1.4407,,,,,0.0,73.25,3,80.02,50.04,-10.41,0.0,,8,,20260918
NAMS,NewAmsterdam Pharma Company N.V.,Healthcare,Biotechnology,NASDAQ,,1188082,2621450240,1.3523,,,,,,,,0.0,19.5,3,42.2,21.02,,0.0,,8,,20260918
PLNT,"Planet Fitness, Inc.",Consumer Cyclical,Leisure,NYSE,,1877545,3785634816,1.5131,,,,,,,,0.0,20.75,3,114.26,37.03,,0.0,,8,,20260918
INSW,"International Seaways, Inc.",Energy,Oil & Gas Midstream,NYSE,,604477,5474695680,3.3063,,,,,,,,0.0,25.75,3,112.97,42.26,,0.0,,8,,20260918
BRC,Brady Corporation,Industrials,Security & Protection Services,NYSE,,213554,3996751360,2.7415,,,,,,,,0.0,18.25,3,99.29,70.57,,0.0,,8,,20260918
TVTX,"Travere Therapeutics, Inc.",Healthcare,Biotechnology,NASDAQ,,1651764,6020360192,2.4295,,,,,,,,0.0,24.5,3,68.73,22.05,,0.0,,8,,20260918
PSUS,"Pershing Square USA, Ltd.",Financial Services,Asset Management,NYSE,38.59,372854,0,0.7734,38.32,38.59,0.347,,,,,0.0,85.0,3,44.0,35.71,-12.3,0.0,,8,,20260918
BDC,Belden Inc.,Technology,Communication Equipment,NYSE,,508311,4374412800,4.6004,,,,,,,,0.0,19.5,3,159.99,98.0,,0.0,,8,,20260918
AZZ,AZZ Inc.,Industrials,Specialty Business Services,NYSE,,280832,4016683520,3.2885,,,,,,,,0.0,18.25,3,162.2,92.98,,0.0,,8,,20260918
ACDVF,Air Canada,Industrials,Airlines,OQX,19.98,252085,5597756416,0.7828,19.14,15.57,1.0788,,,,,0.0,90.0,2,22.52,12.03,-11.29,0.0,,8,,20260918
APEMY,Aperam S.A.,Basic Materials,Steel,PNK,53.0,224,3840580608,0.792,53.14,48.01,-0.1798,-10.58,23.17,70.34,33.6,0.0,40.75,3,61.65,32.02,-14.03,0.0,,8,,20260918
EE,"Excelerate Energy, Inc.",Energy,Oil & Gas Midstream,NYSE,,363495,4155053056,1.6338,,,,,,,,0.0,22.0,3,43.17,23.69,,0.0,,8,,20260918
CLSK,"CleanSpark, Inc.",Financial Services,Capital Markets,NCM,,20830858,3428507904,0.8469,,,,,,,,0.0,25.75,3,23.61,8.0,,0.0,,8,,20260918
FULTP,Fulton Financial Corporation,Financial Services,Banks - Regional,NASDAQ,17.82,13616,0,0.2202,17.82,18.06,0.0001,,,,,0.0,55.75,3,20.8,17.21,-14.31,0.0,,8,,20260918
FULT,Fulton Financial Corporation,Financial Services,Banks - Regional,NASDAQ,,1776903,4465491456,0.41,,,,,,,,0.0,23.25,3,25.23,16.6,,0.0,,8,,20260918
KNF,Knife River Corporation,Basic Materials,Building Materials,NYSE,,741298,3092517632,1.9808,,,,,,,,0.0,23.25,3,96.28,54.16,,0.0,,8,,20260918
FNNTF,flatexDEGIRO SE,Financial Services,Capital Markets,PNK,32.57,103,3484934656,0.7134,42.52,38.69,-13.9486,-13.2,-34.33,-15.25,-21.41,0.0,25.0,3,43.25,31.45,-24.69,0.0,,8,,20260918
PVH,PVH Corp.,Consumer Cyclical,Apparel Manufacturing,NYSE,,999830,3392976128,2.722,,,,,,,,0.0,20.75,3,100.75,59.6,,0.0,,8,,20260918
KNSA,"Kiniksa Pharmaceuticals International, plc",Healthcare,Drug Manufacturers - Specialty & Generic,NASDAQ,,744329,6103493120,2.5039,,,,,,,,0.0,23.25,3,82.94,35.2,,0.0,,8,,20260918
CRK,"Comstock Resources, Inc.",Energy,Oil & Gas E&P,NYSE,,2552162,3793577472,0.6977,,,,,,,,0.0,22.0,3,28.1,12.12,,0.0,,8,,20260918
LBTYA,Liberty Global Ltd.,Communication Services,Telecom Services,NASDAQ,,2263470,3509790976,0.2723,,,,,,,,0.0,24.5,3,13.52,9.43,,0.0,,8,,20260918
LBTYB,Liberty Global Ltd.,Communication Services,Telecom Services,NASDAQ,12.48,4656,4255067392,0.3622,12.51,12.96,-0.0828,-7.62,-12.36,-7.86,-9.38,0.0,29.0,4,29.01,10.2,-56.98,0.0,,8,,20260918
LBTYK,Liberty Global Ltd.,Communication Services,Telecom Services,NASDAQ,,1352917,3376766720,0.2646,,,,,,,,0.0,23.25,3,13.12,9.3,,0.0,,8,,20260918
RITPF,RIT Capital Partners Plc,Financial Services,Asset Management,PNK,35.4,219,4374115328,0.2059,34.52,31.21,4.2586,11.63,4.99,13.7,10.13,0.0,75.0,2,36.34,27.14,-2.59,0.0,,8,,20260918
HKMPF,Hikma Pharmaceuticals PLC,Healthcare,Drug Manufacturers - Specialty & Generic,PNK,22.19,183,4593061376,0.0234,21.73,19.81,19.576,14.26,18.94,-12.38,5.24,0.0,75.0,2,25.34,16.34,-12.44,0.0,,8,,20260918
JGCCY,JGC Holdings Corporation,Industrials,Engineering & Construction,PNK,26.57,29,3215979264,0.0665,27.14,27.72,-8.6053,-12.54,-15.97,16.18,-2.25,0.0,24.0,4,34.95,19.06,-23.98,0.0,,8,,20260918
ITVPY,ITV plc,Communication Services,Broadcasting,PNK,9.6,15612,3529692928,0.3194,9.83,10.38,-0.7131,-14.73,-21.65,-24.51,-21.06,0.0,31.5,4,11.98,8.67,-19.87,0.0,,8,,20260918
GTMEF,"Globe Telecom, Inc.",Communication Services,Telecom Services,PNK,28.2,0,4078610432,0.0085,27.97,35.83,26.7368,0.71,-44.8,-47.15,-34.36,0.0,50.0,3,41.95,28.2,-32.78,0.0,,8,,20260918
SKT,Tanger Inc.,Real Estate,REIT - Retail,NYSE,,926612,4273510400,0.6908,,,,,,,,0.0,17.0,3,42.53,31.13,,0.0,,8,,20260918
DNP,DNP Select Income Fund Inc.,Financial Services,Asset Management,NYSE,10.22,652811,3871362816,0.1353,10.78,10.22,-4.1075,,,,,0.0,45.75,3,11.16,9.69,-8.42,0.0,,8,,20260918
PSKRF,Protector Forsikring ASA,Financial Services,Insurance - Property & Casualty,PNK,50.5,8,4156898560,0.1852,50.04,42.94,2.4584,9.99,11.22,742.45,303.4,0.0,75.0,2,53.4,11.5,-5.43,0.0,,8,,20260918
IRT,"Independence Realty Trust, Inc.",Real Estate,REIT - Residential,NYSE,,3070246,3636927744,0.3208,,,,,,,,0.0,18.25,3,17.79,14.6,,0.0,,8,,20260918
CAAP,Corporación América Airports S.A.,Industrials,Airports & Air Services,NYSE,,211575,3907844352,0.7466,,,,,,,,0.0,24.5,3,30.5,17.36,,0.0,,8,,20260918
TREX,"Trex Company, Inc.",Industrials,Building Products & Equipment,NYSE,,1905312,4510243840,1.5085,,,,,,,,0.0,20.75,3,54.88,29.77,,0.0,,8,,20260918
TNL,Travel + Leisure Co.,Consumer Cyclical,Travel Services,NYSE,,723629,3906120192,1.6114,,,,,,,,0.0,22.0,3,81.0,58.07,,0.0,,8,,20260918
SRAD,Sportradar Group AG,Technology,Software - Application,NASDAQ,,2297191,3657962240,0.4827,,,,,,,,0.0,23.25,3,31.18,11.55,,0.0,,8,,20260918
LIVN,LivaNova PLC,Healthcare,Medical Devices,NASDAQ,,668343,4285724160,2.1638,,,,,,,,0.0,23.25,3,85.76,48.82,,0.0,,8,,20260918
MMYT,MakeMyTrip Limited,Consumer Cyclical,Travel Services,NASDAQ,,822375,4502587904,2.3015,,,,,,,,0.0,23.25,3,103.24,32.67,,0.0,,8,,20260918
THO,"THOR Industries, Inc.",Consumer Cyclical,Recreational Vehicles,NYSE,,648803,3583629312,2.4385,,,,,,,,0.0,17.0,3,122.83,68.6,,0.0,,8,,20260918
DOO,BRP Inc.,Consumer Cyclical,Recreational Vehicles,NASDAQ,,250685,4186483968,2.4723,,,,,,,,0.0,20.75,3,81.89,48.83,,0.0,,8,,20260918
NCTKF,Nabtesco Corporation,Industrials,Specialty Industrial Machinery,PNK,28.14,53,3271319040,0.104,29.86,28.29,-16.5835,-12.65,-8.79,64.47,19.55,0.0,12.0,4,37.0,22.77,-23.95,0.0,,8,,20260918
MNDY,monday.com Ltd.,Technology,Software - Application,NASDAQ,,1366687,3816930304,4.6452,,,,,,,,0.0,25.75,3,220.8,57.5,,0.0,,8,,20260918
PJT,PJT Partners Inc.,Financial Services,Capital Markets,NYSE,,456491,6441974784,6.1604,,,,,,,,0.0,22.0,3,195.62,127.73,,0.0,,8,,20260918
NCTKY,Nabtesco Corporation,Industrials,Specialty Industrial Machinery,PNK,14.98,3709,3634023936,0.9599,15.13,14.84,-0.1567,,,,,0.0,48.25,3,19.46,8.44,-23.02,0.0,,8,,20260918
BCHHF,Bucher Industries AG,Industrials,Specialty Industrial Machinery,PNK,379.66,0,3725764864,0.059,381.5,423.96,-31.1893,-4.64,-31.36,-36.97,-26.92,0.0,12.0,4,495.77,379.66,-23.42,0.0,,8,,20260918
AGLNF,AGL Energy Limited,Utilities,Utilities - Independent Power Producers,PNK,5.95,685,4002846208,0.0129,5.62,5.89,25.5254,3.05,-18.78,-1.87,-6.56,0.0,75.0,3,7.17,5.21,-17.02,0.0,,8,,20260918
TSLTF,TransAlta Corporation,Utilities,Utilities - Independent Power Producers,PNK,18.77,19,0,0.0167,18.47,17.56,17.988,1.31,-7.87,8.27,0.88,0.0,75.0,2,20.0,16.68,-6.17,0.0,,8,,20260918
TORXF,Torex Gold Resources Inc.,Basic Materials,Gold,OQX,49.03,46945,4539912704,1.9057,44.5,46.06,2.3775,,,,,0.0,90.0,3,62.56,32.3,-21.63,0.0,,8,,20260918
