ticker,name,sector,industry,exchange,close,avg_volume_50d,market_cap,atr14,sma50,sma200,atr_extension,rs_3m,rs_6m,rs_12m,rs_score,rs_percentile,trend_strength,stage,52w_high,52w_low,pct_from_52w_high,rts_composite,rts_grade,rts_grade_rank,colour_band,run_date
OCS,Oculis Holding AG,Healthcare,Biotechnology,NASDAQ,12.17,378753,675775296,0.5155,12.56,21.04,-0.755,3.87,-70.01,-49.05,-43.16,0.0,49.5,4,34.48,10.52,-64.7,0.0,,8,,20260908
MQ,"Marqeta, Inc.",Technology,Software - Infrastructure,NASDAQ,16.58,1080662,1725958656,0.5811,16.63,16.98,-0.0862,2.14,-12.05,-52.13,-24.53,0.0,61.5,4,24.64,14.8,-32.71,0.0,,8,,20260908
FLO,"Flowers Foods, Inc.",Consumer Defensive,Packaged Foods,NYSE,6.27,6702592,1329197568,0.2987,7.61,8.73,-4.4806,-19.51,-45.13,-73.37,-50.02,0.0,10.0,4,15.02,6.27,-58.26,0.0,,8,,20260908
AMRC,"Ameresco, Inc.",Industrials,Engineering & Construction,NYSE,23.15,661480,1228482816,1.528,24.09,28.46,-0.612,-23.35,-25.08,-30.93,-26.99,0.0,23.25,4,44.93,18.38,-48.48,0.0,,8,,20260908
HGRAF,HydroGraph Clean Power Inc.,Basic Materials,Specialty Chemicals,OQB,3.97,1148105,1438290560,0.3487,3.97,3.93,0.0071,-22.33,-49.86,187.79,52.08,0.0,60.0,2,8.37,1.0,-52.57,0.0,,8,,20260908
VLXGF,Volex plc,Industrials,Electrical Equipment & Parts,PNK,7.9,3625,1445880064,0.1668,7.34,6.86,3.3677,-5.63,6.92,48.28,20.33,0.0,51.25,2,9.53,4.73,-17.1,0.0,,8,,20260908
MQY,"BlackRock MuniYield Quality Fund, Inc.",Financial Services,Asset Management,NYSE,10.87,399790,780831424,0.0812,11.27,11.15,-4.8924,-7.2,-18.96,-15.37,-14.58,0.0,29.0,4,11.94,10.84,-8.96,0.0,,8,,20260908
LMPMY,Lee & Man Paper Manufacturing Limited,Basic Materials,Paper & Paper Products,PNK,4.65,76,1997175040,0.0533,4.47,4.04,3.3408,24.24,-19.19,16.14,5.8,0.0,75.0,2,5.65,3.21,-17.7,0.0,,8,,20260908
CNXN,"PC Connection, Inc.",Technology,Electronics & Computer Distribution,NASDAQ,84.35,155800,2128833664,2.2721,79.4,66.23,2.1804,12.5,24.59,8.59,15.17,0.0,88.75,2,88.31,54.97,-4.48,0.0,,8,,20260908
PEB,Pebblebrook Hotel Trust,Real Estate,REIT - Hotel & Motel,NYSE,18.03,2480077,2034554368,0.5506,18.6,14.55,-1.036,2.11,25.78,32.91,22.71,0.0,74.5,3,19.93,9.99,-9.53,0.0,,8,,20260908
AIP,"Arteris, Inc.",Technology,Semiconductors,NASDAQ,21.37,837939,1050380480,1.6839,29.94,23.88,-5.092,-42.35,32.02,121.78,49.33,0.0,5.0,4,50.26,8.42,-57.48,0.0,,8,,20260908
HTZ,"Hertz Global Holdings, Inc.",Industrials,Rental & Leasing Services,NASDAQ,2.3,32236931,819838208,0.2117,2.05,4.42,1.162,-59.51,-59.33,-77.61,-66.69,0.0,36.25,3,8.18,1.45,-71.88,0.0,,8,,20260908
AGIO,"Agios Pharmaceuticals, Inc.",Healthcare,Biotechnology,NASDAQ,33.1,1139393,1976132096,1.3583,35.65,30.5,-1.8738,12.31,5.34,-28.35,-6.4,0.0,61.25,3,46.0,22.24,-28.04,0.0,,8,,20260908
TILE,"Interface, Inc.",Consumer Cyclical,"Furnishings, Fixtures & Appliances",NASDAQ,37.24,516368,2152489216,1.2445,35.68,30.67,1.2546,18.96,17.58,14.11,16.54,0.0,85.0,2,40.5,24.4,-8.05,0.0,,8,,20260908
CAPR,"Capricor Therapeutics, Inc.",Healthcare,Biotechnology,NASDAQ,9.4,6206793,546506496,1.2717,12.59,23.37,-2.5044,-69.5,-81.46,38.28,-30.57,0.0,11.25,4,40.37,2.96,-76.72,0.0,,8,,20260908
BLDP,Ballard Power Systems Inc.,Industrials,Electrical Equipment & Parts,NASDAQ,2.34,5474480,705525184,0.1332,2.78,3.04,-3.2984,-57.13,1.26,6.52,-11.23,0.0,7.5,4,6.57,1.85,-64.38,0.0,,8,,20260908
NMRSF,"Namura Shipbuilding Co., Ltd.",Industrials,Aerospace & Defense,PNK,29.66,105,2062705920,0.1925,25.49,18.36,21.6733,29.51,169.39,3368.34,1414.0,0.0,75.0,2,36.36,21.11,-18.43,0.0,,8,,20260908
NKRKF,Nokian Renkaat Oyj,Consumer Cyclical,Auto Parts,PNK,17.44,90,2405463552,0.0263,16.38,12.6,40.2202,40.4,18.95,78.81,48.26,0.0,75.0,2,17.44,9.0,0.0,0.0,,8,,20260908
SHLS,"Shoals Technologies Group, Inc.",Technology,Solar,NASDAQ,7.13,5531660,1199978624,0.5014,8.8,8.64,-3.326,-38.74,9.71,-20.25,-14.38,0.0,10.0,4,13.18,5.43,-45.9,0.0,,8,,20260908
NKRKY,Nokian Renkaat Oyj,Consumer Cyclical,Auto Parts,PNK,9.41,4452,2595803904,0.1595,8.4,6.41,6.3064,45.39,52.28,91.34,66.18,0.0,81.25,2,9.63,4.24,-2.28,0.0,,8,,20260908
INVA,"Innoviva, Inc.",Healthcare,Biotechnology,NASDAQ,21.33,756012,1540996224,0.4439,21.46,21.78,-0.2996,-9.98,-18.33,-18.01,-16.11,0.0,40.25,4,25.15,16.52,-15.19,0.0,,8,,20260908
SGML,Sigma Lithium Corporation,Basic Materials,Other Industrial Metals & Mining,NCM,12.39,1814050,1394721408,0.7249,11.37,13.46,1.4044,-11.4,-14.75,85.17,26.05,0.0,48.25,3,24.48,4.62,-49.39,0.0,,8,,20260908
CASBF,CanSino Biologics Inc.,Healthcare,Drug Manufacturers - Specialty & Generic,PNK,4.6,53,1136401536,0.0581,3.28,3.9,22.6564,43.69,4.02,-43.02,-4.88,0.0,75.0,3,6.99,2.6,-34.19,0.0,,8,,20260908
CMPNF,Champion Real Estate Investment Trust,Real Estate,REIT - Retail,PNK,0.34,0,1913956992,0.0,0.34,0.31,0.0,-4.69,-5.48,10.8,1.23,0.0,62.0,3,0.34,0.23,0.0,0.0,,8,,20260908
PAYO,Payoneer Global Inc.,Technology,Software - Infrastructure,NASDAQ,7.17,6743596,2429560576,0.0381,7.12,5.83,1.4087,37.57,37.4,-12.95,17.3,0.0,88.75,2,7.18,4.08,-0.14,0.0,,8,,20260908
PLYGF,PolyPeptide Group AG,Healthcare,Drug Manufacturers - Specialty & Generic,PNK,54.42,28,1796753024,0.1926,47.8,40.94,34.3845,4.15,57.61,38.92,36.77,0.0,75.0,2,54.42,31.5,-0.0,0.0,,8,,20260908
PRCT,PROCEPT BioRobotics Corporation,Healthcare,Medical Devices,NASDAQ,22.76,1589939,1295472896,1.1874,20.38,26.01,2.0023,-22.91,-21.18,-60.6,-37.38,0.0,38.75,3,41.51,16.66,-45.17,0.0,,8,,20260908
HLIT,Harmonic Inc.,Technology,Communication Equipment,NASDAQ,11.78,1850139,1284802688,0.5123,12.62,11.38,-1.6394,-15.92,10.43,-1.22,-0.82,0.0,32.5,3,17.68,8.47,-33.37,0.0,,8,,20260908
NUVB,Nuvation Bio Inc.,Healthcare,Biotechnology,NYSE,6.81,6780657,2391149312,0.3582,6.35,5.96,1.2909,36.59,33.21,79.16,52.43,0.0,86.25,2,9.75,2.99,-30.15,0.0,,8,,20260908
WBTN,WEBTOON Entertainment Inc.,Communication Services,Internet Content & Information,NASDAQ,9.97,375371,1353039488,0.5953,9.94,11.39,0.0585,-17.85,-12.48,-51.49,-29.43,0.0,38.75,3,22.47,7.85,-55.63,0.0,,8,,20260908
IMKTA,"Ingles Markets, Incorporated",Consumer Defensive,Grocery Stores,NASDAQ,83.07,128922,1577862784,2.3052,87.59,83.75,-1.9628,-13.39,-17.51,-1.16,-9.94,0.0,23.25,4,95.62,66.63,-13.12,0.0,,8,,20260908
IIPR,"Innovative Industrial Properties, Inc.",Real Estate,REIT - Industrial,NYSE,57.2,390439,1577081088,1.3414,59.8,52.17,-1.9393,-3.99,-2.48,-3.51,-3.27,0.0,48.25,3,65.38,44.58,-12.51,0.0,,8,,20260908
FMC,FMC Corporation,Basic Materials,Agricultural Inputs,NYSE,12.97,4052555,1624192128,0.6258,11.1,13.38,2.983,7.51,-21.69,-83.95,-39.29,0.0,50.75,3,38.68,9.95,-66.47,0.0,,8,,20260908
TRVG,trivago N.V.,Communication Services,Internet Content & Information,NASDAQ,5.99,125968,422645120,0.4042,5.42,3.68,1.4125,34.93,85.18,61.0,62.95,0.0,83.75,2,6.49,2.59,-7.7,0.0,,8,,20260908
PVLA,"Palvella Therapeutics, Inc.",Healthcare,Biotechnology,NASDAQ,157.24,245417,2265577984,7.7428,148.38,118.88,1.144,40.0,1.85,170.47,78.83,0.0,86.25,2,161.38,52.82,-2.57,0.0,,8,,20260908
TSLX,"Sixth Street Specialty Lending, Inc.",Financial Services,Asset Management,NYSE,18.38,565984,1752406784,0.3989,17.88,18.44,1.2418,3.69,-9.6,-38.56,-17.86,0.0,75.75,3,24.79,16.04,-25.86,0.0,,8,,20260908
KRKNF,Kraken Robotics Inc.,Technology,Scientific & Technical Instruments,OQB,3.71,931893,1377939072,0.2229,4.29,5.24,-2.5854,-36.24,-54.73,28.08,-16.99,0.0,6.25,4,8.13,2.45,-54.37,0.0,,8,,20260908
DCOM,"Dime Commercial Bancshares, Inc.",Financial Services,Banks - Regional,NYSE,41.25,318757,1821459584,0.7646,40.35,35.18,1.1744,5.16,15.61,17.22,13.64,0.0,88.75,2,41.97,25.63,-1.72,0.0,,8,,20260908
GABC,"German American Bancorp, Inc.",Financial Services,Banks - Regional,NASDAQ,50.01,169195,1879316096,0.9484,49.07,43.36,0.9931,8.94,11.19,3.23,7.44,0.0,86.25,2,52.23,37.19,-4.25,0.0,,8,,20260908
RNDOF,Round One Corporation,Consumer Cyclical,Leisure,PNK,7.9,26,2076036992,0.1538,7.31,2.66,3.8009,251.97,1447.3,5653.6,2830.99,0.0,75.0,2,9.5,5.29,-16.87,0.0,,8,,20260908
BDJ,BlackRock Enhanced Equity Dividend Trust,Financial Services,Asset Management,NYSE,9.89,478892,1749982976,0.0783,9.68,9.07,2.7115,5.5,-4.25,-0.24,-0.21,0.0,83.75,2,9.95,8.42,-0.6,0.0,,8,,20260908
GPEAF,Great Portland Estates Plc,Real Estate,REIT - Office,PNK,4.01,0,1617673088,0.0001,4.01,4.07,0.0,-4.69,-19.71,-25.04,-18.09,0.0,62.0,3,5.27,3.71,-23.91,0.0,,8,,20260908
STMRF,Stanmore Resources Limited,Basic Materials,Coking Coal,OQX,2.18,936,1965033728,0.0417,1.78,1.76,9.4803,16.42,-5.05,70.41,30.5,0.0,75.0,2,2.25,1.17,-3.11,0.0,,8,,20260908
SREMF,Sunrise Energy Metals Limited,Industrials,Pollution & Treatment Controls,OQX,11.24,55903,1905051008,0.9183,11.51,8.25,-0.2879,13.63,79.33,950.61,411.41,0.0,73.25,3,14.5,1.04,-22.48,0.0,,8,,20260908
NVRI,Enviri Corporation,Industrials,Waste Management,NYSE,22.87,417525,644708096,0.9663,22.13,19.67,0.7683,13.8,14.42,74.84,38.43,0.0,88.75,2,24.2,11.15,-5.5,0.0,,8,,20260908
TCBK,TriCo Bancshares,Financial Services,Banks - Regional,NASDAQ,54.4,337780,1738984704,0.9664,56.4,50.75,-2.0672,2.62,0.8,1.88,1.69,0.0,72.0,3,61.71,40.44,-11.85,0.0,,8,,20260908
STAA,STAAR Surgical Company,Healthcare,Medical Instruments & Supplies,NASDAQ,23.47,862209,1176879232,1.1108,25.08,24.04,-1.4483,-26.44,11.98,-35.48,-16.61,0.0,24.5,4,35.87,15.59,-34.57,0.0,,8,,20260908
TGLVY,Top Glove Corporation Bhd.,Healthcare,Medical Instruments & Supplies,PNK,0.55,369,1104293760,0.0272,0.61,0.62,-2.0218,-27.85,-14.96,-15.23,-18.29,0.0,1.25,4,0.93,0.46,-40.95,0.0,,8,,20260908
BST,BlackRock Science and Technology Trust,Financial Services,Asset Management,NYSE,50.76,90744,0,0.8364,48.04,42.11,3.2522,7.32,18.98,21.36,17.02,0.0,87.5,2,51.3,34.87,-1.05,0.0,,8,,20260908
STBA,"S&T Bancorp, Inc.",Financial Services,Banks - Regional,NASDAQ,50.64,260563,1785844480,0.7918,50.15,44.03,0.6165,7.17,11.15,11.08,10.13,0.0,83.75,2,53.5,34.38,-5.35,0.0,,8,,20260908
STGW,Stagwell Inc.,Communication Services,Advertising Agencies,NASDAQ,8.77,1394428,2144049920,0.3232,8.24,6.51,1.6308,31.49,52.21,38.91,41.71,0.0,83.75,2,9.55,4.29,-8.17,0.0,,8,,20260908
ASAN,"Asana, Inc.",Technology,Software - Application,NYSE,8.81,5413515,2017226752,0.622,8.42,8.81,0.6218,7.68,-4.48,-59.75,-23.55,0.0,79.5,3,15.48,5.38,-43.09,0.0,,8,,20260908
SLSR,Solaris Resources Inc.,Basic Materials,Other Precious Metals & Mining,NYSE,8.14,165007,1359963008,0.3885,8.02,8.84,0.3171,-12.09,-28.0,35.97,1.57,0.0,48.25,3,11.48,4.89,-29.09,0.0,,8,,20260908
PMREF,Primaris Real Estate Investment Trust,Real Estate,REIT - Retail,PNK,15.43,13584,2127038336,0.073,15.92,13.82,-6.7772,5.46,2.66,25.84,12.63,0.0,63.25,3,46.44,10.44,-66.77,0.0,,8,,20260908
LILAK,Liberty Latin America Ltd.,Communication Services,Telecom Services,NASDAQ,8.45,1655506,1655355008,0.2827,7.99,6.11,1.63,58.75,39.55,32.28,41.44,0.0,91.25,2,8.84,4.61,-4.4,0.0,,8,,20260908
LILA,Liberty Latin America Ltd.,Communication Services,Telecom Services,NASDAQ,8.52,732224,1669068032,0.2736,8.07,6.08,1.6613,61.2,42.01,36.8,44.72,0.0,91.25,2,8.9,4.58,-4.27,0.0,,8,,20260908
LILAB,Liberty Latin America Ltd.,Communication Services,Telecom Services,PNK,7.45,9,1459454976,0.009,7.28,8.92,18.6508,-1.94,-32.38,-37.19,-26.69,0.0,50.0,3,10.74,7.02,-30.63,0.0,,8,,20260908
ZD,"Ziff Davis, Inc.",Communication Services,Advertising Agencies,NASDAQ,55.7,622544,1909797504,1.6009,53.79,43.06,1.1937,16.89,16.46,29.12,21.63,0.0,86.25,2,58.06,22.45,-4.06,0.0,,8,,20260908
SESPF,SeSa S.p.A.,Technology,Information Technology Services,PNK,104.0,0,1574626944,0.005,104.0,104.69,0.0,-4.69,-17.04,-33.98,-20.73,0.0,49.0,3,121.95,89.0,-14.72,0.0,,8,,20260908
CNXC,Concentrix Corporation,Technology,Information Technology Services,NASDAQ,32.16,1692839,1962350208,1.8194,25.29,29.86,3.7752,12.83,-20.89,-55.71,-26.39,0.0,90.0,3,57.88,19.12,-44.43,0.0,,8,,20260908
REX,REX American Resources Corporation,Basic Materials,Chemicals,NYSE,41.46,188471,1375462016,1.5788,44.25,40.77,-1.7693,-12.4,-4.24,10.41,-0.42,0.0,37.5,3,53.36,30.02,-22.3,0.0,,8,,20260908
FBYD,"Falcon's Beyond Global, Inc.",Industrials,Conglomerates,NASDAQ,8.14,138052,394501024,0.9578,11.67,11.67,-3.6885,-49.24,0.47,-4.51,-13.95,0.0,12.5,4,29.02,3.71,-71.95,0.0,,8,,20260908
BFSAF,Befesa S.A.,Industrials,Waste Management,PNK,40.7,144,1628000000,0.0041,40.7,35.6,0.0,-0.38,-0.14,44.63,17.71,0.0,75.0,3,40.7,25.35,0.0,0.0,,8,,20260908
LWSCF,Sienna Senior Living Inc.,Healthcare,Medical Care Facilities,PNK,14.83,66044,1644317568,0.0699,15.75,15.63,-13.1144,-6.21,-27.34,-1.06,-11.55,0.0,38.25,3,17.58,13.0,-15.64,0.0,,8,,20260908
RXRX,"Recursion Pharmaceuticals, Inc.",Healthcare,Biotechnology,NASDAQ,3.63,19239793,1946664064,0.1946,3.33,3.65,1.5569,4.81,-10.24,-39.66,-18.25,0.0,74.5,3,7.18,2.77,-49.44,0.0,,8,,20260908
AEVA,"Aeva Technologies, Inc.",Technology,Software - Infrastructure,NASDAQ,15.69,1890631,1093683328,1.6383,19.51,17.08,-2.3293,-36.51,-4.43,-1.46,-11.26,0.0,20.75,4,31.3,8.83,-49.87,0.0,,8,,20260908
AVAH,Aveanna Healthcare Holdings Inc.,Healthcare,Medical Care Facilities,NASDAQ,13.58,2676147,2964387584,0.5681,10.68,8.42,5.0962,98.6,72.67,48.1,69.33,0.0,90.0,2,14.0,5.93,-3.0,0.0,,8,,20260908
WWUEY,Wüstenrot & Württembergische AG,Financial Services,Insurance - Life,PNK,8.86,1,1657568512,0.0025,8.94,8.51,-33.3706,-6.36,-9.47,-10.01,-8.91,0.0,37.0,3,9.16,8.29,-3.28,0.0,,8,,20260908
KMMPF,Killam Apartment REIT,Real Estate,REIT - Residential,PNK,13.23,3854,1623785600,0.0132,13.16,12.34,5.9506,-2.75,-3.17,-13.17,-7.07,0.0,62.0,2,13.57,11.1,-2.48,0.0,,8,,20260908
CMPS,COMPASS Pathways plc,Healthcare,Medical Care Facilities,NASDAQ,13.27,3340392,1837587456,0.6764,13.12,9.16,0.223,4.88,86.52,140.23,87.59,0.0,87.5,2,15.4,4.82,-13.83,0.0,,8,,20260908
CRLFF,Cardinal Energy Ltd.,Energy,Oil & Gas E&P,PNK,8.57,513884,1506523136,0.2095,8.03,7.46,2.5974,-1.64,3.86,47.68,20.02,0.0,92.5,2,9.68,5.1,-11.45,0.0,,8,,20260908
ATAI,AtaiBeckley Inc.,Healthcare,Biotechnology,NASDAQ,7.39,12293701,2740689920,0.0993,6.73,4.67,6.6611,82.39,102.84,42.1,73.43,0.0,87.5,2,7.45,3.27,-0.81,0.0,,8,,20260908
TFIN,"Triumph Financial, Inc.",Financial Services,Banks - Regional,NYSE,69.6,246595,1663059712,2.068,76.02,66.93,-3.1063,-7.04,2.75,-11.45,-5.38,0.0,58.75,3,83.52,46.43,-16.67,0.0,,8,,20260908
GLUE,"Monte Rosa Therapeutics, Inc.",Healthcare,Biotechnology,NASDAQ,13.84,1434319,1180737408,0.9623,19.01,18.52,-5.3711,-20.15,-37.4,161.91,46.63,0.0,8.75,4,25.77,4.79,-46.29,0.0,,8,,20260908
ABCL,AbCellera Biologics Inc.,Healthcare,Biotechnology,NASDAQ,11.43,7470187,3703861504,0.7616,8.42,5.14,3.9579,98.69,216.15,154.79,162.24,0.0,90.0,2,12.58,2.75,-9.14,0.0,,8,,20260908
NHNKY,Nihon Kohden Corporation,Healthcare,Medical Devices,PNK,9.65,21720,1542933888,0.172,9.42,9.9,1.281,5.85,-17.16,-35.73,-18.83,0.0,72.0,3,14.21,8.12,-32.13,0.0,,8,,20260908
BFC,Bank First Corporation,Financial Services,Banks - Regional,NCM,156.23,90641,1731904384,3.4567,151.61,140.11,1.336,7.05,0.32,2.67,2.94,0.0,90.0,2,159.1,119.08,-1.8,0.0,,8,,20260908
HOPE,"Hope Bancorp, Inc.",Financial Services,Banks - Regional,NASDAQ,14.13,1056431,1804992256,0.2523,13.79,12.1,1.3657,8.56,14.39,11.39,11.73,0.0,86.25,2,14.59,9.8,-3.15,0.0,,8,,20260908
SLCJY,SLC Agrícola S.A.,Consumer Defensive,Farm Products,PNK,3.24,68657,1607092864,0.0973,2.74,3.01,5.1737,5.14,-13.27,3.31,-2.04,0.0,68.25,3,3.94,2.4,-17.77,0.0,,8,,20260908
TSHA,"Taysha Gene Therapies, Inc.",Healthcare,Biotechnology,NASDAQ,5.6,3140619,1824667776,0.3209,6.06,5.44,-1.4354,-2.88,7.38,51.81,22.59,0.0,62.5,3,7.3,2.71,-23.29,0.0,,8,,20260908
EBRCZ,"EBR Systems, Inc.",Healthcare,Medical Devices,PNK,0.22,6861,165738224,0.0102,0.25,0.46,-2.719,-36.99,-72.85,-79.83,-66.68,0.0,2.5,4,1.5,0.16,-85.33,0.0,,8,,20260908
FDMDF,4DMedical Limited,Healthcare,Medical Devices,PNK,2.6,837,1559826560,0.0741,2.78,2.64,-2.4669,-6.95,-37.08,662.34,250.22,0.0,37.0,3,5.0,0.8,-48.0,0.0,,8,,20260908
VRNO,Verano Holdings Corp.,Healthcare,Drug Manufacturers - Specialty & Generic,OQX,6.13,139677,448826144,0.3178,5.8,5.84,1.0504,0.09,-18.62,-23.43,-15.87,0.0,87.5,3,9.75,3.91,-37.13,0.0,,8,,20260908
ABXXF,Abaxx Technologies Inc.,Technology,Software - Application,OQX,15.5,90642,601232128,1.222,17.9,30.26,-1.9629,-59.9,-60.48,-29.32,-47.87,0.0,11.25,4,52.5,14.8,-70.48,0.0,,8,,20260908
SATL,Satellogic Inc.,Industrials,Aerospace & Defense,NCM,4.64,6305863,713353152,0.3923,4.74,4.76,-0.2531,-39.53,35.01,14.14,8.03,0.0,35.25,4,12.0,1.25,-61.33,0.0,,8,,20260908
INTA,"Intapp, Inc.",Technology,Software - Application,NASDAQ,41.71,788700,3191280128,1.8767,34.03,30.89,4.0908,66.6,34.83,-27.77,17.73,0.0,91.25,2,47.93,19.01,-12.98,0.0,,8,,20260908
CET,Central Securities Corporation,Financial Services,Asset Management,NYSE,54.78,33874,0,0.6994,53.73,51.93,1.4993,0.27,-7.46,-5.5,-4.75,0.0,81.25,2,55.99,47.82,-2.16,0.0,,8,,20260908
BAK,Braskem S.A.,Basic Materials,Chemicals,NYSE,1.89,2560012,753135104,0.1645,2.21,3.28,-1.9559,-50.38,-76.7,-64.54,-65.26,0.0,10.0,4,5.39,1.4,-64.97,0.0,,8,,20260908
APPN,Appian Corporation,Technology,Software - Infrastructure,NASDAQ,38.37,835084,2748350976,2.1044,30.81,28.39,3.5914,50.46,28.98,8.28,26.07,0.0,92.5,2,46.06,18.63,-16.69,0.0,,8,,20260908
FISK,"Empire State Realty OP, L.P.",Real Estate,REIT - Office,PCX,4.28,522,1199227136,0.0568,5.09,5.59,-14.2729,-25.07,-37.71,-62.9,-44.63,0.0,0.0,4,8.16,4.28,-47.55,0.0,,8,,20260908
CLVT,Clarivate Plc,Technology,Information Technology Services,NYSE,2.07,6546507,1324104448,0.1371,2.11,2.56,-0.3034,-18.8,-39.61,-71.26,-47.07,0.0,25.75,4,4.54,1.66,-54.41,0.0,,8,,20260908
BELGF,Bellevue Gold Limited,Basic Materials,Gold,PNK,1.23,7945,1834547840,0.0385,1.01,1.08,5.818,24.78,-10.03,86.9,37.44,0.0,77.5,3,1.49,0.58,-17.44,0.0,,8,,20260908
RES,"RPC, Inc.",Energy,Oil & Gas Equipment & Services,NYSE,6.5,1559558,1440770560,0.2098,5.95,6.22,2.632,-8.59,-7.58,19.17,2.86,0.0,62.5,3,8.16,4.18,-20.34,0.0,,8,,20260908
FSUN,FirstSun Capital Bancorp,Financial Services,Banks - Regional,NASDAQ,40.92,297925,1798449024,0.8757,38.56,37.38,2.6991,10.02,-3.6,-14.07,-4.38,0.0,92.5,2,42.34,29.95,-3.35,0.0,,8,,20260908
GTBIF,Green Thumb Industries Inc.,Healthcare,Drug Manufacturers - Specialty & Generic,OQX,7.68,523928,1678761856,0.2818,7.31,7.24,1.3175,-11.04,-0.01,-22.87,-11.91,0.0,66.25,2,10.43,5.29,-26.37,0.0,,8,,20260908
OPRA,Opera Limited,Communication Services,Internet Content & Information,NASDAQ,18.78,354328,1669868544,0.6577,19.33,16.03,-0.8416,0.72,10.11,-9.35,-0.02,0.0,74.5,3,21.06,11.71,-10.83,0.0,,8,,20260908
NBR,Nabors Industries Ltd.,Energy,Oil & Gas Drilling,NYSE,90.84,266036,1380003328,4.168,85.71,78.97,1.232,-10.0,0.23,120.48,45.77,0.0,65.0,2,112.9,36.62,-19.54,0.0,,8,,20260908
IMTX,Immatics N.V.,Healthcare,Biotechnology,NCM,9.56,466447,1455271808,0.4593,9.41,10.02,0.3272,-7.04,-18.2,47.17,10.74,0.0,47.0,3,12.41,5.67,-22.97,0.0,,8,,20260908
DMRA,"Damora Therapeutics, Inc.",Healthcare,Biotechnology,NCM,30.06,565326,1855769728,1.8256,29.64,26.05,0.2287,38.38,-11.18,882.03,358.5,0.0,87.5,2,38.33,2.45,-21.57,0.0,,8,,20260908
DXC,DXC Technology Company,Technology,Information Technology Services,NYSE,11.66,4378987,1863019520,0.4832,10.37,11.9,2.6659,24.72,-25.12,-39.55,-18.43,0.0,75.75,3,15.68,7.9,-25.64,0.0,,8,,20260908
PRGO,Perrigo Company plc,Healthcare,Drug Manufacturers - Specialty & Generic,NYSE,14.92,3391687,2064447232,0.6017,11.74,11.66,5.2867,35.91,30.58,-51.38,-0.87,0.0,93.75,2,22.9,9.23,-34.85,0.0,,8,,20260908
XHR,"Xenia Hotels & Resorts, Inc.",Real Estate,REIT - Hotel & Motel,NYSE,17.97,795442,1777741184,0.459,19.96,16.6,-4.3311,-6.31,5.9,7.29,3.4,0.0,63.75,3,22.06,11.75,-18.54,0.0,,8,,20260908
VSTS,Vestis Corporation,Industrials,Rental & Leasing Services,NYSE,13.26,1342320,1752443008,0.5055,14.12,10.0,-1.7056,-1.5,53.55,174.05,87.98,0.0,31.25,3,16.9,3.98,-21.54,0.0,,8,,20260908
VIR,"Vir Biotechnology, Inc.",Healthcare,Biotechnology,NASDAQ,11.39,1922133,1926523648,0.5744,9.74,8.59,2.8675,26.92,4.06,101.53,48.76,0.0,91.25,2,11.94,4.75,-4.65,0.0,,8,,20260908
PTTMF,PT TIMAH Tbk,Basic Materials,Other Industrial Metals & Mining,PNK,0.19,58,2244782848,0.1453,0.2,-67.07,-0.1049,-104.91,-115.36,-121.77,-115.31,0.0,37.0,3,0.22,0.02,-13.13,0.0,,8,,20260908
NWL,Newell Brands Inc.,Consumer Defensive,Household & Personal Products,NASDAQ,6.11,10894485,2602248960,0.3203,5.66,4.36,1.3938,61.44,33.52,-16.5,20.49,0.0,87.5,2,7.13,3.07,-14.31,0.0,,8,,20260908
DAO,"Youdao, Inc.",Consumer Defensive,Education & Training Services,NYSE,14.79,76809,1784186240,1.1217,15.53,11.79,-0.6601,22.15,31.28,57.16,39.35,0.0,74.5,3,18.94,8.38,-21.91,0.0,,8,,20260908
GRGTF,Grainger plc,Real Estate,Real Estate Services,PNK,2.49,317,1846606464,0.0025,2.36,2.3,51.1006,14.44,-18.58,-21.23,-11.39,0.0,75.0,2,2.8,2.09,-11.07,0.0,,8,,20260908
TNIEF,tonies SE,Consumer Cyclical,Leisure,PNK,13.25,237,1540320128,0.1669,13.98,12.6,-4.3837,10.95,-15.9,29.5,8.97,0.0,50.0,3,15.14,8.33,-12.48,0.0,,8,,20260908
LINC,Lincoln Educational Services Corporation,Consumer Defensive,Education & Training Services,NASDAQ,25.64,811100,813338752,1.8905,38.54,35.89,-6.8213,-51.27,-43.62,11.72,-23.39,0.0,7.5,4,56.34,17.29,-54.49,0.0,,8,,20260908
TPRKY,Travis Perkins plc,Industrials,Industrial Distribution,PNK,8.31,6826,1760392192,0.1314,8.06,7.98,1.9341,10.72,-13.59,-9.55,-5.89,0.0,76.25,2,9.78,6.78,-15.03,0.0,,8,,20260908
BORAY,"Bora Pharmaceuticals Co., Ltd.",Healthcare,Drug Manufacturers - Specialty & Generic,OQX,2.74,31,349492512,0.0256,2.74,2.74,0.0,5.98,5.98,5.98,5.98,0.0,62.0,3,2.74,2.25,0.0,0.0,,8,,20260908
RHUHF,Richelieu Hardware Ltd.,Industrials,Tools & Accessories,PNK,25.32,17261,1392303488,0.0982,25.89,28.15,-5.792,-14.53,-33.27,-21.32,-23.81,0.0,12.0,4,32.78,23.44,-22.76,0.0,,8,,20260908
ITMPF,ITM Power Plc,Industrials,Specialty Industrial Machinery,PNK,1.37,11660,945576384,0.045,1.46,1.31,-1.9619,-34.15,50.1,44.7,26.88,0.0,37.5,3,2.85,0.8,-51.93,0.0,,8,,20260908
EVTC,"EVERTEC, Inc.",Technology,Software - Infrastructure,NYSE,30.35,502988,1813489792,1.0195,29.9,28.27,0.4432,31.38,-8.42,-31.77,-7.81,0.0,88.75,2,34.77,21.81,-12.71,0.0,,8,,20260908
ESBA,"Empire State Realty OP, L.P.",Real Estate,REIT - Office,PCX,4.46,5336,1249661952,0.2304,5.0,5.57,-2.3573,-19.17,-31.42,-62.0,-40.59,0.0,8.75,4,8.3,4.19,-46.27,0.0,,8,,20260908
OGCP,"Empire State Realty OP, L.P.",Real Estate,REIT - Office,PCX,4.3,1277,1204830976,0.1025,5.04,5.58,-7.1872,-21.34,-34.78,-60.04,-41.52,0.0,6.25,4,8.18,4.23,-47.43,0.0,,8,,20260908
COUR,"Coursera, Inc.",Consumer Defensive,Education & Training Services,NYSE,5.8,6424079,1660880128,0.2897,5.79,6.22,0.0311,1.34,-21.0,-68.27,-34.32,0.0,72.0,3,12.32,5.0,-52.92,0.0,,8,,20260908
CBLUF,China BlueChemical Ltd.,Basic Materials,Agricultural Inputs,PNK,0.22,476,1728749952,0.0002,0.22,0.27,0.0,-38.03,-26.23,-42.9,-35.85,0.0,25.0,3,0.38,0.22,-42.11,0.0,,8,,20260908
IMDXF,Imdex Limited,Industrials,Farm & Heavy Construction Machinery,PNK,2.6,125,1352735360,0.0281,2.75,2.68,-5.4936,-14.73,-29.91,6.25,-11.65,0.0,12.0,4,3.19,2.0,-18.5,0.0,,8,,20260908
SNLRF,Sanlorenzo S.p.A.,Consumer Cyclical,Recreational Vehicles,PNK,44.09,42,1561531136,0.0512,43.33,38.88,14.8436,-4.2,12.12,-3.28,1.88,0.0,75.0,2,44.72,32.43,-1.4,0.0,,8,,20260908
DCH,Dauch Corporation,Consumer Cyclical,Auto Parts,NYSE,6.99,3363838,1660856192,0.3175,5.92,6.36,3.3696,5.91,10.34,-3.08,3.86,0.0,86.25,3,9.25,4.92,-24.43,0.0,,8,,20260908
GHRS,GH Research PLC,Healthcare,Biotechnology,NASDAQ,28.23,279279,1937771776,1.2579,28.17,19.83,0.0459,27.04,62.06,80.96,60.86,0.0,85.0,2,31.44,11.83,-10.21,0.0,,8,,20260908
MBX,"MBX Biosciences, Inc.",Healthcare,Biotechnology,NASDAQ,61.72,741622,2972441088,3.3123,62.99,40.72,-0.3846,99.14,86.87,357.74,198.29,0.0,73.25,3,72.64,9.63,-15.03,0.0,,8,,20260908
WKC,World Kinect Corporation,Energy,Oil & Gas Refining & Marketing,NYSE,35.4,1169452,1810767488,0.9512,36.22,28.24,-0.8585,14.8,32.07,16.44,21.5,0.0,72.0,3,41.2,22.21,-14.08,0.0,,8,,20260908
NVAX,"Novavax, Inc.",Healthcare,Biotechnology,NASDAQ,10.22,4288611,1685745408,0.5493,8.58,8.55,2.9904,3.0,-12.75,11.23,0.78,0.0,63.75,2,11.97,6.2,-14.62,0.0,,8,,20260908
PRXXF,Paradox Interactive AB (publ),Communication Services,Electronic Gaming & Multimedia,PNK,14.81,70,1554265344,0.1147,14.21,11.71,5.204,7.72,52.31,-2.04,19.42,0.0,75.0,2,19.1,12.5,-22.46,0.0,,8,,20260908
SLVM,Sylvamo Corporation,Basic Materials,Paper & Paper Products,NYSE,35.97,297122,1430176000,1.3946,37.77,42.3,-1.2893,-10.52,-30.95,-35.98,-27.85,0.0,18.25,4,56.8,34.25,-36.67,0.0,,8,,20260908
FRUYF,"Furuya Metal Co., Ltd.",Technology,Electronic Components,PNK,20.72,0,509697568,0.362,14.12,-104.68,18.2334,-119.06,-129.52,-130.21,-127.18,0.0,62.0,3,60.32,20.52,-65.65,0.0,,8,,20260908
VPG,"Vishay Precision Group, Inc.",Technology,Scientific & Technical Instruments,NYSE,63.01,588085,838096000,5.4732,89.8,68.37,-4.8944,-51.07,29.83,94.5,35.47,0.0,24.5,4,151.78,28.71,-58.49,0.0,,8,,20260908
QURE,uniQure N.V.,Healthcare,Biotechnology,NASDAQ,44.5,1833984,3086805504,2.2341,44.41,28.35,0.0381,63.55,196.69,131.02,137.14,0.0,85.0,2,71.5,8.73,-37.76,0.0,,8,,20260908
PGEN,"Precigen, Inc.",Healthcare,Biotechnology,NASDAQ,7.1,5136568,2542050048,0.3483,6.21,4.64,2.5696,93.63,98.7,35.74,72.25,0.0,85.0,2,7.72,2.99,-8.03,0.0,,8,,20260908
ECVT,Ecovyst Inc.,Basic Materials,Specialty Chemicals,NYSE,10.21,1511279,1117672320,0.3302,11.35,11.67,-3.4569,-25.24,-22.59,-6.65,-16.88,0.0,13.75,4,15.09,7.41,-32.32,0.0,,8,,20260908
ACKAY,Arçelik Anonim Sirketi,Consumer Cyclical,"Furnishings, Fixtures & Appliances",PNK,9.85,842,1331184640,0.0686,10.56,12.49,-10.3351,-20.43,-42.19,-62.02,-44.69,0.0,1.25,4,17.0,9.48,-42.06,0.0,,8,,20260908
QFIN,"Qfin Holdings, Inc.",Financial Services,Credit Services,NASDAQ,9.06,1857752,1101540608,0.5424,12.64,14.39,-6.5918,-42.34,-49.93,-85.84,-62.4,0.0,6.25,4,32.69,8.35,-72.29,0.0,,8,,20260908
AMLX,"Amylyx Pharmaceuticals, Inc.",Healthcare,Drug Manufacturers - Specialty & Generic,NASDAQ,34.1,2468620,3799525888,2.0725,24.23,16.87,4.7642,151.31,131.05,222.75,172.8,0.0,85.0,2,41.14,10.07,-17.11,0.0,,8,,20260908
ARDX,"Ardelyx, Inc.",Healthcare,Biotechnology,NASDAQ,3.78,4225625,975948992,0.1609,4.62,5.85,-5.2023,-36.71,-54.09,-62.43,-53.08,0.0,7.5,4,8.4,3.68,-55.0,0.0,,8,,20260908
BOBS,"Bob's Discount Furniture, Inc.",Consumer Cyclical,Specialty Retail,NYSE,17.64,962957,2305319936,0.8946,16.89,17.64,0.8354,38.84,-13.19,-10.62,0.84,0.0,87.5,3,23.49,9.74,-24.9,0.0,,8,,20260908
DV,"DoubleVerify Holdings, Inc.",Communication Services,Advertising Agencies,NYSE,13.36,3586746,2070634112,0.1637,12.18,10.83,7.1952,25.65,6.19,-32.36,-4.37,0.0,87.5,2,15.45,7.64,-13.53,0.0,,8,,20260908
AMTD,AMTD IDEA Group,Financial Services,Asset Management,NYSE,0.77,16190,72767504,0.0436,0.82,0.97,-1.3288,-29.5,-39.96,-44.4,-39.12,0.0,11.25,4,1.65,0.71,-53.52,0.0,,8,,20260908
GAM,"General American Investors Company, Inc.",Financial Services,Asset Management,NYSE,66.48,22628,1584358912,0.8628,65.67,62.28,0.933,1.05,-4.69,2.88,-0.23,0.0,85.0,2,68.57,56.24,-3.05,0.0,,8,,20260908
MLLGF,Mullen Group Ltd.,Industrials,Trucking,PNK,17.8,22342,1713090688,0.1834,17.98,14.13,-0.9763,6.4,33.35,61.69,37.95,0.0,64.5,3,20.35,9.47,-12.53,0.0,,8,,20260908
BY,"Byline Bancorp, Inc.",Financial Services,Banks - Regional,NYSE,38.85,320223,1755492352,0.6363,38.25,33.19,0.9366,10.72,11.82,15.14,12.87,0.0,88.75,2,40.03,25.57,-2.95,0.0,,8,,20260908
LAR,Lithium Argentina AG,Basic Materials,Other Industrial Metals & Mining,NYSE,6.79,1911330,1114238976,0.3877,6.75,7.41,0.1016,-26.02,-13.05,83.94,22.5,0.0,47.0,3,12.05,2.97,-43.65,0.0,,8,,20260908
QCRH,"QCR Holdings, Inc.",Financial Services,Banks - Regional,NASDAQ,102.69,127719,1681611904,2.2412,100.58,91.14,0.9409,5.2,8.78,10.81,8.7,0.0,87.5,2,108.11,66.65,-5.01,0.0,,8,,20260908
LZB,La-Z-Boy Incorporated,Consumer Cyclical,"Furnishings, Fixtures & Appliances",NYSE,32.76,661766,1312128768,1.2514,37.97,36.39,-4.1617,-13.83,-19.05,-26.94,-20.9,0.0,25.75,4,44.9,29.03,-27.04,0.0,,8,,20260908
FUGRF,Fugro N.V.,Energy,Oil & Gas Equipment & Services,PNK,9.84,21,1094995712,0.0861,11.73,12.12,-22.0299,-35.43,-33.05,-40.07,-36.45,0.0,0.0,4,15.02,9.48,-34.52,0.0,,8,,20260908
CNOB,"ConnectOne Bancorp, Inc.",Financial Services,Banks - Regional,NASDAQ,32.31,448233,1625833856,0.6107,32.51,28.79,-0.3252,1.31,12.44,9.73,8.57,0.0,73.25,3,34.14,23.2,-5.36,0.0,,8,,20260908
CNOBP,"ConnectOne Bancorp, Inc.",Financial Services,Banks - Regional,NASDAQ,25.4,6271,0,0.0855,24.94,24.15,5.4041,-1.65,-8.94,-5.36,-5.68,0.0,85.0,2,25.51,23.38,-0.43,0.0,,8,,20260908
QQQX,Nuveen Nasdaq 100 Dynamic Overwrite Fund,Financial Services,Asset Management,NASDAQ,30.62,108993,1495076224,0.414,30.23,28.29,0.9444,-0.72,0.76,2.48,1.08,0.0,81.25,2,31.87,25.35,-3.92,0.0,,8,,20260908
FLTLF,Flow Traders Ltd.,Financial Services,Capital Markets,PNK,33.3,239,1467566336,0.2396,30.9,30.96,10.0013,9.7,-9.71,-8.03,-4.19,0.0,75.0,3,34.29,26.33,-2.9,0.0,,8,,20260908
CCS,"Century Communities, Inc.",Real Estate,Real Estate - Development,NYSE,64.51,305053,1834206464,2.2638,67.99,62.12,-1.5388,11.99,-8.98,-23.66,-9.61,0.0,60.0,3,76.0,47.27,-15.12,0.0,,8,,20260908
XIORF,Xior Student Housing NV,Real Estate,REIT - Residential,PNK,31.6,427,1475565056,0.065,31.49,31.63,1.615,0.22,-17.69,-26.8,-16.86,0.0,62.0,3,35.58,29.18,-11.17,0.0,,8,,20260908
LKFN,Lakeland Financial Corporation,Financial Services,Banks - Regional,NASDAQ,60.57,192561,1505639424,1.157,61.2,59.0,-0.5486,-2.86,-6.82,-26.69,-13.78,0.0,70.75,3,68.4,54.36,-11.45,0.0,,8,,20260908
WEN,The Wendy's Company,Consumer Cyclical,Restaurants,NASDAQ,8.03,16297868,1530831232,0.4212,7.92,7.48,0.2551,16.0,-3.99,-35.96,-11.78,0.0,88.75,2,10.31,6.07,-22.11,0.0,,8,,20260908
INBX,"Inhibrx Biosciences, Inc.",Healthcare,Biotechnology,NASDAQ,121.17,292069,1783338880,7.2611,97.19,88.96,3.3022,34.57,60.0,317.16,156.5,0.0,88.75,2,155.29,26.19,-21.97,0.0,,8,,20260908
OERLY,OC Oerlikon Corporation AG,Industrials,Specialty Industrial Machinery,PNK,12.73,225,2122050816,0.0555,11.86,8.61,15.64,27.91,42.41,93.14,59.08,0.0,75.0,2,14.14,6.94,-9.97,0.0,,8,,20260908
HLX,"Helix Energy Solutions Group, Inc.",Energy,Oil & Gas Equipment & Services,NYSE,10.6,1537266,1562253952,0.3461,9.47,8.41,3.2749,-0.04,30.59,50.9,31.06,0.0,63.75,2,10.75,6.03,-1.4,0.0,,8,,20260908
GSHD,"Goosehead Insurance, Inc.",Financial Services,Insurance Brokers,NASDAQ,65.21,507119,2330487552,3.2881,61.74,55.61,1.0565,65.34,14.9,-42.51,4.55,0.0,88.75,2,84.61,33.68,-22.93,0.0,,8,,20260908
GBX,"The Greenbrier Companies, Inc.",Industrials,Railroads,NYSE,43.26,470004,1338450816,1.2923,47.45,48.81,-3.2426,-11.78,-34.76,-25.37,-25.26,0.0,11.25,4,59.19,38.23,-26.91,0.0,,8,,20260908
TRINZ,Trinity Capital Inc. 7.875% Notes due 2029,Unknown,Unknown,NASDAQ,25.4,6312,0,0.0809,25.4,25.4,0.0,-3.06,-3.06,-3.06,-3.06,0.0,79.5,3,25.66,24.91,-1.01,0.0,,8,,20260908
TRIN,Trinity Capital Inc.,Financial Services,Asset Management,NYSE,18.22,1033749,1637752832,0.335,17.78,15.53,1.3219,6.42,14.82,10.83,11.12,0.0,85.0,2,18.89,14.13,-3.57,0.0,,8,,20260908
SFRGY,Salvatore Ferragamo S.p.A.,Consumer Cyclical,Luxury Goods,PNK,5.43,21173,1795641472,0.1658,5.81,4.81,-2.2733,-0.67,42.69,74.66,44.64,0.0,53.75,3,6.72,2.65,-19.2,0.0,,8,,20260908
AGTEF,AGTech Holdings Limited,Consumer Cyclical,Gambling,PNK,0.19,18096,2224121344,0.0036,0.13,0.07,17.4362,81.54,69.23,524.03,254.23,0.0,75.0,2,0.21,0.01,-10.14,0.0,,8,,20260908
BRAI,Braiin Limited,Technology,Computer Hardware,NASDAQ,5.63,261690,1160276736,0.4177,5.66,5.63,-0.0709,-27.25,-55.35,-75.72,-56.47,0.0,47.0,3,33.0,4.19,-82.94,0.0,,8,,20260908
KELTF,Kelt Exploration Ltd.,Energy,Oil & Gas E&P,PNK,7.43,54568,1508289920,0.1944,6.97,6.41,2.3894,1.45,0.22,33.55,13.86,0.0,86.25,2,8.24,4.35,-9.83,0.0,,8,,20260908
SFRGF,Salvatore Ferragamo S.p.A.,Consumer Cyclical,Luxury Goods,PNK,10.69,6,1768359680,0.0826,9.15,9.3,18.6907,15.47,-9.79,74.49,30.24,0.0,75.0,3,10.7,5.5,-0.0,0.0,,8,,20260908
KARO,Karooooo Ltd.,Technology,Software - Application,NCM,65.48,106603,2022893440,2.0094,61.3,50.17,2.0825,37.54,28.98,7.99,22.72,0.0,88.75,2,68.8,41.25,-4.83,0.0,,8,,20260908
ITAYY,PT Indo Tambangraya Megah Tbk,Energy,Thermal Coal,PNK,2.89,192,1593401984,0.0135,2.82,2.77,5.1274,22.06,-14.72,-13.26,-4.94,0.0,75.0,2,3.72,2.28,-22.31,0.0,,8,,20260908
KSS,Kohl's Corporation,Consumer Cyclical,Department Stores,NYSE,19.44,4364290,2204038144,1.0192,18.29,17.08,1.1323,22.04,15.71,2.11,11.85,0.0,88.75,2,25.22,11.38,-22.92,0.0,,8,,20260908
NKOKF,"Noritsu Koki Co., Ltd.",Technology,Consumer Electronics,PNK,12.44,2,1301683584,0.0794,11.7,-5.75,9.3218,-151.28,-166.56,-73.02,-125.33,0.0,62.0,3,13.54,6.67,-8.09,0.0,,8,,20260908
WACLY,Wacoal Holdings Corp.,Consumer Cyclical,Apparel Manufacturing,PNK,126.18,173,1247594112,3.3046,134.37,140.41,-2.4792,-9.64,-22.23,-56.89,-32.94,0.0,5.0,4,200.04,115.5,-36.92,0.0,,8,,20260908
IMCR,Immunocore Holdings plc,Healthcare,Biotechnology,NASDAQ,36.13,512952,1860644992,1.2583,34.46,32.77,1.3273,23.02,-5.47,-17.5,-3.16,0.0,90.0,2,40.72,27.55,-11.26,0.0,,8,,20260908
SISXF,Savaria Corporation,Industrials,Specialty Industrial Machinery,PNK,19.57,7444,1406750080,0.2598,20.87,19.22,-4.9927,-10.93,-10.58,13.55,-1.02,0.0,26.25,3,22.88,14.52,-14.47,0.0,,8,,20260908
WBI,WaterBridge Infrastructure LLC,Energy,Oil & Gas Equipment & Services,NYSE,32.21,1136011,3976524288,1.2133,32.97,27.18,-0.625,4.89,12.93,23.7,15.23,0.0,75.75,3,36.89,18.64,-12.69,0.0,,8,,20260908
CRRSF,Cirrus Aircraft Limited,Unknown,Unknown,PNK,5.93,3401,0,0.3202,5.03,5.93,2.7943,-41.47,65.39,46.94,31.29,0.0,58.75,3,8.87,4.0,-33.2,0.0,,8,,20260908
BTT,Blackrock Municipal 2030 Target Term Trust,Financial Services,Asset Management,NYSE,22.49,85395,1430935552,0.1358,22.57,22.48,-0.5968,-4.71,-15.53,-16.95,-13.39,0.0,62.75,3,23.24,22.19,-3.23,0.0,,8,,20260908
RLJ,RLJ Lodging Trust,Real Estate,REIT - Hotel & Motel,NYSE,10.93,1895790,1673894528,0.3061,11.61,8.96,-2.2349,-0.26,28.92,30.8,22.38,0.0,61.25,3,12.89,6.54,-15.21,0.0,,8,,20260908
OBK,"Origin Bancorp, Inc.",Financial Services,Banks - Regional,NYSE,54.48,167325,1680690432,0.9694,52.83,45.02,1.7014,9.18,19.78,21.9,17.98,0.0,88.75,2,55.57,32.12,-1.96,0.0,,8,,20260908
CBL,"CBL & Associates Properties, Inc.",Real Estate,REIT - Retail,NYSE,54.98,284404,1701232768,1.5491,55.48,43.44,-0.3238,10.27,37.31,64.57,41.46,0.0,70.75,3,60.4,28.04,-8.97,0.0,,8,,20260908
IDRSF,Idorsia Ltd,Healthcare,Biotechnology,PNK,6.24,3778,1654326528,0.1256,7.46,5.53,-9.7185,3.83,5.77,69.12,30.63,0.0,50.0,3,8.19,3.3,-23.81,0.0,,8,,20260908
NOMD,Nomad Foods Limited,Consumer Defensive,Packaged Foods,NYSE,11.64,1535879,1627169280,0.3908,11.59,10.88,0.1301,14.5,2.08,-37.23,-10.54,0.0,82.5,2,14.76,8.99,-21.14,0.0,,8,,20260908
ENVX,Enovix Corporation,Industrials,Electrical Equipment & Parts,NASDAQ,3.32,6616912,728569088,0.2685,4.36,6.16,-3.8839,-59.09,-46.7,-83.16,-64.38,0.0,10.0,4,14.21,3.06,-76.64,0.0,,8,,20260908
ARI,"Apollo Commercial Real Estate Finance, Inc.",Real Estate,REIT - Mortgage,NYSE,6.88,4319676,884385152,0.1172,6.79,6.69,0.7921,-7.43,-10.87,-14.33,-11.39,0.0,60.0,2,11.24,6.43,-38.79,0.0,,8,,20260908
DPBSF,Dampskibsselskabet Norden A/S,Industrials,Marine Shipping,PNK,57.28,14,1571938688,0.2231,52.21,46.52,22.7213,6.72,5.87,41.39,20.29,0.0,76.25,2,57.28,35.5,-0.0,0.0,,8,,20260908
AMVMF,AMG Critical Materials N.V.,Basic Materials,Other Industrial Metals & Mining,PNK,37.85,774,1346862720,0.5993,36.72,39.43,1.8775,-27.8,-18.11,1.54,-12.67,0.0,39.5,3,49.22,27.7,-23.1,0.0,,8,,20260908
ELUXY,AB Electrolux (publ),Consumer Cyclical,"Furnishings, Fixtures & Appliances",PNK,5.61,5636,2276226560,0.1625,5.79,6.74,-1.1142,-22.13,-42.54,-26.31,-30.95,0.0,18.25,4,19.83,4.63,-71.71,0.0,,8,,20260908
ALKEF,Alkane Resources Ltd,Basic Materials,Gold,OQX,1.37,576614,1871700608,0.0695,1.08,1.04,4.1113,32.31,10.53,72.99,40.96,0.0,88.75,2,1.44,0.56,-4.86,0.0,,8,,20260908
SLS,"SELLAS Life Sciences Group, Inc.",Healthcare,Biotechnology,NCM,13.86,8245087,2798967552,1.1683,12.8,6.8,0.9113,63.71,135.48,658.69,326.82,0.0,88.75,2,15.88,1.39,-12.72,0.0,,8,,20260908
CBLUY,China BlueChemical Ltd.,Basic Materials,Agricultural Inputs,PNK,16.95,0,1562790016,0.0056,16.95,13.4,0.0,-4.69,42.85,38.03,29.04,0.0,75.0,3,19.78,11.19,-14.31,0.0,,8,,20260908
PBT,Permian Basin Royalty Trust,Energy,Oil & Gas Midstream,NYSE,34.18,118395,1593088640,1.3076,30.34,23.55,2.9358,15.73,52.73,74.15,52.05,0.0,92.5,2,35.5,16.25,-3.72,0.0,,8,,20260908
HLMN,Hillman Solutions Corp.,Industrials,Tools & Accessories,NASDAQ,7.68,1475047,1494105472,0.3084,8.22,8.47,-1.7418,0.51,-20.81,-42.55,-24.17,0.0,42.0,4,10.85,6.96,-29.22,0.0,,8,,20260908
AGL,"agilon health, inc.",Healthcare,Medical Care Facilities,NYSE,88.5,322352,1486022144,6.789,101.99,51.53,-1.9877,-13.32,476.82,172.6,232.6,0.0,38.75,3,133.04,7.48,-33.48,0.0,,8,,20260908
TRS,TriMas Corporation,Consumer Cyclical,Packaging & Containers,NASDAQ,39.48,456046,1416300416,1.1266,40.27,37.72,-0.7008,-3.8,-9.5,-18.98,-11.87,0.0,48.25,3,45.43,30.43,-13.1,0.0,,8,,20260908
PICS,PicS N.V.,Technology,Software - Infrastructure,NASDAQ,11.46,429079,2475808768,0.7931,11.47,11.46,-0.0063,20.14,-34.05,-51.25,-27.38,0.0,75.75,3,19.95,8.32,-42.56,0.0,,8,,20260908
ATRC,"AtriCure, Inc.",Healthcare,Medical Instruments & Supplies,NASDAQ,51.52,901842,2620631552,1.883,40.07,34.52,6.0826,85.42,56.46,24.51,50.92,0.0,92.5,2,53.5,25.36,-3.7,0.0,,8,,20260908
GENI,Genius Sports Limited,Communication Services,Internet Content & Information,NYSE,7.49,6220160,2004525824,0.452,7.15,7.03,0.7491,21.61,23.81,-64.69,-12.14,0.0,87.5,2,13.69,3.83,-45.29,0.0,,8,,20260908
KDK,"Kodiak AI, Inc.",Technology,Software - Infrastructure,NASDAQ,3.82,1145149,766361408,0.2343,4.35,7.19,-2.2574,-44.82,-72.33,-69.96,-64.5,0.0,8.75,4,11.35,3.48,-66.34,0.0,,8,,20260908
ARLO,"Arlo Technologies, Inc.",Industrials,Building Products & Equipment,NYSE,13.97,1260747,1503357824,0.5983,13.62,13.58,0.5844,4.45,-14.65,-43.38,-21.37,0.0,86.25,2,19.94,11.05,-29.94,0.0,,8,,20260908
TNC,Tennant Company,Industrials,Specialty Industrial Machinery,NYSE,71.97,197958,1227038464,2.7208,78.75,76.76,-2.4912,-18.64,2.91,-31.29,-16.16,0.0,24.5,4,91.93,60.18,-21.71,0.0,,8,,20260908
YSWY,"Yesway, Inc.",Consumer Defensive,Grocery Stores,NASDAQ,24.79,439917,773090048,1.1912,22.03,24.79,2.3178,7.07,8.2,8.2,7.92,0.0,86.25,3,29.08,18.92,-14.75,0.0,,8,,20260908
MAZE,"Maze Therapeutics, Inc.",Healthcare,Biotechnology,NASDAQ,26.21,547358,1455943680,1.359,28.64,34.21,-1.785,3.3,-56.69,54.3,2.7,0.0,40.0,4,53.65,14.75,-51.15,0.0,,8,,20260908
ALPKF,"ALPEK, S.A.B. de C.V.",Basic Materials,Specialty Chemicals,PNK,0.75,9585,1574184832,0.0039,0.74,0.62,1.2943,5.6,52.93,22.35,28.87,0.0,75.0,2,0.77,0.45,-2.1,0.0,,8,,20260908
BCAX,Bicara Therapeutics Inc.,Healthcare,Biotechnology,NASDAQ,23.17,718220,1533226880,1.3488,26.44,21.01,-2.4213,11.16,10.29,72.16,35.25,0.0,62.5,3,30.99,10.29,-25.23,0.0,,8,,20260908
BHVN,Biohaven Ltd.,Healthcare,Biotechnology,NYSE,15.69,3003025,2369876736,1.1171,14.85,11.71,0.7482,40.58,43.01,-22.33,16.27,0.0,85.0,2,18.57,7.48,-15.49,0.0,,8,,20260908
AHCO,AdaptHealth Corp.,Healthcare,Medical Devices,NCM,6.49,2522928,865825408,0.3987,8.31,9.98,-4.5596,-39.07,-46.77,-49.5,-45.94,0.0,12.5,4,13.43,5.21,-51.68,0.0,,8,,20260908
HBNB,Hotel101 Global Holdings Corp.,Real Estate,Real Estate Services,NCM,5.22,4266,1221649024,0.1459,5.48,6.71,-1.803,-12.47,-49.05,49.51,-0.48,0.0,38.25,3,10.43,2.75,-49.95,0.0,,8,,20260908
CSWC,Capital Southwest Corporation,Financial Services,Asset Management,NASDAQ,24.58,662793,1566578432,0.4138,24.15,22.25,1.0414,4.06,1.88,-0.35,1.53,0.0,85.0,2,25.75,19.37,-4.54,0.0,,8,,20260908
XTEPY,Xtep International Holdings Limited,Consumer Cyclical,Apparel Retail,PNK,44.0,65,1202543744,0.5422,46.87,58.04,-5.2995,-27.64,-50.14,-62.49,-49.45,0.0,2.5,4,84.94,44.0,-48.2,0.0,,8,,20260908
WLDN,"Willdan Group, Inc.",Industrials,Engineering & Construction,NASDAQ,85.78,292730,1306608768,3.133,78.94,92.73,2.1847,-16.45,-11.78,-36.8,-22.96,0.0,52.0,3,137.0,64.67,-37.39,0.0,,8,,20260908
TRRSF,Trisura Group Ltd.,Financial Services,Insurance - Specialty,PNK,30.3,8765,1430599168,0.3635,30.57,31.21,-0.7529,-3.43,-23.83,-16.16,-15.66,0.0,55.25,3,37.27,25.9,-18.7,0.0,,8,,20260908
SWDHY,Skyworth Group Limited,Technology,Consumer Electronics,PNK,16.38,20,1030955392,0.0265,17.0,14.67,-23.302,-26.21,19.11,14.3,5.85,0.0,37.0,3,23.2,12.2,-29.4,0.0,,8,,20260908
TTI,"TETRA Technologies, Inc.",Energy,Oil & Gas Equipment & Services,NYSE,6.91,1818219,1023182912,0.3727,8.39,9.3,-3.9604,-30.31,-30.47,24.9,-8.29,0.0,10.0,4,12.54,4.67,-44.9,0.0,,8,,20260908
URGN,UroGen Pharma Ltd.,Healthcare,Biotechnology,NASDAQ,44.09,815952,2155144192,2.0401,42.65,28.27,0.7073,59.51,100.34,114.56,95.82,0.0,85.0,2,50.81,15.86,-13.23,0.0,,8,,20260908
GCT,GigaCloud Technology Inc.,Technology,Software - Infrastructure,NASDAQ,51.75,661030,1848004736,2.4707,43.46,40.74,3.3545,59.43,5.87,78.01,48.12,0.0,86.25,2,56.27,25.39,-8.03,0.0,,8,,20260908
AUSDF,Perenti Limited,Basic Materials,Other Industrial Metals & Mining,PNK,1.8,20,1682640640,0.0013,1.8,1.75,0.0,7.81,-14.6,13.37,2.19,0.0,75.0,3,2.0,1.3,-10.0,0.0,,8,,20260908
WGS,GeneDx Holdings Corp.,Healthcare,Diagnostics & Research,NASDAQ,85.99,797815,2564440064,4.5039,73.05,84.81,2.8723,60.01,-17.56,-53.95,-12.73,0.0,88.75,3,170.87,32.21,-49.68,0.0,,8,,20260908
FRRFF,4imprint Group plc,Communication Services,Advertising Agencies,PNK,49.54,228,1389350656,0.0272,48.76,48.8,28.6489,-4.41,-14.56,-6.39,-8.76,0.0,62.0,3,57.0,41.68,-13.09,0.0,,8,,20260908
PPTTF,Perpetual Limited,Financial Services,Asset Management,PNK,10.44,2,1207816320,0.0035,10.44,11.5,0.0,-19.12,-28.23,-38.89,-30.22,0.0,37.0,3,14.05,10.44,-25.69,0.0,,8,,20260908
HCSG,"Healthcare Services Group, Inc.",Healthcare,Medical Care Facilities,NASDAQ,21.82,733104,1497554560,0.7001,23.15,20.82,-1.8968,2.42,-9.49,18.57,4.71,0.0,63.75,3,25.75,15.13,-15.26,0.0,,8,,20260908
PGENY,Pigeon Corporation,Consumer Defensive,Household & Personal Products,PNK,3.0,187,1433428224,0.0498,3.11,2.71,-2.2109,-5.36,3.42,-32.25,-13.04,0.0,62.0,3,3.5,2.21,-14.29,0.0,,8,,20260908
AAT,"American Assets Trust, Inc.",Real Estate,REIT - Diversified,NYSE,22.04,428177,1709990016,0.3931,23.43,20.31,-3.5235,-10.11,3.81,-5.81,-3.52,0.0,35.0,3,25.97,17.72,-15.13,0.0,,8,,20260908
JJSF,J&J Snack Foods Corp.,Consumer Defensive,Packaged Foods,NASDAQ,84.11,234055,1571310080,2.6408,82.17,82.67,0.7338,7.98,-15.68,-39.43,-19.26,0.0,86.25,3,108.94,68.87,-22.79,0.0,,8,,20260908
LUCK,Lucky Strike Entertainment Corporation,Consumer Cyclical,Leisure,NYSE,6.29,111466,857503232,0.3213,6.93,7.87,-1.997,-22.26,-41.0,-58.01,-43.12,0.0,12.5,4,10.82,5.52,-41.87,0.0,,8,,20260908
NCKAF,Nickel Asia Corporation,Basic Materials,Other Industrial Metals & Mining,PNK,0.08,33,1097076096,0.0004,0.09,0.03,-30.6598,-25.94,-235.66,545.56,129.26,0.0,25.0,3,0.1,0.05,-21.25,0.0,,8,,20260908
ENOV,Enovis Corporation,Healthcare,Medical Devices,NYSE,18.56,1226857,1070345792,1.4441,25.49,24.73,-4.7987,-26.65,-39.43,-61.14,-44.92,0.0,35.0,4,34.28,18.52,-45.86,0.0,,8,,20260908
NNE,NANO Nuclear Energy Inc.,Industrials,Specialty Industrial Machinery,NCM,17.72,2277817,951531072,1.1814,18.25,24.99,-0.4504,-29.48,-39.88,-63.12,-46.58,0.0,23.25,4,60.87,14.71,-70.89,0.0,,8,,20260908
PYTCY,Playtech plc,Consumer Cyclical,Gambling,PNK,10.8,1533,1500379392,0.0382,10.06,8.98,19.4417,7.16,-1.11,-11.97,-3.38,0.0,76.25,2,12.73,6.23,-15.16,0.0,,8,,20260908
ALMR,"Alamar Biosciences, Inc.",Healthcare,Medical Devices,NASDAQ,30.8,330058,2137297152,2.2232,28.67,30.8,0.9565,45.26,31.26,31.26,34.76,0.0,85.0,3,38.54,18.85,-20.08,0.0,,8,,20260908
BMCLF,BAIC Motor Corporation Limited,Consumer Cyclical,Auto Manufacturers,PNK,0.09,74,721380416,0.0015,0.12,0.19,-20.6487,-44.29,-75.85,-83.23,-70.91,0.0,0.0,4,0.28,0.09,-67.27,0.0,,8,,20260908
RBCAA,"Republic Bancorp, Inc.",Financial Services,Banks - Regional,NASDAQ,96.8,113330,1900585984,2.2056,94.31,78.26,1.1306,10.54,27.26,7.66,15.24,0.0,86.25,2,102.22,63.97,-5.3,0.0,,8,,20260908
HYT,"BlackRock Corporate High Yield Fund, Inc.",Financial Services,Asset Management,NYSE,8.24,789995,1612218368,0.0491,8.32,8.33,-1.5859,-6.08,-14.88,-23.77,-16.23,0.0,31.5,4,9.61,8.22,-14.26,0.0,,8,,20260908
RYZ,Ryerson Holding Corporation,Industrials,Metal Fabrication,NYSE,26.31,488533,1365453568,1.2325,26.96,25.82,-0.5298,-7.09,-8.49,-2.8,-5.86,0.0,49.5,3,32.0,19.34,-17.78,0.0,,8,,20260908
NFJ,"Virtus Dividend, Interest & Premium Strategy Fund",Financial Services,Asset Management,NYSE,15.68,179065,1475515648,0.1513,15.34,13.68,2.2723,3.28,11.06,11.56,9.31,0.0,85.0,2,15.75,12.25,-0.44,0.0,,8,,20260908
LLESY,Lendlease Group,Real Estate,Real Estate - Diversified,PNK,2.24,180,1547596288,0.0284,2.07,2.53,5.9003,23.65,-32.36,-54.95,-27.39,0.0,51.25,3,3.74,1.78,-40.11,0.0,,8,,20260908
RVLV,"Revolve Group, Inc.",Consumer Cyclical,Internet Retail,NYSE,21.35,877026,1517673856,0.914,23.99,24.55,-2.8848,8.39,-30.53,-26.57,-19.22,0.0,32.5,3,31.68,17.35,-32.61,0.0,,8,,20260908
TOWCF,TOWA Corporation,Technology,Semiconductor Equipment & Materials,PNK,14.29,2003,1072202496,0.5042,17.03,9.96,-5.4409,-30.07,-3815.32,-6344.18,-3880.55,0.0,28.75,3,23.35,11.66,-38.8,0.0,,8,,20260908
SNMSF,Spin Master Corp.,Consumer Cyclical,Leisure,PNK,14.34,9807,1434262144,0.1574,15.01,14.09,-4.2243,1.08,-9.26,-29.87,-14.92,0.0,65.75,3,16.61,12.65,-13.67,0.0,,8,,20260908
LOMA,Loma Negra Compañía Industrial Argentina Sociedad Anónima,Basic Materials,Building Materials,NYSE,10.27,401428,1198474496,0.4066,10.74,11.29,-1.1575,-12.5,-10.89,-7.73,-10.03,0.0,34.0,4,13.2,7.04,-22.2,0.0,,8,,20260908
DOLE,Dole plc,Consumer Defensive,Farm Products,NYSE,14.01,1061573,1323367936,0.3027,13.84,14.5,0.5675,-4.1,-22.26,-14.18,-14.49,0.0,53.25,3,16.57,12.52,-15.45,0.0,,8,,20260908
EYE,"National Vision Holdings, Inc.",Consumer Cyclical,Specialty Retail,NASDAQ,16.74,2152233,1323620224,0.8742,19.74,23.44,-3.4347,3.73,-55.16,-47.53,-37.39,0.0,31.25,4,30.02,14.75,-44.24,0.0,,8,,20260908
CRI,"Carter's, Inc.",Consumer Cyclical,Apparel Retail,NYSE,33.55,1053730,1231660160,1.4138,37.64,35.88,-2.8906,-16.16,-14.04,0.83,-8.62,0.0,19.5,4,44.44,27.15,-24.5,0.0,,8,,20260908
SUPIF,Supermarket Income REIT plc,Industrials,Consulting Services,PNK,1.16,35,0,0.0056,1.11,1.16,8.3272,2.26,-7.64,49.92,17.86,0.0,76.25,3,1.26,0.75,-7.94,0.0,,8,,20260908
CGIFF,Chemtrade Logistics Income Fund,Basic Materials,Chemicals,OQX,10.95,25807,1228162304,0.1737,11.43,11.19,-2.7831,-10.92,-13.28,0.57,-7.15,0.0,31.5,4,13.5,9.28,-18.89,0.0,,8,,20260908
MAN,ManpowerGroup Inc.,Industrials,Staffing & Employment Services,NYSE,61.98,1243211,2882525184,2.2983,52.02,34.87,4.3354,87.19,102.8,37.51,72.78,0.0,92.5,2,63.88,25.15,-2.97,0.0,,8,,20260908
GSL,"Global Ship Lease, Inc.",Industrials,Marine Shipping,NYSE,46.4,311873,0,1.0325,41.78,37.73,4.4765,18.77,8.03,40.26,23.61,0.0,88.75,2,46.5,27.28,-0.22,0.0,,8,,20260908
BIREF,Birchcliff Energy Ltd.,Energy,Oil & Gas E&P,PNK,4.67,123574,1281698688,0.0939,4.55,4.88,1.3014,-3.37,-24.39,-16.43,-15.95,0.0,59.0,3,5.9,4.07,-20.85,0.0,,8,,20260908
MRTN,"Marten Transport, Ltd.",Industrials,Trucking,NASDAQ,14.4,706755,1175928064,0.3904,15.78,14.11,-3.5372,-23.29,0.75,4.8,-3.64,0.0,38.75,3,18.48,9.35,-22.08,0.0,,8,,20260908
UVV,Universal Corporation,Consumer Defensive,Tobacco,NYSE,45.61,286723,1135655040,1.0911,49.55,51.29,-3.607,-18.47,-26.22,-31.58,-26.42,0.0,8.75,4,59.38,43.36,-23.19,0.0,,8,,20260908
BLKB,"Blackbaud, Inc.",Technology,Software - Application,NASDAQ,47.1,729574,2137873408,1.957,39.4,43.98,3.9359,61.68,-17.36,-48.98,-10.25,0.0,91.25,3,70.71,25.58,-33.39,0.0,,8,,20260908
ORC,"Orchid Island Capital, Inc.",Real Estate,REIT - Mortgage,NYSE,6.55,4873530,1302187904,0.1068,6.54,6.56,0.0835,-1.69,-16.61,-10.12,-10.28,0.0,73.25,3,8.4,6.31,-22.02,0.0,,8,,20260908
WZZZY,Wizz Air Holdings Plc,Industrials,Airlines,PNK,3.62,56,1498069760,0.0031,3.71,3.78,-30.0931,4.94,-9.37,-42.99,-19.24,0.0,36.0,1,5.42,2.9,-33.25,0.0,,8,,20260908
TRTPF,Trustpilot Group plc,Technology,Software - Application,PNK,3.6,47,1384147968,0.0008,3.57,2.85,35.7273,-1.84,75.32,-6.79,23.19,0.0,75.0,2,3.72,1.71,-3.16,0.0,,8,,20260908
GRPFF,"Grupo Televisa, S.A.B.",Communication Services,Telecom Services,PNK,0.55,52,1449415040,0.0,0.55,0.57,0.0,-8.88,-16.77,-9.97,-12.07,0.0,37.0,3,0.65,0.48,-15.38,0.0,,8,,20260908
BRDNF,Breedon Group plc,Basic Materials,Building Materials,PNK,3.94,50,1367538176,0.0021,3.96,4.27,-7.065,-3.67,-34.23,-54.65,-34.76,0.0,36.0,4,6.25,3.9,-36.96,0.0,,8,,20260908
OI,"O-I Glass, Inc.",Consumer Cyclical,Packaging & Containers,NYSE,7.14,3254939,1097130496,0.3627,8.1,11.13,-2.6352,-14.43,-52.41,-63.43,-47.33,0.0,13.75,4,16.91,6.29,-57.78,0.0,,8,,20260908
BCTCF,OSL Group Limited,Financial Services,Capital Markets,PNK,1.5,3,1348921984,0.0002,1.5,1.94,0.0,-3.0,-43.04,-49.54,-35.63,0.0,50.0,3,2.7,0.01,-44.44,0.0,,8,,20260908
CNL,Collective Mining Ltd.,Basic Materials,Gold,NASDAQ,16.75,72114,1553440256,0.8693,13.8,15.4,3.3909,15.21,-18.05,6.16,-0.05,0.0,91.25,3,21.97,9.77,-23.76,0.0,,8,,20260908
HKBNF,HKBN Ltd.,Communication Services,Telecom Services,PNK,0.91,0,1350994944,0.0002,0.91,0.54,0.0,-4.69,159.2,398.98,214.14,0.0,62.0,3,0.91,0.4,0.0,0.0,,8,,20260908
NRP,Natural Resource Partners L.P.,Energy,Thermal Coal,NYSE,113.72,46925,0,2.4316,101.94,108.36,4.8456,3.87,-17.05,-7.41,-7.96,0.0,88.75,3,128.6,95.51,-11.57,0.0,,8,,20260908
PAHC,Phibro Animal Health Corporation,Healthcare,Drug Manufacturers - Specialty & Generic,NASDAQ,38.25,249882,1553011328,1.5944,34.75,41.56,2.1954,13.62,-34.75,-20.85,-17.09,0.0,73.25,3,60.08,28.25,-36.33,0.0,,8,,20260908
LIND,"Lindblad Expeditions Holdings, Inc.",Consumer Cyclical,Travel Services,NCM,25.87,892658,1697581440,1.3258,29.36,20.84,-2.6332,14.74,29.86,58.69,37.61,0.0,55.0,3,35.0,11.37,-26.09,0.0,,8,,20260908
EOPSF,Electro Optic Systems Holdings Limited,Industrials,Aerospace & Defense,PNK,6.65,51842,1474319360,0.5144,5.95,6.65,1.3632,-17.19,-20.83,-3.51,-12.99,0.0,60.0,3,9.02,4.01,-26.27,0.0,,8,,20260908
SPH,"Suburban Propane Partners, L.P.",Utilities,Utilities - Regulated Gas,NYSE,17.52,230006,1168801024,0.3121,17.73,18.52,-0.6614,-12.08,-25.66,-18.21,-19.29,0.0,35.25,4,20.8,16.53,-15.77,0.0,,8,,20260908
WWW,"Wolverine World Wide, Inc.",Consumer Cyclical,Footwear & Accessories,NYSE,20.76,870822,1703697152,0.8635,18.97,17.56,2.072,26.67,12.91,-53.71,-10.3,0.0,86.25,2,32.37,13.47,-35.87,0.0,,8,,20260908
TV,"Grupo Televisa, S.A.B.",Communication Services,Telecom Services,NYSE,2.63,879630,1386167808,0.0907,2.76,2.9,-1.4291,-6.19,-22.55,-27.36,-20.38,0.0,31.5,4,3.49,2.34,-24.64,0.0,,8,,20260908
TBLA,Taboola.com Ltd.,Communication Services,Internet Content & Information,NASDAQ,3.86,3113890,1042799808,0.1784,4.58,4.13,-4.0576,-20.42,1.81,-5.09,-6.5,0.0,28.25,4,5.71,2.83,-32.4,0.0,,8,,20260908
CCEC,Capital Clean Energy Carriers Corp.,Industrials,Marine Shipping,NASDAQ,22.65,10760,1363803904,0.3875,22.4,21.08,0.6529,-2.04,-10.56,-9.58,-8.04,0.0,93.75,2,24.0,16.77,-5.63,0.0,,8,,20260908
PRG,"PROG Holdings, Inc.",Industrials,Rental & Leasing Services,NYSE,39.29,556619,1564984832,1.4495,42.77,34.87,-2.4013,7.14,4.42,-7.32,0.4,0.0,58.75,3,47.73,25.8,-17.68,0.0,,8,,20260908
CRML,Critical Metals Corp.,Basic Materials,Other Industrial Metals & Mining,NASDAQ,7.28,6244868,1069350144,0.6363,7.21,9.7,0.1059,-29.95,-32.43,7.08,-16.0,0.0,35.0,3,32.15,5.12,-77.36,0.0,,8,,20260908
GRWXF,Molten Ventures Plc,Unknown,Unknown,PNK,9.38,1259,1615613184,0.2397,9.38,9.38,0.0,14.83,14.83,14.83,14.83,0.0,64.78,3,9.38,7.5,0.0,0.0,,8,,20260908
MLTX,MoonLake Immunotherapeutics,Healthcare,Biotechnology,NCM,15.01,1272203,1277451392,0.6902,17.82,16.9,-4.0719,-20.84,-32.46,-94.83,-54.5,0.0,11.25,4,62.75,5.95,-76.08,0.0,,8,,20260908
NSSC,"Napco Security Technologies, Inc.",Industrials,Security & Protection Services,NASDAQ,37.01,431006,1323789696,1.8118,37.32,39.87,-0.1688,1.61,-24.55,-24.32,-17.92,0.0,60.25,4,51.77,33.91,-28.51,0.0,,8,,20260908
DFH,"Dream Finders Homes, Inc.",Consumer Cyclical,Residential Construction,NYSE,13.8,647525,1249384704,0.7892,15.09,16.29,-1.6392,-10.17,-31.01,-71.88,-42.15,0.0,10.0,4,31.5,12.2,-56.18,0.0,,8,,20260908
MUC,"BlackRock MuniHoldings California Quality Fund, Inc.",Financial Services,Asset Management,NYSE,10.45,359312,984221952,0.0811,10.7,10.51,-3.1447,-6.11,-15.72,-12.75,-12.13,0.0,29.0,4,11.16,10.2,-6.36,0.0,,8,,20260908
ATUUF,Tenaz Energy Corp.,Energy,Oil & Gas E&P,PNK,47.19,11730,1562743936,1.0821,39.41,34.74,7.1888,25.49,14.32,163.46,76.77,0.0,87.5,2,49.8,14.01,-5.24,0.0,,8,,20260908
IDT,IDT Corporation,Communication Services,Telecom Services,NYSE,68.83,199946,0,1.6757,64.77,54.31,2.424,18.2,19.02,-13.56,5.78,0.0,90.0,2,69.97,45.72,-1.63,0.0,,8,,20260908
DMLP,"Dorchester Minerals, L.P.",Energy,Oil & Gas E&P,NASDAQ,29.21,191057,1433959936,0.4838,26.64,24.56,5.3036,6.74,0.73,9.88,5.89,0.0,91.25,2,29.6,20.85,-1.32,0.0,,8,,20260908
FCEL,"FuelCell Energy, Inc.",Industrials,Electrical Equipment & Parts,NASDAQ,14.95,11102969,1195315200,2.0382,21.31,13.42,-3.1194,-18.43,81.55,261.41,128.5,0.0,36.25,3,37.88,4.03,-60.53,0.0,,8,,20260908
FCELB,"FuelCell Energy, Inc.",Industrials,Electrical Equipment & Parts,PNK,490.0,147,3811499300,16.8074,485.79,395.38,0.2503,12.21,24.71,50.68,31.97,0.0,82.5,2,548.0,297.5,-10.58,0.0,,8,,20260908
ARDT,"Ardent Health, Inc.",Healthcare,Medical Care Facilities,NYSE,10.91,499088,1538810752,0.4226,10.69,9.53,0.531,21.0,7.43,-35.13,-6.2,0.0,83.75,2,15.48,7.71,-29.52,0.0,,8,,20260908
UAN,"CVR Partners, LP",Basic Materials,Agricultural Inputs,NYSE,130.8,44080,0,3.125,118.28,108.98,4.0065,11.15,-3.21,47.81,20.79,0.0,88.75,2,139.5,84.13,-6.24,0.0,,8,,20260908
FOR,Forestar Group Inc.,Real Estate,Real Estate - Development,NYSE,27.89,133123,1422881664,0.7798,29.28,27.33,-1.7781,-5.72,-7.72,-20.92,-12.5,0.0,47.0,3,32.06,22.81,-13.01,0.0,,8,,20260908
CHYCF,Chiyoda Corporation,Industrials,Engineering & Construction,PNK,3.88,20,1005631872,0.0037,3.99,5.21,-30.1993,-22.49,-76.16,89.76,3.63,0.0,12.0,4,9.95,1.85,-61.01,0.0,,8,,20260908
TUYA,Tuya Inc.,Technology,Software - Infrastructure,NYSE,1.89,869117,1158779136,0.0622,1.79,2.1,1.672,-7.77,-35.03,-41.78,-30.91,0.0,38.75,3,2.73,1.61,-30.77,0.0,,8,,20260908
AI,"C3.ai, Inc.",Technology,Software - Infrastructure,NYSE,10.46,5573476,1674512000,0.5228,9.54,10.63,1.7552,-4.41,-1.34,-52.31,-22.49,0.0,52.0,3,20.22,7.67,-48.27,0.0,,8,,20260908
CHNFF,China Foods Limited,Consumer Defensive,Beverages - Non-Alcoholic,PNK,0.47,0,0,0.0002,0.47,0.35,0.0,55.57,35.72,30.91,38.76,0.0,75.0,3,0.5,0.42,-5.86,0.0,,8,,20260908
TWO,Two Harbors Investment Corp,Real Estate,REIT - Mortgage,NYSE,12.18,2721698,1280541440,0.0498,12.18,12.18,0.0,-1.97,-1.97,-1.97,-1.97,0.0,69.5,3,14.17,8.78,-14.04,0.0,,8,,20260908
ATVDY,"Atresmedia Corporación de Medios de Comunicación, S.A.",Communication Services,Entertainment,PNK,6.01,794,1354448256,0.0432,5.83,5.68,4.318,4.0,-7.76,-17.61,-8.76,0.0,76.25,2,7.05,5.05,-14.68,0.0,,8,,20260908
TSIOF,361 Degrees International Limited,Consumer Cyclical,Footwear & Accessories,PNK,0.61,177,1322286080,0.0023,0.57,0.68,15.5634,-3.93,-26.58,-41.76,-26.99,0.0,50.0,3,0.93,0.54,-34.25,0.0,,8,,20260908
LRCDF,Laurentian Bank of Canada,Financial Services,Banks - Regional,PNK,28.88,1257,1295588864,0.009,28.65,28.4,25.3951,-4.29,-14.58,8.55,-2.75,0.0,75.0,2,29.61,22.45,-2.47,0.0,,8,,20260908
AHG,Akso Health Group,Healthcare,Medical Distribution,NCM,0.85,13352,726485120,0.1132,1.32,1.59,-4.1513,-41.41,-52.34,-67.94,-55.85,0.0,11.25,4,2.5,0.84,-66.08,0.0,,8,,20260908
NPKI,NPK International Inc.,Industrials,Building Products & Equipment,NYSE,13.22,977098,1122508800,0.4958,13.89,14.0,-1.3581,-12.12,-17.66,4.4,-7.45,0.0,36.5,4,16.5,10.35,-19.88,0.0,,8,,20260908
IAUX,i-80 Gold Corp.,Basic Materials,Gold,NYSE,1.79,10476350,1549964032,0.0886,1.54,1.56,2.8447,20.48,-12.87,109.23,44.31,0.0,87.5,3,2.24,0.84,-20.09,0.0,,8,,20260908
BTSNY,Betsson AB (publ),Consumer Cyclical,Gambling,PNK,9.55,0,1292165504,0.0,9.55,10.74,0.0,-4.69,-15.96,-64.24,-32.45,0.0,37.0,3,18.28,8.77,-47.76,0.0,,8,,20260908
MYI,"BlackRock MuniYield Quality Fund III, Inc.",Financial Services,Asset Management,NYSE,10.47,279377,0,0.0793,10.78,10.67,-3.8873,-6.52,-17.72,-14.67,-13.7,0.0,29.0,4,11.46,10.37,-8.64,0.0,,8,,20260908
WINA,Winmark Corporation,Consumer Cyclical,Specialty Retail,NASDAQ,318.17,47931,1142920448,11.4447,361.59,400.76,-3.7937,-20.2,-40.63,-51.39,-39.83,0.0,7.5,4,527.37,315.0,-39.67,0.0,,8,,20260908
ARRY,"Array Technologies, Inc.",Technology,Solar,NASDAQ,4.6,6617796,707601344,0.2694,5.56,7.84,-3.5795,-47.83,-47.61,-69.36,-56.37,0.0,5.0,4,12.23,4.31,-62.39,0.0,,8,,20260908
UMH,"UMH Properties, Inc.",Real Estate,REIT - Residential,NYSE,15.95,638168,1358400768,0.3077,15.65,15.11,0.9827,1.28,-4.47,-7.83,-4.38,0.0,85.0,2,16.77,13.93,-4.89,0.0,,8,,20260908
FKRAF,Fiskars Oyj Abp,Consumer Cyclical,"Furnishings, Fixtures & Appliances",PNK,16.02,139,1293042944,0.1148,15.3,15.1,6.2569,-5.5,-9.55,-20.08,-12.75,0.0,76.25,2,16.94,13.63,-5.43,0.0,,8,,20260908
PLTK,Playtika Holding Corp.,Communication Services,Electronic Gaming & Multimedia,NASDAQ,2.2,1695768,839120000,0.1556,3.26,3.43,-6.7915,-33.5,-36.02,-57.55,-44.0,0.0,11.25,4,4.42,2.09,-50.23,0.0,,8,,20260908
WABC,Westamerica Bancorporation,Financial Services,Banks - Regional,NASDAQ,59.39,184068,1372571264,1.1407,59.09,53.13,0.2629,1.12,5.2,2.82,3.23,0.0,86.25,2,63.61,44.93,-6.63,0.0,,8,,20260908
GIII,"G-III Apparel Group, Ltd.",Consumer Cyclical,Apparel Manufacturing,NASDAQ,27.74,590546,1170366464,1.168,34.14,31.1,-5.4822,-22.17,-20.3,-18.58,-20.08,0.0,11.25,4,37.54,24.61,-26.11,0.0,,8,,20260908
HMMCF,Hemlo Mining Corp.,Basic Materials,Gold,OQX,5.75,48851,1704127360,0.2712,4.6,4.26,4.2566,22.8,-3.51,573.35,233.81,0.0,86.25,2,6.54,0.83,-12.08,0.0,,8,,20260908
ARSTY,Ariston Holding N.V.,Industrials,Building Products & Equipment,PNK,17.8,7,6540758528,0.1398,15.89,17.8,13.6313,8.02,-2.04,-2.04,0.47,0.0,75.0,3,17.99,15.79,-1.07,0.0,,8,,20260908
CDRE,"Cadre Holdings, Inc.",Industrials,Aerospace & Defense,NYSE,29.76,393549,1274345088,1.4308,30.83,34.92,-0.7455,-5.2,-46.3,-25.61,-27.75,0.0,49.5,4,48.76,25.73,-38.97,0.0,,8,,20260908
ACDC,ProFrac Holding Corp.,Energy,Oil & Gas Equipment & Services,NASDAQ,5.15,1603901,937932288,0.3983,4.84,5.42,0.7788,-30.38,-19.79,15.2,-8.44,0.0,49.5,3,8.22,3.08,-37.35,0.0,,8,,20260908
LADR,Ladder Capital Corp,Real Estate,REIT - Mortgage,NYSE,9.83,1103520,1247085952,0.1924,9.83,10.0,-0.0204,-6.39,-14.6,-28.73,-18.2,0.0,34.0,4,11.88,9.38,-17.26,0.0,,8,,20260908
LIFZF,Labrador Iron Ore Royalty Corporation,Basic Materials,Steel,PNK,18.99,42141,1215360000,0.4232,19.13,20.53,-0.3245,-6.92,-28.64,-21.46,-20.34,0.0,32.75,4,23.29,18.02,-18.46,0.0,,8,,20260908
BRELY,Brazilian Rare Earths Limited,Basic Materials,Other Precious Metals & Mining,OQX,13.25,173,742407360,0.3244,14.43,16.08,-3.6395,-44.4,-43.09,62.42,-1.22,0.0,2.5,4,24.16,7.26,-45.16,0.0,,8,,20260908
HLF,Herbalife Ltd.,Consumer Defensive,Packaged Foods,NYSE,12.38,1671122,1283427328,0.6287,12.37,14.07,0.014,3.62,-35.13,2.73,-10.3,0.0,63.75,3,20.4,7.56,-39.31,0.0,,8,,20260908
LYPHF,Luye Pharma Group Ltd.,Healthcare,Drug Manufacturers - Specialty & Generic,PNK,0.27,59007,1078519296,0.0009,0.26,0.33,13.5013,-22.33,-43.64,-19.22,-28.54,0.0,50.0,3,0.4,0.2,-31.65,0.0,,8,,20260908
WLFC,Willis Lease Finance Corporation,Industrials,Rental & Leasing Services,NASDAQ,56.22,329974,1188722048,2.5296,64.34,59.81,-3.2104,-12.8,-20.33,-5.11,-12.36,0.0,24.5,4,81.54,38.0,-31.05,0.0,,8,,20260908
THYKF,thyssenkrupp nucera AG & Co. KGaA,Industrials,Specialty Industrial Machinery,PNK,9.15,768,1342414848,0.0179,8.76,9.5,21.9384,-14.81,-23.2,-34.09,-25.46,0.0,37.0,3,13.18,8.0,-30.55,0.0,,8,,20260908
SLCVF,"Sitios Latinoamérica, S.A.B. de C.V.",Industrials,Engineering & Construction,PNK,0.26,181,1237088768,0.0001,0.26,0.28,0.0,-8.4,-28.49,53.37,9.28,0.0,62.0,3,0.32,0.15,-18.75,0.0,,8,,20260908
CMP,"Compass Minerals International, Inc.",Basic Materials,Other Industrial Metals & Mining,NYSE,25.32,460546,1062955648,1.1645,27.92,25.29,-2.2286,-19.24,-7.55,14.79,-1.54,0.0,38.75,3,34.5,16.4,-26.61,0.0,,8,,20260908
HTSUY,"Hisamitsu Pharmaceutical Co., Inc.",Healthcare,Drug Manufacturers - Specialty & Generic,PNK,2.94,0,0,0.0588,2.94,2.94,0.0,-3.74,-3.74,-3.74,-3.74,0.0,62.0,3,6.79,2.94,-56.73,0.0,,8,,20260908
CSIQ,Canadian Solar Inc.,Technology,Solar,NASDAQ,13.22,2213565,897595072,0.857,14.73,17.9,-1.765,-27.65,-32.53,16.18,-11.83,0.0,7.5,4,34.59,10.56,-61.78,0.0,,8,,20260908
MSDL,Morgan Stanley Direct Lending Fund,Financial Services,Asset Management,NYSE,15.25,490130,1282603136,0.2496,15.28,14.94,-0.1335,-1.05,-5.27,-24.15,-11.77,0.0,70.75,3,18.04,13.66,-15.48,0.0,,8,,20260908
SEPN,"Septerna, Inc.",Healthcare,Biotechnology,NASDAQ,36.75,440212,1715377792,2.0334,37.51,29.7,-0.374,13.28,12.54,140.3,63.83,0.0,72.0,3,51.1,13.67,-28.08,0.0,,8,,20260908
SQZZF,Serica Energy plc,Energy,Oil & Gas E&P,PNK,3.35,1333,1312904064,0.1064,2.88,2.75,4.3841,-6.17,-3.49,17.89,4.4,0.0,52.5,2,3.66,1.3,-8.47,0.0,,8,,20260908
AFMJF,Alphamin Resources Corp.,Basic Materials,Other Industrial Metals & Mining,PNK,1.07,293028,1377918720,0.0362,1.05,0.91,0.5578,2.31,11.21,41.02,20.91,0.0,81.25,2,1.2,0.65,-10.83,0.0,,8,,20260908
RDWR,Radware Ltd.,Technology,Software - Infrastructure,NASDAQ,28.28,239644,1190092800,1.1054,28.94,26.47,-0.5953,-3.48,-0.75,-6.12,-3.58,0.0,49.5,3,32.79,21.68,-13.75,0.0,,8,,20260908
GUZOF,"Grupo Herdez, S.A.B. de C.V.",Consumer Defensive,Packaged Foods,PNK,2.9,177,932514816,0.0145,3.0,3.83,-6.6261,-28.38,-54.23,-43.04,-43.29,0.0,12.0,4,5.23,2.9,-44.55,0.0,,8,,20260908
ATEC,"Alphatec Holdings, Inc.",Healthcare,Medical Devices,NASDAQ,9.45,2441144,1459562624,0.4101,9.27,12.55,0.4443,13.43,-37.89,-62.87,-35.05,0.0,62.5,3,23.29,6.82,-59.42,0.0,,8,,20260908
ADTN,"ADTRAN Holdings, Inc.",Technology,Communication Equipment,NASDAQ,7.1,2119619,578518016,0.4313,9.76,11.41,-6.1753,-58.44,-41.12,-46.54,-47.62,0.0,10.0,4,19.98,7.04,-64.46,0.0,,8,,20260908
PFBC,Preferred Bank,Financial Services,Banks - Regional,NASDAQ,103.52,111579,1227034496,2.2208,105.16,95.55,-0.7385,2.57,3.42,-8.26,-1.47,0.0,73.25,3,112.26,81.5,-7.79,0.0,,8,,20260908
BLGFF,Baillie Gifford US Growth Trust PLC,Unknown,Unknown,PNK,4.54,5260,0,0.1745,4.21,4.54,1.8929,30.04,30.04,30.04,30.04,0.0,70.75,3,5.31,3.65,-14.5,0.0,,8,,20260908
VTOL,Bristow Group Inc.,Energy,Oil & Gas Equipment & Services,NYSE,43.32,241484,1284091392,1.643,44.58,43.11,-0.7653,-0.38,-17.19,-2.96,-7.29,0.0,74.5,3,50.38,35.03,-14.01,0.0,,8,,20260908
BHRB,Burke & Herbert Financial Services Corp.,Financial Services,Banks - Regional,NCM,72.35,154268,1460531712,1.4161,71.56,65.53,0.5576,8.34,0.78,-2.84,1.22,0.0,86.25,2,75.09,57.42,-3.65,0.0,,8,,20260908
DFDDF,DFDS A/S,Industrials,Marine Shipping,PNK,21.5,49,1161350144,0.0259,20.9,17.7,23.3524,21.78,13.59,18.56,17.63,0.0,75.0,2,21.5,14.17,0.0,0.0,,8,,20260908
KMTS,"Kestra Medical Technologies, Ltd.",Healthcare,Medical Instruments & Supplies,NASDAQ,25.54,358155,1496723712,1.2738,25.52,23.58,0.0195,26.96,-4.3,34.73,19.12,0.0,86.25,2,30.0,16.68,-14.87,0.0,,8,,20260908
INSP,"Inspire Medical Systems, Inc.",Healthcare,Medical Devices,NYSE,63.08,836512,1823666560,2.5925,55.01,66.19,3.1125,48.45,-15.01,-46.89,-11.9,0.0,78.25,3,147.03,38.91,-57.1,0.0,,8,,20260908
MUX,McEwen Inc.,Basic Materials,Other Precious Metals & Mining,NYSE,20.07,1157330,1198983552,0.9748,18.66,21.12,1.4434,5.1,-32.22,30.15,2.06,0.0,72.0,3,29.7,13.04,-32.42,0.0,,8,,20260908
SVV,"Savers Value Village, Inc.",Consumer Cyclical,Specialty Retail,NYSE,10.45,1264669,1601301120,0.458,10.3,9.39,0.3192,11.55,4.55,-37.94,-10.7,0.0,87.5,2,13.89,6.91,-24.77,0.0,,8,,20260908
IRPSY,IRPC Public Company Limited,Energy,Oil & Gas Refining & Marketing,PNK,6.21,0,1267497728,0.0006,6.21,4.59,0.0,-4.69,62.27,130.61,72.87,0.0,75.0,3,6.21,2.5,0.0,0.0,,8,,20260908
EMO,ClearBridge Energy Midstream Opportunity Fund Inc,Financial Services,Asset Management,NYSE,54.28,41814,0,1.0892,51.97,48.17,2.1217,5.57,-6.64,4.29,0.79,0.0,90.0,2,56.19,41.54,-3.4,0.0,,8,,20260908
ASST,"Strive, Inc.",Financial Services,Asset Management,NASDAQ,27.14,5358188,2531145984,1.7559,14.71,14.71,7.0817,90.28,196.8,-95.34,53.31,0.0,95.0,3,252.0,7.02,-89.23,0.0,,8,,20260908
SATA,"Strive, Inc.",Financial Services,Asset Management,NASDAQ,100.01,340425,0,0.5736,96.66,91.57,5.8348,4.47,-2.65,10.56,4.41,0.0,86.25,2,101.35,79.01,-1.32,0.0,,8,,20260908
AFYA,Afya Limited,Consumer Defensive,Education & Training Services,NASDAQ,14.68,127285,1298860288,0.4438,14.25,14.21,0.9729,-3.03,-4.56,-16.95,-9.13,0.0,61.25,2,16.5,13.0,-11.02,0.0,,8,,20260908
ALX,"Alexander's, Inc.",Real Estate,REIT - Retail,NYSE,262.42,35203,1340255104,6.2725,269.45,238.82,-1.121,-1.54,1.91,2.83,1.41,0.0,73.25,3,289.43,201.28,-9.33,0.0,,8,,20260908
ATLCZ,Atlanticus Holdings Corporation 9.25% Senior Notes due 2029,Unknown,Unknown,NASDAQ,25.39,15665,0,0.0744,25.37,24.67,0.2567,-3.21,-11.49,-11.23,-9.31,0.0,81.25,2,25.89,24.72,-1.93,0.0,,8,,20260908
ATLCP,Atlanticus Holdings Corporation,Financial Services,Credit Services,NASDAQ,23.9,4074,0,0.1833,23.84,23.06,0.3099,-4.4,-14.1,-10.44,-10.21,0.0,83.75,2,25.0,20.46,-4.4,0.0,,8,,20260908
ATLC,Atlanticus Holdings Corporation,Financial Services,Credit Services,NASDAQ,93.13,170742,1412785536,4.7505,99.04,74.73,-1.2448,6.04,54.76,15.48,26.87,0.0,60.0,3,114.34,47.5,-18.55,0.0,,8,,20260908
PDS,Precision Drilling Corporation,Energy,Oil & Gas Drilling,NYSE,89.92,108690,1155709696,3.0022,82.9,83.91,2.3368,-8.01,-14.91,34.32,6.51,0.0,65.0,3,103.8,53.42,-13.37,0.0,,8,,20260908
TEN,Tsakos Energy Navigation Limited,Energy,Oil & Gas Midstream,NYSE,43.74,242285,1317781504,1.2385,39.53,33.95,3.3972,16.6,13.99,89.45,44.82,0.0,87.5,2,45.85,20.5,-4.6,0.0,,8,,20260908
PRGS,Progress Software Corporation,Technology,Software - Infrastructure,NASDAQ,44.05,670892,1806620160,1.7238,41.0,36.98,1.7697,35.77,-3.61,-20.26,-0.42,0.0,90.0,2,47.37,23.82,-7.01,0.0,,8,,20260908
FTRE,Fortrea Holdings Inc.,Healthcare,Biotechnology,NASDAQ,17.7,1400114,1683270016,0.9541,18.29,14.62,-0.619,5.38,69.03,48.44,44.88,0.0,74.5,3,21.39,8.3,-17.25,0.0,,8,,20260908
ACNDF,CapitaLand India Trust,Real Estate,Real Estate Services,PNK,0.77,19403,1144925312,0.0372,0.8,0.86,-0.7197,-3.38,-21.25,-33.35,-21.62,0.0,20.75,4,1.24,0.73,-37.9,0.0,,8,,20260908
AOSL,Alpha and Omega Semiconductor Limited,Technology,Semiconductors,NASDAQ,25.2,681892,762533248,1.9139,32.23,29.5,-3.6736,-44.71,11.73,-29.81,-18.99,0.0,8.75,4,54.34,17.01,-53.63,0.0,,8,,20260908
ICFI,"ICF International, Inc.",Industrials,Consulting Services,NASDAQ,88.0,242061,1578181760,2.5506,82.95,78.05,1.9785,21.43,1.38,-25.84,-4.5,0.0,83.75,2,101.5,58.83,-13.3,0.0,,8,,20260908
UAMY,United States Antimony Corporation,Basic Materials,Other Industrial Metals & Mining,NYSE,5.2,6974847,778280704,0.459,5.82,7.67,-1.3508,-37.25,-60.82,-6.43,-33.17,0.0,10.0,4,19.71,4.3,-73.62,0.0,,8,,20260908
AAVVF,Advantage Energy Ltd.,Energy,Oil & Gas E&P,PNK,7.98,95417,1336136960,0.166,7.75,7.83,1.3907,5.99,-13.24,-23.71,-12.62,0.0,86.25,3,9.5,6.72,-16.0,0.0,,8,,20260908
DSGR,"Distribution Solutions Group, Inc.",Industrials,Industrial Distribution,NASDAQ,34.66,202314,1603212928,0.2015,32.77,28.97,9.3716,21.76,41.75,-11.31,15.53,0.0,85.0,2,35.06,19.02,-1.14,0.0,,8,,20260908
DSL,DoubleLine Income Solutions Fund,Financial Services,Asset Management,NYSE,10.51,533584,1204142208,0.0934,10.64,10.54,-1.3513,-5.1,-14.86,-25.45,-16.66,0.0,55.25,3,12.67,10.49,-17.05,0.0,,8,,20260908
AVBP,"ArriVent BioPharma, Inc.",Healthcare,Biotechnology,NASDAQ,30.95,512200,1526074240,1.399,31.33,26.72,-0.2719,-2.72,16.94,38.59,20.69,0.0,50.75,3,35.83,17.0,-13.62,0.0,,8,,20260908
ENR,"Energizer Holdings, Inc.",Industrials,Electrical Equipment & Parts,NYSE,21.23,1034060,1453907584,0.8788,21.17,19.4,0.0631,6.0,-1.62,-41.11,-15.51,0.0,85.0,2,30.29,15.75,-29.91,0.0,,8,,20260908
IPX,IperionX Limited,Basic Materials,Other Industrial Metals & Mining,NCM,21.75,296950,787641600,1.4005,23.58,34.03,-1.3059,-42.94,-68.7,-73.69,-64.26,0.0,11.25,4,61.45,20.05,-64.61,0.0,,8,,20260908
WBTNF,Weebit Nano Limited,Technology,Semiconductors,PNK,2.7,31200,650008512,0.2189,3.75,3.61,-4.8034,-51.12,-34.92,43.18,-7.73,0.0,10.0,4,6.5,1.62,-58.46,0.0,,8,,20260908
PEBO,Peoples Bancorp Inc.,Financial Services,Banks - Regional,NASDAQ,39.99,292155,1437333248,0.6172,39.73,33.98,0.4171,10.27,12.72,14.82,12.94,0.0,85.0,2,42.29,27.49,-5.44,0.0,,8,,20260908
FRBP,FRANKLIN BSP CAP CORP,Financial Services,Asset Management,PNK,8.51,379,1371725184,0.1615,8.16,8.83,2.1783,16.13,-24.34,-35.07,-18.51,0.0,62.0,3,11.0,7.0,-22.64,0.0,,8,,20260908
GOLD,"Gold.com, Inc.",Financial Services,Capital Markets,NYSE,46.13,465241,1343365248,2.3898,42.47,42.66,1.5298,11.74,-26.71,76.47,24.17,0.0,88.75,3,66.7,22.0,-30.84,0.0,,8,,20260908
VLTAF,Voltalia SA,Utilities,Utilities - Renewable,PNK,6.48,10,848682432,0.1575,8.47,8.37,-12.6191,-36.98,-36.61,-28.25,-33.36,0.0,0.0,4,9.57,6.48,-32.29,0.0,,8,,20260908
TMP,Tompkins Financial Corporation,Financial Services,Banks - Regional,NYSE,99.57,100677,1432105856,2.1426,96.51,83.0,1.426,10.02,19.41,25.2,19.38,0.0,88.75,2,102.59,61.88,-2.94,0.0,,8,,20260908
AMAL,Amalgamated Financial Corp.,Financial Services,Banks - Regional,NASDAQ,49.17,167704,1470190208,1.0093,48.31,40.46,0.8505,11.62,15.92,52.08,29.31,0.0,87.5,2,51.59,25.13,-4.69,0.0,,8,,20260908
CXM,"Sprinklr, Inc.",Technology,Software - Application,NYSE,5.91,3615584,1372132608,0.3724,6.38,6.2,-1.2492,5.16,-15.83,-44.49,-22.05,0.0,54.5,4,8.28,4.71,-28.58,0.0,,8,,20260908
XPEL,"XPEL, Inc.",Consumer Cyclical,Auto Parts,NCM,51.45,238600,1418514944,1.6707,47.48,47.12,2.3752,10.77,12.07,23.43,16.29,0.0,88.75,2,55.91,31.5,-7.98,0.0,,8,,20260908
YELP,Yelp Inc.,Communication Services,Internet Content & Information,NYSE,21.66,1150823,1175350016,1.0802,24.88,25.78,-2.9783,-11.53,-26.86,-51.64,-32.94,0.0,36.25,4,34.49,19.6,-37.2,0.0,,8,,20260908
HROW,"Harrow, Inc.",Healthcare,Drug Manufacturers - Specialty & Generic,NASDAQ,38.54,638973,1444781696,1.8248,40.84,41.29,-1.2587,11.42,-9.13,-13.5,-5.74,0.0,50.75,3,54.85,28.54,-29.74,0.0,,8,,20260908
ALGGY,"Alliance Global Group, Inc.",Industrials,Conglomerates,PNK,7.3,87,1268568320,0.0186,6.85,6.88,24.42,3.45,-13.06,-6.44,-6.28,0.0,75.0,3,8.53,5.51,-14.42,0.0,,8,,20260908
SBET,"Sharplink, Inc.",Financial Services,Capital Markets,NCM,8.68,9376860,1883415168,0.5135,6.52,7.51,4.2057,62.55,2.78,-63.71,-8.87,0.0,92.5,3,19.54,4.46,-55.58,0.0,,8,,20260908
EWIIF,Edinburgh Worldwide Investment Trust Plc,Unknown,Unknown,PNK,3.59,4580,0,0.1495,3.32,3.59,1.7568,17.72,56.86,56.86,47.07,0.0,77.5,3,3.85,2.0,-6.71,0.0,,8,,20260908
DTTLY,Datatec Limited,Technology,Information Technology Services,OQX,9.74,56,1181677440,0.1967,9.16,9.12,2.9318,6.52,-13.3,29.85,8.92,0.0,78.75,2,10.75,6.86,-9.4,0.0,,8,,20260908
WVE,"Wave Life Sciences, Inc.",Healthcare,Biotechnology,NASDAQ,4.86,3127488,957654144,0.2821,5.63,9.31,-2.7188,-19.88,-78.11,-60.55,-56.53,0.0,7.5,4,21.73,4.65,-77.63,0.0,,8,,20260908
TOLWF,Trican Well Service Ltd.,Energy,Oil & Gas Equipment & Services,PNK,4.61,136723,965027968,0.1203,4.54,4.8,0.5985,-18.37,-22.27,-9.79,-16.3,0.0,48.25,3,6.0,3.7,-23.17,0.0,,8,,20260908
MPLT,"MapLight Therapeutics, Inc.",Healthcare,Biotechnology,NASDAQ,13.77,860207,638622784,1.4433,22.13,21.97,-5.7935,-55.53,-40.76,-38.25,-43.45,0.0,11.25,4,40.43,9.1,-65.94,0.0,,8,,20260908
TAOFF,IperionX Limited,Basic Materials,Other Industrial Metals & Mining,PNK,2.17,1041,787641600,0.0399,2.39,3.42,-5.444,-56.04,-70.56,-71.85,-67.44,0.0,1.25,4,5.8,1.95,-62.5,0.0,,8,,20260908
NSP,"Insperity, Inc.",Industrials,Staffing & Employment Services,NYSE,51.96,615892,1984626304,2.5298,49.25,36.06,1.0717,43.9,125.32,-19.31,47.11,0.0,87.5,2,55.9,18.57,-7.05,0.0,,8,,20260908
HKEPF,"Hokkaido Electric Power Company, Incorporated",Utilities,Utilities - Renewable,PNK,6.6,294,1355311104,0.0296,5.93,-0.95,22.7771,12.33,-183.2,-43.83,-78.57,0.0,75.0,2,7.75,5.19,-14.78,0.0,,8,,20260908
LEFUF,Leon's Furniture Limited,Consumer Cyclical,Specialty Retail,PNK,17.85,2642,1227212288,0.1774,17.35,18.57,2.8423,-2.39,-22.87,-33.89,-22.16,0.0,68.25,3,21.48,16.56,-16.89,0.0,,8,,20260908
JFR,Nuveen Floating Rate Income Fund,Financial Services,Asset Management,NYSE,7.63,555417,0,0.0676,7.6,7.31,0.4008,-1.06,-6.37,-17.2,-9.38,0.0,82.5,2,8.45,7.16,-9.7,0.0,,8,,20260908
CCO,"Clear Channel Outdoor Holdings, Inc.",Communication Services,Advertising Agencies,NYSE,2.38,9051712,1211643392,0.0296,2.4,2.3,-0.5411,-5.53,-14.73,64.53,19.27,0.0,45.75,3,2.44,1.24,-2.46,0.0,,8,,20260908
IRS,IRSA Inversiones y Representaciones Sociedad Anónima,Real Estate,Real Estate Services,NYSE,15.16,135590,1282528384,0.4995,15.12,15.44,0.0801,-4.56,-9.88,-12.22,-9.49,0.0,45.75,3,19.14,10.87,-20.79,0.0,,8,,20260908
FGROY,FirstGroup plc,Industrials,Railroads,PNK,2.33,179,1214881920,0.0256,2.31,2.35,0.6225,12.6,-17.88,-27.27,-14.02,0.0,62.0,3,3.1,2.0,-24.84,0.0,,8,,20260908
BCCMY,BAIC Motor Corporation Limited,Consumer Cyclical,Auto Manufacturers,PNK,0.92,51,737170688,0.0127,1.12,1.82,-15.4796,-45.36,-76.02,-88.25,-73.25,0.0,0.0,4,2.9,0.92,-68.29,0.0,,8,,20260908
VIA,"Via Transportation, Inc.",Technology,Software - Application,NYSE,28.13,944598,2395045888,1.2469,22.18,21.13,4.7684,86.15,32.59,-61.64,8.29,0.0,92.5,2,56.31,12.95,-50.04,0.0,,8,,20260908
CHYCY,Chiyoda Corporation,Industrials,Engineering & Construction,PNK,4.08,33,1057468544,0.0025,4.14,5.54,-24.6318,-13.01,-62.17,89.26,10.69,0.0,12.0,4,9.87,1.95,-58.66,0.0,,8,,20260908
MTRBF,Metro Bank Holdings PLC,Financial Services,Banks - Regional,PNK,2.14,1071,1442238848,0.0166,2.17,1.8,-1.9927,-9.54,48.28,10.58,18.75,0.0,37.0,3,2.54,1.3,-15.63,0.0,,8,,20260908
YUPRF,Yuexiu Property Company Limited,Real Estate,Real Estate - Development,PNK,0.5,4,2013099008,0.0008,0.5,0.42,0.0,60.68,8.89,90.9,54.64,0.0,75.0,3,0.53,0.25,-4.96,0.0,,8,,20260908
MALJF,Magellan Aerospace Corporation,Industrials,Aerospace & Defense,PNK,23.44,6496,1377111808,0.8921,25.08,18.92,-1.837,-1.68,15.49,84.63,38.85,0.0,57.5,3,32.54,11.28,-27.97,0.0,,8,,20260908
CTBI,"Community Trust Bancorp, Inc.",Financial Services,Banks - Regional,NASDAQ,77.76,119107,1412740096,1.3691,75.93,65.11,1.3378,11.23,17.22,16.86,15.58,0.0,87.5,2,79.92,50.25,-2.7,0.0,,8,,20260908
PRSU,"Pursuit Attractions and Hospitality, Inc.",Consumer Cyclical,Travel Services,NYSE,47.99,262404,1317290240,1.4309,50.78,41.61,-1.9485,4.57,14.37,8.8,9.69,0.0,65.0,3,56.52,32.03,-15.09,0.0,,8,,20260908
UFCS,"United Fire Group, Inc.",Financial Services,Insurance - Property & Casualty,NASDAQ,55.98,154184,1438990464,1.4611,52.66,42.63,2.2747,19.52,34.19,58.36,40.19,0.0,90.0,2,56.74,29.74,-1.34,0.0,,8,,20260908
COAG,"Hemab Therapeutics Holdings, Inc.",Healthcare,Biotechnology,NASDAQ,44.41,362422,2074485120,3.713,45.26,44.41,-0.2282,70.84,23.47,23.47,35.31,0.0,74.5,3,55.42,23.0,-19.87,0.0,,8,,20260908
AVLN,Avalyn Pharma Inc.,Healthcare,Biotechnology,NASDAQ,37.39,314311,1657614464,2.1952,32.3,37.39,2.3196,33.48,19.34,19.34,22.88,0.0,88.75,3,40.17,24.15,-6.92,0.0,,8,,20260908
DTTLF,Datatec Limited,Technology,Information Technology Services,OQX,5.58,1,1353954816,0.011,5.04,3.1,49.1838,79.73,115.72,355.89,202.79,0.0,75.0,2,5.58,3.46,-0.0,0.0,,8,,20260908
QKIE,QKI Emulsion Inc.,Financial Services,Shell Companies,OID,2.3,553,1204884096,0.0663,2.29,1.68,0.1629,-3.37,64.53,45.5,39.94,0.0,53.75,2,2.4,0.23,-4.17,0.0,,8,,20260908
BRETF,Brazilian Rare Earths Limited,Basic Materials,Other Precious Metals & Mining,OQX,2.62,3939,735403520,0.0941,2.88,2.62,-2.6744,-37.73,-42.68,-42.68,-41.44,0.0,26.25,3,4.3,2.35,-38.95,0.0,,8,,20260908
TROX,Tronox Holdings plc,Basic Materials,Chemicals,NYSE,4.81,2671419,768157120,0.3232,5.91,6.65,-3.4017,-38.66,-40.62,-0.74,-24.18,0.0,6.25,4,10.59,2.86,-54.58,0.0,,8,,20260908
DQ,Daqo New Energy Corp.,Technology,Semiconductor Equipment & Materials,NYSE,12.31,1004076,832970176,0.7186,13.01,20.87,-0.9785,-29.27,-59.61,-74.31,-57.9,0.0,10.0,4,36.59,11.38,-66.36,0.0,,8,,20260908
SBH,"Sally Beauty Holdings, Inc.",Consumer Cyclical,Specialty Retail,NYSE,16.7,1403185,1563492224,0.5969,15.59,14.8,1.8664,33.55,-2.24,-1.78,6.89,0.0,90.0,2,17.92,11.54,-6.81,0.0,,8,,20260908
NEO,"NeoGenomics, Inc.",Healthcare,Diagnostics & Research,NCM,17.38,2847671,2232902912,0.8259,15.62,11.66,2.1319,54.76,78.82,95.67,79.54,0.0,88.75,2,19.76,7.07,-12.04,0.0,,8,,20260908
MNSAF,Mineros S.A.,Basic Materials,Gold,OQX,6.1,19546,1809528320,0.3154,5.19,4.46,2.8843,46.48,23.05,103.37,61.04,0.0,87.5,2,7.0,2.71,-12.79,0.0,,8,,20260908
PAHGF,Pets at Home Group Plc,Consumer Cyclical,Specialty Retail,PNK,2.72,570,1180046592,0.0057,2.63,2.62,16.0248,-4.05,1.65,-34.26,-14.14,0.0,75.0,2,3.49,2.19,-22.13,0.0,,8,,20260908
ZBIO,"Zenas BioPharma, Inc.",Healthcare,Biotechnology,NASDAQ,32.88,847158,2143010816,1.7448,30.59,25.99,1.314,83.51,14.91,73.67,55.57,0.0,87.5,2,44.6,13.5,-26.28,0.0,,8,,20260908
OMGGF,Omai Gold Mines Corp.,Basic Materials,Gold,OQB,1.92,247587,1300558208,0.1067,1.86,1.51,0.5672,8.3,16.49,164.61,73.69,0.0,80.0,2,2.3,0.68,-16.43,0.0,,8,,20260908
EOS,Eaton Vance Enhanced Equity Income Fund II,Financial Services,Asset Management,NYSE,21.62,122050,1152692352,0.2293,21.6,21.39,0.0879,-4.92,-11.41,-22.61,-14.27,0.0,57.5,3,24.49,19.44,-11.72,0.0,,8,,20260908
ITRN,Ituran Location and Control Ltd.,Technology,Scientific & Technical Instruments,NASDAQ,51.74,143188,1023424576,1.558,54.52,50.77,-1.7864,-21.98,-6.64,42.74,9.28,0.0,36.25,3,68.3,33.61,-24.25,0.0,,8,,20260908
OLMA,"Olema Pharmaceuticals, Inc.",Healthcare,Biotechnology,NASDAQ,10.75,1300536,940599296,0.5337,11.4,17.74,-1.2175,-0.43,-65.27,49.33,-3.22,0.0,41.25,3,36.26,6.65,-70.35,0.0,,8,,20260908
ELKEF,Elkem ASA,Basic Materials,Specialty Chemicals,PNK,3.4,1,1232661888,0.0001,3.4,3.09,0.0,-4.69,-5.48,23.49,6.31,0.0,62.0,3,3.4,2.35,0.0,0.0,,8,,20260908
ATEX,Anterix Inc.,Communication Services,Telecom Services,NCM,86.27,436380,1691736192,5.7766,96.22,53.63,-1.723,24.76,102.7,267.42,149.1,0.0,60.0,3,113.0,17.58,-23.65,0.0,,8,,20260908
FQVTY,Fevertree Drinks PLC,Consumer Defensive,Beverages - Non-Alcoholic,PNK,10.75,63,1190470784,0.0715,10.92,10.95,-2.3308,-4.04,-23.15,-10.75,-13.41,0.0,49.0,3,14.88,9.99,-27.76,0.0,,8,,20260908
GILT,Gilat Satellite Networks Ltd.,Technology,Communication Equipment,NASDAQ,10.12,648477,779540096,0.4777,11.27,14.57,-2.4105,-35.0,-52.45,-17.64,-34.16,0.0,5.0,4,20.93,9.68,-51.65,0.0,,8,,20260908
RPGSF,Rockpoint Gas Storage Inc.,Utilities,Utilities - Regulated Gas,PNK,18.94,32925,0,1.2501,18.94,18.94,0.0,-31.99,-31.99,-31.99,-31.99,0.0,62.0,3,22.35,15.0,-15.26,0.0,,8,,20260908
SUUIF,Superior Plus Corp.,Utilities,Utilities - Regulated Gas,PNK,5.12,61096,1098752000,0.065,5.49,5.29,-5.641,-18.86,-8.5,-24.33,-17.42,0.0,15.75,4,6.24,4.34,-17.95,0.0,,8,,20260908
SILXF,Silex Systems Limited,Technology,Semiconductors,OQX,3.7,4988,1030221760,0.236,3.62,4.34,0.3508,-17.64,-25.78,22.34,-4.5,0.0,32.5,3,7.25,2.57,-48.97,0.0,,8,,20260908
TDOC,"Teladoc Health, Inc.",Healthcare,Health Information Services,NYSE,6.28,4627523,1140975616,0.3079,7.77,6.69,-4.8502,-15.62,8.47,-37.66,-16.0,0.0,20.75,4,9.89,4.4,-36.48,0.0,,8,,20260908
SILXY,Silex Systems Limited,Technology,Semiconductors,OQX,18.14,6476,1010174016,0.7296,17.89,21.59,0.3448,-16.81,-26.88,10.16,-9.55,0.0,37.5,3,35.5,13.02,-48.9,0.0,,8,,20260908
SCL,Stepan Company,Basic Materials,Specialty Chemicals,NYSE,63.42,145492,1440478976,1.747,60.48,53.01,1.6826,19.76,18.81,12.1,16.37,0.0,85.0,2,68.0,41.82,-6.74,0.0,,8,,20260908
MGRT,Mega Fortune Company Limited,Technology,Information Technology Services,NCM,113.4,17509,1559250048,6.3165,91.57,54.35,3.4566,46.26,1220.53,3120.03,1686.77,0.0,88.75,2,170.0,3.29,-33.29,0.0,,8,,20260908
ABTC,American Bitcoin Corp,Financial Services,Capital Markets,NCM,7.99,1594398,973339456,0.8869,7.13,18.2,0.9724,-42.97,-66.29,-111.66,-78.61,0.0,37.5,3,153.6,4.92,-94.8,0.0,,8,,20260908
PNTG,"The Pennant Group, Inc.",Healthcare,Medical Care Facilities,NASDAQ,38.0,285425,1327304704,1.2138,39.26,33.11,-1.0341,15.14,-2.26,37.84,18.13,0.0,70.75,3,42.69,22.25,-10.99,0.0,,8,,20260908
XZO,"Exzeo Group, Inc.",Financial Services,Insurance - Diversified,NYSE,16.55,191177,1490921856,0.7656,16.47,16.71,0.1079,20.49,-8.04,-35.84,-12.02,0.0,78.25,3,24.6,12.36,-32.72,0.0,,8,,20260908
BOMXF,"Bolsa Mexicana de Valores, S.A.B. de C.V.",Financial Services,Financial Data & Stock Exchanges,PNK,2.2,3260,1213499520,0.0213,2.15,2.11,2.202,-2.37,-7.31,-11.06,-7.57,0.0,77.5,2,2.3,1.82,-4.35,0.0,,8,,20260908
VZLA,Vizsla Silver Corp.,Basic Materials,Other Industrial Metals & Mining,NYSE,4.0,5489473,1420227456,0.2029,3.52,4.06,2.3775,14.35,-15.16,-9.47,-5.5,0.0,72.0,3,7.19,2.88,-44.37,0.0,,8,,20260908
IRMD,IRADIMED CORPORATION,Healthcare,Medical Devices,NASDAQ,83.45,128004,1067074368,2.4624,91.92,94.04,-3.4381,-14.82,-30.23,-2.69,-15.36,0.0,6.25,4,107.9,67.84,-22.66,0.0,,8,,20260908
XFABF,X-FAB Silicon Foundries SE,Technology,Semiconductors,PNK,6.75,3769,885817536,0.2519,7.68,7.15,-3.7082,-40.41,5.38,-32.19,-21.1,0.0,13.25,4,17.05,5.16,-60.41,0.0,,8,,20260908
LSPD,Lightspeed Commerce Inc.,Technology,Software - Application,NYSE,10.51,963625,1358938752,0.3385,10.4,10.13,0.3356,9.05,-5.33,-31.2,-12.08,0.0,90.0,2,13.71,7.83,-23.37,0.0,,8,,20260908
EDN,Empresa Distribuidora y Comercializadora Norte Sociedad Anónima,Utilities,Utilities - Regulated Electric,NYSE,24.6,85201,0,1.239,24.61,27.31,-0.0084,-9.2,-18.11,-6.55,-11.26,0.0,31.5,4,36.7,14.38,-32.97,0.0,,8,,20260908
IART,Integra LifeSciences Holdings Corporation,Healthcare,Medical Devices,NASDAQ,16.72,857277,1300356224,0.7092,17.81,13.78,-1.5397,-6.28,56.68,-13.13,13.02,0.0,35.0,3,20.49,8.7,-18.4,0.0,,8,,20260908
OPFI,OppFi Inc.,Financial Services,Credit Services,NYSE,7.42,855336,632245184,0.3376,8.55,9.02,-3.3506,-15.4,-33.17,-48.96,-35.04,0.0,7.5,4,12.45,6.5,-40.4,0.0,,8,,20260908
BV,"BrightView Holdings, Inc.",Industrials,Specialty Business Services,NYSE,11.36,992822,1051936000,0.3918,12.8,12.71,-3.6685,-12.49,-25.85,-41.24,-28.66,0.0,13.75,4,15.0,10.42,-24.27,0.0,,8,,20260908
TRIP,"Tripadvisor, Inc.",Consumer Cyclical,Travel Services,NASDAQ,9.33,3604138,1085067904,0.4773,12.35,12.14,-6.3288,-26.03,-25.62,-68.02,-42.68,0.0,11.25,4,20.16,9.01,-53.72,0.0,,8,,20260908
VITBF,Vitec Software Group AB (publ),Unknown,Unknown,PNK,25.9,909,0,1.0151,27.92,25.9,-1.9911,-43.88,-85.29,-85.29,-74.93,0.0,30.0,3,39.35,22.79,-34.18,0.0,,8,,20260908
FQVTF,Fevertree Drinks PLC,Consumer Defensive,Beverages - Non-Alcoholic,PNK,11.4,825,1262674304,0.1221,11.13,11.03,2.2344,7.39,-18.73,-9.88,-8.66,0.0,78.75,2,13.05,9.55,-12.63,0.0,,8,,20260908
PBTDF,Plover Bay Technologies Limited,Technology,Communication Equipment,PNK,1.03,313,1139442560,0.0035,0.96,0.82,20.7482,1.15,37.07,70.32,41.39,0.0,77.5,2,1.48,0.76,-30.41,0.0,,8,,20260908
BLFS,"BioLife Solutions, Inc.",Healthcare,Medical Instruments & Supplies,NCM,35.25,1099893,1724547456,1.0773,32.4,25.44,2.65,27.58,62.34,16.29,35.23,0.0,91.25,2,38.1,17.86,-7.48,0.0,,8,,20260908
BFLY,"Butterfly Network, Inc.",Healthcare,Medical Devices,NYSE,7.36,8296453,1959858944,0.6208,8.09,5.15,-1.1761,56.36,86.49,361.08,188.79,0.0,61.25,3,10.05,1.47,-26.77,0.0,,8,,20260908
WYFI,"WhiteFiber, Inc.",Technology,Information Technology Services,NCM,19.54,2773265,759092288,2.4463,26.68,21.54,-2.9167,-20.72,10.91,0.21,-1.28,0.0,22.0,4,46.87,10.51,-58.31,0.0,,8,,20260908
SIFY,Sify Technologies Limited,Communication Services,Telecom Services,NCM,14.35,48904,1039436736,0.5975,14.97,14.38,-1.043,-6.14,-13.81,20.17,1.7,0.0,36.5,4,17.85,10.09,-19.61,0.0,,8,,20260908
AUTLF,Austal Limited,Industrials,Aerospace & Defense,PNK,2.99,7174,1262001920,0.0848,2.8,3.59,2.287,-5.03,-36.06,-64.6,-39.71,0.0,53.75,3,6.35,2.4,-52.91,0.0,,8,,20260908
SG,"Sweetgreen, Inc.",Consumer Cyclical,Restaurants,NYSE,6.84,5577676,814242624,0.4269,6.83,6.8,0.029,-12.51,6.55,-41.71,-17.52,0.0,66.25,2,10.63,4.49,-35.65,0.0,,8,,20260908
FMBH,"First Mid Bancshares, Inc.",Financial Services,Banks - Regional,NASDAQ,51.33,148857,1365476224,0.9563,50.06,43.68,1.3232,9.87,14.06,9.34,11.12,0.0,88.75,2,53.36,34.16,-3.8,0.0,,8,,20260908
ELMTY,Elementis plc,Basic Materials,Specialty Chemicals,PNK,9.93,1,1408079104,0.1654,7.52,8.02,14.5747,29.47,-11.82,-5.83,0.9,0.0,75.0,3,9.93,7.31,0.0,0.0,,8,,20260908
NAK,Northern Dynasty Minerals Ltd.,Basic Materials,Other Industrial Metals & Mining,NYSE,1.47,5226428,826318848,0.0939,1.66,1.83,-2.0521,-27.73,-2.08,52.98,13.53,0.0,6.25,4,2.98,0.79,-50.67,0.0,,8,,20260908
TK,Teekay Corporation Ltd.,Energy,Oil & Gas Midstream,NYSE,13.63,558669,1195233408,0.4728,11.68,10.89,4.1198,13.21,5.52,58.63,28.69,0.0,93.75,2,14.38,7.8,-5.22,0.0,,8,,20260908
NDTAF,Northern Data AG,Technology,Information Technology Services,PNK,9.25,36,593819264,0.0611,9.34,12.26,-1.498,-53.31,-41.68,-75.92,-58.28,0.0,12.0,4,23.0,6.38,-59.78,0.0,,8,,20260908
RCAT,"Red Cat Holdings, Inc.",Industrials,Aerospace & Defense,NCM,8.37,9321698,1278219264,0.6433,8.95,10.98,-0.9092,-38.69,-60.66,-21.61,-39.55,0.0,8.75,4,18.78,5.77,-55.43,0.0,,8,,20260908
DMZPY,Domino's Pizza Enterprises Limited,Consumer Cyclical,Restaurants,PNK,7.63,125,1445837184,0.1429,6.3,6.57,9.2952,31.56,-3.21,33.25,20.06,0.0,75.0,3,8.74,3.96,-12.7,0.0,,8,,20260908
WZZAF,Wizz Air Holdings Plc,Industrials,Airlines,PNK,11.14,0,1548585088,0.0001,11.14,12.9,0.0,-4.69,-30.28,-50.12,-31.82,0.0,37.0,3,16.77,11.14,-33.56,0.0,,8,,20260908
SMNR,"Semnur Pharmaceuticals, Inc.",Healthcare,Biotechnology,PNK,0.5,29582,115219680,0.1458,0.71,6.47,-1.4499,-94.68,-108.9,-114.59,-107.62,0.0,13.75,4,23.0,0.25,-97.82,0.0,,8,,20260908
JKS,"JinkoSolar Holding Co., Ltd.",Technology,Solar,NYSE,11.98,739798,627394816,0.781,15.46,20.99,-4.4539,-39.97,-59.53,-66.43,-57.4,0.0,7.5,4,31.88,11.95,-62.42,0.0,,8,,20260908
MRNFF,Meren Energy Inc.,Energy,Oil & Gas E&P,OQX,1.6,280353,1081784576,0.0465,1.47,1.47,2.6981,-1.09,-11.46,15.83,2.05,0.0,85.0,2,1.85,1.19,-13.51,0.0,,8,,20260908
CSR,Centerspace,Real Estate,REIT - Residential,NYSE,52.9,161346,936073536,1.1867,55.12,60.37,-1.8685,-14.2,-29.01,-26.61,-24.35,0.0,23.25,4,69.61,52.0,-24.01,0.0,,8,,20260908
TNGRF,Thungela Resources Limited,Energy,Thermal Coal,PNK,8.71,4203,1107013888,0.3093,6.5,7.25,7.1513,-7.59,-20.17,42.56,8.07,0.0,60.0,3,10.72,4.25,-18.75,0.0,,8,,20260908
NAT,Nordic American Tankers Limited,Energy,Oil & Gas Midstream,NYSE,7.25,3946771,1535192320,0.2677,6.42,5.07,3.0845,35.62,23.6,121.46,65.75,0.0,88.75,2,7.35,3.06,-1.36,0.0,,8,,20260908
SMSZF,"SMS Co., Ltd.",Healthcare,Health Information Services,PNK,8.56,0,702608640,0.0006,8.56,-4.57,0.0,-4.69,-156.03,-160.84,-120.12,0.0,62.0,3,13.05,8.56,-34.41,0.0,,8,,20260908
RMIX,"Suncrete, Inc.",Basic Materials,Building Materials,NASDAQ,16.7,427077,1630461824,0.996,18.64,16.7,-1.9452,-7.88,32.85,32.85,22.66,0.0,35.0,3,25.5,9.2,-34.51,0.0,,8,,20260908
PSEC,Prospect Capital Corporation,Financial Services,Asset Management,NASDAQ,2.23,4733736,1143424896,0.0669,2.2,2.32,0.4377,0.08,-25.23,-25.79,-19.12,0.0,73.25,3,3.13,2.11,-28.75,0.0,,8,,20260908
ORZCF,Orezone Gold Corporation,Basic Materials,Gold,OQX,1.99,173015,1329524992,0.0932,1.77,1.65,2.3307,14.47,0.54,114.15,49.47,0.0,81.25,2,2.3,0.87,-13.48,0.0,,8,,20260908
CHRHF,Chervon Holdings Limited,Industrials,Tools & Accessories,PNK,2.53,34,1284603392,0.0212,2.18,1.92,16.2967,25.31,-5.62,10.45,8.54,0.0,75.0,2,3.6,1.93,-29.86,0.0,,8,,20260908
SHPPF,Redcare Pharmacy NV,Healthcare,Pharmaceutical Retailers,PNK,64.8,1,1307622144,0.0207,64.8,61.07,0.0,38.73,-1.47,-76.25,-21.33,0.0,75.0,3,148.22,45.18,-56.28,0.0,,8,,20260908
GIC,Global Industrial Company,Industrials,Industrial Distribution,NYSE,39.81,130720,1517093120,0.9547,36.47,31.92,3.5023,25.54,12.73,-12.06,6.01,0.0,85.0,2,40.71,26.4,-2.21,0.0,,8,,20260908
ULCC,"Frontier Group Holdings, Inc.",Industrials,Airlines,NASDAQ,5.96,3720352,1372086016,0.3175,6.62,5.25,-2.0662,-4.36,49.49,-4.91,14.27,0.0,31.25,3,8.4,3.02,-29.09,0.0,,8,,20260908
AGBK,AGI Inc,Financial Services,Banks - Regional,NYSE,6.75,299973,1078891776,0.2625,6.69,6.75,0.227,-4.1,-50.87,-49.11,-38.47,0.0,63.75,3,12.21,5.91,-44.72,0.0,,8,,20260908
ARYTF,Aryt Industries Ltd.,Industrials,Aerospace & Defense,PNK,5.24,85,534000544,0.2279,4.81,7.26,1.8746,-25.34,-58.53,-34093.08,-13664.06,0.0,30.0,3,20.8,0.1,-74.81,0.0,,8,,20260908
TTAPY,TTW Public Company Limited,Utilities,Utilities - Regulated Water,PNK,15.64,9,1247752832,0.0286,15.16,14.64,16.6819,-0.45,-9.98,-4.65,-5.47,0.0,75.0,2,15.64,12.96,-0.0,0.0,,8,,20260908
MRVI,"Maravai LifeSciences Holdings, Inc.",Healthcare,Biotechnology,NASDAQ,7.32,3489528,2711018496,0.4723,6.78,4.5,1.134,41.12,91.04,190.2,118.23,0.0,86.25,2,9.42,2.42,-22.29,0.0,,8,,20260908
KSKGF,Kingsgate Consolidated Limited,Basic Materials,Gold,PNK,3.77,1884,1003001536,0.0792,3.33,3.78,5.5533,-6.82,-31.1,57.86,10.56,0.0,42.0,3,5.28,1.77,-28.6,0.0,,8,,20260908
LNN,Lindsay Corporation,Industrials,Farm & Heavy Construction Machinery,NYSE,123.39,151207,1254738688,3.5593,115.49,117.36,2.2194,5.18,-19.3,-29.74,-17.35,0.0,87.5,3,148.0,97.27,-16.63,0.0,,8,,20260908
BYITY,Bytes Technology Group plc,Technology,Software - Infrastructure,PNK,11.25,4,1295526016,0.0085,10.9,9.72,41.3941,6.43,9.93,-48.75,-14.42,0.0,75.0,2,16.2,9.15,-30.53,0.0,,8,,20260908
BVHMY,Vistry Group PLC,Consumer Cyclical,Residential Construction,PNK,3.9,298,1239653760,0.0753,3.58,5.8,4.3175,6.42,-53.25,-73.87,-46.58,0.0,50.0,3,10.28,2.98,-62.06,0.0,,8,,20260908
EKZRF,Eckert & Ziegler SE,Healthcare,Medical Devices,PNK,15.57,12,974316480,0.0895,17.51,15.57,-21.7132,-17.12,-16.12,-16.12,-16.37,0.0,25.0,3,18.1,15.57,-13.98,0.0,,8,,20260908
MCB,Metropolitan Bank Holding Corp.,Financial Services,Banks - Regional,NYSE,93.19,137253,1155348992,2.0055,94.18,87.48,-0.4933,-1.73,3.05,-2.19,-0.24,0.0,48.25,3,102.04,64.66,-8.68,0.0,,8,,20260908
ASGTF,Altus Group Limited,Real Estate,Real Estate Services,PNK,34.83,17438,1191956864,0.4183,33.51,34.42,3.1688,2.53,-13.22,-41.01,-20.4,0.0,76.25,3,46.99,27.8,-25.88,0.0,,8,,20260908
FBAK,First National Bank Alaska,Financial Services,Banks - Regional,OQX,335.4,233,1062173184,8.4483,322.72,307.12,1.5011,1.04,-7.65,14.27,3.29,0.0,85.0,2,343.0,257.01,-2.22,0.0,,8,,20260908
AKTS,"Aktis Oncology, Inc.",Healthcare,Biotechnology,NASDAQ,27.05,388469,1504507392,1.395,25.59,27.05,1.0464,38.65,28.65,9.2,23.37,0.0,86.25,3,34.19,14.72,-20.88,0.0,,8,,20260908
ASA,ASA Gold and Precious Metals Limited,Financial Services,Asset Management,NYSE,63.09,72795,1158039680,2.8014,55.67,61.36,2.6474,6.63,-28.55,45.05,9.69,0.0,87.5,3,83.2,39.81,-24.17,0.0,,8,,20260908
ARAFF,Arafura Rare Earths Limited,Basic Materials,Other Industrial Metals & Mining,PNK,0.14,370322,850149056,0.0161,0.15,0.18,-0.7685,-34.69,-41.47,-12.27,-28.1,0.0,8.75,4,0.37,0.1,-62.16,0.0,,8,,20260908
SBR,Sabine Royalty Trust,Energy,Oil & Gas Midstream,NYSE,74.71,34234,1089222912,1.4694,72.78,71.31,1.3148,-6.57,-9.26,-15.46,-11.07,0.0,86.25,2,84.39,65.31,-11.47,0.0,,8,,20260908
FHNGY,The Foschini Group Limited,Consumer Cyclical,Department Stores,PNK,3.06,66,964184576,0.0316,3.46,4.06,-12.7063,-10.57,-48.93,-68.2,-47.05,0.0,0.0,4,6.4,2.93,-52.22,0.0,,8,,20260908
EVLV,"Evolv Technologies Holdings, Inc.",Industrials,Security & Protection Services,NCM,5.0,2140034,899357056,0.2066,5.64,6.04,-3.08,-20.09,-16.73,-56.59,-33.52,0.0,6.25,4,8.81,4.86,-43.25,0.0,,8,,20260908
NURPF,Neuren Pharmaceuticals Limited,Healthcare,Biotechnology,PNK,16.1,490,2041061120,0.2187,14.4,11.19,7.7681,76.71,73.7,6.41,47.54,0.0,78.75,2,17.25,7.7,-6.67,0.0,,8,,20260908
CNMD,CONMED Corporation,Healthcare,Medical Devices,NYSE,49.32,579573,1477195520,1.6985,45.01,40.5,2.5384,35.58,8.45,-29.44,0.08,0.0,87.5,2,54.81,31.44,-10.02,0.0,,8,,20260908
HFWA,Heritage Financial Corporation,Financial Services,Banks - Regional,NASDAQ,29.29,369301,1198416768,0.5014,29.46,26.68,-0.3422,1.61,2.37,1.46,1.82,0.0,73.25,3,31.25,21.32,-6.27,0.0,,8,,20260908
UTZ,"Utz Brands, Inc.",Consumer Defensive,Packaged Foods,NYSE,14.21,3579190,2045703040,0.1119,12.1,9.45,18.8683,98.11,53.56,-12.88,38.12,0.0,83.75,2,14.27,6.78,-0.42,0.0,,8,,20260908
CDNA,"CareDx, Inc.",Healthcare,Diagnostics & Research,NASDAQ,50.88,1126001,2632237312,2.4251,40.71,25.06,4.1927,123.98,169.25,268.43,197.6,0.0,91.25,2,53.67,13.12,-5.2,0.0,,8,,20260908
ASTE,"Astec Industries, Inc.",Industrials,Farm & Heavy Construction Machinery,NASDAQ,44.22,232398,1016734144,1.8558,49.91,51.49,-3.0684,-16.4,-38.15,-24.83,-27.38,0.0,10.0,4,65.69,40.47,-32.68,0.0,,8,,20260908
BVHMF,Vistry Group PLC,Consumer Cyclical,Residential Construction,PNK,3.7,11494,1176081792,0.1055,3.67,5.74,0.238,2.18,-52.66,-73.74,-47.38,0.0,51.25,3,10.39,2.98,-64.39,0.0,,8,,20260908
HQH,Abrdn Healthcare Investors,Financial Services,Asset Management,NYSE,22.56,219592,0,0.4395,21.9,18.94,1.5106,16.58,17.42,32.19,23.12,0.0,87.5,2,24.85,16.36,-9.22,0.0,,8,,20260908
CPPKF,Faraday Copper Corp.,Basic Materials,Copper,OQX,3.76,87660,1106656640,0.2426,4.01,3.22,-1.0462,-8.53,-9.48,259.45,98.33,0.0,32.5,3,4.83,0.88,-22.07,0.0,,8,,20260908
LIFE,Ethos Technologies Inc.,Financial Services,Insurance Brokers,NASDAQ,39.85,965012,3819162368,2.4816,26.71,39.85,5.2948,132.23,187.66,124.94,148.71,0.0,92.5,3,40.97,9.45,-2.73,0.0,,8,,20260908
DEC,Diversified Energy Company,Energy,Oil & Gas Integrated,NYSE,15.43,1001547,1066036992,0.4499,13.72,13.91,3.808,9.15,-4.87,-12.25,-4.32,0.0,90.0,3,18.9,12.33,-18.36,0.0,,8,,20260908
HTLD,"Heartland Express, Inc.",Industrials,Trucking,NASDAQ,12.44,699466,962017600,0.4917,13.51,11.84,-2.1753,-25.55,7.82,26.18,6.82,0.0,38.75,3,16.64,7.0,-25.24,0.0,,8,,20260908
MEQYF,Mainstreet Equity Corp.,Real Estate,Real Estate Services,PNK,120.75,306,1121721344,0.6973,121.62,126.67,-1.2434,-3.39,-25.78,-35.25,-23.97,0.0,49.0,4,145.11,118.0,-16.79,0.0,,8,,20260908
CIMN,Chimera Investment Corporation ,Unknown,Unknown,NYSE,25.22,8011,0,0.0863,24.96,24.31,2.9827,-2.45,-10.51,-10.76,-8.6,0.0,88.75,2,25.76,24.37,-2.1,0.0,,8,,20260908
CIM,Chimera Investment Corporation,Real Estate,REIT - Mortgage,NYSE,11.64,755725,973639680,0.211,12.32,12.33,-3.2331,-13.79,-23.26,-29.9,-23.55,0.0,19.5,4,14.8,11.3,-21.35,0.0,,8,,20260908
TDAY,"USA TODAY Co., Inc.",Communication Services,Publishing,NYSE,6.33,2084650,929357504,0.3242,7.76,6.79,-4.4043,-27.03,-15.63,34.05,1.39,0.0,22.0,4,9.21,3.42,-31.27,0.0,,8,,20260908
REAL,"The RealReal, Inc.",Consumer Cyclical,Luxury Goods,NASDAQ,9.86,3214782,1199677184,0.5706,11.37,12.02,-2.6393,6.47,-27.98,-6.37,-10.72,0.0,32.5,4,17.39,8.02,-43.31,0.0,,8,,20260908
DYLLF,Deep Yellow Limited,Energy,Uranium,OQX,1.18,53519,1149558656,0.0784,1.0,1.25,2.3213,7.58,-34.88,-23.24,-19.61,0.0,72.0,3,2.1,0.0,-43.81,0.0,,8,,20260908
FLTCF,Filtronic plc,Technology,Communication Equipment,PNK,2.97,288283,970327744,0.2607,3.36,3.2,-1.5187,-44.23,-0.96,39.23,4.3,0.0,27.0,4,8.5,1.59,-65.07,0.0,,8,,20260908
SVC,Service Properties Trust,Real Estate,REIT - Hotel & Motel,NASDAQ,7.61,1782084,985567232,0.2812,8.24,8.8,-2.2261,-7.18,-45.43,-63.82,-43.23,0.0,7.5,4,15.05,5.65,-49.44,0.0,,8,,20260908
COLL,"Collegium Pharmaceutical, Inc.",Healthcare,Drug Manufacturers - Specialty & Generic,NASDAQ,23.53,601325,729411008,1.3189,31.85,38.06,-6.3075,-34.2,-52.06,-59.99,-50.76,0.0,6.25,4,50.79,23.37,-53.67,0.0,,8,,20260908
LNZNF,Lenzing Aktiengesellschaft,Consumer Cyclical,Textile Manufacturing,PNK,26.4,4,1082233728,0.0529,27.65,27.92,-23.6241,-12.42,-17.38,-32.84,-22.32,0.0,24.0,4,32.21,24.33,-18.04,0.0,,8,,20260908
CBLNY,Mersen S.A.,Industrials,Electrical Equipment & Parts,PNK,8.9,74,1081550080,0.0443,8.44,6.95,10.4009,-13.98,29.33,50.77,27.08,0.0,50.0,2,11.25,5.05,-20.89,0.0,,8,,20260908
RJET,Republic Airways Holdings Inc.,Industrials,Airlines,NASDAQ,17.92,129463,839005440,0.8195,19.22,19.26,-1.5837,-3.11,-18.76,-34.63,-21.2,0.0,40.75,4,26.7,15.37,-32.88,0.0,,8,,20260908
SMGRF,Summerset Group Holdings Limited,Healthcare,Medical Care Facilities,PNK,4.72,17,1153434496,0.001,4.72,5.74,1.4026,-4.27,-46.13,-68.44,-44.59,0.0,50.0,3,9.45,4.52,-50.05,0.0,,8,,20260908
DEA,"Easterly Government Properties, Inc.",Real Estate,REIT - Office,NYSE,24.31,387411,1191331200,0.4587,24.59,22.54,-0.6175,-1.11,-3.11,-3.92,-2.93,0.0,73.25,3,25.96,20.56,-6.36,0.0,,8,,20260908
ROCK,"Gibraltar Industries, Inc.",Industrials,Building Products & Equipment,NASDAQ,47.25,326926,1401525760,2.1138,45.53,45.01,0.8127,23.11,2.29,-43.84,-10.96,0.0,83.75,2,75.08,33.56,-37.07,0.0,,8,,20260908
AIAI,AIAI Holdings Corporation,Industrials,Conglomerates,NASDAQ,4.18,553115,295370336,0.9219,7.0,4.18,-3.0616,-69.03,-75.51,-75.51,-73.89,0.0,40.0,3,19.57,3.35,-78.64,0.0,,8,,20260908
JNDOF,JINS HOLDINGS Inc.,Healthcare,Medical Instruments & Supplies,PNK,38.43,1,897164160,0.0392,40.19,31.02,-44.8387,-23.31,53.77,48.96,32.57,0.0,37.0,3,47.22,22.75,-18.61,0.0,,8,,20260908
ORRAF,Orora Limited,Consumer Cyclical,Packaging & Containers,PNK,1.0,4,1225342848,0.0022,0.94,1.13,26.692,9.61,-36.54,-42.1,-27.23,0.0,50.0,3,1.46,0.9,-31.51,0.0,,8,,20260908
PZZA,"Papa John's International, Inc.",Consumer Cyclical,Restaurants,NASDAQ,22.68,1236431,746663872,0.9251,28.77,33.61,-6.5848,-33.64,-40.29,-70.24,-50.61,0.0,10.0,4,55.74,22.08,-59.31,0.0,,8,,20260908
CEVA,"CEVA, Inc.",Technology,Semiconductors,NASDAQ,26.95,819611,758752256,1.9222,35.12,28.68,-4.2504,-42.85,25.72,0.51,-1.51,0.0,19.5,4,51.6,17.02,-47.77,0.0,,8,,20260908
PHGPY,Pets at Home Group Plc,Consumer Cyclical,Specialty Retail,PNK,9.96,158,1081257088,0.0033,10.07,10.44,-33.8006,1.11,-25.5,-17.56,-15.67,0.0,24.0,4,11.28,9.56,-11.7,0.0,,8,,20260908
AOD,Abrdn Total Dynamic Dividend Fund,Financial Services,Asset Management,NYSE,10.71,410860,1129544576,0.1124,10.44,9.67,2.4456,3.12,2.85,12.78,6.89,0.0,83.75,2,10.85,8.76,-1.29,0.0,,8,,20260908
ASM,Avino Silver & Gold Mines Ltd.,Basic Materials,Other Precious Metals & Mining,NYSE,7.33,3975095,1245039104,0.419,6.51,6.93,1.959,20.82,-21.54,50.1,17.71,0.0,87.5,3,11.99,4.0,-38.87,0.0,,8,,20260908
SVAUF,StorageVault Canada Inc.,Real Estate,Real Estate Services,PNK,3.22,18134,1177719680,0.0293,3.33,3.38,-3.8692,-0.76,-23.56,-24.61,-18.28,0.0,51.5,4,3.78,3.0,-14.81,0.0,,8,,20260908
CFPZF,Canfor Corporation,Basic Materials,Lumber & Wood Production,PNK,10.41,16660,1223200000,0.2899,10.28,9.68,0.4554,2.85,-6.83,-11.07,-6.11,0.0,83.75,2,11.83,7.83,-12.0,0.0,,8,,20260908
JBIO,"Jade Biosciences, Inc.",Healthcare,Biotechnology,NCM,19.9,1015188,1265587968,1.304,21.36,18.01,-1.1225,12.78,26.48,135.82,66.79,0.0,63.75,3,28.0,6.91,-28.93,0.0,,8,,20260908
GRRMY,Gerresheimer AG,Healthcare,Medical Instruments & Supplies,PNK,7.61,57,1051397632,0.0248,7.91,7.03,-12.1836,7.22,32.9,-62.29,-11.6,0.0,62.0,3,12.7,4.71,-40.08,0.0,,8,,20260908
FPF,First Trust Intermediate Duration Preferred & Income Fund,Financial Services,Asset Management,NYSE,17.45,98750,1061794624,0.1734,17.62,17.57,-0.9628,-4.58,-16.16,-19.79,-14.72,0.0,56.5,3,19.75,17.21,-11.65,0.0,,8,,20260908
VULNF,Vulcan Energy Resources Limited,Basic Materials,Other Industrial Metals & Mining,PNK,1.83,1157,875949184,0.0709,1.98,2.55,-2.132,-31.79,-50.49,-42.09,-42.46,0.0,1.25,4,5.43,1.76,-66.3,0.0,,8,,20260908
UVSP,Univest Financial Corporation,Financial Services,Banks - Regional,NASDAQ,42.35,237673,1168045440,0.6985,43.2,37.24,-1.2171,0.23,14.37,16.06,11.51,0.0,74.5,3,45.46,28.04,-6.84,0.0,,8,,20260908
DBVT,DBV Technologies S.A.,Healthcare,Biotechnology,NCM,13.47,294419,846533120,0.6628,14.59,18.15,-1.6859,-23.5,-53.56,26.13,-14.17,0.0,8.75,4,26.18,8.7,-48.56,0.0,,8,,20260908
IRCUF,Irish Continental Group plc,Industrials,Marine Shipping,PNK,8.37,12106,1242667648,0.0515,8.08,7.55,5.655,12.37,-7.57,8.7,3.92,0.0,75.0,2,9.1,6.44,-8.02,0.0,,8,,20260908
FINV,FinVolution Group,Financial Services,Credit Services,NYSE,3.39,735441,800358656,0.2149,4.52,4.83,-5.2423,-35.93,-45.43,-73.63,-54.33,0.0,8.75,4,8.05,3.22,-57.89,0.0,,8,,20260908
LZ,"LegalZoom.com, Inc.",Industrials,Specialty Business Services,NASDAQ,6.13,2774165,1049853312,0.3474,6.74,7.26,-1.747,2.1,-23.25,-63.47,-33.0,0.0,40.0,4,12.4,5.22,-50.56,0.0,,8,,20260908
INDI,"indie Semiconductor, Inc.",Technology,Semiconductors,NCM,3.6,6246030,760638912,0.2903,3.89,3.8,-0.9963,-15.81,23.84,-35.85,-9.95,0.0,24.5,4,6.05,2.32,-40.5,0.0,,8,,20260908
GRRMF,Gerresheimer AG,Healthcare,Medical Instruments & Supplies,PNK,32.2,33,1112188032,0.1583,31.68,35.58,3.2856,-4.38,34.13,-57.33,-12.08,0.0,37.0,3,51.41,19.16,-37.37,0.0,,8,,20260908
MMI,"Marcus & Millichap, Inc.",Real Estate,Real Estate Services,NYSE,31.89,147787,1207706240,0.834,31.36,28.44,0.6334,1.25,5.66,-20.86,-6.05,0.0,87.5,2,33.55,24.43,-4.95,0.0,,8,,20260908
AORT,"Artivion, Inc.",Healthcare,Medical Devices,NYSE,25.57,733976,1246696576,1.1423,26.06,33.73,-0.4251,22.39,-46.12,-61.89,-35.3,0.0,50.75,4,48.25,19.16,-47.01,0.0,,8,,20260908
LNRCF,LunR Royalties Corp.,Basic Materials,Other Industrial Metals & Mining,PNK,15.08,27773,0,1.6215,14.03,15.08,0.6471,2.64,-54.84,45.79,-0.22,0.0,58.75,3,27.0,9.45,-44.15,0.0,,8,,20260908
SHAZ,SharonAI Holdings Inc.,Technology,Information Technology Services,NCM,55.94,1908520,2002848000,6.2335,63.68,55.94,-1.2409,-21.71,171.72,63.65,80.13,0.0,41.25,3,97.48,16.55,-42.61,0.0,,8,,20260908
UVE,"Universal Insurance Holdings, Inc.",Financial Services,Insurance - Property & Casualty,NYSE,44.14,212814,1228431872,1.1765,42.32,36.19,1.5455,13.95,11.27,57.12,30.28,0.0,83.75,2,45.15,24.13,-2.24,0.0,,8,,20260908
MRCHF,"H.U. Group Holdings, Inc.",Healthcare,Diagnostics & Research,PNK,22.0,65,1201111424,0.2273,21.32,20.96,2.9795,5.44,-10.89,-31.31,-14.98,0.0,75.0,2,28.06,18.6,-21.6,0.0,,8,,20260908
UPWK,Upwork Inc.,Communication Services,Internet Content & Information,NASDAQ,8.79,3409415,1097900544,0.395,8.97,12.86,-0.4532,-4.35,-48.82,-67.58,-45.21,0.0,53.25,4,22.84,7.44,-61.51,0.0,,8,,20260908
DLX,Deluxe Corporation,Industrials,Conglomerates,NYSE,24.29,434166,1113849216,0.7255,24.58,24.53,-0.3975,1.5,-24.98,11.71,-3.68,0.0,59.0,3,32.07,17.76,-24.26,0.0,,8,,20260908
IGIC,International General Insurance Holdings Ltd.,Financial Services,Insurance - Diversified,NCM,27.04,93187,1148299648,0.6847,27.24,24.87,-0.297,1.19,1.53,-1.5,0.23,0.0,78.25,3,29.59,20.82,-8.6,0.0,,8,,20260908
OSBC,"Old Second Bancorp, Inc.",Financial Services,Banks - Regional,NASDAQ,25.72,420887,1308523392,0.4187,24.56,21.38,2.7651,14.93,17.22,19.0,17.36,0.0,88.75,2,26.06,16.65,-1.3,0.0,,8,,20260908
EYPT,"EyePoint, Inc.",Healthcare,Biotechnology,NASDAQ,4.58,3308884,383993120,0.8551,10.78,13.63,-7.2554,-65.82,-86.08,-81.41,-79.15,0.0,12.5,4,19.11,3.95,-76.03,0.0,,8,,20260908
GPRE,Green Plains Inc.,Basic Materials,Chemicals,NASDAQ,15.45,1496738,1082972800,0.8287,16.04,14.33,-0.7069,-1.49,-17.56,18.6,0.92,0.0,74.5,3,19.65,8.65,-21.37,0.0,,8,,20260908
TGONF,Tetragon Financial Group Limited,Unknown,Unknown,PNK,14.12,7641,1187491968,0.0744,13.42,14.44,9.4125,12.09,-19.44,-38.56,-19.21,0.0,64.5,3,19.62,11.97,-28.03,0.0,,8,,20260908
DGIPF,DigiPlus Interactive Corp.,Unknown,Unknown,PNK,0.17,64054,0,0.0241,0.17,0.25,-0.2796,9.26,-57.31,-96.59,-56.38,0.0,22.0,4,0.81,0.13,-79.49,0.0,,8,,20260908
NWPX,"NWPX Infrastructure, Inc.",Basic Materials,Steel,NASDAQ,107.68,194050,1037685760,4.376,124.85,94.0,-3.9226,-13.25,27.79,86.28,40.92,0.0,32.5,3,152.03,49.25,-29.17,0.0,,8,,20260908
TSHTY,Toshiba Tec Corporation,Technology,Computer Hardware,PNK,9.64,518,1021982592,0.1205,9.43,9.24,1.7878,-7.73,-12.61,-20.87,-14.69,0.0,51.25,3,12.59,8.01,-23.4,0.0,,8,,20260908
EVV,Eaton Vance Limited Duration Income Fund,Financial Services,Asset Management,NYSE,9.04,413241,0,0.0715,9.14,9.21,-1.355,-4.48,-16.89,-24.35,-16.77,0.0,56.5,4,10.41,8.97,-13.16,0.0,,8,,20260908
EVO,Evotec SE,Healthcare,Drug Manufacturers - Specialty & Generic,NASDAQ,1.86,56911,661023744,0.0721,2.14,2.83,-3.9246,-38.27,-54.57,-64.77,-54.58,0.0,10.0,4,4.27,1.8,-56.44,0.0,,8,,20260908
SMSSY,"SMS Co., Ltd.",Healthcare,Health Information Services,PNK,7.23,25,1428675456,0.0113,7.27,5.71,-3.0925,8.31,44.33,-6.04,15.17,0.0,62.0,3,7.96,4.42,-9.15,0.0,,8,,20260908
OCFC,OceanFirst Financial Corp.,Financial Services,Banks - Regional,NASDAQ,19.43,1010822,1877816576,0.369,19.24,18.51,0.5201,3.53,-5.24,-11.36,-5.49,0.0,85.0,2,20.61,17.05,-5.73,0.0,,8,,20260908
ELE,Elemental Royalty Corporation,Basic Materials,Gold,NCM,21.19,386265,1362646400,0.9075,18.24,18.18,3.2548,37.5,-21.67,22.77,10.89,0.0,91.25,2,26.96,12.58,-21.4,0.0,,8,,20260908
ALNT,Allient Inc.,Technology,Electronic Components,NASDAQ,94.62,273003,1608210048,5.4194,94.6,73.32,0.0044,6.85,30.07,86.02,46.65,0.0,85.0,2,118.67,41.75,-20.27,0.0,,8,,20260908
TMVWF,TeamViewer SE,Technology,Software - Application,PNK,7.68,33,1205500032,0.0043,7.54,6.68,32.1546,-0.77,33.39,-51.03,-8.91,0.0,75.0,2,10.89,5.17,-29.48,0.0,,8,,20260908
BNGRF,Savencia SA,Consumer Defensive,Packaged Foods,PNK,82.35,0,1062331136,0.0052,82.35,73.51,0.0,-4.69,1.99,37.49,14.52,0.0,75.0,3,82.35,52.3,-0.0,0.0,,8,,20260908
PXED,"Phoenix Education Partners, Inc.",Consumer Defensive,Education & Training Services,NYSE,28.78,116774,1037443520,1.1084,29.98,29.88,-1.0845,-9.14,-18.81,-38.63,-24.32,0.0,40.25,4,47.08,23.52,-38.87,0.0,,8,,20260908
LQDT,"Liquidity Services, Inc.",Consumer Cyclical,Internet Retail,NASDAQ,42.11,219263,1319217792,1.5046,40.21,34.43,1.2618,8.41,16.56,36.4,22.46,0.0,86.25,2,44.09,21.67,-4.49,0.0,,8,,20260908
SMPL,The Simply Good Foods Company,Consumer Defensive,Packaged Foods,NCM,11.45,2296323,1012651840,0.4892,11.48,14.68,-0.0707,-8.8,-43.55,-79.83,-49.37,0.0,25.75,4,28.38,9.88,-59.65,0.0,,8,,20260908
AMN,"AMN Healthcare Services, Inc.",Healthcare,Medical Care Facilities,NYSE,33.8,811850,1309073664,1.5533,33.79,24.19,0.0095,1.96,43.75,47.11,34.65,0.0,87.5,2,37.22,14.97,-9.19,0.0,,8,,20260908
MGAWY,Megaworld Corporation,Real Estate,Real Estate - Development,PNK,7.05,101,1143153408,0.0723,6.6,6.56,6.1936,9.89,-17.24,-16.92,-10.33,0.0,76.25,2,7.93,6.16,-11.1,0.0,,8,,20260908
KRNGY,Karoon Energy Ltd,Energy,Oil & Gas E&P,PNK,2.2,54,767989824,0.0488,2.18,2.19,0.4061,-27.65,-26.36,-20.45,-24.32,0.0,51.25,3,2.94,1.76,-25.17,0.0,,8,,20260908
ABR,"Arbor Realty Trust, Inc.",Real Estate,REIT - Mortgage,NYSE,5.25,3855160,1064323328,0.162,5.01,6.42,1.4958,-1.35,-48.52,-69.52,-45.13,0.0,58.75,3,12.58,4.73,-58.27,0.0,,8,,20260908
LGIH,"LGI Homes, Inc.",Consumer Cyclical,Residential Construction,NASDAQ,55.0,333900,1278654976,2.3316,58.52,50.47,-1.5082,4.54,8.72,-35.95,-10.19,0.0,60.0,3,67.01,33.55,-17.92,0.0,,8,,20260908
MNXBF,"Monex Group, Inc.",Financial Services,Capital Markets,PNK,4.16,41,1045672896,0.0344,4.11,-3.06,1.3507,-7.38,-153.15,-104.1,-97.09,0.0,50.0,3,6.15,3.85,-32.36,0.0,,8,,20260908
LSDAF,Lassonde Industries Inc.,Consumer Defensive,Beverages - Non-Alcoholic,PNK,157.01,15,1071035264,0.0998,155.4,157.48,16.1166,-6.0,-15.32,-16.57,-13.49,0.0,37.0,3,168.47,113.91,-6.8,0.0,,8,,20260908
MDEVY,Melco International Development Limited,Consumer Cyclical,Resorts & Casinos,PNK,2.4,18,1091958144,0.0105,2.34,2.65,6.1282,2.98,-27.88,-42.55,-26.03,0.0,62.0,3,3.57,2.14,-32.77,0.0,,8,,20260908
XERS,"Xeris Biopharma Holdings, Inc.",Healthcare,Drug Manufacturers - Specialty & Generic,NASDAQ,8.53,1856215,1555192192,0.3172,8.4,7.04,0.4225,33.33,31.66,-11.85,14.67,0.0,88.75,2,10.08,5.25,-15.38,0.0,,8,,20260908
HYLN,Hyliion Holdings Corp.,Consumer Cyclical,Auto Parts,NYSE,3.69,3756219,659023744,0.3169,3.86,3.07,-0.5213,-51.22,69.34,105.03,53.48,0.0,47.0,3,8.49,1.56,-56.54,0.0,,8,,20260908
BOPCF,BioPharma Credit PLC,Unknown,Unknown,PNK,0.93,362391,846781096,0.0454,0.93,0.93,0.0,-41.33,-41.33,-41.33,-41.33,0.0,63.25,3,1.02,0.85,-9.2,0.0,,8,,20260908
SAFT,"Safety Insurance Group, Inc.",Financial Services,Insurance - Property & Casualty,NASDAQ,103.15,215987,1514291712,0.6214,91.92,77.75,18.0697,43.41,25.58,27.88,30.96,0.0,83.75,2,103.8,67.04,-0.63,0.0,,8,,20260908
FMBL,Farmers & Merchants Bank of Long Beach,Financial Services,Banks - Regional,OQX,9940.0,96,1201885184,79.6983,9593.53,8637.39,4.3473,11.26,3.69,35.79,18.42,0.0,87.5,2,9994.98,6500.0,-0.55,0.0,,8,,20260908
HMH,HMH Holding Inc.,Energy,Oil & Gas Equipment & Services,NASDAQ,19.5,263014,234831184,0.9594,19.76,19.5,-0.271,-12.8,-16.7,-16.7,-15.73,0.0,45.75,3,24.5,16.32,-20.41,0.0,,8,,20260908
SAEYY,Redcare Pharmacy NV,Healthcare,Pharmaceutical Retailers,PNK,7.26,62,1465021056,0.0297,7.39,6.75,-4.2283,27.31,0.63,-36.7,-7.63,0.0,62.0,3,10.1,3.59,-28.12,0.0,,8,,20260908
LPTH,"LightPath Technologies, Inc.",Technology,Electronic Components,NCM,9.67,3160888,607173568,1.1159,12.29,11.89,-2.3505,-39.93,-27.8,49.09,-0.08,0.0,8.75,4,18.94,5.17,-48.94,0.0,,8,,20260908
GTM,ZoomInfo Technologies Inc.,Technology,Software - Application,NASDAQ,4.13,8769919,1202284544,0.2282,3.51,5.96,2.7174,33.9,-52.2,-79.16,-41.46,0.0,63.75,3,12.51,2.54,-66.99,0.0,,8,,20260908
IVA,Inventiva S.A.,Healthcare,Biotechnology,NASDAQ,4.78,1047276,1129134848,0.2325,4.5,5.07,1.2,13.92,-37.18,-34.61,-23.38,0.0,73.25,3,7.98,3.35,-40.12,0.0,,8,,20260908
EVEX,"Eve Holding, Inc.",Industrials,Aerospace & Defense,NYSE,2.22,1029847,773639680,0.1475,2.48,3.17,-1.7681,-27.07,-39.13,-61.85,-45.2,0.0,7.5,4,5.16,2.1,-56.98,0.0,,8,,20260908
CCB,Coastal Financial Corporation,Financial Services,Banks - Regional,NASDAQ,50.33,227536,769360896,2.594,60.81,81.74,-4.0412,-33.04,-51.07,-76.53,-56.75,0.0,15.0,4,120.05,36.61,-58.08,0.0,,8,,20260908
DPZUF,Domino's Pizza Enterprises Limited,Consumer Cyclical,Restaurants,PNK,14.5,165,1373829504,0.0826,12.44,13.01,24.8889,13.2,-14.56,41.65,14.86,0.0,75.0,3,15.6,8.27,-7.05,0.0,,8,,20260908
CRVS,"Corvus Pharmaceuticals, Inc.",Healthcare,Biotechnology,NASDAQ,14.39,1034565,1210500352,0.6832,14.41,13.8,-0.0363,24.71,-24.05,131.17,50.23,0.0,74.5,3,26.95,5.64,-46.6,0.0,,8,,20260908
PGY,Pagaya Technologies Ltd.,Technology,Software - Infrastructure,NCM,22.98,3175242,1917125760,1.2182,19.53,17.31,2.8285,53.14,84.84,-58.16,19.72,0.0,90.0,2,44.99,10.4,-48.92,0.0,,8,,20260908
FUBO,FuboTV Inc.,Communication Services,Broadcasting,NYSE,11.25,1505201,339798112,0.7617,9.82,16.78,1.8755,13.23,-35.71,-95.1,-47.23,0.0,66.25,3,56.64,7.95,-80.14,0.0,,8,,20260908
TNLIY,Trainline plc,Consumer Cyclical,Travel Services,PNK,5.87,0,997180480,0.0001,5.87,6.15,0.0,-4.69,-21.98,-33.77,-22.37,0.0,49.0,3,6.81,5.87,-13.8,0.0,,8,,20260908
MLKN,"MillerKnoll, Inc.",Consumer Cyclical,"Furnishings, Fixtures & Appliances",NASDAQ,22.92,770882,1575361792,0.8051,22.18,18.38,0.9151,51.63,3.42,-7.23,11.21,0.0,85.0,2,24.71,13.77,-7.24,0.0,,8,,20260908
IQ,"iQIYI, Inc.",Communication Services,Entertainment,NASDAQ,0.88,7245593,849221760,0.0658,1.14,1.46,-4.0137,-20.88,-54.04,-87.49,-59.13,0.0,33.75,4,2.84,0.86,-69.01,0.0,,8,,20260908
BJCHY,Beijing Capital International Airport Company Limited,Industrials,Airports & Air Services,PNK,0.97,230,888360704,0.0009,0.96,1.26,9.3307,-8.46,-50.92,-64.54,-45.75,0.0,25.0,3,2.18,0.89,-55.5,0.0,,8,,20260908
GHM,Graham Corporation,Industrials,Specialty Industrial Machinery,NYSE,87.78,246073,1030276736,5.2132,103.88,87.96,-3.0893,-22.73,-7.61,58.56,15.08,0.0,22.0,4,125.82,46.58,-30.23,0.0,,8,,20260908
SAFE,Safehold Inc.,Real Estate,REIT - Diversified,NYSE,15.12,314474,1070742144,0.3691,15.9,14.76,-2.1119,-5.95,-14.59,-20.34,-14.73,0.0,57.75,3,17.45,12.76,-13.35,0.0,,8,,20260908
HSLV,Highlander Silver Corp.,Basic Materials,Silver,NYSE,5.76,530517,1172294912,0.3135,4.91,5.76,2.7169,21.07,-27.74,-27.74,-15.53,0.0,88.75,3,6.97,3.88,-17.36,0.0,,8,,20260908
RZLV,Rezolve AI PLC,Technology,Software - Infrastructure,NASDAQ,2.21,15689141,881408960,0.1801,2.57,2.69,-1.9766,-8.61,-34.2,-68.81,-41.65,0.0,20.75,4,8.45,2.05,-73.85,0.0,,8,,20260908
MPZZF,MPC Container Ships ASA,Industrials,Marine Shipping,PNK,2.82,13561,1376358272,0.0635,2.58,2.25,3.7074,-2.15,5.87,36.7,16.2,0.0,78.75,2,2.94,1.55,-4.08,0.0,,8,,20260908
MLXEF,Metals X Limited,Basic Materials,Other Industrial Metals & Mining,PNK,1.3,19286,1149473792,0.058,1.13,0.95,2.9349,13.41,31.69,183.38,87.8,0.0,77.5,2,1.45,0.41,-10.26,0.0,,8,,20260908
PRCH,"Porch Group, Inc.",Financial Services,Insurance - Property & Casualty,NCM,17.94,1782296,2036546048,0.752,15.33,10.51,3.4749,89.04,114.26,-20.02,54.24,0.0,88.75,2,19.44,6.36,-7.7,0.0,,8,,20260908
MHPSY,MHP SE,Consumer Defensive,Farm Products,PNK,8.25,31,883065216,0.027,7.92,8.15,12.1194,-19.2,-21.72,7.15,-9.54,0.0,51.25,3,9.98,5.96,-17.33,0.0,,8,,20260908
MNKD,MannKind Corporation,Healthcare,Biotechnology,NASDAQ,4.06,4506311,1305470592,0.1758,4.04,4.16,0.1024,14.72,40.4,-43.94,0.24,0.0,74.5,3,6.51,2.23,-37.63,0.0,,8,,20260908
HTROF,Hexatronic Group AB (publ),Technology,Communication Equipment,PNK,4.35,158,960881792,0.0245,4.22,3.51,5.4815,-19.25,20.78,57.58,25.5,0.0,50.0,2,5.09,1.8,-14.56,0.0,,8,,20260908
ALVO,Alvotech,Healthcare,Drug Manufacturers - Specialty & Generic,NASDAQ,5.32,976453,1898266624,0.271,3.93,4.15,5.1189,45.59,17.51,-53.8,-3.99,0.0,91.25,3,9.25,2.94,-42.49,0.0,,8,,20260908
TMVWY,TeamViewer SE,Technology,Software - Application,PNK,3.85,541,1210631936,0.0435,3.42,3.14,9.9924,8.21,26.39,-46.7,-7.39,0.0,78.75,2,5.47,2.4,-29.62,0.0,,8,,20260908
UPBD,"Upbound Group, Inc.",Technology,Software - Application,NASDAQ,18.98,1000993,1106522624,0.6843,20.12,18.62,-1.6622,1.4,-14.4,-38.59,-20.13,0.0,61.25,3,28.03,15.82,-32.29,0.0,,8,,20260908
ACVA,ACV Auctions Inc.,Consumer Cyclical,Auto & Truck Dealerships,NYSE,6.98,3602363,1185259776,0.4267,7.43,6.67,-1.0467,18.63,21.17,-60.1,-11.97,0.0,61.25,3,11.86,4.07,-41.15,0.0,,8,,20260908
BJCHF,Beijing Capital International Airport Company Limited,Industrials,Airports & Air Services,PNK,0.18,269,824252224,0.0003,0.18,0.27,-12.8651,-26.43,-60.61,-63.72,-53.31,0.0,12.0,4,0.41,0.18,-56.1,0.0,,8,,20260908
CHY,Calamos Convertible and High Income Fund,Financial Services,Asset Management,NASDAQ,12.85,161757,1033603328,0.1978,13.04,11.86,-0.946,-1.85,1.5,9.9,4.02,0.0,69.5,3,13.91,10.41,-7.62,0.0,,8,,20260908
OCSL,Oaktree Specialty Lending Corporation,Financial Services,Asset Management,NASDAQ,13.06,531149,1150396928,0.2375,12.43,11.86,2.6631,8.03,6.48,-13.02,-0.93,0.0,86.25,2,14.31,10.63,-8.74,0.0,,8,,20260908
BRBR,"BellRing Brands, Inc.",Consumer Defensive,Packaged Foods,NYSE,10.39,4891874,1208130432,0.6245,11.89,17.23,-2.4083,13.78,-55.41,-95.62,-54.2,0.0,36.25,4,39.06,7.82,-73.4,0.0,,8,,20260908
GLDAF,GlobalData Plc,Industrials,Consulting Services,PNK,1.13,38,742634176,0.0054,1.07,1.27,12.1507,-21.85,-46.59,-43.4,-39.13,0.0,25.0,3,1.7,0.98,-33.24,0.0,,8,,20260908
RXT,"Rackspace Technology, Inc.",Technology,Software - Infrastructure,NASDAQ,3.19,13992192,813044416,0.3547,4.39,2.74,-3.3821,-36.89,38.95,125.42,54.58,0.0,33.75,3,8.6,0.39,-62.91,0.0,,8,,20260908
HIVE,HIVE Digital Technologies Ltd.,Financial Services,Capital Markets,NCM,3.11,23272058,853002496,0.2431,3.02,2.9,0.3727,-22.2,36.55,-5.21,5.16,0.0,62.5,3,7.84,1.73,-60.33,0.0,,8,,20260908
CBLNF,Mersen S.A.,Industrials,Electrical Equipment & Parts,PNK,47.67,68,1158595328,0.1979,43.91,34.56,19.0098,10.17,50.17,50.09,40.14,0.0,75.0,2,48.47,28.64,-1.65,0.0,,8,,20260908
PURR,Hyperliquid Strategies Inc.,Financial Services,Capital Markets,NCM,12.18,15826512,2409661952,1.0954,8.23,12.18,3.6083,38.1,166.14,198.76,147.17,0.0,87.5,3,14.14,3.01,-13.86,0.0,,8,,20260908
JWLLF,Jamieson Wellness Inc.,Consumer Defensive,Packaged Foods,PNK,32.85,4736,1362977280,0.1496,30.68,26.17,14.487,27.5,5.41,5.31,10.89,0.0,77.5,2,33.15,23.88,-0.9,0.0,,8,,20260908
HBT,"HBT Financial, Inc.",Financial Services,Banks - Regional,NASDAQ,36.59,170553,1330617728,0.7406,34.42,28.81,2.9274,22.58,26.28,22.09,23.68,0.0,87.5,2,37.51,22.36,-2.45,0.0,,8,,20260908
RSTCF,"RS Technologies Co., Ltd.",Technology,Semiconductors,PNK,38.17,136,1015184896,0.1238,41.45,38.17,-26.5216,-20.01,-14.41,-14.41,-15.81,0.0,25.0,3,51.17,38.17,-25.41,0.0,,8,,20260908
SVRA,Savara Inc.,Healthcare,Biotechnology,NASDAQ,5.37,1777663,1103320320,0.2244,5.65,5.58,-1.2407,0.81,-13.26,30.03,7.57,0.0,59.0,3,7.0,3.34,-23.34,0.0,,8,,20260908
CMRF,"CIM Group, Inc.",Real Estate,REIT - Diversified,PNK,2.1,3717,1003792576,0.0441,2.16,2.1,-1.3936,-12.47,-25.25,194433.78,77761.55,0.0,37.0,3,3.6,0.0,-41.63,0.0,,8,,20260908
RERE,ATRenew Inc.,Consumer Cyclical,Internet Retail,NYSE,4.18,1042511,925831744,0.1713,4.14,4.76,0.2137,-1.74,-33.85,-19.34,-20.02,0.0,61.25,3,6.47,3.5,-35.39,0.0,,8,,20260908
APYRF,Allied Properties Real Estate Investment Trust,Real Estate,REIT - Office,PNK,6.11,38901,1196124928,0.0813,6.84,7.59,-8.976,-17.38,-20.07,-73.25,-40.67,0.0,2.5,4,15.91,5.99,-61.6,0.0,,8,,20260908
TNDM,"Tandem Diabetes Care, Inc.",Healthcare,Medical Devices,NASDAQ,19.9,1962973,1384616192,1.1377,19.14,19.78,0.6637,-1.8,-21.02,40.65,8.45,0.0,85.0,3,29.65,11.46,-32.88,0.0,,8,,20260908
PDM,"Piedmont Realty Trust, Inc.",Real Estate,REIT - Office,NYSE,9.68,1086920,1211285760,0.2423,9.6,8.45,0.3343,4.81,18.18,-7.41,4.6,0.0,90.0,2,10.13,6.32,-4.44,0.0,,8,,20260908
CWAFF,China Water Affairs Group Limited,Utilities,Utilities - Regulated Water,PNK,0.62,0,1012424704,0.0,0.62,0.67,0.0,-4.69,-23.98,-36.3,-24.08,0.0,49.0,3,0.8,0.62,-22.5,0.0,,8,,20260908
CRON,Cronos Group Inc.,Healthcare,Drug Manufacturers - Specialty & Generic,NASDAQ,3.26,1183687,1201025920,0.1108,3.0,2.73,2.3535,14.28,11.69,10.43,11.84,0.0,90.0,2,3.61,2.28,-9.65,0.0,,8,,20260908
PLOW,"Douglas Dynamics, Inc.",Consumer Cyclical,Auto Parts,NYSE,42.3,277465,976159040,1.3009,44.27,41.44,-1.5162,-8.95,-16.07,10.28,-3.75,0.0,43.25,3,55.0,28.52,-23.09,0.0,,8,,20260908
TWFG,"TWFG, Inc.",Financial Services,Insurance Brokers,NASDAQ,28.89,164525,372112800,1.4572,27.23,23.55,1.1423,40.7,23.71,-10.99,14.08,0.0,85.0,2,31.3,16.56,-7.7,0.0,,8,,20260908
GNK,Genco Shipping & Trading Limited,Industrials,Marine Shipping,NYSE,27.65,425052,1205169536,0.8859,25.08,21.85,2.9039,10.8,18.15,51.48,29.65,0.0,88.75,2,27.82,15.55,-0.6,0.0,,8,,20260908
MOGLF,Mongolian Mining Corporation,Basic Materials,Coking Coal,OQX,1.27,4226,1302723200,0.0257,1.01,1.26,9.921,11.82,-34.78,-29.25,-20.92,0.0,75.0,3,1.85,0.73,-31.35,0.0,,8,,20260908
CII,"BlackRock Enhanced Large Cap Core Fund, Inc.",Financial Services,Asset Management,NYSE,24.51,77604,1071187712,0.3687,24.65,23.03,-0.3816,-2.32,0.98,7.42,2.73,0.0,72.0,3,26.17,20.43,-6.34,0.0,,8,,20260908
WTBFA,W.T.B. Financial Corporation,Financial Services,Banks - Regional,OID,680.0,9,1667720448,3.6774,661.69,634.48,4.979,-7.29,-7.49,5.01,-2.44,0.0,50.0,2,724.0,554.0,-6.08,0.0,,8,,20260908
WTBFB,W.T.B. Financial Corporation,Financial Services,Banks - Regional,OID,458.93,1371,1156918912,6.2263,431.68,390.28,4.3766,11.38,3.36,29.33,15.75,0.0,90.0,2,465.0,313.6,-1.31,0.0,,8,,20260908
ETW,Eaton Vance Tax-Managed Global Buy-Write Opportunities Fund,Financial Services,Asset Management,NYSE,9.85,263368,1069688192,0.0828,9.59,9.06,3.0964,3.54,-3.13,-0.77,-0.52,0.0,88.75,2,9.95,8.46,-1.01,0.0,,8,,20260908
SDTHF,Sdiptech AB (publ),Industrials,Conglomerates,PNK,25.91,0,984371072,0.0029,25.91,22.92,0.0,-4.69,4.85,0.04,0.54,0.0,75.0,3,26.67,21.02,-2.85,0.0,,8,,20260908
CHI,Calamos Convertible Opportunities and Income Fund,Financial Services,Asset Management,NASDAQ,12.53,165458,1013317504,0.2379,12.85,11.51,-1.3433,-1.91,2.42,12.71,5.45,0.0,69.5,3,13.5,10.26,-7.19,0.0,,8,,20260908
ODC,Oil-Dri Corporation of America,Basic Materials,Specialty Chemicals,NYSE,87.9,128976,0,3.2221,95.75,73.3,-2.4356,0.16,24.63,18.19,15.94,0.0,60.0,3,107.0,45.61,-17.85,0.0,,8,,20260908
THRM,Gentherm Incorporated,Consumer Cyclical,Auto Parts,NASDAQ,40.7,407406,1249702016,1.4838,39.21,34.68,1.0039,7.58,23.04,-6.44,7.39,0.0,87.5,2,48.35,27.0,-15.82,0.0,,8,,20260908
COGNY,Cogna Educação S.A.,Consumer Defensive,Education & Training Services,PNK,0.45,5726,901899712,0.0231,0.42,0.56,1.4743,-0.04,-38.5,-37.74,-28.58,0.0,27.5,3,0.89,0.35,-49.44,0.0,,8,,20260908
OXBDF,Oxford Biomedica plc,Healthcare,Biotechnology,PNK,7.15,1053,865496704,0.0439,7.6,8.57,-10.1657,-14.36,-27.64,-22.69,-22.34,0.0,0.0,4,12.61,6.88,-43.3,0.0,,8,,20260908
GLGDF,GoGold Resources Inc.,Basic Materials,Other Precious Metals & Mining,OQX,3.17,528201,1374245632,0.1626,2.52,2.28,4.0035,41.39,15.84,54.21,37.57,0.0,85.0,2,3.29,1.57,-3.65,0.0,,8,,20260908
VOBIF,Vobile Group Limited,Technology,Software - Application,OQX,0.26,88,675960064,0.0003,0.26,0.45,-11.9781,-37.85,-68.78,-89.4,-69.3,0.0,12.0,4,0.85,0.26,-69.44,0.0,,8,,20260908
SBGI,"Sinclair, Inc.",Communication Services,Broadcasting,NASDAQ,13.81,528701,996606720,0.4957,13.95,14.05,-0.2814,-3.22,-21.83,-14.3,-14.17,0.0,61.5,3,17.88,12.46,-22.76,0.0,,8,,20260908
GLIBK,Liberty Capital Corporation,Communication Services,Telecom Services,NASDAQ,26.27,634576,1048304128,0.9473,23.89,31.02,2.5107,17.15,-45.38,-47.44,-30.57,0.0,63.75,3,41.17,19.3,-36.2,0.0,,8,,20260908
GLIBA,Liberty Capital Corporation,Communication Services,Telecom Services,NASDAQ,26.62,82306,1062270912,0.8877,24.3,31.2,2.6078,18.09,-45.12,-47.86,-30.42,0.0,62.5,3,41.87,19.61,-36.42,0.0,,8,,20260908
KURA,"Kura Oncology, Inc.",Healthcare,Biotechnology,NASDAQ,13.25,1787253,1178728192,0.646,11.11,9.81,3.3174,46.91,32.72,43.01,40.38,0.0,88.75,2,13.9,7.36,-4.68,0.0,,8,,20260908
LTGHY,Life Healthcare Group Holdings Limited,Healthcare,Medical Care Facilities,PNK,2.91,50828,1041073728,0.0903,2.71,2.69,2.1809,17.33,-5.69,-20.02,-5.67,0.0,83.75,2,3.36,2.24,-13.39,0.0,,8,,20260908
GSBD,"Goldman Sachs BDC, Inc.",Financial Services,Asset Management,NYSE,9.98,931653,1123439232,0.216,9.32,8.9,3.0331,12.13,-0.02,-18.11,-4.22,0.0,87.5,2,11.46,8.36,-12.95,0.0,,8,,20260908
HNTIF,Hunting PLC,Energy,Oil & Gas Equipment & Services,PNK,5.43,123,788434304,0.0543,5.95,6.03,-9.5559,-17.11,-35.89,-1.92,-17.61,0.0,12.0,4,7.5,4.23,-27.6,0.0,,8,,20260908
OPY,Oppenheimer Holdings Inc.,Financial Services,Capital Markets,NYSE,122.89,126033,1315906688,4.4823,113.7,94.14,2.0501,21.79,29.01,48.76,35.1,0.0,86.25,2,125.55,63.81,-2.12,0.0,,8,,20260908
RNP,"Cohen & Steers REIT and Preferred Income Fund, Inc.",Financial Services,Asset Management,NYSE,20.12,115644,965761664,0.2171,20.36,19.93,-1.0931,-6.49,-18.0,-21.61,-16.57,0.0,72.0,3,22.58,19.27,-10.89,0.0,,8,,20260908
EXMRF,Exmar NV,Energy,Oil & Gas Equipment & Services,PNK,12.5,0,993952512,0.0004,12.5,11.76,0.0,-4.69,-5.02,-7.79,-6.05,0.0,62.0,3,12.5,11.6,0.0,0.0,,8,,20260908
SDGR,"Schrödinger, Inc.",Healthcare,Health Information Services,NASDAQ,20.09,1163592,1502845184,1.0028,17.35,15.1,2.7275,35.01,42.54,-14.06,18.02,0.0,87.5,2,23.02,10.95,-12.73,0.0,,8,,20260908
BUR,Burford Capital Limited,Financial Services,Asset Management,NYSE,4.35,1842634,955192512,0.1697,4.24,6.38,0.6648,-6.94,-58.41,-86.84,-56.92,0.0,37.5,3,13.25,3.59,-67.17,0.0,,8,,20260908
HPK,"HighPeak Energy, Inc.",Energy,Oil & Gas E&P,NASDAQ,8.05,520436,1017945088,0.4505,7.43,6.3,1.372,1.79,29.11,-13.69,5.16,0.0,86.25,2,9.13,3.85,-11.82,0.0,,8,,20260908
ASIC,Ategrity Specialty Insurance Co,Financial Services,Insurance - Property & Casualty,NYSE,27.4,73363,1313197824,1.0192,24.79,21.04,2.5602,30.02,14.64,2.14,13.48,0.0,90.0,2,27.9,16.35,-1.79,0.0,,8,,20260908
TBN,Tamboran Resources Corporation,Energy,Oil & Gas E&P,NYSE,39.43,166034,1374388352,1.5507,34.5,32.14,3.1822,6.16,12.04,59.26,29.46,0.0,88.75,2,52.21,19.55,-24.48,0.0,,8,,20260908
TBNRL,Tamboran Resources Corporation,Energy,Oil & Gas E&P,PNK,0.19,1269,1359400064,0.0005,0.19,0.15,5.5591,3.64,43.12,123.78,65.52,0.0,75.0,2,0.21,0.08,-5.06,0.0,,8,,20260908
MBC,"MasterBrand, Inc.",Consumer Cyclical,"Furnishings, Fixtures & Appliances",NYSE,8.51,2238230,1731704192,0.4116,8.95,9.69,-1.0635,-4.1,-20.07,-54.81,-29.97,0.0,44.5,4,14.22,6.61,-40.15,0.0,,8,,20260908
APC,ARKO Petroleum Corp.,Energy,Oil & Gas Refining & Marketing,NCM,18.99,170831,1568008576,0.586,19.02,18.99,-0.0532,-5.76,-9.58,-1.04,-5.21,0.0,50.75,3,21.72,17.0,-12.57,0.0,,8,,20260908
NBN,Northeast Bank,Financial Services,Banks - Regional,NASDAQ,132.86,126882,1136665088,3.7074,131.15,118.01,0.461,6.69,10.04,0.37,5.33,0.0,88.75,2,142.31,80.75,-6.64,0.0,,8,,20260908
CFFN,"Capitol Federal Financial, Inc.",Financial Services,Banks - Regional,NASDAQ,8.87,829065,1094286976,0.1639,8.61,7.52,1.5582,9.38,14.57,22.61,16.49,0.0,85.0,2,9.26,5.97,-4.21,0.0,,8,,20260908
OMDA,"Omada Health, Inc.",Healthcare,Health Information Services,NASDAQ,22.77,1278034,1393904384,1.1487,22.67,16.99,0.0897,22.3,46.91,-23.97,12.4,0.0,87.5,2,26.91,10.28,-15.4,0.0,,8,,20260908
CVHSY,Cablevisión Holding S.A.,Communication Services,Telecom Services,OID,5.7,1979,1029662656,0.0747,5.09,4.81,8.2204,9.31,8.76,10.67,9.66,0.0,77.5,2,5.95,2.75,-4.2,0.0,,8,,20260908
DAKT,"Daktronics, Inc.",Technology,Electronic Components,NASDAQ,19.35,580115,930592768,0.7148,19.92,20.59,-0.8019,-3.49,-27.0,-9.01,-13.93,0.0,27.75,4,28.27,17.09,-31.55,0.0,,8,,20260908
INNV,InnovAge Holding Corp.,Healthcare,Medical Care Facilities,NASDAQ,10.75,317711,1459166336,0.4937,11.22,8.25,-0.9483,42.57,4.55,174.55,82.06,0.0,74.5,3,12.64,3.69,-14.95,0.0,,8,,20260908
NMAX,"Newsmax, Inc.",Communication Services,Broadcasting,NYSE,10.63,1116363,1372977664,0.6184,9.11,7.73,2.4632,11.99,24.16,-40.16,-4.61,0.0,85.0,2,13.6,5.11,-21.84,0.0,,8,,20260908
TYG,Tortoise Energy Infrastructure Corporation,Financial Services,Asset Management,NYSE,42.46,157992,0,0.6247,42.84,42.92,-0.6145,-4.29,-22.56,-7.84,-12.11,0.0,56.5,3,51.18,40.35,-17.04,0.0,,8,,20260908
CSBTF,Kuros Biosciences AG,Healthcare,Medical Devices,PNK,22.0,59,872778176,0.5001,26.12,30.11,-8.2351,-15.81,-49.68,-51.22,-41.83,0.0,25.0,4,42.81,22.0,-48.61,0.0,,8,,20260908
HEPS,D-Market Elektronik Hizmetler ve Ticaret A.S.,Consumer Cyclical,Internet Retail,NASDAQ,2.67,206398,955577408,0.1051,2.82,2.71,-1.3772,-2.98,-21.62,-24.77,-18.22,0.0,23.25,4,3.33,2.15,-19.67,0.0,,8,,20260908
DFIN,"Donnelley Financial Solutions, Inc.",Technology,Software - Application,NYSE,50.92,283471,1251887744,1.8272,47.58,46.73,1.8301,33.9,-12.58,-29.63,-7.78,0.0,92.5,2,57.37,36.11,-11.24,0.0,,8,,20260908
SBSI,"Southside Bancshares, Inc.",Financial Services,Banks - Regional,NYSE,32.83,136665,978596032,0.6034,32.99,31.65,-0.2632,-4.51,-5.24,-10.36,-7.11,0.0,48.25,3,36.2,26.32,-9.31,0.0,,8,,20260908
HMNTY,Hemnet Group AB (publ),Communication Services,Internet Content & Information,PNK,9.51,435,851727360,0.1373,9.36,12.7,1.058,-7.16,-45.95,-84.82,-51.8,0.0,51.25,3,28.31,7.01,-66.41,0.0,,8,,20260908
DPUKY,Domino's Pizza Group plc,Consumer Cyclical,Restaurants,PNK,5.52,1392,1051995520,0.0864,5.27,4.87,2.8708,8.14,5.32,-16.12,-2.55,0.0,76.25,2,5.84,4.41,-5.48,0.0,,8,,20260908
CTYMF,Catalyst Metals Limited,Basic Materials,Gold,PNK,4.96,965,1308853120,0.0915,4.12,4.54,9.2369,34.35,-15.88,-19.68,-4.84,0.0,76.25,3,7.16,3.23,-30.67,0.0,,8,,20260908
MSEXP,Middlesex Water Company PFD 7%,Unknown,Unknown,PNK,492.0,1,0,1.1035,538.14,573.8,-41.8127,-20.91,-32.39,-30.22,-28.65,0.0,0.0,4,662.5,492.0,-25.74,0.0,,8,,20260908
MSEX,Middlesex Water Company,Utilities,Utilities - Regulated Water,NASDAQ,58.26,165823,1097848320,1.2485,56.97,52.91,1.0337,5.14,-6.07,-7.62,-3.89,0.0,90.0,2,62.18,44.17,-6.3,0.0,,8,,20260908
BBN,BlackRock Taxable Municipal Bond Trust,Financial Services,Asset Management,NYSE,15.65,128026,967052800,0.1313,15.79,15.77,-1.043,-4.73,-15.64,-17.59,-13.69,0.0,61.5,4,17.45,15.47,-10.32,0.0,,8,,20260908
JVTSF,Juventus Football Club S.p.A.,Communication Services,Entertainment,PNK,2.4,595,1000881600,0.0592,2.39,2.63,0.1193,-6.13,-22.85,-49.38,-29.28,0.0,37.0,3,3.7,2.25,-35.14,0.0,,8,,20260908
KBDC,"Kayne Anderson BDC, Inc.",Financial Services,Asset Management,NYSE,13.45,348325,888208512,0.2625,13.59,13.67,-0.5152,-8.13,-10.67,-20.39,-13.93,0.0,34.0,4,15.87,13.06,-15.25,0.0,,8,,20260908
NWHUF,Vital Infrastructure Property Trust,Real Estate,REIT - Healthcare Facilities,PNK,3.83,105815,957570944,0.0384,3.9,3.86,-1.8881,-3.05,-21.55,-8.54,-11.72,0.0,57.75,3,4.4,3.34,-12.95,0.0,,8,,20260908
NLST,"Netlist, Inc.",Technology,Electronics & Computer Distribution,OQB,5.02,2444165,1754907392,0.6654,3.89,2.19,1.6914,67.81,296.32,507.53,323.68,0.0,88.75,2,7.0,0.45,-28.29,0.0,,8,,20260908
EQRLF,EQ Resources Limited,Basic Materials,Other Industrial Metals & Mining,PNK,0.28,519773,1420139264,0.0291,0.22,0.28,1.9188,64.02,-0.09,280.29,128.09,0.0,85.0,3,0.34,0.06,-19.82,0.0,,8,,20260908
SENEB,Seneca Foods Corporation,Consumer Defensive,Packaged Foods,NASDAQ,208.53,177,1411843328,2.806,178.76,143.94,10.6094,38.38,34.42,66.22,48.13,0.0,78.75,2,208.53,103.07,-0.0,0.0,,8,,20260908
ESRT,"Empire State Realty Trust, Inc.",Real Estate,REIT - Diversified,NYSE,4.54,2235531,1390810112,0.1493,5.11,5.68,-3.7967,-17.99,-31.97,-60.96,-40.07,0.0,8.75,4,8.04,4.36,-43.53,0.0,,8,,20260908
CPAC,Cementos Pacasmayo S.A.A.,Basic Materials,Building Materials,NYSE,12.62,69001,1080541696,0.2766,11.96,10.6,2.3954,16.65,5.26,67.55,33.03,0.0,88.75,2,12.71,6.25,-0.71,0.0,,8,,20260908
DXYZ,Destiny Tech100 Inc.,Financial Services,Asset Management,NYSE,32.7,2068530,996227264,2.1259,28.04,31.26,2.1916,-26.45,7.73,3.66,-2.44,0.0,66.25,3,72.87,19.71,-55.13,0.0,,8,,20260908
MFAO,"MFA Financial, Inc. 9.000% Seni",Unknown,Unknown,NYSE,25.3,7160,0,0.0898,25.02,24.36,3.081,-1.93,-10.68,-10.66,-8.49,0.0,85.0,2,25.75,24.18,-1.75,0.0,,8,,20260908
MFA,"MFA Financial, Inc.",Real Estate,REIT - Mortgage,NYSE,8.95,1573603,904737024,0.1545,9.18,9.12,-1.4566,-4.6,-19.62,-19.61,-15.86,0.0,32.75,4,10.45,8.63,-14.35,0.0,,8,,20260908
SUCEF,"Sumitomo Osaka Cement Co., Ltd.",Basic Materials,Building Materials,PNK,32.44,3,825240512,0.1755,30.05,27.69,13.6251,3.44,9.42,2.32,5.08,0.0,75.0,2,32.44,25.16,-0.0,0.0,,8,,20260908
VRTS,"Virtus Investment Partners, Inc.",Financial Services,Asset Management,NYSE,159.43,128676,1065330688,4.4667,161.3,147.64,-0.4176,5.7,7.57,-33.86,-9.47,0.0,73.25,3,203.61,121.61,-21.7,0.0,,8,,20260908
LXRX,"Lexicon Pharmaceuticals, Inc.",Healthcare,Biotechnology,NCM,2.24,3321282,996701312,0.1028,2.32,1.79,-0.8246,12.58,15.84,89.38,44.44,0.0,70.75,3,2.68,1.05,-16.42,0.0,,8,,20260908
OPK,"OPKO Health, Inc.",Healthcare,Diagnostics & Research,NASDAQ,1.64,3560876,1223978368,0.076,1.4,1.3,3.2142,9.19,23.83,-1.13,10.19,0.0,87.5,2,1.73,0.98,-5.2,0.0,,8,,20260908
TRUP,"Trupanion, Inc.",Financial Services,Insurance - Property & Casualty,NASDAQ,27.8,449044,1212649088,1.2937,27.41,28.63,0.3018,21.67,-13.84,-57.7,-22.51,0.0,75.75,3,46.98,21.16,-40.83,0.0,,8,,20260908
KODK,Eastman Kodak Company,Industrials,Specialty Business Services,NYSE,9.29,911260,909491008,0.3663,8.94,9.06,0.9643,-2.16,23.71,40.48,23.95,0.0,73.25,3,14.87,5.74,-37.53,0.0,,8,,20260908
JCAP,"Jefferson Capital, Inc.",Financial Services,Credit Services,NASDAQ,21.35,357325,1226035200,0.724,20.29,19.8,1.4575,28.2,-11.51,0.26,3.13,0.0,85.0,2,24.44,15.5,-12.64,0.0,,8,,20260908
LUXE,LuxExperience B.V.,Consumer Cyclical,Luxury Goods,NYSE,7.72,137988,1059659520,0.3584,7.89,8.32,-0.4721,-1.49,-29.28,-40.62,-26.87,0.0,62.75,4,11.38,6.54,-32.16,0.0,,8,,20260908
CRAI,"CRA International, Inc.",Industrials,Consulting Services,NASDAQ,170.91,151782,1072778176,5.7291,167.85,169.21,0.5333,12.98,-17.85,-31.87,-15.75,0.0,87.5,3,227.29,132.17,-24.81,0.0,,8,,20260908
ESQ,"Esquire Financial Holdings, Inc.",Financial Services,Banks - Regional,NCM,118.96,141142,1439961216,3.8189,121.6,110.85,-0.6918,5.53,5.02,3.73,4.63,0.0,68.25,3,134.81,92.1,-11.76,0.0,,8,,20260908
CCORF,Canaccord Genuity Group Inc.,Financial Services,Capital Markets,PNK,10.41,40831,1061850688,0.124,10.33,9.14,0.6734,2.43,-2.06,23.15,9.15,0.0,80.0,2,11.0,6.4,-5.36,0.0,,8,,20260908
STK,Columbia Seligman Premium Technology Growth Fund,Financial Services,Asset Management,NYSE,52.56,64269,930052928,1.2492,50.8,44.13,1.4083,-0.75,23.06,55.93,30.26,0.0,57.5,2,58.46,32.36,-10.09,0.0,,8,,20260908
MRCBF,Morguard Corporation,Real Estate,Real Estate - Diversified,PNK,82.95,3,885762304,0.1803,86.47,85.28,-19.5226,-9.35,-16.71,-22.7,-17.26,0.0,24.0,4,90.06,82.43,-7.89,0.0,,8,,20260908
GOOS,Canada Goose Holdings Inc.,Consumer Cyclical,Apparel Manufacturing,NYSE,8.14,679996,794957376,0.2562,8.99,11.01,-3.3033,-21.46,-42.41,-57.92,-43.38,0.0,8.75,4,15.4,8.04,-47.13,0.0,,8,,20260908
OILSF,Saturn Oil & Gas Inc.,Energy,Oil & Gas E&P,OQX,4.65,118933,827779008,0.2143,4.08,3.47,2.6396,-12.8,52.71,136.94,70.03,0.0,62.5,2,5.57,1.63,-16.52,0.0,,8,,20260908
HNTIY,Hunting PLC,Energy,Oil & Gas Equipment & Services,PNK,5.47,429,794823104,0.3123,5.94,5.49,-1.4767,-13.28,1.96,4.69,-0.76,0.0,15.75,4,7.36,4.01,-25.63,0.0,,8,,20260908
DVSPF,Dividend 15 Split Corp.,Unknown,Unknown,PNK,6.1,5607,267497805,0.129,6.37,5.54,-2.119,2.0,3.78,18.0,9.02,0.0,68.25,3,6.88,4.72,-11.34,0.0,,8,,20260908
EQBK,"Equity Bancshares, Inc.",Financial Services,Banks - Regional,NYSE,50.97,131117,1049599232,1.0744,50.09,46.46,0.8172,4.99,0.1,2.12,2.13,0.0,85.0,2,52.27,38.6,-2.49,0.0,,8,,20260908
YALA,Yalla Group Limited,Technology,Software - Application,NYSE,5.48,309728,832022848,0.1312,5.45,6.35,0.2393,-1.1,-36.76,-47.86,-32.29,0.0,58.75,3,8.1,5.01,-32.35,0.0,,8,,20260908
ACEL,"Accel Entertainment, Inc.",Consumer Cyclical,Gambling,NYSE,11.88,307542,964578432,0.2788,12.22,11.66,-1.2065,-6.19,-13.62,-16.57,-12.94,0.0,47.0,3,14.0,9.55,-15.14,0.0,,8,,20260908
RCKHF,Rockhopper Exploration plc,Energy,Oil & Gas E&P,PNK,0.87,3531,912572928,0.0373,0.98,1.01,-2.9183,-14.07,-26.38,-40.88,-29.1,0.0,30.0,4,1.31,0.85,-33.59,0.0,,8,,20260908
APEI,"American Public Education, Inc.",Consumer Defensive,Education & Training Services,NASDAQ,45.36,307392,830158016,1.9602,49.93,48.11,-2.3312,-18.54,-14.38,23.04,-0.45,0.0,22.0,4,61.59,30.2,-26.35,0.0,,8,,20260908
NPK,"National Presto Industries, Inc.",Industrials,Aerospace & Defense,NYSE,147.72,103511,1054139840,4.9133,134.07,127.55,2.7779,6.7,-6.9,16.84,5.99,0.0,88.75,2,158.17,91.28,-6.61,0.0,,8,,20260908
USPH,"U.S. Physical Therapy, Inc.",Healthcare,Medical Care Facilities,NYSE,79.35,216685,1184116096,2.5271,75.85,74.58,1.3868,21.11,-15.41,-25.11,-10.16,0.0,87.5,2,93.5,58.19,-15.13,0.0,,8,,20260908
BCNAF,Barco NV,Technology,Electronic Components,PNK,9.0,6,732495040,0.0096,9.41,11.44,-42.8741,-18.98,-41.18,-61.77,-43.87,0.0,12.0,4,16.32,8.91,-44.87,0.0,,8,,20260908
PYCXF,PYC Therapeutics Limited,Healthcare,Biotechnology,PNK,1.8,998,1770318848,0.0303,1.26,1.1,17.9694,83.16,53.07,92.75,76.46,0.0,75.0,2,1.8,0.85,-0.0,0.0,,8,,20260908
CVLG,"Covenant Logistics Group, Inc.",Industrials,Trucking,NYSE,35.05,202198,889491072,1.404,39.86,31.91,-3.4267,-23.99,18.55,27.38,11.45,0.0,38.75,3,49.88,18.0,-29.73,0.0,,8,,20260908
BCX,Blackrock Resources & Commodities Strategy Trust,Financial Services,Asset Management,NYSE,13.06,183020,995669440,0.2322,12.08,11.63,4.2241,9.49,-4.98,20.67,8.9,0.0,86.25,2,13.86,9.68,-5.77,0.0,,8,,20260908
HBNC,"Horizon Bancorp, Inc.",Financial Services,Banks - Regional,NASDAQ,19.91,658766,1022269376,0.3609,20.05,18.04,-0.3779,2.33,9.22,2.87,4.95,0.0,69.5,3,21.04,14.97,-5.37,0.0,,8,,20260908
SENEA,Seneca Foods Corporation,Consumer Defensive,Packaged Foods,NASDAQ,195.71,125269,1325046144,7.0161,180.33,145.24,2.1917,28.63,24.48,54.09,37.36,0.0,92.5,2,210.0,99.58,-6.8,0.0,,8,,20260908
KOPN,Kopin Corporation,Technology,Electronic Components,NCM,4.28,4932507,795534784,0.3209,4.23,3.45,0.1602,-26.31,82.08,80.03,54.16,0.0,58.75,2,6.61,1.81,-35.25,0.0,,8,,20260908
OXLC,Oxford Lane Capital Corp.,Financial Services,Asset Management,NASDAQ,9.66,974452,946972160,0.188,8.98,9.41,3.6285,2.27,18.16,-47.04,-11.89,0.0,87.5,3,18.2,8.01,-46.92,0.0,,8,,20260908
BTZ,BlackRock Credit Allocation Income Trust,Financial Services,Asset Management,NYSE,9.95,279188,0,0.0873,10.06,9.99,-1.2726,-3.71,-13.86,-20.06,-13.8,0.0,61.5,4,11.18,9.7,-11.0,0.0,,8,,20260908
LXU,"LSB Industries, Inc.",Basic Materials,Chemicals,NYSE,11.3,799223,813571840,0.5133,10.79,11.48,0.9967,-14.51,-31.39,17.84,-7.48,0.0,49.5,3,17.22,7.71,-34.38,0.0,,8,,20260908
AEBI,Aebi Schmidt Holding AG,Industrials,Farm & Heavy Construction Machinery,NASDAQ,12.95,355539,1004962048,0.6638,12.6,12.64,0.5281,8.04,-17.76,-4.95,-6.18,0.0,86.25,3,15.96,8.91,-18.86,0.0,,8,,20260908
VLERF,Valeura Energy Inc.,Energy,Oil & Gas E&P,OQX,10.05,45236,1067447232,0.3006,8.64,8.11,4.704,20.63,0.9,62.43,30.44,0.0,91.25,2,11.33,4.34,-11.3,0.0,,8,,20260908
RIOFF,Rio2 Limited,Basic Materials,Gold,OQX,2.56,400092,1405377408,0.1418,2.14,2.15,2.9825,28.64,-7.18,81.61,37.29,0.0,82.5,3,3.02,1.14,-15.23,0.0,,8,,20260908
CSYJF,CSE Global Limited,Technology,Communication Equipment,PNK,1.03,68,751119808,0.0006,1.03,0.98,0.0,-18.86,-20.52,80.23,20.19,0.0,50.0,3,1.51,0.52,-31.79,0.0,,8,,20260908
BJRI,"BJ's Restaurants, Inc.",Consumer Cyclical,Restaurants,NASDAQ,59.89,526471,1274085760,2.685,64.9,46.88,-1.8667,34.46,55.08,56.7,50.57,0.0,58.75,3,74.6,28.46,-19.72,0.0,,8,,20260908
AVR,Anteris Technologies Global Corp.,Healthcare,Medical Devices,NASDAQ,9.04,1071609,881024576,0.4325,8.93,6.89,0.2553,-10.92,30.65,106.6,50.64,0.0,65.0,2,11.05,3.3,-18.23,0.0,,8,,20260908
MCBS,"MetroCity Bankshares, Inc.",Financial Services,Banks - Regional,NASDAQ,35.79,86000,1030080192,0.7962,35.61,30.76,0.2255,2.12,13.29,3.83,6.71,0.0,85.0,2,37.46,24.53,-4.46,0.0,,8,,20260908
UELKY,Ülker Bisküvi Sanayi A.S.,Consumer Defensive,Confectioners,PNK,18.82,36,695021440,0.3879,23.66,24.86,-12.4807,-31.37,-42.11,-44.77,-40.49,0.0,0.0,4,29.12,17.0,-35.37,0.0,,8,,20260908
LIFNF,Lifenet Insurance Company,Financial Services,Insurance - Life,PNK,11.61,0,932751104,0.0003,11.61,10.97,0.0,-4.69,-22.28,242.85,88.17,0.0,62.0,3,12.5,3.2,-7.12,0.0,,8,,20260908
UTL,Unitil Corporation,Utilities,Utilities - Diversified,NYSE,53.71,132093,979491712,1.0558,53.5,50.88,0.2036,1.07,-12.1,1.68,-3.3,0.0,88.75,2,57.26,44.61,-6.2,0.0,,8,,20260908
RHLD,"Resolute Holdings Management, Inc.",Industrials,Specialty Business Services,NYSE,136.59,169266,1068078464,8.2699,134.23,156.72,0.2858,10.4,-31.5,79.26,23.28,0.0,65.0,3,236.19,63.7,-42.17,0.0,,8,,20260908
CBGPY,Close Brothers Group plc,Financial Services,Banks - Regional,PNK,11.58,53,872668672,0.019,11.32,12.03,13.8993,-6.06,-27.96,-27.7,-22.38,0.0,37.0,3,14.33,9.04,-19.19,0.0,,8,,20260908
AZTA,"Azenta, Inc.",Healthcare,Medical Instruments & Supplies,NASDAQ,31.33,721139,1372516864,1.5087,29.73,28.31,1.0616,33.38,13.77,-13.83,7.63,0.0,91.25,2,41.73,15.93,-24.92,0.0,,8,,20260908
BOW,Bowhead Specialty Holdings Inc.,Financial Services,Insurance - Property & Casualty,NYSE,33.65,297495,1108532096,0.4127,32.23,27.21,3.4453,25.99,26.17,-14.97,9.67,0.0,85.0,2,35.07,21.21,-4.05,0.0,,8,,20260908
MGLUY,Magazine Luiza S.A.,Consumer Cyclical,Specialty Retail,PNK,4.96,1094,961826240,0.2493,3.62,5.74,5.3654,12.42,-42.44,-27.18,-22.62,0.0,32.5,3,8.58,2.88,-42.2,0.0,,8,,20260908
PML,PIMCO Municipal Income Fund II,Financial Services,Asset Management,NYSE,7.24,377382,0,0.0632,7.38,7.38,-2.1884,-5.81,-18.35,-13.49,-13.27,0.0,27.75,4,8.01,7.19,-9.61,0.0,,8,,20260908
CGJTF,Cargojet Inc.,Industrials,Airlines,PNK,57.3,8236,848031936,0.746,61.5,61.45,-5.6303,-7.68,-28.31,-39.6,-27.67,0.0,40.75,3,73.72,46.64,-22.27,0.0,,8,,20260908
MJDLF,Major Drilling Group International Inc.,Basic Materials,Other Industrial Metals & Mining,PNK,11.57,37934,951473856,0.4005,11.01,11.24,1.3922,-8.2,-21.32,39.62,6.34,0.0,86.25,3,13.56,6.68,-14.68,0.0,,8,,20260908
RFAFF,RFA Financial Inc.,Real Estate,Real Estate Services,OQX,19.08,854,873163200,0.0859,18.96,8.86,1.4653,170.78,409.05,324.3,315.58,0.0,75.0,2,20.3,4.2,-6.0,0.0,,8,,20260908
PAKTY,PT Map Aktif Adiperkasa Tbk,Consumer Cyclical,Specialty Retail,PNK,1.23,0,1752995968,0.0003,1.23,0.9,1.4873,-4.33,55.14,52.28,39.13,0.0,75.0,2,2.5,0.72,-50.8,0.0,,8,,20260908
SPTX,"Seaport Therapeutics, Inc.",Healthcare,Biotechnology,NASDAQ,24.86,161812,1330769536,1.8972,22.31,24.86,1.3431,46.52,18.15,18.15,25.25,0.0,85.0,3,28.38,14.85,-12.4,0.0,,8,,20260908
AMC,"AMC Entertainment Holdings, Inc.",Communication Services,Entertainment,NYSE,2.65,40796226,2365402368,0.1762,2.37,1.79,1.5967,43.35,111.34,-22.54,40.79,0.0,86.25,2,3.18,0.93,-16.67,0.0,,8,,20260908
INR,"Infinity Natural Resources, Inc.",Energy,Oil & Gas E&P,NYSE,15.61,325101,291002048,0.576,13.61,14.89,3.4703,13.92,-31.05,-13.05,-12.61,0.0,90.0,3,19.59,11.13,-20.3,0.0,,8,,20260908
MYN,"BlackRock MuniYield New York Quality Fund, Inc.",Financial Services,Asset Management,NYSE,9.47,151814,362826080,0.0914,9.81,9.71,-3.7759,-8.34,-17.31,-12.39,-13.1,0.0,31.5,4,10.26,9.45,-7.7,0.0,,8,,20260908
POGHF,Pilot Corporation,Industrials,Business Equipment & Supplies,PNK,13.56,61,1423405440,0.3499,10.89,-2.2,7.6127,-244.92,-268.78,17.68,-148.23,0.0,75.0,2,32.45,8.77,-58.23,0.0,,8,,20260908
PCRX,"Pacira BioSciences, Inc.",Healthcare,Drug Manufacturers - Specialty & Generic,NASDAQ,26.35,562638,1050360768,0.7542,25.43,23.83,1.2255,11.13,4.62,-21.39,-4.16,0.0,90.0,2,27.66,18.8,-4.74,0.0,,8,,20260908
PHAR,Pharming Group N.V.,Healthcare,Biotechnology,NASDAQ,11.23,13187,794838336,0.5063,12.33,15.08,-2.1656,-15.15,-42.42,-44.44,-36.41,0.0,13.75,4,21.34,9.62,-47.38,0.0,,8,,20260908
PMT,PennyMac Mortgage Investment Trust,Real Estate,REIT - Mortgage,NYSE,9.64,1490493,0,0.2122,9.73,10.77,-0.4278,-6.23,-27.95,-31.99,-24.13,0.0,19.5,4,13.81,9.05,-30.2,0.0,,8,,20260908
PMTU,PennyMac Mortgage Investment Tr,Unknown,Unknown,NYSE,25.75,2171,0,0.156,25.66,24.97,0.5806,-2.99,-11.02,-11.07,-9.03,0.0,85.0,2,26.26,25.02,-1.94,0.0,,8,,20260908
NRGV,"Energy Vault Holdings, Inc.",Utilities,Utilities - Renewable,NYSE,3.84,5262255,698263936,0.3116,3.52,4.09,1.0392,-34.49,12.0,65.54,21.79,0.0,50.75,3,6.64,1.73,-42.21,0.0,,8,,20260908
IDWM,"IDW Media Holdings, Inc.",Communication Services,Publishing,OQB,41.28,26,11937185,0.3025,34.33,33.83,22.9645,22.32,11.66,-16.77,2.96,0.0,75.0,2,41.28,32.0,-0.0,0.0,,8,,20260908
PPTDF,PeptiDream Inc.,Healthcare,Biotechnology,PNK,7.0,134,899974080,0.0657,6.33,8.38,10.2505,1.37,-35.25,-56.9,-34.76,0.0,51.25,3,12.85,5.88,-45.53,0.0,,8,,20260908
BFST,"Business First Bancshares, Inc.",Financial Services,Banks - Regional,NASDAQ,31.84,251682,1036388288,0.5144,31.12,28.23,1.3996,7.74,5.5,6.99,6.66,0.0,86.25,2,32.52,22.56,-2.11,0.0,,8,,20260908
CCOI,"Cogent Communications Holdings, Inc.",Communication Services,Telecom Services,NASDAQ,10.05,1518382,514718144,0.9158,11.54,18.18,-1.6283,-44.86,-71.45,-92.41,-73.19,0.0,13.75,4,45.69,8.88,-78.0,0.0,,8,,20260908
VYX,NCR Voyix Corporation,Technology,Information Technology Services,NYSE,9.14,2425533,1261958912,0.5057,8.29,8.34,1.6908,27.58,1.28,-47.54,-11.68,0.0,91.25,3,13.5,6.02,-32.3,0.0,,8,,20260908
CCNE,CNB Financial Corporation,Financial Services,Banks - Regional,NASDAQ,34.91,171528,1034065024,0.7186,34.13,29.86,1.0901,8.37,13.4,16.11,13.22,0.0,88.75,2,36.17,22.8,-3.48,0.0,,8,,20260908
CCNEP,CNB Financial Corporation,Financial Services,Banks - Regional,NASDAQ,25.02,1068,0,0.1312,24.7,24.16,2.4755,-0.76,-12.26,-12.32,-9.41,0.0,81.25,2,25.5,23.57,-1.88,0.0,,8,,20260908
ROOT,"Root, Inc.",Financial Services,Insurance - Property & Casualty,NASDAQ,56.59,251888,876763136,2.8527,57.23,59.41,-0.2251,1.0,2.79,-59.71,-22.66,0.0,64.0,4,104.47,40.91,-45.83,0.0,,8,,20260908
FMCB,Farmers & Merchants Bancorp,Financial Services,Banks - Regional,OQX,1435.0,146,992939648,23.7108,1377.48,1230.14,2.4258,4.43,8.11,20.31,12.07,0.0,88.75,2,1540.0,985.25,-6.82,0.0,,8,,20260908
RPC,"Ridgepost Capital, Inc",Financial Services,Asset Management,NYSE,8.5,520741,937026752,0.3156,8.42,8.61,0.2521,1.12,-3.87,-49.02,-20.68,0.0,72.0,3,12.54,6.79,-32.24,0.0,,8,,20260908
CPF,Central Pacific Financial Corp.,Financial Services,Banks - Regional,NYSE,38.19,156592,983294400,0.8008,38.18,33.78,0.0093,4.7,8.12,5.66,6.28,0.0,83.75,2,40.99,27.38,-6.83,0.0,,8,,20260908
TRON,Tron Inc.,Consumer Cyclical,Leisure,NCM,1.48,974857,702085504,0.173,1.59,1.74,-0.6591,-20.12,-13.79,-77.68,-40.93,0.0,36.25,4,4.65,1.12,-68.17,0.0,,8,,20260908
EVC,Entravision Communications Corporation,Communication Services,Advertising Agencies,NYSE,8.42,1780511,777067520,0.5307,10.37,5.93,-3.6702,-8.16,133.64,235.36,138.88,0.0,31.25,3,13.74,1.95,-38.72,0.0,,8,,20260908
SLI,Standard Lithium Ltd.,Basic Materials,Other Industrial Metals & Mining,NYSE,2.42,1772711,597217664,0.1553,2.38,3.72,0.2459,-34.95,-58.88,-35.65,-43.6,0.0,32.5,3,6.4,1.91,-62.19,0.0,,8,,20260908
PHGUF,Pharming Group N.V.,Healthcare,Biotechnology,PNK,1.1,5130,778559360,0.005,1.22,1.49,-24.5039,-11.47,-42.31,-39.67,-33.55,0.0,0.0,4,2.17,1.1,-49.31,0.0,,8,,20260908
PHAT,"Phathom Pharmaceuticals, Inc.",Healthcare,Biotechnology,NASDAQ,9.5,1255396,768558912,0.5534,10.05,12.07,-0.9963,-10.91,-26.12,-40.8,-28.19,0.0,11.25,4,18.31,8.21,-48.12,0.0,,8,,20260908
BAGFF,A.G. BARR p.l.c.,Consumer Defensive,Beverages - Non-Alcoholic,PNK,8.44,23,936634560,0.0005,8.44,8.38,0.0,-0.75,-11.94,-25.65,-14.63,0.0,75.0,3,9.15,6.6,-7.76,0.0,,8,,20260908
OCINF,OCI N.V.,Basic Materials,Agricultural Inputs,PNK,4.74,126,999995648,0.0338,4.63,4.21,3.2956,1.82,2.75,-36.37,-13.13,0.0,75.0,2,5.67,3.36,-16.4,0.0,,8,,20260908
MBWM,Mercantile Bank Corporation,Financial Services,Banks - Regional,NASDAQ,62.14,132438,1074147584,1.3729,59.02,52.38,2.2718,13.9,10.04,11.29,11.51,0.0,88.75,2,62.39,42.75,-0.4,0.0,,8,,20260908
HTD,John Hancock Tax-Advantaged Dividend Income Fund,Financial Services,Asset Management,NYSE,25.16,61868,891464704,0.2924,25.44,24.35,-0.9431,-2.99,-12.79,-9.04,-8.84,0.0,78.25,3,26.35,23.15,-4.52,0.0,,8,,20260908
ACNFF,Acomo N.V.,Consumer Defensive,Food Distribution,PNK,28.1,197,834661248,0.1691,26.87,28.2,7.2855,6.48,-21.23,-4.32,-7.54,0.0,62.0,3,33.6,25.46,-16.37,0.0,,8,,20260908
NRK,Nuveen New York AMT-Free Quality Municipal Income Fund,Financial Services,Asset Management,NYSE,10.0,257606,872353024,0.1598,10.38,10.06,-2.3488,-7.39,-15.81,-6.14,-9.84,0.0,31.5,4,10.9,9.7,-8.26,0.0,,8,,20260908
HAFC,Hanmi Financial Corporation,Financial Services,Banks - Regional,NASDAQ,32.06,248184,950555200,0.5403,31.8,28.72,0.4896,1.6,11.58,11.7,9.13,0.0,86.25,2,33.5,22.85,-4.3,0.0,,8,,20260908
GDRX,"GoodRx Holdings, Inc.",Healthcare,Health Information Services,NASDAQ,3.48,1385773,1187185920,0.1456,3.28,2.69,1.3563,26.63,37.48,-38.66,4.31,0.0,87.5,2,5.81,1.77,-40.1,0.0,,8,,20260908
FSBC,Five Star Bancorp,Financial Services,Banks - Regional,NASDAQ,46.96,179969,1152239360,1.0839,47.04,40.84,-0.0783,5.05,10.64,25.31,15.11,0.0,77.0,3,50.26,30.68,-6.57,0.0,,8,,20260908
JBSS,"John B. Sanfilippo & Son, Inc.",Consumer Defensive,Packaged Foods,NASDAQ,72.43,134546,846675904,2.501,80.66,75.62,-3.2901,-6.38,-16.99,0.41,-7.38,0.0,49.5,3,92.08,59.07,-21.34,0.0,,8,,20260908
SCSC,"ScanSource, Inc.",Technology,Electronics & Computer Distribution,NASDAQ,58.48,250130,1188578432,2.4275,54.56,44.2,1.6143,20.5,46.44,10.86,25.72,0.0,90.0,2,66.78,33.76,-12.43,0.0,,8,,20260908
PSIX,"Power Solutions International, Inc.",Industrials,Specialty Industrial Machinery,NCM,40.49,441004,933920128,2.2278,35.01,55.99,2.4606,2.96,-37.51,-73.38,-41.74,0.0,32.5,3,119.7,25.28,-66.17,0.0,,8,,20260908
MOMO,Hello Group Inc.,Communication Services,Internet Content & Information,NASDAQ,5.37,689519,709999616,0.1618,5.83,6.07,-2.8548,-8.97,-23.84,-52.6,-31.62,0.0,35.0,4,8.59,5.05,-37.51,0.0,,8,,20260908
DRMTY,Dr. Martens plc,Consumer Cyclical,Footwear & Accessories,PNK,1.95,502,933203072,0.0364,1.95,1.95,0.0,6.76,6.76,6.76,6.76,0.0,62.0,3,2.47,1.8,-21.05,0.0,,8,,20260908
ARHS,"Arhaus, Inc.",Consumer Cyclical,Specialty Retail,NASDAQ,8.73,1326966,1235644672,0.4486,8.5,8.34,0.5076,33.22,4.74,-39.47,-5.82,0.0,82.5,2,12.08,5.57,-27.73,0.0,,8,,20260908
AIO,Virtus Artificial Intelligence & Technology Opportunities Fund,Financial Services,Asset Management,NYSE,25.96,71961,894037440,0.4694,26.06,23.51,-0.2111,-3.86,7.31,2.86,2.74,0.0,47.0,3,28.6,20.91,-9.23,0.0,,8,,20260908
ETON,"Eton Pharmaceuticals, Inc.",Healthcare,Drug Manufacturers - Specialty & Generic,NASDAQ,58.45,549446,1670684288,3.2684,47.74,28.28,3.2766,95.96,232.76,207.12,188.3,0.0,86.25,2,66.37,14.27,-11.93,0.0,,8,,20260908
NOPMF,Neo Performance Materials Inc.,Basic Materials,Specialty Chemicals,OQX,22.82,66082,1053997568,1.6805,26.15,19.28,-1.9872,-1.69,10.29,68.83,30.71,0.0,58.75,3,34.99,11.1,-34.8,0.0,,8,,20260908
BBDC,"Barings BDC, Inc.",Financial Services,Asset Management,NYSE,9.02,723826,944456128,0.1803,8.59,8.24,2.4092,6.57,1.04,-12.03,-2.8,0.0,87.5,2,9.54,7.96,-5.45,0.0,,8,,20260908
EVTZF,Evertz Technologies Limited,Technology,Communication Equipment,PNK,11.16,715,843819200,0.1243,12.07,11.01,-7.3078,-8.5,-17.07,31.12,4.35,0.0,25.0,3,14.72,8.65,-24.16,0.0,,8,,20260908
AMPL,"Amplitude, Inc.",Technology,Software - Application,NCM,13.02,2225687,1726702720,0.6502,10.73,8.87,3.5262,65.28,50.7,-0.41,33.9,0.0,90.0,2,14.76,5.51,-11.79,0.0,,8,,20260908
PSNL,"Personalis, Inc.",Healthcare,Diagnostics & Research,NASDAQ,17.2,4113587,1836957824,0.8383,14.53,9.89,3.1804,55.31,104.23,217.95,137.49,0.0,90.0,2,18.89,4.96,-8.95,0.0,,8,,20260908
SBNC,"Southern BancShares (N.C.), Inc.",Financial Services,Banks - Regional,OID,13250.0,1,1006244736,62.7814,12900.41,11804.54,5.5683,7.65,-3.23,24.36,10.53,0.0,75.0,2,13500.0,9100.0,-1.85,0.0,,8,,20260908
SBNCM,"Southern BancShares (N.C.), Inc.",Financial Services,Banks - Regional,OID,11.75,13,0,0.0891,12.87,12.81,-12.6184,-11.06,-24.83,-29.94,-23.43,0.0,37.0,4,14.5,11.75,-18.97,0.0,,8,,20260908
JANX,"Janux Therapeutics, Inc.",Healthcare,Biotechnology,NASDAQ,20.24,1011923,1237408256,0.705,16.57,15.58,5.2001,46.8,31.09,-35.42,8.41,0.0,92.5,2,35.34,12.12,-42.73,0.0,,8,,20260908
SCHL,Scholastic Corporation,Communication Services,Publishing,NASDAQ,35.66,346226,672639488,1.3971,42.51,37.22,-4.9009,-21.54,-15.1,27.44,0.31,0.0,20.75,4,48.07,22.69,-25.82,0.0,,8,,20260908
AMTB,Amerant Bancorp Inc.,Financial Services,Banks - Regional,NYSE,29.68,374619,1163154944,0.6843,27.75,23.12,2.8196,26.0,24.91,19.36,22.96,0.0,90.0,2,30.6,15.62,-3.01,0.0,,8,,20260908
DRTS,Alpha Tau Medical Ltd.,Healthcare,Biotechnology,NCM,15.03,687458,1389946624,0.6905,13.3,8.78,2.5105,56.05,119.32,310.69,180.05,0.0,85.0,2,15.17,3.43,-0.92,0.0,,8,,20260908
BH,Biglari Holdings Inc.,Consumer Cyclical,Restaurants,NYSE,383.75,135447,1222043392,16.7346,391.52,350.41,-0.4642,26.04,10.83,3.47,11.69,0.0,73.25,3,483.6,234.92,-20.65,0.0,,8,,20260908
BDIMF,Black Diamond Group Limited,Industrials,Rental & Leasing Services,OQX,12.5,14825,853862528,0.1895,13.2,12.2,-3.6987,-12.22,-11.3,32.36,5.93,0.0,31.25,3,15.35,8.29,-18.57,0.0,,8,,20260908
AWF,AllianceBernstein Global High Income Fund,Financial Services,Asset Management,NYSE,10.03,298431,864883648,0.0573,10.04,10.02,-0.2235,-3.33,-12.52,-23.63,-14.67,0.0,68.25,3,11.43,9.85,-12.25,0.0,,8,,20260908
MDCKF,CHAPTERS Group AG,Technology,Software - Application,PNK,52.11,12005,1242414592,1.2163,48.6,41.45,2.8831,40.4,41.73,-0.64,24.45,0.0,76.25,2,56.3,30.18,-7.44,0.0,,8,,20260908
PMETF,PMET Resources Inc.,Basic Materials,Other Industrial Metals & Mining,OQX,3.33,34411,619189504,0.185,3.46,3.93,-0.7142,-31.6,-21.46,8.61,-11.97,0.0,27.0,4,5.93,2.17,-43.84,0.0,,8,,20260908
SHEN,Shenandoah Telecommunications Company,Communication Services,Telecom Services,NASDAQ,12.59,456538,697041344,0.5182,12.68,13.48,-0.1768,-26.59,-32.76,-23.06,-27.34,0.0,32.75,4,17.35,9.67,-27.44,0.0,,8,,20260908
TRST,TrustCo Bank Corp NY,Financial Services,Banks - Regional,NASDAQ,57.92,129298,986246656,1.1534,55.76,47.63,1.8752,6.34,18.88,28.23,19.48,0.0,87.5,2,58.98,34.31,-1.8,0.0,,8,,20260908
NEWP,New Pacific Metals Corp.,Basic Materials,Silver,NYSE,6.17,722630,1145101952,0.4161,5.37,4.51,1.9344,40.82,18.39,194.83,94.58,0.0,88.75,2,7.55,1.98,-18.28,0.0,,8,,20260908
SHMWF,"ShinMaywa Industries, Ltd.",Industrials,Conglomerates,PNK,13.3,0,879706496,0.0007,13.3,0.02,0.0,-4.69,-185.23,-40.59,-82.24,0.0,62.0,3,19.18,11.74,-30.66,0.0,,8,,20260908
OMZNF,Osisko Metals Incorporated,Basic Materials,Other Industrial Metals & Mining,OQX,1.16,152846,1041930816,0.0531,1.22,0.96,-1.0027,-1.69,12.76,268.03,111.26,0.0,72.0,3,1.42,0.28,-17.77,0.0,,8,,20260908
MFIC,MidCap Financial Investment Corporation,Financial Services,Asset Management,NASDAQ,9.62,553346,792424640,0.195,9.75,10.44,-0.6431,-10.12,-16.9,-36.88,-23.2,0.0,32.75,4,13.11,9.28,-26.62,0.0,,8,,20260908
METCB,"Ramaco Resources, Inc.",Basic Materials,Coking Coal,NASDAQ,6.86,75094,434843328,0.5698,7.22,10.3,-0.6298,-46.65,-56.36,-76.5,-61.99,0.0,25.75,4,21.59,5.8,-68.22,0.0,,8,,20260908
METC,"Ramaco Resources, Inc.",Basic Materials,Coking Coal,NASDAQ,13.2,1934280,836724736,1.1316,11.76,15.14,1.2729,-20.35,-21.0,-67.12,-39.29,0.0,42.5,3,57.8,8.56,-77.16,0.0,,8,,20260908
INMD,InMode Ltd.,Healthcare,Medical Devices,NASDAQ,14.91,609098,857983616,0.2165,15.06,14.37,-0.6864,5.42,-2.46,-16.5,-6.1,0.0,70.75,3,16.74,12.72,-10.93,0.0,,8,,20260908
ANNX,"Annexon, Inc.",Healthcare,Biotechnology,NASDAQ,4.87,3499950,923250368,0.2826,5.38,5.39,-1.7967,-12.63,-20.78,106.55,32.19,0.0,48.25,3,7.18,2.1,-32.17,0.0,,8,,20260908
CLDHF,CapitaLand China Trust,Real Estate,REIT - Retail,PNK,0.49,136,861003648,0.0006,0.48,0.53,25.2513,-0.5,-29.54,-27.42,-21.43,0.0,62.0,3,0.62,0.49,-21.6,0.0,,8,,20260908
BSLAF,Basler Aktiengesellschaft,Technology,Consumer Electronics,PNK,28.39,7,873206272,0.127,30.72,21.88,-18.376,-3.3,29.97,56.41,32.23,0.0,37.0,3,35.1,14.9,-19.12,0.0,,8,,20260908
ABX,"Abacus Global Management, Inc.",Financial Services,Insurance - Life,NYSE,9.61,601703,939783488,0.4234,10.2,8.98,-1.4049,5.01,-17.39,31.95,7.95,0.0,61.25,3,12.44,5.0,-22.75,0.0,,8,,20260908
NXP,Nuveen Select Tax-Free Income Portfolio,Financial Services,Asset Management,NYSE,14.02,141042,0,0.095,14.22,14.03,-2.1476,-4.49,-16.05,-15.35,-12.88,0.0,55.25,3,14.65,13.89,-4.3,0.0,,8,,20260908
PTVLF,Pet Valu Holdings Ltd.,Consumer Cyclical,Specialty Retail,PNK,13.59,13900,913470592,0.1284,13.55,16.37,0.3038,-3.86,-37.4,-68.73,-41.55,0.0,50.0,3,28.11,12.23,-51.65,0.0,,8,,20260908
CRTO,Criteo S.A.,Communication Services,Advertising Agencies,NASDAQ,17.62,447020,863337024,0.8017,19.71,18.97,-2.6062,-5.31,-25.9,-44.67,-28.26,0.0,45.75,4,25.29,15.57,-30.33,0.0,,8,,20260908
CAPL,CrossAmerica Partners LP,Energy,Oil & Gas Refining & Marketing,NYSE,22.85,41707,872258944,0.5716,22.33,20.92,0.9046,1.2,-8.37,-0.0,-2.63,0.0,86.25,2,24.63,19.67,-7.23,0.0,,8,,20260908
LOT,Lotus Technology Inc.,Consumer Cyclical,Auto Manufacturers,NASDAQ,1.15,252212,745354560,0.0939,1.04,1.21,1.1251,-9.65,-11.55,-64.41,-32.22,0.0,49.5,3,2.28,0.81,-49.56,0.0,,8,,20260908
DOCMF,Dr. Martens plc,Consumer Cyclical,Footwear & Accessories,PNK,1.09,3750,1038487552,0.01,1.05,0.95,3.2078,9.37,9.41,-28.73,-5.86,0.0,75.0,2,1.35,0.81,-19.93,0.0,,8,,20260908
PXMFF,Philex Mining Corporation,Basic Materials,Other Industrial Metals & Mining,PNK,0.21,25896,1350351744,0.0037,0.14,0.14,18.054,36.64,37.24,208.98,105.78,0.0,76.25,2,0.22,0.08,-4.1,0.0,,8,,20260908
JMIA,Jumia Technologies AG,Consumer Cyclical,Internet Retail,NYSE,7.29,1796633,974132352,0.3348,6.51,8.59,2.3274,6.77,-19.23,-30.96,-17.42,0.0,37.5,3,14.72,5.69,-50.48,0.0,,8,,20260908
WWLNF,Worldline SA,Technology,Software - Infrastructure,PNK,11.6,39,656070272,0.0137,11.69,15.36,-6.4088,-29.61,-51.72,-86.98,-60.3,0.0,12.0,4,36.02,8.04,-67.79,0.0,,8,,20260908
PCN,PIMCO Corporate & Income Strategy Fund,Financial Services,Asset Management,NYSE,11.73,324865,887855424,0.0885,11.66,11.65,0.8282,-1.5,-14.54,-20.07,-13.49,0.0,85.0,2,13.49,11.4,-13.05,0.0,,8,,20260908
CODI,Compass Diversified,Industrials,Conglomerates,NYSE,11.67,801269,878003776,0.4803,10.88,8.74,1.6535,4.99,69.2,40.12,41.51,0.0,83.75,2,13.25,4.58,-11.92,0.0,,8,,20260908
ORIC,"ORIC Pharmaceuticals, Inc.",Healthcare,Biotechnology,NASDAQ,12.86,1562879,1332973184,0.7049,12.18,10.66,0.965,66.77,-21.36,-0.56,8.99,0.0,90.0,2,14.93,7.23,-13.86,0.0,,8,,20260908
AVTX,"Avalo Therapeutics, Inc.",Healthcare,Biotechnology,NCM,19.23,1232334,1031304640,0.9655,19.1,16.92,0.1295,42.1,-4.06,69.31,36.82,0.0,86.25,2,24.27,9.54,-20.77,0.0,,8,,20260908
ABUS,Arbutus Biopharma Corporation,Healthcare,Biotechnology,NASDAQ,5.15,2914869,1020244608,0.1562,4.75,4.49,2.5438,16.48,-1.47,8.46,6.99,0.0,91.25,2,5.45,3.5,-5.5,0.0,,8,,20260908
DMPZF,Domino's Pizza Group plc,Consumer Cyclical,Restaurants,PNK,2.65,1456,1010068160,0.0044,2.53,2.33,26.4597,3.22,3.06,-20.75,-6.42,0.0,75.0,2,2.8,2.2,-5.36,0.0,,8,,20260908
STBGY,Scandinavian Tobacco Group A/S,Consumer Defensive,Tobacco,PNK,6.0,416,945144000,0.0781,5.3,5.9,8.9408,9.16,7.7,-29.81,-6.94,0.0,75.0,3,8.0,4.85,-25.0,0.0,,8,,20260908
BCSF,"Bain Capital Specialty Finance, Inc.",Financial Services,Asset Management,NYSE,11.82,361093,766745728,0.2746,12.47,12.54,-2.3701,-9.17,-15.25,-33.04,-20.84,0.0,17.0,4,15.75,11.5,-24.95,0.0,,8,,20260908
CRF,"Cornerstone Total Return Fund, Inc.",Financial Services,Asset Management,NYSE,6.46,1380579,1099903360,0.0956,6.83,6.81,-3.8612,-10.41,-16.45,-21.61,-17.0,0.0,23.25,4,8.25,6.34,-21.7,0.0,,8,,20260908
GUNGF,"GungHo Online Entertainment, Inc.",Communication Services,Electronic Gaming & Multimedia,PNK,15.8,0,827396800,0.0015,15.8,6.97,0.0,-4.69,-40.45,-142.91,-72.5,0.0,62.0,3,21.15,15.8,-25.3,0.0,,8,,20260908
ARKO,Arko Corp.,Consumer Cyclical,Specialty Retail,NCM,4.89,959996,548588160,0.2846,6.51,6.04,-5.6845,-38.99,-32.91,-17.46,-28.25,0.0,10.0,4,8.76,3.71,-44.15,0.0,,8,,20260908
MGTX,MeiraGTx Holdings plc,Healthcare,Biotechnology,NASDAQ,13.89,843565,1334037248,0.6953,13.18,9.72,1.0275,49.64,83.27,59.96,65.54,0.0,83.75,2,15.35,6.62,-9.51,0.0,,8,,20260908
SANA,"Sana Biotechnology, Inc.",Healthcare,Biotechnology,NASDAQ,3.85,2976530,1152538496,0.2218,3.61,3.7,1.0659,38.96,7.07,9.23,15.91,0.0,86.25,3,6.55,2.61,-41.22,0.0,,8,,20260908
LYTS,LSI Industries Inc.,Technology,Electronic Components,NASDAQ,20.23,391822,753796800,0.915,23.36,21.6,-3.4234,-14.75,-12.66,-32.11,-20.97,0.0,20.75,4,27.36,17.21,-26.06,0.0,,8,,20260908
SPIR,"Spire Global, Inc.",Industrials,Specialty Business Services,NYSE,11.98,927309,486656000,0.8985,13.72,13.44,-1.9389,-34.88,10.29,16.79,1.6,0.0,8.75,4,25.93,6.6,-53.8,0.0,,8,,20260908
LMB,"Limbach Holdings, Inc.",Industrials,Building Products & Equipment,NCM,49.86,329700,594580160,2.7209,61.29,76.75,-4.2007,-42.56,-54.42,-75.57,-59.92,0.0,11.25,4,114.95,40.74,-56.62,0.0,,8,,20260908
CGEM,"Cullinan Therapeutics, Inc.",Healthcare,Biotechnology,NASDAQ,22.09,889150,1357608320,1.0402,19.12,14.62,2.8536,58.81,25.19,199.72,103.41,0.0,91.25,2,23.19,5.68,-4.74,0.0,,8,,20260908
BFS,"Saul Centers, Inc.",Real Estate,REIT - Retail,NYSE,32.52,100520,1129387264,0.6629,34.85,32.95,-3.5111,-14.22,-17.31,-15.43,-15.79,0.0,20.75,4,38.42,29.16,-15.36,0.0,,8,,20260908
HNRG,Hallador Energy Company,Utilities,Utilities - Independent Power Producers,NCM,16.6,773874,782579712,0.7619,15.93,17.74,0.8767,-5.05,-30.85,-19.05,-19.68,0.0,52.0,3,24.7,13.65,-32.79,0.0,,8,,20260908
JBGS,JBG SMITH Properties,Real Estate,REIT - Diversified,NYSE,11.7,724549,903595584,0.4374,13.22,14.86,-3.4707,-24.94,-34.05,-64.16,-43.82,0.0,12.5,4,24.3,10.77,-51.85,0.0,,8,,20260908
AVO,"Mission Produce, Inc.",Consumer Defensive,Food Distribution,NASDAQ,12.68,1154384,1119895168,0.3752,12.88,12.83,-0.5314,19.38,-23.2,-18.12,-10.53,0.0,61.5,3,15.53,10.07,-18.35,0.0,,8,,20260908
TDVXF,Dynavox Group AB (publ),Healthcare,Medical Instruments & Supplies,PNK,7.5,588,795489536,0.0852,7.12,8.77,4.5082,-11.53,-28.35,-63.7,-38.29,0.0,51.25,3,13.33,5.51,-43.74,0.0,,8,,20260908
TBPH,"Theravance Biopharma, Inc.",Healthcare,Biotechnology,NASDAQ,17.08,642615,886772288,0.076,16.96,17.29,1.5572,0.16,10.71,1.6,4.43,0.0,75.75,3,21.03,13.08,-18.78,0.0,,8,,20260908
SMP,"Standard Motor Products, Inc.",Consumer Cyclical,Auto Parts,NYSE,41.53,153442,927792320,1.2002,38.41,38.0,2.5972,2.07,-2.26,-12.69,-5.35,0.0,62.5,2,46.0,34.27,-9.72,0.0,,8,,20260908
PHK,PIMCO High Income Fund,Financial Services,Asset Management,NYSE,4.5,850719,842350464,0.0407,4.58,4.5,-2.0294,-2.42,-16.83,-18.21,-13.78,0.0,54.0,3,5.04,4.41,-10.71,0.0,,8,,20260908
WGO,"Winnebago Industries, Inc.",Consumer Cyclical,Recreational Vehicles,NYSE,31.03,663726,877183744,1.1367,31.02,34.66,0.0086,8.71,-27.68,-31.42,-20.08,0.0,60.0,3,50.16,26.8,-38.14,0.0,,8,,20260908
SGCFF,Sagicor Financial Company Ltd.,Financial Services,Insurance - Life,PNK,6.58,3449,894004160,0.0633,6.13,6.43,7.1133,9.5,-17.58,-5.19,-5.85,0.0,77.5,3,7.65,4.32,-13.99,0.0,,8,,20260908
HRVFF,Harvia Oyj,Consumer Cyclical,Leisure,PNK,50.83,37,949921920,0.1161,47.53,45.4,28.3473,8.25,5.13,-0.54,3.64,0.0,75.0,2,50.83,37.95,0.0,0.0,,8,,20260908
XNCR,"Xencor, Inc.",Healthcare,Biotechnology,NASDAQ,26.61,1147147,1978544000,1.5608,21.06,15.14,3.5532,121.39,119.92,197.96,151.5,0.0,91.25,2,30.61,8.19,-13.07,0.0,,8,,20260908
REPX,"Riley Exploration Permian, Inc.",Energy,Oil & Gas E&P,NYSE,41.93,226539,909711104,1.2709,35.41,31.93,5.1331,17.55,14.88,32.54,22.61,0.0,92.5,2,42.11,24.08,-0.43,0.0,,8,,20260908
FMNB,Farmers National Banc Corp.,Financial Services,Banks - Regional,NCM,16.07,447687,952108480,0.2846,15.34,13.88,2.5646,9.89,14.61,-9.84,3.65,0.0,83.75,2,16.46,12.12,-2.37,0.0,,8,,20260908
MYE,"Myers Industries, Inc.",Consumer Cyclical,Packaging & Containers,NYSE,31.81,469206,1196630912,1.1827,32.44,23.99,-0.5347,30.09,34.09,75.53,49.67,0.0,69.5,3,37.45,15.54,-15.06,0.0,,8,,20260908
CRCT,"Cricut, Inc.",Technology,Computer Hardware,NASDAQ,5.54,688250,1162838400,0.2474,5.09,4.52,1.822,32.22,24.8,-21.25,8.24,0.0,88.75,2,6.93,3.73,-20.06,0.0,,8,,20260908
MATW,Matthews International Corporation,Industrials,Conglomerates,NASDAQ,21.13,512830,659534272,0.8251,24.88,25.57,-4.5397,-20.43,-31.12,-31.63,-28.65,0.0,7.5,4,30.93,20.21,-31.68,0.0,,8,,20260908
IPMLF,Imperial Metals Corporation,Basic Materials,Copper,PNK,6.71,39403,1195133440,0.2427,5.68,6.08,4.2333,47.73,-13.01,63.29,32.7,0.0,83.75,3,10.28,3.71,-34.75,0.0,,8,,20260908
UBSFY,Ubisoft Entertainment SA,Communication Services,Electronic Gaming & Multimedia,PNK,1.08,106407,734104384,0.0442,1.2,1.16,-2.6806,-6.51,6.19,-66.23,-25.95,0.0,45.75,4,2.4,0.8,-55.0,0.0,,8,,20260908
CAC,Camden National Corporation,Financial Services,Banks - Regional,NASDAQ,58.17,102058,982901248,1.9722,56.16,48.96,1.0216,11.4,13.57,27.11,18.45,0.0,87.5,2,60.59,35.0,-3.99,0.0,,8,,20260908
AGNT,"AGNT, Inc",Real Estate,Real Estate Services,NASDAQ,4.03,1419319,673485312,0.2246,4.42,6.52,-1.7168,-18.9,-51.24,-81.77,-55.37,0.0,8.75,4,12.23,3.69,-67.04,0.0,,8,,20260908
WRDLY,Worldline SA,Technology,Software - Infrastructure,PNK,8.53,538,964875712,0.2377,6.63,3.42,7.9944,7.54,2144.1,1061.56,1176.94,0.0,78.75,2,72.4,0.27,-88.22,0.0,,8,,20260908
OMER,Omeros Corporation,Healthcare,Biotechnology,NASDAQ,18.95,2058126,1371758720,0.875,13.5,12.14,6.2248,88.87,49.06,333.38,172.74,0.0,92.5,2,19.65,3.94,-3.56,0.0,,8,,20260908
RYSKF,Reysas Tasimacilik ve Lojistik Ticaret A.S.,Industrials,Integrated Freight & Logistics,PNK,0.54,35728,1088999936,0.0213,0.48,0.44,2.9446,-10.82,14.49,16.16,8.83,0.0,53.75,2,0.63,0.31,-13.63,0.0,,8,,20260908
ODTX,"Odyssey Therapeutics, Inc.",Healthcare,Biotechnology,NCM,28.76,261080,1382163328,1.9214,20.49,28.76,4.3044,70.35,70.47,70.47,70.44,0.0,91.25,3,29.05,15.1,-1.0,0.0,,8,,20260908
BRBI,BRBI BR Partners S.A.,Financial Services,Capital Markets,NCM,10.91,620,286375776,0.2271,10.7,13.07,0.9125,-10.43,-35.4,-67.95,-42.18,0.0,33.75,3,67.01,9.09,-83.72,0.0,,8,,20260908
FREKF,freee K.K.,Technology,Software - Application,PNK,20.78,1128,1233945344,0.1476,16.25,15.27,30.6516,55.77,41.49,-8.6,25.02,0.0,76.25,2,25.75,10.2,-19.3,0.0,,8,,20260908
EVMN,"Evommune, Inc.",Healthcare,Biotechnology,NYSE,12.27,787846,445304224,0.8003,13.14,19.92,-1.0896,-43.1,-68.85,-55.2,-56.95,0.0,8.75,4,33.2,10.47,-63.04,0.0,,8,,20260908
NBBK,"NB Bancorp, Inc.",Financial Services,Banks - Regional,NCM,23.16,309025,1014836160,0.5254,22.04,20.92,2.1244,11.86,-4.31,2.75,2.56,0.0,88.75,2,23.47,16.84,-1.32,0.0,,8,,20260908
CRSR,"Corsair Gaming, Inc.",Technology,Computer Hardware,NASDAQ,12.72,1891060,1376011008,0.6719,10.88,7.59,2.7446,36.48,98.63,22.0,52.44,0.0,85.0,2,14.98,4.48,-15.08,0.0,,8,,20260908
GERN,Geron Corporation,Healthcare,Biotechnology,NASDAQ,1.57,11814309,1008683264,0.0901,1.47,1.44,1.1603,29.49,-12.54,-6.2,0.5,0.0,85.0,2,2.01,1.04,-21.89,0.0,,8,,20260908
MSBPF,"Mitsubishi Pencil Co., Ltd.",Industrials,Business Equipment & Supplies,PNK,14.66,5,733135424,0.0614,14.29,-0.25,6.1059,-277.4,-338.51,42.16,-170.96,0.0,75.0,2,17.25,12.24,-15.01,0.0,,8,,20260908
MPB,"Mid Penn Bancorp, Inc.",Financial Services,Banks - Regional,NASDAQ,37.4,163495,947537088,0.7414,36.49,33.02,1.2226,9.81,5.01,6.61,6.85,0.0,83.75,2,39.15,26.56,-4.47,0.0,,8,,20260908
JSEJF,JSE Limited,Financial Services,Financial Data & Stock Exchanges,PNK,9.6,11,797822464,0.0285,9.15,9.3,15.8131,-3.43,-28.28,17.18,-3.88,0.0,50.0,3,11.13,7.0,-13.75,0.0,,8,,20260908
WKPPF,Workspace Group Plc,Real Estate,REIT - Office,PNK,5.12,79,987324224,0.0128,4.78,5.12,27.2887,-11.4,-21.86,-26.41,-21.06,0.0,75.0,3,6.0,4.26,-14.58,0.0,,8,,20260908
CTMX,"CytomX Therapeutics, Inc.",Healthcare,Biotechnology,NASDAQ,3.71,3964222,808406336,0.1956,3.48,4.16,1.1577,18.97,-35.88,56.7,14.86,0.0,61.25,3,8.21,1.9,-54.81,0.0,,8,,20260908
NUTX,Nutex Health Inc.,Healthcare,Medical Care Facilities,NCM,193.24,142692,1323302400,10.4505,174.99,141.12,1.7463,41.05,98.89,105.05,86.89,0.0,90.0,2,204.0,80.53,-5.27,0.0,,8,,20260908
DRUG,Bright Minds Biosciences Inc.,Healthcare,Biotechnology,NCM,65.16,245566,639353920,3.7978,74.47,77.86,-2.4501,-10.26,-30.39,28.29,-1.88,0.0,31.25,3,123.75,39.7,-47.35,0.0,,8,,20260908
THFF,First Financial Corporation,Financial Services,Banks - Regional,NASDAQ,79.34,111319,943502976,1.7751,78.71,67.75,0.3569,7.74,15.36,17.08,14.14,0.0,86.25,2,84.17,51.21,-5.74,0.0,,8,,20260908
MCRUF,Morgan Advanced Materials plc,Industrials,Specialty Industrial Machinery,PNK,3.3,162,912721600,0.02,3.05,2.93,12.424,7.24,-1.76,10.34,5.33,0.0,75.0,2,3.47,2.58,-4.84,0.0,,8,,20260908
CERT,"Certara, Inc.",Healthcare,Health Information Services,NASDAQ,7.94,3852407,1211158016,0.3385,7.61,7.22,0.9725,43.16,-2.69,-44.92,-8.12,0.0,88.75,2,13.88,4.45,-42.8,0.0,,8,,20260908
OBE,Obsidian Energy Ltd.,Energy,Oil & Gas E&P,NYSE,11.82,765761,788696192,0.5601,10.1,9.12,3.0634,2.18,23.58,75.73,39.09,0.0,86.25,2,14.59,5.44,-18.99,0.0,,8,,20260908
WEST,Westrock Coffee Company,Consumer Defensive,Packaged Foods,NASDAQ,7.75,569979,756612224,0.3926,7.91,6.06,-0.3996,-1.91,83.56,23.02,37.98,0.0,48.25,3,10.19,3.59,-23.95,0.0,,8,,20260908
TSAT,Telesat Corporation,Technology,Communication Equipment,NASDAQ,44.9,254212,2306843904,3.1634,44.43,39.44,0.1472,-3.93,30.43,86.57,44.3,0.0,70.75,2,61.54,20.81,-27.04,0.0,,8,,20260908
EPC,Edgewell Personal Care Company,Consumer Defensive,Household & Personal Products,NYSE,28.87,786723,1330587008,1.1236,27.97,21.78,0.7968,41.66,22.47,5.31,20.4,0.0,86.25,2,29.95,15.73,-3.61,0.0,,8,,20260908
NX,Quanex Building Products Corporation,Industrials,Building Products & Equipment,NYSE,22.93,384395,1050794944,1.1104,19.1,18.01,3.4505,44.71,18.25,-8.14,14.31,0.0,83.75,2,23.23,11.04,-1.29,0.0,,8,,20260908
CPPTL,Copper Property CTL Pass Through Trust,Unknown,Unknown,PNK,10.91,29384,0,0.151,10.7,10.72,1.3622,-0.34,-6.43,-28.94,-13.91,0.0,87.5,3,12.63,10.36,-13.62,0.0,,8,,20260908
AMPH,"Amphastar Pharmaceuticals, Inc.",Healthcare,Drug Manufacturers - Specialty & Generic,NASDAQ,23.18,482388,986029568,0.7598,20.56,22.52,3.4536,12.73,4.7,-40.56,-11.39,0.0,90.0,3,29.52,16.65,-21.48,0.0,,8,,20260908
QDEL,QuidelOrtho Corporation,Healthcare,Medical Devices,NASDAQ,13.97,1524644,957998720,1.0006,15.97,19.45,-1.9945,-7.21,-48.09,-69.7,-46.51,0.0,38.75,4,35.58,9.92,-60.74,0.0,,8,,20260908
HDL,Super Hi International Holding Ltd.,Consumer Cyclical,Restaurants,NASDAQ,12.5,814,748989888,0.2298,13.13,14.91,-2.7553,-8.39,-39.28,-53.48,-37.24,0.0,40.75,4,19.36,12.0,-35.42,0.0,,8,,20260908
IMSR,Terrestrial Energy Inc.,Utilities,Utilities - Regulated Electric,NASDAQ,5.15,1797357,665132544,0.3517,5.53,7.28,-1.0916,-36.48,-35.8,-75.18,-51.72,0.0,10.0,4,31.5,4.38,-83.65,0.0,,8,,20260908
ANZLY,Air New Zealand Limited,Industrials,Airlines,PNK,1.03,644,666113728,0.0492,1.16,1.3,-2.5759,-15.9,-49.97,-58.05,-44.69,0.0,1.25,4,2.1,1.0,-50.95,0.0,,8,,20260908
EOI,Eaton Vance Enhanced Equity Income Fund,Financial Services,Asset Management,NYSE,20.02,67707,820855040,0.2074,19.77,19.32,1.1852,0.18,-10.13,-18.74,-11.0,0.0,88.75,2,21.55,18.04,-7.1,0.0,,8,,20260908
LBRX,LB Pharmaceuticals Inc,Healthcare,Biotechnology,NASDAQ,49.34,338439,1591667712,2.3955,40.51,28.69,3.6848,68.25,92.33,166.79,116.09,0.0,85.0,2,50.16,13.36,-1.63,0.0,,8,,20260908
PFLT,PennantPark Floating Rate Capital Ltd.,Financial Services,Asset Management,NYSE,7.39,1094130,733220224,0.1489,7.2,7.91,1.2653,-10.27,-17.56,-37.55,-23.73,0.0,44.5,3,10.3,6.83,-28.25,0.0,,8,,20260908
GGN,"GAMCO Global Gold, Natural Resources & Income Trust",Financial Services,Asset Management,NYSE,5.63,588068,0,0.0824,5.13,5.12,6.1122,12.29,-10.89,5.19,1.34,0.0,86.25,2,5.88,4.63,-4.25,0.0,,8,,20260908
BTGO,"BitGo Holdings, Inc.",Financial Services,Capital Markets,NYSE,7.3,1424328,858083072,0.467,5.6,7.3,3.634,50.29,-46.99,-72.41,-32.84,0.0,85.0,3,24.5,4.65,-70.2,0.0,,8,,20260908
PSYTF,Pason Systems Inc.,Energy,Oil & Gas Equipment & Services,OQX,10.6,36803,822987072,0.229,9.46,9.28,4.959,3.21,1.15,6.1,3.64,0.0,85.0,2,11.33,7.89,-6.44,0.0,,8,,20260908
UMAC,"Unusual Machines, Inc.",Technology,Computer Hardware,NYSE,23.76,4421703,1186966528,2.3866,22.87,17.31,0.3719,-15.71,29.28,136.34,60.86,0.0,85.0,2,34.93,7.25,-31.97,0.0,,8,,20260908
GSM,Ferroglobe PLC,Basic Materials,Other Industrial Metals & Mining,NCM,4.67,1690055,0,0.2128,3.74,4.29,4.3541,16.76,-13.93,-6.64,-3.35,0.0,83.75,3,5.74,3.08,-18.64,0.0,,8,,20260908
ATXRF,ATEX Resources Inc.,Basic Materials,Gold,OQX,1.81,101059,679846976,0.0876,1.78,2.25,0.2459,-8.12,-48.38,-16.77,-25.67,0.0,35.0,3,3.47,1.5,-47.96,0.0,,8,,20260908
EIG,"Employers Holdings, Inc.",Financial Services,Insurance - Specialty,NYSE,49.65,222717,891739136,1.0593,49.58,43.73,0.0702,2.76,9.79,-1.8,3.4,0.0,86.25,2,52.59,35.73,-5.59,0.0,,8,,20260908
BPMUF,Basilea Pharmaceutica AG,Healthcare,Biotechnology,PNK,77.4,6,957952064,0.4199,65.93,66.95,27.3084,14.2,-6.14,-5.72,-0.89,0.0,75.0,3,77.4,59.29,0.0,0.0,,8,,20260908
ADAM,"Adamas Trust, Inc.",Real Estate,REIT - Mortgage,NASDAQ,9.75,871139,876327872,0.2009,9.43,8.1,1.57,7.26,14.8,30.13,19.05,0.0,80.0,2,10.36,6.45,-5.89,0.0,,8,,20260908
ADAMH,"Adamas Trust, Inc.",Unknown,Unknown,NASDAQ,25.62,24087,0,0.0672,25.39,24.78,3.3799,-2.52,-10.46,-9.67,-8.16,0.0,87.5,2,25.99,24.49,-1.42,0.0,,8,,20260908
ADAMN,"Adamas Trust, Inc.",Real Estate,REIT - Mortgage,NASDAQ,25.01,8046,0,0.1943,24.21,22.44,4.1042,3.32,-0.02,5.84,3.16,0.0,90.0,2,25.16,21.01,-0.6,0.0,,8,,20260908
ADAML,"Adamas Trust, Inc.",Real Estate,REIT - Mortgage,NASDAQ,24.98,13652,0,0.111,24.58,23.19,3.5719,0.82,-5.02,0.89,-1.2,0.0,83.75,2,25.01,21.96,-0.12,0.0,,8,,20260908
ADAMM,"Adamas Trust, Inc.",Real Estate,REIT - Mortgage,NASDAQ,25.6,16242,0,0.1001,25.22,24.3,3.7713,-0.7,-9.08,-5.71,-5.64,0.0,87.5,2,25.72,23.78,-0.47,0.0,,8,,20260908
ADAMZ,"Adamas Trust, Inc.",Real Estate,REIT - Mortgage,NASDAQ,18.37,8922,0,0.309,18.69,18.32,-1.0314,-1.72,-17.64,-8.18,-9.87,0.0,72.0,3,21.72,17.25,-15.42,0.0,,8,,20260908
FCBC,"First Community Bankshares, Inc.",Financial Services,Banks - Regional,NASDAQ,49.09,88601,928308032,1.0407,47.03,40.48,1.9841,9.93,10.68,17.13,13.07,0.0,87.5,2,50.17,31.21,-2.15,0.0,,8,,20260908
EFOR,"Everforth, Inc.",Technology,Information Technology Services,NYSE,32.55,944893,1334550016,1.673,25.74,34.28,4.0687,57.0,-39.26,-57.91,-22.65,0.0,80.75,3,54.94,16.9,-40.75,0.0,,8,,20260908
MEGI,NYLI CBRE Global Infrastructure Megatrends Term Fund,Financial Services,Asset Management,NYSE,14.68,125277,764057856,0.2195,15.04,14.22,-1.6249,-4.84,-12.01,-6.22,-7.9,0.0,70.75,3,15.89,13.42,-7.61,0.0,,8,,20260908
BOZTY,Boozt AB (publ),Consumer Cyclical,Apparel Retail,PNK,15.12,34,881537984,0.0049,15.12,12.16,0.3696,15.78,34.18,47.11,34.75,0.0,75.0,2,15.5,9.05,-2.45,0.0,,8,,20260908
EGBN,"Eagle Bancorp, Inc.",Financial Services,Banks - Regional,NCM,28.18,284176,859038336,0.6473,27.76,25.45,0.644,-1.32,-3.6,21.6,7.05,0.0,86.25,2,29.29,15.03,-3.79,0.0,,8,,20260908
DOMVF,Dogus Otomotiv Servis ve Ticaret A.S.,Consumer Cyclical,Auto & Truck Dealerships,PNK,4.54,1,998800000,0.3298,-5.36,8.08,30.0139,-153.59,-96.65,-102.77,-113.33,0.0,37.0,3,8.11,4.03,-44.02,0.0,,8,,20260908
MTUS,Metallus Inc.,Basic Materials,Steel,NYSE,19.93,384398,826084224,0.8736,19.97,18.73,-0.0428,-3.32,2.91,-1.05,-0.23,0.0,72.0,3,22.58,14.19,-11.74,0.0,,8,,20260908
ABSI,Absci Corporation,Healthcare,Biotechnology,NASDAQ,8.82,4649885,1513635584,0.6533,9.25,5.27,-0.6526,33.12,255.43,247.53,196.69,0.0,73.25,3,12.05,2.24,-26.84,0.0,,8,,20260908
CCBG,"Capital City Bank Group, Inc.",Financial Services,Banks - Regional,NASDAQ,51.84,89841,887153280,1.0901,51.05,45.6,0.728,9.64,7.58,0.69,5.34,0.0,87.5,2,53.6,38.27,-3.28,0.0,,8,,20260908
NAVI,Navient Corporation,Financial Services,Credit Services,NASDAQ,9.63,1118800,903138240,0.3664,8.71,9.21,2.5027,20.73,5.34,-44.11,-10.59,0.0,90.0,3,13.75,7.33,-29.96,0.0,,8,,20260908
WLKP,Westlake Chemical Partners LP,Basic Materials,Chemicals,NYSE,21.88,30330,771179840,0.4061,21.55,20.79,0.8038,-8.08,-11.93,-10.47,-10.38,0.0,61.25,2,23.88,17.75,-8.38,0.0,,8,,20260908
GO,Grocery Outlet Holding Corp.,Consumer Defensive,Grocery Stores,NASDAQ,12.38,2606215,1226666112,0.5025,10.4,9.25,3.9454,39.93,72.7,-51.64,14.77,0.0,91.25,2,18.22,5.66,-32.05,0.0,,8,,20260908
VLRS,"Controladora Vuela Compañía de Aviación, S.A.B. de C.V.",Industrials,Airlines,NYSE,6.85,569474,787416832,0.2928,7.83,8.05,-3.3419,-11.5,-17.3,-7.85,-12.07,0.0,7.5,4,10.8,5.79,-36.57,0.0,,8,,20260908
AGFMF,AGF Management Limited,Financial Services,Asset Management,PNK,15.78,40158,1003442816,0.3054,15.86,13.38,-0.2582,24.37,-5.09,51.98,25.1,0.0,65.75,3,17.03,9.2,-7.34,0.0,,8,,20260908
MRAM,"Everspin Technologies, Inc.",Technology,Semiconductors,NASDAQ,16.37,1449679,398609664,1.3319,17.04,15.52,-0.5055,-35.51,71.72,135.82,70.55,0.0,47.0,3,51.5,6.55,-68.21,0.0,,8,,20260908
WRLD,World Acceptance Corporation,Financial Services,Credit Services,NASDAQ,190.54,111147,888522304,6.8945,193.32,157.74,-0.4028,9.2,21.95,-11.56,5.36,0.0,69.5,3,227.68,110.0,-16.31,0.0,,8,,20260908
SPRY,"ARS Pharmaceuticals, Inc.",Healthcare,Biotechnology,NASDAQ,5.62,2001755,558894080,0.3809,6.47,8.56,-2.2354,-39.04,-53.12,-67.39,-55.31,0.0,11.25,4,13.15,4.91,-57.26,0.0,,8,,20260908
GRCLF,GrainCorp Limited,Consumer Defensive,Farm Products,PNK,4.9,4800,1089385856,0.1419,3.87,4.17,7.2404,25.75,0.77,-24.81,-3.22,0.0,77.5,3,6.15,3.2,-20.33,0.0,,8,,20260908
CGRIF,"Canadian General Investments, Limited",Unknown,Unknown,PNK,38.72,255,807741817,0.2794,37.23,35.94,5.3207,-2.43,-7.53,6.73,-0.55,0.0,76.25,2,38.98,31.5,-0.67,0.0,,8,,20260908
HTB,"HomeTrust Bancshares, Inc.",Financial Services,Banks - Regional,NYSE,47.25,172253,781217600,0.925,48.77,45.14,-1.6467,-4.33,-3.2,-4.68,-4.07,0.0,73.25,3,52.5,38.3,-10.0,0.0,,8,,20260908
NB,NioCorp Developments Ltd.,Basic Materials,Other Industrial Metals & Mining,NASDAQ,4.13,3305103,601274496,0.2736,4.55,5.4,-1.5401,-24.19,-28.57,-29.2,-27.73,0.0,7.5,4,12.58,3.82,-67.17,0.0,,8,,20260908
UBSFF,Ubisoft Entertainment SA,Communication Services,Electronic Gaming & Multimedia,PNK,5.82,868,791201344,0.2246,6.07,5.99,-1.1308,-11.72,6.09,-61.82,-25.53,0.0,50.25,4,11.73,4.5,-50.38,0.0,,8,,20260908
AURA,"Aura Biosciences, Inc.",Healthcare,Biotechnology,NASDAQ,7.56,668279,784008320,0.407,7.33,6.6,0.5553,9.33,19.84,-2.21,8.4,0.0,87.5,2,9.54,4.73,-20.71,0.0,,8,,20260908
PSTL,"Postal Realty Trust, Inc.",Real Estate,REIT - Office,NYSE,23.69,326492,942872832,0.5675,23.47,20.07,0.3862,0.6,6.76,36.91,17.28,0.0,86.25,2,25.22,14.25,-6.07,0.0,,8,,20260908
ACGP,"Associated Capital Group, Inc.",Financial Services,Asset Management,OQX,33.91,5128,690217856,0.2326,33.85,37.34,0.2573,-13.04,-29.46,-9.42,-17.34,0.0,43.25,3,41.14,30.8,-17.57,0.0,,8,,20260908
SSII,"SS Innovations International, Inc.",Healthcare,Medical Devices,NCM,3.41,59896,683314368,0.2172,3.67,4.47,-1.2042,-14.48,-38.35,-71.25,-45.55,0.0,8.75,4,10.0,3.11,-65.9,0.0,,8,,20260908
LAES,SEALSQ Corp,Technology,Semiconductors,NASDAQ,2.42,13968353,539113088,0.1333,2.63,3.37,-1.598,-29.07,-54.5,-27.25,-37.24,0.0,12.5,4,8.71,1.99,-72.22,0.0,,8,,20260908
SSYS,Stratasys Ltd.,Technology,Computer Hardware,NASDAQ,8.0,767519,700696000,0.3332,8.26,8.98,-0.7935,-14.3,-23.83,-41.38,-28.47,0.0,23.25,4,12.81,7.34,-37.55,0.0,,8,,20260908
PSGTF,PT Semen Indonesia (Persero) Tbk,Basic Materials,Building Materials,PNK,0.07,46,483973280,0.0001,0.07,0.13,-15.5203,-46.36,-71.41,-78.79,-68.1,0.0,12.0,4,0.17,0.07,-58.82,0.0,,8,,20260908
VOR,Vor Biopharma Inc.,Healthcare,Biotechnology,NASDAQ,25.05,1150690,1482015488,1.2248,21.19,15.64,3.1488,85.66,50.52,-55.07,17.07,0.0,87.5,2,49.95,6.5,-49.85,0.0,,8,,20260908
KOP,Koppers Holdings Inc.,Basic Materials,Specialty Chemicals,NYSE,47.78,182374,903594688,1.8782,47.7,38.24,0.0401,12.61,12.61,48.52,26.98,0.0,87.5,2,53.0,25.0,-9.85,0.0,,8,,20260908
ANZFF,Air New Zealand Limited,Industrials,Airlines,PNK,0.22,1604,711383680,0.0027,0.25,0.28,-10.2984,-11.32,-44.19,-64.14,-43.95,0.0,25.0,4,0.39,0.22,-44.18,0.0,,8,,20260908
SPFI,"South Plains Financial, Inc.",Financial Services,Banks - Regional,NASDAQ,45.63,149117,859628352,0.918,44.07,41.51,1.7031,6.7,-2.94,-6.96,-2.14,0.0,87.5,2,46.94,35.34,-2.79,0.0,,8,,20260908
NBPVF,Neuberger Private Equity Partners Limited,Unknown,Unknown,PNK,20.15,704,983332071,0.1008,20.09,19.87,0.6069,-3.94,-11.82,-12.5,-10.12,0.0,77.5,2,22.0,17.55,-8.41,0.0,,8,,20260908
KRO,"Kronos Worldwide, Inc.",Basic Materials,Specialty Chemicals,NYSE,8.43,383534,970272128,0.4617,7.21,6.19,2.6403,27.16,47.76,23.68,32.98,0.0,85.0,2,9.17,4.08,-8.07,0.0,,8,,20260908
WHTCF,WELL Health Technologies Corp.,Healthcare,Medical Care Facilities,OQX,3.1,46685,792156032,0.0655,3.01,2.99,1.2357,-18.0,-19.04,-28.13,-22.41,0.0,55.0,3,4.31,2.44,-28.19,0.0,,8,,20260908
TIGR,UP Fintech Holding Limited,Financial Services,Capital Markets,NASDAQ,5.08,2411382,913614400,0.2235,4.82,6.76,1.1702,8.7,-44.6,-80.03,-45.45,0.0,62.5,3,12.75,4.0,-60.16,0.0,,8,,20260908
BVS,Bioventus Inc.,Healthcare,Medical Devices,NASDAQ,14.07,707107,961053376,0.5759,12.88,9.7,2.0691,50.95,52.15,78.2,62.27,0.0,87.5,2,15.89,6.25,-11.47,0.0,,8,,20260908
BBSI,"Barrett Business Services, Inc.",Industrials,Staffing & Employment Services,NASDAQ,33.91,242514,821814976,1.2317,36.3,33.55,-1.9369,-1.69,2.83,-50.29,-19.55,0.0,40.0,3,48.36,25.33,-29.88,0.0,,8,,20260908
SUPV,Grupo Supervielle S.A.,Financial Services,Banks - Regional,NYSE,8.79,632485,830727168,0.4539,9.09,9.8,-0.653,-11.68,-9.12,-8.13,-9.37,0.0,23.25,4,13.55,4.54,-35.13,0.0,,8,,20260908
GSBC,"Great Southern Bancorp, Inc.",Financial Services,Banks - Regional,NASDAQ,80.24,102646,874415936,1.6832,79.27,68.36,0.5742,5.36,17.33,8.18,10.68,0.0,86.25,2,82.91,53.76,-3.22,0.0,,8,,20260908
CADNF,Cascades Inc.,Consumer Cyclical,Packaging & Containers,PNK,12.26,35211,1243410432,0.217,10.29,8.88,9.0949,55.21,33.75,56.93,48.39,0.0,78.75,2,12.94,6.54,-5.26,0.0,,8,,20260908
NXDR,"Nextdoor Holdings, Inc.",Communication Services,Internet Content & Information,NYSE,2.24,2412231,866540480,0.098,2.37,1.97,-1.3035,3.52,23.97,-10.7,4.99,0.0,53.75,3,3.72,1.33,-39.78,0.0,,8,,20260908
MARIF,Marimaca Copper Corp.,Basic Materials,Copper,OQX,5.78,20600,781207104,0.1827,5.49,6.66,1.5691,9.99,-31.75,-40.79,-24.93,0.0,58.75,3,9.87,4.89,-41.44,0.0,,8,,20260908
HZO,"MarineMax, Inc.",Consumer Cyclical,Specialty Retail,NYSE,52.16,554636,1152044160,0.7707,41.93,31.97,13.2786,53.17,79.04,79.8,72.88,0.0,86.25,2,52.46,21.42,-0.57,0.0,,8,,20260908
HBIA,Hills Bancorporation,Financial Services,Banks - Regional,OID,46.66,271,813598272,0.3753,45.83,73.29,2.2079,-57.57,-59.28,-58.77,-58.65,0.0,27.5,3,99.01,44.0,-52.87,0.0,,8,,20260908
LMRI,"Lumexa Imaging Holdings, Inc.",Healthcare,Medical Devices,NASDAQ,12.18,567371,1170193280,0.5952,11.55,12.18,1.0597,38.6,-32.86,-46.92,-20.62,0.0,86.25,3,19.45,6.45,-37.38,0.0,,8,,20260908
ASC,Ardmore Shipping Corporation,Industrials,Marine Shipping,NYSE,18.17,635320,742278528,0.6408,16.01,14.26,3.3687,11.0,6.96,47.6,24.23,0.0,87.5,2,20.03,10.31,-9.29,0.0,,8,,20260908
IBTA,"Ibotta, Inc.",Technology,Software - Application,NYSE,38.39,217634,891647104,2.055,33.64,28.78,2.3126,12.17,48.83,25.18,30.2,0.0,91.25,2,40.48,19.1,-5.17,0.0,,8,,20260908
CWH,"Camping World Holdings, Inc.",Consumer Cyclical,Auto & Truck Dealerships,NYSE,6.96,2096168,444242560,0.3438,6.5,8.45,1.3362,3.89,-20.59,-79.73,-38.13,0.0,38.75,3,18.22,5.49,-61.8,0.0,,8,,20260908
THQ,Abrdn Healthcare Opportunities Fund,Financial Services,Asset Management,NYSE,19.77,205604,819218944,0.2809,18.96,17.89,2.8696,6.74,-0.88,10.01,5.38,0.0,86.25,2,20.39,16.28,-3.04,0.0,,8,,20260908
APOG,"Apogee Enterprises, Inc.",Industrials,Building Products & Equipment,NASDAQ,39.97,250661,834105728,1.3407,41.02,37.62,-0.7847,4.06,-0.1,-26.04,-9.44,0.0,70.75,3,50.88,30.75,-21.44,0.0,,8,,20260908
CRESY,"Cresud Sociedad Anónima, Comercial, Inmobiliaria, Financiera y Agropecuaria",Industrials,Conglomerates,NASDAQ,12.07,273077,856067136,0.4343,11.08,11.59,2.2769,5.84,-3.19,14.44,6.12,0.0,61.25,3,14.21,8.19,-15.06,0.0,,8,,20260908
FFC,Flaherty & Crumrine Preferred Securities Income Fund Inc.,Financial Services,Asset Management,NYSE,15.78,104412,760247168,0.1403,16.01,15.72,-1.6065,-3.56,-13.53,-15.46,-11.81,0.0,67.0,3,17.0,14.98,-7.18,0.0,,8,,20260908
NXRT,"NexPoint Residential Trust, Inc.",Real Estate,REIT - Residential,NYSE,23.78,302052,1227138432,0.6857,25.78,27.25,-2.9227,-21.18,-24.92,-44.82,-31.94,0.0,11.25,4,34.68,23.1,-31.43,0.0,,8,,20260908
IPZYF,IP Group Plc,Financial Services,Asset Management,PNK,0.91,80,799855360,0.0002,0.9,0.83,18.701,0.4,-2.75,13.55,4.56,0.0,75.0,2,0.91,0.68,-0.0,0.0,,8,,20260908
SMBC,"Southern Missouri Bancorp, Inc.",Financial Services,Banks - Regional,NASDAQ,74.17,107634,816693952,1.4817,75.89,66.76,-1.1596,2.09,5.44,9.64,6.28,0.0,70.75,3,79.86,47.6,-7.12,0.0,,8,,20260908
PGC,Peapack-Gladstone Financial Corporation,Financial Services,Banks - Regional,NASDAQ,46.38,193149,822222464,1.0441,46.15,37.98,0.2226,0.3,21.76,40.59,23.93,0.0,88.75,2,49.14,24.71,-5.62,0.0,,8,,20260908
TMCR,The Metals Royalty Company Inc.,Basic Materials,Other Industrial Metals & Mining,NCM,5.75,79685,387630624,0.6215,6.12,5.75,-0.6027,-54.56,-73.15,-73.15,-68.51,0.0,35.0,3,21.38,4.9,-73.11,0.0,,8,,20260908
TXO,"TXO Partners, L.P.",Energy,Oil & Gas E&P,NYSE,15.06,153444,835022912,0.3989,13.27,11.94,4.4836,10.61,14.21,1.23,8.12,0.0,88.75,2,15.27,10.12,-1.38,0.0,,8,,20260908
WOOF,"Petco Health and Wellness Company, Inc.",Consumer Cyclical,Specialty Retail,NASDAQ,2.7,1945773,875367424,0.1681,2.71,2.79,-0.0803,-9.29,-1.71,-41.02,-19.33,0.0,32.75,4,3.96,2.24,-31.82,0.0,,8,,20260908
PHIG,"PHI Group, Inc.",Industrials,Airports & Air Services,PNK,31.98,3882,777436480,0.1977,30.56,30.01,7.1629,1.91,-15.06,-5.31,-6.92,0.0,75.0,2,32.5,25.0,-1.6,0.0,,8,,20260908
ARREF,Amerigo Resources Ltd.,Basic Materials,Copper,OQX,5.83,139530,941205440,0.3482,5.25,4.16,1.666,31.65,39.03,258.43,124.95,0.0,81.25,2,6.38,1.61,-8.62,0.0,,8,,20260908
VTS,"Vitesse Energy, Inc.",Energy,Oil & Gas E&P,NYSE,17.78,528593,748614784,0.4137,16.16,17.96,3.9079,-1.14,-19.66,-44.66,-25.03,0.0,79.5,3,26.13,15.0,-31.96,0.0,,8,,20260908
GFR,Greenfire Resources Ltd.,Energy,Oil & Gas E&P,NYSE,6.16,394707,905572032,0.2567,6.18,5.77,-0.0865,4.14,-22.38,-2.63,-7.85,0.0,75.75,3,7.16,4.15,-13.97,0.0,,8,,20260908
MCDIF,Mcdermott International Ltd.,Industrials,Engineering & Construction,PNK,4.4,47747,733590016,0.2425,8.57,20.82,-17.212,-86.74,-99.13,-79.78,-88.29,0.0,0.0,4,28.75,4.0,-84.7,0.0,,8,,20260908
GRNCY,GrainCorp Limited,Consumer Defensive,Farm Products,PNK,7.24,26,804811584,0.0039,7.16,7.24,20.3194,-5.45,-31.05,-35.93,-26.6,0.0,75.0,3,10.49,7.1,-30.98,0.0,,8,,20260908
ENPSF,Enplas Corporation,Technology,Electronic Components,PNK,63.25,139,571255808,1.0298,73.96,60.04,-10.4008,-28.09,74.21,-919.52,-348.86,0.0,25.0,3,110.0,29.71,-42.5,0.0,,8,,20260908
MPZAF,Mips AB (publ),Consumer Cyclical,Leisure,PNK,26.0,18,688769152,0.0129,26.02,35.12,-1.418,-4.31,-53.4,-58.21,-43.05,0.0,37.0,4,44.6,25.0,-41.7,0.0,,8,,20260908
NMFCZ,New Mountain Finance Corporation 8.250% Notes due 2028,Unknown,Unknown,NASDAQ,25.27,11306,0,0.0792,25.08,24.48,2.4148,-2.62,-10.78,-11.84,-9.16,0.0,90.0,2,25.68,25.0,-1.58,0.0,,8,,20260908
NMFC,New Mountain Finance Corporation,Financial Services,Asset Management,NASDAQ,7.48,598007,706503872,0.1596,7.3,7.78,1.1552,-5.99,-14.15,-38.99,-22.05,0.0,70.75,3,10.67,6.73,-29.9,0.0,,8,,20260908
CLRPF,Clarity Pharmaceuticals Ltd,Healthcare,Biotechnology,PNK,1.68,12763,626776448,0.0898,1.71,2.06,-0.3286,-6.51,-45.01,-40.72,-33.67,0.0,43.25,4,3.6,1.23,-53.33,0.0,,8,,20260908
