ticker,name,sector,industry,exchange,close,avg_volume_50d,market_cap,atr14,sma50,sma200,atr_extension,rs_3m,rs_6m,rs_12m,rs_score,rs_percentile,trend_strength,stage,52w_high,52w_low,pct_from_52w_high,rts_composite,rts_grade,rts_grade_rank,colour_band,run_date
OCS,Oculis Holding AG,Healthcare,Biotechnology,NASDAQ,12.97,624940,720197632,0.5556,12.46,21.29,0.911,-58.54,-67.23,-47.65,-57.23,0.0,35.0,3,34.48,10.52,-62.38,0.0,,8,,20260827
MQ,"Marqeta, Inc.",Technology,Software - Infrastructure,NASDAQ,16.08,1194395,1673909248,0.623,16.49,17.08,-0.6566,2.89,-6.96,-55.41,-23.88,0.0,59.0,4,25.83,14.8,-37.75,0.0,,8,,20260827
FLO,"Flowers Foods, Inc.",Consumer Defensive,Packaged Foods,NYSE,7.17,6601748,1519991552,0.329,7.72,8.87,-1.6834,-9.04,-33.51,-69.58,-41.82,0.0,13.75,4,15.14,6.8,-52.64,0.0,,8,,20260827
AMRC,"Ameresco, Inc.",Industrials,Engineering & Construction,NYSE,22.16,657745,1175947264,1.8676,24.84,28.85,-1.4364,-40.69,-43.67,-31.13,-37.91,0.0,10.0,4,44.93,18.38,-50.68,0.0,,8,,20260827
HGRAF,HydroGraph Clean Power Inc.,Basic Materials,Specialty Chemicals,OQB,4.23,1157898,1488705536,0.3589,4.01,3.88,0.599,-15.17,-1.59,249.68,95.52,0.0,61.25,2,8.37,1.0,-49.46,0.0,,8,,20260827
VLXGF,Volex plc,Industrials,Electrical Equipment & Parts,PNK,8.6,5176,1573996032,0.2181,7.27,6.74,6.114,-10.41,27.76,58.26,30.41,0.0,51.25,2,9.53,4.73,-9.76,0.0,,8,,20260827
MQY,"BlackRock MuniYield Quality Fund, Inc.",Financial Services,Asset Management,NYSE,11.13,383040,799508160,0.0807,11.32,11.15,-2.3276,-3.3,-13.7,-12.18,-10.5,0.0,54.0,3,11.94,10.84,-6.78,0.0,,8,,20260827
LMPMY,Lee & Man Paper Manufacturing Limited,Basic Materials,Paper & Paper Products,PNK,4.65,84,1997175040,0.0895,4.33,3.98,3.6213,18.74,-12.45,43.22,17.62,0.0,75.0,2,5.65,3.0,-17.7,0.0,,8,,20260827
CNXN,"PC Connection, Inc.",Technology,Electronics & Computer Distribution,NASDAQ,79.39,157759,2003652736,2.4286,77.83,65.4,0.6403,16.44,20.16,5.08,13.19,0.0,86.25,2,88.31,54.97,-10.1,0.0,,8,,20260827
PEB,Pebblebrook Hotel Trust,Real Estate,REIT - Hotel & Motel,NYSE,18.37,2495703,2072920832,0.5158,18.69,14.31,-0.6298,16.31,39.17,53.11,39.03,0.0,73.25,3,19.93,9.99,-7.83,0.0,,8,,20260827
AIP,"Arteris, Inc.",Technology,Semiconductors,NASDAQ,22.81,867090,1121159424,2.046,32.89,23.63,-4.9242,-40.6,22.99,112.67,42.97,0.0,18.25,4,50.26,8.42,-54.62,0.0,,8,,20260827
HTZ,"Hertz Global Holdings, Inc.",Industrials,Rental & Leasing Services,NASDAQ,2.09,30894215,744983360,0.2512,2.36,4.56,-1.0653,-62.61,-63.82,-83.04,-71.21,0.0,8.75,4,8.18,1.45,-74.45,0.0,,8,,20260827
AGIO,"Agios Pharmaceuticals, Inc.",Healthcare,Biotechnology,NASDAQ,33.99,1150846,2029266944,1.533,35.77,30.83,-1.1632,16.42,2.34,-29.34,-6.81,0.0,73.25,3,46.0,22.24,-26.11,0.0,,8,,20260827
TILE,"Interface, Inc.",Consumer Cyclical,"Furnishings, Fixtures & Appliances",NASDAQ,38.7,518487,2236877824,1.2435,35.06,30.29,2.9263,28.09,10.9,25.02,20.85,0.0,87.5,2,40.5,24.4,-4.44,0.0,,8,,20260827
CAPR,"Capricor Therapeutics, Inc.",Healthcare,Biotechnology,NASDAQ,9.36,5568304,544180928,1.4642,15.25,23.23,-4.0204,-70.22,-78.09,21.26,-36.39,0.0,13.75,4,40.37,2.96,-76.81,0.0,,8,,20260827
BLDP,Ballard Power Systems Inc.,Industrials,Electrical Equipment & Parts,NASDAQ,2.29,6487884,690449856,0.1604,3.03,3.07,-4.6008,-64.74,-6.06,-6.63,-20.96,0.0,6.25,4,6.57,1.83,-65.14,0.0,,8,,20260827
NMRSF,"Namura Shipbuilding Co., Ltd.",Industrials,Aerospace & Defense,PNK,29.0,115,2016806144,0.2921,24.51,17.64,15.3617,9.67,127.09,3290.68,1363.17,0.0,75.0,2,36.36,21.11,-20.24,0.0,,8,,20260827
NKRKF,Nokian Renkaat Oyj,Consumer Cyclical,Auto Parts,PNK,17.44,93,2405463552,0.0441,15.7,12.34,39.341,42.39,23.0,78.22,49.93,0.0,75.0,2,17.44,9.0,0.0,0.0,,8,,20260827
SHLS,"Shoals Technologies Group, Inc.",Technology,Solar,NASDAQ,7.31,5723381,1230272640,0.6255,9.24,8.69,-3.0828,-42.03,-4.39,-13.06,-17.27,0.0,11.25,4,13.18,5.43,-44.54,0.0,,8,,20260827
NKRKY,Nokian Renkaat Oyj,Consumer Cyclical,Auto Parts,PNK,9.57,4012,2639940864,0.1729,8.07,6.25,8.6594,50.53,42.68,83.64,61.02,0.0,81.25,2,9.63,4.24,-0.62,0.0,,8,,20260827
INVA,"Innoviva, Inc.",Healthcare,Biotechnology,NASDAQ,21.24,805968,1534494208,0.4988,21.73,21.8,-0.9739,-6.37,-23.49,-13.07,-15.04,0.0,36.5,4,25.15,16.52,-15.55,0.0,,8,,20260827
SGML,Sigma Lithium Corporation,Basic Materials,Other Industrial Metals & Mining,NCM,12.2,1949739,1373333376,0.7571,11.49,13.24,0.9349,-21.5,-36.58,77.81,12.95,0.0,48.25,3,24.48,4.62,-50.16,0.0,,8,,20260827
CASBF,CanSino Biologics Inc.,Healthcare,Drug Manufacturers - Specialty & Generic,PNK,4.54,85,1121578880,0.0929,3.05,3.93,16.0285,14.37,-4.49,-48.04,-17.19,0.0,62.0,3,6.99,2.6,-35.05,0.0,,8,,20260827
CMPNF,Champion Real Estate Investment Trust,Real Estate,REIT - Retail,PNK,0.34,31,1907400832,0.0001,0.34,0.3,0.0,23.58,-1.43,-14.31,-0.33,0.0,75.0,3,0.34,0.23,0.0,0.0,,8,,20260827
PAYO,Payoneer Global Inc.,Technology,Software - Infrastructure,NASDAQ,7.12,7127852,2412617984,0.04,7.1,5.78,0.4171,40.34,24.77,-15.55,12.54,0.0,85.0,2,7.18,4.08,-0.84,0.0,,8,,20260827
PLYGF,PolyPeptide Group AG,Healthcare,Drug Manufacturers - Specialty & Generic,PNK,54.42,28,1796753024,0.3485,45.97,40.13,24.2487,6.54,43.46,38.86,32.39,0.0,75.0,2,54.42,31.5,-0.0,0.0,,8,,20260827
PRCT,PROCEPT BioRobotics Corporation,Healthcare,Medical Devices,NASDAQ,21.07,1579507,1199280000,1.1657,20.36,26.33,0.6054,-22.71,-35.43,-66.96,-44.86,0.0,41.25,3,42.43,16.66,-50.34,0.0,,8,,20260827
HLIT,Harmonic Inc.,Technology,Communication Equipment,NASDAQ,12.44,2434528,1356786560,0.637,13.03,11.31,-0.9278,-29.64,9.2,12.49,0.81,0.0,47.0,3,17.68,8.47,-29.64,0.0,,8,,20260827
NUVB,Nuvation Bio Inc.,Healthcare,Biotechnology,NYSE,6.96,6781796,2443817728,0.3829,6.2,5.89,1.985,44.49,14.07,121.11,64.49,0.0,86.25,2,9.75,2.87,-28.62,0.0,,8,,20260827
WBTN,WEBTOON Entertainment Inc.,Communication Services,Internet Content & Information,NASDAQ,10.47,375670,1420894976,0.6208,10.11,11.55,0.5847,-14.66,-18.29,-48.45,-29.45,0.0,48.25,3,22.47,7.85,-53.4,0.0,,8,,20260827
IMKTA,"Ingles Markets, Incorporated",Consumer Defensive,Grocery Stores,NASDAQ,83.54,135003,1586695296,2.6211,88.5,83.45,-1.8923,-8.42,-15.78,4.08,-6.0,0.0,37.5,3,95.62,66.41,-12.63,0.0,,8,,20260827
IIPR,"Innovative Industrial Properties, Inc.",Real Estate,REIT - Industrial,NYSE,57.04,374347,1572669696,1.4624,60.02,51.77,-2.0358,-0.53,4.6,-1.1,1.04,0.0,72.0,3,65.38,44.58,-12.76,0.0,,8,,20260827
FMC,FMC Corporation,Basic Materials,Agricultural Inputs,NYSE,11.08,3919498,1387513344,0.5394,10.99,13.43,0.1578,-19.76,-36.22,-91.98,-54.41,0.0,36.25,3,39.99,9.95,-72.29,0.0,,8,,20260827
TRVG,trivago N.V.,Communication Services,Internet Content & Information,NASDAQ,5.71,116963,402888800,0.3576,5.25,3.58,1.2756,60.8,83.11,57.32,67.22,0.0,83.75,2,5.91,2.59,-3.38,0.0,,8,,20260827
PVLA,"Palvella Therapeutics, Inc.",Healthcare,Biotechnology,NASDAQ,154.33,251773,2223649536,8.9716,143.79,116.35,1.175,30.4,8.9,187.3,85.63,0.0,83.75,2,161.38,49.81,-4.37,0.0,,8,,20260827
TSLX,"Sixth Street Specialty Lending, Inc.",Financial Services,Asset Management,NYSE,18.82,604190,1794357760,0.3854,17.6,18.48,3.173,9.47,-3.32,-34.57,-12.62,0.0,91.25,3,24.79,16.04,-24.08,0.0,,8,,20260827
KRKNF,Kraken Robotics Inc.,Technology,Scientific & Technical Instruments,OQB,4.19,1002521,1287063424,0.2247,4.47,5.24,-1.2509,-31.92,-44.39,48.66,-4.05,0.0,10.0,4,8.13,2.39,-48.46,0.0,,8,,20260827
DCOM,"Dime Commercial Bancshares, Inc.",Financial Services,Banks - Regional,NYSE,40.4,316403,1783926528,0.7232,40.17,34.68,0.3192,7.22,11.59,17.81,12.99,0.0,86.25,2,41.97,25.63,-3.74,0.0,,8,,20260827
GABC,"German American Bancorp, Inc.",Financial Services,Banks - Regional,NASDAQ,49.59,171601,1863533056,0.9901,48.48,42.97,1.1208,12.41,6.74,2.72,6.55,0.0,82.5,2,52.23,37.19,-5.05,0.0,,8,,20260827
RNDOF,Round One Corporation,Consumer Cyclical,Leisure,PNK,7.65,28,2010976000,0.0488,6.39,2.35,25.7754,278.83,1360.26,4632.47,2398.79,0.0,75.0,2,11.05,5.29,-30.77,0.0,,8,,20260827
BDJ,BlackRock Enhanced Equity Dividend Trust,Financial Services,Asset Management,NYSE,9.81,498688,1735827456,0.086,9.58,9.02,2.6351,6.84,-4.88,-0.88,-0.35,0.0,85.0,2,9.95,8.42,-1.41,0.0,,8,,20260827
GPEAF,Great Portland Estates Plc,Real Estate,REIT - Office,PNK,4.01,0,1617673088,0.0002,4.01,4.09,0.0,-0.96,-24.16,-25.08,-18.73,0.0,62.0,3,5.27,3.71,-23.91,0.0,,8,,20260827
STMRF,Stanmore Resources Limited,Basic Materials,Coking Coal,OQX,1.83,906,1649546752,0.0256,1.76,1.74,2.7048,-0.64,-13.42,7.42,-1.89,0.0,75.0,2,2.16,1.17,-15.28,0.0,,8,,20260827
SREMF,Sunrise Energy Metals Limited,Industrials,Pollution & Treatment Controls,OQX,12.4,54529,2101340288,0.7858,11.59,7.94,1.0266,7.39,93.85,1049.25,454.4,0.0,88.75,2,14.5,1.04,-14.48,0.0,,8,,20260827
NVRI,Enviri Corporation,Industrials,Waste Management,NYSE,23.08,523998,650627968,1.1217,21.97,19.33,0.9922,12.71,18.19,84.05,43.16,0.0,87.5,2,24.2,10.81,-4.63,0.0,,8,,20260827
TCBK,TriCo Bancshares,Financial Services,Banks - Regional,NASDAQ,54.15,323670,1730993024,1.0192,56.17,50.41,-1.9819,5.46,-0.48,4.99,3.19,0.0,68.25,3,61.71,40.44,-12.25,0.0,,8,,20260827
STAA,STAAR Surgical Company,Healthcare,Medical Instruments & Supplies,NASDAQ,22.86,858250,1146291456,1.2465,25.96,24.16,-2.4829,-29.52,2.45,-37.4,-21.48,0.0,24.5,4,35.87,15.59,-36.27,0.0,,8,,20260827
TGLVY,Top Glove Corporation Bhd.,Healthcare,Medical Instruments & Supplies,PNK,0.58,551,1158816896,0.0239,0.62,0.62,-1.9211,-18.48,-1.91,-23.04,-14.5,0.0,13.25,4,0.93,0.46,-38.04,0.0,,8,,20260827
BST,BlackRock Science and Technology Trust,Financial Services,Asset Management,NYSE,49.67,98706,0,0.9129,47.65,41.65,2.2174,2.44,16.46,19.28,14.08,0.0,92.5,2,51.3,34.87,-3.18,0.0,,8,,20260827
STBA,"S&T Bancorp, Inc.",Financial Services,Banks - Regional,NASDAQ,49.86,258957,1758337408,0.7773,49.8,43.59,0.0764,9.39,3.85,11.44,8.27,0.0,81.25,2,53.5,34.38,-6.8,0.0,,8,,20260827
STGW,Stagwell Inc.,Communication Services,Advertising Agencies,NASDAQ,8.64,1446822,2112268032,0.3197,7.97,6.38,2.0894,21.26,79.2,33.45,46.41,0.0,87.5,2,9.55,4.29,-9.53,0.0,,8,,20260827
ASAN,"Asana, Inc.",Technology,Software - Application,NYSE,9.44,5727410,2176012544,0.5378,8.0,8.92,2.6826,44.93,20.73,-53.85,-3.05,0.0,91.25,3,15.71,5.38,-39.91,0.0,,8,,20260827
SLSR,Solaris Resources Inc.,Basic Materials,Other Precious Metals & Mining,NYSE,8.88,163685,1483596032,0.4044,8.07,8.79,2.0023,-11.55,-24.47,40.16,4.61,0.0,62.5,3,11.48,4.89,-22.65,0.0,,8,,20260827
PMREF,Primaris Real Estate Investment Trust,Real Estate,REIT - Retail,PNK,15.7,8373,2164258048,0.0946,15.82,13.69,-1.2258,9.77,14.67,26.69,18.25,0.0,63.25,3,46.44,10.44,-66.19,0.0,,8,,20260827
LILAK,Liberty Latin America Ltd.,Communication Services,Telecom Services,NASDAQ,8.57,1671032,1678862976,0.2895,7.6,6.0,3.3574,55.15,49.39,32.26,43.97,0.0,90.0,2,8.84,4.61,-3.04,0.0,,8,,20260827
LILA,Liberty Latin America Ltd.,Communication Services,Telecom Services,NASDAQ,8.66,791618,1696493952,0.3019,7.67,5.97,3.2865,60.25,52.53,37.21,48.33,0.0,90.0,2,8.9,4.58,-2.7,0.0,,8,,20260827
LILAB,Liberty Latin America Ltd.,Communication Services,Telecom Services,PNK,7.25,0,1420274944,0.0009,7.25,9.04,0.0,-2.3,-31.47,-34.71,-25.47,0.0,37.0,3,10.74,7.02,-32.5,0.0,,8,,20260827
ZD,"Ziff Davis, Inc.",Communication Services,Advertising Agencies,NASDAQ,55.61,634058,1906711680,1.7669,52.47,42.21,1.7773,19.26,96.08,26.28,48.96,0.0,86.25,2,58.06,22.45,-4.22,0.0,,8,,20260827
SESPF,SeSa S.p.A.,Technology,Information Technology Services,PNK,104.0,0,1574626944,0.009,104.0,105.41,0.0,-2.3,-13.91,-34.02,-19.05,0.0,62.0,3,121.95,89.0,-14.72,0.0,,8,,20260827
CNXC,Concentrix Corporation,Technology,Information Technology Services,NASDAQ,27.86,1682807,1699971328,1.64,24.33,29.95,2.1508,5.56,-19.2,-63.57,-30.76,0.0,50.75,3,57.88,19.12,-51.86,0.0,,8,,20260827
REX,REX American Resources Corporation,Basic Materials,Chemicals,NYSE,42.54,192795,1401170560,1.3475,44.52,40.46,-1.4714,-15.85,9.95,19.65,7.38,0.0,49.5,3,53.36,30.02,-20.28,0.0,,8,,20260827
FBYD,"Falcon's Beyond Global, Inc.",Industrials,Conglomerates,NASDAQ,10.27,130557,497730400,0.9989,12.8,11.82,-2.5295,-32.62,70.34,27.27,27.37,0.0,12.5,4,29.02,3.71,-64.61,0.0,,8,,20260827
BFSAF,Befesa S.A.,Industrials,Waste Management,PNK,40.7,144,1628000000,0.0074,40.66,35.17,5.4238,2.01,2.99,44.59,19.39,0.0,75.0,2,40.7,25.35,0.0,0.0,,8,,20260827
LWSCF,Sienna Senior Living Inc.,Healthcare,Medical Care Facilities,PNK,15.62,48746,1731910912,0.0538,15.85,15.63,-4.225,-2.55,-18.05,3.54,-5.54,0.0,49.0,3,17.58,12.79,-11.15,0.0,,8,,20260827
RXRX,"Recursion Pharmaceuticals, Inc.",Healthcare,Biotechnology,NASDAQ,3.49,20736825,1871586048,0.2057,3.3,3.68,0.9407,7.75,-18.54,-48.3,-23.87,0.0,62.75,3,7.18,2.77,-51.39,0.0,,8,,20260827
AEVA,"Aeva Technologies, Inc.",Technology,Software - Infrastructure,NASDAQ,15.79,2075023,1100653952,2.1551,20.55,16.94,-2.209,-48.44,4.65,-8.18,-13.75,0.0,22.0,4,31.3,8.83,-49.55,0.0,,8,,20260827
AVAH,Aveanna Healthcare Holdings Inc.,Healthcare,Medical Care Facilities,NASDAQ,13.62,2610246,2973119232,0.6092,9.91,8.25,6.0828,83.21,77.8,62.75,73.13,0.0,90.0,2,13.98,5.93,-2.58,0.0,,8,,20260827
WWUEY,Wüstenrot & Württembergische AG,Financial Services,Insurance - Life,PNK,8.86,1,1657568512,0.0046,8.97,8.48,-23.7154,-3.97,-6.34,-10.05,-7.23,0.0,37.0,3,9.16,8.29,-3.28,0.0,,8,,20260827
KMMPF,Killam Apartment REIT,Real Estate,REIT - Residential,PNK,13.23,3916,1623785600,0.0182,13.23,12.32,0.1079,-0.35,-1.18,-9.93,-4.47,0.0,75.0,2,13.57,11.1,-2.48,0.0,,8,,20260827
CMPS,COMPASS Pathways plc,Healthcare,Medical Care Facilities,NASDAQ,14.61,3644954,2023146240,0.762,12.97,8.88,2.1535,20.95,85.26,198.43,114.45,0.0,90.0,2,15.4,4.4,-5.13,0.0,,8,,20260827
CRLFF,Cardinal Energy Ltd.,Energy,Oil & Gas E&P,PNK,8.68,436601,1524625408,0.2124,7.9,7.4,3.6419,1.48,15.96,47.37,24.91,0.0,67.5,2,9.68,5.1,-10.38,0.0,,8,,20260827
ATAI,AtaiBeckley Inc.,Healthcare,Biotechnology,NASDAQ,7.39,11988359,2740689920,0.1156,6.28,4.56,9.57,68.72,59.17,35.35,52.03,0.0,90.0,2,7.45,3.27,-0.81,0.0,,8,,20260827
TFIN,"Triumph Financial, Inc.",Financial Services,Banks - Regional,NYSE,73.68,247379,1760549376,2.2227,76.52,66.33,-1.2763,2.66,14.82,0.32,5.98,0.0,73.25,3,83.52,46.43,-11.78,0.0,,8,,20260827
GLUE,"Monte Rosa Therapeutics, Inc.",Healthcare,Biotechnology,NASDAQ,14.38,1422804,1226806656,1.1087,19.77,18.51,-4.8597,-27.33,-31.62,192.73,59.19,0.0,11.25,4,25.77,4.6,-44.2,0.0,,8,,20260827
ABCL,AbCellera Biologics Inc.,Healthcare,Biotechnology,NASDAQ,12.24,7983828,3966339584,0.862,7.6,4.87,5.3821,122.66,272.59,168.8,193.59,0.0,93.75,2,12.5,2.75,-2.08,0.0,,8,,20260827
NHNKY,Nihon Kohden Corporation,Healthcare,Medical Devices,PNK,9.51,21860,1521337600,0.1814,9.3,9.95,1.1626,2.39,-25.36,-35.8,-22.6,0.0,77.0,3,14.21,8.12,-33.08,0.0,,8,,20260827
BFC,Bank First Corporation,Financial Services,Banks - Regional,NCM,153.69,94059,1703746944,3.524,150.3,139.06,0.9618,8.34,-2.01,0.37,1.53,0.0,87.5,2,159.1,119.08,-3.4,0.0,,8,,20260827
HOPE,"Hope Bancorp, Inc.",Financial Services,Banks - Regional,NASDAQ,13.92,1065474,1778166400,0.2387,13.66,11.97,1.1093,9.85,9.17,11.91,10.43,0.0,86.25,2,14.59,9.8,-4.59,0.0,,8,,20260827
SLCJY,SLC Agrícola S.A.,Consumer Defensive,Farm Products,PNK,3.07,62298,1522770048,0.1127,2.68,2.99,3.4215,-6.41,-16.94,-4.87,-9.48,0.0,58.75,3,3.94,2.4,-22.08,0.0,,8,,20260827
TSHA,"Taysha Gene Therapies, Inc.",Healthcare,Biotechnology,NASDAQ,6.02,3099065,1961517824,0.3708,6.16,5.38,-0.383,2.35,17.8,85.6,41.06,0.0,77.0,3,7.3,2.71,-17.53,0.0,,8,,20260827
EBRCZ,"EBR Systems, Inc.",Healthcare,Medical Devices,PNK,0.21,8764,158204672,0.0058,0.25,0.48,-7.5759,-33.98,-74.06,-81.69,-67.09,0.0,0.0,4,1.5,0.18,-86.0,0.0,,8,,20260827
FDMDF,4DMedical Limited,Healthcare,Medical Devices,PNK,2.95,865,1769803264,0.0888,2.76,2.56,2.1337,28.81,22.68,887.51,370.14,0.0,77.5,2,5.0,0.33,-41.0,0.0,,8,,20260827
VRNO,Verano Holdings Corp.,Healthcare,Drug Manufacturers - Specialty & Generic,OQX,5.91,159854,432718176,0.3475,5.73,5.84,0.5209,3.19,-10.94,-48.49,-22.43,0.0,62.5,3,9.75,3.91,-39.38,0.0,,8,,20260827
ABXXF,Abaxx Technologies Inc.,Technology,Software - Application,OQX,15.75,92878,610929408,1.3575,19.02,30.72,-2.4088,-63.02,-61.35,-24.47,-47.01,0.0,12.5,4,52.5,14.8,-70.0,0.0,,8,,20260827
SATL,Satellogic Inc.,Industrials,Aerospace & Defense,NCM,5.13,7224500,788685696,0.4514,4.85,4.65,0.6189,-49.84,48.7,21.54,13.2,0.0,65.0,2,12.0,1.25,-57.25,0.0,,8,,20260827
INTA,"Intapp, Inc.",Technology,Software - Application,NASDAQ,40.4,876887,3091050752,1.7689,31.16,30.84,5.2243,108.73,75.67,-27.9,42.51,0.0,95.0,2,47.93,19.01,-15.71,0.0,,8,,20260827
CET,Central Securities Corporation,Financial Services,Asset Management,NYSE,54.91,35117,0,0.7191,53.42,51.72,2.0768,1.58,-5.92,-4.35,-3.42,0.0,86.25,2,55.99,47.82,-1.93,0.0,,8,,20260827
BAK,Braskem S.A.,Basic Materials,Chemicals,NYSE,1.48,2406092,589756608,0.1706,2.39,3.32,-5.304,-69.23,-71.96,-74.6,-72.33,0.0,7.5,4,5.39,1.4,-72.57,0.0,,8,,20260827
APPN,Appian Corporation,Technology,Software - Infrastructure,NASDAQ,38.45,899804,2754081280,1.9432,28.03,28.46,5.3629,75.34,34.92,11.52,35.67,0.0,95.0,3,46.06,18.63,-16.52,0.0,,8,,20260827
FISK,"Empire State Realty OP, L.P.",Real Estate,REIT - Office,PCX,4.7,165,1316908160,0.0538,5.19,5.68,-9.1491,-14.9,-25.3,-56.03,-34.99,0.0,1.25,4,8.16,4.49,-42.4,0.0,,8,,20260827
CLVT,Clarivate Plc,Technology,Information Technology Services,NYSE,1.99,6648734,1272931328,0.1436,2.1,2.61,-0.7968,-25.51,-24.59,-76.34,-45.52,0.0,11.25,4,4.54,1.66,-56.17,0.0,,8,,20260827
BELGF,Bellevue Gold Limited,Basic Materials,Gold,PNK,1.15,8142,1713736320,0.0406,0.98,1.06,4.2159,7.12,-21.55,75.4,24.4,0.0,78.75,3,1.49,0.57,-22.88,0.0,,8,,20260827
RES,"RPC, Inc.",Energy,Oil & Gas Equipment & Services,NYSE,6.14,1542710,1360973952,0.2164,5.92,6.18,0.9993,-10.49,-4.99,12.53,0.64,0.0,52.0,3,8.16,4.18,-24.75,0.0,,8,,20260827
FSUN,FirstSun Capital Bancorp,Financial Services,Banks - Regional,NASDAQ,40.35,286865,1773397248,0.9073,38.05,37.09,2.5296,11.19,-6.09,-12.93,-4.51,0.0,88.75,2,42.34,29.95,-4.7,0.0,,8,,20260827
GTBIF,Green Thumb Industries Inc.,Healthcare,Drug Manufacturers - Specialty & Generic,OQX,7.58,510610,1656902912,0.3073,7.29,7.21,0.9556,-2.34,5.15,-34.7,-12.66,0.0,66.25,3,10.43,5.29,-27.33,0.0,,8,,20260827
OPRA,Opera Limited,Communication Services,Internet Content & Information,NASDAQ,19.47,359755,1731221376,0.7167,19.22,15.82,0.3464,7.0,47.87,6.39,21.06,0.0,90.0,2,21.06,11.71,-7.55,0.0,,8,,20260827
NBR,Nabors Industries Ltd.,Energy,Oil & Gas Drilling,NYSE,87.49,274937,1294855808,4.091,84.84,77.47,0.6469,-12.74,1.13,123.96,46.79,0.0,66.25,2,112.9,34.41,-22.51,0.0,,8,,20260827
IMTX,Immatics N.V.,Healthcare,Biotechnology,NCM,9.43,475540,1411066496,0.5125,9.44,10.02,-0.0125,-19.55,-19.47,59.74,12.2,0.0,35.25,4,12.41,5.05,-24.01,0.0,,8,,20260827
DMRA,"Damora Therapeutics, Inc.",Healthcare,Biotechnology,NCM,30.39,575596,1876142464,1.7826,28.69,25.78,0.9526,18.2,-17.02,773.26,307.9,0.0,87.5,2,38.33,2.45,-20.7,0.0,,8,,20260827
DXC,DXC Technology Company,Technology,Information Technology Services,NYSE,10.55,4567720,1685665152,0.5071,9.98,11.96,1.1216,10.61,-23.56,-45.69,-23.87,0.0,62.5,3,15.68,7.9,-32.72,0.0,,8,,20260827
PRGO,Perrigo Company plc,Healthcare,Drug Manufacturers - Specialty & Generic,NYSE,14.76,3399877,2042308352,0.5889,11.3,11.85,5.8676,33.35,-3.66,-54.64,-14.8,0.0,93.75,3,23.98,9.23,-38.45,0.0,,8,,20260827
XHR,"Xenia Hotels & Resorts, Inc.",Real Estate,REIT - Hotel & Motel,NYSE,19.3,812234,1909315712,0.4487,20.13,16.42,-1.8491,9.14,16.37,23.38,17.37,0.0,73.25,3,22.06,11.75,-12.51,0.0,,8,,20260827
VSTS,Vestis Corporation,Industrials,Rental & Leasing Services,NYSE,13.03,1387522,1722046080,0.5292,14.21,9.74,-2.2357,6.51,59.22,163.94,87.93,0.0,55.0,3,16.9,3.98,-22.9,0.0,,8,,20260827
VIR,"Vir Biotechnology, Inc.",Healthcare,Biotechnology,NASDAQ,11.08,1876223,1874912768,0.5475,9.49,8.38,2.9047,19.41,-0.31,132.41,57.71,0.0,88.75,2,11.66,4.75,-4.97,0.0,,8,,20260827
PTTMF,PT TIMAH Tbk,Basic Materials,Other Industrial Metals & Mining,PNK,0.19,58,2244782848,0.2629,-10.38,-69.41,40.1763,-102.52,-112.23,-120.68,-113.18,0.0,62.0,3,0.22,0.02,-13.13,0.0,,8,,20260827
NWL,Newell Brands Inc.,Consumer Defensive,Household & Personal Products,NASDAQ,5.96,11284653,2538363904,0.3175,5.6,4.3,1.1428,63.75,24.26,-11.08,19.99,0.0,86.25,2,7.13,3.07,-16.41,0.0,,8,,20260827
DAO,"Youdao, Inc.",Consumer Defensive,Education & Training Services,NYSE,16.79,76631,2025455616,1.1492,14.91,11.59,1.6399,38.87,53.34,67.46,55.37,0.0,91.25,2,18.94,8.3,-11.35,0.0,,8,,20260827
GRGTF,Grainger plc,Real Estate,Real Estate Services,PNK,2.49,317,1846606464,0.0045,2.3,2.29,42.3682,16.83,-15.45,-21.46,-9.78,0.0,75.0,2,2.8,2.09,-11.07,0.0,,8,,20260827
TNIEF,tonies SE,Consumer Cyclical,Leisure,PNK,15.14,200,1571588608,0.0952,13.82,12.41,13.8289,20.19,1.39,93.24,42.83,0.0,75.0,2,15.14,7.06,0.0,0.0,,8,,20260827
LINC,Lincoln Educational Services Corporation,Consumer Defensive,Education & Training Services,NASDAQ,25.61,758064,812387136,2.3092,41.7,35.71,-6.9658,-49.1,-37.26,9.77,-21.41,0.0,6.25,4,56.34,17.29,-54.54,0.0,,8,,20260827
TPRKY,Travis Perkins plc,Industrials,Industrial Distribution,PNK,8.86,6792,1876904192,0.1279,7.86,7.95,7.8218,19.73,-15.07,-14.14,-6.0,0.0,78.75,3,9.78,6.78,-9.41,0.0,,8,,20260827
BORAY,"Bora Pharmaceuticals Co., Ltd.",Healthcare,Drug Manufacturers - Specialty & Generic,OQX,2.39,24,304849344,0.0127,2.39,2.39,0.0,-7.31,-7.31,-7.31,-7.31,0.0,62.0,3,2.59,2.25,-7.72,0.0,,8,,20260827
RHUHF,Richelieu Hardware Ltd.,Industrials,Tools & Accessories,PNK,25.25,17285,1388454400,0.1704,26.26,28.19,-5.9473,-12.58,-32.39,-17.78,-21.59,0.0,12.0,4,32.78,23.44,-22.97,0.0,,8,,20260827
ITMPF,ITM Power Plc,Industrials,Specialty Industrial Machinery,PNK,1.45,15420,1000792512,0.0515,1.49,1.29,-0.8327,-45.48,61.92,26.65,20.96,0.0,52.0,3,2.85,0.8,-49.12,0.0,,8,,20260827
EVTC,"EVERTEC, Inc.",Technology,Software - Infrastructure,NYSE,29.76,549706,1778235776,1.0924,29.37,28.21,0.3553,22.48,7.17,-38.1,-7.11,0.0,87.5,2,36.52,21.81,-18.51,0.0,,8,,20260827
ESBA,"Empire State Realty OP, L.P.",Real Estate,REIT - Office,PCX,4.6,5831,1288888960,0.263,5.1,5.66,-1.8972,-19.94,-33.38,-56.85,-39.41,0.0,8.75,4,8.3,4.37,-44.58,0.0,,8,,20260827
OGCP,"Empire State Realty OP, L.P.",Real Estate,REIT - Office,PCX,4.7,1225,1316908160,0.1235,5.21,5.67,-4.1086,-15.58,-25.93,-53.87,-34.52,0.0,6.25,4,8.18,4.5,-42.54,0.0,,8,,20260827
COUR,"Coursera, Inc.",Consumer Defensive,Education & Training Services,NYSE,6.06,6715414,1735333248,0.2846,5.69,6.29,1.2917,11.57,-19.01,-66.16,-30.23,0.0,74.5,3,12.32,5.0,-50.81,0.0,,8,,20260827
CBLUF,China BlueChemical Ltd.,Basic Materials,Agricultural Inputs,PNK,0.22,468,1728749952,0.0003,0.23,0.28,-39.1126,-35.68,-26.49,-47.23,-37.08,0.0,0.0,4,0.38,0.22,-42.11,0.0,,8,,20260827
IMDXF,Imdex Limited,Industrials,Farm & Heavy Construction Machinery,PNK,2.6,447,1352735360,0.0471,2.8,2.67,-4.1911,-15.68,-6.9,-8.49,-9.73,0.0,12.0,4,3.19,1.97,-18.5,0.0,,8,,20260827
SNLRF,Sanlorenzo S.p.A.,Consumer Cyclical,Recreational Vehicles,PNK,44.14,54,1563301888,0.0855,43.09,38.49,12.2416,1.18,-0.0,2.7,1.37,0.0,75.0,2,44.72,32.43,-1.29,0.0,,8,,20260827
DCH,Dauch Corporation,Consumer Cyclical,Auto Parts,NYSE,6.4,3525267,1520669568,0.3287,5.86,6.36,1.6376,-9.46,-18.89,-11.72,-13.66,0.0,87.5,3,9.25,4.92,-30.81,0.0,,8,,20260827
GHRS,GH Research PLC,Healthcare,Biotechnology,NASDAQ,29.01,290464,1991312768,1.4013,27.46,19.35,1.1058,27.4,73.08,99.55,72.25,0.0,87.5,2,31.44,11.83,-7.73,0.0,,8,,20260827
MBX,"MBX Biosciences, Inc.",Healthcare,Biotechnology,NASDAQ,66.76,762649,3215168000,3.5811,60.55,39.41,1.734,107.07,76.21,360.07,197.47,0.0,87.5,2,72.64,9.63,-8.09,0.0,,8,,20260827
WKC,World Kinect Corporation,Energy,Oil & Gas Refining & Marketing,NYSE,36.01,1130126,1841969792,0.9979,35.65,27.84,0.3601,23.64,32.82,19.24,25.09,0.0,83.75,2,41.2,22.21,-12.6,0.0,,8,,20260827
NVAX,"Novavax, Inc.",Healthcare,Biotechnology,NASDAQ,9.21,4208128,1519150208,0.4518,8.47,8.46,1.6388,-19.3,-14.47,1.91,-9.12,0.0,63.75,3,11.97,6.2,-23.06,0.0,,8,,20260827
PRXXF,Paradox Interactive AB (publ),Communication Services,Electronic Gaming & Multimedia,PNK,15.2,79,1605850240,0.1637,14.06,11.6,7.0038,3.75,58.12,12.12,26.13,0.0,76.25,2,19.1,12.5,-20.4,0.0,,8,,20260827
SLVM,Sylvamo Corporation,Basic Materials,Paper & Paper Products,NYSE,36.69,324015,1458803328,1.3462,38.21,42.58,-1.1313,-7.37,-29.21,-35.01,-26.07,0.0,19.5,4,56.8,35.53,-35.4,0.0,,8,,20260827
FRUYF,"Furuya Metal Co., Ltd.",Technology,Electronic Components,PNK,20.72,0,509697568,0.6549,-12.28,-111.28,50.3919,-116.66,-126.38,-129.57,-125.23,0.0,62.0,3,60.32,20.52,-65.65,0.0,,8,,20260827
VPG,"Vishay Precision Group, Inc.",Technology,Scientific & Technical Instruments,NYSE,64.06,619043,852062016,7.1168,100.15,67.32,-5.071,-51.47,21.49,105.08,36.69,0.0,23.25,4,151.78,27.54,-57.79,0.0,,8,,20260827
QURE,uniQure N.V.,Healthcare,Biotechnology,NASDAQ,50.95,1893970,3534219008,2.2799,44.06,27.73,3.0207,100.08,93.76,207.09,140.67,0.0,88.75,2,71.5,8.73,-28.74,0.0,,8,,20260827
PGEN,"Precigen, Inc.",Healthcare,Biotechnology,NASDAQ,7.42,5478634,2656621568,0.4095,5.94,4.55,3.6126,66.29,82.12,65.87,71.66,0.0,87.5,2,7.72,2.99,-3.89,0.0,,8,,20260827
ECVT,Ecovyst Inc.,Basic Materials,Specialty Chemicals,NYSE,10.21,1587457,1117672320,0.3678,11.7,11.62,-4.0645,-29.21,-20.91,-8.12,-17.87,0.0,10.0,4,15.09,7.41,-32.32,0.0,,8,,20260827
ACKAY,Arçelik Anonim Sirketi,Consumer Cyclical,"Furnishings, Fixtures & Appliances",PNK,9.78,793,1321724416,0.0791,10.82,12.6,-13.1538,-15.49,-51.07,-63.03,-46.96,0.0,1.25,4,17.0,9.74,-42.47,0.0,,8,,20260827
QFIN,"Qfin Holdings, Inc.",Financial Services,Credit Services,NASDAQ,9.35,1852012,1136799616,0.6348,13.52,14.84,-6.5756,-42.94,-43.2,-87.81,-60.98,0.0,6.25,4,32.69,9.21,-71.4,0.0,,8,,20260827
AMLX,"Amylyx Pharmaceuticals, Inc.",Healthcare,Drug Manufacturers - Specialty & Generic,NASDAQ,37.08,2385207,4131566848,2.3284,21.65,16.1,6.6282,161.2,146.93,315.67,217.99,0.0,83.75,2,41.14,8.94,-9.87,0.0,,8,,20260827
ARDX,"Ardelyx, Inc.",Healthcare,Biotechnology,NASDAQ,3.83,4182928,988858368,0.1952,4.94,5.93,-5.6631,-40.27,-52.72,-57.36,-51.46,0.0,6.25,4,8.4,3.73,-54.4,0.0,,8,,20260827
BOBS,"Bob's Discount Furniture, Inc.",Consumer Cyclical,Specialty Retail,NYSE,17.13,1010563,2238669312,0.9122,16.45,17.13,0.74,24.08,-30.42,-13.01,-9.83,0.0,90.0,3,23.49,9.74,-27.08,0.0,,8,,20260827
DV,"DoubleVerify Holdings, Inc.",Communication Services,Advertising Agencies,NYSE,13.3,3732162,2061334912,0.2444,11.75,10.72,6.327,35.05,28.45,-38.71,3.23,0.0,86.25,2,16.44,7.64,-19.1,0.0,,8,,20260827
AMTD,AMTD IDEA Group,Financial Services,Asset Management,NYSE,0.77,17692,73280016,0.0441,0.86,0.98,-1.9044,-21.93,-31.93,-46.33,-35.19,0.0,11.25,4,1.65,0.71,-53.21,0.0,,8,,20260827
GAM,"General American Investors Company, Inc.",Financial Services,Asset Management,NYSE,67.58,24343,1610574208,0.7531,65.17,61.94,3.2059,3.23,-2.56,5.28,2.02,0.0,88.75,2,68.57,56.24,-1.44,0.0,,8,,20260827
MLLGF,Mullen Group Ltd.,Industrials,Trucking,PNK,18.43,24073,1773722752,0.2047,17.67,13.9,3.7318,15.58,38.8,65.29,43.59,0.0,77.5,2,20.35,9.47,-9.43,0.0,,8,,20260827
BY,"Byline Bancorp, Inc.",Financial Services,Banks - Regional,NYSE,38.26,299285,1728832384,0.6535,37.88,32.8,0.5823,13.37,7.95,14.63,11.98,0.0,86.25,2,40.03,25.57,-4.42,0.0,,8,,20260827
LAR,Lithium Argentina AG,Basic Materials,Other Industrial Metals & Mining,NYSE,6.71,1911618,1101111040,0.4177,7.03,7.32,-0.7762,-36.62,-30.85,85.9,14.41,0.0,35.25,4,12.05,2.97,-44.32,0.0,,8,,20260827
QCRH,"QCR Holdings, Inc.",Financial Services,Banks - Regional,NASDAQ,100.79,125892,1650498176,2.2225,99.81,90.3,0.4419,8.05,0.39,7.36,5.09,0.0,88.75,2,108.11,66.65,-6.77,0.0,,8,,20260827
LZB,La-Z-Boy Incorporated,Consumer Cyclical,"Furnishings, Fixtures & Appliances",NYSE,32.34,609143,1295306624,1.4437,39.31,36.6,-4.8273,-15.7,-19.87,-29.96,-22.86,0.0,38.75,3,44.9,29.03,-27.97,0.0,,8,,20260827
FUGRF,Fugro N.V.,Energy,Oil & Gas Equipment & Services,PNK,9.48,35,1055449664,0.1099,12.39,12.14,-26.4726,-32.07,-43.73,-50.45,-43.5,0.0,0.0,4,15.31,9.48,-38.08,0.0,,8,,20260827
CNOB,"ConnectOne Bancorp, Inc.",Financial Services,Banks - Regional,NASDAQ,31.97,444359,1608724992,0.6053,32.63,28.51,-1.0962,5.39,6.09,10.59,7.72,0.0,70.75,3,34.14,23.2,-6.36,0.0,,8,,20260827
CNOBP,"ConnectOne Bancorp, Inc.",Financial Services,Banks - Regional,NASDAQ,25.12,6373,0,0.0587,24.84,24.06,4.7067,0.03,-7.0,-8.3,-5.76,0.0,86.25,2,25.46,23.11,-1.35,0.0,,8,,20260827
QQQX,Nuveen Nasdaq 100 Dynamic Overwrite Fund,Financial Services,Asset Management,NASDAQ,30.52,109145,1490193408,0.4236,30.04,28.12,1.1231,-1.39,2.5,3.58,1.96,0.0,83.75,2,31.87,25.35,-4.24,0.0,,8,,20260827
FLTLF,Flow Traders Ltd.,Financial Services,Capital Markets,PNK,33.8,387,1489601920,0.2091,30.28,30.71,16.824,-3.74,-2.6,-4.57,-3.67,0.0,75.0,3,34.29,26.33,-1.44,0.0,,8,,20260827
CCS,"Century Communities, Inc.",Real Estate,Real Estate - Development,NYSE,69.32,311680,1970968576,2.3493,67.68,61.83,0.6991,26.23,-6.68,-13.8,-1.3,0.0,87.5,2,76.0,47.27,-8.79,0.0,,8,,20260827
XIORF,Xior Student Housing NV,Real Estate,REIT - Residential,PNK,31.6,450,1475565056,0.1176,31.32,31.62,2.3605,-3.55,-19.53,-25.99,-18.12,0.0,63.25,3,35.58,29.18,-11.17,0.0,,8,,20260827
LKFN,Lakeland Financial Corporation,Financial Services,Banks - Regional,NASDAQ,59.47,195787,1478295808,1.2075,61.31,58.89,-1.5217,-2.74,-9.15,-28.93,-15.46,0.0,68.25,3,69.4,54.36,-14.31,0.0,,8,,20260827
WEN,The Wendy's Company,Consumer Cyclical,Restaurants,NASDAQ,9.04,16337478,1723376640,0.3905,7.81,7.54,3.1476,20.58,14.11,-28.69,-1.39,0.0,90.0,2,10.62,6.07,-14.88,0.0,,8,,20260827
INBX,"Inhibrx Biosciences, Inc.",Healthcare,Biotechnology,NASDAQ,125.34,301231,1844711424,7.9563,92.99,87.34,4.0659,19.34,45.04,380.0,172.6,0.0,66.25,2,155.29,26.19,-19.29,0.0,,8,,20260827
OERLY,OC Oerlikon Corporation AG,Industrials,Specialty Industrial Machinery,PNK,12.73,239,2122050816,0.1004,11.36,8.32,13.6344,40.73,45.54,93.1,63.36,0.0,75.0,2,14.14,6.94,-9.97,0.0,,8,,20260827
HLX,"Helix Energy Solutions Group, Inc.",Energy,Oil & Gas Equipment & Services,NYSE,9.79,1475387,0,0.3398,9.45,8.74,0.9941,0.28,-9.13,33.61,10.32,0.0,86.25,2,10.75,6.03,-8.93,0.0,,8,,20260827
GSHD,"Goosehead Insurance, Inc.",Financial Services,Insurance Brokers,NASDAQ,71.31,550498,2548490496,3.2098,57.66,55.64,4.2538,86.91,28.33,-38.24,16.35,0.0,87.5,2,88.13,33.68,-19.09,0.0,,8,,20260827
GBX,"The Greenbrier Companies, Inc.",Industrials,Railroads,NYSE,46.24,466168,1430651136,1.1999,48.21,48.72,-1.6435,-5.97,-30.3,-17.68,-19.17,0.0,34.0,4,59.19,38.23,-21.88,0.0,,8,,20260827
TRINZ,Trinity Capital Inc. 7.875% Notes due 2029,Unknown,Unknown,NASDAQ,25.34,6312,0,0.0782,25.34,25.34,0.0,-2.75,-2.75,-2.75,-2.75,0.0,80.75,3,25.66,24.91,-1.25,0.0,,8,,20260827
TRIN,Trinity Capital Inc.,Financial Services,Asset Management,NYSE,18.73,1049365,1683595648,0.3311,17.51,15.34,3.6885,11.88,18.25,17.3,16.28,0.0,88.75,2,18.81,14.13,-0.43,0.0,,8,,20260827
SFRGY,Salvatore Ferragamo S.p.A.,Consumer Cyclical,Luxury Goods,PNK,5.54,20935,1832017408,0.2282,5.84,4.77,-1.302,6.93,26.53,76.24,41.51,0.0,53.75,3,6.72,2.65,-17.56,0.0,,8,,20260827
AGTEF,AGTech Holdings Limited,Consumer Cyclical,Gambling,PNK,0.16,1033,1848829696,0.002,0.12,0.07,21.8932,52.51,619.64,746.23,528.49,0.0,75.0,2,0.16,0.01,0.0,0.0,,8,,20260827
BRAI,Braiin Limited,Technology,Computer Hardware,NASDAQ,5.45,292345,1123180800,0.4655,5.92,5.45,-1.0003,-51.83,-45.05,-76.33,-59.26,0.0,38.75,3,33.0,4.19,-83.48,0.0,,8,,20260827
KELTF,Kelt Exploration Ltd.,Energy,Oil & Gas E&P,PNK,7.68,53807,1559649024,0.2145,6.77,6.33,4.2598,13.14,15.67,34.03,22.38,0.0,83.75,2,8.24,4.35,-6.76,0.0,,8,,20260827
SFRGF,Salvatore Ferragamo S.p.A.,Consumer Cyclical,Luxury Goods,PNK,8.9,0,1471566208,0.0007,8.9,9.12,0.0,-2.34,-23.42,41.26,7.72,0.0,37.0,3,10.15,5.5,-12.32,0.0,,8,,20260827
KARO,Karooooo Ltd.,Technology,Software - Application,NCM,64.28,113942,1985821312,2.1087,58.58,49.39,2.7048,36.2,30.84,10.84,24.18,0.0,93.75,2,67.14,41.25,-4.26,0.0,,8,,20260827
ITAYY,PT Indo Tambangraya Megah Tbk,Energy,Thermal Coal,PNK,2.89,431,1593401984,0.0243,2.82,2.76,2.8177,15.66,-1.17,-6.24,1.01,0.0,75.0,2,3.72,2.28,-22.31,0.0,,8,,20260827
KSS,Kohl's Corporation,Consumer Cyclical,Department Stores,NYSE,17.94,4767325,0,1.0141,18.17,17.03,-0.227,37.49,-4.69,12.04,12.55,0.0,74.5,3,25.22,11.38,-28.87,0.0,,8,,20260827
NKOKF,"Noritsu Koki Co., Ltd.",Technology,Consumer Electronics,PNK,12.44,2,1301683584,0.1436,5.57,-4.41,47.8773,-148.89,-163.43,-73.06,-123.65,0.0,62.0,3,13.54,6.67,-8.09,0.0,,8,,20260827
WACLY,Wacoal Holdings Corp.,Consumer Cyclical,Apparel Manufacturing,PNK,135.03,192,1335097728,4.6097,134.87,141.55,0.035,-11.54,-17.1,-53.06,-30.1,0.0,43.25,3,200.04,115.5,-32.5,0.0,,8,,20260827
IMCR,Immunocore Holdings plc,Healthcare,Biotechnology,NASDAQ,37.12,537040,1911628544,1.3174,33.4,32.72,2.8273,27.81,4.31,-6.66,5.8,0.0,90.0,2,40.72,27.55,-8.83,0.0,,8,,20260827
SISXF,Savaria Corporation,Industrials,Specialty Industrial Machinery,PNK,20.73,7492,1489961856,0.3067,20.98,19.12,-0.8312,-0.42,1.43,16.94,7.17,0.0,63.25,3,22.88,14.52,-9.41,0.0,,8,,20260827
WBI,WaterBridge Infrastructure LLC,Energy,Oil & Gas Equipment & Services,NYSE,31.61,1151990,3902450688,1.3288,32.77,26.96,-0.8731,4.59,15.2,21.47,15.05,0.0,74.5,3,36.89,18.64,-14.31,0.0,,8,,20260827
CRRSF,Cirrus Aircraft Limited,Unknown,Unknown,PNK,5.48,3942,0,0.3004,4.97,5.48,1.6995,-39.98,34.62,34.62,15.97,0.0,58.75,3,8.87,4.0,-38.22,0.0,,8,,20260827
BTT,Blackrock Municipal 2030 Target Term Trust,Financial Services,Asset Management,NYSE,22.61,80995,1438570624,0.1387,22.57,22.46,0.3085,-2.62,-11.17,-16.49,-11.16,0.0,60.0,2,23.24,22.19,-2.71,0.0,,8,,20260827
RLJ,RLJ Lodging Trust,Real Estate,REIT - Hotel & Motel,NYSE,11.46,1939753,1755062272,0.3284,11.62,8.82,-0.5002,14.31,37.86,42.1,33.67,0.0,72.0,3,12.89,6.54,-11.09,0.0,,8,,20260827
OBK,"Origin Bancorp, Inc.",Financial Services,Banks - Regional,NYSE,53.27,162443,1643362304,1.0356,52.3,44.35,0.9408,10.75,13.9,20.65,15.81,0.0,86.25,2,55.57,32.12,-4.14,0.0,,8,,20260827
CBL,"CBL & Associates Properties, Inc.",Real Estate,REIT - Retail,NYSE,55.1,288803,1704945792,1.6656,54.75,42.61,0.2101,14.37,38.08,64.32,42.65,0.0,85.0,2,60.4,28.04,-8.77,0.0,,8,,20260827
IDRSF,Idorsia Ltd,Healthcare,Biotechnology,PNK,7.25,3261,1922094208,0.1262,7.46,5.42,-1.6595,23.78,29.03,87.14,50.96,0.0,62.0,3,8.19,3.3,-11.48,0.0,,8,,20260827
NOMD,Nomad Foods Limited,Consumer Defensive,Packaged Foods,NYSE,12.15,1551641,0,0.4387,11.36,10.88,1.7973,19.73,-9.28,-38.38,-13.67,0.0,82.5,2,15.6,8.99,-22.12,0.0,,8,,20260827
ENVX,Enovix Corporation,Industrials,Electrical Equipment & Parts,NASDAQ,3.4,7124517,746124992,0.3406,4.8,6.34,-4.1225,-57.01,-55.82,-87.9,-68.95,0.0,11.25,4,14.21,3.06,-76.07,0.0,,8,,20260827
ARI,"Apollo Commercial Real Estate Finance, Inc.",Real Estate,REIT - Mortgage,NYSE,6.81,4177946,875387008,0.1269,6.8,6.66,0.0877,-5.63,-9.44,-9.79,-8.63,0.0,61.25,2,11.24,6.43,-39.41,0.0,,8,,20260827
DPBSF,Dampskibsselskabet Norden A/S,Industrials,Marine Shipping,PNK,57.28,14,1577151104,0.3749,51.3,45.85,15.9527,9.07,28.5,40.79,28.56,0.0,76.25,2,57.28,35.5,-0.0,0.0,,8,,20260827
AMVMF,AMG Critical Materials N.V.,Basic Materials,Other Industrial Metals & Mining,PNK,37.0,1031,1316685696,0.9365,37.21,39.15,-0.2252,-20.12,-27.02,-2.88,-15.64,0.0,27.75,4,49.22,27.7,-24.83,0.0,,8,,20260827
ELUXY,AB Electrolux (publ),Consumer Cyclical,"Furnishings, Fixtures & Appliances",PNK,6.36,5522,2580535040,0.2011,5.84,6.76,2.6101,-1.45,-38.12,-24.3,-23.42,0.0,45.75,3,19.83,4.63,-67.93,0.0,,8,,20260827
ALKEF,Alkane Resources Ltd,Basic Materials,Gold,OQX,1.38,527982,1885362560,0.0621,1.05,1.02,5.3713,26.63,1.09,95.06,45.06,0.0,87.5,2,1.42,0.56,-2.82,0.0,,8,,20260827
SLS,"SELLAS Life Sciences Group, Inc.",Healthcare,Biotechnology,NCM,13.73,8647250,2772714496,1.2037,12.07,6.37,1.3756,57.68,190.65,598.29,320.46,0.0,90.0,2,15.88,1.39,-13.54,0.0,,8,,20260827
CBLUY,China BlueChemical Ltd.,Basic Materials,Agricultural Inputs,PNK,16.95,7,1562790016,0.0102,16.95,13.15,0.0,-12.92,45.98,38.0,28.06,0.0,50.0,3,19.78,11.19,-14.31,0.0,,8,,20260827
PBT,Permian Basin Royalty Trust,Energy,Oil & Gas Midstream,NYSE,33.75,124201,1573046912,1.5983,29.13,23.05,2.8884,19.31,58.16,86.43,59.76,0.0,92.5,2,35.5,16.25,-4.93,0.0,,8,,20260827
HLMN,Hillman Solutions Corp.,Industrials,Tools & Accessories,NASDAQ,8.04,1560125,1564141696,0.3134,8.26,8.5,-0.7086,4.71,-14.71,-40.24,-20.07,0.0,54.0,4,10.85,6.96,-25.9,0.0,,8,,20260827
AGL,"agilon health, inc.",Healthcare,Medical Care Facilities,NYSE,95.74,328412,1607590400,8.3349,104.92,48.94,-1.1016,3.76,654.81,156.95,292.9,0.0,41.25,3,133.04,7.48,-28.04,0.0,,8,,20260827
TRS,TriMas Corporation,Consumer Cyclical,Packaging & Containers,NASDAQ,40.14,471442,1439977216,1.1521,40.85,37.45,-0.6182,-4.73,-1.85,-15.2,-7.91,0.0,50.75,3,45.43,30.43,-11.64,0.0,,8,,20260827
PICS,PicS N.V.,Technology,Software - Infrastructure,NASDAQ,10.61,443028,2292175616,0.8091,11.39,10.61,-0.9643,-4.38,-51.74,-55.12,-41.25,0.0,62.5,3,19.95,8.32,-46.82,0.0,,8,,20260827
ATRC,"AtriCure, Inc.",Healthcare,Medical Instruments & Supplies,NASDAQ,48.17,899942,2450229504,1.7113,36.98,33.9,6.5404,73.14,43.33,6.74,36.15,0.0,91.25,2,49.88,25.36,-3.43,0.0,,8,,20260827
GENI,Genius Sports Limited,Communication Services,Internet Content & Information,NYSE,7.62,6332970,2039317376,0.4697,6.93,7.12,1.4683,35.95,17.61,-61.63,-9.5,0.0,90.0,3,13.73,3.83,-44.5,0.0,,8,,20260827
KDK,"Kodiak AI, Inc.",Technology,Software - Infrastructure,NASDAQ,3.95,1136982,792441792,0.2695,4.64,7.31,-2.5468,-46.94,-60.92,-67.7,-60.14,0.0,11.25,4,11.35,3.76,-65.2,0.0,,8,,20260827
ARLO,"Arlo Technologies, Inc.",Industrials,Building Products & Equipment,NYSE,13.06,1237911,1405429760,0.6061,13.57,13.64,-0.8471,-3.48,-1.45,-43.69,-18.86,0.0,59.0,4,19.94,11.05,-34.5,0.0,,8,,20260827
TNC,Tennant Company,Industrials,Specialty Industrial Machinery,NYSE,70.42,191138,1200611968,3.2309,81.7,77.17,-3.491,-21.01,2.11,-34.37,-18.26,0.0,24.5,4,91.93,60.18,-23.4,0.0,,8,,20260827
YSWY,"Yesway, Inc.",Consumer Defensive,Grocery Stores,NASDAQ,25.07,461079,781821952,1.2316,21.5,25.07,2.9014,11.4,10.1,10.1,10.42,0.0,87.5,3,29.08,18.92,-13.79,0.0,,8,,20260827
MAZE,"Maze Therapeutics, Inc.",Healthcare,Biotechnology,NASDAQ,29.58,545446,1643144448,1.4116,28.48,34.38,0.7807,11.21,-48.48,101.68,26.51,0.0,65.0,3,53.65,13.67,-44.86,0.0,,8,,20260827
ALPKF,"ALPEK, S.A.B. de C.V.",Basic Materials,Specialty Chemicals,PNK,0.72,1553,1511217536,0.0038,0.74,0.61,-4.3124,3.58,38.23,16.62,20.92,0.0,62.0,3,0.77,0.45,-6.02,0.0,,8,,20260827
BCAX,Bicara Therapeutics Inc.,Healthcare,Biotechnology,NASDAQ,24.73,728900,1636456704,1.524,26.53,20.7,-1.1818,12.25,30.12,97.9,52.77,0.0,63.75,3,30.99,10.29,-20.2,0.0,,8,,20260827
BHVN,Biohaven Ltd.,Healthcare,Biotechnology,NYSE,16.95,3068582,2560192000,1.1308,14.66,11.45,2.0288,47.79,36.15,-7.11,21.76,0.0,86.25,2,18.57,7.48,-8.7,0.0,,8,,20260827
AHCO,AdaptHealth Corp.,Healthcare,Medical Devices,NCM,5.67,2369778,756429952,0.4417,8.85,10.1,-7.1989,-47.61,-50.34,-59.13,-53.17,0.0,11.25,4,13.43,5.21,-57.78,0.0,,8,,20260827
HBNB,Hotel101 Global Holdings Corp.,Real Estate,Real Estate Services,NCM,5.47,4943,1281327232,0.184,5.46,6.75,0.0663,-8.75,-44.66,123.86,31.72,0.0,28.75,3,10.43,2.33,-47.51,0.0,,8,,20260827
CSWC,Capital Southwest Corporation,Financial Services,Asset Management,NASDAQ,25.24,651975,1608642816,0.3511,23.83,22.04,4.02,9.04,4.93,5.62,6.23,0.0,86.25,2,25.41,19.37,-0.67,0.0,,8,,20260827
XTEPY,Xtep International Holdings Limited,Consumer Cyclical,Apparel Retail,PNK,45.95,64,1255838336,0.6501,48.2,59.07,-3.4543,-12.97,-44.12,-57.82,-41.81,0.0,14.5,4,84.94,44.24,-45.9,0.0,,8,,20260827
WLDN,"Willdan Group, Inc.",Industrials,Engineering & Construction,NASDAQ,85.94,302558,1309045888,3.5238,78.72,92.95,2.0499,-9.99,-37.72,-46.46,-34.28,0.0,50.75,3,137.0,64.67,-37.27,0.0,,8,,20260827
TRRSF,Trisura Group Ltd.,Financial Services,Insurance - Specialty,PNK,30.29,9812,1430826752,0.4041,30.54,31.14,-0.6174,-1.38,-19.78,-16.44,-13.84,0.0,41.0,1,37.27,25.9,-18.73,0.0,,8,,20260827
SWDHY,Skyworth Group Limited,Technology,Consumer Electronics,PNK,16.38,22,1030955392,0.0479,17.72,14.5,-27.8718,-31.7,22.24,14.26,5.56,0.0,25.0,3,23.2,12.2,-29.4,0.0,,8,,20260827
TTI,"TETRA Technologies, Inc.",Industrials,Conglomerates,NYSE,6.83,1838420,1011337088,0.4281,8.86,9.33,-4.7359,-36.61,-49.8,31.55,-13.96,0.0,11.25,4,12.54,4.44,-45.53,0.0,,8,,20260827
URGN,UroGen Pharma Ltd.,Healthcare,Biotechnology,NASDAQ,45.94,810946,2245573120,2.1088,41.23,27.56,2.2323,54.29,111.15,127.76,103.58,0.0,86.25,2,50.81,15.86,-9.58,0.0,,8,,20260827
GCT,GigaCloud Technology Inc.,Technology,Software - Infrastructure,NASDAQ,52.08,681376,1859789184,2.3542,41.04,40.09,4.6902,33.42,36.38,64.78,47.0,0.0,90.0,2,56.27,25.15,-7.45,0.0,,8,,20260827
AUSDF,Perenti Limited,Basic Materials,Other Industrial Metals & Mining,PNK,1.8,20,1682640640,0.0022,1.77,1.75,12.5201,10.16,-21.11,12.77,0.26,0.0,75.0,2,2.0,1.3,-10.0,0.0,,8,,20260827
WGS,GeneDx Holdings Corp.,Healthcare,Diagnostics & Research,NASDAQ,90.29,891382,2692528128,4.9104,69.38,86.52,4.2568,84.93,3.32,-46.48,3.8,0.0,91.25,3,170.87,32.21,-47.16,0.0,,8,,20260827
FRRFF,4imprint Group plc,Communication Services,Advertising Agencies,PNK,49.54,228,1389350656,0.0492,48.75,48.53,16.0561,-2.02,-19.37,-1.28,-7.8,0.0,50.0,2,57.0,41.68,-13.09,0.0,,8,,20260827
PPTTF,Perpetual Limited,Financial Services,Asset Management,PNK,10.44,2,1207816320,0.0063,10.72,11.54,-44.5452,-16.73,-25.09,-38.93,-28.54,0.0,24.0,4,14.05,10.44,-25.69,0.0,,8,,20260827
HCSG,"Healthcare Services Group, Inc.",Healthcare,Medical Care Facilities,NASDAQ,22.91,742095,1572363648,0.7332,23.26,20.66,-0.4823,8.87,-4.95,27.34,11.42,0.0,75.75,3,25.75,15.13,-11.03,0.0,,8,,20260827
PGENY,Pigeon Corporation,Consumer Defensive,Household & Personal Products,PNK,3.0,198,1433428224,0.0836,3.12,2.7,-1.4261,0.75,20.47,-20.89,-1.01,0.0,62.0,3,3.5,2.21,-14.29,0.0,,8,,20260827
AAT,"American Assets Trust, Inc.",Real Estate,REIT - Diversified,NYSE,22.74,432147,1764300032,0.4346,24.04,20.47,-2.994,0.08,8.19,-1.55,2.27,0.0,36.25,3,25.97,17.72,-12.44,0.0,,8,,20260827
JJSF,J&J Snack Foods Corp.,Consumer Defensive,Packaged Foods,NASDAQ,88.71,240846,1657152128,2.823,80.35,82.43,2.962,13.47,-5.6,-40.94,-14.97,0.0,91.25,3,114.06,68.87,-22.23,0.0,,8,,20260827
LUCK,Lucky Strike Entertainment Corporation,Consumer Cyclical,Leisure,NYSE,6.74,103236,919215488,0.2706,7.14,7.93,-1.4663,-26.87,-30.71,-54.96,-39.45,0.0,11.25,4,11.19,5.71,-39.77,0.0,,8,,20260827
NCKAF,Nickel Asia Corporation,Basic Materials,Other Industrial Metals & Mining,PNK,0.08,41,1097076096,0.0008,0.1,0.03,-21.1503,-23.55,-232.53,545.52,130.94,0.0,25.0,3,0.1,0.05,-21.25,0.0,,8,,20260827
ENOV,Enovis Corporation,Healthcare,Medical Devices,NYSE,25.25,1145206,1456154752,1.4527,25.43,25.02,-0.1268,6.92,2.02,-39.08,-13.2,0.0,74.5,3,34.28,19.14,-26.34,0.0,,8,,20260827
NNE,NANO Nuclear Energy Inc.,Industrials,Specialty Industrial Machinery,NCM,18.5,2507233,993415680,1.3672,19.15,25.6,-0.4761,-34.73,-43.09,-60.85,-48.1,0.0,22.0,4,60.87,14.71,-69.61,0.0,,8,,20260827
PYTCY,Playtech plc,Consumer Cyclical,Gambling,PNK,10.8,1536,1500379392,0.0691,9.75,8.8,15.2293,16.38,1.72,-12.0,-0.1,0.0,76.25,2,12.73,6.23,-15.16,0.0,,8,,20260827
ALMR,"Alamar Biosciences, Inc.",Healthcare,Medical Devices,NASDAQ,34.08,323126,2364905728,2.418,27.54,34.08,2.7061,75.9,46.75,46.75,54.04,0.0,87.5,3,38.54,18.85,-11.57,0.0,,8,,20260827
BMCLF,BAIC Motor Corporation Limited,Consumer Cyclical,Auto Manufacturers,PNK,0.11,175,865656512,0.0007,0.13,0.2,-28.2519,-30.34,-64.56,-83.83,-63.71,0.0,0.0,4,0.29,0.11,-63.27,0.0,,8,,20260827
RBCAA,"Republic Bancorp, Inc.",Financial Services,Banks - Regional,NASDAQ,94.28,110928,1851107840,2.2819,93.04,77.21,0.5425,16.42,23.53,6.74,15.03,0.0,82.5,2,102.22,63.97,-7.77,0.0,,8,,20260827
HYT,"BlackRock Corporate High Yield Fund, Inc.",Financial Services,Asset Management,NYSE,8.28,778009,1350037248,0.055,8.33,8.35,-0.8788,-3.48,-12.72,-23.79,-14.84,0.0,31.5,4,9.61,8.22,-13.84,0.0,,8,,20260827
RYZ,Ryerson Holding Corporation,Industrials,Metal Fabrication,NYSE,25.15,497928,1305251072,1.3737,27.45,25.81,-1.6749,-11.5,-19.87,-8.27,-13.14,0.0,24.5,4,32.0,19.34,-21.41,0.0,,8,,20260827
NFJ,"Virtus Dividend, Interest & Premium Strategy Fund",Financial Services,Asset Management,NYSE,15.59,177931,1467046400,0.1489,15.26,13.56,2.1886,5.66,7.44,11.32,8.55,0.0,86.25,2,15.75,12.25,-1.02,0.0,,8,,20260827
LLESY,Lendlease Group,Real Estate,Real Estate - Diversified,PNK,2.24,300,1547596288,0.0438,2.09,2.65,3.5039,6.39,-39.99,-53.62,-33.85,0.0,51.25,3,3.79,1.78,-40.9,0.0,,8,,20260827
RVLV,"Revolve Group, Inc.",Consumer Cyclical,Internet Retail,NYSE,23.36,912792,1660555520,0.9688,23.91,24.52,-0.5706,13.18,-15.21,-15.29,-8.14,0.0,57.75,3,31.68,17.35,-26.26,0.0,,8,,20260827
TOWCF,TOWA Corporation,Technology,Semiconductor Equipment & Materials,PNK,14.5,2537,1087959168,0.7314,17.94,9.38,-4.6986,-29.0,-6427.7,-6435.69,-4831.22,0.0,28.75,3,23.35,11.66,-37.9,0.0,,8,,20260827
SNMSF,Spin Master Corp.,Consumer Cyclical,Leisure,PNK,14.6,10534,1460266880,0.1533,14.81,14.08,-1.3682,6.0,-6.52,-32.79,-13.9,0.0,65.75,3,16.61,12.65,-12.1,0.0,,8,,20260827
LOMA,Loma Negra Compañía Industrial Argentina Sociedad Anónima,Basic Materials,Building Materials,NYSE,9.65,429943,1126122496,0.4217,11.0,11.34,-3.1973,-20.98,-22.33,-22.79,-22.18,0.0,6.25,4,13.2,7.04,-26.89,0.0,,8,,20260827
DOLE,Dole plc,Consumer Defensive,Farm Products,NYSE,13.63,1147339,1287473536,0.332,13.86,14.49,-0.7045,-7.65,-22.99,-27.44,-20.93,0.0,37.75,4,16.57,12.52,-17.74,0.0,,8,,20260827
EYE,"National Vision Holdings, Inc.",Consumer Cyclical,Specialty Retail,NASDAQ,18.67,2168095,1476224000,0.9261,19.75,23.69,-1.1709,10.19,-38.94,-42.54,-28.1,0.0,35.0,4,30.02,14.75,-37.81,0.0,,8,,20260827
CRI,"Carter's, Inc.",Consumer Cyclical,Apparel Retail,NYSE,34.28,1002310,1258459392,1.5141,39.22,36.11,-3.2596,-15.25,-28.18,12.11,-8.83,0.0,20.75,4,44.44,27.08,-22.86,0.0,,8,,20260827
SUPIF,Supermarket Income REIT plc,Industrials,Consulting Services,PNK,1.16,35,0,0.0101,1.1,1.16,5.8013,4.65,-4.5,50.54,19.8,0.0,76.25,3,1.26,0.75,-7.94,0.0,,8,,20260827
CGIFF,Chemtrade Logistics Income Fund,Basic Materials,Chemicals,OQX,10.99,24423,1232648704,0.2167,11.5,11.2,-2.3608,-12.45,-15.39,-0.95,-8.88,0.0,32.75,4,13.5,8.85,-18.59,0.0,,8,,20260827
MAN,ManpowerGroup Inc.,Industrials,Staffing & Employment Services,NYSE,61.96,1269676,2881594880,2.2897,48.01,33.66,6.0938,114.05,134.35,26.7,86.22,0.0,93.75,2,62.96,25.15,-1.59,0.0,,8,,20260827
GSL,"Global Ship Lease, Inc.",Industrials,Marine Shipping,NYSE,44.2,324865,0,1.1369,40.76,37.27,3.0254,19.72,3.06,38.88,21.55,0.0,83.75,2,45.45,27.28,-2.75,0.0,,8,,20260827
LEG,"Leggett & Platt, Incorporated",Consumer Cyclical,"Furnishings, Fixtures & Appliances",NYSE,9.2,2532826,1256618752,0.343,10.47,10.63,-3.6987,-12.13,-29.49,-23.07,-22.58,0.0,5.0,4,13.0,8.34,-29.23,0.0,,8,,20260827
BIREF,Birchcliff Energy Ltd.,Energy,Oil & Gas E&P,PNK,4.59,110721,1259742336,0.1038,4.52,4.89,0.7168,-1.23,-14.85,-18.35,-12.84,0.0,48.25,3,5.9,4.07,-22.2,0.0,,8,,20260827
MRTN,"Marten Transport, Ltd.",Industrials,Trucking,NASDAQ,14.46,748389,1180827776,0.4038,16.17,13.95,-4.2315,-18.23,-0.12,1.61,-3.96,0.0,35.0,3,18.48,9.35,-21.75,0.0,,8,,20260827
UVV,Universal Corporation,Consumer Defensive,Tobacco,NYSE,46.66,304051,1161799296,1.2543,50.38,51.46,-2.9643,-16.48,-21.95,-31.67,-24.47,0.0,20.75,4,59.38,43.36,-21.42,0.0,,8,,20260827
BLKB,"Blackbaud, Inc.",Technology,Software - Application,NASDAQ,47.09,782523,2137419648,2.093,36.47,44.37,5.0757,54.41,-12.68,-48.36,-10.18,0.0,93.75,3,70.71,25.58,-33.4,0.0,,8,,20260827
ORC,"Orchid Island Capital, Inc.",Real Estate,REIT - Mortgage,NYSE,6.67,4907423,1326044800,0.1131,6.62,6.65,0.4339,-1.46,-14.77,-6.89,-8.29,0.0,87.5,3,8.4,6.31,-20.6,0.0,,8,,20260827
WZZZY,Wizz Air Holdings Plc,Industrials,Airlines,PNK,3.62,57,1498069760,0.0056,3.77,3.77,-26.8848,7.33,-35.37,-47.5,-29.55,0.0,49.0,4,5.42,2.9,-33.25,0.0,,8,,20260827
TRTPF,Trustpilot Group plc,Technology,Software - Application,PNK,3.6,48,1384913920,0.0014,3.56,2.83,31.0325,0.55,78.45,-6.83,24.86,0.0,75.0,2,3.72,1.71,-3.16,0.0,,8,,20260827
GRPFF,"Grupo Televisa, S.A.B.",Communication Services,Telecom Services,PNK,0.55,60,1449415040,0.0001,0.55,0.57,-9.5826,-6.53,-23.95,-10.56,-14.24,0.0,24.0,4,0.65,0.48,-15.38,0.0,,8,,20260827
BRDNF,Breedon Group plc,Basic Materials,Building Materials,PNK,3.94,50,1367538176,0.0038,3.96,4.29,-5.7796,1.45,-31.09,-54.69,-32.4,0.0,49.0,4,6.25,3.9,-36.96,0.0,,8,,20260827
OI,"O-I Glass, Inc.",Consumer Cyclical,Packaging & Containers,NYSE,7.44,3364484,1143228544,0.4085,8.38,11.33,-2.3087,-21.56,-53.34,-64.33,-49.79,0.0,12.5,4,16.91,6.29,-56.0,0.0,,8,,20260827
BCTCF,OSL Group Limited,Financial Services,Capital Markets,PNK,1.5,3,1348921984,0.0004,1.5,1.96,0.0,-0.61,-56.47,-54.21,-41.6,0.0,25.0,3,2.7,0.01,-44.44,0.0,,8,,20260827
CNL,Collective Mining Ltd.,Basic Materials,Gold,NASDAQ,15.71,67650,1456987904,0.8745,13.48,15.21,2.5518,1.22,-32.87,18.96,-3.62,0.0,65.0,3,21.97,9.77,-28.49,0.0,,8,,20260827
HKBNF,HKBN Ltd.,Communication Services,Telecom Services,PNK,0.91,0,1350994944,0.0003,0.91,0.51,0.0,18.13,162.34,398.95,220.93,0.0,75.0,3,0.91,0.4,0.0,0.0,,8,,20260827
NRP,Natural Resource Partners L.P.,Energy,Thermal Coal,NYSE,109.84,54941,0,2.4995,100.13,107.98,3.8832,3.32,-20.72,-10.29,-10.54,0.0,61.25,3,128.6,95.51,-14.59,0.0,,8,,20260827
PAHC,Phibro Animal Health Corporation,Healthcare,Drug Manufacturers - Specialty & Generic,NASDAQ,36.09,267439,1463980544,1.2919,33.9,41.92,1.6946,7.85,-42.7,-6.15,-15.44,0.0,58.75,3,60.08,28.25,-39.93,0.0,,8,,20260827
LIND,"Lindblad Expeditions Holdings, Inc.",Consumer Cyclical,Travel Services,NCM,31.19,893222,2046678144,1.2356,29.19,20.32,1.6192,35.85,39.2,88.21,57.97,0.0,82.5,2,35.0,11.37,-10.89,0.0,,8,,20260827
EOPSF,Electro Optic Systems Holdings Limited,Industrials,Aerospace & Defense,PNK,7.79,66817,1727059840,0.5788,5.93,7.79,3.2184,12.21,20.93,15.81,16.7,0.0,61.25,3,9.02,4.01,-13.64,0.0,,8,,20260827
SPH,"Suburban Propane Partners, L.P.",Utilities,Utilities - Regulated Gas,NYSE,17.72,226377,1182143488,0.3785,17.61,18.53,0.2796,-10.53,-20.5,-17.65,-16.87,0.0,50.75,3,20.8,16.53,-14.81,0.0,,8,,20260827
WWW,"Wolverine World Wide, Inc.",Consumer Cyclical,Footwear & Accessories,NYSE,20.1,923090,1649533440,0.8964,18.59,17.41,1.6803,11.01,1.68,-53.28,-17.97,0.0,85.0,2,32.8,13.47,-38.72,0.0,,8,,20260827
TV,"Grupo Televisa, S.A.B.",Communication Services,Telecom Services,NYSE,2.88,921192,1517932800,0.0983,2.78,2.91,1.0217,-0.22,-19.97,-4.9,-9.0,0.0,72.0,3,3.49,2.34,-17.48,0.0,,8,,20260827
TBLA,Taboola.com Ltd.,Communication Services,Internet Content & Information,NASDAQ,3.73,3201931,1007679616,0.2208,4.71,4.14,-4.4256,-26.07,15.33,-9.88,-5.1,0.0,27.0,4,5.71,2.83,-34.68,0.0,,8,,20260827
CCEC,Capital Clean Energy Carriers Corp.,Industrials,Marine Shipping,NASDAQ,22.6,13033,1360793344,0.5297,22.06,20.99,1.0159,-0.83,-12.54,-11.71,-9.28,0.0,95.0,2,24.0,16.77,-5.83,0.0,,8,,20260827
PRG,"PROG Holdings, Inc.",Industrials,Rental & Leasing Services,NYSE,39.77,556721,1584104064,1.5537,42.9,34.47,-2.0156,3.55,-2.6,-3.71,-1.5,0.0,60.0,3,47.73,25.8,-16.68,0.0,,8,,20260827
CRML,Critical Metals Corp.,Basic Materials,Other Industrial Metals & Mining,NASDAQ,7.99,6566048,1173641088,0.6623,7.56,9.78,0.6508,-33.35,-36.85,6.26,-18.73,0.0,38.75,3,32.15,5.12,-75.15,0.0,,8,,20260827
GRWXF,Molten Ventures Plc,Unknown,Unknown,PNK,9.0,1431,1550029696,0.2288,9.0,9.0,0.0,9.84,9.84,9.84,9.84,0.0,64.94,3,9.36,7.5,-3.85,0.0,,8,,20260827
MLTX,MoonLake Immunotherapeutics,Healthcare,Biotechnology,NCM,15.62,1237537,1329366400,0.8195,18.52,16.79,-3.5341,-17.5,-25.38,-91.97,-50.04,0.0,23.25,4,62.75,5.95,-75.11,0.0,,8,,20260827
NSSC,"Napco Security Technologies, Inc.",Industrials,Security & Protection Services,NASDAQ,35.73,412207,1278006144,2.0193,37.49,40.04,-0.874,-3.13,-34.88,-12.82,-18.12,0.0,49.5,4,51.77,34.2,-30.98,0.0,,8,,20260827
DFH,"Dream Finders Homes, Inc.",Consumer Cyclical,Residential Construction,NYSE,14.7,647231,1330866304,0.9456,15.29,16.46,-0.626,-7.26,-31.39,-69.92,-40.77,0.0,23.25,4,31.5,12.2,-53.33,0.0,,8,,20260827
MUC,"BlackRock MuniHoldings California Quality Fund, Inc.",Financial Services,Asset Management,NYSE,10.63,350648,1001175104,0.0739,10.73,10.5,-1.405,-1.79,-10.8,-9.68,-8.1,0.0,67.0,3,11.16,10.16,-4.75,0.0,,8,,20260827
ATUUF,Tenaz Energy Corp.,Energy,Oil & Gas E&P,PNK,44.96,13571,1488961664,1.0875,37.75,33.76,6.6273,24.53,26.71,160.28,79.59,0.0,85.0,2,49.8,14.01,-9.71,0.0,,8,,20260827
IDT,IDT Corporation,Communication Services,Telecom Services,NYSE,69.1,205153,0,1.7326,62.78,53.7,3.6502,29.62,25.42,-10.66,12.04,0.0,88.75,2,69.8,45.72,-1.0,0.0,,8,,20260827
DMLP,"Dorchester Minerals, L.P.",Energy,Oil & Gas E&P,NASDAQ,28.72,191498,1409905152,0.4892,26.01,24.29,5.5314,9.71,9.38,10.3,9.83,0.0,92.5,2,29.26,20.85,-1.85,0.0,,8,,20260827
FCEL,"FuelCell Energy, Inc.",Industrials,Electrical Equipment & Parts,NASDAQ,19.07,11132604,1524726400,2.5067,22.02,13.1,-1.1788,-21.85,110.64,330.27,165.37,0.0,36.25,3,37.88,3.81,-49.66,0.0,,8,,20260827
FCELB,"FuelCell Energy, Inc.",Industrials,Electrical Equipment & Parts,PNK,502.03,151,3905075487,19.4237,474.6,389.14,1.4122,10.88,24.85,68.97,39.01,0.0,85.0,2,548.0,297.5,-8.39,0.0,,8,,20260827
ARDT,"Ardent Health, Inc.",Healthcare,Medical Care Facilities,NYSE,11.23,549490,1583945472,0.4624,10.44,9.56,1.6992,17.12,2.79,-32.07,-7.57,0.0,83.75,2,15.48,7.71,-27.45,0.0,,8,,20260827
UAN,"CVR Partners, LP",Basic Materials,Agricultural Inputs,NYSE,126.23,45787,0,3.251,114.88,107.59,3.4924,6.1,26.0,38.03,25.84,0.0,86.25,2,139.5,84.13,-9.51,0.0,,8,,20260827
FOR,Forestar Group Inc.,Real Estate,Real Estate - Development,NYSE,28.98,139767,1478490880,0.8249,29.51,27.2,-0.6391,3.81,-8.49,-17.06,-8.84,0.0,74.5,3,32.06,22.81,-9.61,0.0,,8,,20260827
CHYCF,Chiyoda Corporation,Industrials,Engineering & Construction,PNK,3.88,20,1005631872,0.0067,4.03,5.13,-23.1773,-20.1,-73.03,89.73,5.31,0.0,12.0,4,9.95,1.85,-61.01,0.0,,8,,20260827
TUYA,Tuya Inc.,Technology,Software - Infrastructure,NYSE,1.83,927771,1121992576,0.0616,1.78,2.11,0.7755,-15.2,-38.34,-47.22,-36.11,0.0,38.75,3,2.88,1.61,-36.46,0.0,,8,,20260827
AI,"C3.ai, Inc.",Technology,Software - Infrastructure,NYSE,9.7,6127229,0,0.4614,9.44,10.77,0.5553,-1.2,-17.03,-63.8,-31.78,0.0,53.25,3,20.22,7.67,-52.03,0.0,,8,,20260827
CHNFF,China Foods Limited,Consumer Defensive,Beverages - Non-Alcoholic,PNK,0.47,0,0,0.0004,0.47,0.35,0.0,57.96,38.85,30.87,40.44,0.0,75.0,3,0.5,0.42,-5.86,0.0,,8,,20260827
TWO,Two Harbors Investment Corp.,Real Estate,REIT - Mortgage,NYSE,12.18,2622983,1280541440,0.0546,12.05,10.93,2.3476,-2.46,9.81,22.82,11.95,0.0,57.5,2,14.17,8.78,-14.04,0.0,,8,,20260827
ATVDY,"Atresmedia Corporación de Medios de Comunicación, S.A.",Communication Services,Entertainment,PNK,6.01,815,1354448256,0.0781,5.73,5.68,3.6402,6.48,-3.52,-7.98,-2.8,0.0,77.5,2,7.05,5.05,-14.68,0.0,,8,,20260827
TSIOF,361 Degrees International Limited,Consumer Cyclical,Footwear & Accessories,PNK,0.61,175,1322286080,0.0039,0.57,0.68,11.2833,-1.58,-30.9,-42.61,-28.25,0.0,25.0,3,0.93,0.54,-34.25,0.0,,8,,20260827
LRCDF,Laurentian Bank of Canada,Financial Services,Banks - Regional,PNK,28.88,1273,1293625856,0.0151,28.59,28.2,19.3951,-2.18,-10.33,13.25,1.14,0.0,63.25,2,29.61,21.69,-2.47,0.0,,8,,20260827
AHG,Akso Health Group,Healthcare,Medical Distribution,NCM,0.99,13151,848137152,0.1249,1.38,1.61,-3.0986,-38.88,-33.77,-64.63,-47.39,0.0,11.25,4,2.5,0.9,-60.4,0.0,,8,,20260827
NPKI,NPK International Inc.,Industrials,Building Products & Equipment,NYSE,13.18,976734,1119112448,0.4828,14.17,13.96,-2.0579,-15.63,-18.94,7.15,-7.68,0.0,20.75,4,16.5,10.11,-20.12,0.0,,8,,20260827
IAUX,i-80 Gold Corp.,Basic Materials,Gold,NYSE,1.88,10528279,1627895168,0.0865,1.49,1.53,4.4796,18.95,-13.19,130.44,52.3,0.0,92.5,3,2.24,0.74,-16.07,0.0,,8,,20260827
BTSNY,Betsson AB (publ),Consumer Cyclical,Gambling,PNK,9.55,0,1292165504,0.0,9.55,10.94,0.0,-2.3,-12.83,-64.27,-30.78,0.0,37.0,3,18.28,8.77,-47.76,0.0,,8,,20260827
MYI,"BlackRock MuniYield Quality Fund III, Inc.",Financial Services,Asset Management,NYSE,10.74,283859,0,0.0782,10.81,10.66,-0.9114,-2.47,-12.67,-12.24,-9.95,0.0,69.5,3,11.46,10.37,-6.28,0.0,,8,,20260827
WINA,Winmark Corporation,Consumer Cyclical,Specialty Retail,NASDAQ,346.07,46115,1243142016,12.8065,372.94,403.78,-2.0979,-11.94,-32.1,-42.35,-31.16,0.0,12.5,4,527.37,325.06,-34.38,0.0,,8,,20260827
ARRY,"Array Technologies, Inc.",Technology,Solar,NASDAQ,4.71,6689800,724522304,0.3283,6.04,7.97,-4.0397,-50.18,-68.29,-70.02,-64.46,0.0,7.5,4,12.23,4.48,-61.49,0.0,,8,,20260827
UMH,"UMH Properties, Inc.",Real Estate,REIT - Residential,NYSE,16.66,631073,1418868736,0.3196,15.46,15.04,3.7491,5.79,-5.21,-8.78,-3.89,0.0,88.75,2,16.77,13.93,-0.66,0.0,,8,,20260827
FKRAF,Fiskars Oyj Abp,Consumer Cyclical,"Furnishings, Fixtures & Appliances",PNK,15.76,134,1272057216,0.166,15.26,15.06,2.9942,-4.76,-8.03,-24.11,-13.65,0.0,51.25,2,17.16,13.63,-8.16,0.0,,8,,20260827
PLTK,Playtika Holding Corp.,Communication Services,Electronic Gaming & Multimedia,NASDAQ,2.41,1713317,919217856,0.2,3.45,3.49,-5.1878,-34.84,-34.6,-52.19,-41.69,0.0,10.0,4,4.42,2.09,-45.48,0.0,,8,,20260827
WABC,Westamerica Bancorporation,Financial Services,Banks - Regional,NASDAQ,58.14,184673,1343682304,1.3454,59.0,52.71,-0.6362,3.03,1.42,-0.09,1.22,0.0,72.0,3,63.61,44.93,-8.6,0.0,,8,,20260827
GIII,"G-III Apparel Group, Ltd.",Consumer Cyclical,Apparel Manufacturing,NASDAQ,33.53,556795,1414649856,0.8706,34.62,30.99,-1.2537,1.8,-2.89,6.21,1.92,0.0,73.25,3,37.54,24.61,-10.68,0.0,,8,,20260827
HMMCF,Hemlo Mining Corp.,Basic Materials,Gold,OQX,5.9,48830,1748582912,0.2746,4.42,4.1,5.395,31.44,-6.87,3812.8,1530.58,0.0,88.75,2,6.54,0.15,-9.79,0.0,,8,,20260827
ARSTY,Ariston Holding N.V.,Industrials,Building Products & Equipment,PNK,15.86,3,5830545408,0.0032,15.84,15.86,7.4582,-14.12,-12.69,-12.69,-13.05,0.0,50.0,3,17.99,15.79,-11.81,0.0,,8,,20260827
CDRE,"Cadre Holdings, Inc.",Industrials,Aerospace & Defense,NYSE,31.52,389355,1349709568,1.5476,30.59,35.38,0.5988,0.66,-36.47,-15.24,-18.69,0.0,63.75,3,48.76,25.73,-35.36,0.0,,8,,20260827
ACDC,ProFrac Holding Corp.,Energy,Oil & Gas Equipment & Services,NASDAQ,4.62,1648059,841407168,0.4277,4.97,5.39,-0.8211,-33.29,-18.71,-8.15,-18.13,0.0,15.0,4,8.22,3.08,-43.8,0.0,,8,,20260827
LADR,Ladder Capital Corp,Real Estate,REIT - Mortgage,NYSE,9.86,1088651,1250891904,0.2111,9.86,10.01,0.0134,-3.84,-12.18,-26.4,-15.78,0.0,45.75,3,11.92,9.38,-17.28,0.0,,8,,20260827
LIFZF,Labrador Iron Ore Royalty Corporation,Basic Materials,Steel,PNK,19.35,41181,1238400000,0.5247,19.24,20.57,0.2006,-7.03,-24.8,-19.36,-18.18,0.0,45.75,3,23.29,18.02,-16.92,0.0,,8,,20260827
BRELY,Brazilian Rare Earths Limited,Basic Materials,Other Precious Metals & Mining,OQX,14.6,215,818048896,0.4366,15.21,16.18,-1.4061,-36.69,-17.52,85.34,18.83,0.0,27.75,4,24.16,6.89,-39.57,0.0,,8,,20260827
HLF,Herbalife Ltd.,Consumer Defensive,Packaged Foods,NYSE,12.39,1614021,1284464128,0.5462,12.37,13.97,0.0282,-1.53,-46.78,10.41,-12.59,0.0,63.75,3,20.4,7.56,-39.26,0.0,,8,,20260827
LYPHF,Luye Pharma Group Ltd.,Healthcare,Drug Manufacturers - Specialty & Generic,PNK,0.27,59959,1078519296,0.0016,0.25,0.33,14.1973,-19.94,-40.51,-19.26,-26.86,0.0,25.0,3,0.4,0.2,-31.65,0.0,,8,,20260827
WLFC,Willis Lease Finance Corporation,Industrials,Rental & Leasing Services,NASDAQ,54.91,344600,1161023232,5.1063,129.38,160.79,-14.5831,-72.64,-84.15,-84.52,-81.42,0.0,8.75,4,81.54,38.0,-32.66,0.0,,8,,20260827
THYKF,thyssenkrupp nucera AG & Co. KGaA,Industrials,Specialty Industrial Machinery,PNK,9.1,685,1335812864,0.0259,8.85,9.54,9.7098,-12.86,-23.71,-35.37,-25.66,0.0,37.0,3,13.18,8.0,-30.89,0.0,,8,,20260827
SLCVF,"Sitios Latinoamérica, S.A.B. de C.V.",Industrials,Engineering & Construction,PNK,0.26,183,1237088896,0.0002,0.26,0.28,14.9936,-6.01,-25.35,96.66,28.29,0.0,37.0,3,0.32,0.12,-18.75,0.0,,8,,20260827
CMP,"Compass Minerals International, Inc.",Basic Materials,Other Industrial Metals & Mining,NYSE,24.65,506259,1034828480,1.3342,28.58,25.04,-2.9434,-24.58,-11.95,3.93,-8.76,0.0,22.0,4,34.5,16.4,-28.55,0.0,,8,,20260827
HTSUY,"Hisamitsu Pharmaceutical Co., Inc.",Healthcare,Drug Manufacturers - Specialty & Generic,PNK,2.94,8,0,0.0036,2.94,5.56,0.0,-58.09,-67.81,-76.1,-68.7,0.0,25.0,3,6.79,2.94,-56.73,0.0,,8,,20260827
CSIQ,Canadian Solar Inc.,Technology,Solar,NASDAQ,13.87,2301729,941727936,0.9171,15.1,18.49,-1.3394,-29.54,-42.68,1.21,-21.84,0.0,8.75,4,34.59,9.41,-59.9,0.0,,8,,20260827
MSDL,Morgan Stanley Direct Lending Fund,Financial Services,Asset Management,NYSE,15.26,511017,1283444096,0.2686,15.22,14.93,0.1594,0.69,-7.21,-22.78,-11.46,0.0,85.0,2,18.17,13.66,-16.02,0.0,,8,,20260827
SEPN,"Septerna, Inc.",Healthcare,Biotechnology,NASDAQ,40.25,439335,1878747136,2.3828,37.17,29.07,1.2934,32.77,23.1,215.98,102.67,0.0,87.5,2,51.1,11.7,-21.23,0.0,,8,,20260827
SQZZF,Serica Energy plc,Energy,Oil & Gas E&P,PNK,3.35,1334,1312904064,0.1787,2.81,2.73,3.0092,0.73,41.16,32.41,27.55,0.0,52.5,2,3.66,1.3,-8.47,0.0,,8,,20260827
AFMJF,Alphamin Resources Corp.,Basic Materials,Other Industrial Metals & Mining,PNK,1.11,341798,1429429632,0.0448,1.04,0.9,1.55,13.28,7.25,37.77,20.97,0.0,88.75,2,1.2,0.65,-7.5,0.0,,8,,20260827
RDWR,Radware Ltd.,Technology,Software - Infrastructure,NASDAQ,28.42,242831,1195984256,1.1301,28.84,26.27,-0.3727,-4.38,12.51,-5.55,1.07,0.0,50.75,3,32.79,21.68,-13.33,0.0,,8,,20260827
GUZOF,"Grupo Herdez, S.A.B. de C.V.",Consumer Defensive,Packaged Foods,PNK,3.0,92,964670464,0.007,2.99,3.86,0.8626,-23.4,-48.08,-41.2,-39.16,0.0,25.0,3,5.23,2.94,-42.64,0.0,,8,,20260827
ATEC,"Alphatec Holdings, Inc.",Healthcare,Medical Devices,NASDAQ,9.42,2564318,1454929152,0.4398,9.16,12.93,0.5958,17.96,-44.01,-61.09,-35.35,0.0,62.5,3,23.29,6.82,-59.55,0.0,,8,,20260827
ADTN,"ADTRAN Holdings, Inc.",Technology,Communication Equipment,NASDAQ,7.91,2399651,644517952,0.5235,10.78,11.42,-5.4739,-61.57,-37.11,-33.83,-41.91,0.0,8.75,4,19.98,7.11,-60.41,0.0,,8,,20260827
PFBC,Preferred Bank,Financial Services,Banks - Regional,NASDAQ,103.6,112718,1227982848,2.228,104.75,95.06,-0.5168,7.84,4.42,-6.68,0.84,0.0,74.5,3,112.26,81.5,-7.71,0.0,,8,,20260827
BLGFF,Baillie Gifford US Growth Trust PLC,Unknown,Unknown,PNK,4.3,5445,0,0.1695,4.18,4.3,0.6972,21.23,21.23,21.23,21.23,0.0,72.0,3,5.31,3.65,-19.02,0.0,,8,,20260827
VTOL,Bristow Group Inc.,Energy,Oil & Gas Equipment & Services,NYSE,45.05,232565,1335372032,1.4409,44.22,42.86,0.5756,4.75,-13.84,-0.99,-4.05,0.0,87.5,2,50.38,35.03,-10.58,0.0,,8,,20260827
BHRB,Burke & Herbert Financial Services Corp.,Financial Services,Banks - Regional,NCM,71.69,166285,1447208320,1.4957,70.78,65.1,0.6074,11.95,-1.31,-2.02,1.72,0.0,85.0,2,75.09,57.42,-4.53,0.0,,8,,20260827
DFDDF,DFDS A/S,Industrials,Marine Shipping,PNK,21.5,49,1161350144,0.0468,20.76,17.4,15.8582,24.17,16.72,18.53,19.3,0.0,75.0,2,21.5,14.17,0.0,0.0,,8,,20260827
KMTS,"Kestra Medical Technologies, Ltd.",Healthcare,Medical Instruments & Supplies,NASDAQ,26.57,365667,1557084928,1.3757,24.83,23.6,1.267,24.18,-5.88,29.38,15.74,0.0,87.5,2,30.0,15.42,-11.43,0.0,,8,,20260827
INSP,"Inspire Medical Systems, Inc.",Healthcare,Medical Devices,NYSE,61.8,909243,1786661248,2.6097,52.21,67.05,3.676,44.03,-6.81,-54.05,-12.99,0.0,77.0,3,147.03,38.91,-57.97,0.0,,8,,20260827
MUX,McEwen Inc.,Basic Materials,Other Precious Metals & Mining,NYSE,21.04,1157887,1256931456,0.9794,18.44,21.01,2.6587,-2.39,-33.44,73.36,17.04,0.0,62.5,3,29.7,10.81,-29.16,0.0,,8,,20260827
SVV,"Savers Value Village, Inc.",Consumer Cyclical,Specialty Retail,NYSE,10.84,1282875,1661062656,0.5297,10.24,9.31,1.1264,25.49,4.33,-23.95,-1.69,0.0,91.25,2,13.89,6.91,-21.96,0.0,,8,,20260827
IRPSY,IRPC Public Company Limited,Energy,Oil & Gas Refining & Marketing,PNK,6.21,3,1267497728,0.0011,6.21,4.48,0.0,5.14,66.96,130.58,76.95,0.0,75.0,3,6.21,2.5,0.0,0.0,,8,,20260827
EMO,ClearBridge Energy Midstream Opportunity Fund Inc,Financial Services,Asset Management,NYSE,54.93,43182,0,0.9015,51.02,47.63,4.3343,9.15,0.09,6.57,4.95,0.0,88.75,2,55.08,41.54,-0.27,0.0,,8,,20260827
ASST,"Strive, Inc.",Financial Services,Asset Management,NASDAQ,21.5,4621065,1928193664,1.3327,13.25,14.75,6.1875,18.31,140.65,-98.17,14.54,0.0,68.75,3,252.0,7.02,-91.47,0.0,,8,,20260827
SATA,"Strive, Inc.",Financial Services,Asset Management,NASDAQ,100.01,407862,0,0.8222,95.91,91.33,4.9858,1.39,1.35,10.72,5.11,0.0,90.0,2,101.35,79.01,-1.32,0.0,,8,,20260827
AFYA,Afya Limited,Consumer Defensive,Education & Training Services,NASDAQ,14.43,109240,1276740736,0.446,14.2,14.18,0.5251,2.6,-0.72,-20.57,-7.83,0.0,62.5,3,16.5,13.0,-12.53,0.0,,8,,20260827
ALX,"Alexander's, Inc.",Real Estate,REIT - Retail,NYSE,271.84,33592,1388365696,6.6069,268.08,236.77,0.5689,8.79,5.09,6.63,6.63,0.0,86.25,2,289.43,201.28,-6.08,0.0,,8,,20260827
ATLCZ,Atlanticus Holdings Corporation 9.25% Senior Notes due 2029,Unknown,Unknown,NASDAQ,25.37,15328,0,0.1006,25.31,24.61,0.5573,-0.9,-7.4,-11.53,-7.42,0.0,83.75,2,25.89,24.72,-2.01,0.0,,8,,20260827
ATLCP,Atlanticus Holdings Corporation,Financial Services,Credit Services,NASDAQ,24.18,5056,0,0.1894,24.31,23.47,-0.6632,-0.92,-9.83,-7.49,-6.67,0.0,72.0,3,25.0,20.46,-3.28,0.0,,8,,20260827
ATLC,Atlanticus Holdings Corporation,Financial Services,Credit Services,NASDAQ,92.92,171914,1409599872,5.1941,100.21,73.33,-1.4035,0.9,59.45,21.58,29.67,0.0,61.25,3,114.34,47.5,-18.73,0.0,,8,,20260827
PDS,Precision Drilling Corporation,Energy,Oil & Gas Drilling,NYSE,86.59,108737,1112910336,3.0982,81.72,82.75,1.5732,-5.48,-11.14,31.86,7.47,0.0,67.5,3,103.8,53.42,-16.58,0.0,,8,,20260827
TEN,Tsakos Energy Navigation Limited,Energy,Oil & Gas Midstream,NYSE,40.25,259254,1212636032,1.3316,38.84,33.3,1.0599,0.64,13.62,69.83,32.86,0.0,85.0,2,45.85,20.5,-12.21,0.0,,8,,20260827
PRGS,Progress Software Corporation,Technology,Software - Infrastructure,NASDAQ,43.53,690214,1785293440,1.5957,38.88,36.89,2.9151,44.02,-4.96,-26.05,-1.15,0.0,90.0,2,47.37,23.82,-8.11,0.0,,8,,20260827
FTRE,Fortrea Holdings Inc.,Healthcare,Biotechnology,NASDAQ,18.53,1462096,1762203008,0.9878,17.99,14.36,0.5477,35.73,68.1,88.58,68.2,0.0,87.5,2,21.39,8.3,-13.37,0.0,,8,,20260827
ACNDF,CapitaLand India Trust,Real Estate,Real Estate Services,PNK,0.78,14149,1159794432,0.0372,0.8,0.87,-0.6081,-2.34,-30.7,-32.82,-24.46,0.0,61.5,4,1.24,0.73,-37.1,0.0,,8,,20260827
AOSL,Alpha and Omega Semiconductor Limited,Technology,Semiconductors,NASDAQ,26.2,759448,792628608,2.3876,35.13,29.3,-3.7409,-48.72,4.67,-27.29,-21.46,0.0,8.75,4,54.34,17.01,-51.79,0.0,,8,,20260827
ICFI,"ICF International, Inc.",Industrials,Consulting Services,NASDAQ,89.34,250770,1602213120,2.848,80.13,77.82,3.2349,28.71,8.25,-29.41,-1.7,0.0,85.0,2,101.5,58.83,-11.98,0.0,,8,,20260827
UAMY,United States Antimony Corporation,Basic Materials,Other Industrial Metals & Mining,NYSE,5.06,7165858,757327040,0.5219,6.13,7.76,-2.0558,-47.58,-55.81,-15.58,-37.66,0.0,15.0,4,19.71,4.14,-74.33,0.0,,8,,20260827
AAVVF,Advantage Energy Ltd.,Energy,Oil & Gas E&P,PNK,8.04,102867,1346183168,0.1727,7.6,7.84,2.5368,11.54,-2.02,-17.75,-4.92,0.0,86.25,3,9.5,6.72,-15.37,0.0,,8,,20260827
DSGR,"Distribution Solutions Group, Inc.",Industrials,Industrial Distribution,NASDAQ,34.81,180054,1610151424,0.2523,31.79,28.69,11.9573,25.96,5.78,-15.84,2.18,0.0,85.0,2,35.06,19.02,-0.71,0.0,,8,,20260827
DSL,DoubleLine Income Solutions Fund,Financial Services,Asset Management,NYSE,10.64,512553,1219036544,0.1036,10.64,10.54,0.0309,-2.44,-12.76,-23.32,-14.4,0.0,83.75,2,12.67,10.49,-16.02,0.0,,8,,20260827
AVBP,"ArriVent BioPharma, Inc.",Healthcare,Biotechnology,NASDAQ,31.14,566046,1535442560,1.6009,31.57,26.33,-0.267,11.02,22.6,40.37,26.81,0.0,73.25,3,35.83,17.0,-13.09,0.0,,8,,20260827
ENR,"Energizer Holdings, Inc.",Industrials,Electrical Equipment & Parts,NYSE,21.97,1049426,1504585472,0.8817,21.13,19.45,0.9547,17.19,-7.27,-37.16,-13.11,0.0,85.0,2,30.29,15.75,-27.47,0.0,,8,,20260827
IPX,IperionX Limited,Basic Materials,Other Industrial Metals & Mining,NCM,21.03,287654,761568000,1.5277,24.71,34.52,-2.4094,-49.05,-66.72,-73.5,-65.02,0.0,11.25,4,61.45,20.05,-65.78,0.0,,8,,20260827
WBTNF,Weebit Nano Limited,Technology,Semiconductors,PNK,2.89,38262,696038464,0.2465,4.15,3.61,-5.1108,-50.73,-27.32,35.93,-7.87,0.0,7.5,4,6.5,1.52,-55.46,0.0,,8,,20260827
PEBO,Peoples Bancorp Inc.,Financial Services,Banks - Regional,NASDAQ,39.7,278085,1426909952,0.6387,39.29,33.58,0.6371,13.46,11.47,16.05,13.8,0.0,85.0,2,42.29,27.49,-6.12,0.0,,8,,20260827
FRBP,FRANKLIN BSP CAP CORP,Financial Services,Asset Management,PNK,8.51,284,1371725184,0.0497,8.14,8.85,7.4487,18.48,-24.01,-35.5,-17.98,0.0,62.0,3,11.0,7.0,-22.64,0.0,,8,,20260827
GOLD,"Gold.com, Inc.",Financial Services,Capital Markets,NYSE,45.49,419390,1319409024,1.9626,42.17,42.0,1.6941,5.17,-29.73,73.72,20.37,0.0,88.75,2,66.7,22.0,-31.8,0.0,,8,,20260827
VLTAF,Voltalia SA,Utilities,Utilities - Renewable,PNK,8.54,6,1118479616,0.0031,8.54,8.33,0.0,-11.55,-8.51,0.87,-5.52,0.0,50.0,3,9.57,7.07,-10.76,0.0,,8,,20260827
TMP,Tompkins Financial Corporation,Financial Services,Banks - Regional,NYSE,97.54,94432,1402908544,2.1022,95.47,81.87,0.9829,10.55,11.12,24.45,16.31,0.0,86.25,2,102.59,61.88,-4.92,0.0,,8,,20260827
AMAL,Amalgamated Financial Corp.,Financial Services,Banks - Regional,NASDAQ,48.65,157903,1454642304,0.9461,47.75,39.73,0.9519,15.6,11.6,47.81,27.08,0.0,86.25,2,51.59,25.13,-5.7,0.0,,8,,20260827
CXM,"Sprinklr, Inc.",Technology,Software - Application,NYSE,7.47,3336245,0,0.2507,6.06,6.2,5.6212,39.13,26.46,-33.8,5.52,0.0,96.25,3,8.85,4.71,-15.55,0.0,,8,,20260827
XPEL,"XPEL, Inc.",Consumer Cyclical,Auto Parts,NCM,50.77,242915,1399766912,1.7775,46.91,46.76,2.1734,4.4,-3.11,12.21,4.89,0.0,90.0,2,55.91,31.5,-9.19,0.0,,8,,20260827
YELP,Yelp Inc.,Communication Services,Internet Content & Information,NYSE,22.63,1185412,1227985664,1.1621,24.95,26.01,-1.9942,-5.84,-4.56,-50.43,-23.23,0.0,35.0,4,34.49,19.6,-34.39,0.0,,8,,20260827
HROW,"Harrow, Inc.",Healthcare,Drug Manufacturers - Specialty & Generic,NASDAQ,39.33,670817,1474397184,2.142,41.38,41.29,-0.9559,11.89,-37.51,-15.29,-16.27,0.0,64.0,3,54.85,28.54,-28.3,0.0,,8,,20260827
ALGGY,"Alliance Global Group, Inc.",Industrials,Conglomerates,PNK,7.3,87,1268568320,0.0312,6.73,6.82,18.1239,5.8,-17.4,-6.5,-7.24,0.0,75.0,3,8.53,5.51,-14.42,0.0,,8,,20260827
SBET,"Sharplink, Inc.",Financial Services,Capital Markets,NCM,8.32,9424247,1805301120,0.4244,6.04,7.6,5.364,36.32,0.72,-77.16,-21.53,0.0,93.75,3,19.54,4.46,-57.42,0.0,,8,,20260827
EWIIF,Edinburgh Worldwide Investment Trust Plc,Unknown,Unknown,PNK,3.59,4580,0,0.1495,3.32,3.59,1.7568,17.72,56.86,56.86,47.07,0.0,77.5,3,3.85,2.0,-6.71,0.0,,8,,20260827
DTTLY,Datatec Limited,Technology,Information Technology Services,OQX,10.05,12,1219287296,0.1215,8.96,9.05,8.9833,12.45,-6.93,56.74,23.38,0.0,76.25,3,10.75,6.86,-6.51,0.0,,8,,20260827
WVE,"Wave Life Sciences, Inc.",Healthcare,Biotechnology,NASDAQ,5.23,3094879,1030561984,0.293,5.77,9.39,-1.8501,-19.85,-75.14,-67.95,-58.44,0.0,10.0,4,21.73,5.01,-75.93,0.0,,8,,20260827
TOLWF,Trican Well Service Ltd.,Energy,Oil & Gas Equipment & Services,PNK,4.37,126428,914787904,0.1176,4.58,4.78,-1.7789,-22.59,-18.65,-13.11,-17.42,0.0,32.75,4,6.0,3.7,-27.17,0.0,,8,,20260827
MPLT,"MapLight Therapeutics, Inc.",Healthcare,Biotechnology,NASDAQ,12.86,823473,596418880,1.7681,24.43,22.02,-6.5431,-58.82,-38.17,-42.6,-45.11,0.0,10.0,4,40.43,9.1,-68.19,0.0,,8,,20260827
TAOFF,IperionX Limited,Basic Materials,Other Industrial Metals & Mining,PNK,2.2,891,796694976,0.0421,2.56,3.56,-8.5598,-46.04,-66.0,-65.41,-60.77,0.0,0.0,4,5.8,2.2,-62.07,0.0,,8,,20260827
NSP,"Insperity, Inc.",Industrials,Staffing & Employment Services,NYSE,51.91,673626,1982716544,2.4281,47.63,35.75,1.7637,58.06,131.93,-19.79,52.77,0.0,86.25,2,57.22,18.57,-9.28,0.0,,8,,20260827
HKEPF,"Hokkaido Electric Power Company, Incorporated",Utilities,Utilities - Renewable,PNK,6.6,298,1355311104,0.0535,5.77,-1.62,15.4429,9.75,-180.06,-43.87,-78.13,0.0,50.0,3,7.75,5.19,-14.78,0.0,,8,,20260827
LEFUF,Leon's Furniture Limited,Consumer Cyclical,Specialty Retail,PNK,17.66,2457,1214149376,0.2038,17.3,18.64,1.7719,-3.76,-22.11,-36.07,-23.11,0.0,68.25,3,21.95,16.56,-19.54,0.0,,8,,20260827
JFR,Nuveen Floating Rate Income Fund,Financial Services,Asset Management,NYSE,7.57,569537,0,0.0548,7.58,7.3,-0.1774,0.07,-6.55,-18.73,-9.76,0.0,68.25,3,8.45,7.16,-10.41,0.0,,8,,20260827
CCO,"Clear Channel Outdoor Holdings, Inc.",Communication Services,Advertising Agencies,NYSE,2.4,9041484,1221825280,0.0308,2.4,2.28,-0.0195,-2.34,-11.11,69.92,23.49,0.0,45.75,3,2.44,1.22,-1.64,0.0,,8,,20260827
IRS,IRSA Inversiones y Representaciones Sociedad Anónima,Real Estate,Real Estate Services,NYSE,15.04,147317,1272558336,0.4687,15.29,15.46,-0.5326,-2.28,-17.69,-18.04,-13.98,0.0,27.75,4,19.14,10.87,-21.42,0.0,,8,,20260827
FGROY,FirstGroup plc,Industrials,Railroads,PNK,2.33,223,1222382848,0.0431,2.28,2.36,1.2568,8.44,-13.84,-39.92,-18.7,0.0,62.0,3,3.1,2.0,-24.84,0.0,,8,,20260827
BCCMY,BAIC Motor Corporation Limited,Consumer Cyclical,Auto Manufacturers,PNK,1.13,154,909740864,0.0013,1.17,1.88,-25.188,-31.81,-63.72,-81.27,-62.76,0.0,12.0,4,2.9,1.03,-60.86,0.0,,8,,20260827
VIA,"Via Transportation, Inc.",Technology,Software - Application,NYSE,27.61,1000384,2350772224,1.2723,20.37,21.79,5.69,90.19,45.68,-62.05,13.71,0.0,93.75,3,56.31,12.95,-50.97,0.0,,8,,20260827
CHYCY,Chiyoda Corporation,Industrials,Engineering & Construction,PNK,4.08,39,1057468544,0.0042,4.19,5.51,-27.0726,-9.62,-69.77,88.67,8.64,0.0,12.0,4,9.87,1.95,-58.66,0.0,,8,,20260827
MTRBF,Metro Bank Holdings PLC,Financial Services,Banks - Regional,PNK,2.14,3952,1442188544,0.03,2.2,1.77,-2.1156,16.64,6.92,8.97,10.17,0.0,62.0,3,2.54,1.3,-15.63,0.0,,8,,20260827
YUPRF,Yuexiu Property Company Limited,Real Estate,Real Estate - Development,PNK,0.5,4,2013099008,0.0014,0.48,0.41,15.6988,63.07,12.02,90.87,56.32,0.0,75.0,2,0.53,0.25,-4.96,0.0,,8,,20260827
MALJF,Magellan Aerospace Corporation,Industrials,Aerospace & Defense,PNK,24.36,6044,1431162368,1.0996,24.88,18.53,-0.4751,9.32,43.36,97.18,56.38,0.0,72.0,3,32.54,11.27,-25.14,0.0,,8,,20260827
CTBI,"Community Trust Bancorp, Inc.",Financial Services,Banks - Regional,NASDAQ,76.22,118557,1384761472,1.3701,74.92,64.26,0.9475,12.77,12.91,15.26,13.81,0.0,85.0,2,79.92,50.25,-4.63,0.0,,8,,20260827
PRSU,"Pursuit Attractions and Hospitality, Inc.",Consumer Cyclical,Travel Services,NYSE,50.03,267189,1373286656,1.6042,51.2,41.1,-0.7263,8.61,25.7,16.47,17.73,0.0,75.75,3,56.52,32.03,-11.48,0.0,,8,,20260827
UFCS,"United Fire Group, Inc.",Financial Services,Insurance - Property & Casualty,NASDAQ,54.05,153117,1389379072,1.5301,52.07,42.14,1.2916,18.21,30.92,54.94,37.35,0.0,87.5,2,55.82,29.74,-3.17,0.0,,8,,20260827
COAG,"Hemab Therapeutics Holdings, Inc.",Healthcare,Biotechnology,NASDAQ,49.19,341334,2297768960,4.0509,42.88,49.19,1.5583,69.65,38.1,38.1,45.99,0.0,88.75,3,55.42,23.0,-11.24,0.0,,8,,20260827
AVLN,Avalyn Pharma Inc.,Healthcare,Biotechnology,NASDAQ,37.04,317315,1642097920,2.3424,31.57,37.04,2.3358,35.76,18.73,18.73,22.99,0.0,90.0,3,40.17,24.15,-7.79,0.0,,8,,20260827
DTTLF,Datatec Limited,Technology,Information Technology Services,OQX,5.58,1,1353954816,0.0199,4.66,2.93,46.5357,82.12,118.85,357.23,205.02,0.0,75.0,2,5.58,3.45,-0.0,0.0,,8,,20260827
QKIE,QKI Emulsion Inc.,Financial Services,Shell Companies,OID,2.25,545,1178690944,0.1069,2.29,1.64,-0.3516,-4.09,64.67,41.31,38.14,0.0,42.0,3,2.4,0.23,-6.25,0.0,,8,,20260827
BRETF,Brazilian Rare Earths Limited,Basic Materials,Other Precious Metals & Mining,OQX,2.85,1238,798438080,0.0431,3.01,2.85,-3.6686,-36.02,-36.81,-36.81,-36.61,0.0,25.0,3,4.3,2.35,-33.72,0.0,,8,,20260827
TROX,Tronox Holdings plc,Basic Materials,Chemicals,NYSE,5.47,2660732,873559168,0.3572,6.19,6.59,-2.0053,-31.76,-34.11,12.79,-14.76,0.0,10.0,4,10.59,2.86,-48.35,0.0,,8,,20260827
DQ,Daqo New Energy Corp.,Technology,Semiconductor Equipment & Materials,NYSE,13.52,998459,914846208,0.854,13.14,21.6,0.444,-24.78,-57.24,-63.99,-51.83,0.0,38.75,3,36.59,11.38,-63.05,0.0,,8,,20260827
SBH,"Sally Beauty Holdings, Inc.",Consumer Cyclical,Specialty Retail,NYSE,16.58,1438409,1552257536,0.629,15.18,14.72,2.2216,22.69,-7.68,2.16,3.85,0.0,88.75,2,17.92,11.54,-7.48,0.0,,8,,20260827
NEO,"NeoGenomics, Inc.",Healthcare,Diagnostics & Research,NCM,17.37,2752653,2231618560,0.7189,14.76,11.4,3.6309,79.16,65.78,148.74,102.31,0.0,90.0,2,17.46,6.65,-0.52,0.0,,8,,20260827
MNSAF,Mineros S.A.,Basic Materials,Gold,OQX,6.11,17230,1809676544,0.3884,5.02,4.39,2.7905,55.12,8.86,145.57,75.11,0.0,87.5,2,7.0,2.26,-12.79,0.0,,8,,20260827
PAHGF,Pets at Home Group Plc,Consumer Cyclical,Specialty Retail,PNK,2.72,1055,1183457792,0.0103,2.58,2.62,13.1873,-1.01,-21.58,-31.87,-20.55,0.0,75.0,3,3.49,2.19,-22.13,0.0,,8,,20260827
ZBIO,"Zenas BioPharma, Inc.",Healthcare,Biotechnology,NASDAQ,33.04,844634,2153438976,1.9358,28.93,26.07,2.1255,80.3,15.82,78.96,57.19,0.0,87.5,2,44.6,13.5,-25.92,0.0,,8,,20260827
OMGGF,Omai Gold Mines Corp.,Basic Materials,Gold,OQB,2.21,196437,1492660736,0.0965,1.82,1.47,4.0865,18.42,36.22,219.44,105.06,0.0,85.0,2,2.3,0.66,-3.91,0.0,,8,,20260827
EOS,Eaton Vance Enhanced Equity Income Fund II,Financial Services,Asset Management,NYSE,21.49,121081,1145761152,0.2532,21.57,21.39,-0.3264,-5.66,-10.08,-22.85,-14.08,0.0,47.0,3,24.49,19.44,-12.25,0.0,,8,,20260827
ITRN,Ituran Location and Control Ltd.,Technology,Scientific & Technical Instruments,NASDAQ,52.09,156617,1030347584,1.8011,56.23,50.22,-2.2982,-20.14,2.83,31.96,8.74,0.0,33.75,3,68.3,32.71,-23.73,0.0,,8,,20260827
OLMA,"Olema Pharmaceuticals, Inc.",Healthcare,Biotechnology,NASDAQ,10.85,1410480,949349056,0.616,11.34,17.66,-0.7912,-18.3,-66.09,73.54,1.71,0.0,25.75,4,36.26,5.36,-70.08,0.0,,8,,20260827
ELKEF,Elkem ASA,Basic Materials,Specialty Chemicals,PNK,3.4,0,1232661888,0.0002,3.4,3.05,0.0,-2.3,-2.34,23.46,7.99,0.0,75.0,3,3.4,2.35,0.0,0.0,,8,,20260827
ATEX,Anterix Inc.,Communication Services,Telecom Services,NCM,94.16,446639,1846457472,6.6952,94.64,51.18,-0.0721,45.45,147.22,300.36,183.03,0.0,72.0,3,113.0,17.58,-16.67,0.0,,8,,20260827
FQVTY,Fevertree Drinks PLC,Consumer Defensive,Beverages - Non-Alcoholic,PNK,10.91,47,1208466304,0.1084,10.96,10.93,-0.4784,-0.13,-22.77,-24.69,-17.88,0.0,49.0,3,14.88,9.99,-26.66,0.0,,8,,20260827
GILT,Gilat Satellite Networks Ltd.,Technology,Communication Equipment,NASDAQ,10.17,699557,783391616,0.5505,11.64,14.65,-2.6639,-44.0,-46.99,-11.09,-31.88,0.0,5.0,4,20.93,9.1,-51.41,0.0,,8,,20260827
SUUIF,Superior Plus Corp.,Utilities,Utilities - Regulated Gas,PNK,5.11,50956,1096606080,0.0858,5.56,5.29,-5.2905,-19.04,-0.8,-22.58,-14.07,0.0,17.0,4,6.24,4.34,-18.11,0.0,,8,,20260827
SILXF,Silex Systems Limited,Technology,Semiconductors,OQX,4.18,6403,1170432384,0.1978,3.62,4.42,2.8432,-11.28,-27.68,43.36,4.84,0.0,48.25,3,7.25,2.45,-42.34,0.0,,8,,20260827
TDOC,"Teladoc Health, Inc.",Healthcare,Health Information Services,NYSE,6.33,4833320,1150059776,0.3539,7.96,6.72,-4.618,-6.29,25.02,-38.03,-8.03,0.0,20.75,4,9.89,4.4,-35.98,0.0,,8,,20260827
SILXY,Silex Systems Limited,Technology,Semiconductors,OQX,20.66,7521,1191597312,0.7102,17.97,21.95,3.784,-13.71,-29.29,44.59,4.16,0.0,50.75,3,35.5,13.0,-41.8,0.0,,8,,20260827
SCL,Stepan Company,Basic Materials,Specialty Chemicals,NYSE,62.67,142671,1423443968,1.7105,59.66,52.65,1.762,15.37,14.8,7.41,11.99,0.0,82.5,2,68.0,41.82,-7.84,0.0,,8,,20260827
MGRT,Mega Fortune Company Limited,Technology,Information Technology Services,NCM,98.05,16584,1348187520,5.5814,87.71,50.91,1.8535,13.62,1480.61,2780.33,1633.75,0.0,90.0,2,170.0,3.08,-42.32,0.0,,8,,20260827
ABTC,American Bitcoin Corp,Financial Services,Capital Markets,NCM,8.18,1437152,996485312,0.7941,7.65,20.46,0.6713,-51.38,-59.17,-112.77,-78.66,0.0,37.5,3,217.8,4.92,-96.24,0.0,,8,,20260827
PNTG,"The Pennant Group, Inc.",Healthcare,Medical Care Facilities,NASDAQ,38.28,291101,1337084800,1.2831,38.78,32.67,-0.392,10.24,4.58,34.8,18.08,0.0,72.0,3,42.69,22.25,-10.33,0.0,,8,,20260827
XZO,"Exzeo Group, Inc.",Financial Services,Insurance - Diversified,NYSE,16.66,201922,1500831360,0.8494,16.05,16.77,0.7163,18.91,-6.53,-34.7,-11.44,0.0,75.75,3,24.6,12.36,-32.28,0.0,,8,,20260827
BOMXF,"Bolsa Mexicana de Valores, S.A.B. de C.V.",Financial Services,Financial Data & Stock Exchanges,PNK,2.27,3790,1252110720,0.0204,2.12,2.1,7.1114,5.24,-5.53,-7.06,-3.45,0.0,77.5,2,2.3,1.82,-1.3,0.0,,8,,20260827
VZLA,Vizsla Silver Corp.,Basic Materials,Other Industrial Metals & Mining,NYSE,4.02,5618147,1411092992,0.1867,3.43,4.08,3.1687,8.71,-8.82,-4.38,-2.66,0.0,74.5,3,7.19,2.88,-44.09,0.0,,8,,20260827
IRMD,IRADIMED CORPORATION,Healthcare,Medical Devices,NASDAQ,87.47,133062,1118478080,2.7065,92.78,93.96,-1.9618,-6.88,-23.67,3.47,-8.62,0.0,20.75,4,107.9,67.84,-18.93,0.0,,8,,20260827
XFABF,X-FAB Silicon Foundries SE,Technology,Semiconductors,PNK,7.0,7240,918625600,0.3322,8.23,7.1,-3.6988,-55.68,13.89,-37.97,-24.24,0.0,13.25,4,17.05,5.16,-58.94,0.0,,8,,20260827
LSPD,Lightspeed Commerce Inc.,Technology,Software - Application,NYSE,10.49,1052892,1356352640,0.3568,10.25,10.21,0.6827,16.05,2.91,-34.01,-8.57,0.0,88.75,2,13.71,7.83,-23.51,0.0,,8,,20260827
EDN,Empresa Distribuidora y Comercializadora Norte Sociedad Anónima,Utilities,Utilities - Regulated Electric,NYSE,23.72,99696,0,1.2095,24.91,27.6,-0.9832,-12.83,-24.85,-10.24,-16.0,0.0,17.0,4,36.7,14.38,-35.37,0.0,,8,,20260827
IART,Integra LifeSciences Holdings Corporation,Healthcare,Medical Devices,NASDAQ,16.88,897471,1312799744,0.8115,17.94,13.62,-1.3065,8.78,34.53,-2.27,13.37,0.0,58.75,3,20.49,8.7,-17.62,0.0,,8,,20260827
OPFI,OppFi Inc.,Financial Services,Credit Services,NYSE,7.1,848262,604978560,0.4062,8.77,9.11,-4.1063,-18.42,-35.09,-49.35,-36.63,0.0,6.25,4,12.45,6.5,-42.97,0.0,,8,,20260827
BV,"BrightView Holdings, Inc.",Industrials,Specialty Business Services,NYSE,11.04,973010,1022304000,0.4611,13.1,12.74,-4.4611,-16.56,-32.92,-45.1,-33.7,0.0,8.75,4,15.0,10.42,-26.4,0.0,,8,,20260827
TRIP,"Tripadvisor, Inc.",Consumer Cyclical,Travel Services,NASDAQ,9.87,3743639,1148484736,0.5565,12.79,12.34,-5.2508,-5.48,-13.19,-62.6,-31.03,0.0,22.0,4,20.16,9.01,-51.04,0.0,,8,,20260827
VITBF,Vitec Software Group AB (publ),Unknown,Unknown,PNK,25.9,778,0,1.0151,27.92,25.9,-1.9911,-43.88,-85.29,-85.29,-74.93,0.0,30.0,3,39.35,22.79,-34.18,0.0,,8,,20260827
FQVTF,Fevertree Drinks PLC,Consumer Defensive,Beverages - Non-Alcoholic,PNK,11.7,1371,1295675264,0.1228,11.12,10.99,4.7402,7.93,-18.34,-14.79,-10.35,0.0,78.75,2,13.05,9.55,-10.34,0.0,,8,,20260827
PBTDF,Plover Bay Technologies Limited,Technology,Communication Equipment,PNK,1.03,321,1139442560,0.0063,0.95,0.8,12.4618,11.53,-9.16,70.28,27.79,0.0,87.5,2,1.48,0.76,-30.41,0.0,,8,,20260827
BLFS,"BioLife Solutions, Inc.",Healthcare,Medical Instruments & Supplies,NCM,37.0,1088168,1809548032,1.0927,30.95,25.07,5.5333,48.68,53.56,23.69,40.39,0.0,93.75,2,38.1,17.86,-2.89,0.0,,8,,20260827
BFLY,"Butterfly Network, Inc.",Healthcare,Medical Devices,NYSE,8.64,8207075,2300704000,0.6779,8.0,4.95,0.9432,82.27,167.6,436.86,253.97,0.0,88.75,2,10.05,1.47,-14.03,0.0,,8,,20260827
WYFI,"WhiteFiber, Inc.",Technology,Information Technology Services,NCM,20.0,2614598,776962432,3.0931,29.55,21.7,-3.0862,-39.01,-3.35,0.21,-10.84,0.0,19.5,4,46.87,10.51,-57.33,0.0,,8,,20260827
SIFY,Sify Technologies Limited,Communication Services,Telecom Services,NCM,14.77,57950,1069859328,0.5761,15.1,14.26,-0.5735,-12.67,-19.94,43.55,7.28,0.0,50.75,3,17.85,8.9,-17.25,0.0,,8,,20260827
AUTLF,Austal Limited,Industrials,Aerospace & Defense,PNK,3.0,6681,1266222592,0.115,2.79,3.64,1.7895,-0.3,-29.81,-54.48,-32.3,0.0,28.75,3,6.35,2.4,-52.76,0.0,,8,,20260827
SG,"Sweetgreen, Inc.",Consumer Cyclical,Restaurants,NYSE,6.85,5899290,815432960,0.4549,7.1,6.77,-0.5517,-34.52,5.79,-45.29,-24.72,0.0,49.5,3,10.63,4.49,-35.56,0.0,,8,,20260827
FMBH,"First Mid Bancshares, Inc.",Financial Services,Banks - Regional,NASDAQ,50.3,149892,1338076160,0.9262,49.48,43.18,0.8864,12.92,7.96,8.76,9.52,0.0,83.75,2,53.36,34.16,-5.73,0.0,,8,,20260827
ELMTY,Elementis plc,Basic Materials,Specialty Chemicals,PNK,7.46,0,1057831808,0.0029,7.41,8.02,17.0318,-1.51,-34.39,-34.26,-26.12,0.0,62.0,3,9.92,7.31,-24.8,0.0,,8,,20260827
NAK,Northern Dynasty Minerals Ltd.,Basic Materials,Other Industrial Metals & Mining,NYSE,1.75,5734625,983712896,0.0944,1.72,1.84,0.3476,-21.7,7.13,78.3,28.39,0.0,48.25,3,2.98,0.79,-41.28,0.0,,8,,20260827
TK,Teekay Corporation Ltd.,Energy,Oil & Gas Midstream,NYSE,12.25,570753,1074219264,0.4832,11.51,10.75,1.538,-0.18,-5.92,44.35,15.62,0.0,92.5,2,14.38,7.8,-14.81,0.0,,8,,20260827
NDTAF,Northern Data AG,Technology,Information Technology Services,PNK,9.25,36,593819264,0.1106,9.24,12.45,0.0904,-50.92,-45.95,-75.96,-59.19,0.0,25.0,3,23.0,6.38,-59.78,0.0,,8,,20260827
RCAT,"Red Cat Holdings, Inc.",Industrials,Aerospace & Defense,NCM,8.93,12261226,1363739392,0.7658,9.21,10.97,-0.3658,-18.65,-39.21,-31.88,-31.14,0.0,24.5,4,18.78,5.77,-52.45,0.0,,8,,20260827
DMZPY,Domino's Pizza Enterprises Limited,Consumer Cyclical,Restaurants,PNK,7.14,145,1353932672,0.1213,6.04,6.52,9.102,12.9,-2.91,-5.03,0.19,0.0,75.0,3,8.74,3.96,-18.25,0.0,,8,,20260827
WZZAF,Wizz Air Holdings Plc,Industrials,Airlines,PNK,11.14,0,1548585088,0.0002,11.14,12.99,0.0,-2.34,-44.67,-50.72,-36.51,0.0,37.0,3,16.77,11.14,-33.56,0.0,,8,,20260827
SMNR,"Semnur Pharmaceuticals, Inc.",Healthcare,Biotechnology,PNK,0.62,28274,142729664,0.1776,0.72,6.76,-0.5827,-81.68,-103.36,-113.37,-101.94,0.0,13.75,4,23.0,0.25,-97.3,0.0,,8,,20260827
TMLDF,Tasmea Limited,Industrials,Engineering & Construction,PNK,6.3,3346,1625631360,0.3293,5.38,6.3,2.8013,116.03,27.72,27.72,49.8,0.0,78.75,3,7.75,2.6,-18.71,0.0,,8,,20260827
JKS,"JinkoSolar Holding Co., Ltd.",Technology,Solar,NYSE,13.66,715962,715376768,0.911,16.15,21.46,-2.7347,-37.13,-56.64,-58.34,-52.44,0.0,11.25,4,31.88,13.08,-57.15,0.0,,8,,20260827
MRNFF,Meren Energy Inc.,Energy,Oil & Gas E&P,OQX,1.61,206007,1088545664,0.0464,1.44,1.45,3.7197,-4.3,2.16,11.88,4.43,0.0,57.5,3,1.85,1.19,-12.97,0.0,,8,,20260827
CSR,Centerspace,Real Estate,REIT - Residential,NYSE,53.42,164065,945275008,1.3484,55.49,60.69,-1.5388,-22.37,-23.13,-22.58,-22.72,0.0,22.0,4,69.61,53.33,-23.26,0.0,,8,,20260827
TNGRF,Thungela Resources Limited,Energy,Thermal Coal,PNK,7.6,3851,965936256,0.2736,6.36,7.14,4.5288,-15.98,-1.76,20.83,3.72,0.0,60.0,3,10.72,4.25,-29.1,0.0,,8,,20260827
NAT,Nordic American Tankers Limited,Energy,Oil & Gas Midstream,NYSE,6.52,3837507,0,0.2521,6.3,4.95,0.8831,27.95,28.04,112.43,61.77,0.0,87.5,2,7.2,2.96,-9.44,0.0,,8,,20260827
SMSZF,"SMS Co., Ltd.",Healthcare,Health Information Services,PNK,8.56,0,702608640,0.0011,8.56,-5.75,0.0,-2.3,-152.9,-160.88,-118.44,0.0,62.0,3,13.05,8.56,-34.41,0.0,,8,,20260827
RMIX,"Suncrete, Inc.",Basic Materials,Building Materials,NASDAQ,17.69,396725,1727117952,1.1484,19.42,17.69,-1.5066,6.25,42.4,42.4,33.36,0.0,60.0,3,25.5,9.2,-30.63,0.0,,8,,20260827
PSEC,Prospect Capital Corporation,Financial Services,Asset Management,NASDAQ,2.31,4822990,1184444544,0.0705,2.22,2.36,1.2755,-0.48,-21.34,-21.9,-16.35,0.0,74.5,3,3.13,2.11,-26.2,0.0,,8,,20260827
ORZCF,Orezone Gold Corporation,Basic Materials,Gold,OQX,2.07,168241,1382973056,0.1076,1.73,1.61,3.1381,17.31,-9.64,106.91,43.72,0.0,86.25,2,2.3,0.75,-10.0,0.0,,8,,20260827
CHRHF,Chervon Holdings Limited,Industrials,Tools & Accessories,PNK,2.53,35,1134521088,0.0107,2.36,2.16,15.3365,10.92,-16.62,-19.11,-10.73,0.0,75.0,2,3.6,1.93,-29.86,0.0,,8,,20260827
SHPPF,Redcare Pharmacy NV,Healthcare,Pharmaceutical Retailers,PNK,64.8,1,1307622144,0.0374,64.8,61.48,0.0,41.12,-21.4,-76.29,-27.72,0.0,75.0,3,148.22,45.18,-56.28,0.0,,8,,20260827
GIC,Global Industrial Company,Industrials,Industrial Distribution,NYSE,39.47,125660,1504136192,0.9909,35.55,31.46,3.9578,29.6,10.8,-10.35,7.04,0.0,86.25,2,40.71,26.4,-3.05,0.0,,8,,20260827
ULCC,"Frontier Group Holdings, Inc.",Industrials,Airlines,NASDAQ,5.97,4005496,1374388096,0.3763,6.81,5.19,-2.2419,0.59,16.73,16.05,12.42,0.0,55.0,3,8.4,3.02,-28.97,0.0,,8,,20260827
AGBK,AGI Inc,Financial Services,Banks - Regional,NYSE,6.18,322328,987785344,0.2662,6.76,6.18,-2.161,-17.22,-59.61,-53.81,-46.69,0.0,35.0,3,12.21,5.91,-49.39,0.0,,8,,20260827
ARYTF,Aryt Industries Ltd.,Industrials,Aerospace & Defense,PNK,6.93,54,705716416,0.1022,8.82,13.31,-18.5715,-38.99,-74.95,-24826.29,-9966.5,0.0,0.0,4,20.8,0.1,-66.71,0.0,,8,,20260827
TTAPY,TTW Public Company Limited,Utilities,Utilities - Regulated Water,PNK,15.1,7,1205378944,0.0008,15.1,14.56,0.0,-1.64,-9.51,-4.26,-5.44,0.0,75.0,3,15.35,12.96,-1.6,0.0,,8,,20260827
MRVI,"Maravai LifeSciences Holdings, Inc.",Healthcare,Biotechnology,NASDAQ,8.9,3430355,3296183296,0.5366,6.48,4.35,4.5066,101.32,161.9,250.27,182.1,0.0,86.25,2,9.42,2.29,-5.52,0.0,,8,,20260827
KSKGF,Kingsgate Consolidated Limited,Basic Materials,Gold,PNK,3.9,1879,1037587840,0.1202,3.35,3.76,4.5686,-17.56,-23.47,91.4,23.95,0.0,55.0,3,5.28,1.77,-26.14,0.0,,8,,20260827
LNN,Lindsay Corporation,Industrials,Farm & Heavy Construction Machinery,NYSE,114.13,157596,1160574848,3.2366,115.57,117.07,-0.4443,0.7,-25.48,-37.88,-23.9,0.0,60.25,4,148.0,97.27,-22.89,0.0,,8,,20260827
BYITY,Bytes Technology Group plc,Technology,Software - Infrastructure,PNK,11.25,7,1297912320,0.0153,10.7,9.68,36.0911,18.18,13.07,-48.79,-10.4,0.0,75.0,2,16.2,9.15,-30.53,0.0,,8,,20260827
BVHMY,Vistry Group PLC,Consumer Cyclical,Residential Construction,PNK,3.43,244,1090926464,0.0398,3.46,5.97,-0.7354,-4.16,-77.15,-79.59,-59.88,0.0,37.0,4,10.28,2.98,-66.59,0.0,,8,,20260827
EKZRF,Eckert & Ziegler SE,Healthcare,Medical Devices,PNK,15.57,14,974316480,0.162,17.87,15.57,-14.212,-15.22,-15.55,-15.55,-15.47,0.0,25.0,3,18.1,15.57,-13.98,0.0,,8,,20260827
MCB,Metropolitan Bank Holding Corp.,Financial Services,Banks - Regional,NYSE,91.32,138034,1132165120,2.097,94.7,86.66,-1.6096,-0.19,-13.16,-1.26,-5.16,0.0,68.25,3,102.04,64.66,-10.51,0.0,,8,,20260827
ASGTF,Altus Group Limited,Real Estate,Real Estate Services,PNK,34.07,19712,1165982848,0.5281,33.1,34.44,1.8317,7.48,-4.96,-43.35,-17.21,0.0,64.5,3,46.99,27.8,-27.49,0.0,,8,,20260827
FBAK,First National Bank Alaska,Financial Services,Banks - Regional,OQX,336.6,246,1065973504,6.3615,324.34,308.21,1.9278,-1.03,-1.27,9.2,2.98,0.0,83.75,2,343.0,257.01,-1.87,0.0,,8,,20260827
AKTS,"Aktis Oncology, Inc.",Healthcare,Biotechnology,NASDAQ,26.51,379770,1474472960,1.5379,25.54,26.51,0.6316,30.74,24.84,7.39,19.33,0.0,87.5,3,34.19,14.72,-22.46,0.0,,8,,20260827
ASA,ASA Gold and Precious Metals Limited,Financial Services,Asset Management,NYSE,64.34,78262,0,2.1976,54.78,60.79,4.3519,4.75,-28.1,55.45,13.53,0.0,66.25,3,83.2,36.47,-22.67,0.0,,8,,20260827
ARAFF,Arafura Rare Earths Limited,Basic Materials,Other Industrial Metals & Mining,PNK,0.15,379315,910873984,0.0191,0.16,0.18,-0.3657,-23.4,-22.87,4.44,-12.08,0.0,24.5,4,0.37,0.1,-59.46,0.0,,8,,20260827
SBR,Sabine Royalty Trust,Energy,Oil & Gas Midstream,NYSE,73.42,36228,1070415488,1.3995,72.22,71.26,0.8548,-2.09,-4.29,-11.77,-6.73,0.0,61.25,2,84.39,65.31,-13.0,0.0,,8,,20260827
FHNGY,The Foschini Group Limited,Consumer Cyclical,Department Stores,PNK,3.39,73,1068863872,0.0264,3.55,4.12,-5.8732,0.52,-38.61,-63.53,-38.8,0.0,12.0,4,6.4,2.93,-47.03,0.0,,8,,20260827
EVLV,"Evolv Technologies Holdings, Inc.",Industrials,Security & Protection Services,NCM,5.2,2208384,935331264,0.2351,5.7,6.09,-2.1193,-19.94,-13.18,-59.06,-33.22,0.0,10.0,4,8.81,4.87,-40.98,0.0,,8,,20260827
NURPF,Neuren Pharmaceuticals Limited,Healthcare,Biotechnology,PNK,15.51,477,1966264448,0.2069,13.22,11.04,11.0624,72.46,69.91,21.38,51.14,0.0,76.25,2,17.25,7.7,-10.09,0.0,,8,,20260827
CNMD,CONMED Corporation,Healthcare,Medical Devices,NYSE,50.48,608998,1511938944,1.9078,42.77,40.28,4.0407,39.93,-1.32,-27.21,-1.36,0.0,88.75,2,56.64,31.44,-10.88,0.0,,8,,20260827
HFWA,Heritage Financial Corporation,Financial Services,Banks - Regional,NASDAQ,28.74,359960,1175913216,0.5442,29.36,26.42,-1.1396,4.66,-4.96,3.13,0.68,0.0,70.75,3,31.25,21.32,-8.03,0.0,,8,,20260827
UTZ,"Utz Brands, Inc.",Consumer Defensive,Packaged Foods,NYSE,14.22,3576258,2047142656,0.1672,11.1,9.3,18.6551,90.25,42.0,-10.91,32.9,0.0,85.0,2,14.27,6.78,-0.35,0.0,,8,,20260827
CDNA,"CareDx, Inc.",Healthcare,Diagnostics & Research,NASDAQ,50.96,1081956,2636376064,2.2521,37.24,23.87,6.0913,127.62,164.95,279.13,201.29,0.0,91.25,2,51.12,12.37,-0.32,0.0,,8,,20260827
ASTE,"Astec Industries, Inc.",Industrials,Farm & Heavy Construction Machinery,NASDAQ,43.98,230146,1011215872,1.9277,51.83,51.52,-4.0724,-15.97,-38.81,-23.99,-27.17,0.0,8.75,4,65.69,40.47,-33.05,0.0,,8,,20260827
BVHMF,Vistry Group PLC,Consumer Cyclical,Residential Construction,PNK,4.23,11527,1342141184,0.1244,3.58,5.89,5.1911,11.87,-65.96,-72.26,-49.02,0.0,53.75,3,10.39,2.98,-59.33,0.0,,8,,20260827
HQH,Abrdn Healthcare Investors,Financial Services,Asset Management,NYSE,23.39,223593,0,0.4837,21.49,18.72,3.9334,21.26,15.66,42.56,27.82,0.0,91.25,2,24.85,16.2,-5.88,0.0,,8,,20260827
CPPKF,Faraday Copper Corp.,Basic Materials,Copper,OQX,4.17,82751,1227329408,0.2633,4.03,3.14,0.5143,-4.27,2.61,311.12,124.29,0.0,62.5,2,4.83,0.88,-13.58,0.0,,8,,20260827
LIFE,Ethos Technologies Inc.,Financial Services,Insurance Brokers,NASDAQ,39.11,902212,3748242176,2.518,23.74,39.11,6.1022,82.66,219.21,121.14,145.85,0.0,96.25,3,40.97,9.45,-4.54,0.0,,8,,20260827
DEC,Diversified Energy Company,Energy,Oil & Gas Integrated,NYSE,14.93,1029593,1031492672,0.4503,13.63,14.12,2.8818,2.39,8.1,-21.11,-5.01,0.0,65.0,3,18.9,12.33,-21.01,0.0,,8,,20260827
HTLD,"Heartland Express, Inc.",Industrials,Trucking,NASDAQ,12.47,700390,964337664,0.4985,13.86,11.68,-2.789,-17.46,6.16,25.59,8.03,0.0,37.5,3,16.64,7.0,-25.06,0.0,,8,,20260827
MEQYF,Mainstreet Equity Corp.,Real Estate,Real Estate Services,PNK,122.61,370,1139000064,0.6425,121.44,126.99,1.8213,0.26,-18.96,-35.81,-20.89,0.0,62.0,3,145.11,118.0,-15.51,0.0,,8,,20260827
CIMN,Chimera Investment Corporation ,Unknown,Unknown,NYSE,25.17,7653,0,0.0811,24.89,24.25,3.5454,-1.35,-7.08,-12.05,-7.63,0.0,87.5,2,25.76,24.37,-2.28,0.0,,8,,20260827
CIM,Chimera Investment Corporation,Real Estate,REIT - Mortgage,NYSE,11.48,739384,960256256,0.2351,12.52,12.31,-4.4271,-14.48,-19.19,-27.21,-21.22,0.0,20.75,4,14.88,11.43,-22.85,0.0,,8,,20260827
TDAY,"USA TODAY Co., Inc.",Communication Services,Publishing,NYSE,6.4,1997601,939634816,0.3853,7.98,6.74,-4.0939,-20.5,-6.53,38.25,7.89,0.0,22.0,4,9.21,3.42,-30.51,0.0,,8,,20260827
REAL,"The RealReal, Inc.",Consumer Cyclical,Luxury Goods,NASDAQ,10.93,3250382,1329865344,0.6609,11.62,12.13,-1.0486,11.27,-20.18,29.78,7.67,0.0,47.0,3,17.39,7.3,-37.16,0.0,,8,,20260827
DYLLF,Deep Yellow Limited,Energy,Uranium,OQX,1.29,58907,1256720896,0.0831,0.98,1.25,3.7031,8.86,-44.44,9.74,-9.44,0.0,62.5,3,2.1,0.0,-38.57,0.0,,8,,20260827
FLTCF,Filtronic plc,Technology,Communication Equipment,PNK,,389743,1039286720,0.2381,,,,,,,,0.0,30.75,3,8.5,1.59,,0.0,,8,,20260827
SVC,Service Properties Trust,Real Estate,REIT - Hotel & Motel,NASDAQ,7.83,1788439,1014059264,0.3167,8.33,8.84,-1.5661,-12.34,-39.37,-61.95,-41.64,0.0,7.5,4,15.05,5.65,-47.97,0.0,,8,,20260827
COLL,"Collegium Pharmaceutical, Inc.",Healthcare,Drug Manufacturers - Specialty & Generic,NASDAQ,27.51,541803,852787776,1.4542,33.22,38.77,-3.9249,-20.66,-50.98,-49.6,-42.85,0.0,11.25,4,50.79,25.47,-45.83,0.0,,8,,20260827
LNZNF,Lenzing Aktiengesellschaft,Consumer Cyclical,Textile Manufacturing,PNK,27.07,3,1109699584,0.0291,27.93,27.94,-29.6486,-7.73,-27.07,-35.49,-25.6,0.0,24.0,4,32.21,24.33,-15.96,0.0,,8,,20260827
CBLNY,Mersen S.A.,Industrials,Electrical Equipment & Parts,PNK,8.37,86,1017143232,0.0329,8.59,6.81,-6.7492,-6.93,24.73,40.26,23.03,0.0,37.0,3,11.25,5.05,-25.6,0.0,,8,,20260827
RJET,Republic Airways Holdings Inc.,Industrials,Airlines,NASDAQ,18.55,148984,868501696,0.9767,19.25,19.48,-0.7216,-25.79,-24.79,-16.64,-21.78,0.0,54.0,4,26.7,15.37,-30.52,0.0,,8,,20260827
SMGRF,Summerset Group Holdings Limited,Healthcare,Medical Care Facilities,PNK,4.72,19,1145173504,0.0018,4.72,5.83,2.5473,2.12,-43.0,-68.48,-41.91,0.0,50.0,3,9.45,4.52,-50.05,0.0,,8,,20260827
DEA,"Easterly Government Properties, Inc.",Real Estate,REIT - Office,NYSE,24.76,390426,1213383808,0.5202,24.43,22.39,0.6315,2.24,0.99,-1.63,0.25,0.0,86.25,2,25.96,20.56,-4.62,0.0,,8,,20260827
ROCK,"Gibraltar Industries, Inc.",Industrials,Building Products & Equipment,NASDAQ,46.33,342034,1374236800,2.1016,45.0,45.48,0.6329,14.95,-16.96,-49.11,-21.84,0.0,82.5,3,75.08,33.56,-38.29,0.0,,8,,20260827
AIAI,AIAI Holdings Corporation,Industrials,Conglomerates,NASDAQ,3.94,517332,278411264,1.2094,8.76,3.94,-3.9837,-73.96,-76.55,-76.55,-75.9,0.0,35.0,3,19.57,3.7,-79.87,0.0,,8,,20260827
JNDOF,JINS HOLDINGS Inc.,Healthcare,Medical Instruments & Supplies,PNK,38.43,1,897164160,0.0659,41.42,30.48,-45.3742,-20.96,57.81,50.61,35.24,0.0,25.0,3,47.22,22.75,-18.61,0.0,,8,,20260827
ORRAF,Orora Limited,Consumer Cyclical,Packaging & Containers,PNK,1.0,4,1225342976,0.0013,0.95,1.17,36.5957,8.64,-32.62,-28.75,-20.76,0.0,50.0,3,1.46,0.9,-31.51,0.0,,8,,20260827
PZZA,"Papa John's International, Inc.",Consumer Cyclical,Restaurants,NASDAQ,23.61,1241282,777281088,1.0749,30.5,34.2,-6.4105,-31.32,-40.38,-69.7,-49.84,0.0,10.0,4,55.74,22.77,-57.64,0.0,,8,,20260827
CEVA,"CEVA, Inc.",Technology,Semiconductors,NASDAQ,27.63,892378,777896960,2.4271,37.82,28.63,-4.1969,-34.21,18.49,0.36,-1.94,0.0,22.0,4,51.6,17.02,-46.45,0.0,,8,,20260827
PHGPY,Pets at Home Group Plc,Consumer Cyclical,Specialty Retail,PNK,9.96,158,1084382720,0.0059,10.14,10.43,-31.1383,3.5,-22.37,-17.6,-13.99,0.0,49.0,3,11.28,9.56,-11.7,0.0,,8,,20260827
AOD,Abrdn Total Dynamic Dividend Fund,Financial Services,Asset Management,NYSE,10.62,412395,1120052608,0.1114,10.34,9.59,2.5335,2.72,-5.48,11.21,3.25,0.0,83.75,2,10.81,8.76,-1.76,0.0,,8,,20260827
ASM,Avino Silver & Gold Mines Ltd.,Basic Materials,Other Precious Metals & Mining,NYSE,7.59,3877134,1289201536,0.4198,6.35,6.83,2.9513,11.28,-25.73,60.15,17.87,0.0,90.0,3,11.99,4.0,-36.7,0.0,,8,,20260827
SVAUF,StorageVault Canada Inc.,Real Estate,Real Estate Services,PNK,3.28,17196,1197836032,0.022,3.35,3.39,-3.3339,2.69,-19.64,-23.55,-15.62,0.0,50.25,4,3.78,3.0,-13.36,0.0,,8,,20260827
CFPZF,Canfor Corporation,Basic Materials,Lumber & Wood Production,PNK,10.25,19039,1204399744,0.2753,10.21,9.62,0.1576,3.22,-7.15,-14.67,-7.57,0.0,83.75,2,11.83,7.83,-13.36,0.0,,8,,20260827
JBIO,"Jade Biosciences, Inc.",Healthcare,Biotechnology,NCM,21.33,1121876,1356532224,1.4852,21.14,17.64,0.1295,-3.14,35.99,149.44,71.59,0.0,88.75,2,28.0,6.91,-23.82,0.0,,8,,20260827
GRRMY,Gerresheimer AG,Healthcare,Medical Instruments & Supplies,PNK,7.61,57,1051397632,0.0449,7.8,7.07,-4.2301,9.61,21.49,-62.33,-15.01,0.0,63.25,3,13.2,4.71,-42.33,0.0,,8,,20260827
FPF,First Trust Intermediate Duration Preferred & Income Fund,Financial Services,Asset Management,NYSE,17.77,96998,1081265920,0.1724,17.74,17.71,0.1519,-2.27,-14.28,-19.19,-13.24,0.0,85.0,2,19.75,17.21,-10.03,0.0,,8,,20260827
VULNF,Vulcan Energy Resources Limited,Basic Materials,Other Industrial Metals & Mining,PNK,2.05,1129,981254464,0.0791,2.06,2.64,-0.1048,-21.91,-42.76,-28.49,-31.84,0.0,13.25,4,5.43,1.76,-62.25,0.0,,8,,20260827
UVSP,Univest Financial Corporation,Financial Services,Banks - Regional,NASDAQ,41.66,238106,1149014784,0.7309,43.27,36.83,-2.1997,3.91,9.04,16.21,10.62,0.0,70.75,3,45.46,28.04,-8.36,0.0,,8,,20260827
DBVT,DBV Technologies S.A.,Healthcare,Biotechnology,NCM,14.52,316720,912521216,0.7554,14.91,18.14,-0.5133,-23.86,-45.79,27.75,-10.89,0.0,23.25,4,26.18,8.7,-44.55,0.0,,8,,20260827
IRCUF,Irish Continental Group plc,Industrials,Marine Shipping,PNK,8.37,11948,1242667648,0.0865,7.94,7.49,4.9821,11.3,-6.87,9.61,4.26,0.0,75.0,2,9.1,6.43,-8.02,0.0,,8,,20260827
FINV,FinVolution Group,Financial Services,Credit Services,NYSE,4.21,614379,993955776,0.1379,4.69,4.9,-3.5104,-25.8,-33.25,-72.58,-47.12,0.0,7.5,4,8.69,4.19,-51.55,0.0,,8,,20260827
LZ,"LegalZoom.com, Inc.",Industrials,Specialty Business Services,NASDAQ,5.9,2851429,1010462400,0.3715,6.66,7.39,-2.0478,-10.01,-21.03,-66.92,-36.63,0.0,38.75,4,12.4,5.22,-52.42,0.0,,8,,20260827
INDI,"indie Semiconductor, Inc.",Technology,Semiconductors,NCM,3.9,6402217,824025536,0.3537,3.92,3.82,-0.0489,-26.76,-2.78,-35.41,-21.83,0.0,50.75,3,6.05,2.32,-35.54,0.0,,8,,20260827
GRRMF,Gerresheimer AG,Healthcare,Medical Instruments & Supplies,PNK,32.2,41,1112188032,0.2865,31.66,36.35,1.8719,-0.31,-49.39,-57.37,-40.31,0.0,25.0,3,51.41,19.16,-37.37,0.0,,8,,20260827
MMI,"Marcus & Millichap, Inc.",Real Estate,Real Estate Services,NYSE,32.2,168146,1219446400,0.9,31.04,28.36,1.29,11.36,13.46,-19.84,-0.39,0.0,86.25,2,33.62,24.43,-4.22,0.0,,8,,20260827
AORT,"Artivion, Inc.",Healthcare,Medical Devices,NYSE,27.2,748231,1326169216,1.2231,25.34,34.41,1.5195,17.16,-35.09,-58.13,-31.24,0.0,63.75,3,48.25,19.16,-43.63,0.0,,8,,20260827
LNRCF,LunR Royalties Corp.,Basic Materials,Other Industrial Metals & Mining,PNK,16.0,26268,0,1.6588,13.88,16.0,1.2757,-1.54,-23.45,56.02,13.81,0.0,60.0,3,27.0,9.45,-40.75,0.0,,8,,20260827
SHAZ,SharonAI Holdings Inc.,Technology,Information Technology Services,NCM,59.59,1798549,2133530752,7.2301,67.89,59.59,-1.1484,-11.63,93.53,75.76,60.13,0.0,40.0,3,97.48,16.55,-38.87,0.0,,8,,20260827
UVE,"Universal Insurance Holdings, Inc.",Financial Services,Insurance - Property & Casualty,NYSE,43.76,212928,1217856384,1.2662,41.62,35.84,1.692,12.75,24.35,62.55,36.73,0.0,85.0,2,45.15,24.03,-3.08,0.0,,8,,20260827
MRCHF,"H.U. Group Holdings, Inc.",Healthcare,Diagnostics & Research,PNK,23.35,76,1274816000,0.2421,20.94,21.04,9.9451,17.34,5.52,-19.46,-1.52,0.0,76.25,3,28.06,18.6,-16.79,0.0,,8,,20260827
UPWK,Upwork Inc.,Communication Services,Internet Content & Information,NASDAQ,8.64,3527963,1079165184,0.417,8.84,13.14,-0.4777,-2.34,-44.54,-62.61,-41.22,0.0,50.75,4,22.84,7.44,-62.17,0.0,,8,,20260827
DLX,Deluxe Corporation,Industrials,Conglomerates,NYSE,23.62,429426,1083125504,0.7362,24.46,24.38,-1.1384,-4.01,-23.35,4.39,-7.42,0.0,56.5,3,32.07,17.76,-26.35,0.0,,8,,20260827
IGIC,International General Insurance Holdings Ltd.,Financial Services,Insurance - Diversified,NCM,26.64,92606,1131312896,0.7682,27.06,24.7,-0.5475,6.9,0.7,-4.57,0.14,0.0,74.5,3,29.59,20.82,-9.95,0.0,,8,,20260827
OSBC,"Old Second Bancorp, Inc.",Financial Services,Banks - Regional,NASDAQ,25.25,407150,1284611840,0.4309,24.13,21.13,2.6059,16.92,13.92,20.3,17.22,0.0,87.5,2,26.06,16.65,-3.11,0.0,,8,,20260827
EYPT,"EyePoint, Inc.",Healthcare,Biotechnology,NASDAQ,4.99,2988612,418368032,1.2036,12.06,13.88,-5.8724,-64.43,-83.01,-77.51,-76.16,0.0,13.75,4,19.11,3.95,-73.89,0.0,,8,,20260827
GPRE,Green Plains Inc.,Basic Materials,Chemicals,NASDAQ,14.88,1411809,1043018496,0.7818,16.03,14.16,-1.4687,-7.39,-4.44,37.57,11.63,0.0,61.25,3,19.65,8.65,-24.27,0.0,,8,,20260827
TGONF,Tetragon Financial Group Limited,Unknown,Unknown,PNK,13.65,7478,1147964928,0.0823,13.31,14.72,4.1223,4.71,-20.07,-42.12,-22.7,0.0,64.5,3,19.62,11.97,-30.43,0.0,,8,,20260827
DGIPF,DigiPlus Interactive Corp.,Unknown,Unknown,PNK,0.17,39899,0,0.0224,0.18,0.26,-0.3986,-20.0,-49.26,-95.65,-60.5,0.0,12.5,4,0.81,0.14,-79.19,0.0,,8,,20260827
NWPX,"NWPX Infrastructure, Inc.",Basic Materials,Steel,NASDAQ,112.39,192476,1083125120,5.0137,128.98,92.15,-3.3093,-10.06,40.75,94.66,49.61,0.0,33.75,3,152.03,49.25,-26.07,0.0,,8,,20260827
TSHTY,Toshiba Tec Corporation,Technology,Computer Hardware,PNK,9.38,584,994047488,0.184,9.46,9.27,-0.408,-12.54,-14.14,-27.85,-19.22,0.0,39.5,3,12.59,8.01,-25.5,0.0,,8,,20260827
EVV,Eaton Vance Limited Duration Income Fund,Financial Services,Asset Management,NYSE,9.09,415584,0,0.0808,9.14,9.22,-0.584,-2.44,-15.09,-24.04,-15.51,0.0,59.0,4,10.41,8.97,-12.68,0.0,,8,,20260827
EVO,Evotec SE,Healthcare,Drug Manufacturers - Specialty & Generic,NASDAQ,1.95,52807,693008832,0.0751,2.25,2.87,-3.9753,-34.4,-53.92,-65.94,-53.85,0.0,10.0,4,4.27,1.87,-54.33,0.0,,8,,20260827
SMSSY,"SMS Co., Ltd.",Healthcare,Health Information Services,PNK,7.23,27,1428675456,0.0205,7.14,5.63,4.4501,14.06,47.46,-6.08,17.69,0.0,75.0,2,7.96,4.42,-9.15,0.0,,8,,20260827
OCFC,OceanFirst Financial Corp.,Financial Services,Banks - Regional,NASDAQ,19.02,1074050,1838192000,0.3777,19.13,18.45,-0.2806,-0.23,-9.16,-10.9,-7.62,0.0,73.25,3,20.61,17.05,-7.71,0.0,,8,,20260827
ELE,Elemental Royalty Corporation,Basic Materials,Other Precious Metals & Mining,NCM,21.91,383171,1408946816,0.9007,17.45,17.96,4.9489,21.46,-13.42,26.82,11.4,0.0,93.75,3,26.96,12.58,-18.73,0.0,,8,,20260827
ALNT,Allient Inc.,Technology,Electronic Components,NASDAQ,93.05,287476,1581525504,5.7004,95.35,71.93,-0.4029,21.0,29.05,79.58,47.25,0.0,72.0,3,118.67,41.75,-21.59,0.0,,8,,20260827
TMVWF,TeamViewer SE,Technology,Software - Application,PNK,7.68,36,1205500032,0.0072,7.5,6.66,24.7553,9.61,5.45,-48.92,-15.26,0.0,75.0,2,11.14,5.17,-31.06,0.0,,8,,20260827
BNGRF,Savencia SA,Consumer Defensive,Packaged Foods,PNK,82.35,1,1062331136,0.0088,82.35,72.46,0.0,2.63,6.03,36.9,17.53,0.0,75.0,3,82.35,52.3,-0.0,0.0,,8,,20260827
PXED,"Phoenix Education Partners, Inc.",Consumer Defensive,Education & Training Services,NYSE,28.8,117975,1038164416,1.127,30.13,29.89,-1.182,-5.6,-12.11,-37.96,-20.82,0.0,37.75,4,47.08,23.52,-38.83,0.0,,8,,20260827
LQDT,"Liquidity Services, Inc.",Consumer Cyclical,Internet Retail,NASDAQ,41.89,207135,1312481408,1.3521,39.78,33.81,1.5575,13.82,22.98,36.92,26.27,0.0,87.5,2,44.09,21.67,-4.99,0.0,,8,,20260827
SMPL,The Simply Good Foods Company,Consumer Defensive,Packaged Foods,NCM,10.54,2266634,932170304,0.4691,11.65,14.97,-2.3578,-12.18,-48.63,-84.56,-53.89,0.0,12.5,4,29.32,9.88,-64.05,0.0,,8,,20260827
AMN,"AMN Healthcare Services, Inc.",Healthcare,Medical Care Facilities,NYSE,34.24,884822,1326114944,1.6854,33.44,23.59,0.4744,23.54,60.01,44.93,44.86,0.0,87.5,2,37.22,14.97,-8.01,0.0,,8,,20260827
MGAWY,Megaworld Corporation,Real Estate,Real Estate - Development,PNK,6.8,90,1102616064,0.0638,6.87,6.93,-1.037,8.05,-20.86,-26.77,-16.0,0.0,49.0,3,7.93,6.16,-14.25,0.0,,8,,20260827
KRNGY,Karoon Energy Ltd,Energy,Oil & Gas E&P,PNK,2.2,65,767989824,0.0819,2.16,2.18,0.5212,-22.27,13.2,-21.91,-9.71,0.0,51.25,3,2.94,1.76,-25.17,0.0,,8,,20260827
ABR,"Arbor Realty Trust, Inc.",Real Estate,REIT - Mortgage,NYSE,5.06,4004501,1025804992,0.1676,4.99,6.52,0.4288,-7.27,-33.27,-71.48,-42.06,0.0,35.0,3,12.58,4.73,-59.78,0.0,,8,,20260827
LGIH,"LGI Homes, Inc.",Consumer Cyclical,Residential Construction,NASDAQ,58.22,352171,1353514368,2.6393,58.74,50.19,-0.1971,15.13,3.29,-30.99,-7.46,0.0,73.25,3,69.5,33.55,-16.23,0.0,,8,,20260827
MNXBF,"Monex Group, Inc.",Financial Services,Capital Markets,PNK,4.04,41,1015509248,0.007,4.08,-3.76,-5.0039,-7.8,-148.92,-102.39,-95.03,0.0,37.0,3,6.15,3.85,-34.31,0.0,,8,,20260827
LSDAF,Lassonde Industries Inc.,Consumer Defensive,Beverages - Non-Alcoholic,PNK,157.01,17,1071035264,0.1676,155.27,157.4,10.3511,-1.67,-11.27,-18.84,-11.9,0.0,37.0,3,168.47,113.91,-6.8,0.0,,8,,20260827
MDEVY,Melco International Development Limited,Consumer Cyclical,Resorts & Casinos,PNK,2.4,18,1091958144,0.0191,2.31,2.67,4.4832,5.37,-24.75,-42.58,-24.35,0.0,25.0,3,3.57,2.14,-32.77,0.0,,8,,20260827
XERS,"Xeris Biopharma Holdings, Inc.",Healthcare,Drug Manufacturers - Specialty & Generic,NASDAQ,8.68,1880773,1582540288,0.348,8.2,7.01,1.3906,36.98,19.22,-8.85,12.43,0.0,90.0,2,10.08,5.25,-13.89,0.0,,8,,20260827
HYLN,Hyliion Holdings Corp.,Consumer Cyclical,Auto Parts,NYSE,3.32,4309576,592942720,0.4011,4.29,3.02,-2.4172,-54.51,61.81,68.08,35.24,0.0,31.25,3,8.49,1.56,-60.9,0.0,,8,,20260827
BOPCF,BioPharma Credit PLC,Unknown,Unknown,PNK,0.99,367985,905384737,0.044,0.99,0.99,0.0,-34.29,-34.29,-34.29,-34.29,0.0,63.25,3,1.02,0.85,-2.91,0.0,,8,,20260827
SAFT,"Safety Insurance Group, Inc.",Financial Services,Insurance - Property & Casualty,NASDAQ,103.64,213340,1521485184,0.8964,88.23,77.39,17.1935,45.03,24.34,27.53,30.79,0.0,86.25,2,103.76,67.04,-0.12,0.0,,8,,20260827
FMBL,Farmers & Merchants Bank of Long Beach,Financial Services,Banks - Regional,OQX,9850.0,95,1187375488,100.547,9433.11,8562.25,4.1463,12.9,6.65,35.83,19.89,0.0,90.0,2,9900.0,6375.0,-0.51,0.0,,8,,20260827
HMH,HMH Holding Inc.,Energy,Oil & Gas Equipment & Services,NASDAQ,18.76,279928,225919648,1.0569,19.69,18.76,-0.8759,-15.09,-19.91,-19.91,-18.71,0.0,47.0,3,24.5,16.32,-23.43,0.0,,8,,20260827
SAEYY,Redcare Pharmacy NV,Healthcare,Pharmaceutical Retailers,PNK,7.0,32,1412554752,0.0288,7.24,6.76,-8.4351,14.46,-27.38,-61.52,-30.58,0.0,62.0,3,10.1,3.59,-30.69,0.0,,8,,20260827
LPTH,"LightPath Technologies, Inc.",Technology,Electronic Components,NCM,13.18,3213601,827564416,1.2185,12.81,11.78,0.3055,-27.5,0.87,172.33,62.36,0.0,62.5,2,18.94,4.71,-30.41,0.0,,8,,20260827
GTM,ZoomInfo Technologies Inc.,Technology,Software - Application,NASDAQ,3.8,10044538,1106218112,0.2303,3.31,6.17,2.1191,14.58,-49.12,-84.23,-47.24,0.0,61.25,3,12.51,2.54,-69.62,0.0,,8,,20260827
IVA,Inventiva S.A.,Healthcare,Biotechnology,NASDAQ,4.82,1053236,1138583552,0.2019,4.33,5.04,2.4396,-10.01,-40.43,-17.24,-23.55,0.0,72.0,3,7.98,3.35,-39.62,0.0,,8,,20260827
EVEX,"Eve Holding, Inc.",Industrials,Aerospace & Defense,NYSE,2.4,1049760,836367232,0.1695,2.54,3.24,-0.8473,-28.5,-31.37,-61.45,-42.68,0.0,11.25,4,5.16,2.1,-53.49,0.0,,8,,20260827
CCB,Coastal Financial Corporation,Financial Services,Banks - Regional,NASDAQ,46.86,218437,716317312,3.0341,64.28,83.77,-5.7424,-36.16,-52.76,-78.87,-59.05,0.0,15.0,4,120.05,36.61,-60.97,0.0,,8,,20260827
DPZUF,Domino's Pizza Enterprises Limited,Consumer Cyclical,Restaurants,PNK,13.8,134,1307506688,0.0558,12.34,13.2,26.0993,20.87,-16.02,-4.06,-2.01,0.0,75.0,3,15.6,8.27,-11.54,0.0,,8,,20260827
CRVS,"Corvus Pharmaceuticals, Inc.",Healthcare,Biotechnology,NASDAQ,14.73,1154687,1239101440,0.7332,14.14,13.58,0.8006,11.58,-30.17,149.71,52.22,0.0,91.25,2,26.95,5.28,-45.34,0.0,,8,,20260827
PGY,Pagaya Technologies Ltd.,Technology,Software - Infrastructure,NCM,22.41,3508751,1869573120,1.1826,18.56,17.41,3.256,61.83,78.01,-54.55,20.94,0.0,87.5,2,44.99,10.4,-50.19,0.0,,8,,20260827
FUBO,FuboTV Inc.,Communication Services,Broadcasting,NYSE,10.3,1528630,311104064,0.7542,9.55,17.98,1.0007,2.22,-38.37,-95.83,-51.2,0.0,53.25,3,56.64,7.95,-81.81,0.0,,8,,20260827
TNLIY,Trainline plc,Consumer Cyclical,Travel Services,PNK,5.87,0,1000543168,0.0001,5.87,6.19,0.0,-2.3,-18.85,-33.81,-20.7,0.0,49.0,3,6.81,5.87,-13.8,0.0,,8,,20260827
MLKN,"MillerKnoll, Inc.",Consumer Cyclical,"Furnishings, Fixtures & Appliances",NASDAQ,23.33,797654,1589315200,0.7865,21.49,18.22,2.3403,41.91,3.16,-9.54,7.77,0.0,86.25,2,24.71,13.77,-5.58,0.0,,8,,20260827
IQ,"iQIYI, Inc.",Communication Services,Entertainment,NASDAQ,0.98,6547600,948426304,0.068,1.16,1.5,-2.6128,-9.61,-55.57,-79.77,-53.76,0.0,38.75,4,2.84,0.95,-65.39,0.0,,8,,20260827
BJCHY,Beijing Capital International Airport Company Limited,Industrials,Airports & Air Services,PNK,0.97,230,888360704,0.0015,0.96,1.29,4.4103,-6.11,-35.33,-57.16,-36.76,0.0,25.0,3,2.18,0.89,-55.5,0.0,,8,,20260827
GHM,Graham Corporation,Industrials,Specialty Industrial Machinery,NYSE,91.86,261906,1078163840,6.0445,107.66,87.01,-2.614,-10.47,2.61,67.06,25.12,0.0,60.0,3,125.82,46.58,-26.99,0.0,,8,,20260827
SAFE,Safehold Inc.,Real Estate,REIT - Diversified,NYSE,15.35,321373,1087029888,0.4038,15.91,14.68,-1.3787,1.25,-14.88,-19.93,-12.87,0.0,70.75,3,17.45,12.76,-12.03,0.0,,8,,20260827
HSLV,Highlander Silver Corp.,Basic Materials,Silver,NYSE,5.57,520482,1133625472,0.2857,4.78,5.57,2.7703,-0.33,-29.99,-29.99,-22.57,0.0,88.75,3,6.97,3.88,-20.09,0.0,,8,,20260827
RZLV,Rezolve AI PLC,Technology,Software - Infrastructure,NASDAQ,2.91,14508769,1160588288,0.1692,2.57,2.72,1.9809,11.77,12.72,-27.59,-3.64,0.0,90.0,3,8.45,2.05,-65.56,0.0,,8,,20260827
MPZZF,MPC Container Ships ASA,Industrials,Marine Shipping,PNK,2.92,15173,1425165312,0.0904,2.55,2.21,4.1458,21.91,21.02,32.32,25.76,0.0,81.25,2,2.94,1.55,-0.68,0.0,,8,,20260827
MLXEF,Metals X Limited,Basic Materials,Other Industrial Metals & Mining,PNK,1.32,20818,1177497856,0.0624,1.07,0.92,3.9505,7.7,25.48,222.94,100.02,0.0,81.25,2,1.45,0.36,-8.65,0.0,,8,,20260827
PRCH,"Porch Group, Inc.",Financial Services,Insurance - Property & Casualty,NCM,17.26,1785717,1959352448,0.8015,14.61,10.25,3.3015,67.37,119.64,-15.25,52.62,0.0,90.0,2,19.44,6.36,-11.2,0.0,,8,,20260827
MHPSY,MHP SE,Consumer Defensive,Farm Products,PNK,8.25,34,883065216,0.0453,8.03,8.07,4.778,-16.05,-17.68,6.56,-7.58,0.0,51.25,3,9.98,5.96,-17.33,0.0,,8,,20260827
MNKD,MannKind Corporation,Healthcare,Biotechnology,NASDAQ,4.09,5033520,1315116928,0.2121,4.03,4.2,0.2961,12.87,5.75,-15.69,-1.05,0.0,74.5,3,6.51,2.23,-37.17,0.0,,8,,20260827
HTROF,Hexatronic Group AB (publ),Technology,Communication Equipment,PNK,4.35,158,963301632,0.0444,4.29,3.41,1.2507,-16.86,32.98,50.58,27.56,0.0,50.0,2,5.09,1.8,-14.56,0.0,,8,,20260827
ALVO,Alvotech,Healthcare,Drug Manufacturers - Specialty & Generic,NASDAQ,4.91,975458,1751971584,0.2996,3.73,4.16,3.9339,40.39,8.94,-61.55,-11.39,0.0,88.75,3,9.25,2.94,-46.92,0.0,,8,,20260827
TMVWY,TeamViewer SE,Technology,Software - Application,PNK,3.7,1537,1164093312,0.0617,3.3,3.12,6.5205,6.54,31.83,-50.97,-7.62,0.0,77.5,2,5.69,2.4,-34.92,0.0,,8,,20260827
UPBD,"Upbound Group, Inc.",Technology,Software - Application,NASDAQ,19.44,999592,1133340416,0.6895,20.11,18.53,-0.966,2.76,-16.92,-36.95,-20.01,0.0,73.25,3,28.03,15.82,-30.65,0.0,,8,,20260827
ACVA,ACV Auctions Inc.,Consumer Cyclical,Auto & Truck Dealerships,NYSE,7.32,3724448,1242994432,0.4553,7.35,6.63,-0.0676,19.66,51.2,-57.4,-0.13,0.0,74.5,3,11.91,4.07,-38.54,0.0,,8,,20260827
BJCHF,Beijing Capital International Airport Company Limited,Industrials,Airports & Air Services,PNK,0.18,265,824252224,0.0005,0.18,0.28,-7.6581,-24.08,-56.56,-67.62,-52.87,0.0,12.0,4,0.41,0.18,-56.1,0.0,,8,,20260827
CHY,Calamos Convertible and High Income Fund,Financial Services,Asset Management,NASDAQ,13.01,172551,1045097408,0.1982,13.08,11.79,-0.334,-0.76,2.01,10.69,4.79,0.0,74.5,3,13.91,10.41,-6.47,0.0,,8,,20260827
OCSL,Oaktree Specialty Lending Corporation,Financial Services,Asset Management,NASDAQ,13.06,565387,1150396928,0.2518,12.21,11.83,3.3817,10.85,6.72,-12.2,0.18,0.0,88.75,2,14.31,10.63,-8.74,0.0,,8,,20260827
BRBR,"BellRing Brands, Inc.",Consumer Defensive,Packaged Foods,NYSE,10.79,5045954,1254641664,0.6776,11.87,17.82,-1.5867,23.27,-51.36,-92.65,-49.22,0.0,35.0,4,43.02,7.82,-74.92,0.0,,8,,20260827
GLDAF,GlobalData Plc,Industrials,Consulting Services,PNK,1.13,46,743380416,0.0097,1.11,1.28,2.8363,-20.65,-43.45,-73.03,-49.58,0.0,25.0,3,2.3,0.98,-50.65,0.0,,8,,20260827
RXT,"Rackspace Technology, Inc.",Technology,Software - Infrastructure,NASDAQ,3.4,15318725,866567680,0.4452,4.91,2.67,-3.3948,-28.91,140.74,162.77,107.14,0.0,36.25,3,8.6,0.39,-60.47,0.0,,8,,20260827
HIVE,HIVE Digital Technologies Ltd.,Financial Services,Capital Markets,NCM,2.87,25657055,787175936,0.2612,3.21,2.94,-1.3086,-37.99,14.22,-11.85,-9.26,0.0,20.75,4,7.84,1.73,-63.39,0.0,,8,,20260827
CBLNF,Mersen S.A.,Industrials,Electrical Equipment & Parts,PNK,47.67,68,1158595328,0.358,42.92,33.81,13.2651,12.56,53.3,50.05,41.82,0.0,75.0,2,48.47,28.64,-1.65,0.0,,8,,20260827
PURR,Hyperliquid Strategies Inc.,Financial Services,Capital Markets,NCM,11.56,15186687,2318516480,0.7794,7.79,11.56,4.8388,35.93,168.12,183.46,141.21,0.0,62.5,3,12.1,3.01,-4.46,0.0,,8,,20260827
JWLLF,Jamieson Wellness Inc.,Consumer Defensive,Packaged Foods,PNK,32.91,3870,1365466880,0.2035,30.04,26.06,14.0883,30.46,19.72,10.54,18.74,0.0,77.5,2,33.15,23.88,-0.72,0.0,,8,,20260827
HBT,"HBT Financial, Inc.",Financial Services,Banks - Regional,NASDAQ,35.6,167871,1294615680,0.7711,33.66,28.36,2.5121,22.83,18.55,19.09,19.84,0.0,86.25,2,37.51,22.36,-5.09,0.0,,8,,20260827
RSTCF,"RS Technologies Co., Ltd.",Technology,Semiconductors,PNK,38.17,170,1015184896,0.2239,42.33,38.17,-18.5598,-3.9,-13.82,-13.82,-11.34,0.0,25.0,3,51.17,38.17,-25.41,0.0,,8,,20260827
SVRA,Savara Inc.,Healthcare,Biotechnology,NASDAQ,5.61,1828759,1152630656,0.2534,5.68,5.54,-0.2952,5.33,-15.05,58.1,19.31,0.0,72.0,3,7.0,3.19,-19.91,0.0,,8,,20260827
CMRF,"CIM Group, Inc.",Real Estate,REIT - Diversified,PNK,2.1,3566,1003176256,0.0786,2.18,2.1,-1.0159,-9.9,-23.63,192463.32,76974.58,0.0,37.0,3,3.6,0.0,-41.67,0.0,,8,,20260827
RERE,ATRenew Inc.,Consumer Cyclical,Internet Retail,NYSE,4.0,1084446,885963456,0.1957,4.1,4.76,-0.5109,-18.13,-44.13,-29.41,-31.74,0.0,22.0,4,6.47,3.5,-38.18,0.0,,8,,20260827
APYRF,Allied Properties Real Estate Investment Trust,Real Estate,REIT - Office,PNK,6.45,34371,1262684928,0.0837,7.0,7.76,-6.5779,-12.38,-14.12,-70.29,-36.15,0.0,2.5,4,15.91,6.45,-59.46,0.0,,8,,20260827
TNDM,"Tandem Diabetes Care, Inc.",Healthcare,Medical Devices,NASDAQ,21.37,2171435,1486897024,1.1971,18.34,19.66,2.5286,41.85,-28.95,55.9,22.69,0.0,88.75,3,29.65,11.46,-27.93,0.0,,8,,20260827
PDM,"Piedmont Realty Trust, Inc.",Real Estate,REIT - Office,NYSE,9.88,1078392,1236312320,0.2541,9.51,8.4,1.4523,15.0,16.7,0.67,9.86,0.0,90.0,2,10.13,6.32,-2.47,0.0,,8,,20260827
CWAFF,China Water Affairs Group Limited,Utilities,Utilities - Regulated Water,PNK,0.62,62,1012424704,0.0,0.62,0.67,0.0,-2.34,-19.93,-36.89,-22.32,0.0,37.0,3,0.8,0.62,-22.5,0.0,,8,,20260827
CRON,Cronos Group Inc.,Healthcare,Drug Manufacturers - Specialty & Generic,NASDAQ,3.55,1204404,1307865600,0.1114,2.91,2.7,5.7543,28.17,17.05,16.5,19.61,0.0,88.75,2,3.58,2.28,-0.84,0.0,,8,,20260827
PLOW,"Douglas Dynamics, Inc.",Consumer Cyclical,Auto Parts,NYSE,41.67,272846,961620480,1.4385,45.41,41.04,-2.5986,-9.86,-19.53,7.48,-6.31,0.0,32.5,3,55.0,28.52,-24.24,0.0,,8,,20260827
TWFG,"TWFG, Inc.",Financial Services,Insurance Brokers,NASDAQ,30.9,185642,398002272,1.2356,26.13,23.45,3.8604,64.05,61.23,-12.5,32.44,0.0,88.75,2,31.3,16.56,-1.28,0.0,,8,,20260827
GNK,Genco Shipping & Trading Limited,Industrials,Marine Shipping,NYSE,25.83,393343,1125841920,0.987,24.59,21.49,1.2569,11.89,6.04,44.34,22.82,0.0,87.5,2,27.76,15.55,-6.95,0.0,,8,,20260827
MOGLF,Mongolian Mining Corporation,Basic Materials,Coking Coal,OQX,1.35,4206,1379691648,0.0304,0.96,1.26,12.7303,19.28,-25.67,5.61,-1.92,0.0,75.0,3,1.85,0.73,-27.03,0.0,,8,,20260827
CII,"BlackRock Enhanced Large Cap Core Fund, Inc.",Financial Services,Asset Management,NYSE,24.55,78131,1006146176,0.3969,24.62,22.89,-0.1738,-3.34,1.91,9.8,3.76,0.0,60.25,3,26.17,20.43,-6.19,0.0,,8,,20260827
WTBFA,W.T.B. Financial Corporation,Financial Services,Banks - Regional,OID,680.0,9,1667720448,5.9721,666.26,632.63,2.301,-4.94,-3.42,4.08,-0.8,0.0,50.0,2,724.0,554.0,-6.08,0.0,,8,,20260827
WTBFB,W.T.B. Financial Corporation,Financial Services,Banks - Regional,OID,461.59,1346,1163624576,6.4071,424.43,387.5,5.7995,14.17,5.38,30.3,17.55,0.0,93.75,2,461.62,310.0,-0.01,0.0,,8,,20260827
ETW,Eaton Vance Tax-Managed Global Buy-Write Opportunities Fund,Financial Services,Asset Management,NYSE,9.86,259390,1070774144,0.0855,9.51,9.01,4.0947,4.28,-2.98,0.23,0.12,0.0,90.0,2,9.91,8.46,-0.5,0.0,,8,,20260827
SDTHF,Sdiptech AB (publ),Industrials,Conglomerates,PNK,25.91,3,984371072,0.0052,25.91,22.74,0.0,20.96,7.99,0.01,8.04,0.0,75.0,3,26.67,21.02,-2.85,0.0,,8,,20260827
CHI,Calamos Convertible Opportunities and Income Fund,Financial Services,Asset Management,NASDAQ,12.89,167315,1040310464,0.2227,12.88,11.42,0.029,1.89,6.27,16.85,9.4,0.0,87.5,2,13.5,10.26,-4.52,0.0,,8,,20260827
ODC,Oil-Dri Corporation of America,Basic Materials,Specialty Chemicals,NYSE,90.48,127767,0,3.5782,96.47,72.1,-1.6741,12.15,28.37,35.49,27.16,0.0,60.0,3,107.0,45.61,-15.44,0.0,,8,,20260827
THRM,Gentherm Incorporated,Consumer Cyclical,Auto Parts,NASDAQ,40.17,416878,1233428096,1.7506,38.63,34.56,0.8788,13.39,9.34,-11.28,2.1,0.0,86.25,2,48.35,27.0,-16.92,0.0,,8,,20260827
COGNY,Cogna Educação S.A.,Consumer Defensive,Education & Training Services,PNK,0.4,5606,800774528,0.0235,0.42,0.57,-0.7334,-25.42,-54.49,-48.77,-44.94,0.0,14.5,4,0.89,0.35,-55.06,0.0,,8,,20260827
OXBDF,Oxford Biomedica plc,Healthcare,Biotechnology,PNK,7.15,1057,865467648,0.0738,7.71,8.62,-7.5828,-17.26,-25.99,-23.28,-22.72,0.0,0.0,4,12.61,6.88,-43.3,0.0,,8,,20260827
GLGDF,GoGold Resources Inc.,Basic Materials,Other Precious Metals & Mining,OQX,3.18,499859,1378580864,0.1633,2.4,2.23,4.7645,34.14,8.89,69.86,39.59,0.0,87.5,2,3.29,1.57,-3.34,0.0,,8,,20260827
VOBIF,Vobile Group Limited,Technology,Software - Application,OQX,0.26,88,662680448,0.0005,0.28,0.46,-41.2102,-35.46,-65.65,-80.32,-63.97,0.0,0.0,4,0.85,0.26,-69.44,0.0,,8,,20260827
SBGI,"Sinclair, Inc.",Communication Services,Broadcasting,NASDAQ,14.33,524234,1034132800,0.5702,14.13,14.35,0.3532,-0.93,-4.01,-13.85,-7.18,0.0,75.75,3,17.88,12.46,-19.85,0.0,,8,,20260827
GLIBK,Liberty Capital Corporation,Communication Services,Telecom Services,NASDAQ,26.34,744543,1051097472,1.0484,23.09,31.28,3.1022,12.78,-43.73,-50.88,-32.46,0.0,65.0,3,41.17,19.3,-36.03,0.0,,8,,20260827
GLIBA,Liberty Capital Corporation,Communication Services,Telecom Services,NASDAQ,26.85,91592,1071449024,0.971,23.47,31.45,3.4834,13.64,-42.72,-49.9,-31.5,0.0,63.75,3,41.87,19.61,-35.87,0.0,,8,,20260827
KURA,"Kura Oncology, Inc.",Healthcare,Biotechnology,NASDAQ,13.06,1829742,1161825664,0.7586,10.7,9.72,3.109,25.19,41.46,50.16,40.87,0.0,90.0,2,13.9,7.36,-6.04,0.0,,8,,20260827
LTGHY,Life Healthcare Group Holdings Limited,Healthcare,Medical Care Facilities,PNK,2.86,50150,1023185792,0.1052,2.66,2.68,1.9347,4.06,-16.72,-28.54,-16.25,0.0,86.25,3,3.36,2.24,-14.88,0.0,,8,,20260827
GSBD,"Goldman Sachs BDC, Inc.",Financial Services,Asset Management,NYSE,10.02,945062,1127942016,0.2075,9.2,8.88,3.942,13.69,5.27,-16.71,-1.42,0.0,88.75,2,11.53,8.36,-13.1,0.0,,8,,20260827
HNTIF,Hunting PLC,Energy,Oil & Gas Equipment & Services,PNK,5.43,287,789319360,0.0913,6.08,6.01,-7.1629,-22.61,-36.42,9.34,-14.66,0.0,12.0,4,7.5,4.18,-27.6,0.0,,8,,20260827
OPY,Oppenheimer Holdings Inc.,Financial Services,Capital Markets,NYSE,115.87,124239,1240736512,3.9398,111.93,92.25,1.0011,23.96,18.75,44.93,30.52,0.0,83.75,2,123.24,63.81,-5.98,0.0,,8,,20260827
RNP,"Cohen & Steers REIT and Preferred Income Fund, Inc.",Financial Services,Asset Management,NYSE,20.5,114538,984001664,0.2192,20.32,19.91,0.8284,-1.8,-11.75,-21.64,-13.22,0.0,72.0,2,22.58,19.27,-9.21,0.0,,8,,20260827
EXMRF,Exmar NV,Energy,Oil & Gas Equipment & Services,PNK,12.5,0,993952512,0.0007,12.5,11.69,0.0,-2.3,-1.88,-20.3,-9.35,0.0,75.0,3,13.5,11.6,-7.41,0.0,,8,,20260827
SDGR,"Schrödinger, Inc.",Healthcare,Health Information Services,NASDAQ,19.47,1254966,1456465664,0.9117,16.67,15.01,3.0696,44.71,53.89,-20.92,21.67,0.0,91.25,2,23.02,10.95,-15.42,0.0,,8,,20260827
BUR,Burford Capital Limited,Financial Services,Asset Management,NYSE,4.34,1977726,952996736,0.1855,4.24,6.54,0.5465,-6.75,-65.19,-88.8,-60.02,0.0,38.75,3,14.05,3.59,-69.11,0.0,,8,,20260827
HPK,"HighPeak Energy, Inc.",Energy,Oil & Gas E&P,NASDAQ,7.76,584876,981273728,0.4918,7.31,6.22,0.9187,10.78,44.71,-17.31,11.42,0.0,62.5,2,9.13,3.85,-15.0,0.0,,8,,20260827
ASIC,Ategrity Specialty Insurance Co,Financial Services,Insurance - Property & Casualty,NYSE,26.72,76692,1280607488,0.9963,24.05,20.74,2.68,30.46,1.25,-3.37,6.71,0.0,88.75,2,27.22,16.35,-1.84,0.0,,8,,20260827
TBN,Tamboran Resources Corporation,Energy,Oil & Gas E&P,NYSE,36.96,185532,1288292992,1.3146,33.91,31.65,2.3175,5.85,8.12,59.91,28.27,0.0,91.25,2,52.21,19.55,-29.21,0.0,,8,,20260827
TBNRL,Tamboran Resources Corporation,Energy,Oil & Gas E&P,PNK,0.19,1269,1359400064,0.0009,0.19,0.15,4.8802,6.03,57.1,123.75,70.99,0.0,75.0,2,0.21,0.08,-5.06,0.0,,8,,20260827
MBC,"MasterBrand, Inc.",Consumer Cyclical,"Furnishings, Fixtures & Appliances",NYSE,8.84,2737806,1798856064,0.4212,9.03,9.76,-0.4521,-7.39,-27.55,-53.59,-32.93,0.0,61.5,4,14.22,6.61,-37.83,0.0,,8,,20260827
APC,ARKO Petroleum Corp.,Energy,Oil & Gas Refining & Marketing,NCM,18.74,166464,1547366016,0.6597,18.98,18.74,-0.3626,-4.37,-6.7,-1.92,-4.2,0.0,50.75,3,21.72,17.0,-13.72,0.0,,8,,20260827
NBN,Northeast Bank,Financial Services,Banks - Regional,NASDAQ,129.86,135148,0,3.7849,130.94,116.45,-0.2848,1.57,1.34,-1.48,0.27,0.0,78.25,3,142.31,80.75,-8.75,0.0,,8,,20260827
CFFN,"Capitol Federal Financial, Inc.",Financial Services,Banks - Regional,NASDAQ,8.66,815326,1068379392,0.1777,8.54,7.43,0.6804,10.17,6.92,22.57,14.0,0.0,83.75,2,9.26,5.97,-6.48,0.0,,8,,20260827
OMDA,"Omada Health, Inc.",Healthcare,Health Information Services,NASDAQ,23.96,1280314,1466752128,1.0703,21.91,16.88,1.917,43.22,89.39,-6.47,39.51,0.0,90.0,2,26.91,10.28,-10.98,0.0,,8,,20260827
CVHSY,Cablevisión Holding S.A.,Communication Services,Telecom Services,OID,5.7,621,1029662656,0.0916,4.99,4.75,7.7939,5.2,12.8,-5.74,3.49,0.0,51.25,2,5.95,2.75,-4.2,0.0,,8,,20260827
DAKT,"Daktronics, Inc.",Technology,Electronic Components,NASDAQ,19.51,485989,942446656,0.6104,20.03,20.57,-0.8476,-6.85,-39.04,-4.98,-17.37,0.0,55.25,3,28.27,16.78,-30.99,0.0,,8,,20260827
INNV,InnovAge Holding Corp.,Healthcare,Medical Care Facilities,NASDAQ,11.04,330028,1498529792,0.5663,11.02,8.06,0.035,46.24,12.94,180.26,88.19,0.0,85.0,2,12.64,3.54,-12.66,0.0,,8,,20260827
NMAX,"Newsmax, Inc.",Communication Services,Broadcasting,NYSE,10.56,1227296,1363936512,0.6599,8.63,7.65,2.9285,33.21,67.57,-49.74,12.06,0.0,88.75,2,15.81,5.11,-33.21,0.0,,8,,20260827
TYG,Tortoise Energy Infrastructure Corporation,Financial Services,Asset Management,NYSE,43.33,169573,0,0.5849,42.65,42.79,1.155,-2.94,-18.64,-6.62,-9.91,0.0,70.75,3,51.18,40.35,-15.34,0.0,,8,,20260827
CSBTF,Kuros Biosciences AG,Healthcare,Medical Devices,PNK,26.99,51,1070740160,0.2599,25.99,30.51,3.8336,6.75,-27.68,-41.73,-24.69,0.0,50.0,3,42.81,22.72,-36.95,0.0,,8,,20260827
HEPS,D-Market Elektronik Hizmetler ve Ticaret A.S.,Consumer Cyclical,Internet Retail,NASDAQ,2.57,208788,918068800,0.1224,2.85,2.7,-2.2564,-9.23,-17.65,-28.45,-19.86,0.0,48.25,3,3.33,2.15,-22.82,0.0,,8,,20260827
DFIN,"Donnelley Financial Solutions, Inc.",Technology,Software - Application,NYSE,47.64,297273,1171247616,1.7933,46.32,46.64,0.7348,18.75,-15.02,-35.64,-14.83,0.0,88.75,3,57.37,36.11,-16.96,0.0,,8,,20260827
SBSI,"Southside Bancshares, Inc.",Financial Services,Banks - Regional,NYSE,32.06,132256,955643904,0.6207,33.23,31.49,-1.8881,-3.71,-9.27,-11.86,-8.92,0.0,45.75,3,36.2,26.32,-11.44,0.0,,8,,20260827
HMNTY,Hemnet Group AB (publ),Communication Services,Internet Content & Information,PNK,10.01,435,899010432,0.1792,9.0,13.12,5.6468,-7.24,-34.4,-83.97,-47.44,0.0,26.25,3,28.31,7.01,-64.64,0.0,,8,,20260827
DPUKY,Domino's Pizza Group plc,Consumer Cyclical,Restaurants,PNK,5.78,1385,1101546112,0.1077,5.16,4.83,5.7438,13.51,1.82,-12.78,-1.1,0.0,76.25,2,5.94,4.41,-2.69,0.0,,8,,20260827
CTYMF,Catalyst Metals Limited,Basic Materials,Gold,PNK,4.16,940,1096863104,0.0841,4.05,4.53,1.3677,5.71,-41.78,-28.12,-24.44,0.0,63.25,3,7.16,3.23,-41.9,0.0,,8,,20260827
MSEXP,Middlesex Water Company PFD 7%,Unknown,Unknown,PNK,492.0,1,0,1.8538,551.48,579.56,-32.0828,-18.56,-28.35,-27.11,-25.41,0.0,0.0,4,662.5,492.0,-25.74,0.0,,8,,20260827
MSEX,Middlesex Water Company,Utilities,Utilities - Regulated Water,NASDAQ,58.51,166071,1102559232,1.4104,56.17,52.67,1.6567,9.45,-2.55,-8.3,-1.85,0.0,87.5,2,62.18,44.17,-5.9,0.0,,8,,20260827
BBN,BlackRock Taxable Municipal Bond Trust,Financial Services,Asset Management,NYSE,15.88,132289,981265088,0.1329,15.79,15.78,0.6424,-0.66,-12.01,-15.6,-10.61,0.0,90.0,2,17.45,15.47,-9.0,0.0,,8,,20260827
JVTSF,Juventus Football Club S.p.A.,Communication Services,Entertainment,PNK,2.4,598,1000881600,0.0457,2.4,2.66,0.0188,0.88,-30.84,-49.97,-30.56,0.0,62.0,3,3.7,2.25,-35.14,0.0,,8,,20260827
KBDC,"Kayne Anderson BDC, Inc.",Financial Services,Asset Management,NYSE,13.48,337746,890189632,0.2801,13.57,13.67,-0.3165,-8.83,-8.28,-18.96,-12.69,0.0,36.5,4,15.87,13.06,-15.06,0.0,,8,,20260827
NWHUF,Vital Infrastructure Property Trust,Real Estate,REIT - Healthcare Facilities,PNK,3.84,93985,960071104,0.0392,3.92,3.88,-2.0069,-2.28,-18.86,-8.87,-10.72,0.0,56.5,3,4.4,3.34,-12.73,0.0,,8,,20260827
NLST,"Netlist, Inc.",Technology,Electronics & Computer Distribution,OQB,5.73,2088459,2003111424,0.5792,3.44,2.0,3.9615,96.61,378.63,578.22,387.96,0.0,87.5,2,7.0,0.45,-18.14,0.0,,8,,20260827
EQRLF,EQ Resources Limited,Basic Materials,Other Industrial Metals & Mining,PNK,0.27,519927,1411019392,0.022,0.2,0.27,3.2161,43.17,68.03,278.77,146.11,0.0,83.75,3,0.29,0.06,-5.69,0.0,,8,,20260827
SENEB,Seneca Foods Corporation,Consumer Defensive,Packaged Foods,NASDAQ,193.67,160,1311234432,3.1663,173.07,141.0,6.5062,32.55,37.87,57.92,44.56,0.0,77.5,2,196.63,103.07,-1.51,0.0,,8,,20260827
ESRT,"Empire State Realty Trust, Inc.",Real Estate,REIT - Diversified,NYSE,4.72,2188540,1445952384,0.1626,5.2,5.77,-2.9758,-20.01,-32.45,-56.27,-38.87,0.0,10.0,4,8.07,4.61,-41.51,0.0,,8,,20260827
CPAC,Cementos Pacasmayo S.A.A.,Basic Materials,Building Materials,NYSE,12.47,66635,1067698496,0.3034,11.87,10.42,1.9761,16.19,7.88,71.29,35.32,0.0,87.5,2,12.7,6.25,-1.81,0.0,,8,,20260827
DXYZ,Destiny Tech100 Inc.,Financial Services,Asset Management,NYSE,34.55,2648367,1052588672,2.2607,27.19,30.93,3.2574,-37.5,11.67,-0.51,-5.49,0.0,68.75,3,72.87,19.71,-52.59,0.0,,8,,20260827
MFAO,"MFA Financial, Inc. 9.000% Seni",Unknown,Unknown,NYSE,25.18,7390,0,0.0839,24.94,24.29,2.8756,-0.05,-6.93,-11.99,-7.23,0.0,85.0,2,25.75,24.18,-2.21,0.0,,8,,20260827
MFA,"MFA Financial, Inc.",Real Estate,REIT - Mortgage,NYSE,8.8,1562198,889573888,0.1611,9.22,9.1,-2.5842,-7.21,-16.61,-18.75,-15.12,0.0,42.25,1,10.57,8.78,-16.75,0.0,,8,,20260827
SUCEF,"Sumitomo Osaka Cement Co., Ltd.",Basic Materials,Building Materials,PNK,30.0,0,825240512,0.002,30.0,27.57,0.0,-2.34,4.1,-3.66,-0.61,0.0,62.0,3,30.0,25.16,0.0,0.0,,8,,20260827
VRTS,"Virtus Investment Partners, Inc.",Financial Services,Asset Management,NYSE,167.25,131173,1117584896,4.3416,157.98,147.39,2.134,15.52,10.07,-30.92,-4.96,0.0,86.25,2,203.61,121.61,-17.86,0.0,,8,,20260827
LXRX,"Lexicon Pharmaceuticals, Inc.",Healthcare,Biotechnology,NCM,2.31,3250129,1027848192,0.1286,2.31,1.76,0.0358,4.11,42.89,83.86,49.58,0.0,86.25,2,2.68,1.03,-13.81,0.0,,8,,20260827
OPK,"OPKO Health, Inc.",Healthcare,Diagnostics & Research,NASDAQ,1.51,3542319,1126955648,0.067,1.38,1.29,1.9458,13.81,16.86,-11.93,4.58,0.0,86.25,2,1.73,0.98,-12.72,0.0,,8,,20260827
TRUP,"Trupanion, Inc.",Financial Services,Insurance - Property & Casualty,NASDAQ,30.19,442896,1316902016,1.3254,26.71,28.97,2.6248,36.84,1.96,-54.69,-11.98,0.0,88.75,3,46.98,21.16,-35.74,0.0,,8,,20260827
KODK,Eastman Kodak Company,Industrials,Specialty Business Services,NYSE,9.53,926940,932986944,0.4131,8.99,9.02,1.3169,-9.0,13.96,39.88,18.58,0.0,62.5,3,14.87,5.73,-35.91,0.0,,8,,20260827
JCAP,"Jefferson Capital, Inc.",Financial Services,Credit Services,NASDAQ,21.22,360076,1218569856,0.751,19.75,19.76,1.9516,22.66,-3.72,-6.22,1.87,0.0,85.0,3,24.44,15.5,-13.18,0.0,,8,,20260827
LUXE,LuxExperience B.V.,Consumer Cyclical,Luxury Goods,NYSE,7.85,158817,1077503488,0.4141,7.89,8.37,-0.1077,12.09,-29.59,-27.99,-18.53,0.0,61.5,4,11.38,6.54,-31.02,0.0,,8,,20260827
CRAI,"CRA International, Inc.",Industrials,Consulting Services,NASDAQ,170.69,155342,1071397248,6.5261,163.71,169.39,1.0693,15.54,-3.49,-31.84,-10.07,0.0,85.0,3,227.29,132.17,-24.9,0.0,,8,,20260827
ESQ,"Esquire Financial Holdings, Inc.",Financial Services,Banks - Regional,NCM,112.66,134722,1363702400,3.7508,121.5,110.21,-2.3559,0.2,-5.35,-5.65,-4.08,0.0,56.25,3,134.81,92.1,-16.43,0.0,,8,,20260827
CCORF,Canaccord Genuity Group Inc.,Financial Services,Capital Markets,PNK,10.5,41835,1081715072,0.1172,10.36,9.07,1.187,12.1,0.23,23.99,12.7,0.0,78.75,2,11.0,6.4,-4.55,0.0,,8,,20260827
STK,Columbia Seligman Premium Technology Growth Fund,Financial Services,Asset Management,NYSE,52.08,68507,0,1.4484,50.89,43.54,0.8222,-7.25,18.2,55.94,26.93,0.0,63.75,2,58.46,31.07,-10.91,0.0,,8,,20260827
MRCBF,Morguard Corporation,Real Estate,Real Estate - Diversified,PNK,82.95,6,885762304,0.3029,87.06,85.27,-13.5578,-9.25,-12.66,-24.36,-16.49,0.0,24.0,4,90.06,82.43,-7.89,0.0,,8,,20260827
GOOS,Canada Goose Holdings Inc.,Consumer Cyclical,Apparel Manufacturing,NYSE,8.12,727834,793004096,0.2942,9.18,11.18,-3.5929,-22.5,-44.5,-51.69,-41.87,0.0,8.75,4,15.4,8.11,-47.26,0.0,,8,,20260827
OILSF,Saturn Oil & Gas Inc.,Energy,Oil & Gas E&P,OQX,4.46,111701,793955776,0.1959,4.01,3.37,2.314,-10.0,78.68,119.22,72.73,0.0,61.25,2,5.57,1.63,-19.93,0.0,,8,,20260827
HNTIY,Hunting PLC,Energy,Oil & Gas Equipment & Services,PNK,5.28,407,731174336,0.3167,6.08,5.46,-2.5184,-23.43,1.03,2.5,-4.5,0.0,15.75,4,7.36,4.01,-28.21,0.0,,8,,20260827
DVSPF,Dividend 15 Split Corp.,Unknown,Unknown,PNK,6.32,5554,277145279,0.1577,6.42,5.6,-0.6362,4.41,4.82,17.88,9.94,0.0,68.25,3,6.88,4.72,-8.14,0.0,,8,,20260827
EQBK,"Equity Bancshares, Inc.",Financial Services,Banks - Regional,NYSE,49.53,128868,1019945984,1.002,49.7,46.15,-0.1702,5.19,-2.6,2.85,1.53,0.0,69.5,3,52.27,38.6,-5.24,0.0,,8,,20260827
YALA,Yalla Group Limited,Technology,Software - Application,NYSE,5.59,311134,848724096,0.1553,5.41,6.4,1.1574,-10.25,-32.15,-48.89,-33.37,0.0,38.75,3,8.1,5.01,-30.99,0.0,,8,,20260827
ACEL,"Accel Entertainment, Inc.",Consumer Cyclical,Gambling,NYSE,11.81,306266,958894912,0.3092,12.39,11.61,-1.8757,-3.68,-3.35,-17.69,-9.17,0.0,47.0,3,14.0,9.55,-15.64,0.0,,8,,20260827
RCKHF,Rockhopper Exploration plc,Energy,Oil & Gas E&P,PNK,1.05,3037,902709952,0.0255,0.97,1.01,3.2435,-4.21,-0.58,-14.5,-7.06,0.0,53.75,3,1.35,0.88,-22.22,0.0,,8,,20260827
APEI,"American Public Education, Inc.",Consumer Defensive,Education & Training Services,NASDAQ,46.01,304321,842054016,2.3745,50.89,47.69,-2.0569,-13.88,-10.3,31.89,5.68,0.0,23.25,4,61.59,29.05,-25.3,0.0,,8,,20260827
NPK,"National Presto Industries, Inc.",Industrials,Aerospace & Defense,NYSE,151.15,114073,1078616448,4.8888,131.12,125.74,4.0978,13.35,6.08,21.29,13.98,0.0,90.0,2,158.17,91.28,-4.44,0.0,,8,,20260827
USPH,"U.S. Physical Therapy, Inc.",Healthcare,Medical Care Facilities,NYSE,78.27,222251,1167999488,2.8434,73.82,74.3,1.5633,20.35,-13.43,-26.62,-10.26,0.0,87.5,3,93.5,58.19,-16.29,0.0,,8,,20260827
BCNAF,Barco NV,Technology,Electronic Components,PNK,9.0,6,732495040,0.0173,9.65,11.63,-37.5368,-16.59,-40.49,-61.81,-43.04,0.0,0.0,4,16.32,8.91,-44.87,0.0,,8,,20260827
PYCXF,PYC Therapeutics Limited,Healthcare,Biotechnology,PNK,1.5,966,1475265664,0.016,1.17,1.07,20.9339,54.24,7.03,57.26,38.92,0.0,75.0,2,1.5,0.85,0.0,0.0,,8,,20260827
CVLG,"Covenant Logistics Group, Inc.",Industrials,Trucking,NYSE,35.54,204239,901926272,1.4492,41.12,31.43,-3.8535,-12.43,15.66,26.59,13.01,0.0,36.25,3,49.88,18.0,-28.75,0.0,,8,,20260827
BCX,Blackrock Resources & Commodities Strategy Trust,Financial Services,Asset Management,NYSE,13.13,187065,1001006080,0.232,11.81,11.51,5.6833,9.66,-7.36,22.12,8.69,0.0,91.25,2,13.86,9.68,-5.27,0.0,,8,,20260827
HBNC,"Horizon Bancorp, Inc.",Financial Services,Banks - Regional,NASDAQ,19.6,651145,1006352640,0.3724,20.02,17.9,-1.1252,4.84,1.96,9.32,5.62,0.0,68.25,3,21.04,14.97,-6.84,0.0,,8,,20260827
SENEA,Seneca Foods Corporation,Consumer Defensive,Packaged Foods,NASDAQ,191.79,135040,1298505856,6.9297,174.88,142.33,2.4397,27.4,25.88,55.86,38.25,0.0,90.0,2,199.55,99.58,-3.89,0.0,,8,,20260827
KOPN,Kopin Corporation,Technology,Electronic Components,NCM,4.73,5593878,879177408,0.3775,4.23,3.39,1.322,-16.5,91.9,124.52,77.84,0.0,62.5,2,6.61,1.81,-28.44,0.0,,8,,20260827
OXLC,Oxford Lane Capital Corp.,Financial Services,Asset Management,NASDAQ,9.52,1006929,929624704,0.1966,8.75,9.46,3.8998,0.41,12.65,-47.9,-14.63,0.0,90.0,3,19.05,8.01,-50.03,0.0,,8,,20260827
BTZ,BlackRock Credit Allocation Income Trust,Financial Services,Asset Management,NYSE,10.16,278379,0,0.0857,10.05,9.99,1.3085,0.06,-11.07,-18.55,-11.28,0.0,90.0,2,11.18,9.7,-9.12,0.0,,8,,20260827
LXU,"LSB Industries, Inc.",Basic Materials,Chemicals,NYSE,10.41,855896,749494016,0.4918,10.82,11.43,-0.8362,-21.46,-7.22,4.26,-6.19,0.0,34.0,4,17.22,7.71,-39.55,0.0,,8,,20260827
AEBI,Aebi Schmidt Holding AG,Industrials,Farm & Heavy Construction Machinery,NASDAQ,12.35,314992,958400128,0.6928,12.59,12.57,-0.3483,-5.54,-27.94,-13.66,-16.63,0.0,57.75,3,15.96,8.91,-22.62,0.0,,8,,20260827
VLERF,Valeura Energy Inc.,Energy,Oil & Gas E&P,OQX,9.22,48223,979289920,0.281,8.31,7.93,3.2237,15.86,5.07,33.75,19.24,0.0,88.75,2,11.33,4.34,-18.62,0.0,,8,,20260827
RIOFF,Rio2 Limited,Basic Materials,Gold,OQX,2.6,423558,1425140480,0.1431,2.05,2.12,3.8308,19.53,-13.77,102.27,40.97,0.0,86.25,3,3.02,1.14,-14.04,0.0,,8,,20260827
CSYJF,CSE Global Limited,Technology,Information Technology Services,PNK,1.03,117,751119808,0.001,1.03,0.96,0.0,-16.51,-10.04,75.86,22.7,0.0,50.0,3,1.51,0.52,-31.79,0.0,,8,,20260827
BJRI,"BJ's Restaurants, Inc.",Consumer Cyclical,Restaurants,NASDAQ,66.8,516467,1421087488,2.6628,63.78,45.99,1.1335,42.06,52.3,77.95,60.0,0.0,86.25,2,74.6,28.46,-10.46,0.0,,8,,20260827
AVR,Anteris Technologies Global Corp.,Healthcare,Medical Devices,NASDAQ,8.95,1164366,872253312,0.4824,9.08,6.72,-0.2719,-1.33,31.63,121.33,59.27,0.0,53.25,3,11.05,3.3,-19.04,0.0,,8,,20260827
MCBS,"MetroCity Bankshares, Inc.",Financial Services,Banks - Regional,NASDAQ,35.24,87060,1014250496,0.8355,35.47,30.42,-0.277,6.04,13.13,2.23,7.0,0.0,70.75,3,37.46,24.53,-5.93,0.0,,8,,20260827
UELKY,Ülker Bisküvi Sanayi A.S.,Consumer Defensive,Confectioners,PNK,20.36,34,751845632,0.5028,24.64,25.05,-8.513,-22.99,-29.96,-38.66,-31.7,0.0,0.0,4,29.12,17.0,-30.08,0.0,,8,,20260827
LIFNF,Lifenet Insurance Company,Financial Services,Insurance - Life,PNK,11.61,0,932751104,0.0006,11.61,10.63,0.0,-2.3,-19.14,242.81,89.85,0.0,50.0,3,12.5,3.2,-7.12,0.0,,8,,20260827
UTL,Unitil Corporation,Utilities,Utilities - Diversified,NYSE,53.8,136865,981133056,1.1881,53.18,50.63,0.5255,2.67,-5.43,-1.34,-1.77,0.0,86.25,2,57.26,44.61,-6.04,0.0,,8,,20260827
RHLD,"Resolute Holdings Management, Inc.",Industrials,Specialty Business Services,NYSE,137.25,174393,1073239424,9.4051,132.89,157.87,0.4635,17.17,-39.19,107.13,33.43,0.0,63.75,3,236.19,62.55,-41.89,0.0,,8,,20260827
CBGPY,Close Brothers Group plc,Financial Services,Banks - Regional,PNK,11.58,57,872631104,0.032,11.39,12.01,5.908,-11.31,-23.91,-34.97,-25.18,0.0,37.0,3,14.33,9.04,-19.19,0.0,,8,,20260827
AZTA,"Azenta, Inc.",Healthcare,Medical Instruments & Supplies,NASDAQ,33.57,778577,1470647680,1.637,28.47,28.24,3.1157,54.97,9.3,-11.43,12.43,0.0,93.75,2,41.73,15.93,-19.55,0.0,,8,,20260827
BOW,Bowhead Specialty Holdings Inc.,Financial Services,Insurance - Property & Casualty,NYSE,33.61,285520,1107214336,0.6085,31.43,26.98,3.584,22.23,17.37,-11.05,7.22,0.0,85.0,2,35.07,21.21,-4.16,0.0,,8,,20260827
MGLUY,Magazine Luiza S.A.,Consumer Cyclical,Specialty Retail,PNK,3.9,599,756267008,0.1936,3.57,5.83,1.7047,-28.3,-60.46,-37.11,-43.08,0.0,27.5,3,8.58,2.88,-54.55,0.0,,8,,20260827
PML,PIMCO Municipal Income Fund II,Financial Services,Asset Management,NYSE,7.32,389530,0,0.0623,7.4,7.38,-1.3081,-2.24,-14.49,-12.46,-10.61,0.0,41.0,4,8.01,7.18,-8.61,0.0,,8,,20260827
CGJTF,Cargojet Inc.,Industrials,Integrated Freight & Logistics,PNK,62.12,8084,919367232,0.7045,61.33,60.89,1.1188,-2.56,-17.98,-34.85,-20.87,0.0,78.75,2,74.59,46.64,-16.72,0.0,,8,,20260827
MJDLF,Major Drilling Group International Inc.,Basic Materials,Other Industrial Metals & Mining,PNK,12.44,42362,1023015808,0.3272,10.86,11.12,4.8196,3.17,-15.05,67.92,22.7,0.0,63.75,3,13.56,6.62,-8.26,0.0,,8,,20260827
RFAFF,RFA Financial Inc.,Real Estate,REIT - Diversified,OQX,18.47,966,845167808,0.0872,18.82,8.29,-4.0044,230.72,405.65,318.76,327.16,0.0,62.0,3,20.3,4.2,-9.01,0.0,,8,,20260827
PAKTY,PT Map Aktif Adiperkasa Tbk,Consumer Cyclical,Specialty Retail,PNK,1.23,3,1752995968,0.0005,1.23,0.88,2.1374,53.47,58.27,52.94,54.94,0.0,75.0,2,2.5,0.72,-50.8,0.0,,8,,20260827
SPTX,"Seaport Therapeutics, Inc.",Healthcare,Biotechnology,NASDAQ,27.84,163689,1490290560,1.7727,21.46,27.84,3.6011,51.89,33.74,33.74,38.28,0.0,90.0,3,28.37,14.85,-1.87,0.0,,8,,20260827
AMC,"AMC Entertainment Holdings, Inc.",Communication Services,Entertainment,NYSE,2.61,42747546,0,0.1765,2.34,1.78,1.5525,62.85,113.89,-29.94,43.6,0.0,86.25,2,3.18,0.93,-17.92,0.0,,8,,20260827
INR,"Infinity Natural Resources, Inc.",Energy,Oil & Gas E&P,NYSE,14.69,353932,273851392,0.6214,13.24,14.8,2.3381,6.31,-19.75,-17.18,-12.21,0.0,79.5,3,19.59,11.13,-24.99,0.0,,8,,20260827
MYN,"BlackRock MuniYield New York Quality Fund, Inc.",Financial Services,Asset Management,NYSE,9.74,146232,373170624,0.0961,9.86,9.71,-1.2552,-3.34,-11.86,-8.85,-8.53,0.0,45.75,3,10.26,9.2,-5.07,0.0,,8,,20260827
POGHF,Pilot Corporation,Industrials,Business Equipment & Supplies,PNK,12.56,18,1318395904,0.3869,7.63,-2.31,12.7307,-245.56,-222.78,10.11,-135.32,0.0,62.0,3,32.45,8.77,-61.31,0.0,,8,,20260827
PCRX,"Pacira BioSciences, Inc.",Healthcare,Drug Manufacturers - Specialty & Generic,NASDAQ,25.9,543757,1032422912,0.8947,25.0,23.73,1.0028,5.39,-0.71,-18.43,-6.27,0.0,88.75,2,27.66,18.8,-6.36,0.0,,8,,20260827
PHAR,Pharming Group N.V.,Healthcare,Biotechnology,NASDAQ,11.95,13446,845798592,0.6249,12.52,15.26,-0.9193,-13.23,-39.98,-36.88,-32.05,0.0,28.25,4,21.34,9.62,-44.0,0.0,,8,,20260827
PMT,PennyMac Mortgage Investment Trust,Real Estate,REIT - Mortgage,NYSE,9.23,1464944,0,0.2293,9.79,10.83,-2.4205,-10.77,-29.12,-34.13,-26.54,0.0,7.5,4,13.81,9.05,-33.16,0.0,,8,,20260827
PMTU,PennyMac Mortgage Investment Tr,Unknown,Unknown,NYSE,25.91,1355,0,0.1179,25.6,24.91,2.6712,1.17,-5.91,-10.94,-6.15,0.0,86.25,2,26.26,25.02,-1.33,0.0,,8,,20260827
NRGV,"Energy Vault Holdings, Inc.",Utilities,Utilities - Renewable,NYSE,3.7,5508096,672806400,0.3356,3.6,4.08,0.3104,-33.31,5.24,110.69,37.78,0.0,50.75,3,6.64,1.6,-44.32,0.0,,8,,20260827
IDWM,"IDW Media Holdings, Inc.",Communication Services,Publishing,OQB,41.28,26,11937185,0.5082,33.07,33.61,16.1573,24.67,6.83,-17.36,1.62,0.0,75.0,3,41.28,32.0,-0.0,0.0,,8,,20260827
PPTDF,PeptiDream Inc.,Healthcare,Biotechnology,PNK,6.7,90,861789504,0.051,6.18,8.48,10.1699,-6.72,-35.37,-55.67,-36.33,0.0,25.0,3,12.85,5.88,-47.84,0.0,,8,,20260827
BFST,"Business First Bancshares, Inc.",Financial Services,Banks - Regional,NASDAQ,31.13,250145,1013277888,0.5363,30.82,27.99,0.5737,8.84,-0.26,5.84,4.45,0.0,85.0,2,32.52,22.56,-4.29,0.0,,8,,20260827
CCOI,"Cogent Communications Holdings, Inc.",Communication Services,Telecom Services,NASDAQ,10.05,1455860,514718144,1.0021,12.19,18.52,-2.1308,-55.77,-56.53,-94.18,-71.4,0.0,13.75,4,45.69,9.0,-78.0,0.0,,8,,20260827
VYX,NCR Voyix Corporation,Technology,Information Technology Services,NYSE,8.88,2360326,1226060800,0.4741,8.07,8.41,1.702,33.02,-13.42,-55.03,-18.45,0.0,91.25,3,13.77,6.02,-35.51,0.0,,8,,20260827
CCNE,CNB Financial Corporation,Financial Services,Banks - Regional,NASDAQ,33.88,173879,1003555584,0.7175,34.11,29.69,-0.3175,8.34,4.46,12.46,8.63,0.0,73.25,3,36.17,22.8,-6.33,0.0,,8,,20260827
CCNEP,CNB Financial Corporation,Financial Services,Banks - Regional,NASDAQ,24.75,1112,0,0.1443,24.63,24.11,0.8299,-0.86,-8.21,-13.86,-8.63,0.0,81.25,2,25.5,23.57,-2.94,0.0,,8,,20260827
ROOT,"Root, Inc.",Financial Services,Insurance - Property & Casualty,NASDAQ,58.19,262692,901552320,3.1396,56.78,60.38,0.4495,5.12,-15.86,-54.43,-26.04,0.0,57.0,3,104.47,40.91,-44.3,0.0,,8,,20260827
FMCB,Farmers & Merchants Bancorp,Financial Services,Banks - Regional,OQX,1435.0,115,992939648,28.8894,1361.44,1215.67,2.5462,0.64,9.49,19.91,11.45,0.0,91.25,2,1540.0,985.25,-6.82,0.0,,8,,20260827
RPC,"Ridgepost Capital, Inc",Financial Services,Asset Management,NYSE,8.69,491762,957971968,0.3379,8.37,8.7,0.9387,1.11,-5.3,-50.0,-21.57,0.0,74.5,3,12.63,6.79,-31.2,0.0,,8,,20260827
CPF,Central Pacific Financial Corp.,Financial Services,Banks - Regional,NYSE,38.0,157562,978402432,0.8103,38.3,33.72,-0.3739,7.68,4.34,6.58,6.07,0.0,67.0,3,40.99,27.38,-7.29,0.0,,8,,20260827
TRON,Tron Inc.,Consumer Cyclical,Leisure,NCM,2.15,873601,1019921536,0.1519,1.57,1.75,3.8358,0.53,53.01,-76.95,-12.09,0.0,65.0,3,5.2,1.12,-58.65,0.0,,8,,20260827
EVC,Entravision Communications Corporation,Communication Services,Advertising Agencies,NYSE,7.99,1909664,737383552,0.6365,10.65,5.74,-4.1851,-17.96,158.49,220.7,139.26,0.0,57.5,3,13.74,1.95,-41.85,0.0,,8,,20260827
SLI,Standard Lithium Ltd.,Basic Materials,Other Industrial Metals & Mining,NYSE,2.61,1754804,644106624,0.1452,2.49,3.75,0.8279,-34.9,-55.81,-28.98,-39.85,0.0,36.25,3,6.4,1.91,-59.22,0.0,,8,,20260827
PHGUF,Pharming Group N.V.,Healthcare,Biotechnology,PNK,1.1,5206,778559360,0.0084,1.23,1.51,-15.4163,-16.41,-42.36,-35.95,-33.31,0.0,0.0,4,2.17,1.1,-49.31,0.0,,8,,20260827
PHAT,"Phathom Pharmaceuticals, Inc.",Healthcare,Biotechnology,NASDAQ,8.77,1318234,709501248,0.5572,10.25,12.25,-2.6555,-20.69,-39.92,-44.76,-37.05,0.0,11.25,4,18.31,8.21,-52.1,0.0,,8,,20260827
BAGFF,A.G. BARR p.l.c.,Consumer Defensive,Beverages - Non-Alcoholic,PNK,8.44,23,936634560,0.0009,8.42,8.4,21.6029,1.64,-8.81,-25.69,-12.95,0.0,75.0,2,9.15,6.6,-7.76,0.0,,8,,20260827
OCINF,OCI N.V.,Basic Materials,Specialty Chemicals,PNK,5.0,75,1054847744,0.0213,4.57,4.17,20.2909,10.02,13.27,-32.69,-5.93,0.0,75.0,2,5.67,3.36,-11.82,0.0,,8,,20260827
MBWM,Mercantile Bank Corporation,Financial Services,Banks - Regional,NASDAQ,59.88,134892,1035081408,1.3423,58.57,52.15,0.9764,12.67,2.36,5.1,6.03,0.0,85.0,2,62.39,42.75,-4.02,0.0,,8,,20260827
HTD,John Hancock Tax-Advantaged Dividend Income Fund,Financial Services,Asset Management,NYSE,25.42,64529,900676992,0.3319,25.4,24.29,0.0638,-1.35,-8.17,-9.13,-6.85,0.0,90.0,2,26.35,23.15,-3.53,0.0,,8,,20260827
ACNFF,Acomo N.V.,Consumer Defensive,Food Distribution,PNK,28.1,233,834661248,0.2653,26.48,28.14,6.1155,-8.4,-24.39,-2.6,-11.68,0.0,37.0,3,33.6,25.08,-16.37,0.0,,8,,20260827
NRK,Nuveen New York AMT-Free Quality Municipal Income Fund,Financial Services,Asset Management,NYSE,10.16,257373,886310656,0.1943,10.42,10.05,-1.3541,-3.95,-10.08,-3.94,-6.09,0.0,72.0,3,10.9,9.43,-6.79,0.0,,8,,20260827
HAFC,Hanmi Financial Corporation,Financial Services,Banks - Regional,NASDAQ,31.08,246892,921498880,0.5402,31.79,28.53,-1.3084,0.56,6.11,8.66,5.74,0.0,72.0,3,33.5,22.85,-7.22,0.0,,8,,20260827
GDRX,"GoodRx Holdings, Inc.",Healthcare,Health Information Services,NASDAQ,3.65,1474015,1245180672,0.167,3.17,2.68,2.8903,25.28,37.87,-34.68,5.7,0.0,88.75,2,5.81,1.77,-37.18,0.0,,8,,20260827
FSBC,Five Star Bancorp,Financial Services,Banks - Regional,NASDAQ,45.28,174676,1111017856,1.1015,46.98,40.41,-1.5474,5.53,2.45,22.85,11.38,0.0,72.0,3,50.26,30.68,-9.91,0.0,,8,,20260827
JBSS,"John B. Sanfilippo & Son, Inc.",Consumer Defensive,Packaged Foods,NASDAQ,75.76,137987,885602240,2.8425,81.36,75.28,-1.97,-2.26,-15.21,0.71,-5.6,0.0,63.75,3,92.08,59.07,-17.72,0.0,,8,,20260827
SCSC,"ScanSource, Inc.",Technology,Electronics & Computer Distribution,NASDAQ,56.17,248490,1141628672,2.7525,53.47,43.62,0.9816,21.35,41.24,6.12,22.22,0.0,87.5,2,66.78,33.76,-15.89,0.0,,8,,20260827
PSIX,"Power Solutions International, Inc.",Industrials,Specialty Industrial Machinery,NCM,36.64,475814,845118080,2.4021,35.31,56.84,0.5526,-16.82,-72.75,-79.15,-61.32,0.0,35.0,3,119.7,25.28,-69.39,0.0,,8,,20260827
MOMO,Hello Group Inc.,Communication Services,Internet Content & Information,NASDAQ,5.76,668806,851025088,0.1186,5.84,6.11,-0.6696,-6.98,-19.96,-48.04,-27.95,0.0,36.5,4,8.59,5.32,-32.98,0.0,,8,,20260827
DRMTY,Dr. Martens plc,Consumer Cyclical,Footwear & Accessories,PNK,2.15,569,1028916224,0.0358,2.15,2.15,0.0,16.06,16.06,16.06,16.06,0.0,62.0,3,2.47,1.8,-12.96,0.0,,8,,20260827
ARHS,"Arhaus, Inc.",Consumer Cyclical,Specialty Retail,NASDAQ,8.94,1342726,1265368064,0.5125,8.32,8.35,1.2108,32.09,0.83,-42.39,-8.64,0.0,83.75,3,12.11,5.57,-26.18,0.0,,8,,20260827
AIO,Virtus Artificial Intelligence & Technology Opportunities Fund,Financial Services,Asset Management,NYSE,26.0,74795,895415040,0.5107,26.26,23.33,-0.507,-3.86,4.18,2.35,1.44,0.0,59.0,3,28.6,20.91,-9.09,0.0,,8,,20260827
ETON,"Eton Pharmaceuticals, Inc.",Healthcare,Drug Manufacturers - Specialty & Generic,NASDAQ,62.62,530921,1789875968,3.6321,43.92,26.76,5.1484,90.93,243.68,245.85,206.36,0.0,83.75,2,66.37,14.27,-5.65,0.0,,8,,20260827
NOPMF,Neo Performance Materials Inc.,Basic Materials,Specialty Chemicals,OQX,23.73,64111,1096268288,2.0852,26.35,18.85,-1.2555,-3.59,4.79,71.93,29.55,0.0,56.25,3,34.99,11.1,-32.18,0.0,,8,,20260827
BBDC,"Barings BDC, Inc.",Financial Services,Asset Management,NYSE,9.35,742025,979009344,0.1825,8.67,8.43,3.7076,9.31,0.93,-12.07,-2.17,0.0,87.5,2,9.92,7.96,-5.75,0.0,,8,,20260827
EVTZF,Evertz Technologies Limited,Technology,Communication Equipment,PNK,11.84,649,894913984,0.0633,12.1,10.87,-4.0881,-0.55,-7.91,42.44,14.07,0.0,63.25,3,14.72,8.65,-19.57,0.0,,8,,20260827
AMPL,"Amplitude, Inc.",Technology,Software - Application,NCM,12.96,2406423,1718745472,0.5945,9.73,8.76,5.4358,86.03,83.49,-4.22,49.04,0.0,93.75,2,13.58,5.51,-4.57,0.0,,8,,20260827
PSNL,"Personalis, Inc.",Healthcare,Diagnostics & Research,NASDAQ,17.08,4165735,1824141824,0.9627,13.65,9.57,3.5652,77.63,94.43,242.84,149.6,0.0,92.5,2,18.89,4.65,-9.58,0.0,,8,,20260827
SBNC,"Southern BancShares (N.C.), Inc.",Financial Services,Banks - Regional,OID,13250.0,1,1006244736,66.6665,12717.0,11680.58,7.995,10.52,-1.49,25.94,12.48,0.0,75.0,2,13500.0,9100.0,-1.85,0.0,,8,,20260827
SBNCM,"Southern BancShares (N.C.), Inc.",Financial Services,Banks - Regional,OID,13.5,12,0,0.0054,13.26,13.12,44.8126,5.01,-8.59,-16.9,-8.51,0.0,75.0,2,14.5,11.75,-6.9,0.0,,8,,20260827
JANX,"Janux Therapeutics, Inc.",Healthcare,Biotechnology,NASDAQ,18.89,987665,1154873600,0.6834,15.91,15.9,4.3581,28.47,26.77,-38.47,1.1,0.0,92.5,2,35.34,12.12,-46.55,0.0,,8,,20260827
SCHL,Scholastic Corporation,Communication Services,Publishing,NASDAQ,39.95,340080,753559936,1.4397,43.41,37.09,-2.4014,-5.45,7.15,37.82,16.27,0.0,37.5,3,48.07,22.69,-16.89,0.0,,8,,20260827
AMTB,Amerant Bancorp Inc.,Financial Services,Banks - Regional,NYSE,28.64,363415,1122397440,0.6967,27.03,22.7,2.3042,24.89,19.34,16.73,19.69,0.0,85.0,2,30.6,15.62,-6.41,0.0,,8,,20260827
DRTS,Alpha Tau Medical Ltd.,Healthcare,Biotechnology,NCM,14.96,764267,1383473152,0.6861,12.66,8.41,3.3491,43.04,66.56,345.48,172.25,0.0,87.5,2,15.02,3.18,-0.4,0.0,,8,,20260827
BH,Biglari Holdings Inc.,Consumer Cyclical,Restaurants,NYSE,383.07,123873,1219878016,18.2578,386.09,348.36,-0.1653,32.6,-9.39,5.5,7.06,0.0,74.5,3,483.6,234.92,-20.79,0.0,,8,,20260827
BDIMF,Black Diamond Group Limited,Industrials,Rental & Leasing Services,OQX,13.13,14253,896897152,0.2207,13.3,12.1,-0.79,-1.1,-9.73,30.99,8.72,0.0,42.0,3,15.35,8.25,-14.46,0.0,,8,,20260827
AWF,AllianceBernstein Global High Income Fund,Financial Services,Asset Management,NYSE,10.15,309650,875231232,0.06,10.1,10.09,0.8754,-2.26,-10.83,-23.23,-13.64,0.0,85.0,2,11.43,9.85,-11.2,0.0,,8,,20260827
MDCKF,CHAPTERS Group AG,Technology,Software - Application,PNK,,11834,1287476224,0.1786,,,,,,,,0.0,18.25,3,54.48,30.18,,0.0,,8,,20260827
PMETF,PMET Resources Inc.,Basic Materials,Other Industrial Metals & Mining,OQX,3.85,35314,715507904,0.1961,3.58,3.9,1.3911,-20.21,-20.78,19.67,-4.46,0.0,53.25,3,5.93,2.17,-35.11,0.0,,8,,20260827
SHEN,Shenandoah Telecommunications Company,Communication Services,Telecom Services,NASDAQ,12.37,446687,684861056,0.5975,12.98,13.42,-1.0202,-26.5,-19.82,-26.14,-24.02,0.0,35.25,4,17.35,9.67,-28.7,0.0,,8,,20260827
TRST,TrustCo Bank Corp NY,Financial Services,Banks - Regional,NASDAQ,57.13,128473,972794816,1.2081,55.56,47.31,1.2989,10.93,17.8,34.86,22.91,0.0,87.5,2,58.98,34.31,-3.14,0.0,,8,,20260827
NEWP,New Pacific Metals Corp.,Basic Materials,Silver,NYSE,7.14,772058,1321398784,0.3773,5.01,4.35,5.6455,47.97,20.87,296.98,138.09,0.0,93.75,2,7.36,1.66,-2.99,0.0,,8,,20260827
SHMWF,"ShinMaywa Industries, Ltd.",Industrials,Conglomerates,PNK,13.3,0,879706496,0.0013,13.3,-1.13,0.0,-2.3,-176.06,-40.63,-78.45,0.0,75.0,3,19.18,11.74,-30.66,0.0,,8,,20260827
OMZNF,Osisko Metals Incorporated,Basic Materials,Other Industrial Metals & Mining,OQX,1.22,155173,1087582464,0.0519,1.22,0.93,-0.096,-8.88,6.85,273.92,109.75,0.0,74.5,3,1.42,0.28,-14.16,0.0,,8,,20260827
MFIC,MidCap Financial Investment Corporation,Financial Services,Asset Management,NASDAQ,9.64,562310,794072128,0.2062,9.78,10.49,-0.6557,-10.63,-17.42,-36.99,-23.55,0.0,31.5,4,13.34,9.28,-27.74,0.0,,8,,20260827
TALK,Talkspace Inc,Healthcare,Health Information Services,NCM,5.25,1988051,870574976,0.0149,5.21,4.43,2.435,-5.61,18.45,93.29,42.37,0.0,82.5,2,5.25,2.49,0.0,0.0,,8,,20260827
METCB,"Ramaco Resources, Inc.",Basic Materials,Coking Coal,NASDAQ,7.13,67272,451958144,0.5485,7.54,10.59,-0.7441,-42.21,-54.96,-73.87,-59.34,0.0,12.5,4,21.59,5.8,-66.97,0.0,,8,,20260827
METC,"Ramaco Resources, Inc.",Basic Materials,Coking Coal,NASDAQ,12.7,1801357,805030656,0.9557,11.73,15.47,1.0174,-20.62,-39.19,-68.72,-46.36,0.0,42.5,3,57.8,8.56,-78.03,0.0,,8,,20260827
INMD,InMode Ltd.,Healthcare,Medical Devices,NASDAQ,14.93,631820,859134528,0.2277,14.9,14.35,0.1353,5.77,-4.16,-18.09,-7.25,0.0,86.25,2,16.74,12.72,-10.81,0.0,,8,,20260827
ANNX,"Annexon, Inc.",Healthcare,Biotechnology,NASDAQ,4.99,3564725,945999872,0.3098,5.39,5.32,-1.2799,-9.77,-13.07,111.53,37.6,0.0,48.25,3,7.18,2.03,-30.5,0.0,,8,,20260827
CLDHF,CapitaLand China Trust,Real Estate,REIT - Retail,PNK,0.49,138,861003648,0.0011,0.47,0.53,16.9069,1.89,-26.41,-27.46,-19.75,0.0,37.0,3,0.62,0.49,-21.6,0.0,,8,,20260827
BSLAF,Basler Aktiengesellschaft,Technology,Consumer Electronics,PNK,29.38,7,903656192,0.1478,31.02,21.38,-11.0761,3.04,70.5,62.52,50.44,0.0,50.0,3,35.1,14.9,-16.3,0.0,,8,,20260827
ABX,"Abacus Global Management, Inc.",Financial Services,Insurance - Life,NYSE,9.78,615852,956408128,0.4764,10.19,8.87,-0.8526,2.59,0.79,25.53,11.14,0.0,72.0,3,12.44,5.0,-21.38,0.0,,8,,20260827
NXP,Nuveen Select Tax-Free Income Portfolio,Financial Services,Asset Management,NYSE,14.27,137241,0,0.097,14.22,14.02,0.4741,-0.64,-9.89,-13.31,-8.94,0.0,81.25,2,14.65,13.89,-2.59,0.0,,8,,20260827
PTVLF,Pet Valu Holdings Ltd.,Consumer Cyclical,Specialty Retail,PNK,14.42,9147,969260160,0.0569,13.54,16.76,15.4421,8.0,-43.22,-64.12,-38.77,0.0,50.0,3,28.11,12.23,-48.7,0.0,,8,,20260827
CRTO,Criteo S.A.,Communication Services,Advertising Agencies,NASDAQ,16.97,465043,831488576,0.9352,19.66,19.11,-2.8812,-7.38,-15.77,-49.29,-27.08,0.0,36.25,4,25.29,15.57,-32.9,0.0,,8,,20260827
CAPL,CrossAmerica Partners LP,Energy,Oil & Gas Refining & Marketing,NYSE,23.29,44567,889055168,0.6759,22.09,20.8,1.7772,3.53,12.54,1.65,5.93,0.0,87.5,2,24.63,19.67,-5.44,0.0,,8,,20260827
LOT,Lotus Technology Inc.,Consumer Cyclical,Auto Manufacturers,NASDAQ,1.19,167150,771280000,0.0892,1.04,1.22,1.7368,-10.81,-6.72,-64.43,-30.83,0.0,54.5,3,2.28,0.81,-47.88,0.0,,8,,20260827
DOCMF,Dr. Martens plc,Consumer Cyclical,Footwear & Accessories,PNK,1.2,4450,1148557696,0.0081,1.05,0.97,18.5451,30.54,18.84,-17.6,7.19,0.0,75.0,2,1.35,0.81,-11.44,0.0,,8,,20260827
PXMFF,Philex Mining Corporation,Basic Materials,Other Industrial Metals & Mining,PNK,0.21,25896,1350351744,0.0068,0.13,0.13,12.5479,39.03,40.37,220.04,111.9,0.0,76.25,3,0.22,0.08,-4.1,0.0,,8,,20260827
JMIA,Jumia Technologies AG,Consumer Cyclical,Internet Retail,NYSE,6.83,1837573,850798528,0.3455,6.45,8.71,1.0866,-10.42,-29.7,-37.67,-28.07,0.0,36.25,3,14.72,5.69,-53.6,0.0,,8,,20260827
WWLNF,Worldline SA,Technology,Software - Infrastructure,PNK,11.6,39,655272448,0.0248,11.93,16.06,-13.1869,-27.22,-48.58,-87.02,-58.62,0.0,12.0,4,36.02,8.04,-67.79,0.0,,8,,20260827
PCN,PIMCO Corporate & Income Strategy Fund,Financial Services,Asset Management,NYSE,11.73,324232,0,0.0977,11.63,11.64,1.0205,0.23,-12.72,-18.96,-11.98,0.0,86.25,3,13.49,11.4,-13.05,0.0,,8,,20260827
CODI,Compass Diversified,Industrials,Conglomerates,NYSE,11.38,830843,856185344,0.5611,10.68,8.54,1.2447,-3.9,27.5,27.42,19.62,0.0,86.25,2,13.25,4.58,-14.11,0.0,,8,,20260827
ORIC,"ORIC Pharmaceuticals, Inc.",Healthcare,Biotechnology,NASDAQ,13.91,1717606,1441808384,0.7774,11.59,10.64,2.9828,59.78,-7.3,24.03,22.0,0.0,90.0,2,14.93,7.23,-6.83,0.0,,8,,20260827
AVTX,"Avalo Therapeutics, Inc.",Healthcare,Biotechnology,NCM,20.55,1318547,1102096256,1.0977,18.7,16.78,1.6808,27.8,10.81,98.06,49.96,0.0,88.75,2,24.27,8.65,-15.33,0.0,,8,,20260827
ABUS,Arbutus Biopharma Corporation,Healthcare,Biotechnology,NASDAQ,5.19,2671637,1028168832,0.2037,4.66,4.47,2.5964,9.51,1.72,27.72,14.07,0.0,91.25,2,5.45,3.5,-4.77,0.0,,8,,20260827
DMPZF,Domino's Pizza Group plc,Consumer Cyclical,Restaurants,PNK,2.65,1595,1010068160,0.0079,2.5,2.31,18.6638,17.12,14.26,-18.98,1.68,0.0,75.0,2,2.8,2.2,-5.36,0.0,,8,,20260827
STBGY,Scandinavian Tobacco Group A/S,Consumer Defensive,Tobacco,PNK,5.43,371,855381440,0.0731,5.23,5.94,2.7258,-2.28,-39.6,-38.97,-30.02,0.0,62.0,3,8.0,4.85,-32.11,0.0,,8,,20260827
BCSF,"Bain Capital Specialty Finance, Inc.",Financial Services,Asset Management,NYSE,11.9,359990,771935232,0.2941,12.52,12.56,-2.0954,-10.55,-15.15,-31.62,-20.59,0.0,30.25,4,15.84,11.82,-24.87,0.0,,8,,20260827
CRF,"Cornerstone Total Return Fund, Inc.",Financial Services,Asset Management,NYSE,6.43,1309210,1094795392,0.1025,6.89,6.82,-4.4793,-9.4,-16.53,-21.29,-16.65,0.0,24.5,4,8.25,6.42,-22.06,0.0,,8,,20260827
GUNGF,"GungHo Online Entertainment, Inc.",Communication Services,Electronic Gaming & Multimedia,PNK,15.8,0,827396800,0.0027,15.8,3.58,0.0,-2.3,-37.32,-142.95,-70.82,0.0,50.0,3,21.15,15.8,-25.3,0.0,,8,,20260827
ARKO,Arko Corp.,Consumer Cyclical,Specialty Retail,NCM,4.67,936054,523907328,0.327,6.92,6.03,-6.8899,-41.62,-30.97,-24.44,-31.02,0.0,6.25,4,8.76,3.71,-46.66,0.0,,8,,20260827
MGTX,MeiraGTx Holdings plc,Healthcare,Biotechnology,NASDAQ,14.56,853937,1398386048,0.7337,12.78,9.52,2.4325,44.88,74.61,71.52,65.94,0.0,88.75,2,15.35,6.62,-5.15,0.0,,8,,20260827
SANA,"Sana Biotechnology, Inc.",Healthcare,Biotechnology,NASDAQ,4.16,3222341,1245340160,0.2484,3.51,3.7,2.6114,33.6,-11.35,3.62,5.88,0.0,90.0,3,6.55,2.61,-36.49,0.0,,8,,20260827
LYTS,LSI Industries Inc.,Technology,Electronic Components,NASDAQ,20.27,414832,744160448,1.0576,24.26,21.61,-3.7686,-20.41,-20.71,-29.96,-24.33,0.0,22.0,4,27.36,17.21,-25.91,0.0,,8,,20260827
SPIR,"Spire Global, Inc.",Industrials,Specialty Business Services,NYSE,13.54,1026907,550026944,0.997,14.4,13.28,-0.8622,-49.2,38.67,30.89,13.59,0.0,37.5,3,25.93,6.6,-47.78,0.0,,8,,20260827
LMB,"Limbach Holdings, Inc.",Industrials,Building Products & Equipment,NCM,42.42,314387,505858176,3.0492,66.27,77.79,-7.8203,-49.69,-65.53,-84.69,-69.23,0.0,11.25,4,128.57,41.17,-67.01,0.0,,8,,20260827
CGEM,"Cullinan Therapeutics, Inc.",Healthcare,Biotechnology,NASDAQ,22.85,949515,1404316416,1.1637,18.31,14.13,3.9005,44.89,48.01,178.52,99.44,0.0,90.0,2,23.19,5.68,-1.47,0.0,,8,,20260827
BFS,"Saul Centers, Inc.",Real Estate,REIT - Retail,NYSE,33.68,97045,1169672832,0.7449,35.27,32.8,-2.1282,-4.75,-9.59,-12.84,-9.68,0.0,47.0,3,38.42,29.16,-12.34,0.0,,8,,20260827
HNRG,Hallador Energy Company,Utilities,Utilities - Independent Power Producers,NCM,16.24,795317,765608064,0.8673,16.17,17.91,0.0773,-19.61,-23.7,-20.62,-21.45,0.0,52.0,3,24.7,13.65,-34.25,0.0,,8,,20260827
JBGS,JBG SMITH Properties,Real Estate,REIT - Diversified,NYSE,12.35,674703,953795392,0.4902,13.52,15.05,-2.3824,-17.76,-30.03,-58.32,-38.28,0.0,13.75,4,24.3,10.77,-49.18,0.0,,8,,20260827
AVO,"Mission Produce, Inc.",Consumer Defensive,Food Distribution,NASDAQ,12.95,1281068,1143741440,0.406,12.73,12.82,0.5473,10.85,-21.43,-17.46,-11.77,0.0,87.5,3,15.53,10.07,-16.61,0.0,,8,,20260827
TDVXF,Dynavox Group AB (publ),Healthcare,Medical Instruments & Supplies,PNK,7.65,588,811399360,0.1308,6.97,8.84,5.2113,-5.51,-28.85,-64.1,-37.12,0.0,26.25,3,13.33,5.51,-42.61,0.0,,8,,20260827
TBPH,"Theravance Biopharma, Inc.",Healthcare,Biotechnology,NASDAQ,17.03,636032,884176384,0.0754,16.94,17.29,1.2312,2.39,-21.76,2.89,-5.86,0.0,74.5,3,21.03,13.08,-19.02,0.0,,8,,20260827
SMP,"Standard Motor Products, Inc.",Consumer Cyclical,Auto Parts,NYSE,37.11,144571,829048256,1.0728,38.46,37.95,-1.262,-9.01,-23.52,-20.92,-18.85,0.0,57.75,3,46.0,34.27,-19.33,0.0,,8,,20260827
PHK,PIMCO High Income Fund,Financial Services,Asset Management,NYSE,4.52,852592,0,0.0453,4.57,4.5,-1.2093,-0.29,-12.95,-16.47,-11.2,0.0,69.5,3,5.04,4.41,-10.32,0.0,,8,,20260827
WGO,"Winnebago Industries, Inc.",Consumer Cyclical,Recreational Vehicles,NYSE,30.81,691638,870964544,1.1509,30.79,34.77,0.0177,1.93,-36.45,-32.45,-25.26,0.0,62.5,3,50.16,26.8,-38.58,0.0,,8,,20260827
SGCFF,Sagicor Financial Company Ltd.,Financial Services,Insurance - Life,PNK,6.48,2859,880417472,0.0574,6.05,6.4,7.4472,3.75,-12.6,-3.79,-4.99,0.0,77.5,3,7.65,4.32,-15.29,0.0,,8,,20260827
HRVFF,Harvia Oyj,Consumer Cyclical,Leisure,PNK,50.83,38,949921920,0.2101,46.82,45.2,19.0559,10.64,8.26,-5.22,3.47,0.0,75.0,2,50.83,37.95,0.0,0.0,,8,,20260827
XNCR,"Xencor, Inc.",Healthcare,Biotechnology,NASDAQ,28.44,1052243,2114610688,1.3865,19.16,14.7,6.6949,140.32,126.29,234.5,173.08,0.0,90.0,2,30.61,7.8,-7.09,0.0,,8,,20260827
REPX,"Riley Exploration Permian, Inc.",Energy,Oil & Gas E&P,NYSE,37.44,226939,812296256,1.1698,34.39,31.4,2.6111,5.57,27.36,15.85,17.31,0.0,91.25,2,41.53,24.08,-9.85,0.0,,8,,20260827
FMNB,Farmers National Banc Corp.,Financial Services,Banks - Regional,NCM,15.66,451963,927816960,0.2698,15.14,13.78,1.9108,9.32,7.85,-9.09,1.44,0.0,81.25,2,16.46,12.12,-4.86,0.0,,8,,20260827
MYE,"Myers Industries, Inc.",Consumer Cyclical,Packaging & Containers,NYSE,33.31,459679,1253058048,1.2239,31.93,23.48,1.1306,43.03,36.74,87.14,58.47,0.0,82.5,2,37.45,15.54,-11.05,0.0,,8,,20260827
CRCT,"Cricut, Inc.",Technology,Computer Hardware,NASDAQ,5.81,667590,1219511040,0.2533,4.89,4.48,3.6459,38.52,25.55,-17.56,11.55,0.0,91.25,2,6.93,3.73,-16.16,0.0,,8,,20260827
MATW,Matthews International Corporation,Industrials,Conglomerates,NASDAQ,21.55,468260,672643840,0.9813,25.58,25.65,-4.1023,-22.2,-27.81,-28.84,-26.82,0.0,7.5,4,30.93,20.87,-30.33,0.0,,8,,20260827
IPMLF,Imperial Metals Corporation,Basic Materials,Copper,PNK,7.0,44903,1247250688,0.2363,5.41,6.02,6.7466,40.8,-17.62,87.03,38.85,0.0,83.75,3,10.28,3.32,-31.91,0.0,,8,,20260827
UBSFY,Ubisoft Entertainment SA,Communication Services,Electronic Gaming & Multimedia,PNK,1.19,114504,808874304,0.0498,1.19,1.17,-0.0963,-1.5,12.85,-64.95,-21.86,0.0,73.25,3,2.4,0.8,-50.42,0.0,,8,,20260827
CAC,Camden National Corporation,Financial Services,Banks - Regional,NASDAQ,56.58,103125,956035008,1.5761,55.43,48.3,0.7303,11.5,8.08,24.48,15.49,0.0,85.0,2,60.59,35.0,-6.62,0.0,,8,,20260827
AGNT,"AGNT, Inc",Real Estate,Real Estate Services,NASDAQ,4.38,1409363,731976576,0.2584,4.52,6.74,-0.5248,-8.9,-49.35,-79.68,-51.37,0.0,27.0,4,12.23,3.69,-64.17,0.0,,8,,20260827
WRDLY,Worldline SA,Technology,Software - Infrastructure,PNK,8.14,414,513526016,0.1866,6.06,3.15,11.1543,17.42,2010.28,791.75,1024.65,0.0,75.0,2,72.4,0.27,-88.75,0.0,,8,,20260827
OMER,Omeros Corporation,Healthcare,Biotechnology,NASDAQ,18.22,2102403,1318915200,0.9402,12.29,11.73,6.3106,62.24,49.0,298.29,152.03,0.0,92.5,2,19.65,3.94,-7.28,0.0,,8,,20260827
RYSKF,Reysas Tasimacilik ve Lojistik Ticaret A.S.,Industrials,Integrated Freight & Logistics,PNK,0.49,31549,980000000,0.012,0.47,0.43,1.314,-0.75,7.49,-11.11,-2.01,0.0,51.25,2,0.58,0.31,-15.52,0.0,,8,,20260827
ODTX,"Odyssey Therapeutics, Inc.",Healthcare,Biotechnology,NCM,25.62,275465,1231259520,1.8635,19.45,25.62,3.3131,46.7,51.9,51.9,50.6,0.0,91.25,3,28.0,15.1,-8.5,0.0,,8,,20260827
BRBI,BRBI BR Partners S.A.,Financial Services,Capital Markets,NCM,10.08,681,264589168,0.2182,10.83,13.2,-3.417,-22.21,-43.1,-71.06,-49.06,0.0,7.5,4,67.01,9.09,-84.96,0.0,,8,,20260827
FREKF,freee K.K.,Technology,Software - Application,PNK,20.78,1128,1233945344,0.2671,14.88,15.25,22.0967,58.16,44.22,-16.98,23.22,0.0,76.25,3,25.75,10.2,-19.3,0.0,,8,,20260827
EVMN,"Evommune, Inc.",Healthcare,Biotechnology,NYSE,14.11,784268,512081696,0.9134,14.5,20.14,-0.4281,-41.89,-63.86,-45.49,-51.02,0.0,27.0,4,33.2,10.47,-57.5,0.0,,8,,20260827
NBBK,"NB Bancorp, Inc.",Financial Services,Banks - Regional,NCM,22.3,298744,977152256,0.4768,21.75,20.78,1.1454,9.1,-10.14,0.58,-1.04,0.0,86.25,2,23.47,16.84,-4.99,0.0,,8,,20260827
CRSR,"Corsair Gaming, Inc.",Technology,Computer Hardware,NASDAQ,11.84,2801781,1280815232,0.7751,10.39,7.39,1.8662,18.23,96.98,12.47,43.49,0.0,86.25,2,14.98,4.48,-20.95,0.0,,8,,20260827
GERN,Geron Corporation,Healthcare,Biotechnology,NASDAQ,1.53,11598657,982984320,0.0909,1.43,1.42,1.0544,19.08,-22.16,-12.81,-8.11,0.0,83.75,2,2.01,1.04,-23.88,0.0,,8,,20260827
MSBPF,"Mitsubishi Pencil Co., Ltd.",Industrials,Business Equipment & Supplies,PNK,14.66,5,733135424,0.1189,10.17,-1.31,37.7453,-244.3,-295.67,13.3,-159.24,0.0,75.0,2,17.25,12.24,-15.01,0.0,,8,,20260827
MPB,"Mid Penn Bancorp, Inc.",Financial Services,Banks - Regional,NASDAQ,36.8,164721,932335936,0.7733,36.04,32.73,0.9783,10.91,0.37,7.18,5.73,0.0,82.5,2,39.15,26.56,-6.0,0.0,,8,,20260827
JSEJF,JSE Limited,Financial Services,Financial Data & Stock Exchanges,PNK,9.6,11,797822464,0.0478,9.12,9.25,9.9986,-1.08,-21.81,44.67,9.97,0.0,50.0,3,11.13,7.0,-13.75,0.0,,8,,20260827
WKPPF,Workspace Group Plc,Real Estate,REIT - Office,PNK,5.12,81,987324224,0.0232,4.62,5.14,21.8445,-9.0,-19.53,-26.45,-19.67,0.0,37.0,3,6.0,4.26,-14.58,0.0,,8,,20260827
CTMX,"CytomX Therapeutics, Inc.",Healthcare,Biotechnology,NASDAQ,3.32,3968926,723425600,0.1663,3.42,4.17,-0.6048,-15.21,-53.67,45.44,-4.41,0.0,52.0,4,8.21,1.9,-59.56,0.0,,8,,20260827
NUTX,Nutex Health Inc.,Healthcare,Medical Care Facilities,NCM,195.92,142010,1341654912,11.6445,168.85,138.35,2.325,61.67,69.51,98.32,79.08,0.0,91.25,2,204.0,77.21,-3.96,0.0,,8,,20260827
DRUG,Bright Minds Biosciences Inc.,Healthcare,Biotechnology,NCM,76.63,293198,751898176,4.1868,73.35,77.44,0.7833,-14.3,-25.96,63.2,12.62,0.0,73.25,3,123.75,38.0,-38.08,0.0,,8,,20260827
THFF,First Financial Corporation,Financial Services,Banks - Regional,NASDAQ,79.07,109480,940292224,1.7722,78.03,66.92,0.5882,12.92,10.66,20.66,15.22,0.0,87.5,2,84.17,51.21,-6.06,0.0,,8,,20260827
MCRUF,Morgan Advanced Materials plc,Industrials,Specialty Industrial Machinery,PNK,3.47,160,959159296,0.0233,3.0,2.9,20.3056,15.32,-3.43,12.42,7.6,0.0,75.0,2,3.47,2.58,0.0,0.0,,8,,20260827
CERT,"Certara, Inc.",Healthcare,Health Information Services,NASDAQ,8.22,4060648,1253868800,0.3741,7.25,7.23,2.6022,51.3,13.63,-44.52,-0.21,0.0,91.25,2,13.88,4.45,-40.78,0.0,,8,,20260827
OBE,Obsidian Energy Ltd.,Energy,Oil & Gas E&P,NYSE,11.03,765890,735982976,0.5618,9.71,8.92,2.3508,-2.43,36.75,60.85,36.59,0.0,63.75,2,14.59,5.44,-24.4,0.0,,8,,20260827
WEST,Westrock Coffee Company,Consumer Defensive,Packaged Foods,NASDAQ,8.14,591265,794686912,0.4108,8.1,5.93,0.0967,0.56,52.02,8.24,21.64,0.0,75.75,2,10.19,3.59,-20.12,0.0,,8,,20260827
TSAT,Telesat Corporation,Technology,Communication Equipment,NASDAQ,41.82,277680,2148601600,3.6388,44.51,38.79,-0.7382,-29.41,15.7,82.55,31.16,0.0,33.75,3,61.54,19.83,-32.04,0.0,,8,,20260827
EPC,Edgewell Personal Care Company,Consumer Defensive,Household & Personal Products,NYSE,28.65,827742,1320447488,1.2226,27.36,21.41,1.0564,59.87,18.65,4.98,23.49,0.0,86.25,2,29.95,15.73,-4.34,0.0,,8,,20260827
NX,Quanex Building Products Corporation,Industrials,Building Products & Equipment,NYSE,19.82,371158,910292224,0.8554,18.72,17.77,1.2813,3.02,-15.75,-28.73,-16.25,0.0,86.25,2,22.98,11.04,-13.75,0.0,,8,,20260827
CPPTL,Copper Property CTL Pass Through Trust,Unknown,Unknown,PNK,10.9,28055,0,0.0775,10.68,10.73,2.8965,-0.97,-7.76,-28.72,-14.45,0.0,85.0,3,12.63,10.4,-13.7,0.0,,8,,20260827
AMPH,"Amphastar Pharmaceuticals, Inc.",Healthcare,Drug Manufacturers - Specialty & Generic,NASDAQ,22.02,508921,936685568,0.7771,20.12,22.64,2.4513,12.94,-32.38,-46.74,-26.79,0.0,74.5,3,31.26,16.65,-29.56,0.0,,8,,20260827
QDEL,QuidelOrtho Corporation,Healthcare,Medical Devices,NASDAQ,14.91,1611614,1022459584,1.1865,15.78,19.69,-0.7359,18.58,-47.2,-66.64,-38.53,0.0,40.0,4,35.58,9.92,-58.09,0.0,,8,,20260827
HDL,Super Hi International Holding Ltd.,Consumer Cyclical,Restaurants,NASDAQ,14.12,844,831066944,0.2406,13.07,15.08,4.375,3.14,-29.27,-50.84,-29.8,0.0,68.25,3,19.6,12.0,-27.92,0.0,,8,,20260827
IMSR,Terrestrial Energy Inc.,Utilities,Utilities - Regulated Electric,NASDAQ,5.36,2215623,692254464,0.4411,5.88,7.55,-1.1678,-36.9,-35.72,-74.59,-51.56,0.0,11.25,4,31.5,4.38,-82.98,0.0,,8,,20260827
ANZLY,Air New Zealand Limited,Industrials,Airlines,PNK,1.13,553,730784960,0.0316,1.17,1.33,-1.3876,-15.38,-40.5,-50.23,-38.12,0.0,13.25,4,2.1,1.03,-46.19,0.0,,8,,20260827
EOI,Eaton Vance Enhanced Equity Income Fund,Financial Services,Asset Management,NYSE,19.99,69154,819624960,0.2144,19.63,19.28,1.7017,0.47,-10.01,-18.67,-10.86,0.0,86.25,2,21.58,18.04,-7.37,0.0,,8,,20260827
LBRX,LB Pharmaceuticals Inc,Healthcare,Biotechnology,NASDAQ,48.17,323500,1553763200,2.4819,37.98,27.55,4.1038,70.91,80.48,160.63,110.15,0.0,86.25,2,50.16,13.36,-3.98,0.0,,8,,20260827
PFLT,PennantPark Floating Rate Capital Ltd.,Financial Services,Asset Management,NYSE,7.37,1135759,731235904,0.1581,7.18,7.93,1.2045,-9.44,-17.47,-36.73,-23.17,0.0,47.0,3,10.3,6.83,-28.45,0.0,,8,,20260827
GGN,"GAMCO Global Gold, Natural Resources & Income Trust",Financial Services,Asset Management,NYSE,5.66,598992,0,0.0891,5.02,5.08,7.1982,10.21,-8.67,10.43,3.69,0.0,90.0,3,5.88,4.63,-3.74,0.0,,8,,20260827
BTGO,"BitGo Holdings, Inc.",Financial Services,Capital Markets,NYSE,7.02,1531731,825170304,0.451,5.37,7.02,3.6489,10.88,-46.35,-73.37,-42.85,0.0,61.25,3,24.5,4.65,-71.35,0.0,,8,,20260827
PSYTF,Pason Systems Inc.,Energy,Oil & Gas Equipment & Services,OQX,9.71,45885,753887168,0.189,9.24,9.21,2.4748,-8.33,-6.81,-3.58,-5.9,0.0,57.5,2,11.33,7.89,-14.3,0.0,,8,,20260827
UMAC,"Unusual Machines, Inc.",Technology,Computer Hardware,NYSE,23.89,6092943,1193460864,2.7835,22.64,16.83,0.4474,24.53,66.64,86.28,63.97,0.0,88.75,2,34.93,7.25,-31.6,0.0,,8,,20260827
GSM,Ferroglobe PLC,Basic Materials,Other Industrial Metals & Mining,NCM,4.07,1705731,0,0.2192,3.66,4.27,1.8566,-9.7,-33.27,-25.22,-24.16,0.0,48.25,3,5.74,3.08,-29.09,0.0,,8,,20260827
ATXRF,ATEX Resources Inc.,Basic Materials,Gold,OQX,2.0,117022,752917632,0.0963,1.79,2.24,2.1662,-6.74,-47.82,19.3,-10.7,0.0,35.0,3,3.47,1.43,-42.36,0.0,,8,,20260827
EIG,"Employers Holdings, Inc.",Financial Services,Insurance - Specialty,NYSE,49.15,232358,882758912,1.1281,49.25,43.33,-0.0876,10.59,9.79,-2.86,4.93,0.0,70.75,3,52.59,35.73,-6.54,0.0,,8,,20260827
BPMUF,Basilea Pharmaceutica AG,Healthcare,Biotechnology,PNK,77.4,6,957952064,0.7054,63.54,66.32,19.6545,16.55,-2.09,-6.32,0.88,0.0,75.0,3,77.4,59.29,0.0,0.0,,8,,20260827
ADAM,"Adamas Trust, Inc.",Real Estate,REIT - Mortgage,NASDAQ,9.77,857026,878125504,0.2273,9.34,7.98,1.9128,7.52,16.56,35.56,21.9,0.0,82.5,2,10.36,6.45,-5.69,0.0,,8,,20260827
ADAMH,"Adamas Trust, Inc.",Unknown,Unknown,NASDAQ,25.52,23109,0,0.0731,25.38,24.72,1.866,-0.34,-6.89,-10.05,-6.52,0.0,86.25,2,25.99,24.49,-1.81,0.0,,8,,20260827
ADAMN,"Adamas Trust, Inc.",Real Estate,REIT - Mortgage,NASDAQ,25.02,7950,0,0.2325,23.98,22.29,4.4777,6.63,3.93,5.96,5.41,0.0,88.75,2,25.07,21.01,-0.2,0.0,,8,,20260827
ADAML,"Adamas Trust, Inc.",Real Estate,REIT - Mortgage,NASDAQ,24.85,12284,0,0.1298,24.44,23.06,3.1732,2.41,-1.55,1.37,0.61,0.0,85.0,2,25.0,21.75,-0.6,0.0,,8,,20260827
ADAMM,"Adamas Trust, Inc.",Real Estate,REIT - Mortgage,NASDAQ,25.54,16076,0,0.1064,25.08,24.21,4.2908,0.76,-5.24,-5.96,-4.03,0.0,87.5,2,25.62,23.78,-0.31,0.0,,8,,20260827
ADAMZ,"Adamas Trust, Inc.",Real Estate,REIT - Mortgage,NASDAQ,18.74,7732,0,0.2237,18.76,18.3,-0.0748,1.62,-12.13,-8.75,-7.34,0.0,72.0,3,21.72,17.25,-13.72,0.0,,8,,20260827
FCBC,"First Community Bankshares, Inc.",Financial Services,Banks - Regional,NASDAQ,49.02,91118,926984256,1.1123,46.29,39.86,2.4511,13.79,11.06,17.14,14.17,0.0,86.25,2,50.17,31.21,-2.29,0.0,,8,,20260827
EFOR,"Everforth, Inc.",Technology,Information Technology Services,NYSE,31.45,992939,1289449984,1.7063,23.93,34.71,4.4052,54.51,-34.48,-61.13,-22.89,0.0,82.0,3,54.94,16.9,-42.76,0.0,,8,,20260827
MEGI,NYLI CBRE Global Infrastructure Megatrends Term Fund,Financial Services,Asset Management,NYSE,15.06,125810,783835904,0.2293,15.05,14.16,0.0502,-1.64,-9.7,-4.92,-5.77,0.0,82.5,2,15.89,13.42,-5.22,0.0,,8,,20260827
BOZTY,Boozt AB (publ),Consumer Cyclical,Apparel Retail,PNK,15.12,34,881537984,0.0082,15.07,12.0,6.5522,18.13,38.22,38.6,33.35,0.0,75.0,2,15.5,9.05,-2.45,0.0,,8,,20260827
EGBN,"Eagle Bancorp, Inc.",Financial Services,Banks - Regional,NCM,27.63,287415,842272128,0.6619,27.81,25.05,-0.2764,0.03,-6.57,22.4,6.67,0.0,72.0,3,29.29,15.03,-5.67,0.0,,8,,20260827
DOMVF,Dogus Otomotiv Servis ve Ticaret A.S.,Consumer Cyclical,Auto & Truck Dealerships,PNK,4.54,1,998800000,0.5967,-7.76,8.86,20.6118,-151.2,-93.52,-102.81,-111.65,0.0,37.0,3,8.11,4.03,-44.02,0.0,,8,,20260827
MTUS,Metallus Inc.,Basic Materials,Steel,NYSE,19.4,381060,804116096,0.8955,19.99,18.61,-0.6584,-3.36,2.08,-4.11,-1.76,0.0,72.0,3,22.58,14.19,-14.08,0.0,,8,,20260827
ABSI,Absci Corporation,Healthcare,Biotechnology,NASDAQ,9.22,4983548,1582281216,0.7266,9.15,5.07,0.0944,76.34,225.39,242.43,194.94,0.0,88.75,2,12.05,2.24,-23.52,0.0,,8,,20260827
CCBG,"Capital City Bank Group, Inc.",Financial Services,Banks - Regional,NASDAQ,51.08,92389,874147200,1.086,50.55,45.2,0.4897,8.09,7.6,2.38,5.63,0.0,86.25,2,53.6,38.27,-4.7,0.0,,8,,20260827
NAVI,Navient Corporation,Financial Services,Credit Services,NASDAQ,9.37,1173746,878754432,0.3614,8.68,9.43,1.9215,15.48,-1.69,-46.76,-15.43,0.0,75.75,3,13.87,7.33,-32.44,0.0,,8,,20260827
WLKP,Westlake Chemical Partners LP,Basic Materials,Chemicals,NYSE,21.69,30868,764483136,0.402,21.62,20.63,0.186,-4.92,-8.36,-12.86,-9.3,0.0,58.75,2,23.88,17.75,-9.17,0.0,,8,,20260827
GO,Grocery Outlet Holding Corp.,Consumer Defensive,Grocery Stores,NASDAQ,12.21,2585131,1209821696,0.4621,10.04,9.23,4.6949,46.38,11.11,-54.88,-6.47,0.0,91.25,2,18.79,5.66,-35.02,0.0,,8,,20260827
VLRS,"Controladora Vuela Compañía de Aviación, S.A.B. de C.V.",Industrials,Airlines,NYSE,6.99,601832,803510016,0.3103,8.16,8.05,-3.7773,-9.64,-32.21,-4.83,-15.62,0.0,32.5,3,10.8,5.79,-35.28,0.0,,8,,20260827
AGFMF,AGF Management Limited,Financial Services,Asset Management,PNK,16.18,37996,1028878656,0.2067,15.62,13.17,2.7235,27.98,0.37,71.85,35.86,0.0,78.75,2,17.03,8.6,-4.99,0.0,,8,,20260827
MRAM,"Everspin Technologies, Inc.",Technology,Semiconductors,NASDAQ,17.61,1831404,428803648,1.6526,18.16,15.26,-0.3352,-43.59,42.96,164.85,70.08,0.0,48.25,3,51.5,6.2,-65.81,0.0,,8,,20260827
WRLD,World Acceptance Corporation,Financial Services,Credit Services,NASDAQ,191.12,120970,891226944,7.483,192.76,155.9,-0.2188,12.15,31.61,-8.44,10.73,0.0,69.5,3,227.68,110.0,-16.06,0.0,,8,,20260827
SPRY,"ARS Pharmaceuticals, Inc.",Healthcare,Biotechnology,NASDAQ,6.03,2030409,599667520,0.4542,7.02,8.66,-2.1728,-31.4,-45.85,-75.93,-54.27,0.0,13.75,4,14.0,4.91,-56.93,0.0,,8,,20260827
GRCLF,GrainCorp Limited,Consumer Defensive,Farm Products,PNK,4.03,4895,895964352,0.1413,3.69,4.2,2.4148,14.18,-0.42,-39.73,-12.5,0.0,65.75,3,6.15,3.2,-34.47,0.0,,8,,20260827
CGRIF,"Canadian General Investments, Limited",Unknown,Unknown,PNK,38.98,228,813165668,0.1351,37.26,35.92,12.7357,0.57,-5.53,11.64,2.86,0.0,78.75,2,38.98,30.41,-0.0,0.0,,8,,20260827
HTB,"HomeTrust Bancshares, Inc.",Financial Services,Banks - Regional,NYSE,46.77,157857,773281408,1.0868,48.97,44.88,-2.0239,-1.65,-3.16,-4.8,-3.44,0.0,70.75,3,52.5,38.3,-10.91,0.0,,8,,20260827
NB,NioCorp Developments Ltd.,Basic Materials,Other Industrial Metals & Mining,NASDAQ,4.33,3478385,630391872,0.3336,4.67,5.46,-1.021,-26.78,-32.95,-22.38,-27.18,0.0,10.0,4,12.58,3.82,-65.58,0.0,,8,,20260827
UBSFF,Ubisoft Entertainment SA,Communication Services,Electronic Gaming & Multimedia,PNK,6.37,664,865971200,0.2414,6.02,6.04,1.44,3.82,6.85,-61.63,-21.3,0.0,78.75,3,11.73,4.5,-45.69,0.0,,8,,20260827
AURA,"Aura Biosciences, Inc.",Healthcare,Biotechnology,NASDAQ,7.73,643995,801638144,0.4223,7.23,6.53,1.1907,-1.43,17.3,-2.0,4.9,0.0,90.0,2,9.54,4.73,-18.93,0.0,,8,,20260827
PSTL,"Postal Realty Trust, Inc.",Real Estate,REIT - Office,NYSE,23.82,328195,948046848,0.6014,23.38,19.77,0.7285,-2.94,9.59,42.41,19.58,0.0,63.75,2,25.22,14.25,-5.55,0.0,,8,,20260827
ACGP,"Associated Capital Group, Inc.",Financial Services,Asset Management,OQX,34.05,5251,693026560,0.1373,34.25,37.46,-1.4582,-11.06,-25.43,-16.53,-18.28,0.0,30.25,4,41.14,30.25,-17.24,0.0,,8,,20260827
SSII,"SS Innovations International, Inc.",Healthcare,Medical Devices,NCM,3.57,65281,715376000,0.2435,3.68,4.58,-0.4402,-7.4,-40.42,-69.41,-43.76,0.0,19.5,4,10.0,3.11,-64.3,0.0,,8,,20260827
LAES,SEALSQ Corp,Technology,Semiconductors,NASDAQ,2.48,15556309,552479552,0.1562,2.73,3.46,-1.6053,-31.08,-49.72,-32.3,-38.09,0.0,12.5,4,8.71,1.99,-71.53,0.0,,8,,20260827
SSYS,Stratasys Ltd.,Technology,Computer Hardware,NASDAQ,7.92,855714,693689024,0.3935,8.38,9.03,-1.1651,-22.43,-30.7,-48.03,-35.57,0.0,12.5,4,12.81,7.34,-38.17,0.0,,8,,20260827
PSGTF,PT Semen Indonesia (Persero) Tbk,Basic Materials,Building Materials,PNK,0.07,45,483973280,0.0002,0.08,0.13,-41.5739,-44.01,-67.36,-73.89,-64.14,0.0,0.0,4,0.17,0.07,-58.82,0.0,,8,,20260827
VOR,Vor Biopharma Inc.,Healthcare,Biotechnology,NASDAQ,23.67,1145095,1400371584,1.2844,19.94,15.25,2.9018,50.17,36.28,-63.11,-0.01,0.0,88.75,2,49.95,6.5,-52.61,0.0,,8,,20260827
KOP,Koppers Holdings Inc.,Basic Materials,Specialty Chemicals,NYSE,46.34,182942,876362048,2.065,47.42,37.66,-0.5237,6.34,23.74,37.04,24.71,0.0,75.75,3,53.0,25.0,-12.57,0.0,,8,,20260827
ANZFF,Air New Zealand Limited,Industrials,Airlines,PNK,0.26,1467,826498496,0.0012,0.25,0.29,4.9227,4.16,-41.75,-46.43,-32.14,0.0,51.25,3,0.39,0.22,-35.14,0.0,,8,,20260827
SPFI,"South Plains Financial, Inc.",Financial Services,Banks - Regional,NASDAQ,43.54,146664,820254592,0.9409,43.66,41.26,-0.1311,5.33,-7.45,-12.05,-6.09,0.0,68.25,3,46.94,35.34,-7.24,0.0,,8,,20260827
NBPVF,Neuberger Private Equity Partners Limited,Unknown,Unknown,PNK,20.25,761,988212150,0.1027,20.09,19.86,1.5564,4.29,-9.35,-15.09,-8.24,0.0,76.25,2,22.0,17.55,-7.95,0.0,,8,,20260827
KRO,"Kronos Worldwide, Inc.",Basic Materials,Specialty Chemicals,NYSE,8.79,372633,1011707200,0.4962,6.99,6.09,3.6327,19.42,40.85,24.1,28.79,0.0,87.5,2,9.17,4.08,-4.14,0.0,,8,,20260827
WHTCF,WELL Health Technologies Corp.,Healthcare,Medical Care Facilities,OQX,3.16,53398,808792640,0.0819,3.0,2.98,2.0046,1.6,-3.0,-30.28,-12.76,0.0,55.0,3,4.31,2.44,-26.68,0.0,,8,,20260827
TIGR,UP Fintech Holding Limited,Financial Services,Capital Markets,NASDAQ,5.46,2879980,981955648,0.2205,4.77,6.94,3.1114,4.71,-43.7,-77.6,-45.16,0.0,38.75,3,13.42,4.0,-59.31,0.0,,8,,20260827
BVS,Bioventus Inc.,Healthcare,Medical Devices,NASDAQ,13.97,747478,954222848,0.6355,12.19,9.48,2.8027,54.62,48.55,67.21,57.53,0.0,92.5,2,15.89,6.25,-12.1,0.0,,8,,20260827
BBSI,"Barrett Business Services, Inc.",Industrials,Staffing & Employment Services,NASDAQ,33.97,251029,823269120,1.3378,36.2,33.56,-1.6633,5.38,-2.3,-50.06,-19.48,0.0,63.75,3,49.65,25.33,-31.58,0.0,,8,,20260827
SUPV,Grupo Supervielle S.A.,Financial Services,Banks - Regional,NYSE,8.8,681456,831672256,0.5023,9.33,9.9,-1.0548,-6.9,-27.06,-12.85,-16.34,0.0,7.5,4,13.55,4.54,-35.06,0.0,,8,,20260827
GSBC,"Great Southern Bancorp, Inc.",Financial Services,Banks - Regional,NASDAQ,78.67,104057,857306880,1.7198,78.69,67.57,-0.0092,9.22,14.07,8.84,10.77,0.0,70.75,3,82.91,53.76,-5.11,0.0,,8,,20260827
CADNF,Cascades Inc.,Consumer Cyclical,Packaging & Containers,PNK,11.96,30237,1212984320,0.236,9.71,8.76,9.5521,55.08,19.78,48.68,40.16,0.0,80.0,2,12.94,6.54,-7.57,0.0,,8,,20260827
NXDR,"Nextdoor Holdings, Inc.",Communication Services,Internet Content & Information,NYSE,2.29,2524704,885882880,0.1062,2.36,1.95,-0.6138,9.91,22.03,-7.19,7.31,0.0,67.0,3,3.72,1.33,-38.44,0.0,,8,,20260827
MARIF,Marimaca Copper Corp.,Basic Materials,Copper,OQX,6.15,22839,831215104,0.2144,5.42,6.74,3.4066,2.6,-28.89,-46.91,-28.22,0.0,57.75,3,9.87,4.89,-37.69,0.0,,8,,20260827
HZO,"MarineMax, Inc.",Consumer Cyclical,Specialty Retail,NYSE,52.11,495973,1150939776,1.2205,39.54,30.96,10.2991,46.93,56.99,67.09,58.51,0.0,87.5,2,52.46,21.42,-0.67,0.0,,8,,20260827
HBIA,Hills Bancorporation,Financial Services,Banks - Regional,OID,47.0,156,819526784,0.5625,46.92,74.41,0.1373,-48.94,-52.98,-57.06,-53.6,0.0,27.5,3,99.01,44.0,-52.53,0.0,,8,,20260827
LMRI,"Lumexa Imaging Holdings, Inc.",Healthcare,Medical Devices,NASDAQ,11.96,603365,1149056768,0.6618,11.24,11.96,1.0942,52.58,-29.75,-47.5,-16.27,0.0,86.25,3,19.45,6.45,-38.51,0.0,,8,,20260827
ASC,Ardmore Shipping Corporation,Industrials,Marine Shipping,NYSE,16.98,617192,693664768,0.6784,16.55,14.72,0.6347,-4.05,0.98,32.95,12.51,0.0,85.0,2,20.03,10.31,-15.23,0.0,,8,,20260827
IBTA,"Ibotta, Inc.",Technology,Software - Application,NYSE,37.75,218362,876782464,2.3343,32.76,28.45,2.1377,9.01,73.04,25.76,38.12,0.0,91.25,2,40.48,19.1,-6.76,0.0,,8,,20260827
CWH,"Camping World Holdings, Inc.",Consumer Cyclical,Auto & Truck Dealerships,NYSE,6.51,2221475,415519968,0.3457,6.62,8.61,-0.3038,-15.89,-39.25,-82.97,-50.9,0.0,23.25,4,18.34,5.49,-64.51,0.0,,8,,20260827
THQ,Abrdn Healthcare Opportunities Fund,Financial Services,Asset Management,NYSE,19.8,207342,820462016,0.3141,18.74,17.77,3.3883,8.96,-0.52,12.18,6.93,0.0,87.5,2,20.39,16.28,-2.89,0.0,,8,,20260827
APOG,"Apogee Enterprises, Inc.",Industrials,Building Products & Equipment,NASDAQ,40.86,249496,852678528,1.2374,41.25,37.42,-0.3168,7.08,-7.15,-26.56,-11.36,0.0,73.25,3,50.88,30.75,-19.69,0.0,,8,,20260827
CRESY,"Cresud Sociedad Anónima, Comercial, Inmobiliaria, Financiera y Agropecuaria",Industrials,Conglomerates,NASDAQ,11.19,277103,793652928,0.3818,11.06,11.56,0.3274,-7.35,-14.31,-5.44,-9.02,0.0,48.25,3,14.21,8.19,-21.25,0.0,,8,,20260827
FFC,Flaherty & Crumrine Preferred Securities Income Fund Inc.,Financial Services,Asset Management,NYSE,16.02,106634,771809920,0.1413,15.98,15.71,0.2487,0.13,-11.34,-13.81,-9.46,0.0,81.25,2,17.0,14.98,-5.76,0.0,,8,,20260827
NXRT,"NexPoint Residential Trust, Inc.",Real Estate,REIT - Residential,NYSE,24.21,267382,1249328000,0.6649,26.28,27.47,-3.1109,-19.18,-24.49,-41.95,-30.15,0.0,11.25,4,34.87,23.47,-30.57,0.0,,8,,20260827
IPZYF,IP Group Plc,Financial Services,Asset Management,PNK,0.91,82,799855360,0.0003,0.89,0.82,35.0407,2.79,0.38,13.52,6.24,0.0,75.0,2,0.91,0.68,-0.0,0.0,,8,,20260827
SMBC,"Southern Missouri Bancorp, Inc.",Financial Services,Banks - Regional,NASDAQ,74.29,108557,818015296,1.489,75.77,66.06,-0.9916,5.39,4.01,11.64,7.41,0.0,70.75,3,79.86,47.6,-6.97,0.0,,8,,20260827
PGC,Peapack-Gladstone Financial Corporation,Financial Services,Banks - Regional,NASDAQ,45.18,192306,800948864,1.129,46.14,37.29,-0.8485,2.33,21.68,41.71,24.85,0.0,70.75,3,49.14,24.71,-8.06,0.0,,8,,20260827
TMCR,The Metals Royalty Company Inc.,Basic Materials,Other Industrial Metals & Mining,NCM,6.08,80425,383337568,0.7589,6.42,6.08,-0.4538,-56.56,-70.19,-70.19,-66.78,0.0,36.25,3,21.38,4.9,-71.56,0.0,,8,,20260827
TXO,"TXO Partners, L.P.",Energy,Oil & Gas E&P,NYSE,14.05,168990,779022016,0.3735,12.9,11.86,3.0754,9.73,10.35,-9.1,2.42,0.0,91.25,2,14.71,10.12,-4.49,0.0,,8,,20260827
WOOF,"Petco Health and Wellness Company, Inc.",Consumer Cyclical,Specialty Retail,NASDAQ,2.77,1909884,791015744,0.1226,2.71,2.8,0.5099,-7.81,1.95,-37.63,-16.32,0.0,72.0,3,4.19,2.24,-33.89,0.0,,8,,20260827
PHIG,"PHI Group, Inc.",Industrials,Airports & Air Services,PNK,30.0,2940,729302528,0.1299,30.35,29.88,-2.7262,-5.9,-18.27,-9.01,-11.47,0.0,63.25,3,32.5,25.0,-7.69,0.0,,8,,20260827
ARREF,Amerigo Resources Ltd.,Basic Materials,Copper,OQX,6.03,143112,973493824,0.3735,5.08,4.04,2.5511,26.58,25.64,267.22,122.51,0.0,87.5,2,6.35,1.6,-5.04,0.0,,8,,20260827
VTS,"Vitesse Energy, Inc.",Energy,Oil & Gas E&P,NYSE,16.93,530201,712826112,0.4278,15.95,18.03,2.3012,-0.09,-30.79,-50.12,-30.85,0.0,54.5,3,27.15,15.0,-37.64,0.0,,8,,20260827
GFR,Greenfire Resources Ltd.,Energy,Oil & Gas E&P,NYSE,6.12,296512,899691712,0.3093,6.09,5.73,0.086,5.4,-4.49,8.28,3.09,0.0,86.25,2,7.16,4.15,-14.53,0.0,,8,,20260827
MCDIF,Mcdermott International Ltd.,Industrials,Engineering & Construction,PNK,4.5,51906,733590016,0.3992,11.3,21.49,-17.0267,-85.04,-94.38,-75.11,-84.33,0.0,0.0,4,28.75,4.0,-84.35,0.0,,8,,20260827
GRNCY,GrainCorp Limited,Consumer Defensive,Farm Products,PNK,7.24,35,804811584,0.007,7.12,7.24,17.7563,0.37,-27.91,-35.3,-23.8,0.0,50.0,3,10.49,7.1,-30.98,0.0,,8,,20260827
ENPSF,Enplas Corporation,Technology,Electronic Components,PNK,63.6,173,574416896,1.8318,77.02,58.62,-7.3271,-23.26,78.39,-923.98,-347.97,0.0,26.25,3,110.0,29.71,-42.18,0.0,,8,,20260827
MPZAF,Mips AB (publ),Consumer Cyclical,Leisure,PNK,26.0,20,688769152,0.0234,25.94,35.76,2.4263,-10.71,-50.26,-58.25,-43.57,0.0,25.0,3,44.6,25.0,-41.7,0.0,,8,,20260827
NMFCZ,New Mountain Finance Corporation 8.250% Notes due 2028,Unknown,Unknown,NASDAQ,25.18,11320,0,0.0732,25.02,24.43,2.1669,-0.65,-7.33,-13.22,-8.02,0.0,88.75,2,25.68,25.0,-1.95,0.0,,8,,20260827
NMFC,New Mountain Finance Corporation,Financial Services,Asset Management,NASDAQ,7.57,597112,715004608,0.1668,7.24,7.81,1.9535,-5.19,-6.93,-36.23,-18.21,0.0,47.0,3,10.71,6.73,-29.32,0.0,,8,,20260827
CLRPF,Clarity Pharmaceuticals Ltd,Healthcare,Biotechnology,PNK,1.79,13004,669680768,0.1074,1.69,2.1,0.9537,-10.76,-43.12,-38.03,-32.99,0.0,56.25,3,3.6,1.23,-50.14,0.0,,8,,20260827
VCVOF,VinaCapital Vietnam Opportunity Fund Limited,Unknown,Unknown,PNK,6.29,4650,1220624812,0.1122,5.97,6.16,2.8242,-4.82,-14.93,-25.26,-16.54,0.0,57.5,3,6.81,5.24,-7.64,0.0,,8,,20260827
SAFLY,Safilo Group S.p.A.,Healthcare,Medical Instruments & Supplies,PNK,4.75,15,927925632,0.0275,4.04,4.02,25.9152,24.03,6.73,20.11,16.41,0.0,75.0,2,4.75,3.39,0.0,0.0,,8,,20260827
SYBJF,Security Bank Corporation,Financial Services,Banks - Regional,PNK,0.99,0,762322816,0.0003,0.99,0.23,0.0,-2.3,-382.4,2492.5,862.58,0.0,62.0,3,1.38,0.97,-28.26,0.0,,8,,20260827
SNTNF,Santana Minerals Limited,Basic Materials,Other Precious Metals & Mining,PNK,0.37,3,361675552,0.0033,0.51,0.21,-44.7193,-53.79,3556.98,3549.0,2651.09,0.0,25.0,3,0.76,0.01,-51.48,0.0,,8,,20260827
ANRO,"Alto Neuroscience, Inc.",Healthcare,Biotechnology,NYSE,36.53,527612,1433513984,2.0369,28.16,21.45,4.108,76.37,81.26,806.6,370.17,0.0,90.0,2,37.48,3.41,-2.53,0.0,,8,,20260827
CXOXF,Core Lithium Ltd,Basic Materials,Other Industrial Metals & Mining,PNK,0.27,17581,871411712,0.0162,0.2,0.18,4.4478,24.24,52.54,208.31,107.77,0.0,83.75,2,0.3,0.06,-10.26,0.0,,8,,20260827
HLFFF,HelloFresh SE,Consumer Defensive,Grocery Stores,PNK,3.09,2290,447918368,0.2161,4.23,5.35,-5.2706,-41.03,-54.38,-87.19,-64.17,0.0,5.0,4,9.7,2.89,-68.14,0.0,,8,,20260827
SCZM,Santacruz Silver Mining Ltd.,Basic Materials,Other Industrial Metals & Mining,NCM,9.63,510141,895496512,0.525,7.35,8.69,4.3343,21.28,-32.94,73.75,23.29,0.0,90.0,3,17.64,4.68,-45.42,0.0,,8,,20260827
CGBD,"Carlyle Secured Lending, Inc.",Financial Services,Asset Management,NASDAQ,11.33,566515,779555904,0.2414,10.65,10.94,2.8014,5.26,-4.36,-26.18,-10.68,0.0,87.5,3,14.0,9.95,-19.07,0.0,,8,,20260827
KFRC,Kforce Inc.,Industrials,Staffing & Employment Services,NYSE,57.0,233019,1020812992,2.0962,54.83,38.48,1.0333,31.38,112.0,61.7,71.72,0.0,88.75,2,61.68,24.49,-7.59,0.0,,8,,20260827
JSVGF,Johnson Service Group PLC,Unknown,Unknown,PNK,1.95,0,705435136,0.0002,1.95,1.57,0.0,-2.3,56.78,51.13,39.75,0.0,75.0,3,2.05,1.18,-4.88,0.0,,8,,20260827
BRSP,"BrightSpire Capital, Inc.",Real Estate,REIT - Mortgage,NYSE,4.79,1545195,606050816,0.117,5.19,5.39,-3.4203,-16.68,-22.32,-26.03,-22.39,0.0,13.75,4,6.17,4.78,-22.3,0.0,,8,,20260827
RLMD,"Relmada Therapeutics, Inc.",Healthcare,Biotechnology,NCM,4.55,1718554,485347840,0.2794,5.61,5.45,-3.7971,-39.67,-11.11,608.61,229.64,0.0,10.0,4,8.0,0.61,-43.12,0.0,,8,,20260827
BIOA,"BioAge Labs, Inc.",Healthcare,Drug Manufacturers - Specialty & Generic,NASDAQ,9.84,843915,451625568,1.1989,18.13,16.86,-6.9157,-44.29,-66.66,97.62,4.64,0.0,12.5,4,25.95,4.55,-62.09,0.0,,8,,20260827
CGNT,Cognyte Software Ltd.,Technology,Software - Infrastructure,NASDAQ,8.49,674462,627414272,0.323,8.78,8.88,-0.8947,-19.35,17.14,-23.09,-8.07,0.0,35.25,4,12.31,6.29,-31.03,0.0,,8,,20260827
MRVSY,Minerva S.A.,Consumer Defensive,Packaged Foods,OID,2.95,4425,732206784,0.0852,2.95,3.62,0.0953,-7.63,-44.23,-47.08,-36.22,0.0,27.5,3,5.39,2.45,-45.18,0.0,,8,,20260827
ANPMF,Andean Precious Metals Corp.,Basic Materials,Silver,OQX,5.16,95757,768885376,0.3086,4.48,5.54,2.2046,7.44,-43.75,15.23,-7.36,0.0,75.75,3,9.15,3.61,-43.61,0.0,,8,,20260827
EH,EHang Holdings Limited,Industrials,Aerospace & Defense,NASDAQ,4.86,1114429,368229216,0.3175,5.71,10.36,-2.6832,-51.51,-72.94,-93.27,-75.71,0.0,11.25,4,20.2,4.57,-75.97,0.0,,8,,20260827
HELFY,HelloFresh SE,Consumer Defensive,Grocery Stores,PNK,0.77,8587,446468800,0.0223,0.97,1.3,-9.1508,-37.86,-54.07,-87.8,-63.51,0.0,3.75,4,2.31,0.77,-66.59,0.0,,8,,20260827
TLOFF,Talon Metals Corp.,Basic Materials,Other Industrial Metals & Mining,OID,5.78,243793,936164608,0.2958,4.39,4.61,4.7015,23.31,-12.81,76.71,32.03,0.0,88.75,3,6.82,2.5,-15.25,0.0,,8,,20260827
NIE,Virtus Equity & Convertible Income Fund,Financial Services,Asset Management,NYSE,25.92,57980,718216320,0.3503,26.32,24.84,-1.1374,-3.1,-5.8,-3.32,-4.14,0.0,70.75,3,27.24,22.78,-4.85,0.0,,8,,20260827
AUCTF,Aucnet Inc.,Consumer Cyclical,Internet Retail,PNK,7.64,0,693105664,0.0787,3.86,-0.7,48.0036,-159.49,-190.88,-87.69,-141.76,0.0,62.0,3,7.76,4.48,-1.55,0.0,,8,,20260827
SRRTF,Slate Grocery REIT,Real Estate,REIT - Retail,PNK,11.57,20710,685676224,0.2234,12.16,11.34,-2.6475,-5.99,-8.9,-4.13,-6.26,0.0,43.25,3,13.51,9.88,-14.36,0.0,,8,,20260827
MCEM,The Monarch Cement Company,Basic Materials,Building Materials,OQX,265.0,385,983269760,6.3394,275.49,255.52,-1.6547,-9.15,-9.61,-6.66,-8.31,0.0,44.5,3,299.75,207.0,-11.59,0.0,,8,,20260827
IVR,Invesco Mortgage Capital Inc.,Real Estate,REIT - Mortgage,NYSE,7.37,2587957,754585600,0.1205,7.51,7.48,-1.1516,-4.4,-14.74,-3.5,-7.66,0.0,31.5,4,9.5,7.1,-22.42,0.0,,8,,20260827
FECCF,Frontera Energy Corporation,Energy,Oil & Gas E&P,OQX,5.92,109017,418951584,0.2264,6.13,4.45,-0.9311,12.37,28.14,151.73,73.63,0.0,74.5,3,11.87,3.55,-50.11,0.0,,8,,20260827
GRNT,"Granite Ridge Resources, Inc.",Energy,Oil & Gas E&P,NYSE,5.0,912023,659501184,0.16,4.75,4.92,1.5829,-0.07,-8.22,-25.2,-12.97,0.0,62.5,3,6.14,4.18,-18.63,0.0,,8,,20260827
PEO,"Adams Natural Resources Fund, Inc.",Financial Services,Asset Management,NYSE,28.36,67760,794881856,0.4734,26.11,24.31,4.7539,9.47,2.88,21.97,12.16,0.0,92.5,2,28.88,20.75,-1.8,0.0,,8,,20260827
BTO,John Hancock Financial Opportunities Fund,Financial Services,Asset Management,NYSE,39.83,44509,0,0.7578,39.82,36.23,0.0079,8.38,-0.1,-4.85,0.12,0.0,86.25,2,42.0,32.01,-5.17,0.0,,8,,20260827
GROY,Gold Royalty Corp.,Basic Materials,Gold,NYSE,3.41,2090478,790031296,0.1295,2.85,3.63,4.3329,5.57,-36.16,-13.66,-16.73,0.0,75.75,3,5.46,2.45,-37.49,0.0,,8,,20260827
GDOT,Green Dot Corporation,Financial Services,Credit Services,NYSE,13.36,432404,761321984,0.2091,13.31,12.45,0.2238,0.74,1.44,-20.11,-7.35,0.0,87.5,2,15.41,10.1,-13.3,0.0,,8,,20260827
CBRL,"Cracker Barrel Old Country Store, Inc.",Consumer Cyclical,Restaurants,NASDAQ,58.56,1159829,1308789760,2.3742,53.57,35.8,2.1027,67.88,78.8,-9.77,40.64,0.0,90.0,2,63.15,24.85,-7.27,0.0,,8,,20260827
MITK,"Mitek Systems, Inc.",Technology,Software - Application,NCM,17.75,903907,800922176,0.9134,18.22,14.0,-0.5133,0.91,9.56,56.76,26.28,0.0,72.0,3,21.05,8.53,-15.68,0.0,,8,,20260827
NOAH,Noah Holdings Limited,Financial Services,Asset Management,NYSE,8.71,99490,597904576,0.2343,8.73,9.19,-0.0903,-2.68,-28.87,-38.32,-26.1,0.0,36.5,4,12.84,8.14,-32.17,0.0,,8,,20260827
FTK,"Flotek Industries, Inc.",Energy,Oil & Gas Equipment & Services,NYSE,23.61,486667,855164352,2.5321,26.41,19.59,-1.1059,9.66,34.09,69.08,41.98,0.0,61.25,3,39.67,10.95,-40.48,0.0,,8,,20260827
CHXMF,Troilus Mining Corp.,Basic Materials,Other Industrial Metals & Mining,OQX,1.66,160279,920060992,0.0757,1.29,1.27,4.9207,17.08,-9.89,165.65,67.07,0.0,86.25,2,1.83,0.59,-9.29,0.0,,8,,20260827
MAMTF,MCAN Mortgage Corporation,Financial Services,Mortgage Finance,PNK,16.95,632,693376064,0.1224,17.77,16.71,-6.7375,-4.82,-11.61,-6.52,-7.88,0.0,38.25,3,18.64,14.62,-9.08,0.0,,8,,20260827
QNC,Quantum eMotion Corp.,Technology,Software - Infrastructure,NYSE,2.09,1617012,458587072,0.1384,2.49,2.09,-2.8836,-36.62,-55.08,-56.9,-51.19,0.0,38.75,3,4.44,1.9,-52.93,0.0,,8,,20260827
ORRF,"Orrstown Financial Services, Inc.",Financial Services,Banks - Regional,NCM,42.22,134104,830451648,0.8712,41.45,37.29,0.8863,12.3,4.43,6.06,7.05,0.0,85.0,2,43.81,31.87,-3.63,0.0,,8,,20260827
GRPN,"Groupon, Inc.",Communication Services,Internet Content & Information,NASDAQ,19.06,1589001,775080512,1.4407,23.65,17.31,-3.1848,-13.53,43.22,-47.7,-7.33,0.0,55.0,3,29.9,9.17,-36.25,0.0,,8,,20260827
ADSE,ADS-TEC Energy PLC,Industrials,Electrical Equipment & Parts,NCM,11.4,14550,856478848,0.4783,11.88,11.61,-0.994,-6.06,-17.05,-27.42,-18.45,0.0,62.75,3,13.5,7.89,-15.56,0.0,,8,,20260827
COVCF,COVER Corporation,Technology,Software - Application,PNK,10.05,201,640891712,0.1678,9.49,9.9,3.3454,-7.67,-20.66,-57.07,-31.98,0.0,51.25,3,15.97,7.3,-37.07,0.0,,8,,20260827
NNCSF,Nanosonics Limited,Healthcare,Medical Instruments & Supplies,PNK,2.03,155,606789056,0.0309,2.35,2.5,-10.428,-21.14,-22.85,-34.18,-26.95,0.0,0.0,4,3.06,2.01,-33.61,0.0,,8,,20260827
MPZAY,Mips AB (publ),Consumer Cyclical,Leisure,PNK,21.55,209,1141767296,0.2334,17.48,15.09,17.4433,31.63,39.89,31.91,34.63,0.0,76.25,2,24.22,12.0,-11.02,0.0,,8,,20260827
COHTF,Cohort plc,Industrials,Aerospace & Defense,PNK,16.47,14,754775360,0.0146,16.21,14.88,17.2089,25.68,15.96,-36.49,-2.59,0.0,75.0,2,19.95,12.31,-17.47,0.0,,8,,20260827
TOTZF,Total Energy Services Inc.,Energy,Oil & Gas Equipment & Services,PNK,22.16,47381,806624000,0.8535,17.55,14.8,5.3977,19.42,56.68,113.01,69.89,0.0,87.5,2,23.0,9.27,-3.65,0.0,,8,,20260827
NUFMF,Nufarm Limited,Basic Materials,Agricultural Inputs,OQX,2.2,550,845366656,0.0174,1.94,1.68,14.7206,11.06,33.63,12.77,19.64,0.0,62.0,2,2.22,0.99,-0.9,0.0,,8,,20260827
RDVT,"Red Violet, Inc.",Technology,Software - Application,NCM,69.5,221867,1115264768,3.01,65.48,51.82,1.3351,30.72,52.04,26.78,36.6,0.0,90.0,2,74.2,33.4,-6.33,0.0,,8,,20260827
TMQ,Trilogy Metals Inc.,Basic Materials,Other Industrial Metals & Mining,NYSE,3.72,1715501,642613760,0.1951,3.43,4.15,1.4636,-17.41,-25.98,113.4,31.91,0.0,40.0,3,11.29,1.56,-67.05,0.0,,8,,20260827
SXC,"SunCoke Energy, Inc.",Basic Materials,Coking Coal,NYSE,9.82,1560728,833470976,0.3986,8.7,7.4,2.8144,6.85,63.34,19.2,31.56,0.0,88.75,2,9.93,5.52,-1.11,0.0,,8,,20260827
NKLR,Terra Innovatum Global N.V.,Utilities,Utilities - Regulated Electric,NASDAQ,5.77,340846,637590272,0.4598,5.27,5.25,1.0847,-9.43,4.99,-68.18,-27.88,0.0,83.75,2,21.91,3.73,-73.66,0.0,,8,,20260827
VTXPF,Victrex plc,Basic Materials,Specialty Chemicals,PNK,10.94,92,953596480,0.0912,9.11,8.37,20.0984,33.73,18.89,8.03,18.26,0.0,75.0,2,10.99,7.74,-0.44,0.0,,8,,20260827
CBLL,"CeriBell, Inc.",Healthcare,Medical Devices,NASDAQ,23.45,380665,899966464,0.9279,19.84,19.35,3.8861,23.06,12.64,84.42,43.96,0.0,88.75,2,25.33,10.85,-7.42,0.0,,8,,20260827
SMBK,"SmartFinancial, Inc.",Financial Services,Banks - Regional,NYSE,50.68,118198,866550592,1.2598,49.25,41.97,1.1339,20.13,12.65,18.92,17.03,0.0,85.0,2,54.14,33.01,-6.39,0.0,,8,,20260827
NLLSY,Nel ASA,Industrials,Specialty Industrial Machinery,PNK,6.5,106,398241952,0.046,7.37,7.58,-18.8638,-46.36,-20.07,-29.73,-30.51,0.0,0.0,4,11.62,6.49,-44.06,0.0,,8,,20260827
RVI,Robinhood Ventures Fund I,Financial Services,Asset Management,NYSE,26.32,401003,717146688,1.4501,29.84,26.32,-2.4292,-49.71,10.79,10.79,-4.33,0.0,40.0,3,77.39,21.0,-65.99,0.0,,8,,20260827
MAKO,Mako Mining Corp.,Basic Materials,Gold,NCM,10.92,172145,956656576,0.5079,8.25,7.24,5.2521,28.43,26.94,130.47,68.73,0.0,93.75,2,11.1,4.35,-1.62,0.0,,8,,20260827
IGR,CBRE Global Real Estate Income Fund,Financial Services,Asset Management,NYSE,4.66,513221,705523136,0.0703,4.56,4.35,1.3812,1.39,-8.98,-11.37,-7.34,0.0,83.75,2,5.28,4.15,-11.74,0.0,,8,,20260827
RMT,"Royce Micro-Cap Trust, Inc.",Financial Services,Asset Management,NYSE,14.18,135665,768435520,0.2253,14.11,12.2,0.2947,1.13,8.01,29.82,15.02,0.0,90.0,2,14.78,9.52,-4.06,0.0,,8,,20260827
JBI,"Janus International Group, Inc.",Industrials,Building Products & Equipment,NYSE,5.07,1648861,691729472,0.1966,5.29,5.83,-1.0994,-6.5,-38.78,-72.23,-44.09,0.0,49.5,4,10.8,4.26,-53.06,0.0,,8,,20260827
LPKFF,LPKF Laser & Electronics SE,Industrials,Specialty Industrial Machinery,PNK,15.47,63830,378961568,1.1111,19.76,14.36,-3.8576,-49.38,62.52,45.6,27.78,0.0,30.0,3,33.69,6.19,-54.08,0.0,,8,,20260827
RTWFF,RTW Biotech Opportunities Ltd,Unknown,Unknown,PNK,2.57,2290,0,0.0086,2.41,2.14,19.0101,14.47,3.11,68.41,32.07,0.0,75.0,2,2.57,1.36,-0.0,0.0,,8,,20260827
DSP,Viant Technology Inc.,Technology,Software - Application,NASDAQ,12.43,286135,828426432,0.6997,12.2,11.37,0.3233,9.84,18.91,5.38,11.23,0.0,91.25,2,14.8,8.11,-16.01,0.0,,8,,20260827
RA,Brookfield Real Assets Income Fund Inc.,Financial Services,Asset Management,NYSE,12.63,148520,697866816,0.0959,12.66,12.38,-0.3526,-1.38,-11.44,-15.86,-10.69,0.0,72.0,3,13.59,12.5,-7.06,0.0,,8,,20260827
FWRG,"First Watch Restaurant Group, Inc.",Consumer Cyclical,Restaurants,NASDAQ,12.89,1155895,795473344,0.569,12.48,13.66,0.7159,9.74,-8.19,-53.04,-21.65,0.0,73.25,3,19.39,9.97,-33.52,0.0,,8,,20260827
TBLD,Thornburg Income Builder Opportunities Trust,Financial Services,Asset Management,NASDAQ,22.44,47584,719917504,0.3371,21.9,20.93,1.6047,-2.34,-7.28,-0.87,-3.48,0.0,91.25,2,23.02,19.48,-2.52,0.0,,8,,20260827
SLRC,SLR Investment Corp.,Financial Services,Asset Management,NASDAQ,12.51,398146,682478464,0.2487,12.76,13.79,-1.0003,-4.8,-23.94,-34.95,-23.56,0.0,60.25,4,16.83,12.13,-25.67,0.0,,8,,20260827
FDUS,Fidus Investment Corporation,Financial Services,Asset Management,NASDAQ,19.7,369207,747700992,0.3463,19.59,18.27,0.3136,5.42,2.12,-16.43,-4.47,0.0,83.75,2,21.67,16.87,-9.09,0.0,,8,,20260827
QNST,"QuinStreet, Inc.",Communication Services,Advertising Agencies,NASDAQ,19.68,829555,1130524800,0.8718,16.89,13.94,3.1995,57.92,63.36,5.92,39.02,0.0,86.25,2,22.29,10.29,-11.71,0.0,,8,,20260827
CAZGF,Catapult Sports Ltd,Technology,Scientific & Technical Instruments,PNK,2.6,3903,819956480,0.0684,2.39,2.63,3.0434,0.67,-8.22,-56.71,-25.39,0.0,39.5,3,5.19,1.99,-50.0,0.0,,8,,20260827
CYRX,"Cryoport, Inc.",Industrials,Integrated Freight & Logistics,NCM,16.57,771193,839255552,0.7267,15.59,11.58,1.3427,15.84,84.29,67.52,60.47,0.0,87.5,2,17.2,7.61,-3.66,0.0,,8,,20260827
NLLSF,Nel ASA,Industrials,Specialty Industrial Machinery,PNK,0.16,9104,294086368,0.0135,0.2,0.24,-3.0705,-60.68,-37.71,-51.89,-49.13,0.0,2.5,4,0.43,0.05,-62.44,0.0,,8,,20260827
ALRS,Alerus Financial Corporation,Financial Services,Banks - Regional,NCM,33.23,226379,827534592,0.7585,32.14,26.25,1.4418,14.24,24.82,34.21,25.93,0.0,87.5,2,34.4,20.31,-3.4,0.0,,8,,20260827
PIAGF,Piaggio & C. SpA,Consumer Cyclical,Auto Manufacturers,PNK,2.4,282,844254784,0.0403,2.08,2.05,7.9721,17.66,3.18,-16.39,-1.03,0.0,76.25,2,2.5,1.8,-4.0,0.0,,8,,20260827
RSKD,Riskified Ltd.,Technology,Software - Application,NYSE,5.97,1207785,788265280,0.2448,5.36,4.79,2.5077,26.32,21.56,9.5,17.93,0.0,88.75,2,6.61,3.7,-9.68,0.0,,8,,20260827
ALPIB,Alpine Banks of Colorado,Financial Services,Banks - Regional,OQX,49.8,2823,667819648,0.4527,48.85,45.04,2.0963,4.93,-8.49,53.49,19.66,0.0,88.75,2,50.87,28.5,-2.09,0.0,,8,,20260827
DC,Dakota Gold Corp.,Basic Materials,Gold,NYSE,6.1,1562009,818455232,0.2852,5.0,5.44,3.8442,8.97,-20.87,28.22,6.22,0.0,87.5,3,7.25,3.79,-15.86,0.0,,8,,20260827
ASPI,ASP Isotopes Inc.,Basic Materials,Chemicals,NCM,3.94,4527745,604805504,0.2975,4.79,5.7,-2.8444,-43.2,-42.38,-80.91,-58.0,0.0,7.5,4,14.49,3.51,-72.77,0.0,,8,,20260827
IBCP,Independent Bank Corporation,Financial Services,Banks - Regional,NASDAQ,36.71,190023,756319104,0.6596,36.65,34.15,0.0895,6.0,-7.15,-4.72,-2.89,0.0,83.75,2,39.24,29.83,-6.45,0.0,,8,,20260827
PGGCY,Piaggio & C. SpA,Consumer Cyclical,Auto Manufacturers,PNK,9.38,3,824907200,0.0628,8.24,8.7,18.2199,15.83,-7.8,-13.56,-4.2,0.0,75.0,3,9.38,7.94,0.0,0.0,,8,,20260827
ODD,Oddity Tech Ltd.,Consumer Defensive,Household & Personal Products,NASDAQ,14.53,1343765,670189760,0.9488,14.7,22.5,-0.1764,16.07,-12.53,-96.19,-38.84,0.0,52.0,4,64.23,9.25,-77.38,0.0,,8,,20260827
SGP,"SpyGlass Pharma, Inc.",Healthcare,Biotechnology,NASDAQ,26.64,112856,891054144,1.3412,22.17,26.64,3.3359,29.73,-19.66,-10.61,-3.69,0.0,88.75,3,32.44,17.06,-17.88,0.0,,8,,20260827
YNGFF,Yangzijiang Financial Holding Ltd.,Financial Services,Asset Management,PNK,0.16,267,558960384,0.0031,0.17,0.26,-2.7392,-22.02,-53.74,-99.02,-63.92,0.0,0.0,4,0.95,0.14,-83.17,0.0,,8,,20260827
FISI,"Financial Institutions, Inc.",Financial Services,Banks - Regional,NASDAQ,40.8,171271,804019456,0.7788,40.04,34.25,0.9702,12.17,17.84,35.92,23.66,0.0,86.25,2,42.97,25.61,-5.05,0.0,,8,,20260827
ARAAF,Aclara Resources Inc.,Basic Materials,Other Industrial Metals & Mining,OID,2.93,65580,726271680,0.1647,2.77,2.56,0.9497,-11.41,10.89,150.05,60.98,0.0,65.0,2,4.0,1.02,-26.8,0.0,,8,,20260827
HSTM,"HealthStream, Inc.",Healthcare,Health Information Services,NASDAQ,28.76,207101,840941120,0.9434,27.93,23.88,0.8839,16.4,22.18,-16.34,5.33,0.0,88.75,2,31.11,19.5,-7.55,0.0,,8,,20260827
CCD,Calamos Dynamic Convertible and Income Fund,Financial Services,Asset Management,NASDAQ,24.97,70628,713713984,0.5597,25.19,22.55,-0.3932,-0.8,2.65,15.6,6.97,0.0,72.0,3,26.99,19.98,-7.48,0.0,,8,,20260827
BTBT,"Bit Digital, Inc.",Financial Services,Capital Markets,NCM,1.56,27647532,562588224,0.144,1.6,1.83,-0.2958,-25.5,-24.92,-64.45,-40.87,0.0,27.0,4,4.55,1.18,-65.71,0.0,,8,,20260827
CSHR,CoinShares PLC,Financial Services,Capital Markets,NASDAQ,5.83,215801,768278592,0.3651,4.52,5.83,3.5879,14.26,-49.51,-49.51,-33.56,0.0,91.25,3,10.43,3.51,-44.1,0.0,,8,,20260827
HRTG,"Heritage Insurance Holdings, Inc.",Financial Services,Insurance - Property & Casualty,NYSE,34.42,381434,1023389696,1.2617,29.01,27.15,4.2866,52.98,15.16,37.55,33.57,0.0,92.5,2,36.5,20.48,-5.7,0.0,,8,,20260827
CSV,"Carriage Services, Inc.",Consumer Cyclical,Personal Services,NYSE,34.76,159976,552068608,1.2767,37.54,41.96,-2.1775,-21.8,-31.85,-41.7,-33.28,0.0,8.75,4,52.1,33.33,-33.28,0.0,,8,,20260827
NTGR,"NETGEAR, Inc.",Technology,Communication Equipment,NASDAQ,21.66,372665,588697600,0.9426,23.11,23.67,-1.5424,-18.39,-6.42,-40.34,-22.98,0.0,22.0,4,36.86,19.0,-41.24,0.0,,8,,20260827
LUOYF,Triumph New Energy Company Limited,Basic Materials,Building Materials,PNK,0.34,6,220239728,0.0097,0.45,0.54,-11.2893,-27.73,-53.57,-61.56,-50.31,0.0,1.25,4,0.58,0.3,-41.55,0.0,,8,,20260827
CLNFF,Calian Group Ltd.,Industrials,Specialty Business Services,PNK,55.36,1415,637313344,1.3516,58.01,51.59,-1.9607,-14.01,-11.01,32.35,5.59,0.0,40.75,3,68.02,33.53,-18.61,0.0,,8,,20260827
ALLO,"Allogene Therapeutics, Inc.",Healthcare,Biotechnology,NASDAQ,2.04,7832668,704801408,0.1299,1.99,1.94,0.408,-11.68,-30.48,55.3,8.53,0.0,88.75,2,4.46,1.04,-54.26,0.0,,8,,20260827
NABL,"N-able, Inc.",Technology,Information Technology Services,NYSE,3.8,2302068,717840960,0.3207,3.99,5.21,-0.6037,8.12,-24.55,-72.09,-35.4,0.0,50.75,4,8.73,2.92,-56.5,0.0,,8,,20260827
PKE,Park Aerospace Corp.,Industrials,Aerospace & Defense,NYSE,32.82,340400,713874752,1.663,34.94,28.74,-1.2719,-9.77,12.07,56.55,24.4,0.0,60.0,3,39.86,18.19,-17.66,0.0,,8,,20260827
ZNOG,"Zion Oil & Gas, Inc.",Energy,Oil & Gas E&P,OQX,0.39,2482911,464834400,0.0269,0.43,0.37,-1.3557,-19.37,-18.25,49.0,8.37,0.0,30.0,3,0.7,0.15,-44.29,0.0,,8,,20260827
CTO,"CTO Realty Growth, Inc.",Real Estate,REIT - Diversified,NYSE,21.71,375646,813809216,0.341,21.7,19.19,0.0393,4.78,4.39,19.12,10.38,0.0,82.5,2,22.71,15.07,-4.4,0.0,,8,,20260827
SLDP,"Solid Power, Inc.",Consumer Cyclical,Auto Parts,NASDAQ,2.34,4313878,533944032,0.1238,2.38,3.61,-0.3176,-32.7,-47.52,-71.09,-53.24,0.0,27.0,4,8.86,1.98,-73.59,0.0,,8,,20260827
SWBI,"Smith & Wesson Brands, Inc.",Industrials,Aerospace & Defense,NASDAQ,13.37,684735,599506496,0.3459,14.78,12.9,-4.0786,-13.85,4.65,49.46,17.95,0.0,36.25,3,17.56,8.01,-23.86,0.0,,8,,20260827
VELO,"Velo3D, Inc.",Technology,Computer Hardware,NCM,12.44,3013584,399935008,1.4039,14.37,13.58,-1.3781,-54.13,16.35,217.48,79.18,0.0,24.5,4,31.75,2.87,-60.82,0.0,,8,,20260827
GDRZF,Gold Reserve Ltd.,Basic Materials,Gold,OQX,4.78,127746,707765824,0.1436,4.62,3.8,1.1198,0.45,14.09,58.47,28.43,0.0,63.75,2,5.6,1.15,-14.64,0.0,,8,,20260827
DGTCF,Digital Core REIT,Real Estate,REIT - Specialty,PNK,0.47,4947,609132160,0.0081,0.48,0.49,-1.1318,-10.24,-16.35,-24.57,-18.11,0.0,49.0,3,0.59,0.45,-20.2,0.0,,8,,20260827
DSGN,"Design Therapeutics, Inc.",Healthcare,Biotechnology,NASDAQ,15.59,726575,975647936,0.7359,13.74,11.37,2.5152,38.11,31.01,179.25,92.08,0.0,92.5,2,17.25,5.04,-9.62,0.0,,8,,20260827
BBOT,"BridgeBio Oncology Therapeutics, Inc.",Healthcare,Biotechnology,NASDAQ,9.26,367052,742413696,0.5101,8.55,9.91,1.3938,6.21,-21.21,-25.2,-15.95,0.0,74.5,3,14.87,7.0,-37.73,0.0,,8,,20260827
MRLN,"Merlin, Inc.",Industrials,Aerospace & Defense,NASDAQ,3.32,2438176,335545024,0.3739,4.32,8.53,-2.6767,-60.84,-79.52,-88.58,-78.47,0.0,12.5,4,17.0,3.16,-80.47,0.0,,8,,20260827
ASGOF,Asante Gold Corporation,Basic Materials,Gold,OQX,0.8,89979,725100416,0.0413,0.61,1.0,4.7186,6.49,-54.27,-50.32,-37.5,0.0,57.5,3,1.85,0.44,-56.81,0.0,,8,,20260827
EGHSF,Enghouse Systems Limited,Technology,Software - Application,PNK,12.39,19400,673662400,0.1966,11.64,12.5,3.8334,-0.6,-9.33,-41.56,-20.04,0.0,69.5,3,16.58,10.73,-25.27,0.0,,8,,20260827
FOXF,Fox Factory Holding Corp.,Consumer Cyclical,Auto Parts,NASDAQ,21.06,582882,885172864,0.8924,18.98,17.7,2.3305,13.62,-0.38,-50.76,-17.03,0.0,87.5,2,29.97,13.08,-29.73,0.0,,8,,20260827
SKYH,Sky Harbour Group Corporation,Real Estate,Real Estate - Development,NYSE,10.69,177896,861150848,0.3831,10.26,9.63,1.1156,16.83,8.47,-20.19,-0.9,0.0,88.75,2,11.7,8.22,-8.6,0.0,,8,,20260827
HIPO,Hippo Holdings Inc.,Financial Services,Insurance - Property & Casualty,NYSE,32.96,165537,869793920,1.0892,29.95,28.93,2.7639,24.77,9.01,-21.25,0.84,0.0,86.25,2,38.98,24.08,-15.44,0.0,,8,,20260827
TRNS,"Transcat, Inc.",Industrials,Specialty Business Services,NASDAQ,89.66,160225,839200896,4.3133,90.1,75.08,-0.1019,9.28,5.7,-22.25,-4.58,0.0,78.25,3,100.0,50.23,-10.34,0.0,,8,,20260827
INN,"Summit Hotel Properties, Inc.",Real Estate,REIT - Hotel & Motel,NYSE,5.99,1508584,646042240,0.2036,6.5,5.2,-2.5024,4.72,32.86,-1.61,12.04,0.0,55.0,3,7.17,3.98,-16.46,0.0,,8,,20260827
NTCPF,NorthIsle Copper and Gold Inc.,Basic Materials,Other Industrial Metals & Mining,OQX,3.1,436626,1033055872,0.1663,2.37,2.11,4.3966,44.51,12.89,250.7,115.92,0.0,87.5,2,3.27,0.84,-5.26,0.0,,8,,20260827
SHBI,"Shore Bancshares, Inc.",Financial Services,Banks - Regional,NASDAQ,23.11,218859,771233344,0.5384,23.28,19.76,-0.3106,11.71,9.54,20.61,14.51,0.0,70.75,3,24.89,14.93,-7.15,0.0,,8,,20260827
SOLTF,"Nxera Pharma Co., Ltd.",Healthcare,Biotechnology,PNK,5.01,43,457792672,0.0301,5.72,5.73,-23.65,-33.81,-19.93,-47.08,-34.26,0.0,0.0,4,7.31,4.9,-31.5,0.0,,8,,20260827
KRNT,Kornit Digital Ltd.,Industrials,Specialty Industrial Machinery,NASDAQ,16.93,232925,727423488,0.6523,16.15,15.1,1.1967,-0.54,-2.72,-10.55,-5.31,0.0,88.75,2,19.78,11.93,-14.41,0.0,,8,,20260827
BOE,BlackRock Enhanced Global Dividend Trust,Financial Services,Asset Management,NYSE,12.48,97768,0,0.144,12.05,11.4,3.0038,3.9,-3.46,-2.87,-1.39,0.0,87.5,2,12.58,10.59,-0.79,0.0,,8,,20260827
PFN,PIMCO Income Strategy Fund II,Financial Services,Asset Management,NYSE,6.95,455268,685270720,0.0659,6.96,6.81,-0.2035,0.5,-8.46,-17.01,-9.64,0.0,74.5,3,7.67,6.53,-9.39,0.0,,8,,20260827
VEL,"Velocity Financial, Inc.",Financial Services,Mortgage Finance,NYSE,17.69,100060,698427008,0.4934,17.82,18.5,-0.2687,-0.79,-16.81,-27.41,-17.05,0.0,57.75,4,21.39,16.65,-17.32,0.0,,8,,20260827
SERV,Serve Robotics Inc.,Industrials,Integrated Freight & Logistics,NCM,4.78,4861445,414461888,0.3954,5.5,8.9,-1.8268,-48.27,-64.97,-71.98,-63.6,0.0,12.5,4,18.64,4.32,-74.36,0.0,,8,,20260827
AHRT,AH REALTY TRUST INC,Real Estate,REIT - Diversified,NYSE,6.71,787240,643550720,0.1304,6.9,6.33,-1.4937,-2.04,7.04,-17.58,-5.08,0.0,67.0,3,7.71,5.13,-12.97,0.0,,8,,20260827
SVCTF,Senvest Capital Inc.,Financial Services,Asset Management,PNK,305.0,45,737100800,1.3725,290.47,270.51,10.5887,10.48,8.24,5.39,7.66,0.0,77.5,2,307.7,239.92,-0.88,0.0,,8,,20260827
SB,"Safe Bulkers, Inc.",Industrials,Marine Shipping,NYSE,8.28,855318,843181120,0.2852,7.26,6.15,3.5739,26.96,21.01,75.94,44.47,0.0,87.5,2,8.76,4.14,-5.48,0.0,,8,,20260827
HAYPY,Hays plc,Industrials,Staffing & Employment Services,PNK,4.5,5,706492032,0.0017,4.5,5.97,0.0,13.38,-49.69,-63.81,-39.57,0.0,50.0,3,8.07,3.89,-44.23,0.0,,8,,20260827
YITJF,YIT Oyj,Industrials,Engineering & Construction,PNK,2.91,0,671391040,0.0015,2.91,5.26,0.0,-2.3,-67.59,-75.58,-54.46,0.0,37.0,3,6.55,2.91,-55.57,0.0,,8,,20260827
FEIM,"Frequency Electronics, Inc.",Technology,Communication Equipment,NASDAQ,60.61,290962,664105856,5.0005,66.8,54.84,-1.2383,-17.12,1.44,76.16,26.69,0.0,38.75,3,80.6,26.05,-24.8,0.0,,8,,20260827
RSVR,"Reservoir Media, Inc.",Communication Services,Entertainment,NASDAQ,9.88,58031,651066112,0.3046,10.17,9.07,-0.962,-7.39,19.17,3.81,6.38,0.0,43.25,3,13.39,7.07,-26.25,0.0,,8,,20260827
BLMN,"Bloomin' Brands, Inc.",Consumer Cyclical,Restaurants,NASDAQ,11.15,2129245,954673216,0.65,9.27,7.34,2.892,31.83,84.16,35.38,51.57,0.0,87.5,2,12.63,5.19,-11.72,0.0,,8,,20260827
AVNBF,Avon Technologies Plc,Industrials,Aerospace & Defense,PNK,24.0,3,706839552,0.0885,22.61,23.88,15.7277,4.38,-11.11,-29.07,-14.42,0.0,75.0,3,28.1,21.28,-14.59,0.0,,8,,20260827
EVER,"EverQuote, Inc.",Communication Services,Internet Content & Information,NASDAQ,26.08,707787,919052736,1.3214,24.55,21.39,1.1583,33.21,48.99,-8.2,22.17,0.0,90.0,2,28.73,13.88,-9.22,0.0,,8,,20260827
MRRDF,Meridian Mining Plc,Basic Materials,Other Industrial Metals & Mining,OQX,1.25,22183,609023872,0.0584,1.13,1.2,2.0093,-8.5,-24.9,78.8,20.68,0.0,56.25,3,1.56,0.59,-19.88,0.0,,8,,20260827
HSHP,Himalaya Shipping Ltd.,Industrials,Marine Shipping,NYSE,15.9,303579,749605504,0.6382,14.88,12.04,1.5998,11.76,10.93,104.52,48.57,0.0,85.0,2,17.06,7.37,-6.8,0.0,,8,,20260827
SVMB,"Jingbo Technology, Inc.",Technology,Software - Application,OID,0.66,120,366508160,0.0087,0.89,1.56,-26.001,-47.3,-64.88,-107.09,-77.37,0.0,0.0,4,5.11,0.66,-87.08,0.0,,8,,20260827
AXG,Solowin Holdings,Financial Services,Capital Markets,NCM,2.37,169387,457656032,0.1046,3.02,3.53,-6.2383,-34.63,-47.23,-54.17,-46.86,0.0,5.0,4,4.83,2.31,-50.93,0.0,,8,,20260827
BZH,"Beazer Homes USA, Inc.",Consumer Cyclical,Residential Construction,NYSE,33.14,599868,884162752,0.4778,31.39,24.84,3.6523,30.22,16.25,8.54,16.66,0.0,82.5,2,34.54,17.83,-4.05,0.0,,8,,20260827
OIO,OIO Group,Industrials,Waste Management,NCM,1.85,82992,643840896,0.2337,2.06,6.9,-0.8862,-3.94,-91.02,-97.72,-71.93,0.0,10.0,4,12.96,1.5,-85.73,0.0,,8,,20260827
ACP,Abrdn Income Credit Strategies Fund,Financial Services,Asset Management,NYSE,5.02,476087,629862784,0.0614,5.04,4.95,-0.3166,-3.24,-12.72,-19.34,-13.0,0.0,48.25,3,5.96,4.99,-15.77,0.0,,8,,20260827
OFRM,"Once Upon A Farm, PBC",Consumer Defensive,Packaged Foods,NYSE,16.89,515612,709222080,1.0512,17.94,16.89,-1.0008,10.78,-35.71,-31.28,-22.31,0.0,66.25,3,27.0,14.0,-37.44,0.0,,8,,20260827
NGVC,"Natural Grocers by Vitamin Cottage, Inc.",Consumer Defensive,Grocery Stores,NYSE,27.85,140792,641827008,1.287,30.62,27.72,-2.1536,-8.36,-5.96,-50.38,-24.33,0.0,40.0,3,41.14,23.47,-32.3,0.0,,8,,20260827
GSHRF,Gold X2 Mining Inc,Basic Materials,Gold,OQB,7.7,18201,777536640,0.3804,7.7,7.7,0.0,70.34,70.34,70.34,70.34,0.0,75.75,3,8.77,1.6,-12.16,0.0,,8,,20260827
RWTN,"Redwood Trust, Inc. 9.125% Seni",Unknown,Unknown,NYSE,24.73,5626,0,0.2073,24.36,23.82,1.7636,-1.23,-7.89,-9.42,-6.84,0.0,80.0,2,25.77,23.45,-4.04,0.0,,8,,20260827
RWT,"Redwood Trust, Inc.",Real Estate,REIT - Mortgage,NYSE,4.61,2518909,579073344,0.141,4.81,5.16,-1.4362,-12.78,-27.72,-32.64,-25.95,0.0,22.0,4,6.97,4.19,-33.86,0.0,,8,,20260827
HOVVB,"Hovnanian Enterprises, Inc.",Consumer Cyclical,Residential Construction,PNK,110.0,0,644555648,0.0007,110.0,110.25,0.0,-2.3,-24.02,-15.24,-15.08,0.0,49.0,3,125.0,105.0,-12.0,0.0,,8,,20260827
HOVNP,"Hovnanian Enterprises, Inc. PFD DEP1/1000A",Unknown,Unknown,NASDAQ,19.44,4796,2864795118,0.1877,20.03,19.82,-3.1268,-7.31,-16.78,-13.27,-13.01,0.0,34.0,4,21.9,18.52,-11.23,0.0,,8,,20260827
HOV,"Hovnanian Enterprises, Inc.",Consumer Cyclical,Residential Construction,NYSE,128.32,134319,751903552,7.9378,131.53,117.86,-0.4041,11.46,-9.33,-30.53,-12.61,0.0,70.75,3,162.06,91.52,-20.82,0.0,,8,,20260827
KRUS,"Kura Sushi USA, Inc.",Consumer Cyclical,Restaurants,NASDAQ,47.25,331344,574079744,2.1998,50.15,56.66,-1.3184,-18.88,-43.31,-60.48,-44.07,0.0,12.5,4,87.99,42.62,-46.3,0.0,,8,,20260827
WTI,"W&T Offshore, Inc.",Energy,Oil & Gas E&P,NYSE,3.57,4373442,538866304,0.2111,3.47,2.93,0.4676,-5.87,31.16,76.07,39.87,0.0,66.25,2,5.08,1.5,-29.72,0.0,,8,,20260827
DGICB,Donegal Group Inc.,Financial Services,Insurance - Property & Casualty,NASDAQ,24.64,5154,914619008,0.9749,23.01,18.46,1.67,33.46,49.57,51.77,46.42,0.0,83.75,2,29.99,14.25,-17.84,0.0,,8,,20260827
THSGF,Thesis Gold & Silver Inc.,Basic Materials,Other Industrial Metals & Mining,OQX,2.63,53865,735268352,0.1022,2.2,2.1,4.2408,4.13,-3.76,187.76,74.82,0.0,88.75,2,2.88,0.89,-8.74,0.0,,8,,20260827
XNDU,Xanadu Quantum Technologies Limited,Technology,Software - Infrastructure,NASDAQ,10.26,2151268,3123075328,0.6976,11.12,10.26,-1.2287,-42.69,10.9,10.9,-2.5,0.0,36.25,3,42.44,6.97,-75.82,0.0,,8,,20260827
TIPT,Tiptree Inc.,Financial Services,Asset Management,NCM,18.44,254992,686699968,0.4001,17.89,17.46,1.378,4.35,-1.02,-39.31,-14.99,0.0,88.75,2,27.41,15.49,-32.73,0.0,,8,,20260827
