ticker,name,sector,industry,exchange,close,avg_volume_50d,market_cap,atr14,sma50,sma200,atr_extension,rs_3m,rs_6m,rs_12m,rs_score,rs_percentile,trend_strength,stage,52w_high,52w_low,pct_from_52w_high,rts_composite,rts_grade,rts_grade_rank,colour_band,run_date
RDEIY,"Redeia Corporación, S.A.",Utilities,Utilities - Regulated Electric,PNK,8.87,72133,9572430848,0.1161,8.7,8.46,1.4391,4.25,-14.98,-25.15,-14.24,0.0,86.25,2,11.04,8.08,-19.66,0.0,,8,,20260825
NXSNF,"NextVision Stabilized Systems, Ltd.",Industrials,Security & Protection Services,PNK,76.0,260,7061172736,1.1091,79.64,85.07,-3.2855,-27.85,-29.97,73.39,11.9,0.0,14.5,4,123.19,39.19,-38.31,0.0,,8,,20260825
EVKIY,Evonik Industries AG,Basic Materials,Specialty Chemicals,PNK,10.81,16901,9935119360,0.3488,9.7,8.62,3.2005,13.19,12.71,-5.15,5.69,0.0,90.0,2,11.0,7.24,-1.71,0.0,,8,,20260825
BZZUF,Buzzi S.p.A.,Basic Materials,Building Materials,PNK,48.0,373,8472559104,0.1398,49.64,54.36,-11.7588,-7.61,-24.63,-29.7,-22.4,0.0,12.0,4,63.8,46.5,-24.76,0.0,,8,,20260825
UHAL,U-Haul Holding Company,Industrials,Rental & Leasing Services,NYSE,69.47,228052,13504516096,1.7835,69.55,56.36,-0.0461,33.65,23.98,-2.26,15.9,0.0,73.25,3,76.45,41.95,-9.13,0.0,,8,,20260825
QABSY,Qantas Airways Limited,Industrials,Airlines,PNK,33.44,34401,10120275968,0.6555,35.75,33.24,-3.5248,-0.91,-20.09,-28.06,-18.48,0.0,65.0,3,41.65,28.15,-19.71,0.0,,8,,20260825
DAR,Darling Ingredients Inc.,Consumer Defensive,Packaged Foods,NYSE,62.58,2349755,9875306496,2.7758,60.17,52.28,0.8678,3.14,6.77,59.72,27.04,0.0,87.5,2,69.98,29.15,-10.57,0.0,,8,,20260825
LINE,"Lineage, Inc.",Real Estate,REIT - Industrial,NASDAQ,41.24,992665,10258022400,1.2847,42.41,37.68,-0.9123,-2.25,-0.5,-11.57,-5.37,0.0,44.5,3,45.75,31.33,-9.86,0.0,,8,,20260825
ASMVF,ASMPT Limited,Technology,Semiconductor Equipment & Materials,PNK,21.0,18,8807169024,0.0523,20.8,14.79,3.8972,-3.48,60.02,190.15,96.2,0.0,50.0,2,22.6,7.44,-7.08,0.0,,8,,20260825
CCOEF,"Capcom Co., Ltd.",Communication Services,Electronic Gaming & Multimedia,PNK,24.0,12446,10039411712,0.147,20.99,22.38,20.4413,5.4,7.9,-33.89,-9.44,0.0,76.25,3,28.5,16.45,-15.79,0.0,,8,,20260825
LZRFY,Localiza Rent a Car S.A.,Industrials,Rental & Leasing Services,OQX,6.81,37598,7522427392,0.3466,7.31,8.45,-1.4464,-22.91,-43.5,-10.86,-25.29,0.0,7.5,4,11.76,6.1,-42.09,0.0,,8,,20260825
SIMO,Silicon Motion Technology Corporation,Technology,Semiconductors,NASDAQ,241.83,1066704,8199911936,21.0144,277.89,177.4,-1.7161,-18.84,66.66,200.76,98.93,0.0,36.25,3,355.0,77.22,-31.88,0.0,,8,,20260825
RIOT,"Riot Platforms, Inc.",Financial Services,Capital Markets,NCM,21.3,18810139,7993015296,1.987,22.35,18.49,-0.5284,-20.63,17.07,41.12,17.26,0.0,48.25,3,30.32,11.5,-29.75,0.0,,8,,20260825
ACM,AECOM,Industrials,Engineering & Construction,NYSE,62.78,2155634,8079561216,2.5821,68.8,85.96,-2.3323,-15.29,-45.64,-68.28,-47.11,0.0,10.0,4,135.52,60.35,-53.67,0.0,,8,,20260825
REGMF,"RemeGen Co., Ltd.",Healthcare,Biotechnology,PNK,10.34,24,5827709440,0.2245,11.97,11.05,-7.2402,-16.49,-13.07,84.34,25.04,0.0,13.25,4,12.85,5.06,-19.53,0.0,,8,,20260825
ONBPP,Old National Bancorp,Financial Services,Banks - Regional,NASDAQ,24.89,8601,0,0.1401,24.67,24.23,1.551,0.04,-9.96,-14.45,-9.26,0.0,86.25,2,25.5,24.41,-2.39,0.0,,8,,20260825
ONB,Old National Bancorp,Financial Services,Banks - Regional,NASDAQ,25.66,4154607,9816745984,0.4588,26.22,23.73,-1.2292,4.11,-3.7,-4.25,-1.97,0.0,72.0,3,27.36,19.39,-6.21,0.0,,8,,20260825
ONBPO,Old National Bancorp,Financial Services,Banks - Regional,NASDAQ,24.91,5741,0,0.1441,24.64,24.23,1.9024,-0.04,-9.48,-13.74,-8.82,0.0,86.25,2,25.46,24.53,-2.15,0.0,,8,,20260825
SCRPF,Sembcorp Industries Ltd,Utilities,Utilities - Diversified,PNK,4.74,515,9258155008,0.0528,4.47,4.67,5.0857,-9.13,-5.37,-21.31,-12.69,0.0,50.0,3,5.9,4.11,-19.66,0.0,,8,,20260825
ACLIF,Accelleron Industries AG,Industrials,Specialty Industrial Machinery,PNK,93.23,25,8470266880,0.7878,97.21,88.23,-5.0438,-8.06,10.29,-18.71,-5.9,0.0,38.25,3,109.3,77.0,-14.7,0.0,,8,,20260825
SSB,SouthState Bank Corporation,Financial Services,Banks - Regional,NYSE,106.12,828631,10290937856,1.9419,103.23,96.65,1.4897,9.43,-4.45,-11.67,-3.87,0.0,87.5,2,112.2,84.48,-5.42,0.0,,8,,20260825
ALBKY,Alpha Bank S.A.,Financial Services,Banks - Regional,PNK,1.28,29800,11819928576,0.0417,1.17,1.04,2.5466,18.19,10.74,10.13,12.36,0.0,82.5,2,1.3,0.73,-1.54,0.0,,8,,20260825
JSAIY,J Sainsbury plc,Consumer Defensive,Grocery Stores,OQX,18.33,74682,9980920832,0.3101,18.21,17.55,0.3837,11.59,-15.74,-1.64,-3.27,0.0,88.75,2,19.9,15.87,-7.89,0.0,,8,,20260825
TX,Ternium S.A.,Basic Materials,Steel,NYSE,55.2,613253,10836184064,1.7154,48.32,42.48,4.0123,9.41,20.4,51.61,30.14,0.0,86.25,2,58.24,32.11,-5.22,0.0,,8,,20260825
MDDNF,Meridian Energy Limited,Utilities,Utilities - Renewable,PNK,3.2,179,9103767552,0.0074,3.34,3.27,-18.4673,-10.7,-8.11,-21.84,-14.25,0.0,24.0,4,3.62,2.84,-11.6,0.0,,8,,20260825
NCLTY,"Nitori Holdings Co., Ltd.",Consumer Cyclical,"Furnishings, Fixtures & Appliances",PNK,9.7,193738,10962117632,0.3412,8.1,8.35,4.6909,22.7,-17.02,-17.79,-7.4,0.0,88.75,3,11.56,6.9,-16.09,0.0,,8,,20260825
AXTI,"AXT, Inc.",Technology,Semiconductor Equipment & Materials,NASDAQ,67.45,10507804,4422913024,10.0285,67.06,52.62,0.0387,-51.44,80.25,2271.84,923.97,0.0,62.5,2,143.16,2.75,-52.88,0.0,,8,,20260825
EQUEY,Equatorial S.A.,Utilities,Utilities - Regulated Electric,PNK,6.74,887,8404638720,0.0836,7.41,7.67,-8.0522,-12.91,-27.38,-14.47,-18.6,0.0,1.25,4,9.59,6.3,-29.72,0.0,,8,,20260825
CNM,"Core & Main, Inc.",Industrials,Industrial Distribution,NYSE,44.08,2330644,8531245056,1.1963,45.6,50.15,-1.2718,-11.94,-33.1,-52.7,-35.65,0.0,23.25,4,67.18,41.88,-34.39,0.0,,8,,20260825
ACDSF,CapitaLand Ascendas REIT,Real Estate,REIT - Industrial,PNK,1.72,24447,8591768576,0.0218,1.91,1.99,-8.742,-14.0,-33.58,-34.59,-29.09,0.0,0.0,4,2.32,1.72,-25.86,0.0,,8,,20260825
HDALF,Haidilao International Holding Ltd.,Consumer Cyclical,Restaurants,PNK,1.48,25079,8544657920,0.0564,1.53,1.76,-0.9416,-12.96,-43.96,-34.4,-32.38,0.0,17.0,4,2.41,1.35,-38.59,0.0,,8,,20260825
ALV,"Autoliv, Inc.",Consumer Cyclical,Auto Parts,NYSE,123.97,693138,9079218176,2.6576,120.56,118.15,1.2816,-4.89,-10.04,-17.98,-11.93,0.0,61.25,2,132.17,99.16,-6.2,0.0,,8,,20260825
CEF,Sprott Physical Gold and Silver Trust,Unknown,Unknown,NYSE,47.63,729473,8352690176,1.1546,42.09,46.3,4.8,-2.45,-23.95,31.59,3.64,0.0,66.25,3,61.38,31.24,-22.4,0.0,,8,,20260825
AGX,"Argan, Inc.",Industrials,Engineering & Construction,NYSE,450.46,340685,6315109888,37.0295,622.72,508.86,-4.652,-35.08,-11.22,83.73,20.79,0.0,7.5,4,805.75,197.0,-44.09,0.0,,8,,20260825
AAL,American Airlines Group Inc.,Industrials,Airlines,NASDAQ,13.95,106891549,9234480128,0.5559,15.72,13.92,-3.1849,-8.36,-5.94,-17.05,-10.99,0.0,56.25,3,18.79,10.09,-25.76,0.0,,8,,20260825
GMWKF,Games Workshop Group PLC,Consumer Cyclical,Leisure,PNK,264.56,260,8459479040,13.6748,271.07,253.48,-0.4762,-6.74,-4.3,4.31,-1.46,0.0,47.0,3,300.0,185.0,-11.81,0.0,,8,,20260825
SMNNY,Shimano Inc.,Consumer Cyclical,Leisure,PNK,12.6,87950,10708853760,0.2942,11.56,10.8,3.5211,19.32,5.41,-9.48,2.93,0.0,85.0,2,13.15,9.36,-4.18,0.0,,8,,20260825
IFUUF,Infratil Limited,Industrials,Conglomerates,PNK,9.65,640,9643364352,0.0353,9.21,7.54,12.5097,35.34,37.8,61.95,46.84,0.0,76.25,2,9.65,5.4,-0.0,0.0,,8,,20260825
SSAAF,SSAB AB (publ),Basic Materials,Steel,PNK,9.33,30,9298442240,0.0037,9.37,8.36,-10.1342,-1.46,4.29,36.68,15.81,0.0,62.0,3,9.99,5.88,-6.61,0.0,,8,,20260825
ZIONP,"Zions Bancorporation, National Association",Financial Services,Banks - Regional,NASDAQ,18.1,4501,0,0.1709,18.38,19.02,-1.6354,-6.6,-16.66,-36.76,-22.18,0.0,36.5,4,23.4,18.06,-22.65,0.0,,8,,20260825
ZION,"Zions Bancorporation, National Association",Financial Services,Banks - Regional,NASDAQ,67.57,1641501,9862068224,1.3963,69.33,60.9,-1.2577,6.12,3.76,4.65,4.71,0.0,70.75,3,73.34,46.19,-7.87,0.0,,8,,20260825
PSO,Pearson plc,Communication Services,Publishing,NYSE,16.59,803731,9981508608,0.3082,16.21,14.14,1.2459,7.58,22.42,-5.63,7.49,0.0,90.0,2,17.75,12.02,-6.54,0.0,,8,,20260825
NRKBF,NKT A/S,Industrials,Electrical Equipment & Parts,PNK,158.3,1,8461206528,0.0417,158.3,132.22,0.0,22.58,13.44,58.94,33.92,0.0,75.0,3,158.3,87.75,0.0,0.0,,8,,20260825
GWKSY,Games Workshop Group PLC,Consumer Cyclical,Leisure,PNK,26.77,613,8846104576,0.6604,27.61,26.22,-1.2647,-12.25,-5.98,14.04,0.46,0.0,39.5,3,30.04,20.0,-10.89,0.0,,8,,20260825
AOMFF,Alstom SA,Industrials,Railroads,PNK,18.76,2279,8674051072,0.147,18.31,24.58,3.0705,-7.62,-59.09,-49.03,-42.2,0.0,27.5,3,35.21,17.06,-46.72,0.0,,8,,20260825
ALSN,"Allison Transmission Holdings, Inc.",Consumer Cyclical,Auto Parts,NYSE,131.62,1099426,10868921344,3.9491,119.41,112.42,3.0927,13.32,-3.35,28.93,13.73,0.0,86.25,2,137.62,76.01,-4.36,0.0,,8,,20260825
ZLIOY,"Zoomlion Heavy Industry Science and Technology Co., Ltd.",Industrials,Farm & Heavy Construction Machinery,PNK,8.52,96,10939618304,0.1868,9.26,9.94,-3.9452,-23.13,-49.07,-4.37,-24.7,0.0,0.0,4,14.92,7.6,-42.9,0.0,,8,,20260825
ASR,"Grupo Aeroportuario del Sureste, S. A. B. de C. V.",Industrials,Airports & Air Services,NYSE,263.97,65415,7927564800,7.0987,282.09,309.31,-2.5523,-15.42,-36.29,-38.38,-31.91,0.0,6.25,4,381.52,255.93,-30.81,0.0,,8,,20260825
CUBE,CubeSmart,Real Estate,REIT - Industrial,NYSE,40.62,2094626,9209220096,0.7866,40.97,38.21,-0.4484,0.72,-7.51,-15.49,-8.64,0.0,69.5,3,43.26,35.09,-6.1,0.0,,8,,20260825
ADC,Agree Realty Corporation,Real Estate,REIT - Retail,NYSE,74.32,1320834,9269847040,1.117,76.53,74.43,-1.9788,-2.84,-16.29,-13.99,-12.01,0.0,56.5,3,82.08,69.56,-9.45,0.0,,8,,20260825
ALSMY,Alstom SA,Industrials,Railroads,PNK,1.83,2053811,8465873408,0.0406,1.78,2.42,1.1239,-8.94,-58.67,-47.1,-41.61,0.0,28.75,3,3.51,1.65,-47.86,0.0,,8,,20260825
CIFR,Cipher Digital Inc.,Technology,Information Technology Services,NASDAQ,16.31,29367487,6769150976,2.1469,21.19,18.44,-2.2719,-31.45,-16.75,135.64,40.53,0.0,11.25,4,30.14,6.48,-45.89,0.0,,8,,20260825
LKNCY,Luckin Coffee Inc.,Consumer Cyclical,Restaurants,OID,35.8,1279320,10249134080,1.2961,32.82,33.97,2.2983,10.1,-17.81,-25.49,-13.91,0.0,91.25,3,43.64,27.22,-17.97,0.0,,8,,20260825
FROG,JFrog Ltd.,Technology,Software - Application,NASDAQ,89.48,2716709,11033001984,5.2734,86.74,64.26,0.5195,20.25,128.58,70.22,78.15,0.0,85.0,2,99.22,34.05,-9.82,0.0,,8,,20260825
UZAPF,Flughafen Zürich AG,Industrials,Airports & Air Services,PNK,291.38,73,9078921216,5.0737,298.78,300.84,-1.4587,-2.82,-23.5,-17.12,-15.78,0.0,41.0,4,351.79,268.75,-17.17,0.0,,8,,20260825
LLYVK,"Liberty Live Holdings, Inc.",Communication Services,Entertainment,NASDAQ,107.97,393798,9933820928,2.6655,103.43,93.66,1.7017,7.52,1.51,-6.42,-0.16,0.0,88.75,2,109.75,76.94,-1.62,0.0,,8,,20260825
LLYVA,"Liberty Live Holdings, Inc.",Communication Services,Entertainment,NASDAQ,104.0,257787,9568559104,2.6484,99.71,90.93,1.621,6.2,0.52,-7.53,-1.28,0.0,88.75,2,106.06,74.38,-1.94,0.0,,8,,20260825
KIKOF,Kikkoman Corporation,Consumer Defensive,Packaged Foods,PNK,10.2,1,9462943744,0.0048,9.99,9.09,43.7647,7.69,4.68,1.68,4.23,0.0,75.0,2,10.2,8.27,-0.0,0.0,,8,,20260825
SAIL,"SailPoint, Inc.",Technology,Software - Infrastructure,NASDAQ,17.87,4372058,10135560192,0.8864,15.98,16.03,2.1338,10.3,24.18,-32.83,-2.09,0.0,87.5,3,24.0,10.3,-25.54,0.0,,8,,20260825
SEOAY,Stora Enso Oyj,Consumer Cyclical,Packaging & Containers,OQX,11.54,46615,9100674048,0.214,10.99,11.7,2.5525,-1.96,-25.36,-23.19,-18.64,0.0,50.75,3,14.41,9.92,-19.92,0.0,,8,,20260825
CRPAY,"Corporación Acciona Energías Renovables, S.A.",Utilities,Utilities - Renewable,PNK,12.33,34,8003388928,0.0173,12.55,12.85,-12.6062,-18.89,-15.18,-26.78,-20.75,0.0,24.0,4,16.51,12.0,-25.32,0.0,,8,,20260825
ICLR,ICON Public Limited Company,Healthcare,Diagnostics & Research,NASDAQ,168.91,956715,13032117248,7.3735,165.19,147.22,0.5039,46.06,50.25,-23.94,19.53,0.0,87.5,2,203.91,66.57,-17.16,0.0,,8,,20260825
INPOY,InPost S.A.,Industrials,Integrated Freight & Logistics,PNK,8.94,4888,8998567936,0.1348,8.8,8.09,1.0733,-1.24,-13.85,-1.87,-5.91,0.0,82.5,2,9.17,5.28,-2.45,0.0,,8,,20260825
FLS,Flowserve Corporation,Industrials,Specialty Industrial Machinery,NYSE,80.56,1885852,10296133632,2.3879,75.21,75.27,2.2407,7.85,-22.49,32.38,7.04,0.0,86.25,3,92.41,48.71,-12.82,0.0,,8,,20260825
SARO,"StandardAero, Inc.",Industrials,Aerospace & Defense,NYSE,24.96,3757973,8259748352,0.9732,28.02,27.83,-3.1413,-10.03,-33.63,-28.34,-25.61,0.0,32.5,4,34.48,23.83,-27.61,0.0,,8,,20260825
IMIUY,IMI plc,Industrials,Specialty Industrial Machinery,PNK,42.32,7906,10029240320,0.861,39.82,42.32,2.8979,10.36,7.22,7.22,8.0,0.0,90.0,3,43.28,34.07,-2.22,0.0,,8,,20260825
SNEX,StoneX Group Inc.,Financial Services,Capital Markets,NASDAQ,69.66,1267711,8402162176,3.2102,76.36,60.7,-2.0869,-10.57,11.13,38.57,16.68,0.0,37.5,3,94.66,36.45,-26.41,0.0,,8,,20260825
MXL,"MaxLinear, Inc.",Technology,Semiconductors,NASDAQ,66.36,3852844,6018400256,7.6431,81.12,45.58,-1.9314,-33.27,251.59,285.87,194.09,0.0,35.0,3,128.3,12.77,-48.28,0.0,,8,,20260825
SHZHY,Shenzhou International Group Holdings Limited,Consumer Cyclical,Textile Manufacturing,PNK,5.57,20117,7997573120,0.2276,5.43,6.72,0.6265,-4.92,-43.42,-45.12,-34.47,0.0,40.0,3,9.4,4.93,-40.74,0.0,,8,,20260825
BVN,Compañía de Minas Buenaventura S.A.A.,Basic Materials,Other Precious Metals & Mining,NYSE,35.94,1128398,9128287232,1.5029,31.87,32.11,2.7111,0.12,-16.92,75.99,24.5,0.0,87.5,3,44.67,18.37,-19.54,0.0,,8,,20260825
KT,KT Corporation,Communication Services,Telecom Services,NYSE,19.23,1727274,9158549504,0.4151,18.24,19.81,2.3901,3.3,-32.33,-27.06,-21.31,0.0,73.25,3,24.58,17.13,-21.77,0.0,,8,,20260825
W,Wayfair Inc.,Consumer Cyclical,Internet Retail,NYSE,104.53,3474826,13797593088,5.3291,94.05,88.42,1.9673,43.04,29.41,14.28,26.77,0.0,85.0,2,119.98,55.6,-12.88,0.0,,8,,20260825
FLGZY,Flughafen Zürich AG,Industrials,Airports & Air Services,PNK,11.02,306,8441939456,0.0734,11.84,11.93,-11.1954,-8.0,-25.72,-26.56,-21.62,0.0,14.5,4,13.66,11.0,-19.33,0.0,,8,,20260825
ADRZY,Andritz AG,Industrials,Specialty Industrial Machinery,PNK,18.7,793,9069789184,0.1986,18.11,16.47,2.9591,9.79,-2.6,7.46,4.52,0.0,75.0,2,20.33,13.59,-8.02,0.0,,8,,20260825
WIGBY,WiseTech Global Limited,Technology,Software - Application,PNK,27.44,198,8175518208,0.2382,24.39,33.52,12.7968,-0.46,-31.62,-85.23,-45.27,0.0,26.25,3,75.98,20.0,-63.89,0.0,,8,,20260825
KRYS,"Krystal Biotech, Inc.",Healthcare,Biotechnology,NASDAQ,356.19,410736,10542809088,12.9377,346.52,283.97,0.7473,15.37,21.43,116.69,58.02,0.0,87.5,2,382.54,136.73,-6.89,0.0,,8,,20260825
GGB,Gerdau S.A.,Basic Materials,Steel,NYSE,4.36,15857384,8554871808,0.1691,4.53,4.1,-1.0215,-8.16,-2.36,29.77,9.04,0.0,70.75,3,5.18,2.98,-15.83,0.0,,8,,20260825
FRHC,Freedom Holdings Corp.,Financial Services,Financial Conglomerates,NCM,171.02,168749,10908966912,8.6598,150.87,139.97,2.3266,20.29,32.29,-21.74,7.68,0.0,88.75,2,181.88,107.97,-5.97,0.0,,8,,20260825
SPHXF,"SM Prime Holdings, Inc.",Real Estate,Real Estate - Diversified,PNK,0.27,414,7620299776,0.0012,0.29,0.04,-15.3249,-15.59,-333.84,-312.66,-245.81,0.0,25.0,3,0.46,0.27,-42.3,0.0,,8,,20260825
LGN,Legence Corp.,Industrials,Engineering & Construction,NASDAQ,57.26,1429026,9406955520,4.3945,70.68,61.83,-3.0538,-36.46,-7.65,69.94,16.19,0.0,20.75,4,107.24,26.96,-46.6,0.0,,8,,20260825
TTC,The Toro Company,Industrials,Tools & Accessories,NYSE,99.56,781741,9481052160,2.367,95.34,89.65,1.7818,6.9,-12.92,8.21,0.49,0.0,85.0,2,105.19,67.64,-5.35,0.0,,8,,20260825
RGTI,"Rigetti Computing, Inc.",Technology,Computer Hardware,NCM,16.94,31416760,5654042624,1.2424,17.26,19.85,-0.2593,-34.72,-9.23,-5.7,-14.19,0.0,25.75,4,58.15,12.53,-70.87,0.0,,8,,20260825
DDS,"Dillard's, Inc.",Consumer Cyclical,Department Stores,NYSE,637.3,133252,9952746496,27.2729,575.28,601.27,2.2742,8.26,-4.95,4.79,2.25,0.0,93.75,3,741.98,503.06,-14.11,0.0,,8,,20260825
GZPZY,Gaztransport & Technigaz SA,Energy,Oil & Gas Equipment & Services,PNK,46.32,665,8587581440,1.0128,45.41,42.9,0.9018,1.27,-4.59,10.45,2.89,0.0,80.0,2,49.95,36.36,-7.27,0.0,,8,,20260825
NCLTF,"Nitori Holdings Co., Ltd.",Consumer Cyclical,"Furnishings, Fixtures & Appliances",PNK,17.65,77,10300999680,0.2298,14.93,16.07,11.8359,12.25,-28.37,-102.89,-48.02,0.0,50.0,3,103.31,13.25,-82.92,0.0,,8,,20260825
CFR,"Cullen/Frost Bankers, Inc.",Financial Services,Banks - Regional,NYSE,163.38,597000,10153868288,3.1093,160.16,140.71,1.037,15.67,4.77,8.58,9.02,0.0,87.5,2,170.8,119.0,-4.34,0.0,,8,,20260825
GZPZF,Gaztransport & Technigaz SA,Energy,Oil & Gas Equipment & Services,PNK,240.39,47,8698819584,1.5263,227.86,215.5,8.2116,-1.35,5.05,41.65,18.09,0.0,51.25,2,246.86,147.38,-2.62,0.0,,8,,20260825
INPOF,InPost S.A.,Industrials,Integrated Freight & Logistics,PNK,17.47,0,8733608960,0.0003,17.47,16.32,0.0,-2.66,-15.53,53.42,15.27,0.0,50.0,3,18.02,9.99,-3.05,0.0,,8,,20260825
STN,Stantec Inc.,Industrials,Engineering & Construction,NYSE,73.49,458241,8260254208,2.0206,70.74,85.79,1.3618,-6.57,-27.85,-53.37,-32.74,0.0,40.0,3,114.52,66.26,-35.83,0.0,,8,,20260825
PRI,"Primerica, Inc.",Financial Services,Insurance - Life,NYSE,297.72,195141,9163032576,6.3476,302.65,270.41,-0.7768,5.0,6.7,-7.8,0.48,0.0,72.0,3,327.28,230.09,-9.03,0.0,,8,,20260825
SHMDF,Shimano Inc.,Consumer Cyclical,Leisure,PNK,127.22,55,10708852736,1.7349,110.37,105.05,9.712,24.42,-0.41,-20.13,-2.09,0.0,77.5,2,130.0,94.15,-2.14,0.0,,8,,20260825
AYI,Acuity Inc.,Industrials,Electrical Equipment & Parts,NYSE,339.95,368647,10176589824,9.9912,339.69,319.81,0.0265,12.0,0.2,-15.69,-3.21,0.0,83.75,2,380.17,257.04,-10.58,0.0,,8,,20260825
AVAV,"AeroVironment, Inc.",Industrials,Aerospace & Defense,NASDAQ,147.42,1663120,7492270080,10.3572,160.52,219.15,-1.2644,-21.42,-55.81,-58.54,-48.3,0.0,11.25,4,417.86,135.2,-64.72,0.0,,8,,20260825
ELPC,Companhia Paranaense de Energia,Utilities,Utilities - Regulated Electric,NYSE,11.42,397615,8478238208,0.2922,11.45,11.02,-0.0883,-5.52,-12.01,20.32,2.54,0.0,44.5,3,13.7,8.08,-16.62,0.0,,8,,20260825
XP,XP Inc.,Financial Services,Capital Markets,NASDAQ,17.8,5288096,9032484864,0.6562,16.36,17.84,2.1967,2.4,-31.71,-9.36,-14.24,0.0,72.0,3,23.13,14.8,-23.04,0.0,,8,,20260825
YMM,Full Truck Alliance Co. Ltd.,Technology,Software - Application,NYSE,8.76,8759009,9162033152,0.3002,8.77,9.34,-0.0293,0.31,-19.02,-49.8,-26.5,0.0,60.25,4,14.07,7.46,-37.74,0.0,,8,,20260825
ASGLY,AGC Inc.,Industrials,Conglomerates,PNK,7.25,5768,7700270592,0.3736,7.92,7.51,-1.7805,-20.38,-25.81,-3.07,-15.36,0.0,23.25,4,10.69,6.02,-32.18,0.0,,8,,20260825
NIABY,NIBE Industrier AB (publ),Industrials,Building Products & Equipment,PNK,4.45,613,8689246208,0.0797,3.86,3.98,7.3676,-1.12,-9.11,-22.86,-12.61,0.0,76.25,3,5.0,3.33,-10.96,0.0,,8,,20260825
FR,"First Industrial Realty Trust, Inc.",Real Estate,REIT - Industrial,NYSE,63.49,1118406,8699174912,1.1249,64.18,60.09,-0.6128,-2.37,-8.25,7.25,-0.58,0.0,75.75,3,69.88,50.24,-9.14,0.0,,8,,20260825
KIKOY,Kikkoman Corporation,Consumer Defensive,Packaged Foods,PNK,22.85,84,11248842752,0.2431,20.81,19.03,8.3717,22.76,5.83,-1.2,7.25,0.0,75.0,2,24.25,15.73,-5.77,0.0,,8,,20260825
WEGRY,Weir PLC,Industrials,Specialty Industrial Machinery,PNK,19.87,38206,10296213504,0.5943,17.32,19.13,4.2847,14.78,-28.98,-0.3,-6.57,0.0,83.75,3,24.85,15.38,-20.04,0.0,,8,,20260825
XNGSF,ENN Energy Holdings Limited,Utilities,Utilities - Regulated Gas,PNK,6.28,5511,9561951232,0.1189,5.77,7.82,4.3191,-20.78,-43.01,-46.87,-39.0,0.0,27.5,3,9.78,4.88,-35.79,0.0,,8,,20260825
CRUS,"Cirrus Logic, Inc.",Technology,Semiconductors,NASDAQ,111.43,670634,5584599552,4.2297,137.38,140.33,-6.1343,-39.81,-35.23,-25.07,-32.31,0.0,2.5,4,180.42,109.88,-38.24,0.0,,8,,20260825
AKBLF,ALK-Abelló A/S,Healthcare,Biotechnology,PNK,37.92,25,6946676224,0.0326,39.05,35.4,-34.7195,-5.16,-1.95,16.36,4.57,0.0,37.0,3,40.65,28.95,-6.73,0.0,,8,,20260825
CHWY,"Chewy, Inc.",Consumer Cyclical,Internet Retail,NYSE,24.69,8791639,10108683264,0.897,21.41,26.23,3.654,13.88,-15.12,-57.61,-24.86,0.0,79.5,3,43.5,17.4,-43.24,0.0,,8,,20260825
RYAN,"Ryan Specialty Holdings, Inc.",Financial Services,Insurance - Specialty,NYSE,43.93,2251636,17132966912,1.6348,40.92,41.99,1.8384,33.99,1.85,-44.65,-8.72,0.0,88.75,3,59.19,29.28,-25.78,0.0,,8,,20260825
HLTOY,Hellenic Telecommunications Organization S.A.,Communication Services,Telecom Services,PNK,11.65,11130,9593991168,0.2924,11.17,10.05,1.6299,8.12,10.85,8.57,9.26,0.0,88.75,2,11.9,8.96,-2.1,0.0,,8,,20260825
COLB,"Columbia Banking System, Inc.",Financial Services,Banks - Regional,NASDAQ,30.53,2974579,8634402816,0.616,31.69,29.12,-1.8837,0.51,-7.22,-0.85,-2.74,0.0,72.0,3,33.68,23.83,-9.35,0.0,,8,,20260825
PSPSF,PSP Swiss Property AG,Real Estate,Real Estate Services,PNK,180.89,1,9188714496,0.0297,181.43,187.53,-18.0109,-6.22,-22.77,-15.8,-15.84,0.0,24.0,4,220.0,166.25,-17.78,0.0,,8,,20260825
BROS,Dutch Bros Inc.,Consumer Cyclical,Restaurants,NYSE,51.08,3623155,8959250432,2.5303,62.35,57.44,-4.4555,-6.95,-8.18,-42.04,-21.42,0.0,10.0,4,74.65,44.58,-31.57,0.0,,8,,20260825
WAL,Western Alliance Bancorporation,Financial Services,Banks - Regional,NYSE,79.63,1007673,8687700992,1.9308,81.03,80.64,-0.7262,-1.73,-20.78,-26.71,-18.39,0.0,57.75,3,97.23,65.82,-18.1,0.0,,8,,20260825
MBLY,Mobileye Global Inc.,Consumer Cyclical,Auto Parts,NASDAQ,8.68,6439336,7379628544,0.431,8.8,9.41,-0.2784,-15.5,-13.61,-58.66,-32.1,0.0,32.75,4,15.81,6.47,-45.1,0.0,,8,,20260825
NNN,"NNN REIT, Inc.",Real Estate,REIT - Retail,NYSE,46.12,1606666,8851875840,0.7287,46.67,42.87,-0.7508,1.38,-5.56,-4.98,-3.59,0.0,70.75,3,50.0,38.9,-7.76,0.0,,8,,20260825
MLSPF,Melrose Industries PLC,Industrials,Specialty Industrial Machinery,PNK,6.58,43342,8099634176,0.3836,6.51,7.34,0.1934,-6.74,-42.33,-41.6,-33.14,0.0,67.5,3,9.6,5.79,-31.46,0.0,,8,,20260825
ALGM,"Allegro MicroSystems, Inc.",Technology,Semiconductors,NASDAQ,37.44,2804480,6978892288,2.9377,48.82,39.01,-3.8743,-28.55,-16.12,-3.48,-14.17,0.0,18.25,4,71.77,22.41,-47.83,0.0,,8,,20260825
SALRY,SalMar ASA,Consumer Defensive,Farm Products,PNK,14.58,20123,7904585216,0.2602,13.13,14.12,5.5776,-9.51,-15.54,-0.0,-7.82,0.0,62.5,3,16.17,11.29,-9.83,0.0,,8,,20260825
MTLHY,Mitsubishi Chemical Group Corporation,Basic Materials,Specialty Chemicals,PNK,37.0,34,9355924480,0.0659,35.82,31.81,17.859,15.67,-2.06,7.24,6.09,0.0,75.0,2,38.74,26.51,-4.49,0.0,,8,,20260825
GAP,"The Gap, Inc.",Consumer Cyclical,Apparel Retail,NYSE,20.15,7637480,7253575680,0.6056,20.03,23.69,0.197,-15.73,-36.86,-23.04,-26.05,0.0,37.5,3,29.36,18.11,-31.37,0.0,,8,,20260825
TKHVY,Türk Hava Yollari Anonim Ortakligi,Industrials,Airlines,PNK,64.15,34,8386023936,0.2486,69.09,68.23,-19.8744,3.48,-30.23,-42.99,-26.91,0.0,37.0,4,81.75,60.44,-21.53,0.0,,8,,20260825
YOKEF,Yokogawa Electric Corporation,Industrials,Specialty Industrial Machinery,PNK,36.29,16,9081294848,0.0748,34.27,11.78,26.9641,5.97,-399.07,619.19,109.49,0.0,75.0,2,36.29,19.1,0.0,0.0,,8,,20260825
DNOPY,Dino Polska S.A.,Consumer Defensive,Grocery Stores,PNK,9.83,92749,9637331968,0.3823,8.15,9.8,4.3831,11.87,-26.32,-42.97,-23.43,0.0,90.0,3,15.62,7.16,-37.07,0.0,,8,,20260825
PRMB,Primo Brands Corporation,Consumer Defensive,Beverages - Non-Alcoholic,NYSE,23.35,3574531,8451385856,0.7938,23.83,20.24,-0.6056,-3.89,10.49,-23.41,-6.66,0.0,55.25,3,26.21,14.36,-10.91,0.0,,8,,20260825
MSGS,Madison Square Garden Sports Corp.,Communication Services,Entertainment,NYSE,406.94,246465,9799091200,11.7742,392.46,321.8,1.2295,8.78,17.59,84.85,42.29,0.0,85.0,2,438.93,193.87,-7.29,0.0,,8,,20260825
NEMKY,Nemetschek SE,Technology,Software - Application,PNK,15.5,971,9232703488,0.7289,13.95,16.93,2.1226,3.82,-16.87,-64.99,-30.94,0.0,62.0,3,28.71,11.25,-46.02,0.0,,8,,20260825
KRMN,Karman Holdings Inc.,Industrials,Aerospace & Defense,NYSE,49.2,3539339,6520658944,3.4768,51.54,72.58,-0.6734,-21.2,-53.17,-25.82,-34.24,0.0,23.25,4,118.38,43.68,-58.44,0.0,,8,,20260825
SBYSF,Sibanye Stillwater Limited,Basic Materials,Other Precious Metals & Mining,PNK,2.08,88,5693136384,0.0077,2.23,3.08,-18.8784,-33.32,-56.5,-14.82,-34.03,0.0,0.0,4,5.54,1.78,-62.45,0.0,,8,,20260825
ENS,EnerSys,Industrials,Electrical Equipment & Parts,NYSE,194.29,540600,7007112192,8.8303,202.31,183.94,-0.9086,-22.37,0.85,71.8,23.42,0.0,43.25,3,244.3,98.46,-20.47,0.0,,8,,20260825
IESFY,Interconexión Eléctrica S.A. E.S.P.,Utilities,Utilities - Regulated Electric,OQX,225.0,76,10216900608,9.0764,224.51,195.26,0.0543,14.88,4.62,45.95,23.72,0.0,76.25,2,300.0,111.94,-25.0,0.0,,8,,20260825
EMN,Eastman Chemical Company,Basic Materials,Specialty Chemicals,NYSE,72.02,1161517,8233803264,1.8683,70.64,69.11,0.741,-4.4,-16.44,-11.12,-11.3,0.0,88.75,2,83.47,56.11,-13.72,0.0,,8,,20260825
LEVI,Levi Strauss & Co.,Consumer Cyclical,Apparel Manufacturing,NYSE,21.1,2591177,8120347136,0.7008,23.73,21.69,-3.7508,-10.12,-15.3,-18.4,-15.24,0.0,43.25,3,25.7,17.72,-17.9,0.0,,8,,20260825
CNRAF,Vicinity Centres,Real Estate,REIT - Retail,PNK,1.85,296,5846823936,0.0036,1.82,1.61,7.0099,-1.29,32.05,-6.55,8.28,0.0,75.0,2,1.9,1.26,-2.63,0.0,,8,,20260825
SNPTF,Sunny Optical Technology (Group) Company Limited,Technology,Electronic Components,PNK,7.67,17,7519223808,0.1018,8.07,7.9,-3.9307,-1.68,-11.5,-42.13,-21.3,0.0,24.0,4,11.62,6.61,-34.02,0.0,,8,,20260825
HSIC,"Henry Schein, Inc.",Healthcare,Medical Distribution,NASDAQ,89.65,1343319,10212637696,1.8768,85.99,78.37,1.9489,19.01,-4.46,8.8,6.71,0.0,87.5,2,92.18,61.95,-2.74,0.0,,8,,20260825
FDS,FactSet Research Systems Inc.,Financial Services,Financial Data & Stock Exchanges,NYSE,296.08,926612,10530245632,11.0439,259.5,246.82,3.3123,26.54,36.4,-41.09,2.94,0.0,90.0,2,386.52,185.0,-23.4,0.0,,8,,20260825
KNTK,Kinetik Holdings Inc.,Energy,Oil & Gas Midstream,NYSE,54.23,1032092,9175708672,1.516,49.58,43.09,3.0652,9.99,14.81,23.23,16.98,0.0,87.5,2,56.1,31.33,-3.33,0.0,,8,,20260825
ENPH,"Enphase Energy, Inc.",Technology,Solar,NASDAQ,37.35,5849865,4922663424,2.1968,42.41,40.47,-2.3019,-46.47,-36.93,-22.18,-33.42,0.0,22.0,4,73.74,25.78,-49.35,0.0,,8,,20260825
SSL,Sasol Limited,Basic Materials,Specialty Chemicals,NYSE,11.45,1398042,7339881472,0.3882,11.08,10.01,0.9583,-17.17,16.49,62.03,26.29,0.0,63.75,2,14.37,5.24,-20.32,0.0,,8,,20260825
ARE,"Alexandria Real Estate Equities, Inc.",Real Estate,REIT - Office,NYSE,52.9,1963952,9103840256,2.0556,50.49,49.14,1.1719,8.27,-10.68,-50.66,-21.93,0.0,85.0,2,88.24,39.41,-40.05,0.0,,8,,20260825
BRRLY,Barry Callebaut AG,Consumer Defensive,Confectioners,PNK,14.38,38622,7884123648,0.3236,13.93,15.49,1.3982,-6.69,-38.97,-8.2,-18.59,0.0,47.0,3,19.72,12.33,-27.08,0.0,,8,,20260825
CMHHY,China Merchants Port Holdings Company Limited,Industrials,Marine Shipping,PNK,20.05,53,8417008128,0.1906,17.72,19.2,12.2071,3.33,-15.17,-15.59,-10.71,0.0,52.5,3,21.81,16.45,-8.07,0.0,,8,,20260825
WEIGF,Weir PLC,Industrials,Specialty Industrial Machinery,PNK,40.51,100,8279240192,0.3675,33.95,37.34,17.8481,21.42,-24.44,5.79,-0.88,0.0,75.0,3,48.94,30.55,-17.23,0.0,,8,,20260825
HESM,Hess Midstream LP,Energy,Oil & Gas Midstream,NYSE,39.08,1146003,8057451008,0.8145,38.67,36.03,0.4996,-1.54,-5.13,-17.41,-9.15,0.0,86.25,2,41.75,31.63,-6.4,0.0,,8,,20260825
CCOEY,"Capcom Co., Ltd.",Communication Services,Electronic Gaming & Multimedia,PNK,13.32,152282,11143746560,0.3624,11.0,11.01,6.4066,33.61,20.65,-24.04,6.01,0.0,90.0,3,14.79,8.63,-9.94,0.0,,8,,20260825
TYCMY,Tingyi (Cayman Islands) Holding Corp.,Consumer Defensive,Packaged Foods,PNK,34.41,29366,9697626112,1.5381,29.29,29.35,3.3289,24.02,-0.82,9.12,9.37,0.0,88.75,3,36.6,23.63,-5.98,0.0,,8,,20260825
STJPF,St. James's Place plc,Financial Services,Asset Management,PNK,14.13,47,7549321728,0.0358,15.14,17.29,-28.3619,-16.67,-45.3,-42.97,-37.21,0.0,0.0,4,21.03,14.13,-32.82,0.0,,8,,20260825
VFS,VinFast Auto Ltd.,Consumer Cyclical,Auto Manufacturers,NASDAQ,3.13,449323,7322748416,0.1123,3.11,3.41,0.1977,-15.12,-16.88,-29.8,-21.61,0.0,49.5,3,5.29,2.78,-40.78,0.0,,8,,20260825
MTCH,"Match Group, Inc.",Communication Services,Internet Content & Information,NASDAQ,42.18,3241726,9682460672,1.2198,38.17,34.02,3.2881,15.65,24.35,-4.3,10.72,0.0,93.75,2,42.48,28.81,-0.72,0.0,,8,,20260825
SFOSF,"Shanghai Fosun Pharmaceutical (Group) Co., Ltd.",Healthcare,Drug Manufacturers - Specialty & Generic,PNK,2.2,158,8277919232,0.0237,2.11,2.57,3.6125,-1.51,-28.19,-25.81,-20.56,0.0,25.0,3,3.5,1.95,-37.14,0.0,,8,,20260825
ICL,ICL Group Ltd,Basic Materials,Agricultural Inputs,NYSE,5.64,1317722,7279651328,0.138,5.21,5.38,3.0849,-15.75,-1.48,-28.94,-16.03,0.0,62.5,3,6.97,4.76,-19.08,0.0,,8,,20260825
Z,"Zillow Group, Inc.",Communication Services,Internet Content & Information,NASDAQ,36.09,4349880,8115737088,1.8428,33.21,48.28,1.5624,-1.32,-29.49,-78.73,-42.15,0.0,42.5,3,93.88,29.23,-61.56,0.0,,8,,20260825
ZG,"Zillow Group, Inc.",Communication Services,Internet Content & Information,NASDAQ,37.09,1329026,8340612096,1.8158,33.42,47.98,2.0219,0.13,-27.42,-75.81,-39.89,0.0,40.0,3,90.22,29.03,-58.89,0.0,,8,,20260825
TKR,The Timken Company,Industrials,Tools & Accessories,NYSE,122.33,997131,8501263872,4.2247,135.7,108.79,-3.1653,-6.04,0.33,36.97,13.4,0.0,60.0,3,146.37,70.57,-16.42,0.0,,8,,20260825
CMHHF,China Merchants Port Holdings Company Limited,Industrials,Marine Shipping,PNK,2.02,1828,9823340544,0.0866,1.86,1.91,1.8694,1.9,-8.45,-8.38,-5.84,0.0,76.25,3,2.34,1.35,-13.68,0.0,,8,,20260825
XNGSY,ENN Energy Holdings Limited,Utilities,Utilities - Regulated Gas,PNK,24.75,59620,6879601152,0.6218,22.69,29.85,3.3056,-12.32,-38.42,-41.05,-32.95,0.0,40.0,3,39.4,20.55,-37.18,0.0,,8,,20260825
BYCBF,Barry Callebaut AG,Consumer Defensive,Confectioners,PNK,1400.0,20,7346819584,5.9772,1395.0,1544.12,0.8359,-10.49,-31.66,-6.75,-16.4,0.0,39.5,3,1908.75,1220.45,-26.65,0.0,,8,,20260825
FNMA,Federal National Mortgage Association,Financial Services,Mortgage Finance,OQB,6.35,3755500,7353856000,0.255,6.21,7.82,0.5318,-12.49,-26.21,-62.54,-37.31,0.0,38.75,3,15.99,3.6,-60.29,0.0,,8,,20260825
FNMAH,Federal National Mortgage Association,Financial Services,Mortgage Finance,OQB,7.91,10473,45394224030,0.4031,7.67,9.81,0.5961,-17.25,-37.75,-59.9,-41.48,0.0,31.25,3,14.5,6.45,-45.45,0.0,,8,,20260825
FNMAJ,Federal National Mortgage Association,Financial Services,Mortgage Finance,OQB,8.1,18293,46484606707,0.3063,8.25,10.56,-0.4845,-24.27,-40.66,-63.56,-45.72,0.0,20.75,4,15.77,6.95,-48.64,0.0,,8,,20260825
FNMAT,Federal National Mortgage Association,Financial Services,Mortgage Finance,OQB,8.41,91865,48263644062,0.2536,8.63,10.91,-0.8795,-24.79,-40.2,-65.39,-46.43,0.0,23.25,4,16.65,7.8,-49.49,0.0,,8,,20260825
FNMAI,Federal National Mortgage Association,Financial Services,Mortgage Finance,OQB,7.65,19442,43902127036,0.154,8.04,10.35,-2.5548,-28.02,-44.48,-69.06,-50.2,0.0,15.75,4,15.6,7.25,-50.95,0.0,,8,,20260825
FNMFO,Federal National Mortgage Association,Financial Services,Mortgage Finance,OQB,32000.0,23,183642882048000,328.3067,34400.0,42286.75,-7.3102,-28.24,-40.4,-60.45,-45.38,0.0,1.25,4,63000.0,30200.0,-49.21,0.0,,8,,20260825
FNMAP,Federal National Mortgage Association,Financial Services,Mortgage Finance,OQB,12.45,13063,0,0.382,12.21,16.17,0.624,-15.54,-42.85,-64.2,-44.56,0.0,32.5,3,24.79,10.61,-49.78,0.0,,8,,20260825
FNMFN,Federal National Mortgage Association,Financial Services,Mortgage Finance,OQB,15.4,16690,88378134796,0.3716,16.38,21.05,-2.6434,-28.29,-44.63,-66.18,-49.17,0.0,10.0,4,31.0,14.27,-50.32,0.0,,8,,20260825
FNMAK,Federal National Mortgage Association,Financial Services,Mortgage Finance,OQB,14.6,671,83787067123,0.1657,14.7,18.69,-0.6252,-22.79,-38.36,-65.3,-45.25,0.0,15.75,4,27.5,12.75,-46.91,0.0,,8,,20260825
FNMAG,Federal National Mortgage Association,Financial Services,Mortgage Finance,OQB,14.25,625,81778470912,0.2201,15.25,19.3,-4.543,-24.4,-39.59,-68.37,-47.3,0.0,2.5,4,28.33,13.51,-49.7,0.0,,8,,20260825
FNMFM,Federal National Mortgage Association,Financial Services,Mortgage Finance,OQB,13.11,1784,75236191268,0.2866,13.59,18.06,-1.685,-21.73,-55.45,-68.14,-52.1,0.0,14.5,4,26.5,12.12,-50.53,0.0,,8,,20260825
FNMAO,Federal National Mortgage Association,Financial Services,Mortgage Finance,OQB,12.92,1707,74145814064,0.2124,12.37,16.03,2.6092,-13.55,-41.45,-65.77,-44.2,0.0,30.0,3,26.36,10.7,-50.99,0.0,,8,,20260825
FNMAL,Federal National Mortgage Association,Financial Services,Mortgage Finance,OQB,13.4,726,76900454668,0.3494,13.18,17.4,0.6274,-18.7,-41.01,-67.86,-46.17,0.0,31.25,3,27.04,11.69,-50.44,0.0,,8,,20260825
FNMAS,Federal National Mortgage Association,Financial Services,Mortgage Finance,OQB,10.0,459554,57388400640,0.2547,10.32,12.62,-1.2637,-25.91,-37.67,-58.08,-42.9,0.0,23.25,4,17.99,9.2,-44.41,0.0,,8,,20260825
FNMAN,Federal National Mortgage Association,Financial Services,Mortgage Finance,OQB,14.5,2244,83213180928,0.314,14.82,18.81,-1.0088,-25.32,-42.66,-61.66,-45.93,0.0,20.75,4,27.62,12.92,-47.5,0.0,,8,,20260825
FNMAM,Federal National Mortgage Association,Financial Services,Mortgage Finance,OQB,14.17,19600,81319364144,0.3611,14.73,19.05,-1.5455,-25.14,-43.52,-68.66,-48.98,0.0,17.0,4,28.85,12.6,-50.88,0.0,,8,,20260825
ASXFY,ASX Limited,Financial Services,Financial Data & Stock Exchanges,PNK,40.75,38731,7962951680,1.1562,37.78,36.96,2.5647,10.45,0.16,-19.3,-5.05,0.0,82.5,2,45.74,32.12,-10.91,0.0,,8,,20260825
EDU,New Oriental Education & Technology Group Inc.,Consumer Defensive,Education & Training Services,NYSE,57.07,680846,9514261504,1.7783,51.05,53.22,3.3832,19.67,-15.97,1.22,-0.18,0.0,87.5,3,64.97,44.25,-12.16,0.0,,8,,20260825
LUNR,"Intuitive Machines, Inc.",Industrials,Aerospace & Defense,NASDAQ,16.6,12894490,2663508224,1.522,17.06,19.55,-0.2995,-54.68,-24.19,65.16,3.93,0.0,24.5,4,46.75,7.78,-64.49,0.0,,8,,20260825
NE,Noble Corporation plc,Energy,Oil & Gas Drilling,NYSE,45.86,1536758,7321192448,1.4448,41.81,40.67,2.8032,-9.63,-10.46,48.81,13.45,0.0,67.5,2,54.98,26.7,-16.59,0.0,,8,,20260825
TEM,"Tempus AI, Inc.",Healthcare,Health Information Services,NASDAQ,68.73,6708809,12401281024,4.7683,53.41,56.62,3.2129,45.0,6.58,-34.65,-0.31,0.0,91.25,3,104.32,40.77,-34.12,0.0,,8,,20260825
RTLLF,RATIONAL Aktiengesellschaft,Industrials,Specialty Industrial Machinery,PNK,718.55,22,8382508032,6.069,749.99,767.98,-5.1802,-4.09,-29.79,-26.51,-22.05,0.0,51.5,3,887.11,695.8,-19.0,0.0,,8,,20260825
SCVPY,The Siam Cement Public Company Limited,Industrials,Conglomerates,PNK,7.95,47,9539999744,0.1208,7.96,6.24,-0.0433,3.93,53.59,44.61,37.58,0.0,63.25,3,8.56,4.9,-7.13,0.0,,8,,20260825
NDRBF,NIBE Industrier AB (publ),Industrials,Building Products & Equipment,PNK,4.45,393,9410259968,0.0478,3.82,3.96,13.112,5.88,-1.09,-27.77,-10.02,0.0,75.0,3,4.87,3.5,-8.62,0.0,,8,,20260825
CIADY,China Mengniu Dairy Company Limited,Consumer Defensive,Packaged Foods,PNK,23.9,9192,9030403072,0.3486,22.49,20.55,4.0566,14.56,6.94,-4.24,4.37,0.0,81.25,2,24.81,17.81,-3.67,0.0,,8,,20260825
FRO,Frontline plc,Energy,Oil & Gas Midstream,NYSE,43.46,2661333,9675191296,1.4382,39.19,31.52,2.9706,21.71,16.11,107.47,54.05,0.0,87.5,2,45.17,19.87,-3.79,0.0,,8,,20260825
EGO,Eldorado Gold Corporation,Basic Materials,Gold,NYSE,48.14,2683925,12555409408,2.073,34.12,35.22,6.7651,46.29,-0.59,85.73,45.66,0.0,91.25,3,51.16,23.41,-5.9,0.0,,8,,20260825
ALNPY,ANA Holdings Inc.,Industrials,Airlines,PNK,3.78,3360,8178101760,0.1835,3.78,3.81,0.0142,2.7,-25.13,-26.21,-18.6,0.0,68.25,3,4.48,3.3,-15.63,0.0,,8,,20260825
IGGHY,IG Group Holdings plc,Financial Services,Capital Markets,PNK,19.0,139,6263053824,0.3886,22.7,18.98,-9.5158,-14.08,-14.25,20.59,-0.27,0.0,26.25,3,25.0,13.35,-24.0,0.0,,8,,20260825
CIBEY,Commercial International Bank Egypt (CIB) S.A.E.,Financial Services,Banks - Regional,OQX,2.68,10558,8842065920,0.0551,2.62,2.46,1.0846,6.64,-15.62,16.04,2.61,0.0,87.5,2,2.87,1.75,-6.62,0.0,,8,,20260825
PPRQF,Choice Properties Real Estate Investment Trust,Real Estate,REIT - Retail,PNK,11.22,19639,8165348864,0.0223,11.48,11.08,-11.5287,-1.54,-11.53,-10.94,-8.8,0.0,62.0,3,11.81,9.86,-5.0,0.0,,8,,20260825
MANH,"Manhattan Associates, Inc.",Technology,Software - Application,NASDAQ,213.1,804703,12424790016,8.0633,168.64,156.41,5.5137,50.27,47.78,-21.46,20.71,0.0,92.5,2,220.31,119.06,-3.27,0.0,,8,,20260825
ORA,"Ormat Technologies, Inc.",Utilities,Utilities - Renewable,NYSE,106.24,867485,6533434880,3.5327,110.23,115.53,-1.13,-25.83,-20.03,-7.52,-16.48,0.0,34.0,4,146.39,89.08,-27.43,0.0,,8,,20260825
NEXNY,Nexans S.A.,Industrials,Electrical Equipment & Parts,PNK,82.15,853,7080772608,0.9695,80.13,77.19,2.0856,-12.68,3.84,-14.95,-7.81,0.0,53.75,2,97.43,64.44,-15.68,0.0,,8,,20260825
FITGF,FIT Hon Teng Limited,Technology,Electronic Components,PNK,0.63,8709,4216748032,0.0358,0.77,0.81,-3.9039,-47.81,-24.6,-20.93,-28.93,0.0,5.0,4,1.4,0.47,-54.75,0.0,,8,,20260825
CPBLF,ALS Limited,Industrials,Consulting Services,PNK,15.77,4,8292622848,0.0049,15.94,14.99,-34.4109,-4.75,-14.49,22.61,2.78,0.0,37.0,3,18.19,10.95,-13.28,0.0,,8,,20260825
AGCO,AGCO Corporation,Industrials,Farm & Heavy Construction Machinery,NYSE,110.94,806893,7769319936,3.8057,110.7,113.88,0.062,-5.0,-29.96,-23.99,-21.33,0.0,47.0,3,143.78,98.22,-22.84,0.0,,8,,20260825
REXR,"Rexford Industrial Realty, Inc.",Real Estate,REIT - Industrial,NYSE,37.62,2693339,8601263104,0.8065,35.81,36.45,2.2424,1.84,-8.04,-22.4,-11.32,0.0,82.5,3,44.38,32.14,-15.23,0.0,,8,,20260825
SFM,"Sprouts Farmers Market, Inc.",Consumer Defensive,Grocery Stores,NASDAQ,85.95,2024274,8014632960,3.5311,81.62,79.12,1.2272,-1.93,4.21,-61.25,-23.51,0.0,66.25,3,146.11,64.75,-41.17,0.0,,8,,20260825
ASGLF,AGC Inc.,Industrials,Conglomerates,PNK,38.35,0,8146355200,0.4192,17.35,-5.27,50.0916,-160.19,-185.06,-91.48,-141.41,0.0,62.0,3,38.35,30.0,-0.0,0.0,,8,,20260825
VIRT,"Virtu Financial, Inc.",Financial Services,Capital Markets,NYSE,65.2,1380887,5757203968,3.1983,60.23,46.24,1.5543,23.93,49.28,38.65,38.69,0.0,87.5,2,68.68,31.55,-5.07,0.0,,8,,20260825
ACKDF,Auckland International Airport Limited,Industrials,Airports & Air Services,PNK,5.23,1680,9349828608,0.0995,5.09,4.94,1.4117,6.53,-11.32,-11.35,-6.87,0.0,76.25,2,5.59,3.99,-6.44,0.0,,8,,20260825
CDNTF,"Canadian Tire Corporation, Limited",Consumer Cyclical,Specialty Retail,PNK,155.7,3,8709533696,0.3882,168.54,168.31,-33.0728,-18.71,-12.0,-39.62,-24.73,0.0,12.0,4,236.05,150.14,-34.04,0.0,,8,,20260825
CHOLF,China Oilfield Services Limited,Energy,Oil & Gas Equipment & Services,PNK,0.9,95,4183254784,0.0018,0.9,1.03,-0.7986,-20.84,-37.48,-23.63,-27.78,0.0,12.0,4,1.23,0.86,-26.83,0.0,,8,,20260825
MTLHF,Mitsubishi Chemical Group Corporation,Basic Materials,Specialty Chemicals,PNK,6.26,49,9510814720,0.0022,6.26,6.2,0.0,-0.7,-24.92,0.54,-8.68,0.0,50.0,3,7.25,5.16,-13.66,0.0,,8,,20260825
NXDCF,NEXTDC Limited,Technology,Information Technology Services,PNK,10.0,787,6691663872,0.1302,10.07,9.85,-0.5001,-8.98,-7.54,-8.08,-8.12,0.0,37.0,3,12.29,7.52,-18.63,0.0,,8,,20260825
SKPJF,SKY Perfect JSAT Corporation,Communication Services,Broadcasting,PNK,22.38,3,5905074176,0.0243,22.38,0.67,0.0,216.99,-252.32,-39.88,-50.02,0.0,75.0,3,28.0,7.0,-20.09,0.0,,8,,20260825
CHRD,Chord Energy Corporation,Energy,Oil & Gas E&P,NASDAQ,140.76,795792,7699272192,4.9338,128.92,116.56,2.3994,0.71,25.95,18.61,16.7,0.0,90.0,2,153.0,84.25,-8.0,0.0,,8,,20260825
HALO,"Halozyme Therapeutics, Inc.",Healthcare,Biotechnology,NASDAQ,109.32,2023004,12407601152,3.062,84.59,72.68,8.0759,56.78,43.35,32.21,42.25,0.0,87.5,2,109.55,61.23,-0.21,0.0,,8,,20260825
AUKNY,Auckland International Airport Limited,Industrials,Airports & Air Services,PNK,25.85,126,8975835136,0.0894,25.13,24.33,8.0989,2.64,-15.03,-4.57,-6.43,0.0,75.0,2,29.59,20.69,-12.64,0.0,,8,,20260825
STBFY,Suntory Beverage & Food Limited,Consumer Defensive,Beverages - Non-Alcoholic,PNK,14.4,86534,8899189760,0.2155,14.2,14.69,0.9247,5.64,-19.12,-27.76,-16.38,0.0,73.25,3,16.91,12.83,-14.87,0.0,,8,,20260825
SM,SM Energy Company,Energy,Oil & Gas E&P,NYSE,35.68,3837068,8486632960,1.4729,30.54,25.8,3.4864,10.7,49.3,13.04,25.14,0.0,91.25,2,38.25,17.45,-6.72,0.0,,8,,20260825
ALBHF,Alibaba Health Information Technology Limited,Healthcare,Pharmaceutical Retailers,PNK,0.44,303,9399467008,0.004,0.41,0.57,7.677,-8.34,-48.92,-55.5,-41.41,0.0,25.0,3,0.9,0.4,-51.11,0.0,,8,,20260825
KLYCY,Kunlun Energy Company Limited,Energy,Oil & Gas Refining & Marketing,PNK,9.27,6336,7888977408,0.2049,8.72,9.39,2.6778,-5.44,-19.46,-17.51,-15.17,0.0,42.0,3,11.76,7.77,-21.17,0.0,,8,,20260825
ELEEF,Element Fleet Management Corp.,Industrials,Rental & Leasing Services,PNK,19.94,97985,7802916352,0.3931,20.99,22.93,-2.6633,-3.52,-32.15,-43.82,-29.66,0.0,43.25,4,27.57,18.47,-27.68,0.0,,8,,20260825
NSANF,"Nissan Motor Co., Ltd.",Consumer Cyclical,Auto Manufacturers,PNK,2.25,9077,7866860544,0.1275,2.07,2.33,1.4254,-9.71,-43.42,-21.32,-26.15,0.0,39.5,3,3.28,1.8,-31.4,0.0,,8,,20260825
FKKFY,"Fukuoka Financial Group, Inc.",Financial Services,Banks - Regional,PNK,23.7,752,8957707264,1.0234,22.81,19.63,0.8653,11.56,-8.62,37.02,14.68,0.0,81.25,2,25.8,12.88,-8.14,0.0,,8,,20260825
CORZ,"Core Scientific, Inc.",Technology,Software - Infrastructure,NASDAQ,18.03,12788023,5793768448,1.5041,22.66,19.7,-3.0801,-33.93,-11.13,13.06,-7.15,0.0,17.0,4,30.46,13.13,-40.81,0.0,,8,,20260825
YOU,"Clear Secure, Inc.",Technology,Software - Application,NYSE,44.29,1526544,6014054400,2.4601,52.17,45.82,-3.2044,-31.08,21.69,3.94,1.4,0.0,19.5,4,69.07,29.43,-35.88,0.0,,8,,20260825
ACI,"Albertsons Companies, Inc.",Consumer Defensive,Grocery Stores,NYSE,12.38,8464938,6063457280,0.4412,13.06,15.77,-1.5453,-22.41,-43.99,-53.88,-42.55,0.0,12.5,4,20.0,10.86,-38.1,0.0,,8,,20260825
OSK,Oshkosh Corporation,Industrials,Farm & Heavy Construction Machinery,NYSE,155.23,752161,9678793728,5.1963,147.72,143.33,1.4445,18.08,-24.07,-9.07,-7.54,0.0,86.25,2,180.49,116.77,-14.0,0.0,,8,,20260825
ZWS,Zurn Elkay Water Solutions Corporation,Industrials,Pollution & Treatment Controls,NYSE,48.82,971061,8097485312,1.1932,49.33,48.07,-0.4249,-2.1,-15.11,-13.29,-11.13,0.0,69.5,3,55.0,43.06,-11.24,0.0,,8,,20260825
CWEN,"Clearway Energy, Inc.",Utilities,Utilities - Renewable,NYSE,32.49,1322904,8013203968,1.0037,33.84,35.88,-1.3482,-20.51,-26.03,-6.37,-16.79,0.0,34.0,4,41.74,27.67,-22.16,0.0,,8,,20260825
TAP,Molson Coors Beverage Company,Consumer Defensive,Beverages - Brewers,NYSE,42.01,3127855,7832929792,1.2759,40.94,43.68,0.8386,0.81,-25.93,-37.04,-23.69,0.0,73.25,3,54.82,38.04,-23.37,0.0,,8,,20260825
DUFRY,Avolta AG,Consumer Cyclical,Specialty Retail,PNK,5.8,46052,8207503872,0.1148,6.15,5.89,-3.0873,-4.99,-22.27,-15.69,-15.32,0.0,43.25,3,6.81,5.12,-14.83,0.0,,8,,20260825
SHBBF,Syensqo SA/NV,Basic Materials,Chemicals,PNK,93.81,470,9981503488,1.0176,83.1,76.0,10.5229,16.99,-9.69,-18.1,-6.38,0.0,77.5,2,98.2,48.08,-4.48,0.0,,8,,20260825
SBSW,Sibanye Stillwater Limited,Basic Materials,Other Precious Metals & Mining,NYSE,12.53,5323544,9063829504,0.4787,9.51,12.46,6.3189,0.74,-31.79,34.78,2.97,0.0,62.5,3,21.29,7.1,-41.15,0.0,,8,,20260825
SSDOF,"Shiseido Company, Limited",Consumer Defensive,Household & Personal Products,PNK,22.5,176,8991418368,0.1575,18.56,18.54,25.0088,9.84,5.32,10.43,8.5,0.0,75.0,2,22.5,15.05,0.0,0.0,,8,,20260825
BLDR,"Builders FirstSource, Inc.",Industrials,Building Products & Equipment,NYSE,69.36,2367715,7462890496,3.4433,75.46,91.72,-1.7708,-9.09,-48.78,-71.99,-48.14,0.0,11.25,4,151.03,65.1,-54.08,0.0,,8,,20260825
AMG,"Affiliated Managers Group, Inc.",Financial Services,Asset Management,NYSE,365.28,307338,9446116352,11.5069,359.66,310.24,0.4887,16.05,8.88,42.41,24.08,0.0,87.5,2,392.92,223.44,-7.03,0.0,,8,,20260825
CMC,Commercial Metals Company,Industrials,Metal Fabrication,NYSE,66.85,1285901,7395236864,2.6953,68.61,69.08,-0.6548,-11.34,-21.29,-5.2,-12.37,0.0,32.75,4,84.87,53.08,-21.23,0.0,,8,,20260825
SOBO,South Bow Corporation,Energy,Oil & Gas Midstream,NYSE,36.82,790101,7680215040,0.9049,36.6,32.0,0.245,-2.97,7.18,17.69,8.85,0.0,73.25,2,38.94,25.02,-5.44,0.0,,8,,20260825
NSANY,"Nissan Motor Co., Ltd.",Consumer Cyclical,Auto Manufacturers,PNK,4.09,230831,7150102528,0.119,4.09,4.62,-0.0286,-17.1,-38.99,-35.15,-31.98,0.0,22.0,4,6.06,3.72,-32.51,0.0,,8,,20260825
ALBBY,Alibaba Health Information Technology Limited,Healthcare,Pharmaceutical Retailers,PNK,8.04,479,7157571072,0.2327,8.29,11.6,-1.0912,-11.67,-50.39,-51.94,-41.33,0.0,13.25,4,19.45,7.83,-58.66,0.0,,8,,20260825
BOKF,BOK Financial Corporation,Financial Services,Banks - Regional,NASDAQ,138.62,258466,8422550016,2.2577,139.6,128.35,-0.4362,2.83,-3.76,8.03,2.6,0.0,72.0,3,146.84,102.72,-5.6,0.0,,8,,20260825
NXPRF,Nexans S.A.,Industrials,Electrical Equipment & Parts,PNK,165.0,87,7648982528,1.3896,160.79,153.62,3.0296,-10.02,-9.52,-17.51,-12.84,0.0,50.0,2,201.32,136.79,-18.04,0.0,,8,,20260825
FLY,Firefly Aerospace Inc.,Industrials,Aerospace & Defense,NASDAQ,22.26,5747461,3726427392,1.9611,24.55,27.47,-1.1673,-64.45,-4.49,-71.73,-46.37,0.0,12.5,4,62.17,16.0,-64.19,0.0,,8,,20260825
MYTKY,Magyar Telekom Távközlési Nyilvánosan Müködö Részvénytársaság,Communication Services,Telecom Services,PNK,8.06,9220,7183604736,0.2182,8.56,12.19,-2.2755,-8.72,25.95,-91.9,-29.86,0.0,8.75,4,29.53,5.22,-72.71,0.0,,8,,20260825
AOS,A. O. Smith Corporation,Industrials,Specialty Industrial Machinery,NYSE,62.15,1702265,8446717952,1.7095,60.91,64.72,0.7237,4.89,-30.57,-33.69,-22.95,0.0,72.0,3,81.87,54.16,-24.09,0.0,,8,,20260825
ESALF,"Eisai Co., Ltd.",Healthcare,Drug Manufacturers - Specialty & Generic,PNK,29.9,66,8438856192,0.2867,26.7,28.47,11.1501,4.13,-20.34,-25.49,-16.28,0.0,75.0,3,35.83,23.88,-16.55,0.0,,8,,20260825
PTBRY,PT Bank Negara Indonesia (Persero) Tbk,Financial Services,Banks - Regional,PNK,10.65,5249,7816085504,0.4559,9.8,11.31,1.8485,-5.86,-30.38,-30.74,-24.4,0.0,40.75,3,15.49,8.38,-31.27,0.0,,8,,20260825
TKAMY,thyssenkrupp AG,Industrials,Conglomerates,PNK,15.8,21539,9974265856,0.4825,13.67,12.15,4.4084,23.54,8.13,34.67,22.6,0.0,90.0,2,17.02,8.16,-7.17,0.0,,8,,20260825
JINFF,China Gold International Resources Corp. Ltd.,Basic Materials,Other Precious Metals & Mining,PNK,32.43,7826,12855698432,1.2817,21.73,21.42,8.3514,54.36,14.68,175.81,89.05,0.0,83.75,2,33.77,12.56,-3.97,0.0,,8,,20260825
HCXLF,Hiscox Ltd,Financial Services,Insurance - Property & Casualty,PNK,24.5,142,7790376960,0.0708,24.46,20.78,0.6247,-2.86,8.04,22.66,11.16,0.0,50.0,2,25.26,17.0,-3.01,0.0,,8,,20260825
IDA,"IDACORP, Inc.",Utilities,Utilities - Regulated Electric,NYSE,137.66,554714,7962535936,2.8226,144.99,137.53,-2.5986,-5.21,-14.76,-9.72,-10.36,0.0,60.0,3,154.91,122.3,-11.14,0.0,,8,,20260825
EMLAF,Empire Company Limited,Consumer Defensive,Grocery Stores,PNK,34.5,39020,7746675712,0.3116,35.3,34.9,-2.5757,-3.31,-16.5,-34.41,-20.36,0.0,52.75,3,39.03,32.56,-11.61,0.0,,8,,20260825
WILYY,Demant A/S,Healthcare,Medical Devices,PNK,23.0,153,9300628480,0.1145,20.88,17.41,18.533,24.77,53.71,-0.34,24.85,0.0,77.5,2,23.0,13.45,0.0,0.0,,8,,20260825
WJRYF,West Japan Railway Company,Industrials,Railroads,PNK,17.6,453,9124429824,0.189,17.85,19.33,-1.3153,-0.6,-28.87,-50.2,-30.33,0.0,49.0,4,25.03,15.46,-29.68,0.0,,8,,20260825
FBBPF,FIBRA Prologis,Real Estate,REIT - Industrial,PNK,4.45,4573,7273371136,0.1285,4.44,4.49,0.0752,-8.05,-21.7,-3.42,-10.98,0.0,44.5,3,5.18,3.59,-14.06,0.0,,8,,20260825
WFRD,Weatherford International plc,Energy,Oil & Gas Equipment & Services,NASDAQ,88.2,1247653,6322655744,3.2732,86.97,91.0,0.375,-21.01,-29.01,26.73,-4.72,0.0,48.25,3,113.15,60.23,-22.05,0.0,,8,,20260825
HCXLY,Hiscox Ltd,Financial Services,Insurance - Property & Casualty,PNK,51.19,1439,8138558464,1.553,49.64,51.19,0.996,0.39,5.58,18.72,9.54,0.0,80.0,3,53.5,36.78,-4.32,0.0,,8,,20260825
ASXFF,ASX Limited,Financial Services,Financial Data & Stock Exchanges,PNK,40.58,525,7034755072,0.5918,38.5,37.13,3.5178,-1.21,-5.55,-24.11,-11.88,0.0,75.0,2,44.2,30.9,-8.19,0.0,,8,,20260825
DVCMY,Davide Campari-Milano N.V.,Consumer Defensive,Beverages - Wineries & Distilleries,PNK,6.87,148165,8239619072,0.1851,6.49,6.74,2.0562,5.21,-23.83,-31.25,-19.54,0.0,86.25,3,8.0,6.0,-14.13,0.0,,8,,20260825
YOKEY,Yokogawa Electric Corporation,Industrials,Specialty Industrial Machinery,PNK,70.85,44,8024019968,0.2766,69.48,67.96,4.9378,1.11,-9.94,6.78,-0.49,0.0,76.25,2,79.89,53.36,-11.32,0.0,,8,,20260825
SDXAY,Sodexo S.A.,Industrials,Specialty Business Services,PNK,13.26,97376,9675525120,0.1863,12.46,10.99,4.2999,21.97,5.64,-15.35,1.33,0.0,87.5,2,13.29,9.08,-0.23,0.0,,8,,20260825
BIO,"Bio-Rad Laboratories, Inc.",Healthcare,Medical Devices,NYSE,390.34,329017,10446121984,11.4887,319.81,298.99,6.1393,29.17,33.25,8.47,22.32,0.0,87.5,2,390.8,236.73,-0.12,0.0,,8,,20260825
CRL,"Charles River Laboratories International, Inc.",Healthcare,Diagnostics & Research,NYSE,297.64,902455,14208998400,10.2482,238.55,195.28,5.7656,87.6,67.21,63.91,70.99,0.0,88.75,2,300.59,144.26,-0.98,0.0,,8,,20260825
WJRYY,West Japan Railway Company,Industrials,Railroads,PNK,18.75,80657,8532821504,0.6354,17.8,19.03,1.4987,11.54,-24.85,-36.89,-20.57,0.0,70.75,3,23.85,15.08,-21.38,0.0,,8,,20260825
CELH,"Celsius Holdings, Inc.",Consumer Defensive,Beverages - Non-Alcoholic,NCM,35.34,10342866,8942258176,1.7288,29.74,38.19,3.2391,16.81,-42.34,-62.56,-35.64,0.0,78.25,3,66.74,23.56,-47.05,0.0,,8,,20260825
NFG,National Fuel Gas Company,Energy,Oil & Gas Integrated,NYSE,82.14,678449,7807004160,1.5199,80.14,82.73,1.3172,1.31,-17.02,-23.43,-15.0,0.0,77.0,3,97.06,75.17,-15.37,0.0,,8,,20260825
CAMT,Camtek Ltd.,Technology,Semiconductor Equipment & Materials,NASDAQ,146.66,515303,6844355072,10.5121,155.01,150.77,-0.7945,-18.37,-22.47,57.74,10.64,0.0,23.25,4,215.99,75.75,-32.1,0.0,,8,,20260825
KEX,Kirby Corporation,Industrials,Marine Shipping,NYSE,137.64,577580,7267392000,3.5507,138.77,131.01,-0.3176,-6.95,-6.39,16.99,2.82,0.0,47.0,3,157.69,79.52,-12.71,0.0,,8,,20260825
PDI,PIMCO Dynamic Income Fund,Financial Services,Asset Management,NYSE,15.46,3049477,7135785984,0.1954,15.89,16.23,-2.2103,-5.66,-21.61,-27.13,-19.83,0.0,34.0,4,20.17,14.88,-23.35,0.0,,8,,20260825
TBVPF,Thai Beverage Public Company Limited,Consumer Defensive,Beverages - Wineries & Distilleries,PNK,0.4,1315,8117790208,0.0047,0.35,0.34,11.4264,28.49,-5.81,-3.81,3.57,0.0,75.0,2,0.4,0.3,0.0,0.0,,8,,20260825
ESE,ESCO Technologies Inc.,Technology,Scientific & Technical Instruments,NYSE,276.82,242388,7171732992,11.3501,321.34,274.73,-3.9222,-11.55,-15.03,21.93,0.62,0.0,61.25,3,362.15,192.05,-23.56,0.0,,8,,20260825
UGI,UGI Corporation,Utilities,Utilities - Regulated Gas,NYSE,38.35,1800069,8225881600,1.0021,35.83,36.05,2.513,5.8,-7.43,-6.81,-3.87,0.0,87.5,3,41.34,31.62,-7.23,0.0,,8,,20260825
CBSH,"Commerce Bancshares, Inc.",Financial Services,Banks - Regional,NASDAQ,58.23,1192057,8352055296,0.9793,58.38,53.15,-0.1485,9.39,0.72,-20.79,-5.72,0.0,74.5,3,60.92,46.99,-4.42,0.0,,8,,20260825
SSD,"Simpson Manufacturing Co., Inc.",Basic Materials,Lumber & Wood Production,NYSE,186.58,305119,7646921728,5.0409,194.14,182.85,-1.5001,-3.73,-17.4,-24.69,-16.9,0.0,73.25,3,213.49,156.32,-12.6,0.0,,8,,20260825
BIRK,Birkenstock Holding plc,Consumer Cyclical,Footwear & Accessories,NYSE,35.29,2372384,5827303936,1.9462,41.66,40.38,-3.2717,-21.25,-20.12,-53.92,-33.92,0.0,6.25,4,53.31,31.12,-33.8,0.0,,8,,20260825
BZQIY,Bezeq The Israel Telecommunication Corp. Ltd,Communication Services,Telecom Services,PNK,13.25,103,7297654784,0.1583,11.88,12.12,8.6652,-8.68,-7.65,23.42,4.52,0.0,50.0,3,14.1,8.4,-6.03,0.0,,8,,20260825
RIG,Transocean Ltd.,Energy,Oil & Gas Drilling,NYSE,5.75,38514593,6422060544,0.2224,5.35,5.49,1.811,-13.57,-24.1,69.14,15.83,0.0,62.5,3,7.66,2.93,-24.93,0.0,,8,,20260825
GNZUF,"Guangzhou Automobile Group Co., Ltd.",Consumer Cyclical,Auto Manufacturers,PNK,0.29,1547,2946951936,0.0029,0.27,0.39,5.6046,-22.03,-53.04,-59.8,-47.99,0.0,25.0,3,0.56,0.24,-48.39,0.0,,8,,20260825
SKPJY,SKY Perfect JSAT Corporation,Communication Services,Broadcasting,PNK,27.55,8,4718673408,0.1367,32.99,24.7,-39.7927,-49.2,270.7,275.07,192.48,0.0,25.0,3,54.67,7.25,-49.6,0.0,,8,,20260825
OMRNF,OMRON Corporation,Technology,Electronic Components,PNK,31.68,23,6685399552,0.1008,35.17,4.67,-34.6207,-20.48,-237.76,24.49,-78.54,0.0,25.0,3,38.55,26.5,-17.82,0.0,,8,,20260825
ECG,"Everus Construction Group, Inc.",Industrials,Engineering & Construction,NYSE,118.07,613144,6029107200,7.8153,138.74,120.17,-2.6448,-24.31,1.28,35.13,8.42,0.0,20.75,4,171.58,73.0,-31.19,0.0,,8,,20260825
BYDIF,BYD Electronic (International) Company Limited,Technology,Electronic Components,PNK,3.0,19080,6738325504,0.2301,2.96,3.77,0.173,-18.51,-44.45,-56.71,-42.87,0.0,33.75,3,5.79,2.41,-48.19,0.0,,8,,20260825
TOPPY,TOPPAN Holdings Inc.,Industrials,Conglomerates,PNK,16.7,2671,9020584960,0.4917,15.41,15.16,2.6331,20.59,-1.88,8.5,7.89,0.0,78.75,2,18.11,10.77,-7.79,0.0,,8,,20260825
YAMHF,"Yamaha Motor Co., Ltd.",Consumer Cyclical,Auto Manufacturers,PNK,12.0,866,11629345792,0.3047,8.78,7.57,10.5739,51.37,49.71,50.04,50.26,0.0,81.25,2,12.0,6.6,0.0,0.0,,8,,20260825
BPHLY,Bank of the Philippine Islands,Financial Services,Banks - Regional,PNK,36.45,1950,9652621312,1.5679,33.38,34.85,1.9592,21.52,-20.86,-26.05,-12.34,0.0,76.25,3,44.49,27.0,-18.07,0.0,,8,,20260825
BYDIY,BYD Electronic (International) Company Limited,Technology,Electronic Components,PNK,144.73,593,7433720320,22.386,151.36,187.17,-0.2962,-13.05,-42.77,-57.91,-41.4,0.0,32.0,4,289.23,125.41,-49.96,0.0,,8,,20260825
IBRX,"ImmunityBio, Inc.",Healthcare,Biotechnology,NASDAQ,8.19,11003234,8680058880,0.4254,7.76,6.36,1.0197,1.11,-41.11,234.54,79.7,0.0,87.5,2,12.43,1.95,-34.11,0.0,,8,,20260825
TECH,Bio-Techne Corporation,Healthcare,Biotechnology,NASDAQ,72.33,4820669,11269784576,0.4073,69.53,60.3,6.8816,48.64,13.92,7.41,20.0,0.0,83.75,2,72.62,43.2,-0.4,0.0,,8,,20260825
KYKOF,"Kyowa Kirin Co., Ltd.",Healthcare,Drug Manufacturers - Specialty & Generic,PNK,14.43,0,7434928128,0.0005,14.43,14.76,0.0,-2.66,-27.05,-37.25,-25.03,0.0,49.0,3,18.0,12.42,-19.86,0.0,,8,,20260825
THNPY,Technip Energies N.V.,Energy,Oil & Gas Equipment & Services,PNK,34.93,8660,6050072064,0.719,37.45,39.15,-3.5027,-21.96,-25.13,-45.43,-32.46,0.0,7.5,4,49.18,33.61,-28.98,0.0,,8,,20260825
VLY,Valley National Bancorp,Financial Services,Banks - Regional,NASDAQ,14.1,6631138,7791734272,0.3005,14.56,12.89,-1.538,1.32,-0.6,21.82,8.85,0.0,70.75,3,15.2,9.64,-7.24,0.0,,8,,20260825
VLYPO,Valley National Bancorp,Financial Services,Banks - Regional,NASDAQ,25.01,7452,8292272177,0.1764,24.84,24.37,0.9745,-0.77,-8.0,-12.61,-8.03,0.0,85.0,2,25.74,24.1,-2.82,0.0,,8,,20260825
VLYPP,Valley National Bancorp,Financial Services,Banks - Regional,NASDAQ,25.17,5722,8343653665,0.0684,24.94,24.49,3.3219,-0.43,-9.07,-13.12,-8.53,0.0,90.0,2,26.11,24.42,-3.6,0.0,,8,,20260825
VLYPN,Valley National Bancorp,Financial Services,Banks - Regional,NASDAQ,25.95,13077,0,0.1429,25.68,25.21,1.8586,-0.31,-8.6,-11.27,-7.6,0.0,83.75,2,26.61,25.19,-2.5,0.0,,8,,20260825
KNCRY,Konecranes Plc,Industrials,Farm & Heavy Construction Machinery,PNK,8.0,163,7604569600,0.0355,7.67,8.15,9.3358,-4.74,-25.27,-1.89,-10.79,0.0,38.25,3,10.21,3.13,-21.63,0.0,,8,,20260825
TYEKF,thyssenkrupp AG,Industrials,Conglomerates,PNK,15.3,871,10185469952,0.2238,13.5,11.77,8.0626,24.32,8.95,25.09,19.25,0.0,76.25,2,16.1,8.0,-4.97,0.0,,8,,20260825
NCLH,Norwegian Cruise Line Holdings Ltd.,Consumer Cyclical,Travel Services,NYSE,17.26,17035382,7925582336,0.7599,19.45,19.95,-2.8788,-1.37,-39.98,-51.1,-34.78,0.0,32.5,4,27.18,14.53,-36.5,0.0,,8,,20260825
BCHMY,Bachem Holding AG,Healthcare,Biotechnology,PNK,9.26,5984,6976499200,0.4155,9.19,8.4,0.1478,-11.47,1.73,-7.25,-5.17,0.0,63.75,2,12.54,5.97,-26.2,0.0,,8,,20260825
VBREY,Vibra Energia S.A.,Consumer Cyclical,Specialty Retail,PNK,13.29,39790,7948835328,0.456,12.92,11.58,0.8157,0.81,0.19,69.5,28.07,0.0,90.0,2,14.54,7.55,-8.6,0.0,,8,,20260825
VCX,"Fundrise Growth Tech Fund, LLC",Financial Services,Asset Management,NYSE,44.44,419076,0,5.8306,58.29,44.44,-2.3749,-84.67,-58.35,-58.35,-64.93,0.0,36.25,3,575.0,28.71,-92.27,0.0,,8,,20260825
VOYA,"Voya Financial, Inc.",Financial Services,Financial Conglomerates,NYSE,100.56,1084366,9110369280,2.1962,97.03,79.82,1.6061,19.72,34.0,14.91,22.8,0.0,88.75,2,103.85,64.5,-3.17,0.0,,8,,20260825
SPXSF,Spirax Group plc,Industrials,Specialty Industrial Machinery,PNK,94.45,20,6440947712,0.5995,92.83,92.7,2.6984,-9.39,-21.52,-23.24,-19.17,0.0,75.0,2,108.0,87.0,-12.55,0.0,,8,,20260825
NOV,NOV Inc.,Energy,Oil & Gas Equipment & Services,NYSE,19.94,3761155,7108173824,0.6712,19.59,18.57,0.5215,-7.06,-14.04,35.89,7.68,0.0,61.25,2,21.67,12.29,-7.98,0.0,,8,,20260825
KNCRF,Konecranes Plc,Industrials,Farm & Heavy Construction Machinery,PNK,30.29,50,7606945792,0.0304,30.98,63.98,-22.6727,-6.22,-84.95,-86.95,-66.07,0.0,12.0,4,113.4,30.29,-73.29,0.0,,8,,20260825
JXN,Jackson Financial Inc.,Financial Services,Insurance - Life,NYSE,131.63,638711,8915134464,3.6655,120.36,109.73,3.075,22.72,10.39,18.21,16.6,0.0,85.0,2,137.99,89.67,-4.61,0.0,,8,,20260825
GGAL,Grupo Financiero Galicia S.A.,Financial Services,Banks - Regional,NCM,44.2,1144953,7489842176,1.9962,48.97,47.77,-2.3903,-5.82,-19.18,-17.67,-15.24,0.0,22.0,4,62.52,25.89,-29.3,0.0,,8,,20260825
FIGR,"Figure Technology Solutions, Inc.",Financial Services,Capital Markets,NASDAQ,41.14,3955773,9230905344,2.4496,30.47,36.96,4.3568,14.5,26.26,14.48,18.61,0.0,63.75,3,78.0,24.11,-47.26,0.0,,8,,20260825
CAE,CAE Inc.,Industrials,Aerospace & Defense,NASDAQ,25.02,707339,8052664320,0.8268,25.63,27.61,-0.7347,2.87,-26.04,-28.62,-19.85,0.0,57.75,4,34.24,22.76,-26.93,0.0,,8,,20260825
SCABY,Svenska Cellulosa Aktiebolaget SCA (publ),Basic Materials,Paper & Paper Products,PNK,12.02,2536,7255197696,0.2349,10.97,11.84,4.4632,-2.49,-16.82,-30.05,-18.53,0.0,75.0,3,14.35,9.45,-16.24,0.0,,8,,20260825
KGS,"Kodiak Gas Services, Inc.",Energy,Oil & Gas Equipment & Services,NYSE,58.93,1805874,5958060544,2.9896,64.42,54.17,-1.8376,-21.69,4.91,50.88,16.65,0.0,36.25,3,77.68,32.55,-24.14,0.0,,8,,20260825
ATR,"AptarGroup, Inc.",Healthcare,Medical Instruments & Supplies,NYSE,134.72,472188,8565649408,2.8352,129.36,125.15,1.8898,13.86,-17.86,-23.31,-12.11,0.0,82.5,2,146.91,103.23,-8.3,0.0,,8,,20260825
HQY,"HealthEquity, Inc.",Healthcare,Health Information Services,NASDAQ,105.39,876715,8834472960,2.6814,97.25,89.42,3.0338,18.48,26.84,-2.67,12.95,0.0,88.75,2,107.62,72.76,-2.08,0.0,,8,,20260825
SVCBF,Svenska Cellulosa Aktiebolaget SCA (publ),Basic Materials,Paper & Paper Products,PNK,11.17,500,7290314752,0.0228,10.67,11.98,22.072,3.73,-29.12,-35.54,-23.47,0.0,62.0,3,13.54,9.97,-17.53,0.0,,8,,20260825
SLOIY,Soitec SA,Technology,Semiconductor Equipment & Materials,PNK,63.31,5266,4525874176,3.6471,64.29,43.77,-0.2696,-38.43,239.7,109.38,118.04,0.0,45.75,3,114.37,13.13,-44.64,0.0,,8,,20260825
AXS,AXIS Capital Holdings Limited,Financial Services,Insurance - Specialty,NYSE,99.41,717284,7328826880,2.457,107.01,102.42,-3.093,-1.46,-15.0,-18.93,-13.19,0.0,47.0,3,119.99,88.07,-17.15,0.0,,8,,20260825
ESAIY,"Eisai Co., Ltd.",Healthcare,Drug Manufacturers - Specialty & Generic,PNK,7.58,210485,8557395456,0.183,6.89,7.24,3.7631,13.96,-19.81,-23.9,-13.01,0.0,90.0,3,9.22,5.69,-17.79,0.0,,8,,20260825
YMHAY,"Yamaha Motor Co., Ltd.",Consumer Cyclical,Auto Manufacturers,PNK,24.76,9844,12255467520,0.8487,18.1,15.62,7.8441,57.97,43.49,49.01,49.32,0.0,85.0,2,25.39,13.05,-2.48,0.0,,8,,20260825
STHRF,Strathcona Resources Ltd.,Energy,Oil & Gas E&P,PNK,30.72,49696,6599294464,0.9557,29.03,27.34,1.7683,-7.5,36.51,-9.12,7.26,0.0,58.75,2,40.52,18.23,-24.19,0.0,,8,,20260825
CIG,Companhia Energética de Minas Gerais - CEMIG,Utilities,Utilities - Regulated Electric,NYSE,2.02,6118712,5778577408,0.0591,2.07,2.11,-0.9105,-8.11,-20.67,-11.58,-13.9,0.0,29.0,4,2.76,1.87,-26.81,0.0,,8,,20260825
BILI,Bilibili Inc.,Communication Services,Internet Content & Information,NASDAQ,16.57,2474380,6934640128,0.5517,17.64,23.43,-1.9448,-9.11,-56.19,-50.9,-42.31,0.0,13.75,4,36.4,15.79,-54.48,0.0,,8,,20260825
SLOIF,Soitec SA,Technology,Semiconductor Equipment & Materials,PNK,127.0,7014,4539456512,9.7996,127.94,89.11,-0.0961,-36.5,163.35,181.02,120.45,0.0,44.5,3,226.22,24.57,-43.86,0.0,,8,,20260825
LOTMY,Lottomatica Group S.p.A.,Consumer Cyclical,Gambling,PNK,29.41,14223,6845805568,0.6334,28.46,27.22,1.5026,-1.95,12.43,-12.13,-0.99,0.0,57.5,2,33.1,21.65,-11.15,0.0,,8,,20260825
EGIEY,Engie Brasil Energia S.A.,Utilities,Utilities - Renewable,OID,5.67,58560,8030883840,0.3097,6.03,6.19,-1.1648,-13.43,-24.55,-11.62,-16.6,0.0,20.75,4,9.5,5.05,-40.32,0.0,,8,,20260825
VLVCY,Volvo Car AB (publ.),Consumer Cyclical,Auto Manufacturers,PNK,3.98,267,6014583296,0.0799,4.18,5.43,-2.4899,-22.7,-38.86,-24.1,-28.92,0.0,13.25,4,7.66,3.73,-48.04,0.0,,8,,20260825
OPHLY,"Ono Pharmaceutical Co., Ltd.",Healthcare,Drug Manufacturers - General,PNK,5.09,40688,7176202240,0.0919,4.91,4.89,1.9154,-4.01,-21.42,15.74,-2.2,0.0,85.0,2,5.75,3.55,-11.48,0.0,,8,,20260825
DPMLF,DPM Metals Inc.,Basic Materials,Gold,PNK,50.38,66787,11051793408,1.8295,37.76,34.57,6.8992,44.29,11.37,151.73,75.74,0.0,88.75,2,52.37,17.92,-3.8,0.0,,8,,20260825
UMICY,Umicore SA,Industrials,Waste Management,PNK,6.77,39333,6517272576,0.1949,6.18,5.54,3.0238,-14.15,23.8,53.95,26.37,0.0,61.25,2,7.68,3.72,-11.85,0.0,,8,,20260825
VLVOF,Volvo Car AB (publ.),Consumer Cyclical,Auto Manufacturers,PNK,2.01,831,6077566464,0.0123,2.04,2.68,-2.1265,-20.61,-40.17,-29.68,-31.09,0.0,13.25,4,3.7,1.87,-45.68,0.0,,8,,20260825
CPXWF,Capital Power Corporation,Utilities,Utilities - Independent Power Producers,PNK,46.93,42585,7359197696,0.6004,50.06,46.46,-5.2089,-1.12,-8.39,-9.33,-6.95,0.0,31.25,3,53.84,39.08,-12.83,0.0,,8,,20260825
STAG,"STAG Industrial, Inc.",Real Estate,REIT - Industrial,NYSE,37.1,1569185,7301377024,0.6304,38.54,37.68,-2.2915,-5.03,-14.35,-15.2,-12.36,0.0,31.5,4,42.61,34.4,-12.93,0.0,,8,,20260825
CSCCF,Capstone Copper Corp.,Basic Materials,Copper,PNK,12.05,343212,9205588992,0.5151,9.94,9.56,4.0946,12.24,4.86,52.26,25.66,0.0,88.75,2,13.32,6.59,-9.53,0.0,,8,,20260825
FPRUY,Fraport AG,Industrials,Airports & Air Services,PNK,39.7,17,7120090112,0.1767,40.25,40.97,-3.124,-0.34,-14.06,-30.99,-17.4,0.0,49.0,4,45.66,38.5,-13.05,0.0,,8,,20260825
DVDCF,Davide Campari-Milano N.V.,Consumer Defensive,Beverages - Wineries & Distilleries,PNK,6.93,2765,7999746560,0.055,6.49,6.78,7.9872,11.51,-23.42,-32.41,-18.28,0.0,76.25,3,7.92,6.07,-12.5,0.0,,8,,20260825
SUMCF,Sumco Corporation,Technology,Semiconductor Equipment & Materials,PNK,22.06,11238,8043843584,2.7175,25.0,15.69,-1.0822,3.88,97.55,136.6,89.75,0.0,40.0,3,36.43,7.09,-39.45,0.0,,8,,20260825
WILLF,Demant A/S,Healthcare,Medical Devices,PNK,44.64,233,9490437120,0.2935,41.43,35.19,10.9262,23.27,46.5,-9.13,18.44,0.0,77.5,2,45.0,28.08,-0.8,0.0,,8,,20260825
CDP,COPT Defense Properties,Real Estate,REIT - Office,NYSE,37.55,974109,4349959168,0.6172,36.64,31.96,1.4754,14.72,6.59,15.11,12.03,0.0,86.25,2,38.9,27.06,-3.47,0.0,,8,,20260825
SWQGF,Swissquote Group Holding SA,Financial Services,Capital Markets,PNK,49.01,0,7345472000,0.0013,49.01,53.57,0.0,-2.66,-19.28,-43.58,-24.84,0.0,49.0,3,490.08,49.01,-90.0,0.0,,8,,20260825
PLLIF,Pirelli & C. S.p.A.,Consumer Cyclical,Auto Parts,PNK,7.7,159,8429532672,0.062,7.56,7.02,2.2831,17.41,-9.23,-4.71,-0.76,0.0,76.25,2,8.22,6.03,-6.33,0.0,,8,,20260825
QGEN,Qiagen N.V.,Healthcare,Diagnostics & Research,NYSE,43.65,2932811,9013507072,1.3538,40.81,42.43,2.0981,21.62,-21.21,-31.46,-14.6,0.0,86.25,3,57.82,32.53,-24.51,0.0,,8,,20260825
HTCMF,"Hitachi Construction Machinery Co., Ltd.",Industrials,Farm & Heavy Construction Machinery,PNK,33.85,27,7552131072,0.026,33.29,-14.08,21.4311,-0.59,-163.11,-87.9,-92.4,0.0,75.0,2,35.5,24.97,-4.66,0.0,,8,,20260825
THNPF,Technip Energies N.V.,Energy,Oil & Gas Equipment & Services,PNK,34.2,69,5923632128,0.1217,37.76,39.27,-29.2728,-19.15,-27.21,-47.35,-33.25,0.0,0.0,4,49.0,34.18,-30.2,0.0,,8,,20260825
RGEDF,Gedeon Richter PLC,Healthcare,Drug Manufacturers - Specialty & Generic,PNK,43.31,1026,5654107136,1.997,39.3,-342.28,2.0082,-110.11,-121.99,-132.31,-123.15,0.0,68.25,3,45.28,27.17,-4.35,0.0,,8,,20260825
IFSUF,Infrastrutture Wireless Italiane S.p.A.,Real Estate,Real Estate Services,PNK,7.05,272,6623211008,0.0568,7.34,8.1,-5.159,-14.54,-42.63,-59.08,-42.19,0.0,12.0,4,12.51,6.82,-43.65,0.0,,8,,20260825
VIST,"Vista Energy, S.A.B. de C.V.",Energy,Oil & Gas E&P,NYSE,68.39,902338,7565124608,2.9926,66.41,61.85,0.6603,-10.27,6.92,49.57,19.68,0.0,65.0,2,81.44,31.63,-16.02,0.0,,8,,20260825
TYOYY,"Taiyo Yuden Co., Ltd.",Technology,Electronic Components,PNK,14.5,45874,7258520576,1.3966,20.85,11.72,-4.5447,-23.12,70.66,167.48,85.94,0.0,35.0,3,35.44,4.96,-59.09,0.0,,8,,20260825
TTEK,"Tetra Tech, Inc.",Industrials,Engineering & Construction,NASDAQ,36.79,3346471,9419875328,1.0129,32.13,32.72,4.5976,30.64,0.4,-19.26,0.09,0.0,93.75,3,43.14,25.81,-14.72,0.0,,8,,20260825
SLAB,Silicon Laboratories Inc.,Technology,Semiconductors,NASDAQ,218.37,387457,7286299136,1.0961,218.26,190.3,0.1005,-2.61,-5.16,30.47,9.73,0.0,77.0,2,220.9,115.51,-1.15,0.0,,8,,20260825
DNPLY,"Dai Nippon Printing Co., Ltd.",Industrials,Conglomerates,PNK,10.17,9880,9012752384,0.422,9.43,9.15,1.764,19.88,-11.48,1.22,1.44,0.0,88.75,2,10.66,7.66,-4.6,0.0,,8,,20260825
LGFRY,Longfor Group Holdings Limited,Real Estate,Real Estate - Development,PNK,8.55,78258,5867374080,0.3113,8.4,10.76,0.4689,-20.54,-43.39,-58.0,-43.52,0.0,40.0,3,15.49,7.54,-44.8,0.0,,8,,20260825
MOS,The Mosaic Company,Basic Materials,Agricultural Inputs,NYSE,24.27,8802976,7715327488,1.0231,22.29,24.27,1.9379,4.99,-25.24,-42.83,-24.72,0.0,86.25,3,36.99,19.8,-34.39,0.0,,8,,20260825
KNSL,"Kinsale Capital Group, Inc.",Financial Services,Insurance - Property & Casualty,NYSE,387.95,305765,8836889600,11.6314,349.11,358.28,3.3389,22.13,-9.98,-34.61,-11.81,0.0,93.75,3,485.0,287.2,-20.01,0.0,,8,,20260825
VSOGF,"Vista Energy, S.A.B. de C.V.",Energy,Oil & Gas E&P,PNK,70.0,4,7743218688,0.2718,74.5,63.71,-16.554,-9.32,4.48,37.81,14.36,0.0,25.0,3,77.66,33.05,-9.86,0.0,,8,,20260825
LTH,"Life Time Group Holdings, Inc.",Consumer Cyclical,Leisure,NYSE,44.55,2863955,9955229696,1.339,42.18,31.7,1.7722,31.8,47.94,33.19,38.01,0.0,83.75,2,47.23,24.14,-5.68,0.0,,8,,20260825
SHTDF,Sinopharm Group Co. Ltd.,Healthcare,Medical Distribution,PNK,2.13,12,7177508352,0.0008,2.16,2.41,-36.6141,-9.64,-33.59,-28.45,-25.54,0.0,12.0,4,2.7,2.13,-21.11,0.0,,8,,20260825
PMOIF,Harbour Energy plc,Energy,Oil & Gas E&P,PNK,3.59,6346,5621215232,0.0637,3.19,3.28,6.261,-11.07,14.01,-3.89,0.58,0.0,52.5,3,4.34,2.5,-17.28,0.0,,8,,20260825
GMINF,G Mining Ventures Corp.,Basic Materials,Gold,OQX,40.57,103306,12019043328,1.965,31.34,31.66,4.6951,26.84,-5.54,154.67,66.64,0.0,88.75,3,43.26,14.5,-6.23,0.0,,8,,20260825
SDXOF,Sodexo S.A.,Industrials,Specialty Business Services,PNK,62.85,495,8691919872,0.1041,59.64,53.85,30.8178,26.27,0.06,-19.59,-1.25,0.0,75.0,2,62.85,47.01,-0.0,0.0,,8,,20260825
DIFTY,"Daito Trust Construction Co.,Ltd.",Real Estate,Real Estate - Diversified,PNK,5.19,219588,6760874496,0.1925,4.96,5.19,1.1999,-0.54,-20.65,-26.39,-17.92,0.0,83.75,3,7.0,4.41,-25.84,0.0,,8,,20260825
TELDY,Telefónica Deutschland Holding AG,Communication Services,Telecom Services,PNK,11.75,0,9149730816,0.0004,11.75,12.23,0.0,-2.66,-18.93,-23.54,-16.7,0.0,49.0,3,12.56,11.55,-6.45,0.0,,8,,20260825
PLXS,Plexus Corp.,Technology,Electronic Components,NASDAQ,240.94,311739,6421557248,11.7501,267.11,217.54,-2.2274,-14.02,6.09,55.53,20.84,0.0,32.5,3,307.06,132.03,-21.53,0.0,,8,,20260825
AKBTY,Akbank T.A.S.,Financial Services,Banks - Regional,OQX,2.95,22674,7020000256,0.1686,2.95,3.18,0.0071,4.23,-39.08,-29.1,-24.26,0.0,40.75,3,4.24,2.51,-30.42,0.0,,8,,20260825
JAPSY,"Japan Airlines Co., Ltd.",Industrials,Airlines,PNK,9.49,76495,8158129664,0.1419,9.09,8.92,2.8155,10.94,-17.59,-31.72,-16.11,0.0,85.0,2,11.0,7.55,-13.73,0.0,,8,,20260825
TSUKY,"Toyo Suisan Kaisha, Ltd.",Consumer Defensive,Packaged Foods,PNK,65.62,4936,6410748928,4.6383,64.97,68.52,0.1401,-9.25,-28.16,-23.18,-21.44,0.0,47.0,3,86.9,58.14,-24.49,0.0,,8,,20260825
ICGUF,ICG plc,Financial Services,Asset Management,PNK,22.8,4,7341756416,0.0136,23.31,24.61,-37.7207,-12.54,-30.23,-38.55,-29.13,0.0,24.0,4,27.72,20.65,-17.75,0.0,,8,,20260825
PCOR,"Procore Technologies, Inc.",Technology,Software - Application,NYSE,60.61,3280188,9210013696,2.5671,48.97,57.64,4.5357,25.14,7.08,-30.62,-3.49,0.0,92.5,3,82.31,38.03,-26.37,0.0,,8,,20260825
ST,Sensata Technologies Holding plc,Technology,Scientific & Technical Instruments,NYSE,42.17,1898266,6137246720,1.5837,46.08,39.61,-2.4698,-18.4,-1.51,7.72,-2.04,0.0,30.0,3,53.89,28.16,-21.75,0.0,,8,,20260825
RHP,"Ryman Hospitality Properties, Inc.",Real Estate,REIT - Hotel & Motel,NYSE,132.95,714063,9171461120,3.1302,127.33,105.04,1.795,14.82,20.21,20.93,19.15,0.0,88.75,2,137.46,83.82,-3.28,0.0,,8,,20260825
IVTJY,Investec Group,Financial Services,Capital Markets,PNK,16.9,2,7630501376,0.0414,16.49,14.69,9.8369,-1.8,16.94,8.44,8.86,0.0,75.0,2,17.34,13.51,-2.51,0.0,,8,,20260825
GKOS,Glaukos Corporation,Healthcare,Medical Devices,NYSE,181.39,969052,10699096064,6.7671,159.19,125.69,3.2812,55.47,40.19,72.66,57.0,0.0,88.75,2,191.62,73.16,-5.34,0.0,,8,,20260825
DCCPY,DCC Energy plc,Energy,Oil & Gas Refining & Marketing,PNK,42.54,27,7303763456,0.0479,42.54,42.54,0.0,-2.47,-2.47,-2.47,-2.47,0.0,62.0,3,44.74,41.75,-4.92,0.0,,8,,20260825
HR,Healthcare Realty Trust Incorporated,Real Estate,REIT - Healthcare Facilities,NYSE,19.39,3906973,6801080832,0.3322,20.19,18.26,-2.4128,-6.83,-4.46,0.2,-3.19,0.0,45.75,3,22.04,16.31,-12.02,0.0,,8,,20260825
ZJLMF,"Zhejiang Leapmotor Technology Co., Ltd.",Consumer Cyclical,Auto Manufacturers,PNK,4.65,714,6398156800,0.06,4.58,4.65,1.1827,-8.91,-30.54,-30.54,-25.13,0.0,50.0,3,6.37,4.16,-27.0,0.0,,8,,20260825
NXE,NexGen Energy Ltd.,Energy,Uranium,NYSE,11.21,5595153,7420004864,0.5016,9.84,10.73,2.7358,-0.21,-24.78,37.88,6.43,0.0,62.5,3,13.96,7.12,-19.7,0.0,,8,,20260825
AVT,"Avnet, Inc.",Technology,Electronics & Computer Distribution,NASDAQ,87.57,1315226,7187130368,3.7674,89.36,69.7,-0.4755,-3.67,20.02,41.01,22.49,0.0,69.5,3,100.0,44.25,-12.43,0.0,,8,,20260825
DKDRF,NewMed Energy - Limited Partnership,Energy,Oil & Gas E&P,PNK,5.6,435,6808125440,0.1188,5.37,5.72,1.9412,-7.65,-30.39,2.59,-11.52,0.0,39.5,3,7.32,4.7,-23.5,0.0,,8,,20260825
MTDR,Matador Resources Company,Energy,Oil & Gas E&P,NYSE,55.55,1968522,6874546688,1.9608,51.43,50.35,2.0991,1.78,0.36,-1.45,-0.01,0.0,66.25,2,66.84,37.14,-16.89,0.0,,8,,20260825
UMICF,Umicore SA,Industrials,Waste Management,PNK,27.17,957,6618352640,0.689,24.86,22.65,3.3562,-9.67,7.74,48.25,19.59,0.0,51.25,2,31.15,15.05,-12.78,0.0,,8,,20260825
TRNO,Terreno Realty Corporation,Real Estate,REIT - Industrial,NYSE,68.38,904771,7451389440,1.355,69.05,63.99,-0.4942,1.05,-5.68,2.46,-0.74,0.0,72.0,3,78.94,55.71,-13.38,0.0,,8,,20260825
AIIXY,AIXTRON SE,Technology,Semiconductor Equipment & Materials,PNK,84.68,586,5000136704,2.8414,101.75,78.73,-6.0072,-33.91,51.43,160.99,73.92,0.0,26.25,3,143.05,28.52,-40.8,0.0,,8,,20260825
DITTF,"Daito Trust Construction Co.,Ltd.",Real Estate,Real Estate - Diversified,PNK,19.06,282,6187698176,0.0279,18.69,19.49,13.4121,-9.27,-31.6,-104.39,-55.13,0.0,37.0,3,114.87,14.38,-83.41,0.0,,8,,20260825
IMVT,"Immunovant, Inc.",Healthcare,Biotechnology,NASDAQ,43.5,1336593,8985041920,1.4731,39.68,29.86,2.5951,26.28,46.8,165.43,89.12,0.0,86.25,2,45.42,14.47,-4.23,0.0,,8,,20260825
NDBKY,Nedbank Group Limited,Financial Services,Banks - Regional,PNK,18.63,27790,8630438912,0.4429,17.19,16.14,3.2425,16.31,-4.3,28.02,13.78,0.0,90.0,2,20.28,11.88,-8.14,0.0,,8,,20260825
VAL,Valaris Limited,Energy,Oil & Gas Drilling,NYSE,85.72,995090,5952037376,3.2475,79.57,78.56,1.8947,-13.32,-22.66,54.33,10.47,0.0,62.5,2,114.12,46.7,-24.89,0.0,,8,,20260825
LEA,Lear Corporation,Consumer Cyclical,Auto Parts,NYSE,123.65,665287,8231969792,3.7747,133.57,125.44,-2.6283,-15.64,-18.76,-3.14,-11.73,0.0,22.0,4,150.33,96.04,-17.75,0.0,,8,,20260825
OTGLY,CD Projekt S.A.,Communication Services,Electronic Gaming & Multimedia,PNK,16.52,25158,6602086912,0.6762,15.93,16.86,0.8799,-8.17,-13.75,-26.78,-17.56,0.0,79.5,3,20.5,14.16,-19.41,0.0,,8,,20260825
SUOPY,Sumco Corporation,Technology,Semiconductor Equipment & Materials,PNK,44.69,15431,7814768640,2.962,49.34,31.15,-1.571,1.84,93.07,150.84,93.37,0.0,36.25,3,69.37,14.55,-35.58,0.0,,8,,20260825
SHTDY,Sinopharm Group Co. Ltd.,Healthcare,Medical Distribution,PNK,10.17,133271,6347414528,0.3074,10.67,11.76,-1.6386,-6.03,-35.47,-35.8,-28.24,0.0,45.75,4,14.87,10.0,-31.61,0.0,,8,,20260825
BCKIY,Babcock International Group PLC,Industrials,Engineering & Construction,PNK,14.93,21078,7343201280,0.3517,14.52,16.22,1.1517,1.81,-34.14,-8.81,-15.02,0.0,75.75,3,21.15,12.15,-29.41,0.0,,8,,20260825
PB,"Prosperity Bancshares, Inc.",Financial Services,Banks - Regional,NYSE,72.53,1140447,8716421120,1.1947,73.08,69.63,-0.4599,2.4,-8.0,-12.27,-7.11,0.0,70.75,3,77.2,61.07,-6.05,0.0,,8,,20260825
BBUC,Brookfield Business Corporation,Industrials,Conglomerates,NYSE,28.26,458352,5805791232,0.9844,30.5,33.12,-2.276,-18.49,-29.76,-36.89,-29.79,0.0,7.5,4,38.25,28.0,-26.12,0.0,,8,,20260825
AIXXF,AIXTRON SE,Technology,Semiconductor Equipment & Materials,PNK,43.7,7123,4928741888,2.3717,50.47,39.75,-2.8541,-32.22,40.4,168.24,73.38,0.0,36.25,3,71.52,13.9,-38.9,0.0,,8,,20260825
MYRG,MYR Group Inc.,Industrials,Engineering & Construction,NASDAQ,296.14,297547,4610677760,17.7423,389.85,320.34,-5.2818,-38.53,-5.88,39.57,4.14,0.0,17.0,4,503.57,171.51,-41.19,0.0,,8,,20260825
BRKRP,Bruker Corporation,Healthcare,Medical Devices,NASDAQ,423.01,10917,0,13.7529,431.22,355.52,-0.5967,17.07,26.68,57.44,36.58,0.0,78.25,3,474.99,250.0,-10.94,0.0,,8,,20260825
BRKR,Bruker Corporation,Healthcare,Medical Devices,NASDAQ,56.85,2485490,8661626880,3.0151,58.56,47.29,-0.5667,18.97,31.27,40.75,31.98,0.0,75.75,3,65.3,28.53,-12.94,0.0,,8,,20260825
HBRIY,Harbour Energy plc,Energy,Oil & Gas E&P,PNK,3.56,44858,5574241280,0.1511,3.24,3.28,2.0859,-5.68,-5.54,-8.07,-6.59,0.0,65.0,3,4.48,2.51,-20.54,0.0,,8,,20260825
FAF,First American Financial Corporation,Financial Services,Insurance - Specialty,NYSE,73.28,893020,7481887744,1.7076,71.6,65.76,0.9814,6.11,-0.97,-6.01,-1.22,0.0,82.5,2,79.87,56.2,-8.25,0.0,,8,,20260825
VIPS,Vipshop Holdings Limited,Consumer Cyclical,Internet Retail,NYSE,14.16,2344952,6800630784,0.4123,14.23,15.76,-0.1698,-6.17,-27.36,-34.56,-24.94,0.0,50.75,4,21.08,12.65,-32.83,0.0,,8,,20260825
CDNAF,"Canadian Tire Corporation, Limited",Consumer Cyclical,Specialty Retail,PNK,142.54,17387,7427615232,2.2283,139.46,131.06,1.3803,8.35,-5.37,-0.65,-0.05,0.0,87.5,2,152.9,102.83,-6.78,0.0,,8,,20260825
LKQ,LKQ Corporation,Consumer Cyclical,Auto Parts,NASDAQ,25.37,3063326,6418662912,0.8086,25.12,28.3,0.3117,-8.11,-33.81,-36.8,-28.58,0.0,40.0,3,37.13,21.17,-31.67,0.0,,8,,20260825
SPXSY,Spirax Group plc,Industrials,Specialty Industrial Machinery,PNK,48.1,10365,7128681984,1.017,46.99,47.11,1.1002,0.68,-19.43,-19.44,-14.4,0.0,90.0,3,54.08,42.56,-11.05,0.0,,8,,20260825
STKAF,Stockland,Real Estate,REIT - Diversified,PNK,3.11,342,7659679232,0.0388,2.81,3.29,7.643,6.6,-27.15,-44.96,-25.83,0.0,62.0,3,4.29,2.46,-27.6,0.0,,8,,20260825
SNROY,"Sanrio Company, Ltd.",Consumer Cyclical,Specialty Retail,PNK,15.18,946,9275090944,0.1991,13.9,13.43,6.4163,38.31,6.82,-40.77,-4.34,0.0,76.25,2,20.01,9.59,-24.16,0.0,,8,,20260825
KCDMF,"Kimberly-Clark de México, S. A. B. de C. V.",Consumer Defensive,Household & Personal Products,OID,2.34,636,7021985792,0.0248,2.23,2.24,4.3722,1.03,-12.64,2.37,-3.22,0.0,78.75,3,2.6,1.88,-10.0,0.0,,8,,20260825
SHMXY,Shimadzu Corporation,Technology,Scientific & Technical Instruments,PNK,13.0,281,9691052032,0.0289,12.32,12.78,23.6352,18.84,-6.25,-15.33,-3.61,0.0,75.0,3,16.77,10.41,-22.48,0.0,,8,,20260825
RAL,Ralliant Corporation,Technology,Electronic Components,NYSE,61.7,1603357,6826488832,2.5414,68.69,54.23,-2.7487,-2.8,25.05,21.6,16.71,0.0,58.75,3,75.41,37.27,-18.18,0.0,,8,,20260825
LNC,Lincoln National Corporation,Financial Services,Insurance - Life,NYSE,42.61,1921815,8157570560,1.3485,41.21,38.58,1.0411,18.16,10.53,-13.61,2.78,0.0,82.5,2,47.67,32.18,-10.61,0.0,,8,,20260825
SEOJF,Stora Enso Oyj,Consumer Cyclical,Packaging & Containers,OQX,8.73,0,10756776960,0.0011,8.73,10.0,0.0,-2.66,-32.74,-16.79,-18.84,0.0,25.0,3,12.55,8.56,-30.44,0.0,,8,,20260825
JBTM,JBT Marel Corporation,Industrials,Specialty Industrial Machinery,NYSE,117.93,573285,6117832704,4.6775,131.75,139.14,-2.955,-14.82,-39.89,-39.93,-33.64,0.0,11.25,4,170.19,113.23,-30.71,0.0,,8,,20260825
FSS,Federal Signal Corporation,Industrials,Farm & Heavy Construction Machinery,NYSE,120.65,526217,7364670464,4.0002,121.78,114.65,-0.2831,1.35,-8.49,-25.49,-12.83,0.0,74.5,3,134.51,101.19,-10.3,0.0,,8,,20260825
GDS,GDS Holdings Limited,Technology,Information Technology Services,NASDAQ,32.99,2287479,6610458112,1.5941,32.14,37.77,0.5362,-5.25,-40.35,-21.56,-24.06,0.0,36.25,3,48.61,26.97,-32.13,0.0,,8,,20260825
SGHC,Super Group (SGHC) Limited,Consumer Cyclical,Gambling,NYSE,13.95,2961239,7087671296,0.4661,13.97,11.96,-0.0508,5.89,20.81,-4.23,7.06,0.0,72.0,3,15.86,8.46,-12.04,0.0,,8,,20260825
CHVKF,"China Vanke Co., Ltd.",Real Estate,Real Estate - Development,PNK,0.3,538,4944445952,0.0025,0.32,0.42,-8.8093,-29.61,-50.98,-72.1,-54.08,0.0,0.0,4,0.7,0.3,-57.29,0.0,,8,,20260825
UOLGY,UOL Group Limited,Real Estate,Real Estate - Development,PNK,30.22,7442,6402055680,0.5855,30.09,30.3,0.2268,-7.75,-25.56,14.24,-5.19,0.0,54.5,3,38.25,22.65,-20.99,0.0,,8,,20260825
NVTS,Navitas Semiconductor Corporation,Technology,Semiconductors,NASDAQ,12.44,21425969,3248002816,1.1654,14.52,12.78,-1.781,-63.17,38.58,73.46,27.1,0.0,22.0,4,34.17,5.44,-63.59,0.0,,8,,20260825
TOTDF,TOTO LTD.,Industrials,Building Products & Equipment,PNK,39.92,223,7193152512,0.9754,47.17,37.41,-7.4333,-9.83,-14.02,39.23,8.33,0.0,30.0,3,60.92,23.95,-34.48,0.0,,8,,20260825
MORN,"Morningstar, Inc.",Financial Services,Financial Data & Stock Exchanges,NASDAQ,215.01,425520,8065793024,7.1423,181.04,187.05,4.7567,19.03,20.73,-37.66,-3.05,0.0,91.25,3,265.73,141.49,-19.09,0.0,,8,,20260825
PCVX,"Vaxcyte, Inc.",Healthcare,Biotechnology,NASDAQ,61.09,1345820,9090514944,2.4174,56.69,53.43,1.8208,19.61,-12.45,69.19,28.22,0.0,87.5,2,65.0,29.87,-6.02,0.0,,8,,20260825
THG,"The Hanover Insurance Group, Inc.",Financial Services,Insurance - Property & Casualty,NYSE,227.12,329490,7908368384,4.6145,217.69,188.38,2.0429,14.22,20.2,12.0,15.42,0.0,85.0,2,236.07,166.54,-3.79,0.0,,8,,20260825
CBC,"Central Bancompany, Inc.",Financial Services,Banks - Regional,NASDAQ,32.66,762560,7822237696,0.9655,31.35,32.66,1.3577,11.09,24.35,23.16,20.56,0.0,88.75,3,33.82,22.5,-3.42,0.0,,8,,20260825
TOTDY,TOTO LTD.,Industrials,Building Products & Equipment,PNK,40.56,28857,6670193664,1.0982,46.28,37.48,-5.2122,-10.18,-13.62,36.06,7.11,0.0,37.5,3,60.09,23.84,-32.5,0.0,,8,,20260825
UOLGF,UOL Group Limited,Real Estate,Real Estate - Development,PNK,8.04,0,6685932544,0.0002,8.04,7.67,0.0,-2.66,-14.32,25.78,4.64,0.0,62.0,3,9.18,5.6,-12.41,0.0,,8,,20260825
SZCRF,SCOR SE,Financial Services,Insurance - Reinsurance,PNK,38.2,293,6824941568,0.0572,36.22,34.39,34.5531,-2.18,13.14,-12.16,-0.81,0.0,75.0,2,38.2,30.41,0.0,0.0,,8,,20260825
NEU,NewMarket Corporation,Basic Materials,Specialty Chemicals,NYSE,930.72,119220,8559278592,26.4525,830.45,723.6,3.7905,20.24,39.47,-1.29,18.36,0.0,90.0,2,981.66,580.03,-5.19,0.0,,8,,20260825
OMRNY,OMRON Corporation,Technology,Electronic Components,PNK,40.66,54453,7994951168,1.2185,36.95,31.52,3.0428,14.6,6.18,36.08,20.24,0.0,87.5,2,45.24,23.23,-10.12,0.0,,8,,20260825
CHYM,"Chime Financial, Inc.",Technology,Software - Application,NASDAQ,33.1,6775466,12531167232,1.4591,23.94,22.24,6.2785,85.55,50.0,-0.6,38.65,0.0,92.5,2,33.74,15.88,-1.91,0.0,,8,,20260825
MDNDF,"McDonald's Holdings Company (Japan), Ltd.",Consumer Cyclical,Restaurants,PNK,47.86,4,5469919232,0.1495,48.51,44.48,-4.3764,-8.81,1.48,-1.81,-2.41,0.0,37.0,3,51.0,40.0,-6.16,0.0,,8,,20260825
THNOF,Technology One Limited,Technology,Software - Application,PNK,22.64,47,7580258304,0.0587,22.04,21.0,10.3811,7.15,25.28,32.21,23.52,0.0,78.75,2,26.21,14.97,-13.6,0.0,,8,,20260825
EPRT,"Essential Properties Realty Trust, Inc.",Real Estate,REIT - Retail,NYSE,30.8,1885977,6678017024,0.5157,31.02,30.76,-0.4274,-3.21,-17.51,-17.53,-13.94,0.0,69.5,3,34.73,28.95,-11.32,0.0,,8,,20260825
PPC,Pilgrim's Pride Corporation,Consumer Defensive,Packaged Foods,NASDAQ,32.43,1622892,7721859584,1.3224,28.52,34.76,2.9561,12.66,-34.46,-49.75,-28.8,0.0,53.25,3,45.44,25.9,-28.63,0.0,,8,,20260825
SBFFY,SBM Offshore N.V.,Energy,Oil & Gas Equipment & Services,PNK,41.36,136,6770972160,0.2462,37.26,35.38,16.6336,-0.49,3.46,42.48,18.08,0.0,50.0,2,44.15,23.52,-6.32,0.0,,8,,20260825
IDCC,"InterDigital, Inc.",Technology,Software - Application,NASDAQ,345.54,321677,8917008384,11.7181,295.97,318.69,4.23,29.23,-16.37,10.95,5.96,0.0,88.75,3,412.6,249.14,-16.25,0.0,,8,,20260825
CELC,Celcuity Inc.,Healthcare,Biotechnology,NCM,92.27,1514215,4514947072,4.9308,93.97,105.73,-0.3455,-33.58,-24.8,56.02,5.33,0.0,23.25,4,151.02,44.42,-38.9,0.0,,8,,20260825
DOX,Amdocs Limited,Technology,Software - Infrastructure,NASDAQ,62.31,1413326,6506098688,1.7287,54.55,66.01,4.4871,-0.88,-17.51,-47.05,-25.17,0.0,53.25,3,87.57,49.74,-28.85,0.0,,8,,20260825
SSDOY,"Shiseido Company, Limited",Consumer Defensive,Household & Personal Products,PNK,23.32,71698,9319105536,0.7154,19.28,18.19,5.6497,42.27,0.91,17.66,17.95,0.0,87.5,2,23.65,13.6,-1.4,0.0,,8,,20260825
KIGRY,KION GROUP AG,Industrials,Farm & Heavy Construction Machinery,PNK,12.26,14366,6516600320,0.3131,11.64,14.71,1.9834,-5.74,-45.86,-48.28,-36.8,0.0,28.75,3,20.54,10.26,-40.31,0.0,,8,,20260825
POOL,Pool Corporation,Industrials,Industrial Distribution,NASDAQ,186.36,931120,6772461568,6.9361,198.57,214.93,-1.76,0.57,-24.52,-60.99,-32.84,0.0,36.25,4,336.15,172.68,-44.56,0.0,,8,,20260825
BCKIF,Babcock International Group PLC,Industrials,Engineering & Construction,PNK,15.45,1163,7598959104,0.1617,14.4,16.18,6.4656,10.2,-28.96,-3.9,-9.15,0.0,63.25,3,21.05,12.35,-26.6,0.0,,8,,20260825
GRFS,"Grifols, S.A.",Healthcare,Drug Manufacturers - General,NASDAQ,8.09,646844,5505887232,0.2056,7.6,8.22,2.4078,0.05,-21.63,-39.31,-23.28,0.0,70.75,3,10.23,6.96,-20.92,0.0,,8,,20260825
AWI,"Armstrong World Industries, Inc.",Industrials,Building Products & Equipment,NYSE,179.81,474957,7599278080,4.1252,166.77,174.25,3.1619,10.5,-8.25,-28.13,-11.52,0.0,86.25,3,206.08,150.28,-12.75,0.0,,8,,20260825
CSXXY,CAR Group Limited,Communication Services,Internet Content & Information,PNK,40.13,438,8088787456,0.5448,36.81,37.41,6.1081,5.51,3.84,-46.6,-15.92,0.0,75.0,3,57.95,28.03,-30.75,0.0,,8,,20260825
DCCPF,DCC Energy plc,Energy,Oil & Gas Refining & Marketing,PNK,84.62,46,6678458880,0.2066,82.62,69.6,9.6757,7.17,13.44,12.35,11.44,0.0,75.0,2,85.64,57.8,-1.19,0.0,,8,,20260825
LNTH,"Lantheus Holdings, Inc.",Healthcare,Drug Manufacturers - Specialty & Generic,NASDAQ,100.87,1343212,6584024064,1.5442,103.84,82.29,-1.9214,-1.49,25.01,53.28,29.69,0.0,70.75,3,111.86,49.67,-9.82,0.0,,8,,20260825
VLOUF,Vallourec S.A.,Basic Materials,Steel,PNK,21.0,107,5559998976,0.2337,23.57,23.03,-11.0049,-29.07,-19.35,-13.77,-19.55,0.0,13.25,4,31.81,16.88,-33.98,0.0,,8,,20260825
MIDD,The Middleby Corporation,Industrials,Specialty Industrial Machinery,NASDAQ,113.97,737685,5153991168,3.8879,130.78,120.06,-4.3243,-8.32,-24.04,-16.83,-17.23,0.0,45.75,3,148.55,89.16,-23.28,0.0,,8,,20260825
FBASF,Fibra UNO,Real Estate,REIT - Diversified,PNK,1.7,5196,7202128384,0.028,1.74,1.65,-1.5373,-4.39,-15.33,-0.03,-6.48,0.0,62.0,3,2.16,1.33,-21.3,0.0,,8,,20260825
OR,OR Royalties Inc.,Basic Materials,Gold,NYSE,38.92,1061830,7289857536,1.3121,31.82,36.52,5.4095,3.36,-26.04,6.53,-5.66,0.0,63.75,3,48.06,27.54,-19.02,0.0,,8,,20260825
GIFLF,"Grifols, S.A.",Healthcare,Drug Manufacturers - General,PNK,11.76,201,7112054272,0.0445,10.75,11.45,22.6029,4.06,-20.49,-36.09,-20.59,0.0,75.0,3,13.9,10.13,-15.4,0.0,,8,,20260825
HTCMY,"Hitachi Construction Machinery Co., Ltd.",Industrials,Farm & Heavy Construction Machinery,PNK,65.82,17,8286070272,0.0153,65.82,66.35,0.0,5.62,-35.94,-18.23,-18.47,0.0,37.0,3,87.04,55.92,-24.38,0.0,,8,,20260825
PUODY,"Promotora y Operadora de Infraestructura, S. A. B. de C. V.",Industrials,Infrastructure Operations,PNK,307.11,138,5649672192,4.7737,318.0,310.58,-2.2805,-8.99,-19.75,0.69,-8.88,0.0,27.75,4,359.88,246.68,-14.66,0.0,,8,,20260825
SZHFY,Sojitz Corporation,Industrials,Conglomerates,PNK,346.04,0,6385368576,4.0571,313.44,346.04,8.0359,-10.48,-17.22,-16.57,-15.28,0.0,50.0,3,418.56,306.9,-17.33,0.0,,8,,20260825
SCRYY,SCOR SE,Financial Services,Insurance - Reinsurance,PNK,4.04,7269,7057204224,0.0845,3.84,3.42,2.361,10.19,9.19,4.49,7.56,0.0,85.0,2,4.12,2.95,-1.94,0.0,,8,,20260825
KCDMY,"Kimberly-Clark de México, S. A. B. de C. V.",Consumer Defensive,Household & Personal Products,OID,11.83,46574,7100007936,0.3608,11.26,11.03,1.5674,7.41,-13.26,8.49,0.61,0.0,87.5,2,12.84,8.25,-7.87,0.0,,8,,20260825
SULZF,Sulzer AG,Industrials,Specialty Industrial Machinery,PNK,169.6,31,5865862656,0.2329,172.09,185.39,-10.7098,-16.07,-33.21,-29.16,-27.3,0.0,24.0,4,227.14,162.27,-25.33,0.0,,8,,20260825
HRIBF,"HORIBA, Ltd.",Technology,Scientific & Technical Instruments,PNK,162.47,1,6888593408,0.6155,131.5,34.19,50.3118,2023.92,2884.29,-1882.96,762.3,0.0,75.0,2,166.67,74.0,-2.52,0.0,,8,,20260825
MSA,MSA Safety Incorporated,Industrials,Security & Protection Services,NYSE,187.69,320107,7240758784,4.3725,176.98,172.32,2.4504,6.35,-15.84,-12.06,-8.78,0.0,83.75,2,208.92,151.11,-10.16,0.0,,8,,20260825
MNESP,MSA Safety Incorporated,Industrials,Security & Protection Services,PNK,37.5,0,0,0.0269,37.02,37.42,17.9987,-1.13,-5.04,-33.04,-15.27,0.0,75.0,3,48.2,36.0,-22.2,0.0,,8,,20260825
TEX,Terex Corporation,Industrials,Farm & Heavy Construction Machinery,NYSE,65.22,1333084,7454646272,2.611,66.71,60.16,-0.5698,8.33,-16.54,7.93,-0.53,0.0,70.75,3,74.69,41.7,-12.68,0.0,,8,,20260825
SKHHY,Sonic Healthcare Limited,Healthcare,Diagnostics & Research,PNK,14.77,106177,7420403200,0.6925,14.99,14.74,-0.3226,6.22,-19.25,-27.06,-16.01,0.0,74.5,3,17.49,12.94,-15.55,0.0,,8,,20260825
TXNM,"TXNM Energy, Inc.",Utilities,Utilities - Regulated Electric,NYSE,57.31,1406680,5905572864,0.3291,57.08,57.68,0.7088,-5.19,-13.63,-16.02,-12.48,0.0,45.75,3,59.53,55.64,-3.73,0.0,,8,,20260825
SNROF,"Sanrio Company, Ltd.",Consumer Cyclical,Specialty Retail,PNK,8.07,623,8959858688,0.3073,7.15,19.86,2.9779,52.84,-90.37,-106.2,-60.9,0.0,55.0,3,54.09,5.04,-85.08,0.0,,8,,20260825
LSTR,"Landstar System, Inc.",Industrials,Integrated Freight & Logistics,NASDAQ,178.48,497153,6057061888,6.1966,196.85,168.76,-2.9651,-13.8,10.38,14.64,6.04,0.0,36.25,3,228.46,119.32,-21.88,0.0,,8,,20260825
KGFHY,Kingfisher plc,Consumer Cyclical,Home Improvement Retail,OQX,8.81,141303,7206809600,0.1704,8.07,8.09,4.3176,11.22,-20.67,1.4,-3.87,0.0,85.0,3,10.17,6.53,-13.37,0.0,,8,,20260825
KGFHF,Kingfisher plc,Consumer Cyclical,Home Improvement Retail,OQX,4.15,714,6871418368,0.055,3.97,4.11,3.1915,6.35,-21.56,-6.91,-8.72,0.0,76.25,3,5.21,3.24,-20.35,0.0,,8,,20260825
PAYC,"Paycom Software, Inc.",Technology,Software - Application,NYSE,231.7,943450,10443094016,8.5216,164.22,145.72,7.9188,72.43,83.51,-19.84,39.4,0.0,90.0,2,233.46,104.9,-0.75,0.0,,8,,20260825
BZ,Kanzhun Limited,Communication Services,Internet Content & Information,NASDAQ,16.29,3710558,7279786496,0.6752,14.95,16.42,1.9783,20.09,-12.39,-48.18,-18.59,0.0,78.25,3,25.26,12.57,-35.51,0.0,,8,,20260825
VLOWY,Vallourec S.A.,Basic Materials,Steel,PNK,4.23,203853,5599713280,0.2157,4.46,4.34,-1.0855,-23.82,-13.58,2.59,-9.67,0.0,24.5,4,6.65,3.44,-36.39,0.0,,8,,20260825
SRUUF,Sprott Physical Uranium Trust Fund,Energy,Uranium,OQX,20.9,466614,7192864768,0.5587,18.96,19.62,3.474,3.47,-12.21,2.08,-2.58,0.0,85.0,3,24.77,16.42,-15.62,0.0,,8,,20260825
TELDF,Telefónica Deutschland Holding AG,Communication Services,Telecom Services,PNK,2.26,50,8359183360,0.0005,2.26,2.27,0.0,0.21,-14.09,-36.7,-19.56,0.0,62.0,3,2.75,1.89,-17.71,0.0,,8,,20260825
VFC,V.F. Corporation,Consumer Cyclical,Apparel Manufacturing,NYSE,13.85,7343961,5444913664,0.591,16.04,17.52,-3.7084,-18.98,-41.22,-16.72,-25.86,0.0,7.5,4,22.27,13.02,-37.81,0.0,,8,,20260825
AROC,"Archrock, Inc.",Energy,Oil & Gas Equipment & Services,NYSE,30.71,1934855,5384635904,1.2674,36.04,32.42,-4.206,-19.74,-19.74,5.27,-9.73,0.0,18.25,4,42.23,22.88,-27.28,0.0,,8,,20260825
YACAF,Yancoal Australia Ltd,Energy,Thermal Coal,PNK,4.14,8023,5716911104,0.1703,4.04,4.35,0.5646,-18.85,-15.29,-4.38,-11.82,0.0,45.75,3,6.14,3.22,-32.63,0.0,,8,,20260825
OGC,OceanaGold Corporation,Basic Materials,Gold,NYSE,31.32,449041,6967056384,1.2489,25.98,29.84,4.273,0.02,-35.73,64.31,13.22,0.0,78.25,3,43.33,16.85,-27.72,0.0,,8,,20260825
NPO,Enpro Inc.,Industrials,Specialty Industrial Machinery,NYSE,303.32,246158,6420580864,13.1824,337.57,277.47,-2.598,-6.86,-2.67,14.01,2.96,0.0,58.75,3,390.42,202.0,-22.31,0.0,,8,,20260825
SWX,"Southwest Gas Holdings, Inc.",Utilities,Utilities - Regulated Gas,NYSE,89.08,525133,6453476864,1.6694,90.14,85.66,-0.6351,-1.74,-9.34,-2.78,-4.82,0.0,73.25,3,94.47,76.17,-5.71,0.0,,8,,20260825
HXL,Hexcel Corporation,Industrials,Aerospace & Defense,NYSE,93.63,991006,7080624128,3.2049,101.03,87.34,-2.3096,4.33,-10.35,28.8,8.98,0.0,55.0,3,111.74,60.26,-16.21,0.0,,8,,20260825
BCUCY,Brunello Cucinelli S.p.A.,Consumer Cyclical,Luxury Goods,PNK,10.4,57717,7099199488,0.3093,9.77,9.81,2.0346,3.58,-8.58,-28.48,-13.5,0.0,82.5,3,12.55,7.87,-17.15,0.0,,8,,20260825
GECFF,Gecina,Real Estate,REIT - Office,PNK,84.74,39,6072956928,0.4041,84.88,86.89,-0.3445,-6.24,-15.06,-37.72,-21.92,0.0,24.0,4,101.2,76.94,-16.26,0.0,,8,,20260825
RGEN,Repligen Corporation,Healthcare,Medical Instruments & Supplies,NASDAQ,181.69,1126444,10253788160,7.3699,148.93,140.96,4.4446,55.43,22.89,25.59,32.11,0.0,93.75,2,188.73,100.99,-3.73,0.0,,8,,20260825
KYMR,"Kymera Therapeutics, Inc.",Healthcare,Biotechnology,NASDAQ,126.64,843877,10530194432,5.2155,110.3,86.82,3.1333,54.49,27.13,167.16,89.98,0.0,93.75,2,130.05,39.84,-2.62,0.0,,8,,20260825
CAG,"Conagra Brands, Inc.",Consumer Defensive,Packaged Foods,NYSE,16.27,17031288,7786263040,0.4566,14.5,15.43,3.8685,22.84,-23.69,-30.7,-14.86,0.0,92.5,3,20.32,12.53,-19.93,0.0,,8,,20260825
BRBOF,Brembo N.V.,Consumer Cyclical,Auto Parts,PNK,11.0,11,4103656192,0.1191,12.78,11.48,-14.9434,-16.72,-23.05,-14.66,-18.11,0.0,12.0,4,13.84,9.33,-20.52,0.0,,8,,20260825
TRSBF,3SBio Inc.,Healthcare,Biotechnology,PNK,2.15,48,5482863616,0.0044,2.03,2.54,26.5241,-7.25,-19.62,-55.35,-30.82,0.0,25.0,3,4.42,2.0,-51.3,0.0,,8,,20260825
SBFFF,SBM Offshore N.V.,Energy,Oil & Gas Equipment & Services,PNK,38.8,6,6263313920,0.0408,38.14,34.79,16.1603,-2.27,1.59,23.22,9.28,0.0,50.0,2,44.1,26.0,-12.02,0.0,,8,,20260825
CORT,Corcept Therapeutics Incorporated,Healthcare,Biotechnology,NCM,123.57,1102973,13357719552,4.4914,98.92,65.28,5.4884,102.42,226.71,55.7,127.23,0.0,87.5,2,126.38,28.66,-2.23,0.0,,8,,20260825
INGR,Ingredion Incorporated,Consumer Defensive,Packaged Foods,NYSE,105.03,823250,6623609856,2.0441,100.95,107.06,1.9974,0.26,-21.52,-36.11,-21.91,0.0,73.25,3,130.48,94.44,-19.5,0.0,,8,,20260825
AACAY,AAC Technologies Holdings Inc.,Technology,Communication Equipment,PNK,5.06,15846,5845033472,0.163,5.24,4.91,-1.134,-12.51,-8.77,-27.27,-17.11,0.0,45.75,3,6.45,3.82,-21.55,0.0,,8,,20260825
LNWO,"Light & Wonder, Inc.",Consumer Cyclical,Gambling,PNK,92.55,24658,6920442880,3.0913,82.89,90.79,3.126,14.7,-16.6,-19.6,-9.98,0.0,86.25,3,122.65,70.0,-24.54,0.0,,8,,20260825
CCOHF,China State Construction International Holdings Limited,Industrials,Engineering & Construction,PNK,1.0,188,5282216448,0.0066,1.03,1.09,-4.8461,-20.69,1.16,-44.54,-22.58,0.0,24.0,4,1.3,0.88,-23.08,0.0,,8,,20260825
CENX,Century Aluminum Company,Basic Materials,Aluminum,NASDAQ,44.2,2248438,4375503872,2.9032,46.26,48.84,-0.7109,-36.22,-29.42,79.01,12.25,0.0,32.75,4,70.43,20.91,-37.24,0.0,,8,,20260825
VSH,"Vishay Intertechnology, Inc.",Technology,Semiconductors,NYSE,31.31,6926523,4802301440,2.7705,42.06,28.11,-3.8812,-40.04,48.83,85.24,41.18,0.0,33.75,3,69.47,11.77,-54.93,0.0,,8,,20260825
SYRE,"Spyre Therapeutics, Inc.",Healthcare,Biotechnology,NASDAQ,107.36,1241341,9323277312,5.2951,98.0,59.31,1.7667,43.47,135.07,497.72,257.23,0.0,86.25,2,110.17,14.51,-2.56,0.0,,8,,20260825
GPTGF,The GPT Group,Real Estate,REIT - Diversified,PNK,3.41,155,6532119552,0.0074,3.49,3.45,-10.4536,-0.86,-17.22,-24.86,-16.19,0.0,49.0,4,3.83,2.84,-10.97,0.0,,8,,20260825
STWD,"Starwood Property Trust, Inc.",Real Estate,REIT - Mortgage,NYSE,16.12,3931406,6121875968,0.3011,16.41,16.81,-0.9724,-6.8,-15.52,-31.38,-19.69,0.0,32.75,4,20.84,15.51,-22.65,0.0,,8,,20260825
CLF,Cleveland-Cliffs Inc.,Basic Materials,Steel,NYSE,11.52,21813265,6572621312,0.7193,11.03,11.36,0.6837,-6.14,-3.24,-9.66,-6.53,0.0,58.75,3,16.7,7.73,-31.02,0.0,,8,,20260825
S,"SentinelOne, Inc.",Technology,Software - Infrastructure,NYSE,20.31,7796893,6935501312,0.963,18.89,15.86,1.4787,7.12,47.15,-0.25,18.18,0.0,90.0,2,23.95,11.81,-15.2,0.0,,8,,20260825
MTLPF,Metlen Energy & Metals PLC,Utilities,Utilities - Diversified,PNK,57.5,245,8196683776,1.5201,43.25,57.5,9.3741,-4.83,-4.83,-4.83,-4.83,0.0,63.25,3,57.5,37.1,0.0,0.0,,8,,20260825
STEP,StepStone Group Inc.,Financial Services,Asset Management,NASDAQ,49.77,1489038,6424507392,2.3046,45.11,52.86,2.0233,-5.95,-0.5,-36.58,-16.29,0.0,78.25,3,77.8,38.85,-36.02,0.0,,8,,20260825
UEC,Uranium Energy Corp.,Energy,Uranium,NYSE,13.27,9555985,6505229824,0.6801,10.68,13.26,3.8057,-4.08,-29.96,6.02,-9.1,0.0,63.75,3,20.34,8.91,-34.76,0.0,,8,,20260825
ROAD,"Construction Partners, Inc.",Industrials,Engineering & Construction,NASDAQ,109.69,905409,6225517056,5.137,110.85,114.85,-0.2259,-6.99,-33.04,-29.05,-24.93,0.0,57.75,4,151.0,93.42,-27.36,0.0,,8,,20260825
PTGX,"Protagonist Therapeutics, Inc.",Healthcare,Biotechnology,NASDAQ,150.59,687585,9744419840,5.8645,135.92,103.49,2.5021,48.32,60.3,141.98,89.98,0.0,86.25,2,160.81,54.5,-6.36,0.0,,8,,20260825
PRIM,Primoris Services Corporation,Industrials,Engineering & Construction,NYSE,74.8,1910460,4026658304,4.3292,87.46,125.58,-2.9239,-44.43,-62.72,-54.46,-54.84,0.0,6.25,4,205.5,65.0,-63.6,0.0,,8,,20260825
TMNSF,Temenos AG,Technology,Software - Application,PNK,78.89,4,5819330560,0.0524,78.85,86.46,0.8243,-19.03,-16.97,-35.64,-24.95,0.0,37.0,3,97.58,75.31,-19.15,0.0,,8,,20260825
COMP,"Compass, Inc.",Real Estate,Real Estate Services,NYSE,11.8,13074253,9058206720,0.6142,11.7,10.07,0.1651,39.86,13.11,7.01,17.36,0.0,85.0,2,13.96,6.37,-15.44,0.0,,8,,20260825
AN,"AutoNation, Inc.",Consumer Cyclical,Auto & Truck Dealerships,NYSE,196.8,402365,6506366976,7.1533,200.89,201.18,-0.5713,0.32,-12.68,-30.06,-16.38,0.0,60.25,1,235.81,176.62,-16.54,0.0,,8,,20260825
TFPM,Triple Flag Precious Metals Corp.,Basic Materials,Other Precious Metals & Mining,NYSE,35.7,650003,7354308096,1.1928,30.09,32.99,4.7027,10.88,-20.61,15.97,1.89,0.0,86.25,3,41.7,26.0,-14.39,0.0,,8,,20260825
KUMBF,Kumba Iron Ore Limited,Basic Materials,Steel,PNK,19.77,0,5022386176,0.4526,12.5,8.34,16.057,63.9,409.36,448.63,338.7,0.0,95.0,2,21.74,15.68,-9.06,0.0,,8,,20260825
EFGIF,EFG International AG,Financial Services,Banks - Diversified,PNK,21.0,0,6318124032,0.0013,21.0,22.16,0.0,-2.66,-26.67,-13.67,-15.47,0.0,37.0,3,25.12,20.0,-16.42,0.0,,8,,20260825
RADLY,Raia Drogasil S.A.,Healthcare,Pharmaceutical Retailers,PNK,3.86,140338,6749349376,0.1973,3.57,4.2,1.4529,4.66,-34.79,-7.32,-13.94,0.0,75.75,3,5.34,3.07,-27.74,0.0,,8,,20260825
LAD,"Lithia Motors, Inc.",Consumer Cyclical,Auto & Truck Dealerships,NYSE,371.89,303376,8175301120,13.0097,339.44,307.22,2.494,29.33,19.93,-5.29,12.19,0.0,86.25,2,439.49,239.78,-15.38,0.0,,8,,20260825
RSI,"Rush Street Interactive, Inc.",Consumer Cyclical,Gambling,NYSE,26.05,2796087,6032509440,1.2502,29.34,23.2,-2.6278,-2.65,26.4,4.22,10.26,0.0,37.5,3,34.53,15.51,-24.56,0.0,,8,,20260825
DFILF,DFI Retail Group Holdings Limited,Consumer Defensive,Grocery Stores,PNK,3.65,46,4874658816,0.0071,3.59,3.85,7.8693,-22.8,-23.86,28.87,-2.5,0.0,37.0,3,5.2,2.47,-29.81,0.0,,8,,20260825
ZLNDY,Zalando SE,Consumer Cyclical,Internet Retail,PNK,13.62,35539,6652624896,0.3765,14.83,13.55,-3.2033,2.95,1.67,-26.84,-9.42,0.0,60.0,3,17.37,10.84,-21.59,0.0,,8,,20260825
LDSCY,Land Securities Group Plc,Real Estate,REIT - Diversified,PNK,9.58,103593,7137573376,0.2278,9.22,8.31,1.5681,11.56,-1.83,9.19,5.93,0.0,82.5,2,9.98,6.88,-4.01,0.0,,8,,20260825
CEVMY,CTS Eventim AG & Co. KGaA,Communication Services,Entertainment,PNK,16.88,1347,6531247616,0.3567,15.68,18.28,3.3602,5.36,-24.07,-64.79,-33.0,0.0,62.0,3,30.5,12.87,-44.66,0.0,,8,,20260825
FLR,Fluor Corporation,Industrials,Engineering & Construction,NYSE,51.26,2598149,6855566848,2.2885,51.53,47.44,-0.1194,7.09,-15.49,3.37,-2.3,0.0,73.25,3,57.93,39.33,-11.51,0.0,,8,,20260825
SMBMF,Seatrium Limited,Energy,Oil & Gas Equipment & Services,PNK,1.67,2167,5930294272,0.0249,1.62,1.72,2.1816,-12.11,-25.06,-24.12,-21.45,0.0,37.0,3,2.31,1.12,-27.48,0.0,,8,,20260825
GMKKY,"Gruma, S.A.B. de C.V.",Consumer Defensive,Packaged Foods,PNK,14.81,326,4868524544,0.5102,16.46,17.54,-3.2415,-18.49,-36.81,-41.02,-33.92,0.0,2.5,4,19.75,14.51,-25.02,0.0,,8,,20260825
KLAR,Klarna Group plc,Financial Services,Credit Services,NYSE,14.27,5459950,5395679232,1.0253,18.62,20.55,-4.2459,-18.26,-10.24,-84.37,-41.9,0.0,37.5,4,47.48,12.06,-69.95,0.0,,8,,20260825
IMCDY,IMCD N.V.,Basic Materials,Specialty Chemicals,PNK,55.74,68507,6580980224,1.145,51.65,49.06,3.5694,3.46,7.36,-18.6,-4.0,0.0,86.25,2,61.56,39.76,-9.45,0.0,,8,,20260825
AXTA,Axalta Coating Systems Ltd.,Basic Materials,Specialty Chemicals,NYSE,36.4,2218995,7790328320,0.9195,34.75,31.54,1.7907,18.99,-5.56,-5.61,0.56,0.0,85.0,2,38.61,24.94,-5.72,0.0,,8,,20260825
URBN,"Urban Outfitters, Inc.",Consumer Cyclical,Apparel Retail,NASDAQ,75.78,1100146,6489426432,2.6855,73.81,71.25,0.734,-1.83,4.76,-21.56,-7.42,0.0,87.5,2,84.35,59.54,-10.16,0.0,,8,,20260825
MHK,"Mohawk Industries, Inc.",Consumer Cyclical,"Furnishings, Fixtures & Appliances",NYSE,133.77,828177,9061331968,4.1429,121.09,112.97,3.0611,26.57,-5.73,-19.58,-3.2,0.0,90.0,2,143.13,92.99,-6.54,0.0,,8,,20260825
FNB,F.N.B. Corporation,Financial Services,Banks - Regional,NYSE,18.37,4996107,6539057664,0.3248,18.93,17.53,-1.7086,2.67,-5.69,-5.39,-3.48,0.0,72.0,3,19.59,14.46,-6.23,0.0,,8,,20260825
GTX,Garrett Motion Inc.,Consumer Cyclical,Auto Parts,NASDAQ,26.27,2622298,4917442048,1.0901,31.27,23.38,-4.5892,-24.62,18.41,80.07,32.32,0.0,32.5,3,36.25,12.26,-27.53,0.0,,8,,20260825
MGHTF,Mercury NZ Limited,Utilities,Utilities - Renewable,PNK,4.37,0,5885419008,0.0001,4.37,4.05,0.0,-2.66,-1.28,-1.51,-1.72,0.0,62.0,3,4.37,2.02,-0.0,0.0,,8,,20260825
UGP,Ultrapar Participações S.A.,Energy,Oil & Gas Refining & Marketing,NYSE,6.7,3611115,7139654144,0.2076,5.88,5.14,3.9483,18.63,12.98,79.4,40.96,0.0,86.25,2,6.8,3.3,-1.47,0.0,,8,,20260825
DLKGF,Delek Group Ltd.,Energy,Oil & Gas E&P,PNK,29.38,33,61733330944,3.5499,150.52,264.44,-34.125,-94.01,-103.44,-107.44,-102.68,0.0,0.0,4,381.31,26.31,-92.29,0.0,,8,,20260825
GTES,Gates Industrial Corporation Ltd.,Industrials,Specialty Industrial Machinery,NYSE,25.96,1981928,6571804160,0.9604,27.23,24.82,-1.3268,0.14,-19.47,-17.11,-13.62,0.0,70.75,3,30.34,20.88,-14.44,0.0,,8,,20260825
GGPSF,Greatland Resources Limited,Basic Materials,Gold,PNK,9.66,3027,6746674176,0.4837,8.2,3.78,3.0148,2.37,4971.57,11233.49,6234.03,0.0,56.25,2,10.99,0.23,-12.08,0.0,,8,,20260825
WWNTY,Want Want China Holdings Limited,Consumer Defensive,Packaged Foods,PNK,21.0,11,4929507840,0.0403,22.2,27.57,-29.7924,-18.3,-45.6,-63.2,-45.81,0.0,0.0,4,37.9,21.0,-44.59,0.0,,8,,20260825
GBCI,"Glacier Bancorp, Inc.",Financial Services,Banks - Regional,NYSE,47.35,1152187,6165067264,1.0092,50.11,46.95,-2.7323,-4.28,-11.62,-19.46,-12.92,0.0,61.25,3,54.58,39.9,-13.25,0.0,,8,,20260825
SQNNY,"Square Enix Holdings Co., Ltd.",Communication Services,Electronic Gaming & Multimedia,PNK,9.01,702,6665283584,0.326,8.15,8.53,2.6309,-2.93,-2.91,-50.51,-21.95,0.0,78.75,3,12.88,6.75,-30.07,0.0,,8,,20260825
OMF,"OneMain Holdings, Inc.",Financial Services,Credit Services,NYSE,63.23,1054915,7274072064,1.5162,60.66,57.8,1.6956,17.18,6.61,-7.14,3.75,0.0,88.75,2,71.93,45.78,-12.1,0.0,,8,,20260825
DBX,"Dropbox, Inc.",Technology,Software - Infrastructure,NASDAQ,34.78,4004788,7562654208,1.1386,30.71,27.47,3.5708,28.99,31.22,0.68,18.45,0.0,90.0,2,36.3,21.7,-4.19,0.0,,8,,20260825
EXP,Eagle Materials Inc.,Basic Materials,Building Materials,NYSE,198.87,455484,6100401664,6.7966,212.89,210.95,-2.0634,-5.91,-25.97,-36.43,-25.14,0.0,23.25,4,245.53,171.99,-19.0,0.0,,8,,20260825
PNDRY,Pandora A/S,Consumer Cyclical,Luxury Goods,PNK,15.98,36420,9562512384,0.3911,14.71,11.88,3.2384,41.01,49.48,-26.05,17.15,0.0,87.5,2,17.57,8.25,-9.05,0.0,,8,,20260825
INGM,Ingram Micro Holding Corporation,Technology,Information Technology Services,NYSE,29.02,1201941,6693808640,1.0088,28.32,24.82,0.6978,5.91,32.79,26.06,23.38,0.0,73.25,2,31.69,18.77,-8.43,0.0,,8,,20260825
BSDGY,Bosideng International Holdings Limited,Consumer Cyclical,Apparel Manufacturing,PNK,26.7,45,6228369408,0.4867,27.36,27.23,-1.3639,4.68,-21.66,-22.01,-15.21,0.0,49.0,3,33.25,22.98,-19.7,0.0,,8,,20260825
SSRM,SSR Mining Inc.,Basic Materials,Gold,NASDAQ,39.21,3168509,8135724544,1.644,29.68,27.42,5.7938,24.67,15.99,109.38,55.51,0.0,90.0,2,39.42,17.58,-0.55,0.0,,8,,20260825
TKCOF,"Toho Co., Ltd.",Communication Services,Entertainment,PNK,8.8,24,8776031232,0.0091,8.46,4.23,37.9809,17.24,-398.19,-884.44,-488.83,0.0,75.0,2,12.93,7.34,-31.92,0.0,,8,,20260825
RYN,Rayonier Inc.,Real Estate,REIT - Specialty,NYSE,21.25,2676887,6359052800,0.5045,21.49,21.21,-0.473,2.57,-10.77,-32.79,-16.24,0.0,73.25,3,27.06,19.49,-21.47,0.0,,8,,20260825
BTG,B2Gold Corp.,Basic Materials,Gold,NYSE,5.87,23644900,7754684928,0.2274,4.28,4.6,6.9933,23.21,-14.78,28.79,12.15,0.0,91.25,3,6.29,3.57,-6.68,0.0,,8,,20260825
KTWIY,Kurita Water Industries Ltd.,Industrials,Pollution & Treatment Controls,PNK,101.14,252,5446224384,2.4562,110.77,101.14,-3.9212,-5.88,2708.05,2708.05,2029.57,0.0,50.0,3,122.41,3.58,-17.38,0.0,,8,,20260825
CPB,The Campbell's Company,Consumer Defensive,Packaged Foods,NASDAQ,23.47,8267334,6998900224,0.7124,22.39,23.76,1.5201,16.26,-22.98,-44.69,-21.85,0.0,77.0,3,34.17,19.56,-31.31,0.0,,8,,20260825
VSNT,"Versant Media Group, Inc.",Communication Services,Entertainment,NASDAQ,39.87,1896825,5548710912,1.2811,37.09,39.87,2.1686,-7.95,24.33,-24.28,-3.18,0.0,62.5,3,59.0,27.17,-32.42,0.0,,8,,20260825
ALKS,Alkermes plc,Healthcare,Drug Manufacturers - Specialty & Generic,NASDAQ,49.21,2058619,8255629824,1.6678,50.47,37.07,-0.7543,29.45,35.36,45.41,37.9,0.0,73.25,3,55.67,25.17,-11.6,0.0,,8,,20260825
DSGX,The Descartes Systems Group Inc.,Technology,Software - Application,NASDAQ,77.52,542166,6642752512,2.6949,73.39,75.59,1.5324,7.53,9.9,-43.53,-12.06,0.0,86.25,3,109.0,62.56,-28.88,0.0,,8,,20260825
KTWIF,Kurita Water Industries Ltd.,Industrials,Pollution & Treatment Controls,PNK,49.3,25,6045018112,0.3722,53.9,48.57,-12.3618,-12.2,-14.85,6.57,-5.62,0.0,25.0,3,60.37,32.89,-18.34,0.0,,8,,20260825
APGE,"Apogee Therapeutics, Inc.",Healthcare,Biotechnology,NASDAQ,134.85,2761552,10206491648,0.4637,130.24,89.7,9.9391,60.54,77.19,232.36,135.1,0.0,91.25,2,134.88,35.39,-0.02,0.0,,8,,20260825
MONOY,"MonotaRO Co., Ltd.",Consumer Cyclical,Internet Retail,PNK,11.6,85611,5704561664,0.3387,11.66,12.7,-0.1739,-4.82,-22.58,-54.37,-30.86,0.0,57.75,4,18.0,10.26,-35.56,0.0,,8,,20260825
NNCHY,Nissan Chemical Corporation,Basic Materials,Chemicals,PNK,48.7,100,6936708096,0.434,46.93,40.55,4.0755,9.32,10.92,11.47,10.74,0.0,50.0,2,52.0,31.68,-6.34,0.0,,8,,20260825
SATLF,"ZOZO, Inc.",Consumer Cyclical,Internet Retail,PNK,6.57,32,6453270016,0.0274,7.02,-3.16,-16.369,-7.17,-158.93,-83.06,-90.64,0.0,50.0,3,10.08,6.52,-34.83,0.0,,8,,20260825
EDNMY,Edenred SE,Financial Services,Credit Services,PNK,17.48,11877,4942332416,0.5598,14.78,11.61,4.8153,41.7,60.75,2.69,32.76,0.0,88.75,2,17.48,8.6,-0.0,0.0,,8,,20260825
BSDGF,Bosideng International Holdings Limited,Consumer Cyclical,Apparel Manufacturing,PNK,0.56,3677,6400990720,0.0241,0.56,0.55,0.1753,10.76,-15.5,-18.26,-10.04,0.0,82.5,2,0.69,0.42,-18.02,0.0,,8,,20260825
AUGO,Aura Minerals Inc.,Basic Materials,Gold,NASDAQ,90.47,1067746,7584718848,4.3658,64.41,65.31,5.9702,18.41,3.12,210.06,89.72,0.0,90.0,3,110.32,27.77,-17.99,0.0,,8,,20260825
DELKY,Delek Group Ltd.,Energy,Oil & Gas E&P,PNK,28.25,615,4809752576,0.454,26.97,28.39,2.8167,-13.44,-17.71,26.8,1.16,0.0,38.25,3,54.0,21.54,-47.69,0.0,,8,,20260825
PCCWY,PCCW Limited,Communication Services,Telecom Services,PNK,6.78,274,5500911104,0.172,6.92,6.95,-0.7891,-2.97,-22.87,-11.52,-13.35,0.0,25.25,4,8.31,6.37,-18.41,0.0,,8,,20260825
SCOTF,Scout24 SE,Communication Services,Internet Content & Information,PNK,85.0,0,5919419904,0.0103,84.88,101.32,11.6707,-0.86,-37.47,-13.3,-18.65,0.0,50.0,3,126.25,80.0,-32.67,0.0,,8,,20260825
SFGYY,Sony Financial Group Inc.,Financial Services,Insurance - Life,PNK,5.03,233349,6748697088,0.1576,4.65,4.74,2.3892,11.76,-10.88,-21.14,-9.32,0.0,92.5,3,5.69,4.05,-11.6,0.0,,8,,20260825
PHJMF,PT Hanjaya Mandala Sampoerna Tbk,Consumer Defensive,Tobacco,PNK,0.04,48155,4641091584,0.0043,0.05,0.05,-1.5321,-22.66,-45.81,11.87,-16.95,0.0,0.0,4,0.08,0.03,-50.0,0.0,,8,,20260825
LB,LandBridge Company LLC,Energy,Oil & Gas Equipment & Services,NYSE,85.94,359461,6624720384,4.1544,75.49,67.08,2.5143,14.14,18.61,39.95,26.03,0.0,90.0,2,91.69,43.75,-6.27,0.0,,8,,20260825
FSV,FirstService Corporation,Real Estate,Real Estate Services,NASDAQ,143.94,215333,6285826560,3.8483,142.02,146.17,0.4998,5.47,-18.84,-47.41,-24.19,0.0,73.25,3,209.66,119.41,-31.35,0.0,,8,,20260825
MTHRY,"M3, Inc.",Healthcare,Health Information Services,PNK,5.44,186955,7261639168,0.2831,5.46,5.68,-0.0579,22.75,1.55,-49.45,-13.55,0.0,57.75,4,8.85,3.97,-38.53,0.0,,8,,20260825
PCTY,Paylocity Holding Corporation,Technology,Software - Application,NASDAQ,152.24,770152,8077392384,5.6149,127.91,124.88,4.3323,36.55,35.58,-36.5,6.99,0.0,90.0,2,181.97,92.99,-16.34,0.0,,8,,20260825
LW,"Lamb Weston Holdings, Inc.",Consumer Defensive,Packaged Foods,NYSE,55.36,1581773,7611067392,1.5915,48.88,46.64,4.0723,30.1,5.29,-19.86,1.43,0.0,88.75,2,67.07,37.62,-17.46,0.0,,8,,20260825
CTXAY,Ampol Limited,Energy,Oil & Gas Refining & Marketing,PNK,59.44,1417,7082338304,1.4611,51.95,45.84,5.1245,21.5,37.59,36.6,33.17,0.0,86.25,2,61.82,37.3,-3.85,0.0,,8,,20260825
SOMMY,"Sumitomo Chemical Company, Limited",Basic Materials,Chemicals,PNK,17.39,630,5811287552,0.3398,16.38,16.19,2.96,-6.31,-17.08,-1.61,-8.2,0.0,52.5,2,20.6,13.83,-15.58,0.0,,8,,20260825
LNNGY,Li Ning Company Limited,Consumer Cyclical,Leisure,PNK,43.27,14761,4414266368,1.2818,47.48,58.43,-3.283,-25.81,-51.61,-51.33,-45.05,0.0,12.5,4,74.18,41.89,-41.67,0.0,,8,,20260825
TTAN,"ServiceTitan, Inc.",Technology,Software - Application,NASDAQ,91.87,1620977,8764175360,4.6913,79.07,78.25,2.7292,44.2,30.9,-32.36,8.92,0.0,90.0,2,119.99,54.17,-23.44,0.0,,8,,20260825
GLAPF,Glanbia plc,Consumer Defensive,Packaged Foods,PNK,27.03,826,6697264640,0.4336,26.89,21.37,0.3252,5.46,24.78,66.73,36.73,0.0,75.0,2,28.81,15.99,-6.18,0.0,,8,,20260825
GATX,GATX Corporation,Industrials,Rental & Leasing Services,NYSE,179.25,234322,6328431104,3.927,178.73,176.44,0.1326,2.36,-19.69,-10.73,-10.59,0.0,86.25,2,205.56,150.42,-12.8,0.0,,8,,20260825
OSCR,"Oscar Health, Inc.",Healthcare,Healthcare Plans,NYSE,30.93,6144857,9546389504,1.8323,30.09,19.86,0.458,38.99,139.44,64.1,84.19,0.0,88.75,2,33.55,10.69,-7.8,0.0,,8,,20260825
RYTM,"Rhythm Pharmaceuticals, Inc.",Healthcare,Biotechnology,NASDAQ,113.35,769061,7775081984,4.6166,108.31,99.26,1.0923,23.89,2.88,-10.24,2.88,0.0,87.5,2,122.2,74.5,-7.24,0.0,,8,,20260825
VNO,Vornado Realty Trust,Real Estate,REIT - Office,NYSE,39.94,1673241,8179393024,1.1927,39.08,33.22,0.7186,19.84,31.13,-12.8,10.74,0.0,86.25,2,43.37,24.57,-7.91,0.0,,8,,20260825
MIRM,"Mirum Pharmaceuticals, Inc.",Healthcare,Biotechnology,NASDAQ,98.08,811550,5981039104,4.4033,110.45,94.9,-2.809,-3.13,-20.77,17.13,-1.2,0.0,58.75,3,130.0,63.23,-24.55,0.0,,8,,20260825
GIGNF,Genting Singapore Limited,Consumer Cyclical,Resorts & Casinos,PNK,0.52,269,6012519424,0.0003,0.52,0.52,5.011,1.34,-13.5,-32.38,-17.34,0.0,62.0,3,0.61,0.44,-14.75,0.0,,8,,20260825
DFYFF,Definity Financial Corporation,Financial Services,Insurance - Property & Casualty,PNK,53.03,1613,6757714944,0.3899,53.7,51.1,-1.7239,5.13,-4.31,-26.48,-10.82,0.0,62.0,3,57.26,45.54,-7.38,0.0,,8,,20260825
SCCTY,Scout24 SE,Communication Services,Internet Content & Information,PNK,47.06,20733,6554539008,1.2714,43.55,45.51,2.7638,14.23,6.62,-51.54,-14.74,0.0,86.25,3,70.1,40.4,-32.87,0.0,,8,,20260825
MDA,MDA Space Ltd.,Industrials,Aerospace & Defense,NYSE,29.46,1608138,4774387712,1.783,34.39,29.46,-2.7629,-36.53,-19.95,-19.95,-24.1,0.0,33.75,3,49.37,23.23,-40.33,0.0,,8,,20260825
PACS,"PACS Group, Inc.",Healthcare,Medical Care Facilities,NYSE,43.94,895612,6954488320,2.1268,43.68,36.52,0.1236,10.74,-1.23,244.64,100.11,0.0,88.75,2,49.49,7.5,-11.21,0.0,,8,,20260825
ACT,"Enact Holdings, Inc.",Financial Services,Insurance - Specialty,NASDAQ,49.57,352026,6815065088,0.8762,46.42,41.9,3.5986,14.41,9.4,10.66,11.16,0.0,88.75,2,50.56,34.64,-1.96,0.0,,8,,20260825
UBSI,"United Bankshares, Inc.",Financial Services,Banks - Regional,NASDAQ,47.41,978860,6457838080,0.7171,47.2,42.29,0.2987,6.96,1.31,7.1,5.04,0.0,86.25,2,49.62,34.1,-4.45,0.0,,8,,20260825
EDNMF,Edenred SE,Financial Services,Credit Services,PNK,25.2,0,4795212288,0.0022,25.2,23.45,0.0,-2.66,2.38,-38.7,-15.31,0.0,75.0,3,48.6,20.6,-48.15,0.0,,8,,20260825
SKSUF,"Sekisui Chemical Co., Ltd.",Industrials,Conglomerates,PNK,16.77,4,5931836928,0.1378,14.87,-4.56,13.8032,11.48,-175.01,-62.87,-83.53,0.0,75.0,2,19.69,14.69,-14.83,0.0,,8,,20260825
TGTX,"TG Therapeutics, Inc.",Healthcare,Biotechnology,NCM,55.42,2460242,8483086848,2.621,53.12,38.05,0.8767,37.19,69.62,68.21,60.95,0.0,87.5,2,59.3,26.76,-6.54,0.0,,8,,20260825
MSM,"MSC Industrial Direct Co., Inc.",Industrials,Industrial Distribution,NYSE,118.33,751982,6608292352,3.0657,121.37,99.34,-0.9928,7.26,16.45,15.2,13.65,0.0,70.75,3,130.46,78.8,-9.3,0.0,,8,,20260825
AZIHF,Azimut Holding S.p.A.,Financial Services,Asset Management,PNK,45.99,586,6257851904,0.5714,42.79,41.06,5.5971,7.24,-1.05,19.38,9.19,0.0,81.25,2,46.07,34.25,-0.17,0.0,,8,,20260825
CHDN,Churchill Downs Incorporated,Consumer Cyclical,Gambling,NASDAQ,88.67,1017400,6180320256,2.9048,87.31,94.49,0.4684,4.44,-19.84,-34.45,-19.61,0.0,74.5,3,118.35,79.4,-25.08,0.0,,8,,20260825
SGHDY,"SG Holdings Co.,Ltd.",Industrials,Integrated Freight & Logistics,PNK,9.65,16,5537724416,0.0017,9.58,9.45,38.638,1.33,-17.81,-36.26,-20.4,0.0,75.0,2,11.75,8.93,-17.87,0.0,,8,,20260825
SKHCF,Sonic Healthcare Limited,Healthcare,Diagnostics & Research,PNK,14.25,30,8346407424,0.1099,13.96,14.1,2.6519,16.09,-21.14,-30.41,-15.54,0.0,76.25,3,16.96,12.0,-15.98,0.0,,8,,20260825
ACA,"Arcosa, Inc.",Industrials,Engineering & Construction,NYSE,145.25,735658,7132763648,0.6451,144.0,121.51,1.9321,13.39,4.34,26.5,15.47,0.0,81.25,2,146.92,89.03,-1.14,0.0,,8,,20260825
NBCLF,"Nitto Boseki Co., Ltd.",Consumer Cyclical,Textile Manufacturing,PNK,20.0,3912,3640512000,1.996,21.6,20.0,-0.8022,-41.33,117.02,519.49,238.42,0.0,36.25,3,40.4,13.2,-50.5,0.0,,8,,20260825
GRGDF,Groupe Dynamite Inc.,Consumer Cyclical,Apparel Retail,PNK,46.63,13084,5017811968,1.0054,39.4,52.79,7.1906,-16.54,-41.42,55.6,3.61,0.0,26.25,3,70.53,27.39,-33.89,0.0,,8,,20260825
WH,"Wyndham Hotels & Resorts, Inc.",Consumer Cyclical,Lodging,NYSE,75.87,1379193,5630397952,2.1181,78.05,78.01,-1.0301,-7.78,-21.11,-32.93,-22.5,0.0,35.25,4,90.35,69.21,-16.03,0.0,,8,,20260825
ETSY,"Etsy, Inc.",Consumer Cyclical,Internet Retail,NYSE,84.43,2995592,7749132800,3.4001,80.16,63.04,1.255,28.94,43.18,14.74,28.24,0.0,85.0,2,87.97,44.0,-4.03,0.0,,8,,20260825
MRCY,"Mercury Systems, Inc.",Industrials,Aerospace & Defense,NASDAQ,87.74,769093,5276344320,6.1389,106.28,90.07,-3.0202,-13.96,-13.17,11.28,-3.59,0.0,20.75,4,128.45,65.04,-31.69,0.0,,8,,20260825
TAL,TAL Education Group,Consumer Defensive,Education & Training Services,NYSE,11.59,4109520,6428987392,0.4118,10.7,10.98,2.1501,15.96,-6.27,-13.38,-3.56,0.0,88.75,3,13.37,8.88,-13.31,0.0,,8,,20260825
OUT,OUTFRONT Media Inc.,Real Estate,REIT - Specialty,NYSE,30.66,1847784,5400306688,0.7845,31.79,27.8,-1.4403,-9.51,6.72,47.9,19.14,0.0,50.75,3,34.96,16.97,-12.3,0.0,,8,,20260825
VOPKY,Koninklijke Vopak N.V.,Energy,Oil & Gas Midstream,PNK,53.45,25,6445646336,0.1108,53.14,48.99,2.8334,-2.26,-5.59,-6.31,-5.05,0.0,62.0,2,56.66,42.45,-5.67,0.0,,8,,20260825
SLFPY,Aberdeen Group Plc,Financial Services,Asset Management,PNK,13.6,28,6350573568,0.0311,12.96,11.36,20.6827,6.76,12.3,11.42,10.56,0.0,75.0,2,13.8,9.9,-1.45,0.0,,8,,20260825
RKWBF,Rockwool A/S,Industrials,Building Products & Equipment,PNK,29.45,14,6406636032,0.0377,30.76,28.51,-34.8894,4.47,-11.26,-34.75,-16.72,0.0,49.0,3,39.8,27.49,-26.01,0.0,,8,,20260825
SMBMY,Seatrium Limited,Energy,Oil & Gas Equipment & Services,PNK,15.41,52,5161050112,0.1128,15.43,16.02,-0.1513,-14.61,-9.4,-36.98,-21.73,0.0,24.0,4,20.68,15.0,-25.51,0.0,,8,,20260825
ZLDSF,Zalando SE,Consumer Cyclical,Internet Retail,PNK,26.4,7,6349788672,0.0294,26.02,28.25,12.6429,13.48,-25.94,-25.12,-15.76,0.0,62.0,3,31.01,22.73,-14.88,0.0,,8,,20260825
CAR,"Avis Budget Group, Inc.",Industrials,Rental & Leasing Services,NASDAQ,145.13,606909,5126826496,6.6497,155.86,157.69,-1.6142,-15.15,42.39,-26.67,0.38,0.0,25.75,4,847.7,85.96,-82.88,0.0,,8,,20260825
BYD,Boyd Gaming Corporation,Consumer Cyclical,Resorts & Casinos,NYSE,81.11,975912,5893081088,1.7695,85.95,84.12,-2.7358,-1.54,-16.37,-24.46,-15.9,0.0,18.25,4,91.41,76.33,-11.27,0.0,,8,,20260825
EAT,"Brinker International, Inc.",Consumer Cyclical,Restaurants,NYSE,248.7,1023415,10666193920,10.0528,198.76,158.87,4.9677,75.75,64.16,45.36,59.54,0.0,88.75,2,254.99,100.3,-2.47,0.0,,8,,20260825
ONEXF,Onex Corporation,Financial Services,Asset Management,PNK,83.57,11573,6366904320,1.5571,77.92,78.85,3.6287,6.7,-0.41,-20.56,-6.7,0.0,86.25,3,92.45,69.26,-9.61,0.0,,8,,20260825
TFX,Teleflex Incorporated,Healthcare,Medical Instruments & Supplies,NYSE,140.18,550028,5939762176,4.4539,132.75,121.26,1.6688,4.25,14.0,-10.48,1.77,0.0,86.25,2,145.0,100.18,-3.32,0.0,,8,,20260825
WKCMF,Wacker Chemie AG,Basic Materials,Specialty Chemicals,PNK,106.0,44,5343363584,0.8381,107.32,96.76,-1.5703,-12.95,-2.54,13.23,1.17,0.0,39.5,3,122.41,72.6,-13.41,0.0,,8,,20260825
HLPPF,Hang Lung Properties Limited,Real Estate,Real Estate Services,PNK,0.93,6,6139637248,0.0123,1.11,1.14,-14.9592,-21.69,-34.21,-23.63,-26.85,0.0,1.25,4,1.2,0.91,-22.75,0.0,,8,,20260825
KIROY,Kumba Iron Ore Limited,Basic Materials,Steel,PNK,5.12,56925,4920380416,0.2137,5.47,6.22,-1.6499,-20.68,-39.12,-21.07,-27.29,0.0,11.25,4,8.47,5.01,-39.55,0.0,,8,,20260825
WAWIF,Wallenius Wilhelmsen ASA,Industrials,Marine Shipping,PNK,17.5,168,7400244736,0.1966,14.75,12.46,13.9665,23.7,19.9,55.67,35.16,0.0,75.0,2,17.5,7.29,0.0,0.0,,8,,20260825
SNDR,"Schneider National, Inc.",Industrials,Trucking,NYSE,34.71,918833,6084694016,1.1788,36.18,30.14,-1.2456,-1.84,15.34,18.93,12.48,0.0,49.5,3,39.27,20.11,-11.61,0.0,,8,,20260825
SFRRF,Sandfire Resources Limited,Basic Materials,Copper,PNK,15.14,262,7237931008,0.0561,14.42,12.62,12.8016,18.22,-0.95,83.14,37.48,0.0,75.0,2,15.5,7.4,-2.32,0.0,,8,,20260825
PREKF,PrairieSky Royalty Ltd.,Energy,Oil & Gas E&P,PNK,26.14,63419,6076060160,0.4155,24.0,22.29,5.1485,4.61,5.95,31.74,15.93,0.0,88.75,2,27.36,17.09,-4.46,0.0,,8,,20260825
LOAR,Loar Holdings Inc.,Industrials,Aerospace & Defense,NYSE,73.11,712857,6849564160,3.1306,73.21,67.59,-0.0333,13.97,0.09,-19.05,-4.1,0.0,73.25,3,83.43,53.15,-12.37,0.0,,8,,20260825
CHE,Chemed Corporation,Healthcare,Medical Care Facilities,NYSE,543.98,187098,7109797376,12.3264,502.02,443.18,3.4044,22.42,4.45,-0.87,6.81,0.0,87.5,2,557.0,365.21,-2.34,0.0,,8,,20260825
APPF,"AppFolio, Inc.",Technology,Software - Application,NASDAQ,223.05,411447,7899760128,8.9219,180.05,188.62,4.8202,33.89,22.14,-38.99,0.63,0.0,93.75,3,288.74,142.56,-22.75,0.0,,8,,20260825
VOPKF,Koninklijke Vopak N.V.,Energy,Oil & Gas Midstream,PNK,54.71,2814,6210885632,0.0717,53.85,50.51,11.989,0.09,-7.16,-3.8,-4.01,0.0,75.0,2,56.35,42.85,-2.91,0.0,,8,,20260825
XYIGY,Xinyi Glass Holdings Limited,Basic Materials,Building Materials,PNK,24.0,100,5401458688,0.2902,22.18,23.17,6.2566,-2.5,-17.4,-7.33,-9.64,0.0,50.0,3,29.99,20.0,-19.97,0.0,,8,,20260825
TOITF,Topicus.com Inc.,Technology,Software - Infrastructure,PNK,75.0,32449,16002801664,2.4578,69.19,75.36,2.3647,5.62,6.45,-60.82,-20.66,0.0,73.25,3,129.35,60.5,-42.02,0.0,,8,,20260825
PUTKF,PT United Tractors Tbk,Basic Materials,Other Industrial Metals & Mining,PNK,1.6,0,5588950016,0.0,1.6,1.61,0.0,-2.66,-13.41,-2.71,-6.44,0.0,49.0,3,1.82,1.4,-12.09,0.0,,8,,20260825
MTHRF,"M3, Inc.",Healthcare,Health Information Services,PNK,10.36,98,6787763712,0.0658,8.93,11.19,21.7664,18.52,-21.73,-46.2,-21.46,0.0,63.25,3,15.25,8.55,-32.05,0.0,,8,,20260825
CZR,"Caesars Entertainment, Inc.",Consumer Cyclical,Resorts & Casinos,NASDAQ,29.66,6488265,6042345984,0.2128,29.83,26.09,-0.8034,2.21,33.8,-9.13,8.73,0.0,69.5,3,30.88,17.86,-3.95,0.0,,8,,20260825
CDEVY,City Developments Limited,Real Estate,Real Estate - Development,PNK,6.63,1869,5923253760,0.1974,6.04,6.27,2.969,4.59,-28.11,9.58,-4.86,0.0,52.5,3,8.2,4.92,-19.15,0.0,,8,,20260825
MAC,The Macerich Company,Real Estate,REIT - Retail,NYSE,24.26,3571777,7157436928,0.5481,25.02,20.83,-1.3955,6.29,10.17,18.54,12.55,0.0,72.0,3,26.68,16.03,-9.07,0.0,,8,,20260825
TKMCY,TKMS AG & Co KGaA,Unknown,Unknown,PNK,11.25,655,0,0.5832,11.25,11.25,0.0,19.76,19.76,19.76,19.76,0.0,63.39,3,12.71,8.31,-11.49,0.0,,8,,20260825
NJR,New Jersey Resources Corporation,Utilities,Utilities - Regulated Gas,NYSE,53.81,683300,5430589952,1.1433,56.74,52.48,-2.5621,-7.95,-9.96,-3.33,-6.81,0.0,57.5,3,60.86,43.46,-11.58,0.0,,8,,20260825
RRR,"Red Rock Resorts, Inc.",Consumer Cyclical,Resorts & Casinos,NASDAQ,59.72,754726,6090707456,1.827,63.38,59.21,-2.0035,2.5,-14.52,-19.62,-12.3,0.0,57.5,3,68.99,50.52,-13.44,0.0,,8,,20260825
MNTHY,Minth Group Limited,Consumer Cyclical,Auto Parts,PNK,71.59,2058,4204200960,2.8527,71.2,85.36,0.1371,-27.51,-47.52,-31.14,-35.97,0.0,32.5,3,118.24,62.81,-39.45,0.0,,8,,20260825
FLG,"Flagstar Bank, National Association",Financial Services,Banks - Regional,NYSE,13.44,4750701,5578847232,0.2758,14.48,13.49,-3.7677,-6.44,-12.98,-13.27,-11.46,0.0,30.25,1,15.44,10.57,-12.95,0.0,,8,,20260825
IBP,"Installed Building Products, Inc.",Consumer Cyclical,Residential Construction,NYSE,246.98,409373,6564524544,10.5255,230.23,260.68,1.5915,11.66,-34.06,-28.4,-20.37,0.0,72.0,3,349.0,193.11,-29.23,0.0,,8,,20260825
ASAAF,AT & S Austria Technologie & Systemtechnik Aktiengesellschaft,Technology,Electronic Components,PNK,202.5,150,6856247808,4.626,202.7,96.39,-0.0426,33.71,460.37,1495.95,767.94,0.0,65.75,3,261.24,12.52,-22.48,0.0,,8,,20260825
MRUWY,"Maruwa Co.,Ltd.",Technology,Electronic Components,PNK,13.46,47764,166094336,0.7471,13.46,13.46,0.0,-24.14,-24.14,-24.14,-24.14,0.0,73.25,3,18.41,11.86,-26.87,0.0,,8,,20260825
SRRK,Scholar Rock Holding Corporation,Healthcare,Biotechnology,NASDAQ,58.25,1344622,7093992448,2.3964,52.14,46.7,2.5494,10.78,11.86,44.13,24.5,0.0,86.25,2,59.48,27.07,-2.07,0.0,,8,,20260825
POR,Portland General Electric Company,Utilities,Utilities - Regulated Electric,NYSE,49.81,1182284,5858041856,0.9854,50.94,49.87,-1.1449,-1.3,-16.87,0.83,-5.9,0.0,62.75,3,54.62,41.8,-8.81,0.0,,8,,20260825
NXST,"Nexstar Media Group, Inc.",Communication Services,Broadcasting,NASDAQ,189.39,393293,5834783744,6.7857,179.98,195.94,1.3864,-0.58,-29.07,-25.1,-20.36,0.0,75.75,3,254.3,154.47,-25.52,0.0,,8,,20260825
PCWLF,PCCW Limited,Communication Services,Telecom Services,PNK,0.66,841,5191001088,0.027,0.69,0.7,-1.0541,-7.27,-19.6,-17.66,-15.74,0.0,30.25,4,0.81,0.63,-18.52,0.0,,8,,20260825
ENIC,Enel Chile S.A.,Utilities,Utilities - Regulated Electric,NYSE,4.57,567715,6321823744,0.1174,4.46,4.14,0.9408,4.72,-1.93,16.03,6.92,0.0,85.0,2,4.74,3.4,-3.59,0.0,,8,,20260825
PSN,Parsons Corporation,Technology,Information Technology Services,NYSE,48.04,1426206,5130931200,2.4419,51.62,60.34,-1.4666,-17.04,-37.76,-59.82,-41.4,0.0,13.75,4,89.5,36.26,-46.32,0.0,,8,,20260825
CE,Celanese Corporation,Basic Materials,Chemicals,NYSE,44.52,1770865,4886022144,1.9135,46.49,50.44,-1.028,-17.24,-28.07,-28.24,-25.43,0.0,22.0,4,70.7,35.13,-37.03,0.0,,8,,20260825
SFGRF,Sony Financial Group Inc.,Financial Services,Insurance - Life,PNK,1.05,5364,5366756864,0.0295,0.91,-1.05,4.4897,20.87,-145.27,-147.41,-104.59,0.0,75.0,2,1.11,0.63,-5.63,0.0,,8,,20260825
PEGA,Pegasystems Inc.,Technology,Software - Application,NASDAQ,34.0,2590817,5589768192,1.4101,31.15,42.28,2.0208,-2.91,-33.13,-55.43,-34.49,0.0,43.75,3,68.1,25.1,-50.07,0.0,,8,,20260825
PIPR,Piper Sandler Companies,Financial Services,Capital Markets,NYSE,74.74,577719,5281896960,2.3932,75.82,80.13,-0.4515,-9.63,-13.53,-28.84,-18.68,0.0,35.25,4,95.06,68.7,-21.38,0.0,,8,,20260825
TMSNY,Temenos AG,Technology,Software - Application,PNK,93.92,1874,6382710784,1.808,85.26,89.41,4.7904,6.53,0.18,-13.59,-3.74,0.0,90.0,3,107.27,74.5,-12.45,0.0,,8,,20260825
KMX,"CarMax, Inc.",Consumer Cyclical,Auto & Truck Dealerships,NYSE,64.22,3074453,9113531392,2.1001,56.12,45.12,3.8571,55.72,36.81,-13.08,21.58,0.0,88.75,2,64.59,30.26,-0.57,0.0,,8,,20260825
DFIHY,DFI Retail Group Holdings Limited,Consumer Defensive,Grocery Stores,PNK,17.15,3,5348583936,0.2236,19.94,18.64,-12.497,-17.46,-5.66,-18.33,-13.68,0.0,12.0,4,21.5,15.92,-20.23,0.0,,8,,20260825
PTCT,"PTC Therapeutics, Inc.",Healthcare,Biotechnology,NASDAQ,73.47,1703304,6131865088,2.6182,77.27,73.47,-1.4507,6.3,-5.51,25.28,9.76,0.0,73.25,3,90.87,48.27,-19.15,0.0,,8,,20260825
ABCB,Ameris Bancorp,Financial Services,Banks - Regional,NYSE,85.54,494109,5740353536,1.4773,88.81,81.95,-2.2169,-2.28,-3.7,-0.05,-1.88,0.0,70.75,3,93.22,68.8,-8.24,0.0,,8,,20260825
HPHTF,Hamamatsu Photonics K.K.,Technology,Electronic Components,PNK,14.85,358,4287741952,0.2887,15.28,12.98,-1.4984,-22.12,11.47,11.78,3.2,0.0,37.0,3,19.0,9.15,-21.84,0.0,,8,,20260825
CACC,Credit Acceptance Corporation,Financial Services,Credit Services,NASDAQ,604.26,155685,6320602624,18.2095,599.3,512.2,0.2722,7.16,9.92,-0.7,4.98,0.0,90.0,2,668.86,401.9,-9.66,0.0,,8,,20260825
GLAPY,Glanbia plc,Consumer Defensive,Packaged Foods,PNK,127.0,114,6018112512,0.5746,133.15,105.09,-10.7092,5.7,19.94,37.26,23.31,0.0,62.0,3,143.5,79.41,-11.5,0.0,,8,,20260825
GNGBY,Getinge AB (publ),Healthcare,Medical Devices,PNK,25.74,2015,6980831744,0.2321,22.93,21.68,12.1095,18.81,8.35,2.84,8.76,0.0,85.0,2,25.93,18.99,-0.74,0.0,,8,,20260825
RKGRY,RENK Group AG,Industrials,Aerospace & Defense,PNK,11.32,223,5364999680,0.2247,10.63,11.32,3.1104,1.6,-21.87,-21.87,-16.0,0.0,50.0,3,13.11,9.36,-13.62,0.0,,8,,20260825
OTEX,Open Text Corporation,Technology,Software - Application,NASDAQ,24.36,2082260,5898207232,0.8502,23.41,25.63,1.1137,2.98,-8.18,-42.39,-19.07,0.0,73.25,3,39.9,19.78,-38.95,0.0,,8,,20260825
SIGCY,SIG Group AG,Consumer Cyclical,Packaging & Containers,PNK,16.87,1419,6519089664,0.3487,17.07,15.02,-0.5803,11.14,-2.07,-16.97,-4.73,0.0,63.25,3,19.11,9.73,-11.74,0.0,,8,,20260825
PATH,"UiPath, Inc.",Technology,Software - Infrastructure,NYSE,16.66,67256990,8631883776,0.7814,12.71,12.75,5.0509,47.92,52.93,29.15,42.16,0.0,96.25,3,19.84,9.2,-16.03,0.0,,8,,20260825
SRTTY,"ZOZO, Inc.",Consumer Cyclical,Internet Retail,PNK,6.88,10965,6216854528,0.2331,6.98,7.27,-0.4611,14.67,-12.84,-54.97,-22.81,0.0,50.25,4,10.29,5.74,-33.19,0.0,,8,,20260825
NOVTU,Novanta Inc.,Technology,Scientific & Technical Instruments,NASDAQ,59.91,39807,0,3.2754,64.11,59.91,-1.2816,-14.56,-8.5,14.58,-0.78,0.0,35.0,3,76.95,47.57,-22.14,0.0,,8,,20260825
NOVT,Novanta Inc.,Technology,Scientific & Technical Instruments,NASDAQ,139.65,508065,5281250816,7.2458,152.76,136.04,-1.8093,-16.78,-10.41,-6.44,-10.42,0.0,36.25,3,176.38,98.27,-20.82,0.0,,8,,20260825
GVA,Granite Construction Incorporated,Industrials,Engineering & Construction,NYSE,121.95,892015,5417859584,4.2528,131.98,125.4,-2.3581,-10.89,-22.3,-9.72,-14.42,0.0,20.75,4,162.08,97.26,-24.76,0.0,,8,,20260825
MSSMY,MISUMI Group Inc.,Industrials,Tools & Accessories,PNK,10.5,519,6112325120,0.2749,11.91,9.75,-5.1299,6.85,-5.06,24.17,9.61,0.0,53.75,3,13.0,6.64,-19.23,0.0,,8,,20260825
BLCO,Bausch + Lomb Corporation,Healthcare,Medical Instruments & Supplies,NYSE,17.25,420625,6161100288,0.4666,16.43,16.48,1.7672,7.01,-18.47,-4.54,-6.53,0.0,87.5,3,18.91,13.77,-8.8,0.0,,8,,20260825
AMTM,"Amentum Holdings, Inc.",Industrials,Specialty Business Services,NYSE,20.26,2150395,4953699840,1.0064,21.59,26.46,-1.3204,-13.87,-44.91,-38.77,-34.69,0.0,13.75,4,38.11,19.8,-46.84,0.0,,8,,20260825
ESTC,Elastic N.V.,Technology,Software - Application,NYSE,80.4,2180073,8422018560,3.5517,66.63,63.82,3.8767,45.46,30.58,-19.58,14.24,0.0,92.5,2,96.07,42.05,-16.31,0.0,,8,,20260825
CGON,"CG Oncology, Inc.",Healthcare,Biotechnology,NASDAQ,78.95,1018863,6998157312,3.1724,71.83,59.66,2.2452,25.26,23.31,173.33,83.8,0.0,90.0,2,80.97,25.25,-2.49,0.0,,8,,20260825
IFS,Intercorp Financial Services Inc.,Financial Services,Banks - Regional,NYSE,54.57,305287,6024402432,1.6688,57.4,47.89,-1.6968,5.95,1.65,21.58,10.7,0.0,69.5,3,61.38,38.29,-11.09,0.0,,8,,20260825
HPHTY,Hamamatsu Photonics K.K.,Technology,Electronic Components,PNK,6.72,124,4717959680,0.1881,7.65,6.45,-4.9253,-32.4,8.61,-5.22,-7.18,0.0,26.25,3,9.56,4.93,-29.74,0.0,,8,,20260825
BKH,Black Hills Corporation,Utilities,Utilities - Regulated Gas,NYSE,73.02,907988,5568004096,1.4756,73.09,71.19,-0.0443,-3.7,-11.07,4.29,-3.08,0.0,74.5,3,78.69,58.06,-7.21,0.0,,8,,20260825
RMSYF,Ramsay Health Care Limited,Healthcare,Medical Care Facilities,PNK,29.58,7,5770745344,0.0276,28.81,24.71,27.8087,17.54,7.9,-3.49,5.75,0.0,75.0,2,30.0,20.0,-1.4,0.0,,8,,20260825
JBHIF,JB Hi-Fi Limited,Consumer Cyclical,Specialty Retail,PNK,57.93,56,8881200128,0.3359,52.62,57.8,15.8195,9.44,-10.61,-40.28,-17.47,0.0,75.0,3,81.23,50.17,-28.68,0.0,,8,,20260825
RNKGF,RENK Group AG,Industrials,Aerospace & Defense,PNK,57.57,260,5695400448,0.5033,53.57,60.72,7.9472,0.26,-30.58,-34.58,-24.47,0.0,62.0,3,104.2,46.43,-44.75,0.0,,8,,20260825
EMLZF,Emmi AG,Consumer Defensive,Packaged Foods,PNK,1075.0,0,5349810176,0.2361,1078.49,999.65,-14.8024,-0.74,0.45,-12.85,-5.17,0.0,62.0,3,1099.16,856.9,-2.2,0.0,,8,,20260825
USAR,"USA Rare Earth, Inc.",Basic Materials,Other Industrial Metals & Mining,NASDAQ,19.41,13477963,4749066752,1.4456,18.42,19.16,0.6817,-32.31,-16.83,2.15,-13.11,0.0,63.75,3,43.98,11.45,-55.87,0.0,,8,,20260825
CPA,"Copa Holdings, S.A.",Industrials,Airlines,NYSE,133.47,313049,6036337664,4.0675,143.22,129.1,-2.3976,-7.34,-18.02,-0.08,-8.17,0.0,56.25,3,160.47,107.44,-16.83,0.0,,8,,20260825
SLFPF,Aberdeen Group Plc,Financial Services,Asset Management,PNK,3.26,698,6056054272,0.0211,3.27,2.9,-0.6826,2.85,0.72,-1.61,0.32,0.0,63.25,3,3.44,2.45,-5.23,0.0,,8,,20260825
ZGN,Ermenegildo Zegna N.V.,Consumer Cyclical,Apparel Manufacturing,NYSE,13.65,1256990,3662459392,0.5208,13.89,11.75,-0.4624,-1.47,12.24,47.19,22.79,0.0,73.25,3,15.95,8.2,-14.42,0.0,,8,,20260825
BAFBF,Balfour Beatty plc,Industrials,Engineering & Construction,PNK,12.11,141,5701214720,0.0594,11.23,10.21,14.8336,0.41,15.44,25.63,15.76,0.0,75.0,2,12.11,7.91,-0.0,0.0,,8,,20260825
TKMSF,TKMS AG & Co KGaA,Unknown,Unknown,PNK,107.2,671,0,7.0496,107.2,107.2,0.0,8.36,8.36,8.36,8.36,0.0,64.5,3,120.0,73.0,-10.67,0.0,,8,,20260825
KOF,"Coca-Cola FEMSA, S.A.B. de C.V.",Consumer Defensive,Beverages - Non-Alcoholic,NYSE,116.9,136082,24558729216,2.5331,106.96,100.8,3.9256,6.51,-4.04,16.95,6.99,0.0,90.0,2,116.98,80.22,-0.07,0.0,,8,,20260825
COCSF,"Coca-Cola FEMSA, S.A.B. de C.V.",Consumer Defensive,Beverages - Non-Alcoholic,PNK,11.5,1036,24159571968,0.4884,10.88,10.31,1.2751,1.86,-9.46,16.0,3.55,0.0,80.0,2,12.24,7.57,-6.05,0.0,,8,,20260825
FINN,"First National of Nebraska, Inc.",Financial Services,Banks - Regional,OID,19500.0,60,5269485056,100.4176,18896.77,16982.47,6.0072,3.11,4.78,33.62,15.9,0.0,81.25,2,19500.0,13000.0,0.0,0.0,,8,,20260825
MNTHF,Minth Group Limited,Consumer Cyclical,Auto Parts,PNK,3.2,484,3748521728,0.0725,3.24,3.34,-0.5177,-12.39,-14.21,9.56,-4.25,0.0,25.25,4,5.54,2.94,-42.24,0.0,,8,,20260825
TKECF,"Tokyo Electric Power Company Holdings, Incorporated",Utilities,Utilities - Renewable,PNK,3.44,771,5513295360,0.0948,3.13,3.87,3.2336,-4.37,-22.66,-49.79,-28.94,0.0,28.75,3,6.0,2.7,-42.67,0.0,,8,,20260825
SHJBF,"Shanghai Junshi Biosciences Co., Ltd.",Healthcare,Biotechnology,PNK,3.35,0,4335997440,0.0001,3.35,3.3,0.0,-2.66,-0.81,48.59,18.49,0.0,62.0,3,4.23,1.97,-20.78,0.0,,8,,20260825
COIHY,Croda International Plc,Basic Materials,Specialty Chemicals,PNK,23.66,7150,6594237952,0.4263,20.83,19.32,6.6288,15.23,-1.96,22.85,12.26,0.0,87.5,2,23.66,16.26,-0.0,0.0,,8,,20260825
BRTHY,"Brother Industries, Ltd.",Industrials,Business Equipment & Supplies,PNK,58.15,85,7187840512,0.3735,49.73,42.53,22.5327,28.02,30.22,49.57,37.41,0.0,75.0,2,58.15,31.75,0.0,0.0,,8,,20260825
ESNT,Essent Group Ltd.,Financial Services,Insurance - Specialty,NYSE,69.0,750950,6201478144,1.3608,65.37,61.96,2.6676,12.61,5.2,-10.7,0.69,0.0,91.25,2,70.37,55.34,-1.95,0.0,,8,,20260825
MCY,Mercury General Corporation,Financial Services,Insurance - Property & Casualty,NYSE,104.48,294252,5787003904,2.5801,106.62,95.6,-0.8294,0.89,10.62,18.66,11.4,0.0,72.0,3,113.06,74.29,-7.59,0.0,,8,,20260825
BYCRF,"Baycurrent, Inc.",Industrials,Consulting Services,PNK,45.31,61,5094796800,0.4736,39.84,19.09,11.548,23.05,-703.22,-3835.65,-1774.63,0.0,75.0,2,62.0,28.17,-26.92,0.0,,8,,20260825
ESAB,ESAB Corporation,Industrials,Metal Fabrication,NYSE,80.46,738303,5002021888,3.8014,89.79,103.33,-2.4537,-17.08,-47.67,-51.04,-41.37,0.0,8.75,4,137.42,77.34,-41.45,0.0,,8,,20260825
PECO,"Phillips Edison & Company, Inc.",Real Estate,REIT - Retail,NASDAQ,39.91,998325,5634156032,0.681,41.5,38.03,-2.3329,-3.7,-7.83,-1.44,-4.24,0.0,72.0,3,44.38,32.98,-10.06,0.0,,8,,20260825
SBSNY,Vend Marketplaces ASA,Communication Services,Internet Content & Information,PNK,27.62,9514,5475371520,0.7416,25.33,26.56,3.0889,1.57,2.41,-55.21,-20.85,0.0,58.75,3,45.0,18.0,-38.62,0.0,,8,,20260825
COGT,"Cogent Biosciences, Inc.",Healthcare,Biotechnology,NASDAQ,36.8,2491834,6385718784,1.7136,38.48,36.7,-0.9826,6.12,-18.1,183.63,68.65,0.0,74.5,3,43.73,11.6,-15.85,0.0,,8,,20260825
RGLXY,RTL Group S.A.,Communication Services,Broadcasting,PNK,3.44,204,5190380032,0.0757,3.73,3.67,-3.8575,-25.7,-28.45,-33.81,-29.91,0.0,12.0,4,5.26,3.24,-34.6,0.0,,8,,20260825
MGY,Magnolia Oil & Gas Corporation,Energy,Oil & Gas E&P,NYSE,26.44,4317906,6411490304,0.8537,25.91,26.02,0.6264,-7.7,-13.5,-8.1,-9.89,0.0,63.75,3,32.76,21.07,-19.29,0.0,,8,,20260825
BBRYF,Burberry Group plc,Consumer Cyclical,Luxury Goods,PNK,16.42,95,6000028160,0.0349,15.87,16.23,15.8235,3.01,-20.07,-19.6,-14.11,0.0,75.0,3,18.37,13.34,-10.62,0.0,,8,,20260825
WILWY,Wallenius Wilhelmsen ASA,Industrials,Marine Shipping,PNK,28.5,24,6025913856,0.0947,26.9,22.92,16.8683,16.84,13.97,59.15,32.76,0.0,75.0,2,30.0,14.01,-5.0,0.0,,8,,20260825
CWST,"Casella Waste Systems, Inc.",Industrials,Waste Management,NASDAQ,93.43,657344,5945889792,2.8335,92.22,91.98,0.4268,4.95,-10.32,-28.9,-13.93,0.0,86.25,2,107.96,74.05,-13.46,0.0,,8,,20260825
SYNA,Synaptics Incorporated,Technology,Semiconductors,NASDAQ,94.87,958853,3710079744,5.2492,115.98,94.99,-4.0211,-38.02,5.02,12.77,-2.64,0.0,20.75,4,149.11,58.28,-36.38,0.0,,8,,20260825
ATDRF,Autotrader Group plc,Communication Services,Internet Content & Information,PNK,6.5,281,5052196864,0.019,6.5,7.01,0.1864,-7.52,-12.32,-60.14,-30.25,0.0,62.0,3,11.38,5.79,-42.87,0.0,,8,,20260825
AVTR,"Avantor, Inc.",Healthcare,Medical Instruments & Supplies,NYSE,14.42,9930326,9753094144,0.4991,11.8,10.24,5.241,74.85,46.27,-11.34,30.37,0.0,86.25,2,15.93,7.26,-9.48,0.0,,8,,20260825
ZEGLF,Zegona Communications plc,Communication Services,Telecom Services,PNK,21.5,115,4848331776,0.151,20.56,21.5,6.2542,-14.83,-12.76,-12.76,-13.28,0.0,51.25,3,24.58,18.95,-12.53,0.0,,8,,20260825
TKECY,"Tokyo Electric Power Company Holdings, Incorporated",Utilities,Utilities - Renewable,PNK,3.34,2966,5353025024,0.0935,3.11,3.96,2.4781,-9.88,-35.69,-54.52,-36.77,0.0,33.75,3,5.8,2.76,-42.41,0.0,,8,,20260825
SSMXY,Sysmex Corporation,Healthcare,Medical Devices,PNK,12.35,102809,7474193920,0.4449,10.12,9.44,5.0226,40.64,29.12,-27.56,9.33,0.0,91.25,2,13.49,8.01,-8.45,0.0,,8,,20260825
SSMXF,Sysmex Corporation,Healthcare,Medical Devices,PNK,10.4,17,5840159232,0.0292,9.52,9.2,29.9622,14.86,10.17,-41.28,-9.24,0.0,75.0,2,13.3,7.97,-21.8,0.0,,8,,20260825
IVCGF,Iveco Group N.V.,Industrials,Farm & Heavy Construction Machinery,PNK,16.04,519,4288183552,0.0922,15.96,19.38,0.8654,-2.41,-41.29,-46.08,-33.49,0.0,28.75,3,23.0,15.59,-30.26,0.0,,8,,20260825
TTBXF,Tritax Big Box REIT plc,Unknown,Unknown,PNK,2.06,2274,0,0.1658,1.98,2.06,0.4685,-44.92,-44.92,-44.92,-44.92,0.0,63.25,3,2.43,1.7,-15.23,0.0,,8,,20260825
CRC,California Resources Corporation,Energy,Oil & Gas E&P,NYSE,51.67,823803,4589323776,1.5804,52.87,54.98,-0.7561,-17.37,-22.18,-13.37,-17.45,0.0,39.0,4,71.98,43.24,-28.22,0.0,,8,,20260825
BLTE,"Belite Bio, Inc",Healthcare,Biotechnology,NCM,161.68,210204,6511199744,6.7588,155.55,155.89,0.9069,11.55,-25.17,131.05,46.5,0.0,88.75,3,200.0,62.18,-19.16,0.0,,8,,20260825
MATX,"Matson, Inc.",Industrials,Marine Shipping,NYSE,222.82,297095,6663088640,6.6367,207.18,166.37,2.3572,18.67,21.92,91.55,48.96,0.0,85.0,2,230.74,86.97,-3.43,0.0,,8,,20260825
MTG,MGIC Investment Corporation,Financial Services,Insurance - Specialty,NYSE,31.24,1806068,6408099840,0.5486,29.05,27.38,3.9956,18.42,8.89,-6.53,5.1,0.0,88.75,2,31.89,24.69,-2.04,0.0,,8,,20260825
KRG,Kite Realty Group Trust,Real Estate,REIT - Retail,NYSE,26.44,2497923,5497303040,0.4392,27.98,25.22,-3.5065,-5.0,-8.13,2.31,-3.17,0.0,32.5,3,29.92,21.33,-11.63,0.0,,8,,20260825
CROX,"Crocs, Inc.",Consumer Cyclical,Footwear & Accessories,NASDAQ,122.89,1120682,5891970560,4.9656,129.44,101.57,-1.3193,3.61,15.08,21.97,14.97,0.0,60.0,3,141.28,73.21,-13.02,0.0,,8,,20260825
HWC,Hancock Whitney Corporation,Financial Services,Banks - Regional,NASDAQ,74.66,904733,5989453824,1.4253,75.79,67.81,-0.7914,8.03,-0.04,1.06,2.41,0.0,73.25,3,80.13,54.05,-6.83,0.0,,8,,20260825
TKMTY,"Tokyo Metro Co., Ltd.",Industrials,Railroads,PNK,8.87,461,4847984128,0.009,8.69,8.87,20.1288,-15.35,-31.46,-45.7,-33.13,0.0,50.0,3,13.36,8.35,-33.61,0.0,,8,,20260825
OBDC,Blue Owl Capital Corporation,Financial Services,Asset Management,NYSE,11.36,3836373,5602099200,0.2323,11.0,11.1,1.5332,2.12,-8.46,-30.0,-14.43,0.0,85.0,3,14.44,10.52,-21.33,0.0,,8,,20260825
ARKAF,Arkema S.A.,Basic Materials,Specialty Chemicals,PNK,69.4,36,5730664448,0.0736,68.58,63.17,11.0916,-0.76,-17.92,-16.5,-13.07,0.0,75.0,2,77.9,59.0,-10.91,0.0,,8,,20260825
ARKAY,Arkema S.A.,Basic Materials,Specialty Chemicals,PNK,69.43,1133,5249896448,0.85,66.51,63.32,3.435,-1.06,-7.56,-20.1,-10.95,0.0,82.5,2,79.36,56.28,-12.51,0.0,,8,,20260825
NEXPF,Nexi S.p.A.,Technology,Software - Infrastructure,PNK,4.74,22,4992563200,0.014,4.57,4.53,12.3147,-0.94,7.57,-38.2,-12.86,0.0,50.0,3,6.08,3.25,-22.1,0.0,,8,,20260825
KLIC,"Kulicke and Soffa Industries, Inc.",Technology,Semiconductor Equipment & Materials,NASDAQ,84.53,1079495,4423379968,6.1626,104.24,77.1,-3.1987,-24.31,7.28,107.64,39.53,0.0,36.25,3,135.8,35.02,-37.75,0.0,,8,,20260825
SEI,"Solaris Energy Infrastructure, Inc.",Energy,Oil & Gas Equipment & Services,NYSE,52.89,2923963,5322127872,4.5419,64.23,59.25,-2.4971,-32.01,-12.67,66.41,14.13,0.0,10.0,4,86.19,24.57,-38.64,0.0,,8,,20260825
GXO,"GXO Logistics, Inc.",Industrials,Integrated Freight & Logistics,NYSE,47.42,1423698,5438342144,1.626,50.02,53.07,-1.5981,-3.37,-36.91,-33.14,-27.01,0.0,7.5,4,66.85,45.0,-29.07,0.0,,8,,20260825
GNGBF,Getinge AB (publ),Healthcare,Medical Devices,PNK,22.49,1,5461009408,0.0354,21.17,22.16,37.2088,9.51,-15.66,-14.36,-8.85,0.0,75.0,3,24.75,20.05,-9.13,0.0,,8,,20260825
OZKAP,Bank OZK,Financial Services,Banks - Regional,NASDAQ,16.29,24585,0,0.1257,16.04,15.93,2.0044,-1.61,-10.83,-20.32,-12.32,0.0,86.25,2,17.85,15.76,-8.74,0.0,,8,,20260825
OZK,Bank OZK,Financial Services,Banks - Regional,NASDAQ,49.2,1165063,5364651008,0.9219,50.75,47.44,-1.6761,0.34,-8.87,-22.14,-11.87,0.0,72.0,3,53.66,42.37,-8.31,0.0,,8,,20260825
BEPC,Brookfield Renewable Corporation,Utilities,Utilities - Renewable,NYSE,33.39,1666258,6197159424,1.0191,34.86,38.33,-1.4444,-15.97,-33.73,-18.57,-23.23,0.0,20.75,4,45.18,31.82,-26.1,0.0,,8,,20260825
LEGN,Legend Biotech Corporation,Healthcare,Biotechnology,NASDAQ,21.3,2767847,4142603008,1.2048,24.27,23.54,-2.4615,-30.17,-2.79,-60.11,-32.56,0.0,24.5,4,37.5,16.24,-43.2,0.0,,8,,20260825
BTLCY,British Land Company PLC,Real Estate,REIT - Diversified,PNK,5.84,9668,5985626624,0.0877,5.68,5.23,1.8003,9.27,-2.49,11.8,6.17,0.0,88.75,2,6.0,4.26,-2.67,0.0,,8,,20260825
M,"Macy's, Inc.",Consumer Cyclical,Department Stores,NYSE,22.59,5914806,5942027264,0.8046,24.06,21.23,-1.8215,2.74,-1.51,52.65,21.22,0.0,58.75,3,26.59,13.09,-15.04,0.0,,8,,20260825
MUR,Murphy Oil Corporation,Energy,Oil & Gas E&P,NYSE,34.62,1833523,4963854336,1.4788,35.31,34.46,-0.4689,-6.43,-0.03,29.76,10.29,0.0,52.0,3,43.34,23.56,-20.12,0.0,,8,,20260825
TMICF,Trend Micro Incorporated,Technology,Software - Infrastructure,PNK,34.36,3,4428514304,0.0189,34.5,38.62,-7.4563,-19.66,-17.54,-62.52,-36.06,0.0,12.0,4,58.29,33.1,-41.06,0.0,,8,,20260825
SIGIP,"Selective Insurance Group, Inc.",Financial Services,Insurance - Property & Casualty,NASDAQ,15.85,32549,0,0.1247,15.85,16.18,-0.0356,-4.71,-17.33,-26.44,-17.82,0.0,36.5,4,18.7,15.45,-15.28,0.0,,8,,20260825
SIGI,"Selective Insurance Group, Inc.",Financial Services,Insurance - Property & Casualty,NASDAQ,91.91,555341,5477836288,2.1026,94.66,84.8,-1.3078,0.97,0.28,-0.88,-0.01,0.0,73.25,3,100.4,72.78,-8.46,0.0,,8,,20260825
BXSL,Blackstone Secured Lending Fund,Financial Services,Asset Management,NYSE,24.83,1647098,5784646656,0.4367,23.66,23.66,2.6871,5.94,-0.91,-26.39,-9.39,0.0,90.0,3,30.2,22.47,-17.78,0.0,,8,,20260825
GCHEF,"Grupo Comercial Chedraui, S.A.B. de C.V.",Consumer Defensive,Grocery Stores,PNK,5.44,461,5275824640,0.0312,5.16,5.38,8.9059,-6.37,-11.63,-27.94,-16.84,0.0,50.0,3,8.35,4.85,-34.85,0.0,,8,,20260825
LQDA,Liquidia Corporation,Healthcare,Drug Manufacturers - Specialty & Generic,NCM,70.49,1929819,6309481472,4.828,79.1,49.69,-1.784,14.98,97.96,142.63,95.08,0.0,62.5,3,93.61,21.15,-24.7,0.0,,8,,20260825
HIMS,"Hims & Hers Health, Inc.",Healthcare,Drug Manufacturers - Specialty & Generic,NYSE,31.75,16185611,7407700480,2.3965,32.18,28.77,-0.1775,30.82,93.35,-48.77,20.87,0.0,78.25,3,65.3,13.74,-51.38,0.0,,8,,20260825
G,Genpact Limited,Technology,Information Technology Services,NYSE,37.25,2573946,6259281408,1.25,32.02,37.59,4.1841,17.82,-12.78,-36.58,-14.65,0.0,79.5,3,48.64,26.85,-23.42,0.0,,8,,20260825
TEO,Telecom Argentina S.A.,Communication Services,Telecom Services,NYSE,13.52,457655,5823572480,0.5229,13.48,12.39,0.0731,3.82,8.91,27.27,14.98,0.0,83.75,2,16.34,6.43,-17.26,0.0,,8,,20260825
BURBY,Burberry Group plc,Consumer Cyclical,Luxury Goods,PNK,14.79,46977,5297935360,0.3827,14.87,15.53,-0.2106,-8.4,-20.73,-30.85,-21.7,0.0,32.75,4,18.55,13.3,-20.27,0.0,,8,,20260825
CGASY,China Resources Gas Group Limited,Utilities,Utilities - Regulated Gas,PNK,19.68,49,4435958784,0.0453,20.08,23.63,-8.8341,-8.86,-36.46,-38.35,-30.32,0.0,12.0,4,26.91,16.68,-26.87,0.0,,8,,20260825
NICE,NICE Ltd.,Technology,Software - Application,NASDAQ,100.43,652150,5869429248,3.9261,96.5,105.43,1.002,4.35,-24.1,-49.53,-27.16,0.0,80.75,3,153.68,83.1,-34.65,0.0,,8,,20260825
AUB,Atlantic Union Bankshares Corporation,Financial Services,Banks - Regional,NYSE,40.52,1110011,5786859520,0.772,41.54,37.42,-1.327,4.7,-4.68,-0.46,-0.65,0.0,69.5,3,43.62,30.87,-7.11,0.0,,8,,20260825
VCTR,"Victory Capital Holdings, Inc.",Financial Services,Asset Management,NASDAQ,115.34,524912,7094513664,3.243,98.8,77.65,5.0995,29.74,41.19,45.16,39.92,0.0,91.25,2,119.56,57.03,-3.53,0.0,,8,,20260825
ARGTF,Artemis Gold Inc.,Basic Materials,Other Precious Metals & Mining,OQX,31.71,45730,7394479616,1.2081,25.07,26.54,5.4987,31.72,-6.81,34.88,19.5,0.0,90.0,3,35.59,20.26,-10.91,0.0,,8,,20260825
BGC,"BGC Group, Inc.",Financial Services,Capital Markets,NASDAQ,11.8,3226920,5610505216,0.3982,11.29,10.12,1.2896,7.56,15.87,-2.69,6.37,0.0,83.75,2,12.89,8.27,-8.46,0.0,,8,,20260825
EPAM,"EPAM Systems, Inc.",Technology,Information Technology Services,NYSE,111.85,1903379,5770003456,5.3349,93.14,140.78,3.5068,9.89,-25.2,-56.07,-28.77,0.0,67.5,3,222.53,73.06,-49.74,0.0,,8,,20260825
HLPPY,Hang Lung Properties Limited,Real Estate,Real Estate Services,OID,4.57,7512,4755617792,0.1212,4.59,5.24,-0.1411,-12.97,-37.68,-28.38,-27.78,0.0,20.75,4,6.52,4.26,-29.91,0.0,,8,,20260825
HOMB,"Home BancShares, Inc.",Financial Services,Banks - Regional,NYSE,29.9,1774971,5981484032,0.4673,29.69,27.83,0.4392,10.14,-4.65,-17.12,-5.94,0.0,86.25,2,31.7,25.5,-5.68,0.0,,8,,20260825
RANJF,Randstad N.V.,Industrials,Staffing & Employment Services,PNK,37.35,160,6553081856,0.0577,34.93,34.21,41.9616,20.09,-10.82,-16.54,-5.39,0.0,75.0,2,43.66,25.2,-14.45,0.0,,8,,20260825
MC,Moelis & Company,Financial Services,Capital Markets,NYSE,68.01,926949,5038241792,2.6083,66.65,64.68,0.521,1.55,-0.86,-22.44,-8.89,0.0,85.0,2,78.22,51.06,-13.05,0.0,,8,,20260825
WTBDY,Whitbread plc,Consumer Cyclical,Lodging,PNK,8.37,24830,5595898368,0.1122,8.1,8.21,2.3989,0.14,-16.88,-39.87,-21.82,0.0,81.25,3,11.06,7.42,-24.32,0.0,,8,,20260825
RANJY,Randstad N.V.,Industrials,Staffing & Employment Services,PNK,23.08,24933,8144419328,0.4783,18.9,16.42,8.7359,50.9,43.16,-16.25,21.33,0.0,91.25,2,23.64,12.46,-2.37,0.0,,8,,20260825
GLNG,Golar LNG Limited,Energy,Oil & Gas Midstream,NASDAQ,52.04,1281931,5313127936,1.4267,50.12,46.32,1.3487,-0.88,5.73,-0.72,1.5,0.0,61.25,2,57.79,35.02,-9.95,0.0,,8,,20260825
WTM,"White Mountains Insurance Group, Ltd.",Financial Services,Insurance - Property & Casualty,NYSE,2141.2,20888,5110447104,46.079,2125.56,2116.13,0.3394,-1.74,-15.68,-5.03,-7.93,0.0,85.0,2,2333.0,1648.0,-8.22,0.0,,8,,20260825
LNNGF,Li Ning Company Limited,Consumer Cyclical,Leisure,PNK,1.65,1155,4845796864,0.0368,1.88,2.31,-6.3688,-22.17,-50.91,-49.72,-43.25,0.0,1.25,4,2.85,1.65,-42.11,0.0,,8,,20260825
BLSH,Bullish,Technology,Software - Infrastructure,NYSE,32.02,1656933,4855780352,1.8904,24.73,34.41,3.8576,-9.97,-7.93,-74.79,-35.18,0.0,52.0,3,74.98,20.55,-57.3,0.0,,8,,20260825
BRLAF,British Land Company PLC,Real Estate,REIT - Diversified,PNK,5.55,112,5473158656,0.0766,5.57,5.23,-0.248,4.9,-7.76,-6.07,-3.92,0.0,62.0,3,6.24,4.2,-11.06,0.0,,8,,20260825
RUSHB,"Rush Enterprises, Inc.",Consumer Cyclical,Auto & Truck Dealerships,NASDAQ,77.89,86679,9092131840,2.2053,76.38,65.5,0.6834,18.0,7.89,19.06,14.89,0.0,86.25,2,81.52,47.71,-4.45,0.0,,8,,20260825
RUSHA,"Rush Enterprises, Inc.",Consumer Cyclical,Auto & Truck Dealerships,NASDAQ,77.11,523574,8358087680,2.2861,76.22,66.88,0.3887,8.95,-7.04,16.51,6.38,0.0,85.0,2,83.61,45.67,-7.77,0.0,,8,,20260825
LYFT,"Lyft, Inc.",Technology,Software - Application,NASDAQ,17.65,12429706,6681235456,0.669,15.72,16.19,2.8797,27.67,18.43,-16.24,6.87,0.0,91.25,3,25.54,12.46,-30.89,0.0,,8,,20260825
PLUG,Plug Power Inc.,Industrials,Electrical Equipment & Parts,NCM,2.27,59445223,3171633152,0.156,2.33,2.49,-0.3692,-43.19,6.83,15.12,-2.36,0.0,37.75,4,4.58,1.41,-50.44,0.0,,8,,20260825
HLHLY,Holmen AB (publ),Basic Materials,Paper & Paper Products,PNK,16.18,11,4909904896,0.007,16.18,16.56,0.0,2.1,-45.62,31.89,-2.68,0.0,37.0,3,25.0,10.9,-35.26,0.0,,8,,20260825
MARA,"MARA Holdings, Inc.",Financial Services,Capital Markets,NCM,11.83,46306576,4569920512,1.012,11.97,11.04,-0.1389,-19.46,34.93,-47.38,-11.59,0.0,48.25,3,23.45,6.66,-49.55,0.0,,8,,20260825
AUOTY,AUO Corporation,Technology,Electronic Components,PNK,8.02,49080,6052773888,0.3078,8.23,5.73,-0.6807,14.7,46.56,57.54,42.99,0.0,75.75,3,10.5,3.25,-23.62,0.0,,8,,20260825
BC,Brunswick Corporation,Consumer Cyclical,Recreational Vehicles,NYSE,80.33,680938,5205177344,2.6729,80.65,77.46,-0.1195,-5.43,-15.06,4.62,-4.78,0.0,74.5,3,90.25,58.56,-10.99,0.0,,8,,20260825
AMDLY,"Amada Co., Ltd.",Industrials,Specialty Industrial Machinery,PNK,74.66,0,5753703424,0.0102,74.66,57.05,0.0,-2.66,45.87,40.85,31.73,0.0,62.0,3,74.66,46.0,0.0,0.0,,8,,20260825
EUTLF,Eutelsat Communications S.A.,Communication Services,Telecom Services,PNK,2.14,18026,2520535296,0.086,2.53,2.78,-4.4756,-59.76,-30.96,-64.42,-51.54,0.0,13.75,4,5.36,1.72,-60.07,0.0,,8,,20260825
EQPT,EquipmentShare.com Inc.,Industrials,Rental & Leasing Services,NASDAQ,18.47,2791380,4679854080,1.3113,19.59,18.47,-0.8547,-16.72,-50.21,-54.99,-43.75,0.0,37.5,3,35.5,15.71,-47.97,0.0,,8,,20260825
MAAS,Maase Inc.,Financial Services,Asset Management,NASDAQ,15.01,135504,6634844672,1.9051,16.92,9.22,-1.0033,29.9,135.99,257.01,157.88,0.0,60.0,3,24.9,2.85,-39.74,0.0,,8,,20260825
XENE,Xenon Pharmaceuticals Inc.,Healthcare,Biotechnology,NASDAQ,60.42,1309563,5851098624,2.11,62.46,51.94,-0.9673,9.63,22.87,35.56,24.64,0.0,73.25,3,72.66,35.6,-16.85,0.0,,8,,20260825
ALM,Almonty Industries Inc.,Basic Materials,Other Industrial Metals & Mining,NCM,18.93,6437379,5371233280,1.2482,15.24,14.51,2.9554,-6.55,2.15,322.29,128.03,0.0,63.75,2,24.41,3.98,-22.45,0.0,,8,,20260825
FUPBY,Fuchs SE,Basic Materials,Specialty Chemicals,PNK,11.63,12071,6010279936,0.1623,11.37,10.87,1.6071,4.63,-1.22,-22.37,-8.22,0.0,83.75,2,12.1,9.27,-3.88,0.0,,8,,20260825
ACLLF,ATCO Ltd.,Utilities,Utilities - Diversified,OQX,54.29,38026,6109117440,0.8676,53.94,47.32,0.4022,4.96,4.72,30.53,15.1,0.0,80.0,2,58.06,34.71,-6.49,0.0,,8,,20260825
SBRA,"Sabra Health Care REIT, Inc.",Real Estate,REIT - Healthcare Facilities,NASDAQ,20.82,3165444,5318734336,0.4805,19.99,19.22,1.7283,-0.69,-7.5,-6.88,-5.55,0.0,88.75,2,22.77,17.17,-8.56,0.0,,8,,20260825
ENGGY,"Enagás, S.A.",Utilities,Utilities - Regulated Gas,PNK,9.74,3284,5117459456,0.0555,9.69,8.79,0.8143,-1.23,1.94,8.42,3.74,0.0,77.5,2,10.29,7.45,-5.34,0.0,,8,,20260825
WEX,WEX Inc.,Technology,Software - Infrastructure,NYSE,199.71,671585,6806438912,6.0186,166.75,156.14,5.4758,32.63,21.03,-4.48,13.73,0.0,91.25,2,203.99,125.29,-2.1,0.0,,8,,20260825
RICOY,"Ricoh Company, Ltd.",Industrials,Business Equipment & Supplies,PNK,9.55,85,4816765952,0.0319,9.3,9.01,7.8646,2.87,-10.66,-12.32,-7.94,0.0,75.0,2,10.72,8.0,-10.91,0.0,,8,,20260825
FND,"Floor & Decor Holdings, Inc.",Consumer Cyclical,Home Improvement Retail,NYSE,54.31,2521534,5783470080,2.4001,56.43,58.34,-0.8841,10.14,-34.0,-58.3,-32.69,0.0,57.75,4,92.41,42.64,-41.23,0.0,,8,,20260825
TSHXY,Tosoh Corporation,Basic Materials,Chemicals,PNK,9.18,17,5652870656,0.0478,8.24,9.18,19.7288,-1.11,6.7,6.7,4.75,0.0,50.0,3,9.18,8.03,0.0,0.0,,8,,20260825
ATOGF,AUTO1 Group SE,Consumer Cyclical,Auto & Truck Dealerships,PNK,24.08,174,5724083200,0.2698,26.7,27.04,-9.718,-0.19,-36.63,-50.19,-32.95,0.0,26.25,4,35.42,17.6,-32.03,0.0,,8,,20260825
HLBBF,H. Lundbeck A/S,Healthcare,Drug Manufacturers - Specialty & Generic,PNK,6.64,57,6548184576,0.0796,6.6,6.6,0.4419,-1.28,-3.62,-1.06,-2.01,0.0,50.0,3,7.55,5.51,-12.05,0.0,,8,,20260825
NCSYF,NICE Ltd.,Technology,Software - Application,PNK,99.3,20,5185061888,0.2762,92.01,100.09,26.3788,8.96,-7.95,-49.11,-20.19,0.0,62.0,3,153.75,83.97,-35.41,0.0,,8,,20260825
BCPC,Balchem Corporation,Basic Materials,Specialty Chemicals,NASDAQ,179.5,223465,5722104832,4.1081,169.67,165.81,2.3934,8.84,-11.5,-10.63,-6.06,0.0,91.25,2,183.9,139.17,-2.39,0.0,,8,,20260825
LBRT,Liberty Energy Inc.,Energy,Oil & Gas Equipment & Services,NYSE,18.38,4359238,2999458304,1.1693,22.65,24.54,-3.653,-44.61,-46.54,44.24,-9.74,0.0,11.25,4,34.48,9.9,-46.69,0.0,,8,,20260825
ETCMY,Eutelsat Communications S.A.,Communication Services,Telecom Services,PNK,0.58,45200,2756099072,0.0296,0.67,0.73,-2.9617,-58.32,-25.35,-56.42,-46.02,0.0,6.25,4,1.47,0.45,-60.2,0.0,,8,,20260825
HASI,"HA Sustainable Infrastructure Capital, Inc.",Financial Services,Asset Management,NYSE,39.64,996238,5093573120,1.1136,38.99,36.54,0.5849,-5.04,-2.46,24.53,7.69,0.0,88.75,2,44.13,27.28,-10.17,0.0,,8,,20260825
LINRF,Liontown Limited,Basic Materials,Other Industrial Metals & Mining,PNK,0.83,8658,2639615744,0.0493,1.01,1.22,-3.6242,-51.98,-48.15,31.01,-17.44,0.0,8.75,4,1.9,0.52,-56.3,0.0,,8,,20260825
GOLF,Acushnet Holdings Corp.,Consumer Cyclical,Leisure,NYSE,86.21,372044,5035098624,3.5205,103.67,93.9,-4.9604,-6.23,-25.41,-10.32,-14.58,0.0,47.0,3,119.65,73.09,-27.95,0.0,,8,,20260825
OGS,"ONE Gas, Inc.",Utilities,Utilities - Regulated Gas,NYSE,80.41,634609,5054273024,1.623,78.4,80.36,1.2407,-3.1,-16.27,-12.07,-11.29,0.0,88.75,3,90.78,74.06,-11.42,0.0,,8,,20260825
DLB,"Dolby Laboratories, Inc.",Industrials,Specialty Business Services,NYSE,66.12,905487,6193380864,1.594,54.83,59.82,7.0804,15.3,-7.45,-30.54,-11.0,0.0,93.75,3,74.62,48.26,-11.39,0.0,,8,,20260825
YKLTY,"Yakult Honsha Co.,Ltd.",Consumer Defensive,Beverages - Non-Alcoholic,PNK,8.99,552,5208939008,0.0536,8.53,8.36,8.5192,4.88,-10.2,-13.79,-7.87,0.0,75.0,2,10.34,7.02,-13.06,0.0,,8,,20260825
CGHLY,China Gas Holdings Limited,Utilities,Utilities - Regulated Gas,PNK,17.03,103,3944462592,0.153,18.43,23.32,-9.1655,-29.75,-48.94,-57.54,-47.58,0.0,0.0,4,28.28,16.89,-39.79,0.0,,8,,20260825
RITM,Rithm Capital Corp.,Real Estate,REIT - Mortgage,NYSE,10.17,5430884,5678999552,0.2024,9.55,9.75,3.0748,10.42,-6.33,-30.66,-11.88,0.0,85.0,3,12.74,8.43,-20.17,0.0,,8,,20260825
ALFFF,"Sigma Foods, S.A.B. de C.V.",Consumer Defensive,Packaged Foods,PNK,0.98,1060,5443371520,0.0065,0.89,0.91,13.5693,2.72,1.48,9.21,4.88,0.0,75.0,3,1.1,0.75,-10.91,0.0,,8,,20260825
BMA,Banco Macro S.A.,Financial Services,Banks - Regional,NYSE,77.77,298109,4972538368,4.1565,88.74,82.78,-2.6399,-3.75,-23.28,3.3,-7.77,0.0,22.0,4,106.15,38.3,-26.74,0.0,,8,,20260825
IRDM,Iridium Communications Inc.,Communication Services,Telecom Services,NASDAQ,47.1,2251406,4990733824,1.5488,48.08,32.73,-0.6311,-8.11,86.79,73.46,57.74,0.0,75.75,3,57.18,15.65,-17.63,0.0,,8,,20260825
HWDJF,Howden Joinery Group Plc,Consumer Cyclical,"Furnishings, Fixtures & Appliances",PNK,10.7,299,5730683392,0.1198,10.97,10.89,-2.2805,8.8,-23.17,-27.69,-16.99,0.0,50.25,3,12.2,9.6,-12.3,0.0,,8,,20260825
CNVVY,Convatec Group PLC,Healthcare,Medical Instruments & Supplies,PNK,12.57,29619,6103899136,0.2893,11.73,11.94,2.8963,16.88,-8.68,-25.94,-9.19,0.0,87.5,3,14.09,10.45,-10.81,0.0,,8,,20260825
CGHOF,China Gas Holdings Limited,Utilities,Utilities - Regulated Gas,PNK,0.69,1,6319856640,0.0111,0.91,0.95,-19.6461,-30.02,-40.6,-49.21,-41.4,0.0,0.0,4,1.16,0.69,-40.52,0.0,,8,,20260825
CHH,"Choice Hotels International, Inc.",Consumer Cyclical,Lodging,NYSE,110.25,608841,4962200576,3.4543,109.73,104.46,0.1507,-5.09,-10.29,-28.51,-16.28,0.0,63.75,2,123.82,84.04,-10.96,0.0,,8,,20260825
SR,Spire Inc.,Utilities,Utilities - Regulated Gas,NYSE,83.21,555447,4918776832,1.9051,80.77,84.37,1.2818,-4.82,-18.3,-8.79,-11.12,0.0,48.25,3,95.31,73.91,-12.7,0.0,,8,,20260825
JREIF,Japan Real Estate Investment Corporation,Real Estate,REIT - Office,PNK,769.2,2,5324297216,1.4972,720.76,-441.03,32.3552,6.34,-158.17,-96.42,-92.34,0.0,75.0,2,920.4,658.41,-16.43,0.0,,8,,20260825
NFPDF,"Nissin Foods Holdings Co.,Ltd.",Consumer Defensive,Packaged Foods,PNK,18.2,15,4793873920,0.016,17.76,18.72,27.757,1.8,-21.48,-23.57,-16.49,0.0,62.0,3,20.73,16.46,-12.23,0.0,,8,,20260825
PAGP,"Plains GP Holdings, L.P.",Energy,Oil & Gas Midstream,NASDAQ,27.16,1447136,6328291840,0.4867,24.98,21.97,4.4695,5.86,15.47,34.41,20.64,0.0,87.5,2,27.48,16.68,-1.16,0.0,,8,,20260825
TLPFF,Teleperformance SE,Industrials,Specialty Business Services,PNK,80.37,1084,4534423552,0.8307,68.3,64.96,14.5331,-2.85,28.67,-22.44,0.35,0.0,77.5,2,90.52,51.9,-11.21,0.0,,8,,20260825
ADT,ADT Inc.,Industrials,Security & Protection Services,NYSE,7.43,8453111,5428055040,0.1795,7.05,7.28,2.1127,5.8,-16.15,-33.11,-17.45,0.0,87.5,3,8.94,6.24,-16.84,0.0,,8,,20260825
RNSHF,Renishaw plc,Technology,Scientific & Technical Instruments,PNK,69.11,66,6274342400,0.6351,69.11,69.11,0.0,1.22,1.22,1.22,1.22,0.0,62.0,3,73.71,65.8,-6.24,0.0,,8,,20260825
HLUBF,H. Lundbeck A/S,Healthcare,Drug Manufacturers - Specialty & Generic,PNK,5.54,32,5700042752,0.0081,5.49,4.8,6.5274,-1.87,12.4,37.15,18.73,0.0,51.25,2,6.41,4.82,-13.52,0.0,,8,,20260825
THKLY,"THK Co., Ltd.",Industrials,Specialty Industrial Machinery,PNK,21.5,588,4825796608,0.6682,22.37,17.78,-1.3033,-10.19,16.11,39.61,18.93,0.0,43.25,3,25.7,11.93,-16.34,0.0,,8,,20260825
ENGGF,"Enagás, S.A.",Utilities,Utilities - Regulated Gas,PNK,19.55,65,5336109568,0.0734,20.37,17.46,-11.1035,0.62,12.85,-1.38,4.1,0.0,62.0,3,21.65,16.02,-9.7,0.0,,8,,20260825
BLFBY,Balfour Beatty plc,Industrials,Engineering & Construction,PNK,25.52,2119,6007225344,0.7609,24.15,21.42,1.8009,6.85,10.73,43.19,22.74,0.0,81.25,2,27.19,13.51,-6.14,0.0,,8,,20260825
USSJY,"USS Co., Ltd.",Consumer Cyclical,Auto & Truck Dealerships,PNK,25.8,74,5934309376,0.042,25.34,23.04,10.9243,13.56,-5.3,-16.04,-4.88,0.0,76.25,2,26.14,19.72,-1.3,0.0,,8,,20260825
TMICY,Trend Micro Incorporated,Technology,Software - Infrastructure,PNK,34.76,8990,4511581184,1.4,38.28,39.06,-2.5132,-13.27,-4.17,-55.31,-26.9,0.0,24.5,4,60.28,31.09,-42.34,0.0,,8,,20260825
KYSEF,"Kyushu Electric Power Company, Incorporated",Utilities,Utilities - Independent Power Producers,PNK,11.05,21,5933365760,0.0226,10.66,-0.77,17.1784,-0.29,-197.98,-55.74,-91.67,0.0,75.0,2,12.55,9.47,-11.95,0.0,,8,,20260825
TOSCF,Tosoh Corporation,Basic Materials,Chemicals,PNK,16.0,0,4926248960,0.0068,16.0,38.08,0.0,-2.66,-85.94,-134.36,-84.49,0.0,25.0,3,17.25,15.49,-7.25,0.0,,8,,20260825
SEKEY,Seiko Epson Corporation,Technology,Computer Hardware,PNK,9.63,16155,6139395584,0.2105,9.05,7.32,2.7446,18.78,31.47,30.2,27.79,0.0,87.5,2,10.38,5.75,-7.23,0.0,,8,,20260825
PSMT,"PriceSmart, Inc.",Consumer Defensive,Discount Stores,NASDAQ,177.21,288766,5468793856,5.7546,185.08,154.86,-1.368,4.13,2.59,41.37,18.49,0.0,74.5,3,199.84,105.46,-11.32,0.0,,8,,20260825
GNTX,Gentex Corporation,Consumer Cyclical,Auto Parts,NASDAQ,23.65,2544833,5036311040,0.5521,24.18,23.26,-0.9568,-2.98,-11.55,-34.32,-18.51,0.0,45.75,3,29.38,20.48,-19.5,0.0,,8,,20260825
PMNXF,Perseus Mining Limited,Basic Materials,Gold,PNK,4.41,6557,6210975232,0.2133,3.57,3.69,3.9444,13.7,-8.8,69.43,28.12,0.0,82.5,3,4.72,0.01,-6.57,0.0,,8,,20260825
GLBE,Global-E Online Ltd.,Consumer Cyclical,Internet Retail,NASDAQ,39.43,1621898,6622954496,1.4976,37.85,35.49,1.0547,30.55,2.93,-1.52,8.05,0.0,86.25,2,43.99,26.84,-10.37,0.0,,8,,20260825
IEP,Icahn Enterprises L.P.,Energy,Oil & Gas Refining & Marketing,NASDAQ,6.64,993211,4720476160,0.1726,6.94,6.74,-1.7276,-8.0,-7.62,-18.7,-12.14,0.0,32.75,4,9.32,6.51,-28.76,0.0,,8,,20260825
LGMMY,LEG Immobilien SE,Real Estate,Real Estate Services,PNK,14.95,16,5471610880,0.0213,15.21,16.44,-12.1883,74.56,-34.43,-43.42,-10.78,0.0,49.0,4,22.0,9.27,-32.05,0.0,,8,,20260825
PRM,"Perimeter Solutions, Inc.",Basic Materials,Specialty Chemicals,NYSE,31.3,1660042,5123400704,1.815,34.14,29.2,-1.5647,-2.53,6.63,40.67,17.96,0.0,61.25,3,38.17,19.7,-18.0,0.0,,8,,20260825
BIPC,Brookfield Infrastructure Corporation,Utilities,Utilities - Regulated Gas,NYSE,39.63,1008576,4874120704,1.0798,39.96,42.48,-0.3034,-6.92,-29.54,-17.97,-19.26,0.0,32.75,4,51.72,34.18,-23.38,0.0,,8,,20260825
IPGP,IPG Photonics Corporation,Technology,Semiconductor Equipment & Materials,NASDAQ,71.73,470826,3044480768,5.2743,96.72,101.7,-4.7387,-42.44,-57.56,-32.7,-43.83,0.0,7.5,4,155.82,69.41,-53.97,0.0,,8,,20260825
QS,QuantumScape Corporation,Consumer Cyclical,Auto Parts,NASDAQ,5.82,23896436,3580144640,0.3455,6.29,8.38,-1.353,-35.48,-29.29,-48.68,-38.6,0.0,12.5,4,19.07,4.77,-69.48,0.0,,8,,20260825
TCLHF,TCL Electronics Holdings Limited,Technology,Consumer Electronics,PNK,2.05,1534,5167676416,0.0328,1.92,1.67,4.0421,-0.16,8.11,46.57,21.43,0.0,76.25,2,2.34,1.07,-12.39,0.0,,8,,20260825
HLNE,Hamilton Lane Incorporated,Financial Services,Asset Management,NASDAQ,106.83,889860,5895479296,3.8035,89.08,106.5,4.6668,16.8,-5.68,-50.45,-17.97,0.0,87.5,3,156.15,71.88,-31.59,0.0,,8,,20260825
TVAVF,The Tel-Aviv Stock Exchange Ltd.,Financial Services,Financial Data & Stock Exchanges,PNK,36.5,946,3425007104,1.1186,41.44,42.63,-4.4139,-34.55,-43.55,38.42,-8.51,0.0,5.0,4,63.0,21.79,-42.06,0.0,,8,,20260825
SITE,"SiteOne Landscape Supply, Inc.",Industrials,Industrial Distribution,NYSE,95.11,854974,4214155520,3.6952,103.37,124.7,-2.2351,-18.72,-47.88,-55.4,-43.6,0.0,12.5,4,168.56,90.07,-43.57,0.0,,8,,20260825
TLPFY,Teleperformance SE,Industrials,Specialty Business Services,PNK,41.53,6636,4828579328,1.1673,34.14,32.24,6.3313,8.87,35.51,-15.33,8.52,0.0,88.75,2,43.95,25.7,-5.51,0.0,,8,,20260825
JDSPY,JD Sports Fashion Plc,Consumer Cyclical,Apparel Retail,OQX,1.15,6834,5959316480,0.0512,1.14,1.04,0.2006,14.35,-2.24,-27.37,-8.15,0.0,82.5,2,1.39,0.84,-17.27,0.0,,8,,20260825
YMATF,Azbil Corporation,Industrials,Specialty Industrial Machinery,PNK,10.27,4,5380739584,0.0089,10.37,-0.04,-11.1796,6.6,-212.98,96.5,-34.29,0.0,62.0,3,10.74,8.85,-4.38,0.0,,8,,20260825
AVAL,Grupo Aval Acciones y Valores S.A.,Financial Services,Banks - Regional,NYSE,5.54,242973,6576942592,0.195,5.17,4.52,1.9196,17.66,16.2,53.53,31.5,0.0,88.75,2,6.2,3.12,-10.65,0.0,,8,,20260825
JAN,"Janus Living, Inc.",Real Estate,REIT - Residential,NYSE,31.35,1739226,9727616000,0.8507,29.44,31.35,2.2485,15.35,15.71,15.71,15.62,0.0,86.25,3,32.83,22.76,-4.51,0.0,,8,,20260825
CNX,CNX Resources Corporation,Energy,Oil & Gas E&P,NYSE,36.0,1757887,5325970944,0.8914,34.27,37.01,1.9435,1.35,-16.17,4.69,-3.45,0.0,75.75,3,43.62,28.57,-17.47,0.0,,8,,20260825
TKC,Turkcell Iletisim Hizmetleri A.S.,Communication Services,Telecom Services,NYSE,5.42,2198482,4718527488,0.1087,5.69,6.03,-2.5217,-7.05,-34.59,-30.12,-25.92,0.0,22.0,4,7.18,5.29,-24.51,0.0,,8,,20260825
LPL,"LG Display Co., Ltd.",Technology,Consumer Electronics,NYSE,3.38,2859717,3380000000,0.1517,3.55,4.19,-1.1403,-39.83,-46.01,-41.22,-42.55,0.0,18.25,4,5.83,2.76,-42.02,0.0,,8,,20260825
WHD,"Cactus, Inc.",Energy,Oil & Gas Equipment & Services,NYSE,67.17,792046,5385651200,2.2822,59.43,53.4,3.3903,5.02,3.81,40.5,18.79,0.0,90.0,2,74.07,33.2,-9.32,0.0,,8,,20260825
IPGDF,IGO Limited,Basic Materials,Other Industrial Metals & Mining,PNK,6.3,195,4770787328,0.1784,5.6,5.59,3.9163,-7.2,0.43,53.54,19.77,0.0,52.5,2,7.12,3.15,-11.58,0.0,,8,,20260825
OLLI,"Ollie's Bargain Outlet Holdings, Inc.",Consumer Defensive,Discount Stores,NASDAQ,74.61,2007241,4510419968,3.0098,72.78,95.2,0.6066,-9.76,-42.82,-63.56,-42.85,0.0,40.0,3,140.17,60.29,-46.77,0.0,,8,,20260825
NAVN,"Navan, Inc.",Technology,Software - Application,NASDAQ,29.29,4034290,7449362944,1.2355,25.83,17.51,2.8026,50.81,197.43,32.85,94.95,0.0,88.75,2,29.99,8.11,-2.33,0.0,,8,,20260825
DNTUY,Dentsu Group Inc.,Communication Services,Advertising Agencies,PNK,21.23,1014,5970482176,0.2849,20.55,19.76,2.3846,8.34,4.06,-7.27,0.6,0.0,76.25,2,23.56,16.38,-9.88,0.0,,8,,20260825
IIDDY,IGO Limited,Basic Materials,Other Industrial Metals & Mining,PNK,10.18,17,3562945024,0.068,10.58,10.13,-5.8352,-14.82,-16.05,23.97,0.26,0.0,37.0,3,11.98,6.11,-15.03,0.0,,8,,20260825
DUOL,"Duolingo, Inc.",Technology,Software - Application,NASDAQ,146.04,1337341,6832666112,7.9081,131.31,132.91,1.8631,34.85,21.43,-76.0,-14.19,0.0,88.75,3,353.0,87.89,-58.63,0.0,,8,,20260825
KYSEY,"Kyushu Electric Power Company, Incorporated",Utilities,Utilities - Independent Power Producers,PNK,13.61,2366,6434510336,1.0816,11.41,11.39,2.0335,19.59,-14.32,44.17,17.56,0.0,87.5,2,14.06,8.29,-3.2,0.0,,8,,20260825
OMAB,"Grupo Aeroportuario del Centro Norte, S.A.B. de C.V.",Industrials,Airports & Air Services,NASDAQ,104.22,82849,5030821888,2.7226,107.66,107.65,-1.2631,-0.33,-27.57,-17.59,-16.77,0.0,60.25,3,134.99,95.69,-22.79,0.0,,8,,20260825
ATDRY,Autotrader Group plc,Communication Services,Internet Content & Information,PNK,1.81,868801,5627369984,0.0418,1.66,1.73,3.701,21.67,2.54,-52.92,-14.87,0.0,85.0,3,2.74,1.37,-33.94,0.0,,8,,20260825
UWMC,UWM Holdings Corporation,Financial Services,Mortgage Finance,NYSE,1.51,22731255,4327647232,0.1428,1.87,3.49,-2.4946,-51.52,-76.42,-91.1,-76.07,0.0,12.5,4,7.14,0.93,-78.85,0.0,,8,,20260825
MAQAF,Atlas Arteria Limited,Industrials,Infrastructure Operations,PNK,3.3,331,4796528640,0.02,3.49,3.35,-9.42,-5.6,-15.13,-27.17,-17.56,0.0,12.0,4,4.09,2.69,-19.32,0.0,,8,,20260825
JMPLY,Johnson Matthey PLC,Basic Materials,Specialty Chemicals,PNK,63.49,1220,4003570432,4.7933,63.49,63.49,0.0,47.8,47.8,47.8,47.8,0.0,73.67,3,87.6,48.0,-27.53,0.0,,8,,20260825
HRB,"H&R Block, Inc.",Consumer Cyclical,Personal Services,NYSE,53.19,2282414,6556514304,2.0794,43.12,38.0,4.8447,36.19,70.02,-13.54,28.14,0.0,92.5,2,58.67,28.16,-9.34,0.0,,8,,20260825
ZHEXF,"Zhejiang Expressway Co., Ltd.",Industrials,Infrastructure Operations,PNK,0.83,1679,5732791296,0.0176,0.82,0.9,0.5219,-1.44,-24.18,-37.62,-23.87,0.0,40.75,3,1.1,0.74,-24.55,0.0,,8,,20260825
LPX,Louisiana-Pacific Corporation,Industrials,Building Products & Equipment,NYSE,72.32,1147857,5056860672,2.908,74.85,77.8,-0.8699,-3.51,-26.2,-46.16,-28.51,0.0,59.0,4,101.28,66.12,-28.59,0.0,,8,,20260825
GBTG,"Global Business Travel Group, Inc.",Consumer Cyclical,Travel Services,NYSE,9.47,2282547,4946876416,0.0267,9.42,7.7,2.0338,-2.09,73.66,-5.35,23.12,0.0,86.25,2,9.54,4.96,-0.73,0.0,,8,,20260825
ALH,Alliance Laundry Holdings Inc.,Consumer Cyclical,"Furnishings, Fixtures & Appliances",NYSE,23.85,977896,4741120000,1.0023,25.8,23.76,-1.9413,-6.83,-8.82,-18.97,-12.38,0.0,57.5,3,28.23,18.64,-15.52,0.0,,8,,20260825
OTF,Blue Owl Technology Finance Corp.,Financial Services,Asset Management,NYSE,11.18,2566374,5122512896,0.3134,10.52,11.42,2.108,6.73,-8.0,-34.63,-14.97,0.0,73.25,3,15.82,9.75,-29.33,0.0,,8,,20260825
STVN,Stevanato Group S.p.A.,Healthcare,Medical Instruments & Supplies,NYSE,22.7,390214,6197184000,0.781,19.61,18.36,3.9524,24.47,35.72,-19.29,10.91,0.0,93.75,2,28.0,12.89,-18.93,0.0,,8,,20260825
DSVSF,Discovery Mining Ltd.,Basic Materials,Silver,OQX,9.15,473166,7449171456,0.5025,6.7,6.52,4.8792,48.94,5.29,197.7,93.17,0.0,87.5,2,9.2,2.79,-0.54,0.0,,8,,20260825
SMFRF,"Sumitomo Forestry Co., Ltd.",Consumer Cyclical,Residential Construction,PNK,8.39,1182,4905454592,0.1321,3.34,-4.28,38.2081,-157.47,-149.37,-94.81,-129.57,0.0,62.0,3,12.17,7.49,-31.06,0.0,,8,,20260825
CIGI,Colliers International Group Inc.,Real Estate,Real Estate Services,NASDAQ,105.55,216384,5394008576,3.5924,98.98,116.43,1.8289,7.82,-19.45,-56.83,-27.58,0.0,73.25,3,171.51,88.38,-38.46,0.0,,8,,20260825
KOTMY,"Koito Manufacturing Co., Ltd.",Consumer Cyclical,Auto Parts,PNK,15.4,290,4369598976,0.1525,15.88,15.78,-3.1761,-9.15,-24.22,-12.35,-15.71,0.0,24.0,4,18.34,13.7,-16.02,0.0,,8,,20260825
PUMSY,PUMA SE,Consumer Cyclical,Footwear & Accessories,PNK,2.84,10680,4301805568,0.0511,3.09,2.73,-4.9175,-14.38,-6.45,12.71,-0.77,0.0,31.25,3,3.46,1.71,-17.92,0.0,,8,,20260825
BTDPF,Barratt Redrow plc,Consumer Cyclical,Residential Construction,PNK,4.15,30,5755915776,0.0213,3.7,4.23,21.0642,15.92,-36.47,-35.89,-23.14,0.0,62.0,3,5.46,3.25,-23.99,0.0,,8,,20260825
CBUMF,China National Building Material Company Limited,Basic Materials,Building Materials,PNK,0.47,29403,3543663104,0.0235,0.56,0.55,-3.8677,-30.33,-31.26,-7.03,-21.33,0.0,6.25,4,0.9,0.42,-48.1,0.0,,8,,20260825
CWSRF,Chartwell Retirement Residences,Real Estate,REIT - Healthcare Facilities,PNK,15.2,74946,5031568896,0.1832,15.7,15.01,-2.6765,0.06,-15.45,-1.55,-6.01,0.0,67.0,3,16.83,12.99,-9.66,0.0,,8,,20260825
AX,"Axos Financial, Inc.",Financial Services,Banks - Regional,NYSE,98.82,370833,5606458368,2.4773,97.38,90.86,0.5818,10.22,-3.76,-11.1,-3.2,0.0,83.75,2,105.74,74.89,-6.54,0.0,,8,,20260825
PUTKY,PT United Tractors Tbk,Basic Materials,Other Industrial Metals & Mining,PNK,27.25,43219,4759340032,0.4914,26.84,31.41,0.8352,-0.93,-36.11,-31.63,-25.52,0.0,58.75,3,39.0,23.18,-30.13,0.0,,8,,20260825
DLPTF,"Liaoning Port Co., Ltd.",Industrials,Marine Shipping,PNK,0.12,47,3580551424,0.0004,0.11,0.11,21.2029,6.44,-3.39,11.87,5.17,0.0,75.0,2,0.15,0.06,-21.0,0.0,,8,,20260825
CMBT,Cmb.Tech NV,Energy,Oil & Gas Midstream,NYSE,18.17,1095000,5272384512,0.4788,15.8,12.89,4.9445,13.07,19.76,107.6,53.22,0.0,88.75,2,18.52,7.86,-1.89,0.0,,8,,20260825
SON,Sonoco Products Company,Consumer Cyclical,Packaging & Containers,NYSE,57.88,1170979,5722519552,1.5706,55.6,49.74,1.4518,15.23,-7.62,6.98,3.93,0.0,88.75,2,60.67,38.65,-4.6,0.0,,8,,20260825
MIAX,"Miami International Holdings, Inc.",Financial Services,Capital Markets,NYSE,44.34,1886007,4399898112,1.8752,42.06,43.52,1.2166,-12.2,0.06,12.28,1.88,0.0,60.0,3,57.14,32.2,-22.4,0.0,,8,,20260825
MKTX,MarketAxess Holdings Inc.,Financial Services,Capital Markets,NASDAQ,162.5,1023895,5718844928,1.8623,133.21,155.74,15.7267,22.12,-21.73,-32.24,-14.97,0.0,83.75,3,195.97,108.75,-17.08,0.0,,8,,20260825
FNCNF,Fincantieri S.p.A.,Industrials,Aerospace & Defense,PNK,14.68,849,5068341760,0.2522,13.74,16.67,3.7033,5.25,-27.5,-44.22,-26.0,0.0,53.75,3,31.9,11.2,-54.0,0.0,,8,,20260825
LBRDP,Liberty Broadband Corporation,Communication Services,Telecom Services,NASDAQ,22.13,10242,0,0.2368,21.62,22.56,2.1484,-1.7,-16.62,-28.17,-17.51,0.0,72.0,3,28.47,21.05,-22.27,0.0,,8,,20260825
LBRDK,Liberty Broadband Corporation,Communication Services,Telecom Services,NASDAQ,36.02,2224129,5168788480,1.9314,32.55,46.17,1.7952,-42.89,-31.76,-82.23,-54.73,0.0,32.5,3,65.72,26.25,-45.2,0.0,,8,,20260825
LBRDA,Liberty Broadband Corporation,Communication Services,Telecom Services,NASDAQ,35.99,243793,5177567232,1.8727,32.51,46.05,1.8596,-42.82,-31.49,-82.18,-54.6,0.0,33.75,3,65.4,26.14,-44.97,0.0,,8,,20260825
LBRDB,Liberty Broadband Corporation,Communication Services,Telecom Services,OQB,37.25,153,5492255744,0.8301,32.82,44.63,5.3326,3.86,-31.93,-81.65,-42.87,0.0,27.5,3,91.95,26.99,-59.49,0.0,,8,,20260825
SXT,Sensient Technologies Corporation,Basic Materials,Specialty Chemicals,NYSE,136.84,492893,5825136128,3.8268,122.57,104.57,3.7293,15.18,32.7,1.16,15.7,0.0,90.0,2,138.52,82.6,-1.21,0.0,,8,,20260825
BDVSY,The Bidvest Group Limited,Industrials,Conglomerates,PNK,30.06,11723,5108512768,0.5255,29.66,28.56,0.757,0.47,-13.75,-10.82,-9.02,0.0,88.75,2,32.0,24.08,-6.06,0.0,,8,,20260825
WFG,West Fraser Timber Co. Ltd.,Basic Materials,Lumber & Wood Production,NYSE,69.0,220482,5402963968,2.3257,68.55,65.19,0.1954,6.19,-6.35,-28.27,-11.98,0.0,87.5,2,76.99,57.34,-10.38,0.0,,8,,20260825
ACMR,"ACM Research, Inc.",Technology,Semiconductor Equipment & Materials,NASDAQ,79.77,1461052,5555916288,6.4302,90.1,61.58,-1.6057,-10.04,5.7,141.28,56.0,0.0,37.5,3,127.19,26.1,-37.28,0.0,,8,,20260825
CRSP,CRISPR Therapeutics AG,Healthcare,Biotechnology,NASDAQ,60.9,1681214,5888582656,2.8318,53.13,53.11,2.7447,15.74,-4.75,-7.89,-0.88,0.0,87.5,2,78.48,44.12,-22.4,0.0,,8,,20260825
FMMFF,Fuji Corporation,Industrials,Specialty Industrial Machinery,PNK,50.34,0,4425544192,0.0094,50.34,33.07,0.0,-2.66,49.65,188.29,92.03,0.0,62.0,3,50.42,16.52,-0.16,0.0,,8,,20260825
PMMAF,PUMA SE,Consumer Cyclical,Footwear & Accessories,PNK,29.45,95,4605332480,0.3984,31.33,27.67,-4.7184,-13.63,-3.74,18.11,2.53,0.0,26.25,3,35.0,17.41,-15.86,0.0,,8,,20260825
VOYJF,Valmet Oyj,Industrials,Specialty Industrial Machinery,PNK,31.17,17,6641764864,0.3762,25.23,29.85,15.7713,16.0,-14.45,-30.9,-13.42,0.0,50.0,3,36.05,24.72,-13.55,0.0,,8,,20260825
MTPOF,Metropolitan Bank & Trust Company,Financial Services,Banks - Regional,PNK,1.08,2885,4497415680,0.1124,1.15,-0.11,-0.6285,-2.66,-160.23,280.43,55.43,0.0,56.25,3,1.53,0.85,-29.77,0.0,,8,,20260825
RLI,RLI Corp.,Financial Services,Insurance - Property & Casualty,NYSE,64.9,904682,5956067840,1.7338,60.83,57.27,2.3491,27.25,-0.84,-17.19,-0.36,0.0,91.25,2,68.69,47.26,-5.52,0.0,,8,,20260825
TCCHF,Technogym S.p.A.,Consumer Cyclical,Leisure,PNK,24.0,0,4782992384,0.0011,24.0,18.52,0.0,-2.66,61.68,52.7,42.0,0.0,62.0,3,24.25,14.0,-1.03,0.0,,8,,20260825
ACHR,Archer Aviation Inc.,Industrials,Aerospace & Defense,NYSE,5.96,41886050,4589359616,0.4492,5.33,6.55,1.4064,-10.75,-29.13,-58.37,-36.23,0.0,49.5,3,14.62,4.3,-59.23,0.0,,8,,20260825
RDN,Radian Group Inc.,Financial Services,Insurance - Specialty,NYSE,36.83,1274914,4872657920,0.8078,37.2,34.84,-0.4586,2.32,-3.2,-12.32,-5.47,0.0,75.75,3,41.05,31.5,-10.28,0.0,,8,,20260825
ACLS,"Axcelis Technologies, Inc.",Technology,Semiconductor Equipment & Materials,NASDAQ,125.4,522595,3872538624,8.4228,145.67,115.42,-2.4061,-25.97,41.34,34.26,21.68,0.0,38.75,3,193.78,73.6,-35.29,0.0,,8,,20260825
VSECU,VSE Corporation,Industrials,Aerospace & Defense,NASDAQ,55.36,54638,0,2.5515,54.62,55.36,0.2909,17.94,-13.39,-0.63,-0.45,0.0,90.0,3,68.1,38.45,-18.71,0.0,,8,,20260825
VSEC,VSE Corporation,Industrials,Aerospace & Defense,NASDAQ,217.65,459790,6108340736,10.8822,214.5,196.04,0.289,22.83,-14.84,10.59,4.75,0.0,86.25,2,247.85,154.67,-12.18,0.0,,8,,20260825
MTPOY,Metropolitan Bank & Trust Company,Financial Services,Banks - Regional,PNK,21.89,32,4519902720,0.2157,21.59,22.09,1.3923,4.04,-11.58,-35.41,-17.21,0.0,62.0,3,27.3,19.15,-19.83,0.0,,8,,20260825
AUTSF,AutoStore Holdings Ltd.,Unknown,Unknown,PNK,1.71,13654,0,0.0893,1.2,1.71,5.747,53.04,53.04,53.04,53.04,0.0,67.0,3,1.83,0.85,-6.56,0.0,,8,,20260825
BTDPY,Barratt Redrow plc,Consumer Cyclical,Residential Construction,PNK,8.72,101874,6047179264,0.1667,7.83,8.45,5.3598,21.38,-23.75,-30.37,-15.12,0.0,82.5,3,11.24,6.38,-22.42,0.0,,8,,20260825
GSISF,Genesis Minerals Limited,Basic Materials,Gold,PNK,6.29,4475,6395796992,0.2785,4.39,4.55,6.8222,47.46,5.31,86.13,48.18,0.0,81.25,3,6.5,3.04,-3.23,0.0,,8,,20260825
AYYLF,Ayala Corporation,Industrials,Conglomerates,PNK,8.3,74,5236525056,0.0823,7.25,8.0,12.8039,6.48,-29.71,-39.98,-24.77,0.0,75.0,3,10.3,6.55,-19.42,0.0,,8,,20260825
BKEAY,"The Bank of East Asia, Limited",Financial Services,Banks - Regional,PNK,2.2,755,5472715264,0.1182,1.83,1.79,3.122,14.37,-0.1,38.27,18.86,0.0,76.25,2,2.35,1.4,-6.38,0.0,,8,,20260825
XXI,"Twenty One Capital, Inc.",Consumer Defensive,Education & Training Services,NYSE,6.51,1522787,3661043200,0.3546,5.17,7.81,3.7905,-11.51,-4.24,-94.62,-42.21,0.0,41.25,3,25.63,4.15,-74.6,0.0,,8,,20260825
GHC,Graham Holdings Company,Industrials,Conglomerates,NYSE,1178.62,22403,4991370752,36.6727,1171.41,1118.57,0.1967,3.35,-1.29,-11.73,-4.31,0.0,86.25,2,1262.35,929.76,-6.63,0.0,,8,,20260825
PBF,PBF Energy Inc.,Energy,Oil & Gas Refining & Marketing,NYSE,66.51,2945149,7883886080,4.076,58.41,42.49,1.9883,72.18,81.02,160.59,110.64,0.0,86.25,2,75.68,24.4,-12.12,0.0,,8,,20260825
WHITF,Whitehaven Coal Limited,Energy,Thermal Coal,PNK,5.85,10612,4481664512,1.0312,5.03,5.53,0.7969,-1.79,-5.14,12.1,2.6,0.0,62.5,3,6.85,0.01,-14.6,0.0,,8,,20260825
EMAT,Evolution Metals & Technologies Corp.,Basic Materials,Other Industrial Metals & Mining,NASDAQ,3.94,339177,2449894656,0.6182,4.87,3.94,-1.5012,-46.97,-72.99,-90.92,-73.66,0.0,33.75,3,24.09,2.15,-83.64,0.0,,8,,20260825
GAERF,"Grupo Aeroportuario del Centro Norte, S.A.B. de C.V.",Industrials,Airports & Air Services,PNK,11.96,93,6225051648,0.1673,13.68,8.79,-10.2425,96.92,24.99,199.2,112.65,0.0,50.0,3,17.82,10.36,-32.87,0.0,,8,,20260825
QNTPF,XtalPi Holdings Limited,Unknown,Unknown,PNK,0.97,11059,0,0.0973,1.14,0.97,-1.7104,-46.42,-38.93,-44.28,-42.94,0.0,27.5,3,2.04,0.8,-52.31,0.0,,8,,20260825
LAZ,"Lazard, Inc.",Financial Services,Capital Markets,NYSE,43.79,2150531,4310586368,1.7293,42.61,46.08,0.6814,-11.72,-23.07,-38.48,-26.4,0.0,48.25,3,58.75,38.67,-25.46,0.0,,8,,20260825
DNTH,"Dianthus Therapeutics, Inc.",Healthcare,Biotechnology,NCM,112.11,1061207,6128631296,5.4086,101.65,73.18,1.934,26.83,100.07,341.35,178.27,0.0,87.5,2,117.88,22.81,-4.89,0.0,,8,,20260825
PSMMY,Persimmon Plc,Consumer Cyclical,Residential Construction,PNK,32.32,54396,5189015040,0.5891,29.45,31.65,4.8684,10.44,-30.7,-9.3,-11.85,0.0,87.5,3,41.84,26.71,-22.75,0.0,,8,,20260825
SEB,Seaboard Corporation,Industrials,Conglomerates,NYSE,4136.0,11455,3961440000,165.6833,4523.57,4832.69,-2.3392,-18.05,-29.02,-7.56,-17.69,0.0,7.5,4,5989.37,3140.01,-30.94,0.0,,8,,20260825
NTSK,"Netskope, Inc.",Technology,Software - Infrastructure,NASDAQ,13.5,5871023,5452969472,0.8494,12.57,13.29,1.0998,9.08,23.79,-56.91,-12.16,0.0,90.0,3,27.99,7.67,-51.77,0.0,,8,,20260825
TGS,Transportadora de Gas del Sur S.A.,Energy,Oil & Gas Integrated,NYSE,28.41,266049,4277188096,1.0388,29.8,30.58,-1.3383,-5.51,-17.13,-18.07,-14.6,0.0,35.25,4,36.35,19.74,-21.84,0.0,,8,,20260825
BOOT,"Boot Barn Holdings, Inc.",Consumer Cyclical,Apparel Retail,NYSE,159.69,704287,4836186624,7.3451,161.12,172.39,-0.1945,-4.99,-30.36,-27.96,-23.06,0.0,37.75,4,210.25,133.18,-24.05,0.0,,8,,20260825
XMTR,"Xometry, Inc.",Industrials,Industrial Distribution,NASDAQ,87.78,804688,4849481216,4.6515,91.25,67.57,-0.7465,-7.55,85.5,58.21,51.32,0.0,73.25,3,106.08,35.86,-17.25,0.0,,8,,20260825
PAM,Pampa Energía S.A.,Industrials,Conglomerates,NYSE,79.76,187584,4286621952,2.6351,83.0,84.15,-1.2306,-3.93,-14.07,-6.85,-8.65,0.0,30.25,4,94.5,54.95,-15.6,0.0,,8,,20260825
ZETA,Zeta Global Holdings Corp.,Technology,Software - Infrastructure,NYSE,27.88,9185998,6998259200,1.4164,22.96,19.63,3.4708,39.58,52.17,22.6,37.2,0.0,88.75,2,29.89,14.37,-6.72,0.0,,8,,20260825
NNNN,Anbio Biotechnology,Healthcare,Medical Instruments & Supplies,NASDAQ,7.83,69736,343668096,1.685,11.1,23.04,-1.9425,-78.58,-80.02,-104.3,-89.37,0.0,8.75,4,51.33,6.61,-84.75,0.0,,8,,20260825
PTEN,"Patterson-UTI Energy, Inc.",Energy,Oil & Gas Drilling,NASDAQ,11.52,9019320,4373195776,0.5086,10.23,9.13,2.5442,-6.4,29.35,88.13,43.92,0.0,63.75,2,13.08,5.1,-11.93,0.0,,8,,20260825
HSKCF,HASEKO Corporation,Consumer Cyclical,Residential Construction,PNK,17.62,0,4666772480,0.0029,17.62,-9.76,0.0,-2.66,-159.77,-102.77,-97.69,0.0,62.0,3,17.62,12.74,0.0,0.0,,8,,20260825
ATAT,Atour Lifestyle Holdings Limited,Consumer Cyclical,Lodging,NASDAQ,35.65,978507,4926329344,1.2008,33.32,36.33,1.9437,7.77,-21.23,-17.76,-12.59,0.0,75.75,3,43.17,30.77,-17.43,0.0,,8,,20260825
MEOH,Methanex Corporation,Basic Materials,Chemicals,NASDAQ,57.08,890280,4415952384,2.2459,53.14,51.03,1.7534,-7.08,6.13,40.99,16.77,0.0,63.75,2,66.75,32.0,-14.49,0.0,,8,,20260825
ASB,Associated Banc-Corp,Financial Services,Banks - Regional,NYSE,30.82,1952009,5816288768,0.5434,30.85,27.56,-0.0574,7.55,3.15,0.55,3.21,0.0,73.25,3,32.46,23.86,-5.05,0.0,,8,,20260825
FCN,"FTI Consulting, Inc.",Industrials,Consulting Services,NYSE,151.68,456122,4188123648,4.6866,154.74,165.21,-0.6533,-3.01,-15.23,-29.84,-18.02,0.0,35.25,4,189.3,137.65,-19.87,0.0,,8,,20260825
RIOCF,RioCan Real Estate Investment Trust,Real Estate,REIT - Retail,PNK,15.34,159677,4473384448,0.1707,15.81,14.55,-2.7803,-4.51,-2.67,-0.77,-2.37,0.0,47.0,3,16.55,12.54,-7.31,0.0,,8,,20260825
GMVHF,Entain Plc,Consumer Cyclical,Gambling,PNK,7.57,15214,4799311360,0.423,7.56,8.34,0.0399,1.84,-16.14,-58.68,-28.66,0.0,53.25,3,12.46,6.74,-39.25,0.0,,8,,20260825
LAUR,"Laureate Education, Inc.",Consumer Defensive,Education & Training Services,NASDAQ,38.36,1182050,5284065280,1.0726,37.57,34.31,0.739,12.07,2.52,22.49,12.9,0.0,88.75,2,40.92,24.98,-6.27,0.0,,8,,20260825
BB,BlackBerry Limited,Technology,Software - Infrastructure,NYSE,7.79,28300779,4565722112,0.4643,9.41,5.85,-3.4835,-9.79,118.45,87.18,73.88,0.0,33.75,3,13.59,3.12,-42.68,0.0,,8,,20260825
NNI,"Nelnet, Inc.",Financial Services,Credit Services,NYSE,128.76,134349,4606960640,3.2323,131.76,131.49,-0.929,-2.63,-11.45,-20.18,-12.74,0.0,62.75,3,144.38,116.62,-10.82,0.0,,8,,20260825
MDU,"MDU Resources Group, Inc.",Utilities,Utilities - Regulated Gas,NYSE,19.98,1540925,4202781952,0.428,20.77,20.65,-1.8419,-11.99,-12.28,3.31,-5.97,0.0,31.5,4,22.98,15.76,-13.05,0.0,,8,,20260825
SPHR,Sphere Entertainment Co.,Communication Services,Entertainment,NYSE,159.85,737404,5740790272,7.9845,154.33,120.93,0.6918,16.86,29.18,256.47,117.01,0.0,88.75,2,181.63,42.96,-11.99,0.0,,8,,20260825
GMVHY,Entain Plc,Consumer Cyclical,Gambling,PNK,7.32,61215,4684127744,0.1663,7.23,8.01,0.5497,2.03,-14.38,-57.16,-27.39,0.0,47.0,3,12.14,6.85,-39.7,0.0,,8,,20260825
FFIN,"First Financial Bankshares, Inc.",Financial Services,Banks - Regional,NASDAQ,33.71,887855,4831311360,0.6001,34.59,32.06,-1.4691,1.66,-6.02,-28.23,-12.99,0.0,70.75,3,38.12,28.12,-11.57,0.0,,8,,20260825
MRVGF,Mirvac Group,Real Estate,REIT - Diversified,PNK,1.11,133,5325831168,0.0003,1.1,1.19,37.0074,-3.67,-27.32,-37.37,-25.43,0.0,62.0,3,1.72,1.11,-35.54,0.0,,8,,20260825
MAIN,Main Street Capital Corporation,Financial Services,Asset Management,NYSE,58.54,628292,5473985536,1.1048,54.15,54.78,3.9734,14.47,-6.43,-23.08,-7.86,0.0,88.75,3,67.34,48.95,-13.07,0.0,,8,,20260825
DNLZY,Dyno Nobel Limited,Basic Materials,Specialty Chemicals,PNK,2.64,2233,4624133120,0.0921,2.64,2.35,-0.0091,1.25,-2.97,15.62,5.52,0.0,68.25,3,2.81,1.7,-6.05,0.0,,8,,20260825
UNF,UniFirst Corporation,Industrials,Specialty Business Services,NYSE,288.06,185196,5209326592,4.9935,281.29,239.82,1.3555,6.96,11.95,41.91,22.69,0.0,85.0,2,306.67,147.66,-6.07,0.0,,8,,20260825
SPGNY,Springer Nature AG & Co. KGaA,Communication Services,Publishing,PNK,12.0,119,2317056768,0.128,10.86,12.0,8.9102,11.01,10.11,10.11,10.34,0.0,50.0,3,12.04,10.17,-0.33,0.0,,8,,20260825
ALK,"Alaska Air Group, Inc.",Industrials,Airlines,NYSE,43.33,3103852,4834196992,1.9831,47.77,45.89,-2.2406,-3.35,-29.5,-47.18,-30.04,0.0,43.25,3,65.88,33.03,-34.23,0.0,,8,,20260825
NEXXY,Nexi S.p.A.,Technology,Software - Infrastructure,PNK,4.95,1587,5673901056,0.0776,4.95,4.95,0.0,17.7,17.7,17.7,17.7,0.0,62.0,3,4.95,4.0,-0.0,0.0,,8,,20260825
MBRFY,MBRF Global Foods Company S.A.,Consumer Defensive,Packaged Foods,PNK,3.5,216744,4876965376,0.182,3.14,3.47,1.9684,3.76,-23.41,-33.58,-20.69,0.0,82.5,3,5.39,2.5,-35.06,0.0,,8,,20260825
MIR,"Mirion Technologies, Inc.",Industrials,Specialty Industrial Machinery,NYSE,14.71,4124263,3663343872,0.6887,16.37,20.45,-2.4139,-20.58,-42.14,-49.35,-39.63,0.0,10.0,4,30.28,14.11,-51.42,0.0,,8,,20260825
LGND,Ligand Pharmaceuticals Incorporated,Healthcare,Biotechnology,NASDAQ,281.72,357146,5616259584,10.0337,295.23,229.16,-1.3467,17.41,37.04,57.09,40.15,0.0,69.5,3,326.63,158.13,-13.75,0.0,,8,,20260825
REYN,Reynolds Consumer Products Inc.,Consumer Cyclical,Packaging & Containers,NASDAQ,24.56,1191669,5176446464,0.6061,25.57,23.11,-1.6725,11.3,-11.77,-10.9,-5.65,0.0,73.25,3,27.32,20.44,-10.1,0.0,,8,,20260825
AQN,Algonquin Power & Utilities Corp.,Utilities,Utilities - Diversified,NYSE,5.75,4323674,4426935808,0.1165,5.81,6.05,-0.5052,-5.74,-25.62,-19.05,-18.02,0.0,34.0,4,7.11,5.32,-19.13,0.0,,8,,20260825
EBC,"Eastern Bankshares, Inc.",Financial Services,Banks - Regional,NASDAQ,22.36,3264612,5109518336,0.4822,22.51,20.19,-0.3173,9.17,-1.01,16.99,8.73,0.0,73.25,3,23.77,16.5,-5.95,0.0,,8,,20260825
HSHZY,Hoshizaki Corporation,Industrials,Specialty Industrial Machinery,PNK,8.35,575,5210200064,0.0777,8.6,8.47,-3.2007,1.72,-10.09,-29.12,-14.75,0.0,49.0,4,10.14,7.91,-17.65,0.0,,8,,20260825
CNVVF,Convatec Group PLC,Healthcare,Medical Instruments & Supplies,PNK,3.3,2165,6118467584,0.0629,2.93,2.97,5.892,38.34,-4.05,-21.32,-0.36,0.0,77.5,3,3.65,2.3,-9.66,0.0,,8,,20260825
CSW,"CSW Industrials, Inc.",Industrials,Specialty Industrial Machinery,NYSE,322.7,151106,5257908224,11.3675,301.94,288.06,1.8262,13.23,-5.45,-1.18,0.93,0.0,87.5,2,355.48,230.45,-9.22,0.0,,8,,20260825
DIOD,Diodes Incorporated,Technology,Semiconductors,NASDAQ,92.95,656758,4280505856,6.655,97.39,78.07,-0.6666,-16.43,22.12,45.27,21.74,0.0,48.25,3,125.99,42.28,-26.22,0.0,,8,,20260825
INDV,"Indivior Pharmaceuticals, Inc.",Healthcare,Drug Manufacturers - Specialty & Generic,NASDAQ,35.97,2027468,4244951040,1.4249,39.47,35.45,-2.4573,-7.17,-3.22,27.9,8.24,0.0,58.75,3,42.81,22.22,-15.98,0.0,,8,,20260825
PI,"Impinj, Inc.",Technology,Semiconductors,NASDAQ,166.22,425053,5078754304,8.1807,148.36,141.45,2.1837,1.84,23.34,-26.0,-1.77,0.0,87.5,2,247.06,87.36,-32.72,0.0,,8,,20260825
CUYTY,Colruyt Group N.V.,Consumer Defensive,Grocery Stores,PNK,11.23,820,5207830528,0.1142,10.7,9.77,4.6276,14.76,7.58,-20.88,-2.01,0.0,75.0,2,11.43,9.13,-1.75,0.0,,8,,20260825
CHEOY,Cochlear Limited,Healthcare,Medical Devices,PNK,49.44,58249,6467298816,1.1528,42.95,61.35,5.6357,40.02,-38.75,-68.88,-31.11,0.0,68.75,3,104.65,31.82,-52.75,0.0,,8,,20260825
DNPUF,"Sumitomo Pharma Co., Ltd.",Healthcare,Drug Manufacturers - Specialty & Generic,PNK,8.41,60,4710231040,0.0139,8.8,12.1,-27.8557,-19.8,-60.72,-27.7,-37.28,0.0,12.0,4,19.2,8.41,-56.2,0.0,,8,,20260825
UFPI,"UFP Industries, Inc.",Basic Materials,Lumber & Wood Production,NASDAQ,88.73,475536,4894479360,2.8859,88.17,91.98,0.195,7.07,-29.79,-35.87,-23.01,0.0,73.25,3,118.0,77.89,-24.81,0.0,,8,,20260825
FLIDY,FLSmidth & Co. A/S,Industrials,Specialty Industrial Machinery,PNK,9.05,219,4826894848,0.1737,7.71,7.84,7.7258,17.37,-11.65,28.87,11.82,0.0,78.75,3,9.2,6.07,-1.63,0.0,,8,,20260825
MTN,"Vail Resorts, Inc.",Consumer Cyclical,Resorts & Casinos,NYSE,147.84,745642,5268060672,4.55,145.54,135.12,0.505,16.23,-4.35,-23.37,-6.81,0.0,90.0,2,165.5,118.51,-10.67,0.0,,8,,20260825
RELY,"Remitly Global, Inc.",Technology,Software - Infrastructure,NASDAQ,26.22,3687409,5550355456,1.1354,23.58,18.16,2.3257,26.29,49.93,17.63,31.1,0.0,87.5,2,27.15,12.08,-3.43,0.0,,8,,20260825
HISEF,"Hisense Home Appliances Group Co., Ltd.",Consumer Cyclical,"Furnishings, Fixtures & Appliances",PNK,2.78,157,4987661312,0.0618,2.72,1.86,1.018,80.32,85.17,37.25,64.79,0.0,75.0,2,3.56,2.39,-21.91,0.0,,8,,20260825
CSTM,Constellium SE,Basic Materials,Aluminum,NYSE,27.08,1873834,3670090752,1.2042,29.8,26.15,-2.2583,-25.55,-2.61,63.59,18.14,0.0,37.5,3,36.99,13.58,-26.79,0.0,,8,,20260825
IBOC,International Bancshares Corporation,Financial Services,Banks - Regional,NASDAQ,70.81,360847,4403780608,1.2628,74.4,70.24,-2.8462,-4.4,-8.16,-20.16,-12.02,0.0,72.0,3,78.46,63.2,-9.75,0.0,,8,,20260825
GTLB,GitLab Inc.,Technology,Software - Infrastructure,NASDAQ,41.66,5298071,7036374016,1.9486,34.21,31.53,3.8239,53.32,55.09,-27.79,21.49,0.0,90.0,2,52.38,18.73,-20.47,0.0,,8,,20260825
TTCIF,Titan S.A.,Basic Materials,Building Materials,PNK,61.0,179,4558473216,0.0294,60.89,60.94,3.7561,3.43,-23.66,16.57,-0.8,0.0,75.0,3,69.93,44.3,-12.77,0.0,,8,,20260825
EXLS,"ExlService Holdings, Inc.",Technology,Information Technology Services,NASDAQ,37.45,2602315,5721720832,1.187,30.53,33.57,5.8312,27.06,18.24,-34.99,-0.85,0.0,95.0,3,45.08,24.85,-16.93,0.0,,8,,20260825
UUUU,Energy Fuels Inc.,Energy,Uranium,NYSE,15.97,8716276,3991940864,0.9665,13.65,17.42,2.3996,-15.51,-41.89,30.94,-6.16,0.0,52.0,3,27.9,10.65,-42.76,0.0,,8,,20260825
MIMTF,Mitsubishi Materials Corporation,Basic Materials,Other Industrial Metals & Mining,PNK,32.0,30,4181678080,0.2809,28.13,27.86,13.7686,-9.9,-20.04,66.69,17.19,0.0,51.25,2,39.0,16.34,-17.95,0.0,,8,,20260825
BKEAF,"The Bank of East Asia, Limited",Financial Services,Banks - Regional,PNK,2.15,190,5684221440,0.0235,1.67,1.69,20.603,23.82,-0.61,14.03,11.35,0.0,76.25,3,2.15,1.41,0.0,0.0,,8,,20260825
ONDS,Ondas Inc.,Technology,Communication Equipment,NCM,8.24,87492626,4701350912,0.6208,8.18,9.45,0.0995,-17.96,-32.79,63.52,9.44,0.0,35.0,3,15.28,4.71,-46.07,0.0,,8,,20260825
FBIN,"Fortune Brands Innovations, Inc.",Industrials,Building Products & Equipment,NYSE,45.67,2612726,5451695104,1.9115,48.34,46.82,-1.3991,17.32,-29.68,-43.98,-23.65,0.0,45.75,4,64.84,32.34,-29.57,0.0,,8,,20260825
WSC,WillScot Holdings Corporation,Industrials,Rental & Leasing Services,NCM,21.27,2370200,3853931776,1.1122,25.82,22.15,-4.087,-19.54,-21.84,-33.57,-25.96,0.0,19.5,4,29.77,14.91,-28.55,0.0,,8,,20260825
HSSKY,HASEKO Corporation,Consumer Cyclical,Residential Construction,PNK,17.86,0,4730337792,0.0006,17.86,17.86,0.0,-2.66,-0.85,-0.85,-1.3,0.0,75.0,3,17.86,17.39,0.0,0.0,,8,,20260825
EPR,EPR Properties,Real Estate,REIT - Specialty,NYSE,60.33,687120,4621816320,1.1781,60.32,54.73,0.0094,1.27,-6.06,-0.7,-2.09,0.0,81.25,2,64.97,48.11,-7.14,0.0,,8,,20260825
RMLRF,Ramelius Resources Limited,Basic Materials,Gold,PNK,2.74,10101,5177089024,0.159,2.3,2.61,2.7917,9.99,-29.99,16.31,-1.47,0.0,82.5,3,3.89,1.83,-29.56,0.0,,8,,20260825
NRSDY,Nordic Semiconductor ASA,Technology,Semiconductors,PNK,17.18,384,3362517760,0.1202,17.64,16.18,-3.7943,-22.9,6.33,-7.31,-6.43,0.0,38.25,3,23.4,12.6,-26.58,0.0,,8,,20260825
YADGF,Yadea Group Holdings Ltd.,Consumer Cyclical,Auto Manufacturers,PNK,0.86,403,4311328768,0.0023,0.82,0.6,18.2728,46.76,65.4,33.11,47.82,0.0,75.0,2,2.26,0.86,-61.95,0.0,,8,,20260825
TFSL,TFS Financial Corporation,Financial Services,Banks - Regional,NASDAQ,17.79,930550,4989076992,0.3842,17.67,14.96,0.3056,10.8,17.45,19.99,16.81,0.0,85.0,2,19.49,12.54,-8.72,0.0,,8,,20260825
TNEYF,Tamarack Valley Energy Ltd.,Energy,Oil & Gas E&P,PNK,9.73,231023,4608069120,0.2886,9.2,7.73,1.8359,5.67,26.53,127.36,61.65,0.0,87.5,2,10.48,3.76,-7.16,0.0,,8,,20260825
MTRN,Materion Corporation,Basic Materials,Other Industrial Metals & Mining,NYSE,232.5,383458,4843841024,15.3895,256.1,181.27,-1.5336,2.12,38.1,85.6,48.1,0.0,61.25,3,304.58,107.72,-23.67,0.0,,8,,20260825
BECTY,Bechtle AG,Technology,Information Technology Services,PNK,8.1,67,5103000064,0.1415,7.8,8.15,2.1194,12.12,-2.36,-36.17,-12.27,0.0,63.25,3,11.25,6.0,-28.0,0.0,,8,,20260825
AYALY,Ayala Corporation,Industrials,Conglomerates,PNK,9.02,714,5804340736,0.3575,7.53,8.1,4.1743,10.48,-15.34,-34.11,-16.4,0.0,75.0,3,15.31,6.34,-41.08,0.0,,8,,20260825
TRKNY,Türk Telekomünikasyon Anonim Sirketi,Communication Services,Telecom Services,PNK,2.85,207,5249999872,0.0926,2.85,3.06,-0.0302,4.7,-10.51,-19.41,-10.27,0.0,24.0,4,4.31,2.18,-33.99,0.0,,8,,20260825
KEN,Kenon Holdings Ltd.,Utilities,Utilities - Independent Power Producers,NYSE,66.66,25268,3473545984,1.8864,66.9,71.69,-0.1255,-27.78,-27.39,34.24,-2.83,0.0,31.5,4,95.93,41.5,-30.51,0.0,,8,,20260825
SHC,Sotera Health Company,Healthcare,Diagnostics & Research,NASDAQ,19.51,2885957,5567662080,0.5206,17.86,16.68,3.1607,19.94,4.67,-1.26,6.11,0.0,91.25,2,19.85,13.09,-1.71,0.0,,8,,20260825
PFSI,"PennyMac Financial Services, Inc.",Financial Services,Mortgage Finance,NYSE,74.16,585747,3850748928,2.4617,80.58,99.38,-2.6074,-15.86,-30.11,-51.53,-35.11,0.0,10.0,4,160.36,71.68,-53.75,0.0,,8,,20260825
KVYO,"Klaviyo, Inc.",Technology,Software - Application,NYSE,17.6,5936658,5011202560,1.1708,16.86,20.77,0.6305,19.41,-6.7,-66.3,-24.01,0.0,62.5,3,36.23,12.53,-51.41,0.0,,8,,20260825
RTMVF,Rightmove plc,Communication Services,Internet Content & Information,PNK,6.9,185,5060482048,0.0364,6.13,6.22,21.2092,13.31,9.19,-52.29,-14.37,0.0,75.0,3,10.19,5.29,-32.29,0.0,,8,,20260825
MWH,"SOLV Energy, Inc.",Utilities,Utilities - Renewable,NASDAQ,28.19,2267544,5705281536,1.8906,30.18,28.19,-1.0509,-30.9,-20.53,-21.82,-23.64,0.0,36.25,3,48.4,23.83,-41.76,0.0,,8,,20260825
HCC,"Warrior Met Coal, Inc.",Basic Materials,Coking Coal,NYSE,105.29,765884,5559532032,4.4365,87.11,87.92,4.0974,10.91,4.45,58.18,27.56,0.0,68.75,3,111.2,54.66,-5.31,0.0,,8,,20260825
LASR,"nLIGHT, Inc.",Technology,Semiconductors,NASDAQ,43.3,1293039,2497985536,5.1725,63.0,56.93,-3.8084,-49.22,-36.9,34.36,-11.47,0.0,8.75,4,86.95,27.22,-50.2,0.0,,8,,20260825
NDCVF,Nordic Semiconductor ASA,Technology,Semiconductors,PNK,16.66,4115,3461415424,0.3453,17.55,16.3,-2.5696,-27.58,-0.36,-17.72,-14.11,0.0,33.75,3,23.29,12.25,-28.47,0.0,,8,,20260825
NWE,"NorthWestern Energy Group, Inc.",Utilities,Utilities - Regulated Electric,NASDAQ,70.88,472958,4360385024,1.4586,70.56,67.54,0.2223,-2.6,-6.93,7.45,-0.1,0.0,86.25,2,75.18,55.5,-5.72,0.0,,8,,20260825
CVLT,"Commvault Systems, Inc.",Technology,Software - Application,NASDAQ,131.16,749271,5435869184,5.87,138.26,113.12,-1.2094,19.04,36.2,-47.56,-1.59,0.0,63.75,3,198.18,71.75,-33.82,0.0,,8,,20260825
CUYTF,Colruyt Group N.V.,Consumer Defensive,Grocery Stores,PNK,37.68,0,5314840576,0.0022,37.68,41.76,0.0,-2.66,-27.03,-36.02,-24.53,0.0,49.0,3,44.7,37.68,-15.7,0.0,,8,,20260825
RMVEY,Rightmove plc,Communication Services,Internet Content & Information,PNK,14.1,19909,5170492928,0.3406,12.37,12.41,5.0859,20.09,15.68,-50.61,-9.73,0.0,85.0,3,20.69,10.59,-31.85,0.0,,8,,20260825
CNO,"CNO Financial Group, Inc.",Financial Services,Insurance - Life,NYSE,54.19,780247,5013732864,1.0032,53.22,45.28,0.9643,13.3,19.21,19.04,17.66,0.0,86.25,2,57.59,38.22,-5.9,0.0,,8,,20260825
NPIFF,Northland Power Inc.,Utilities,Utilities - Renewable,PNK,15.35,270350,4014056448,0.2665,15.5,15.03,-0.5471,-10.41,-5.32,-22.92,-13.63,0.0,48.25,3,18.44,11.43,-16.76,0.0,,8,,20260825
OLED,Universal Display Corporation,Technology,Electronic Components,NASDAQ,89.38,742801,4108515584,3.1942,84.52,100.4,1.5227,-6.06,-27.15,-57.2,-33.9,0.0,35.0,3,153.38,76.42,-41.73,0.0,,8,,20260825
POST,"Post Holdings, Inc.",Consumer Defensive,Packaged Foods,NYSE,81.06,935993,3673848576,2.9798,86.93,97.36,-1.97,-17.75,-35.44,-48.92,-36.41,0.0,8.75,4,117.28,75.4,-30.88,0.0,,8,,20260825
KPDCF,Keppel DC REIT,Real Estate,REIT - Office,PNK,1.55,681,4405689344,0.035,1.72,1.72,-4.8239,-13.76,-22.08,-36.39,-25.72,0.0,0.0,4,2.2,1.51,-29.55,0.0,,8,,20260825
CHEOF,Cochlear Limited,Healthcare,Medical Devices,PNK,96.75,1234,6327345152,0.9984,84.0,126.16,12.7716,41.1,-58.93,-68.6,-37.79,0.0,50.0,3,207.71,64.39,-53.42,0.0,,8,,20260825
EIFZF,Exchange Income Corporation,Industrials,Airlines,PNK,90.12,5558,5081421312,1.0495,91.47,75.23,-1.2869,5.48,12.52,51.9,26.51,0.0,65.75,3,95.53,50.77,-5.66,0.0,,8,,20260825
CAI,"Caris Life Sciences, Inc.",Healthcare,Biotechnology,NASDAQ,28.01,3823420,7915491840,1.3731,18.78,20.91,6.7223,78.17,41.88,-48.73,14.71,0.0,90.0,3,39.3,14.19,-28.73,0.0,,8,,20260825
CYGIY,"CyberAgent, Inc.",Communication Services,Advertising Agencies,PNK,4.64,42,5070990848,0.0775,4.32,4.58,4.1935,17.86,-6.3,-44.13,-15.39,0.0,76.25,3,6.0,3.75,-22.67,0.0,,8,,20260825
MAPGF,Mapletree Logistics Trust,Real Estate,REIT - Industrial,PNK,1.0,995,5190367744,0.0181,0.98,0.97,1.4353,14.36,-6.79,-14.65,-4.65,0.0,75.0,2,1.16,0.83,-13.45,0.0,,8,,20260825
MAT,"Mattel, Inc.",Consumer Cyclical,Leisure,NASDAQ,15.26,4410598,4359781888,0.4744,14.29,16.71,2.0404,-1.04,-24.82,-36.89,-23.7,0.0,74.5,3,22.48,12.73,-32.12,0.0,,8,,20260825
AD,"Array Digital Infrastructure, Inc.",Communication Services,Telecom Services,NYSE,35.86,329607,3101135360,0.8807,35.68,36.61,0.2055,-12.72,-17.32,-20.38,-17.4,0.0,53.25,3,60.82,33.71,-41.04,0.0,,8,,20260825
OPEN,Opendoor Technologies Inc.,Real Estate,Real Estate Services,NASDAQ,3.6,58491447,3473051904,0.2495,4.15,5.25,-2.2037,-21.95,-41.57,-48.15,-39.3,0.0,11.25,4,10.87,3.21,-66.88,0.0,,8,,20260825
WYGPY,Worley Limited,Energy,Oil & Gas Equipment & Services,PNK,7.69,3026,4015510272,0.1432,7.77,8.31,-0.553,-16.06,-30.67,-25.07,-24.78,0.0,25.25,4,9.99,6.49,-23.02,0.0,,8,,20260825
MONDY,Mondi plc,Basic Materials,Paper & Paper Products,PNK,23.47,36128,5172762624,0.507,20.9,22.13,5.0629,16.3,-14.25,-37.75,-16.01,0.0,87.5,3,29.0,17.87,-19.07,0.0,,8,,20260825
MCARY,"Mercari, Inc.",Consumer Cyclical,Internet Retail,PNK,14.33,703,4923567104,0.1724,13.63,11.47,4.0567,6.24,12.13,67.59,32.84,0.0,75.0,2,15.2,6.88,-5.72,0.0,,8,,20260825
CUZ,Cousins Properties Incorporated,Real Estate,REIT - Office,NYSE,30.2,1636479,4971737088,0.6624,30.21,25.89,-0.0088,11.6,22.16,-8.72,7.17,0.0,73.25,3,32.95,21.03,-8.35,0.0,,8,,20260825
CRGY,Crescent Energy Company,Energy,Oil & Gas E&P,NYSE,13.45,6009361,4443930112,0.4623,10.98,10.68,5.3519,6.98,22.06,21.15,17.92,0.0,92.5,2,14.29,7.68,-5.88,0.0,,8,,20260825
REZI,"Resideo Technologies, Inc.",Industrials,Industrial Distribution,NYSE,19.93,2397271,3026318336,1.3895,23.02,23.97,-2.2274,-6.58,-31.84,-35.77,-27.1,0.0,35.0,4,31.52,18.59,-36.76,0.0,,8,,20260825
ACIW,"ACI Worldwide, Inc.",Technology,Software - Infrastructure,NASDAQ,52.4,1045447,5290054656,1.6975,53.3,46.06,-0.5309,21.43,22.06,-13.74,7.58,0.0,74.5,3,61.08,38.05,-14.21,0.0,,8,,20260825
COCO,"The Vita Coco Company, Inc.",Consumer Defensive,Beverages - Non-Alcoholic,NASDAQ,63.57,1081976,3678424064,2.9353,70.36,60.39,-2.3144,-19.2,3.06,53.07,17.5,0.0,33.75,3,85.83,33.19,-25.93,0.0,,8,,20260825
FELE,"Franklin Electric Co., Inc.",Industrials,Specialty Industrial Machinery,NASDAQ,101.82,294022,4501611008,2.6094,105.06,99.2,-1.2426,-0.88,-8.54,-16.67,-9.88,0.0,73.25,3,115.82,89.54,-12.09,0.0,,8,,20260825
LMND,"Lemonade, Inc.",Financial Services,Insurance - Property & Casualty,NYSE,54.42,1479157,4211923712,2.8138,59.58,65.24,-1.8341,-7.43,-7.81,-24.23,-14.28,0.0,15.0,4,99.9,46.16,-45.53,0.0,,8,,20260825
TCBIO,"Texas Capital Bancshares, Inc.",Financial Services,Banks - Regional,NASDAQ,20.77,15134,0,0.2132,20.51,20.7,1.2263,-1.45,-15.34,-12.21,-10.62,0.0,66.25,3,22.95,19.78,-9.48,0.0,,8,,20260825
TCBI,"Texas Capital Bancshares, Inc.",Financial Services,Banks - Regional,NASDAQ,98.59,514574,4286137856,1.8098,101.19,97.65,-1.4355,-3.88,-9.91,-7.1,-7.28,0.0,62.75,3,108.92,75.41,-9.48,0.0,,8,,20260825
MNODF,Mondi plc,Basic Materials,Paper & Paper Products,PNK,11.62,252,5640014848,0.0461,10.31,11.01,28.464,16.44,-9.68,-43.27,-16.59,0.0,75.0,3,15.0,9.7,-22.53,0.0,,8,,20260825
LION,Lionsgate Studios Corp.,Unknown,Unknown,NYSE,11.78,3045622,3505252864,0.4843,13.54,10.82,-3.6446,-22.33,31.29,66.68,32.04,0.0,31.25,3,16.7,5.88,-29.46,0.0,,8,,20260825
PTITF,PT Indosat Tbk,Communication Services,Telecom Services,PNK,0.11,79,4892886016,0.0003,0.12,0.13,-41.5288,-19.1,-27.21,-51.27,-34.81,0.0,0.0,4,0.16,0.11,-29.81,0.0,,8,,20260825
TBBB,BBB Foods Inc.,Consumer Defensive,Discount Stores,NYSE,50.91,820650,6137850880,1.9144,42.78,36.95,4.2455,45.73,26.32,76.94,51.42,0.0,90.0,2,51.62,23.81,-1.38,0.0,,8,,20260825
NHKGF,"NHK Spring Co., Ltd.",Consumer Cyclical,Auto Parts,PNK,24.51,3,4329460224,0.0123,24.51,0.29,0.0,70.44,-234.95,-5.34,-66.76,0.0,75.0,3,24.51,11.85,0.0,0.0,,8,,20260825
ANDG,Andersen Group Inc.,Consumer Cyclical,Personal Services,NYSE,52.21,431293,5899127296,2.5904,43.57,52.21,3.3338,33.98,139.23,107.15,100.08,0.0,88.75,3,52.29,18.12,-0.15,0.0,,8,,20260825
KNTNF,K92 Mining Inc.,Basic Materials,Gold,OQX,22.48,76647,5523590144,0.8309,17.32,17.72,6.2157,20.89,-13.51,86.65,35.16,0.0,91.25,3,24.87,10.56,-9.61,0.0,,8,,20260825
RBSFY,Rubis,Energy,Oil & Gas Refining & Marketing,PNK,7.78,385,4081718016,0.2058,7.64,7.59,0.6333,-7.99,-15.24,3.9,-5.77,0.0,52.5,2,8.76,6.12,-11.24,0.0,,8,,20260825
SGBAF,SES S.A.,Communication Services,Broadcasting,PNK,5.82,1701,2410846976,0.2009,7.57,7.59,-8.7278,-48.71,-37.41,-35.04,-39.29,0.0,3.75,4,11.4,5.52,-48.95,0.0,,8,,20260825
BCO,The Brink's Company,Industrials,Security & Protection Services,NYSE,111.0,505684,4572049408,3.9692,109.29,112.33,0.4308,1.63,-25.72,-21.06,-17.02,0.0,72.0,3,136.37,91.05,-18.6,0.0,,8,,20260825
AMVIF,Aumovio SE,Unknown,Unknown,PNK,42.83,4056,0,2.6802,43.37,42.83,-0.2028,-16.59,-12.6,-12.6,-13.59,0.0,68.25,3,53.5,0.0,-19.94,0.0,,8,,20260825
AIR,AAR Corp.,Industrials,Aerospace & Defense,NYSE,135.36,457792,5449436672,6.2901,138.43,112.17,-0.4875,17.76,2.44,58.52,28.7,0.0,72.0,3,154.0,73.05,-12.1,0.0,,8,,20260825
SAIC,Science Applications International Corporation,Technology,Information Technology Services,NASDAQ,127.28,529298,5380993536,3.6544,116.58,101.94,2.9284,23.68,34.35,-11.69,13.27,0.0,90.0,2,129.7,81.08,-1.87,0.0,,8,,20260825
AGLXY,AGL Energy Limited,Utilities,Utilities - Independent Power Producers,PNK,6.39,1100,4312309760,0.144,5.97,6.31,2.8868,-8.82,-23.11,-3.59,-11.73,0.0,56.25,3,7.57,5.21,-15.59,0.0,,8,,20260825
HRI,Herc Holdings Inc.,Industrials,Rental & Leasing Services,NYSE,156.09,527271,5218313728,7.8054,154.33,140.15,0.2253,13.29,-6.44,2.04,1.89,0.0,83.75,2,188.35,88.45,-17.13,0.0,,8,,20260825
CBT,Cabot Corporation,Basic Materials,Specialty Chemicals,NYSE,83.64,537226,4317615104,2.6439,88.0,76.24,-1.6484,-3.06,-0.34,-16.71,-7.57,0.0,77.0,3,94.53,58.33,-11.52,0.0,,8,,20260825
ELFIF,E-L Financial Corporation Limited,Financial Services,Insurance - Life,PNK,12.79,7982,4420771840,0.1019,12.18,11.89,5.9523,0.26,-3.15,5.1,1.0,0.0,81.25,2,13.92,10.8,-8.12,0.0,,8,,20260825
FTDR,"Frontdoor, Inc.",Consumer Cyclical,Personal Services,NASDAQ,83.53,594977,5754658304,2.8734,77.18,63.53,2.2086,31.58,38.32,19.77,29.22,0.0,86.25,2,93.43,48.47,-10.6,0.0,,8,,20260825
MZDAF,Mazda Motor Corporation,Consumer Cyclical,Auto Manufacturers,PNK,7.07,446,4460959744,0.0757,7.08,7.17,-0.1269,1.21,-25.54,-6.5,-11.24,0.0,51.5,3,9.35,6.04,-24.39,0.0,,8,,20260825
CYAGF,"CyberAgent, Inc.",Communication Services,Advertising Agencies,PNK,8.4,1,4259632128,0.0424,8.76,8.8,-8.4892,-3.62,-27.8,-338.99,-146.23,0.0,24.0,4,13.0,7.25,-35.38,0.0,,8,,20260825
MTH,Meritage Homes Corporation,Consumer Cyclical,Residential Construction,NYSE,73.44,885690,4786385408,2.4727,74.88,69.6,-0.5841,11.8,-15.89,-25.89,-12.97,0.0,74.5,3,85.38,58.03,-13.98,0.0,,8,,20260825
VVV,Valvoline Inc.,Consumer Cyclical,Auto & Truck Dealerships,NYSE,32.91,2122069,4199315968,1.0837,37.46,34.4,-4.2004,-5.4,-27.64,-37.42,-25.99,0.0,47.0,3,41.33,28.5,-20.37,0.0,,8,,20260825
RDNT,"RadNet, Inc.",Healthcare,Diagnostics & Research,NASDAQ,76.86,835004,6048709632,3.0286,65.81,66.16,3.6496,39.71,1.36,-10.36,6.26,0.0,91.25,3,85.84,50.82,-10.46,0.0,,8,,20260825
HNGE,"Hinge Health, Inc.",Healthcare,Health Information Services,NYSE,89.87,1956763,7252007424,4.435,81.96,54.86,1.7826,67.33,112.04,36.1,70.49,0.0,91.25,2,93.13,30.08,-3.5,0.0,,8,,20260825
NINOF,Nikon Corporation,Consumer Cyclical,Leisure,PNK,11.6,377,4351595520,0.1443,12.73,6.09,-7.8135,-17.77,-991.26,892.43,5.58,0.0,50.0,3,14.5,10.1,-20.0,0.0,,8,,20260825
BKGFF,The Berkeley Group Holdings plc,Consumer Cyclical,Residential Construction,PNK,50.67,7,4206415616,0.5094,45.23,48.47,10.6846,7.5,-9.98,-21.15,-10.08,0.0,50.0,3,58.82,42.33,-13.86,0.0,,8,,20260825
HSYDF,Harmonic Drive Systems Inc.,Industrials,Specialty Industrial Machinery,PNK,35.53,4842,3374871296,3.4195,43.53,27.25,-2.3388,-22.42,83.47,631.68,276.28,0.0,35.0,3,57.16,15.0,-37.84,0.0,,8,,20260825
MRP,"Millrose Properties, Inc.",Real Estate,REIT - Residential,NYSE,30.96,1437782,5140843520,0.5878,28.98,28.51,3.3704,12.56,-6.45,-20.14,-7.18,0.0,86.25,2,36.0,26.3,-14.0,0.0,,8,,20260825
CVSA,Covista Inc.,Consumer Defensive,Education & Training Services,NYSE,136.38,348707,4642214400,5.9611,125.93,113.09,1.753,7.44,24.92,-18.89,3.03,0.0,88.75,2,156.26,86.97,-12.72,0.0,,8,,20260825
SMDPY,"Sumitomo Pharma Co., Ltd.",Healthcare,Drug Manufacturers - Specialty & Generic,PNK,9.3,266,4171918848,0.1768,8.97,11.23,1.8793,-17.58,-61.38,-28.46,-37.26,0.0,25.0,3,24.48,7.84,-62.01,0.0,,8,,20260825
MANE,"Veradermics, Incorporated",Healthcare,Biotechnology,NYSE,102.35,725536,4276196864,7.2438,110.75,102.35,-1.159,-2.45,121.71,158.91,105.55,0.0,61.25,3,131.24,32.0,-22.01,0.0,,8,,20260825
KBR,"KBR, Inc.",Industrials,Engineering & Construction,NYSE,37.69,1747119,4751493632,1.1222,36.03,38.21,1.479,10.66,-17.88,-44.98,-21.58,0.0,75.75,3,52.23,29.94,-27.84,0.0,,8,,20260825
CNR,"Core Natural Resources, Inc.",Energy,Thermal Coal,NYSE,96.98,629133,4813724160,3.2615,85.65,89.17,3.4749,7.81,-2.6,14.78,6.95,0.0,91.25,3,114.8,70.36,-15.52,0.0,,8,,20260825
SFBS,"ServisFirst Bancshares, Inc.",Financial Services,Banks - Regional,NYSE,43.13,585655,4716050944,1.0181,43.51,39.47,-0.3774,8.3,-7.94,-20.48,-8.89,0.0,75.75,3,46.04,33.6,-6.32,0.0,,8,,20260825
COLD,"Americold Realty Trust, Inc.",Real Estate,REIT - Industrial,NYSE,15.49,4349915,4443257856,0.5006,14.98,12.92,1.028,3.45,10.58,-8.89,1.01,0.0,86.25,2,16.88,10.1,-8.23,0.0,,8,,20260825
ANIOY,"Acerinox, S.A.",Basic Materials,Steel,PNK,10.18,1315,5122703872,0.1874,9.62,7.96,2.985,15.12,19.36,47.25,29.46,0.0,77.5,2,10.74,6.11,-5.21,0.0,,8,,20260825
MZDAY,Mazda Motor Corporation,Consumer Cyclical,Auto Manufacturers,PNK,3.72,39485,4694418432,0.0807,3.51,3.6,2.5423,6.47,-23.87,-10.27,-10.85,0.0,83.75,3,4.55,3.1,-18.24,0.0,,8,,20260825
USAC,"USA Compression Partners, LP",Energy,Oil & Gas Equipment & Services,NYSE,26.76,257882,3878683904,0.6749,25.95,25.42,1.199,-8.45,-8.7,-0.78,-5.47,0.0,61.25,2,30.55,21.85,-12.41,0.0,,8,,20260825
UPCHY,Uni-President China Holdings Ltd,Consumer Defensive,Beverages - Non-Alcoholic,PNK,97.36,20,4159518720,0.4659,90.7,93.22,14.3002,6.51,-3.85,-31.97,-12.51,0.0,75.0,3,117.05,85.53,-16.82,0.0,,8,,20260825
GRTUF,Granite Real Estate Investment Trust,Real Estate,REIT - Industrial,OQX,64.72,3940,4018075904,0.5806,67.65,62.4,-5.0479,-7.64,-8.38,-2.77,-5.95,0.0,40.75,3,72.03,50.0,-10.15,0.0,,8,,20260825
MNSO,MINISO Group Holding Limited,Consumer Cyclical,Specialty Retail,NYSE,11.26,723547,3361116928,0.32,12.01,15.86,-2.3366,-15.42,-52.49,-76.71,-52.91,0.0,12.5,4,26.2,10.64,-57.02,0.0,,8,,20260825
HAFN,Hafnia Limited,Industrials,Marine Shipping,NYSE,8.19,1611258,4093208832,0.2149,7.45,6.81,3.4376,-0.45,10.34,35.76,17.81,0.0,60.0,2,9.54,5.17,-14.11,0.0,,8,,20260825
KC,Kingsoft Cloud Holdings Limited,Technology,Software - Application,NASDAQ,10.51,1572304,3146375168,0.6322,10.48,12.55,0.0525,-21.64,-32.16,-49.09,-36.3,0.0,36.25,3,18.52,8.35,-43.25,0.0,,8,,20260825
KKKUF,"Kakaku.com, Inc.",Communication Services,Internet Content & Information,PNK,22.67,479,4128931328,0.031,21.65,16.58,32.9307,3.35,78.99,-2.31,27.56,0.0,75.0,2,22.68,11.15,-0.0,0.0,,8,,20260825
WYGPF,Worley Limited,Energy,Oil & Gas Equipment & Services,PNK,7.7,109,3881309440,0.0282,8.29,8.39,-21.0762,-12.7,-30.47,-31.71,-26.53,0.0,12.0,4,9.57,7.16,-19.54,0.0,,8,,20260825
JTKWY,Just Eat Takeaway.com N.V.,Unknown,Unknown,PNK,4.1,3220,4094232832,0.1836,3.98,4.2,0.6641,-5.04,-12.48,-32.81,-18.75,0.0,72.0,3,5.68,2.5,-27.82,0.0,,8,,20260825
CRNLF,Capricorn Metals Ltd,Basic Materials,Gold,PNK,12.9,371,5619746304,0.2406,9.76,9.31,13.0544,37.87,18.2,74.86,45.78,0.0,77.5,2,12.56,6.57,2.67,0.0,,8,,20260825
SOOBF,Sapporo Breweries Limited,Consumer Defensive,Beverages - Brewers,PNK,12.25,6,4168811008,0.0923,7.77,-1.68,48.5793,-233.81,-256.23,73.73,-118.64,0.0,62.0,3,12.51,8.42,-2.07,0.0,,8,,20260825
HKMPY,Hikma Pharmaceuticals PLC,Healthcare,Drug Manufacturers - Specialty & Generic,PNK,43.94,415,4548139008,0.4432,41.98,39.04,4.4263,11.35,-7.38,-26.2,-10.23,0.0,76.25,2,50.56,31.8,-13.09,0.0,,8,,20260825
AMVOY,Aumovio SE,Consumer Cyclical,Auto Parts,PNK,8.67,4680,4337210368,0.3691,8.55,8.86,0.3163,-3.61,-22.64,-11.1,-13.27,0.0,44.5,3,14.78,7.12,-41.34,0.0,,8,,20260825
TDS,"Telephone and Data Systems, Inc.",Communication Services,Telecom Services,NYSE,33.82,1140274,3893223168,1.1873,35.28,40.53,-1.2279,-15.19,-35.87,-32.72,-29.44,0.0,25.75,4,49.12,31.51,-31.15,0.0,,8,,20260825
SLM,SLM Corporation,Financial Services,Credit Services,NASDAQ,26.47,2731485,4976359936,0.7261,25.56,24.37,1.2481,18.3,23.1,-34.79,-1.26,0.0,88.75,2,32.07,17.77,-17.46,0.0,,8,,20260825
SLMBP,SLM Corporation,Financial Services,Credit Services,NASDAQ,75.22,3285,32770377140,0.4582,74.64,72.94,1.2559,0.44,-7.95,-12.88,-7.82,0.0,88.75,2,76.81,70.58,-2.07,0.0,,8,,20260825
BKGFY,The Berkeley Group Holdings plc,Consumer Cyclical,Residential Construction,PNK,9.9,69268,4526468608,0.2317,9.41,9.91,2.1145,7.45,-28.83,-22.66,-17.29,0.0,79.5,3,12.54,8.09,-21.05,0.0,,8,,20260825
VNT,Vontier Corporation,Technology,Scientific & Technical Instruments,NYSE,33.39,1705166,4514328064,0.9072,31.16,34.72,2.4597,10.91,-30.34,-43.4,-25.25,0.0,72.0,3,48.2,27.25,-30.73,0.0,,8,,20260825
CITAF,"COSCO SHIPPING Development Co., Ltd.",Industrials,Aerospace & Defense,PNK,0.12,733,1575846784,0.0003,0.11,0.12,19.4513,0.25,-16.47,-17.57,-12.73,0.0,62.0,3,0.17,0.11,-30.73,0.0,,8,,20260825
FMCKM,Federal Home Loan Mortgage Corporation,Financial Services,Mortgage Finance,OQB,7.81,3665,25158586490,0.2464,7.76,9.91,0.1989,-25.1,-38.45,-63.17,-45.0,0.0,37.5,3,14.14,6.79,-44.77,0.0,,8,,20260825
FMCKP,Federal Home Loan Mortgage Corporation,Financial Services,Mortgage Finance,OQB,15.0,360,48319948800,0.0741,14.6,18.28,5.3972,-15.5,-33.11,-58.25,-38.76,0.0,25.0,3,26.5,13.76,-43.4,0.0,,8,,20260825
FMCCJ,Federal Home Loan Mortgage Corporation,Financial Services,Mortgage Finance,OQB,12.4,1511,39944489779,0.2781,12.01,15.09,1.3907,-11.75,-39.54,-62.69,-41.85,0.0,33.75,3,22.79,10.62,-45.59,0.0,,8,,20260825
FREJO,Federal Home Loan Mortgage Corporation PFD 5.1% SAL,Unknown,Unknown,OQB,15.58,4,50188008806,0.0115,16.1,18.48,-44.8088,-10.14,-30.0,-52.55,-34.05,0.0,12.0,4,24.75,15.58,-37.05,0.0,,8,,20260825
FMCCL,Federal Home Loan Mortgage Corporation,Financial Services,Mortgage Finance,OQB,12.2,2349,39300224409,0.2869,12.28,15.69,-0.2893,-17.04,-38.63,-63.64,-43.23,0.0,17.0,4,23.01,10.69,-46.98,0.0,,8,,20260825
FMCCK,Federal Home Loan Mortgage Corporation,Financial Services,Mortgage Finance,OQB,13.27,679,42747049513,0.1267,13.88,18.21,-4.8184,-26.83,-43.0,-66.17,-48.22,0.0,13.25,4,27.2,11.89,-51.21,0.0,,8,,20260825
FMCCT,Federal Home Loan Mortgage Corporation,Financial Services,Mortgage Finance,OQB,14.9,5200,47997814579,0.3531,15.16,19.68,-0.7284,-23.88,-42.13,-63.99,-46.31,0.0,19.5,4,29.67,13.44,-49.78,0.0,,8,,20260825
FMCKK,Federal Home Loan Mortgage Corporation PFD,Unknown,Unknown,OQB,13.12,4044,0,0.1198,13.27,17.0,-1.25,-22.8,-40.39,-63.15,-45.1,0.0,14.5,4,25.56,11.9,-48.67,0.0,,8,,20260825
FMCKJ,Federal Home Loan Mortgage Corporation,Financial Services,Mortgage Finance,OQB,9.61,157369,30956979425,0.2526,9.73,11.86,-0.4584,-23.53,-34.96,-56.49,-40.71,0.0,23.25,4,16.98,8.74,-43.4,0.0,,8,,20260825
FMCCG,Federal Home Loan Mortgage Corporation,Financial Services,Mortgage Finance,OQB,12.25,1114,39461291520,0.2854,12.0,15.09,0.8852,-15.59,-42.87,-63.21,-44.19,0.0,30.0,3,22.53,10.5,-45.63,0.0,,8,,20260825
FMCKI,Federal Home Loan Mortgage Corporation,Financial Services,Mortgage Finance,OQB,7.25,12079,23354641920,0.1724,7.73,9.98,-2.7927,-28.3,-43.89,-67.61,-49.48,0.0,5.0,4,14.67,7.0,-50.56,0.0,,8,,20260825
FMCCN,Federal Home Loan Mortgage Corporation,Financial Services,Mortgage Finance,OQB,12.39,542,39912278814,0.1548,11.77,15.11,3.9899,-13.96,-45.9,-62.6,-44.6,0.0,28.75,3,22.5,10.7,-44.93,0.0,,8,,20260825
FMCCH,Federal Home Loan Mortgage Corporation,Financial Services,Mortgage Finance,OQB,13.5,955,43487953920,0.2945,13.61,17.13,-0.3702,-20.79,-40.48,-62.43,-44.34,0.0,17.0,4,25.0,12.0,-46.0,0.0,,8,,20260825
FREGP,Federal Home Loan Mortgage Corporation,Financial Services,Mortgage Finance,OQB,13.7,147,44132219289,0.0568,14.13,18.18,-7.5884,-21.69,-45.06,-66.55,-47.81,0.0,13.25,4,26.55,12.37,-48.4,0.0,,8,,20260825
FMCKL,Federal Home Loan Mortgage Corporation,Financial Services,Mortgage Finance,OQB,7.48,11524,24095547863,0.1316,8.0,10.21,-3.9701,-27.4,-44.17,-65.85,-48.65,0.0,5.0,4,14.96,7.04,-50.0,0.0,,8,,20260825
FMCCI,Federal Home Loan Mortgage Corporation,Financial Services,Mortgage Finance,OQB,12.0,3398,38655959040,0.3382,11.94,14.96,0.1774,-15.28,-41.43,-63.8,-43.84,0.0,27.5,3,22.69,10.0,-47.11,0.0,,8,,20260825
FMCCM,Federal Home Loan Mortgage Corporation,Financial Services,Mortgage Finance,OQB,12.2,1906,39300224409,0.2083,12.15,15.26,0.2352,-17.11,-38.08,-62.59,-42.64,0.0,27.5,3,23.0,10.58,-46.96,0.0,,8,,20260825
FMCCP,Federal Home Loan Mortgage Corporation,Financial Services,Mortgage Finance,OQB,15.13,282,48738722058,0.062,14.93,18.73,3.2888,-17.22,-36.64,-59.95,-41.11,0.0,25.0,3,28.32,14.1,-46.57,0.0,,8,,20260825
FMCC,Federal Home Loan Mortgage Corporation,Financial Services,Mortgage Finance,OQB,5.72,1988590,3718340608,0.2466,5.66,7.09,0.2506,-11.65,-27.78,-57.9,-35.8,0.0,38.75,3,14.99,3.4,-61.84,0.0,,8,,20260825
FREJP,Federal Home Loan Mortgage Corporation PFD 5.30%,Unknown,Unknown,OQB,12.93,382,0,0.0561,13.92,17.43,-17.6438,-22.29,-44.06,-66.46,-47.58,0.0,0.0,4,25.0,12.93,-48.28,0.0,,8,,20260825
FMCKO,Federal Home Loan Mortgage Corporation,Financial Services,Mortgage Finance,OQB,7.95,6195,25609572249,0.119,7.89,10.29,0.479,-23.16,-40.6,-61.95,-44.78,0.0,27.5,3,15.0,6.92,-47.0,0.0,,8,,20260825
FMCCO,Federal Home Loan Mortgage Corporation,Financial Services,Mortgage Finance,OQB,13.65,255,43971152179,0.0801,14.2,18.42,-6.8621,-26.01,-40.63,-65.74,-47.02,0.0,12.0,4,27.52,12.8,-50.4,0.0,,8,,20260825
FREJN,Federal Home Loan Mortgage Corporation,Financial Services,Mortgage Finance,OQB,15.61,20,50284958945,0.0064,15.88,18.74,-42.7643,-11.95,-35.03,-53.88,-36.8,0.0,12.0,4,27.0,15.61,-42.19,0.0,,8,,20260825
FMCKN,Federal Home Loan Mortgage Corporation,Financial Services,Mortgage Finance,OQB,7.95,1960,25609572249,0.0705,8.32,10.6,-5.2616,-24.33,-39.54,-62.57,-44.95,0.0,13.25,4,14.7,7.11,-45.92,0.0,,8,,20260825
FMCCS,Federal Home Loan Mortgage Corporation,Financial Services,Mortgage Finance,OQB,12.35,996,39783425740,0.1411,12.88,16.26,-3.7552,-22.63,-40.68,-62.43,-44.86,0.0,14.5,4,25.19,11.79,-50.97,0.0,,8,,20260825
SMR,NuScale Power Corporation,Industrials,Specialty Industrial Machinery,NYSE,9.81,32992752,4025921536,0.6958,9.29,13.69,0.7474,-22.03,-38.98,-92.01,-55.95,0.0,37.5,3,57.42,7.21,-82.92,0.0,,8,,20260825
PHI,PLDT Inc.,Communication Services,Telecom Services,NYSE,19.54,185914,4221730048,0.3618,18.95,20.36,1.6245,2.19,-28.3,-32.0,-22.16,0.0,69.5,3,24.51,17.05,-20.28,0.0,,8,,20260825
FHI,"Federated Hermes, Inc.",Financial Services,Asset Management,NYSE,65.39,624255,4882035712,1.5379,59.9,55.11,3.5687,15.34,7.56,5.42,8.65,0.0,88.75,2,67.2,46.66,-2.69,0.0,,8,,20260825
LOPE,"Grand Canyon Education, Inc.",Consumer Defensive,Education & Training Services,NASDAQ,149.08,344796,3885775616,5.1714,146.15,159.81,0.5661,-5.92,-16.96,-46.71,-26.1,0.0,49.5,3,223.04,134.27,-33.16,0.0,,8,,20260825
ATHOF,Athabasca Oil Corporation,Energy,Oil & Gas E&P,PNK,7.58,352266,3648253952,0.2513,7.5,6.87,0.3303,-10.98,6.23,51.1,19.88,0.0,61.25,2,10.68,4.31,-29.03,0.0,,8,,20260825
AMMHF,AMMB Holdings Berhad,Financial Services,Banks - Regional,PNK,1.25,0,3976176384,0.0007,1.25,1.24,6.9075,19.19,-27.52,-27.48,-15.83,0.0,75.0,2,1.8,1.2,-30.28,0.0,,8,,20260825
STNG,Scorpio Tankers Inc.,Energy,Oil & Gas Midstream,NYSE,77.2,798552,3866280192,2.2975,76.79,69.68,0.1776,-5.09,-4.95,40.42,13.16,0.0,85.0,2,87.39,48.01,-11.66,0.0,,8,,20260825
LIMAF,Linamar Corporation,Consumer Cyclical,Auto Parts,PNK,70.76,8533,4173694464,1.5062,73.03,65.65,-1.5061,-4.19,-8.28,14.96,2.04,0.0,64.5,3,80.02,50.04,-11.57,0.0,,8,,20260825
NAMS,NewAmsterdam Pharma Company N.V.,Healthcare,Biotechnology,NASDAQ,27.34,1134514,3268146176,1.3385,30.45,33.05,-2.3231,-26.59,-36.1,-10.64,-23.54,0.0,8.75,4,42.2,23.05,-35.22,0.0,,8,,20260825
PLNT,"Planet Fitness, Inc.",Consumer Cyclical,Leisure,NYSE,52.54,1953292,3985118208,1.9471,52.59,75.89,-0.0249,-2.36,-48.42,-71.15,-46.0,0.0,48.25,4,114.26,37.03,-54.02,0.0,,8,,20260825
INSW,"International Seaways, Inc.",Energy,Oil & Gas Midstream,NYSE,99.05,551839,4906076672,3.1767,89.67,68.67,2.952,24.42,42.86,129.77,73.02,0.0,86.25,2,102.36,42.26,-3.23,0.0,,8,,20260825
BRC,Brady Corporation,Industrials,Security & Protection Services,NYSE,93.62,276806,4410699776,2.414,92.15,85.07,0.6077,4.64,-10.77,3.84,-1.07,0.0,87.5,2,99.29,70.57,-5.71,0.0,,8,,20260825
TVTX,"Travere Therapeutics, Inc.",Healthcare,Biotechnology,NASDAQ,67.01,1859863,6231454720,2.4983,58.52,41.14,3.3974,48.99,104.98,253.94,150.57,0.0,90.0,2,67.34,17.05,-0.49,0.0,,8,,20260825
PSUS,"Pershing Square USA, Ltd.",Financial Services,Asset Management,NYSE,39.37,454244,0,0.8014,38.16,39.37,1.5039,-4.85,-11.65,-11.65,-9.95,0.0,58.75,3,44.0,35.71,-10.52,0.0,,8,,20260825
BDC,Belden Inc.,Technology,Communication Equipment,NYSE,116.96,543511,4570585088,4.862,117.26,119.42,-0.0609,4.95,-32.93,-30.66,-22.55,0.0,60.25,3,159.99,98.0,-26.9,0.0,,8,,20260825
AZZ,AZZ Inc.,Industrials,Specialty Business Services,NYSE,138.51,300684,4162433024,4.8358,149.33,131.03,-2.237,-4.25,-9.0,-0.13,-4.27,0.0,60.0,3,162.2,92.98,-14.61,0.0,,8,,20260825
ACDVF,Air Canada,Industrials,Airlines,OQX,20.78,206734,5821891072,1.0325,18.15,15.0,2.5449,32.63,28.38,25.31,28.22,0.0,92.5,2,22.52,12.03,-7.74,0.0,,8,,20260825
APEMY,Aperam S.A.,Basic Materials,Steel,PNK,51.35,228,3766667520,0.9115,53.12,46.51,-1.9397,-8.25,-9.8,50.38,14.66,0.0,42.0,3,61.65,30.0,-16.71,0.0,,8,,20260825
EE,"Excelerate Energy, Inc.",Energy,Oil & Gas Midstream,NYSE,39.65,357415,4496393728,1.4206,37.62,34.11,1.43,7.98,-17.95,43.36,13.05,0.0,91.25,2,43.17,22.86,-8.16,0.0,,8,,20260825
CLSK,"CleanSpark, Inc.",Financial Services,Capital Markets,NCM,12.75,22600234,3274417664,1.1686,13.84,12.58,-0.9336,-27.87,11.17,9.83,0.87,0.0,35.0,3,23.61,8.0,-46.0,0.0,,8,,20260825
FULTP,Fulton Financial Corporation,Financial Services,Banks - Regional,NASDAQ,17.82,14428,0,0.2552,17.89,18.13,-0.2664,-5.57,-14.13,-23.89,-15.9,0.0,35.25,4,20.83,17.21,-14.45,0.0,,8,,20260825
FULT,Fulton Financial Corporation,Financial Services,Banks - Regional,NASDAQ,23.66,1899931,4517038592,0.4328,24.1,21.14,-1.0215,7.24,1.69,4.96,4.39,0.0,70.75,3,25.23,16.6,-6.22,0.0,,8,,20260825
KNF,Knife River Corporation,Basic Materials,Building Materials,NYSE,65.8,642200,3734403840,3.1607,77.02,78.56,-3.5495,-14.35,-38.04,-48.36,-36.24,0.0,11.25,4,96.28,58.72,-31.66,0.0,,8,,20260825
FNNTF,flatexDEGIRO SE,Financial Services,Capital Markets,PNK,43.25,3,4627676672,0.0363,41.72,37.93,42.1645,14.55,-7.99,15.22,6.93,0.0,75.0,2,43.25,31.25,0.0,0.0,,8,,20260825
PVH,PVH Corp.,Consumer Cyclical,Apparel Manufacturing,NYSE,74.52,1074723,3435974912,3.162,79.82,76.66,-1.6754,-23.35,-4.0,-26.53,-17.85,0.0,20.75,4,100.75,59.6,-26.03,0.0,,8,,20260825
KNSA,"Kiniksa Pharmaceuticals International, plc",Healthcare,Drug Manufacturers - Specialty & Generic,NASDAQ,80.2,749639,6170428416,2.7754,68.15,51.32,4.3421,49.42,72.35,117.63,84.73,0.0,87.5,2,82.94,32.89,-3.3,0.0,,8,,20260825
CRK,"Comstock Resources, Inc.",Energy,Oil & Gas E&P,NYSE,14.17,2451095,4160603136,0.5747,13.59,18.44,1.011,5.21,-34.55,-27.75,-21.89,0.0,66.25,3,28.1,12.12,-49.57,0.0,,8,,20260825
LBTYA,Liberty Global Ltd.,Communication Services,Telecom Services,NASDAQ,10.79,2186868,3680334592,0.298,10.75,11.42,0.1396,-13.57,-27.99,-27.62,-24.24,0.0,54.5,3,13.52,9.43,-20.19,0.0,,8,,20260825
LBTYB,Liberty Global Ltd.,Communication Services,Telecom Services,NASDAQ,13.4,3239,4570573312,0.6694,12.53,12.79,1.2952,-8.4,-7.58,-5.47,-6.94,0.0,60.0,3,29.01,10.2,-53.81,0.0,,8,,20260825
LBTYK,Liberty Global Ltd.,Communication Services,Telecom Services,NASDAQ,10.51,1326141,3584830208,0.291,10.43,11.19,0.2845,-13.08,-27.26,-30.94,-25.19,0.0,50.75,3,13.12,9.3,-19.89,0.0,,8,,20260825
RITPF,RIT Capital Partners Plc,Financial Services,Asset Management,PNK,36.34,169,4423635968,0.1743,33.2,30.62,18.0158,12.71,7.85,12.64,10.98,0.0,75.0,2,36.34,26.25,0.0,0.0,,8,,20260825
HKMPF,Hikma Pharmaceuticals PLC,Healthcare,Drug Manufacturers - Specialty & Generic,PNK,22.19,187,3947792896,0.0767,20.88,19.64,16.9947,13.51,-7.6,-27.78,-10.4,0.0,75.0,2,25.34,16.34,-12.44,0.0,,8,,20260825
JGCCY,JGC Holdings Corporation,Industrials,Engineering & Construction,PNK,26.57,74,3627508224,0.2177,29.53,27.41,-13.615,-24.51,-26.77,25.18,-5.43,0.0,13.25,4,34.95,18.12,-23.98,0.0,,8,,20260825
ITVPY,ITV plc,Communication Services,Broadcasting,PNK,9.87,15736,3567062528,0.3438,10.2,10.4,-0.9634,-14.37,-16.18,-24.81,-19.18,0.0,37.75,4,11.98,8.67,-17.61,0.0,,8,,20260825
GTMEF,"Globe Telecom, Inc.",Communication Services,Telecom Services,PNK,28.2,0,4078610432,0.0279,27.84,36.88,12.8366,-1.19,-44.27,-53.25,-37.09,0.0,25.0,3,41.95,28.2,-32.78,0.0,,8,,20260825
SKT,Tanger Inc.,Real Estate,REIT - Retail,NYSE,38.45,1034187,4596264960,0.7157,39.74,35.64,-1.8087,5.53,-2.13,-1.23,0.15,0.0,68.25,3,42.53,31.13,-9.59,0.0,,8,,20260825
DNP,DNP Select Income Fund Inc.,Financial Services,Asset Management,NYSE,10.98,645282,4159252736,0.1128,10.85,10.2,1.154,0.35,-4.47,-0.07,-1.5,0.0,88.75,2,11.16,9.69,-1.61,0.0,,8,,20260825
PSKRF,Protector Forsikring ASA,Financial Services,Insurance - Specialty,PNK,53.0,11,4115741184,0.2314,48.02,40.9,21.5233,11.46,14.72,778.82,319.55,0.0,75.0,2,53.4,11.5,-0.75,0.0,,8,,20260825
IRT,"Independence Realty Trust, Inc.",Real Estate,REIT - Residential,NYSE,16.69,2914147,4033244160,0.3683,16.67,16.25,0.0478,-0.91,-9.96,-21.53,-12.33,0.0,88.75,2,18.18,14.6,-8.2,0.0,,8,,20260825
CAAP,Corporación América Airports S.A.,Industrials,Airports & Air Services,NYSE,24.82,206715,4054878720,0.8776,25.29,25.79,-0.5383,-5.12,-25.78,-5.41,-12.47,0.0,34.0,4,30.5,17.36,-18.62,0.0,,8,,20260825
TREX,"Trex Company, Inc.",Industrials,Building Products & Equipment,NYSE,46.84,2011525,4866616320,1.8836,46.69,40.62,0.0805,13.58,0.98,-47.59,-15.3,0.0,86.25,2,66.06,29.77,-29.09,0.0,,8,,20260825
TNL,Travel + Leisure Co.,Consumer Cyclical,Travel Services,NYSE,73.67,799907,4514651136,2.0034,75.03,70.49,-0.6767,9.04,-12.12,1.9,-1.22,0.0,73.25,3,81.0,58.07,-9.05,0.0,,8,,20260825
SRAD,Sportradar Group AG,Technology,Software - Application,NASDAQ,12.91,2617633,3820735744,0.6076,14.34,17.24,-2.3481,-2.92,-39.29,-79.19,-46.16,0.0,13.75,4,32.01,11.55,-59.67,0.0,,8,,20260825
LIVN,LivaNova PLC,Healthcare,Medical Devices,NASDAQ,79.41,714607,4374975488,2.5313,80.46,68.68,-0.4148,2.99,2.98,22.05,10.61,0.0,75.75,3,85.76,48.82,-7.4,0.0,,8,,20260825
MMYT,MakeMyTrip Limited,Consumer Cyclical,Travel Services,NASDAQ,60.43,941307,5683964928,2.4549,55.86,57.8,1.863,40.49,-4.72,-61.45,-16.11,0.0,88.75,3,103.56,32.67,-41.65,0.0,,8,,20260825
THO,"THOR Industries, Inc.",Consumer Cyclical,Recreational Vehicles,NYSE,79.48,725004,4137520128,2.5312,76.5,88.59,1.1779,0.03,-37.77,-47.14,-32.07,0.0,61.25,3,122.83,69.71,-35.29,0.0,,8,,20260825
DOO,BRP Inc.,Consumer Cyclical,Recreational Vehicles,NASDAQ,61.57,241177,4515939840,2.3433,61.85,66.14,-0.1185,6.08,-33.2,-13.51,-15.5,0.0,59.0,4,81.89,48.83,-24.81,0.0,,8,,20260825
NCTKF,Nabtesco Corporation,Industrials,Specialty Industrial Machinery,PNK,29.0,63,3311634688,0.2445,31.17,27.96,-8.8623,-18.82,-8.2,61.97,17.21,0.0,26.25,3,37.0,15.81,-21.62,0.0,,8,,20260825
MNDY,monday.com Ltd.,Technology,Software - Application,NASDAQ,93.23,1577695,3941216256,5.6506,82.2,97.75,1.9519,19.04,11.72,-67.59,-18.17,0.0,80.75,3,220.8,57.5,-57.78,0.0,,8,,20260825
PJT,PJT Partners Inc.,Financial Services,Capital Markets,NYSE,174.61,450812,7437897728,5.9363,165.1,160.4,1.6025,12.26,4.71,-22.79,-4.4,0.0,87.5,2,195.62,127.73,-10.74,0.0,,8,,20260825
NCTKY,Nabtesco Corporation,Industrials,Specialty Industrial Machinery,PNK,15.06,2954,3740849664,1.0248,15.84,14.63,-0.7603,-17.98,-20.19,-1.79,-12.28,0.0,50.75,3,19.46,8.44,-22.61,0.0,,8,,20260825
BCHHF,Bucher Industries AG,Industrials,Specialty Industrial Machinery,PNK,379.66,0,4671190528,0.1932,386.41,429.16,-34.94,-6.54,-24.94,-43.07,-27.59,0.0,12.0,4,495.77,379.66,-23.42,0.0,,8,,20260825
AGLNF,AGL Energy Limited,Utilities,Utilities - Independent Power Producers,PNK,5.95,674,3733747456,0.0227,5.82,6.21,5.7776,-3.49,-29.49,-12.24,-16.09,0.0,37.0,3,7.17,5.21,-17.02,0.0,,8,,20260825
TSLTF,TransAlta Corporation,Utilities,Utilities - Independent Power Producers,PNK,18.83,12,0,0.0015,18.82,17.69,9.6275,-0.23,-13.98,2.98,-3.75,0.0,75.0,2,20.0,16.68,-5.83,0.0,,8,,20260825
TORXF,Torex Gold Resources Inc.,Basic Materials,Gold,OQX,52.29,46238,4841771520,1.928,41.74,45.65,5.4732,15.76,-13.95,50.72,19.35,0.0,92.5,3,62.56,30.33,-16.42,0.0,,8,,20260825
